PLATFORM_CODE,DATE (YYYY-MM-DDTHH:MI:SSZ),DATE_QC,LATITUDE (degree_north),LONGITUDE (degree_east),POSITION_QC,PRES (decibar),PRES_QC,PSAL (psu),PSAL_QC,TEMP (degree_Celsius),TEMP_QC,PRES_ADJUSTED (decibar),PRES_ADJUSTED_QC,TEMP_ADJUSTED (degree_Celsius),TEMP_ADJUSTED_QC,PSAL_ADJUSTED (psu),PSAL_ADJUSTED_QC
5905621,2025-12-10T05:43:20Z,1,-39.72655,134.88701,1,1.3,1,35.027,1,14.781,1,1.3,1,14.781,1,35.027,1
5905621,2025-12-10T05:43:20Z,1,-39.72655,134.88701,1,3.1,1,35.156,1,14.483,1,3.1,1,14.483,1,35.156,1
5905621,2025-12-10T05:43:20Z,1,-39.72655,134.88701,1,4.8,1,35.294,1,14.302,1,4.8,1,14.302,1,35.294,1
5905621,2025-12-10T05:43:20Z,1,-39.72655,134.88701,1,6.0,1,35.301,1,14.203,1,6.0,1,14.203,1,35.301,1
5905621,2025-12-10T05:43:20Z,1,-39.72655,134.88701,1,7.2,1,35.302,1,14.166,1,7.2,1,14.166,1,35.302,1
5905621,2025-12-10T05:43:20Z,1,-39.72655,134.88701,1,9.3,1,35.299,1,14.06,1,9.3,1,14.06,1,35.299,1
5905621,2025-12-10T05:43:20Z,1,-39.72655,134.88701,1,11.4,1,35.299,1,14.033,1,11.4,1,14.033,1,35.299,1
5905621,2025-12-10T05:43:20Z,1,-39.72655,134.88701,1,13.2,1,35.302,1,14.015,1,13.2,1,14.015,1,35.302,1
5905621,2025-12-10T05:43:20Z,1,-39.72655,134.88701,1,15.5,1,35.304,1,13.998,1,15.5,1,13.998,1,35.304,1
5905621,2025-12-10T05:43:20Z,1,-39.72655,134.88701,1,17.8,1,35.307,1,13.981,1,17.8,1,13.981,1,35.307,1
5905621,2025-12-10T05:43:20Z,1,-39.72655,134.88701,1,19.8,1,35.31,1,13.974,1,19.8,1,13.974,1,35.31,1
5905621,2025-12-10T05:43:20Z,1,-39.72655,134.88701,1,21.7,1,35.312,1,13.967,1,21.7,1,13.967,1,35.312,1
5905621,2025-12-10T05:43:20Z,1,-39.72655,134.88701,1,23.7,1,35.313,1,13.964,1,23.7,1,13.964,1,35.313,1
5905621,2025-12-10T05:43:20Z,1,-39.72655,134.88701,1,25.7,1,35.314,1,13.962,1,25.7,1,13.962,1,35.314,1
5905621,2025-12-10T05:43:20Z,1,-39.72655,134.88701,1,27.6,1,35.315,1,13.959,1,27.6,1,13.959,1,35.315,1
5905621,2025-12-10T05:43:20Z,1,-39.72655,134.88701,1,29.6,1,35.318,1,13.952,1,29.6,1,13.952,1,35.318,1
5905621,2025-12-10T05:43:20Z,1,-39.72655,134.88701,1,31.5,1,35.318,1,13.951,1,31.5,1,13.951,1,35.318,1
5905621,2025-12-10T05:43:20Z,1,-39.72655,134.88701,1,33.5,1,35.32,1,13.947,1,33.5,1,13.947,1,35.32,1
5905621,2025-12-10T05:43:20Z,1,-39.72655,134.88701,1,35.5,1,35.322,1,13.945,1,35.5,1,13.945,1,35.322,1
5905621,2025-12-10T05:43:20Z,1,-39.72655,134.88701,1,37.5,1,35.322,1,13.946,1,37.5,1,13.946,1,35.322,1
5905621,2025-12-10T05:43:20Z,1,-39.72655,134.88701,1,39.5,1,35.322,1,13.945,1,39.5,1,13.945,1,35.322,1
5905621,2025-12-10T05:43:20Z,1,-39.72655,134.88701,1,41.5,1,35.322,1,13.944,1,41.5,1,13.944,1,35.322,1
5905621,2025-12-10T05:43:20Z,1,-39.72655,134.88701,1,43.6,1,35.324,1,13.938,1,43.6,1,13.938,1,35.324,1
5905621,2025-12-10T05:43:20Z,1,-39.72655,134.88701,1,45.6,1,35.325,1,13.937,1,45.6,1,13.937,1,35.325,1
5905621,2025-12-10T05:43:20Z,1,-39.72655,134.88701,1,47.7,1,35.327,1,13.929,1,47.7,1,13.929,1,35.327,1
5905621,2025-12-10T05:43:20Z,1,-39.72655,134.88701,1,49.8,1,35.326,1,13.923,1,49.8,1,13.923,1,35.326,1
5905621,2025-12-10T05:43:20Z,1,-39.72655,134.88701,1,51.9,1,35.327,1,13.923,1,51.9,1,13.923,1,35.327,1
5905621,2025-12-10T05:43:20Z,1,-39.72655,134.88701,1,53.5,1,35.327,1,13.919,1,53.5,1,13.919,1,35.327,1
5905621,2025-12-10T05:43:20Z,1,-39.72655,134.88701,1,55.0,1,35.327,1,13.916,1,55.0,1,13.916,1,35.327,1
5905621,2025-12-10T05:43:20Z,1,-39.72655,134.88701,1,57.1,1,35.328,1,13.913,1,57.1,1,13.913,1,35.328,1
5905621,2025-12-10T05:43:20Z,1,-39.72655,134.88701,1,59.3,1,35.33,1,13.908,1,59.3,1,13.908,1,35.33,1
5905621,2025-12-10T05:43:20Z,1,-39.72655,134.88701,1,61.4,1,35.331,1,13.908,1,61.4,1,13.908,1,35.331,1
5905621,2025-12-10T05:43:20Z,1,-39.72655,134.88701,1,63.6,1,35.337,1,13.922,1,63.6,1,13.922,1,35.337,1
5905621,2025-12-10T05:43:20Z,1,-39.72655,134.88701,1,65.7,1,35.342,1,13.932,1,65.7,1,13.932,1,35.342,1
5905621,2025-12-10T05:43:20Z,1,-39.72655,134.88701,1,67.8,1,35.342,1,13.92,1,67.8,1,13.92,1,35.342,1
5905621,2025-12-10T05:43:20Z,1,-39.72655,134.88701,1,69.5,1,35.347,1,13.888,1,69.5,1,13.888,1,35.347,1
5905621,2025-12-10T05:43:20Z,1,-39.72655,134.88701,1,71.1,1,35.337,1,13.877,1,71.1,1,13.877,1,35.337,1
5905621,2025-12-10T05:43:20Z,1,-39.72655,134.88701,1,73.3,1,35.344,1,13.849,1,73.3,1,13.849,1,35.344,1
5905621,2025-12-10T05:43:20Z,1,-39.72655,134.88701,1,75.4,1,35.36,1,13.807,1,75.4,1,13.807,1,35.36,1
5905621,2025-12-10T05:43:20Z,1,-39.72655,134.88701,1,77.6,1,35.369,1,13.742,1,77.6,1,13.742,1,35.369,1
5905621,2025-12-10T05:43:20Z,1,-39.72655,134.88701,1,79.8,1,35.379,1,13.695,1,79.8,1,13.695,1,35.379,1
5905621,2025-12-10T05:43:20Z,1,-39.72655,134.88701,1,81.6,1,35.392,1,13.63,1,81.6,1,13.63,1,35.392,1
5905621,2025-12-10T05:43:20Z,1,-39.72655,134.88701,1,83.3,1,35.395,1,13.624,1,83.3,1,13.624,1,35.395,1
5905621,2025-12-10T05:43:20Z,1,-39.72655,134.88701,1,85.6,1,35.397,1,13.61,1,85.6,1,13.61,1,35.397,1
5905621,2025-12-10T05:43:20Z,1,-39.72655,134.88701,1,87.3,1,35.401,1,13.607,1,87.3,1,13.607,1,35.401,1
5905621,2025-12-10T05:43:20Z,1,-39.72655,134.88701,1,89.0,1,35.391,1,13.516,1,89.0,1,13.516,1,35.391,1
5905621,2025-12-10T05:43:20Z,1,-39.72655,134.88701,1,91.3,1,35.378,1,13.495,1,91.3,1,13.495,1,35.378,1
5905621,2025-12-10T05:43:20Z,1,-39.72655,134.88701,1,93.5,1,35.378,1,13.484,1,93.5,1,13.484,1,35.378,1
5905621,2025-12-10T05:43:20Z,1,-39.72655,134.88701,1,95.8,1,35.36,1,13.393,1,95.8,1,13.393,1,35.36,1
5905621,2025-12-10T05:43:20Z,1,-39.72655,134.88701,1,97.5,1,35.36,1,13.39,1,97.5,1,13.39,1,35.36,1
5905621,2025-12-10T05:43:20Z,1,-39.72655,134.88701,1,99.1,1,35.36,1,13.387,1,99.1,1,13.387,1,35.36,1
5905621,2025-12-10T05:43:20Z,1,-39.72655,134.88701,1,101.3,1,35.357,1,13.385,1,101.3,1,13.385,1,35.357,1
5905621,2025-12-10T05:43:20Z,1,-39.72655,134.88701,1,103.4,1,35.348,1,13.316,1,103.4,1,13.316,1,35.348,1
5905621,2025-12-10T05:43:20Z,1,-39.72655,134.88701,1,105.6,1,35.324,1,13.222,1,105.6,1,13.222,1,35.324,1
5905621,2025-12-10T05:43:20Z,1,-39.72655,134.88701,1,107.8,1,35.322,1,13.207,1,107.8,1,13.207,1,35.322,1
5905621,2025-12-10T05:43:20Z,1,-39.72655,134.88701,1,109.5,1,35.318,1,13.204,1,109.5,1,13.204,1,35.318,1
5905621,2025-12-10T05:43:20Z,1,-39.72655,134.88701,1,111.1,1,35.31,1,13.161,1,111.1,1,13.161,1,35.31,1
5905621,2025-12-10T05:43:20Z,1,-39.72655,134.88701,1,113.2,1,35.306,1,13.144,1,113.2,1,13.144,1,35.306,1
5905621,2025-12-10T05:43:20Z,1,-39.72655,134.88701,1,115.4,1,35.304,1,13.143,1,115.4,1,13.143,1,35.304,1
5905621,2025-12-10T05:43:20Z,1,-39.72655,134.88701,1,117.6,1,35.304,1,13.138,1,117.6,1,13.138,1,35.304,1
5905621,2025-12-10T05:43:20Z,1,-39.72655,134.88701,1,119.7,1,35.301,1,13.115,1,119.7,1,13.115,1,35.301,1
5905621,2025-12-10T05:43:20Z,1,-39.72655,134.88701,1,121.9,1,35.298,1,13.097,1,121.9,1,13.097,1,35.298,1
5905621,2025-12-10T05:43:20Z,1,-39.72655,134.88701,1,123.5,1,35.299,1,13.1,1,123.5,1,13.1,1,35.299,1
5905621,2025-12-10T05:43:20Z,1,-39.72655,134.88701,1,125.1,1,35.301,1,13.1,1,125.1,1,13.1,1,35.301,1
5905621,2025-12-10T05:43:20Z,1,-39.72655,134.88701,1,127.3,1,35.32,1,13.18,1,127.3,1,13.18,1,35.32,1
5905621,2025-12-10T05:43:20Z,1,-39.72655,134.88701,1,129.4,1,35.342,1,13.249,1,129.4,1,13.249,1,35.342,1
5905621,2025-12-10T05:43:20Z,1,-39.72655,134.88701,1,131.6,1,35.344,1,13.255,1,131.6,1,13.255,1,35.344,1
5905621,2025-12-10T05:43:20Z,1,-39.72655,134.88701,1,133.7,1,35.343,1,13.251,1,133.7,1,13.251,1,35.343,1
5905621,2025-12-10T05:43:20Z,1,-39.72655,134.88701,1,135.9,1,35.343,1,13.245,1,135.9,1,13.245,1,35.343,1
5905621,2025-12-10T05:43:20Z,1,-39.72655,134.88701,1,137.5,1,35.346,1,13.248,1,137.5,1,13.248,1,35.346,1
5905621,2025-12-10T05:43:20Z,1,-39.72655,134.88701,1,139.0,1,35.361,1,13.303,1,139.0,1,13.303,1,35.361,1
5905621,2025-12-10T05:43:20Z,1,-39.72655,134.88701,1,141.2,1,35.363,1,13.311,1,141.2,1,13.311,1,35.363,1
5905621,2025-12-10T05:43:20Z,1,-39.72655,134.88701,1,143.4,1,35.362,1,13.306,1,143.4,1,13.306,1,35.362,1
5905621,2025-12-10T05:43:20Z,1,-39.72655,134.88701,1,145.5,1,35.355,1,13.275,1,145.5,1,13.275,1,35.355,1
5905621,2025-12-10T05:43:20Z,1,-39.72655,134.88701,1,147.7,1,35.353,1,13.263,1,147.7,1,13.263,1,35.353,1
5905621,2025-12-10T05:43:20Z,1,-39.72655,134.88701,1,149.9,1,35.369,1,13.323,1,149.9,1,13.323,1,35.369,1
5905621,2025-12-10T05:43:20Z,1,-39.72655,134.88701,1,151.5,1,35.372,1,13.302,1,151.5,1,13.302,1,35.372,1
5905621,2025-12-10T05:43:20Z,1,-39.72655,134.88701,1,153.1,1,35.362,1,13.282,1,153.1,1,13.282,1,35.362,1
5905621,2025-12-10T05:43:20Z,1,-39.72655,134.88701,1,155.2,1,35.355,1,13.231,1,155.2,1,13.231,1,35.355,1
5905621,2025-12-10T05:43:20Z,1,-39.72655,134.88701,1,157.4,1,35.354,1,13.225,1,157.4,1,13.225,1,35.354,1
5905621,2025-12-10T05:43:20Z,1,-39.72655,134.88701,1,159.7,1,35.353,1,13.221,1,159.7,1,13.221,1,35.353,1
5905621,2025-12-10T05:43:20Z,1,-39.72655,134.88701,1,161.9,1,35.353,1,13.221,1,161.9,1,13.221,1,35.353,1
5905621,2025-12-10T05:43:20Z,1,-39.72655,134.88701,1,163.5,1,35.353,1,13.222,1,163.5,1,13.222,1,35.353,1
5905621,2025-12-10T05:43:20Z,1,-39.72655,134.88701,1,165.1,1,35.354,1,13.225,1,165.1,1,13.225,1,35.354,1
5905621,2025-12-10T05:43:20Z,1,-39.72655,134.88701,1,167.2,1,35.362,1,13.248,1,167.2,1,13.248,1,35.362,1
5905621,2025-12-10T05:43:20Z,1,-39.72655,134.88701,1,169.3,1,35.372,1,13.296,1,169.3,1,13.296,1,35.372,1
5905621,2025-12-10T05:43:20Z,1,-39.72655,134.88701,1,171.4,1,35.379,1,13.298,1,171.4,1,13.298,1,35.379,1
5905621,2025-12-10T05:43:20Z,1,-39.72655,134.88701,1,173.4,1,35.383,1,13.311,1,173.4,1,13.311,1,35.383,1
5905621,2025-12-10T05:43:20Z,1,-39.72655,134.88701,1,175.4,1,35.394,1,13.352,1,175.4,1,13.352,1,35.394,1
5905621,2025-12-10T05:43:20Z,1,-39.72655,134.88701,1,177.4,1,35.394,1,13.35,1,177.4,1,13.35,1,35.394,1
5905621,2025-12-10T05:43:20Z,1,-39.72655,134.88701,1,179.4,1,35.394,1,13.351,1,179.4,1,13.351,1,35.394,1
5905621,2025-12-10T05:43:20Z,1,-39.72655,134.88701,1,181.4,1,35.392,1,13.338,1,181.4,1,13.338,1,35.392,1
5905621,2025-12-10T05:43:20Z,1,-39.72655,134.88701,1,183.5,1,35.391,1,13.327,1,183.5,1,13.327,1,35.391,1
5905621,2025-12-10T05:43:20Z,1,-39.72655,134.88701,1,185.5,1,35.39,1,13.326,1,185.5,1,13.326,1,35.39,1
5905621,2025-12-10T05:43:20Z,1,-39.72655,134.88701,1,187.5,1,35.389,1,13.326,1,187.5,1,13.326,1,35.389,1
5905621,2025-12-10T05:43:20Z,1,-39.72655,134.88701,1,189.6,1,35.39,1,13.326,1,189.6,1,13.326,1,35.39,1
5905621,2025-12-10T05:43:20Z,1,-39.72655,134.88701,1,191.2,1,35.39,1,13.327,1,191.2,1,13.327,1,35.39,1
5905621,2025-12-10T05:43:20Z,1,-39.72655,134.88701,1,193.3,1,35.389,1,13.327,1,193.3,1,13.327,1,35.389,1
5905621,2025-12-10T05:43:20Z,1,-39.72655,134.88701,1,195.4,1,35.39,1,13.328,1,195.4,1,13.328,1,35.39,1
5905621,2025-12-10T05:43:20Z,1,-39.72655,134.88701,1,197.4,1,35.389,1,13.328,1,197.4,1,13.328,1,35.389,1
5905621,2025-12-10T05:43:20Z,1,-39.72655,134.88701,1,199.5,1,35.383,1,13.309,1,199.5,1,13.309,1,35.383,1
5905621,2025-12-10T05:43:20Z,1,-39.72655,134.88701,1,201.6,1,35.366,1,13.218,1,201.6,1,13.218,1,35.366,1
5905621,2025-12-10T05:43:20Z,1,-39.72655,134.88701,1,203.7,1,35.363,1,13.2,1,203.7,1,13.2,1,35.363,1
5905621,2025-12-10T05:43:20Z,1,-39.72655,134.88701,1,205.4,1,35.364,1,13.191,1,205.4,1,13.191,1,35.364,1
5905621,2025-12-10T05:43:20Z,1,-39.72655,134.88701,1,207.4,1,35.362,1,13.175,1,207.4,1,13.175,1,35.362,1
5905621,2025-12-10T05:43:20Z,1,-39.72655,134.88701,1,209.5,1,35.361,1,13.17,1,209.5,1,13.17,1,35.361,1
5905621,2025-12-10T05:43:20Z,1,-39.72655,134.88701,1,211.5,1,35.355,1,13.139,1,211.5,1,13.139,1,35.355,1
5905621,2025-12-10T05:43:20Z,1,-39.72655,134.88701,1,213.6,1,35.341,1,13.077,1,213.6,1,13.077,1,35.341,1
5905621,2025-12-10T05:43:20Z,1,-39.72655,134.88701,1,215.3,1,35.329,1,13.026,1,215.3,1,13.026,1,35.329,1
5905621,2025-12-10T05:43:20Z,1,-39.72655,134.88701,1,217.3,1,35.316,1,12.969,1,217.3,1,12.969,1,35.316,1
5905621,2025-12-10T05:43:20Z,1,-39.72655,134.88701,1,219.4,1,35.311,1,12.921,1,219.4,1,12.921,1,35.311,1
5905621,2025-12-10T05:43:20Z,1,-39.72655,134.88701,1,221.5,1,35.294,1,12.875,1,221.5,1,12.875,1,35.294,1
5905621,2025-12-10T05:43:20Z,1,-39.72655,134.88701,1,223.7,1,35.282,1,12.813,1,223.7,1,12.813,1,35.282,1
5905621,2025-12-10T05:43:20Z,1,-39.72655,134.88701,1,225.4,1,35.282,1,12.812,1,225.4,1,12.812,1,35.282,1
5905621,2025-12-10T05:43:20Z,1,-39.72655,134.88701,1,227.5,1,35.282,1,12.811,1,227.5,1,12.811,1,35.282,1
5905621,2025-12-10T05:43:20Z,1,-39.72655,134.88701,1,229.7,1,35.282,1,12.809,1,229.7,1,12.809,1,35.282,1
5905621,2025-12-10T05:43:20Z,1,-39.72655,134.88701,1,231.4,1,35.282,1,12.801,1,231.4,1,12.801,1,35.282,1
5905621,2025-12-10T05:43:20Z,1,-39.72655,134.88701,1,233.5,1,35.273,1,12.793,1,233.5,1,12.793,1,35.273,1
5905621,2025-12-10T05:43:20Z,1,-39.72655,134.88701,1,235.6,1,35.269,1,12.779,1,235.6,1,12.779,1,35.269,1
5905621,2025-12-10T05:43:20Z,1,-39.72655,134.88701,1,237.3,1,35.242,1,12.63,1,237.3,1,12.63,1,35.242,1
5905621,2025-12-10T05:43:20Z,1,-39.72655,134.88701,1,239.4,1,35.244,1,12.63,1,239.4,1,12.63,1,35.244,1
5905621,2025-12-10T05:43:20Z,1,-39.72655,134.88701,1,241.5,1,35.243,1,12.63,1,241.5,1,12.63,1,35.243,1
5905621,2025-12-10T05:43:20Z,1,-39.72655,134.88701,1,243.2,1,35.243,1,12.631,1,243.2,1,12.631,1,35.243,1
5905621,2025-12-10T05:43:20Z,1,-39.72655,134.88701,1,245.3,1,35.246,1,12.621,1,245.3,1,12.621,1,35.246,1
5905621,2025-12-10T05:43:20Z,1,-39.72655,134.88701,1,247.5,1,35.226,1,12.568,1,247.5,1,12.568,1,35.226,1
5905621,2025-12-10T05:43:20Z,1,-39.72655,134.88701,1,249.2,1,35.223,1,12.523,1,249.2,1,12.523,1,35.223,1
5905621,2025-12-10T05:43:20Z,1,-39.72655,134.88701,1,251.4,1,35.209,1,12.479,1,251.4,1,12.479,1,35.209,1
5905621,2025-12-10T05:43:20Z,1,-39.72655,134.88701,1,253.5,1,35.206,1,12.46,1,253.5,1,12.46,1,35.206,1
5905621,2025-12-10T05:43:20Z,1,-39.72655,134.88701,1,255.2,1,35.202,1,12.427,1,255.2,1,12.427,1,35.202,1
5905621,2025-12-10T05:43:20Z,1,-39.72655,134.88701,1,257.3,1,35.193,1,12.384,1,257.3,1,12.384,1,35.193,1
5905621,2025-12-10T05:43:20Z,1,-39.72655,134.88701,1,259.5,1,35.191,1,12.367,1,259.5,1,12.367,1,35.191,1
5905621,2025-12-10T05:43:20Z,1,-39.72655,134.88701,1,261.2,1,35.181,1,12.332,1,261.2,1,12.332,1,35.181,1
5905621,2025-12-10T05:43:20Z,1,-39.72655,134.88701,1,263.4,1,35.181,1,12.33,1,263.4,1,12.33,1,35.181,1
5905621,2025-12-10T05:43:20Z,1,-39.72655,134.88701,1,265.6,1,35.163,1,12.232,1,265.6,1,12.232,1,35.163,1
5905621,2025-12-10T05:43:20Z,1,-39.72655,134.88701,1,267.4,1,35.16,1,12.228,1,267.4,1,12.228,1,35.16,1
5905621,2025-12-10T05:43:20Z,1,-39.72655,134.88701,1,269.2,1,35.158,1,12.222,1,269.2,1,12.222,1,35.158,1
5905621,2025-12-10T05:43:20Z,1,-39.72655,134.88701,1,271.5,1,35.148,1,12.161,1,271.5,1,12.161,1,35.148,1
5905621,2025-12-10T05:43:20Z,1,-39.72655,134.88701,1,273.6,1,35.14,1,12.131,1,273.6,1,12.131,1,35.14,1
5905621,2025-12-10T05:43:20Z,1,-39.72655,134.88701,1,275.4,1,35.138,1,12.127,1,275.4,1,12.127,1,35.138,1
5905621,2025-12-10T05:43:20Z,1,-39.72655,134.88701,1,277.2,1,35.136,1,12.099,1,277.2,1,12.099,1,35.136,1
5905621,2025-12-10T05:43:20Z,1,-39.72655,134.88701,1,279.1,1,35.128,1,12.06,1,279.1,1,12.06,1,35.128,1
5905621,2025-12-10T05:43:20Z,1,-39.72655,134.88701,1,281.4,1,35.121,1,12.019,1,281.4,1,12.019,1,35.121,1
5905621,2025-12-10T05:43:20Z,1,-39.72655,134.88701,1,283.6,1,35.118,1,11.994,1,283.6,1,11.994,1,35.118,1
5905621,2025-12-10T05:43:20Z,1,-39.72655,134.88701,1,285.4,1,35.115,1,11.981,1,285.4,1,11.981,1,35.115,1
5905621,2025-12-10T05:43:20Z,1,-39.72655,134.88701,1,287.3,1,35.132,1,12.029,1,287.3,1,12.029,1,35.132,1
5905621,2025-12-10T05:43:20Z,1,-39.72655,134.88701,1,289.1,1,35.147,1,12.071,1,289.1,1,12.071,1,35.147,1
5905621,2025-12-10T05:43:20Z,1,-39.72655,134.88701,1,291.4,1,35.148,1,12.072,1,291.4,1,12.072,1,35.148,1
5905621,2025-12-10T05:43:20Z,1,-39.72655,134.88701,1,293.7,1,35.141,1,12.035,1,293.7,1,12.035,1,35.141,1
5905621,2025-12-10T05:43:20Z,1,-39.72655,134.88701,1,295.5,1,35.137,1,11.999,1,295.5,1,11.999,1,35.137,1
5905621,2025-12-10T05:43:20Z,1,-39.72655,134.88701,1,297.4,1,35.137,1,11.995,1,297.4,1,11.995,1,35.137,1
5905621,2025-12-10T05:43:20Z,1,-39.72655,134.88701,1,299.2,1,35.14,1,12.002,1,299.2,1,12.002,1,35.14,1
5905621,2025-12-10T05:43:20Z,1,-39.72655,134.88701,1,301.1,1,35.137,1,11.994,1,301.1,1,11.994,1,35.137,1
5905621,2025-12-10T05:43:20Z,1,-39.72655,134.88701,1,303.5,1,35.13,1,11.971,1,303.5,1,11.971,1,35.13,1
5905621,2025-12-10T05:43:20Z,1,-39.72655,134.88701,1,305.8,1,35.12,1,11.893,1,305.8,1,11.893,1,35.12,1
5905621,2025-12-10T05:43:20Z,1,-39.72655,134.88701,1,307.7,1,35.139,1,11.962,1,307.7,1,11.962,1,35.139,1
5905621,2025-12-10T05:43:20Z,1,-39.72655,134.88701,1,309.5,1,35.132,1,11.92,1,309.5,1,11.92,1,35.132,1
5905621,2025-12-10T05:43:20Z,1,-39.72655,134.88701,1,311.4,1,35.132,1,11.916,1,311.4,1,11.916,1,35.132,1
5905621,2025-12-10T05:43:20Z,1,-39.72655,134.88701,1,313.3,1,35.128,1,11.897,1,313.3,1,11.897,1,35.128,1
5905621,2025-12-10T05:43:20Z,1,-39.72655,134.88701,1,315.2,1,35.127,1,11.866,1,315.2,1,11.866,1,35.127,1
5905621,2025-12-10T05:43:20Z,1,-39.72655,134.88701,1,317.1,1,35.121,1,11.825,1,317.1,1,11.825,1,35.121,1
5905621,2025-12-10T05:43:20Z,1,-39.72655,134.88701,1,319.0,1,35.121,1,11.824,1,319.0,1,11.824,1,35.121,1
5905621,2025-12-10T05:43:20Z,1,-39.72655,134.88701,1,321.4,1,35.116,1,11.801,1,321.4,1,11.801,1,35.116,1
5905621,2025-12-10T05:43:20Z,1,-39.72655,134.88701,1,323.8,1,35.113,1,11.767,1,323.8,1,11.767,1,35.113,1
5905621,2025-12-10T05:43:20Z,1,-39.72655,134.88701,1,325.7,1,35.104,1,11.732,1,325.7,1,11.732,1,35.104,1
5905621,2025-12-10T05:43:20Z,1,-39.72655,134.88701,1,327.6,1,35.099,1,11.705,1,327.6,1,11.705,1,35.099,1
5905621,2025-12-10T05:43:20Z,1,-39.72655,134.88701,1,329.5,1,35.096,1,11.695,1,329.5,1,11.695,1,35.096,1
5905621,2025-12-10T05:43:20Z,1,-39.72655,134.88701,1,331.4,1,35.088,1,11.643,1,331.4,1,11.643,1,35.088,1
5905621,2025-12-10T05:43:20Z,1,-39.72655,134.88701,1,333.3,1,35.072,1,11.567,1,333.3,1,11.567,1,35.072,1
5905621,2025-12-10T05:43:20Z,1,-39.72655,134.88701,1,335.3,1,35.066,1,11.54,1,335.3,1,11.54,1,35.066,1
5905621,2025-12-10T05:43:20Z,1,-39.72655,134.88701,1,337.2,1,35.058,1,11.482,1,337.2,1,11.482,1,35.058,1
5905621,2025-12-10T05:43:20Z,1,-39.72655,134.88701,1,339.2,1,35.049,1,11.453,1,339.2,1,11.453,1,35.049,1
5905621,2025-12-10T05:43:20Z,1,-39.72655,134.88701,1,341.1,1,35.046,1,11.437,1,341.1,1,11.437,1,35.046,1
5905621,2025-12-10T05:43:20Z,1,-39.72655,134.88701,1,343.0,1,35.048,1,11.439,1,343.0,1,11.439,1,35.048,1
5905621,2025-12-10T05:43:20Z,1,-39.72655,134.88701,1,345.4,1,35.039,1,11.397,1,345.4,1,11.397,1,35.039,1
5905621,2025-12-10T05:43:20Z,1,-39.72655,134.88701,1,347.8,1,35.031,1,11.358,1,347.8,1,11.358,1,35.031,1
5905621,2025-12-10T05:43:20Z,1,-39.72655,134.88701,1,349.8,1,35.031,1,11.359,1,349.8,1,11.359,1,35.031,1
5905621,2025-12-10T05:43:20Z,1,-39.72655,134.88701,1,351.7,1,35.028,1,11.336,1,351.7,1,11.336,1,35.028,1
5905621,2025-12-10T05:43:20Z,1,-39.72655,134.88701,1,353.6,1,35.02,1,11.304,1,353.6,1,11.304,1,35.02,1
5905621,2025-12-10T05:43:20Z,1,-39.72655,134.88701,1,355.5,1,35.016,1,11.28,1,355.5,1,11.28,1,35.016,1
5905621,2025-12-10T05:43:20Z,1,-39.72655,134.88701,1,357.5,1,35.009,1,11.24,1,357.5,1,11.24,1,35.009,1
5905621,2025-12-10T05:43:20Z,1,-39.72655,134.88701,1,359.4,1,35.003,1,11.188,1,359.4,1,11.188,1,35.003,1
5905621,2025-12-10T05:43:20Z,1,-39.72655,134.88701,1,361.4,1,34.999,1,11.167,1,361.4,1,11.167,1,34.999,1
5905621,2025-12-10T05:43:20Z,1,-39.72655,134.88701,1,363.4,1,34.993,1,11.145,1,363.4,1,11.145,1,34.993,1
5905621,2025-12-10T05:43:20Z,1,-39.72655,134.88701,1,365.4,1,34.989,1,11.128,1,365.4,1,11.128,1,34.989,1
5905621,2025-12-10T05:43:20Z,1,-39.72655,134.88701,1,367.4,1,34.988,1,11.121,1,367.4,1,11.121,1,34.988,1
5905621,2025-12-10T05:43:20Z,1,-39.72655,134.88701,1,369.3,1,34.986,1,11.115,1,369.3,1,11.115,1,34.986,1
5905621,2025-12-10T05:43:20Z,1,-39.72655,134.88701,1,371.3,1,34.985,1,11.106,1,371.3,1,11.106,1,34.985,1
5905621,2025-12-10T05:43:20Z,1,-39.72655,134.88701,1,373.3,1,34.981,1,11.082,1,373.3,1,11.082,1,34.981,1
5905621,2025-12-10T05:43:20Z,1,-39.72655,134.88701,1,375.3,1,34.979,1,11.075,1,375.3,1,11.075,1,34.979,1
5905621,2025-12-10T05:43:20Z,1,-39.72655,134.88701,1,377.2,1,34.977,1,11.062,1,377.2,1,11.062,1,34.977,1
5905621,2025-12-10T05:43:20Z,1,-39.72655,134.88701,1,379.2,1,34.974,1,11.051,1,379.2,1,11.051,1,34.974,1
5905621,2025-12-10T05:43:20Z,1,-39.72655,134.88701,1,381.2,1,34.974,1,11.047,1,381.2,1,11.047,1,34.974,1
5905621,2025-12-10T05:43:20Z,1,-39.72655,134.88701,1,383.2,1,34.967,1,11.005,1,383.2,1,11.005,1,34.967,1
5905621,2025-12-10T05:43:20Z,1,-39.72655,134.88701,1,385.2,1,34.969,1,11.01,1,385.2,1,11.01,1,34.969,1
5905621,2025-12-10T05:43:20Z,1,-39.72655,134.88701,1,387.2,1,34.967,1,10.989,1,387.2,1,10.989,1,34.967,1
5905621,2025-12-10T05:43:20Z,1,-39.72655,134.88701,1,389.1,1,34.963,1,10.968,1,389.1,1,10.968,1,34.963,1
5905621,2025-12-10T05:43:20Z,1,-39.72655,134.88701,1,391.1,1,34.961,1,10.963,1,391.1,1,10.963,1,34.961,1
5905621,2025-12-10T05:43:20Z,1,-39.72655,134.88701,1,393.1,1,34.96,1,10.96,1,393.1,1,10.96,1,34.96,1
5905621,2025-12-10T05:43:20Z,1,-39.72655,134.88701,1,395.0,1,34.959,1,10.949,1,395.0,1,10.949,1,34.959,1
5905621,2025-12-10T05:43:20Z,1,-39.72655,134.88701,1,397.0,1,34.956,1,10.938,1,397.0,1,10.938,1,34.956,1
5905621,2025-12-10T05:43:20Z,1,-39.72655,134.88701,1,399.4,1,34.949,1,10.92,1,399.4,1,10.92,1,34.949,1
5905621,2025-12-10T05:43:20Z,1,-39.72655,134.88701,1,401.9,1,34.915,1,10.779,1,401.9,1,10.779,1,34.915,1
5905621,2025-12-10T05:43:20Z,1,-39.72655,134.88701,1,403.8,1,34.901,1,10.683,1,403.8,1,10.683,1,34.901,1
5905621,2025-12-10T05:43:20Z,1,-39.72655,134.88701,1,405.8,1,34.896,1,10.674,1,405.8,1,10.674,1,34.896,1
5905621,2025-12-10T05:43:20Z,1,-39.72655,134.88701,1,407.8,1,34.874,1,10.571,1,407.8,1,10.571,1,34.874,1
5905621,2025-12-10T05:43:20Z,1,-39.72655,134.88701,1,409.7,1,34.871,1,10.542,1,409.7,1,10.542,1,34.871,1
5905621,2025-12-10T05:43:20Z,1,-39.72655,134.88701,1,411.7,1,34.868,1,10.528,1,411.7,1,10.528,1,34.868,1
5905621,2025-12-10T05:43:20Z,1,-39.72655,134.88701,1,413.7,1,34.868,1,10.525,1,413.7,1,10.525,1,34.868,1
5905621,2025-12-10T05:43:20Z,1,-39.72655,134.88701,1,415.7,1,34.868,1,10.525,1,415.7,1,10.525,1,34.868,1
5905621,2025-12-10T05:43:20Z,1,-39.72655,134.88701,1,417.7,1,34.868,1,10.524,1,417.7,1,10.524,1,34.868,1
5905621,2025-12-10T05:43:20Z,1,-39.72655,134.88701,1,419.7,1,34.872,1,10.537,1,419.7,1,10.537,1,34.872,1
5905621,2025-12-10T05:43:20Z,1,-39.72655,134.88701,1,421.8,1,34.876,1,10.548,1,421.8,1,10.548,1,34.876,1
5905621,2025-12-10T05:43:20Z,1,-39.72655,134.88701,1,423.8,1,34.88,1,10.547,1,423.8,1,10.547,1,34.88,1
5905621,2025-12-10T05:43:20Z,1,-39.72655,134.88701,1,425.8,1,34.886,1,10.56,1,425.8,1,10.56,1,34.886,1
5905621,2025-12-10T05:43:20Z,1,-39.72655,134.88701,1,427.7,1,34.886,1,10.558,1,427.7,1,10.558,1,34.886,1
5905621,2025-12-10T05:43:20Z,1,-39.72655,134.88701,1,429.7,1,34.871,1,10.491,1,429.7,1,10.491,1,34.871,1
5905621,2025-12-10T05:43:20Z,1,-39.72655,134.88701,1,431.8,1,34.858,1,10.431,1,431.8,1,10.431,1,34.858,1
5905621,2025-12-10T05:43:20Z,1,-39.72655,134.88701,1,433.8,1,34.859,1,10.434,1,433.8,1,10.434,1,34.859,1
5905621,2025-12-10T05:43:20Z,1,-39.72655,134.88701,1,435.8,1,34.859,1,10.436,1,435.8,1,10.436,1,34.859,1
5905621,2025-12-10T05:43:20Z,1,-39.72655,134.88701,1,437.7,1,34.859,1,10.436,1,437.7,1,10.436,1,34.859,1
5905621,2025-12-10T05:43:20Z,1,-39.72655,134.88701,1,439.7,1,34.853,1,10.409,1,439.7,1,10.409,1,34.853,1
5905621,2025-12-10T05:43:20Z,1,-39.72655,134.88701,1,441.7,1,34.84,1,10.348,1,441.7,1,10.348,1,34.84,1
5905621,2025-12-10T05:43:20Z,1,-39.72655,134.88701,1,443.6,1,34.837,1,10.323,1,443.6,1,10.323,1,34.837,1
5905621,2025-12-10T05:43:20Z,1,-39.72655,134.88701,1,445.6,1,34.836,1,10.316,1,445.6,1,10.316,1,34.836,1
5905621,2025-12-10T05:43:20Z,1,-39.72655,134.88701,1,447.6,1,34.826,1,10.268,1,447.6,1,10.268,1,34.826,1
5905621,2025-12-10T05:43:20Z,1,-39.72655,134.88701,1,449.5,1,34.824,1,10.267,1,449.5,1,10.267,1,34.824,1
5905621,2025-12-10T05:43:20Z,1,-39.72655,134.88701,1,451.5,1,34.824,1,10.262,1,451.5,1,10.262,1,34.824,1
5905621,2025-12-10T05:43:20Z,1,-39.72655,134.88701,1,453.4,1,34.823,1,10.265,1,453.4,1,10.265,1,34.823,1
5905621,2025-12-10T05:43:20Z,1,-39.72655,134.88701,1,455.3,1,34.829,1,10.282,1,455.3,1,10.282,1,34.829,1
5905621,2025-12-10T05:43:20Z,1,-39.72655,134.88701,1,457.3,1,34.825,1,10.248,1,457.3,1,10.248,1,34.825,1
5905621,2025-12-10T05:43:20Z,1,-39.72655,134.88701,1,459.3,1,34.818,1,10.208,1,459.3,1,10.208,1,34.818,1
5905621,2025-12-10T05:43:20Z,1,-39.72655,134.88701,1,461.2,1,34.814,1,10.191,1,461.2,1,10.191,1,34.814,1
5905621,2025-12-10T05:43:20Z,1,-39.72655,134.88701,1,463.2,1,34.811,1,10.175,1,463.2,1,10.175,1,34.811,1
5905621,2025-12-10T05:43:20Z,1,-39.72655,134.88701,1,465.1,1,34.81,1,10.17,1,465.1,1,10.17,1,34.81,1
5905621,2025-12-10T05:43:20Z,1,-39.72655,134.88701,1,467.0,1,34.81,1,10.16,1,467.0,1,10.16,1,34.81,1
5905621,2025-12-10T05:43:20Z,1,-39.72655,134.88701,1,469.0,1,34.805,1,10.142,1,469.0,1,10.142,1,34.805,1
5905621,2025-12-10T05:43:20Z,1,-39.72655,134.88701,1,471.4,1,34.802,1,10.121,1,471.4,1,10.121,1,34.802,1
5905621,2025-12-10T05:43:20Z,1,-39.72655,134.88701,1,473.9,1,34.799,1,10.104,1,473.9,1,10.104,1,34.799,1
5905621,2025-12-10T05:43:20Z,1,-39.72655,134.88701,1,475.9,1,34.798,1,10.084,1,475.9,1,10.084,1,34.798,1
5905621,2025-12-10T05:43:20Z,1,-39.72655,134.88701,1,477.8,1,34.793,1,10.06,1,477.8,1,10.06,1,34.793,1
5905621,2025-12-10T05:43:20Z,1,-39.72655,134.88701,1,479.8,1,34.789,1,10.035,1,479.8,1,10.035,1,34.789,1
5905621,2025-12-10T05:43:20Z,1,-39.72655,134.88701,1,481.8,1,34.787,1,10.027,1,481.8,1,10.027,1,34.787,1
5905621,2025-12-10T05:43:20Z,1,-39.72655,134.88701,1,483.7,1,34.786,1,10.024,1,483.7,1,10.024,1,34.786,1
5905621,2025-12-10T05:43:20Z,1,-39.72655,134.88701,1,485.6,1,34.786,1,10.023,1,485.6,1,10.023,1,34.786,1
5905621,2025-12-10T05:43:20Z,1,-39.72655,134.88701,1,487.5,1,34.784,1,10.008,1,487.5,1,10.008,1,34.784,1
5905621,2025-12-10T05:43:20Z,1,-39.72655,134.88701,1,489.5,1,34.776,1,9.947,1,489.5,1,9.947,1,34.776,1
5905621,2025-12-10T05:43:20Z,1,-39.72655,134.88701,1,491.5,1,34.77,1,9.919,1,491.5,1,9.919,1,34.77,1
5905621,2025-12-10T05:43:20Z,1,-39.72655,134.88701,1,493.4,1,34.759,1,9.867,1,493.4,1,9.867,1,34.759,1
5905621,2025-12-10T05:43:20Z,1,-39.72655,134.88701,1,495.4,1,34.753,1,9.825,1,495.4,1,9.825,1,34.753,1
5905621,2025-12-10T05:43:20Z,1,-39.72655,134.88701,1,497.4,1,34.751,1,9.806,1,497.4,1,9.806,1,34.751,1
5905621,2025-12-10T05:43:20Z,1,-39.72655,134.88701,1,499.4,1,34.747,1,9.784,1,499.4,1,9.784,1,34.747,1
5905621,2025-12-10T05:43:20Z,1,-39.72655,134.88701,1,501.4,1,34.744,1,9.772,1,501.4,1,9.772,1,34.744,1
5905621,2025-12-10T05:43:20Z,1,-39.72655,134.88701,1,503.3,1,34.743,1,9.76,1,503.3,1,9.76,1,34.743,1
5905621,2025-12-10T05:43:20Z,1,-39.72655,134.88701,1,505.3,1,34.741,1,9.749,1,505.3,1,9.749,1,34.741,1
5905621,2025-12-10T05:43:20Z,1,-39.72655,134.88701,1,507.3,1,34.742,1,9.752,1,507.3,1,9.752,1,34.742,1
5905621,2025-12-10T05:43:20Z,1,-39.72655,134.88701,1,509.2,1,34.743,1,9.744,1,509.2,1,9.744,1,34.743,1
5905621,2025-12-10T05:43:20Z,1,-39.72655,134.88701,1,511.2,1,34.736,1,9.713,1,511.2,1,9.713,1,34.736,1
5905621,2025-12-10T05:43:20Z,1,-39.72655,134.88701,1,513.2,1,34.734,1,9.696,1,513.2,1,9.696,1,34.734,1
5905621,2025-12-10T05:43:20Z,1,-39.72655,134.88701,1,515.2,1,34.733,1,9.69,1,515.2,1,9.69,1,34.733,1
5905621,2025-12-10T05:43:20Z,1,-39.72655,134.88701,1,517.1,1,34.73,1,9.674,1,517.1,1,9.674,1,34.73,1
5905621,2025-12-10T05:43:20Z,1,-39.72655,134.88701,1,519.1,1,34.731,1,9.669,1,519.1,1,9.669,1,34.731,1
5905621,2025-12-10T05:43:20Z,1,-39.72655,134.88701,1,521.0,1,34.733,1,9.676,1,521.0,1,9.676,1,34.733,1
5905621,2025-12-10T05:43:20Z,1,-39.72655,134.88701,1,523.4,1,34.735,1,9.677,1,523.4,1,9.677,1,34.735,1
5905621,2025-12-10T05:43:20Z,1,-39.72655,134.88701,1,525.8,1,34.735,1,9.678,1,525.8,1,9.678,1,34.735,1
5905621,2025-12-10T05:43:20Z,1,-39.72655,134.88701,1,527.8,1,34.735,1,9.678,1,527.8,1,9.678,1,34.735,1
5905621,2025-12-10T05:43:20Z,1,-39.72655,134.88701,1,529.7,1,34.735,1,9.677,1,529.7,1,9.677,1,34.735,1
5905621,2025-12-10T05:43:20Z,1,-39.72655,134.88701,1,531.6,1,34.735,1,9.675,1,531.6,1,9.675,1,34.735,1
5905621,2025-12-10T05:43:20Z,1,-39.72655,134.88701,1,533.5,1,34.732,1,9.659,1,533.5,1,9.659,1,34.732,1
5905621,2025-12-10T05:43:20Z,1,-39.72655,134.88701,1,535.5,1,34.729,1,9.647,1,535.5,1,9.647,1,34.729,1
5905621,2025-12-10T05:43:20Z,1,-39.72655,134.88701,1,537.4,1,34.727,1,9.628,1,537.4,1,9.628,1,34.727,1
5905621,2025-12-10T05:43:20Z,1,-39.72655,134.88701,1,539.4,1,34.724,1,9.613,1,539.4,1,9.613,1,34.724,1
5905621,2025-12-10T05:43:20Z,1,-39.72655,134.88701,1,541.3,1,34.718,1,9.572,1,541.3,1,9.572,1,34.718,1
5905621,2025-12-10T05:43:20Z,1,-39.72655,134.88701,1,543.2,1,34.714,1,9.541,1,543.2,1,9.541,1,34.714,1
5905621,2025-12-10T05:43:20Z,1,-39.72655,134.88701,1,545.1,1,34.711,1,9.525,1,545.1,1,9.525,1,34.711,1
5905621,2025-12-10T05:43:20Z,1,-39.72655,134.88701,1,547.0,1,34.71,1,9.518,1,547.0,1,9.518,1,34.71,1
5905621,2025-12-10T05:43:20Z,1,-39.72655,134.88701,1,549.4,1,34.709,1,9.517,1,549.4,1,9.517,1,34.709,1
5905621,2025-12-10T05:43:20Z,1,-39.72655,134.88701,1,551.8,1,34.708,1,9.517,1,551.8,1,9.517,1,34.708,1
5905621,2025-12-10T05:43:20Z,1,-39.72655,134.88701,1,553.8,1,34.705,1,9.504,1,553.8,1,9.504,1,34.705,1
5905621,2025-12-10T05:43:20Z,1,-39.72655,134.88701,1,555.7,1,34.702,1,9.481,1,555.7,1,9.481,1,34.702,1
5905621,2025-12-10T05:43:20Z,1,-39.72655,134.88701,1,557.6,1,34.703,1,9.478,1,557.6,1,9.478,1,34.703,1
5905621,2025-12-10T05:43:20Z,1,-39.72655,134.88701,1,559.6,1,34.704,1,9.482,1,559.6,1,9.482,1,34.704,1
5905621,2025-12-10T05:43:20Z,1,-39.72655,134.88701,1,561.5,1,34.705,1,9.488,1,561.5,1,9.488,1,34.705,1
5905621,2025-12-10T05:43:20Z,1,-39.72655,134.88701,1,563.5,1,34.705,1,9.486,1,563.5,1,9.486,1,34.705,1
5905621,2025-12-10T05:43:20Z,1,-39.72655,134.88701,1,565.5,1,34.705,1,9.486,1,565.5,1,9.486,1,34.705,1
5905621,2025-12-10T05:43:20Z,1,-39.72655,134.88701,1,567.4,1,34.704,1,9.483,1,567.4,1,9.483,1,34.704,1
5905621,2025-12-10T05:43:20Z,1,-39.72655,134.88701,1,569.4,1,34.703,1,9.478,1,569.4,1,9.478,1,34.703,1
5905621,2025-12-10T05:43:20Z,1,-39.72655,134.88701,1,571.4,1,34.699,1,9.463,1,571.4,1,9.463,1,34.699,1
5905621,2025-12-10T05:43:20Z,1,-39.72655,134.88701,1,573.4,1,34.69,1,9.444,1,573.4,1,9.444,1,34.69,1
5905621,2025-12-10T05:43:20Z,1,-39.72655,134.88701,1,575.3,1,34.69,1,9.407,1,575.3,1,9.407,1,34.69,1
5905621,2025-12-10T05:43:20Z,1,-39.72655,134.88701,1,577.3,1,34.68,1,9.35,1,577.3,1,9.35,1,34.68,1
5905621,2025-12-10T05:43:20Z,1,-39.72655,134.88701,1,579.2,1,34.676,1,9.335,1,579.2,1,9.335,1,34.676,1
5905621,2025-12-10T05:43:20Z,1,-39.72655,134.88701,1,581.2,1,34.676,1,9.333,1,581.2,1,9.333,1,34.676,1
5905621,2025-12-10T05:43:20Z,1,-39.72655,134.88701,1,583.2,1,34.676,1,9.336,1,583.2,1,9.336,1,34.676,1
5905621,2025-12-10T05:43:20Z,1,-39.72655,134.88701,1,585.1,1,34.673,1,9.308,1,585.1,1,9.308,1,34.673,1
5905621,2025-12-10T05:43:20Z,1,-39.72655,134.88701,1,587.1,1,34.668,1,9.274,1,587.1,1,9.274,1,34.668,1
5905621,2025-12-10T05:43:20Z,1,-39.72655,134.88701,1,589.0,1,34.664,1,9.24,1,589.0,1,9.24,1,34.664,1
5905621,2025-12-10T05:43:20Z,1,-39.72655,134.88701,1,591.0,1,34.654,1,9.207,1,591.0,1,9.207,1,34.654,1
5905621,2025-12-10T05:43:20Z,1,-39.72655,134.88701,1,593.0,1,34.656,1,9.2,1,593.0,1,9.2,1,34.656,1
5905621,2025-12-10T05:43:20Z,1,-39.72655,134.88701,1,595.0,1,34.653,1,9.184,1,595.0,1,9.184,1,34.653,1
5905621,2025-12-10T05:43:20Z,1,-39.72655,134.88701,1,597.4,1,34.654,1,9.19,1,597.4,1,9.19,1,34.654,1
5905621,2025-12-10T05:43:20Z,1,-39.72655,134.88701,1,599.9,1,34.655,1,9.195,1,599.9,1,9.195,1,34.655,1
5905621,2025-12-10T05:43:20Z,1,-39.72655,134.88701,1,601.9,1,34.654,1,9.189,1,601.9,1,9.189,1,34.654,1
5905621,2025-12-10T05:43:20Z,1,-39.72655,134.88701,1,603.9,1,34.652,1,9.167,1,603.9,1,9.167,1,34.652,1
5905621,2025-12-10T05:43:20Z,1,-39.72655,134.88701,1,605.9,1,34.646,1,9.129,1,605.9,1,9.129,1,34.646,1
5905621,2025-12-10T05:43:20Z,1,-39.72655,134.88701,1,607.9,1,34.644,1,9.12,1,607.9,1,9.12,1,34.644,1
5905621,2025-12-10T05:43:20Z,1,-39.72655,134.88701,1,609.9,1,34.643,1,9.117,1,609.9,1,9.117,1,34.643,1
5905621,2025-12-10T05:43:20Z,1,-39.72655,134.88701,1,611.4,1,34.641,1,9.1,1,611.4,1,9.1,1,34.641,1
5905621,2025-12-10T05:43:20Z,1,-39.72655,134.88701,1,613.0,1,34.64,1,9.087,1,613.0,1,9.087,1,34.64,1
5905621,2025-12-10T05:43:20Z,1,-39.72655,134.88701,1,615.0,1,34.64,1,9.094,1,615.0,1,9.094,1,34.64,1
5905621,2025-12-10T05:43:20Z,1,-39.72655,134.88701,1,617.0,1,34.64,1,9.099,1,617.0,1,9.099,1,34.64,1
5905621,2025-12-10T05:43:20Z,1,-39.72655,134.88701,1,619.0,1,34.634,1,9.051,1,619.0,1,9.051,1,34.634,1
5905621,2025-12-10T05:43:20Z,1,-39.72655,134.88701,1,621.0,1,34.626,1,9.006,1,621.0,1,9.006,1,34.626,1
5905621,2025-12-10T05:43:20Z,1,-39.72655,134.88701,1,623.1,1,34.625,1,8.999,1,623.1,1,8.999,1,34.625,1
5905621,2025-12-10T05:43:20Z,1,-39.72655,134.88701,1,625.1,1,34.622,1,8.986,1,625.1,1,8.986,1,34.622,1
5905621,2025-12-10T05:43:20Z,1,-39.72655,134.88701,1,627.2,1,34.62,1,8.964,1,627.2,1,8.964,1,34.62,1
5905621,2025-12-10T05:43:20Z,1,-39.72655,134.88701,1,629.2,1,34.625,1,8.983,1,629.2,1,8.983,1,34.625,1
5905621,2025-12-10T05:43:20Z,1,-39.72655,134.88701,1,631.3,1,34.624,1,8.975,1,631.3,1,8.975,1,34.624,1
5905621,2025-12-10T05:43:20Z,1,-39.72655,134.88701,1,633.4,1,34.622,1,8.968,1,633.4,1,8.968,1,34.622,1
5905621,2025-12-10T05:43:20Z,1,-39.72655,134.88701,1,635.4,1,34.619,1,8.949,1,635.4,1,8.949,1,34.619,1
5905621,2025-12-10T05:43:20Z,1,-39.72655,134.88701,1,637.5,1,34.616,1,8.93,1,637.5,1,8.93,1,34.616,1
5905621,2025-12-10T05:43:20Z,1,-39.72655,134.88701,1,639.5,1,34.615,1,8.909,1,639.5,1,8.909,1,34.615,1
5905621,2025-12-10T05:43:20Z,1,-39.72655,134.88701,1,641.6,1,34.612,1,8.892,1,641.6,1,8.892,1,34.612,1
5905621,2025-12-10T05:43:20Z,1,-39.72655,134.88701,1,643.7,1,34.605,1,8.853,1,643.7,1,8.853,1,34.605,1
5905621,2025-12-10T05:43:20Z,1,-39.72655,134.88701,1,645.7,1,34.604,1,8.847,1,645.7,1,8.847,1,34.604,1
5905621,2025-12-10T05:43:20Z,1,-39.72655,134.88701,1,647.8,1,34.603,1,8.837,1,647.8,1,8.837,1,34.603,1
5905621,2025-12-10T05:43:20Z,1,-39.72655,134.88701,1,649.9,1,34.601,1,8.82,1,649.9,1,8.82,1,34.601,1
5905621,2025-12-10T05:43:20Z,1,-39.72655,134.88701,1,651.5,1,34.599,1,8.796,1,651.5,1,8.796,1,34.599,1
5905621,2025-12-10T05:43:20Z,1,-39.72655,134.88701,1,653.0,1,34.598,1,8.784,1,653.0,1,8.784,1,34.598,1
5905621,2025-12-10T05:43:20Z,1,-39.72655,134.88701,1,655.1,1,34.597,1,8.78,1,655.1,1,8.78,1,34.597,1
5905621,2025-12-10T05:43:20Z,1,-39.72655,134.88701,1,657.2,1,34.596,1,8.767,1,657.2,1,8.767,1,34.596,1
5905621,2025-12-10T05:43:20Z,1,-39.72655,134.88701,1,659.3,1,34.595,1,8.756,1,659.3,1,8.756,1,34.595,1
5905621,2025-12-10T05:43:20Z,1,-39.72655,134.88701,1,661.4,1,34.593,1,8.731,1,661.4,1,8.731,1,34.593,1
5905621,2025-12-10T05:43:20Z,1,-39.72655,134.88701,1,663.5,1,34.59,1,8.707,1,663.5,1,8.707,1,34.59,1
5905621,2025-12-10T05:43:20Z,1,-39.72655,134.88701,1,665.6,1,34.587,1,8.679,1,665.6,1,8.679,1,34.587,1
5905621,2025-12-10T05:43:20Z,1,-39.72655,134.88701,1,667.8,1,34.584,1,8.664,1,667.8,1,8.664,1,34.584,1
5905621,2025-12-10T05:43:20Z,1,-39.72655,134.88701,1,669.4,1,34.584,1,8.662,1,669.4,1,8.662,1,34.584,1
5905621,2025-12-10T05:43:20Z,1,-39.72655,134.88701,1,671.0,1,34.582,1,8.649,1,671.0,1,8.649,1,34.582,1
5905621,2025-12-10T05:43:20Z,1,-39.72655,134.88701,1,673.1,1,34.581,1,8.646,1,673.1,1,8.646,1,34.581,1
5905621,2025-12-10T05:43:20Z,1,-39.72655,134.88701,1,675.3,1,34.581,1,8.64,1,675.3,1,8.64,1,34.581,1
5905621,2025-12-10T05:43:20Z,1,-39.72655,134.88701,1,677.4,1,34.579,1,8.61,1,677.4,1,8.61,1,34.579,1
5905621,2025-12-10T05:43:20Z,1,-39.72655,134.88701,1,679.5,1,34.575,1,8.586,1,679.5,1,8.586,1,34.575,1
5905621,2025-12-10T05:43:20Z,1,-39.72655,134.88701,1,681.5,1,34.573,1,8.573,1,681.5,1,8.573,1,34.573,1
5905621,2025-12-10T05:43:20Z,1,-39.72655,134.88701,1,683.6,1,34.571,1,8.562,1,683.6,1,8.562,1,34.571,1
5905621,2025-12-10T05:43:20Z,1,-39.72655,134.88701,1,685.7,1,34.569,1,8.516,1,685.7,1,8.516,1,34.569,1
5905621,2025-12-10T05:43:20Z,1,-39.72655,134.88701,1,687.9,1,34.563,1,8.473,1,687.9,1,8.473,1,34.563,1
5905621,2025-12-10T05:43:20Z,1,-39.72655,134.88701,1,689.5,1,34.561,1,8.444,1,689.5,1,8.444,1,34.561,1
5905621,2025-12-10T05:43:20Z,1,-39.72655,134.88701,1,691.0,1,34.557,1,8.432,1,691.0,1,8.432,1,34.557,1
5905621,2025-12-10T05:43:20Z,1,-39.72655,134.88701,1,693.2,1,34.556,1,8.399,1,693.2,1,8.399,1,34.556,1
5905621,2025-12-10T05:43:20Z,1,-39.72655,134.88701,1,695.3,1,34.554,1,8.37,1,695.3,1,8.37,1,34.554,1
5905621,2025-12-10T05:43:20Z,1,-39.72655,134.88701,1,697.4,1,34.552,1,8.352,1,697.4,1,8.352,1,34.552,1
5905621,2025-12-10T05:43:20Z,1,-39.72655,134.88701,1,699.5,1,34.552,1,8.34,1,699.5,1,8.34,1,34.552,1
5905621,2025-12-10T05:43:20Z,1,-39.72655,134.88701,1,701.7,1,34.55,1,8.323,1,701.7,1,8.323,1,34.55,1
5905621,2025-12-10T05:43:20Z,1,-39.72655,134.88701,1,703.8,1,34.548,1,8.303,1,703.8,1,8.303,1,34.548,1
5905621,2025-12-10T05:43:20Z,1,-39.72655,134.88701,1,705.8,1,34.546,1,8.282,1,705.8,1,8.282,1,34.546,1
5905621,2025-12-10T05:43:20Z,1,-39.72655,134.88701,1,707.4,1,34.545,1,8.261,1,707.4,1,8.261,1,34.545,1
5905621,2025-12-10T05:43:20Z,1,-39.72655,134.88701,1,709.0,1,34.544,1,8.244,1,709.0,1,8.244,1,34.544,1
5905621,2025-12-10T05:43:20Z,1,-39.72655,134.88701,1,711.0,1,34.538,1,8.198,1,711.0,1,8.198,1,34.538,1
5905621,2025-12-10T05:43:20Z,1,-39.72655,134.88701,1,713.0,1,34.535,1,8.159,1,713.0,1,8.159,1,34.535,1
5905621,2025-12-10T05:43:20Z,1,-39.72655,134.88701,1,715.1,1,34.532,1,8.139,1,715.1,1,8.139,1,34.532,1
5905621,2025-12-10T05:43:20Z,1,-39.72655,134.88701,1,717.1,1,34.531,1,8.127,1,717.1,1,8.127,1,34.531,1
5905621,2025-12-10T05:43:20Z,1,-39.72655,134.88701,1,719.2,1,34.529,1,8.09,1,719.2,1,8.09,1,34.529,1
5905621,2025-12-10T05:43:20Z,1,-39.72655,134.88701,1,721.3,1,34.527,1,8.062,1,721.3,1,8.062,1,34.527,1
5905621,2025-12-10T05:43:20Z,1,-39.72655,134.88701,1,723.4,1,34.525,1,8.043,1,723.4,1,8.043,1,34.525,1
5905621,2025-12-10T05:43:20Z,1,-39.72655,134.88701,1,725.4,1,34.525,1,8.032,1,725.4,1,8.032,1,34.525,1
5905621,2025-12-10T05:43:20Z,1,-39.72655,134.88701,1,727.5,1,34.524,1,8.013,1,727.5,1,8.013,1,34.524,1
5905621,2025-12-10T05:43:20Z,1,-39.72655,134.88701,1,729.6,1,34.522,1,8.0,1,729.6,1,8.0,1,34.522,1
5905621,2025-12-10T05:43:20Z,1,-39.72655,134.88701,1,731.7,1,34.521,1,7.985,1,731.7,1,7.985,1,34.521,1
5905621,2025-12-10T05:43:20Z,1,-39.72655,134.88701,1,733.7,1,34.521,1,7.972,1,733.7,1,7.972,1,34.521,1
5905621,2025-12-10T05:43:20Z,1,-39.72655,134.88701,1,735.7,1,34.519,1,7.953,1,735.7,1,7.953,1,34.519,1
5905621,2025-12-10T05:43:20Z,1,-39.72655,134.88701,1,737.8,1,34.517,1,7.935,1,737.8,1,7.935,1,34.517,1
5905621,2025-12-10T05:43:20Z,1,-39.72655,134.88701,1,739.9,1,34.516,1,7.916,1,739.9,1,7.916,1,34.516,1
5905621,2025-12-10T05:43:20Z,1,-39.72655,134.88701,1,741.5,1,34.515,1,7.904,1,741.5,1,7.904,1,34.515,1
5905621,2025-12-10T05:43:20Z,1,-39.72655,134.88701,1,743.0,1,34.513,1,7.885,1,743.0,1,7.885,1,34.513,1
5905621,2025-12-10T05:43:20Z,1,-39.72655,134.88701,1,745.1,1,34.511,1,7.874,1,745.1,1,7.874,1,34.511,1
5905621,2025-12-10T05:43:20Z,1,-39.72655,134.88701,1,747.2,1,34.51,1,7.841,1,747.2,1,7.841,1,34.51,1
5905621,2025-12-10T05:43:20Z,1,-39.72655,134.88701,1,749.3,1,34.508,1,7.819,1,749.3,1,7.819,1,34.508,1
5905621,2025-12-10T05:43:20Z,1,-39.72655,134.88701,1,751.3,1,34.506,1,7.79,1,751.3,1,7.79,1,34.506,1
5905621,2025-12-10T05:43:20Z,1,-39.72655,134.88701,1,753.4,1,34.505,1,7.782,1,753.4,1,7.782,1,34.505,1
5905621,2025-12-10T05:43:20Z,1,-39.72655,134.88701,1,755.5,1,34.504,1,7.76,1,755.5,1,7.76,1,34.504,1
5905621,2025-12-10T05:43:20Z,1,-39.72655,134.88701,1,757.6,1,34.503,1,7.735,1,757.6,1,7.735,1,34.503,1
5905621,2025-12-10T05:43:20Z,1,-39.72655,134.88701,1,759.7,1,34.501,1,7.707,1,759.7,1,7.707,1,34.501,1
5905621,2025-12-10T05:43:20Z,1,-39.72655,134.88701,1,761.7,1,34.499,1,7.681,1,761.7,1,7.681,1,34.499,1
5905621,2025-12-10T05:43:20Z,1,-39.72655,134.88701,1,763.8,1,34.496,1,7.656,1,763.8,1,7.656,1,34.496,1
5905621,2025-12-10T05:43:20Z,1,-39.72655,134.88701,1,765.4,1,34.496,1,7.631,1,765.4,1,7.631,1,34.496,1
5905621,2025-12-10T05:43:20Z,1,-39.72655,134.88701,1,767.0,1,34.494,1,7.611,1,767.0,1,7.611,1,34.494,1
5905621,2025-12-10T05:43:20Z,1,-39.72655,134.88701,1,769.1,1,34.491,1,7.593,1,769.1,1,7.593,1,34.491,1
5905621,2025-12-10T05:43:20Z,1,-39.72655,134.88701,1,771.2,1,34.491,1,7.553,1,771.2,1,7.553,1,34.491,1
5905621,2025-12-10T05:43:20Z,1,-39.72655,134.88701,1,773.4,1,34.487,1,7.513,1,773.4,1,7.513,1,34.487,1
5905621,2025-12-10T05:43:20Z,1,-39.72655,134.88701,1,775.5,1,34.487,1,7.498,1,775.5,1,7.498,1,34.487,1
5905621,2025-12-10T05:43:20Z,1,-39.72655,134.88701,1,777.7,1,34.485,1,7.494,1,777.7,1,7.494,1,34.485,1
5905621,2025-12-10T05:43:20Z,1,-39.72655,134.88701,1,779.8,1,34.484,1,7.491,1,779.8,1,7.491,1,34.484,1
5905621,2025-12-10T05:43:20Z,1,-39.72655,134.88701,1,781.5,1,34.483,1,7.48,1,781.5,1,7.48,1,34.483,1
5905621,2025-12-10T05:43:20Z,1,-39.72655,134.88701,1,783.4,1,34.48,1,7.41,1,783.4,1,7.41,1,34.48,1
5905621,2025-12-10T05:43:20Z,1,-39.72655,134.88701,1,785.5,1,34.478,1,7.382,1,785.5,1,7.382,1,34.478,1
5905621,2025-12-10T05:43:20Z,1,-39.72655,134.88701,1,787.6,1,34.477,1,7.374,1,787.6,1,7.374,1,34.477,1
5905621,2025-12-10T05:43:20Z,1,-39.72655,134.88701,1,789.6,1,34.476,1,7.349,1,789.6,1,7.349,1,34.476,1
5905621,2025-12-10T05:43:20Z,1,-39.72655,134.88701,1,791.3,1,34.475,1,7.322,1,791.3,1,7.322,1,34.475,1
5905621,2025-12-10T05:43:20Z,1,-39.72655,134.88701,1,793.4,1,34.472,1,7.29,1,793.4,1,7.29,1,34.472,1
5905621,2025-12-10T05:43:20Z,1,-39.72655,134.88701,1,795.5,1,34.472,1,7.282,1,795.5,1,7.282,1,34.472,1
5905621,2025-12-10T05:43:20Z,1,-39.72655,134.88701,1,797.2,1,34.469,1,7.231,1,797.2,1,7.231,1,34.469,1
5905621,2025-12-10T05:43:20Z,1,-39.72655,134.88701,1,799.3,1,34.466,1,7.186,1,799.3,1,7.186,1,34.466,1
5905621,2025-12-10T05:43:20Z,1,-39.72655,134.88701,1,801.5,1,34.464,1,7.148,1,801.5,1,7.148,1,34.464,1
5905621,2025-12-10T05:43:20Z,1,-39.72655,134.88701,1,803.6,1,34.462,1,7.099,1,803.6,1,7.099,1,34.462,1
5905621,2025-12-10T05:43:20Z,1,-39.72655,134.88701,1,805.7,1,34.46,1,7.033,1,805.7,1,7.033,1,34.46,1
5905621,2025-12-10T05:43:20Z,1,-39.72655,134.88701,1,807.4,1,34.457,1,7.014,1,807.4,1,7.014,1,34.457,1
5905621,2025-12-10T05:43:20Z,1,-39.72655,134.88701,1,809.2,1,34.455,1,6.996,1,809.2,1,6.996,1,34.455,1
5905621,2025-12-10T05:43:20Z,1,-39.72655,134.88701,1,811.3,1,34.455,1,6.969,1,811.3,1,6.969,1,34.455,1
5905621,2025-12-10T05:43:20Z,1,-39.72655,134.88701,1,813.5,1,34.453,1,6.951,1,813.5,1,6.951,1,34.453,1
5905621,2025-12-10T05:43:20Z,1,-39.72655,134.88701,1,815.3,1,34.452,1,6.931,1,815.3,1,6.931,1,34.452,1
5905621,2025-12-10T05:43:20Z,1,-39.72655,134.88701,1,817.5,1,34.451,1,6.899,1,817.5,1,6.899,1,34.451,1
5905621,2025-12-10T05:43:20Z,1,-39.72655,134.88701,1,819.7,1,34.449,1,6.88,1,819.7,1,6.88,1,34.449,1
5905621,2025-12-10T05:43:20Z,1,-39.72655,134.88701,1,821.4,1,34.448,1,6.868,1,821.4,1,6.868,1,34.448,1
5905621,2025-12-10T05:43:20Z,1,-39.72655,134.88701,1,823.2,1,34.447,1,6.856,1,823.2,1,6.856,1,34.447,1
5905621,2025-12-10T05:43:20Z,1,-39.72655,134.88701,1,825.1,1,34.446,1,6.837,1,825.1,1,6.837,1,34.446,1
5905621,2025-12-10T05:43:20Z,1,-39.72655,134.88701,1,827.4,1,34.446,1,6.832,1,827.4,1,6.832,1,34.446,1
5905621,2025-12-10T05:43:20Z,1,-39.72655,134.88701,1,829.7,1,34.445,1,6.817,1,829.7,1,6.817,1,34.445,1
5905621,2025-12-10T05:43:20Z,1,-39.72655,134.88701,1,831.6,1,34.442,1,6.751,1,831.6,1,6.751,1,34.442,1
5905621,2025-12-10T05:43:20Z,1,-39.72655,134.88701,1,833.4,1,34.44,1,6.725,1,833.4,1,6.725,1,34.44,1
5905621,2025-12-10T05:43:20Z,1,-39.72655,134.88701,1,835.3,1,34.439,1,6.705,1,835.3,1,6.705,1,34.439,1
5905621,2025-12-10T05:43:20Z,1,-39.72655,134.88701,1,837.2,1,34.438,1,6.692,1,837.2,1,6.692,1,34.438,1
5905621,2025-12-10T05:43:20Z,1,-39.72655,134.88701,1,839.1,1,34.437,1,6.657,1,839.1,1,6.657,1,34.437,1
5905621,2025-12-10T05:43:20Z,1,-39.72655,134.88701,1,841.4,1,34.435,1,6.621,1,841.4,1,6.621,1,34.435,1
5905621,2025-12-10T05:43:20Z,1,-39.72655,134.88701,1,843.7,1,34.434,1,6.602,1,843.7,1,6.602,1,34.434,1
5905621,2025-12-10T05:43:20Z,1,-39.72655,134.88701,1,845.6,1,34.434,1,6.599,1,845.6,1,6.599,1,34.434,1
5905621,2025-12-10T05:43:20Z,1,-39.72655,134.88701,1,847.6,1,34.433,1,6.594,1,847.6,1,6.594,1,34.433,1
5905621,2025-12-10T05:43:20Z,1,-39.72655,134.88701,1,849.5,1,34.434,1,6.571,1,849.5,1,6.571,1,34.434,1
5905621,2025-12-10T05:43:20Z,1,-39.72655,134.88701,1,851.5,1,34.43,1,6.529,1,851.5,1,6.529,1,34.43,1
5905621,2025-12-10T05:43:20Z,1,-39.72655,134.88701,1,853.5,1,34.429,1,6.506,1,853.5,1,6.506,1,34.429,1
5905621,2025-12-10T05:43:20Z,1,-39.72655,134.88701,1,855.5,1,34.427,1,6.477,1,855.5,1,6.477,1,34.427,1
5905621,2025-12-10T05:43:20Z,1,-39.72655,134.88701,1,857.4,1,34.426,1,6.452,1,857.4,1,6.452,1,34.426,1
5905621,2025-12-10T05:43:20Z,1,-39.72655,134.88701,1,859.4,1,34.425,1,6.434,1,859.4,1,6.434,1,34.425,1
5905621,2025-12-10T05:43:20Z,1,-39.72655,134.88701,1,861.3,1,34.424,1,6.417,1,861.3,1,6.417,1,34.424,1
5905621,2025-12-10T05:43:20Z,1,-39.72655,134.88701,1,863.2,1,34.423,1,6.39,1,863.2,1,6.39,1,34.423,1
5905621,2025-12-10T05:43:20Z,1,-39.72655,134.88701,1,865.1,1,34.422,1,6.374,1,865.1,1,6.374,1,34.422,1
5905621,2025-12-10T05:43:20Z,1,-39.72655,134.88701,1,867.0,1,34.421,1,6.353,1,867.0,1,6.353,1,34.421,1
5905621,2025-12-10T05:43:20Z,1,-39.72655,134.88701,1,869.4,1,34.42,1,6.343,1,869.4,1,6.343,1,34.42,1
5905621,2025-12-10T05:43:20Z,1,-39.72655,134.88701,1,871.8,1,34.42,1,6.298,1,871.8,1,6.298,1,34.42,1
5905621,2025-12-10T05:43:20Z,1,-39.72655,134.88701,1,873.8,1,34.417,1,6.269,1,873.8,1,6.269,1,34.417,1
5905621,2025-12-10T05:43:20Z,1,-39.72655,134.88701,1,875.7,1,34.416,1,6.243,1,875.7,1,6.243,1,34.416,1
5905621,2025-12-10T05:43:20Z,1,-39.72655,134.88701,1,877.6,1,34.415,1,6.24,1,877.6,1,6.24,1,34.415,1
5905621,2025-12-10T05:43:20Z,1,-39.72655,134.88701,1,879.6,1,34.415,1,6.225,1,879.6,1,6.225,1,34.415,1
5905621,2025-12-10T05:43:20Z,1,-39.72655,134.88701,1,881.6,1,34.414,1,6.206,1,881.6,1,6.206,1,34.414,1
5905621,2025-12-10T05:43:20Z,1,-39.72655,134.88701,1,883.6,1,34.412,1,6.182,1,883.6,1,6.182,1,34.412,1
5905621,2025-12-10T05:43:20Z,1,-39.72655,134.88701,1,885.6,1,34.412,1,6.149,1,885.6,1,6.149,1,34.412,1
5905621,2025-12-10T05:43:20Z,1,-39.72655,134.88701,1,887.5,1,34.411,1,6.12,1,887.5,1,6.12,1,34.411,1
5905621,2025-12-10T05:43:20Z,1,-39.72655,134.88701,1,889.4,1,34.411,1,6.1,1,889.4,1,6.1,1,34.411,1
5905621,2025-12-10T05:43:20Z,1,-39.72655,134.88701,1,891.4,1,34.41,1,6.056,1,891.4,1,6.056,1,34.41,1
5905621,2025-12-10T05:43:20Z,1,-39.72655,134.88701,1,893.3,1,34.409,1,6.038,1,893.3,1,6.038,1,34.409,1
5905621,2025-12-10T05:43:20Z,1,-39.72655,134.88701,1,895.2,1,34.409,1,6.025,1,895.2,1,6.025,1,34.409,1
5905621,2025-12-10T05:43:20Z,1,-39.72655,134.88701,1,897.1,1,34.407,1,6.01,1,897.1,1,6.01,1,34.407,1
5905621,2025-12-10T05:43:20Z,1,-39.72655,134.88701,1,899.0,1,34.407,1,5.992,1,899.0,1,5.992,1,34.407,1
5905621,2025-12-10T05:43:20Z,1,-39.72655,134.88701,1,901.4,1,34.405,1,5.943,1,901.4,1,5.943,1,34.405,1
5905621,2025-12-10T05:43:20Z,1,-39.72655,134.88701,1,903.8,1,34.404,1,5.916,1,903.8,1,5.916,1,34.404,1
5905621,2025-12-10T05:43:20Z,1,-39.72655,134.88701,1,905.7,1,34.405,1,5.912,1,905.7,1,5.912,1,34.405,1
5905621,2025-12-10T05:43:20Z,1,-39.72655,134.88701,1,907.7,1,34.403,1,5.895,1,907.7,1,5.895,1,34.403,1
5905621,2025-12-10T05:43:20Z,1,-39.72655,134.88701,1,909.5,1,34.402,1,5.867,1,909.5,1,5.867,1,34.402,1
5905621,2025-12-10T05:43:20Z,1,-39.72655,134.88701,1,911.4,1,34.401,1,5.847,1,911.4,1,5.847,1,34.401,1
5905621,2025-12-10T05:43:20Z,1,-39.72655,134.88701,1,913.3,1,34.4,1,5.826,1,913.3,1,5.826,1,34.4,1
5905621,2025-12-10T05:43:20Z,1,-39.72655,134.88701,1,915.2,1,34.4,1,5.813,1,915.2,1,5.813,1,34.4,1
5905621,2025-12-10T05:43:20Z,1,-39.72655,134.88701,1,917.1,1,34.4,1,5.78,1,917.1,1,5.78,1,34.4,1
5905621,2025-12-10T05:43:20Z,1,-39.72655,134.88701,1,919.0,1,34.398,1,5.762,1,919.0,1,5.762,1,34.398,1
5905621,2025-12-10T05:43:20Z,1,-39.72655,134.88701,1,921.4,1,34.398,1,5.737,1,921.4,1,5.737,1,34.398,1
5905621,2025-12-10T05:43:20Z,1,-39.72655,134.88701,1,923.8,1,34.397,1,5.726,1,923.8,1,5.726,1,34.397,1
5905621,2025-12-10T05:43:20Z,1,-39.72655,134.88701,1,925.8,1,34.398,1,5.7,1,925.8,1,5.7,1,34.398,1
5905621,2025-12-10T05:43:20Z,1,-39.72655,134.88701,1,927.7,1,34.396,1,5.688,1,927.7,1,5.688,1,34.396,1
5905621,2025-12-10T05:43:20Z,1,-39.72655,134.88701,1,929.6,1,34.396,1,5.677,1,929.6,1,5.677,1,34.396,1
5905621,2025-12-10T05:43:20Z,1,-39.72655,134.88701,1,931.5,1,34.395,1,5.653,1,931.5,1,5.653,1,34.395,1
5905621,2025-12-10T05:43:20Z,1,-39.72655,134.88701,1,933.4,1,34.395,1,5.636,1,933.4,1,5.636,1,34.395,1
5905621,2025-12-10T05:43:20Z,1,-39.72655,134.88701,1,935.4,1,34.394,1,5.611,1,935.4,1,5.611,1,34.394,1
5905621,2025-12-10T05:43:20Z,1,-39.72655,134.88701,1,937.3,1,34.393,1,5.595,1,937.3,1,5.595,1,34.393,1
5905621,2025-12-10T05:43:20Z,1,-39.72655,134.88701,1,939.2,1,34.393,1,5.56,1,939.2,1,5.56,1,34.393,1
5905621,2025-12-10T05:43:20Z,1,-39.72655,134.88701,1,941.1,1,34.392,1,5.533,1,941.1,1,5.533,1,34.392,1
5905621,2025-12-10T05:43:20Z,1,-39.72655,134.88701,1,943.1,1,34.392,1,5.499,1,943.1,1,5.499,1,34.392,1
5905621,2025-12-10T05:43:20Z,1,-39.72655,134.88701,1,945.0,1,34.391,1,5.489,1,945.0,1,5.489,1,34.391,1
5905621,2025-12-10T05:43:20Z,1,-39.72655,134.88701,1,947.4,1,34.391,1,5.46,1,947.4,1,5.46,1,34.391,1
5905621,2025-12-10T05:43:20Z,1,-39.72655,134.88701,1,949.8,1,34.392,1,5.428,1,949.8,1,5.428,1,34.392,1
5905621,2025-12-10T05:43:20Z,1,-39.72655,134.88701,1,951.8,1,34.391,1,5.41,1,951.8,1,5.41,1,34.391,1
5905621,2025-12-10T05:43:20Z,1,-39.72655,134.88701,1,953.8,1,34.39,1,5.404,1,953.8,1,5.404,1,34.39,1
5905621,2025-12-10T05:43:20Z,1,-39.72655,134.88701,1,955.7,1,34.391,1,5.393,1,955.7,1,5.393,1,34.391,1
5905621,2025-12-10T05:43:20Z,1,-39.72655,134.88701,1,957.7,1,34.392,1,5.378,1,957.7,1,5.378,1,34.392,1
5905621,2025-12-10T05:43:20Z,1,-39.72655,134.88701,1,959.6,1,34.391,1,5.363,1,959.6,1,5.363,1,34.391,1
5905621,2025-12-10T05:43:20Z,1,-39.72655,134.88701,1,961.6,1,34.39,1,5.347,1,961.6,1,5.347,1,34.39,1
5905621,2025-12-10T05:43:20Z,1,-39.72655,134.88701,1,963.6,1,34.389,1,5.313,1,963.6,1,5.313,1,34.389,1
5905621,2025-12-10T05:43:20Z,1,-39.72655,134.88701,1,965.6,1,34.39,1,5.275,1,965.6,1,5.275,1,34.39,1
5905621,2025-12-10T05:43:20Z,1,-39.72655,134.88701,1,967.6,1,34.389,1,5.255,1,967.6,1,5.255,1,34.389,1
5905621,2025-12-10T05:43:20Z,1,-39.72655,134.88701,1,969.6,1,34.388,1,5.246,1,969.6,1,5.246,1,34.388,1
5905621,2025-12-10T05:43:20Z,1,-39.72655,134.88701,1,971.5,1,34.388,1,5.234,1,971.5,1,5.234,1,34.388,1
5905621,2025-12-10T05:43:20Z,1,-39.72655,134.88701,1,973.4,1,34.388,1,5.226,1,973.4,1,5.226,1,34.388,1
5905621,2025-12-10T05:43:20Z,1,-39.72655,134.88701,1,975.4,1,34.388,1,5.208,1,975.4,1,5.208,1,34.388,1
5905621,2025-12-10T05:43:20Z,1,-39.72655,134.88701,1,977.3,1,34.388,1,5.186,1,977.3,1,5.186,1,34.388,1
5905621,2025-12-10T05:43:20Z,1,-39.72655,134.88701,1,979.3,1,34.387,1,5.163,1,979.3,1,5.163,1,34.387,1
5905621,2025-12-10T05:43:20Z,1,-39.72655,134.88701,1,981.3,1,34.387,1,5.149,1,981.3,1,5.149,1,34.387,1
5905621,2025-12-10T05:43:20Z,1,-39.72655,134.88701,1,983.3,1,34.387,1,5.131,1,983.3,1,5.131,1,34.387,1
5905621,2025-12-10T05:43:20Z,1,-39.72655,134.88701,1,985.2,1,34.388,1,5.109,1,985.2,1,5.109,1,34.388,1
5905621,2025-12-10T05:43:20Z,1,-39.72655,134.88701,1,987.3,1,34.387,1,5.099,1,987.3,1,5.099,1,34.387,1
5905621,2025-12-10T05:43:20Z,1,-39.72655,134.88701,1,989.3,1,34.387,1,5.083,1,989.3,1,5.083,1,34.387,1
5905621,2025-12-10T05:43:20Z,1,-39.72655,134.88701,1,991.3,1,34.388,1,5.048,1,991.3,1,5.048,1,34.388,1
5905621,2025-12-10T05:43:20Z,1,-39.72655,134.88701,1,993.3,1,34.388,1,5.024,1,993.3,1,5.024,1,34.388,1
5905621,2025-12-10T05:43:20Z,1,-39.72655,134.88701,1,995.4,1,34.388,1,5.007,1,995.4,1,5.007,1,34.388,1
5905621,2025-12-10T05:43:20Z,1,-39.72655,134.88701,1,997.4,1,34.387,1,4.992,1,997.4,1,4.992,1,34.387,1
5905621,2025-12-10T05:43:20Z,1,-39.72655,134.88701,1,999.4,1,34.388,1,4.965,1,999.4,1,4.965,1,34.388,1
5905621,2025-12-10T05:43:20Z,1,-39.72655,134.88701,1,1001.4,1,34.388,1,4.945,1,1001.4,1,4.945,1,34.388,1
5905621,2025-12-10T05:43:20Z,1,-39.72655,134.88701,1,1003.4,1,34.388,1,4.929,1,1003.4,1,4.929,1,34.388,1
5905621,2025-12-10T05:43:20Z,1,-39.72655,134.88701,1,1005.5,1,34.389,1,4.907,1,1005.5,1,4.907,1,34.389,1
5905621,2025-12-10T05:43:20Z,1,-39.72655,134.88701,1,1007.6,1,34.389,1,4.893,1,1007.6,1,4.893,1,34.389,1
5905621,2025-12-10T05:43:20Z,1,-39.72655,134.88701,1,1009.7,1,34.389,1,4.871,1,1009.7,1,4.871,1,34.389,1
5905621,2025-12-10T05:43:20Z,1,-39.72655,134.88701,1,1011.8,1,34.388,1,4.852,1,1011.8,1,4.852,1,34.388,1
5905621,2025-12-10T05:43:20Z,1,-39.72655,134.88701,1,1013.9,1,34.388,1,4.832,1,1013.9,1,4.832,1,34.388,1
5905621,2025-12-10T05:43:20Z,1,-39.72655,134.88701,1,1015.5,1,34.39,1,4.817,1,1015.5,1,4.817,1,34.39,1
5905621,2025-12-10T05:43:20Z,1,-39.72655,134.88701,1,1017.1,1,34.387,1,4.798,1,1017.1,1,4.798,1,34.387,1
5905621,2025-12-10T05:43:20Z,1,-39.72655,134.88701,1,1019.2,1,34.388,1,4.792,1,1019.2,1,4.792,1,34.388,1
5905621,2025-12-10T05:43:20Z,1,-39.72655,134.88701,1,1021.3,1,34.389,1,4.78,1,1021.3,1,4.78,1,34.389,1
5905621,2025-12-10T05:43:20Z,1,-39.72655,134.88701,1,1023.4,1,34.39,1,4.755,1,1023.4,1,4.755,1,34.39,1
5905621,2025-12-10T05:43:20Z,1,-39.72655,134.88701,1,1025.5,1,34.39,1,4.736,1,1025.5,1,4.736,1,34.39,1
5905621,2025-12-10T05:43:20Z,1,-39.72655,134.88701,1,1027.6,1,34.391,1,4.719,1,1027.6,1,4.719,1,34.391,1
5905621,2025-12-10T05:43:20Z,1,-39.72655,134.88701,1,1029.7,1,34.389,1,4.701,1,1029.7,1,4.701,1,34.389,1
5905621,2025-12-10T05:43:20Z,1,-39.72655,134.88701,1,1031.8,1,34.39,1,4.668,1,1031.8,1,4.668,1,34.39,1
5905621,2025-12-10T05:43:20Z,1,-39.72655,134.88701,1,1033.4,1,34.392,1,4.638,1,1033.4,1,4.638,1,34.392,1
5905621,2025-12-10T05:43:20Z,1,-39.72655,134.88701,1,1035.0,1,34.391,1,4.632,1,1035.0,1,4.632,1,34.391,1
5905621,2025-12-10T05:43:20Z,1,-39.72655,134.88701,1,1037.3,1,34.39,1,4.622,1,1037.3,1,4.622,1,34.39,1
5905621,2025-12-10T05:43:20Z,1,-39.72655,134.88701,1,1039.4,1,34.39,1,4.607,1,1039.4,1,4.607,1,34.39,1
5905621,2025-12-10T05:43:20Z,1,-39.72655,134.88701,1,1041.4,1,34.389,1,4.586,1,1041.4,1,4.586,1,34.389,1
5905621,2025-12-10T05:43:20Z,1,-39.72655,134.88701,1,1043.5,1,34.39,1,4.567,1,1043.5,1,4.567,1,34.39,1
5905621,2025-12-10T05:43:20Z,1,-39.72655,134.88701,1,1045.6,1,34.39,1,4.549,1,1045.6,1,4.549,1,34.39,1
5905621,2025-12-10T05:43:20Z,1,-39.72655,134.88701,1,1047.6,1,34.391,1,4.531,1,1047.6,1,4.531,1,34.391,1
5905621,2025-12-10T05:43:20Z,1,-39.72655,134.88701,1,1049.3,1,34.385,1,4.499,1,1049.3,1,4.499,1,34.385,1
5905621,2025-12-10T05:43:20Z,1,-39.72655,134.88701,1,1051.3,1,34.39,1,4.49,1,1051.3,1,4.49,1,34.39,1
5905621,2025-12-10T05:43:20Z,1,-39.72655,134.88701,1,1053.4,1,34.39,1,4.488,1,1053.4,1,4.488,1,34.39,1
5905621,2025-12-10T05:43:20Z,1,-39.72655,134.88701,1,1055.4,1,34.39,1,4.478,1,1055.4,1,4.478,1,34.39,1
5905621,2025-12-10T05:43:20Z,1,-39.72655,134.88701,1,1057.6,1,34.392,1,4.472,1,1057.6,1,4.472,1,34.392,1
5905621,2025-12-10T05:43:20Z,1,-39.72655,134.88701,1,1059.2,1,34.392,1,4.459,1,1059.2,1,4.459,1,34.392,1
5905621,2025-12-10T05:43:20Z,1,-39.72655,134.88701,1,1061.3,1,34.391,1,4.453,1,1061.3,1,4.453,1,34.391,1
5905621,2025-12-10T05:43:20Z,1,-39.72655,134.88701,1,1063.4,1,34.392,1,4.433,1,1063.4,1,4.433,1,34.392,1
5905621,2025-12-10T05:43:20Z,1,-39.72655,134.88701,1,1065.4,1,34.391,1,4.402,1,1065.4,1,4.402,1,34.391,1
5905621,2025-12-10T05:43:20Z,1,-39.72655,134.88701,1,1067.5,1,34.392,1,4.396,1,1067.5,1,4.396,1,34.392,1
5905621,2025-12-10T05:43:20Z,1,-39.72655,134.88701,1,1069.6,1,34.393,1,4.39,1,1069.6,1,4.39,1,34.393,1
5905621,2025-12-10T05:43:20Z,1,-39.72655,134.88701,1,1071.7,1,34.394,1,4.391,1,1071.7,1,4.391,1,34.394,1
5905621,2025-12-10T05:43:20Z,1,-39.72655,134.88701,1,1073.3,1,34.397,1,4.397,1,1073.3,1,4.397,1,34.397,1
5905621,2025-12-10T05:43:20Z,1,-39.72655,134.88701,1,1075.4,1,34.398,1,4.396,1,1075.4,1,4.396,1,34.398,1
5905621,2025-12-10T05:43:20Z,1,-39.72655,134.88701,1,1077.5,1,34.398,1,4.395,1,1077.5,1,4.395,1,34.398,1
5905621,2025-12-10T05:43:20Z,1,-39.72655,134.88701,1,1079.2,1,34.399,1,4.382,1,1079.2,1,4.382,1,34.399,1
5905621,2025-12-10T05:43:20Z,1,-39.72655,134.88701,1,1081.3,1,34.397,1,4.36,1,1081.3,1,4.36,1,34.397,1
5905621,2025-12-10T05:43:20Z,1,-39.72655,134.88701,1,1083.4,1,34.398,1,4.353,1,1083.4,1,4.353,1,34.398,1
5905621,2025-12-10T05:43:20Z,1,-39.72655,134.88701,1,1085.5,1,34.399,1,4.35,1,1085.5,1,4.35,1,34.399,1
5905621,2025-12-10T05:43:20Z,1,-39.72655,134.88701,1,1087.7,1,34.401,1,4.347,1,1087.7,1,4.347,1,34.401,1
5905621,2025-12-10T05:43:20Z,1,-39.72655,134.88701,1,1089.4,1,34.402,1,4.339,1,1089.4,1,4.339,1,34.402,1
5905621,2025-12-10T05:43:20Z,1,-39.72655,134.88701,1,1091.5,1,34.402,1,4.328,1,1091.5,1,4.328,1,34.402,1
5905621,2025-12-10T05:43:20Z,1,-39.72655,134.88701,1,1093.7,1,34.405,1,4.307,1,1093.7,1,4.307,1,34.405,1
5905621,2025-12-10T05:43:20Z,1,-39.72655,134.88701,1,1095.4,1,34.405,1,4.296,1,1095.4,1,4.296,1,34.405,1
5905621,2025-12-10T05:43:20Z,1,-39.72655,134.88701,1,1097.2,1,34.406,1,4.287,1,1097.2,1,4.287,1,34.406,1
5905621,2025-12-10T05:43:20Z,1,-39.72655,134.88701,1,1099.3,1,34.406,1,4.279,1,1099.3,1,4.279,1,34.406,1
5905621,2025-12-10T05:43:20Z,1,-39.72655,134.88701,1,1101.5,1,34.407,1,4.269,1,1101.5,1,4.269,1,34.407,1
5905621,2025-12-10T05:43:20Z,1,-39.72655,134.88701,1,1103.3,1,34.408,1,4.258,1,1103.3,1,4.258,1,34.408,1
5905621,2025-12-10T05:43:20Z,1,-39.72655,134.88701,1,1105.5,1,34.407,1,4.242,1,1105.5,1,4.242,1,34.407,1
5905621,2025-12-10T05:43:20Z,1,-39.72655,134.88701,1,1107.7,1,34.408,1,4.237,1,1107.7,1,4.237,1,34.408,1
5905621,2025-12-10T05:43:20Z,1,-39.72655,134.88701,1,1109.5,1,34.408,1,4.227,1,1109.5,1,4.227,1,34.408,1
5905621,2025-12-10T05:43:20Z,1,-39.72655,134.88701,1,1111.2,1,34.407,1,4.207,1,1111.2,1,4.207,1,34.407,1
5905621,2025-12-10T05:43:20Z,1,-39.72655,134.88701,1,1113.4,1,34.408,1,4.193,1,1113.4,1,4.193,1,34.408,1
5905621,2025-12-10T05:43:20Z,1,-39.72655,134.88701,1,1115.6,1,34.408,1,4.181,1,1115.6,1,4.181,1,34.408,1
5905621,2025-12-10T05:43:20Z,1,-39.72655,134.88701,1,1117.4,1,34.409,1,4.175,1,1117.4,1,4.175,1,34.409,1
5905621,2025-12-10T05:43:20Z,1,-39.72655,134.88701,1,1119.2,1,34.409,1,4.168,1,1119.2,1,4.168,1,34.409,1
5905621,2025-12-10T05:43:20Z,1,-39.72655,134.88701,1,1121.4,1,34.411,1,4.15,1,1121.4,1,4.15,1,34.411,1
5905621,2025-12-10T05:43:20Z,1,-39.72655,134.88701,1,1123.6,1,34.411,1,4.135,1,1123.6,1,4.135,1,34.411,1
5905621,2025-12-10T05:43:20Z,1,-39.72655,134.88701,1,1125.4,1,34.411,1,4.126,1,1125.4,1,4.126,1,34.411,1
5905621,2025-12-10T05:43:20Z,1,-39.72655,134.88701,1,1127.2,1,34.413,1,4.115,1,1127.2,1,4.115,1,34.413,1
5905621,2025-12-10T05:43:20Z,1,-39.72655,134.88701,1,1129.4,1,34.413,1,4.101,1,1129.4,1,4.101,1,34.413,1
5905621,2025-12-10T05:43:20Z,1,-39.72655,134.88701,1,1131.6,1,34.414,1,4.088,1,1131.6,1,4.088,1,34.414,1
5905621,2025-12-10T05:43:20Z,1,-39.72655,134.88701,1,1133.4,1,34.415,1,4.066,1,1133.4,1,4.066,1,34.415,1
5905621,2025-12-10T05:43:20Z,1,-39.72655,134.88701,1,1135.2,1,34.416,1,4.049,1,1135.2,1,4.049,1,34.416,1
5905621,2025-12-10T05:43:20Z,1,-39.72655,134.88701,1,1137.1,1,34.416,1,4.018,1,1137.1,1,4.018,1,34.416,1
5905621,2025-12-10T05:43:20Z,1,-39.72655,134.88701,1,1139.4,1,34.416,1,4.003,1,1139.4,1,4.003,1,34.416,1
5905621,2025-12-10T05:43:20Z,1,-39.72655,134.88701,1,1141.6,1,34.418,1,3.996,1,1141.6,1,3.996,1,34.418,1
5905621,2025-12-10T05:43:20Z,1,-39.72655,134.88701,1,1143.4,1,34.418,1,3.994,1,1143.4,1,3.994,1,34.418,1
5905621,2025-12-10T05:43:20Z,1,-39.72655,134.88701,1,1145.5,1,34.419,1,3.983,1,1145.5,1,3.983,1,34.419,1
5905621,2025-12-10T05:43:20Z,1,-39.72655,134.88701,1,1147.7,1,34.419,1,3.978,1,1147.7,1,3.978,1,34.419,1
5905621,2025-12-10T05:43:20Z,1,-39.72655,134.88701,1,1149.5,1,34.421,1,3.96,1,1149.5,1,3.96,1,34.421,1
5905621,2025-12-10T05:43:20Z,1,-39.72655,134.88701,1,1151.3,1,34.423,1,3.953,1,1151.3,1,3.953,1,34.423,1
5905621,2025-12-10T05:43:20Z,1,-39.72655,134.88701,1,1153.1,1,34.424,1,3.943,1,1153.1,1,3.943,1,34.424,1
5905621,2025-12-10T05:43:20Z,1,-39.72655,134.88701,1,1155.4,1,34.425,1,3.931,1,1155.4,1,3.931,1,34.425,1
5905621,2025-12-10T05:43:20Z,1,-39.72655,134.88701,1,1157.7,1,34.425,1,3.914,1,1157.7,1,3.914,1,34.425,1
5905621,2025-12-10T05:43:20Z,1,-39.72655,134.88701,1,1159.5,1,34.427,1,3.897,1,1159.5,1,3.897,1,34.427,1
5905621,2025-12-10T05:43:20Z,1,-39.72655,134.88701,1,1161.4,1,34.428,1,3.889,1,1161.4,1,3.889,1,34.428,1
5905621,2025-12-10T05:43:20Z,1,-39.72655,134.88701,1,1163.2,1,34.428,1,3.888,1,1163.2,1,3.888,1,34.428,1
5905621,2025-12-10T05:43:20Z,1,-39.72655,134.88701,1,1165.1,1,34.428,1,3.886,1,1165.1,1,3.886,1,34.428,1
5905621,2025-12-10T05:43:20Z,1,-39.72655,134.88701,1,1167.4,1,34.428,1,3.882,1,1167.4,1,3.882,1,34.428,1
5905621,2025-12-10T05:43:20Z,1,-39.72655,134.88701,1,1169.8,1,34.429,1,3.876,1,1169.8,1,3.876,1,34.429,1
5905621,2025-12-10T05:43:20Z,1,-39.72655,134.88701,1,1171.7,1,34.429,1,3.866,1,1171.7,1,3.866,1,34.429,1
5905621,2025-12-10T05:43:20Z,1,-39.72655,134.88701,1,1173.5,1,34.429,1,3.853,1,1173.5,1,3.853,1,34.429,1
5905621,2025-12-10T05:43:20Z,1,-39.72655,134.88701,1,1175.4,1,34.431,1,3.843,1,1175.4,1,3.843,1,34.431,1
5905621,2025-12-10T05:43:20Z,1,-39.72655,134.88701,1,1177.3,1,34.431,1,3.835,1,1177.3,1,3.835,1,34.431,1
5905621,2025-12-10T05:43:20Z,1,-39.72655,134.88701,1,1179.3,1,34.431,1,3.826,1,1179.3,1,3.826,1,34.431,1
5905621,2025-12-10T05:43:20Z,1,-39.72655,134.88701,1,1181.2,1,34.431,1,3.821,1,1181.2,1,3.821,1,34.431,1
5905621,2025-12-10T05:43:20Z,1,-39.72655,134.88701,1,1183.1,1,34.431,1,3.815,1,1183.1,1,3.815,1,34.431,1
5905621,2025-12-10T05:43:20Z,1,-39.72655,134.88701,1,1185.4,1,34.431,1,3.798,1,1185.4,1,3.798,1,34.431,1
5905621,2025-12-10T05:43:20Z,1,-39.72655,134.88701,1,1187.8,1,34.433,1,3.78,1,1187.8,1,3.78,1,34.433,1
5905621,2025-12-10T05:43:20Z,1,-39.72655,134.88701,1,1189.7,1,34.433,1,3.765,1,1189.7,1,3.765,1,34.433,1
5905621,2025-12-10T05:43:20Z,1,-39.72655,134.88701,1,1191.7,1,34.434,1,3.76,1,1191.7,1,3.76,1,34.434,1
5905621,2025-12-10T05:43:20Z,1,-39.72655,134.88701,1,1193.6,1,34.435,1,3.757,1,1193.6,1,3.757,1,34.435,1
5905621,2025-12-10T05:43:20Z,1,-39.72655,134.88701,1,1195.6,1,34.435,1,3.753,1,1195.6,1,3.753,1,34.435,1
5905621,2025-12-10T05:43:20Z,1,-39.72655,134.88701,1,1197.5,1,34.435,1,3.744,1,1197.5,1,3.744,1,34.435,1
5905621,2025-12-10T05:43:20Z,1,-39.72655,134.88701,1,1199.5,1,34.437,1,3.731,1,1199.5,1,3.731,1,34.437,1
5905621,2025-12-10T05:43:20Z,1,-39.72655,134.88701,1,1201.5,1,34.437,1,3.724,1,1201.5,1,3.724,1,34.437,1
5905621,2025-12-10T05:43:20Z,1,-39.72655,134.88701,1,1203.5,1,34.439,1,3.713,1,1203.5,1,3.713,1,34.439,1
5905621,2025-12-10T05:43:20Z,1,-39.72655,134.88701,1,1205.5,1,34.44,1,3.71,1,1205.5,1,3.71,1,34.44,1
5905621,2025-12-10T05:43:20Z,1,-39.72655,134.88701,1,1207.5,1,34.439,1,3.707,1,1207.5,1,3.707,1,34.439,1
5905621,2025-12-10T05:43:20Z,1,-39.72655,134.88701,1,1209.4,1,34.44,1,3.698,1,1209.4,1,3.698,1,34.44,1
5905621,2025-12-10T05:43:20Z,1,-39.72655,134.88701,1,1211.4,1,34.441,1,3.688,1,1211.4,1,3.688,1,34.441,1
5905621,2025-12-10T05:43:20Z,1,-39.72655,134.88701,1,1213.5,1,34.443,1,3.677,1,1213.5,1,3.677,1,34.443,1
5905621,2025-12-10T05:43:20Z,1,-39.72655,134.88701,1,1215.5,1,34.443,1,3.672,1,1215.5,1,3.672,1,34.443,1
5905621,2025-12-10T05:43:20Z,1,-39.72655,134.88701,1,1217.5,1,34.443,1,3.666,1,1217.5,1,3.666,1,34.443,1
5905621,2025-12-10T05:43:20Z,1,-39.72655,134.88701,1,1219.5,1,34.444,1,3.657,1,1219.5,1,3.657,1,34.444,1
5905621,2025-12-10T05:43:20Z,1,-39.72655,134.88701,1,1221.5,1,34.445,1,3.65,1,1221.5,1,3.65,1,34.445,1
5905621,2025-12-10T05:43:20Z,1,-39.72655,134.88701,1,1223.5,1,34.445,1,3.647,1,1223.5,1,3.647,1,34.445,1
5905621,2025-12-10T05:43:20Z,1,-39.72655,134.88701,1,1225.5,1,34.446,1,3.638,1,1225.5,1,3.638,1,34.446,1
5905621,2025-12-10T05:43:20Z,1,-39.72655,134.88701,1,1227.5,1,34.448,1,3.621,1,1227.5,1,3.621,1,34.448,1
5905621,2025-12-10T05:43:20Z,1,-39.72655,134.88701,1,1229.5,1,34.451,1,3.605,1,1229.5,1,3.605,1,34.451,1
5905621,2025-12-10T05:43:20Z,1,-39.72655,134.88701,1,1231.5,1,34.45,1,3.598,1,1231.5,1,3.598,1,34.45,1
5905621,2025-12-10T05:43:20Z,1,-39.72655,134.88701,1,1233.5,1,34.451,1,3.591,1,1233.5,1,3.591,1,34.451,1
5905621,2025-12-10T05:43:20Z,1,-39.72655,134.88701,1,1235.5,1,34.454,1,3.572,1,1235.5,1,3.572,1,34.454,1
5905621,2025-12-10T05:43:20Z,1,-39.72655,134.88701,1,1237.5,1,34.454,1,3.557,1,1237.5,1,3.557,1,34.454,1
5905621,2025-12-10T05:43:20Z,1,-39.72655,134.88701,1,1239.5,1,34.455,1,3.55,1,1239.5,1,3.55,1,34.455,1
5905621,2025-12-10T05:43:20Z,1,-39.72655,134.88701,1,1241.5,1,34.456,1,3.54,1,1241.5,1,3.54,1,34.456,1
5905621,2025-12-10T05:43:20Z,1,-39.72655,134.88701,1,1243.6,1,34.457,1,3.531,1,1243.6,1,3.531,1,34.457,1
5905621,2025-12-10T05:43:20Z,1,-39.72655,134.88701,1,1245.6,1,34.457,1,3.528,1,1245.6,1,3.528,1,34.457,1
5905621,2025-12-10T05:43:20Z,1,-39.72655,134.88701,1,1247.6,1,34.459,1,3.517,1,1247.6,1,3.517,1,34.459,1
5905621,2025-12-10T05:43:20Z,1,-39.72655,134.88701,1,1249.7,1,34.46,1,3.507,1,1249.7,1,3.507,1,34.46,1
5905621,2025-12-10T05:43:20Z,1,-39.72655,134.88701,1,1251.7,1,34.461,1,3.493,1,1251.7,1,3.493,1,34.461,1
5905621,2025-12-10T05:43:20Z,1,-39.72655,134.88701,1,1253.8,1,34.461,1,3.487,1,1253.8,1,3.487,1,34.461,1
5905621,2025-12-10T05:43:20Z,1,-39.72655,134.88701,1,1255.8,1,34.461,1,3.481,1,1255.8,1,3.481,1,34.461,1
5905621,2025-12-10T05:43:20Z,1,-39.72655,134.88701,1,1257.9,1,34.463,1,3.468,1,1257.9,1,3.468,1,34.463,1
5905621,2025-12-10T05:43:20Z,1,-39.72655,134.88701,1,1259.9,1,34.465,1,3.457,1,1259.9,1,3.457,1,34.465,1
5905621,2025-12-10T05:43:20Z,1,-39.72655,134.88701,1,1261.9,1,34.466,1,3.442,1,1261.9,1,3.442,1,34.466,1
5905621,2025-12-10T05:43:20Z,1,-39.72655,134.88701,1,1263.5,1,34.468,1,3.434,1,1263.5,1,3.434,1,34.468,1
5905621,2025-12-10T05:43:20Z,1,-39.72655,134.88701,1,1265.0,1,34.467,1,3.432,1,1265.0,1,3.432,1,34.467,1
5905621,2025-12-10T05:43:20Z,1,-39.72655,134.88701,1,1267.0,1,34.468,1,3.426,1,1267.0,1,3.426,1,34.468,1
5905621,2025-12-10T05:43:20Z,1,-39.72655,134.88701,1,1269.0,1,34.469,1,3.418,1,1269.0,1,3.418,1,34.469,1
5905621,2025-12-10T05:43:20Z,1,-39.72655,134.88701,1,1271.1,1,34.469,1,3.413,1,1271.1,1,3.413,1,34.469,1
5905621,2025-12-10T05:43:20Z,1,-39.72655,134.88701,1,1273.1,1,34.47,1,3.405,1,1273.1,1,3.405,1,34.47,1
5905621,2025-12-10T05:43:20Z,1,-39.72655,134.88701,1,1275.2,1,34.471,1,3.398,1,1275.2,1,3.398,1,34.471,1
5905621,2025-12-10T05:43:20Z,1,-39.72655,134.88701,1,1277.2,1,34.472,1,3.39,1,1277.2,1,3.39,1,34.472,1
5905621,2025-12-10T05:43:20Z,1,-39.72655,134.88701,1,1279.3,1,34.473,1,3.383,1,1279.3,1,3.383,1,34.473,1
5905621,2025-12-10T05:43:20Z,1,-39.72655,134.88701,1,1281.4,1,34.474,1,3.374,1,1281.4,1,3.374,1,34.474,1
5905621,2025-12-10T05:43:20Z,1,-39.72655,134.88701,1,1283.5,1,34.474,1,3.371,1,1283.5,1,3.371,1,34.474,1
5905621,2025-12-10T05:43:20Z,1,-39.72655,134.88701,1,1285.6,1,34.475,1,3.366,1,1285.6,1,3.366,1,34.475,1
5905621,2025-12-10T05:43:20Z,1,-39.72655,134.88701,1,1287.7,1,34.476,1,3.357,1,1287.7,1,3.357,1,34.476,1
5905621,2025-12-10T05:43:20Z,1,-39.72655,134.88701,1,1289.7,1,34.478,1,3.351,1,1289.7,1,3.351,1,34.478,1
5905621,2025-12-10T05:43:20Z,1,-39.72655,134.88701,1,1291.8,1,34.478,1,3.348,1,1291.8,1,3.348,1,34.478,1
5905621,2025-12-10T05:43:20Z,1,-39.72655,134.88701,1,1293.9,1,34.479,1,3.341,1,1293.9,1,3.341,1,34.479,1
5905621,2025-12-10T05:43:20Z,1,-39.72655,134.88701,1,1295.5,1,34.479,1,3.34,1,1295.5,1,3.34,1,34.479,1
5905621,2025-12-10T05:43:20Z,1,-39.72655,134.88701,1,1297.0,1,34.479,1,3.338,1,1297.0,1,3.338,1,34.479,1
5905621,2025-12-10T05:43:20Z,1,-39.72655,134.88701,1,1299.1,1,34.48,1,3.329,1,1299.1,1,3.329,1,34.48,1
5905621,2025-12-10T05:43:20Z,1,-39.72655,134.88701,1,1301.3,1,34.481,1,3.318,1,1301.3,1,3.318,1,34.481,1
5905621,2025-12-10T05:43:20Z,1,-39.72655,134.88701,1,1303.3,1,34.482,1,3.312,1,1303.3,1,3.312,1,34.482,1
5905621,2025-12-10T05:43:20Z,1,-39.72655,134.88701,1,1305.6,1,34.483,1,3.307,1,1305.6,1,3.307,1,34.483,1
5905621,2025-12-10T05:43:20Z,1,-39.72655,134.88701,1,1307.6,1,34.485,1,3.29,1,1307.6,1,3.29,1,34.485,1
5905621,2025-12-10T05:43:20Z,1,-39.72655,134.88701,1,1309.6,1,34.486,1,3.279,1,1309.6,1,3.279,1,34.486,1
5905621,2025-12-10T05:43:20Z,1,-39.72655,134.88701,1,1311.6,1,34.487,1,3.276,1,1311.6,1,3.276,1,34.487,1
5905621,2025-12-10T05:43:20Z,1,-39.72655,134.88701,1,1313.6,1,34.487,1,3.271,1,1313.6,1,3.271,1,34.487,1
5905621,2025-12-10T05:43:20Z,1,-39.72655,134.88701,1,1315.6,1,34.488,1,3.264,1,1315.6,1,3.264,1,34.488,1
5905621,2025-12-10T05:43:20Z,1,-39.72655,134.88701,1,1317.2,1,34.488,1,3.26,1,1317.2,1,3.26,1,34.488,1
5905621,2025-12-10T05:43:20Z,1,-39.72655,134.88701,1,1319.3,1,34.489,1,3.255,1,1319.3,1,3.255,1,34.489,1
5905621,2025-12-10T05:43:20Z,1,-39.72655,134.88701,1,1321.3,1,34.489,1,3.244,1,1321.3,1,3.244,1,34.489,1
5905621,2025-12-10T05:43:20Z,1,-39.72655,134.88701,1,1323.4,1,34.489,1,3.24,1,1323.4,1,3.24,1,34.489,1
5905621,2025-12-10T05:43:20Z,1,-39.72655,134.88701,1,1325.4,1,34.491,1,3.23,1,1325.4,1,3.23,1,34.491,1
5905621,2025-12-10T05:43:20Z,1,-39.72655,134.88701,1,1327.5,1,34.492,1,3.225,1,1327.5,1,3.225,1,34.492,1
5905621,2025-12-10T05:43:20Z,1,-39.72655,134.88701,1,1329.6,1,34.492,1,3.219,1,1329.6,1,3.219,1,34.492,1
5905621,2025-12-10T05:43:20Z,1,-39.72655,134.88701,1,1331.3,1,34.494,1,3.208,1,1331.3,1,3.208,1,34.494,1
5905621,2025-12-10T05:43:20Z,1,-39.72655,134.88701,1,1333.4,1,34.494,1,3.2,1,1333.4,1,3.2,1,34.494,1
5905621,2025-12-10T05:43:20Z,1,-39.72655,134.88701,1,1335.5,1,34.496,1,3.187,1,1335.5,1,3.187,1,34.496,1
5905621,2025-12-10T05:43:20Z,1,-39.72655,134.88701,1,1337.2,1,34.496,1,3.182,1,1337.2,1,3.182,1,34.496,1
5905621,2025-12-10T05:43:20Z,1,-39.72655,134.88701,1,1339.3,1,34.497,1,3.176,1,1339.3,1,3.176,1,34.497,1
5905621,2025-12-10T05:43:20Z,1,-39.72655,134.88701,1,1341.5,1,34.498,1,3.169,1,1341.5,1,3.169,1,34.498,1
5905621,2025-12-10T05:43:20Z,1,-39.72655,134.88701,1,1343.2,1,34.499,1,3.163,1,1343.2,1,3.163,1,34.499,1
5905621,2025-12-10T05:43:20Z,1,-39.72655,134.88701,1,1345.3,1,34.499,1,3.159,1,1345.3,1,3.159,1,34.499,1
5905621,2025-12-10T05:43:20Z,1,-39.72655,134.88701,1,1347.5,1,34.5,1,3.155,1,1347.5,1,3.155,1,34.5,1
5905621,2025-12-10T05:43:20Z,1,-39.72655,134.88701,1,1349.3,1,34.501,1,3.15,1,1349.3,1,3.15,1,34.501,1
5905621,2025-12-10T05:43:20Z,1,-39.72655,134.88701,1,1351.5,1,34.502,1,3.142,1,1351.5,1,3.142,1,34.502,1
5905621,2025-12-10T05:43:20Z,1,-39.72655,134.88701,1,1353.7,1,34.504,1,3.133,1,1353.7,1,3.133,1,34.504,1
5905621,2025-12-10T05:43:20Z,1,-39.72655,134.88701,1,1355.4,1,34.504,1,3.133,1,1355.4,1,3.133,1,34.504,1
5905621,2025-12-10T05:43:20Z,1,-39.72655,134.88701,1,1357.2,1,34.504,1,3.131,1,1357.2,1,3.131,1,34.504,1
5905621,2025-12-10T05:43:20Z,1,-39.72655,134.88701,1,1359.4,1,34.504,1,3.124,1,1359.4,1,3.124,1,34.504,1
5905621,2025-12-10T05:43:20Z,1,-39.72655,134.88701,1,1361.6,1,34.505,1,3.118,1,1361.6,1,3.118,1,34.505,1
5905621,2025-12-10T05:43:20Z,1,-39.72655,134.88701,1,1363.4,1,34.505,1,3.114,1,1363.4,1,3.114,1,34.505,1
5905621,2025-12-10T05:43:20Z,1,-39.72655,134.88701,1,1365.2,1,34.506,1,3.109,1,1365.2,1,3.109,1,34.506,1
5905621,2025-12-10T05:43:20Z,1,-39.72655,134.88701,1,1367.5,1,34.508,1,3.103,1,1367.5,1,3.103,1,34.508,1
5905621,2025-12-10T05:43:20Z,1,-39.72655,134.88701,1,1369.7,1,34.509,1,3.089,1,1369.7,1,3.089,1,34.509,1
5905621,2025-12-10T05:43:20Z,1,-39.72655,134.88701,1,1371.5,1,34.509,1,3.087,1,1371.5,1,3.087,1,34.509,1
5905621,2025-12-10T05:43:20Z,1,-39.72655,134.88701,1,1373.3,1,34.51,1,3.084,1,1373.3,1,3.084,1,34.51,1
5905621,2025-12-10T05:43:20Z,1,-39.72655,134.88701,1,1375.1,1,34.51,1,3.079,1,1375.1,1,3.079,1,34.51,1
5905621,2025-12-10T05:43:20Z,1,-39.72655,134.88701,1,1377.4,1,34.511,1,3.075,1,1377.4,1,3.075,1,34.511,1
5905621,2025-12-10T05:43:20Z,1,-39.72655,134.88701,1,1379.7,1,34.512,1,3.071,1,1379.7,1,3.071,1,34.512,1
5905621,2025-12-10T05:43:20Z,1,-39.72655,134.88701,1,1381.5,1,34.513,1,3.065,1,1381.5,1,3.065,1,34.513,1
5905621,2025-12-10T05:43:20Z,1,-39.72655,134.88701,1,1383.4,1,34.514,1,3.06,1,1383.4,1,3.06,1,34.514,1
5905621,2025-12-10T05:43:20Z,1,-39.72655,134.88701,1,1385.3,1,34.515,1,3.057,1,1385.3,1,3.057,1,34.515,1
5905621,2025-12-10T05:43:20Z,1,-39.72655,134.88701,1,1387.2,1,34.516,1,3.053,1,1387.2,1,3.053,1,34.516,1
5905621,2025-12-10T05:43:20Z,1,-39.72655,134.88701,1,1389.0,1,34.516,1,3.048,1,1389.0,1,3.048,1,34.516,1
5905621,2025-12-10T05:43:20Z,1,-39.72655,134.88701,1,1391.4,1,34.516,1,3.045,1,1391.4,1,3.045,1,34.516,1
5905621,2025-12-10T05:43:20Z,1,-39.72655,134.88701,1,1393.8,1,34.517,1,3.041,1,1393.8,1,3.041,1,34.517,1
5905621,2025-12-10T05:43:20Z,1,-39.72655,134.88701,1,1395.6,1,34.518,1,3.035,1,1395.6,1,3.035,1,34.518,1
5905621,2025-12-10T05:43:20Z,1,-39.72655,134.88701,1,1397.5,1,34.519,1,3.028,1,1397.5,1,3.028,1,34.519,1
5905621,2025-12-10T05:43:20Z,1,-39.72655,134.88701,1,1399.4,1,34.52,1,3.02,1,1399.4,1,3.02,1,34.52,1
5905621,2025-12-10T05:43:20Z,1,-39.72655,134.88701,1,1401.3,1,34.521,1,3.014,1,1401.3,1,3.014,1,34.521,1
5905621,2025-12-10T05:43:20Z,1,-39.72655,134.88701,1,1403.2,1,34.522,1,3.01,1,1403.2,1,3.01,1,34.522,1
5905621,2025-12-10T05:43:20Z,1,-39.72655,134.88701,1,1405.1,1,34.523,1,3.005,1,1405.1,1,3.005,1,34.523,1
5905621,2025-12-10T05:43:20Z,1,-39.72655,134.88701,1,1407.4,1,34.523,1,2.998,1,1407.4,1,2.998,1,34.523,1
5905621,2025-12-10T05:43:20Z,1,-39.72655,134.88701,1,1409.8,1,34.525,1,2.992,1,1409.8,1,2.992,1,34.525,1
5905621,2025-12-10T05:43:20Z,1,-39.72655,134.88701,1,1411.7,1,34.526,1,2.988,1,1411.7,1,2.988,1,34.526,1
5905621,2025-12-10T05:43:20Z,1,-39.72655,134.88701,1,1413.5,1,34.527,1,2.982,1,1413.5,1,2.982,1,34.527,1
5905621,2025-12-10T05:43:20Z,1,-39.72655,134.88701,1,1415.4,1,34.528,1,2.979,1,1415.4,1,2.979,1,34.528,1
5905621,2025-12-10T05:43:20Z,1,-39.72655,134.88701,1,1417.2,1,34.528,1,2.974,1,1417.2,1,2.974,1,34.528,1
5905621,2025-12-10T05:43:20Z,1,-39.72655,134.88701,1,1419.1,1,34.529,1,2.971,1,1419.1,1,2.971,1,34.529,1
5905621,2025-12-10T05:43:20Z,1,-39.72655,134.88701,1,1421.4,1,34.53,1,2.966,1,1421.4,1,2.966,1,34.53,1
5905621,2025-12-10T05:43:20Z,1,-39.72655,134.88701,1,1423.7,1,34.531,1,2.959,1,1423.7,1,2.959,1,34.531,1
5905621,2025-12-10T05:43:20Z,1,-39.72655,134.88701,1,1425.6,1,34.532,1,2.956,1,1425.6,1,2.956,1,34.532,1
5905621,2025-12-10T05:43:20Z,1,-39.72655,134.88701,1,1427.4,1,34.532,1,2.953,1,1427.4,1,2.953,1,34.532,1
5905621,2025-12-10T05:43:20Z,1,-39.72655,134.88701,1,1429.3,1,34.533,1,2.948,1,1429.3,1,2.948,1,34.533,1
5905621,2025-12-10T05:43:20Z,1,-39.72655,134.88701,1,1431.2,1,34.534,1,2.943,1,1431.2,1,2.943,1,34.534,1
5905621,2025-12-10T05:43:20Z,1,-39.72655,134.88701,1,1433.1,1,34.534,1,2.939,1,1433.1,1,2.939,1,34.534,1
5905621,2025-12-10T05:43:20Z,1,-39.72655,134.88701,1,1435.4,1,34.535,1,2.933,1,1435.4,1,2.933,1,34.535,1
5905621,2025-12-10T05:43:20Z,1,-39.72655,134.88701,1,1437.6,1,34.536,1,2.932,1,1437.6,1,2.932,1,34.536,1
5905621,2025-12-10T05:43:20Z,1,-39.72655,134.88701,1,1439.5,1,34.536,1,2.93,1,1439.5,1,2.93,1,34.536,1
5905621,2025-12-10T05:43:20Z,1,-39.72655,134.88701,1,1441.3,1,34.537,1,2.926,1,1441.3,1,2.926,1,34.537,1
5905621,2025-12-10T05:43:20Z,1,-39.72655,134.88701,1,1443.2,1,34.537,1,2.923,1,1443.2,1,2.923,1,34.537,1
5905621,2025-12-10T05:43:20Z,1,-39.72655,134.88701,1,1445.1,1,34.537,1,2.92,1,1445.1,1,2.92,1,34.537,1
5905621,2025-12-10T05:43:20Z,1,-39.72655,134.88701,1,1447.4,1,34.539,1,2.91,1,1447.4,1,2.91,1,34.539,1
5905621,2025-12-10T05:43:20Z,1,-39.72655,134.88701,1,1449.8,1,34.54,1,2.903,1,1449.8,1,2.903,1,34.54,1
5905621,2025-12-10T05:43:20Z,1,-39.72655,134.88701,1,1451.6,1,34.541,1,2.898,1,1451.6,1,2.898,1,34.541,1
5905621,2025-12-10T05:43:20Z,1,-39.72655,134.88701,1,1453.5,1,34.542,1,2.898,1,1453.5,1,2.898,1,34.542,1
5905621,2025-12-10T05:43:20Z,1,-39.72655,134.88701,1,1455.4,1,34.542,1,2.897,1,1455.4,1,2.897,1,34.542,1
5905621,2025-12-10T05:43:20Z,1,-39.72655,134.88701,1,1457.3,1,34.542,1,2.897,1,1457.3,1,2.897,1,34.542,1
5905621,2025-12-10T05:43:20Z,1,-39.72655,134.88701,1,1459.1,1,34.542,1,2.894,1,1459.1,1,2.894,1,34.542,1
5905621,2025-12-10T05:43:20Z,1,-39.72655,134.88701,1,1461.5,1,34.543,1,2.888,1,1461.5,1,2.888,1,34.543,1
5905621,2025-12-10T05:43:20Z,1,-39.72655,134.88701,1,1463.8,1,34.544,1,2.883,1,1463.8,1,2.883,1,34.544,1
5905621,2025-12-10T05:43:20Z,1,-39.72655,134.88701,1,1465.7,1,34.545,1,2.881,1,1465.7,1,2.881,1,34.545,1
5905621,2025-12-10T05:43:20Z,1,-39.72655,134.88701,1,1467.6,1,34.546,1,2.877,1,1467.6,1,2.877,1,34.546,1
5905621,2025-12-10T05:43:20Z,1,-39.72655,134.88701,1,1469.5,1,34.547,1,2.873,1,1469.5,1,2.873,1,34.547,1
5905621,2025-12-10T05:43:20Z,1,-39.72655,134.88701,1,1471.4,1,34.547,1,2.873,1,1471.4,1,2.873,1,34.547,1
5905621,2025-12-10T05:43:20Z,1,-39.72655,134.88701,1,1473.2,1,34.548,1,2.87,1,1473.2,1,2.87,1,34.548,1
5905621,2025-12-10T05:43:20Z,1,-39.72655,134.88701,1,1475.1,1,34.548,1,2.867,1,1475.1,1,2.867,1,34.548,1
5905621,2025-12-10T05:43:20Z,1,-39.72655,134.88701,1,1477.0,1,34.549,1,2.864,1,1477.0,1,2.864,1,34.549,1
5905621,2025-12-10T05:43:20Z,1,-39.72655,134.88701,1,1479.4,1,34.549,1,2.858,1,1479.4,1,2.858,1,34.549,1
5905621,2025-12-10T05:43:20Z,1,-39.72655,134.88701,1,1481.8,1,34.552,1,2.848,1,1481.8,1,2.848,1,34.552,1
5905621,2025-12-10T05:43:20Z,1,-39.72655,134.88701,1,1483.8,1,34.552,1,2.846,1,1483.8,1,2.846,1,34.552,1
5905621,2025-12-10T05:43:20Z,1,-39.72655,134.88701,1,1485.7,1,34.554,1,2.841,1,1485.7,1,2.841,1,34.554,1
5905621,2025-12-10T05:43:20Z,1,-39.72655,134.88701,1,1487.6,1,34.554,1,2.839,1,1487.6,1,2.839,1,34.554,1
5905621,2025-12-10T05:43:20Z,1,-39.72655,134.88701,1,1489.6,1,34.555,1,2.835,1,1489.6,1,2.835,1,34.555,1
5905621,2025-12-10T05:43:20Z,1,-39.72655,134.88701,1,1491.5,1,34.556,1,2.828,1,1491.5,1,2.828,1,34.556,1
5905621,2025-12-10T05:43:20Z,1,-39.72655,134.88701,1,1493.5,1,34.558,1,2.823,1,1493.5,1,2.823,1,34.558,1
5905621,2025-12-10T05:43:20Z,1,-39.72655,134.88701,1,1495.4,1,34.559,1,2.816,1,1495.4,1,2.816,1,34.559,1
5905621,2025-12-10T05:43:20Z,1,-39.72655,134.88701,1,1497.4,1,34.561,1,2.809,1,1497.4,1,2.809,1,34.561,1
5905621,2025-12-10T05:43:20Z,1,-39.72655,134.88701,1,1499.4,1,34.562,1,2.802,1,1499.4,1,2.802,1,34.562,1
5905621,2025-12-10T05:43:20Z,1,-39.72655,134.88701,1,1501.4,1,34.563,1,2.799,1,1501.4,1,2.799,1,34.563,1
5905621,2025-12-10T05:43:20Z,1,-39.72655,134.88701,1,1503.3,1,34.564,1,2.796,1,1503.3,1,2.796,1,34.564,1
5905621,2025-12-10T05:43:20Z,1,-39.72655,134.88701,1,1505.3,1,34.565,1,2.794,1,1505.3,1,2.794,1,34.565,1
5905621,2025-12-10T05:43:20Z,1,-39.72655,134.88701,1,1507.3,1,34.566,1,2.789,1,1507.3,1,2.789,1,34.566,1
5905621,2025-12-10T05:43:20Z,1,-39.72655,134.88701,1,1509.2,1,34.566,1,2.787,1,1509.2,1,2.787,1,34.566,1
5905621,2025-12-10T05:43:20Z,1,-39.72655,134.88701,1,1511.2,1,34.567,1,2.785,1,1511.2,1,2.785,1,34.567,1
5905621,2025-12-10T05:43:20Z,1,-39.72655,134.88701,1,1513.2,1,34.567,1,2.783,1,1513.2,1,2.783,1,34.567,1
5905621,2025-12-10T05:43:20Z,1,-39.72655,134.88701,1,1515.1,1,34.568,1,2.78,1,1515.1,1,2.78,1,34.568,1
5905621,2025-12-10T05:43:20Z,1,-39.72655,134.88701,1,1517.1,1,34.568,1,2.779,1,1517.1,1,2.779,1,34.568,1
5905621,2025-12-10T05:43:20Z,1,-39.72655,134.88701,1,1519.1,1,34.568,1,2.778,1,1519.1,1,2.778,1,34.568,1
5905621,2025-12-10T05:43:20Z,1,-39.72655,134.88701,1,1521.0,1,34.569,1,2.775,1,1521.0,1,2.775,1,34.569,1
5905621,2025-12-10T05:43:20Z,1,-39.72655,134.88701,1,1523.4,1,34.569,1,2.771,1,1523.4,1,2.771,1,34.569,1
5905621,2025-12-10T05:43:20Z,1,-39.72655,134.88701,1,1525.9,1,34.57,1,2.769,1,1525.9,1,2.769,1,34.57,1
5905621,2025-12-10T05:43:20Z,1,-39.72655,134.88701,1,1527.9,1,34.571,1,2.766,1,1527.9,1,2.766,1,34.571,1
5905621,2025-12-10T05:43:20Z,1,-39.72655,134.88701,1,1529.9,1,34.572,1,2.762,1,1529.9,1,2.762,1,34.572,1
5905621,2025-12-10T05:43:20Z,1,-39.72655,134.88701,1,1531.9,1,34.573,1,2.76,1,1531.9,1,2.76,1,34.573,1
5905621,2025-12-10T05:43:20Z,1,-39.72655,134.88701,1,1533.9,1,34.573,1,2.759,1,1533.9,1,2.759,1,34.573,1
5905621,2025-12-10T05:43:20Z,1,-39.72655,134.88701,1,1535.9,1,34.574,1,2.755,1,1535.9,1,2.755,1,34.574,1
5905621,2025-12-10T05:43:20Z,1,-39.72655,134.88701,1,1537.9,1,34.574,1,2.751,1,1537.9,1,2.751,1,34.574,1
5905621,2025-12-10T05:43:20Z,1,-39.72655,134.88701,1,1539.9,1,34.576,1,2.748,1,1539.9,1,2.748,1,34.576,1
5905621,2025-12-10T05:43:20Z,1,-39.72655,134.88701,1,1541.9,1,34.576,1,2.745,1,1541.9,1,2.745,1,34.576,1
5905621,2025-12-10T05:43:20Z,1,-39.72655,134.88701,1,1543.9,1,34.576,1,2.743,1,1543.9,1,2.743,1,34.576,1
5905621,2025-12-10T05:43:20Z,1,-39.72655,134.88701,1,1545.9,1,34.577,1,2.741,1,1545.9,1,2.741,1,34.577,1
5905621,2025-12-10T05:43:20Z,1,-39.72655,134.88701,1,1547.9,1,34.577,1,2.738,1,1547.9,1,2.738,1,34.577,1
5905621,2025-12-10T05:43:20Z,1,-39.72655,134.88701,1,1549.8,1,34.578,1,2.735,1,1549.8,1,2.735,1,34.578,1
5905621,2025-12-10T05:43:20Z,1,-39.72655,134.88701,1,1551.8,1,34.579,1,2.733,1,1551.8,1,2.733,1,34.579,1
5905621,2025-12-10T05:43:20Z,1,-39.72655,134.88701,1,1553.8,1,34.58,1,2.73,1,1553.8,1,2.73,1,34.58,1
5905621,2025-12-10T05:43:20Z,1,-39.72655,134.88701,1,1555.8,1,34.58,1,2.727,1,1555.8,1,2.727,1,34.58,1
5905621,2025-12-10T05:43:20Z,1,-39.72655,134.88701,1,1557.8,1,34.581,1,2.724,1,1557.8,1,2.724,1,34.581,1
5905621,2025-12-10T05:43:20Z,1,-39.72655,134.88701,1,1559.8,1,34.582,1,2.72,1,1559.8,1,2.72,1,34.582,1
5905621,2025-12-10T05:43:20Z,1,-39.72655,134.88701,1,1561.8,1,34.583,1,2.716,1,1561.8,1,2.716,1,34.583,1
5905621,2025-12-10T05:43:20Z,1,-39.72655,134.88701,1,1563.9,1,34.585,1,2.71,1,1563.9,1,2.71,1,34.585,1
5905621,2025-12-10T05:43:20Z,1,-39.72655,134.88701,1,1565.9,1,34.585,1,2.708,1,1565.9,1,2.708,1,34.585,1
5905621,2025-12-10T05:43:20Z,1,-39.72655,134.88701,1,1567.6,1,34.586,1,2.707,1,1567.6,1,2.707,1,34.586,1
5905621,2025-12-10T05:43:20Z,1,-39.72655,134.88701,1,1569.1,1,34.587,1,2.702,1,1569.1,1,2.702,1,34.587,1
5905621,2025-12-10T05:43:20Z,1,-39.72655,134.88701,1,1571.1,1,34.587,1,2.701,1,1571.1,1,2.701,1,34.587,1
5905621,2025-12-10T05:43:20Z,1,-39.72655,134.88701,1,1573.2,1,34.587,1,2.699,1,1573.2,1,2.699,1,34.587,1
5905621,2025-12-10T05:43:20Z,1,-39.72655,134.88701,1,1575.2,1,34.588,1,2.696,1,1575.2,1,2.696,1,34.588,1
5905621,2025-12-10T05:43:20Z,1,-39.72655,134.88701,1,1577.2,1,34.589,1,2.692,1,1577.2,1,2.692,1,34.589,1
5905621,2025-12-10T05:43:20Z,1,-39.72655,134.88701,1,1579.2,1,34.59,1,2.691,1,1579.2,1,2.691,1,34.59,1
5905621,2025-12-10T05:43:20Z,1,-39.72655,134.88701,1,1581.3,1,34.59,1,2.69,1,1581.3,1,2.69,1,34.59,1
5905621,2025-12-10T05:43:20Z,1,-39.72655,134.88701,1,1583.3,1,34.591,1,2.687,1,1583.3,1,2.687,1,34.591,1
5905621,2025-12-10T05:43:20Z,1,-39.72655,134.88701,1,1585.4,1,34.592,1,2.683,1,1585.4,1,2.683,1,34.592,1
5905621,2025-12-10T05:43:20Z,1,-39.72655,134.88701,1,1587.4,1,34.593,1,2.679,1,1587.4,1,2.679,1,34.593,1
5905621,2025-12-10T05:43:20Z,1,-39.72655,134.88701,1,1589.5,1,34.595,1,2.674,1,1589.5,1,2.674,1,34.595,1
5905621,2025-12-10T05:43:20Z,1,-39.72655,134.88701,1,1591.6,1,34.595,1,2.67,1,1591.6,1,2.67,1,34.595,1
5905621,2025-12-10T05:43:20Z,1,-39.72655,134.88701,1,1593.6,1,34.597,1,2.666,1,1593.6,1,2.666,1,34.597,1
5905621,2025-12-10T05:43:20Z,1,-39.72655,134.88701,1,1595.7,1,34.597,1,2.665,1,1595.7,1,2.665,1,34.597,1
5905621,2025-12-10T05:43:20Z,1,-39.72655,134.88701,1,1597.7,1,34.599,1,2.66,1,1597.7,1,2.66,1,34.599,1
5905621,2025-12-10T05:43:20Z,1,-39.72655,134.88701,1,1599.8,1,34.599,1,2.658,1,1599.8,1,2.658,1,34.599,1
5905621,2025-12-10T05:43:20Z,1,-39.72655,134.88701,1,1601.9,1,34.6,1,2.654,1,1601.9,1,2.654,1,34.6,1
5905621,2025-12-10T05:43:20Z,1,-39.72655,134.88701,1,1603.9,1,34.601,1,2.651,1,1603.9,1,2.651,1,34.601,1
5905621,2025-12-10T05:43:20Z,1,-39.72655,134.88701,1,1605.4,1,34.602,1,2.648,1,1605.4,1,2.648,1,34.602,1
5905621,2025-12-10T05:43:20Z,1,-39.72655,134.88701,1,1607.0,1,34.603,1,2.646,1,1607.0,1,2.646,1,34.603,1
5905621,2025-12-10T05:43:20Z,1,-39.72655,134.88701,1,1609.1,1,34.604,1,2.642,1,1609.1,1,2.642,1,34.604,1
5905621,2025-12-10T05:43:20Z,1,-39.72655,134.88701,1,1611.2,1,34.605,1,2.64,1,1611.2,1,2.64,1,34.605,1
5905621,2025-12-10T05:43:20Z,1,-39.72655,134.88701,1,1613.3,1,34.605,1,2.639,1,1613.3,1,2.639,1,34.605,1
5905621,2025-12-10T05:43:20Z,1,-39.72655,134.88701,1,1615.4,1,34.606,1,2.637,1,1615.4,1,2.637,1,34.606,1
5905621,2025-12-10T05:43:20Z,1,-39.72655,134.88701,1,1617.4,1,34.607,1,2.634,1,1617.4,1,2.634,1,34.607,1
5905621,2025-12-10T05:43:20Z,1,-39.72655,134.88701,1,1619.5,1,34.608,1,2.633,1,1619.5,1,2.633,1,34.608,1
5905621,2025-12-10T05:43:20Z,1,-39.72655,134.88701,1,1621.7,1,34.608,1,2.632,1,1621.7,1,2.632,1,34.608,1
5905621,2025-12-10T05:43:20Z,1,-39.72655,134.88701,1,1623.7,1,34.608,1,2.631,1,1623.7,1,2.631,1,34.608,1
5905621,2025-12-10T05:43:20Z,1,-39.72655,134.88701,1,1625.8,1,34.608,1,2.628,1,1625.8,1,2.628,1,34.608,1
5905621,2025-12-10T05:43:20Z,1,-39.72655,134.88701,1,1627.4,1,34.609,1,2.627,1,1627.4,1,2.627,1,34.609,1
5905621,2025-12-10T05:43:20Z,1,-39.72655,134.88701,1,1629.0,1,34.61,1,2.624,1,1629.0,1,2.624,1,34.61,1
5905621,2025-12-10T05:43:20Z,1,-39.72655,134.88701,1,1631.1,1,34.61,1,2.624,1,1631.1,1,2.624,1,34.61,1
5905621,2025-12-10T05:43:20Z,1,-39.72655,134.88701,1,1633.1,1,34.61,1,2.623,1,1633.1,1,2.623,1,34.61,1
5905621,2025-12-10T05:43:20Z,1,-39.72655,134.88701,1,1635.4,1,34.611,1,2.62,1,1635.4,1,2.62,1,34.611,1
5905621,2025-12-10T05:43:20Z,1,-39.72655,134.88701,1,1637.5,1,34.612,1,2.619,1,1637.5,1,2.619,1,34.612,1
5905621,2025-12-10T05:43:20Z,1,-39.72655,134.88701,1,1639.5,1,34.614,1,2.616,1,1639.5,1,2.616,1,34.614,1
5905621,2025-12-10T05:43:20Z,1,-39.72655,134.88701,1,1641.5,1,34.614,1,2.614,1,1641.5,1,2.614,1,34.614,1
5905621,2025-12-10T05:43:20Z,1,-39.72655,134.88701,1,1643.6,1,34.614,1,2.611,1,1643.6,1,2.611,1,34.614,1
5905621,2025-12-10T05:43:20Z,1,-39.72655,134.88701,1,1645.6,1,34.615,1,2.608,1,1645.6,1,2.608,1,34.615,1
5905621,2025-12-10T05:43:20Z,1,-39.72655,134.88701,1,1647.3,1,34.616,1,2.605,1,1647.3,1,2.605,1,34.616,1
5905621,2025-12-10T05:43:20Z,1,-39.72655,134.88701,1,1649.3,1,34.616,1,2.604,1,1649.3,1,2.604,1,34.616,1
5905621,2025-12-10T05:43:20Z,1,-39.72655,134.88701,1,1651.3,1,34.616,1,2.604,1,1651.3,1,2.604,1,34.616,1
5905621,2025-12-10T05:43:20Z,1,-39.72655,134.88701,1,1653.4,1,34.617,1,2.601,1,1653.4,1,2.601,1,34.617,1
5905621,2025-12-10T05:43:20Z,1,-39.72655,134.88701,1,1655.4,1,34.619,1,2.598,1,1655.4,1,2.598,1,34.619,1
5905621,2025-12-10T05:43:20Z,1,-39.72655,134.88701,1,1657.4,1,34.619,1,2.596,1,1657.4,1,2.596,1,34.619,1
5905621,2025-12-10T05:43:20Z,1,-39.72655,134.88701,1,1659.5,1,34.62,1,2.595,1,1659.5,1,2.595,1,34.62,1
5905621,2025-12-10T05:43:20Z,1,-39.72655,134.88701,1,1661.2,1,34.62,1,2.594,1,1661.2,1,2.594,1,34.62,1
5905621,2025-12-10T05:43:20Z,1,-39.72655,134.88701,1,1663.3,1,34.621,1,2.592,1,1663.3,1,2.592,1,34.621,1
5905621,2025-12-10T05:43:20Z,1,-39.72655,134.88701,1,1665.5,1,34.622,1,2.59,1,1665.5,1,2.59,1,34.622,1
5905621,2025-12-10T05:43:20Z,1,-39.72655,134.88701,1,1667.5,1,34.623,1,2.589,1,1667.5,1,2.589,1,34.623,1
5905621,2025-12-10T05:43:20Z,1,-39.72655,134.88701,1,1669.7,1,34.623,1,2.589,1,1669.7,1,2.589,1,34.623,1
5905621,2025-12-10T05:43:20Z,1,-39.72655,134.88701,1,1671.4,1,34.624,1,2.588,1,1671.4,1,2.588,1,34.624,1
5905621,2025-12-10T05:43:20Z,1,-39.72655,134.88701,1,1673.2,1,34.624,1,2.586,1,1673.2,1,2.586,1,34.624,1
5905621,2025-12-10T05:43:20Z,1,-39.72655,134.88701,1,1675.3,1,34.625,1,2.585,1,1675.3,1,2.585,1,34.625,1
5905621,2025-12-10T05:43:20Z,1,-39.72655,134.88701,1,1677.5,1,34.626,1,2.584,1,1677.5,1,2.584,1,34.626,1
5905621,2025-12-10T05:43:20Z,1,-39.72655,134.88701,1,1679.2,1,34.626,1,2.582,1,1679.2,1,2.582,1,34.626,1
5905621,2025-12-10T05:43:20Z,1,-39.72655,134.88701,1,1681.4,1,34.627,1,2.58,1,1681.4,1,2.58,1,34.627,1
5905621,2025-12-10T05:43:20Z,1,-39.72655,134.88701,1,1683.6,1,34.628,1,2.579,1,1683.6,1,2.579,1,34.628,1
5905621,2025-12-10T05:43:20Z,1,-39.72655,134.88701,1,1685.4,1,34.628,1,2.577,1,1685.4,1,2.577,1,34.628,1
5905621,2025-12-10T05:43:20Z,1,-39.72655,134.88701,1,1687.2,1,34.629,1,2.576,1,1687.2,1,2.576,1,34.629,1
5905621,2025-12-10T05:43:20Z,1,-39.72655,134.88701,1,1689.5,1,34.629,1,2.573,1,1689.5,1,2.573,1,34.629,1
5905621,2025-12-10T05:43:20Z,1,-39.72655,134.88701,1,1691.7,1,34.63,1,2.57,1,1691.7,1,2.57,1,34.63,1
5905621,2025-12-10T05:43:20Z,1,-39.72655,134.88701,1,1693.5,1,34.631,1,2.569,1,1693.5,1,2.569,1,34.631,1
5905621,2025-12-10T05:43:20Z,1,-39.72655,134.88701,1,1695.3,1,34.632,1,2.566,1,1695.3,1,2.566,1,34.632,1
5905621,2025-12-10T05:43:20Z,1,-39.72655,134.88701,1,1697.2,1,34.632,1,2.564,1,1697.2,1,2.564,1,34.632,1
5905621,2025-12-10T05:43:20Z,1,-39.72655,134.88701,1,1699.1,1,34.633,1,2.562,1,1699.1,1,2.562,1,34.633,1
5905621,2025-12-10T05:43:20Z,1,-39.72655,134.88701,1,1701.4,1,34.633,1,2.562,1,1701.4,1,2.562,1,34.633,1
5905621,2025-12-10T05:43:20Z,1,-39.72655,134.88701,1,1703.7,1,34.634,1,2.559,1,1703.7,1,2.559,1,34.634,1
5905621,2025-12-10T05:43:20Z,1,-39.72655,134.88701,1,1705.6,1,34.635,1,2.559,1,1705.6,1,2.559,1,34.635,1
5905621,2025-12-10T05:43:20Z,1,-39.72655,134.88701,1,1707.5,1,34.635,1,2.559,1,1707.5,1,2.559,1,34.635,1
5905621,2025-12-10T05:43:20Z,1,-39.72655,134.88701,1,1709.4,1,34.635,1,2.558,1,1709.4,1,2.558,1,34.635,1
5905621,2025-12-10T05:43:20Z,1,-39.72655,134.88701,1,1711.3,1,34.636,1,2.555,1,1711.3,1,2.555,1,34.636,1
5905621,2025-12-10T05:43:20Z,1,-39.72655,134.88701,1,1713.3,1,34.637,1,2.553,1,1713.3,1,2.553,1,34.637,1
5905621,2025-12-10T05:43:20Z,1,-39.72655,134.88701,1,1715.2,1,34.638,1,2.551,1,1715.2,1,2.551,1,34.638,1
5905621,2025-12-10T05:43:20Z,1,-39.72655,134.88701,1,1717.2,1,34.638,1,2.55,1,1717.2,1,2.55,1,34.638,1
5905621,2025-12-10T05:43:20Z,1,-39.72655,134.88701,1,1719.2,1,34.638,1,2.55,1,1719.2,1,2.55,1,34.638,1
5905621,2025-12-10T05:43:20Z,1,-39.72655,134.88701,1,1721.1,1,34.638,1,2.55,1,1721.1,1,2.55,1,34.638,1
5905621,2025-12-10T05:43:20Z,1,-39.72655,134.88701,1,1723.1,1,34.639,1,2.548,1,1723.1,1,2.548,1,34.639,1
5905621,2025-12-10T05:43:20Z,1,-39.72655,134.88701,1,1725.0,1,34.639,1,2.547,1,1725.0,1,2.547,1,34.639,1
5905621,2025-12-10T05:43:20Z,1,-39.72655,134.88701,1,1727.0,1,34.639,1,2.546,1,1727.0,1,2.546,1,34.639,1
5905621,2025-12-10T05:43:20Z,1,-39.72655,134.88701,1,1729.0,1,34.64,1,2.545,1,1729.0,1,2.545,1,34.64,1
5905621,2025-12-10T05:43:20Z,1,-39.72655,134.88701,1,1731.0,1,34.641,1,2.542,1,1731.0,1,2.542,1,34.641,1
5905621,2025-12-10T05:43:20Z,1,-39.72655,134.88701,1,1733.0,1,34.642,1,2.541,1,1733.0,1,2.541,1,34.642,1
5905621,2025-12-10T05:43:20Z,1,-39.72655,134.88701,1,1735.0,1,34.642,1,2.54,1,1735.0,1,2.54,1,34.642,1
5905621,2025-12-10T05:43:20Z,1,-39.72655,134.88701,1,1737.0,1,34.642,1,2.539,1,1737.0,1,2.539,1,34.642,1
5905621,2025-12-10T05:43:20Z,1,-39.72655,134.88701,1,1739.1,1,34.643,1,2.538,1,1739.1,1,2.538,1,34.643,1
5905621,2025-12-10T05:43:20Z,1,-39.72655,134.88701,1,1741.1,1,34.643,1,2.536,1,1741.1,1,2.536,1,34.643,1
5905621,2025-12-10T05:43:20Z,1,-39.72655,134.88701,1,1743.1,1,34.644,1,2.534,1,1743.1,1,2.534,1,34.644,1
5905621,2025-12-10T05:43:20Z,1,-39.72655,134.88701,1,1745.2,1,34.644,1,2.533,1,1745.2,1,2.533,1,34.644,1
5905621,2025-12-10T05:43:20Z,1,-39.72655,134.88701,1,1747.3,1,34.645,1,2.532,1,1747.3,1,2.532,1,34.645,1
5905621,2025-12-10T05:43:20Z,1,-39.72655,134.88701,1,1749.4,1,34.645,1,2.53,1,1749.4,1,2.53,1,34.645,1
5905621,2025-12-10T05:43:20Z,1,-39.72655,134.88701,1,1751.5,1,34.645,1,2.529,1,1751.5,1,2.529,1,34.645,1
5905621,2025-12-10T05:43:20Z,1,-39.72655,134.88701,1,1753.5,1,34.646,1,2.528,1,1753.5,1,2.528,1,34.646,1
5905621,2025-12-10T05:43:20Z,1,-39.72655,134.88701,1,1755.3,1,34.646,1,2.526,1,1755.3,1,2.526,1,34.646,1
5905621,2025-12-10T05:43:20Z,1,-39.72655,134.88701,1,1757.2,1,34.647,1,2.525,1,1757.2,1,2.525,1,34.647,1
5905621,2025-12-10T05:43:20Z,1,-39.72655,134.88701,1,1759.5,1,34.647,1,2.525,1,1759.5,1,2.525,1,34.647,1
5905621,2025-12-10T05:43:20Z,1,-39.72655,134.88701,1,1761.5,1,34.648,1,2.523,1,1761.5,1,2.523,1,34.648,1
5905621,2025-12-10T05:43:20Z,1,-39.72655,134.88701,1,1763.4,1,34.648,1,2.522,1,1763.4,1,2.522,1,34.648,1
5905621,2025-12-10T05:43:20Z,1,-39.72655,134.88701,1,1765.5,1,34.648,1,2.521,1,1765.5,1,2.521,1,34.648,1
5905621,2025-12-10T05:43:20Z,1,-39.72655,134.88701,1,1767.4,1,34.649,1,2.519,1,1767.4,1,2.519,1,34.649,1
5905621,2025-12-10T05:43:20Z,1,-39.72655,134.88701,1,1769.4,1,34.65,1,2.518,1,1769.4,1,2.518,1,34.65,1
5905621,2025-12-10T05:43:20Z,1,-39.72655,134.88701,1,1771.4,1,34.651,1,2.516,1,1771.4,1,2.516,1,34.651,1
5905621,2025-12-10T05:43:20Z,1,-39.72655,134.88701,1,1773.4,1,34.651,1,2.515,1,1773.4,1,2.515,1,34.651,1
5905621,2025-12-10T05:43:20Z,1,-39.72655,134.88701,1,1775.4,1,34.652,1,2.513,1,1775.4,1,2.513,1,34.652,1
5905621,2025-12-10T05:43:20Z,1,-39.72655,134.88701,1,1777.5,1,34.653,1,2.51,1,1777.5,1,2.51,1,34.653,1
5905621,2025-12-10T05:43:20Z,1,-39.72655,134.88701,1,1779.5,1,34.653,1,2.508,1,1779.5,1,2.508,1,34.653,1
5905621,2025-12-10T05:43:20Z,1,-39.72655,134.88701,1,1781.6,1,34.654,1,2.506,1,1781.6,1,2.506,1,34.654,1
5905621,2025-12-10T05:43:20Z,1,-39.72655,134.88701,1,1783.3,1,34.654,1,2.506,1,1783.3,1,2.506,1,34.654,1
5905621,2025-12-10T05:43:20Z,1,-39.72655,134.88701,1,1785.5,1,34.654,1,2.505,1,1785.5,1,2.505,1,34.654,1
5905621,2025-12-10T05:43:20Z,1,-39.72655,134.88701,1,1787.5,1,34.655,1,2.503,1,1787.5,1,2.503,1,34.655,1
5905621,2025-12-10T05:43:20Z,1,-39.72655,134.88701,1,1789.5,1,34.655,1,2.502,1,1789.5,1,2.502,1,34.655,1
5905621,2025-12-10T05:43:20Z,1,-39.72655,134.88701,1,1791.6,1,34.656,1,2.5,1,1791.6,1,2.5,1,34.656,1
5905621,2025-12-10T05:43:20Z,1,-39.72655,134.88701,1,1793.3,1,34.656,1,2.499,1,1793.3,1,2.499,1,34.656,1
5905621,2025-12-10T05:43:20Z,1,-39.72655,134.88701,1,1795.4,1,34.657,1,2.497,1,1795.4,1,2.497,1,34.657,1
5905621,2025-12-10T05:43:20Z,1,-39.72655,134.88701,1,1797.4,1,34.658,1,2.495,1,1797.4,1,2.495,1,34.658,1
5905621,2025-12-10T05:43:20Z,1,-39.72655,134.88701,1,1799.5,1,34.659,1,2.49,1,1799.5,1,2.49,1,34.659,1
5905621,2025-12-10T05:43:20Z,1,-39.72655,134.88701,1,1801.7,1,34.66,1,2.488,1,1801.7,1,2.488,1,34.66,1
5905621,2025-12-10T05:43:20Z,1,-39.72655,134.88701,1,1803.3,1,34.66,1,2.488,1,1803.3,1,2.488,1,34.66,1
5905621,2025-12-10T05:43:20Z,1,-39.72655,134.88701,1,1805.5,1,34.66,1,2.487,1,1805.5,1,2.487,1,34.66,1
5905621,2025-12-10T05:43:20Z,1,-39.72655,134.88701,1,1807.5,1,34.661,1,2.484,1,1807.5,1,2.484,1,34.661,1
5905621,2025-12-10T05:43:20Z,1,-39.72655,134.88701,1,1809.4,1,34.661,1,2.483,1,1809.4,1,2.483,1,34.661,1
5905621,2025-12-10T05:43:20Z,1,-39.72655,134.88701,1,1811.1,1,34.662,1,2.482,1,1811.1,1,2.482,1,34.662,1
5905621,2025-12-10T05:43:20Z,1,-39.72655,134.88701,1,1813.3,1,34.662,1,2.481,1,1813.3,1,2.481,1,34.662,1
5905621,2025-12-10T05:43:20Z,1,-39.72655,134.88701,1,1815.5,1,34.662,1,2.482,1,1815.5,1,2.482,1,34.662,1
5905621,2025-12-10T05:43:20Z,1,-39.72655,134.88701,1,1817.2,1,34.662,1,2.48,1,1817.2,1,2.48,1,34.662,1
5905621,2025-12-10T05:43:20Z,1,-39.72655,134.88701,1,1819.3,1,34.663,1,2.479,1,1819.3,1,2.479,1,34.663,1
5905621,2025-12-10T05:43:20Z,1,-39.72655,134.88701,1,1821.5,1,34.663,1,2.477,1,1821.5,1,2.477,1,34.663,1
5905621,2025-12-10T05:43:20Z,1,-39.72655,134.88701,1,1823.2,1,34.663,1,2.477,1,1823.2,1,2.477,1,34.663,1
5905621,2025-12-10T05:43:20Z,1,-39.72655,134.88701,1,1825.3,1,34.663,1,2.477,1,1825.3,1,2.477,1,34.663,1
5905621,2025-12-10T05:43:20Z,1,-39.72655,134.88701,1,1827.5,1,34.664,1,2.474,1,1827.5,1,2.474,1,34.664,1
5905621,2025-12-10T05:43:20Z,1,-39.72655,134.88701,1,1829.2,1,34.664,1,2.473,1,1829.2,1,2.473,1,34.664,1
5905621,2025-12-10T05:43:20Z,1,-39.72655,134.88701,1,1831.3,1,34.665,1,2.471,1,1831.3,1,2.471,1,34.665,1
5905621,2025-12-10T05:43:20Z,1,-39.72655,134.88701,1,1833.5,1,34.665,1,2.47,1,1833.5,1,2.47,1,34.665,1
5905621,2025-12-10T05:43:20Z,1,-39.72655,134.88701,1,1835.2,1,34.665,1,2.468,1,1835.2,1,2.468,1,34.665,1
5905621,2025-12-10T05:43:20Z,1,-39.72655,134.88701,1,1837.3,1,34.666,1,2.465,1,1837.3,1,2.465,1,34.666,1
5905621,2025-12-10T05:43:20Z,1,-39.72655,134.88701,1,1839.5,1,34.667,1,2.463,1,1839.5,1,2.463,1,34.667,1
5905621,2025-12-10T05:43:20Z,1,-39.72655,134.88701,1,1841.2,1,34.667,1,2.462,1,1841.2,1,2.462,1,34.667,1
5905621,2025-12-10T05:43:20Z,1,-39.72655,134.88701,1,1843.3,1,34.668,1,2.458,1,1843.3,1,2.458,1,34.668,1
5905621,2025-12-10T05:43:20Z,1,-39.72655,134.88701,1,1845.4,1,34.668,1,2.457,1,1845.4,1,2.457,1,34.668,1
5905621,2025-12-10T05:43:20Z,1,-39.72655,134.88701,1,1847.5,1,34.669,1,2.457,1,1847.5,1,2.457,1,34.669,1
5905621,2025-12-10T05:43:20Z,1,-39.72655,134.88701,1,1849.6,1,34.669,1,2.455,1,1849.6,1,2.455,1,34.669,1
5905621,2025-12-10T05:43:20Z,1,-39.72655,134.88701,1,1851.3,1,34.67,1,2.454,1,1851.3,1,2.454,1,34.67,1
5905621,2025-12-10T05:43:20Z,1,-39.72655,134.88701,1,1853.5,1,34.67,1,2.453,1,1853.5,1,2.453,1,34.67,1
5905621,2025-12-10T05:43:20Z,1,-39.72655,134.88701,1,1855.6,1,34.671,1,2.451,1,1855.6,1,2.451,1,34.671,1
5905621,2025-12-10T05:43:20Z,1,-39.72655,134.88701,1,1857.4,1,34.671,1,2.45,1,1857.4,1,2.45,1,34.671,1
5905621,2025-12-10T05:43:20Z,1,-39.72655,134.88701,1,1859.5,1,34.671,1,2.449,1,1859.5,1,2.449,1,34.671,1
5905621,2025-12-10T05:43:20Z,1,-39.72655,134.88701,1,1861.6,1,34.672,1,2.447,1,1861.6,1,2.447,1,34.672,1
5905621,2025-12-10T05:43:20Z,1,-39.72655,134.88701,1,1863.3,1,34.672,1,2.447,1,1863.3,1,2.447,1,34.672,1
5905621,2025-12-10T05:43:20Z,1,-39.72655,134.88701,1,1865.4,1,34.673,1,2.441,1,1865.4,1,2.441,1,34.673,1
5905621,2025-12-10T05:43:20Z,1,-39.72655,134.88701,1,1867.5,1,34.674,1,2.44,1,1867.5,1,2.44,1,34.674,1
5905621,2025-12-10T05:43:20Z,1,-39.72655,134.88701,1,1869.2,1,34.674,1,2.44,1,1869.2,1,2.44,1,34.674,1
5905621,2025-12-10T05:43:20Z,1,-39.72655,134.88701,1,1871.3,1,34.674,1,2.439,1,1871.3,1,2.439,1,34.674,1
5905621,2025-12-10T05:43:20Z,1,-39.72655,134.88701,1,1873.4,1,34.674,1,2.439,1,1873.4,1,2.439,1,34.674,1
5905621,2025-12-10T05:43:20Z,1,-39.72655,134.88701,1,1875.5,1,34.674,1,2.438,1,1875.5,1,2.438,1,34.674,1
5905621,2025-12-10T05:43:20Z,1,-39.72655,134.88701,1,1877.6,1,34.675,1,2.437,1,1877.6,1,2.437,1,34.675,1
5905621,2025-12-10T05:43:20Z,1,-39.72655,134.88701,1,1879.4,1,34.675,1,2.436,1,1879.4,1,2.436,1,34.675,1
5905621,2025-12-10T05:43:20Z,1,-39.72655,134.88701,1,1881.5,1,34.675,1,2.433,1,1881.5,1,2.433,1,34.675,1
5905621,2025-12-10T05:43:20Z,1,-39.72655,134.88701,1,1883.6,1,34.676,1,2.432,1,1883.6,1,2.432,1,34.676,1
5905621,2025-12-10T05:43:20Z,1,-39.72655,134.88701,1,1885.3,1,34.676,1,2.43,1,1885.3,1,2.43,1,34.676,1
5905621,2025-12-10T05:43:20Z,1,-39.72655,134.88701,1,1887.4,1,34.677,1,2.429,1,1887.4,1,2.429,1,34.677,1
5905621,2025-12-10T05:43:20Z,1,-39.72655,134.88701,1,1889.6,1,34.677,1,2.428,1,1889.6,1,2.428,1,34.677,1
5905621,2025-12-10T05:43:20Z,1,-39.72655,134.88701,1,1891.3,1,34.677,1,2.428,1,1891.3,1,2.428,1,34.677,1
5905621,2025-12-10T05:43:20Z,1,-39.72655,134.88701,1,1893.4,1,34.678,1,2.425,1,1893.4,1,2.425,1,34.678,1
5905621,2025-12-10T05:43:20Z,1,-39.72655,134.88701,1,1895.6,1,34.678,1,2.421,1,1895.6,1,2.421,1,34.678,1
5905621,2025-12-10T05:43:20Z,1,-39.72655,134.88701,1,1897.3,1,34.679,1,2.418,1,1897.3,1,2.418,1,34.679,1
5905621,2025-12-10T05:43:20Z,1,-39.72655,134.88701,1,1899.4,1,34.68,1,2.415,1,1899.4,1,2.415,1,34.68,1
5905621,2025-12-10T05:43:20Z,1,-39.72655,134.88701,1,1901.6,1,34.68,1,2.413,1,1901.6,1,2.413,1,34.68,1
5905621,2025-12-10T05:43:20Z,1,-39.72655,134.88701,1,1903.2,1,34.681,1,2.413,1,1903.2,1,2.413,1,34.681,1
5905621,2025-12-10T05:43:20Z,1,-39.72655,134.88701,1,1905.4,1,34.681,1,2.412,1,1905.4,1,2.412,1,34.681,1
5905621,2025-12-10T05:43:20Z,1,-39.72655,134.88701,1,1907.5,1,34.681,1,2.412,1,1907.5,1,2.412,1,34.681,1
5905621,2025-12-10T05:43:20Z,1,-39.72655,134.88701,1,1909.3,1,34.681,1,2.412,1,1909.3,1,2.412,1,34.681,1
5905621,2025-12-10T05:43:20Z,1,-39.72655,134.88701,1,1911.4,1,34.681,1,2.411,1,1911.4,1,2.411,1,34.681,1
5905621,2025-12-10T05:43:20Z,1,-39.72655,134.88701,1,1913.5,1,34.682,1,2.408,1,1913.5,1,2.408,1,34.682,1
5905621,2025-12-10T05:43:20Z,1,-39.72655,134.88701,1,1915.2,1,34.682,1,2.406,1,1915.2,1,2.406,1,34.682,1
5905621,2025-12-10T05:43:20Z,1,-39.72655,134.88701,1,1917.3,1,34.682,1,2.406,1,1917.3,1,2.406,1,34.682,1
5905621,2025-12-10T05:43:20Z,1,-39.72655,134.88701,1,1919.4,1,34.683,1,2.404,1,1919.4,1,2.404,1,34.683,1
5905621,2025-12-10T05:43:20Z,1,-39.72655,134.88701,1,1921.5,1,34.683,1,2.402,1,1921.5,1,2.402,1,34.683,1
5905621,2025-12-10T05:43:20Z,1,-39.72655,134.88701,1,1923.7,1,34.684,1,2.4,1,1923.7,1,2.4,1,34.684,1
5905621,2025-12-10T05:43:20Z,1,-39.72655,134.88701,1,1925.3,1,34.684,1,2.399,1,1925.3,1,2.399,1,34.684,1
5905621,2025-12-10T05:43:20Z,1,-39.72655,134.88701,1,1927.4,1,34.684,1,2.396,1,1927.4,1,2.396,1,34.684,1
5905621,2025-12-10T05:43:20Z,1,-39.72655,134.88701,1,1929.6,1,34.685,1,2.395,1,1929.6,1,2.395,1,34.685,1
5905621,2025-12-10T05:43:20Z,1,-39.72655,134.88701,1,1931.3,1,34.685,1,2.395,1,1931.3,1,2.395,1,34.685,1
5905621,2025-12-10T05:43:20Z,1,-39.72655,134.88701,1,1933.5,1,34.685,1,2.394,1,1933.5,1,2.394,1,34.685,1
5905621,2025-12-10T05:43:20Z,1,-39.72655,134.88701,1,1935.6,1,34.686,1,2.391,1,1935.6,1,2.391,1,34.686,1
5905621,2025-12-10T05:43:20Z,1,-39.72655,134.88701,1,1937.3,1,34.686,1,2.391,1,1937.3,1,2.391,1,34.686,1
5905621,2025-12-10T05:43:20Z,1,-39.72655,134.88701,1,1939.5,1,34.686,1,2.39,1,1939.5,1,2.39,1,34.686,1
5905621,2025-12-10T05:43:20Z,1,-39.72655,134.88701,1,1941.7,1,34.686,1,2.389,1,1941.7,1,2.389,1,34.686,1
5905621,2025-12-10T05:43:20Z,1,-39.72655,134.88701,1,1943.4,1,34.687,1,2.388,1,1943.4,1,2.388,1,34.687,1
5905621,2025-12-10T05:43:20Z,1,-39.72655,134.88701,1,1945.5,1,34.686,1,2.387,1,1945.5,1,2.387,1,34.686,1
5905621,2025-12-10T05:43:20Z,1,-39.72655,134.88701,1,1947.7,1,34.687,1,2.385,1,1947.7,1,2.385,1,34.687,1
5905621,2025-12-10T05:43:20Z,1,-39.72655,134.88701,1,1949.5,1,34.687,1,2.384,1,1949.5,1,2.384,1,34.687,1
5905621,2025-12-10T05:43:20Z,1,-39.72655,134.88701,1,1951.2,1,34.687,1,2.383,1,1951.2,1,2.383,1,34.687,1
5905621,2025-12-10T05:43:20Z,1,-39.72655,134.88701,1,1953.3,1,34.688,1,2.382,1,1953.3,1,2.382,1,34.688,1
5905621,2025-12-10T05:43:20Z,1,-39.72655,134.88701,1,1955.5,1,34.688,1,2.382,1,1955.5,1,2.382,1,34.688,1
5905621,2025-12-10T05:43:20Z,1,-39.72655,134.88701,1,1957.2,1,34.688,1,2.381,1,1957.2,1,2.381,1,34.688,1
5905621,2025-12-10T05:43:20Z,1,-39.72655,134.88701,1,1959.3,1,34.688,1,2.379,1,1959.3,1,2.379,1,34.688,1
5905621,2025-12-10T05:43:20Z,1,-39.72655,134.88701,1,1961.5,1,34.689,1,2.377,1,1961.5,1,2.377,1,34.689,1
5905621,2025-12-10T05:43:20Z,1,-39.72655,134.88701,1,1963.2,1,34.689,1,2.377,1,1963.2,1,2.377,1,34.689,1
5905621,2025-12-10T05:43:20Z,1,-39.72655,134.88701,1,1965.3,1,34.689,1,2.376,1,1965.3,1,2.376,1,34.689,1
5905621,2025-12-10T05:43:20Z,1,-39.72655,134.88701,1,1967.5,1,34.689,1,2.374,1,1967.5,1,2.374,1,34.689,1
5905621,2025-12-10T05:43:20Z,1,-39.72655,134.88701,1,1969.2,1,34.69,1,2.372,1,1969.2,1,2.372,1,34.69,1
5905621,2025-12-10T05:43:20Z,1,-39.72655,134.88701,1,1971.4,1,34.69,1,2.369,1,1971.4,1,2.369,1,34.69,1
5905621,2025-12-10T05:43:20Z,1,-39.72655,134.88701,1,1973.6,1,34.691,1,2.369,1,1973.6,1,2.369,1,34.691,1
5905621,2025-12-10T05:43:20Z,1,-39.72655,134.88701,1,1975.3,1,34.691,1,2.368,1,1975.3,1,2.368,1,34.691,1
5905621,2025-12-10T05:43:20Z,1,-39.72655,134.88701,1,1977.5,1,34.691,1,2.367,1,1977.5,1,2.367,1,34.691,1
5905621,2025-12-10T05:43:20Z,1,-39.72655,134.88701,1,1979.7,1,34.692,1,2.366,1,1979.7,1,2.366,1,34.692,1
5905621,2025-12-10T05:43:20Z,1,-39.72655,134.88701,1,1981.4,1,34.692,1,2.364,1,1981.4,1,2.364,1,34.692,1
5905621,2025-12-10T05:43:20Z,1,-39.72655,134.88701,1,1983.2,1,34.692,1,2.364,1,1983.2,1,2.364,1,34.692,1
5905621,2025-12-10T05:43:20Z,1,-39.72655,134.88701,1,1985.4,1,34.692,1,2.362,1,1985.4,1,2.362,1,34.692,1
5905621,2025-12-10T05:43:20Z,1,-39.72655,134.88701,1,1987.6,1,34.693,1,2.359,1,1987.6,1,2.359,1,34.693,1
5905621,2025-12-10T05:43:20Z,1,-39.72655,134.88701,1,1989.4,1,34.693,1,2.358,1,1989.4,1,2.358,1,34.693,1
5905621,2025-12-10T05:43:20Z,1,-39.72655,134.88701,1,1991.2,1,34.693,1,2.357,1,1991.2,1,2.357,1,34.693,1
5905621,2025-12-10T05:43:20Z,1,-39.72655,134.88701,1,1993.4,1,34.693,1,2.355,1,1993.4,1,2.355,1,34.693,1
5905621,2025-12-10T05:43:20Z,1,-39.72655,134.88701,1,1995.6,1,34.694,1,2.354,1,1995.6,1,2.354,1,34.694,1
5905621,2025-12-10T05:43:20Z,1,-39.72655,134.88701,1,1997.3,1,34.693,1,2.354,1,1997.3,1,2.354,1,34.693,1
5905621,2025-12-10T05:43:20Z,1,-39.72655,134.88701,1,1999.2,1,34.694,1,2.353,1,1999.2,1,2.353,1,34.694,1
5905621,2025-12-10T05:43:20Z,1,-39.72655,134.88701,1,2001.3,1,34.694,1,2.352,1,2001.3,1,2.352,1,34.694,1
5905621,2025-12-10T05:43:20Z,1,-39.72655,134.88701,1,2003.6,1,34.694,1,2.35,1,2003.6,1,2.35,1,34.694,1
5905621,2025-12-20T00:39:20Z,1,-39.91119,134.32865,1,0.4,1,35.366,1,15.024,1,0.4,1,15.024,1,35.366,1
5905621,2025-12-20T00:39:20Z,1,-39.91119,134.32865,1,1.7,1,35.372,1,14.994,1,1.7,1,14.994,1,35.372,1
5905621,2025-12-20T00:39:20Z,1,-39.91119,134.32865,1,3.3,1,35.395,1,14.954,1,3.3,1,14.954,1,35.395,1
5905621,2025-12-20T00:39:20Z,1,-39.91119,134.32865,1,4.9,1,35.407,1,14.936,1,4.9,1,14.936,1,35.407,1
5905621,2025-12-20T00:39:20Z,1,-39.91119,134.32865,1,6.1,1,35.408,1,14.935,1,6.1,1,14.935,1,35.408,1
5905621,2025-12-20T00:39:20Z,1,-39.91119,134.32865,1,7.3,1,35.408,1,14.932,1,7.3,1,14.932,1,35.408,1
5905621,2025-12-20T00:39:20Z,1,-39.91119,134.32865,1,9.3,1,35.407,1,14.931,1,9.3,1,14.931,1,35.407,1
5905621,2025-12-20T00:39:20Z,1,-39.91119,134.32865,1,11.5,1,35.407,1,14.929,1,11.5,1,14.929,1,35.407,1
5905621,2025-12-20T00:39:20Z,1,-39.91119,134.32865,1,13.2,1,35.408,1,14.927,1,13.2,1,14.927,1,35.408,1
5905621,2025-12-20T00:39:20Z,1,-39.91119,134.32865,1,15.4,1,35.409,1,14.924,1,15.4,1,14.924,1,35.409,1
5905621,2025-12-20T00:39:20Z,1,-39.91119,134.32865,1,17.6,1,35.408,1,14.924,1,17.6,1,14.924,1,35.408,1
5905621,2025-12-20T00:39:20Z,1,-39.91119,134.32865,1,19.4,1,35.408,1,14.924,1,19.4,1,14.924,1,35.408,1
5905621,2025-12-20T00:39:20Z,1,-39.91119,134.32865,1,21.2,1,35.408,1,14.924,1,21.2,1,14.924,1,35.408,1
5905621,2025-12-20T00:39:20Z,1,-39.91119,134.32865,1,23.5,1,35.408,1,14.922,1,23.5,1,14.922,1,35.408,1
5905621,2025-12-20T00:39:20Z,1,-39.91119,134.32865,1,25.8,1,35.408,1,14.921,1,25.8,1,14.921,1,35.408,1
5905621,2025-12-20T00:39:20Z,1,-39.91119,134.32865,1,27.7,1,35.408,1,14.919,1,27.7,1,14.919,1,35.408,1
5905621,2025-12-20T00:39:20Z,1,-39.91119,134.32865,1,29.6,1,35.408,1,14.917,1,29.6,1,14.917,1,35.408,1
5905621,2025-12-20T00:39:20Z,1,-39.91119,134.32865,1,31.4,1,35.406,1,14.91,1,31.4,1,14.91,1,35.406,1
5905621,2025-12-20T00:39:20Z,1,-39.91119,134.32865,1,33.2,1,35.405,1,14.872,1,33.2,1,14.872,1,35.405,1
5905621,2025-12-20T00:39:20Z,1,-39.91119,134.32865,1,35.5,1,35.41,1,14.725,1,35.5,1,14.725,1,35.41,1
5905621,2025-12-20T00:39:20Z,1,-39.91119,134.32865,1,37.7,1,35.408,1,14.666,1,37.7,1,14.666,1,35.408,1
5905621,2025-12-20T00:39:20Z,1,-39.91119,134.32865,1,39.6,1,35.409,1,14.619,1,39.6,1,14.619,1,35.409,1
5905621,2025-12-20T00:39:20Z,1,-39.91119,134.32865,1,41.4,1,35.413,1,14.575,1,41.4,1,14.575,1,35.413,1
5905621,2025-12-20T00:39:20Z,1,-39.91119,134.32865,1,43.1,1,35.411,1,14.538,1,43.1,1,14.538,1,35.411,1
5905621,2025-12-20T00:39:20Z,1,-39.91119,134.32865,1,45.1,1,35.413,1,14.482,1,45.1,1,14.482,1,35.413,1
5905621,2025-12-20T00:39:20Z,1,-39.91119,134.32865,1,47.1,1,35.414,1,14.453,1,47.1,1,14.453,1,35.414,1
5905621,2025-12-20T00:39:20Z,1,-39.91119,134.32865,1,49.0,1,35.418,1,14.416,1,49.0,1,14.416,1,35.418,1
5905621,2025-12-20T00:39:20Z,1,-39.91119,134.32865,1,51.1,1,35.419,1,14.366,1,51.1,1,14.366,1,35.419,1
5905621,2025-12-20T00:39:20Z,1,-39.91119,134.32865,1,53.2,1,35.419,1,14.349,1,53.2,1,14.349,1,35.419,1
5905621,2025-12-20T00:39:20Z,1,-39.91119,134.32865,1,55.2,1,35.419,1,14.328,1,55.2,1,14.328,1,35.419,1
5905621,2025-12-20T00:39:20Z,1,-39.91119,134.32865,1,57.3,1,35.42,1,14.308,1,57.3,1,14.308,1,35.42,1
5905621,2025-12-20T00:39:20Z,1,-39.91119,134.32865,1,59.4,1,35.419,1,14.287,1,59.4,1,14.287,1,35.419,1
5905621,2025-12-20T00:39:20Z,1,-39.91119,134.32865,1,61.5,1,35.418,1,14.283,1,61.5,1,14.283,1,35.418,1
5905621,2025-12-20T00:39:20Z,1,-39.91119,134.32865,1,63.6,1,35.419,1,14.277,1,63.6,1,14.277,1,35.419,1
5905621,2025-12-20T00:39:20Z,1,-39.91119,134.32865,1,65.6,1,35.421,1,14.264,1,65.6,1,14.264,1,35.421,1
5905621,2025-12-20T00:39:20Z,1,-39.91119,134.32865,1,67.8,1,35.419,1,14.261,1,67.8,1,14.261,1,35.419,1
5905621,2025-12-20T00:39:20Z,1,-39.91119,134.32865,1,69.8,1,35.417,1,14.26,1,69.8,1,14.26,1,35.417,1
5905621,2025-12-20T00:39:20Z,1,-39.91119,134.32865,1,71.6,1,35.418,1,14.232,1,71.6,1,14.232,1,35.418,1
5905621,2025-12-20T00:39:20Z,1,-39.91119,134.32865,1,73.5,1,35.422,1,14.112,1,73.5,1,14.112,1,35.422,1
5905621,2025-12-20T00:39:20Z,1,-39.91119,134.32865,1,75.6,1,35.422,1,14.087,1,75.6,1,14.087,1,35.422,1
5905621,2025-12-20T00:39:20Z,1,-39.91119,134.32865,1,77.4,1,35.422,1,14.065,1,77.4,1,14.065,1,35.422,1
5905621,2025-12-20T00:39:20Z,1,-39.91119,134.32865,1,79.2,1,35.425,1,13.982,1,79.2,1,13.982,1,35.425,1
5905621,2025-12-20T00:39:20Z,1,-39.91119,134.32865,1,81.5,1,35.425,1,13.927,1,81.5,1,13.927,1,35.425,1
5905621,2025-12-20T00:39:20Z,1,-39.91119,134.32865,1,83.6,1,35.425,1,13.908,1,83.6,1,13.908,1,35.425,1
5905621,2025-12-20T00:39:20Z,1,-39.91119,134.32865,1,85.3,1,35.425,1,13.883,1,85.3,1,13.883,1,35.425,1
5905621,2025-12-20T00:39:20Z,1,-39.91119,134.32865,1,87.4,1,35.423,1,13.855,1,87.4,1,13.855,1,35.423,1
5905621,2025-12-20T00:39:20Z,1,-39.91119,134.32865,1,89.5,1,35.422,1,13.827,1,89.5,1,13.827,1,35.422,1
5905621,2025-12-20T00:39:20Z,1,-39.91119,134.32865,1,91.2,1,35.421,1,13.801,1,91.2,1,13.801,1,35.421,1
5905621,2025-12-20T00:39:20Z,1,-39.91119,134.32865,1,93.3,1,35.42,1,13.793,1,93.3,1,13.793,1,35.42,1
5905621,2025-12-20T00:39:20Z,1,-39.91119,134.32865,1,95.5,1,35.42,1,13.779,1,95.5,1,13.779,1,35.42,1
5905621,2025-12-20T00:39:20Z,1,-39.91119,134.32865,1,97.2,1,35.421,1,13.752,1,97.2,1,13.752,1,35.421,1
5905621,2025-12-20T00:39:20Z,1,-39.91119,134.32865,1,99.3,1,35.423,1,13.722,1,99.3,1,13.722,1,35.423,1
5905621,2025-12-20T00:39:20Z,1,-39.91119,134.32865,1,101.5,1,35.425,1,13.683,1,101.5,1,13.683,1,35.425,1
5905621,2025-12-20T00:39:20Z,1,-39.91119,134.32865,1,103.3,1,35.425,1,13.678,1,103.3,1,13.678,1,35.425,1
5905621,2025-12-20T00:39:20Z,1,-39.91119,134.32865,1,105.1,1,35.425,1,13.674,1,105.1,1,13.674,1,35.425,1
5905621,2025-12-20T00:39:20Z,1,-39.91119,134.32865,1,107.4,1,35.424,1,13.66,1,107.4,1,13.66,1,35.424,1
5905621,2025-12-20T00:39:20Z,1,-39.91119,134.32865,1,109.6,1,35.421,1,13.64,1,109.6,1,13.64,1,35.421,1
5905621,2025-12-20T00:39:20Z,1,-39.91119,134.32865,1,111.4,1,35.419,1,13.636,1,111.4,1,13.636,1,35.419,1
5905621,2025-12-20T00:39:20Z,1,-39.91119,134.32865,1,113.2,1,35.419,1,13.629,1,113.2,1,13.629,1,35.419,1
5905621,2025-12-20T00:39:20Z,1,-39.91119,134.32865,1,115.1,1,35.418,1,13.62,1,115.1,1,13.62,1,35.418,1
5905621,2025-12-20T00:39:20Z,1,-39.91119,134.32865,1,117.4,1,35.418,1,13.611,1,117.4,1,13.611,1,35.418,1
5905621,2025-12-20T00:39:20Z,1,-39.91119,134.32865,1,119.6,1,35.419,1,13.603,1,119.6,1,13.603,1,35.419,1
5905621,2025-12-20T00:39:20Z,1,-39.91119,134.32865,1,121.4,1,35.419,1,13.592,1,121.4,1,13.592,1,35.419,1
5905621,2025-12-20T00:39:20Z,1,-39.91119,134.32865,1,123.3,1,35.418,1,13.585,1,123.3,1,13.585,1,35.418,1
5905621,2025-12-20T00:39:20Z,1,-39.91119,134.32865,1,125.1,1,35.416,1,13.576,1,125.1,1,13.576,1,35.416,1
5905621,2025-12-20T00:39:20Z,1,-39.91119,134.32865,1,127.4,1,35.415,1,13.566,1,127.4,1,13.566,1,35.415,1
5905621,2025-12-20T00:39:20Z,1,-39.91119,134.32865,1,129.7,1,35.415,1,13.557,1,129.7,1,13.557,1,35.415,1
5905621,2025-12-20T00:39:20Z,1,-39.91119,134.32865,1,131.5,1,35.412,1,13.547,1,131.5,1,13.547,1,35.412,1
5905621,2025-12-20T00:39:20Z,1,-39.91119,134.32865,1,133.3,1,35.412,1,13.544,1,133.3,1,13.544,1,35.412,1
5905621,2025-12-20T00:39:20Z,1,-39.91119,134.32865,1,135.1,1,35.411,1,13.541,1,135.1,1,13.541,1,35.411,1
5905621,2025-12-20T00:39:20Z,1,-39.91119,134.32865,1,137.4,1,35.41,1,13.525,1,137.4,1,13.525,1,35.41,1
5905621,2025-12-20T00:39:20Z,1,-39.91119,134.32865,1,139.6,1,35.408,1,13.501,1,139.6,1,13.501,1,35.408,1
5905621,2025-12-20T00:39:20Z,1,-39.91119,134.32865,1,141.3,1,35.407,1,13.495,1,141.3,1,13.495,1,35.407,1
5905621,2025-12-20T00:39:20Z,1,-39.91119,134.32865,1,143.2,1,35.406,1,13.494,1,143.2,1,13.494,1,35.406,1
5905621,2025-12-20T00:39:20Z,1,-39.91119,134.32865,1,145.4,1,35.407,1,13.491,1,145.4,1,13.491,1,35.407,1
5905621,2025-12-20T00:39:20Z,1,-39.91119,134.32865,1,147.6,1,35.407,1,13.488,1,147.6,1,13.488,1,35.407,1
5905621,2025-12-20T00:39:20Z,1,-39.91119,134.32865,1,149.3,1,35.407,1,13.483,1,149.3,1,13.483,1,35.407,1
5905621,2025-12-20T00:39:20Z,1,-39.91119,134.32865,1,151.5,1,35.405,1,13.472,1,151.5,1,13.472,1,35.405,1
5905621,2025-12-20T00:39:20Z,1,-39.91119,134.32865,1,153.6,1,35.402,1,13.467,1,153.6,1,13.467,1,35.402,1
5905621,2025-12-20T00:39:20Z,1,-39.91119,134.32865,1,155.4,1,35.401,1,13.451,1,155.4,1,13.451,1,35.401,1
5905621,2025-12-20T00:39:20Z,1,-39.91119,134.32865,1,157.2,1,35.403,1,13.455,1,157.2,1,13.455,1,35.403,1
5905621,2025-12-20T00:39:20Z,1,-39.91119,134.32865,1,159.4,1,35.405,1,13.461,1,159.4,1,13.461,1,35.405,1
5905621,2025-12-20T00:39:20Z,1,-39.91119,134.32865,1,161.6,1,35.407,1,13.468,1,161.6,1,13.468,1,35.407,1
5905621,2025-12-20T00:39:20Z,1,-39.91119,134.32865,1,163.4,1,35.409,1,13.472,1,163.4,1,13.472,1,35.409,1
5905621,2025-12-20T00:39:20Z,1,-39.91119,134.32865,1,165.1,1,35.409,1,13.476,1,165.1,1,13.476,1,35.409,1
5905621,2025-12-20T00:39:20Z,1,-39.91119,134.32865,1,167.3,1,35.408,1,13.471,1,167.3,1,13.471,1,35.408,1
5905621,2025-12-20T00:39:20Z,1,-39.91119,134.32865,1,169.5,1,35.401,1,13.436,1,169.5,1,13.436,1,35.401,1
5905621,2025-12-20T00:39:20Z,1,-39.91119,134.32865,1,171.2,1,35.4,1,13.427,1,171.2,1,13.427,1,35.4,1
5905621,2025-12-20T00:39:20Z,1,-39.91119,134.32865,1,173.4,1,35.399,1,13.426,1,173.4,1,13.426,1,35.399,1
5905621,2025-12-20T00:39:20Z,1,-39.91119,134.32865,1,175.6,1,35.403,1,13.433,1,175.6,1,13.433,1,35.403,1
5905621,2025-12-20T00:39:20Z,1,-39.91119,134.32865,1,177.4,1,35.408,1,13.447,1,177.4,1,13.447,1,35.408,1
5905621,2025-12-20T00:39:20Z,1,-39.91119,134.32865,1,179.1,1,35.416,1,13.467,1,179.1,1,13.467,1,35.416,1
5905621,2025-12-20T00:39:20Z,1,-39.91119,134.32865,1,181.3,1,35.421,1,13.478,1,181.3,1,13.478,1,35.421,1
5905621,2025-12-20T00:39:20Z,1,-39.91119,134.32865,1,183.5,1,35.423,1,13.484,1,183.5,1,13.484,1,35.423,1
5905621,2025-12-20T00:39:20Z,1,-39.91119,134.32865,1,185.2,1,35.425,1,13.49,1,185.2,1,13.49,1,35.425,1
5905621,2025-12-20T00:39:20Z,1,-39.91119,134.32865,1,187.5,1,35.426,1,13.492,1,187.5,1,13.492,1,35.426,1
5905621,2025-12-20T00:39:20Z,1,-39.91119,134.32865,1,189.7,1,35.427,1,13.496,1,189.7,1,13.496,1,35.427,1
5905621,2025-12-20T00:39:20Z,1,-39.91119,134.32865,1,191.5,1,35.429,1,13.503,1,191.5,1,13.503,1,35.429,1
5905621,2025-12-20T00:39:20Z,1,-39.91119,134.32865,1,193.3,1,35.431,1,13.506,1,193.3,1,13.506,1,35.431,1
5905621,2025-12-20T00:39:20Z,1,-39.91119,134.32865,1,195.1,1,35.43,1,13.501,1,195.1,1,13.501,1,35.43,1
5905621,2025-12-20T00:39:20Z,1,-39.91119,134.32865,1,197.4,1,35.435,1,13.518,1,197.4,1,13.518,1,35.435,1
5905621,2025-12-20T00:39:20Z,1,-39.91119,134.32865,1,199.6,1,35.439,1,13.526,1,199.6,1,13.526,1,35.439,1
5905621,2025-12-20T00:39:20Z,1,-39.91119,134.32865,1,201.4,1,35.44,1,13.534,1,201.4,1,13.534,1,35.44,1
5905621,2025-12-20T00:39:20Z,1,-39.91119,134.32865,1,203.2,1,35.448,1,13.556,1,203.2,1,13.556,1,35.448,1
5905621,2025-12-20T00:39:20Z,1,-39.91119,134.32865,1,205.0,1,35.45,1,13.562,1,205.0,1,13.562,1,35.45,1
5905621,2025-12-20T00:39:20Z,1,-39.91119,134.32865,1,207.4,1,35.451,1,13.565,1,207.4,1,13.565,1,35.451,1
5905621,2025-12-20T00:39:20Z,1,-39.91119,134.32865,1,209.6,1,35.452,1,13.57,1,209.6,1,13.57,1,35.452,1
5905621,2025-12-20T00:39:20Z,1,-39.91119,134.32865,1,211.4,1,35.453,1,13.572,1,211.4,1,13.572,1,35.453,1
5905621,2025-12-20T00:39:20Z,1,-39.91119,134.32865,1,213.2,1,35.454,1,13.574,1,213.2,1,13.574,1,35.454,1
5905621,2025-12-20T00:39:20Z,1,-39.91119,134.32865,1,215.5,1,35.454,1,13.574,1,215.5,1,13.574,1,35.454,1
5905621,2025-12-20T00:39:20Z,1,-39.91119,134.32865,1,217.7,1,35.453,1,13.575,1,217.7,1,13.575,1,35.453,1
5905621,2025-12-20T00:39:20Z,1,-39.91119,134.32865,1,219.5,1,35.454,1,13.573,1,219.5,1,13.573,1,35.454,1
5905621,2025-12-20T00:39:20Z,1,-39.91119,134.32865,1,221.4,1,35.453,1,13.571,1,221.4,1,13.571,1,35.453,1
5905621,2025-12-20T00:39:20Z,1,-39.91119,134.32865,1,223.2,1,35.452,1,13.567,1,223.2,1,13.567,1,35.452,1
5905621,2025-12-20T00:39:20Z,1,-39.91119,134.32865,1,225.5,1,35.45,1,13.558,1,225.5,1,13.558,1,35.45,1
5905621,2025-12-20T00:39:20Z,1,-39.91119,134.32865,1,227.7,1,35.449,1,13.553,1,227.7,1,13.553,1,35.449,1
5905621,2025-12-20T00:39:20Z,1,-39.91119,134.32865,1,229.5,1,35.449,1,13.552,1,229.5,1,13.552,1,35.449,1
5905621,2025-12-20T00:39:20Z,1,-39.91119,134.32865,1,231.3,1,35.449,1,13.552,1,231.3,1,13.552,1,35.449,1
5905621,2025-12-20T00:39:20Z,1,-39.91119,134.32865,1,233.2,1,35.448,1,13.552,1,233.2,1,13.552,1,35.448,1
5905621,2025-12-20T00:39:20Z,1,-39.91119,134.32865,1,235.5,1,35.447,1,13.551,1,235.5,1,13.551,1,35.447,1
5905621,2025-12-20T00:39:20Z,1,-39.91119,134.32865,1,237.8,1,35.446,1,13.548,1,237.8,1,13.548,1,35.446,1
5905621,2025-12-20T00:39:20Z,1,-39.91119,134.32865,1,239.6,1,35.449,1,13.544,1,239.6,1,13.544,1,35.449,1
5905621,2025-12-20T00:39:20Z,1,-39.91119,134.32865,1,241.4,1,35.44,1,13.528,1,241.4,1,13.528,1,35.44,1
5905621,2025-12-20T00:39:20Z,1,-39.91119,134.32865,1,243.2,1,35.431,1,13.475,1,243.2,1,13.475,1,35.431,1
5905621,2025-12-20T00:39:20Z,1,-39.91119,134.32865,1,245.5,1,35.422,1,13.442,1,245.5,1,13.442,1,35.422,1
5905621,2025-12-20T00:39:20Z,1,-39.91119,134.32865,1,247.7,1,35.422,1,13.441,1,247.7,1,13.441,1,35.422,1
5905621,2025-12-20T00:39:20Z,1,-39.91119,134.32865,1,249.6,1,35.413,1,13.399,1,249.6,1,13.399,1,35.413,1
5905621,2025-12-20T00:39:20Z,1,-39.91119,134.32865,1,251.4,1,35.409,1,13.378,1,251.4,1,13.378,1,35.409,1
5905621,2025-12-20T00:39:20Z,1,-39.91119,134.32865,1,253.3,1,35.405,1,13.371,1,253.3,1,13.371,1,35.405,1
5905621,2025-12-20T00:39:20Z,1,-39.91119,134.32865,1,255.2,1,35.403,1,13.367,1,255.2,1,13.367,1,35.403,1
5905621,2025-12-20T00:39:20Z,1,-39.91119,134.32865,1,257.1,1,35.403,1,13.367,1,257.1,1,13.367,1,35.403,1
5905621,2025-12-20T00:39:20Z,1,-39.91119,134.32865,1,259.0,1,35.402,1,13.363,1,259.0,1,13.363,1,35.402,1
5905621,2025-12-20T00:39:20Z,1,-39.91119,134.32865,1,261.4,1,35.396,1,13.332,1,261.4,1,13.332,1,35.396,1
5905621,2025-12-20T00:39:20Z,1,-39.91119,134.32865,1,263.7,1,35.379,1,13.256,1,263.7,1,13.256,1,35.379,1
5905621,2025-12-20T00:39:20Z,1,-39.91119,134.32865,1,265.6,1,35.371,1,13.224,1,265.6,1,13.224,1,35.371,1
5905621,2025-12-20T00:39:20Z,1,-39.91119,134.32865,1,267.5,1,35.372,1,13.223,1,267.5,1,13.223,1,35.372,1
5905621,2025-12-20T00:39:20Z,1,-39.91119,134.32865,1,269.4,1,35.366,1,13.205,1,269.4,1,13.205,1,35.366,1
5905621,2025-12-20T00:39:20Z,1,-39.91119,134.32865,1,271.2,1,35.361,1,13.167,1,271.2,1,13.167,1,35.361,1
5905621,2025-12-20T00:39:20Z,1,-39.91119,134.32865,1,273.1,1,35.346,1,13.105,1,273.1,1,13.105,1,35.346,1
5905621,2025-12-20T00:39:20Z,1,-39.91119,134.32865,1,275.4,1,35.34,1,13.073,1,275.4,1,13.073,1,35.34,1
5905621,2025-12-20T00:39:20Z,1,-39.91119,134.32865,1,277.7,1,35.338,1,13.066,1,277.7,1,13.066,1,35.338,1
5905621,2025-12-20T00:39:20Z,1,-39.91119,134.32865,1,279.6,1,35.339,1,13.065,1,279.6,1,13.065,1,35.339,1
5905621,2025-12-20T00:39:20Z,1,-39.91119,134.32865,1,281.4,1,35.329,1,13.044,1,281.4,1,13.044,1,35.329,1
5905621,2025-12-20T00:39:20Z,1,-39.91119,134.32865,1,283.3,1,35.328,1,13.027,1,283.3,1,13.027,1,35.328,1
5905621,2025-12-20T00:39:20Z,1,-39.91119,134.32865,1,285.1,1,35.327,1,13.019,1,285.1,1,13.019,1,35.327,1
5905621,2025-12-20T00:39:20Z,1,-39.91119,134.32865,1,287.4,1,35.322,1,12.997,1,287.4,1,12.997,1,35.322,1
5905621,2025-12-20T00:39:20Z,1,-39.91119,134.32865,1,289.7,1,35.318,1,12.983,1,289.7,1,12.983,1,35.318,1
5905621,2025-12-20T00:39:20Z,1,-39.91119,134.32865,1,291.5,1,35.31,1,12.937,1,291.5,1,12.937,1,35.31,1
5905621,2025-12-20T00:39:20Z,1,-39.91119,134.32865,1,293.4,1,35.303,1,12.897,1,293.4,1,12.897,1,35.303,1
5905621,2025-12-20T00:39:20Z,1,-39.91119,134.32865,1,295.3,1,35.297,1,12.872,1,295.3,1,12.872,1,35.297,1
5905621,2025-12-20T00:39:20Z,1,-39.91119,134.32865,1,297.2,1,35.294,1,12.853,1,297.2,1,12.853,1,35.294,1
5905621,2025-12-20T00:39:20Z,1,-39.91119,134.32865,1,299.0,1,35.292,1,12.85,1,299.0,1,12.85,1,35.292,1
5905621,2025-12-20T00:39:20Z,1,-39.91119,134.32865,1,301.4,1,35.288,1,12.825,1,301.4,1,12.825,1,35.288,1
5905621,2025-12-20T00:39:20Z,1,-39.91119,134.32865,1,303.6,1,35.283,1,12.795,1,303.6,1,12.795,1,35.283,1
5905621,2025-12-20T00:39:20Z,1,-39.91119,134.32865,1,305.5,1,35.279,1,12.775,1,305.5,1,12.775,1,35.279,1
5905621,2025-12-20T00:39:20Z,1,-39.91119,134.32865,1,307.4,1,35.276,1,12.755,1,307.4,1,12.755,1,35.276,1
5905621,2025-12-20T00:39:20Z,1,-39.91119,134.32865,1,309.3,1,35.266,1,12.717,1,309.3,1,12.717,1,35.266,1
5905621,2025-12-20T00:39:20Z,1,-39.91119,134.32865,1,311.2,1,35.261,1,12.694,1,311.2,1,12.694,1,35.261,1
5905621,2025-12-20T00:39:20Z,1,-39.91119,134.32865,1,313.0,1,35.25,1,12.64,1,313.0,1,12.64,1,35.25,1
5905621,2025-12-20T00:39:20Z,1,-39.91119,134.32865,1,315.4,1,35.222,1,12.494,1,315.4,1,12.494,1,35.222,1
5905621,2025-12-20T00:39:20Z,1,-39.91119,134.32865,1,317.7,1,35.2,1,12.414,1,317.7,1,12.414,1,35.2,1
5905621,2025-12-20T00:39:20Z,1,-39.91119,134.32865,1,319.7,1,35.194,1,12.391,1,319.7,1,12.391,1,35.194,1
5905621,2025-12-20T00:39:20Z,1,-39.91119,134.32865,1,321.6,1,35.194,1,12.387,1,321.6,1,12.387,1,35.194,1
5905621,2025-12-20T00:39:20Z,1,-39.91119,134.32865,1,323.5,1,35.194,1,12.387,1,323.5,1,12.387,1,35.194,1
5905621,2025-12-20T00:39:20Z,1,-39.91119,134.32865,1,325.4,1,35.193,1,12.385,1,325.4,1,12.385,1,35.193,1
5905621,2025-12-20T00:39:20Z,1,-39.91119,134.32865,1,327.3,1,35.189,1,12.354,1,327.3,1,12.354,1,35.189,1
5905621,2025-12-20T00:39:20Z,1,-39.91119,134.32865,1,329.1,1,35.176,1,12.287,1,329.1,1,12.287,1,35.176,1
5905621,2025-12-20T00:39:20Z,1,-39.91119,134.32865,1,331.5,1,35.158,1,12.224,1,331.5,1,12.224,1,35.158,1
5905621,2025-12-20T00:39:20Z,1,-39.91119,134.32865,1,333.8,1,35.145,1,12.141,1,333.8,1,12.141,1,35.145,1
5905621,2025-12-20T00:39:20Z,1,-39.91119,134.32865,1,335.6,1,35.138,1,12.099,1,335.6,1,12.099,1,35.138,1
5905621,2025-12-20T00:39:20Z,1,-39.91119,134.32865,1,337.5,1,35.136,1,12.077,1,337.5,1,12.077,1,35.136,1
5905621,2025-12-20T00:39:20Z,1,-39.91119,134.32865,1,339.3,1,35.132,1,12.05,1,339.3,1,12.05,1,35.132,1
5905621,2025-12-20T00:39:20Z,1,-39.91119,134.32865,1,341.2,1,35.129,1,12.036,1,341.2,1,12.036,1,35.129,1
5905621,2025-12-20T00:39:20Z,1,-39.91119,134.32865,1,343.1,1,35.125,1,12.021,1,343.1,1,12.021,1,35.125,1
5905621,2025-12-20T00:39:20Z,1,-39.91119,134.32865,1,345.0,1,35.124,1,12.011,1,345.0,1,12.011,1,35.124,1
5905621,2025-12-20T00:39:20Z,1,-39.91119,134.32865,1,347.4,1,35.124,1,12.009,1,347.4,1,12.009,1,35.124,1
5905621,2025-12-20T00:39:20Z,1,-39.91119,134.32865,1,349.8,1,35.123,1,11.99,1,349.8,1,11.99,1,35.123,1
5905621,2025-12-20T00:39:20Z,1,-39.91119,134.32865,1,351.7,1,35.12,1,11.976,1,351.7,1,11.976,1,35.12,1
5905621,2025-12-20T00:39:20Z,1,-39.91119,134.32865,1,353.6,1,35.121,1,11.989,1,353.6,1,11.989,1,35.121,1
5905621,2025-12-20T00:39:20Z,1,-39.91119,134.32865,1,355.5,1,35.14,1,12.028,1,355.5,1,12.028,1,35.14,1
5905621,2025-12-20T00:39:20Z,1,-39.91119,134.32865,1,357.4,1,35.147,1,12.038,1,357.4,1,12.038,1,35.147,1
5905621,2025-12-20T00:39:20Z,1,-39.91119,134.32865,1,359.3,1,35.149,1,12.034,1,359.3,1,12.034,1,35.149,1
5905621,2025-12-20T00:39:20Z,1,-39.91119,134.32865,1,361.1,1,35.153,1,12.047,1,361.1,1,12.047,1,35.153,1
5905621,2025-12-20T00:39:20Z,1,-39.91119,134.32865,1,363.4,1,35.153,1,12.026,1,363.4,1,12.026,1,35.153,1
5905621,2025-12-20T00:39:20Z,1,-39.91119,134.32865,1,365.6,1,35.147,1,11.997,1,365.6,1,11.997,1,35.147,1
5905621,2025-12-20T00:39:20Z,1,-39.91119,134.32865,1,367.4,1,35.138,1,11.916,1,367.4,1,11.916,1,35.138,1
5905621,2025-12-20T00:39:20Z,1,-39.91119,134.32865,1,369.3,1,35.13,1,11.87,1,369.3,1,11.87,1,35.13,1
5905621,2025-12-20T00:39:20Z,1,-39.91119,134.32865,1,371.2,1,35.128,1,11.864,1,371.2,1,11.864,1,35.128,1
5905621,2025-12-20T00:39:20Z,1,-39.91119,134.32865,1,373.0,1,35.128,1,11.862,1,373.0,1,11.862,1,35.128,1
5905621,2025-12-20T00:39:20Z,1,-39.91119,134.32865,1,375.4,1,35.127,1,11.848,1,375.4,1,11.848,1,35.127,1
5905621,2025-12-20T00:39:20Z,1,-39.91119,134.32865,1,377.7,1,35.124,1,11.831,1,377.7,1,11.831,1,35.124,1
5905621,2025-12-20T00:39:20Z,1,-39.91119,134.32865,1,379.5,1,35.122,1,11.823,1,379.5,1,11.823,1,35.122,1
5905621,2025-12-20T00:39:20Z,1,-39.91119,134.32865,1,381.3,1,35.115,1,11.783,1,381.3,1,11.783,1,35.115,1
5905621,2025-12-20T00:39:20Z,1,-39.91119,134.32865,1,383.1,1,35.102,1,11.706,1,383.1,1,11.706,1,35.102,1
5905621,2025-12-20T00:39:20Z,1,-39.91119,134.32865,1,385.0,1,35.096,1,11.666,1,385.0,1,11.666,1,35.096,1
5905621,2025-12-20T00:39:20Z,1,-39.91119,134.32865,1,387.4,1,35.089,1,11.637,1,387.4,1,11.637,1,35.089,1
5905621,2025-12-20T00:39:20Z,1,-39.91119,134.32865,1,389.6,1,35.083,1,11.605,1,389.6,1,11.605,1,35.083,1
5905621,2025-12-20T00:39:20Z,1,-39.91119,134.32865,1,391.5,1,35.077,1,11.558,1,391.5,1,11.558,1,35.077,1
5905621,2025-12-20T00:39:20Z,1,-39.91119,134.32865,1,393.4,1,35.063,1,11.505,1,393.4,1,11.505,1,35.063,1
5905621,2025-12-20T00:39:20Z,1,-39.91119,134.32865,1,395.3,1,35.054,1,11.442,1,395.3,1,11.442,1,35.054,1
5905621,2025-12-20T00:39:20Z,1,-39.91119,134.32865,1,397.2,1,35.05,1,11.413,1,397.2,1,11.413,1,35.05,1
5905621,2025-12-20T00:39:20Z,1,-39.91119,134.32865,1,399.1,1,35.038,1,11.364,1,399.1,1,11.364,1,35.038,1
5905621,2025-12-20T00:39:20Z,1,-39.91119,134.32865,1,401.4,1,35.029,1,11.303,1,401.4,1,11.303,1,35.029,1
5905621,2025-12-20T00:39:20Z,1,-39.91119,134.32865,1,403.8,1,35.018,1,11.252,1,403.8,1,11.252,1,35.018,1
5905621,2025-12-20T00:39:20Z,1,-39.91119,134.32865,1,405.7,1,35.013,1,11.238,1,405.7,1,11.238,1,35.013,1
5905621,2025-12-20T00:39:20Z,1,-39.91119,134.32865,1,407.5,1,35.012,1,11.195,1,407.5,1,11.195,1,35.012,1
5905621,2025-12-20T00:39:20Z,1,-39.91119,134.32865,1,409.4,1,34.997,1,11.137,1,409.4,1,11.137,1,34.997,1
5905621,2025-12-20T00:39:20Z,1,-39.91119,134.32865,1,411.4,1,34.991,1,11.105,1,411.4,1,11.105,1,34.991,1
5905621,2025-12-20T00:39:20Z,1,-39.91119,134.32865,1,413.3,1,34.99,1,11.076,1,413.3,1,11.076,1,34.99,1
5905621,2025-12-20T00:39:20Z,1,-39.91119,134.32865,1,415.3,1,34.981,1,11.038,1,415.3,1,11.038,1,34.981,1
5905621,2025-12-20T00:39:20Z,1,-39.91119,134.32865,1,417.4,1,34.975,1,11.025,1,417.4,1,11.025,1,34.975,1
5905621,2025-12-20T00:39:20Z,1,-39.91119,134.32865,1,419.4,1,34.975,1,11.023,1,419.4,1,11.023,1,34.975,1
5905621,2025-12-20T00:39:20Z,1,-39.91119,134.32865,1,421.4,1,34.975,1,11.022,1,421.4,1,11.022,1,34.975,1
5905621,2025-12-20T00:39:20Z,1,-39.91119,134.32865,1,423.4,1,34.975,1,11.023,1,423.4,1,11.023,1,34.975,1
5905621,2025-12-20T00:39:20Z,1,-39.91119,134.32865,1,425.4,1,34.975,1,11.023,1,425.4,1,11.023,1,34.975,1
5905621,2025-12-20T00:39:20Z,1,-39.91119,134.32865,1,427.4,1,34.975,1,11.024,1,427.4,1,11.024,1,34.975,1
5905621,2025-12-20T00:39:20Z,1,-39.91119,134.32865,1,429.5,1,34.975,1,11.024,1,429.5,1,11.024,1,34.975,1
5905621,2025-12-20T00:39:20Z,1,-39.91119,134.32865,1,431.5,1,34.976,1,11.022,1,431.5,1,11.022,1,34.976,1
5905621,2025-12-20T00:39:20Z,1,-39.91119,134.32865,1,433.6,1,34.974,1,11.015,1,433.6,1,11.015,1,34.974,1
5905621,2025-12-20T00:39:20Z,1,-39.91119,134.32865,1,435.6,1,34.97,1,11.004,1,435.6,1,11.004,1,34.97,1
5905621,2025-12-20T00:39:20Z,1,-39.91119,134.32865,1,437.6,1,34.969,1,10.994,1,437.6,1,10.994,1,34.969,1
5905621,2025-12-20T00:39:20Z,1,-39.91119,134.32865,1,439.5,1,34.966,1,10.983,1,439.5,1,10.983,1,34.966,1
5905621,2025-12-20T00:39:20Z,1,-39.91119,134.32865,1,441.6,1,34.959,1,10.933,1,441.6,1,10.933,1,34.959,1
5905621,2025-12-20T00:39:20Z,1,-39.91119,134.32865,1,443.6,1,34.955,1,10.911,1,443.6,1,10.911,1,34.955,1
5905621,2025-12-20T00:39:20Z,1,-39.91119,134.32865,1,445.6,1,34.953,1,10.9,1,445.6,1,10.9,1,34.953,1
5905621,2025-12-20T00:39:20Z,1,-39.91119,134.32865,1,447.6,1,34.951,1,10.894,1,447.6,1,10.894,1,34.951,1
5905621,2025-12-20T00:39:20Z,1,-39.91119,134.32865,1,449.5,1,34.945,1,10.874,1,449.5,1,10.874,1,34.945,1
5905621,2025-12-20T00:39:20Z,1,-39.91119,134.32865,1,451.4,1,34.94,1,10.84,1,451.4,1,10.84,1,34.94,1
5905621,2025-12-20T00:39:20Z,1,-39.91119,134.32865,1,453.4,1,34.93,1,10.799,1,453.4,1,10.799,1,34.93,1
5905621,2025-12-20T00:39:20Z,1,-39.91119,134.32865,1,455.3,1,34.928,1,10.784,1,455.3,1,10.784,1,34.928,1
5905621,2025-12-20T00:39:20Z,1,-39.91119,134.32865,1,457.3,1,34.928,1,10.774,1,457.3,1,10.774,1,34.928,1
5905621,2025-12-20T00:39:20Z,1,-39.91119,134.32865,1,459.3,1,34.923,1,10.752,1,459.3,1,10.752,1,34.923,1
5905621,2025-12-20T00:39:20Z,1,-39.91119,134.32865,1,461.3,1,34.922,1,10.748,1,461.3,1,10.748,1,34.922,1
5905621,2025-12-20T00:39:20Z,1,-39.91119,134.32865,1,463.3,1,34.92,1,10.74,1,463.3,1,10.74,1,34.92,1
5905621,2025-12-20T00:39:20Z,1,-39.91119,134.32865,1,465.3,1,34.918,1,10.728,1,465.3,1,10.728,1,34.918,1
5905621,2025-12-20T00:39:20Z,1,-39.91119,134.32865,1,467.3,1,34.916,1,10.705,1,467.3,1,10.705,1,34.916,1
5905621,2025-12-20T00:39:20Z,1,-39.91119,134.32865,1,469.3,1,34.913,1,10.69,1,469.3,1,10.69,1,34.913,1
5905621,2025-12-20T00:39:20Z,1,-39.91119,134.32865,1,471.2,1,34.909,1,10.672,1,471.2,1,10.672,1,34.909,1
5905621,2025-12-20T00:39:20Z,1,-39.91119,134.32865,1,473.2,1,34.906,1,10.654,1,473.2,1,10.654,1,34.906,1
5905621,2025-12-20T00:39:20Z,1,-39.91119,134.32865,1,475.2,1,34.905,1,10.646,1,475.2,1,10.646,1,34.905,1
5905621,2025-12-20T00:39:20Z,1,-39.91119,134.32865,1,477.1,1,34.904,1,10.638,1,477.1,1,10.638,1,34.904,1
5905621,2025-12-20T00:39:20Z,1,-39.91119,134.32865,1,479.1,1,34.901,1,10.627,1,479.1,1,10.627,1,34.901,1
5905621,2025-12-20T00:39:20Z,1,-39.91119,134.32865,1,481.0,1,34.9,1,10.614,1,481.0,1,10.614,1,34.9,1
5905621,2025-12-20T00:39:20Z,1,-39.91119,134.32865,1,483.0,1,34.895,1,10.569,1,483.0,1,10.569,1,34.895,1
5905621,2025-12-20T00:39:20Z,1,-39.91119,134.32865,1,485.4,1,34.885,1,10.534,1,485.4,1,10.534,1,34.885,1
5905621,2025-12-20T00:39:20Z,1,-39.91119,134.32865,1,487.9,1,34.881,1,10.51,1,487.9,1,10.51,1,34.881,1
5905621,2025-12-20T00:39:20Z,1,-39.91119,134.32865,1,489.8,1,34.876,1,10.478,1,489.8,1,10.478,1,34.876,1
5905621,2025-12-20T00:39:20Z,1,-39.91119,134.32865,1,491.8,1,34.865,1,10.426,1,491.8,1,10.426,1,34.865,1
5905621,2025-12-20T00:39:20Z,1,-39.91119,134.32865,1,493.7,1,34.864,1,10.409,1,493.7,1,10.409,1,34.864,1
5905621,2025-12-20T00:39:20Z,1,-39.91119,134.32865,1,495.7,1,34.854,1,10.351,1,495.7,1,10.351,1,34.854,1
5905621,2025-12-20T00:39:20Z,1,-39.91119,134.32865,1,497.6,1,34.849,1,10.339,1,497.6,1,10.339,1,34.849,1
5905621,2025-12-20T00:39:20Z,1,-39.91119,134.32865,1,499.6,1,34.851,1,10.333,1,499.6,1,10.333,1,34.851,1
5905621,2025-12-20T00:39:20Z,1,-39.91119,134.32865,1,501.5,1,34.848,1,10.328,1,501.5,1,10.328,1,34.848,1
5905621,2025-12-20T00:39:20Z,1,-39.91119,134.32865,1,503.4,1,34.846,1,10.321,1,503.4,1,10.321,1,34.846,1
5905621,2025-12-20T00:39:20Z,1,-39.91119,134.32865,1,505.4,1,34.839,1,10.267,1,505.4,1,10.267,1,34.839,1
5905621,2025-12-20T00:39:20Z,1,-39.91119,134.32865,1,507.3,1,34.833,1,10.245,1,507.3,1,10.245,1,34.833,1
5905621,2025-12-20T00:39:20Z,1,-39.91119,134.32865,1,509.2,1,34.83,1,10.237,1,509.2,1,10.237,1,34.83,1
5905621,2025-12-20T00:39:20Z,1,-39.91119,134.32865,1,511.1,1,34.829,1,10.232,1,511.1,1,10.232,1,34.829,1
5905621,2025-12-20T00:39:20Z,1,-39.91119,134.32865,1,513.0,1,34.827,1,10.218,1,513.0,1,10.218,1,34.827,1
5905621,2025-12-20T00:39:20Z,1,-39.91119,134.32865,1,515.0,1,34.828,1,10.171,1,515.0,1,10.171,1,34.828,1
5905621,2025-12-20T00:39:20Z,1,-39.91119,134.32865,1,517.4,1,34.805,1,10.096,1,517.4,1,10.096,1,34.805,1
5905621,2025-12-20T00:39:20Z,1,-39.91119,134.32865,1,519.9,1,34.799,1,10.058,1,519.9,1,10.058,1,34.799,1
5905621,2025-12-20T00:39:20Z,1,-39.91119,134.32865,1,521.9,1,34.794,1,10.034,1,521.9,1,10.034,1,34.794,1
5905621,2025-12-20T00:39:20Z,1,-39.91119,134.32865,1,523.8,1,34.79,1,10.002,1,523.8,1,10.002,1,34.79,1
5905621,2025-12-20T00:39:20Z,1,-39.91119,134.32865,1,525.8,1,34.787,1,9.99,1,525.8,1,9.99,1,34.787,1
5905621,2025-12-20T00:39:20Z,1,-39.91119,134.32865,1,527.7,1,34.785,1,9.98,1,527.7,1,9.98,1,34.785,1
5905621,2025-12-20T00:39:20Z,1,-39.91119,134.32865,1,529.6,1,34.786,1,9.968,1,529.6,1,9.968,1,34.786,1
5905621,2025-12-20T00:39:20Z,1,-39.91119,134.32865,1,531.5,1,34.78,1,9.956,1,531.5,1,9.956,1,34.78,1
5905621,2025-12-20T00:39:20Z,1,-39.91119,134.32865,1,533.4,1,34.779,1,9.946,1,533.4,1,9.946,1,34.779,1
5905621,2025-12-20T00:39:20Z,1,-39.91119,134.32865,1,535.3,1,34.775,1,9.928,1,535.3,1,9.928,1,34.775,1
5905621,2025-12-20T00:39:20Z,1,-39.91119,134.32865,1,537.2,1,34.773,1,9.918,1,537.2,1,9.918,1,34.773,1
5905621,2025-12-20T00:39:20Z,1,-39.91119,134.32865,1,539.2,1,34.773,1,9.913,1,539.2,1,9.913,1,34.773,1
5905621,2025-12-20T00:39:20Z,1,-39.91119,134.32865,1,541.2,1,34.769,1,9.9,1,541.2,1,9.9,1,34.769,1
5905621,2025-12-20T00:39:20Z,1,-39.91119,134.32865,1,543.1,1,34.766,1,9.881,1,543.1,1,9.881,1,34.766,1
5905621,2025-12-20T00:39:20Z,1,-39.91119,134.32865,1,545.1,1,34.766,1,9.88,1,545.1,1,9.88,1,34.766,1
5905621,2025-12-20T00:39:20Z,1,-39.91119,134.32865,1,547.1,1,34.766,1,9.877,1,547.1,1,9.877,1,34.766,1
5905621,2025-12-20T00:39:20Z,1,-39.91119,134.32865,1,549.1,1,34.766,1,9.871,1,549.1,1,9.871,1,34.766,1
5905621,2025-12-20T00:39:20Z,1,-39.91119,134.32865,1,551.1,1,34.765,1,9.867,1,551.1,1,9.867,1,34.765,1
5905621,2025-12-20T00:39:20Z,1,-39.91119,134.32865,1,553.1,1,34.764,1,9.866,1,553.1,1,9.866,1,34.764,1
5905621,2025-12-20T00:39:20Z,1,-39.91119,134.32865,1,555.1,1,34.76,1,9.84,1,555.1,1,9.84,1,34.76,1
5905621,2025-12-20T00:39:20Z,1,-39.91119,134.32865,1,557.1,1,34.752,1,9.787,1,557.1,1,9.787,1,34.752,1
5905621,2025-12-20T00:39:20Z,1,-39.91119,134.32865,1,559.0,1,34.748,1,9.753,1,559.0,1,9.753,1,34.748,1
5905621,2025-12-20T00:39:20Z,1,-39.91119,134.32865,1,561.0,1,34.748,1,9.752,1,561.0,1,9.752,1,34.748,1
5905621,2025-12-20T00:39:20Z,1,-39.91119,134.32865,1,563.0,1,34.745,1,9.734,1,563.0,1,9.734,1,34.745,1
5905621,2025-12-20T00:39:20Z,1,-39.91119,134.32865,1,565.0,1,34.742,1,9.71,1,565.0,1,9.71,1,34.742,1
5905621,2025-12-20T00:39:20Z,1,-39.91119,134.32865,1,567.0,1,34.741,1,9.704,1,567.0,1,9.704,1,34.741,1
5905621,2025-12-20T00:39:20Z,1,-39.91119,134.32865,1,569.0,1,34.742,1,9.702,1,569.0,1,9.702,1,34.742,1
5905621,2025-12-20T00:39:20Z,1,-39.91119,134.32865,1,571.0,1,34.741,1,9.702,1,571.0,1,9.702,1,34.741,1
5905621,2025-12-20T00:39:20Z,1,-39.91119,134.32865,1,573.4,1,34.741,1,9.696,1,573.4,1,9.696,1,34.741,1
5905621,2025-12-20T00:39:20Z,1,-39.91119,134.32865,1,575.9,1,34.739,1,9.682,1,575.9,1,9.682,1,34.739,1
5905621,2025-12-20T00:39:20Z,1,-39.91119,134.32865,1,577.9,1,34.736,1,9.664,1,577.9,1,9.664,1,34.736,1
5905621,2025-12-20T00:39:20Z,1,-39.91119,134.32865,1,579.9,1,34.733,1,9.646,1,579.9,1,9.646,1,34.733,1
5905621,2025-12-20T00:39:20Z,1,-39.91119,134.32865,1,581.9,1,34.73,1,9.638,1,581.9,1,9.638,1,34.73,1
5905621,2025-12-20T00:39:20Z,1,-39.91119,134.32865,1,583.9,1,34.73,1,9.621,1,583.9,1,9.621,1,34.73,1
5905621,2025-12-20T00:39:20Z,1,-39.91119,134.32865,1,585.9,1,34.728,1,9.577,1,585.9,1,9.577,1,34.728,1
5905621,2025-12-20T00:39:20Z,1,-39.91119,134.32865,1,587.9,1,34.715,1,9.547,1,587.9,1,9.547,1,34.715,1
5905621,2025-12-20T00:39:20Z,1,-39.91119,134.32865,1,589.9,1,34.711,1,9.523,1,589.9,1,9.523,1,34.711,1
5905621,2025-12-20T00:39:20Z,1,-39.91119,134.32865,1,591.9,1,34.71,1,9.515,1,591.9,1,9.515,1,34.71,1
5905621,2025-12-20T00:39:20Z,1,-39.91119,134.32865,1,593.5,1,34.71,1,9.512,1,593.5,1,9.512,1,34.71,1
5905621,2025-12-20T00:39:20Z,1,-39.91119,134.32865,1,595.0,1,34.708,1,9.504,1,595.0,1,9.504,1,34.708,1
5905621,2025-12-20T00:39:20Z,1,-39.91119,134.32865,1,597.1,1,34.707,1,9.498,1,597.1,1,9.498,1,34.707,1
5905621,2025-12-20T00:39:20Z,1,-39.91119,134.32865,1,599.2,1,34.707,1,9.498,1,599.2,1,9.498,1,34.707,1
5905621,2025-12-20T00:39:20Z,1,-39.91119,134.32865,1,601.2,1,34.707,1,9.496,1,601.2,1,9.496,1,34.707,1
5905621,2025-12-20T00:39:20Z,1,-39.91119,134.32865,1,603.3,1,34.705,1,9.49,1,603.3,1,9.49,1,34.705,1
5905621,2025-12-20T00:39:20Z,1,-39.91119,134.32865,1,605.3,1,34.703,1,9.481,1,605.3,1,9.481,1,34.703,1
5905621,2025-12-20T00:39:20Z,1,-39.91119,134.32865,1,607.3,1,34.7,1,9.46,1,607.3,1,9.46,1,34.7,1
5905621,2025-12-20T00:39:20Z,1,-39.91119,134.32865,1,609.4,1,34.696,1,9.428,1,609.4,1,9.428,1,34.696,1
5905621,2025-12-20T00:39:20Z,1,-39.91119,134.32865,1,611.5,1,34.695,1,9.407,1,611.5,1,9.407,1,34.695,1
5905621,2025-12-20T00:39:20Z,1,-39.91119,134.32865,1,613.5,1,34.693,1,9.406,1,613.5,1,9.406,1,34.693,1
5905621,2025-12-20T00:39:20Z,1,-39.91119,134.32865,1,615.6,1,34.692,1,9.405,1,615.6,1,9.405,1,34.692,1
5905621,2025-12-20T00:39:20Z,1,-39.91119,134.32865,1,617.6,1,34.69,1,9.403,1,617.6,1,9.403,1,34.69,1
5905621,2025-12-20T00:39:20Z,1,-39.91119,134.32865,1,619.7,1,34.687,1,9.372,1,619.7,1,9.372,1,34.687,1
5905621,2025-12-20T00:39:20Z,1,-39.91119,134.32865,1,621.8,1,34.682,1,9.344,1,621.8,1,9.344,1,34.682,1
5905621,2025-12-20T00:39:20Z,1,-39.91119,134.32865,1,623.9,1,34.68,1,9.34,1,623.9,1,9.34,1,34.68,1
5905621,2025-12-20T00:39:20Z,1,-39.91119,134.32865,1,625.9,1,34.676,1,9.32,1,625.9,1,9.32,1,34.676,1
5905621,2025-12-20T00:39:20Z,1,-39.91119,134.32865,1,627.4,1,34.672,1,9.299,1,627.4,1,9.299,1,34.672,1
5905621,2025-12-20T00:39:20Z,1,-39.91119,134.32865,1,629.0,1,34.672,1,9.283,1,629.0,1,9.283,1,34.672,1
5905621,2025-12-20T00:39:20Z,1,-39.91119,134.32865,1,631.1,1,34.663,1,9.234,1,631.1,1,9.234,1,34.663,1
5905621,2025-12-20T00:39:20Z,1,-39.91119,134.32865,1,633.2,1,34.657,1,9.201,1,633.2,1,9.201,1,34.657,1
5905621,2025-12-20T00:39:20Z,1,-39.91119,134.32865,1,635.3,1,34.652,1,9.161,1,635.3,1,9.161,1,34.652,1
5905621,2025-12-20T00:39:20Z,1,-39.91119,134.32865,1,637.4,1,34.648,1,9.135,1,637.4,1,9.135,1,34.648,1
5905621,2025-12-20T00:39:20Z,1,-39.91119,134.32865,1,639.4,1,34.644,1,9.099,1,639.4,1,9.099,1,34.644,1
5905621,2025-12-20T00:39:20Z,1,-39.91119,134.32865,1,641.6,1,34.64,1,9.087,1,641.6,1,9.087,1,34.64,1
5905621,2025-12-20T00:39:20Z,1,-39.91119,134.32865,1,643.7,1,34.636,1,9.056,1,643.7,1,9.056,1,34.636,1
5905621,2025-12-20T00:39:20Z,1,-39.91119,134.32865,1,645.8,1,34.628,1,9.003,1,645.8,1,9.003,1,34.628,1
5905621,2025-12-20T00:39:20Z,1,-39.91119,134.32865,1,647.9,1,34.625,1,8.978,1,647.9,1,8.978,1,34.625,1
5905621,2025-12-20T00:39:20Z,1,-39.91119,134.32865,1,649.5,1,34.624,1,8.97,1,649.5,1,8.97,1,34.624,1
5905621,2025-12-20T00:39:20Z,1,-39.91119,134.32865,1,651.0,1,34.623,1,8.966,1,651.0,1,8.966,1,34.623,1
5905621,2025-12-20T00:39:20Z,1,-39.91119,134.32865,1,653.2,1,34.622,1,8.962,1,653.2,1,8.962,1,34.622,1
5905621,2025-12-20T00:39:20Z,1,-39.91119,134.32865,1,655.4,1,34.62,1,8.952,1,655.4,1,8.952,1,34.62,1
5905621,2025-12-20T00:39:20Z,1,-39.91119,134.32865,1,657.4,1,34.616,1,8.93,1,657.4,1,8.93,1,34.616,1
5905621,2025-12-20T00:39:20Z,1,-39.91119,134.32865,1,659.6,1,34.612,1,8.904,1,659.6,1,8.904,1,34.612,1
5905621,2025-12-20T00:39:20Z,1,-39.91119,134.32865,1,661.7,1,34.609,1,8.878,1,661.7,1,8.878,1,34.609,1
5905621,2025-12-20T00:39:20Z,1,-39.91119,134.32865,1,663.8,1,34.605,1,8.856,1,663.8,1,8.856,1,34.605,1
5905621,2025-12-20T00:39:20Z,1,-39.91119,134.32865,1,665.5,1,34.602,1,8.834,1,665.5,1,8.834,1,34.602,1
5905621,2025-12-20T00:39:20Z,1,-39.91119,134.32865,1,667.1,1,34.6,1,8.803,1,667.1,1,8.803,1,34.6,1
5905621,2025-12-20T00:39:20Z,1,-39.91119,134.32865,1,669.2,1,34.595,1,8.767,1,669.2,1,8.767,1,34.595,1
5905621,2025-12-20T00:39:20Z,1,-39.91119,134.32865,1,671.3,1,34.595,1,8.765,1,671.3,1,8.765,1,34.595,1
5905621,2025-12-20T00:39:20Z,1,-39.91119,134.32865,1,673.5,1,34.595,1,8.751,1,673.5,1,8.751,1,34.595,1
5905621,2025-12-20T00:39:20Z,1,-39.91119,134.32865,1,675.7,1,34.593,1,8.72,1,675.7,1,8.72,1,34.593,1
5905621,2025-12-20T00:39:20Z,1,-39.91119,134.32865,1,677.8,1,34.59,1,8.714,1,677.8,1,8.714,1,34.59,1
5905621,2025-12-20T00:39:20Z,1,-39.91119,134.32865,1,679.4,1,34.59,1,8.709,1,679.4,1,8.709,1,34.59,1
5905621,2025-12-20T00:39:20Z,1,-39.91119,134.32865,1,681.0,1,34.589,1,8.705,1,681.0,1,8.705,1,34.589,1
5905621,2025-12-20T00:39:20Z,1,-39.91119,134.32865,1,683.2,1,34.589,1,8.703,1,683.2,1,8.703,1,34.589,1
5905621,2025-12-20T00:39:20Z,1,-39.91119,134.32865,1,685.4,1,34.588,1,8.698,1,685.4,1,8.698,1,34.588,1
5905621,2025-12-20T00:39:20Z,1,-39.91119,134.32865,1,687.5,1,34.586,1,8.677,1,687.5,1,8.677,1,34.586,1
5905621,2025-12-20T00:39:20Z,1,-39.91119,134.32865,1,689.7,1,34.584,1,8.647,1,689.7,1,8.647,1,34.584,1
5905621,2025-12-20T00:39:20Z,1,-39.91119,134.32865,1,691.4,1,34.584,1,8.644,1,691.4,1,8.644,1,34.584,1
5905621,2025-12-20T00:39:20Z,1,-39.91119,134.32865,1,693.0,1,34.582,1,8.627,1,693.0,1,8.627,1,34.582,1
5905621,2025-12-20T00:39:20Z,1,-39.91119,134.32865,1,695.2,1,34.579,1,8.602,1,695.2,1,8.602,1,34.579,1
5905621,2025-12-20T00:39:20Z,1,-39.91119,134.32865,1,697.4,1,34.578,1,8.593,1,697.4,1,8.593,1,34.578,1
5905621,2025-12-20T00:39:20Z,1,-39.91119,134.32865,1,699.6,1,34.577,1,8.578,1,699.6,1,8.578,1,34.577,1
5905621,2025-12-20T00:39:20Z,1,-39.91119,134.32865,1,701.8,1,34.573,1,8.554,1,701.8,1,8.554,1,34.573,1
5905621,2025-12-20T00:39:20Z,1,-39.91119,134.32865,1,703.5,1,34.572,1,8.546,1,703.5,1,8.546,1,34.572,1
5905621,2025-12-20T00:39:20Z,1,-39.91119,134.32865,1,705.1,1,34.571,1,8.531,1,705.1,1,8.531,1,34.571,1
5905621,2025-12-20T00:39:20Z,1,-39.91119,134.32865,1,707.3,1,34.568,1,8.502,1,707.3,1,8.502,1,34.568,1
5905621,2025-12-20T00:39:20Z,1,-39.91119,134.32865,1,709.5,1,34.564,1,8.45,1,709.5,1,8.45,1,34.564,1
5905621,2025-12-20T00:39:20Z,1,-39.91119,134.32865,1,711.6,1,34.56,1,8.41,1,711.6,1,8.41,1,34.56,1
5905621,2025-12-20T00:39:20Z,1,-39.91119,134.32865,1,713.8,1,34.557,1,8.372,1,713.8,1,8.372,1,34.557,1
5905621,2025-12-20T00:39:20Z,1,-39.91119,134.32865,1,715.5,1,34.555,1,8.357,1,715.5,1,8.357,1,34.555,1
5905621,2025-12-20T00:39:20Z,1,-39.91119,134.32865,1,717.2,1,34.553,1,8.344,1,717.2,1,8.344,1,34.553,1
5905621,2025-12-20T00:39:20Z,1,-39.91119,134.32865,1,719.4,1,34.552,1,8.334,1,719.4,1,8.334,1,34.552,1
5905621,2025-12-20T00:39:20Z,1,-39.91119,134.32865,1,721.7,1,34.551,1,8.317,1,721.7,1,8.317,1,34.551,1
5905621,2025-12-20T00:39:20Z,1,-39.91119,134.32865,1,723.4,1,34.549,1,8.302,1,723.4,1,8.302,1,34.549,1
5905621,2025-12-20T00:39:20Z,1,-39.91119,134.32865,1,725.0,1,34.549,1,8.29,1,725.0,1,8.29,1,34.549,1
5905621,2025-12-20T00:39:20Z,1,-39.91119,134.32865,1,727.4,1,34.546,1,8.271,1,727.4,1,8.271,1,34.546,1
5905621,2025-12-20T00:39:20Z,1,-39.91119,134.32865,1,729.4,1,34.545,1,8.251,1,729.4,1,8.251,1,34.545,1
5905621,2025-12-20T00:39:20Z,1,-39.91119,134.32865,1,731.5,1,34.541,1,8.207,1,731.5,1,8.207,1,34.541,1
5905621,2025-12-20T00:39:20Z,1,-39.91119,134.32865,1,733.5,1,34.538,1,8.166,1,733.5,1,8.166,1,34.538,1
5905621,2025-12-20T00:39:20Z,1,-39.91119,134.32865,1,735.6,1,34.534,1,8.136,1,735.6,1,8.136,1,34.534,1
5905621,2025-12-20T00:39:20Z,1,-39.91119,134.32865,1,737.6,1,34.532,1,8.113,1,737.6,1,8.113,1,34.532,1
5905621,2025-12-20T00:39:20Z,1,-39.91119,134.32865,1,739.6,1,34.53,1,8.094,1,739.6,1,8.094,1,34.53,1
5905621,2025-12-20T00:39:20Z,1,-39.91119,134.32865,1,741.7,1,34.528,1,8.079,1,741.7,1,8.079,1,34.528,1
5905621,2025-12-20T00:39:20Z,1,-39.91119,134.32865,1,743.3,1,34.527,1,8.061,1,743.3,1,8.061,1,34.527,1
5905621,2025-12-20T00:39:20Z,1,-39.91119,134.32865,1,745.3,1,34.525,1,8.029,1,745.3,1,8.029,1,34.525,1
5905621,2025-12-20T00:39:20Z,1,-39.91119,134.32865,1,747.4,1,34.523,1,8.011,1,747.4,1,8.011,1,34.523,1
5905621,2025-12-20T00:39:20Z,1,-39.91119,134.32865,1,749.5,1,34.522,1,7.999,1,749.5,1,7.999,1,34.522,1
5905621,2025-12-20T00:39:20Z,1,-39.91119,134.32865,1,751.7,1,34.52,1,7.989,1,751.7,1,7.989,1,34.52,1
5905621,2025-12-20T00:39:20Z,1,-39.91119,134.32865,1,753.3,1,34.519,1,7.968,1,753.3,1,7.968,1,34.519,1
5905621,2025-12-20T00:39:20Z,1,-39.91119,134.32865,1,755.4,1,34.517,1,7.936,1,755.4,1,7.936,1,34.517,1
5905621,2025-12-20T00:39:20Z,1,-39.91119,134.32865,1,757.4,1,34.515,1,7.912,1,757.4,1,7.912,1,34.515,1
5905621,2025-12-20T00:39:20Z,1,-39.91119,134.32865,1,759.5,1,34.513,1,7.9,1,759.5,1,7.9,1,34.513,1
5905621,2025-12-20T00:39:20Z,1,-39.91119,134.32865,1,761.7,1,34.512,1,7.89,1,761.7,1,7.89,1,34.512,1
5905621,2025-12-20T00:39:20Z,1,-39.91119,134.32865,1,763.3,1,34.511,1,7.861,1,763.3,1,7.861,1,34.511,1
5905621,2025-12-20T00:39:20Z,1,-39.91119,134.32865,1,765.3,1,34.509,1,7.82,1,765.3,1,7.82,1,34.509,1
5905621,2025-12-20T00:39:20Z,1,-39.91119,134.32865,1,767.4,1,34.505,1,7.779,1,767.4,1,7.779,1,34.505,1
5905621,2025-12-20T00:39:20Z,1,-39.91119,134.32865,1,769.5,1,34.505,1,7.764,1,769.5,1,7.764,1,34.505,1
5905621,2025-12-20T00:39:20Z,1,-39.91119,134.32865,1,771.6,1,34.502,1,7.729,1,771.6,1,7.729,1,34.502,1
5905621,2025-12-20T00:39:20Z,1,-39.91119,134.32865,1,773.2,1,34.502,1,7.706,1,773.2,1,7.706,1,34.502,1
5905621,2025-12-20T00:39:20Z,1,-39.91119,134.32865,1,775.3,1,34.499,1,7.694,1,775.3,1,7.694,1,34.499,1
5905621,2025-12-20T00:39:20Z,1,-39.91119,134.32865,1,777.3,1,34.498,1,7.677,1,777.3,1,7.677,1,34.498,1
5905621,2025-12-20T00:39:20Z,1,-39.91119,134.32865,1,779.4,1,34.497,1,7.668,1,779.4,1,7.668,1,34.497,1
5905621,2025-12-20T00:39:20Z,1,-39.91119,134.32865,1,781.4,1,34.498,1,7.663,1,781.4,1,7.663,1,34.498,1
5905621,2025-12-20T00:39:20Z,1,-39.91119,134.32865,1,783.6,1,34.496,1,7.659,1,783.6,1,7.659,1,34.496,1
5905621,2025-12-20T00:39:20Z,1,-39.91119,134.32865,1,785.7,1,34.495,1,7.644,1,785.7,1,7.644,1,34.495,1
5905621,2025-12-20T00:39:20Z,1,-39.91119,134.32865,1,787.4,1,34.495,1,7.629,1,787.4,1,7.629,1,34.495,1
5905621,2025-12-20T00:39:20Z,1,-39.91119,134.32865,1,789.4,1,34.494,1,7.607,1,789.4,1,7.607,1,34.494,1
5905621,2025-12-20T00:39:20Z,1,-39.91119,134.32865,1,791.5,1,34.493,1,7.599,1,791.5,1,7.599,1,34.493,1
5905621,2025-12-20T00:39:20Z,1,-39.91119,134.32865,1,793.6,1,34.491,1,7.585,1,793.6,1,7.585,1,34.491,1
5905621,2025-12-20T00:39:20Z,1,-39.91119,134.32865,1,795.7,1,34.489,1,7.565,1,795.7,1,7.565,1,34.489,1
5905621,2025-12-20T00:39:20Z,1,-39.91119,134.32865,1,797.3,1,34.488,1,7.549,1,797.3,1,7.549,1,34.488,1
5905621,2025-12-20T00:39:20Z,1,-39.91119,134.32865,1,799.5,1,34.487,1,7.489,1,799.5,1,7.489,1,34.487,1
5905621,2025-12-20T00:39:20Z,1,-39.91119,134.32865,1,801.7,1,34.482,1,7.45,1,801.7,1,7.45,1,34.482,1
5905621,2025-12-20T00:39:20Z,1,-39.91119,134.32865,1,803.5,1,34.481,1,7.414,1,803.5,1,7.414,1,34.481,1
5905621,2025-12-20T00:39:20Z,1,-39.91119,134.32865,1,805.3,1,34.479,1,7.386,1,805.3,1,7.386,1,34.479,1
5905621,2025-12-20T00:39:20Z,1,-39.91119,134.32865,1,807.2,1,34.475,1,7.298,1,807.2,1,7.298,1,34.475,1
5905621,2025-12-20T00:39:20Z,1,-39.91119,134.32865,1,809.0,1,34.473,1,7.263,1,809.0,1,7.263,1,34.473,1
5905621,2025-12-20T00:39:20Z,1,-39.91119,134.32865,1,811.4,1,34.472,1,7.255,1,811.4,1,7.255,1,34.472,1
5905621,2025-12-20T00:39:20Z,1,-39.91119,134.32865,1,813.7,1,34.471,1,7.24,1,813.7,1,7.24,1,34.471,1
5905621,2025-12-20T00:39:20Z,1,-39.91119,134.32865,1,815.6,1,34.47,1,7.233,1,815.6,1,7.233,1,34.47,1
5905621,2025-12-20T00:39:20Z,1,-39.91119,134.32865,1,817.5,1,34.47,1,7.233,1,817.5,1,7.233,1,34.47,1
5905621,2025-12-20T00:39:20Z,1,-39.91119,134.32865,1,819.3,1,34.47,1,7.227,1,819.3,1,7.227,1,34.47,1
5905621,2025-12-20T00:39:20Z,1,-39.91119,134.32865,1,821.2,1,34.468,1,7.222,1,821.2,1,7.222,1,34.468,1
5905621,2025-12-20T00:39:20Z,1,-39.91119,134.32865,1,823.1,1,34.467,1,7.205,1,823.1,1,7.205,1,34.467,1
5905621,2025-12-20T00:39:20Z,1,-39.91119,134.32865,1,825.4,1,34.466,1,7.177,1,825.4,1,7.177,1,34.466,1
5905621,2025-12-20T00:39:20Z,1,-39.91119,134.32865,1,827.7,1,34.464,1,7.142,1,827.7,1,7.142,1,34.464,1
5905621,2025-12-20T00:39:20Z,1,-39.91119,134.32865,1,829.6,1,34.463,1,7.134,1,829.6,1,7.134,1,34.463,1
5905621,2025-12-20T00:39:20Z,1,-39.91119,134.32865,1,831.6,1,34.463,1,7.113,1,831.6,1,7.113,1,34.463,1
5905621,2025-12-20T00:39:20Z,1,-39.91119,134.32865,1,833.5,1,34.46,1,7.07,1,833.5,1,7.07,1,34.46,1
5905621,2025-12-20T00:39:20Z,1,-39.91119,134.32865,1,835.4,1,34.459,1,7.015,1,835.4,1,7.015,1,34.459,1
5905621,2025-12-20T00:39:20Z,1,-39.91119,134.32865,1,837.4,1,34.455,1,6.987,1,837.4,1,6.987,1,34.455,1
5905621,2025-12-20T00:39:20Z,1,-39.91119,134.32865,1,839.3,1,34.454,1,6.955,1,839.3,1,6.955,1,34.454,1
5905621,2025-12-20T00:39:20Z,1,-39.91119,134.32865,1,841.3,1,34.453,1,6.878,1,841.3,1,6.878,1,34.453,1
5905621,2025-12-20T00:39:20Z,1,-39.91119,134.32865,1,843.2,1,34.448,1,6.838,1,843.2,1,6.838,1,34.448,1
5905621,2025-12-20T00:39:20Z,1,-39.91119,134.32865,1,845.2,1,34.446,1,6.815,1,845.2,1,6.815,1,34.446,1
5905621,2025-12-20T00:39:20Z,1,-39.91119,134.32865,1,847.2,1,34.445,1,6.796,1,847.2,1,6.796,1,34.445,1
5905621,2025-12-20T00:39:20Z,1,-39.91119,134.32865,1,849.2,1,34.444,1,6.772,1,849.2,1,6.772,1,34.444,1
5905621,2025-12-20T00:39:20Z,1,-39.91119,134.32865,1,851.1,1,34.443,1,6.737,1,851.1,1,6.737,1,34.443,1
5905621,2025-12-20T00:39:20Z,1,-39.91119,134.32865,1,853.1,1,34.44,1,6.708,1,853.1,1,6.708,1,34.44,1
5905621,2025-12-20T00:39:20Z,1,-39.91119,134.32865,1,855.0,1,34.438,1,6.674,1,855.0,1,6.674,1,34.438,1
5905621,2025-12-20T00:39:20Z,1,-39.91119,134.32865,1,857.4,1,34.437,1,6.657,1,857.4,1,6.657,1,34.437,1
5905621,2025-12-20T00:39:20Z,1,-39.91119,134.32865,1,859.8,1,34.435,1,6.618,1,859.8,1,6.618,1,34.435,1
5905621,2025-12-20T00:39:20Z,1,-39.91119,134.32865,1,861.9,1,34.435,1,6.59,1,861.9,1,6.59,1,34.435,1
5905621,2025-12-20T00:39:20Z,1,-39.91119,134.32865,1,863.8,1,34.434,1,6.576,1,863.8,1,6.576,1,34.434,1
5905621,2025-12-20T00:39:20Z,1,-39.91119,134.32865,1,865.8,1,34.431,1,6.553,1,865.8,1,6.553,1,34.431,1
5905621,2025-12-20T00:39:20Z,1,-39.91119,134.32865,1,867.8,1,34.431,1,6.522,1,867.8,1,6.522,1,34.431,1
5905621,2025-12-20T00:39:20Z,1,-39.91119,134.32865,1,869.8,1,34.429,1,6.5,1,869.8,1,6.5,1,34.429,1
5905621,2025-12-20T00:39:20Z,1,-39.91119,134.32865,1,871.8,1,34.428,1,6.465,1,871.8,1,6.465,1,34.428,1
5905621,2025-12-20T00:39:20Z,1,-39.91119,134.32865,1,873.8,1,34.425,1,6.416,1,873.8,1,6.416,1,34.425,1
5905621,2025-12-20T00:39:20Z,1,-39.91119,134.32865,1,875.8,1,34.423,1,6.386,1,875.8,1,6.386,1,34.423,1
5905621,2025-12-20T00:39:20Z,1,-39.91119,134.32865,1,877.8,1,34.422,1,6.37,1,877.8,1,6.37,1,34.422,1
5905621,2025-12-20T00:39:20Z,1,-39.91119,134.32865,1,879.8,1,34.422,1,6.362,1,879.8,1,6.362,1,34.422,1
5905621,2025-12-20T00:39:20Z,1,-39.91119,134.32865,1,881.8,1,34.422,1,6.349,1,881.8,1,6.349,1,34.422,1
5905621,2025-12-20T00:39:20Z,1,-39.91119,134.32865,1,883.8,1,34.421,1,6.33,1,883.8,1,6.33,1,34.421,1
5905621,2025-12-20T00:39:20Z,1,-39.91119,134.32865,1,885.8,1,34.42,1,6.316,1,885.8,1,6.316,1,34.42,1
5905621,2025-12-20T00:39:20Z,1,-39.91119,134.32865,1,887.8,1,34.419,1,6.31,1,887.8,1,6.31,1,34.419,1
5905621,2025-12-20T00:39:20Z,1,-39.91119,134.32865,1,889.7,1,34.417,1,6.304,1,889.7,1,6.304,1,34.417,1
5905621,2025-12-20T00:39:20Z,1,-39.91119,134.32865,1,891.7,1,34.418,1,6.254,1,891.7,1,6.254,1,34.418,1
5905621,2025-12-20T00:39:20Z,1,-39.91119,134.32865,1,893.6,1,34.417,1,6.242,1,893.6,1,6.242,1,34.417,1
5905621,2025-12-20T00:39:20Z,1,-39.91119,134.32865,1,895.6,1,34.416,1,6.226,1,895.6,1,6.226,1,34.416,1
5905621,2025-12-20T00:39:20Z,1,-39.91119,134.32865,1,897.6,1,34.414,1,6.204,1,897.6,1,6.204,1,34.414,1
5905621,2025-12-20T00:39:20Z,1,-39.91119,134.32865,1,899.5,1,34.414,1,6.179,1,899.5,1,6.179,1,34.414,1
5905621,2025-12-20T00:39:20Z,1,-39.91119,134.32865,1,901.5,1,34.412,1,6.166,1,901.5,1,6.166,1,34.412,1
5905621,2025-12-20T00:39:20Z,1,-39.91119,134.32865,1,903.5,1,34.412,1,6.147,1,903.5,1,6.147,1,34.412,1
5905621,2025-12-20T00:39:20Z,1,-39.91119,134.32865,1,905.5,1,34.41,1,6.104,1,905.5,1,6.104,1,34.41,1
5905621,2025-12-20T00:39:20Z,1,-39.91119,134.32865,1,907.5,1,34.409,1,6.083,1,907.5,1,6.083,1,34.409,1
5905621,2025-12-20T00:39:20Z,1,-39.91119,134.32865,1,909.4,1,34.408,1,6.072,1,909.4,1,6.072,1,34.408,1
5905621,2025-12-20T00:39:20Z,1,-39.91119,134.32865,1,911.4,1,34.408,1,6.054,1,911.4,1,6.054,1,34.408,1
5905621,2025-12-20T00:39:20Z,1,-39.91119,134.32865,1,913.3,1,34.407,1,6.042,1,913.3,1,6.042,1,34.407,1
5905621,2025-12-20T00:39:20Z,1,-39.91119,134.32865,1,915.3,1,34.406,1,6.034,1,915.3,1,6.034,1,34.406,1
5905621,2025-12-20T00:39:20Z,1,-39.91119,134.32865,1,917.3,1,34.406,1,5.999,1,917.3,1,5.999,1,34.406,1
5905621,2025-12-20T00:39:20Z,1,-39.91119,134.32865,1,919.3,1,34.404,1,5.983,1,919.3,1,5.983,1,34.404,1
5905621,2025-12-20T00:39:20Z,1,-39.91119,134.32865,1,921.3,1,34.404,1,5.97,1,921.3,1,5.97,1,34.404,1
5905621,2025-12-20T00:39:20Z,1,-39.91119,134.32865,1,923.2,1,34.405,1,5.933,1,923.2,1,5.933,1,34.405,1
5905621,2025-12-20T00:39:20Z,1,-39.91119,134.32865,1,925.2,1,34.404,1,5.899,1,925.2,1,5.899,1,34.404,1
5905621,2025-12-20T00:39:20Z,1,-39.91119,134.32865,1,927.1,1,34.401,1,5.864,1,927.1,1,5.864,1,34.401,1
5905621,2025-12-20T00:39:20Z,1,-39.91119,134.32865,1,929.1,1,34.4,1,5.838,1,929.1,1,5.838,1,34.4,1
5905621,2025-12-20T00:39:20Z,1,-39.91119,134.32865,1,931.1,1,34.398,1,5.809,1,931.1,1,5.809,1,34.398,1
5905621,2025-12-20T00:39:20Z,1,-39.91119,134.32865,1,933.1,1,34.398,1,5.781,1,933.1,1,5.781,1,34.398,1
5905621,2025-12-20T00:39:20Z,1,-39.91119,134.32865,1,935.1,1,34.398,1,5.76,1,935.1,1,5.76,1,34.398,1
5905621,2025-12-20T00:39:20Z,1,-39.91119,134.32865,1,937.2,1,34.398,1,5.741,1,937.2,1,5.741,1,34.398,1
5905621,2025-12-20T00:39:20Z,1,-39.91119,134.32865,1,939.2,1,34.398,1,5.707,1,939.2,1,5.707,1,34.398,1
5905621,2025-12-20T00:39:20Z,1,-39.91119,134.32865,1,941.3,1,34.397,1,5.671,1,941.3,1,5.671,1,34.397,1
5905621,2025-12-20T00:39:20Z,1,-39.91119,134.32865,1,943.3,1,34.396,1,5.645,1,943.3,1,5.645,1,34.396,1
5905621,2025-12-20T00:39:20Z,1,-39.91119,134.32865,1,945.3,1,34.396,1,5.633,1,945.3,1,5.633,1,34.396,1
5905621,2025-12-20T00:39:20Z,1,-39.91119,134.32865,1,947.3,1,34.397,1,5.612,1,947.3,1,5.612,1,34.397,1
5905621,2025-12-20T00:39:20Z,1,-39.91119,134.32865,1,949.3,1,34.396,1,5.597,1,949.3,1,5.597,1,34.396,1
5905621,2025-12-20T00:39:20Z,1,-39.91119,134.32865,1,951.3,1,34.396,1,5.587,1,951.3,1,5.587,1,34.396,1
5905621,2025-12-20T00:39:20Z,1,-39.91119,134.32865,1,953.3,1,34.396,1,5.572,1,953.3,1,5.572,1,34.396,1
5905621,2025-12-20T00:39:20Z,1,-39.91119,134.32865,1,955.2,1,34.396,1,5.544,1,955.2,1,5.544,1,34.396,1
5905621,2025-12-20T00:39:20Z,1,-39.91119,134.32865,1,957.3,1,34.394,1,5.522,1,957.3,1,5.522,1,34.394,1
5905621,2025-12-20T00:39:20Z,1,-39.91119,134.32865,1,959.2,1,34.394,1,5.518,1,959.2,1,5.518,1,34.394,1
5905621,2025-12-20T00:39:20Z,1,-39.91119,134.32865,1,961.2,1,34.393,1,5.49,1,961.2,1,5.49,1,34.393,1
5905621,2025-12-20T00:39:20Z,1,-39.91119,134.32865,1,963.2,1,34.393,1,5.463,1,963.2,1,5.463,1,34.393,1
5905621,2025-12-20T00:39:20Z,1,-39.91119,134.32865,1,965.2,1,34.391,1,5.456,1,965.2,1,5.456,1,34.391,1
5905621,2025-12-20T00:39:20Z,1,-39.91119,134.32865,1,967.1,1,34.391,1,5.446,1,967.1,1,5.446,1,34.391,1
5905621,2025-12-20T00:39:20Z,1,-39.91119,134.32865,1,969.2,1,34.393,1,5.435,1,969.2,1,5.435,1,34.393,1
5905621,2025-12-20T00:39:20Z,1,-39.91119,134.32865,1,971.2,1,34.392,1,5.409,1,971.2,1,5.409,1,34.392,1
5905621,2025-12-20T00:39:20Z,1,-39.91119,134.32865,1,973.3,1,34.392,1,5.393,1,973.3,1,5.393,1,34.392,1
5905621,2025-12-20T00:39:20Z,1,-39.91119,134.32865,1,975.4,1,34.392,1,5.375,1,975.4,1,5.375,1,34.392,1
5905621,2025-12-20T00:39:20Z,1,-39.91119,134.32865,1,977.5,1,34.392,1,5.35,1,977.5,1,5.35,1,34.392,1
5905621,2025-12-20T00:39:20Z,1,-39.91119,134.32865,1,979.6,1,34.391,1,5.315,1,979.6,1,5.315,1,34.391,1
5905621,2025-12-20T00:39:20Z,1,-39.91119,134.32865,1,981.7,1,34.392,1,5.275,1,981.7,1,5.275,1,34.392,1
5905621,2025-12-20T00:39:20Z,1,-39.91119,134.32865,1,983.8,1,34.39,1,5.249,1,983.8,1,5.249,1,34.39,1
5905621,2025-12-20T00:39:20Z,1,-39.91119,134.32865,1,985.5,1,34.39,1,5.243,1,985.5,1,5.243,1,34.39,1
5905621,2025-12-20T00:39:20Z,1,-39.91119,134.32865,1,987.0,1,34.389,1,5.237,1,987.0,1,5.237,1,34.389,1
5905621,2025-12-20T00:39:20Z,1,-39.91119,134.32865,1,989.1,1,34.389,1,5.228,1,989.1,1,5.228,1,34.389,1
5905621,2025-12-20T00:39:20Z,1,-39.91119,134.32865,1,991.2,1,34.39,1,5.194,1,991.2,1,5.194,1,34.39,1
5905621,2025-12-20T00:39:20Z,1,-39.91119,134.32865,1,993.2,1,34.389,1,5.177,1,993.2,1,5.177,1,34.389,1
5905621,2025-12-20T00:39:20Z,1,-39.91119,134.32865,1,995.3,1,34.388,1,5.155,1,995.3,1,5.155,1,34.388,1
5905621,2025-12-20T00:39:20Z,1,-39.91119,134.32865,1,997.4,1,34.389,1,5.114,1,997.4,1,5.114,1,34.389,1
5905621,2025-12-20T00:39:20Z,1,-39.91119,134.32865,1,999.5,1,34.389,1,5.092,1,999.5,1,5.092,1,34.389,1
5905621,2025-12-20T00:39:20Z,1,-39.91119,134.32865,1,1001.6,1,34.389,1,5.077,1,1001.6,1,5.077,1,34.389,1
5905621,2025-12-20T00:39:20Z,1,-39.91119,134.32865,1,1003.7,1,34.389,1,5.062,1,1003.7,1,5.062,1,34.389,1
5905621,2025-12-20T00:39:20Z,1,-39.91119,134.32865,1,1005.8,1,34.389,1,5.039,1,1005.8,1,5.039,1,34.389,1
5905621,2025-12-20T00:39:20Z,1,-39.91119,134.32865,1,1007.8,1,34.388,1,5.023,1,1007.8,1,5.023,1,34.388,1
5905621,2025-12-20T00:39:20Z,1,-39.91119,134.32865,1,1009.9,1,34.389,1,5.011,1,1009.9,1,5.011,1,34.389,1
5905621,2025-12-20T00:39:20Z,1,-39.91119,134.32865,1,1011.9,1,34.39,1,4.999,1,1011.9,1,4.999,1,34.39,1
5905621,2025-12-20T00:39:20Z,1,-39.91119,134.32865,1,1013.5,1,34.39,1,4.984,1,1013.5,1,4.984,1,34.39,1
5905621,2025-12-20T00:39:20Z,1,-39.91119,134.32865,1,1015.0,1,34.39,1,4.979,1,1015.0,1,4.979,1,34.39,1
5905621,2025-12-20T00:39:20Z,1,-39.91119,134.32865,1,1017.1,1,34.39,1,4.965,1,1017.1,1,4.965,1,34.39,1
5905621,2025-12-20T00:39:20Z,1,-39.91119,134.32865,1,1019.2,1,34.39,1,4.953,1,1019.2,1,4.953,1,34.39,1
5905621,2025-12-20T00:39:20Z,1,-39.91119,134.32865,1,1021.3,1,34.39,1,4.949,1,1021.3,1,4.949,1,34.39,1
5905621,2025-12-20T00:39:20Z,1,-39.91119,134.32865,1,1023.4,1,34.39,1,4.942,1,1023.4,1,4.942,1,34.39,1
5905621,2025-12-20T00:39:20Z,1,-39.91119,134.32865,1,1025.4,1,34.39,1,4.925,1,1025.4,1,4.925,1,34.39,1
5905621,2025-12-20T00:39:20Z,1,-39.91119,134.32865,1,1027.5,1,34.39,1,4.91,1,1027.5,1,4.91,1,34.39,1
5905621,2025-12-20T00:39:20Z,1,-39.91119,134.32865,1,1029.6,1,34.389,1,4.896,1,1029.6,1,4.896,1,34.389,1
5905621,2025-12-20T00:39:20Z,1,-39.91119,134.32865,1,1031.7,1,34.39,1,4.86,1,1031.7,1,4.86,1,34.39,1
5905621,2025-12-20T00:39:20Z,1,-39.91119,134.32865,1,1033.8,1,34.39,1,4.827,1,1033.8,1,4.827,1,34.39,1
5905621,2025-12-20T00:39:20Z,1,-39.91119,134.32865,1,1035.9,1,34.39,1,4.818,1,1035.9,1,4.818,1,34.39,1
5905621,2025-12-20T00:39:20Z,1,-39.91119,134.32865,1,1037.9,1,34.391,1,4.798,1,1037.9,1,4.798,1,34.391,1
5905621,2025-12-20T00:39:20Z,1,-39.91119,134.32865,1,1039.5,1,34.39,1,4.787,1,1039.5,1,4.787,1,34.39,1
5905621,2025-12-20T00:39:20Z,1,-39.91119,134.32865,1,1041.0,1,34.39,1,4.783,1,1041.0,1,4.783,1,34.39,1
5905621,2025-12-20T00:39:20Z,1,-39.91119,134.32865,1,1043.0,1,34.39,1,4.778,1,1043.0,1,4.778,1,34.39,1
5905621,2025-12-20T00:39:20Z,1,-39.91119,134.32865,1,1045.1,1,34.39,1,4.768,1,1045.1,1,4.768,1,34.39,1
5905621,2025-12-20T00:39:20Z,1,-39.91119,134.32865,1,1047.1,1,34.39,1,4.756,1,1047.1,1,4.756,1,34.39,1
5905621,2025-12-20T00:39:20Z,1,-39.91119,134.32865,1,1049.3,1,34.392,1,4.724,1,1049.3,1,4.724,1,34.392,1
5905621,2025-12-20T00:39:20Z,1,-39.91119,134.32865,1,1051.4,1,34.39,1,4.709,1,1051.4,1,4.709,1,34.39,1
5905621,2025-12-20T00:39:20Z,1,-39.91119,134.32865,1,1053.5,1,34.39,1,4.696,1,1053.5,1,4.696,1,34.39,1
5905621,2025-12-20T00:39:20Z,1,-39.91119,134.32865,1,1055.6,1,34.39,1,4.663,1,1055.6,1,4.663,1,34.39,1
5905621,2025-12-20T00:39:20Z,1,-39.91119,134.32865,1,1057.6,1,34.389,1,4.646,1,1057.6,1,4.646,1,34.389,1
5905621,2025-12-20T00:39:20Z,1,-39.91119,134.32865,1,1059.4,1,34.388,1,4.621,1,1059.4,1,4.621,1,34.388,1
5905621,2025-12-20T00:39:20Z,1,-39.91119,134.32865,1,1061.4,1,34.387,1,4.599,1,1061.4,1,4.599,1,34.387,1
5905621,2025-12-20T00:39:20Z,1,-39.91119,134.32865,1,1063.6,1,34.387,1,4.589,1,1063.6,1,4.589,1,34.387,1
5905621,2025-12-20T00:39:20Z,1,-39.91119,134.32865,1,1065.6,1,34.391,1,4.562,1,1065.6,1,4.562,1,34.391,1
5905621,2025-12-20T00:39:20Z,1,-39.91119,134.32865,1,1067.6,1,34.387,1,4.538,1,1067.6,1,4.538,1,34.387,1
5905621,2025-12-20T00:39:20Z,1,-39.91119,134.32865,1,1069.6,1,34.387,1,4.521,1,1069.6,1,4.521,1,34.387,1
5905621,2025-12-20T00:39:20Z,1,-39.91119,134.32865,1,1071.5,1,34.388,1,4.515,1,1071.5,1,4.515,1,34.388,1
5905621,2025-12-20T00:39:20Z,1,-39.91119,134.32865,1,1073.5,1,34.387,1,4.51,1,1073.5,1,4.51,1,34.387,1
5905621,2025-12-20T00:39:20Z,1,-39.91119,134.32865,1,1075.4,1,34.391,1,4.51,1,1075.4,1,4.51,1,34.391,1
5905621,2025-12-20T00:39:20Z,1,-39.91119,134.32865,1,1077.4,1,34.396,1,4.51,1,1077.4,1,4.51,1,34.396,1
5905621,2025-12-20T00:39:20Z,1,-39.91119,134.32865,1,1079.4,1,34.397,1,4.496,1,1079.4,1,4.496,1,34.397,1
5905621,2025-12-20T00:39:20Z,1,-39.91119,134.32865,1,1081.4,1,34.397,1,4.48,1,1081.4,1,4.48,1,34.397,1
5905621,2025-12-20T00:39:20Z,1,-39.91119,134.32865,1,1083.5,1,34.397,1,4.458,1,1083.5,1,4.458,1,34.397,1
5905621,2025-12-20T00:39:20Z,1,-39.91119,134.32865,1,1085.5,1,34.398,1,4.44,1,1085.5,1,4.44,1,34.398,1
5905621,2025-12-20T00:39:20Z,1,-39.91119,134.32865,1,1087.5,1,34.398,1,4.423,1,1087.5,1,4.423,1,34.398,1
5905621,2025-12-20T00:39:20Z,1,-39.91119,134.32865,1,1089.6,1,34.399,1,4.408,1,1089.6,1,4.408,1,34.399,1
5905621,2025-12-20T00:39:20Z,1,-39.91119,134.32865,1,1091.2,1,34.401,1,4.386,1,1091.2,1,4.386,1,34.401,1
5905621,2025-12-20T00:39:20Z,1,-39.91119,134.32865,1,1093.3,1,34.4,1,4.38,1,1093.3,1,4.38,1,34.4,1
5905621,2025-12-20T00:39:20Z,1,-39.91119,134.32865,1,1095.4,1,34.4,1,4.359,1,1095.4,1,4.359,1,34.4,1
5905621,2025-12-20T00:39:20Z,1,-39.91119,134.32865,1,1097.5,1,34.401,1,4.344,1,1097.5,1,4.344,1,34.401,1
5905621,2025-12-20T00:39:20Z,1,-39.91119,134.32865,1,1099.6,1,34.401,1,4.329,1,1099.6,1,4.329,1,34.401,1
5905621,2025-12-20T00:39:20Z,1,-39.91119,134.32865,1,1101.3,1,34.402,1,4.323,1,1101.3,1,4.323,1,34.402,1
5905621,2025-12-20T00:39:20Z,1,-39.91119,134.32865,1,1103.4,1,34.403,1,4.322,1,1103.4,1,4.322,1,34.403,1
5905621,2025-12-20T00:39:20Z,1,-39.91119,134.32865,1,1105.5,1,34.404,1,4.311,1,1105.5,1,4.311,1,34.404,1
5905621,2025-12-20T00:39:20Z,1,-39.91119,134.32865,1,1107.2,1,34.404,1,4.298,1,1107.2,1,4.298,1,34.404,1
5905621,2025-12-20T00:39:20Z,1,-39.91119,134.32865,1,1109.4,1,34.404,1,4.288,1,1109.4,1,4.288,1,34.404,1
5905621,2025-12-20T00:39:20Z,1,-39.91119,134.32865,1,1111.5,1,34.405,1,4.267,1,1111.5,1,4.267,1,34.405,1
5905621,2025-12-20T00:39:20Z,1,-39.91119,134.32865,1,1113.2,1,34.405,1,4.252,1,1113.2,1,4.252,1,34.405,1
5905621,2025-12-20T00:39:20Z,1,-39.91119,134.32865,1,1115.3,1,34.406,1,4.209,1,1115.3,1,4.209,1,34.406,1
5905621,2025-12-20T00:39:20Z,1,-39.91119,134.32865,1,1117.5,1,34.406,1,4.193,1,1117.5,1,4.193,1,34.406,1
5905621,2025-12-20T00:39:20Z,1,-39.91119,134.32865,1,1119.3,1,34.406,1,4.181,1,1119.3,1,4.181,1,34.406,1
5905621,2025-12-20T00:39:20Z,1,-39.91119,134.32865,1,1121.5,1,34.407,1,4.163,1,1121.5,1,4.163,1,34.407,1
5905621,2025-12-20T00:39:20Z,1,-39.91119,134.32865,1,1123.7,1,34.408,1,4.15,1,1123.7,1,4.15,1,34.408,1
5905621,2025-12-20T00:39:20Z,1,-39.91119,134.32865,1,1125.5,1,34.408,1,4.143,1,1125.5,1,4.143,1,34.408,1
5905621,2025-12-20T00:39:20Z,1,-39.91119,134.32865,1,1127.3,1,34.409,1,4.13,1,1127.3,1,4.13,1,34.409,1
5905621,2025-12-20T00:39:20Z,1,-39.91119,134.32865,1,1129.1,1,34.41,1,4.117,1,1129.1,1,4.117,1,34.41,1
5905621,2025-12-20T00:39:20Z,1,-39.91119,134.32865,1,1131.4,1,34.409,1,4.115,1,1131.4,1,4.115,1,34.409,1
5905621,2025-12-20T00:39:20Z,1,-39.91119,134.32865,1,1133.6,1,34.41,1,4.107,1,1133.6,1,4.107,1,34.41,1
5905621,2025-12-20T00:39:20Z,1,-39.91119,134.32865,1,1135.4,1,34.41,1,4.101,1,1135.4,1,4.101,1,34.41,1
5905621,2025-12-20T00:39:20Z,1,-39.91119,134.32865,1,1137.2,1,34.411,1,4.092,1,1137.2,1,4.092,1,34.411,1
5905621,2025-12-20T00:39:20Z,1,-39.91119,134.32865,1,1139.5,1,34.411,1,4.083,1,1139.5,1,4.083,1,34.411,1
5905621,2025-12-20T00:39:20Z,1,-39.91119,134.32865,1,1141.7,1,34.411,1,4.076,1,1141.7,1,4.076,1,34.411,1
5905621,2025-12-20T00:39:20Z,1,-39.91119,134.32865,1,1143.5,1,34.412,1,4.069,1,1143.5,1,4.069,1,34.412,1
5905621,2025-12-20T00:39:20Z,1,-39.91119,134.32865,1,1145.3,1,34.413,1,4.051,1,1145.3,1,4.051,1,34.413,1
5905621,2025-12-20T00:39:20Z,1,-39.91119,134.32865,1,1147.2,1,34.414,1,4.042,1,1147.2,1,4.042,1,34.414,1
5905621,2025-12-20T00:39:20Z,1,-39.91119,134.32865,1,1149.4,1,34.414,1,4.034,1,1149.4,1,4.034,1,34.414,1
5905621,2025-12-20T00:39:20Z,1,-39.91119,134.32865,1,1151.7,1,34.415,1,4.023,1,1151.7,1,4.023,1,34.415,1
5905621,2025-12-20T00:39:20Z,1,-39.91119,134.32865,1,1153.5,1,34.417,1,4.001,1,1153.5,1,4.001,1,34.417,1
5905621,2025-12-20T00:39:20Z,1,-39.91119,134.32865,1,1155.4,1,34.417,1,3.993,1,1155.4,1,3.993,1,34.417,1
5905621,2025-12-20T00:39:20Z,1,-39.91119,134.32865,1,1157.2,1,34.417,1,3.987,1,1157.2,1,3.987,1,34.417,1
5905621,2025-12-20T00:39:20Z,1,-39.91119,134.32865,1,1159.4,1,34.419,1,3.967,1,1159.4,1,3.967,1,34.419,1
5905621,2025-12-20T00:39:20Z,1,-39.91119,134.32865,1,1161.6,1,34.42,1,3.96,1,1161.6,1,3.96,1,34.42,1
5905621,2025-12-20T00:39:20Z,1,-39.91119,134.32865,1,1163.4,1,34.42,1,3.955,1,1163.4,1,3.955,1,34.42,1
5905621,2025-12-20T00:39:20Z,1,-39.91119,134.32865,1,1165.2,1,34.421,1,3.947,1,1165.2,1,3.947,1,34.421,1
5905621,2025-12-20T00:39:20Z,1,-39.91119,134.32865,1,1167.5,1,34.422,1,3.939,1,1167.5,1,3.939,1,34.422,1
5905621,2025-12-20T00:39:20Z,1,-39.91119,134.32865,1,1169.7,1,34.423,1,3.93,1,1169.7,1,3.93,1,34.423,1
5905621,2025-12-20T00:39:20Z,1,-39.91119,134.32865,1,1171.5,1,34.423,1,3.92,1,1171.5,1,3.92,1,34.423,1
5905621,2025-12-20T00:39:20Z,1,-39.91119,134.32865,1,1173.4,1,34.425,1,3.904,1,1173.4,1,3.904,1,34.425,1
5905621,2025-12-20T00:39:20Z,1,-39.91119,134.32865,1,1175.2,1,34.426,1,3.893,1,1175.2,1,3.893,1,34.426,1
5905621,2025-12-20T00:39:20Z,1,-39.91119,134.32865,1,1177.0,1,34.427,1,3.887,1,1177.0,1,3.887,1,34.427,1
5905621,2025-12-20T00:39:20Z,1,-39.91119,134.32865,1,1179.4,1,34.427,1,3.875,1,1179.4,1,3.875,1,34.427,1
5905621,2025-12-20T00:39:20Z,1,-39.91119,134.32865,1,1181.7,1,34.428,1,3.858,1,1181.7,1,3.858,1,34.428,1
5905621,2025-12-20T00:39:20Z,1,-39.91119,134.32865,1,1183.5,1,34.429,1,3.844,1,1183.5,1,3.844,1,34.429,1
5905621,2025-12-20T00:39:20Z,1,-39.91119,134.32865,1,1185.4,1,34.432,1,3.822,1,1185.4,1,3.822,1,34.432,1
5905621,2025-12-20T00:39:20Z,1,-39.91119,134.32865,1,1187.3,1,34.433,1,3.808,1,1187.3,1,3.808,1,34.433,1
5905621,2025-12-20T00:39:20Z,1,-39.91119,134.32865,1,1189.2,1,34.434,1,3.801,1,1189.2,1,3.801,1,34.434,1
5905621,2025-12-20T00:39:20Z,1,-39.91119,134.32865,1,1191.2,1,34.433,1,3.794,1,1191.2,1,3.794,1,34.433,1
5905621,2025-12-20T00:39:20Z,1,-39.91119,134.32865,1,1193.1,1,34.434,1,3.787,1,1193.1,1,3.787,1,34.434,1
5905621,2025-12-20T00:39:20Z,1,-39.91119,134.32865,1,1195.4,1,34.435,1,3.773,1,1195.4,1,3.773,1,34.435,1
5905621,2025-12-20T00:39:20Z,1,-39.91119,134.32865,1,1197.7,1,34.436,1,3.761,1,1197.7,1,3.761,1,34.436,1
5905621,2025-12-20T00:39:20Z,1,-39.91119,134.32865,1,1199.6,1,34.436,1,3.755,1,1199.6,1,3.755,1,34.436,1
5905621,2025-12-20T00:39:20Z,1,-39.91119,134.32865,1,1201.5,1,34.437,1,3.748,1,1201.5,1,3.748,1,34.437,1
5905621,2025-12-20T00:39:20Z,1,-39.91119,134.32865,1,1203.4,1,34.438,1,3.738,1,1203.4,1,3.738,1,34.438,1
5905621,2025-12-20T00:39:20Z,1,-39.91119,134.32865,1,1205.3,1,34.438,1,3.731,1,1205.3,1,3.731,1,34.438,1
5905621,2025-12-20T00:39:20Z,1,-39.91119,134.32865,1,1207.3,1,34.439,1,3.723,1,1207.3,1,3.723,1,34.439,1
5905621,2025-12-20T00:39:20Z,1,-39.91119,134.32865,1,1209.2,1,34.439,1,3.72,1,1209.2,1,3.72,1,34.439,1
5905621,2025-12-20T00:39:20Z,1,-39.91119,134.32865,1,1211.1,1,34.439,1,3.716,1,1211.1,1,3.716,1,34.439,1
5905621,2025-12-20T00:39:20Z,1,-39.91119,134.32865,1,1213.4,1,34.438,1,3.688,1,1213.4,1,3.688,1,34.438,1
5905621,2025-12-20T00:39:20Z,1,-39.91119,134.32865,1,1215.8,1,34.439,1,3.672,1,1215.8,1,3.672,1,34.439,1
5905621,2025-12-20T00:39:20Z,1,-39.91119,134.32865,1,1217.8,1,34.44,1,3.651,1,1217.8,1,3.651,1,34.44,1
5905621,2025-12-20T00:39:20Z,1,-39.91119,134.32865,1,1219.7,1,34.441,1,3.635,1,1219.7,1,3.635,1,34.441,1
5905621,2025-12-20T00:39:20Z,1,-39.91119,134.32865,1,1221.7,1,34.442,1,3.629,1,1221.7,1,3.629,1,34.442,1
5905621,2025-12-20T00:39:20Z,1,-39.91119,134.32865,1,1223.7,1,34.442,1,3.623,1,1223.7,1,3.623,1,34.442,1
5905621,2025-12-20T00:39:20Z,1,-39.91119,134.32865,1,1225.6,1,34.444,1,3.606,1,1225.6,1,3.606,1,34.444,1
5905621,2025-12-20T00:39:20Z,1,-39.91119,134.32865,1,1227.6,1,34.444,1,3.603,1,1227.6,1,3.603,1,34.444,1
5905621,2025-12-20T00:39:20Z,1,-39.91119,134.32865,1,1229.5,1,34.445,1,3.594,1,1229.5,1,3.594,1,34.445,1
5905621,2025-12-20T00:39:20Z,1,-39.91119,134.32865,1,1231.4,1,34.446,1,3.583,1,1231.4,1,3.583,1,34.446,1
5905621,2025-12-20T00:39:20Z,1,-39.91119,134.32865,1,1233.4,1,34.448,1,3.573,1,1233.4,1,3.573,1,34.448,1
5905621,2025-12-20T00:39:20Z,1,-39.91119,134.32865,1,1235.4,1,34.449,1,3.567,1,1235.4,1,3.567,1,34.449,1
5905621,2025-12-20T00:39:20Z,1,-39.91119,134.32865,1,1237.4,1,34.449,1,3.561,1,1237.4,1,3.561,1,34.449,1
5905621,2025-12-20T00:39:20Z,1,-39.91119,134.32865,1,1239.4,1,34.45,1,3.552,1,1239.4,1,3.552,1,34.45,1
5905621,2025-12-20T00:39:20Z,1,-39.91119,134.32865,1,1241.4,1,34.452,1,3.54,1,1241.4,1,3.54,1,34.452,1
5905621,2025-12-20T00:39:20Z,1,-39.91119,134.32865,1,1243.4,1,34.454,1,3.524,1,1243.4,1,3.524,1,34.454,1
5905621,2025-12-20T00:39:20Z,1,-39.91119,134.32865,1,1245.5,1,34.455,1,3.506,1,1245.5,1,3.506,1,34.455,1
5905621,2025-12-20T00:39:20Z,1,-39.91119,134.32865,1,1247.5,1,34.455,1,3.502,1,1247.5,1,3.502,1,34.455,1
5905621,2025-12-20T00:39:20Z,1,-39.91119,134.32865,1,1249.6,1,34.456,1,3.498,1,1249.6,1,3.498,1,34.456,1
5905621,2025-12-20T00:39:20Z,1,-39.91119,134.32865,1,1251.6,1,34.456,1,3.493,1,1251.6,1,3.493,1,34.456,1
5905621,2025-12-20T00:39:20Z,1,-39.91119,134.32865,1,1253.9,1,34.458,1,3.477,1,1253.9,1,3.477,1,34.458,1
5905621,2025-12-20T00:39:20Z,1,-39.91119,134.32865,1,1255.9,1,34.46,1,3.467,1,1255.9,1,3.467,1,34.46,1
5905621,2025-12-20T00:39:20Z,1,-39.91119,134.32865,1,1257.4,1,34.46,1,3.466,1,1257.4,1,3.466,1,34.46,1
5905621,2025-12-20T00:39:20Z,1,-39.91119,134.32865,1,1259.0,1,34.461,1,3.459,1,1259.0,1,3.459,1,34.461,1
5905621,2025-12-20T00:39:20Z,1,-39.91119,134.32865,1,1261.0,1,34.463,1,3.441,1,1261.0,1,3.441,1,34.463,1
5905621,2025-12-20T00:39:20Z,1,-39.91119,134.32865,1,1263.0,1,34.463,1,3.437,1,1263.0,1,3.437,1,34.463,1
5905621,2025-12-20T00:39:20Z,1,-39.91119,134.32865,1,1265.0,1,34.464,1,3.433,1,1265.0,1,3.433,1,34.464,1
5905621,2025-12-20T00:39:20Z,1,-39.91119,134.32865,1,1267.1,1,34.465,1,3.432,1,1267.1,1,3.432,1,34.465,1
5905621,2025-12-20T00:39:20Z,1,-39.91119,134.32865,1,1269.2,1,34.464,1,3.429,1,1269.2,1,3.429,1,34.464,1
5905621,2025-12-20T00:39:20Z,1,-39.91119,134.32865,1,1271.2,1,34.465,1,3.422,1,1271.2,1,3.422,1,34.465,1
5905621,2025-12-20T00:39:20Z,1,-39.91119,134.32865,1,1273.3,1,34.465,1,3.418,1,1273.3,1,3.418,1,34.465,1
5905621,2025-12-20T00:39:20Z,1,-39.91119,134.32865,1,1275.4,1,34.466,1,3.41,1,1275.4,1,3.41,1,34.466,1
5905621,2025-12-20T00:39:20Z,1,-39.91119,134.32865,1,1277.5,1,34.468,1,3.403,1,1277.5,1,3.403,1,34.468,1
5905621,2025-12-20T00:39:20Z,1,-39.91119,134.32865,1,1279.6,1,34.47,1,3.4,1,1279.6,1,3.4,1,34.47,1
5905621,2025-12-20T00:39:20Z,1,-39.91119,134.32865,1,1281.7,1,34.472,1,3.392,1,1281.7,1,3.392,1,34.472,1
5905621,2025-12-20T00:39:20Z,1,-39.91119,134.32865,1,1283.9,1,34.472,1,3.391,1,1283.9,1,3.391,1,34.472,1
5905621,2025-12-20T00:39:20Z,1,-39.91119,134.32865,1,1285.5,1,34.473,1,3.381,1,1285.5,1,3.381,1,34.473,1
5905621,2025-12-20T00:39:20Z,1,-39.91119,134.32865,1,1287.1,1,34.474,1,3.375,1,1287.1,1,3.375,1,34.474,1
5905621,2025-12-20T00:39:20Z,1,-39.91119,134.32865,1,1289.2,1,34.475,1,3.368,1,1289.2,1,3.368,1,34.475,1
5905621,2025-12-20T00:39:20Z,1,-39.91119,134.32865,1,1291.4,1,34.476,1,3.357,1,1291.4,1,3.357,1,34.476,1
5905621,2025-12-20T00:39:20Z,1,-39.91119,134.32865,1,1293.5,1,34.477,1,3.347,1,1293.5,1,3.347,1,34.477,1
5905621,2025-12-20T00:39:20Z,1,-39.91119,134.32865,1,1295.7,1,34.478,1,3.341,1,1295.7,1,3.341,1,34.478,1
5905621,2025-12-20T00:39:20Z,1,-39.91119,134.32865,1,1297.8,1,34.478,1,3.338,1,1297.8,1,3.338,1,34.478,1
5905621,2025-12-20T00:39:20Z,1,-39.91119,134.32865,1,1299.5,1,34.479,1,3.336,1,1299.5,1,3.336,1,34.479,1
5905621,2025-12-20T00:39:20Z,1,-39.91119,134.32865,1,1301.1,1,34.479,1,3.331,1,1301.1,1,3.331,1,34.479,1
5905621,2025-12-20T00:39:20Z,1,-39.91119,134.32865,1,1303.2,1,34.48,1,3.322,1,1303.2,1,3.322,1,34.48,1
5905621,2025-12-20T00:39:20Z,1,-39.91119,134.32865,1,1305.4,1,34.481,1,3.317,1,1305.4,1,3.317,1,34.481,1
5905621,2025-12-20T00:39:20Z,1,-39.91119,134.32865,1,1307.6,1,34.481,1,3.312,1,1307.6,1,3.312,1,34.481,1
5905621,2025-12-20T00:39:20Z,1,-39.91119,134.32865,1,1309.8,1,34.482,1,3.306,1,1309.8,1,3.306,1,34.482,1
5905621,2025-12-20T00:39:20Z,1,-39.91119,134.32865,1,1311.6,1,34.482,1,3.306,1,1311.6,1,3.306,1,34.482,1
5905621,2025-12-20T00:39:20Z,1,-39.91119,134.32865,1,1313.2,1,34.482,1,3.305,1,1313.2,1,3.305,1,34.482,1
5905621,2025-12-20T00:39:20Z,1,-39.91119,134.32865,1,1315.4,1,34.484,1,3.298,1,1315.4,1,3.298,1,34.484,1
5905621,2025-12-20T00:39:20Z,1,-39.91119,134.32865,1,1317.6,1,34.484,1,3.294,1,1317.6,1,3.294,1,34.484,1
5905621,2025-12-20T00:39:20Z,1,-39.91119,134.32865,1,1319.8,1,34.486,1,3.284,1,1319.8,1,3.284,1,34.486,1
5905621,2025-12-20T00:39:20Z,1,-39.91119,134.32865,1,1321.6,1,34.486,1,3.281,1,1321.6,1,3.281,1,34.486,1
5905621,2025-12-20T00:39:20Z,1,-39.91119,134.32865,1,1323.2,1,34.486,1,3.277,1,1323.2,1,3.277,1,34.486,1
5905621,2025-12-20T00:39:20Z,1,-39.91119,134.32865,1,1325.4,1,34.487,1,3.269,1,1325.4,1,3.269,1,34.487,1
5905621,2025-12-20T00:39:20Z,1,-39.91119,134.32865,1,1327.7,1,34.487,1,3.268,1,1327.7,1,3.268,1,34.487,1
5905621,2025-12-20T00:39:20Z,1,-39.91119,134.32865,1,1329.4,1,34.489,1,3.26,1,1329.4,1,3.26,1,34.489,1
5905621,2025-12-20T00:39:20Z,1,-39.91119,134.32865,1,1331.1,1,34.489,1,3.258,1,1331.1,1,3.258,1,34.489,1
5905621,2025-12-20T00:39:20Z,1,-39.91119,134.32865,1,1333.4,1,34.49,1,3.254,1,1333.4,1,3.254,1,34.49,1
5905621,2025-12-20T00:39:20Z,1,-39.91119,134.32865,1,1335.6,1,34.491,1,3.245,1,1335.6,1,3.245,1,34.491,1
5905621,2025-12-20T00:39:20Z,1,-39.91119,134.32865,1,1337.4,1,34.492,1,3.235,1,1337.4,1,3.235,1,34.492,1
5905621,2025-12-20T00:39:20Z,1,-39.91119,134.32865,1,1339.0,1,34.492,1,3.229,1,1339.0,1,3.229,1,34.492,1
5905621,2025-12-20T00:39:20Z,1,-39.91119,134.32865,1,1341.3,1,34.494,1,3.219,1,1341.3,1,3.219,1,34.494,1
5905621,2025-12-20T00:39:20Z,1,-39.91119,134.32865,1,1343.6,1,34.496,1,3.206,1,1343.6,1,3.206,1,34.496,1
5905621,2025-12-20T00:39:20Z,1,-39.91119,134.32865,1,1345.8,1,34.496,1,3.201,1,1345.8,1,3.201,1,34.496,1
5905621,2025-12-20T00:39:20Z,1,-39.91119,134.32865,1,1347.6,1,34.497,1,3.197,1,1347.6,1,3.197,1,34.497,1
5905621,2025-12-20T00:39:20Z,1,-39.91119,134.32865,1,1349.2,1,34.497,1,3.194,1,1349.2,1,3.194,1,34.497,1
5905621,2025-12-20T00:39:20Z,1,-39.91119,134.32865,1,1351.5,1,34.497,1,3.19,1,1351.5,1,3.19,1,34.497,1
5905621,2025-12-20T00:39:20Z,1,-39.91119,134.32865,1,1353.7,1,34.499,1,3.18,1,1353.7,1,3.18,1,34.499,1
5905621,2025-12-20T00:39:20Z,1,-39.91119,134.32865,1,1355.5,1,34.5,1,3.173,1,1355.5,1,3.173,1,34.5,1
5905621,2025-12-20T00:39:20Z,1,-39.91119,134.32865,1,1357.2,1,34.5,1,3.17,1,1357.2,1,3.17,1,34.5,1
5905621,2025-12-20T00:39:20Z,1,-39.91119,134.32865,1,1359.4,1,34.501,1,3.165,1,1359.4,1,3.165,1,34.501,1
5905621,2025-12-20T00:39:20Z,1,-39.91119,134.32865,1,1361.7,1,34.502,1,3.16,1,1361.7,1,3.16,1,34.502,1
5905621,2025-12-20T00:39:20Z,1,-39.91119,134.32865,1,1363.4,1,34.502,1,3.158,1,1363.4,1,3.158,1,34.502,1
5905621,2025-12-20T00:39:20Z,1,-39.91119,134.32865,1,1365.2,1,34.503,1,3.153,1,1365.2,1,3.153,1,34.503,1
5905621,2025-12-20T00:39:20Z,1,-39.91119,134.32865,1,1367.5,1,34.504,1,3.144,1,1367.5,1,3.144,1,34.504,1
5905621,2025-12-20T00:39:20Z,1,-39.91119,134.32865,1,1369.8,1,34.505,1,3.138,1,1369.8,1,3.138,1,34.505,1
5905621,2025-12-20T00:39:20Z,1,-39.91119,134.32865,1,1371.6,1,34.506,1,3.134,1,1371.6,1,3.134,1,34.506,1
5905621,2025-12-20T00:39:20Z,1,-39.91119,134.32865,1,1373.6,1,34.506,1,3.129,1,1373.6,1,3.129,1,34.506,1
5905621,2025-12-20T00:39:20Z,1,-39.91119,134.32865,1,1375.3,1,34.507,1,3.125,1,1375.3,1,3.125,1,34.507,1
5905621,2025-12-20T00:39:20Z,1,-39.91119,134.32865,1,1377.1,1,34.507,1,3.121,1,1377.1,1,3.121,1,34.507,1
5905621,2025-12-20T00:39:20Z,1,-39.91119,134.32865,1,1379.4,1,34.508,1,3.119,1,1379.4,1,3.119,1,34.508,1
5905621,2025-12-20T00:39:20Z,1,-39.91119,134.32865,1,1381.7,1,34.509,1,3.114,1,1381.7,1,3.114,1,34.509,1
5905621,2025-12-20T00:39:20Z,1,-39.91119,134.32865,1,1383.4,1,34.51,1,3.11,1,1383.4,1,3.11,1,34.51,1
5905621,2025-12-20T00:39:20Z,1,-39.91119,134.32865,1,1385.1,1,34.51,1,3.107,1,1385.1,1,3.107,1,34.51,1
5905621,2025-12-20T00:39:20Z,1,-39.91119,134.32865,1,1387.4,1,34.511,1,3.101,1,1387.4,1,3.101,1,34.511,1
5905621,2025-12-20T00:39:20Z,1,-39.91119,134.32865,1,1389.8,1,34.513,1,3.09,1,1389.8,1,3.09,1,34.513,1
5905621,2025-12-20T00:39:20Z,1,-39.91119,134.32865,1,1391.6,1,34.514,1,3.082,1,1391.6,1,3.082,1,34.514,1
5905621,2025-12-20T00:39:20Z,1,-39.91119,134.32865,1,1393.3,1,34.515,1,3.077,1,1393.3,1,3.077,1,34.515,1
5905621,2025-12-20T00:39:20Z,1,-39.91119,134.32865,1,1395.6,1,34.516,1,3.071,1,1395.6,1,3.071,1,34.516,1
5905621,2025-12-20T00:39:20Z,1,-39.91119,134.32865,1,1397.4,1,34.518,1,3.065,1,1397.4,1,3.065,1,34.518,1
5905621,2025-12-20T00:39:20Z,1,-39.91119,134.32865,1,1399.1,1,34.517,1,3.062,1,1399.1,1,3.062,1,34.517,1
5905621,2025-12-20T00:39:20Z,1,-39.91119,134.32865,1,1401.4,1,34.518,1,3.056,1,1401.4,1,3.056,1,34.518,1
5905621,2025-12-20T00:39:20Z,1,-39.91119,134.32865,1,1403.8,1,34.52,1,3.05,1,1403.8,1,3.05,1,34.52,1
5905621,2025-12-20T00:39:20Z,1,-39.91119,134.32865,1,1405.5,1,34.52,1,3.043,1,1405.5,1,3.043,1,34.52,1
5905621,2025-12-20T00:39:20Z,1,-39.91119,134.32865,1,1407.2,1,34.521,1,3.039,1,1407.2,1,3.039,1,34.521,1
5905621,2025-12-20T00:39:20Z,1,-39.91119,134.32865,1,1409.5,1,34.521,1,3.031,1,1409.5,1,3.031,1,34.521,1
5905621,2025-12-20T00:39:20Z,1,-39.91119,134.32865,1,1411.3,1,34.523,1,3.023,1,1411.3,1,3.023,1,34.523,1
5905621,2025-12-20T00:39:20Z,1,-39.91119,134.32865,1,1413.1,1,34.523,1,3.019,1,1413.1,1,3.019,1,34.523,1
5905621,2025-12-20T00:39:20Z,1,-39.91119,134.32865,1,1415.4,1,34.525,1,3.012,1,1415.4,1,3.012,1,34.525,1
5905621,2025-12-20T00:39:20Z,1,-39.91119,134.32865,1,1417.7,1,34.525,1,3.006,1,1417.7,1,3.006,1,34.525,1
5905621,2025-12-20T00:39:20Z,1,-39.91119,134.32865,1,1419.5,1,34.526,1,3.002,1,1419.5,1,3.002,1,34.526,1
5905621,2025-12-20T00:39:20Z,1,-39.91119,134.32865,1,1421.3,1,34.527,1,2.998,1,1421.3,1,2.998,1,34.527,1
5905621,2025-12-20T00:39:20Z,1,-39.91119,134.32865,1,1423.6,1,34.528,1,2.995,1,1423.6,1,2.995,1,34.528,1
5905621,2025-12-20T00:39:20Z,1,-39.91119,134.32865,1,1425.4,1,34.528,1,2.991,1,1425.4,1,2.991,1,34.528,1
5905621,2025-12-20T00:39:20Z,1,-39.91119,134.32865,1,1427.2,1,34.53,1,2.985,1,1427.2,1,2.985,1,34.53,1
5905621,2025-12-20T00:39:20Z,1,-39.91119,134.32865,1,1429.5,1,34.53,1,2.981,1,1429.5,1,2.981,1,34.53,1
5905621,2025-12-20T00:39:20Z,1,-39.91119,134.32865,1,1431.3,1,34.53,1,2.979,1,1431.3,1,2.979,1,34.53,1
5905621,2025-12-20T00:39:20Z,1,-39.91119,134.32865,1,1433.0,1,34.53,1,2.978,1,1433.0,1,2.978,1,34.53,1
5905621,2025-12-20T00:39:20Z,1,-39.91119,134.32865,1,1435.4,1,34.531,1,2.974,1,1435.4,1,2.974,1,34.531,1
5905621,2025-12-20T00:39:20Z,1,-39.91119,134.32865,1,1437.7,1,34.532,1,2.97,1,1437.7,1,2.97,1,34.532,1
5905621,2025-12-20T00:39:20Z,1,-39.91119,134.32865,1,1439.5,1,34.533,1,2.967,1,1439.5,1,2.967,1,34.533,1
5905621,2025-12-20T00:39:20Z,1,-39.91119,134.32865,1,1441.3,1,34.534,1,2.964,1,1441.3,1,2.964,1,34.534,1
5905621,2025-12-20T00:39:20Z,1,-39.91119,134.32865,1,1443.6,1,34.534,1,2.962,1,1443.6,1,2.962,1,34.534,1
5905621,2025-12-20T00:39:20Z,1,-39.91119,134.32865,1,1445.8,1,34.536,1,2.95,1,1445.8,1,2.95,1,34.536,1
5905621,2025-12-20T00:39:20Z,1,-39.91119,134.32865,1,1447.6,1,34.536,1,2.949,1,1447.6,1,2.949,1,34.536,1
5905621,2025-12-20T00:39:20Z,1,-39.91119,134.32865,1,1449.3,1,34.536,1,2.946,1,1449.3,1,2.946,1,34.536,1
5905621,2025-12-20T00:39:20Z,1,-39.91119,134.32865,1,1451.4,1,34.537,1,2.941,1,1451.4,1,2.941,1,34.537,1
5905621,2025-12-20T00:39:20Z,1,-39.91119,134.32865,1,1453.2,1,34.538,1,2.939,1,1453.2,1,2.939,1,34.538,1
5905621,2025-12-20T00:39:20Z,1,-39.91119,134.32865,1,1455.3,1,34.539,1,2.937,1,1455.3,1,2.937,1,34.539,1
5905621,2025-12-20T00:39:20Z,1,-39.91119,134.32865,1,1457.4,1,34.539,1,2.932,1,1457.4,1,2.932,1,34.539,1
5905621,2025-12-20T00:39:20Z,1,-39.91119,134.32865,1,1459.2,1,34.54,1,2.925,1,1459.2,1,2.925,1,34.54,1
5905621,2025-12-20T00:39:20Z,1,-39.91119,134.32865,1,1461.0,1,34.54,1,2.922,1,1461.0,1,2.922,1,34.54,1
5905621,2025-12-20T00:39:20Z,1,-39.91119,134.32865,1,1463.4,1,34.541,1,2.918,1,1463.4,1,2.918,1,34.541,1
5905621,2025-12-20T00:39:20Z,1,-39.91119,134.32865,1,1465.7,1,34.542,1,2.909,1,1465.7,1,2.909,1,34.542,1
5905621,2025-12-20T00:39:20Z,1,-39.91119,134.32865,1,1467.6,1,34.542,1,2.907,1,1467.6,1,2.907,1,34.542,1
5905621,2025-12-20T00:39:20Z,1,-39.91119,134.32865,1,1469.5,1,34.543,1,2.904,1,1469.5,1,2.904,1,34.543,1
5905621,2025-12-20T00:39:20Z,1,-39.91119,134.32865,1,1471.3,1,34.543,1,2.902,1,1471.3,1,2.902,1,34.543,1
5905621,2025-12-20T00:39:20Z,1,-39.91119,134.32865,1,1473.2,1,34.544,1,2.899,1,1473.2,1,2.899,1,34.544,1
5905621,2025-12-20T00:39:20Z,1,-39.91119,134.32865,1,1475.1,1,34.545,1,2.892,1,1475.1,1,2.892,1,34.545,1
5905621,2025-12-20T00:39:20Z,1,-39.91119,134.32865,1,1477.0,1,34.547,1,2.885,1,1477.0,1,2.885,1,34.547,1
5905621,2025-12-20T00:39:20Z,1,-39.91119,134.32865,1,1479.4,1,34.547,1,2.881,1,1479.4,1,2.881,1,34.547,1
5905621,2025-12-20T00:39:20Z,1,-39.91119,134.32865,1,1481.7,1,34.549,1,2.873,1,1481.7,1,2.873,1,34.549,1
5905621,2025-12-20T00:39:20Z,1,-39.91119,134.32865,1,1483.5,1,34.55,1,2.87,1,1483.5,1,2.87,1,34.55,1
5905621,2025-12-20T00:39:20Z,1,-39.91119,134.32865,1,1485.4,1,34.549,1,2.868,1,1485.4,1,2.868,1,34.549,1
5905621,2025-12-20T00:39:20Z,1,-39.91119,134.32865,1,1487.3,1,34.551,1,2.863,1,1487.3,1,2.863,1,34.551,1
5905621,2025-12-20T00:39:20Z,1,-39.91119,134.32865,1,1489.2,1,34.552,1,2.858,1,1489.2,1,2.858,1,34.552,1
5905621,2025-12-20T00:39:20Z,1,-39.91119,134.32865,1,1491.2,1,34.553,1,2.854,1,1491.2,1,2.854,1,34.553,1
5905621,2025-12-20T00:39:20Z,1,-39.91119,134.32865,1,1493.1,1,34.554,1,2.848,1,1493.1,1,2.848,1,34.554,1
5905621,2025-12-20T00:39:20Z,1,-39.91119,134.32865,1,1495.4,1,34.554,1,2.844,1,1495.4,1,2.844,1,34.554,1
5905621,2025-12-20T00:39:20Z,1,-39.91119,134.32865,1,1497.8,1,34.555,1,2.84,1,1497.8,1,2.84,1,34.555,1
5905621,2025-12-20T00:39:20Z,1,-39.91119,134.32865,1,1499.7,1,34.556,1,2.834,1,1499.7,1,2.834,1,34.556,1
5905621,2025-12-20T00:39:20Z,1,-39.91119,134.32865,1,1501.6,1,34.556,1,2.832,1,1501.6,1,2.832,1,34.556,1
5905621,2025-12-20T00:39:20Z,1,-39.91119,134.32865,1,1503.5,1,34.557,1,2.827,1,1503.5,1,2.827,1,34.557,1
5905621,2025-12-20T00:39:20Z,1,-39.91119,134.32865,1,1505.4,1,34.558,1,2.824,1,1505.4,1,2.824,1,34.558,1
5905621,2025-12-20T00:39:20Z,1,-39.91119,134.32865,1,1507.3,1,34.56,1,2.818,1,1507.3,1,2.818,1,34.56,1
5905621,2025-12-20T00:39:20Z,1,-39.91119,134.32865,1,1509.3,1,34.56,1,2.817,1,1509.3,1,2.817,1,34.56,1
5905621,2025-12-20T00:39:20Z,1,-39.91119,134.32865,1,1511.2,1,34.562,1,2.812,1,1511.2,1,2.812,1,34.562,1
5905621,2025-12-20T00:39:20Z,1,-39.91119,134.32865,1,1513.2,1,34.562,1,2.811,1,1513.2,1,2.811,1,34.562,1
5905621,2025-12-20T00:39:20Z,1,-39.91119,134.32865,1,1515.1,1,34.562,1,2.807,1,1515.1,1,2.807,1,34.562,1
5905621,2025-12-20T00:39:20Z,1,-39.91119,134.32865,1,1517.1,1,34.564,1,2.801,1,1517.1,1,2.801,1,34.564,1
5905621,2025-12-20T00:39:20Z,1,-39.91119,134.32865,1,1519.1,1,34.564,1,2.8,1,1519.1,1,2.8,1,34.564,1
5905621,2025-12-20T00:39:20Z,1,-39.91119,134.32865,1,1521.0,1,34.564,1,2.8,1,1521.0,1,2.8,1,34.564,1
5905621,2025-12-20T00:39:20Z,1,-39.91119,134.32865,1,1523.0,1,34.564,1,2.798,1,1523.0,1,2.798,1,34.564,1
5905621,2025-12-20T00:39:20Z,1,-39.91119,134.32865,1,1525.0,1,34.566,1,2.793,1,1525.0,1,2.793,1,34.566,1
5905621,2025-12-20T00:39:20Z,1,-39.91119,134.32865,1,1527.0,1,34.566,1,2.79,1,1527.0,1,2.79,1,34.566,1
5905621,2025-12-20T00:39:20Z,1,-39.91119,134.32865,1,1529.0,1,34.567,1,2.786,1,1529.0,1,2.786,1,34.567,1
5905621,2025-12-20T00:39:20Z,1,-39.91119,134.32865,1,1531.0,1,34.568,1,2.781,1,1531.0,1,2.781,1,34.568,1
5905621,2025-12-20T00:39:20Z,1,-39.91119,134.32865,1,1533.0,1,34.569,1,2.776,1,1533.0,1,2.776,1,34.569,1
5905621,2025-12-20T00:39:20Z,1,-39.91119,134.32865,1,1535.1,1,34.57,1,2.773,1,1535.1,1,2.773,1,34.57,1
5905621,2025-12-20T00:39:20Z,1,-39.91119,134.32865,1,1537.1,1,34.57,1,2.771,1,1537.1,1,2.771,1,34.57,1
5905621,2025-12-20T00:39:20Z,1,-39.91119,134.32865,1,1539.1,1,34.572,1,2.765,1,1539.1,1,2.765,1,34.572,1
5905621,2025-12-20T00:39:20Z,1,-39.91119,134.32865,1,1541.2,1,34.573,1,2.762,1,1541.2,1,2.762,1,34.573,1
5905621,2025-12-20T00:39:20Z,1,-39.91119,134.32865,1,1543.2,1,34.574,1,2.757,1,1543.2,1,2.757,1,34.574,1
5905621,2025-12-20T00:39:20Z,1,-39.91119,134.32865,1,1545.3,1,34.574,1,2.754,1,1545.3,1,2.754,1,34.574,1
5905621,2025-12-20T00:39:20Z,1,-39.91119,134.32865,1,1547.4,1,34.576,1,2.751,1,1547.4,1,2.751,1,34.576,1
5905621,2025-12-20T00:39:20Z,1,-39.91119,134.32865,1,1549.5,1,34.576,1,2.747,1,1549.5,1,2.747,1,34.576,1
5905621,2025-12-20T00:39:20Z,1,-39.91119,134.32865,1,1551.6,1,34.577,1,2.745,1,1551.6,1,2.745,1,34.577,1
5905621,2025-12-20T00:39:20Z,1,-39.91119,134.32865,1,1553.7,1,34.578,1,2.742,1,1553.7,1,2.742,1,34.578,1
5905621,2025-12-20T00:39:20Z,1,-39.91119,134.32865,1,1555.8,1,34.578,1,2.739,1,1555.8,1,2.739,1,34.578,1
5905621,2025-12-20T00:39:20Z,1,-39.91119,134.32865,1,1557.8,1,34.579,1,2.737,1,1557.8,1,2.737,1,34.579,1
5905621,2025-12-20T00:39:20Z,1,-39.91119,134.32865,1,1559.9,1,34.58,1,2.735,1,1559.9,1,2.735,1,34.58,1
5905621,2025-12-20T00:39:20Z,1,-39.91119,134.32865,1,1561.9,1,34.58,1,2.733,1,1561.9,1,2.733,1,34.58,1
5905621,2025-12-20T00:39:20Z,1,-39.91119,134.32865,1,1563.5,1,34.581,1,2.73,1,1563.5,1,2.73,1,34.581,1
5905621,2025-12-20T00:39:20Z,1,-39.91119,134.32865,1,1565.5,1,34.581,1,2.729,1,1565.5,1,2.729,1,34.581,1
5905621,2025-12-20T00:39:20Z,1,-39.91119,134.32865,1,1567.6,1,34.581,1,2.728,1,1567.6,1,2.728,1,34.581,1
5905621,2025-12-20T00:39:20Z,1,-39.91119,134.32865,1,1569.2,1,34.583,1,2.724,1,1569.2,1,2.724,1,34.583,1
5905621,2025-12-20T00:39:20Z,1,-39.91119,134.32865,1,1571.4,1,34.583,1,2.723,1,1571.4,1,2.723,1,34.583,1
5905621,2025-12-20T00:39:20Z,1,-39.91119,134.32865,1,1573.5,1,34.584,1,2.72,1,1573.5,1,2.72,1,34.584,1
5905621,2025-12-20T00:39:20Z,1,-39.91119,134.32865,1,1575.2,1,34.585,1,2.716,1,1575.2,1,2.716,1,34.585,1
5905621,2025-12-20T00:39:20Z,1,-39.91119,134.32865,1,1577.3,1,34.585,1,2.714,1,1577.3,1,2.714,1,34.585,1
5905621,2025-12-20T00:39:20Z,1,-39.91119,134.32865,1,1579.4,1,34.585,1,2.712,1,1579.4,1,2.712,1,34.585,1
5905621,2025-12-20T00:39:20Z,1,-39.91119,134.32865,1,1581.2,1,34.586,1,2.711,1,1581.2,1,2.711,1,34.586,1
5905621,2025-12-20T00:39:20Z,1,-39.91119,134.32865,1,1583.4,1,34.587,1,2.705,1,1583.4,1,2.705,1,34.587,1
5905621,2025-12-20T00:39:20Z,1,-39.91119,134.32865,1,1585.5,1,34.588,1,2.702,1,1585.5,1,2.702,1,34.588,1
5905621,2025-12-20T00:39:20Z,1,-39.91119,134.32865,1,1587.3,1,34.59,1,2.698,1,1587.3,1,2.698,1,34.59,1
5905621,2025-12-20T00:39:20Z,1,-39.91119,134.32865,1,1589.4,1,34.59,1,2.695,1,1589.4,1,2.695,1,34.59,1
5905621,2025-12-20T00:39:20Z,1,-39.91119,134.32865,1,1591.6,1,34.591,1,2.692,1,1591.6,1,2.692,1,34.591,1
5905621,2025-12-20T00:39:20Z,1,-39.91119,134.32865,1,1593.4,1,34.591,1,2.692,1,1593.4,1,2.692,1,34.591,1
5905621,2025-12-20T00:39:20Z,1,-39.91119,134.32865,1,1595.1,1,34.592,1,2.688,1,1595.1,1,2.688,1,34.592,1
5905621,2025-12-20T00:39:20Z,1,-39.91119,134.32865,1,1597.4,1,34.593,1,2.685,1,1597.4,1,2.685,1,34.593,1
5905621,2025-12-20T00:39:20Z,1,-39.91119,134.32865,1,1599.5,1,34.594,1,2.681,1,1599.5,1,2.681,1,34.594,1
5905621,2025-12-20T00:39:20Z,1,-39.91119,134.32865,1,1601.3,1,34.595,1,2.679,1,1601.3,1,2.679,1,34.595,1
5905621,2025-12-20T00:39:20Z,1,-39.91119,134.32865,1,1603.1,1,34.595,1,2.678,1,1603.1,1,2.678,1,34.595,1
5905621,2025-12-20T00:39:20Z,1,-39.91119,134.32865,1,1605.4,1,34.596,1,2.674,1,1605.4,1,2.674,1,34.596,1
5905621,2025-12-20T00:39:20Z,1,-39.91119,134.32865,1,1607.6,1,34.598,1,2.669,1,1607.6,1,2.669,1,34.598,1
5905621,2025-12-20T00:39:20Z,1,-39.91119,134.32865,1,1609.3,1,34.598,1,2.667,1,1609.3,1,2.667,1,34.598,1
5905621,2025-12-20T00:39:20Z,1,-39.91119,134.32865,1,1611.1,1,34.6,1,2.664,1,1611.1,1,2.664,1,34.6,1
5905621,2025-12-20T00:39:20Z,1,-39.91119,134.32865,1,1613.5,1,34.6,1,2.663,1,1613.5,1,2.663,1,34.6,1
5905621,2025-12-20T00:39:20Z,1,-39.91119,134.32865,1,1615.7,1,34.6,1,2.662,1,1615.7,1,2.662,1,34.6,1
5905621,2025-12-20T00:39:20Z,1,-39.91119,134.32865,1,1617.6,1,34.601,1,2.66,1,1617.6,1,2.66,1,34.601,1
5905621,2025-12-20T00:39:20Z,1,-39.91119,134.32865,1,1619.4,1,34.601,1,2.659,1,1619.4,1,2.659,1,34.601,1
5905621,2025-12-20T00:39:20Z,1,-39.91119,134.32865,1,1621.3,1,34.601,1,2.658,1,1621.3,1,2.658,1,34.601,1
5905621,2025-12-20T00:39:20Z,1,-39.91119,134.32865,1,1623.2,1,34.602,1,2.658,1,1623.2,1,2.658,1,34.602,1
5905621,2025-12-20T00:39:20Z,1,-39.91119,134.32865,1,1625.0,1,34.602,1,2.656,1,1625.0,1,2.656,1,34.602,1
5905621,2025-12-20T00:39:20Z,1,-39.91119,134.32865,1,1627.4,1,34.603,1,2.654,1,1627.4,1,2.654,1,34.603,1
5905621,2025-12-20T00:39:20Z,1,-39.91119,134.32865,1,1629.7,1,34.603,1,2.652,1,1629.7,1,2.652,1,34.603,1
5905621,2025-12-20T00:39:20Z,1,-39.91119,134.32865,1,1631.6,1,34.604,1,2.649,1,1631.6,1,2.649,1,34.604,1
5905621,2025-12-20T00:39:20Z,1,-39.91119,134.32865,1,1633.5,1,34.605,1,2.647,1,1633.5,1,2.647,1,34.605,1
5905621,2025-12-20T00:39:20Z,1,-39.91119,134.32865,1,1635.3,1,34.606,1,2.644,1,1635.3,1,2.644,1,34.606,1
5905621,2025-12-20T00:39:20Z,1,-39.91119,134.32865,1,1637.2,1,34.606,1,2.643,1,1637.2,1,2.643,1,34.606,1
5905621,2025-12-20T00:39:20Z,1,-39.91119,134.32865,1,1639.0,1,34.607,1,2.641,1,1639.0,1,2.641,1,34.607,1
5905621,2025-12-20T00:39:20Z,1,-39.91119,134.32865,1,1641.4,1,34.608,1,2.636,1,1641.4,1,2.636,1,34.608,1
5905621,2025-12-20T00:39:20Z,1,-39.91119,134.32865,1,1643.7,1,34.608,1,2.636,1,1643.7,1,2.636,1,34.608,1
5905621,2025-12-20T00:39:20Z,1,-39.91119,134.32865,1,1645.6,1,34.608,1,2.635,1,1645.6,1,2.635,1,34.608,1
5905621,2025-12-20T00:39:20Z,1,-39.91119,134.32865,1,1647.4,1,34.609,1,2.634,1,1647.4,1,2.634,1,34.609,1
5905621,2025-12-20T00:39:20Z,1,-39.91119,134.32865,1,1649.3,1,34.609,1,2.633,1,1649.3,1,2.633,1,34.609,1
5905621,2025-12-20T00:39:20Z,1,-39.91119,134.32865,1,1651.2,1,34.61,1,2.632,1,1651.2,1,2.632,1,34.61,1
5905621,2025-12-20T00:39:20Z,1,-39.91119,134.32865,1,1653.0,1,34.61,1,2.631,1,1653.0,1,2.631,1,34.61,1
5905621,2025-12-20T00:39:20Z,1,-39.91119,134.32865,1,1655.4,1,34.61,1,2.63,1,1655.4,1,2.63,1,34.61,1
5905621,2025-12-20T00:39:20Z,1,-39.91119,134.32865,1,1657.7,1,34.611,1,2.628,1,1657.7,1,2.628,1,34.611,1
5905621,2025-12-20T00:39:20Z,1,-39.91119,134.32865,1,1659.6,1,34.611,1,2.626,1,1659.6,1,2.626,1,34.611,1
5905621,2025-12-20T00:39:20Z,1,-39.91119,134.32865,1,1661.5,1,34.613,1,2.621,1,1661.5,1,2.621,1,34.613,1
5905621,2025-12-20T00:39:20Z,1,-39.91119,134.32865,1,1663.4,1,34.614,1,2.619,1,1663.4,1,2.619,1,34.614,1
5905621,2025-12-20T00:39:20Z,1,-39.91119,134.32865,1,1665.3,1,34.614,1,2.618,1,1665.3,1,2.618,1,34.614,1
5905621,2025-12-20T00:39:20Z,1,-39.91119,134.32865,1,1667.2,1,34.615,1,2.617,1,1667.2,1,2.617,1,34.615,1
5905621,2025-12-20T00:39:20Z,1,-39.91119,134.32865,1,1669.1,1,34.616,1,2.614,1,1669.1,1,2.614,1,34.616,1
5905621,2025-12-20T00:39:20Z,1,-39.91119,134.32865,1,1671.1,1,34.617,1,2.612,1,1671.1,1,2.612,1,34.617,1
5905621,2025-12-20T00:39:20Z,1,-39.91119,134.32865,1,1673.4,1,34.617,1,2.609,1,1673.4,1,2.609,1,34.617,1
5905621,2025-12-20T00:39:20Z,1,-39.91119,134.32865,1,1675.8,1,34.618,1,2.606,1,1675.8,1,2.606,1,34.618,1
5905621,2025-12-20T00:39:20Z,1,-39.91119,134.32865,1,1677.7,1,34.619,1,2.604,1,1677.7,1,2.604,1,34.619,1
5905621,2025-12-20T00:39:20Z,1,-39.91119,134.32865,1,1679.6,1,34.62,1,2.603,1,1679.6,1,2.603,1,34.62,1
5905621,2025-12-20T00:39:20Z,1,-39.91119,134.32865,1,1681.5,1,34.62,1,2.6,1,1681.5,1,2.6,1,34.62,1
5905621,2025-12-20T00:39:20Z,1,-39.91119,134.32865,1,1683.3,1,34.621,1,2.599,1,1683.3,1,2.599,1,34.621,1
5905621,2025-12-20T00:39:20Z,1,-39.91119,134.32865,1,1685.2,1,34.621,1,2.598,1,1685.2,1,2.598,1,34.621,1
5905621,2025-12-20T00:39:20Z,1,-39.91119,134.32865,1,1687.1,1,34.623,1,2.593,1,1687.1,1,2.593,1,34.623,1
5905621,2025-12-20T00:39:20Z,1,-39.91119,134.32865,1,1689.4,1,34.623,1,2.59,1,1689.4,1,2.59,1,34.623,1
5905621,2025-12-20T00:39:20Z,1,-39.91119,134.32865,1,1691.8,1,34.624,1,2.589,1,1691.8,1,2.589,1,34.624,1
5905621,2025-12-20T00:39:20Z,1,-39.91119,134.32865,1,1693.8,1,34.625,1,2.586,1,1693.8,1,2.586,1,34.625,1
5905621,2025-12-20T00:39:20Z,1,-39.91119,134.32865,1,1695.6,1,34.626,1,2.584,1,1695.6,1,2.584,1,34.626,1
5905621,2025-12-20T00:39:20Z,1,-39.91119,134.32865,1,1697.5,1,34.626,1,2.584,1,1697.5,1,2.584,1,34.626,1
5905621,2025-12-20T00:39:20Z,1,-39.91119,134.32865,1,1699.4,1,34.627,1,2.583,1,1699.4,1,2.583,1,34.627,1
5905621,2025-12-20T00:39:20Z,1,-39.91119,134.32865,1,1701.3,1,34.627,1,2.581,1,1701.3,1,2.581,1,34.627,1
5905621,2025-12-20T00:39:20Z,1,-39.91119,134.32865,1,1703.1,1,34.628,1,2.579,1,1703.1,1,2.579,1,34.628,1
5905621,2025-12-20T00:39:20Z,1,-39.91119,134.32865,1,1705.0,1,34.629,1,2.578,1,1705.0,1,2.578,1,34.629,1
5905621,2025-12-20T00:39:20Z,1,-39.91119,134.32865,1,1707.4,1,34.629,1,2.576,1,1707.4,1,2.576,1,34.629,1
5905621,2025-12-20T00:39:20Z,1,-39.91119,134.32865,1,1709.8,1,34.63,1,2.572,1,1709.8,1,2.572,1,34.63,1
5905621,2025-12-20T00:39:20Z,1,-39.91119,134.32865,1,1711.7,1,34.631,1,2.57,1,1711.7,1,2.57,1,34.631,1
5905621,2025-12-20T00:39:20Z,1,-39.91119,134.32865,1,1713.7,1,34.632,1,2.568,1,1713.7,1,2.568,1,34.632,1
5905621,2025-12-20T00:39:20Z,1,-39.91119,134.32865,1,1715.6,1,34.633,1,2.567,1,1715.6,1,2.567,1,34.633,1
5905621,2025-12-20T00:39:20Z,1,-39.91119,134.32865,1,1717.6,1,34.633,1,2.565,1,1717.6,1,2.565,1,34.633,1
5905621,2025-12-20T00:39:20Z,1,-39.91119,134.32865,1,1719.5,1,34.633,1,2.565,1,1719.5,1,2.565,1,34.633,1
5905621,2025-12-20T00:39:20Z,1,-39.91119,134.32865,1,1721.5,1,34.633,1,2.565,1,1721.5,1,2.565,1,34.633,1
5905621,2025-12-20T00:39:20Z,1,-39.91119,134.32865,1,1723.5,1,34.634,1,2.565,1,1723.5,1,2.565,1,34.634,1
5905621,2025-12-20T00:39:20Z,1,-39.91119,134.32865,1,1725.5,1,34.634,1,2.563,1,1725.5,1,2.563,1,34.634,1
5905621,2025-12-20T00:39:20Z,1,-39.91119,134.32865,1,1727.5,1,34.635,1,2.561,1,1727.5,1,2.561,1,34.635,1
5905621,2025-12-20T00:39:20Z,1,-39.91119,134.32865,1,1729.4,1,34.635,1,2.56,1,1729.4,1,2.56,1,34.635,1
5905621,2025-12-20T00:39:20Z,1,-39.91119,134.32865,1,1731.4,1,34.636,1,2.559,1,1731.4,1,2.559,1,34.636,1
5905621,2025-12-20T00:39:20Z,1,-39.91119,134.32865,1,1733.3,1,34.636,1,2.557,1,1733.3,1,2.557,1,34.636,1
5905621,2025-12-20T00:39:20Z,1,-39.91119,134.32865,1,1735.3,1,34.638,1,2.554,1,1735.3,1,2.554,1,34.638,1
5905621,2025-12-20T00:39:20Z,1,-39.91119,134.32865,1,1737.2,1,34.638,1,2.551,1,1737.2,1,2.551,1,34.638,1
5905621,2025-12-20T00:39:20Z,1,-39.91119,134.32865,1,1739.3,1,34.638,1,2.551,1,1739.3,1,2.551,1,34.638,1
5905621,2025-12-20T00:39:20Z,1,-39.91119,134.32865,1,1741.3,1,34.639,1,2.55,1,1741.3,1,2.55,1,34.639,1
5905621,2025-12-20T00:39:20Z,1,-39.91119,134.32865,1,1743.2,1,34.639,1,2.549,1,1743.2,1,2.549,1,34.639,1
5905621,2025-12-20T00:39:20Z,1,-39.91119,134.32865,1,1745.2,1,34.639,1,2.547,1,1745.2,1,2.547,1,34.639,1
5905621,2025-12-20T00:39:20Z,1,-39.91119,134.32865,1,1747.2,1,34.64,1,2.546,1,1747.2,1,2.546,1,34.64,1
5905621,2025-12-20T00:39:20Z,1,-39.91119,134.32865,1,1749.1,1,34.641,1,2.544,1,1749.1,1,2.544,1,34.641,1
5905621,2025-12-20T00:39:20Z,1,-39.91119,134.32865,1,1751.1,1,34.642,1,2.541,1,1751.1,1,2.541,1,34.642,1
5905621,2025-12-20T00:39:20Z,1,-39.91119,134.32865,1,1753.1,1,34.643,1,2.539,1,1753.1,1,2.539,1,34.643,1
5905621,2025-12-20T00:39:20Z,1,-39.91119,134.32865,1,1755.1,1,34.643,1,2.538,1,1755.1,1,2.538,1,34.643,1
5905621,2025-12-20T00:39:20Z,1,-39.91119,134.32865,1,1757.1,1,34.644,1,2.537,1,1757.1,1,2.537,1,34.644,1
5905621,2025-12-20T00:39:20Z,1,-39.91119,134.32865,1,1759.2,1,34.644,1,2.534,1,1759.2,1,2.534,1,34.644,1
5905621,2025-12-20T00:39:20Z,1,-39.91119,134.32865,1,1761.1,1,34.645,1,2.532,1,1761.1,1,2.532,1,34.645,1
5905621,2025-12-20T00:39:20Z,1,-39.91119,134.32865,1,1763.1,1,34.645,1,2.532,1,1763.1,1,2.532,1,34.645,1
5905621,2025-12-20T00:39:20Z,1,-39.91119,134.32865,1,1765.1,1,34.645,1,2.53,1,1765.1,1,2.53,1,34.645,1
5905621,2025-12-20T00:39:20Z,1,-39.91119,134.32865,1,1767.2,1,34.646,1,2.527,1,1767.2,1,2.527,1,34.646,1
5905621,2025-12-20T00:39:20Z,1,-39.91119,134.32865,1,1769.2,1,34.647,1,2.526,1,1769.2,1,2.526,1,34.647,1
5905621,2025-12-20T00:39:20Z,1,-39.91119,134.32865,1,1771.3,1,34.648,1,2.523,1,1771.3,1,2.523,1,34.648,1
5905621,2025-12-20T00:39:20Z,1,-39.91119,134.32865,1,1773.3,1,34.649,1,2.521,1,1773.3,1,2.521,1,34.649,1
5905621,2025-12-20T00:39:20Z,1,-39.91119,134.32865,1,1775.4,1,34.649,1,2.519,1,1775.4,1,2.519,1,34.649,1
5905621,2025-12-20T00:39:20Z,1,-39.91119,134.32865,1,1777.5,1,34.649,1,2.518,1,1777.5,1,2.518,1,34.649,1
5905621,2025-12-20T00:39:20Z,1,-39.91119,134.32865,1,1779.6,1,34.649,1,2.516,1,1779.6,1,2.516,1,34.649,1
5905621,2025-12-20T00:39:20Z,1,-39.91119,134.32865,1,1781.6,1,34.651,1,2.513,1,1781.6,1,2.513,1,34.651,1
5905621,2025-12-20T00:39:20Z,1,-39.91119,134.32865,1,1783.7,1,34.651,1,2.512,1,1783.7,1,2.512,1,34.651,1
5905621,2025-12-20T00:39:20Z,1,-39.91119,134.32865,1,1785.8,1,34.652,1,2.512,1,1785.8,1,2.512,1,34.652,1
5905621,2025-12-20T00:39:20Z,1,-39.91119,134.32865,1,1787.9,1,34.652,1,2.51,1,1787.9,1,2.51,1,34.652,1
5905621,2025-12-20T00:39:20Z,1,-39.91119,134.32865,1,1789.5,1,34.653,1,2.51,1,1789.5,1,2.51,1,34.653,1
5905621,2025-12-20T00:39:20Z,1,-39.91119,134.32865,1,1791.0,1,34.653,1,2.51,1,1791.0,1,2.51,1,34.653,1
5905621,2025-12-20T00:39:20Z,1,-39.91119,134.32865,1,1793.1,1,34.653,1,2.508,1,1793.1,1,2.508,1,34.653,1
5905621,2025-12-20T00:39:20Z,1,-39.91119,134.32865,1,1795.1,1,34.654,1,2.505,1,1795.1,1,2.505,1,34.654,1
5905621,2025-12-20T00:39:20Z,1,-39.91119,134.32865,1,1797.2,1,34.654,1,2.503,1,1797.2,1,2.503,1,34.654,1
5905621,2025-12-20T00:39:20Z,1,-39.91119,134.32865,1,1799.5,1,34.655,1,2.5,1,1799.5,1,2.5,1,34.655,1
5905621,2025-12-20T00:39:20Z,1,-39.91119,134.32865,1,1801.6,1,34.655,1,2.497,1,1801.6,1,2.497,1,34.655,1
5905621,2025-12-20T00:39:20Z,1,-39.91119,134.32865,1,1803.6,1,34.656,1,2.496,1,1803.6,1,2.496,1,34.656,1
5905621,2025-12-20T00:39:20Z,1,-39.91119,134.32865,1,1805.6,1,34.656,1,2.496,1,1805.6,1,2.496,1,34.656,1
5905621,2025-12-20T00:39:20Z,1,-39.91119,134.32865,1,1807.6,1,34.656,1,2.494,1,1807.6,1,2.494,1,34.656,1
5905621,2025-12-20T00:39:20Z,1,-39.91119,134.32865,1,1809.6,1,34.657,1,2.494,1,1809.6,1,2.494,1,34.657,1
5905621,2025-12-20T00:39:20Z,1,-39.91119,134.32865,1,1811.6,1,34.657,1,2.496,1,1811.6,1,2.496,1,34.657,1
5905621,2025-12-20T00:39:20Z,1,-39.91119,134.32865,1,1813.6,1,34.658,1,2.493,1,1813.6,1,2.493,1,34.658,1
5905621,2025-12-20T00:39:20Z,1,-39.91119,134.32865,1,1815.3,1,34.658,1,2.492,1,1815.3,1,2.492,1,34.658,1
5905621,2025-12-20T00:39:20Z,1,-39.91119,134.32865,1,1817.3,1,34.658,1,2.491,1,1817.3,1,2.491,1,34.658,1
5905621,2025-12-20T00:39:20Z,1,-39.91119,134.32865,1,1819.3,1,34.659,1,2.487,1,1819.3,1,2.487,1,34.659,1
5905621,2025-12-20T00:39:20Z,1,-39.91119,134.32865,1,1821.3,1,34.66,1,2.486,1,1821.3,1,2.486,1,34.66,1
5905621,2025-12-20T00:39:20Z,1,-39.91119,134.32865,1,1823.4,1,34.66,1,2.486,1,1823.4,1,2.486,1,34.66,1
5905621,2025-12-20T00:39:20Z,1,-39.91119,134.32865,1,1825.4,1,34.66,1,2.484,1,1825.4,1,2.484,1,34.66,1
5905621,2025-12-20T00:39:20Z,1,-39.91119,134.32865,1,1827.5,1,34.661,1,2.484,1,1827.5,1,2.484,1,34.661,1
5905621,2025-12-20T00:39:20Z,1,-39.91119,134.32865,1,1829.5,1,34.661,1,2.482,1,1829.5,1,2.482,1,34.661,1
5905621,2025-12-20T00:39:20Z,1,-39.91119,134.32865,1,1831.5,1,34.662,1,2.481,1,1831.5,1,2.481,1,34.662,1
5905621,2025-12-20T00:39:20Z,1,-39.91119,134.32865,1,1833.6,1,34.662,1,2.479,1,1833.6,1,2.479,1,34.662,1
5905621,2025-12-20T00:39:20Z,1,-39.91119,134.32865,1,1835.7,1,34.663,1,2.478,1,1835.7,1,2.478,1,34.663,1
5905621,2025-12-20T00:39:20Z,1,-39.91119,134.32865,1,1837.3,1,34.663,1,2.478,1,1837.3,1,2.478,1,34.663,1
5905621,2025-12-20T00:39:20Z,1,-39.91119,134.32865,1,1839.4,1,34.663,1,2.476,1,1839.4,1,2.476,1,34.663,1
5905621,2025-12-20T00:39:20Z,1,-39.91119,134.32865,1,1841.5,1,34.663,1,2.476,1,1841.5,1,2.476,1,34.663,1
5905621,2025-12-20T00:39:20Z,1,-39.91119,134.32865,1,1843.2,1,34.663,1,2.476,1,1843.2,1,2.476,1,34.663,1
5905621,2025-12-20T00:39:20Z,1,-39.91119,134.32865,1,1845.3,1,34.664,1,2.473,1,1845.3,1,2.473,1,34.664,1
5905621,2025-12-20T00:39:20Z,1,-39.91119,134.32865,1,1847.5,1,34.665,1,2.469,1,1847.5,1,2.469,1,34.665,1
5905621,2025-12-20T00:39:20Z,1,-39.91119,134.32865,1,1849.5,1,34.666,1,2.467,1,1849.5,1,2.467,1,34.666,1
5905621,2025-12-20T00:39:20Z,1,-39.91119,134.32865,1,1851.6,1,34.666,1,2.467,1,1851.6,1,2.467,1,34.666,1
5905621,2025-12-20T00:39:20Z,1,-39.91119,134.32865,1,1853.3,1,34.666,1,2.465,1,1853.3,1,2.465,1,34.666,1
5905621,2025-12-20T00:39:20Z,1,-39.91119,134.32865,1,1855.4,1,34.667,1,2.463,1,1855.4,1,2.463,1,34.667,1
5905621,2025-12-20T00:39:20Z,1,-39.91119,134.32865,1,1857.5,1,34.668,1,2.462,1,1857.5,1,2.462,1,34.668,1
5905621,2025-12-20T00:39:20Z,1,-39.91119,134.32865,1,1859.2,1,34.667,1,2.462,1,1859.2,1,2.462,1,34.667,1
5905621,2025-12-20T00:39:20Z,1,-39.91119,134.32865,1,1861.4,1,34.668,1,2.46,1,1861.4,1,2.46,1,34.668,1
5905621,2025-12-20T00:39:20Z,1,-39.91119,134.32865,1,1863.5,1,34.668,1,2.458,1,1863.5,1,2.458,1,34.668,1
5905621,2025-12-20T00:39:20Z,1,-39.91119,134.32865,1,1865.3,1,34.669,1,2.456,1,1865.3,1,2.456,1,34.669,1
5905621,2025-12-20T00:39:20Z,1,-39.91119,134.32865,1,1867.5,1,34.67,1,2.456,1,1867.5,1,2.456,1,34.67,1
5905621,2025-12-20T00:39:20Z,1,-39.91119,134.32865,1,1869.7,1,34.67,1,2.454,1,1869.7,1,2.454,1,34.67,1
5905621,2025-12-20T00:39:20Z,1,-39.91119,134.32865,1,1871.4,1,34.67,1,2.453,1,1871.4,1,2.453,1,34.67,1
5905621,2025-12-20T00:39:20Z,1,-39.91119,134.32865,1,1873.1,1,34.67,1,2.452,1,1873.1,1,2.452,1,34.67,1
5905621,2025-12-20T00:39:20Z,1,-39.91119,134.32865,1,1875.4,1,34.671,1,2.451,1,1875.4,1,2.451,1,34.671,1
5905621,2025-12-20T00:39:20Z,1,-39.91119,134.32865,1,1877.5,1,34.671,1,2.45,1,1877.5,1,2.45,1,34.671,1
5905621,2025-12-20T00:39:20Z,1,-39.91119,134.32865,1,1879.3,1,34.671,1,2.45,1,1879.3,1,2.45,1,34.671,1
5905621,2025-12-20T00:39:20Z,1,-39.91119,134.32865,1,1881.5,1,34.671,1,2.448,1,1881.5,1,2.448,1,34.671,1
5905621,2025-12-20T00:39:20Z,1,-39.91119,134.32865,1,1883.6,1,34.672,1,2.446,1,1883.6,1,2.446,1,34.672,1
5905621,2025-12-20T00:39:20Z,1,-39.91119,134.32865,1,1885.4,1,34.672,1,2.446,1,1885.4,1,2.446,1,34.672,1
5905621,2025-12-20T00:39:20Z,1,-39.91119,134.32865,1,1887.2,1,34.672,1,2.446,1,1887.2,1,2.446,1,34.672,1
5905621,2025-12-20T00:39:20Z,1,-39.91119,134.32865,1,1889.4,1,34.672,1,2.443,1,1889.4,1,2.443,1,34.672,1
5905621,2025-12-20T00:39:20Z,1,-39.91119,134.32865,1,1891.6,1,34.673,1,2.441,1,1891.6,1,2.441,1,34.673,1
5905621,2025-12-20T00:39:20Z,1,-39.91119,134.32865,1,1893.4,1,34.673,1,2.44,1,1893.4,1,2.44,1,34.673,1
5905621,2025-12-20T00:39:20Z,1,-39.91119,134.32865,1,1895.2,1,34.674,1,2.439,1,1895.2,1,2.439,1,34.674,1
5905621,2025-12-20T00:39:20Z,1,-39.91119,134.32865,1,1897.5,1,34.674,1,2.437,1,1897.5,1,2.437,1,34.674,1
5905621,2025-12-20T00:39:20Z,1,-39.91119,134.32865,1,1899.7,1,34.674,1,2.436,1,1899.7,1,2.436,1,34.674,1
5905621,2025-12-20T00:39:20Z,1,-39.91119,134.32865,1,1901.5,1,34.675,1,2.435,1,1901.5,1,2.435,1,34.675,1
5905621,2025-12-20T00:39:20Z,1,-39.91119,134.32865,1,1903.4,1,34.675,1,2.434,1,1903.4,1,2.434,1,34.675,1
5905621,2025-12-20T00:39:20Z,1,-39.91119,134.32865,1,1905.2,1,34.676,1,2.433,1,1905.2,1,2.433,1,34.676,1
5905621,2025-12-20T00:39:20Z,1,-39.91119,134.32865,1,1907.5,1,34.676,1,2.432,1,1907.5,1,2.432,1,34.676,1
5905621,2025-12-20T00:39:20Z,1,-39.91119,134.32865,1,1909.7,1,34.676,1,2.431,1,1909.7,1,2.431,1,34.676,1
5905621,2025-12-20T00:39:20Z,1,-39.91119,134.32865,1,1911.6,1,34.677,1,2.43,1,1911.6,1,2.43,1,34.677,1
5905621,2025-12-20T00:39:20Z,1,-39.91119,134.32865,1,1913.5,1,34.677,1,2.429,1,1913.5,1,2.429,1,34.677,1
5905621,2025-12-20T00:39:20Z,1,-39.91119,134.32865,1,1915.3,1,34.677,1,2.428,1,1915.3,1,2.428,1,34.677,1
5905621,2025-12-20T00:39:20Z,1,-39.91119,134.32865,1,1917.2,1,34.677,1,2.427,1,1917.2,1,2.427,1,34.677,1
5905621,2025-12-20T00:39:20Z,1,-39.91119,134.32865,1,1919.5,1,34.678,1,2.426,1,1919.5,1,2.426,1,34.678,1
5905621,2025-12-20T00:39:20Z,1,-39.91119,134.32865,1,1921.8,1,34.678,1,2.423,1,1921.8,1,2.423,1,34.678,1
5905621,2025-12-20T00:39:20Z,1,-39.91119,134.32865,1,1923.6,1,34.679,1,2.421,1,1923.6,1,2.421,1,34.679,1
5905621,2025-12-20T00:39:20Z,1,-39.91119,134.32865,1,1925.5,1,34.679,1,2.419,1,1925.5,1,2.419,1,34.679,1
5905621,2025-12-20T00:39:20Z,1,-39.91119,134.32865,1,1927.3,1,34.68,1,2.417,1,1927.3,1,2.417,1,34.68,1
5905621,2025-12-20T00:39:20Z,1,-39.91119,134.32865,1,1929.2,1,34.68,1,2.416,1,1929.2,1,2.416,1,34.68,1
5905621,2025-12-20T00:39:20Z,1,-39.91119,134.32865,1,1931.1,1,34.681,1,2.415,1,1931.1,1,2.415,1,34.681,1
5905621,2025-12-20T00:39:20Z,1,-39.91119,134.32865,1,1933.4,1,34.681,1,2.413,1,1933.4,1,2.413,1,34.681,1
5905621,2025-12-20T00:39:20Z,1,-39.91119,134.32865,1,1935.8,1,34.681,1,2.412,1,1935.8,1,2.412,1,34.681,1
5905621,2025-12-20T00:39:20Z,1,-39.91119,134.32865,1,1937.7,1,34.682,1,2.411,1,1937.7,1,2.411,1,34.682,1
5905621,2025-12-20T00:39:20Z,1,-39.91119,134.32865,1,1939.6,1,34.682,1,2.409,1,1939.6,1,2.409,1,34.682,1
5905621,2025-12-20T00:39:20Z,1,-39.91119,134.32865,1,1941.5,1,34.682,1,2.408,1,1941.5,1,2.408,1,34.682,1
5905621,2025-12-20T00:39:20Z,1,-39.91119,134.32865,1,1943.5,1,34.683,1,2.406,1,1943.5,1,2.406,1,34.683,1
5905621,2025-12-20T00:39:20Z,1,-39.91119,134.32865,1,1945.4,1,34.683,1,2.405,1,1945.4,1,2.405,1,34.683,1
5905621,2025-12-20T00:39:20Z,1,-39.91119,134.32865,1,1947.4,1,34.684,1,2.403,1,1947.4,1,2.403,1,34.684,1
5905621,2025-12-20T00:39:20Z,1,-39.91119,134.32865,1,1949.3,1,34.684,1,2.401,1,1949.3,1,2.401,1,34.684,1
5905621,2025-12-20T00:39:20Z,1,-39.91119,134.32865,1,1951.3,1,34.684,1,2.399,1,1951.3,1,2.399,1,34.684,1
5905621,2025-12-20T00:39:20Z,1,-39.91119,134.32865,1,1953.2,1,34.685,1,2.396,1,1953.2,1,2.396,1,34.685,1
5905621,2025-12-20T00:39:20Z,1,-39.91119,134.32865,1,1955.2,1,34.685,1,2.395,1,1955.2,1,2.395,1,34.685,1
5905621,2025-12-20T00:39:20Z,1,-39.91119,134.32865,1,1957.2,1,34.686,1,2.393,1,1957.2,1,2.393,1,34.686,1
5905621,2025-12-20T00:39:20Z,1,-39.91119,134.32865,1,1959.1,1,34.686,1,2.392,1,1959.1,1,2.392,1,34.686,1
5905621,2025-12-20T00:39:20Z,1,-39.91119,134.32865,1,1961.1,1,34.687,1,2.391,1,1961.1,1,2.391,1,34.687,1
5905621,2025-12-20T00:39:20Z,1,-39.91119,134.32865,1,1963.0,1,34.686,1,2.391,1,1963.0,1,2.391,1,34.686,1
5905621,2025-12-20T00:39:20Z,1,-39.91119,134.32865,1,1965.0,1,34.687,1,2.389,1,1965.0,1,2.389,1,34.687,1
5905621,2025-12-20T00:39:20Z,1,-39.91119,134.32865,1,1967.4,1,34.687,1,2.388,1,1967.4,1,2.388,1,34.687,1
5905621,2025-12-20T00:39:20Z,1,-39.91119,134.32865,1,1969.9,1,34.687,1,2.388,1,1969.9,1,2.388,1,34.687,1
5905621,2025-12-20T00:39:20Z,1,-39.91119,134.32865,1,1971.9,1,34.688,1,2.385,1,1971.9,1,2.385,1,34.688,1
5905621,2025-12-20T00:39:20Z,1,-39.91119,134.32865,1,1973.9,1,34.688,1,2.383,1,1973.9,1,2.383,1,34.688,1
5905621,2025-12-20T00:39:20Z,1,-39.91119,134.32865,1,1975.9,1,34.688,1,2.383,1,1975.9,1,2.383,1,34.688,1
5905621,2025-12-20T00:39:20Z,1,-39.91119,134.32865,1,1977.8,1,34.689,1,2.383,1,1977.8,1,2.383,1,34.689,1
5905621,2025-12-20T00:39:20Z,1,-39.91119,134.32865,1,1979.7,1,34.689,1,2.383,1,1979.7,1,2.383,1,34.689,1
5905621,2025-12-20T00:39:20Z,1,-39.91119,134.32865,1,1981.4,1,34.689,1,2.383,1,1981.4,1,2.383,1,34.689,1
5905621,2025-12-20T00:39:20Z,1,-39.91119,134.32865,1,1983.2,1,34.689,1,2.382,1,1983.2,1,2.382,1,34.689,1
5905621,2025-12-20T00:39:20Z,1,-39.91119,134.32865,1,1985.2,1,34.689,1,2.381,1,1985.2,1,2.381,1,34.689,1
5905621,2025-12-20T00:39:20Z,1,-39.91119,134.32865,1,1987.3,1,34.689,1,2.38,1,1987.3,1,2.38,1,34.689,1
