PLATFORM_CODE,DATE (YYYY-MM-DDTHH:MI:SSZ),DATE_QC,LATITUDE (degree_north),LONGITUDE (degree_east),POSITION_QC,PRES (decibar),PRES_QC,PSAL (psu),PSAL_QC,TEMP (degree_Celsius),TEMP_QC,PRES_ADJUSTED (decibar),PRES_ADJUSTED_QC,TEMP_ADJUSTED (degree_Celsius),TEMP_ADJUSTED_QC,PSAL_ADJUSTED (psu),PSAL_ADJUSTED_QC
5905619,2025-12-02T18:25:47Z,1,-47.47614,151.97983,1,1.05,1,34.789,1,10.56,1,1.05,1,10.56,1,34.789,1
5905619,2025-12-02T18:25:47Z,1,-47.47614,151.97983,1,3.35,1,34.788,1,10.56,1,3.35,1,10.56,1,34.788,1
5905619,2025-12-02T18:25:47Z,1,-47.47614,151.97983,1,4.9,1,34.789,1,10.56,1,4.9,1,10.56,1,34.789,1
5905619,2025-12-02T18:25:47Z,1,-47.47614,151.97983,1,6.65,1,34.789,1,10.559,1,6.65,1,10.559,1,34.789,1
5905619,2025-12-02T18:25:47Z,1,-47.47614,151.97983,1,9.0,1,34.789,1,10.56,1,9.0,1,10.56,1,34.789,1
5905619,2025-12-02T18:25:47Z,1,-47.47614,151.97983,1,10.85,1,34.788,1,10.559,1,10.85,1,10.559,1,34.788,1
5905619,2025-12-02T18:25:47Z,1,-47.47614,151.97983,1,12.8,1,34.788,1,10.56,1,12.8,1,10.56,1,34.788,1
5905619,2025-12-02T18:25:47Z,1,-47.47614,151.97983,1,15.05,1,34.788,1,10.562,1,15.05,1,10.562,1,34.788,1
5905619,2025-12-02T18:25:47Z,1,-47.47614,151.97983,1,16.9,1,34.788,1,10.557,1,16.9,1,10.557,1,34.788,1
5905619,2025-12-02T18:25:47Z,1,-47.47614,151.97983,1,18.85,1,34.788,1,10.559,1,18.85,1,10.559,1,34.788,1
5905619,2025-12-02T18:25:47Z,1,-47.47614,151.97983,1,20.85,1,34.785,1,10.53,1,20.85,1,10.53,1,34.785,1
5905619,2025-12-02T18:25:47Z,1,-47.47614,151.97983,1,22.75,1,34.781,1,10.538,1,22.75,1,10.538,1,34.781,1
5905619,2025-12-02T18:25:47Z,1,-47.47614,151.97983,1,25.0,1,34.777,1,10.512,1,25.0,1,10.512,1,34.777,1
5905619,2025-12-02T18:25:47Z,1,-47.47614,151.97983,1,27.05,1,34.778,1,10.504,1,27.05,1,10.504,1,34.778,1
5905619,2025-12-02T18:25:47Z,1,-47.47614,151.97983,1,28.9,1,34.779,1,10.504,1,28.9,1,10.504,1,34.779,1
5905619,2025-12-02T18:25:47Z,1,-47.47614,151.97983,1,30.8,1,34.778,1,10.505,1,30.8,1,10.505,1,34.778,1
5905619,2025-12-02T18:25:47Z,1,-47.47614,151.97983,1,32.65,1,34.778,1,10.505,1,32.65,1,10.505,1,34.778,1
5905619,2025-12-02T18:25:47Z,1,-47.47614,151.97983,1,35.0,1,34.777,1,10.497,1,35.0,1,10.497,1,34.777,1
5905619,2025-12-02T18:25:47Z,1,-47.47614,151.97983,1,37.2,1,34.777,1,10.485,1,37.2,1,10.485,1,34.777,1
5905619,2025-12-02T18:25:47Z,1,-47.47614,151.97983,1,39.0,1,34.777,1,10.494,1,39.0,1,10.494,1,34.777,1
5905619,2025-12-02T18:25:47Z,1,-47.47614,151.97983,1,40.85,1,34.777,1,10.483,1,40.85,1,10.483,1,34.777,1
5905619,2025-12-02T18:25:47Z,1,-47.47614,151.97983,1,43.0,1,34.78,1,10.454,1,43.0,1,10.454,1,34.78,1
5905619,2025-12-02T18:25:47Z,1,-47.47614,151.97983,1,45.1,1,34.778,1,10.462,1,45.1,1,10.462,1,34.778,1
5905619,2025-12-02T18:25:47Z,1,-47.47614,151.97983,1,46.8,1,34.777,1,10.467,1,46.8,1,10.467,1,34.777,1
5905619,2025-12-02T18:25:47Z,1,-47.47614,151.97983,1,49.05,1,34.78,1,10.453,1,49.05,1,10.453,1,34.78,1
5905619,2025-12-02T18:25:47Z,1,-47.47614,151.97983,1,51.35,1,34.782,1,10.437,1,51.35,1,10.437,1,34.782,1
5905619,2025-12-02T18:25:47Z,1,-47.47614,151.97983,1,53.3,1,34.782,1,10.43,1,53.3,1,10.43,1,34.782,1
5905619,2025-12-02T18:25:47Z,1,-47.47614,151.97983,1,55.25,1,34.782,1,10.43,1,55.25,1,10.43,1,34.782,1
5905619,2025-12-02T18:25:47Z,1,-47.47614,151.97983,1,57.25,1,34.783,1,10.432,1,57.25,1,10.432,1,34.783,1
5905619,2025-12-02T18:25:47Z,1,-47.47614,151.97983,1,59.25,1,34.783,1,10.432,1,59.25,1,10.432,1,34.783,1
5905619,2025-12-02T18:25:47Z,1,-47.47614,151.97983,1,61.25,1,34.784,1,10.435,1,61.25,1,10.435,1,34.784,1
5905619,2025-12-02T18:25:47Z,1,-47.47614,151.97983,1,63.2,1,34.784,1,10.435,1,63.2,1,10.435,1,34.784,1
5905619,2025-12-02T18:25:47Z,1,-47.47614,151.97983,1,65.2,1,34.784,1,10.436,1,65.2,1,10.436,1,34.784,1
5905619,2025-12-02T18:25:47Z,1,-47.47614,151.97983,1,67.15,1,34.784,1,10.437,1,67.15,1,10.437,1,34.784,1
5905619,2025-12-02T18:25:47Z,1,-47.47614,151.97983,1,69.1,1,34.785,1,10.439,1,69.1,1,10.439,1,34.785,1
5905619,2025-12-02T18:25:47Z,1,-47.47614,151.97983,1,71.05,1,34.785,1,10.44,1,71.05,1,10.44,1,34.785,1
5905619,2025-12-02T18:25:47Z,1,-47.47614,151.97983,1,73.0,1,34.785,1,10.437,1,73.0,1,10.437,1,34.785,1
5905619,2025-12-02T18:25:47Z,1,-47.47614,151.97983,1,74.95,1,34.785,1,10.422,1,74.95,1,10.422,1,34.785,1
5905619,2025-12-02T18:25:47Z,1,-47.47614,151.97983,1,76.85,1,34.781,1,10.39,1,76.85,1,10.39,1,34.781,1
5905619,2025-12-02T18:25:47Z,1,-47.47614,151.97983,1,78.75,1,34.781,1,10.368,1,78.75,1,10.368,1,34.781,1
5905619,2025-12-02T18:25:47Z,1,-47.47614,151.97983,1,80.65,1,34.782,1,10.332,1,80.65,1,10.332,1,34.782,1
5905619,2025-12-02T18:25:47Z,1,-47.47614,151.97983,1,82.95,1,34.779,1,10.319,1,82.95,1,10.319,1,34.779,1
5905619,2025-12-02T18:25:47Z,1,-47.47614,151.97983,1,85.3,1,34.781,1,10.309,1,85.3,1,10.309,1,34.781,1
5905619,2025-12-02T18:25:47Z,1,-47.47614,151.97983,1,87.2,1,34.779,1,10.301,1,87.2,1,10.301,1,34.779,1
5905619,2025-12-02T18:25:47Z,1,-47.47614,151.97983,1,89.1,1,34.78,1,10.282,1,89.1,1,10.282,1,34.78,1
5905619,2025-12-02T18:25:47Z,1,-47.47614,151.97983,1,91.05,1,34.777,1,10.266,1,91.05,1,10.266,1,34.777,1
5905619,2025-12-02T18:25:47Z,1,-47.47614,151.97983,1,92.95,1,34.777,1,10.265,1,92.95,1,10.265,1,34.777,1
5905619,2025-12-02T18:25:47Z,1,-47.47614,151.97983,1,94.9,1,34.777,1,10.266,1,94.9,1,10.266,1,34.777,1
5905619,2025-12-02T18:25:47Z,1,-47.47614,151.97983,1,96.8,1,34.776,1,10.263,1,96.8,1,10.263,1,34.776,1
5905619,2025-12-02T18:25:47Z,1,-47.47614,151.97983,1,98.75,1,34.776,1,10.246,1,98.75,1,10.246,1,34.776,1
5905619,2025-12-02T18:25:47Z,1,-47.47614,151.97983,1,100.7,1,34.781,1,10.256,1,100.7,1,10.256,1,34.781,1
5905619,2025-12-02T18:25:47Z,1,-47.47614,151.97983,1,102.7,1,34.79,1,10.266,1,102.7,1,10.266,1,34.79,1
5905619,2025-12-02T18:25:47Z,1,-47.47614,151.97983,1,104.7,1,34.793,1,10.246,1,104.7,1,10.246,1,34.793,1
5905619,2025-12-02T18:25:47Z,1,-47.47614,151.97983,1,106.75,1,34.793,1,10.227,1,106.75,1,10.227,1,34.793,1
5905619,2025-12-02T18:25:47Z,1,-47.47614,151.97983,1,108.85,1,34.792,1,10.221,1,108.85,1,10.221,1,34.792,1
5905619,2025-12-02T18:25:47Z,1,-47.47614,151.97983,1,111.0,1,34.79,1,10.207,1,111.0,1,10.207,1,34.79,1
5905619,2025-12-02T18:25:47Z,1,-47.47614,151.97983,1,113.15,1,34.789,1,10.194,1,113.15,1,10.194,1,34.789,1
5905619,2025-12-02T18:25:47Z,1,-47.47614,151.97983,1,115.3,1,34.789,1,10.192,1,115.3,1,10.192,1,34.789,1
5905619,2025-12-02T18:25:47Z,1,-47.47614,151.97983,1,117.45,1,34.788,1,10.177,1,117.45,1,10.177,1,34.788,1
5905619,2025-12-02T18:25:47Z,1,-47.47614,151.97983,1,119.0,1,34.782,1,10.155,1,119.0,1,10.155,1,34.782,1
5905619,2025-12-02T18:25:47Z,1,-47.47614,151.97983,1,120.5,1,34.782,1,10.139,1,120.5,1,10.139,1,34.782,1
5905619,2025-12-02T18:25:47Z,1,-47.47614,151.97983,1,122.55,1,34.781,1,10.13,1,122.55,1,10.13,1,34.781,1
5905619,2025-12-02T18:25:47Z,1,-47.47614,151.97983,1,124.55,1,34.781,1,10.129,1,124.55,1,10.129,1,34.781,1
5905619,2025-12-02T18:25:47Z,1,-47.47614,151.97983,1,126.55,1,34.78,1,10.114,1,126.55,1,10.114,1,34.78,1
5905619,2025-12-02T18:25:47Z,1,-47.47614,151.97983,1,128.55,1,34.778,1,10.1,1,128.55,1,10.1,1,34.778,1
5905619,2025-12-02T18:25:47Z,1,-47.47614,151.97983,1,131.0,1,34.777,1,10.095,1,131.0,1,10.095,1,34.777,1
5905619,2025-12-02T18:25:47Z,1,-47.47614,151.97983,1,133.45,1,34.777,1,10.093,1,133.45,1,10.093,1,34.777,1
5905619,2025-12-02T18:25:47Z,1,-47.47614,151.97983,1,135.45,1,34.776,1,10.085,1,135.45,1,10.085,1,34.776,1
5905619,2025-12-02T18:25:47Z,1,-47.47614,151.97983,1,137.4,1,34.775,1,10.075,1,137.4,1,10.075,1,34.775,1
5905619,2025-12-02T18:25:47Z,1,-47.47614,151.97983,1,139.4,1,34.774,1,10.072,1,139.4,1,10.072,1,34.774,1
5905619,2025-12-02T18:25:47Z,1,-47.47614,151.97983,1,141.35,1,34.775,1,10.069,1,141.35,1,10.069,1,34.775,1
5905619,2025-12-02T18:25:47Z,1,-47.47614,151.97983,1,143.25,1,34.775,1,10.067,1,143.25,1,10.067,1,34.775,1
5905619,2025-12-02T18:25:47Z,1,-47.47614,151.97983,1,145.2,1,34.773,1,10.06,1,145.2,1,10.06,1,34.773,1
5905619,2025-12-02T18:25:47Z,1,-47.47614,151.97983,1,147.1,1,34.773,1,10.054,1,147.1,1,10.054,1,34.773,1
5905619,2025-12-02T18:25:47Z,1,-47.47614,151.97983,1,148.95,1,34.771,1,10.051,1,148.95,1,10.051,1,34.771,1
5905619,2025-12-02T18:25:47Z,1,-47.47614,151.97983,1,150.85,1,34.769,1,10.041,1,150.85,1,10.041,1,34.769,1
5905619,2025-12-02T18:25:47Z,1,-47.47614,151.97983,1,152.7,1,34.769,1,10.029,1,152.7,1,10.029,1,34.769,1
5905619,2025-12-02T18:25:47Z,1,-47.47614,151.97983,1,154.95,1,34.767,1,10.02,1,154.95,1,10.02,1,34.767,1
5905619,2025-12-02T18:25:47Z,1,-47.47614,151.97983,1,157.25,1,34.766,1,10.011,1,157.25,1,10.011,1,34.766,1
5905619,2025-12-02T18:25:47Z,1,-47.47614,151.97983,1,159.1,1,34.764,1,10.005,1,159.1,1,10.005,1,34.764,1
5905619,2025-12-02T18:25:47Z,1,-47.47614,151.97983,1,160.95,1,34.762,1,9.993,1,160.95,1,9.993,1,34.762,1
5905619,2025-12-02T18:25:47Z,1,-47.47614,151.97983,1,162.85,1,34.761,1,9.982,1,162.85,1,9.982,1,34.761,1
5905619,2025-12-02T18:25:47Z,1,-47.47614,151.97983,1,164.75,1,34.761,1,9.981,1,164.75,1,9.981,1,34.761,1
5905619,2025-12-02T18:25:47Z,1,-47.47614,151.97983,1,166.6,1,34.761,1,9.982,1,166.6,1,9.982,1,34.761,1
5905619,2025-12-02T18:25:47Z,1,-47.47614,151.97983,1,168.95,1,34.761,1,9.979,1,168.95,1,9.979,1,34.761,1
5905619,2025-12-02T18:25:47Z,1,-47.47614,151.97983,1,171.3,1,34.76,1,9.977,1,171.3,1,9.977,1,34.76,1
5905619,2025-12-02T18:25:47Z,1,-47.47614,151.97983,1,173.15,1,34.76,1,9.976,1,173.15,1,9.976,1,34.76,1
5905619,2025-12-02T18:25:47Z,1,-47.47614,151.97983,1,175.05,1,34.758,1,9.969,1,175.05,1,9.969,1,34.758,1
5905619,2025-12-02T18:25:47Z,1,-47.47614,151.97983,1,176.95,1,34.758,1,9.963,1,176.95,1,9.963,1,34.758,1
5905619,2025-12-02T18:25:47Z,1,-47.47614,151.97983,1,178.8,1,34.763,1,9.986,1,178.8,1,9.986,1,34.763,1
5905619,2025-12-02T18:25:47Z,1,-47.47614,151.97983,1,180.65,1,34.765,1,9.994,1,180.65,1,9.994,1,34.765,1
5905619,2025-12-02T18:25:47Z,1,-47.47614,151.97983,1,182.95,1,34.767,1,10.003,1,182.95,1,10.003,1,34.767,1
5905619,2025-12-02T18:25:47Z,1,-47.47614,151.97983,1,185.3,1,34.766,1,9.989,1,185.3,1,9.989,1,34.766,1
5905619,2025-12-02T18:25:47Z,1,-47.47614,151.97983,1,187.15,1,34.767,1,9.992,1,187.15,1,9.992,1,34.767,1
5905619,2025-12-02T18:25:47Z,1,-47.47614,151.97983,1,189.0,1,34.768,1,9.997,1,189.0,1,9.997,1,34.768,1
5905619,2025-12-02T18:25:47Z,1,-47.47614,151.97983,1,190.9,1,34.767,1,9.998,1,190.9,1,9.998,1,34.767,1
5905619,2025-12-02T18:25:47Z,1,-47.47614,151.97983,1,192.8,1,34.768,1,9.999,1,192.8,1,9.999,1,34.768,1
5905619,2025-12-02T18:25:47Z,1,-47.47614,151.97983,1,194.7,1,34.767,1,9.996,1,194.7,1,9.996,1,34.767,1
5905619,2025-12-02T18:25:47Z,1,-47.47614,151.97983,1,196.6,1,34.766,1,9.992,1,196.6,1,9.992,1,34.766,1
5905619,2025-12-02T18:25:47Z,1,-47.47614,151.97983,1,198.95,1,34.765,1,9.986,1,198.95,1,9.986,1,34.765,1
5905619,2025-12-02T18:25:47Z,1,-47.47614,151.97983,1,201.35,1,34.763,1,9.977,1,201.35,1,9.977,1,34.763,1
5905619,2025-12-02T18:25:47Z,1,-47.47614,151.97983,1,203.25,1,34.763,1,9.975,1,203.25,1,9.975,1,34.763,1
5905619,2025-12-02T18:25:47Z,1,-47.47614,151.97983,1,205.2,1,34.762,1,9.972,1,205.2,1,9.972,1,34.762,1
5905619,2025-12-02T18:25:47Z,1,-47.47614,151.97983,1,207.1,1,34.761,1,9.966,1,207.1,1,9.966,1,34.761,1
5905619,2025-12-02T18:25:47Z,1,-47.47614,151.97983,1,209.0,1,34.76,1,9.964,1,209.0,1,9.964,1,34.76,1
5905619,2025-12-02T18:25:47Z,1,-47.47614,151.97983,1,210.9,1,34.759,1,9.953,1,210.9,1,9.953,1,34.759,1
5905619,2025-12-02T18:25:47Z,1,-47.47614,151.97983,1,212.85,1,34.758,1,9.946,1,212.85,1,9.946,1,34.758,1
5905619,2025-12-02T18:25:47Z,1,-47.47614,151.97983,1,214.75,1,34.755,1,9.931,1,214.75,1,9.931,1,34.755,1
5905619,2025-12-02T18:25:47Z,1,-47.47614,151.97983,1,216.7,1,34.753,1,9.908,1,216.7,1,9.908,1,34.753,1
5905619,2025-12-02T18:25:47Z,1,-47.47614,151.97983,1,218.6,1,34.751,1,9.908,1,218.6,1,9.908,1,34.751,1
5905619,2025-12-02T18:25:47Z,1,-47.47614,151.97983,1,221.05,1,34.75,1,9.901,1,221.05,1,9.901,1,34.75,1
5905619,2025-12-02T18:25:47Z,1,-47.47614,151.97983,1,223.5,1,34.749,1,9.897,1,223.5,1,9.897,1,34.749,1
5905619,2025-12-02T18:25:47Z,1,-47.47614,151.97983,1,225.45,1,34.749,1,9.899,1,225.45,1,9.899,1,34.749,1
5905619,2025-12-02T18:25:47Z,1,-47.47614,151.97983,1,227.45,1,34.752,1,9.907,1,227.45,1,9.907,1,34.752,1
5905619,2025-12-02T18:25:47Z,1,-47.47614,151.97983,1,229.4,1,34.748,1,9.88,1,229.4,1,9.88,1,34.748,1
5905619,2025-12-02T18:25:47Z,1,-47.47614,151.97983,1,231.35,1,34.74,1,9.854,1,231.35,1,9.854,1,34.74,1
5905619,2025-12-02T18:25:47Z,1,-47.47614,151.97983,1,233.35,1,34.739,1,9.842,1,233.35,1,9.842,1,34.739,1
5905619,2025-12-02T18:25:47Z,1,-47.47614,151.97983,1,235.35,1,34.739,1,9.838,1,235.35,1,9.838,1,34.739,1
5905619,2025-12-02T18:25:47Z,1,-47.47614,151.97983,1,237.35,1,34.739,1,9.836,1,237.35,1,9.836,1,34.739,1
5905619,2025-12-02T18:25:47Z,1,-47.47614,151.97983,1,239.35,1,34.739,1,9.837,1,239.35,1,9.837,1,34.739,1
5905619,2025-12-02T18:25:47Z,1,-47.47614,151.97983,1,241.4,1,34.739,1,9.841,1,241.4,1,9.841,1,34.739,1
5905619,2025-12-02T18:25:47Z,1,-47.47614,151.97983,1,243.4,1,34.74,1,9.839,1,243.4,1,9.839,1,34.74,1
5905619,2025-12-02T18:25:47Z,1,-47.47614,151.97983,1,245.4,1,34.738,1,9.83,1,245.4,1,9.83,1,34.738,1
5905619,2025-12-02T18:25:47Z,1,-47.47614,151.97983,1,247.4,1,34.736,1,9.825,1,247.4,1,9.825,1,34.736,1
5905619,2025-12-02T18:25:47Z,1,-47.47614,151.97983,1,249.4,1,34.736,1,9.817,1,249.4,1,9.817,1,34.736,1
5905619,2025-12-02T18:25:47Z,1,-47.47614,151.97983,1,251.45,1,34.734,1,9.81,1,251.45,1,9.81,1,34.734,1
5905619,2025-12-02T18:25:47Z,1,-47.47614,151.97983,1,253.45,1,34.734,1,9.806,1,253.45,1,9.806,1,34.734,1
5905619,2025-12-02T18:25:47Z,1,-47.47614,151.97983,1,255.45,1,34.733,1,9.807,1,255.45,1,9.807,1,34.733,1
5905619,2025-12-02T18:25:47Z,1,-47.47614,151.97983,1,257.45,1,34.735,1,9.809,1,257.45,1,9.809,1,34.735,1
5905619,2025-12-02T18:25:47Z,1,-47.47614,151.97983,1,259.4,1,34.736,1,9.834,1,259.4,1,9.834,1,34.736,1
5905619,2025-12-02T18:25:47Z,1,-47.47614,151.97983,1,261.45,1,34.741,1,9.841,1,261.45,1,9.841,1,34.741,1
5905619,2025-12-02T18:25:47Z,1,-47.47614,151.97983,1,263.45,1,34.741,1,9.84,1,263.45,1,9.84,1,34.741,1
5905619,2025-12-02T18:25:47Z,1,-47.47614,151.97983,1,265.45,1,34.741,1,9.841,1,265.45,1,9.841,1,34.741,1
5905619,2025-12-02T18:25:47Z,1,-47.47614,151.97983,1,267.45,1,34.742,1,9.842,1,267.45,1,9.842,1,34.742,1
5905619,2025-12-02T18:25:47Z,1,-47.47614,151.97983,1,269.4,1,34.741,1,9.842,1,269.4,1,9.842,1,34.741,1
5905619,2025-12-02T18:25:47Z,1,-47.47614,151.97983,1,271.35,1,34.74,1,9.836,1,271.35,1,9.836,1,34.74,1
5905619,2025-12-02T18:25:47Z,1,-47.47614,151.97983,1,273.15,1,34.738,1,9.831,1,273.15,1,9.831,1,34.738,1
5905619,2025-12-02T18:25:47Z,1,-47.47614,151.97983,1,275.1,1,34.73,1,9.777,1,275.1,1,9.777,1,34.73,1
5905619,2025-12-02T18:25:47Z,1,-47.47614,151.97983,1,277.05,1,34.729,1,9.764,1,277.05,1,9.764,1,34.729,1
5905619,2025-12-02T18:25:47Z,1,-47.47614,151.97983,1,279.0,1,34.726,1,9.759,1,279.0,1,9.759,1,34.726,1
5905619,2025-12-02T18:25:47Z,1,-47.47614,151.97983,1,280.95,1,34.725,1,9.752,1,280.95,1,9.752,1,34.725,1
5905619,2025-12-02T18:25:47Z,1,-47.47614,151.97983,1,282.95,1,34.724,1,9.75,1,282.95,1,9.75,1,34.724,1
5905619,2025-12-02T18:25:47Z,1,-47.47614,151.97983,1,284.95,1,34.724,1,9.744,1,284.95,1,9.744,1,34.724,1
5905619,2025-12-02T18:25:47Z,1,-47.47614,151.97983,1,286.95,1,34.724,1,9.74,1,286.95,1,9.74,1,34.724,1
5905619,2025-12-02T18:25:47Z,1,-47.47614,151.97983,1,288.95,1,34.728,1,9.76,1,288.95,1,9.76,1,34.728,1
5905619,2025-12-02T18:25:47Z,1,-47.47614,151.97983,1,290.95,1,34.729,1,9.759,1,290.95,1,9.759,1,34.729,1
5905619,2025-12-02T18:25:47Z,1,-47.47614,151.97983,1,292.95,1,34.73,1,9.761,1,292.95,1,9.761,1,34.73,1
5905619,2025-12-02T18:25:47Z,1,-47.47614,151.97983,1,294.95,1,34.729,1,9.76,1,294.95,1,9.76,1,34.729,1
5905619,2025-12-02T18:25:47Z,1,-47.47614,151.97983,1,296.9,1,34.729,1,9.75,1,296.9,1,9.75,1,34.729,1
5905619,2025-12-02T18:25:47Z,1,-47.47614,151.97983,1,298.9,1,34.727,1,9.738,1,298.9,1,9.738,1,34.727,1
5905619,2025-12-02T18:25:47Z,1,-47.47614,151.97983,1,300.9,1,34.726,1,9.731,1,300.9,1,9.731,1,34.726,1
5905619,2025-12-02T18:25:47Z,1,-47.47614,151.97983,1,303.0,1,34.723,1,9.705,1,303.0,1,9.705,1,34.723,1
5905619,2025-12-02T18:25:47Z,1,-47.47614,151.97983,1,305.1,1,34.72,1,9.693,1,305.1,1,9.693,1,34.72,1
5905619,2025-12-02T18:25:47Z,1,-47.47614,151.97983,1,307.15,1,34.717,1,9.68,1,307.15,1,9.68,1,34.717,1
5905619,2025-12-02T18:25:47Z,1,-47.47614,151.97983,1,309.25,1,34.716,1,9.667,1,309.25,1,9.667,1,34.716,1
5905619,2025-12-02T18:25:47Z,1,-47.47614,151.97983,1,310.9,1,34.716,1,9.661,1,310.9,1,9.661,1,34.716,1
5905619,2025-12-02T18:25:47Z,1,-47.47614,151.97983,1,312.95,1,34.714,1,9.649,1,312.95,1,9.649,1,34.714,1
5905619,2025-12-02T18:25:47Z,1,-47.47614,151.97983,1,315.05,1,34.713,1,9.655,1,315.05,1,9.655,1,34.713,1
5905619,2025-12-02T18:25:47Z,1,-47.47614,151.97983,1,316.75,1,34.72,1,9.673,1,316.75,1,9.673,1,34.72,1
5905619,2025-12-02T18:25:47Z,1,-47.47614,151.97983,1,318.85,1,34.72,1,9.674,1,318.85,1,9.674,1,34.72,1
5905619,2025-12-02T18:25:47Z,1,-47.47614,151.97983,1,321.0,1,34.72,1,9.664,1,321.0,1,9.664,1,34.72,1
5905619,2025-12-02T18:25:47Z,1,-47.47614,151.97983,1,323.1,1,34.711,1,9.621,1,323.1,1,9.621,1,34.711,1
5905619,2025-12-02T18:25:47Z,1,-47.47614,151.97983,1,325.25,1,34.702,1,9.587,1,325.25,1,9.587,1,34.702,1
5905619,2025-12-02T18:25:47Z,1,-47.47614,151.97983,1,326.95,1,34.694,1,9.533,1,326.95,1,9.533,1,34.694,1
5905619,2025-12-02T18:25:47Z,1,-47.47614,151.97983,1,329.1,1,34.692,1,9.529,1,329.1,1,9.529,1,34.692,1
5905619,2025-12-02T18:25:47Z,1,-47.47614,151.97983,1,331.25,1,34.694,1,9.537,1,331.25,1,9.537,1,34.694,1
5905619,2025-12-02T18:25:47Z,1,-47.47614,151.97983,1,332.95,1,34.696,1,9.54,1,332.95,1,9.54,1,34.696,1
5905619,2025-12-02T18:25:47Z,1,-47.47614,151.97983,1,335.1,1,34.699,1,9.565,1,335.1,1,9.565,1,34.699,1
5905619,2025-12-02T18:25:47Z,1,-47.47614,151.97983,1,337.25,1,34.707,1,9.591,1,337.25,1,9.591,1,34.707,1
5905619,2025-12-02T18:25:47Z,1,-47.47614,151.97983,1,338.95,1,34.706,1,9.584,1,338.95,1,9.584,1,34.706,1
5905619,2025-12-02T18:25:47Z,1,-47.47614,151.97983,1,341.1,1,34.707,1,9.584,1,341.1,1,9.584,1,34.707,1
5905619,2025-12-02T18:25:47Z,1,-47.47614,151.97983,1,343.25,1,34.708,1,9.587,1,343.25,1,9.587,1,34.708,1
5905619,2025-12-02T18:25:47Z,1,-47.47614,151.97983,1,345.0,1,34.709,1,9.587,1,345.0,1,9.587,1,34.709,1
5905619,2025-12-02T18:25:47Z,1,-47.47614,151.97983,1,346.75,1,34.708,1,9.587,1,346.75,1,9.587,1,34.708,1
5905619,2025-12-02T18:25:47Z,1,-47.47614,151.97983,1,348.9,1,34.708,1,9.587,1,348.9,1,9.587,1,34.708,1
5905619,2025-12-02T18:25:47Z,1,-47.47614,151.97983,1,351.1,1,34.709,1,9.59,1,351.1,1,9.59,1,34.709,1
5905619,2025-12-02T18:25:47Z,1,-47.47614,151.97983,1,352.85,1,34.71,1,9.594,1,352.85,1,9.594,1,34.71,1
5905619,2025-12-02T18:25:47Z,1,-47.47614,151.97983,1,355.05,1,34.709,1,9.592,1,355.05,1,9.592,1,34.709,1
5905619,2025-12-02T18:25:47Z,1,-47.47614,151.97983,1,357.25,1,34.707,1,9.579,1,357.25,1,9.579,1,34.707,1
5905619,2025-12-02T18:25:47Z,1,-47.47614,151.97983,1,359.05,1,34.706,1,9.57,1,359.05,1,9.57,1,34.706,1
5905619,2025-12-02T18:25:47Z,1,-47.47614,151.97983,1,360.8,1,34.705,1,9.559,1,360.8,1,9.559,1,34.705,1
5905619,2025-12-02T18:25:47Z,1,-47.47614,151.97983,1,363.0,1,34.701,1,9.542,1,363.0,1,9.542,1,34.701,1
5905619,2025-12-02T18:25:47Z,1,-47.47614,151.97983,1,365.15,1,34.701,1,9.533,1,365.15,1,9.533,1,34.701,1
5905619,2025-12-02T18:25:47Z,1,-47.47614,151.97983,1,366.95,1,34.696,1,9.516,1,366.95,1,9.516,1,34.696,1
5905619,2025-12-02T18:25:47Z,1,-47.47614,151.97983,1,368.7,1,34.695,1,9.508,1,368.7,1,9.508,1,34.695,1
5905619,2025-12-02T18:25:47Z,1,-47.47614,151.97983,1,370.9,1,34.692,1,9.498,1,370.9,1,9.498,1,34.692,1
5905619,2025-12-02T18:25:47Z,1,-47.47614,151.97983,1,373.1,1,34.692,1,9.492,1,373.1,1,9.492,1,34.692,1
5905619,2025-12-02T18:25:47Z,1,-47.47614,151.97983,1,374.9,1,34.69,1,9.486,1,374.9,1,9.486,1,34.69,1
5905619,2025-12-02T18:25:47Z,1,-47.47614,151.97983,1,377.05,1,34.689,1,9.481,1,377.05,1,9.481,1,34.689,1
5905619,2025-12-02T18:25:47Z,1,-47.47614,151.97983,1,379.25,1,34.689,1,9.477,1,379.25,1,9.477,1,34.689,1
5905619,2025-12-02T18:25:47Z,1,-47.47614,151.97983,1,381.0,1,34.688,1,9.476,1,381.0,1,9.476,1,34.688,1
5905619,2025-12-02T18:25:47Z,1,-47.47614,151.97983,1,382.8,1,34.689,1,9.474,1,382.8,1,9.474,1,34.689,1
5905619,2025-12-02T18:25:47Z,1,-47.47614,151.97983,1,385.0,1,34.686,1,9.461,1,385.0,1,9.461,1,34.686,1
5905619,2025-12-02T18:25:47Z,1,-47.47614,151.97983,1,387.25,1,34.685,1,9.45,1,387.25,1,9.45,1,34.685,1
5905619,2025-12-02T18:25:47Z,1,-47.47614,151.97983,1,389.05,1,34.684,1,9.446,1,389.05,1,9.446,1,34.684,1
5905619,2025-12-02T18:25:47Z,1,-47.47614,151.97983,1,390.8,1,34.682,1,9.439,1,390.8,1,9.439,1,34.682,1
5905619,2025-12-02T18:25:47Z,1,-47.47614,151.97983,1,393.05,1,34.682,1,9.436,1,393.05,1,9.436,1,34.682,1
5905619,2025-12-02T18:25:47Z,1,-47.47614,151.97983,1,395.25,1,34.68,1,9.432,1,395.25,1,9.432,1,34.68,1
5905619,2025-12-02T18:25:47Z,1,-47.47614,151.97983,1,397.05,1,34.679,1,9.421,1,397.05,1,9.421,1,34.679,1
5905619,2025-12-02T18:25:47Z,1,-47.47614,151.97983,1,398.85,1,34.678,1,9.414,1,398.85,1,9.414,1,34.678,1
5905619,2025-12-02T18:25:47Z,1,-47.47614,151.97983,1,400.65,1,34.677,1,9.407,1,400.65,1,9.407,1,34.677,1
5905619,2025-12-02T18:25:47Z,1,-47.47614,151.97983,1,402.95,1,34.676,1,9.403,1,402.95,1,9.403,1,34.676,1
5905619,2025-12-02T18:25:47Z,1,-47.47614,151.97983,1,405.25,1,34.674,1,9.392,1,405.25,1,9.392,1,34.674,1
5905619,2025-12-02T18:25:47Z,1,-47.47614,151.97983,1,407.05,1,34.673,1,9.39,1,407.05,1,9.39,1,34.673,1
5905619,2025-12-02T18:25:47Z,1,-47.47614,151.97983,1,408.9,1,34.673,1,9.387,1,408.9,1,9.387,1,34.673,1
5905619,2025-12-02T18:25:47Z,1,-47.47614,151.97983,1,410.7,1,34.672,1,9.385,1,410.7,1,9.385,1,34.672,1
5905619,2025-12-02T18:25:47Z,1,-47.47614,151.97983,1,412.95,1,34.668,1,9.364,1,412.95,1,9.364,1,34.668,1
5905619,2025-12-02T18:25:47Z,1,-47.47614,151.97983,1,415.2,1,34.668,1,9.35,1,415.2,1,9.35,1,34.668,1
5905619,2025-12-02T18:25:47Z,1,-47.47614,151.97983,1,417.0,1,34.665,1,9.34,1,417.0,1,9.34,1,34.665,1
5905619,2025-12-02T18:25:47Z,1,-47.47614,151.97983,1,418.8,1,34.664,1,9.328,1,418.8,1,9.328,1,34.664,1
5905619,2025-12-02T18:25:47Z,1,-47.47614,151.97983,1,421.1,1,34.66,1,9.31,1,421.1,1,9.31,1,34.66,1
5905619,2025-12-02T18:25:47Z,1,-47.47614,151.97983,1,423.35,1,34.658,1,9.298,1,423.35,1,9.298,1,34.658,1
5905619,2025-12-02T18:25:47Z,1,-47.47614,151.97983,1,425.2,1,34.658,1,9.294,1,425.2,1,9.294,1,34.658,1
5905619,2025-12-02T18:25:47Z,1,-47.47614,151.97983,1,427.05,1,34.657,1,9.292,1,427.05,1,9.292,1,34.657,1
5905619,2025-12-02T18:25:47Z,1,-47.47614,151.97983,1,428.9,1,34.656,1,9.288,1,428.9,1,9.288,1,34.656,1
5905619,2025-12-02T18:25:47Z,1,-47.47614,151.97983,1,430.75,1,34.655,1,9.282,1,430.75,1,9.282,1,34.655,1
5905619,2025-12-02T18:25:47Z,1,-47.47614,151.97983,1,432.6,1,34.653,1,9.267,1,432.6,1,9.267,1,34.653,1
5905619,2025-12-02T18:25:47Z,1,-47.47614,151.97983,1,434.9,1,34.649,1,9.245,1,434.9,1,9.245,1,34.649,1
5905619,2025-12-02T18:25:47Z,1,-47.47614,151.97983,1,437.2,1,34.649,1,9.229,1,437.2,1,9.229,1,34.649,1
5905619,2025-12-02T18:25:47Z,1,-47.47614,151.97983,1,439.05,1,34.645,1,9.209,1,439.05,1,9.209,1,34.645,1
5905619,2025-12-02T18:25:47Z,1,-47.47614,151.97983,1,440.85,1,34.64,1,9.189,1,440.85,1,9.189,1,34.64,1
5905619,2025-12-02T18:25:47Z,1,-47.47614,151.97983,1,442.7,1,34.638,1,9.168,1,442.7,1,9.168,1,34.638,1
5905619,2025-12-02T18:25:47Z,1,-47.47614,151.97983,1,445.05,1,34.637,1,9.164,1,445.05,1,9.164,1,34.637,1
5905619,2025-12-02T18:25:47Z,1,-47.47614,151.97983,1,447.4,1,34.636,1,9.156,1,447.4,1,9.156,1,34.636,1
5905619,2025-12-02T18:25:47Z,1,-47.47614,151.97983,1,449.2,1,34.635,1,9.152,1,449.2,1,9.152,1,34.635,1
5905619,2025-12-02T18:25:47Z,1,-47.47614,151.97983,1,451.05,1,34.635,1,9.149,1,451.05,1,9.149,1,34.635,1
5905619,2025-12-02T18:25:47Z,1,-47.47614,151.97983,1,452.9,1,34.635,1,9.148,1,452.9,1,9.148,1,34.635,1
5905619,2025-12-02T18:25:47Z,1,-47.47614,151.97983,1,454.75,1,34.635,1,9.146,1,454.75,1,9.146,1,34.635,1
5905619,2025-12-02T18:25:47Z,1,-47.47614,151.97983,1,456.6,1,34.634,1,9.142,1,456.6,1,9.142,1,34.634,1
5905619,2025-12-02T18:25:47Z,1,-47.47614,151.97983,1,458.95,1,34.634,1,9.135,1,458.95,1,9.135,1,34.634,1
5905619,2025-12-02T18:25:47Z,1,-47.47614,151.97983,1,461.25,1,34.633,1,9.125,1,461.25,1,9.125,1,34.633,1
5905619,2025-12-02T18:25:47Z,1,-47.47614,151.97983,1,463.1,1,34.632,1,9.122,1,463.1,1,9.122,1,34.632,1
5905619,2025-12-02T18:25:47Z,1,-47.47614,151.97983,1,465.0,1,34.632,1,9.121,1,465.0,1,9.121,1,34.632,1
5905619,2025-12-02T18:25:47Z,1,-47.47614,151.97983,1,466.85,1,34.632,1,9.118,1,466.85,1,9.118,1,34.632,1
5905619,2025-12-02T18:25:47Z,1,-47.47614,151.97983,1,468.75,1,34.631,1,9.111,1,468.75,1,9.111,1,34.631,1
5905619,2025-12-02T18:25:47Z,1,-47.47614,151.97983,1,471.05,1,34.63,1,9.108,1,471.05,1,9.108,1,34.63,1
5905619,2025-12-02T18:25:47Z,1,-47.47614,151.97983,1,473.4,1,34.63,1,9.101,1,473.4,1,9.101,1,34.63,1
5905619,2025-12-02T18:25:47Z,1,-47.47614,151.97983,1,475.3,1,34.629,1,9.095,1,475.3,1,9.095,1,34.629,1
5905619,2025-12-02T18:25:47Z,1,-47.47614,151.97983,1,477.2,1,34.627,1,9.085,1,477.2,1,9.085,1,34.627,1
5905619,2025-12-02T18:25:47Z,1,-47.47614,151.97983,1,479.1,1,34.626,1,9.077,1,479.1,1,9.077,1,34.626,1
5905619,2025-12-02T18:25:47Z,1,-47.47614,151.97983,1,481.05,1,34.626,1,9.075,1,481.05,1,9.075,1,34.626,1
5905619,2025-12-02T18:25:47Z,1,-47.47614,151.97983,1,482.95,1,34.626,1,9.072,1,482.95,1,9.072,1,34.626,1
5905619,2025-12-02T18:25:47Z,1,-47.47614,151.97983,1,484.9,1,34.625,1,9.07,1,484.9,1,9.07,1,34.625,1
5905619,2025-12-02T18:25:47Z,1,-47.47614,151.97983,1,486.85,1,34.625,1,9.066,1,486.85,1,9.066,1,34.625,1
5905619,2025-12-02T18:25:47Z,1,-47.47614,151.97983,1,488.8,1,34.624,1,9.06,1,488.8,1,9.06,1,34.624,1
5905619,2025-12-02T18:25:47Z,1,-47.47614,151.97983,1,490.75,1,34.624,1,9.058,1,490.75,1,9.058,1,34.624,1
5905619,2025-12-02T18:25:47Z,1,-47.47614,151.97983,1,492.7,1,34.623,1,9.054,1,492.7,1,9.054,1,34.623,1
5905619,2025-12-02T18:25:47Z,1,-47.47614,151.97983,1,494.65,1,34.622,1,9.049,1,494.65,1,9.049,1,34.622,1
5905619,2025-12-02T18:25:47Z,1,-47.47614,151.97983,1,496.6,1,34.621,1,9.043,1,496.6,1,9.043,1,34.621,1
5905619,2025-12-02T18:25:47Z,1,-47.47614,151.97983,1,499.0,1,34.621,1,9.04,1,499.0,1,9.04,1,34.621,1
5905619,2025-12-02T18:25:47Z,1,-47.47614,151.97983,1,501.45,1,34.62,1,9.038,1,501.45,1,9.038,1,34.62,1
5905619,2025-12-02T18:25:47Z,1,-47.47614,151.97983,1,503.4,1,34.621,1,9.032,1,503.4,1,9.032,1,34.621,1
5905619,2025-12-02T18:25:47Z,1,-47.47614,151.97983,1,505.3,1,34.62,1,9.028,1,505.3,1,9.028,1,34.62,1
5905619,2025-12-02T18:25:47Z,1,-47.47614,151.97983,1,507.2,1,34.619,1,9.026,1,507.2,1,9.026,1,34.619,1
5905619,2025-12-02T18:25:47Z,1,-47.47614,151.97983,1,509.1,1,34.619,1,9.024,1,509.1,1,9.024,1,34.619,1
5905619,2025-12-02T18:25:47Z,1,-47.47614,151.97983,1,511.0,1,34.618,1,9.022,1,511.0,1,9.022,1,34.618,1
5905619,2025-12-02T18:25:47Z,1,-47.47614,151.97983,1,512.9,1,34.619,1,9.022,1,512.9,1,9.022,1,34.619,1
5905619,2025-12-02T18:25:47Z,1,-47.47614,151.97983,1,514.8,1,34.618,1,9.019,1,514.8,1,9.019,1,34.618,1
5905619,2025-12-02T18:25:47Z,1,-47.47614,151.97983,1,516.75,1,34.618,1,9.009,1,516.75,1,9.009,1,34.618,1
5905619,2025-12-02T18:25:47Z,1,-47.47614,151.97983,1,518.65,1,34.616,1,9.003,1,518.65,1,9.003,1,34.616,1
5905619,2025-12-02T18:25:47Z,1,-47.47614,151.97983,1,520.65,1,34.615,1,8.999,1,520.65,1,8.999,1,34.615,1
5905619,2025-12-02T18:25:47Z,1,-47.47614,151.97983,1,522.6,1,34.615,1,8.993,1,522.6,1,8.993,1,34.615,1
5905619,2025-12-02T18:25:47Z,1,-47.47614,151.97983,1,525.05,1,34.614,1,8.992,1,525.05,1,8.992,1,34.614,1
5905619,2025-12-02T18:25:47Z,1,-47.47614,151.97983,1,527.45,1,34.614,1,8.989,1,527.45,1,8.989,1,34.614,1
5905619,2025-12-02T18:25:47Z,1,-47.47614,151.97983,1,529.4,1,34.614,1,8.986,1,529.4,1,8.986,1,34.614,1
5905619,2025-12-02T18:25:47Z,1,-47.47614,151.97983,1,531.35,1,34.614,1,8.982,1,531.35,1,8.982,1,34.614,1
5905619,2025-12-02T18:25:47Z,1,-47.47614,151.97983,1,533.25,1,34.612,1,8.973,1,533.25,1,8.973,1,34.612,1
5905619,2025-12-02T18:25:47Z,1,-47.47614,151.97983,1,535.2,1,34.613,1,8.969,1,535.2,1,8.969,1,34.613,1
5905619,2025-12-02T18:25:47Z,1,-47.47614,151.97983,1,537.15,1,34.612,1,8.961,1,537.15,1,8.961,1,34.612,1
5905619,2025-12-02T18:25:47Z,1,-47.47614,151.97983,1,539.1,1,34.611,1,8.957,1,539.1,1,8.957,1,34.611,1
5905619,2025-12-02T18:25:47Z,1,-47.47614,151.97983,1,541.05,1,34.609,1,8.95,1,541.05,1,8.95,1,34.609,1
5905619,2025-12-02T18:25:47Z,1,-47.47614,151.97983,1,543.05,1,34.605,1,8.914,1,543.05,1,8.914,1,34.605,1
5905619,2025-12-02T18:25:47Z,1,-47.47614,151.97983,1,545.05,1,34.599,1,8.88,1,545.05,1,8.88,1,34.599,1
5905619,2025-12-02T18:25:47Z,1,-47.47614,151.97983,1,547.0,1,34.596,1,8.861,1,547.0,1,8.861,1,34.596,1
5905619,2025-12-02T18:25:47Z,1,-47.47614,151.97983,1,548.95,1,34.592,1,8.822,1,548.95,1,8.822,1,34.592,1
5905619,2025-12-02T18:25:47Z,1,-47.47614,151.97983,1,550.95,1,34.588,1,8.796,1,550.95,1,8.796,1,34.588,1
5905619,2025-12-02T18:25:47Z,1,-47.47614,151.97983,1,552.95,1,34.586,1,8.787,1,552.95,1,8.787,1,34.586,1
5905619,2025-12-02T18:25:47Z,1,-47.47614,151.97983,1,554.9,1,34.586,1,8.779,1,554.9,1,8.779,1,34.586,1
5905619,2025-12-02T18:25:47Z,1,-47.47614,151.97983,1,556.9,1,34.585,1,8.775,1,556.9,1,8.775,1,34.585,1
5905619,2025-12-02T18:25:47Z,1,-47.47614,151.97983,1,558.85,1,34.584,1,8.757,1,558.85,1,8.757,1,34.584,1
5905619,2025-12-02T18:25:47Z,1,-47.47614,151.97983,1,560.85,1,34.581,1,8.746,1,560.85,1,8.746,1,34.581,1
5905619,2025-12-02T18:25:47Z,1,-47.47614,151.97983,1,562.85,1,34.582,1,8.735,1,562.85,1,8.735,1,34.582,1
5905619,2025-12-02T18:25:47Z,1,-47.47614,151.97983,1,564.9,1,34.581,1,8.734,1,564.9,1,8.734,1,34.581,1
5905619,2025-12-02T18:25:47Z,1,-47.47614,151.97983,1,566.95,1,34.581,1,8.73,1,566.95,1,8.73,1,34.581,1
5905619,2025-12-02T18:25:47Z,1,-47.47614,151.97983,1,568.95,1,34.581,1,8.722,1,568.95,1,8.722,1,34.581,1
5905619,2025-12-02T18:25:47Z,1,-47.47614,151.97983,1,571.0,1,34.581,1,8.719,1,571.0,1,8.719,1,34.581,1
5905619,2025-12-02T18:25:47Z,1,-47.47614,151.97983,1,573.05,1,34.58,1,8.718,1,573.05,1,8.718,1,34.58,1
5905619,2025-12-02T18:25:47Z,1,-47.47614,151.97983,1,575.05,1,34.581,1,8.716,1,575.05,1,8.716,1,34.581,1
5905619,2025-12-02T18:25:47Z,1,-47.47614,151.97983,1,577.1,1,34.581,1,8.715,1,577.1,1,8.715,1,34.581,1
5905619,2025-12-02T18:25:47Z,1,-47.47614,151.97983,1,579.15,1,34.581,1,8.713,1,579.15,1,8.713,1,34.581,1
5905619,2025-12-02T18:25:47Z,1,-47.47614,151.97983,1,581.1,1,34.58,1,8.711,1,581.1,1,8.711,1,34.58,1
5905619,2025-12-02T18:25:47Z,1,-47.47614,151.97983,1,583.1,1,34.579,1,8.708,1,583.1,1,8.708,1,34.579,1
5905619,2025-12-02T18:25:47Z,1,-47.47614,151.97983,1,585.15,1,34.58,1,8.697,1,585.15,1,8.697,1,34.58,1
5905619,2025-12-02T18:25:47Z,1,-47.47614,151.97983,1,587.25,1,34.579,1,8.695,1,587.25,1,8.695,1,34.579,1
5905619,2025-12-02T18:25:47Z,1,-47.47614,151.97983,1,589.3,1,34.578,1,8.685,1,589.3,1,8.685,1,34.578,1
5905619,2025-12-02T18:25:47Z,1,-47.47614,151.97983,1,591.4,1,34.576,1,8.682,1,591.4,1,8.682,1,34.576,1
5905619,2025-12-02T18:25:47Z,1,-47.47614,151.97983,1,593.0,1,34.575,1,8.678,1,593.0,1,8.678,1,34.575,1
5905619,2025-12-02T18:25:47Z,1,-47.47614,151.97983,1,594.55,1,34.576,1,8.671,1,594.55,1,8.671,1,34.576,1
5905619,2025-12-02T18:25:47Z,1,-47.47614,151.97983,1,596.7,1,34.576,1,8.67,1,596.7,1,8.67,1,34.576,1
5905619,2025-12-02T18:25:47Z,1,-47.47614,151.97983,1,598.8,1,34.574,1,8.652,1,598.8,1,8.652,1,34.574,1
5905619,2025-12-02T18:25:47Z,1,-47.47614,151.97983,1,600.9,1,34.569,1,8.612,1,600.9,1,8.612,1,34.569,1
5905619,2025-12-02T18:25:47Z,1,-47.47614,151.97983,1,603.0,1,34.568,1,8.601,1,603.0,1,8.601,1,34.568,1
5905619,2025-12-02T18:25:47Z,1,-47.47614,151.97983,1,605.1,1,34.568,1,8.603,1,605.1,1,8.603,1,34.568,1
5905619,2025-12-02T18:25:47Z,1,-47.47614,151.97983,1,607.2,1,34.569,1,8.599,1,607.2,1,8.599,1,34.569,1
5905619,2025-12-02T18:25:47Z,1,-47.47614,151.97983,1,609.3,1,34.568,1,8.589,1,609.3,1,8.589,1,34.568,1
5905619,2025-12-02T18:25:47Z,1,-47.47614,151.97983,1,611.35,1,34.568,1,8.577,1,611.35,1,8.577,1,34.568,1
5905619,2025-12-02T18:25:47Z,1,-47.47614,151.97983,1,613.45,1,34.566,1,8.57,1,613.45,1,8.57,1,34.566,1
5905619,2025-12-02T18:25:47Z,1,-47.47614,151.97983,1,615.05,1,34.565,1,8.569,1,615.05,1,8.569,1,34.565,1
5905619,2025-12-02T18:25:47Z,1,-47.47614,151.97983,1,616.6,1,34.565,1,8.563,1,616.6,1,8.563,1,34.565,1
5905619,2025-12-02T18:25:47Z,1,-47.47614,151.97983,1,618.65,1,34.563,1,8.533,1,618.65,1,8.533,1,34.563,1
5905619,2025-12-02T18:25:47Z,1,-47.47614,151.97983,1,620.7,1,34.56,1,8.509,1,620.7,1,8.509,1,34.56,1
5905619,2025-12-02T18:25:47Z,1,-47.47614,151.97983,1,622.75,1,34.555,1,8.468,1,622.75,1,8.468,1,34.555,1
5905619,2025-12-02T18:25:47Z,1,-47.47614,151.97983,1,624.85,1,34.553,1,8.456,1,624.85,1,8.456,1,34.553,1
5905619,2025-12-02T18:25:47Z,1,-47.47614,151.97983,1,626.95,1,34.547,1,8.418,1,626.95,1,8.418,1,34.547,1
5905619,2025-12-02T18:25:47Z,1,-47.47614,151.97983,1,629.05,1,34.543,1,8.392,1,629.05,1,8.392,1,34.543,1
5905619,2025-12-02T18:25:47Z,1,-47.47614,151.97983,1,631.15,1,34.544,1,8.387,1,631.15,1,8.387,1,34.544,1
5905619,2025-12-02T18:25:47Z,1,-47.47614,151.97983,1,633.3,1,34.543,1,8.375,1,633.3,1,8.375,1,34.543,1
5905619,2025-12-02T18:25:47Z,1,-47.47614,151.97983,1,635.4,1,34.54,1,8.355,1,635.4,1,8.355,1,34.54,1
5905619,2025-12-02T18:25:47Z,1,-47.47614,151.97983,1,637.0,1,34.539,1,8.352,1,637.0,1,8.352,1,34.539,1
5905619,2025-12-02T18:25:47Z,1,-47.47614,151.97983,1,638.55,1,34.54,1,8.353,1,638.55,1,8.353,1,34.54,1
5905619,2025-12-02T18:25:47Z,1,-47.47614,151.97983,1,640.7,1,34.54,1,8.335,1,640.7,1,8.335,1,34.54,1
5905619,2025-12-02T18:25:47Z,1,-47.47614,151.97983,1,642.85,1,34.539,1,8.317,1,642.85,1,8.317,1,34.539,1
5905619,2025-12-02T18:25:47Z,1,-47.47614,151.97983,1,644.95,1,34.534,1,8.307,1,644.95,1,8.307,1,34.534,1
5905619,2025-12-02T18:25:47Z,1,-47.47614,151.97983,1,647.1,1,34.535,1,8.3,1,647.1,1,8.3,1,34.535,1
5905619,2025-12-02T18:25:47Z,1,-47.47614,151.97983,1,649.25,1,34.533,1,8.292,1,649.25,1,8.292,1,34.533,1
5905619,2025-12-02T18:25:47Z,1,-47.47614,151.97983,1,651.4,1,34.535,1,8.281,1,651.4,1,8.281,1,34.535,1
5905619,2025-12-02T18:25:47Z,1,-47.47614,151.97983,1,653.0,1,34.534,1,8.28,1,653.0,1,8.28,1,34.534,1
5905619,2025-12-02T18:25:47Z,1,-47.47614,151.97983,1,654.55,1,34.532,1,8.271,1,654.55,1,8.271,1,34.532,1
5905619,2025-12-02T18:25:47Z,1,-47.47614,151.97983,1,656.6,1,34.532,1,8.259,1,656.6,1,8.259,1,34.532,1
5905619,2025-12-02T18:25:47Z,1,-47.47614,151.97983,1,658.6,1,34.531,1,8.252,1,658.6,1,8.252,1,34.531,1
5905619,2025-12-02T18:25:47Z,1,-47.47614,151.97983,1,660.6,1,34.53,1,8.198,1,660.6,1,8.198,1,34.53,1
5905619,2025-12-02T18:25:47Z,1,-47.47614,151.97983,1,662.6,1,34.525,1,8.174,1,662.6,1,8.174,1,34.525,1
5905619,2025-12-02T18:25:47Z,1,-47.47614,151.97983,1,664.65,1,34.523,1,8.162,1,664.65,1,8.162,1,34.523,1
5905619,2025-12-02T18:25:47Z,1,-47.47614,151.97983,1,666.65,1,34.523,1,8.162,1,666.65,1,8.162,1,34.523,1
5905619,2025-12-02T18:25:47Z,1,-47.47614,151.97983,1,668.65,1,34.521,1,8.159,1,668.65,1,8.159,1,34.521,1
5905619,2025-12-02T18:25:47Z,1,-47.47614,151.97983,1,670.65,1,34.52,1,8.151,1,670.65,1,8.151,1,34.52,1
5905619,2025-12-02T18:25:47Z,1,-47.47614,151.97983,1,672.7,1,34.52,1,8.14,1,672.7,1,8.14,1,34.52,1
5905619,2025-12-02T18:25:47Z,1,-47.47614,151.97983,1,674.75,1,34.519,1,8.128,1,674.75,1,8.128,1,34.519,1
5905619,2025-12-02T18:25:47Z,1,-47.47614,151.97983,1,676.75,1,34.517,1,8.11,1,676.75,1,8.11,1,34.517,1
5905619,2025-12-02T18:25:47Z,1,-47.47614,151.97983,1,678.75,1,34.514,1,8.079,1,678.75,1,8.079,1,34.514,1
5905619,2025-12-02T18:25:47Z,1,-47.47614,151.97983,1,680.75,1,34.514,1,8.055,1,680.75,1,8.055,1,34.514,1
5905619,2025-12-02T18:25:47Z,1,-47.47614,151.97983,1,682.75,1,34.512,1,8.045,1,682.75,1,8.045,1,34.512,1
5905619,2025-12-02T18:25:47Z,1,-47.47614,151.97983,1,684.75,1,34.51,1,8.027,1,684.75,1,8.027,1,34.51,1
5905619,2025-12-02T18:25:47Z,1,-47.47614,151.97983,1,686.7,1,34.508,1,8.009,1,686.7,1,8.009,1,34.508,1
5905619,2025-12-02T18:25:47Z,1,-47.47614,151.97983,1,688.65,1,34.506,1,7.979,1,688.65,1,7.979,1,34.506,1
5905619,2025-12-02T18:25:47Z,1,-47.47614,151.97983,1,690.65,1,34.504,1,7.959,1,690.65,1,7.959,1,34.504,1
5905619,2025-12-02T18:25:47Z,1,-47.47614,151.97983,1,692.65,1,34.503,1,7.93,1,692.65,1,7.93,1,34.503,1
5905619,2025-12-02T18:25:47Z,1,-47.47614,151.97983,1,694.65,1,34.502,1,7.927,1,694.65,1,7.927,1,34.502,1
5905619,2025-12-02T18:25:47Z,1,-47.47614,151.97983,1,696.6,1,34.503,1,7.917,1,696.6,1,7.917,1,34.503,1
5905619,2025-12-02T18:25:47Z,1,-47.47614,151.97983,1,698.65,1,34.501,1,7.901,1,698.65,1,7.901,1,34.501,1
5905619,2025-12-02T18:25:47Z,1,-47.47614,151.97983,1,701.0,1,34.5,1,7.898,1,701.0,1,7.898,1,34.5,1
5905619,2025-12-02T18:25:47Z,1,-47.47614,151.97983,1,703.0,1,34.499,1,7.892,1,703.0,1,7.892,1,34.499,1
5905619,2025-12-02T18:25:47Z,1,-47.47614,151.97983,1,704.9,1,34.498,1,7.886,1,704.9,1,7.886,1,34.498,1
5905619,2025-12-02T18:25:47Z,1,-47.47614,151.97983,1,707.05,1,34.499,1,7.847,1,707.05,1,7.847,1,34.499,1
5905619,2025-12-02T18:25:47Z,1,-47.47614,151.97983,1,708.95,1,34.495,1,7.809,1,708.95,1,7.809,1,34.495,1
5905619,2025-12-02T18:25:47Z,1,-47.47614,151.97983,1,710.85,1,34.493,1,7.779,1,710.85,1,7.779,1,34.493,1
5905619,2025-12-02T18:25:47Z,1,-47.47614,151.97983,1,713.15,1,34.493,1,7.765,1,713.15,1,7.765,1,34.493,1
5905619,2025-12-02T18:25:47Z,1,-47.47614,151.97983,1,715.1,1,34.492,1,7.763,1,715.1,1,7.763,1,34.492,1
5905619,2025-12-02T18:25:47Z,1,-47.47614,151.97983,1,717.05,1,34.492,1,7.759,1,717.05,1,7.759,1,34.492,1
5905619,2025-12-02T18:25:47Z,1,-47.47614,151.97983,1,718.95,1,34.49,1,7.75,1,718.95,1,7.75,1,34.49,1
5905619,2025-12-02T18:25:47Z,1,-47.47614,151.97983,1,720.8,1,34.49,1,7.733,1,720.8,1,7.733,1,34.49,1
5905619,2025-12-02T18:25:47Z,1,-47.47614,151.97983,1,723.15,1,34.489,1,7.69,1,723.15,1,7.69,1,34.489,1
5905619,2025-12-02T18:25:47Z,1,-47.47614,151.97983,1,725.1,1,34.485,1,7.672,1,725.1,1,7.672,1,34.485,1
5905619,2025-12-02T18:25:47Z,1,-47.47614,151.97983,1,727.0,1,34.484,1,7.658,1,727.0,1,7.658,1,34.484,1
5905619,2025-12-02T18:25:47Z,1,-47.47614,151.97983,1,728.9,1,34.483,1,7.624,1,728.9,1,7.624,1,34.483,1
5905619,2025-12-02T18:25:47Z,1,-47.47614,151.97983,1,730.85,1,34.481,1,7.585,1,730.85,1,7.585,1,34.481,1
5905619,2025-12-02T18:25:47Z,1,-47.47614,151.97983,1,733.2,1,34.479,1,7.559,1,733.2,1,7.559,1,34.479,1
5905619,2025-12-02T18:25:47Z,1,-47.47614,151.97983,1,735.15,1,34.479,1,7.551,1,735.15,1,7.551,1,34.479,1
5905619,2025-12-02T18:25:47Z,1,-47.47614,151.97983,1,737.15,1,34.481,1,7.545,1,737.15,1,7.545,1,34.481,1
5905619,2025-12-02T18:25:47Z,1,-47.47614,151.97983,1,739.1,1,34.483,1,7.526,1,739.1,1,7.526,1,34.483,1
5905619,2025-12-02T18:25:47Z,1,-47.47614,151.97983,1,741.15,1,34.481,1,7.522,1,741.15,1,7.522,1,34.481,1
5905619,2025-12-02T18:25:47Z,1,-47.47614,151.97983,1,743.15,1,34.481,1,7.514,1,743.15,1,7.514,1,34.481,1
5905619,2025-12-02T18:25:47Z,1,-47.47614,151.97983,1,745.2,1,34.479,1,7.494,1,745.2,1,7.494,1,34.479,1
5905619,2025-12-02T18:25:47Z,1,-47.47614,151.97983,1,747.2,1,34.478,1,7.473,1,747.2,1,7.473,1,34.478,1
5905619,2025-12-02T18:25:47Z,1,-47.47614,151.97983,1,748.9,1,34.478,1,7.463,1,748.9,1,7.463,1,34.478,1
5905619,2025-12-02T18:25:47Z,1,-47.47614,151.97983,1,750.95,1,34.478,1,7.445,1,750.95,1,7.445,1,34.478,1
5905619,2025-12-02T18:25:47Z,1,-47.47614,151.97983,1,753.05,1,34.476,1,7.434,1,753.05,1,7.434,1,34.476,1
5905619,2025-12-02T18:25:47Z,1,-47.47614,151.97983,1,755.15,1,34.474,1,7.421,1,755.15,1,7.421,1,34.474,1
5905619,2025-12-02T18:25:47Z,1,-47.47614,151.97983,1,757.3,1,34.473,1,7.385,1,757.3,1,7.385,1,34.473,1
5905619,2025-12-02T18:25:47Z,1,-47.47614,151.97983,1,759.0,1,34.47,1,7.364,1,759.0,1,7.364,1,34.47,1
5905619,2025-12-02T18:25:47Z,1,-47.47614,151.97983,1,761.1,1,34.468,1,7.341,1,761.1,1,7.341,1,34.468,1
5905619,2025-12-02T18:25:47Z,1,-47.47614,151.97983,1,763.2,1,34.465,1,7.309,1,763.2,1,7.309,1,34.465,1
5905619,2025-12-02T18:25:47Z,1,-47.47614,151.97983,1,764.9,1,34.463,1,7.288,1,764.9,1,7.288,1,34.463,1
5905619,2025-12-02T18:25:47Z,1,-47.47614,151.97983,1,767.0,1,34.46,1,7.261,1,767.0,1,7.261,1,34.46,1
5905619,2025-12-02T18:25:47Z,1,-47.47614,151.97983,1,769.1,1,34.459,1,7.222,1,769.1,1,7.222,1,34.459,1
5905619,2025-12-02T18:25:47Z,1,-47.47614,151.97983,1,770.85,1,34.457,1,7.196,1,770.85,1,7.196,1,34.457,1
5905619,2025-12-02T18:25:47Z,1,-47.47614,151.97983,1,773.0,1,34.452,1,7.171,1,773.0,1,7.171,1,34.452,1
5905619,2025-12-02T18:25:47Z,1,-47.47614,151.97983,1,775.2,1,34.45,1,7.134,1,775.2,1,7.134,1,34.45,1
5905619,2025-12-02T18:25:47Z,1,-47.47614,151.97983,1,777.0,1,34.449,1,7.106,1,777.0,1,7.106,1,34.449,1
5905619,2025-12-02T18:25:47Z,1,-47.47614,151.97983,1,778.8,1,34.449,1,7.096,1,778.8,1,7.096,1,34.449,1
5905619,2025-12-02T18:25:47Z,1,-47.47614,151.97983,1,781.05,1,34.447,1,7.073,1,781.05,1,7.073,1,34.447,1
5905619,2025-12-02T18:25:47Z,1,-47.47614,151.97983,1,783.3,1,34.444,1,7.049,1,783.3,1,7.049,1,34.444,1
5905619,2025-12-02T18:25:47Z,1,-47.47614,151.97983,1,785.15,1,34.441,1,7.02,1,785.15,1,7.02,1,34.441,1
5905619,2025-12-02T18:25:47Z,1,-47.47614,151.97983,1,787.0,1,34.442,1,7.021,1,787.0,1,7.021,1,34.442,1
5905619,2025-12-02T18:25:47Z,1,-47.47614,151.97983,1,788.9,1,34.443,1,7.015,1,788.9,1,7.015,1,34.443,1
5905619,2025-12-02T18:25:47Z,1,-47.47614,151.97983,1,790.75,1,34.438,1,6.983,1,790.75,1,6.983,1,34.438,1
5905619,2025-12-02T18:25:47Z,1,-47.47614,151.97983,1,792.7,1,34.437,1,6.969,1,792.7,1,6.969,1,34.437,1
5905619,2025-12-02T18:25:47Z,1,-47.47614,151.97983,1,794.65,1,34.437,1,6.958,1,794.65,1,6.958,1,34.437,1
5905619,2025-12-02T18:25:47Z,1,-47.47614,151.97983,1,796.6,1,34.436,1,6.952,1,796.6,1,6.952,1,34.436,1
5905619,2025-12-02T18:25:47Z,1,-47.47614,151.97983,1,798.55,1,34.435,1,6.936,1,798.55,1,6.936,1,34.435,1
5905619,2025-12-02T18:25:47Z,1,-47.47614,151.97983,1,801.0,1,34.434,1,6.91,1,801.0,1,6.91,1,34.434,1
5905619,2025-12-02T18:25:47Z,1,-47.47614,151.97983,1,803.45,1,34.432,1,6.892,1,803.45,1,6.892,1,34.432,1
5905619,2025-12-02T18:25:47Z,1,-47.47614,151.97983,1,805.4,1,34.432,1,6.88,1,805.4,1,6.88,1,34.432,1
5905619,2025-12-02T18:25:47Z,1,-47.47614,151.97983,1,807.4,1,34.431,1,6.875,1,807.4,1,6.875,1,34.431,1
5905619,2025-12-02T18:25:47Z,1,-47.47614,151.97983,1,809.35,1,34.43,1,6.871,1,809.35,1,6.871,1,34.43,1
5905619,2025-12-02T18:25:47Z,1,-47.47614,151.97983,1,811.35,1,34.429,1,6.86,1,811.35,1,6.86,1,34.429,1
5905619,2025-12-02T18:25:47Z,1,-47.47614,151.97983,1,813.4,1,34.428,1,6.817,1,813.4,1,6.817,1,34.428,1
5905619,2025-12-02T18:25:47Z,1,-47.47614,151.97983,1,815.4,1,34.426,1,6.789,1,815.4,1,6.789,1,34.426,1
5905619,2025-12-02T18:25:47Z,1,-47.47614,151.97983,1,817.4,1,34.427,1,6.774,1,817.4,1,6.774,1,34.427,1
5905619,2025-12-02T18:25:47Z,1,-47.47614,151.97983,1,819.4,1,34.425,1,6.77,1,819.4,1,6.77,1,34.425,1
5905619,2025-12-02T18:25:47Z,1,-47.47614,151.97983,1,821.45,1,34.425,1,6.765,1,821.45,1,6.765,1,34.425,1
5905619,2025-12-02T18:25:47Z,1,-47.47614,151.97983,1,823.45,1,34.424,1,6.755,1,823.45,1,6.755,1,34.424,1
5905619,2025-12-02T18:25:47Z,1,-47.47614,151.97983,1,825.45,1,34.423,1,6.743,1,825.45,1,6.743,1,34.423,1
5905619,2025-12-02T18:25:47Z,1,-47.47614,151.97983,1,827.45,1,34.421,1,6.727,1,827.45,1,6.727,1,34.421,1
5905619,2025-12-02T18:25:47Z,1,-47.47614,151.97983,1,829.45,1,34.421,1,6.7,1,829.45,1,6.7,1,34.421,1
5905619,2025-12-02T18:25:47Z,1,-47.47614,151.97983,1,831.5,1,34.419,1,6.673,1,831.5,1,6.673,1,34.419,1
5905619,2025-12-02T18:25:47Z,1,-47.47614,151.97983,1,833.5,1,34.419,1,6.665,1,833.5,1,6.665,1,34.419,1
5905619,2025-12-02T18:25:47Z,1,-47.47614,151.97983,1,835.45,1,34.417,1,6.662,1,835.45,1,6.662,1,34.417,1
5905619,2025-12-02T18:25:47Z,1,-47.47614,151.97983,1,837.0,1,34.421,1,6.623,1,837.0,1,6.623,1,34.421,1
5905619,2025-12-02T18:25:47Z,1,-47.47614,151.97983,1,838.55,1,34.413,1,6.575,1,838.55,1,6.575,1,34.413,1
5905619,2025-12-02T18:25:47Z,1,-47.47614,151.97983,1,840.55,1,34.411,1,6.557,1,840.55,1,6.557,1,34.411,1
5905619,2025-12-02T18:25:47Z,1,-47.47614,151.97983,1,842.6,1,34.412,1,6.554,1,842.6,1,6.554,1,34.412,1
5905619,2025-12-02T18:25:47Z,1,-47.47614,151.97983,1,844.6,1,34.411,1,6.545,1,844.6,1,6.545,1,34.411,1
5905619,2025-12-02T18:25:47Z,1,-47.47614,151.97983,1,846.65,1,34.41,1,6.533,1,846.65,1,6.533,1,34.41,1
5905619,2025-12-02T18:25:47Z,1,-47.47614,151.97983,1,848.7,1,34.409,1,6.513,1,848.7,1,6.513,1,34.409,1
5905619,2025-12-02T18:25:47Z,1,-47.47614,151.97983,1,850.75,1,34.409,1,6.509,1,850.75,1,6.509,1,34.409,1
5905619,2025-12-02T18:25:47Z,1,-47.47614,151.97983,1,852.8,1,34.409,1,6.509,1,852.8,1,6.509,1,34.409,1
5905619,2025-12-02T18:25:47Z,1,-47.47614,151.97983,1,854.85,1,34.409,1,6.507,1,854.85,1,6.507,1,34.409,1
5905619,2025-12-02T18:25:47Z,1,-47.47614,151.97983,1,856.85,1,34.408,1,6.499,1,856.85,1,6.499,1,34.408,1
5905619,2025-12-02T18:25:47Z,1,-47.47614,151.97983,1,858.9,1,34.408,1,6.479,1,858.9,1,6.479,1,34.408,1
5905619,2025-12-02T18:25:47Z,1,-47.47614,151.97983,1,861.0,1,34.407,1,6.477,1,861.0,1,6.477,1,34.407,1
5905619,2025-12-02T18:25:47Z,1,-47.47614,151.97983,1,863.05,1,34.407,1,6.474,1,863.05,1,6.474,1,34.407,1
5905619,2025-12-02T18:25:47Z,1,-47.47614,151.97983,1,865.1,1,34.405,1,6.465,1,865.1,1,6.465,1,34.405,1
5905619,2025-12-02T18:25:47Z,1,-47.47614,151.97983,1,867.25,1,34.405,1,6.41,1,867.25,1,6.41,1,34.405,1
5905619,2025-12-02T18:25:47Z,1,-47.47614,151.97983,1,869.35,1,34.403,1,6.387,1,869.35,1,6.387,1,34.403,1
5905619,2025-12-02T18:25:47Z,1,-47.47614,151.97983,1,871.45,1,34.403,1,6.377,1,871.45,1,6.377,1,34.403,1
5905619,2025-12-02T18:25:47Z,1,-47.47614,151.97983,1,873.05,1,34.403,1,6.373,1,873.05,1,6.373,1,34.403,1
5905619,2025-12-02T18:25:47Z,1,-47.47614,151.97983,1,874.6,1,34.403,1,6.364,1,874.6,1,6.364,1,34.403,1
5905619,2025-12-02T18:25:47Z,1,-47.47614,151.97983,1,876.75,1,34.403,1,6.352,1,876.75,1,6.352,1,34.403,1
5905619,2025-12-02T18:25:47Z,1,-47.47614,151.97983,1,878.85,1,34.403,1,6.328,1,878.85,1,6.328,1,34.403,1
5905619,2025-12-02T18:25:47Z,1,-47.47614,151.97983,1,881.0,1,34.402,1,6.32,1,881.0,1,6.32,1,34.402,1
5905619,2025-12-02T18:25:47Z,1,-47.47614,151.97983,1,883.1,1,34.402,1,6.317,1,883.1,1,6.317,1,34.402,1
5905619,2025-12-02T18:25:47Z,1,-47.47614,151.97983,1,885.2,1,34.402,1,6.313,1,885.2,1,6.313,1,34.402,1
5905619,2025-12-02T18:25:47Z,1,-47.47614,151.97983,1,887.35,1,34.399,1,6.282,1,887.35,1,6.282,1,34.399,1
5905619,2025-12-02T18:25:47Z,1,-47.47614,151.97983,1,889.45,1,34.399,1,6.279,1,889.45,1,6.279,1,34.399,1
5905619,2025-12-02T18:25:47Z,1,-47.47614,151.97983,1,891.05,1,34.398,1,6.276,1,891.05,1,6.276,1,34.398,1
5905619,2025-12-02T18:25:47Z,1,-47.47614,151.97983,1,892.6,1,34.397,1,6.25,1,892.6,1,6.25,1,34.397,1
5905619,2025-12-02T18:25:47Z,1,-47.47614,151.97983,1,894.7,1,34.397,1,6.225,1,894.7,1,6.225,1,34.397,1
5905619,2025-12-02T18:25:47Z,1,-47.47614,151.97983,1,896.8,1,34.397,1,6.211,1,896.8,1,6.211,1,34.397,1
5905619,2025-12-02T18:25:47Z,1,-47.47614,151.97983,1,898.9,1,34.396,1,6.204,1,898.9,1,6.204,1,34.396,1
5905619,2025-12-02T18:25:47Z,1,-47.47614,151.97983,1,901.0,1,34.394,1,6.192,1,901.0,1,6.192,1,34.394,1
5905619,2025-12-02T18:25:47Z,1,-47.47614,151.97983,1,903.1,1,34.394,1,6.177,1,903.1,1,6.177,1,34.394,1
5905619,2025-12-02T18:25:47Z,1,-47.47614,151.97983,1,905.25,1,34.392,1,6.157,1,905.25,1,6.157,1,34.392,1
5905619,2025-12-02T18:25:47Z,1,-47.47614,151.97983,1,907.35,1,34.39,1,6.115,1,907.35,1,6.115,1,34.39,1
5905619,2025-12-02T18:25:47Z,1,-47.47614,151.97983,1,909.45,1,34.389,1,6.105,1,909.45,1,6.105,1,34.389,1
5905619,2025-12-02T18:25:47Z,1,-47.47614,151.97983,1,911.05,1,34.387,1,6.102,1,911.05,1,6.102,1,34.387,1
5905619,2025-12-02T18:25:47Z,1,-47.47614,151.97983,1,912.6,1,34.388,1,6.099,1,912.6,1,6.099,1,34.388,1
5905619,2025-12-02T18:25:47Z,1,-47.47614,151.97983,1,914.75,1,34.388,1,6.095,1,914.75,1,6.095,1,34.388,1
5905619,2025-12-02T18:25:47Z,1,-47.47614,151.97983,1,916.85,1,34.388,1,6.093,1,916.85,1,6.093,1,34.388,1
5905619,2025-12-02T18:25:47Z,1,-47.47614,151.97983,1,918.95,1,34.387,1,6.092,1,918.95,1,6.092,1,34.387,1
5905619,2025-12-02T18:25:47Z,1,-47.47614,151.97983,1,921.05,1,34.388,1,6.069,1,921.05,1,6.069,1,34.388,1
5905619,2025-12-02T18:25:47Z,1,-47.47614,151.97983,1,923.1,1,34.385,1,6.046,1,923.1,1,6.046,1,34.385,1
5905619,2025-12-02T18:25:47Z,1,-47.47614,151.97983,1,925.15,1,34.383,1,6.025,1,925.15,1,6.025,1,34.383,1
5905619,2025-12-02T18:25:47Z,1,-47.47614,151.97983,1,927.25,1,34.381,1,5.984,1,927.25,1,5.984,1,34.381,1
5905619,2025-12-02T18:25:47Z,1,-47.47614,151.97983,1,929.3,1,34.378,1,5.967,1,929.3,1,5.967,1,34.378,1
5905619,2025-12-02T18:25:47Z,1,-47.47614,151.97983,1,931.35,1,34.378,1,5.95,1,931.35,1,5.95,1,34.378,1
5905619,2025-12-02T18:25:47Z,1,-47.47614,151.97983,1,933.4,1,34.375,1,5.92,1,933.4,1,5.92,1,34.375,1
5905619,2025-12-02T18:25:47Z,1,-47.47614,151.97983,1,935.45,1,34.372,1,5.893,1,935.45,1,5.893,1,34.372,1
5905619,2025-12-02T18:25:47Z,1,-47.47614,151.97983,1,937.45,1,34.373,1,5.886,1,937.45,1,5.886,1,34.373,1
5905619,2025-12-02T18:25:47Z,1,-47.47614,151.97983,1,939.5,1,34.371,1,5.875,1,939.5,1,5.875,1,34.371,1
5905619,2025-12-02T18:25:47Z,1,-47.47614,151.97983,1,941.5,1,34.368,1,5.835,1,941.5,1,5.835,1,34.368,1
5905619,2025-12-02T18:25:47Z,1,-47.47614,151.97983,1,943.5,1,34.366,1,5.796,1,943.5,1,5.796,1,34.366,1
5905619,2025-12-02T18:25:47Z,1,-47.47614,151.97983,1,945.45,1,34.363,1,5.781,1,945.45,1,5.781,1,34.363,1
5905619,2025-12-02T18:25:47Z,1,-47.47614,151.97983,1,947.45,1,34.362,1,5.76,1,947.45,1,5.76,1,34.362,1
5905619,2025-12-02T18:25:47Z,1,-47.47614,151.97983,1,949.45,1,34.362,1,5.714,1,949.45,1,5.714,1,34.362,1
5905619,2025-12-02T18:25:47Z,1,-47.47614,151.97983,1,951.4,1,34.355,1,5.656,1,951.4,1,5.656,1,34.355,1
5905619,2025-12-02T18:25:47Z,1,-47.47614,151.97983,1,953.35,1,34.354,1,5.646,1,953.35,1,5.646,1,34.354,1
5905619,2025-12-02T18:25:47Z,1,-47.47614,151.97983,1,955.3,1,34.353,1,5.635,1,955.3,1,5.635,1,34.353,1
5905619,2025-12-02T18:25:47Z,1,-47.47614,151.97983,1,957.25,1,34.352,1,5.628,1,957.25,1,5.628,1,34.352,1
5905619,2025-12-02T18:25:47Z,1,-47.47614,151.97983,1,959.2,1,34.351,1,5.599,1,959.2,1,5.599,1,34.351,1
5905619,2025-12-02T18:25:47Z,1,-47.47614,151.97983,1,961.15,1,34.345,1,5.532,1,961.15,1,5.532,1,34.345,1
5905619,2025-12-02T18:25:47Z,1,-47.47614,151.97983,1,963.1,1,34.342,1,5.504,1,963.1,1,5.504,1,34.342,1
5905619,2025-12-02T18:25:47Z,1,-47.47614,151.97983,1,965.05,1,34.341,1,5.49,1,965.05,1,5.49,1,34.341,1
5905619,2025-12-02T18:25:47Z,1,-47.47614,151.97983,1,967.0,1,34.342,1,5.455,1,967.0,1,5.455,1,34.342,1
5905619,2025-12-02T18:25:47Z,1,-47.47614,151.97983,1,968.95,1,34.336,1,5.417,1,968.95,1,5.417,1,34.336,1
5905619,2025-12-02T18:25:47Z,1,-47.47614,151.97983,1,970.85,1,34.335,1,5.4,1,970.85,1,5.4,1,34.335,1
5905619,2025-12-02T18:25:47Z,1,-47.47614,151.97983,1,972.75,1,34.334,1,5.372,1,972.75,1,5.372,1,34.334,1
5905619,2025-12-02T18:25:47Z,1,-47.47614,151.97983,1,974.7,1,34.33,1,5.328,1,974.7,1,5.328,1,34.33,1
5905619,2025-12-02T18:25:47Z,1,-47.47614,151.97983,1,976.65,1,34.329,1,5.298,1,976.65,1,5.298,1,34.329,1
5905619,2025-12-02T18:25:47Z,1,-47.47614,151.97983,1,978.6,1,34.329,1,5.295,1,978.6,1,5.295,1,34.329,1
5905619,2025-12-02T18:25:47Z,1,-47.47614,151.97983,1,980.55,1,34.334,1,5.309,1,980.55,1,5.309,1,34.334,1
5905619,2025-12-02T18:25:47Z,1,-47.47614,151.97983,1,983.0,1,34.336,1,5.303,1,983.0,1,5.303,1,34.336,1
5905619,2025-12-02T18:25:47Z,1,-47.47614,151.97983,1,985.45,1,34.334,1,5.286,1,985.45,1,5.286,1,34.334,1
5905619,2025-12-02T18:25:47Z,1,-47.47614,151.97983,1,987.0,1,34.332,1,5.269,1,987.0,1,5.269,1,34.332,1
5905619,2025-12-02T18:25:47Z,1,-47.47614,151.97983,1,989.0,1,34.331,1,5.246,1,989.0,1,5.246,1,34.331,1
5905619,2025-12-02T18:25:47Z,1,-47.47614,151.97983,1,991.45,1,34.329,1,5.209,1,991.45,1,5.209,1,34.329,1
5905619,2025-12-02T18:25:47Z,1,-47.47614,151.97983,1,993.45,1,34.33,1,5.179,1,993.45,1,5.179,1,34.33,1
5905619,2025-12-02T18:25:47Z,1,-47.47614,151.97983,1,995.35,1,34.327,1,5.172,1,995.35,1,5.172,1,34.327,1
5905619,2025-12-02T18:25:47Z,1,-47.47614,151.97983,1,996.95,1,34.326,1,5.172,1,996.95,1,5.172,1,34.326,1
5905619,2025-12-02T18:25:47Z,1,-47.47614,151.97983,1,998.9,1,34.326,1,5.16,1,998.9,1,5.16,1,34.326,1
5905619,2025-12-02T18:25:47Z,1,-47.47614,151.97983,1,1000.85,1,34.325,1,5.147,1,1000.85,1,5.147,1,34.325,1
5905619,2025-12-02T18:25:47Z,1,-47.47614,151.97983,1,1002.85,1,34.324,1,5.142,1,1002.85,1,5.142,1,34.324,1
5905619,2025-12-02T18:25:47Z,1,-47.47614,151.97983,1,1005.2,1,34.324,1,5.125,1,1005.2,1,5.125,1,34.324,1
5905619,2025-12-02T18:25:47Z,1,-47.47614,151.97983,1,1007.15,1,34.322,1,5.113,1,1007.15,1,5.113,1,34.322,1
5905619,2025-12-02T18:25:47Z,1,-47.47614,151.97983,1,1009.1,1,34.322,1,5.087,1,1009.1,1,5.087,1,34.322,1
5905619,2025-12-02T18:25:47Z,1,-47.47614,151.97983,1,1011.05,1,34.322,1,5.052,1,1011.05,1,5.052,1,34.322,1
5905619,2025-12-02T18:25:47Z,1,-47.47614,151.97983,1,1013.0,1,34.32,1,5.033,1,1013.0,1,5.033,1,34.32,1
5905619,2025-12-02T18:25:47Z,1,-47.47614,151.97983,1,1014.95,1,34.32,1,5.01,1,1014.95,1,5.01,1,34.32,1
5905619,2025-12-02T18:25:47Z,1,-47.47614,151.97983,1,1016.95,1,34.321,1,4.987,1,1016.95,1,4.987,1,34.321,1
5905619,2025-12-02T18:25:47Z,1,-47.47614,151.97983,1,1018.95,1,34.321,1,4.986,1,1018.95,1,4.986,1,34.321,1
5905619,2025-12-02T18:25:47Z,1,-47.47614,151.97983,1,1021.0,1,34.323,1,4.993,1,1021.0,1,4.993,1,34.323,1
5905619,2025-12-02T18:25:47Z,1,-47.47614,151.97983,1,1023.05,1,34.328,1,5.013,1,1023.05,1,5.013,1,34.328,1
5905619,2025-12-02T18:25:47Z,1,-47.47614,151.97983,1,1025.15,1,34.333,1,5.031,1,1025.15,1,5.031,1,34.333,1
5905619,2025-12-02T18:25:47Z,1,-47.47614,151.97983,1,1027.2,1,34.334,1,5.036,1,1027.2,1,5.036,1,34.334,1
5905619,2025-12-02T18:25:47Z,1,-47.47614,151.97983,1,1028.9,1,34.336,1,5.038,1,1028.9,1,5.038,1,34.336,1
5905619,2025-12-02T18:25:47Z,1,-47.47614,151.97983,1,1031.0,1,34.342,1,5.047,1,1031.0,1,5.047,1,34.342,1
5905619,2025-12-02T18:25:47Z,1,-47.47614,151.97983,1,1033.15,1,34.345,1,5.052,1,1033.15,1,5.052,1,34.345,1
5905619,2025-12-02T18:25:47Z,1,-47.47614,151.97983,1,1034.85,1,34.347,1,5.043,1,1034.85,1,5.043,1,34.347,1
5905619,2025-12-02T18:25:47Z,1,-47.47614,151.97983,1,1037.0,1,34.354,1,5.053,1,1037.0,1,5.053,1,34.354,1
5905619,2025-12-02T18:25:47Z,1,-47.47614,151.97983,1,1039.25,1,34.359,1,5.054,1,1039.25,1,5.054,1,34.359,1
5905619,2025-12-02T18:25:47Z,1,-47.47614,151.97983,1,1041.1,1,34.359,1,5.052,1,1041.1,1,5.052,1,34.359,1
5905619,2025-12-02T18:25:47Z,1,-47.47614,151.97983,1,1042.9,1,34.363,1,5.062,1,1042.9,1,5.062,1,34.363,1
5905619,2025-12-02T18:25:47Z,1,-47.47614,151.97983,1,1044.7,1,34.366,1,5.057,1,1044.7,1,5.057,1,34.366,1
5905619,2025-12-02T18:25:47Z,1,-47.47614,151.97983,1,1047.05,1,34.368,1,5.054,1,1047.05,1,5.054,1,34.368,1
5905619,2025-12-02T18:25:47Z,1,-47.47614,151.97983,1,1049.35,1,34.371,1,5.06,1,1049.35,1,5.06,1,34.371,1
5905619,2025-12-02T18:25:47Z,1,-47.47614,151.97983,1,1051.25,1,34.371,1,5.063,1,1051.25,1,5.063,1,34.371,1
5905619,2025-12-02T18:25:47Z,1,-47.47614,151.97983,1,1053.15,1,34.372,1,5.06,1,1053.15,1,5.06,1,34.372,1
5905619,2025-12-02T18:25:47Z,1,-47.47614,151.97983,1,1055.0,1,34.373,1,5.055,1,1055.0,1,5.055,1,34.373,1
5905619,2025-12-02T18:25:47Z,1,-47.47614,151.97983,1,1056.9,1,34.373,1,5.045,1,1056.9,1,5.045,1,34.373,1
5905619,2025-12-02T18:25:47Z,1,-47.47614,151.97983,1,1058.85,1,34.373,1,5.014,1,1058.85,1,5.014,1,34.373,1
5905619,2025-12-02T18:25:47Z,1,-47.47614,151.97983,1,1060.8,1,34.371,1,4.989,1,1060.8,1,4.989,1,34.371,1
5905619,2025-12-02T18:25:47Z,1,-47.47614,151.97983,1,1062.75,1,34.371,1,4.973,1,1062.75,1,4.973,1,34.371,1
5905619,2025-12-02T18:25:47Z,1,-47.47614,151.97983,1,1064.75,1,34.37,1,4.953,1,1064.75,1,4.953,1,34.37,1
5905619,2025-12-02T18:25:47Z,1,-47.47614,151.97983,1,1066.75,1,34.37,1,4.946,1,1066.75,1,4.946,1,34.37,1
5905619,2025-12-02T18:25:47Z,1,-47.47614,151.97983,1,1068.7,1,34.371,1,4.943,1,1068.7,1,4.943,1,34.371,1
5905619,2025-12-02T18:25:47Z,1,-47.47614,151.97983,1,1070.7,1,34.369,1,4.911,1,1070.7,1,4.911,1,34.369,1
5905619,2025-12-02T18:25:47Z,1,-47.47614,151.97983,1,1072.7,1,34.367,1,4.894,1,1072.7,1,4.894,1,34.367,1
5905619,2025-12-02T18:25:47Z,1,-47.47614,151.97983,1,1074.7,1,34.367,1,4.888,1,1074.7,1,4.888,1,34.367,1
5905619,2025-12-02T18:25:47Z,1,-47.47614,151.97983,1,1076.7,1,34.366,1,4.874,1,1076.7,1,4.874,1,34.366,1
5905619,2025-12-02T18:25:47Z,1,-47.47614,151.97983,1,1078.75,1,34.365,1,4.86,1,1078.75,1,4.86,1,34.365,1
5905619,2025-12-02T18:25:47Z,1,-47.47614,151.97983,1,1080.75,1,34.366,1,4.846,1,1080.75,1,4.846,1,34.366,1
5905619,2025-12-02T18:25:47Z,1,-47.47614,151.97983,1,1082.75,1,34.365,1,4.814,1,1082.75,1,4.814,1,34.365,1
5905619,2025-12-02T18:25:47Z,1,-47.47614,151.97983,1,1084.8,1,34.366,1,4.795,1,1084.8,1,4.795,1,34.366,1
5905619,2025-12-02T18:25:47Z,1,-47.47614,151.97983,1,1086.8,1,34.365,1,4.775,1,1086.8,1,4.775,1,34.365,1
5905619,2025-12-02T18:25:47Z,1,-47.47614,151.97983,1,1088.75,1,34.362,1,4.755,1,1088.75,1,4.755,1,34.362,1
5905619,2025-12-02T18:25:47Z,1,-47.47614,151.97983,1,1090.7,1,34.361,1,4.726,1,1090.7,1,4.726,1,34.361,1
5905619,2025-12-02T18:25:47Z,1,-47.47614,151.97983,1,1092.7,1,34.357,1,4.703,1,1092.7,1,4.703,1,34.357,1
5905619,2025-12-02T18:25:47Z,1,-47.47614,151.97983,1,1094.7,1,34.356,1,4.648,1,1094.7,1,4.648,1,34.356,1
5905619,2025-12-02T18:25:47Z,1,-47.47614,151.97983,1,1096.7,1,34.353,1,4.637,1,1096.7,1,4.637,1,34.353,1
5905619,2025-12-02T18:25:47Z,1,-47.47614,151.97983,1,1098.7,1,34.353,1,4.634,1,1098.7,1,4.634,1,34.353,1
5905619,2025-12-02T18:25:47Z,1,-47.47614,151.97983,1,1100.65,1,34.353,1,4.62,1,1100.65,1,4.62,1,34.353,1
5905619,2025-12-02T18:25:47Z,1,-47.47614,151.97983,1,1102.6,1,34.352,1,4.59,1,1102.6,1,4.59,1,34.352,1
5905619,2025-12-02T18:25:47Z,1,-47.47614,151.97983,1,1104.6,1,34.35,1,4.569,1,1104.6,1,4.569,1,34.35,1
5905619,2025-12-02T18:25:47Z,1,-47.47614,151.97983,1,1106.6,1,34.353,1,4.551,1,1106.6,1,4.551,1,34.353,1
5905619,2025-12-02T18:25:47Z,1,-47.47614,151.97983,1,1108.6,1,34.351,1,4.541,1,1108.6,1,4.541,1,34.351,1
5905619,2025-12-02T18:25:47Z,1,-47.47614,151.97983,1,1110.6,1,34.35,1,4.531,1,1110.6,1,4.531,1,34.35,1
5905619,2025-12-02T18:25:47Z,1,-47.47614,151.97983,1,1112.6,1,34.351,1,4.525,1,1112.6,1,4.525,1,34.351,1
5905619,2025-12-02T18:25:47Z,1,-47.47614,151.97983,1,1114.65,1,34.352,1,4.517,1,1114.65,1,4.517,1,34.352,1
5905619,2025-12-02T18:25:47Z,1,-47.47614,151.97983,1,1116.65,1,34.352,1,4.517,1,1116.65,1,4.517,1,34.352,1
5905619,2025-12-02T18:25:47Z,1,-47.47614,151.97983,1,1118.65,1,34.352,1,4.516,1,1118.65,1,4.516,1,34.352,1
5905619,2025-12-02T18:25:47Z,1,-47.47614,151.97983,1,1120.65,1,34.353,1,4.505,1,1120.65,1,4.505,1,34.353,1
5905619,2025-12-02T18:25:47Z,1,-47.47614,151.97983,1,1122.65,1,34.353,1,4.495,1,1122.65,1,4.495,1,34.353,1
5905619,2025-12-02T18:25:47Z,1,-47.47614,151.97983,1,1124.7,1,34.352,1,4.471,1,1124.7,1,4.471,1,34.352,1
5905619,2025-12-02T18:25:47Z,1,-47.47614,151.97983,1,1126.7,1,34.351,1,4.461,1,1126.7,1,4.461,1,34.351,1
5905619,2025-12-02T18:25:47Z,1,-47.47614,151.97983,1,1128.65,1,34.351,1,4.435,1,1128.65,1,4.435,1,34.351,1
5905619,2025-12-02T18:25:47Z,1,-47.47614,151.97983,1,1130.65,1,34.35,1,4.429,1,1130.65,1,4.429,1,34.35,1
5905619,2025-12-02T18:25:47Z,1,-47.47614,151.97983,1,1132.6,1,34.35,1,4.42,1,1132.6,1,4.42,1,34.35,1
5905619,2025-12-02T18:25:47Z,1,-47.47614,151.97983,1,1134.6,1,34.349,1,4.392,1,1134.6,1,4.392,1,34.349,1
5905619,2025-12-02T18:25:47Z,1,-47.47614,151.97983,1,1136.55,1,34.352,1,4.392,1,1136.55,1,4.392,1,34.352,1
5905619,2025-12-02T18:25:47Z,1,-47.47614,151.97983,1,1138.55,1,34.348,1,4.38,1,1138.55,1,4.38,1,34.348,1
5905619,2025-12-02T18:25:47Z,1,-47.47614,151.97983,1,1140.95,1,34.346,1,4.355,1,1140.95,1,4.355,1,34.346,1
5905619,2025-12-02T18:25:47Z,1,-47.47614,151.97983,1,1143.4,1,34.346,1,4.331,1,1143.4,1,4.331,1,34.346,1
5905619,2025-12-02T18:25:47Z,1,-47.47614,151.97983,1,1145.35,1,34.346,1,4.328,1,1145.35,1,4.328,1,34.346,1
5905619,2025-12-02T18:25:47Z,1,-47.47614,151.97983,1,1147.3,1,34.348,1,4.338,1,1147.3,1,4.338,1,34.348,1
5905619,2025-12-02T18:25:47Z,1,-47.47614,151.97983,1,1149.2,1,34.354,1,4.365,1,1149.2,1,4.365,1,34.354,1
5905619,2025-12-02T18:25:47Z,1,-47.47614,151.97983,1,1151.15,1,34.357,1,4.375,1,1151.15,1,4.375,1,34.357,1
5905619,2025-12-02T18:25:47Z,1,-47.47614,151.97983,1,1153.05,1,34.359,1,4.384,1,1153.05,1,4.384,1,34.359,1
5905619,2025-12-02T18:25:47Z,1,-47.47614,151.97983,1,1155.0,1,34.36,1,4.38,1,1155.0,1,4.38,1,34.36,1
5905619,2025-12-02T18:25:47Z,1,-47.47614,151.97983,1,1156.9,1,34.361,1,4.378,1,1156.9,1,4.378,1,34.361,1
5905619,2025-12-02T18:25:47Z,1,-47.47614,151.97983,1,1158.8,1,34.362,1,4.37,1,1158.8,1,4.37,1,34.362,1
5905619,2025-12-02T18:25:47Z,1,-47.47614,151.97983,1,1160.7,1,34.359,1,4.34,1,1160.7,1,4.34,1,34.359,1
5905619,2025-12-02T18:25:47Z,1,-47.47614,151.97983,1,1162.6,1,34.351,1,4.283,1,1162.6,1,4.283,1,34.351,1
5905619,2025-12-02T18:25:47Z,1,-47.47614,151.97983,1,1164.95,1,34.351,1,4.244,1,1164.95,1,4.244,1,34.351,1
5905619,2025-12-02T18:25:47Z,1,-47.47614,151.97983,1,1167.3,1,34.351,1,4.238,1,1167.3,1,4.238,1,34.351,1
5905619,2025-12-02T18:25:47Z,1,-47.47614,151.97983,1,1169.2,1,34.361,1,4.274,1,1169.2,1,4.274,1,34.361,1
5905619,2025-12-02T18:25:47Z,1,-47.47614,151.97983,1,1171.1,1,34.361,1,4.287,1,1171.1,1,4.287,1,34.361,1
5905619,2025-12-02T18:25:47Z,1,-47.47614,151.97983,1,1172.95,1,34.364,1,4.295,1,1172.95,1,4.295,1,34.364,1
5905619,2025-12-02T18:25:47Z,1,-47.47614,151.97983,1,1174.85,1,34.367,1,4.295,1,1174.85,1,4.295,1,34.367,1
5905619,2025-12-02T18:25:47Z,1,-47.47614,151.97983,1,1176.7,1,34.368,1,4.28,1,1176.7,1,4.28,1,34.368,1
5905619,2025-12-02T18:25:47Z,1,-47.47614,151.97983,1,1178.6,1,34.367,1,4.249,1,1178.6,1,4.249,1,34.367,1
5905619,2025-12-02T18:25:47Z,1,-47.47614,151.97983,1,1180.95,1,34.367,1,4.23,1,1180.95,1,4.23,1,34.367,1
5905619,2025-12-02T18:25:47Z,1,-47.47614,151.97983,1,1183.3,1,34.367,1,4.228,1,1183.3,1,4.228,1,34.367,1
5905619,2025-12-02T18:25:47Z,1,-47.47614,151.97983,1,1185.2,1,34.367,1,4.218,1,1185.2,1,4.218,1,34.367,1
5905619,2025-12-02T18:25:47Z,1,-47.47614,151.97983,1,1187.05,1,34.366,1,4.211,1,1187.05,1,4.211,1,34.366,1
5905619,2025-12-02T18:25:47Z,1,-47.47614,151.97983,1,1188.95,1,34.366,1,4.188,1,1188.95,1,4.188,1,34.366,1
5905619,2025-12-02T18:25:47Z,1,-47.47614,151.97983,1,1190.85,1,34.363,1,4.159,1,1190.85,1,4.159,1,34.363,1
5905619,2025-12-02T18:25:47Z,1,-47.47614,151.97983,1,1192.75,1,34.367,1,4.146,1,1192.75,1,4.146,1,34.367,1
5905619,2025-12-02T18:25:47Z,1,-47.47614,151.97983,1,1195.05,1,34.368,1,4.137,1,1195.05,1,4.137,1,34.368,1
5905619,2025-12-02T18:25:47Z,1,-47.47614,151.97983,1,1197.45,1,34.368,1,4.126,1,1197.45,1,4.126,1,34.368,1
5905619,2025-12-02T18:25:47Z,1,-47.47614,151.97983,1,1199.3,1,34.369,1,4.117,1,1199.3,1,4.117,1,34.369,1
5905619,2025-12-02T18:25:47Z,1,-47.47614,151.97983,1,1201.25,1,34.37,1,4.109,1,1201.25,1,4.109,1,34.37,1
5905619,2025-12-02T18:25:47Z,1,-47.47614,151.97983,1,1203.15,1,34.371,1,4.104,1,1203.15,1,4.104,1,34.371,1
5905619,2025-12-02T18:25:47Z,1,-47.47614,151.97983,1,1205.1,1,34.373,1,4.102,1,1205.1,1,4.102,1,34.373,1
5905619,2025-12-02T18:25:47Z,1,-47.47614,151.97983,1,1207.05,1,34.375,1,4.099,1,1207.05,1,4.099,1,34.375,1
5905619,2025-12-02T18:25:47Z,1,-47.47614,151.97983,1,1208.85,1,34.376,1,4.093,1,1208.85,1,4.093,1,34.376,1
5905619,2025-12-02T18:25:47Z,1,-47.47614,151.97983,1,1210.8,1,34.376,1,4.086,1,1210.8,1,4.086,1,34.376,1
5905619,2025-12-02T18:25:47Z,1,-47.47614,151.97983,1,1213.1,1,34.375,1,4.081,1,1213.1,1,4.081,1,34.375,1
5905619,2025-12-02T18:25:47Z,1,-47.47614,151.97983,1,1215.05,1,34.375,1,4.077,1,1215.05,1,4.077,1,34.375,1
5905619,2025-12-02T18:25:47Z,1,-47.47614,151.97983,1,1217.0,1,34.375,1,4.062,1,1217.0,1,4.062,1,34.375,1
5905619,2025-12-02T18:25:47Z,1,-47.47614,151.97983,1,1218.95,1,34.373,1,4.041,1,1218.95,1,4.041,1,34.373,1
5905619,2025-12-02T18:25:47Z,1,-47.47614,151.97983,1,1220.9,1,34.372,1,4.006,1,1220.9,1,4.006,1,34.372,1
5905619,2025-12-02T18:25:47Z,1,-47.47614,151.97983,1,1222.95,1,34.373,1,3.982,1,1222.95,1,3.982,1,34.373,1
5905619,2025-12-02T18:25:47Z,1,-47.47614,151.97983,1,1224.9,1,34.368,1,3.964,1,1224.9,1,3.964,1,34.368,1
5905619,2025-12-02T18:25:47Z,1,-47.47614,151.97983,1,1226.9,1,34.367,1,3.926,1,1226.9,1,3.926,1,34.367,1
5905619,2025-12-02T18:25:47Z,1,-47.47614,151.97983,1,1228.9,1,34.368,1,3.911,1,1228.9,1,3.911,1,34.368,1
5905619,2025-12-02T18:25:47Z,1,-47.47614,151.97983,1,1230.9,1,34.369,1,3.905,1,1230.9,1,3.905,1,34.369,1
5905619,2025-12-02T18:25:47Z,1,-47.47614,151.97983,1,1232.95,1,34.371,1,3.9,1,1232.95,1,3.9,1,34.371,1
5905619,2025-12-02T18:25:47Z,1,-47.47614,151.97983,1,1235.0,1,34.371,1,3.891,1,1235.0,1,3.891,1,34.371,1
5905619,2025-12-02T18:25:47Z,1,-47.47614,151.97983,1,1237.05,1,34.371,1,3.885,1,1237.05,1,3.885,1,34.371,1
5905619,2025-12-02T18:25:47Z,1,-47.47614,151.97983,1,1239.1,1,34.372,1,3.88,1,1239.1,1,3.88,1,34.372,1
5905619,2025-12-02T18:25:47Z,1,-47.47614,151.97983,1,1241.15,1,34.372,1,3.864,1,1241.15,1,3.864,1,34.372,1
5905619,2025-12-02T18:25:47Z,1,-47.47614,151.97983,1,1243.25,1,34.374,1,3.842,1,1243.25,1,3.842,1,34.374,1
5905619,2025-12-02T18:25:47Z,1,-47.47614,151.97983,1,1244.9,1,34.375,1,3.839,1,1244.9,1,3.839,1,34.375,1
5905619,2025-12-02T18:25:47Z,1,-47.47614,151.97983,1,1246.95,1,34.375,1,3.839,1,1246.95,1,3.839,1,34.375,1
5905619,2025-12-02T18:25:47Z,1,-47.47614,151.97983,1,1249.0,1,34.376,1,3.836,1,1249.0,1,3.836,1,34.376,1
5905619,2025-12-02T18:25:47Z,1,-47.47614,151.97983,1,1251.1,1,34.378,1,3.828,1,1251.1,1,3.828,1,34.378,1
5905619,2025-12-02T18:25:47Z,1,-47.47614,151.97983,1,1253.25,1,34.378,1,3.819,1,1253.25,1,3.819,1,34.378,1
5905619,2025-12-02T18:25:47Z,1,-47.47614,151.97983,1,1255.0,1,34.379,1,3.817,1,1255.0,1,3.817,1,34.379,1
5905619,2025-12-02T18:25:47Z,1,-47.47614,151.97983,1,1256.85,1,34.378,1,3.815,1,1256.85,1,3.815,1,34.378,1
5905619,2025-12-02T18:25:47Z,1,-47.47614,151.97983,1,1258.95,1,34.379,1,3.801,1,1258.95,1,3.801,1,34.379,1
5905619,2025-12-02T18:25:47Z,1,-47.47614,151.97983,1,1261.1,1,34.38,1,3.786,1,1261.1,1,3.786,1,34.38,1
5905619,2025-12-02T18:25:47Z,1,-47.47614,151.97983,1,1262.8,1,34.381,1,3.775,1,1262.8,1,3.775,1,34.381,1
5905619,2025-12-02T18:25:47Z,1,-47.47614,151.97983,1,1264.95,1,34.383,1,3.764,1,1264.95,1,3.764,1,34.383,1
5905619,2025-12-02T18:25:47Z,1,-47.47614,151.97983,1,1267.05,1,34.383,1,3.763,1,1267.05,1,3.763,1,34.383,1
5905619,2025-12-02T18:25:47Z,1,-47.47614,151.97983,1,1268.8,1,34.383,1,3.762,1,1268.8,1,3.762,1,34.383,1
5905619,2025-12-02T18:25:47Z,1,-47.47614,151.97983,1,1270.95,1,34.386,1,3.758,1,1270.95,1,3.758,1,34.386,1
5905619,2025-12-02T18:25:47Z,1,-47.47614,151.97983,1,1273.1,1,34.391,1,3.76,1,1273.1,1,3.76,1,34.391,1
5905619,2025-12-02T18:25:47Z,1,-47.47614,151.97983,1,1274.85,1,34.396,1,3.749,1,1274.85,1,3.749,1,34.396,1
5905619,2025-12-02T18:25:47Z,1,-47.47614,151.97983,1,1277.05,1,34.396,1,3.747,1,1277.05,1,3.747,1,34.396,1
5905619,2025-12-02T18:25:47Z,1,-47.47614,151.97983,1,1279.25,1,34.397,1,3.746,1,1279.25,1,3.746,1,34.397,1
5905619,2025-12-02T18:25:47Z,1,-47.47614,151.97983,1,1281.0,1,34.399,1,3.739,1,1281.0,1,3.739,1,34.399,1
5905619,2025-12-02T18:25:47Z,1,-47.47614,151.97983,1,1282.8,1,34.402,1,3.72,1,1282.8,1,3.72,1,34.402,1
5905619,2025-12-02T18:25:47Z,1,-47.47614,151.97983,1,1285.0,1,34.401,1,3.697,1,1285.0,1,3.697,1,34.401,1
5905619,2025-12-02T18:25:47Z,1,-47.47614,151.97983,1,1287.25,1,34.4,1,3.678,1,1287.25,1,3.678,1,34.4,1
5905619,2025-12-02T18:25:47Z,1,-47.47614,151.97983,1,1289.05,1,34.404,1,3.685,1,1289.05,1,3.685,1,34.404,1
5905619,2025-12-02T18:25:47Z,1,-47.47614,151.97983,1,1290.85,1,34.407,1,3.691,1,1290.85,1,3.691,1,34.407,1
5905619,2025-12-02T18:25:47Z,1,-47.47614,151.97983,1,1293.05,1,34.406,1,3.685,1,1293.05,1,3.685,1,34.406,1
5905619,2025-12-02T18:25:47Z,1,-47.47614,151.97983,1,1295.3,1,34.408,1,3.669,1,1295.3,1,3.669,1,34.408,1
5905619,2025-12-02T18:25:47Z,1,-47.47614,151.97983,1,1297.05,1,34.408,1,3.66,1,1297.05,1,3.66,1,34.408,1
5905619,2025-12-02T18:25:47Z,1,-47.47614,151.97983,1,1298.9,1,34.409,1,3.65,1,1298.9,1,3.65,1,34.409,1
5905619,2025-12-02T18:25:47Z,1,-47.47614,151.97983,1,1300.65,1,34.41,1,3.642,1,1300.65,1,3.642,1,34.41,1
5905619,2025-12-02T18:25:47Z,1,-47.47614,151.97983,1,1302.9,1,34.408,1,3.623,1,1302.9,1,3.623,1,34.408,1
5905619,2025-12-02T18:25:47Z,1,-47.47614,151.97983,1,1305.2,1,34.406,1,3.585,1,1305.2,1,3.585,1,34.406,1
5905619,2025-12-02T18:25:47Z,1,-47.47614,151.97983,1,1307.0,1,34.405,1,3.567,1,1307.0,1,3.567,1,34.405,1
5905619,2025-12-02T18:25:47Z,1,-47.47614,151.97983,1,1308.8,1,34.407,1,3.556,1,1308.8,1,3.556,1,34.407,1
5905619,2025-12-02T18:25:47Z,1,-47.47614,151.97983,1,1310.65,1,34.407,1,3.552,1,1310.65,1,3.552,1,34.407,1
5905619,2025-12-02T18:25:47Z,1,-47.47614,151.97983,1,1312.9,1,34.407,1,3.552,1,1312.9,1,3.552,1,34.407,1
5905619,2025-12-02T18:25:47Z,1,-47.47614,151.97983,1,1315.15,1,34.408,1,3.549,1,1315.15,1,3.549,1,34.408,1
5905619,2025-12-02T18:25:47Z,1,-47.47614,151.97983,1,1317.0,1,34.411,1,3.539,1,1317.0,1,3.539,1,34.411,1
5905619,2025-12-02T18:25:47Z,1,-47.47614,151.97983,1,1318.8,1,34.413,1,3.538,1,1318.8,1,3.538,1,34.413,1
5905619,2025-12-02T18:25:47Z,1,-47.47614,151.97983,1,1320.65,1,34.413,1,3.536,1,1320.65,1,3.536,1,34.413,1
5905619,2025-12-02T18:25:47Z,1,-47.47614,151.97983,1,1322.95,1,34.414,1,3.535,1,1322.95,1,3.535,1,34.414,1
5905619,2025-12-02T18:25:47Z,1,-47.47614,151.97983,1,1325.25,1,34.414,1,3.534,1,1325.25,1,3.534,1,34.414,1
5905619,2025-12-02T18:25:47Z,1,-47.47614,151.97983,1,1327.1,1,34.415,1,3.533,1,1327.1,1,3.533,1,34.415,1
5905619,2025-12-02T18:25:47Z,1,-47.47614,151.97983,1,1328.9,1,34.417,1,3.525,1,1328.9,1,3.525,1,34.417,1
5905619,2025-12-02T18:25:47Z,1,-47.47614,151.97983,1,1330.8,1,34.419,1,3.506,1,1330.8,1,3.506,1,34.419,1
5905619,2025-12-02T18:25:47Z,1,-47.47614,151.97983,1,1332.7,1,34.419,1,3.5,1,1332.7,1,3.5,1,34.419,1
5905619,2025-12-02T18:25:47Z,1,-47.47614,151.97983,1,1335.05,1,34.42,1,3.487,1,1335.05,1,3.487,1,34.42,1
5905619,2025-12-02T18:25:47Z,1,-47.47614,151.97983,1,1337.35,1,34.419,1,3.484,1,1337.35,1,3.484,1,34.419,1
5905619,2025-12-02T18:25:47Z,1,-47.47614,151.97983,1,1339.2,1,34.42,1,3.483,1,1339.2,1,3.483,1,34.42,1
5905619,2025-12-02T18:25:47Z,1,-47.47614,151.97983,1,1341.05,1,34.421,1,3.471,1,1341.05,1,3.471,1,34.421,1
5905619,2025-12-02T18:25:47Z,1,-47.47614,151.97983,1,1342.95,1,34.421,1,3.466,1,1342.95,1,3.466,1,34.421,1
5905619,2025-12-02T18:25:47Z,1,-47.47614,151.97983,1,1344.75,1,34.422,1,3.464,1,1344.75,1,3.464,1,34.422,1
5905619,2025-12-02T18:25:47Z,1,-47.47614,151.97983,1,1347.05,1,34.422,1,3.46,1,1347.05,1,3.46,1,34.422,1
5905619,2025-12-02T18:25:47Z,1,-47.47614,151.97983,1,1349.35,1,34.424,1,3.451,1,1349.35,1,3.451,1,34.424,1
5905619,2025-12-02T18:25:47Z,1,-47.47614,151.97983,1,1351.2,1,34.424,1,3.45,1,1351.2,1,3.45,1,34.424,1
5905619,2025-12-02T18:25:47Z,1,-47.47614,151.97983,1,1353.05,1,34.424,1,3.45,1,1353.05,1,3.45,1,34.424,1
5905619,2025-12-02T18:25:47Z,1,-47.47614,151.97983,1,1354.85,1,34.425,1,3.445,1,1354.85,1,3.445,1,34.425,1
5905619,2025-12-02T18:25:47Z,1,-47.47614,151.97983,1,1356.65,1,34.425,1,3.443,1,1356.65,1,3.443,1,34.425,1
5905619,2025-12-02T18:25:47Z,1,-47.47614,151.97983,1,1358.95,1,34.426,1,3.439,1,1358.95,1,3.439,1,34.426,1
5905619,2025-12-02T18:25:47Z,1,-47.47614,151.97983,1,1361.25,1,34.428,1,3.434,1,1361.25,1,3.434,1,34.428,1
5905619,2025-12-02T18:25:47Z,1,-47.47614,151.97983,1,1363.05,1,34.43,1,3.424,1,1363.05,1,3.424,1,34.43,1
5905619,2025-12-02T18:25:47Z,1,-47.47614,151.97983,1,1364.9,1,34.431,1,3.423,1,1364.9,1,3.423,1,34.431,1
5905619,2025-12-02T18:25:47Z,1,-47.47614,151.97983,1,1366.7,1,34.431,1,3.423,1,1366.7,1,3.423,1,34.431,1
5905619,2025-12-02T18:25:47Z,1,-47.47614,151.97983,1,1368.95,1,34.431,1,3.418,1,1368.95,1,3.418,1,34.431,1
5905619,2025-12-02T18:25:47Z,1,-47.47614,151.97983,1,1371.2,1,34.431,1,3.414,1,1371.2,1,3.414,1,34.431,1
5905619,2025-12-02T18:25:47Z,1,-47.47614,151.97983,1,1372.95,1,34.432,1,3.411,1,1372.95,1,3.411,1,34.432,1
5905619,2025-12-02T18:25:47Z,1,-47.47614,151.97983,1,1374.75,1,34.432,1,3.407,1,1374.75,1,3.407,1,34.432,1
5905619,2025-12-02T18:25:47Z,1,-47.47614,151.97983,1,1376.95,1,34.434,1,3.398,1,1376.95,1,3.398,1,34.434,1
5905619,2025-12-02T18:25:47Z,1,-47.47614,151.97983,1,1379.15,1,34.437,1,3.376,1,1379.15,1,3.376,1,34.437,1
5905619,2025-12-02T18:25:47Z,1,-47.47614,151.97983,1,1380.95,1,34.438,1,3.372,1,1380.95,1,3.372,1,34.438,1
5905619,2025-12-02T18:25:47Z,1,-47.47614,151.97983,1,1382.75,1,34.437,1,3.371,1,1382.75,1,3.371,1,34.437,1
5905619,2025-12-02T18:25:47Z,1,-47.47614,151.97983,1,1385.0,1,34.438,1,3.37,1,1385.0,1,3.37,1,34.438,1
5905619,2025-12-02T18:25:47Z,1,-47.47614,151.97983,1,1387.3,1,34.438,1,3.369,1,1387.3,1,3.369,1,34.438,1
5905619,2025-12-02T18:25:47Z,1,-47.47614,151.97983,1,1389.1,1,34.44,1,3.361,1,1389.1,1,3.361,1,34.44,1
5905619,2025-12-02T18:25:47Z,1,-47.47614,151.97983,1,1390.95,1,34.441,1,3.349,1,1390.95,1,3.349,1,34.441,1
5905619,2025-12-02T18:25:47Z,1,-47.47614,151.97983,1,1392.8,1,34.443,1,3.34,1,1392.8,1,3.34,1,34.443,1
5905619,2025-12-02T18:25:47Z,1,-47.47614,151.97983,1,1394.65,1,34.445,1,3.339,1,1394.65,1,3.339,1,34.445,1
5905619,2025-12-02T18:25:47Z,1,-47.47614,151.97983,1,1396.95,1,34.445,1,3.338,1,1396.95,1,3.338,1,34.445,1
5905619,2025-12-02T18:25:47Z,1,-47.47614,151.97983,1,1399.25,1,34.447,1,3.33,1,1399.25,1,3.33,1,34.447,1
5905619,2025-12-02T18:25:47Z,1,-47.47614,151.97983,1,1401.05,1,34.448,1,3.329,1,1401.05,1,3.329,1,34.448,1
5905619,2025-12-02T18:25:47Z,1,-47.47614,151.97983,1,1402.9,1,34.448,1,3.326,1,1402.9,1,3.326,1,34.448,1
5905619,2025-12-02T18:25:47Z,1,-47.47614,151.97983,1,1404.75,1,34.449,1,3.323,1,1404.75,1,3.323,1,34.449,1
5905619,2025-12-02T18:25:47Z,1,-47.47614,151.97983,1,1406.65,1,34.449,1,3.319,1,1406.65,1,3.319,1,34.449,1
5905619,2025-12-02T18:25:47Z,1,-47.47614,151.97983,1,1409.0,1,34.45,1,3.314,1,1409.0,1,3.314,1,34.45,1
5905619,2025-12-02T18:25:47Z,1,-47.47614,151.97983,1,1411.4,1,34.45,1,3.31,1,1411.4,1,3.31,1,34.45,1
5905619,2025-12-02T18:25:47Z,1,-47.47614,151.97983,1,1413.35,1,34.451,1,3.306,1,1413.35,1,3.306,1,34.451,1
5905619,2025-12-02T18:25:47Z,1,-47.47614,151.97983,1,1415.3,1,34.452,1,3.303,1,1415.3,1,3.303,1,34.452,1
5905619,2025-12-02T18:25:47Z,1,-47.47614,151.97983,1,1417.25,1,34.453,1,3.302,1,1417.25,1,3.302,1,34.453,1
5905619,2025-12-02T18:25:47Z,1,-47.47614,151.97983,1,1419.2,1,34.452,1,3.301,1,1419.2,1,3.301,1,34.452,1
5905619,2025-12-02T18:25:47Z,1,-47.47614,151.97983,1,1421.0,1,34.453,1,3.298,1,1421.0,1,3.298,1,34.453,1
5905619,2025-12-02T18:25:47Z,1,-47.47614,151.97983,1,1422.9,1,34.453,1,3.296,1,1422.9,1,3.296,1,34.453,1
5905619,2025-12-02T18:25:47Z,1,-47.47614,151.97983,1,1424.8,1,34.453,1,3.294,1,1424.8,1,3.294,1,34.453,1
5905619,2025-12-02T18:25:47Z,1,-47.47614,151.97983,1,1426.8,1,34.455,1,3.285,1,1426.8,1,3.285,1,34.455,1
5905619,2025-12-02T18:25:47Z,1,-47.47614,151.97983,1,1429.15,1,34.457,1,3.274,1,1429.15,1,3.274,1,34.457,1
5905619,2025-12-02T18:25:47Z,1,-47.47614,151.97983,1,1431.1,1,34.457,1,3.268,1,1431.1,1,3.268,1,34.457,1
5905619,2025-12-02T18:25:47Z,1,-47.47614,151.97983,1,1433.15,1,34.458,1,3.265,1,1433.15,1,3.265,1,34.458,1
5905619,2025-12-02T18:25:47Z,1,-47.47614,151.97983,1,1435.2,1,34.459,1,3.261,1,1435.2,1,3.261,1,34.459,1
5905619,2025-12-02T18:25:47Z,1,-47.47614,151.97983,1,1436.85,1,34.46,1,3.258,1,1436.85,1,3.258,1,34.46,1
5905619,2025-12-02T18:25:47Z,1,-47.47614,151.97983,1,1438.95,1,34.46,1,3.253,1,1438.95,1,3.253,1,34.46,1
5905619,2025-12-02T18:25:47Z,1,-47.47614,151.97983,1,1441.05,1,34.46,1,3.251,1,1441.05,1,3.251,1,34.46,1
5905619,2025-12-02T18:25:47Z,1,-47.47614,151.97983,1,1443.1,1,34.461,1,3.246,1,1443.1,1,3.246,1,34.461,1
5905619,2025-12-02T18:25:47Z,1,-47.47614,151.97983,1,1445.2,1,34.463,1,3.24,1,1445.2,1,3.24,1,34.463,1
5905619,2025-12-02T18:25:47Z,1,-47.47614,151.97983,1,1446.9,1,34.463,1,3.238,1,1446.9,1,3.238,1,34.463,1
5905619,2025-12-02T18:25:47Z,1,-47.47614,151.97983,1,1449.05,1,34.463,1,3.235,1,1449.05,1,3.235,1,34.463,1
5905619,2025-12-02T18:25:47Z,1,-47.47614,151.97983,1,1451.25,1,34.464,1,3.231,1,1451.25,1,3.231,1,34.464,1
5905619,2025-12-02T18:25:47Z,1,-47.47614,151.97983,1,1453.0,1,34.464,1,3.23,1,1453.0,1,3.23,1,34.464,1
5905619,2025-12-02T18:25:47Z,1,-47.47614,151.97983,1,1454.7,1,34.464,1,3.226,1,1454.7,1,3.226,1,34.464,1
5905619,2025-12-02T18:25:47Z,1,-47.47614,151.97983,1,1456.9,1,34.465,1,3.222,1,1456.9,1,3.222,1,34.465,1
5905619,2025-12-02T18:25:47Z,1,-47.47614,151.97983,1,1459.1,1,34.465,1,3.219,1,1459.1,1,3.219,1,34.465,1
5905619,2025-12-02T18:25:47Z,1,-47.47614,151.97983,1,1460.85,1,34.467,1,3.213,1,1460.85,1,3.213,1,34.467,1
5905619,2025-12-02T18:25:47Z,1,-47.47614,151.97983,1,1463.05,1,34.468,1,3.207,1,1463.05,1,3.207,1,34.468,1
5905619,2025-12-02T18:25:47Z,1,-47.47614,151.97983,1,1465.25,1,34.468,1,3.205,1,1465.25,1,3.205,1,34.468,1
5905619,2025-12-02T18:25:47Z,1,-47.47614,151.97983,1,1467.05,1,34.468,1,3.201,1,1467.05,1,3.201,1,34.468,1
5905619,2025-12-02T18:25:47Z,1,-47.47614,151.97983,1,1468.85,1,34.469,1,3.196,1,1468.85,1,3.196,1,34.469,1
5905619,2025-12-02T18:25:47Z,1,-47.47614,151.97983,1,1471.1,1,34.471,1,3.191,1,1471.1,1,3.191,1,34.471,1
5905619,2025-12-02T18:25:47Z,1,-47.47614,151.97983,1,1473.35,1,34.472,1,3.188,1,1473.35,1,3.188,1,34.472,1
5905619,2025-12-02T18:25:47Z,1,-47.47614,151.97983,1,1475.15,1,34.472,1,3.187,1,1475.15,1,3.187,1,34.472,1
5905619,2025-12-02T18:25:47Z,1,-47.47614,151.97983,1,1476.95,1,34.472,1,3.186,1,1476.95,1,3.186,1,34.472,1
5905619,2025-12-02T18:25:47Z,1,-47.47614,151.97983,1,1478.75,1,34.472,1,3.185,1,1478.75,1,3.185,1,34.472,1
5905619,2025-12-02T18:25:47Z,1,-47.47614,151.97983,1,1481.05,1,34.475,1,3.175,1,1481.05,1,3.175,1,34.475,1
5905619,2025-12-02T18:25:47Z,1,-47.47614,151.97983,1,1483.35,1,34.476,1,3.168,1,1483.35,1,3.168,1,34.476,1
5905619,2025-12-02T18:25:47Z,1,-47.47614,151.97983,1,1485.15,1,34.477,1,3.165,1,1485.15,1,3.165,1,34.477,1
5905619,2025-12-02T18:25:47Z,1,-47.47614,151.97983,1,1486.95,1,34.476,1,3.165,1,1486.95,1,3.165,1,34.476,1
5905619,2025-12-02T18:25:47Z,1,-47.47614,151.97983,1,1488.75,1,34.476,1,3.165,1,1488.75,1,3.165,1,34.476,1
5905619,2025-12-02T18:25:47Z,1,-47.47614,151.97983,1,1491.0,1,34.477,1,3.164,1,1491.0,1,3.164,1,34.477,1
5905619,2025-12-02T18:25:47Z,1,-47.47614,151.97983,1,1493.25,1,34.478,1,3.161,1,1493.25,1,3.161,1,34.478,1
5905619,2025-12-02T18:25:47Z,1,-47.47614,151.97983,1,1495.1,1,34.477,1,3.159,1,1495.1,1,3.159,1,34.477,1
5905619,2025-12-02T18:25:47Z,1,-47.47614,151.97983,1,1496.9,1,34.478,1,3.155,1,1496.9,1,3.155,1,34.478,1
5905619,2025-12-02T18:25:47Z,1,-47.47614,151.97983,1,1498.75,1,34.479,1,3.151,1,1498.75,1,3.151,1,34.479,1
5905619,2025-12-02T18:25:47Z,1,-47.47614,151.97983,1,1501.0,1,34.48,1,3.145,1,1501.0,1,3.145,1,34.48,1
5905619,2025-12-02T18:25:47Z,1,-47.47614,151.97983,1,1503.25,1,34.481,1,3.141,1,1503.25,1,3.141,1,34.481,1
5905619,2025-12-02T18:25:47Z,1,-47.47614,151.97983,1,1505.05,1,34.482,1,3.138,1,1505.05,1,3.138,1,34.482,1
5905619,2025-12-02T18:25:47Z,1,-47.47614,151.97983,1,1506.9,1,34.483,1,3.136,1,1506.9,1,3.136,1,34.483,1
5905619,2025-12-02T18:25:47Z,1,-47.47614,151.97983,1,1508.75,1,34.483,1,3.135,1,1508.75,1,3.135,1,34.483,1
5905619,2025-12-02T18:25:47Z,1,-47.47614,151.97983,1,1511.05,1,34.483,1,3.134,1,1511.05,1,3.134,1,34.483,1
5905619,2025-12-02T18:25:47Z,1,-47.47614,151.97983,1,1513.35,1,34.484,1,3.132,1,1513.35,1,3.132,1,34.484,1
5905619,2025-12-02T18:25:47Z,1,-47.47614,151.97983,1,1515.2,1,34.485,1,3.129,1,1515.2,1,3.129,1,34.485,1
5905619,2025-12-02T18:25:47Z,1,-47.47614,151.97983,1,1517.1,1,34.485,1,3.129,1,1517.1,1,3.129,1,34.485,1
5905619,2025-12-02T18:25:47Z,1,-47.47614,151.97983,1,1518.9,1,34.485,1,3.127,1,1518.9,1,3.127,1,34.485,1
5905619,2025-12-02T18:25:47Z,1,-47.47614,151.97983,1,1520.75,1,34.486,1,3.12,1,1520.75,1,3.12,1,34.486,1
5905619,2025-12-02T18:25:47Z,1,-47.47614,151.97983,1,1522.6,1,34.487,1,3.108,1,1522.6,1,3.108,1,34.487,1
5905619,2025-12-02T18:25:47Z,1,-47.47614,151.97983,1,1524.95,1,34.486,1,3.104,1,1524.95,1,3.104,1,34.486,1
5905619,2025-12-02T18:25:47Z,1,-47.47614,151.97983,1,1527.25,1,34.488,1,3.098,1,1527.25,1,3.098,1,34.488,1
5905619,2025-12-02T18:25:47Z,1,-47.47614,151.97983,1,1529.1,1,34.487,1,3.095,1,1529.1,1,3.095,1,34.487,1
5905619,2025-12-02T18:25:47Z,1,-47.47614,151.97983,1,1530.9,1,34.488,1,3.093,1,1530.9,1,3.093,1,34.488,1
5905619,2025-12-02T18:25:47Z,1,-47.47614,151.97983,1,1532.75,1,34.489,1,3.087,1,1532.75,1,3.087,1,34.489,1
5905619,2025-12-02T18:25:47Z,1,-47.47614,151.97983,1,1535.0,1,34.49,1,3.082,1,1535.0,1,3.082,1,34.49,1
5905619,2025-12-02T18:25:47Z,1,-47.47614,151.97983,1,1537.3,1,34.491,1,3.074,1,1537.3,1,3.074,1,34.491,1
5905619,2025-12-02T18:25:47Z,1,-47.47614,151.97983,1,1539.15,1,34.492,1,3.071,1,1539.15,1,3.071,1,34.492,1
5905619,2025-12-02T18:25:47Z,1,-47.47614,151.97983,1,1541.05,1,34.493,1,3.068,1,1541.05,1,3.068,1,34.493,1
5905619,2025-12-02T18:25:47Z,1,-47.47614,151.97983,1,1542.95,1,34.493,1,3.067,1,1542.95,1,3.067,1,34.493,1
5905619,2025-12-02T18:25:47Z,1,-47.47614,151.97983,1,1544.8,1,34.494,1,3.066,1,1544.8,1,3.066,1,34.494,1
5905619,2025-12-02T18:25:47Z,1,-47.47614,151.97983,1,1546.7,1,34.495,1,3.063,1,1546.7,1,3.063,1,34.495,1
5905619,2025-12-02T18:25:47Z,1,-47.47614,151.97983,1,1549.05,1,34.496,1,3.059,1,1549.05,1,3.059,1,34.496,1
5905619,2025-12-02T18:25:47Z,1,-47.47614,151.97983,1,1551.4,1,34.497,1,3.057,1,1551.4,1,3.057,1,34.497,1
5905619,2025-12-02T18:25:47Z,1,-47.47614,151.97983,1,1553.25,1,34.498,1,3.053,1,1553.25,1,3.053,1,34.498,1
5905619,2025-12-02T18:25:47Z,1,-47.47614,151.97983,1,1555.15,1,34.5,1,3.044,1,1555.15,1,3.044,1,34.5,1
5905619,2025-12-02T18:25:47Z,1,-47.47614,151.97983,1,1557.1,1,34.502,1,3.037,1,1557.1,1,3.037,1,34.502,1
5905619,2025-12-02T18:25:47Z,1,-47.47614,151.97983,1,1559.0,1,34.502,1,3.035,1,1559.0,1,3.035,1,34.502,1
5905619,2025-12-02T18:25:47Z,1,-47.47614,151.97983,1,1560.9,1,34.504,1,3.027,1,1560.9,1,3.027,1,34.504,1
5905619,2025-12-02T18:25:47Z,1,-47.47614,151.97983,1,1562.8,1,34.505,1,3.023,1,1562.8,1,3.023,1,34.505,1
5905619,2025-12-02T18:25:47Z,1,-47.47614,151.97983,1,1564.7,1,34.508,1,3.024,1,1564.7,1,3.024,1,34.508,1
5905619,2025-12-02T18:25:47Z,1,-47.47614,151.97983,1,1566.6,1,34.509,1,3.019,1,1566.6,1,3.019,1,34.509,1
5905619,2025-12-02T18:25:47Z,1,-47.47614,151.97983,1,1569.0,1,34.51,1,3.014,1,1569.0,1,3.014,1,34.51,1
5905619,2025-12-02T18:25:47Z,1,-47.47614,151.97983,1,1571.35,1,34.511,1,3.01,1,1571.35,1,3.01,1,34.511,1
5905619,2025-12-02T18:25:47Z,1,-47.47614,151.97983,1,1573.2,1,34.513,1,3.002,1,1573.2,1,3.002,1,34.513,1
5905619,2025-12-02T18:25:47Z,1,-47.47614,151.97983,1,1575.1,1,34.512,1,2.999,1,1575.1,1,2.999,1,34.512,1
5905619,2025-12-02T18:25:47Z,1,-47.47614,151.97983,1,1576.95,1,34.514,1,2.998,1,1576.95,1,2.998,1,34.514,1
5905619,2025-12-02T18:25:47Z,1,-47.47614,151.97983,1,1578.9,1,34.515,1,2.995,1,1578.9,1,2.995,1,34.515,1
5905619,2025-12-02T18:25:47Z,1,-47.47614,151.97983,1,1580.8,1,34.516,1,2.988,1,1580.8,1,2.988,1,34.516,1
5905619,2025-12-02T18:25:47Z,1,-47.47614,151.97983,1,1582.65,1,34.517,1,2.982,1,1582.65,1,2.982,1,34.517,1
5905619,2025-12-02T18:25:47Z,1,-47.47614,151.97983,1,1585.0,1,34.519,1,2.975,1,1585.0,1,2.975,1,34.519,1
5905619,2025-12-02T18:25:47Z,1,-47.47614,151.97983,1,1587.35,1,34.52,1,2.972,1,1587.35,1,2.972,1,34.52,1
5905619,2025-12-02T18:25:47Z,1,-47.47614,151.97983,1,1589.2,1,34.52,1,2.97,1,1589.2,1,2.97,1,34.52,1
5905619,2025-12-02T18:25:47Z,1,-47.47614,151.97983,1,1591.05,1,34.52,1,2.967,1,1591.05,1,2.967,1,34.52,1
5905619,2025-12-02T18:25:47Z,1,-47.47614,151.97983,1,1592.95,1,34.521,1,2.964,1,1592.95,1,2.964,1,34.521,1
5905619,2025-12-02T18:25:47Z,1,-47.47614,151.97983,1,1594.8,1,34.52,1,2.964,1,1594.8,1,2.964,1,34.52,1
5905619,2025-12-02T18:25:47Z,1,-47.47614,151.97983,1,1596.65,1,34.52,1,2.964,1,1596.65,1,2.964,1,34.52,1
5905619,2025-12-02T18:25:47Z,1,-47.47614,151.97983,1,1599.0,1,34.521,1,2.957,1,1599.0,1,2.957,1,34.521,1
5905619,2025-12-02T18:25:47Z,1,-47.47614,151.97983,1,1601.35,1,34.522,1,2.952,1,1601.35,1,2.952,1,34.522,1
5905619,2025-12-02T18:25:47Z,1,-47.47614,151.97983,1,1603.25,1,34.522,1,2.95,1,1603.25,1,2.95,1,34.522,1
5905619,2025-12-02T18:25:47Z,1,-47.47614,151.97983,1,1605.15,1,34.524,1,2.944,1,1605.15,1,2.944,1,34.524,1
5905619,2025-12-02T18:25:47Z,1,-47.47614,151.97983,1,1607.0,1,34.525,1,2.936,1,1607.0,1,2.936,1,34.525,1
5905619,2025-12-02T18:25:47Z,1,-47.47614,151.97983,1,1608.9,1,34.526,1,2.929,1,1608.9,1,2.929,1,34.526,1
5905619,2025-12-02T18:25:47Z,1,-47.47614,151.97983,1,1610.75,1,34.527,1,2.923,1,1610.75,1,2.923,1,34.527,1
5905619,2025-12-02T18:25:47Z,1,-47.47614,151.97983,1,1613.05,1,34.528,1,2.92,1,1613.05,1,2.92,1,34.528,1
5905619,2025-12-02T18:25:47Z,1,-47.47614,151.97983,1,1615.35,1,34.529,1,2.917,1,1615.35,1,2.917,1,34.529,1
5905619,2025-12-02T18:25:47Z,1,-47.47614,151.97983,1,1617.2,1,34.529,1,2.915,1,1617.2,1,2.915,1,34.529,1
5905619,2025-12-02T18:25:47Z,1,-47.47614,151.97983,1,1619.05,1,34.529,1,2.915,1,1619.05,1,2.915,1,34.529,1
5905619,2025-12-02T18:25:47Z,1,-47.47614,151.97983,1,1620.9,1,34.529,1,2.914,1,1620.9,1,2.914,1,34.529,1
5905619,2025-12-02T18:25:47Z,1,-47.47614,151.97983,1,1622.75,1,34.529,1,2.912,1,1622.75,1,2.912,1,34.529,1
5905619,2025-12-02T18:25:47Z,1,-47.47614,151.97983,1,1624.65,1,34.529,1,2.911,1,1624.65,1,2.911,1,34.529,1
5905619,2025-12-02T18:25:47Z,1,-47.47614,151.97983,1,1626.95,1,34.529,1,2.91,1,1626.95,1,2.91,1,34.529,1
5905619,2025-12-02T18:25:47Z,1,-47.47614,151.97983,1,1629.25,1,34.53,1,2.906,1,1629.25,1,2.906,1,34.53,1
5905619,2025-12-02T18:25:47Z,1,-47.47614,151.97983,1,1631.1,1,34.53,1,2.904,1,1631.1,1,2.904,1,34.53,1
5905619,2025-12-02T18:25:47Z,1,-47.47614,151.97983,1,1633.0,1,34.53,1,2.903,1,1633.0,1,2.903,1,34.53,1
5905619,2025-12-02T18:25:47Z,1,-47.47614,151.97983,1,1634.85,1,34.532,1,2.899,1,1634.85,1,2.899,1,34.532,1
5905619,2025-12-02T18:25:47Z,1,-47.47614,151.97983,1,1636.7,1,34.533,1,2.893,1,1636.7,1,2.893,1,34.533,1
5905619,2025-12-02T18:25:47Z,1,-47.47614,151.97983,1,1639.0,1,34.534,1,2.886,1,1639.0,1,2.886,1,34.534,1
5905619,2025-12-02T18:25:47Z,1,-47.47614,151.97983,1,1641.3,1,34.535,1,2.88,1,1641.3,1,2.88,1,34.535,1
5905619,2025-12-02T18:25:47Z,1,-47.47614,151.97983,1,1643.15,1,34.536,1,2.878,1,1643.15,1,2.878,1,34.536,1
5905619,2025-12-02T18:25:47Z,1,-47.47614,151.97983,1,1645.0,1,34.537,1,2.874,1,1645.0,1,2.874,1,34.537,1
5905619,2025-12-02T18:25:47Z,1,-47.47614,151.97983,1,1646.9,1,34.538,1,2.868,1,1646.9,1,2.868,1,34.538,1
5905619,2025-12-02T18:25:47Z,1,-47.47614,151.97983,1,1648.75,1,34.539,1,2.864,1,1648.75,1,2.864,1,34.539,1
5905619,2025-12-02T18:25:47Z,1,-47.47614,151.97983,1,1650.6,1,34.54,1,2.864,1,1650.6,1,2.864,1,34.54,1
5905619,2025-12-02T18:25:47Z,1,-47.47614,151.97983,1,1652.95,1,34.542,1,2.855,1,1652.95,1,2.855,1,34.542,1
5905619,2025-12-02T18:25:47Z,1,-47.47614,151.97983,1,1655.3,1,34.543,1,2.851,1,1655.3,1,2.851,1,34.543,1
5905619,2025-12-02T18:25:47Z,1,-47.47614,151.97983,1,1657.15,1,34.543,1,2.848,1,1657.15,1,2.848,1,34.543,1
5905619,2025-12-02T18:25:47Z,1,-47.47614,151.97983,1,1659.05,1,34.543,1,2.847,1,1659.05,1,2.847,1,34.543,1
5905619,2025-12-02T18:25:47Z,1,-47.47614,151.97983,1,1660.9,1,34.545,1,2.845,1,1660.9,1,2.845,1,34.545,1
5905619,2025-12-02T18:25:47Z,1,-47.47614,151.97983,1,1662.75,1,34.545,1,2.846,1,1662.75,1,2.846,1,34.545,1
5905619,2025-12-02T18:25:47Z,1,-47.47614,151.97983,1,1664.7,1,34.546,1,2.843,1,1664.7,1,2.843,1,34.546,1
5905619,2025-12-02T18:25:47Z,1,-47.47614,151.97983,1,1666.6,1,34.55,1,2.835,1,1666.6,1,2.835,1,34.55,1
5905619,2025-12-02T18:25:47Z,1,-47.47614,151.97983,1,1669.05,1,34.552,1,2.831,1,1669.05,1,2.831,1,34.552,1
5905619,2025-12-02T18:25:47Z,1,-47.47614,151.97983,1,1671.45,1,34.552,1,2.829,1,1671.45,1,2.829,1,34.552,1
5905619,2025-12-02T18:25:47Z,1,-47.47614,151.97983,1,1673.4,1,34.553,1,2.825,1,1673.4,1,2.825,1,34.553,1
5905619,2025-12-02T18:25:47Z,1,-47.47614,151.97983,1,1675.3,1,34.555,1,2.819,1,1675.3,1,2.819,1,34.555,1
5905619,2025-12-02T18:25:47Z,1,-47.47614,151.97983,1,1677.25,1,34.557,1,2.816,1,1677.25,1,2.816,1,34.557,1
5905619,2025-12-02T18:25:47Z,1,-47.47614,151.97983,1,1679.15,1,34.557,1,2.815,1,1679.15,1,2.815,1,34.557,1
5905619,2025-12-02T18:25:47Z,1,-47.47614,151.97983,1,1681.15,1,34.559,1,2.81,1,1681.15,1,2.81,1,34.559,1
5905619,2025-12-02T18:25:47Z,1,-47.47614,151.97983,1,1683.05,1,34.559,1,2.808,1,1683.05,1,2.808,1,34.559,1
5905619,2025-12-02T18:25:47Z,1,-47.47614,151.97983,1,1685.05,1,34.559,1,2.806,1,1685.05,1,2.806,1,34.559,1
5905619,2025-12-02T18:25:47Z,1,-47.47614,151.97983,1,1686.95,1,34.56,1,2.801,1,1686.95,1,2.801,1,34.56,1
5905619,2025-12-02T18:25:47Z,1,-47.47614,151.97983,1,1688.9,1,34.561,1,2.797,1,1688.9,1,2.797,1,34.561,1
5905619,2025-12-02T18:25:47Z,1,-47.47614,151.97983,1,1690.8,1,34.561,1,2.794,1,1690.8,1,2.794,1,34.561,1
5905619,2025-12-02T18:25:47Z,1,-47.47614,151.97983,1,1692.8,1,34.562,1,2.789,1,1692.8,1,2.789,1,34.562,1
5905619,2025-12-02T18:25:47Z,1,-47.47614,151.97983,1,1694.8,1,34.562,1,2.785,1,1694.8,1,2.785,1,34.562,1
5905619,2025-12-02T18:25:47Z,1,-47.47614,151.97983,1,1696.9,1,34.563,1,2.778,1,1696.9,1,2.778,1,34.563,1
5905619,2025-12-02T18:25:47Z,1,-47.47614,151.97983,1,1698.95,1,34.563,1,2.774,1,1698.95,1,2.774,1,34.563,1
5905619,2025-12-02T18:25:47Z,1,-47.47614,151.97983,1,1701.05,1,34.565,1,2.774,1,1701.05,1,2.774,1,34.565,1
5905619,2025-12-02T18:25:47Z,1,-47.47614,151.97983,1,1703.15,1,34.567,1,2.773,1,1703.15,1,2.773,1,34.567,1
5905619,2025-12-02T18:25:47Z,1,-47.47614,151.97983,1,1704.8,1,34.568,1,2.768,1,1704.8,1,2.768,1,34.568,1
5905619,2025-12-02T18:25:47Z,1,-47.47614,151.97983,1,1706.9,1,34.568,1,2.765,1,1706.9,1,2.765,1,34.568,1
5905619,2025-12-02T18:25:47Z,1,-47.47614,151.97983,1,1709.05,1,34.569,1,2.764,1,1709.05,1,2.764,1,34.569,1
5905619,2025-12-02T18:25:47Z,1,-47.47614,151.97983,1,1710.75,1,34.569,1,2.761,1,1710.75,1,2.761,1,34.569,1
5905619,2025-12-02T18:25:47Z,1,-47.47614,151.97983,1,1712.95,1,34.57,1,2.758,1,1712.95,1,2.758,1,34.57,1
5905619,2025-12-02T18:25:47Z,1,-47.47614,151.97983,1,1715.1,1,34.571,1,2.755,1,1715.1,1,2.755,1,34.571,1
5905619,2025-12-02T18:25:47Z,1,-47.47614,151.97983,1,1716.9,1,34.571,1,2.751,1,1716.9,1,2.751,1,34.571,1
5905619,2025-12-02T18:25:47Z,1,-47.47614,151.97983,1,1719.1,1,34.574,1,2.743,1,1719.1,1,2.743,1,34.574,1
5905619,2025-12-02T18:25:47Z,1,-47.47614,151.97983,1,1721.3,1,34.575,1,2.74,1,1721.3,1,2.74,1,34.575,1
5905619,2025-12-02T18:25:47Z,1,-47.47614,151.97983,1,1723.1,1,34.576,1,2.738,1,1723.1,1,2.738,1,34.576,1
5905619,2025-12-02T18:25:47Z,1,-47.47614,151.97983,1,1724.9,1,34.577,1,2.732,1,1724.9,1,2.732,1,34.577,1
5905619,2025-12-02T18:25:47Z,1,-47.47614,151.97983,1,1726.7,1,34.577,1,2.732,1,1726.7,1,2.732,1,34.577,1
5905619,2025-12-02T18:25:47Z,1,-47.47614,151.97983,1,1729.0,1,34.578,1,2.729,1,1729.0,1,2.729,1,34.578,1
5905619,2025-12-02T18:25:47Z,1,-47.47614,151.97983,1,1731.3,1,34.579,1,2.725,1,1731.3,1,2.725,1,34.579,1
5905619,2025-12-02T18:25:47Z,1,-47.47614,151.97983,1,1733.15,1,34.58,1,2.724,1,1733.15,1,2.724,1,34.58,1
5905619,2025-12-02T18:25:47Z,1,-47.47614,151.97983,1,1735.0,1,34.58,1,2.724,1,1735.0,1,2.724,1,34.58,1
5905619,2025-12-02T18:25:47Z,1,-47.47614,151.97983,1,1736.9,1,34.58,1,2.724,1,1736.9,1,2.724,1,34.58,1
5905619,2025-12-02T18:25:47Z,1,-47.47614,151.97983,1,1738.75,1,34.58,1,2.723,1,1738.75,1,2.723,1,34.58,1
5905619,2025-12-02T18:25:47Z,1,-47.47614,151.97983,1,1740.65,1,34.58,1,2.722,1,1740.65,1,2.722,1,34.58,1
5905619,2025-12-02T18:25:47Z,1,-47.47614,151.97983,1,1743.0,1,34.582,1,2.719,1,1743.0,1,2.719,1,34.582,1
5905619,2025-12-02T18:25:47Z,1,-47.47614,151.97983,1,1745.35,1,34.583,1,2.714,1,1745.35,1,2.714,1,34.583,1
5905619,2025-12-02T18:25:47Z,1,-47.47614,151.97983,1,1747.3,1,34.585,1,2.71,1,1747.3,1,2.71,1,34.585,1
5905619,2025-12-02T18:25:47Z,1,-47.47614,151.97983,1,1749.2,1,34.586,1,2.707,1,1749.2,1,2.707,1,34.586,1
5905619,2025-12-02T18:25:47Z,1,-47.47614,151.97983,1,1751.15,1,34.587,1,2.704,1,1751.15,1,2.704,1,34.587,1
5905619,2025-12-02T18:25:47Z,1,-47.47614,151.97983,1,1753.05,1,34.588,1,2.701,1,1753.05,1,2.701,1,34.588,1
5905619,2025-12-02T18:25:47Z,1,-47.47614,151.97983,1,1755.0,1,34.588,1,2.7,1,1755.0,1,2.7,1,34.588,1
5905619,2025-12-02T18:25:47Z,1,-47.47614,151.97983,1,1756.95,1,34.588,1,2.699,1,1756.95,1,2.699,1,34.588,1
5905619,2025-12-02T18:25:47Z,1,-47.47614,151.97983,1,1758.9,1,34.589,1,2.698,1,1758.9,1,2.698,1,34.589,1
5905619,2025-12-02T18:25:47Z,1,-47.47614,151.97983,1,1760.9,1,34.589,1,2.697,1,1760.9,1,2.697,1,34.589,1
5905619,2025-12-02T18:25:47Z,1,-47.47614,151.97983,1,1763.0,1,34.59,1,2.694,1,1763.0,1,2.694,1,34.59,1
5905619,2025-12-02T18:25:47Z,1,-47.47614,151.97983,1,1765.0,1,34.59,1,2.693,1,1765.0,1,2.693,1,34.59,1
5905619,2025-12-02T18:25:47Z,1,-47.47614,151.97983,1,1767.0,1,34.59,1,2.693,1,1767.0,1,2.693,1,34.59,1
5905619,2025-12-02T18:25:47Z,1,-47.47614,151.97983,1,1769.05,1,34.591,1,2.692,1,1769.05,1,2.692,1,34.591,1
5905619,2025-12-02T18:25:47Z,1,-47.47614,151.97983,1,1771.1,1,34.59,1,2.693,1,1771.1,1,2.693,1,34.59,1
5905619,2025-12-02T18:25:47Z,1,-47.47614,151.97983,1,1773.15,1,34.591,1,2.693,1,1773.15,1,2.693,1,34.591,1
5905619,2025-12-02T18:25:47Z,1,-47.47614,151.97983,1,1775.2,1,34.591,1,2.692,1,1775.2,1,2.692,1,34.591,1
5905619,2025-12-02T18:25:47Z,1,-47.47614,151.97983,1,1777.25,1,34.591,1,2.69,1,1777.25,1,2.69,1,34.591,1
5905619,2025-12-02T18:25:47Z,1,-47.47614,151.97983,1,1779.35,1,34.591,1,2.689,1,1779.35,1,2.689,1,34.591,1
5905619,2025-12-02T18:25:47Z,1,-47.47614,151.97983,1,1781.45,1,34.593,1,2.687,1,1781.45,1,2.687,1,34.593,1
5905619,2025-12-02T18:25:47Z,1,-47.47614,151.97983,1,1783.0,1,34.593,1,2.685,1,1783.0,1,2.685,1,34.593,1
5905619,2025-12-02T18:25:47Z,1,-47.47614,151.97983,1,1784.6,1,34.594,1,2.684,1,1784.6,1,2.684,1,34.594,1
5905619,2025-12-02T18:25:47Z,1,-47.47614,151.97983,1,1786.7,1,34.594,1,2.683,1,1786.7,1,2.683,1,34.594,1
5905619,2025-12-02T18:25:47Z,1,-47.47614,151.97983,1,1788.8,1,34.595,1,2.679,1,1788.8,1,2.679,1,34.595,1
5905619,2025-12-02T18:25:47Z,1,-47.47614,151.97983,1,1790.95,1,34.596,1,2.676,1,1790.95,1,2.676,1,34.596,1
5905619,2025-12-02T18:25:47Z,1,-47.47614,151.97983,1,1793.05,1,34.596,1,2.674,1,1793.05,1,2.674,1,34.596,1
5905619,2025-12-02T18:25:47Z,1,-47.47614,151.97983,1,1795.2,1,34.597,1,2.673,1,1795.2,1,2.673,1,34.597,1
5905619,2025-12-02T18:25:47Z,1,-47.47614,151.97983,1,1797.3,1,34.598,1,2.67,1,1797.3,1,2.67,1,34.598,1
5905619,2025-12-02T18:25:47Z,1,-47.47614,151.97983,1,1799.45,1,34.599,1,2.666,1,1799.45,1,2.666,1,34.599,1
5905619,2025-12-02T18:25:47Z,1,-47.47614,151.97983,1,1801.0,1,34.6,1,2.664,1,1801.0,1,2.664,1,34.6,1
5905619,2025-12-02T18:25:47Z,1,-47.47614,151.97983,1,1802.6,1,34.6,1,2.664,1,1802.6,1,2.664,1,34.6,1
5905619,2025-12-02T18:25:47Z,1,-47.47614,151.97983,1,1804.75,1,34.6,1,2.663,1,1804.75,1,2.663,1,34.6,1
5905619,2025-12-02T18:25:47Z,1,-47.47614,151.97983,1,1806.9,1,34.6,1,2.663,1,1806.9,1,2.663,1,34.6,1
5905619,2025-12-02T18:25:47Z,1,-47.47614,151.97983,1,1809.0,1,34.6,1,2.662,1,1809.0,1,2.662,1,34.6,1
5905619,2025-12-02T18:25:47Z,1,-47.47614,151.97983,1,1811.15,1,34.601,1,2.658,1,1811.15,1,2.658,1,34.601,1
5905619,2025-12-02T18:25:47Z,1,-47.47614,151.97983,1,1813.25,1,34.602,1,2.657,1,1813.25,1,2.657,1,34.602,1
5905619,2025-12-02T18:25:47Z,1,-47.47614,151.97983,1,1815.4,1,34.602,1,2.656,1,1815.4,1,2.656,1,34.602,1
5905619,2025-12-02T18:25:47Z,1,-47.47614,151.97983,1,1817.0,1,34.602,1,2.655,1,1817.0,1,2.655,1,34.602,1
5905619,2025-12-02T18:25:47Z,1,-47.47614,151.97983,1,1818.6,1,34.603,1,2.652,1,1818.6,1,2.652,1,34.603,1
5905619,2025-12-02T18:25:47Z,1,-47.47614,151.97983,1,1820.75,1,34.605,1,2.648,1,1820.75,1,2.648,1,34.605,1
5905619,2025-12-02T18:25:47Z,1,-47.47614,151.97983,1,1822.9,1,34.605,1,2.647,1,1822.9,1,2.647,1,34.605,1
5905619,2025-12-02T18:25:47Z,1,-47.47614,151.97983,1,1825.0,1,34.606,1,2.645,1,1825.0,1,2.645,1,34.606,1
5905619,2025-12-02T18:25:47Z,1,-47.47614,151.97983,1,1827.15,1,34.606,1,2.642,1,1827.15,1,2.642,1,34.606,1
5905619,2025-12-02T18:25:47Z,1,-47.47614,151.97983,1,1829.3,1,34.608,1,2.636,1,1829.3,1,2.636,1,34.608,1
5905619,2025-12-02T18:25:47Z,1,-47.47614,151.97983,1,1831.45,1,34.609,1,2.633,1,1831.45,1,2.633,1,34.609,1
5905619,2025-12-02T18:25:47Z,1,-47.47614,151.97983,1,1833.05,1,34.609,1,2.633,1,1833.05,1,2.633,1,34.609,1
5905619,2025-12-02T18:25:47Z,1,-47.47614,151.97983,1,1834.65,1,34.61,1,2.63,1,1834.65,1,2.63,1,34.61,1
5905619,2025-12-02T18:25:47Z,1,-47.47614,151.97983,1,1836.8,1,34.611,1,2.627,1,1836.8,1,2.627,1,34.611,1
5905619,2025-12-02T18:25:47Z,1,-47.47614,151.97983,1,1838.95,1,34.612,1,2.624,1,1838.95,1,2.624,1,34.612,1
5905619,2025-12-02T18:25:47Z,1,-47.47614,151.97983,1,1841.1,1,34.613,1,2.622,1,1841.1,1,2.622,1,34.613,1
5905619,2025-12-02T18:25:47Z,1,-47.47614,151.97983,1,1843.25,1,34.614,1,2.617,1,1843.25,1,2.617,1,34.614,1
5905619,2025-12-02T18:25:47Z,1,-47.47614,151.97983,1,1845.45,1,34.616,1,2.613,1,1845.45,1,2.613,1,34.616,1
5905619,2025-12-02T18:25:47Z,1,-47.47614,151.97983,1,1847.1,1,34.617,1,2.609,1,1847.1,1,2.609,1,34.617,1
5905619,2025-12-02T18:25:47Z,1,-47.47614,151.97983,1,1848.65,1,34.617,1,2.607,1,1848.65,1,2.607,1,34.617,1
5905619,2025-12-02T18:25:47Z,1,-47.47614,151.97983,1,1850.8,1,34.619,1,2.603,1,1850.8,1,2.603,1,34.619,1
5905619,2025-12-02T18:25:47Z,1,-47.47614,151.97983,1,1852.9,1,34.619,1,2.601,1,1852.9,1,2.601,1,34.619,1
5905619,2025-12-02T18:25:47Z,1,-47.47614,151.97983,1,1855.05,1,34.62,1,2.599,1,1855.05,1,2.599,1,34.62,1
5905619,2025-12-02T18:25:47Z,1,-47.47614,151.97983,1,1857.2,1,34.62,1,2.598,1,1857.2,1,2.598,1,34.62,1
5905619,2025-12-02T18:25:47Z,1,-47.47614,151.97983,1,1859.3,1,34.621,1,2.597,1,1859.3,1,2.597,1,34.621,1
5905619,2025-12-02T18:25:47Z,1,-47.47614,151.97983,1,1860.95,1,34.622,1,2.594,1,1860.95,1,2.594,1,34.622,1
5905619,2025-12-02T18:25:47Z,1,-47.47614,151.97983,1,1862.55,1,34.622,1,2.591,1,1862.55,1,2.591,1,34.622,1
5905619,2025-12-02T18:25:47Z,1,-47.47614,151.97983,1,1864.7,1,34.623,1,2.589,1,1864.7,1,2.589,1,34.623,1
5905619,2025-12-02T18:25:47Z,1,-47.47614,151.97983,1,1866.85,1,34.624,1,2.588,1,1866.85,1,2.588,1,34.624,1
5905619,2025-12-02T18:25:47Z,1,-47.47614,151.97983,1,1868.95,1,34.624,1,2.586,1,1868.95,1,2.586,1,34.624,1
5905619,2025-12-02T18:25:47Z,1,-47.47614,151.97983,1,1871.0,1,34.625,1,2.583,1,1871.0,1,2.583,1,34.625,1
5905619,2025-12-02T18:25:47Z,1,-47.47614,151.97983,1,1873.1,1,34.626,1,2.58,1,1873.1,1,2.58,1,34.626,1
5905619,2025-12-02T18:25:47Z,1,-47.47614,151.97983,1,1875.15,1,34.628,1,2.577,1,1875.15,1,2.577,1,34.628,1
5905619,2025-12-02T18:25:47Z,1,-47.47614,151.97983,1,1877.15,1,34.627,1,2.576,1,1877.15,1,2.576,1,34.627,1
5905619,2025-12-02T18:25:47Z,1,-47.47614,151.97983,1,1879.15,1,34.627,1,2.576,1,1879.15,1,2.576,1,34.627,1
5905619,2025-12-02T18:25:47Z,1,-47.47614,151.97983,1,1881.2,1,34.629,1,2.573,1,1881.2,1,2.573,1,34.629,1
5905619,2025-12-02T18:25:47Z,1,-47.47614,151.97983,1,1883.25,1,34.629,1,2.571,1,1883.25,1,2.571,1,34.629,1
5905619,2025-12-02T18:25:47Z,1,-47.47614,151.97983,1,1885.3,1,34.63,1,2.569,1,1885.3,1,2.569,1,34.63,1
5905619,2025-12-02T18:25:47Z,1,-47.47614,151.97983,1,1887.35,1,34.63,1,2.568,1,1887.35,1,2.568,1,34.63,1
5905619,2025-12-02T18:25:47Z,1,-47.47614,151.97983,1,1889.35,1,34.63,1,2.568,1,1889.35,1,2.568,1,34.63,1
5905619,2025-12-02T18:25:47Z,1,-47.47614,151.97983,1,1891.4,1,34.63,1,2.567,1,1891.4,1,2.567,1,34.63,1
5905619,2025-12-02T18:25:47Z,1,-47.47614,151.97983,1,1893.4,1,34.631,1,2.564,1,1893.4,1,2.564,1,34.631,1
5905619,2025-12-02T18:25:47Z,1,-47.47614,151.97983,1,1895.3,1,34.632,1,2.559,1,1895.3,1,2.559,1,34.632,1
5905619,2025-12-02T18:25:47Z,1,-47.47614,151.97983,1,1896.95,1,34.633,1,2.558,1,1896.95,1,2.558,1,34.633,1
5905619,2025-12-02T18:25:47Z,1,-47.47614,151.97983,1,1898.9,1,34.633,1,2.556,1,1898.9,1,2.556,1,34.633,1
5905619,2025-12-02T18:25:47Z,1,-47.47614,151.97983,1,1901.2,1,34.634,1,2.556,1,1901.2,1,2.556,1,34.634,1
5905619,2025-12-02T18:25:47Z,1,-47.47614,151.97983,1,1903.15,1,34.634,1,2.556,1,1903.15,1,2.556,1,34.634,1
5905619,2025-12-02T18:25:47Z,1,-47.47614,151.97983,1,1905.1,1,34.634,1,2.556,1,1905.1,1,2.556,1,34.634,1
5905619,2025-12-02T18:25:47Z,1,-47.47614,151.97983,1,1907.1,1,34.634,1,2.555,1,1907.1,1,2.555,1,34.634,1
5905619,2025-12-02T18:25:47Z,1,-47.47614,151.97983,1,1909.05,1,34.634,1,2.554,1,1909.05,1,2.554,1,34.634,1
5905619,2025-12-02T18:25:47Z,1,-47.47614,151.97983,1,1911.05,1,34.635,1,2.552,1,1911.05,1,2.552,1,34.635,1
5905619,2025-12-02T18:25:47Z,1,-47.47614,151.97983,1,1913.05,1,34.636,1,2.548,1,1913.05,1,2.548,1,34.636,1
5905619,2025-12-02T18:25:47Z,1,-47.47614,151.97983,1,1915.1,1,34.636,1,2.547,1,1915.1,1,2.547,1,34.636,1
5905619,2025-12-02T18:25:47Z,1,-47.47614,151.97983,1,1917.1,1,34.636,1,2.547,1,1917.1,1,2.547,1,34.636,1
5905619,2025-12-02T18:25:47Z,1,-47.47614,151.97983,1,1919.1,1,34.636,1,2.547,1,1919.1,1,2.547,1,34.636,1
5905619,2025-12-02T18:25:47Z,1,-47.47614,151.97983,1,1921.1,1,34.637,1,2.545,1,1921.1,1,2.545,1,34.637,1
5905619,2025-12-02T18:25:47Z,1,-47.47614,151.97983,1,1923.1,1,34.638,1,2.541,1,1923.1,1,2.541,1,34.638,1
5905619,2025-12-02T18:25:47Z,1,-47.47614,151.97983,1,1925.1,1,34.639,1,2.539,1,1925.1,1,2.539,1,34.639,1
5905619,2025-12-02T18:25:47Z,1,-47.47614,151.97983,1,1927.1,1,34.639,1,2.538,1,1927.1,1,2.538,1,34.639,1
5905619,2025-12-02T18:25:47Z,1,-47.47614,151.97983,1,1929.15,1,34.639,1,2.536,1,1929.15,1,2.536,1,34.639,1
5905619,2025-12-02T18:25:47Z,1,-47.47614,151.97983,1,1931.2,1,34.64,1,2.534,1,1931.2,1,2.534,1,34.64,1
5905619,2025-12-02T18:25:47Z,1,-47.47614,151.97983,1,1932.8,1,34.641,1,2.531,1,1932.8,1,2.531,1,34.641,1
5905619,2025-12-02T18:25:47Z,1,-47.47614,151.97983,1,1934.85,1,34.641,1,2.53,1,1934.85,1,2.53,1,34.641,1
5905619,2025-12-02T18:25:47Z,1,-47.47614,151.97983,1,1936.85,1,34.642,1,2.527,1,1936.85,1,2.527,1,34.642,1
5905619,2025-12-02T18:25:47Z,1,-47.47614,151.97983,1,1938.85,1,34.642,1,2.527,1,1938.85,1,2.527,1,34.642,1
5905619,2025-12-02T18:25:47Z,1,-47.47614,151.97983,1,1940.9,1,34.644,1,2.523,1,1940.9,1,2.523,1,34.644,1
5905619,2025-12-02T18:25:47Z,1,-47.47614,151.97983,1,1942.9,1,34.644,1,2.522,1,1942.9,1,2.522,1,34.644,1
5905619,2025-12-02T18:25:47Z,1,-47.47614,151.97983,1,1944.85,1,34.645,1,2.52,1,1944.85,1,2.52,1,34.645,1
5905619,2025-12-02T18:25:47Z,1,-47.47614,151.97983,1,1946.8,1,34.644,1,2.52,1,1946.8,1,2.52,1,34.644,1
5905619,2025-12-02T18:25:47Z,1,-47.47614,151.97983,1,1949.2,1,34.645,1,2.518,1,1949.2,1,2.518,1,34.645,1
5905619,2025-12-02T18:25:47Z,1,-47.47614,151.97983,1,1951.2,1,34.646,1,2.515,1,1951.2,1,2.515,1,34.646,1
5905619,2025-12-02T18:25:47Z,1,-47.47614,151.97983,1,1953.15,1,34.646,1,2.514,1,1953.15,1,2.514,1,34.646,1
5905619,2025-12-02T18:25:47Z,1,-47.47614,151.97983,1,1955.15,1,34.646,1,2.513,1,1955.15,1,2.513,1,34.646,1
5905619,2025-12-02T18:25:47Z,1,-47.47614,151.97983,1,1957.15,1,34.647,1,2.51,1,1957.15,1,2.51,1,34.647,1
5905619,2025-12-02T18:25:47Z,1,-47.47614,151.97983,1,1959.1,1,34.648,1,2.506,1,1959.1,1,2.506,1,34.648,1
5905619,2025-12-02T18:25:47Z,1,-47.47614,151.97983,1,1961.15,1,34.649,1,2.504,1,1961.15,1,2.504,1,34.649,1
5905619,2025-12-02T18:25:47Z,1,-47.47614,151.97983,1,1963.15,1,34.65,1,2.501,1,1963.15,1,2.501,1,34.65,1
5905619,2025-12-02T18:25:47Z,1,-47.47614,151.97983,1,1964.8,1,34.65,1,2.499,1,1964.8,1,2.499,1,34.65,1
5905619,2025-12-02T18:25:47Z,1,-47.47614,151.97983,1,1966.85,1,34.65,1,2.499,1,1966.85,1,2.499,1,34.65,1
5905619,2025-12-02T18:25:47Z,1,-47.47614,151.97983,1,1968.85,1,34.65,1,2.5,1,1968.85,1,2.5,1,34.65,1
5905619,2025-12-02T18:25:47Z,1,-47.47614,151.97983,1,1970.9,1,34.651,1,2.498,1,1970.9,1,2.498,1,34.651,1
5905619,2025-12-02T18:25:47Z,1,-47.47614,151.97983,1,1972.95,1,34.651,1,2.496,1,1972.95,1,2.496,1,34.651,1
5905619,2025-12-02T18:25:47Z,1,-47.47614,151.97983,1,1975.0,1,34.651,1,2.496,1,1975.0,1,2.496,1,34.651,1
5905619,2025-12-02T18:25:47Z,1,-47.47614,151.97983,1,1977.05,1,34.652,1,2.495,1,1977.05,1,2.495,1,34.652,1
5905619,2025-12-02T18:25:47Z,1,-47.47614,151.97983,1,1979.1,1,34.653,1,2.493,1,1979.1,1,2.493,1,34.653,1
5905619,2025-12-02T18:25:47Z,1,-47.47614,151.97983,1,1981.2,1,34.653,1,2.49,1,1981.2,1,2.49,1,34.653,1
5905619,2025-12-02T18:25:47Z,1,-47.47614,151.97983,1,1982.9,1,34.654,1,2.488,1,1982.9,1,2.488,1,34.654,1
5905619,2025-12-02T18:25:47Z,1,-47.47614,151.97983,1,1985.0,1,34.654,1,2.486,1,1985.0,1,2.486,1,34.654,1
5905619,2025-12-02T18:25:47Z,1,-47.47614,151.97983,1,1987.1,1,34.654,1,2.486,1,1987.1,1,2.486,1,34.654,1
5905619,2025-12-02T18:25:47Z,1,-47.47614,151.97983,1,1988.8,1,34.655,1,2.485,1,1988.8,1,2.485,1,34.655,1
5905619,2025-12-02T18:25:47Z,1,-47.47614,151.97983,1,1990.9,1,34.656,1,2.481,1,1990.9,1,2.481,1,34.656,1
5905619,2025-12-02T18:25:47Z,1,-47.47614,151.97983,1,1993.0,1,34.656,1,2.48,1,1993.0,1,2.48,1,34.656,1
5905619,2025-12-02T18:25:47Z,1,-47.47614,151.97983,1,1995.1,1,34.657,1,2.479,1,1995.1,1,2.479,1,34.657,1
5905619,2025-12-02T18:25:47Z,1,-47.47614,151.97983,1,1997.25,1,34.658,1,2.475,1,1997.25,1,2.475,1,34.658,1
5905619,2025-12-02T18:25:47Z,1,-47.47614,151.97983,1,1998.95,1,34.658,1,2.474,1,1998.95,1,2.474,1,34.658,1
5905619,2025-12-02T18:25:47Z,1,-47.47614,151.97983,1,2001.1,1,34.659,1,2.471,1,2001.1,1,2.471,1,34.659,1
5905619,2025-12-02T18:25:47Z,1,-47.47614,151.97983,1,2003.25,1,34.659,1,2.47,1,2003.25,1,2.47,1,34.659,1
5905619,2025-12-02T18:25:47Z,1,-47.47614,151.97983,1,2005.0,1,34.659,1,2.47,1,2005.0,1,2.47,1,34.659,1
5905619,2025-12-02T18:25:47Z,1,-47.47614,151.97983,1,2006.7,1,34.66,1,2.469,1,2006.7,1,2.469,1,34.66,1
5905619,2025-12-02T18:25:47Z,1,-47.47614,151.97983,1,2008.9,1,34.66,1,2.465,1,2008.9,1,2.465,1,34.66,1
5905619,2025-12-02T18:25:47Z,1,-47.47614,151.97983,1,2011.05,1,34.66,1,2.463,1,2011.05,1,2.463,1,34.66,1
5905619,2025-12-02T18:25:47Z,1,-47.47614,151.97983,1,2012.8,1,34.66,1,2.462,1,2012.8,1,2.462,1,34.66,1
5905619,2025-12-02T18:25:47Z,1,-47.47614,151.97983,1,2014.9,1,34.661,1,2.461,1,2014.9,1,2.461,1,34.661,1
5905619,2025-12-02T18:25:47Z,1,-47.47614,151.97983,1,2017.0,1,34.661,1,2.46,1,2017.0,1,2.46,1,34.661,1
5905619,2025-12-02T18:25:47Z,1,-47.47614,151.97983,1,2019.15,1,34.662,1,2.457,1,2019.15,1,2.457,1,34.662,1
5905619,2025-12-02T18:25:47Z,1,-47.47614,151.97983,1,2021.25,1,34.662,1,2.455,1,2021.25,1,2.455,1,34.662,1
5905619,2025-12-02T18:25:47Z,1,-47.47614,151.97983,1,2023.2,1,34.664,1,2.45,1,2023.2,1,2.45,1,34.664,1
5905619,2025-12-02T18:25:47Z,1,-47.47614,151.97983,1,2025.05,1,34.664,1,2.449,1,2025.05,1,2.449,1,34.664,1
5905619,2025-12-02T18:25:47Z,1,-47.47614,151.97983,1,2026.85,1,34.664,1,2.448,1,2026.85,1,2.448,1,34.664,1
5905619,2025-12-02T18:25:47Z,1,-47.47614,151.97983,1,2028.8,1,34.665,1,2.448,1,2028.8,1,2.448,1,34.665,1
5905619,2025-12-12T06:01:19Z,1,-47.31573,151.73293,1,0.9,1,34.919,1,11.344,1,0.9,1,11.344,1,34.919,1
5905619,2025-12-12T06:01:19Z,1,-47.31573,151.73293,1,2.95,1,34.921,1,11.348,1,2.95,1,11.348,1,34.921,1
5905619,2025-12-12T06:01:19Z,1,-47.31573,151.73293,1,5.0,1,34.921,1,11.345,1,5.0,1,11.345,1,34.921,1
5905619,2025-12-12T06:01:19Z,1,-47.31573,151.73293,1,6.75,1,34.92,1,11.347,1,6.75,1,11.347,1,34.92,1
5905619,2025-12-12T06:01:19Z,1,-47.31573,151.73293,1,8.65,1,34.92,1,11.344,1,8.65,1,11.344,1,34.92,1
5905619,2025-12-12T06:01:19Z,1,-47.31573,151.73293,1,10.6,1,34.92,1,11.326,1,10.6,1,11.326,1,34.92,1
5905619,2025-12-12T06:01:19Z,1,-47.31573,151.73293,1,13.0,1,34.922,1,11.311,1,13.0,1,11.311,1,34.922,1
5905619,2025-12-12T06:01:19Z,1,-47.31573,151.73293,1,15.45,1,34.919,1,11.304,1,15.45,1,11.304,1,34.919,1
5905619,2025-12-12T06:01:19Z,1,-47.31573,151.73293,1,17.25,1,34.917,1,11.303,1,17.25,1,11.303,1,34.917,1
5905619,2025-12-12T06:01:19Z,1,-47.31573,151.73293,1,19.1,1,34.92,1,11.292,1,19.1,1,11.292,1,34.92,1
5905619,2025-12-12T06:01:19Z,1,-47.31573,151.73293,1,20.95,1,34.921,1,11.262,1,20.95,1,11.262,1,34.921,1
5905619,2025-12-12T06:01:19Z,1,-47.31573,151.73293,1,22.8,1,34.931,1,11.208,1,22.8,1,11.208,1,34.931,1
5905619,2025-12-12T06:01:19Z,1,-47.31573,151.73293,1,24.65,1,34.93,1,11.184,1,24.65,1,11.184,1,34.93,1
5905619,2025-12-12T06:01:19Z,1,-47.31573,151.73293,1,26.9,1,34.931,1,11.182,1,26.9,1,11.182,1,34.931,1
5905619,2025-12-12T06:01:19Z,1,-47.31573,151.73293,1,29.15,1,34.931,1,11.179,1,29.15,1,11.179,1,34.931,1
5905619,2025-12-12T06:01:19Z,1,-47.31573,151.73293,1,30.95,1,34.93,1,11.178,1,30.95,1,11.178,1,34.93,1
5905619,2025-12-12T06:01:19Z,1,-47.31573,151.73293,1,32.7,1,34.931,1,11.176,1,32.7,1,11.176,1,34.931,1
5905619,2025-12-12T06:01:19Z,1,-47.31573,151.73293,1,34.95,1,34.931,1,11.175,1,34.95,1,11.175,1,34.931,1
5905619,2025-12-12T06:01:19Z,1,-47.31573,151.73293,1,37.2,1,34.932,1,11.175,1,37.2,1,11.175,1,34.932,1
5905619,2025-12-12T06:01:19Z,1,-47.31573,151.73293,1,38.95,1,34.931,1,11.176,1,38.95,1,11.176,1,34.931,1
5905619,2025-12-12T06:01:19Z,1,-47.31573,151.73293,1,40.7,1,34.931,1,11.176,1,40.7,1,11.176,1,34.931,1
5905619,2025-12-12T06:01:19Z,1,-47.31573,151.73293,1,42.95,1,34.932,1,11.175,1,42.95,1,11.175,1,34.932,1
5905619,2025-12-12T06:01:19Z,1,-47.31573,151.73293,1,45.2,1,34.931,1,11.174,1,45.2,1,11.174,1,34.931,1
5905619,2025-12-12T06:01:19Z,1,-47.31573,151.73293,1,47.0,1,34.932,1,11.173,1,47.0,1,11.173,1,34.932,1
5905619,2025-12-12T06:01:19Z,1,-47.31573,151.73293,1,48.8,1,34.932,1,11.172,1,48.8,1,11.172,1,34.932,1
5905619,2025-12-12T06:01:19Z,1,-47.31573,151.73293,1,51.1,1,34.932,1,11.172,1,51.1,1,11.172,1,34.932,1
5905619,2025-12-12T06:01:19Z,1,-47.31573,151.73293,1,53.35,1,34.933,1,11.172,1,53.35,1,11.172,1,34.933,1
5905619,2025-12-12T06:01:19Z,1,-47.31573,151.73293,1,55.2,1,34.933,1,11.171,1,55.2,1,11.171,1,34.933,1
5905619,2025-12-12T06:01:19Z,1,-47.31573,151.73293,1,57.05,1,34.933,1,11.17,1,57.05,1,11.17,1,34.933,1
5905619,2025-12-12T06:01:19Z,1,-47.31573,151.73293,1,58.9,1,34.934,1,11.167,1,58.9,1,11.167,1,34.934,1
5905619,2025-12-12T06:01:19Z,1,-47.31573,151.73293,1,60.75,1,34.933,1,11.163,1,60.75,1,11.163,1,34.933,1
5905619,2025-12-12T06:01:19Z,1,-47.31573,151.73293,1,62.6,1,34.933,1,11.16,1,62.6,1,11.16,1,34.933,1
5905619,2025-12-12T06:01:19Z,1,-47.31573,151.73293,1,64.9,1,34.932,1,11.157,1,64.9,1,11.157,1,34.932,1
5905619,2025-12-12T06:01:19Z,1,-47.31573,151.73293,1,67.2,1,34.932,1,11.149,1,67.2,1,11.149,1,34.932,1
5905619,2025-12-12T06:01:19Z,1,-47.31573,151.73293,1,69.05,1,34.93,1,11.14,1,69.05,1,11.14,1,34.93,1
5905619,2025-12-12T06:01:19Z,1,-47.31573,151.73293,1,70.9,1,34.931,1,11.134,1,70.9,1,11.134,1,34.931,1
5905619,2025-12-12T06:01:19Z,1,-47.31573,151.73293,1,72.75,1,34.931,1,11.132,1,72.75,1,11.132,1,34.931,1
5905619,2025-12-12T06:01:19Z,1,-47.31573,151.73293,1,74.65,1,34.931,1,11.129,1,74.65,1,11.129,1,34.931,1
5905619,2025-12-12T06:01:19Z,1,-47.31573,151.73293,1,77.0,1,34.93,1,11.117,1,77.0,1,11.117,1,34.93,1
5905619,2025-12-12T06:01:19Z,1,-47.31573,151.73293,1,79.35,1,34.928,1,11.11,1,79.35,1,11.11,1,34.928,1
5905619,2025-12-12T06:01:19Z,1,-47.31573,151.73293,1,81.25,1,34.928,1,11.106,1,81.25,1,11.106,1,34.928,1
5905619,2025-12-12T06:01:19Z,1,-47.31573,151.73293,1,83.15,1,34.927,1,11.103,1,83.15,1,11.103,1,34.927,1
5905619,2025-12-12T06:01:19Z,1,-47.31573,151.73293,1,85.05,1,34.927,1,11.098,1,85.05,1,11.098,1,34.927,1
5905619,2025-12-12T06:01:19Z,1,-47.31573,151.73293,1,86.9,1,34.925,1,11.075,1,86.9,1,11.075,1,34.925,1
5905619,2025-12-12T06:01:19Z,1,-47.31573,151.73293,1,88.75,1,34.918,1,11.042,1,88.75,1,11.042,1,34.918,1
5905619,2025-12-12T06:01:19Z,1,-47.31573,151.73293,1,91.05,1,34.915,1,10.987,1,91.05,1,10.987,1,34.915,1
5905619,2025-12-12T06:01:19Z,1,-47.31573,151.73293,1,93.35,1,34.914,1,10.957,1,93.35,1,10.957,1,34.914,1
5905619,2025-12-12T06:01:19Z,1,-47.31573,151.73293,1,95.15,1,34.909,1,10.942,1,95.15,1,10.942,1,34.909,1
5905619,2025-12-12T06:01:19Z,1,-47.31573,151.73293,1,97.0,1,34.904,1,10.908,1,97.0,1,10.908,1,34.904,1
5905619,2025-12-12T06:01:19Z,1,-47.31573,151.73293,1,98.85,1,34.903,1,10.894,1,98.85,1,10.894,1,34.903,1
5905619,2025-12-12T06:01:19Z,1,-47.31573,151.73293,1,100.75,1,34.9,1,10.884,1,100.75,1,10.884,1,34.9,1
5905619,2025-12-12T06:01:19Z,1,-47.31573,151.73293,1,102.7,1,34.901,1,10.878,1,102.7,1,10.878,1,34.901,1
5905619,2025-12-12T06:01:19Z,1,-47.31573,151.73293,1,104.6,1,34.898,1,10.859,1,104.6,1,10.859,1,34.898,1
5905619,2025-12-12T06:01:19Z,1,-47.31573,151.73293,1,107.0,1,34.89,1,10.82,1,107.0,1,10.82,1,34.89,1
5905619,2025-12-12T06:01:19Z,1,-47.31573,151.73293,1,109.4,1,34.886,1,10.761,1,109.4,1,10.761,1,34.886,1
5905619,2025-12-12T06:01:19Z,1,-47.31573,151.73293,1,111.3,1,34.877,1,10.698,1,111.3,1,10.698,1,34.877,1
5905619,2025-12-12T06:01:19Z,1,-47.31573,151.73293,1,113.25,1,34.871,1,10.635,1,113.25,1,10.635,1,34.871,1
5905619,2025-12-12T06:01:19Z,1,-47.31573,151.73293,1,115.2,1,34.875,1,10.645,1,115.2,1,10.645,1,34.875,1
5905619,2025-12-12T06:01:19Z,1,-47.31573,151.73293,1,117.15,1,34.89,1,10.701,1,117.15,1,10.701,1,34.89,1
5905619,2025-12-12T06:01:19Z,1,-47.31573,151.73293,1,119.15,1,34.899,1,10.743,1,119.15,1,10.743,1,34.899,1
5905619,2025-12-12T06:01:19Z,1,-47.31573,151.73293,1,121.15,1,34.897,1,10.716,1,121.15,1,10.716,1,34.897,1
5905619,2025-12-12T06:01:19Z,1,-47.31573,151.73293,1,123.1,1,34.886,1,10.675,1,123.1,1,10.675,1,34.886,1
5905619,2025-12-12T06:01:19Z,1,-47.31573,151.73293,1,125.1,1,34.872,1,10.603,1,125.1,1,10.603,1,34.872,1
5905619,2025-12-12T06:01:19Z,1,-47.31573,151.73293,1,127.1,1,34.865,1,10.559,1,127.1,1,10.559,1,34.865,1
5905619,2025-12-12T06:01:19Z,1,-47.31573,151.73293,1,129.1,1,34.863,1,10.552,1,129.1,1,10.552,1,34.863,1
5905619,2025-12-12T06:01:19Z,1,-47.31573,151.73293,1,131.1,1,34.861,1,10.53,1,131.1,1,10.53,1,34.861,1
5905619,2025-12-12T06:01:19Z,1,-47.31573,151.73293,1,133.05,1,34.854,1,10.491,1,133.05,1,10.491,1,34.854,1
5905619,2025-12-12T06:01:19Z,1,-47.31573,151.73293,1,135.05,1,34.852,1,10.48,1,135.05,1,10.48,1,34.852,1
5905619,2025-12-12T06:01:19Z,1,-47.31573,151.73293,1,137.05,1,34.851,1,10.469,1,137.05,1,10.469,1,34.851,1
5905619,2025-12-12T06:01:19Z,1,-47.31573,151.73293,1,139.05,1,34.849,1,10.462,1,139.05,1,10.462,1,34.849,1
5905619,2025-12-12T06:01:19Z,1,-47.31573,151.73293,1,141.0,1,34.848,1,10.453,1,141.0,1,10.453,1,34.848,1
5905619,2025-12-12T06:01:19Z,1,-47.31573,151.73293,1,143.0,1,34.847,1,10.449,1,143.0,1,10.449,1,34.847,1
5905619,2025-12-12T06:01:19Z,1,-47.31573,151.73293,1,145.0,1,34.845,1,10.441,1,145.0,1,10.441,1,34.845,1
5905619,2025-12-12T06:01:19Z,1,-47.31573,151.73293,1,147.05,1,34.842,1,10.41,1,147.05,1,10.41,1,34.842,1
5905619,2025-12-12T06:01:19Z,1,-47.31573,151.73293,1,149.05,1,34.84,1,10.396,1,149.05,1,10.396,1,34.84,1
5905619,2025-12-12T06:01:19Z,1,-47.31573,151.73293,1,151.1,1,34.839,1,10.387,1,151.1,1,10.387,1,34.839,1
5905619,2025-12-12T06:01:19Z,1,-47.31573,151.73293,1,153.15,1,34.836,1,10.371,1,153.15,1,10.371,1,34.836,1
5905619,2025-12-12T06:01:19Z,1,-47.31573,151.73293,1,155.25,1,34.835,1,10.367,1,155.25,1,10.367,1,34.835,1
5905619,2025-12-12T06:01:19Z,1,-47.31573,151.73293,1,157.35,1,34.835,1,10.367,1,157.35,1,10.367,1,34.835,1
5905619,2025-12-12T06:01:19Z,1,-47.31573,151.73293,1,159.45,1,34.834,1,10.363,1,159.45,1,10.363,1,34.834,1
5905619,2025-12-12T06:01:19Z,1,-47.31573,151.73293,1,161.05,1,34.833,1,10.36,1,161.05,1,10.36,1,34.833,1
5905619,2025-12-12T06:01:19Z,1,-47.31573,151.73293,1,162.65,1,34.831,1,10.352,1,162.65,1,10.352,1,34.831,1
5905619,2025-12-12T06:01:19Z,1,-47.31573,151.73293,1,164.75,1,34.831,1,10.342,1,164.75,1,10.342,1,34.831,1
5905619,2025-12-12T06:01:19Z,1,-47.31573,151.73293,1,166.9,1,34.828,1,10.334,1,166.9,1,10.334,1,34.828,1
5905619,2025-12-12T06:01:19Z,1,-47.31573,151.73293,1,169.05,1,34.827,1,10.325,1,169.05,1,10.325,1,34.827,1
5905619,2025-12-12T06:01:19Z,1,-47.31573,151.73293,1,171.2,1,34.823,1,10.301,1,171.2,1,10.301,1,34.823,1
5905619,2025-12-12T06:01:19Z,1,-47.31573,151.73293,1,173.35,1,34.819,1,10.279,1,173.35,1,10.279,1,34.819,1
5905619,2025-12-12T06:01:19Z,1,-47.31573,151.73293,1,175.0,1,34.822,1,10.258,1,175.0,1,10.258,1,34.822,1
5905619,2025-12-12T06:01:19Z,1,-47.31573,151.73293,1,176.6,1,34.815,1,10.251,1,176.6,1,10.251,1,34.815,1
5905619,2025-12-12T06:01:19Z,1,-47.31573,151.73293,1,178.8,1,34.813,1,10.241,1,178.8,1,10.241,1,34.813,1
5905619,2025-12-12T06:01:19Z,1,-47.31573,151.73293,1,181.0,1,34.811,1,10.225,1,181.0,1,10.225,1,34.811,1
5905619,2025-12-12T06:01:19Z,1,-47.31573,151.73293,1,183.15,1,34.807,1,10.212,1,183.15,1,10.212,1,34.807,1
5905619,2025-12-12T06:01:19Z,1,-47.31573,151.73293,1,185.35,1,34.806,1,10.19,1,185.35,1,10.19,1,34.806,1
5905619,2025-12-12T06:01:19Z,1,-47.31573,151.73293,1,187.0,1,34.803,1,10.177,1,187.0,1,10.177,1,34.803,1
5905619,2025-12-12T06:01:19Z,1,-47.31573,151.73293,1,188.6,1,34.801,1,10.172,1,188.6,1,10.172,1,34.801,1
5905619,2025-12-12T06:01:19Z,1,-47.31573,151.73293,1,190.75,1,34.8,1,10.17,1,190.75,1,10.17,1,34.8,1
5905619,2025-12-12T06:01:19Z,1,-47.31573,151.73293,1,192.95,1,34.799,1,10.156,1,192.95,1,10.156,1,34.799,1
5905619,2025-12-12T06:01:19Z,1,-47.31573,151.73293,1,195.1,1,34.797,1,10.146,1,195.1,1,10.146,1,34.797,1
5905619,2025-12-12T06:01:19Z,1,-47.31573,151.73293,1,197.25,1,34.796,1,10.144,1,197.25,1,10.144,1,34.796,1
5905619,2025-12-12T06:01:19Z,1,-47.31573,151.73293,1,199.45,1,34.794,1,10.131,1,199.45,1,10.131,1,34.794,1
5905619,2025-12-12T06:01:19Z,1,-47.31573,151.73293,1,201.05,1,34.794,1,10.123,1,201.05,1,10.123,1,34.794,1
5905619,2025-12-12T06:01:19Z,1,-47.31573,151.73293,1,202.65,1,34.792,1,10.117,1,202.65,1,10.117,1,34.792,1
5905619,2025-12-12T06:01:19Z,1,-47.31573,151.73293,1,204.75,1,34.791,1,10.108,1,204.75,1,10.108,1,34.791,1
5905619,2025-12-12T06:01:19Z,1,-47.31573,151.73293,1,206.9,1,34.79,1,10.103,1,206.9,1,10.103,1,34.79,1
5905619,2025-12-12T06:01:19Z,1,-47.31573,151.73293,1,209.0,1,34.789,1,10.1,1,209.0,1,10.1,1,34.789,1
5905619,2025-12-12T06:01:19Z,1,-47.31573,151.73293,1,211.15,1,34.789,1,10.099,1,211.15,1,10.099,1,34.789,1
5905619,2025-12-12T06:01:19Z,1,-47.31573,151.73293,1,213.25,1,34.786,1,10.086,1,213.25,1,10.086,1,34.786,1
5905619,2025-12-12T06:01:19Z,1,-47.31573,151.73293,1,215.4,1,34.785,1,10.079,1,215.4,1,10.079,1,34.785,1
5905619,2025-12-12T06:01:19Z,1,-47.31573,151.73293,1,216.95,1,34.784,1,10.073,1,216.95,1,10.073,1,34.784,1
5905619,2025-12-12T06:01:19Z,1,-47.31573,151.73293,1,218.55,1,34.784,1,10.07,1,218.55,1,10.07,1,34.784,1
5905619,2025-12-12T06:01:19Z,1,-47.31573,151.73293,1,220.65,1,34.783,1,10.066,1,220.65,1,10.066,1,34.783,1
5905619,2025-12-12T06:01:19Z,1,-47.31573,151.73293,1,222.8,1,34.783,1,10.065,1,222.8,1,10.065,1,34.783,1
5905619,2025-12-12T06:01:19Z,1,-47.31573,151.73293,1,224.9,1,34.782,1,10.06,1,224.9,1,10.06,1,34.782,1
5905619,2025-12-12T06:01:19Z,1,-47.31573,151.73293,1,227.0,1,34.781,1,10.055,1,227.0,1,10.055,1,34.781,1
5905619,2025-12-12T06:01:19Z,1,-47.31573,151.73293,1,229.1,1,34.78,1,10.053,1,229.1,1,10.053,1,34.78,1
5905619,2025-12-12T06:01:19Z,1,-47.31573,151.73293,1,231.15,1,34.777,1,10.034,1,231.15,1,10.034,1,34.777,1
5905619,2025-12-12T06:01:19Z,1,-47.31573,151.73293,1,233.25,1,34.775,1,10.023,1,233.25,1,10.023,1,34.775,1
5905619,2025-12-12T06:01:19Z,1,-47.31573,151.73293,1,235.3,1,34.774,1,10.021,1,235.3,1,10.021,1,34.774,1
5905619,2025-12-12T06:01:19Z,1,-47.31573,151.73293,1,237.35,1,34.774,1,10.018,1,237.35,1,10.018,1,34.774,1
5905619,2025-12-12T06:01:19Z,1,-47.31573,151.73293,1,239.4,1,34.774,1,10.015,1,239.4,1,10.015,1,34.774,1
5905619,2025-12-12T06:01:19Z,1,-47.31573,151.73293,1,241.45,1,34.773,1,10.013,1,241.45,1,10.013,1,34.773,1
5905619,2025-12-12T06:01:19Z,1,-47.31573,151.73293,1,243.5,1,34.773,1,10.014,1,243.5,1,10.014,1,34.773,1
5905619,2025-12-12T06:01:19Z,1,-47.31573,151.73293,1,245.0,1,34.775,1,10.015,1,245.0,1,10.015,1,34.775,1
5905619,2025-12-12T06:01:19Z,1,-47.31573,151.73293,1,246.55,1,34.775,1,10.018,1,246.55,1,10.018,1,34.775,1
5905619,2025-12-12T06:01:19Z,1,-47.31573,151.73293,1,248.95,1,34.775,1,10.015,1,248.95,1,10.015,1,34.775,1
5905619,2025-12-12T06:01:19Z,1,-47.31573,151.73293,1,251.05,1,34.775,1,10.014,1,251.05,1,10.014,1,34.775,1
5905619,2025-12-12T06:01:19Z,1,-47.31573,151.73293,1,253.0,1,34.775,1,10.016,1,253.0,1,10.016,1,34.775,1
5905619,2025-12-12T06:01:19Z,1,-47.31573,151.73293,1,254.95,1,34.776,1,10.015,1,254.95,1,10.015,1,34.776,1
5905619,2025-12-12T06:01:19Z,1,-47.31573,151.73293,1,256.95,1,34.774,1,9.999,1,256.95,1,9.999,1,34.774,1
5905619,2025-12-12T06:01:19Z,1,-47.31573,151.73293,1,258.9,1,34.774,1,9.996,1,258.9,1,9.996,1,34.774,1
5905619,2025-12-12T06:01:19Z,1,-47.31573,151.73293,1,260.9,1,34.774,1,9.995,1,260.9,1,9.995,1,34.774,1
5905619,2025-12-12T06:01:19Z,1,-47.31573,151.73293,1,262.95,1,34.774,1,9.995,1,262.95,1,9.995,1,34.774,1
5905619,2025-12-12T06:01:19Z,1,-47.31573,151.73293,1,265.0,1,34.775,1,9.996,1,265.0,1,9.996,1,34.775,1
5905619,2025-12-12T06:01:19Z,1,-47.31573,151.73293,1,267.0,1,34.776,1,9.997,1,267.0,1,9.997,1,34.776,1
5905619,2025-12-12T06:01:19Z,1,-47.31573,151.73293,1,269.0,1,34.776,1,9.998,1,269.0,1,9.998,1,34.776,1
5905619,2025-12-12T06:01:19Z,1,-47.31573,151.73293,1,271.05,1,34.78,1,10.012,1,271.05,1,10.012,1,34.78,1
5905619,2025-12-12T06:01:19Z,1,-47.31573,151.73293,1,273.1,1,34.788,1,10.045,1,273.1,1,10.045,1,34.788,1
5905619,2025-12-12T06:01:19Z,1,-47.31573,151.73293,1,275.2,1,34.788,1,10.038,1,275.2,1,10.038,1,34.788,1
5905619,2025-12-12T06:01:19Z,1,-47.31573,151.73293,1,276.85,1,34.785,1,10.029,1,276.85,1,10.029,1,34.785,1
5905619,2025-12-12T06:01:19Z,1,-47.31573,151.73293,1,278.9,1,34.784,1,10.02,1,278.9,1,10.02,1,34.784,1
5905619,2025-12-12T06:01:19Z,1,-47.31573,151.73293,1,280.95,1,34.783,1,10.011,1,280.95,1,10.011,1,34.783,1
5905619,2025-12-12T06:01:19Z,1,-47.31573,151.73293,1,283.05,1,34.778,1,9.99,1,283.05,1,9.99,1,34.778,1
5905619,2025-12-12T06:01:19Z,1,-47.31573,151.73293,1,285.15,1,34.774,1,9.965,1,285.15,1,9.965,1,34.774,1
5905619,2025-12-12T06:01:19Z,1,-47.31573,151.73293,1,286.85,1,34.774,1,9.966,1,286.85,1,9.966,1,34.774,1
5905619,2025-12-12T06:01:19Z,1,-47.31573,151.73293,1,288.95,1,34.772,1,9.958,1,288.95,1,9.958,1,34.772,1
5905619,2025-12-12T06:01:19Z,1,-47.31573,151.73293,1,291.1,1,34.772,1,9.958,1,291.1,1,9.958,1,34.772,1
5905619,2025-12-12T06:01:19Z,1,-47.31573,151.73293,1,292.8,1,34.771,1,9.958,1,292.8,1,9.958,1,34.771,1
5905619,2025-12-12T06:01:19Z,1,-47.31573,151.73293,1,294.95,1,34.772,1,9.957,1,294.95,1,9.957,1,34.772,1
5905619,2025-12-12T06:01:19Z,1,-47.31573,151.73293,1,297.05,1,34.772,1,9.955,1,297.05,1,9.955,1,34.772,1
5905619,2025-12-12T06:01:19Z,1,-47.31573,151.73293,1,298.75,1,34.773,1,9.957,1,298.75,1,9.957,1,34.773,1
5905619,2025-12-12T06:01:19Z,1,-47.31573,151.73293,1,300.9,1,34.772,1,9.955,1,300.9,1,9.955,1,34.772,1
5905619,2025-12-12T06:01:19Z,1,-47.31573,151.73293,1,303.05,1,34.773,1,9.958,1,303.05,1,9.958,1,34.773,1
5905619,2025-12-12T06:01:19Z,1,-47.31573,151.73293,1,304.75,1,34.773,1,9.957,1,304.75,1,9.957,1,34.773,1
5905619,2025-12-12T06:01:19Z,1,-47.31573,151.73293,1,306.95,1,34.769,1,9.948,1,306.95,1,9.948,1,34.769,1
5905619,2025-12-12T06:01:19Z,1,-47.31573,151.73293,1,309.15,1,34.767,1,9.923,1,309.15,1,9.923,1,34.767,1
5905619,2025-12-12T06:01:19Z,1,-47.31573,151.73293,1,310.9,1,34.765,1,9.917,1,310.9,1,9.917,1,34.765,1
5905619,2025-12-12T06:01:19Z,1,-47.31573,151.73293,1,313.1,1,34.764,1,9.914,1,313.1,1,9.914,1,34.764,1
5905619,2025-12-12T06:01:19Z,1,-47.31573,151.73293,1,315.3,1,34.763,1,9.91,1,315.3,1,9.91,1,34.763,1
5905619,2025-12-12T06:01:19Z,1,-47.31573,151.73293,1,317.05,1,34.762,1,9.904,1,317.05,1,9.904,1,34.762,1
5905619,2025-12-12T06:01:19Z,1,-47.31573,151.73293,1,318.85,1,34.763,1,9.893,1,318.85,1,9.893,1,34.763,1
5905619,2025-12-12T06:01:19Z,1,-47.31573,151.73293,1,321.05,1,34.748,1,9.825,1,321.05,1,9.825,1,34.748,1
5905619,2025-12-12T06:01:19Z,1,-47.31573,151.73293,1,323.3,1,34.745,1,9.815,1,323.3,1,9.815,1,34.745,1
5905619,2025-12-12T06:01:19Z,1,-47.31573,151.73293,1,325.1,1,34.744,1,9.809,1,325.1,1,9.809,1,34.744,1
5905619,2025-12-12T06:01:19Z,1,-47.31573,151.73293,1,326.95,1,34.744,1,9.8,1,326.95,1,9.8,1,34.744,1
5905619,2025-12-12T06:01:19Z,1,-47.31573,151.73293,1,328.75,1,34.74,1,9.778,1,328.75,1,9.778,1,34.74,1
5905619,2025-12-12T06:01:19Z,1,-47.31573,151.73293,1,331.0,1,34.738,1,9.766,1,331.0,1,9.766,1,34.738,1
5905619,2025-12-12T06:01:19Z,1,-47.31573,151.73293,1,333.25,1,34.737,1,9.761,1,333.25,1,9.761,1,34.737,1
5905619,2025-12-12T06:01:19Z,1,-47.31573,151.73293,1,335.05,1,34.737,1,9.76,1,335.05,1,9.76,1,34.737,1
5905619,2025-12-12T06:01:19Z,1,-47.31573,151.73293,1,336.9,1,34.736,1,9.758,1,336.9,1,9.758,1,34.736,1
5905619,2025-12-12T06:01:19Z,1,-47.31573,151.73293,1,338.7,1,34.736,1,9.754,1,338.7,1,9.754,1,34.736,1
5905619,2025-12-12T06:01:19Z,1,-47.31573,151.73293,1,340.95,1,34.733,1,9.737,1,340.95,1,9.737,1,34.733,1
5905619,2025-12-12T06:01:19Z,1,-47.31573,151.73293,1,343.2,1,34.731,1,9.72,1,343.2,1,9.72,1,34.731,1
5905619,2025-12-12T06:01:19Z,1,-47.31573,151.73293,1,345.0,1,34.729,1,9.713,1,345.0,1,9.713,1,34.729,1
5905619,2025-12-12T06:01:19Z,1,-47.31573,151.73293,1,346.8,1,34.729,1,9.709,1,346.8,1,9.709,1,34.729,1
5905619,2025-12-12T06:01:19Z,1,-47.31573,151.73293,1,349.05,1,34.727,1,9.7,1,349.05,1,9.7,1,34.727,1
5905619,2025-12-12T06:01:19Z,1,-47.31573,151.73293,1,351.3,1,34.725,1,9.688,1,351.3,1,9.688,1,34.725,1
5905619,2025-12-12T06:01:19Z,1,-47.31573,151.73293,1,353.1,1,34.723,1,9.676,1,353.1,1,9.676,1,34.723,1
5905619,2025-12-12T06:01:19Z,1,-47.31573,151.73293,1,354.95,1,34.721,1,9.665,1,354.95,1,9.665,1,34.721,1
5905619,2025-12-12T06:01:19Z,1,-47.31573,151.73293,1,356.8,1,34.721,1,9.658,1,356.8,1,9.658,1,34.721,1
5905619,2025-12-12T06:01:19Z,1,-47.31573,151.73293,1,359.1,1,34.72,1,9.656,1,359.1,1,9.656,1,34.72,1
5905619,2025-12-12T06:01:19Z,1,-47.31573,151.73293,1,361.4,1,34.719,1,9.655,1,361.4,1,9.655,1,34.719,1
5905619,2025-12-12T06:01:19Z,1,-47.31573,151.73293,1,363.3,1,34.719,1,9.656,1,363.3,1,9.656,1,34.719,1
5905619,2025-12-12T06:01:19Z,1,-47.31573,151.73293,1,365.15,1,34.718,1,9.646,1,365.15,1,9.646,1,34.718,1
5905619,2025-12-12T06:01:19Z,1,-47.31573,151.73293,1,367.0,1,34.717,1,9.643,1,367.0,1,9.643,1,34.717,1
5905619,2025-12-12T06:01:19Z,1,-47.31573,151.73293,1,368.9,1,34.717,1,9.64,1,368.9,1,9.64,1,34.717,1
5905619,2025-12-12T06:01:19Z,1,-47.31573,151.73293,1,370.75,1,34.715,1,9.635,1,370.75,1,9.635,1,34.715,1
5905619,2025-12-12T06:01:19Z,1,-47.31573,151.73293,1,372.6,1,34.715,1,9.623,1,372.6,1,9.623,1,34.715,1
5905619,2025-12-12T06:01:19Z,1,-47.31573,151.73293,1,374.95,1,34.712,1,9.617,1,374.95,1,9.617,1,34.712,1
5905619,2025-12-12T06:01:19Z,1,-47.31573,151.73293,1,377.3,1,34.71,1,9.603,1,377.3,1,9.603,1,34.71,1
5905619,2025-12-12T06:01:19Z,1,-47.31573,151.73293,1,379.2,1,34.703,1,9.577,1,379.2,1,9.577,1,34.703,1
5905619,2025-12-12T06:01:19Z,1,-47.31573,151.73293,1,381.1,1,34.704,1,9.566,1,381.1,1,9.566,1,34.704,1
5905619,2025-12-12T06:01:19Z,1,-47.31573,151.73293,1,383.0,1,34.703,1,9.564,1,383.0,1,9.564,1,34.703,1
5905619,2025-12-12T06:01:19Z,1,-47.31573,151.73293,1,384.95,1,34.704,1,9.563,1,384.95,1,9.563,1,34.704,1
5905619,2025-12-12T06:01:19Z,1,-47.31573,151.73293,1,386.9,1,34.702,1,9.556,1,386.9,1,9.556,1,34.702,1
5905619,2025-12-12T06:01:19Z,1,-47.31573,151.73293,1,388.75,1,34.7,1,9.54,1,388.75,1,9.54,1,34.7,1
5905619,2025-12-12T06:01:19Z,1,-47.31573,151.73293,1,390.65,1,34.697,1,9.527,1,390.65,1,9.527,1,34.697,1
5905619,2025-12-12T06:01:19Z,1,-47.31573,151.73293,1,393.05,1,34.697,1,9.52,1,393.05,1,9.52,1,34.697,1
5905619,2025-12-12T06:01:19Z,1,-47.31573,151.73293,1,395.45,1,34.692,1,9.494,1,395.45,1,9.494,1,34.692,1
5905619,2025-12-12T06:01:19Z,1,-47.31573,151.73293,1,397.35,1,34.692,1,9.495,1,397.35,1,9.495,1,34.692,1
5905619,2025-12-12T06:01:19Z,1,-47.31573,151.73293,1,399.3,1,34.692,1,9.495,1,399.3,1,9.495,1,34.692,1
5905619,2025-12-12T06:01:19Z,1,-47.31573,151.73293,1,401.2,1,34.692,1,9.494,1,401.2,1,9.494,1,34.692,1
5905619,2025-12-12T06:01:19Z,1,-47.31573,151.73293,1,403.15,1,34.692,1,9.492,1,403.15,1,9.492,1,34.692,1
5905619,2025-12-12T06:01:19Z,1,-47.31573,151.73293,1,405.05,1,34.692,1,9.491,1,405.05,1,9.491,1,34.692,1
5905619,2025-12-12T06:01:19Z,1,-47.31573,151.73293,1,406.95,1,34.691,1,9.49,1,406.95,1,9.49,1,34.691,1
5905619,2025-12-12T06:01:19Z,1,-47.31573,151.73293,1,408.85,1,34.691,1,9.486,1,408.85,1,9.486,1,34.691,1
5905619,2025-12-12T06:01:19Z,1,-47.31573,151.73293,1,410.75,1,34.69,1,9.483,1,410.75,1,9.483,1,34.69,1
5905619,2025-12-12T06:01:19Z,1,-47.31573,151.73293,1,412.65,1,34.69,1,9.48,1,412.65,1,9.48,1,34.69,1
5905619,2025-12-12T06:01:19Z,1,-47.31573,151.73293,1,414.95,1,34.689,1,9.475,1,414.95,1,9.475,1,34.689,1
5905619,2025-12-12T06:01:19Z,1,-47.31573,151.73293,1,417.3,1,34.687,1,9.464,1,417.3,1,9.464,1,34.687,1
5905619,2025-12-12T06:01:19Z,1,-47.31573,151.73293,1,419.2,1,34.687,1,9.459,1,419.2,1,9.459,1,34.687,1
5905619,2025-12-12T06:01:19Z,1,-47.31573,151.73293,1,421.05,1,34.686,1,9.457,1,421.05,1,9.457,1,34.686,1
5905619,2025-12-12T06:01:19Z,1,-47.31573,151.73293,1,422.95,1,34.684,1,9.453,1,422.95,1,9.453,1,34.684,1
5905619,2025-12-12T06:01:19Z,1,-47.31573,151.73293,1,424.85,1,34.685,1,9.449,1,424.85,1,9.449,1,34.685,1
5905619,2025-12-12T06:01:19Z,1,-47.31573,151.73293,1,426.7,1,34.683,1,9.441,1,426.7,1,9.441,1,34.683,1
5905619,2025-12-12T06:01:19Z,1,-47.31573,151.73293,1,429.05,1,34.683,1,9.438,1,429.05,1,9.438,1,34.683,1
5905619,2025-12-12T06:01:19Z,1,-47.31573,151.73293,1,431.4,1,34.679,1,9.429,1,431.4,1,9.429,1,34.679,1
5905619,2025-12-12T06:01:19Z,1,-47.31573,151.73293,1,433.3,1,34.676,1,9.398,1,433.3,1,9.398,1,34.676,1
5905619,2025-12-12T06:01:19Z,1,-47.31573,151.73293,1,435.15,1,34.675,1,9.393,1,435.15,1,9.393,1,34.675,1
5905619,2025-12-12T06:01:19Z,1,-47.31573,151.73293,1,437.0,1,34.674,1,9.381,1,437.0,1,9.381,1,34.674,1
5905619,2025-12-12T06:01:19Z,1,-47.31573,151.73293,1,438.9,1,34.671,1,9.364,1,438.9,1,9.364,1,34.671,1
5905619,2025-12-12T06:01:19Z,1,-47.31573,151.73293,1,440.75,1,34.67,1,9.361,1,440.75,1,9.361,1,34.67,1
5905619,2025-12-12T06:01:19Z,1,-47.31573,151.73293,1,442.65,1,34.67,1,9.361,1,442.65,1,9.361,1,34.67,1
5905619,2025-12-12T06:01:19Z,1,-47.31573,151.73293,1,445.0,1,34.67,1,9.36,1,445.0,1,9.36,1,34.67,1
5905619,2025-12-12T06:01:19Z,1,-47.31573,151.73293,1,447.35,1,34.668,1,9.357,1,447.35,1,9.357,1,34.668,1
5905619,2025-12-12T06:01:19Z,1,-47.31573,151.73293,1,449.25,1,34.663,1,9.33,1,449.25,1,9.33,1,34.663,1
5905619,2025-12-12T06:01:19Z,1,-47.31573,151.73293,1,451.1,1,34.666,1,9.325,1,451.1,1,9.325,1,34.666,1
5905619,2025-12-12T06:01:19Z,1,-47.31573,151.73293,1,453.0,1,34.66,1,9.304,1,453.0,1,9.304,1,34.66,1
5905619,2025-12-12T06:01:19Z,1,-47.31573,151.73293,1,454.9,1,34.657,1,9.285,1,454.9,1,9.285,1,34.657,1
5905619,2025-12-12T06:01:19Z,1,-47.31573,151.73293,1,456.75,1,34.657,1,9.281,1,456.75,1,9.281,1,34.657,1
5905619,2025-12-12T06:01:19Z,1,-47.31573,151.73293,1,458.7,1,34.658,1,9.279,1,458.7,1,9.279,1,34.658,1
5905619,2025-12-12T06:01:19Z,1,-47.31573,151.73293,1,460.65,1,34.656,1,9.272,1,460.65,1,9.272,1,34.656,1
5905619,2025-12-12T06:01:19Z,1,-47.31573,151.73293,1,463.05,1,34.654,1,9.263,1,463.05,1,9.263,1,34.654,1
5905619,2025-12-12T06:01:19Z,1,-47.31573,151.73293,1,465.4,1,34.651,1,9.249,1,465.4,1,9.249,1,34.651,1
5905619,2025-12-12T06:01:19Z,1,-47.31573,151.73293,1,467.3,1,34.653,1,9.251,1,467.3,1,9.251,1,34.653,1
5905619,2025-12-12T06:01:19Z,1,-47.31573,151.73293,1,469.25,1,34.651,1,9.241,1,469.25,1,9.241,1,34.651,1
5905619,2025-12-12T06:01:19Z,1,-47.31573,151.73293,1,471.15,1,34.651,1,9.241,1,471.15,1,9.241,1,34.651,1
5905619,2025-12-12T06:01:19Z,1,-47.31573,151.73293,1,473.1,1,34.652,1,9.237,1,473.1,1,9.237,1,34.652,1
5905619,2025-12-12T06:01:19Z,1,-47.31573,151.73293,1,475.05,1,34.65,1,9.235,1,475.05,1,9.235,1,34.65,1
5905619,2025-12-12T06:01:19Z,1,-47.31573,151.73293,1,477.0,1,34.65,1,9.235,1,477.0,1,9.235,1,34.65,1
5905619,2025-12-12T06:01:19Z,1,-47.31573,151.73293,1,478.9,1,34.65,1,9.235,1,478.9,1,9.235,1,34.65,1
5905619,2025-12-12T06:01:19Z,1,-47.31573,151.73293,1,480.8,1,34.648,1,9.231,1,480.8,1,9.231,1,34.648,1
5905619,2025-12-12T06:01:19Z,1,-47.31573,151.73293,1,482.7,1,34.648,1,9.222,1,482.7,1,9.222,1,34.648,1
5905619,2025-12-12T06:01:19Z,1,-47.31573,151.73293,1,484.6,1,34.647,1,9.218,1,484.6,1,9.218,1,34.647,1
5905619,2025-12-12T06:01:19Z,1,-47.31573,151.73293,1,487.0,1,34.646,1,9.207,1,487.0,1,9.207,1,34.646,1
5905619,2025-12-12T06:01:19Z,1,-47.31573,151.73293,1,489.4,1,34.645,1,9.201,1,489.4,1,9.201,1,34.645,1
5905619,2025-12-12T06:01:19Z,1,-47.31573,151.73293,1,491.35,1,34.644,1,9.197,1,491.35,1,9.197,1,34.644,1
5905619,2025-12-12T06:01:19Z,1,-47.31573,151.73293,1,493.3,1,34.643,1,9.193,1,493.3,1,9.193,1,34.643,1
5905619,2025-12-12T06:01:19Z,1,-47.31573,151.73293,1,495.25,1,34.642,1,9.183,1,495.25,1,9.183,1,34.642,1
5905619,2025-12-12T06:01:19Z,1,-47.31573,151.73293,1,497.2,1,34.641,1,9.176,1,497.2,1,9.176,1,34.641,1
5905619,2025-12-12T06:01:19Z,1,-47.31573,151.73293,1,499.2,1,34.64,1,9.166,1,499.2,1,9.166,1,34.64,1
5905619,2025-12-12T06:01:19Z,1,-47.31573,151.73293,1,501.15,1,34.64,1,9.166,1,501.15,1,9.166,1,34.64,1
5905619,2025-12-12T06:01:19Z,1,-47.31573,151.73293,1,503.15,1,34.64,1,9.163,1,503.15,1,9.163,1,34.64,1
5905619,2025-12-12T06:01:19Z,1,-47.31573,151.73293,1,505.1,1,34.64,1,9.158,1,505.1,1,9.158,1,34.64,1
5905619,2025-12-12T06:01:19Z,1,-47.31573,151.73293,1,507.05,1,34.64,1,9.155,1,507.05,1,9.155,1,34.64,1
5905619,2025-12-12T06:01:19Z,1,-47.31573,151.73293,1,509.05,1,34.641,1,9.158,1,509.05,1,9.158,1,34.641,1
5905619,2025-12-12T06:01:19Z,1,-47.31573,151.73293,1,511.0,1,34.641,1,9.155,1,511.0,1,9.155,1,34.641,1
5905619,2025-12-12T06:01:19Z,1,-47.31573,151.73293,1,512.95,1,34.641,1,9.151,1,512.95,1,9.151,1,34.641,1
5905619,2025-12-12T06:01:19Z,1,-47.31573,151.73293,1,514.9,1,34.641,1,9.15,1,514.9,1,9.15,1,34.641,1
5905619,2025-12-12T06:01:19Z,1,-47.31573,151.73293,1,516.85,1,34.64,1,9.14,1,516.85,1,9.14,1,34.64,1
5905619,2025-12-12T06:01:19Z,1,-47.31573,151.73293,1,518.8,1,34.639,1,9.132,1,518.8,1,9.132,1,34.639,1
5905619,2025-12-12T06:01:19Z,1,-47.31573,151.73293,1,520.75,1,34.638,1,9.119,1,520.75,1,9.119,1,34.638,1
5905619,2025-12-12T06:01:19Z,1,-47.31573,151.73293,1,522.75,1,34.631,1,9.104,1,522.75,1,9.104,1,34.631,1
5905619,2025-12-12T06:01:19Z,1,-47.31573,151.73293,1,524.75,1,34.635,1,9.105,1,524.75,1,9.105,1,34.635,1
5905619,2025-12-12T06:01:19Z,1,-47.31573,151.73293,1,526.75,1,34.635,1,9.106,1,526.75,1,9.106,1,34.635,1
5905619,2025-12-12T06:01:19Z,1,-47.31573,151.73293,1,528.75,1,34.633,1,9.103,1,528.75,1,9.103,1,34.633,1
5905619,2025-12-12T06:01:19Z,1,-47.31573,151.73293,1,530.75,1,34.631,1,9.101,1,530.75,1,9.101,1,34.631,1
5905619,2025-12-12T06:01:19Z,1,-47.31573,151.73293,1,532.75,1,34.631,1,9.093,1,532.75,1,9.093,1,34.631,1
5905619,2025-12-12T06:01:19Z,1,-47.31573,151.73293,1,534.75,1,34.627,1,9.068,1,534.75,1,9.068,1,34.627,1
5905619,2025-12-12T06:01:19Z,1,-47.31573,151.73293,1,536.7,1,34.626,1,9.058,1,536.7,1,9.058,1,34.626,1
5905619,2025-12-12T06:01:19Z,1,-47.31573,151.73293,1,538.7,1,34.625,1,9.053,1,538.7,1,9.053,1,34.625,1
5905619,2025-12-12T06:01:19Z,1,-47.31573,151.73293,1,540.65,1,34.626,1,9.047,1,540.65,1,9.047,1,34.626,1
5905619,2025-12-12T06:01:19Z,1,-47.31573,151.73293,1,542.6,1,34.624,1,9.041,1,542.6,1,9.041,1,34.624,1
5905619,2025-12-12T06:01:19Z,1,-47.31573,151.73293,1,545.0,1,34.623,1,9.03,1,545.0,1,9.03,1,34.623,1
5905619,2025-12-12T06:01:19Z,1,-47.31573,151.73293,1,547.45,1,34.621,1,9.022,1,547.45,1,9.022,1,34.621,1
5905619,2025-12-12T06:01:19Z,1,-47.31573,151.73293,1,549.45,1,34.617,1,9.003,1,549.45,1,9.003,1,34.617,1
5905619,2025-12-12T06:01:19Z,1,-47.31573,151.73293,1,551.4,1,34.616,1,8.982,1,551.4,1,8.982,1,34.616,1
5905619,2025-12-12T06:01:19Z,1,-47.31573,151.73293,1,553.4,1,34.613,1,8.974,1,553.4,1,8.974,1,34.613,1
5905619,2025-12-12T06:01:19Z,1,-47.31573,151.73293,1,555.35,1,34.611,1,8.954,1,555.35,1,8.954,1,34.611,1
5905619,2025-12-12T06:01:19Z,1,-47.31573,151.73293,1,557.35,1,34.609,1,8.944,1,557.35,1,8.944,1,34.609,1
5905619,2025-12-12T06:01:19Z,1,-47.31573,151.73293,1,559.35,1,34.608,1,8.939,1,559.35,1,8.939,1,34.608,1
5905619,2025-12-12T06:01:19Z,1,-47.31573,151.73293,1,561.3,1,34.607,1,8.931,1,561.3,1,8.931,1,34.607,1
5905619,2025-12-12T06:01:19Z,1,-47.31573,151.73293,1,563.3,1,34.607,1,8.93,1,563.3,1,8.93,1,34.607,1
5905619,2025-12-12T06:01:19Z,1,-47.31573,151.73293,1,565.3,1,34.606,1,8.928,1,565.3,1,8.928,1,34.606,1
5905619,2025-12-12T06:01:19Z,1,-47.31573,151.73293,1,567.25,1,34.605,1,8.924,1,567.25,1,8.924,1,34.605,1
5905619,2025-12-12T06:01:19Z,1,-47.31573,151.73293,1,569.2,1,34.604,1,8.916,1,569.2,1,8.916,1,34.604,1
5905619,2025-12-12T06:01:19Z,1,-47.31573,151.73293,1,571.2,1,34.603,1,8.902,1,571.2,1,8.902,1,34.603,1
5905619,2025-12-12T06:01:19Z,1,-47.31573,151.73293,1,573.2,1,34.6,1,8.891,1,573.2,1,8.891,1,34.6,1
5905619,2025-12-12T06:01:19Z,1,-47.31573,151.73293,1,575.15,1,34.599,1,8.882,1,575.15,1,8.882,1,34.599,1
5905619,2025-12-12T06:01:19Z,1,-47.31573,151.73293,1,577.2,1,34.599,1,8.867,1,577.2,1,8.867,1,34.599,1
5905619,2025-12-12T06:01:19Z,1,-47.31573,151.73293,1,579.2,1,34.596,1,8.856,1,579.2,1,8.856,1,34.596,1
5905619,2025-12-12T06:01:19Z,1,-47.31573,151.73293,1,581.25,1,34.594,1,8.841,1,581.25,1,8.841,1,34.594,1
5905619,2025-12-12T06:01:19Z,1,-47.31573,151.73293,1,583.25,1,34.593,1,8.829,1,583.25,1,8.829,1,34.593,1
5905619,2025-12-12T06:01:19Z,1,-47.31573,151.73293,1,585.25,1,34.59,1,8.812,1,585.25,1,8.812,1,34.59,1
5905619,2025-12-12T06:01:19Z,1,-47.31573,151.73293,1,587.3,1,34.588,1,8.798,1,587.3,1,8.798,1,34.588,1
5905619,2025-12-12T06:01:19Z,1,-47.31573,151.73293,1,589.3,1,34.587,1,8.782,1,589.3,1,8.782,1,34.587,1
5905619,2025-12-12T06:01:19Z,1,-47.31573,151.73293,1,591.25,1,34.585,1,8.773,1,591.25,1,8.773,1,34.585,1
5905619,2025-12-12T06:01:19Z,1,-47.31573,151.73293,1,593.25,1,34.583,1,8.757,1,593.25,1,8.757,1,34.583,1
5905619,2025-12-12T06:01:19Z,1,-47.31573,151.73293,1,595.25,1,34.582,1,8.742,1,595.25,1,8.742,1,34.582,1
5905619,2025-12-12T06:01:19Z,1,-47.31573,151.73293,1,597.3,1,34.589,1,8.768,1,597.3,1,8.768,1,34.589,1
5905619,2025-12-12T06:01:19Z,1,-47.31573,151.73293,1,599.3,1,34.589,1,8.76,1,599.3,1,8.76,1,34.589,1
5905619,2025-12-12T06:01:19Z,1,-47.31573,151.73293,1,601.3,1,34.586,1,8.74,1,601.3,1,8.74,1,34.586,1
5905619,2025-12-12T06:01:19Z,1,-47.31573,151.73293,1,603.3,1,34.583,1,8.722,1,603.3,1,8.722,1,34.583,1
5905619,2025-12-12T06:01:19Z,1,-47.31573,151.73293,1,605.25,1,34.581,1,8.707,1,605.25,1,8.707,1,34.581,1
5905619,2025-12-12T06:01:19Z,1,-47.31573,151.73293,1,607.25,1,34.582,1,8.71,1,607.25,1,8.71,1,34.582,1
5905619,2025-12-12T06:01:19Z,1,-47.31573,151.73293,1,609.3,1,34.582,1,8.705,1,609.3,1,8.705,1,34.582,1
5905619,2025-12-12T06:01:19Z,1,-47.31573,151.73293,1,611.3,1,34.579,1,8.693,1,611.3,1,8.693,1,34.579,1
5905619,2025-12-12T06:01:19Z,1,-47.31573,151.73293,1,613.3,1,34.581,1,8.692,1,613.3,1,8.692,1,34.581,1
5905619,2025-12-12T06:01:19Z,1,-47.31573,151.73293,1,615.3,1,34.578,1,8.676,1,615.3,1,8.676,1,34.578,1
5905619,2025-12-12T06:01:19Z,1,-47.31573,151.73293,1,617.3,1,34.574,1,8.643,1,617.3,1,8.643,1,34.574,1
5905619,2025-12-12T06:01:19Z,1,-47.31573,151.73293,1,619.35,1,34.577,1,8.643,1,619.35,1,8.643,1,34.577,1
5905619,2025-12-12T06:01:19Z,1,-47.31573,151.73293,1,621.35,1,34.575,1,8.639,1,621.35,1,8.639,1,34.575,1
5905619,2025-12-12T06:01:19Z,1,-47.31573,151.73293,1,623.35,1,34.575,1,8.636,1,623.35,1,8.636,1,34.575,1
5905619,2025-12-12T06:01:19Z,1,-47.31573,151.73293,1,625.35,1,34.574,1,8.625,1,625.35,1,8.625,1,34.574,1
5905619,2025-12-12T06:01:19Z,1,-47.31573,151.73293,1,627.4,1,34.573,1,8.614,1,627.4,1,8.614,1,34.573,1
5905619,2025-12-12T06:01:19Z,1,-47.31573,151.73293,1,629.35,1,34.573,1,8.601,1,629.35,1,8.601,1,34.573,1
5905619,2025-12-12T06:01:19Z,1,-47.31573,151.73293,1,631.35,1,34.572,1,8.595,1,631.35,1,8.595,1,34.572,1
5905619,2025-12-12T06:01:19Z,1,-47.31573,151.73293,1,633.35,1,34.574,1,8.585,1,633.35,1,8.585,1,34.574,1
5905619,2025-12-12T06:01:19Z,1,-47.31573,151.73293,1,635.4,1,34.573,1,8.582,1,635.4,1,8.582,1,34.573,1
5905619,2025-12-12T06:01:19Z,1,-47.31573,151.73293,1,637.4,1,34.573,1,8.567,1,637.4,1,8.567,1,34.573,1
5905619,2025-12-12T06:01:19Z,1,-47.31573,151.73293,1,639.4,1,34.571,1,8.549,1,639.4,1,8.549,1,34.571,1
5905619,2025-12-12T06:01:19Z,1,-47.31573,151.73293,1,641.45,1,34.57,1,8.542,1,641.45,1,8.542,1,34.57,1
5905619,2025-12-12T06:01:19Z,1,-47.31573,151.73293,1,643.45,1,34.568,1,8.536,1,643.45,1,8.536,1,34.568,1
5905619,2025-12-12T06:01:19Z,1,-47.31573,151.73293,1,645.45,1,34.567,1,8.528,1,645.45,1,8.528,1,34.567,1
5905619,2025-12-12T06:01:19Z,1,-47.31573,151.73293,1,647.0,1,34.566,1,8.524,1,647.0,1,8.524,1,34.566,1
5905619,2025-12-12T06:01:19Z,1,-47.31573,151.73293,1,648.5,1,34.566,1,8.518,1,648.5,1,8.518,1,34.566,1
5905619,2025-12-12T06:01:19Z,1,-47.31573,151.73293,1,650.55,1,34.564,1,8.495,1,650.55,1,8.495,1,34.564,1
5905619,2025-12-12T06:01:19Z,1,-47.31573,151.73293,1,652.6,1,34.561,1,8.476,1,652.6,1,8.476,1,34.561,1
5905619,2025-12-12T06:01:19Z,1,-47.31573,151.73293,1,654.7,1,34.56,1,8.469,1,654.7,1,8.469,1,34.56,1
5905619,2025-12-12T06:01:19Z,1,-47.31573,151.73293,1,656.75,1,34.559,1,8.458,1,656.75,1,8.458,1,34.559,1
5905619,2025-12-12T06:01:19Z,1,-47.31573,151.73293,1,658.75,1,34.558,1,8.431,1,658.75,1,8.431,1,34.558,1
5905619,2025-12-12T06:01:19Z,1,-47.31573,151.73293,1,660.75,1,34.557,1,8.422,1,660.75,1,8.422,1,34.557,1
5905619,2025-12-12T06:01:19Z,1,-47.31573,151.73293,1,662.75,1,34.557,1,8.409,1,662.75,1,8.409,1,34.557,1
5905619,2025-12-12T06:01:19Z,1,-47.31573,151.73293,1,664.75,1,34.556,1,8.398,1,664.75,1,8.398,1,34.556,1
5905619,2025-12-12T06:01:19Z,1,-47.31573,151.73293,1,666.75,1,34.555,1,8.373,1,666.75,1,8.373,1,34.555,1
5905619,2025-12-12T06:01:19Z,1,-47.31573,151.73293,1,668.75,1,34.554,1,8.366,1,668.75,1,8.366,1,34.554,1
5905619,2025-12-12T06:01:19Z,1,-47.31573,151.73293,1,670.7,1,34.551,1,8.354,1,670.7,1,8.354,1,34.551,1
5905619,2025-12-12T06:01:19Z,1,-47.31573,151.73293,1,672.65,1,34.55,1,8.331,1,672.65,1,8.331,1,34.55,1
5905619,2025-12-12T06:01:19Z,1,-47.31573,151.73293,1,674.6,1,34.549,1,8.314,1,674.6,1,8.314,1,34.549,1
5905619,2025-12-12T06:01:19Z,1,-47.31573,151.73293,1,676.6,1,34.549,1,8.304,1,676.6,1,8.304,1,34.549,1
5905619,2025-12-12T06:01:19Z,1,-47.31573,151.73293,1,678.6,1,34.548,1,8.302,1,678.6,1,8.302,1,34.548,1
5905619,2025-12-12T06:01:19Z,1,-47.31573,151.73293,1,681.0,1,34.548,1,8.302,1,681.0,1,8.302,1,34.548,1
5905619,2025-12-12T06:01:19Z,1,-47.31573,151.73293,1,683.4,1,34.547,1,8.302,1,683.4,1,8.302,1,34.547,1
5905619,2025-12-12T06:01:19Z,1,-47.31573,151.73293,1,685.35,1,34.547,1,8.296,1,685.35,1,8.296,1,34.547,1
5905619,2025-12-12T06:01:19Z,1,-47.31573,151.73293,1,687.3,1,34.547,1,8.285,1,687.3,1,8.285,1,34.547,1
5905619,2025-12-12T06:01:19Z,1,-47.31573,151.73293,1,689.2,1,34.545,1,8.278,1,689.2,1,8.278,1,34.545,1
5905619,2025-12-12T06:01:19Z,1,-47.31573,151.73293,1,691.15,1,34.544,1,8.253,1,691.15,1,8.253,1,34.544,1
5905619,2025-12-12T06:01:19Z,1,-47.31573,151.73293,1,693.05,1,34.542,1,8.229,1,693.05,1,8.229,1,34.542,1
5905619,2025-12-12T06:01:19Z,1,-47.31573,151.73293,1,695.0,1,34.541,1,8.218,1,695.0,1,8.218,1,34.541,1
5905619,2025-12-12T06:01:19Z,1,-47.31573,151.73293,1,696.95,1,34.541,1,8.208,1,696.95,1,8.208,1,34.541,1
5905619,2025-12-12T06:01:19Z,1,-47.31573,151.73293,1,698.9,1,34.541,1,8.206,1,698.9,1,8.206,1,34.541,1
5905619,2025-12-12T06:01:19Z,1,-47.31573,151.73293,1,700.85,1,34.54,1,8.202,1,700.85,1,8.202,1,34.54,1
5905619,2025-12-12T06:01:19Z,1,-47.31573,151.73293,1,703.05,1,34.539,1,8.189,1,703.05,1,8.189,1,34.539,1
5905619,2025-12-12T06:01:19Z,1,-47.31573,151.73293,1,704.9,1,34.538,1,8.169,1,704.9,1,8.169,1,34.538,1
5905619,2025-12-12T06:01:19Z,1,-47.31573,151.73293,1,706.8,1,34.536,1,8.145,1,706.8,1,8.145,1,34.536,1
5905619,2025-12-12T06:01:19Z,1,-47.31573,151.73293,1,709.15,1,34.533,1,8.121,1,709.15,1,8.121,1,34.533,1
5905619,2025-12-12T06:01:19Z,1,-47.31573,151.73293,1,711.1,1,34.532,1,8.112,1,711.1,1,8.112,1,34.532,1
5905619,2025-12-12T06:01:19Z,1,-47.31573,151.73293,1,713.1,1,34.53,1,8.096,1,713.1,1,8.096,1,34.53,1
5905619,2025-12-12T06:01:19Z,1,-47.31573,151.73293,1,715.05,1,34.528,1,8.074,1,715.05,1,8.074,1,34.528,1
5905619,2025-12-12T06:01:19Z,1,-47.31573,151.73293,1,717.1,1,34.526,1,8.047,1,717.1,1,8.047,1,34.526,1
5905619,2025-12-12T06:01:19Z,1,-47.31573,151.73293,1,719.1,1,34.525,1,8.005,1,719.1,1,8.005,1,34.525,1
5905619,2025-12-12T06:01:19Z,1,-47.31573,151.73293,1,721.15,1,34.522,1,7.963,1,721.15,1,7.963,1,34.522,1
5905619,2025-12-12T06:01:19Z,1,-47.31573,151.73293,1,723.2,1,34.519,1,7.949,1,723.2,1,7.949,1,34.519,1
5905619,2025-12-12T06:01:19Z,1,-47.31573,151.73293,1,724.85,1,34.519,1,7.939,1,724.85,1,7.939,1,34.519,1
5905619,2025-12-12T06:01:19Z,1,-47.31573,151.73293,1,726.9,1,34.517,1,7.912,1,726.9,1,7.912,1,34.517,1
5905619,2025-12-12T06:01:19Z,1,-47.31573,151.73293,1,729.0,1,34.516,1,7.896,1,729.0,1,7.896,1,34.516,1
5905619,2025-12-12T06:01:19Z,1,-47.31573,151.73293,1,731.05,1,34.515,1,7.877,1,731.05,1,7.877,1,34.515,1
5905619,2025-12-12T06:01:19Z,1,-47.31573,151.73293,1,733.1,1,34.512,1,7.859,1,733.1,1,7.859,1,34.512,1
5905619,2025-12-12T06:01:19Z,1,-47.31573,151.73293,1,734.75,1,34.511,1,7.842,1,734.75,1,7.842,1,34.511,1
5905619,2025-12-12T06:01:19Z,1,-47.31573,151.73293,1,736.9,1,34.511,1,7.828,1,736.9,1,7.828,1,34.511,1
5905619,2025-12-12T06:01:19Z,1,-47.31573,151.73293,1,739.1,1,34.509,1,7.815,1,739.1,1,7.815,1,34.509,1
5905619,2025-12-12T06:01:19Z,1,-47.31573,151.73293,1,740.85,1,34.507,1,7.774,1,740.85,1,7.774,1,34.507,1
5905619,2025-12-12T06:01:19Z,1,-47.31573,151.73293,1,743.05,1,34.503,1,7.725,1,743.05,1,7.725,1,34.503,1
5905619,2025-12-12T06:01:19Z,1,-47.31573,151.73293,1,745.3,1,34.502,1,7.712,1,745.3,1,7.712,1,34.502,1
5905619,2025-12-12T06:01:19Z,1,-47.31573,151.73293,1,747.1,1,34.502,1,7.708,1,747.1,1,7.708,1,34.502,1
5905619,2025-12-12T06:01:19Z,1,-47.31573,151.73293,1,748.9,1,34.5,1,7.698,1,748.9,1,7.698,1,34.5,1
5905619,2025-12-12T06:01:19Z,1,-47.31573,151.73293,1,750.7,1,34.502,1,7.689,1,750.7,1,7.689,1,34.502,1
5905619,2025-12-12T06:01:19Z,1,-47.31573,151.73293,1,753.0,1,34.499,1,7.669,1,753.0,1,7.669,1,34.499,1
5905619,2025-12-12T06:01:19Z,1,-47.31573,151.73293,1,755.25,1,34.497,1,7.643,1,755.25,1,7.643,1,34.497,1
5905619,2025-12-12T06:01:19Z,1,-47.31573,151.73293,1,757.05,1,34.497,1,7.638,1,757.05,1,7.638,1,34.497,1
5905619,2025-12-12T06:01:19Z,1,-47.31573,151.73293,1,758.9,1,34.495,1,7.628,1,758.9,1,7.628,1,34.495,1
5905619,2025-12-12T06:01:19Z,1,-47.31573,151.73293,1,760.75,1,34.495,1,7.621,1,760.75,1,7.621,1,34.495,1
5905619,2025-12-12T06:01:19Z,1,-47.31573,151.73293,1,763.0,1,34.495,1,7.617,1,763.0,1,7.617,1,34.495,1
5905619,2025-12-12T06:01:19Z,1,-47.31573,151.73293,1,765.3,1,34.494,1,7.614,1,765.3,1,7.614,1,34.494,1
5905619,2025-12-12T06:01:19Z,1,-47.31573,151.73293,1,767.15,1,34.494,1,7.611,1,767.15,1,7.611,1,34.494,1
5905619,2025-12-12T06:01:19Z,1,-47.31573,151.73293,1,769.0,1,34.493,1,7.607,1,769.0,1,7.607,1,34.493,1
5905619,2025-12-12T06:01:19Z,1,-47.31573,151.73293,1,770.85,1,34.493,1,7.602,1,770.85,1,7.602,1,34.493,1
5905619,2025-12-12T06:01:19Z,1,-47.31573,151.73293,1,772.65,1,34.491,1,7.593,1,772.65,1,7.593,1,34.491,1
5905619,2025-12-12T06:01:19Z,1,-47.31573,151.73293,1,774.95,1,34.491,1,7.574,1,774.95,1,7.574,1,34.491,1
5905619,2025-12-12T06:01:19Z,1,-47.31573,151.73293,1,777.2,1,34.49,1,7.558,1,777.2,1,7.558,1,34.49,1
5905619,2025-12-12T06:01:19Z,1,-47.31573,151.73293,1,779.0,1,34.487,1,7.534,1,779.0,1,7.534,1,34.487,1
5905619,2025-12-12T06:01:19Z,1,-47.31573,151.73293,1,780.85,1,34.488,1,7.517,1,780.85,1,7.517,1,34.488,1
5905619,2025-12-12T06:01:19Z,1,-47.31573,151.73293,1,782.7,1,34.487,1,7.505,1,782.7,1,7.505,1,34.487,1
5905619,2025-12-12T06:01:19Z,1,-47.31573,151.73293,1,785.0,1,34.486,1,7.483,1,785.0,1,7.483,1,34.486,1
5905619,2025-12-12T06:01:19Z,1,-47.31573,151.73293,1,787.35,1,34.485,1,7.465,1,787.35,1,7.465,1,34.485,1
5905619,2025-12-12T06:01:19Z,1,-47.31573,151.73293,1,789.2,1,34.483,1,7.448,1,789.2,1,7.448,1,34.483,1
5905619,2025-12-12T06:01:19Z,1,-47.31573,151.73293,1,791.1,1,34.482,1,7.436,1,791.1,1,7.436,1,34.482,1
5905619,2025-12-12T06:01:19Z,1,-47.31573,151.73293,1,793.0,1,34.48,1,7.407,1,793.0,1,7.407,1,34.48,1
5905619,2025-12-12T06:01:19Z,1,-47.31573,151.73293,1,794.9,1,34.478,1,7.367,1,794.9,1,7.367,1,34.478,1
5905619,2025-12-12T06:01:19Z,1,-47.31573,151.73293,1,796.8,1,34.477,1,7.362,1,796.8,1,7.362,1,34.477,1
5905619,2025-12-12T06:01:19Z,1,-47.31573,151.73293,1,798.7,1,34.477,1,7.356,1,798.7,1,7.356,1,34.477,1
5905619,2025-12-12T06:01:19Z,1,-47.31573,151.73293,1,800.65,1,34.475,1,7.336,1,800.65,1,7.336,1,34.475,1
5905619,2025-12-12T06:01:19Z,1,-47.31573,151.73293,1,802.55,1,34.475,1,7.326,1,802.55,1,7.326,1,34.475,1
5905619,2025-12-12T06:01:19Z,1,-47.31573,151.73293,1,805.0,1,34.474,1,7.316,1,805.0,1,7.316,1,34.474,1
5905619,2025-12-12T06:01:19Z,1,-47.31573,151.73293,1,807.4,1,34.473,1,7.309,1,807.4,1,7.309,1,34.473,1
5905619,2025-12-12T06:01:19Z,1,-47.31573,151.73293,1,808.95,1,34.471,1,7.294,1,808.95,1,7.294,1,34.471,1
5905619,2025-12-12T06:01:19Z,1,-47.31573,151.73293,1,810.8,1,34.469,1,7.258,1,810.8,1,7.258,1,34.469,1
5905619,2025-12-12T06:01:19Z,1,-47.31573,151.73293,1,813.05,1,34.466,1,7.239,1,813.05,1,7.239,1,34.466,1
5905619,2025-12-12T06:01:19Z,1,-47.31573,151.73293,1,814.9,1,34.466,1,7.213,1,814.9,1,7.213,1,34.466,1
5905619,2025-12-12T06:01:19Z,1,-47.31573,151.73293,1,816.85,1,34.461,1,7.142,1,816.85,1,7.142,1,34.461,1
5905619,2025-12-12T06:01:19Z,1,-47.31573,151.73293,1,819.15,1,34.459,1,7.107,1,819.15,1,7.107,1,34.459,1
5905619,2025-12-12T06:01:19Z,1,-47.31573,151.73293,1,821.15,1,34.458,1,7.079,1,821.15,1,7.079,1,34.458,1
5905619,2025-12-12T06:01:19Z,1,-47.31573,151.73293,1,823.1,1,34.456,1,7.06,1,823.1,1,7.06,1,34.456,1
5905619,2025-12-12T06:01:19Z,1,-47.31573,151.73293,1,825.1,1,34.454,1,7.032,1,825.1,1,7.032,1,34.454,1
5905619,2025-12-12T06:01:19Z,1,-47.31573,151.73293,1,827.15,1,34.453,1,7.019,1,827.15,1,7.019,1,34.453,1
5905619,2025-12-12T06:01:19Z,1,-47.31573,151.73293,1,829.15,1,34.452,1,7.002,1,829.15,1,7.002,1,34.452,1
5905619,2025-12-12T06:01:19Z,1,-47.31573,151.73293,1,830.85,1,34.451,1,6.995,1,830.85,1,6.995,1,34.451,1
5905619,2025-12-12T06:01:19Z,1,-47.31573,151.73293,1,832.9,1,34.451,1,6.985,1,832.9,1,6.985,1,34.451,1
5905619,2025-12-12T06:01:19Z,1,-47.31573,151.73293,1,834.95,1,34.451,1,6.97,1,834.95,1,6.97,1,34.451,1
5905619,2025-12-12T06:01:19Z,1,-47.31573,151.73293,1,837.0,1,34.45,1,6.957,1,837.0,1,6.957,1,34.45,1
5905619,2025-12-12T06:01:19Z,1,-47.31573,151.73293,1,839.1,1,34.45,1,6.951,1,839.1,1,6.951,1,34.45,1
5905619,2025-12-12T06:01:19Z,1,-47.31573,151.73293,1,841.15,1,34.449,1,6.94,1,841.15,1,6.94,1,34.449,1
5905619,2025-12-12T06:01:19Z,1,-47.31573,151.73293,1,843.1,1,34.448,1,6.912,1,843.1,1,6.912,1,34.448,1
5905619,2025-12-12T06:01:19Z,1,-47.31573,151.73293,1,845.15,1,34.448,1,6.897,1,845.15,1,6.897,1,34.448,1
5905619,2025-12-12T06:01:19Z,1,-47.31573,151.73293,1,847.1,1,34.446,1,6.89,1,847.1,1,6.89,1,34.446,1
5905619,2025-12-12T06:01:19Z,1,-47.31573,151.73293,1,849.15,1,34.446,1,6.884,1,849.15,1,6.884,1,34.446,1
5905619,2025-12-12T06:01:19Z,1,-47.31573,151.73293,1,851.15,1,34.445,1,6.871,1,851.15,1,6.871,1,34.445,1
5905619,2025-12-12T06:01:19Z,1,-47.31573,151.73293,1,853.1,1,34.445,1,6.866,1,853.1,1,6.866,1,34.445,1
5905619,2025-12-12T06:01:19Z,1,-47.31573,151.73293,1,855.05,1,34.444,1,6.851,1,855.05,1,6.851,1,34.444,1
5905619,2025-12-12T06:01:19Z,1,-47.31573,151.73293,1,857.0,1,34.443,1,6.838,1,857.0,1,6.838,1,34.443,1
5905619,2025-12-12T06:01:19Z,1,-47.31573,151.73293,1,858.95,1,34.442,1,6.828,1,858.95,1,6.828,1,34.442,1
5905619,2025-12-12T06:01:19Z,1,-47.31573,151.73293,1,860.85,1,34.441,1,6.779,1,860.85,1,6.779,1,34.441,1
5905619,2025-12-12T06:01:19Z,1,-47.31573,151.73293,1,863.15,1,34.438,1,6.759,1,863.15,1,6.759,1,34.438,1
5905619,2025-12-12T06:01:19Z,1,-47.31573,151.73293,1,865.1,1,34.437,1,6.743,1,865.1,1,6.743,1,34.437,1
5905619,2025-12-12T06:01:19Z,1,-47.31573,151.73293,1,867.05,1,34.437,1,6.731,1,867.05,1,6.731,1,34.437,1
5905619,2025-12-12T06:01:19Z,1,-47.31573,151.73293,1,869.0,1,34.436,1,6.729,1,869.0,1,6.729,1,34.436,1
5905619,2025-12-12T06:01:19Z,1,-47.31573,151.73293,1,870.9,1,34.437,1,6.724,1,870.9,1,6.724,1,34.437,1
5905619,2025-12-12T06:01:19Z,1,-47.31573,151.73293,1,873.2,1,34.436,1,6.718,1,873.2,1,6.718,1,34.436,1
5905619,2025-12-12T06:01:19Z,1,-47.31573,151.73293,1,875.1,1,34.435,1,6.711,1,875.1,1,6.711,1,34.435,1
5905619,2025-12-12T06:01:19Z,1,-47.31573,151.73293,1,877.1,1,34.434,1,6.696,1,877.1,1,6.696,1,34.434,1
5905619,2025-12-12T06:01:19Z,1,-47.31573,151.73293,1,879.1,1,34.435,1,6.69,1,879.1,1,6.69,1,34.435,1
5905619,2025-12-12T06:01:19Z,1,-47.31573,151.73293,1,881.0,1,34.435,1,6.689,1,881.0,1,6.689,1,34.435,1
5905619,2025-12-12T06:01:19Z,1,-47.31573,151.73293,1,882.95,1,34.436,1,6.683,1,882.95,1,6.683,1,34.436,1
5905619,2025-12-12T06:01:19Z,1,-47.31573,151.73293,1,884.9,1,34.435,1,6.677,1,884.9,1,6.677,1,34.435,1
5905619,2025-12-12T06:01:19Z,1,-47.31573,151.73293,1,886.85,1,34.435,1,6.669,1,886.85,1,6.669,1,34.435,1
5905619,2025-12-12T06:01:19Z,1,-47.31573,151.73293,1,888.85,1,34.434,1,6.649,1,888.85,1,6.649,1,34.434,1
5905619,2025-12-12T06:01:19Z,1,-47.31573,151.73293,1,890.85,1,34.432,1,6.624,1,890.85,1,6.624,1,34.432,1
5905619,2025-12-12T06:01:19Z,1,-47.31573,151.73293,1,892.8,1,34.432,1,6.614,1,892.8,1,6.614,1,34.432,1
5905619,2025-12-12T06:01:19Z,1,-47.31573,151.73293,1,895.2,1,34.431,1,6.595,1,895.2,1,6.595,1,34.431,1
5905619,2025-12-12T06:01:19Z,1,-47.31573,151.73293,1,897.2,1,34.431,1,6.585,1,897.2,1,6.585,1,34.431,1
5905619,2025-12-12T06:01:19Z,1,-47.31573,151.73293,1,898.85,1,34.431,1,6.578,1,898.85,1,6.578,1,34.431,1
5905619,2025-12-12T06:01:19Z,1,-47.31573,151.73293,1,900.9,1,34.43,1,6.562,1,900.9,1,6.562,1,34.43,1
5905619,2025-12-12T06:01:19Z,1,-47.31573,151.73293,1,902.95,1,34.429,1,6.548,1,902.95,1,6.548,1,34.429,1
5905619,2025-12-12T06:01:19Z,1,-47.31573,151.73293,1,905.0,1,34.427,1,6.535,1,905.0,1,6.535,1,34.427,1
5905619,2025-12-12T06:01:19Z,1,-47.31573,151.73293,1,907.05,1,34.426,1,6.52,1,907.05,1,6.52,1,34.426,1
5905619,2025-12-12T06:01:19Z,1,-47.31573,151.73293,1,908.75,1,34.426,1,6.504,1,908.75,1,6.504,1,34.426,1
5905619,2025-12-12T06:01:19Z,1,-47.31573,151.73293,1,910.85,1,34.421,1,6.478,1,910.85,1,6.478,1,34.421,1
5905619,2025-12-12T06:01:19Z,1,-47.31573,151.73293,1,912.95,1,34.417,1,6.439,1,912.95,1,6.439,1,34.417,1
5905619,2025-12-12T06:01:19Z,1,-47.31573,151.73293,1,915.05,1,34.417,1,6.437,1,915.05,1,6.437,1,34.417,1
5905619,2025-12-12T06:01:19Z,1,-47.31573,151.73293,1,917.15,1,34.417,1,6.435,1,917.15,1,6.435,1,34.417,1
5905619,2025-12-12T06:01:19Z,1,-47.31573,151.73293,1,918.85,1,34.416,1,6.429,1,918.85,1,6.429,1,34.416,1
5905619,2025-12-12T06:01:19Z,1,-47.31573,151.73293,1,920.9,1,34.415,1,6.408,1,920.9,1,6.408,1,34.415,1
5905619,2025-12-12T06:01:19Z,1,-47.31573,151.73293,1,922.95,1,34.413,1,6.391,1,922.95,1,6.391,1,34.413,1
5905619,2025-12-12T06:01:19Z,1,-47.31573,151.73293,1,925.05,1,34.412,1,6.372,1,925.05,1,6.372,1,34.412,1
5905619,2025-12-12T06:01:19Z,1,-47.31573,151.73293,1,927.1,1,34.408,1,6.339,1,927.1,1,6.339,1,34.408,1
5905619,2025-12-12T06:01:19Z,1,-47.31573,151.73293,1,929.15,1,34.406,1,6.315,1,929.15,1,6.315,1,34.406,1
5905619,2025-12-12T06:01:19Z,1,-47.31573,151.73293,1,931.25,1,34.399,1,6.302,1,931.25,1,6.302,1,34.399,1
5905619,2025-12-12T06:01:19Z,1,-47.31573,151.73293,1,932.9,1,34.397,1,6.255,1,932.9,1,6.255,1,34.397,1
5905619,2025-12-12T06:01:19Z,1,-47.31573,151.73293,1,934.95,1,34.388,1,6.187,1,934.95,1,6.187,1,34.388,1
5905619,2025-12-12T06:01:19Z,1,-47.31573,151.73293,1,937.0,1,34.384,1,6.157,1,937.0,1,6.157,1,34.384,1
5905619,2025-12-12T06:01:19Z,1,-47.31573,151.73293,1,939.05,1,34.381,1,6.136,1,939.05,1,6.136,1,34.381,1
5905619,2025-12-12T06:01:19Z,1,-47.31573,151.73293,1,941.1,1,34.379,1,6.122,1,941.1,1,6.122,1,34.379,1
5905619,2025-12-12T06:01:19Z,1,-47.31573,151.73293,1,943.15,1,34.376,1,6.088,1,943.15,1,6.088,1,34.376,1
5905619,2025-12-12T06:01:19Z,1,-47.31573,151.73293,1,945.15,1,34.376,1,6.062,1,945.15,1,6.062,1,34.376,1
5905619,2025-12-12T06:01:19Z,1,-47.31573,151.73293,1,946.8,1,34.376,1,6.059,1,946.8,1,6.059,1,34.376,1
5905619,2025-12-12T06:01:19Z,1,-47.31573,151.73293,1,948.8,1,34.377,1,6.055,1,948.8,1,6.055,1,34.377,1
5905619,2025-12-12T06:01:19Z,1,-47.31573,151.73293,1,950.8,1,34.375,1,6.043,1,950.8,1,6.043,1,34.375,1
5905619,2025-12-12T06:01:19Z,1,-47.31573,151.73293,1,952.85,1,34.379,1,6.011,1,952.85,1,6.011,1,34.379,1
5905619,2025-12-12T06:01:19Z,1,-47.31573,151.73293,1,955.2,1,34.378,1,5.997,1,955.2,1,5.997,1,34.378,1
5905619,2025-12-12T06:01:19Z,1,-47.31573,151.73293,1,957.2,1,34.384,1,6.028,1,957.2,1,6.028,1,34.384,1
5905619,2025-12-12T06:01:19Z,1,-47.31573,151.73293,1,958.85,1,34.388,1,6.039,1,958.85,1,6.039,1,34.388,1
5905619,2025-12-12T06:01:19Z,1,-47.31573,151.73293,1,960.95,1,34.385,1,5.982,1,960.95,1,5.982,1,34.385,1
5905619,2025-12-12T06:01:19Z,1,-47.31573,151.73293,1,962.95,1,34.38,1,5.949,1,962.95,1,5.949,1,34.38,1
5905619,2025-12-12T06:01:19Z,1,-47.31573,151.73293,1,964.95,1,34.374,1,5.885,1,964.95,1,5.885,1,34.374,1
5905619,2025-12-12T06:01:19Z,1,-47.31573,151.73293,1,967.0,1,34.368,1,5.838,1,967.0,1,5.838,1,34.368,1
5905619,2025-12-12T06:01:19Z,1,-47.31573,151.73293,1,969.0,1,34.367,1,5.817,1,969.0,1,5.817,1,34.367,1
5905619,2025-12-12T06:01:19Z,1,-47.31573,151.73293,1,971.05,1,34.366,1,5.808,1,971.05,1,5.808,1,34.366,1
5905619,2025-12-12T06:01:19Z,1,-47.31573,151.73293,1,973.05,1,34.366,1,5.808,1,973.05,1,5.808,1,34.366,1
5905619,2025-12-12T06:01:19Z,1,-47.31573,151.73293,1,975.1,1,34.367,1,5.808,1,975.1,1,5.808,1,34.367,1
5905619,2025-12-12T06:01:19Z,1,-47.31573,151.73293,1,977.1,1,34.367,1,5.808,1,977.1,1,5.808,1,34.367,1
5905619,2025-12-12T06:01:19Z,1,-47.31573,151.73293,1,979.1,1,34.368,1,5.773,1,979.1,1,5.773,1,34.368,1
5905619,2025-12-12T06:01:19Z,1,-47.31573,151.73293,1,981.1,1,34.363,1,5.737,1,981.1,1,5.737,1,34.363,1
5905619,2025-12-12T06:01:19Z,1,-47.31573,151.73293,1,983.1,1,34.362,1,5.704,1,983.1,1,5.704,1,34.362,1
5905619,2025-12-12T06:01:19Z,1,-47.31573,151.73293,1,985.15,1,34.36,1,5.69,1,985.15,1,5.69,1,34.36,1
5905619,2025-12-12T06:01:19Z,1,-47.31573,151.73293,1,987.15,1,34.361,1,5.672,1,987.15,1,5.672,1,34.361,1
5905619,2025-12-12T06:01:19Z,1,-47.31573,151.73293,1,989.1,1,34.358,1,5.654,1,989.1,1,5.654,1,34.358,1
5905619,2025-12-12T06:01:19Z,1,-47.31573,151.73293,1,991.1,1,34.358,1,5.649,1,991.1,1,5.649,1,34.358,1
5905619,2025-12-12T06:01:19Z,1,-47.31573,151.73293,1,993.1,1,34.358,1,5.646,1,993.1,1,5.646,1,34.358,1
5905619,2025-12-12T06:01:19Z,1,-47.31573,151.73293,1,995.15,1,34.358,1,5.632,1,995.15,1,5.632,1,34.358,1
5905619,2025-12-12T06:01:19Z,1,-47.31573,151.73293,1,996.8,1,34.361,1,5.609,1,996.8,1,5.609,1,34.361,1
5905619,2025-12-12T06:01:19Z,1,-47.31573,151.73293,1,998.85,1,34.358,1,5.588,1,998.85,1,5.588,1,34.358,1
5905619,2025-12-12T06:01:19Z,1,-47.31573,151.73293,1,1000.95,1,34.358,1,5.583,1,1000.95,1,5.583,1,34.358,1
5905619,2025-12-12T06:01:19Z,1,-47.31573,151.73293,1,1003.0,1,34.358,1,5.573,1,1003.0,1,5.573,1,34.358,1
5905619,2025-12-12T06:01:19Z,1,-47.31573,151.73293,1,1005.05,1,34.357,1,5.568,1,1005.05,1,5.568,1,34.357,1
5905619,2025-12-12T06:01:19Z,1,-47.31573,151.73293,1,1007.15,1,34.356,1,5.551,1,1007.15,1,5.551,1,34.356,1
5905619,2025-12-12T06:01:19Z,1,-47.31573,151.73293,1,1009.2,1,34.355,1,5.532,1,1009.2,1,5.532,1,34.355,1
5905619,2025-12-12T06:01:19Z,1,-47.31573,151.73293,1,1010.85,1,34.356,1,5.523,1,1010.85,1,5.523,1,34.356,1
5905619,2025-12-12T06:01:19Z,1,-47.31573,151.73293,1,1012.9,1,34.361,1,5.537,1,1012.9,1,5.537,1,34.361,1
5905619,2025-12-12T06:01:19Z,1,-47.31573,151.73293,1,1015.0,1,34.378,1,5.623,1,1015.0,1,5.623,1,34.378,1
5905619,2025-12-12T06:01:19Z,1,-47.31573,151.73293,1,1017.15,1,34.383,1,5.616,1,1017.15,1,5.616,1,34.383,1
5905619,2025-12-12T06:01:19Z,1,-47.31573,151.73293,1,1019.25,1,34.383,1,5.614,1,1019.25,1,5.614,1,34.383,1
5905619,2025-12-12T06:01:19Z,1,-47.31573,151.73293,1,1020.95,1,34.384,1,5.614,1,1020.95,1,5.614,1,34.384,1
5905619,2025-12-12T06:01:19Z,1,-47.31573,151.73293,1,1022.7,1,34.384,1,5.615,1,1022.7,1,5.615,1,34.384,1
5905619,2025-12-12T06:01:19Z,1,-47.31573,151.73293,1,1024.85,1,34.385,1,5.596,1,1024.85,1,5.596,1,34.385,1
5905619,2025-12-12T06:01:19Z,1,-47.31573,151.73293,1,1026.95,1,34.383,1,5.572,1,1026.95,1,5.572,1,34.383,1
5905619,2025-12-12T06:01:19Z,1,-47.31573,151.73293,1,1029.05,1,34.382,1,5.55,1,1029.05,1,5.55,1,34.382,1
5905619,2025-12-12T06:01:19Z,1,-47.31573,151.73293,1,1031.15,1,34.381,1,5.538,1,1031.15,1,5.538,1,34.381,1
5905619,2025-12-12T06:01:19Z,1,-47.31573,151.73293,1,1032.85,1,34.381,1,5.535,1,1032.85,1,5.535,1,34.381,1
5905619,2025-12-12T06:01:19Z,1,-47.31573,151.73293,1,1035.0,1,34.381,1,5.51,1,1035.0,1,5.51,1,34.381,1
5905619,2025-12-12T06:01:19Z,1,-47.31573,151.73293,1,1037.1,1,34.379,1,5.482,1,1037.1,1,5.482,1,34.379,1
5905619,2025-12-12T06:01:19Z,1,-47.31573,151.73293,1,1038.75,1,34.377,1,5.46,1,1038.75,1,5.46,1,34.377,1
5905619,2025-12-12T06:01:19Z,1,-47.31573,151.73293,1,1040.85,1,34.373,1,5.4,1,1040.85,1,5.4,1,34.373,1
5905619,2025-12-12T06:01:19Z,1,-47.31573,151.73293,1,1042.9,1,34.372,1,5.373,1,1042.9,1,5.373,1,34.372,1
5905619,2025-12-12T06:01:19Z,1,-47.31573,151.73293,1,1044.95,1,34.371,1,5.358,1,1044.95,1,5.358,1,34.371,1
5905619,2025-12-12T06:01:19Z,1,-47.31573,151.73293,1,1046.95,1,34.37,1,5.332,1,1046.95,1,5.332,1,34.37,1
5905619,2025-12-12T06:01:19Z,1,-47.31573,151.73293,1,1049.05,1,34.372,1,5.319,1,1049.05,1,5.319,1,34.372,1
5905619,2025-12-12T06:01:19Z,1,-47.31573,151.73293,1,1051.15,1,34.369,1,5.299,1,1051.15,1,5.299,1,34.369,1
5905619,2025-12-12T06:01:19Z,1,-47.31573,151.73293,1,1052.9,1,34.369,1,5.283,1,1052.9,1,5.283,1,34.369,1
5905619,2025-12-12T06:01:19Z,1,-47.31573,151.73293,1,1055.0,1,34.369,1,5.282,1,1055.0,1,5.282,1,34.369,1
5905619,2025-12-12T06:01:19Z,1,-47.31573,151.73293,1,1057.15,1,34.37,1,5.283,1,1057.15,1,5.283,1,34.37,1
5905619,2025-12-12T06:01:19Z,1,-47.31573,151.73293,1,1058.85,1,34.369,1,5.278,1,1058.85,1,5.278,1,34.369,1
5905619,2025-12-12T06:01:19Z,1,-47.31573,151.73293,1,1061.0,1,34.368,1,5.236,1,1061.0,1,5.236,1,34.368,1
5905619,2025-12-12T06:01:19Z,1,-47.31573,151.73293,1,1063.1,1,34.365,1,5.184,1,1063.1,1,5.184,1,34.365,1
5905619,2025-12-12T06:01:19Z,1,-47.31573,151.73293,1,1064.8,1,34.365,1,5.148,1,1064.8,1,5.148,1,34.365,1
5905619,2025-12-12T06:01:19Z,1,-47.31573,151.73293,1,1066.95,1,34.366,1,5.144,1,1066.95,1,5.144,1,34.366,1
5905619,2025-12-12T06:01:19Z,1,-47.31573,151.73293,1,1069.05,1,34.366,1,5.124,1,1069.05,1,5.124,1,34.366,1
5905619,2025-12-12T06:01:19Z,1,-47.31573,151.73293,1,1071.15,1,34.363,1,5.113,1,1071.15,1,5.113,1,34.363,1
5905619,2025-12-12T06:01:19Z,1,-47.31573,151.73293,1,1073.3,1,34.363,1,5.107,1,1073.3,1,5.107,1,34.363,1
5905619,2025-12-12T06:01:19Z,1,-47.31573,151.73293,1,1074.95,1,34.362,1,5.097,1,1074.95,1,5.097,1,34.362,1
5905619,2025-12-12T06:01:19Z,1,-47.31573,151.73293,1,1077.1,1,34.361,1,5.094,1,1077.1,1,5.094,1,34.361,1
5905619,2025-12-12T06:01:19Z,1,-47.31573,151.73293,1,1079.2,1,34.361,1,5.082,1,1079.2,1,5.082,1,34.361,1
5905619,2025-12-12T06:01:19Z,1,-47.31573,151.73293,1,1080.85,1,34.36,1,5.066,1,1080.85,1,5.066,1,34.36,1
5905619,2025-12-12T06:01:19Z,1,-47.31573,151.73293,1,1082.95,1,34.359,1,5.047,1,1082.95,1,5.047,1,34.359,1
5905619,2025-12-12T06:01:19Z,1,-47.31573,151.73293,1,1085.1,1,34.353,1,4.968,1,1085.1,1,4.968,1,34.353,1
5905619,2025-12-12T06:01:19Z,1,-47.31573,151.73293,1,1086.8,1,34.352,1,4.937,1,1086.8,1,4.937,1,34.352,1
5905619,2025-12-12T06:01:19Z,1,-47.31573,151.73293,1,1088.95,1,34.349,1,4.902,1,1088.95,1,4.902,1,34.349,1
5905619,2025-12-12T06:01:19Z,1,-47.31573,151.73293,1,1091.1,1,34.347,1,4.878,1,1091.1,1,4.878,1,34.347,1
5905619,2025-12-12T06:01:19Z,1,-47.31573,151.73293,1,1092.85,1,34.346,1,4.869,1,1092.85,1,4.869,1,34.346,1
5905619,2025-12-12T06:01:19Z,1,-47.31573,151.73293,1,1094.95,1,34.345,1,4.858,1,1094.95,1,4.858,1,34.345,1
5905619,2025-12-12T06:01:19Z,1,-47.31573,151.73293,1,1097.15,1,34.345,1,4.849,1,1097.15,1,4.849,1,34.345,1
5905619,2025-12-12T06:01:19Z,1,-47.31573,151.73293,1,1098.85,1,34.345,1,4.84,1,1098.85,1,4.84,1,34.345,1
5905619,2025-12-12T06:01:19Z,1,-47.31573,151.73293,1,1101.0,1,34.347,1,4.843,1,1101.0,1,4.843,1,34.347,1
5905619,2025-12-12T06:01:19Z,1,-47.31573,151.73293,1,1103.2,1,34.348,1,4.839,1,1103.2,1,4.839,1,34.348,1
5905619,2025-12-12T06:01:19Z,1,-47.31573,151.73293,1,1105.0,1,34.347,1,4.835,1,1105.0,1,4.835,1,34.347,1
5905619,2025-12-12T06:01:19Z,1,-47.31573,151.73293,1,1106.8,1,34.348,1,4.815,1,1106.8,1,4.815,1,34.348,1
5905619,2025-12-12T06:01:19Z,1,-47.31573,151.73293,1,1109.05,1,34.348,1,4.779,1,1109.05,1,4.779,1,34.348,1
5905619,2025-12-12T06:01:19Z,1,-47.31573,151.73293,1,1111.3,1,34.347,1,4.757,1,1111.3,1,4.757,1,34.347,1
5905619,2025-12-12T06:01:19Z,1,-47.31573,151.73293,1,1113.1,1,34.347,1,4.744,1,1113.1,1,4.744,1,34.347,1
5905619,2025-12-12T06:01:19Z,1,-47.31573,151.73293,1,1114.85,1,34.347,1,4.731,1,1114.85,1,4.731,1,34.347,1
5905619,2025-12-12T06:01:19Z,1,-47.31573,151.73293,1,1116.65,1,34.347,1,4.729,1,1116.65,1,4.729,1,34.347,1
5905619,2025-12-12T06:01:19Z,1,-47.31573,151.73293,1,1118.95,1,34.349,1,4.706,1,1118.95,1,4.706,1,34.349,1
5905619,2025-12-12T06:01:19Z,1,-47.31573,151.73293,1,1121.25,1,34.348,1,4.692,1,1121.25,1,4.692,1,34.348,1
5905619,2025-12-12T06:01:19Z,1,-47.31573,151.73293,1,1123.1,1,34.348,1,4.674,1,1123.1,1,4.674,1,34.348,1
5905619,2025-12-12T06:01:19Z,1,-47.31573,151.73293,1,1124.95,1,34.346,1,4.657,1,1124.95,1,4.657,1,34.346,1
5905619,2025-12-12T06:01:19Z,1,-47.31573,151.73293,1,1126.75,1,34.347,1,4.638,1,1126.75,1,4.638,1,34.347,1
5905619,2025-12-12T06:01:19Z,1,-47.31573,151.73293,1,1128.6,1,34.346,1,4.617,1,1128.6,1,4.617,1,34.346,1
5905619,2025-12-12T06:01:19Z,1,-47.31573,151.73293,1,1130.95,1,34.353,1,4.642,1,1130.95,1,4.642,1,34.353,1
5905619,2025-12-12T06:01:19Z,1,-47.31573,151.73293,1,1133.3,1,34.362,1,4.665,1,1133.3,1,4.665,1,34.362,1
5905619,2025-12-12T06:01:19Z,1,-47.31573,151.73293,1,1135.0,1,34.361,1,4.656,1,1135.0,1,4.656,1,34.361,1
5905619,2025-12-12T06:01:19Z,1,-47.31573,151.73293,1,1136.85,1,34.363,1,4.652,1,1136.85,1,4.652,1,34.363,1
5905619,2025-12-12T06:01:19Z,1,-47.31573,151.73293,1,1139.05,1,34.366,1,4.637,1,1139.05,1,4.637,1,34.366,1
5905619,2025-12-12T06:01:19Z,1,-47.31573,151.73293,1,1140.9,1,34.366,1,4.62,1,1140.9,1,4.62,1,34.366,1
5905619,2025-12-12T06:01:19Z,1,-47.31573,151.73293,1,1142.75,1,34.368,1,4.599,1,1142.75,1,4.599,1,34.368,1
5905619,2025-12-12T06:01:19Z,1,-47.31573,151.73293,1,1145.05,1,34.367,1,4.589,1,1145.05,1,4.589,1,34.367,1
5905619,2025-12-12T06:01:19Z,1,-47.31573,151.73293,1,1147.0,1,34.367,1,4.583,1,1147.0,1,4.583,1,34.367,1
5905619,2025-12-12T06:01:19Z,1,-47.31573,151.73293,1,1148.95,1,34.368,1,4.578,1,1148.95,1,4.578,1,34.368,1
5905619,2025-12-12T06:01:19Z,1,-47.31573,151.73293,1,1150.85,1,34.367,1,4.569,1,1150.85,1,4.569,1,34.367,1
5905619,2025-12-12T06:01:19Z,1,-47.31573,151.73293,1,1152.8,1,34.367,1,4.547,1,1152.8,1,4.547,1,34.367,1
5905619,2025-12-12T06:01:19Z,1,-47.31573,151.73293,1,1155.1,1,34.366,1,4.534,1,1155.1,1,4.534,1,34.366,1
5905619,2025-12-12T06:01:19Z,1,-47.31573,151.73293,1,1157.1,1,34.367,1,4.522,1,1157.1,1,4.522,1,34.367,1
5905619,2025-12-12T06:01:19Z,1,-47.31573,151.73293,1,1159.1,1,34.368,1,4.505,1,1159.1,1,4.505,1,34.368,1
5905619,2025-12-12T06:01:19Z,1,-47.31573,151.73293,1,1161.1,1,34.369,1,4.489,1,1161.1,1,4.489,1,34.369,1
5905619,2025-12-12T06:01:19Z,1,-47.31573,151.73293,1,1163.1,1,34.368,1,4.467,1,1163.1,1,4.467,1,34.368,1
5905619,2025-12-12T06:01:19Z,1,-47.31573,151.73293,1,1165.15,1,34.368,1,4.452,1,1165.15,1,4.452,1,34.368,1
5905619,2025-12-12T06:01:19Z,1,-47.31573,151.73293,1,1167.2,1,34.368,1,4.445,1,1167.2,1,4.445,1,34.368,1
5905619,2025-12-12T06:01:19Z,1,-47.31573,151.73293,1,1169.25,1,34.367,1,4.439,1,1169.25,1,4.439,1,34.367,1
5905619,2025-12-12T06:01:19Z,1,-47.31573,151.73293,1,1170.9,1,34.367,1,4.43,1,1170.9,1,4.43,1,34.367,1
5905619,2025-12-12T06:01:19Z,1,-47.31573,151.73293,1,1172.95,1,34.366,1,4.404,1,1172.95,1,4.404,1,34.366,1
5905619,2025-12-12T06:01:19Z,1,-47.31573,151.73293,1,1175.05,1,34.366,1,4.395,1,1175.05,1,4.395,1,34.366,1
5905619,2025-12-12T06:01:19Z,1,-47.31573,151.73293,1,1176.75,1,34.366,1,4.386,1,1176.75,1,4.386,1,34.366,1
5905619,2025-12-12T06:01:19Z,1,-47.31573,151.73293,1,1178.85,1,34.366,1,4.374,1,1178.85,1,4.374,1,34.366,1
5905619,2025-12-12T06:01:19Z,1,-47.31573,151.73293,1,1180.95,1,34.366,1,4.366,1,1180.95,1,4.366,1,34.366,1
5905619,2025-12-12T06:01:19Z,1,-47.31573,151.73293,1,1183.1,1,34.367,1,4.325,1,1183.1,1,4.325,1,34.367,1
5905619,2025-12-12T06:01:19Z,1,-47.31573,151.73293,1,1185.3,1,34.366,1,4.304,1,1185.3,1,4.304,1,34.366,1
5905619,2025-12-12T06:01:19Z,1,-47.31573,151.73293,1,1187.05,1,34.365,1,4.298,1,1187.05,1,4.298,1,34.365,1
5905619,2025-12-12T06:01:19Z,1,-47.31573,151.73293,1,1188.75,1,34.364,1,4.279,1,1188.75,1,4.279,1,34.364,1
5905619,2025-12-12T06:01:19Z,1,-47.31573,151.73293,1,1190.95,1,34.365,1,4.257,1,1190.95,1,4.257,1,34.365,1
5905619,2025-12-12T06:01:19Z,1,-47.31573,151.73293,1,1193.1,1,34.365,1,4.244,1,1193.1,1,4.244,1,34.365,1
5905619,2025-12-12T06:01:19Z,1,-47.31573,151.73293,1,1194.9,1,34.366,1,4.231,1,1194.9,1,4.231,1,34.366,1
5905619,2025-12-12T06:01:19Z,1,-47.31573,151.73293,1,1197.1,1,34.37,1,4.24,1,1197.1,1,4.24,1,34.37,1
5905619,2025-12-12T06:01:19Z,1,-47.31573,151.73293,1,1199.3,1,34.378,1,4.269,1,1199.3,1,4.269,1,34.378,1
5905619,2025-12-12T06:01:19Z,1,-47.31573,151.73293,1,1201.05,1,34.38,1,4.254,1,1201.05,1,4.254,1,34.38,1
5905619,2025-12-12T06:01:19Z,1,-47.31573,151.73293,1,1202.85,1,34.381,1,4.258,1,1202.85,1,4.258,1,34.381,1
5905619,2025-12-12T06:01:19Z,1,-47.31573,151.73293,1,1205.05,1,34.382,1,4.259,1,1205.05,1,4.259,1,34.382,1
5905619,2025-12-12T06:01:19Z,1,-47.31573,151.73293,1,1207.35,1,34.382,1,4.23,1,1207.35,1,4.23,1,34.382,1
5905619,2025-12-12T06:01:19Z,1,-47.31573,151.73293,1,1209.15,1,34.378,1,4.193,1,1209.15,1,4.193,1,34.378,1
5905619,2025-12-12T06:01:19Z,1,-47.31573,151.73293,1,1210.95,1,34.378,1,4.184,1,1210.95,1,4.184,1,34.378,1
5905619,2025-12-12T06:01:19Z,1,-47.31573,151.73293,1,1212.8,1,34.38,1,4.181,1,1212.8,1,4.181,1,34.38,1
5905619,2025-12-12T06:01:19Z,1,-47.31573,151.73293,1,1215.05,1,34.382,1,4.173,1,1215.05,1,4.173,1,34.382,1
5905619,2025-12-12T06:01:19Z,1,-47.31573,151.73293,1,1217.35,1,34.383,1,4.178,1,1217.35,1,4.178,1,34.383,1
5905619,2025-12-12T06:01:19Z,1,-47.31573,151.73293,1,1219.15,1,34.384,1,4.182,1,1219.15,1,4.182,1,34.384,1
5905619,2025-12-12T06:01:19Z,1,-47.31573,151.73293,1,1220.95,1,34.385,1,4.183,1,1220.95,1,4.183,1,34.385,1
5905619,2025-12-12T06:01:19Z,1,-47.31573,151.73293,1,1222.8,1,34.385,1,4.166,1,1222.8,1,4.166,1,34.385,1
5905619,2025-12-12T06:01:19Z,1,-47.31573,151.73293,1,1225.05,1,34.378,1,4.099,1,1225.05,1,4.099,1,34.378,1
5905619,2025-12-12T06:01:19Z,1,-47.31573,151.73293,1,1227.3,1,34.376,1,4.086,1,1227.3,1,4.086,1,34.376,1
5905619,2025-12-12T06:01:19Z,1,-47.31573,151.73293,1,1229.1,1,34.375,1,4.067,1,1229.1,1,4.067,1,34.375,1
5905619,2025-12-12T06:01:19Z,1,-47.31573,151.73293,1,1230.85,1,34.376,1,4.057,1,1230.85,1,4.057,1,34.376,1
5905619,2025-12-12T06:01:19Z,1,-47.31573,151.73293,1,1233.1,1,34.378,1,4.037,1,1233.1,1,4.037,1,34.378,1
5905619,2025-12-12T06:01:19Z,1,-47.31573,151.73293,1,1235.3,1,34.379,1,4.03,1,1235.3,1,4.03,1,34.379,1
5905619,2025-12-12T06:01:19Z,1,-47.31573,151.73293,1,1237.1,1,34.379,1,4.03,1,1237.1,1,4.03,1,34.379,1
5905619,2025-12-12T06:01:19Z,1,-47.31573,151.73293,1,1238.9,1,34.381,1,4.026,1,1238.9,1,4.026,1,34.381,1
5905619,2025-12-12T06:01:19Z,1,-47.31573,151.73293,1,1241.05,1,34.381,1,4.018,1,1241.05,1,4.018,1,34.381,1
5905619,2025-12-12T06:01:19Z,1,-47.31573,151.73293,1,1243.25,1,34.382,1,4.008,1,1243.25,1,4.008,1,34.382,1
5905619,2025-12-12T06:01:19Z,1,-47.31573,151.73293,1,1245.0,1,34.383,1,4.002,1,1245.0,1,4.002,1,34.383,1
5905619,2025-12-12T06:01:19Z,1,-47.31573,151.73293,1,1246.8,1,34.385,1,3.999,1,1246.8,1,3.999,1,34.385,1
5905619,2025-12-12T06:01:19Z,1,-47.31573,151.73293,1,1249.05,1,34.385,1,3.995,1,1249.05,1,3.995,1,34.385,1
5905619,2025-12-12T06:01:19Z,1,-47.31573,151.73293,1,1251.3,1,34.387,1,3.982,1,1251.3,1,3.982,1,34.387,1
5905619,2025-12-12T06:01:19Z,1,-47.31573,151.73293,1,1253.1,1,34.386,1,3.97,1,1253.1,1,3.97,1,34.386,1
5905619,2025-12-12T06:01:19Z,1,-47.31573,151.73293,1,1254.9,1,34.386,1,3.95,1,1254.9,1,3.95,1,34.386,1
5905619,2025-12-12T06:01:19Z,1,-47.31573,151.73293,1,1256.7,1,34.386,1,3.939,1,1256.7,1,3.939,1,34.386,1
5905619,2025-12-12T06:01:19Z,1,-47.31573,151.73293,1,1258.9,1,34.387,1,3.927,1,1258.9,1,3.927,1,34.387,1
5905619,2025-12-12T06:01:19Z,1,-47.31573,151.73293,1,1261.15,1,34.393,1,3.929,1,1261.15,1,3.929,1,34.393,1
5905619,2025-12-12T06:01:19Z,1,-47.31573,151.73293,1,1262.95,1,34.398,1,3.942,1,1262.95,1,3.942,1,34.398,1
5905619,2025-12-12T06:01:19Z,1,-47.31573,151.73293,1,1264.75,1,34.399,1,3.943,1,1264.75,1,3.943,1,34.399,1
5905619,2025-12-12T06:01:19Z,1,-47.31573,151.73293,1,1266.6,1,34.399,1,3.94,1,1266.6,1,3.94,1,34.399,1
5905619,2025-12-12T06:01:19Z,1,-47.31573,151.73293,1,1268.95,1,34.398,1,3.922,1,1268.95,1,3.922,1,34.398,1
5905619,2025-12-12T06:01:19Z,1,-47.31573,151.73293,1,1271.2,1,34.397,1,3.9,1,1271.2,1,3.9,1,34.397,1
5905619,2025-12-12T06:01:19Z,1,-47.31573,151.73293,1,1273.0,1,34.398,1,3.889,1,1273.0,1,3.889,1,34.398,1
5905619,2025-12-12T06:01:19Z,1,-47.31573,151.73293,1,1274.8,1,34.399,1,3.882,1,1274.8,1,3.882,1,34.399,1
5905619,2025-12-12T06:01:19Z,1,-47.31573,151.73293,1,1277.0,1,34.402,1,3.878,1,1277.0,1,3.878,1,34.402,1
5905619,2025-12-12T06:01:19Z,1,-47.31573,151.73293,1,1279.25,1,34.406,1,3.855,1,1279.25,1,3.855,1,34.406,1
5905619,2025-12-12T06:01:19Z,1,-47.31573,151.73293,1,1281.0,1,34.4,1,3.825,1,1281.0,1,3.825,1,34.4,1
5905619,2025-12-12T06:01:19Z,1,-47.31573,151.73293,1,1282.75,1,34.4,1,3.82,1,1282.75,1,3.82,1,34.4,1
5905619,2025-12-12T06:01:19Z,1,-47.31573,151.73293,1,1284.95,1,34.398,1,3.818,1,1284.95,1,3.818,1,34.398,1
5905619,2025-12-12T06:01:19Z,1,-47.31573,151.73293,1,1287.15,1,34.398,1,3.804,1,1287.15,1,3.804,1,34.398,1
5905619,2025-12-12T06:01:19Z,1,-47.31573,151.73293,1,1288.9,1,34.399,1,3.794,1,1288.9,1,3.794,1,34.399,1
5905619,2025-12-12T06:01:19Z,1,-47.31573,151.73293,1,1291.1,1,34.4,1,3.781,1,1291.1,1,3.781,1,34.4,1
5905619,2025-12-12T06:01:19Z,1,-47.31573,151.73293,1,1293.25,1,34.4,1,3.772,1,1293.25,1,3.772,1,34.4,1
5905619,2025-12-12T06:01:19Z,1,-47.31573,151.73293,1,1294.95,1,34.401,1,3.763,1,1294.95,1,3.763,1,34.401,1
5905619,2025-12-12T06:01:19Z,1,-47.31573,151.73293,1,1297.05,1,34.403,1,3.754,1,1297.05,1,3.754,1,34.403,1
5905619,2025-12-12T06:01:19Z,1,-47.31573,151.73293,1,1299.2,1,34.403,1,3.748,1,1299.2,1,3.748,1,34.403,1
5905619,2025-12-12T06:01:19Z,1,-47.31573,151.73293,1,1300.95,1,34.403,1,3.748,1,1300.95,1,3.748,1,34.403,1
5905619,2025-12-12T06:01:19Z,1,-47.31573,151.73293,1,1303.1,1,34.403,1,3.749,1,1303.1,1,3.749,1,34.403,1
5905619,2025-12-12T06:01:19Z,1,-47.31573,151.73293,1,1305.25,1,34.403,1,3.746,1,1305.25,1,3.746,1,34.403,1
5905619,2025-12-12T06:01:19Z,1,-47.31573,151.73293,1,1307.05,1,34.404,1,3.738,1,1307.05,1,3.738,1,34.404,1
5905619,2025-12-12T06:01:19Z,1,-47.31573,151.73293,1,1308.8,1,34.407,1,3.728,1,1308.8,1,3.728,1,34.407,1
5905619,2025-12-12T06:01:19Z,1,-47.31573,151.73293,1,1311.0,1,34.407,1,3.726,1,1311.0,1,3.726,1,34.407,1
5905619,2025-12-12T06:01:19Z,1,-47.31573,151.73293,1,1313.25,1,34.408,1,3.725,1,1313.25,1,3.725,1,34.408,1
5905619,2025-12-12T06:01:19Z,1,-47.31573,151.73293,1,1315.0,1,34.409,1,3.725,1,1315.0,1,3.725,1,34.409,1
5905619,2025-12-12T06:01:19Z,1,-47.31573,151.73293,1,1316.8,1,34.41,1,3.722,1,1316.8,1,3.722,1,34.41,1
5905619,2025-12-12T06:01:19Z,1,-47.31573,151.73293,1,1319.0,1,34.411,1,3.721,1,1319.0,1,3.721,1,34.411,1
5905619,2025-12-12T06:01:19Z,1,-47.31573,151.73293,1,1321.2,1,34.412,1,3.724,1,1321.2,1,3.724,1,34.412,1
5905619,2025-12-12T06:01:19Z,1,-47.31573,151.73293,1,1322.95,1,34.413,1,3.7,1,1322.95,1,3.7,1,34.413,1
5905619,2025-12-12T06:01:19Z,1,-47.31573,151.73293,1,1324.75,1,34.413,1,3.692,1,1324.75,1,3.692,1,34.413,1
5905619,2025-12-12T06:01:19Z,1,-47.31573,151.73293,1,1327.05,1,34.414,1,3.684,1,1327.05,1,3.684,1,34.414,1
5905619,2025-12-12T06:01:19Z,1,-47.31573,151.73293,1,1329.25,1,34.416,1,3.679,1,1329.25,1,3.679,1,34.416,1
5905619,2025-12-12T06:01:19Z,1,-47.31573,151.73293,1,1331.05,1,34.417,1,3.677,1,1331.05,1,3.677,1,34.417,1
5905619,2025-12-12T06:01:19Z,1,-47.31573,151.73293,1,1332.8,1,34.417,1,3.673,1,1332.8,1,3.673,1,34.417,1
5905619,2025-12-12T06:01:19Z,1,-47.31573,151.73293,1,1335.05,1,34.417,1,3.671,1,1335.05,1,3.671,1,34.417,1
5905619,2025-12-12T06:01:19Z,1,-47.31573,151.73293,1,1337.35,1,34.418,1,3.674,1,1337.35,1,3.674,1,34.418,1
5905619,2025-12-12T06:01:19Z,1,-47.31573,151.73293,1,1339.15,1,34.418,1,3.673,1,1339.15,1,3.673,1,34.418,1
5905619,2025-12-12T06:01:19Z,1,-47.31573,151.73293,1,1340.95,1,34.419,1,3.671,1,1340.95,1,3.671,1,34.419,1
5905619,2025-12-12T06:01:19Z,1,-47.31573,151.73293,1,1342.8,1,34.419,1,3.665,1,1342.8,1,3.665,1,34.419,1
5905619,2025-12-12T06:01:19Z,1,-47.31573,151.73293,1,1344.65,1,34.418,1,3.659,1,1344.65,1,3.659,1,34.418,1
5905619,2025-12-12T06:01:19Z,1,-47.31573,151.73293,1,1347.0,1,34.421,1,3.641,1,1347.0,1,3.641,1,34.421,1
5905619,2025-12-12T06:01:19Z,1,-47.31573,151.73293,1,1349.3,1,34.421,1,3.635,1,1349.3,1,3.635,1,34.421,1
5905619,2025-12-12T06:01:19Z,1,-47.31573,151.73293,1,1351.25,1,34.422,1,3.631,1,1351.25,1,3.631,1,34.422,1
5905619,2025-12-12T06:01:19Z,1,-47.31573,151.73293,1,1353.15,1,34.423,1,3.63,1,1353.15,1,3.63,1,34.423,1
5905619,2025-12-12T06:01:19Z,1,-47.31573,151.73293,1,1355.05,1,34.423,1,3.628,1,1355.05,1,3.628,1,34.423,1
5905619,2025-12-12T06:01:19Z,1,-47.31573,151.73293,1,1356.95,1,34.423,1,3.62,1,1356.95,1,3.62,1,34.423,1
5905619,2025-12-12T06:01:19Z,1,-47.31573,151.73293,1,1358.85,1,34.424,1,3.603,1,1358.85,1,3.603,1,34.424,1
5905619,2025-12-12T06:01:19Z,1,-47.31573,151.73293,1,1360.8,1,34.424,1,3.589,1,1360.8,1,3.589,1,34.424,1
5905619,2025-12-12T06:01:19Z,1,-47.31573,151.73293,1,1362.75,1,34.424,1,3.584,1,1362.75,1,3.584,1,34.424,1
5905619,2025-12-12T06:01:19Z,1,-47.31573,151.73293,1,1364.7,1,34.425,1,3.568,1,1364.7,1,3.568,1,34.425,1
5905619,2025-12-12T06:01:19Z,1,-47.31573,151.73293,1,1366.65,1,34.426,1,3.557,1,1366.65,1,3.557,1,34.426,1
5905619,2025-12-12T06:01:19Z,1,-47.31573,151.73293,1,1368.6,1,34.428,1,3.557,1,1368.6,1,3.557,1,34.428,1
5905619,2025-12-12T06:01:19Z,1,-47.31573,151.73293,1,1370.55,1,34.43,1,3.558,1,1370.55,1,3.558,1,34.43,1
5905619,2025-12-12T06:01:19Z,1,-47.31573,151.73293,1,1372.6,1,34.431,1,3.556,1,1372.6,1,3.556,1,34.431,1
5905619,2025-12-12T06:01:19Z,1,-47.31573,151.73293,1,1374.55,1,34.433,1,3.551,1,1374.55,1,3.551,1,34.433,1
5905619,2025-12-12T06:01:19Z,1,-47.31573,151.73293,1,1376.6,1,34.433,1,3.547,1,1376.6,1,3.547,1,34.433,1
5905619,2025-12-12T06:01:19Z,1,-47.31573,151.73293,1,1378.6,1,34.434,1,3.543,1,1378.6,1,3.543,1,34.434,1
5905619,2025-12-12T06:01:19Z,1,-47.31573,151.73293,1,1380.65,1,34.435,1,3.535,1,1380.65,1,3.535,1,34.435,1
5905619,2025-12-12T06:01:19Z,1,-47.31573,151.73293,1,1382.65,1,34.436,1,3.529,1,1382.65,1,3.529,1,34.436,1
5905619,2025-12-12T06:01:19Z,1,-47.31573,151.73293,1,1384.7,1,34.437,1,3.527,1,1384.7,1,3.527,1,34.437,1
5905619,2025-12-12T06:01:19Z,1,-47.31573,151.73293,1,1386.75,1,34.437,1,3.524,1,1386.75,1,3.524,1,34.437,1
5905619,2025-12-12T06:01:19Z,1,-47.31573,151.73293,1,1388.75,1,34.438,1,3.518,1,1388.75,1,3.518,1,34.438,1
5905619,2025-12-12T06:01:19Z,1,-47.31573,151.73293,1,1390.75,1,34.439,1,3.51,1,1390.75,1,3.51,1,34.439,1
5905619,2025-12-12T06:01:19Z,1,-47.31573,151.73293,1,1392.7,1,34.441,1,3.503,1,1392.7,1,3.503,1,34.441,1
5905619,2025-12-12T06:01:19Z,1,-47.31573,151.73293,1,1394.65,1,34.441,1,3.491,1,1394.65,1,3.491,1,34.441,1
5905619,2025-12-12T06:01:19Z,1,-47.31573,151.73293,1,1396.6,1,34.441,1,3.475,1,1396.6,1,3.475,1,34.441,1
5905619,2025-12-12T06:01:19Z,1,-47.31573,151.73293,1,1398.6,1,34.441,1,3.469,1,1398.6,1,3.469,1,34.441,1
5905619,2025-12-12T06:01:19Z,1,-47.31573,151.73293,1,1400.95,1,34.441,1,3.467,1,1400.95,1,3.467,1,34.441,1
5905619,2025-12-12T06:01:19Z,1,-47.31573,151.73293,1,1402.9,1,34.441,1,3.465,1,1402.9,1,3.465,1,34.441,1
5905619,2025-12-12T06:01:19Z,1,-47.31573,151.73293,1,1404.8,1,34.443,1,3.458,1,1404.8,1,3.458,1,34.443,1
5905619,2025-12-12T06:01:19Z,1,-47.31573,151.73293,1,1407.1,1,34.445,1,3.452,1,1407.1,1,3.452,1,34.445,1
5905619,2025-12-12T06:01:19Z,1,-47.31573,151.73293,1,1409.05,1,34.446,1,3.443,1,1409.05,1,3.443,1,34.446,1
5905619,2025-12-12T06:01:19Z,1,-47.31573,151.73293,1,1410.95,1,34.448,1,3.433,1,1410.95,1,3.433,1,34.448,1
5905619,2025-12-12T06:01:19Z,1,-47.31573,151.73293,1,1412.9,1,34.449,1,3.428,1,1412.9,1,3.428,1,34.449,1
5905619,2025-12-12T06:01:19Z,1,-47.31573,151.73293,1,1414.85,1,34.449,1,3.426,1,1414.85,1,3.426,1,34.449,1
5905619,2025-12-12T06:01:19Z,1,-47.31573,151.73293,1,1417.2,1,34.45,1,3.413,1,1417.2,1,3.413,1,34.45,1
5905619,2025-12-12T06:01:19Z,1,-47.31573,151.73293,1,1419.15,1,34.451,1,3.411,1,1419.15,1,3.411,1,34.451,1
5905619,2025-12-12T06:01:19Z,1,-47.31573,151.73293,1,1421.15,1,34.451,1,3.409,1,1421.15,1,3.409,1,34.451,1
5905619,2025-12-12T06:01:19Z,1,-47.31573,151.73293,1,1423.15,1,34.452,1,3.405,1,1423.15,1,3.405,1,34.452,1
5905619,2025-12-12T06:01:19Z,1,-47.31573,151.73293,1,1425.15,1,34.452,1,3.403,1,1425.15,1,3.403,1,34.452,1
5905619,2025-12-12T06:01:19Z,1,-47.31573,151.73293,1,1427.1,1,34.452,1,3.397,1,1427.1,1,3.397,1,34.452,1
5905619,2025-12-12T06:01:19Z,1,-47.31573,151.73293,1,1429.15,1,34.455,1,3.392,1,1429.15,1,3.392,1,34.455,1
5905619,2025-12-12T06:01:19Z,1,-47.31573,151.73293,1,1431.15,1,34.454,1,3.372,1,1431.15,1,3.372,1,34.454,1
5905619,2025-12-12T06:01:19Z,1,-47.31573,151.73293,1,1433.15,1,34.453,1,3.345,1,1433.15,1,3.345,1,34.453,1
5905619,2025-12-12T06:01:19Z,1,-47.31573,151.73293,1,1435.2,1,34.455,1,3.326,1,1435.2,1,3.326,1,34.455,1
5905619,2025-12-12T06:01:19Z,1,-47.31573,151.73293,1,1436.85,1,34.454,1,3.301,1,1436.85,1,3.301,1,34.454,1
5905619,2025-12-12T06:01:19Z,1,-47.31573,151.73293,1,1438.9,1,34.457,1,3.305,1,1438.9,1,3.305,1,34.457,1
5905619,2025-12-12T06:01:19Z,1,-47.31573,151.73293,1,1440.9,1,34.46,1,3.304,1,1440.9,1,3.304,1,34.46,1
5905619,2025-12-12T06:01:19Z,1,-47.31573,151.73293,1,1442.9,1,34.457,1,3.278,1,1442.9,1,3.278,1,34.457,1
5905619,2025-12-12T06:01:19Z,1,-47.31573,151.73293,1,1444.95,1,34.462,1,3.286,1,1444.95,1,3.286,1,34.462,1
5905619,2025-12-12T06:01:19Z,1,-47.31573,151.73293,1,1446.95,1,34.461,1,3.269,1,1446.95,1,3.269,1,34.461,1
5905619,2025-12-12T06:01:19Z,1,-47.31573,151.73293,1,1448.95,1,34.462,1,3.261,1,1448.95,1,3.261,1,34.462,1
5905619,2025-12-12T06:01:19Z,1,-47.31573,151.73293,1,1451.0,1,34.463,1,3.252,1,1451.0,1,3.252,1,34.463,1
5905619,2025-12-12T06:01:19Z,1,-47.31573,151.73293,1,1453.0,1,34.464,1,3.247,1,1453.0,1,3.247,1,34.464,1
5905619,2025-12-12T06:01:19Z,1,-47.31573,151.73293,1,1455.05,1,34.465,1,3.247,1,1455.05,1,3.247,1,34.465,1
5905619,2025-12-12T06:01:19Z,1,-47.31573,151.73293,1,1457.1,1,34.466,1,3.245,1,1457.1,1,3.245,1,34.466,1
5905619,2025-12-12T06:01:19Z,1,-47.31573,151.73293,1,1458.8,1,34.466,1,3.242,1,1458.8,1,3.242,1,34.466,1
5905619,2025-12-12T06:01:19Z,1,-47.31573,151.73293,1,1460.85,1,34.467,1,3.238,1,1460.85,1,3.238,1,34.467,1
5905619,2025-12-12T06:01:19Z,1,-47.31573,151.73293,1,1462.95,1,34.465,1,3.23,1,1462.95,1,3.23,1,34.465,1
5905619,2025-12-12T06:01:19Z,1,-47.31573,151.73293,1,1465.05,1,34.466,1,3.231,1,1465.05,1,3.231,1,34.466,1
5905619,2025-12-12T06:01:19Z,1,-47.31573,151.73293,1,1467.1,1,34.468,1,3.227,1,1467.1,1,3.227,1,34.468,1
5905619,2025-12-12T06:01:19Z,1,-47.31573,151.73293,1,1469.15,1,34.467,1,3.216,1,1469.15,1,3.216,1,34.467,1
5905619,2025-12-12T06:01:19Z,1,-47.31573,151.73293,1,1471.2,1,34.467,1,3.208,1,1471.2,1,3.208,1,34.467,1
5905619,2025-12-12T06:01:19Z,1,-47.31573,151.73293,1,1472.9,1,34.469,1,3.207,1,1472.9,1,3.207,1,34.469,1
5905619,2025-12-12T06:01:19Z,1,-47.31573,151.73293,1,1475.0,1,34.47,1,3.207,1,1475.0,1,3.207,1,34.47,1
5905619,2025-12-12T06:01:19Z,1,-47.31573,151.73293,1,1477.05,1,34.472,1,3.207,1,1477.05,1,3.207,1,34.472,1
5905619,2025-12-12T06:01:19Z,1,-47.31573,151.73293,1,1479.15,1,34.475,1,3.211,1,1479.15,1,3.211,1,34.475,1
5905619,2025-12-12T06:01:19Z,1,-47.31573,151.73293,1,1481.2,1,34.478,1,3.197,1,1481.2,1,3.197,1,34.478,1
5905619,2025-12-12T06:01:19Z,1,-47.31573,151.73293,1,1482.85,1,34.477,1,3.192,1,1482.85,1,3.192,1,34.477,1
5905619,2025-12-12T06:01:19Z,1,-47.31573,151.73293,1,1484.95,1,34.479,1,3.185,1,1484.95,1,3.185,1,34.479,1
5905619,2025-12-12T06:01:19Z,1,-47.31573,151.73293,1,1487.0,1,34.478,1,3.177,1,1487.0,1,3.177,1,34.478,1
5905619,2025-12-12T06:01:19Z,1,-47.31573,151.73293,1,1489.1,1,34.478,1,3.169,1,1489.1,1,3.169,1,34.478,1
5905619,2025-12-12T06:01:19Z,1,-47.31573,151.73293,1,1491.15,1,34.477,1,3.162,1,1491.15,1,3.162,1,34.477,1
5905619,2025-12-12T06:01:19Z,1,-47.31573,151.73293,1,1492.8,1,34.478,1,3.152,1,1492.8,1,3.152,1,34.478,1
5905619,2025-12-12T06:01:19Z,1,-47.31573,151.73293,1,1494.9,1,34.48,1,3.138,1,1494.9,1,3.138,1,34.48,1
5905619,2025-12-12T06:01:19Z,1,-47.31573,151.73293,1,1497.0,1,34.481,1,3.128,1,1497.0,1,3.128,1,34.481,1
5905619,2025-12-12T06:01:19Z,1,-47.31573,151.73293,1,1498.7,1,34.483,1,3.132,1,1498.7,1,3.132,1,34.483,1
5905619,2025-12-12T06:01:19Z,1,-47.31573,151.73293,1,1500.85,1,34.484,1,3.134,1,1500.85,1,3.134,1,34.484,1
5905619,2025-12-12T06:01:19Z,1,-47.31573,151.73293,1,1503.05,1,34.486,1,3.137,1,1503.05,1,3.137,1,34.486,1
5905619,2025-12-12T06:01:19Z,1,-47.31573,151.73293,1,1504.75,1,34.486,1,3.14,1,1504.75,1,3.14,1,34.486,1
5905619,2025-12-12T06:01:19Z,1,-47.31573,151.73293,1,1506.95,1,34.487,1,3.134,1,1506.95,1,3.134,1,34.487,1
5905619,2025-12-12T06:01:19Z,1,-47.31573,151.73293,1,1509.1,1,34.486,1,3.123,1,1509.1,1,3.123,1,34.486,1
5905619,2025-12-12T06:01:19Z,1,-47.31573,151.73293,1,1510.8,1,34.487,1,3.107,1,1510.8,1,3.107,1,34.487,1
5905619,2025-12-12T06:01:19Z,1,-47.31573,151.73293,1,1513.0,1,34.491,1,3.104,1,1513.0,1,3.104,1,34.491,1
5905619,2025-12-12T06:01:19Z,1,-47.31573,151.73293,1,1515.2,1,34.493,1,3.099,1,1515.2,1,3.099,1,34.493,1
5905619,2025-12-12T06:01:19Z,1,-47.31573,151.73293,1,1516.95,1,34.493,1,3.092,1,1516.95,1,3.092,1,34.493,1
5905619,2025-12-12T06:01:19Z,1,-47.31573,151.73293,1,1518.75,1,34.494,1,3.083,1,1518.75,1,3.083,1,34.494,1
5905619,2025-12-12T06:01:19Z,1,-47.31573,151.73293,1,1521.0,1,34.495,1,3.082,1,1521.0,1,3.082,1,34.495,1
5905619,2025-12-12T06:01:19Z,1,-47.31573,151.73293,1,1523.2,1,34.5,1,3.103,1,1523.2,1,3.103,1,34.5,1
5905619,2025-12-12T06:01:19Z,1,-47.31573,151.73293,1,1525.0,1,34.502,1,3.1,1,1525.0,1,3.1,1,34.502,1
5905619,2025-12-12T06:01:19Z,1,-47.31573,151.73293,1,1526.8,1,34.504,1,3.098,1,1526.8,1,3.098,1,34.504,1
5905619,2025-12-12T06:01:19Z,1,-47.31573,151.73293,1,1529.1,1,34.505,1,3.094,1,1529.1,1,3.094,1,34.505,1
5905619,2025-12-12T06:01:19Z,1,-47.31573,151.73293,1,1531.35,1,34.506,1,3.092,1,1531.35,1,3.092,1,34.506,1
5905619,2025-12-12T06:01:19Z,1,-47.31573,151.73293,1,1533.15,1,34.506,1,3.091,1,1533.15,1,3.091,1,34.506,1
5905619,2025-12-12T06:01:19Z,1,-47.31573,151.73293,1,1534.9,1,34.506,1,3.088,1,1534.9,1,3.088,1,34.506,1
5905619,2025-12-12T06:01:19Z,1,-47.31573,151.73293,1,1536.7,1,34.505,1,3.086,1,1536.7,1,3.086,1,34.505,1
5905619,2025-12-12T06:01:19Z,1,-47.31573,151.73293,1,1539.0,1,34.506,1,3.077,1,1539.0,1,3.077,1,34.506,1
5905619,2025-12-12T06:01:19Z,1,-47.31573,151.73293,1,1541.3,1,34.506,1,3.066,1,1541.3,1,3.066,1,34.506,1
5905619,2025-12-12T06:01:19Z,1,-47.31573,151.73293,1,1543.15,1,34.508,1,3.057,1,1543.15,1,3.057,1,34.508,1
5905619,2025-12-12T06:01:19Z,1,-47.31573,151.73293,1,1544.95,1,34.508,1,3.054,1,1544.95,1,3.054,1,34.508,1
5905619,2025-12-12T06:01:19Z,1,-47.31573,151.73293,1,1546.85,1,34.51,1,3.057,1,1546.85,1,3.057,1,34.51,1
5905619,2025-12-12T06:01:19Z,1,-47.31573,151.73293,1,1548.75,1,34.513,1,3.06,1,1548.75,1,3.06,1,34.513,1
5905619,2025-12-12T06:01:19Z,1,-47.31573,151.73293,1,1550.65,1,34.514,1,3.062,1,1550.65,1,3.062,1,34.514,1
5905619,2025-12-12T06:01:19Z,1,-47.31573,151.73293,1,1552.95,1,34.515,1,3.064,1,1552.95,1,3.064,1,34.515,1
5905619,2025-12-12T06:01:19Z,1,-47.31573,151.73293,1,1555.3,1,34.516,1,3.064,1,1555.3,1,3.064,1,34.516,1
5905619,2025-12-12T06:01:19Z,1,-47.31573,151.73293,1,1557.15,1,34.517,1,3.062,1,1557.15,1,3.062,1,34.517,1
5905619,2025-12-12T06:01:19Z,1,-47.31573,151.73293,1,1559.0,1,34.517,1,3.06,1,1559.0,1,3.06,1,34.517,1
5905619,2025-12-12T06:01:19Z,1,-47.31573,151.73293,1,1560.85,1,34.518,1,3.058,1,1560.85,1,3.058,1,34.518,1
5905619,2025-12-12T06:01:19Z,1,-47.31573,151.73293,1,1562.7,1,34.518,1,3.057,1,1562.7,1,3.057,1,34.518,1
5905619,2025-12-12T06:01:19Z,1,-47.31573,151.73293,1,1565.05,1,34.519,1,3.054,1,1565.05,1,3.054,1,34.519,1
5905619,2025-12-12T06:01:19Z,1,-47.31573,151.73293,1,1567.35,1,34.518,1,3.051,1,1567.35,1,3.051,1,34.518,1
5905619,2025-12-12T06:01:19Z,1,-47.31573,151.73293,1,1569.2,1,34.52,1,3.038,1,1569.2,1,3.038,1,34.52,1
5905619,2025-12-12T06:01:19Z,1,-47.31573,151.73293,1,1571.1,1,34.519,1,3.028,1,1571.1,1,3.028,1,34.519,1
5905619,2025-12-12T06:01:19Z,1,-47.31573,151.73293,1,1572.95,1,34.519,1,3.027,1,1572.95,1,3.027,1,34.519,1
5905619,2025-12-12T06:01:19Z,1,-47.31573,151.73293,1,1574.8,1,34.52,1,3.024,1,1574.8,1,3.024,1,34.52,1
5905619,2025-12-12T06:01:19Z,1,-47.31573,151.73293,1,1576.65,1,34.52,1,3.01,1,1576.65,1,3.01,1,34.52,1
5905619,2025-12-12T06:01:19Z,1,-47.31573,151.73293,1,1579.0,1,34.52,1,3.004,1,1579.0,1,3.004,1,34.52,1
5905619,2025-12-12T06:01:19Z,1,-47.31573,151.73293,1,1581.35,1,34.521,1,3.004,1,1581.35,1,3.004,1,34.521,1
5905619,2025-12-12T06:01:19Z,1,-47.31573,151.73293,1,1583.25,1,34.521,1,2.985,1,1583.25,1,2.985,1,34.521,1
5905619,2025-12-12T06:01:19Z,1,-47.31573,151.73293,1,1585.1,1,34.521,1,2.979,1,1585.1,1,2.979,1,34.521,1
5905619,2025-12-12T06:01:19Z,1,-47.31573,151.73293,1,1586.9,1,34.521,1,2.975,1,1586.9,1,2.975,1,34.521,1
5905619,2025-12-12T06:01:19Z,1,-47.31573,151.73293,1,1589.05,1,34.522,1,2.97,1,1589.05,1,2.97,1,34.522,1
5905619,2025-12-12T06:01:19Z,1,-47.31573,151.73293,1,1591.2,1,34.523,1,2.97,1,1591.2,1,2.97,1,34.523,1
5905619,2025-12-12T06:01:19Z,1,-47.31573,151.73293,1,1593.05,1,34.523,1,2.966,1,1593.05,1,2.966,1,34.523,1
5905619,2025-12-12T06:01:19Z,1,-47.31573,151.73293,1,1594.95,1,34.524,1,2.964,1,1594.95,1,2.964,1,34.524,1
5905619,2025-12-12T06:01:19Z,1,-47.31573,151.73293,1,1597.2,1,34.523,1,2.96,1,1597.2,1,2.96,1,34.523,1
5905619,2025-12-12T06:01:19Z,1,-47.31573,151.73293,1,1599.1,1,34.524,1,2.959,1,1599.1,1,2.959,1,34.524,1
5905619,2025-12-12T06:01:19Z,1,-47.31573,151.73293,1,1601.0,1,34.524,1,2.954,1,1601.0,1,2.954,1,34.524,1
5905619,2025-12-12T06:01:19Z,1,-47.31573,151.73293,1,1602.95,1,34.525,1,2.951,1,1602.95,1,2.951,1,34.525,1
5905619,2025-12-12T06:01:19Z,1,-47.31573,151.73293,1,1604.95,1,34.525,1,2.953,1,1604.95,1,2.953,1,34.525,1
5905619,2025-12-12T06:01:19Z,1,-47.31573,151.73293,1,1606.9,1,34.525,1,2.952,1,1606.9,1,2.952,1,34.525,1
5905619,2025-12-12T06:01:19Z,1,-47.31573,151.73293,1,1608.9,1,34.525,1,2.949,1,1608.9,1,2.949,1,34.525,1
5905619,2025-12-12T06:01:19Z,1,-47.31573,151.73293,1,1610.9,1,34.526,1,2.941,1,1610.9,1,2.941,1,34.526,1
5905619,2025-12-12T06:01:19Z,1,-47.31573,151.73293,1,1612.9,1,34.525,1,2.929,1,1612.9,1,2.929,1,34.525,1
5905619,2025-12-12T06:01:19Z,1,-47.31573,151.73293,1,1614.95,1,34.525,1,2.924,1,1614.95,1,2.924,1,34.525,1
5905619,2025-12-12T06:01:19Z,1,-47.31573,151.73293,1,1617.0,1,34.526,1,2.915,1,1617.0,1,2.915,1,34.526,1
5905619,2025-12-12T06:01:19Z,1,-47.31573,151.73293,1,1619.05,1,34.528,1,2.911,1,1619.05,1,2.911,1,34.528,1
5905619,2025-12-12T06:01:19Z,1,-47.31573,151.73293,1,1621.1,1,34.528,1,2.909,1,1621.1,1,2.909,1,34.528,1
5905619,2025-12-12T06:01:19Z,1,-47.31573,151.73293,1,1623.2,1,34.529,1,2.904,1,1623.2,1,2.904,1,34.529,1
5905619,2025-12-12T06:01:19Z,1,-47.31573,151.73293,1,1624.85,1,34.529,1,2.901,1,1624.85,1,2.901,1,34.529,1
5905619,2025-12-12T06:01:19Z,1,-47.31573,151.73293,1,1626.9,1,34.53,1,2.896,1,1626.9,1,2.896,1,34.53,1
5905619,2025-12-12T06:01:19Z,1,-47.31573,151.73293,1,1628.95,1,34.53,1,2.888,1,1628.95,1,2.888,1,34.53,1
5905619,2025-12-12T06:01:19Z,1,-47.31573,151.73293,1,1631.0,1,34.531,1,2.884,1,1631.0,1,2.884,1,34.531,1
5905619,2025-12-12T06:01:19Z,1,-47.31573,151.73293,1,1633.05,1,34.532,1,2.877,1,1633.05,1,2.877,1,34.532,1
5905619,2025-12-12T06:01:19Z,1,-47.31573,151.73293,1,1635.1,1,34.533,1,2.874,1,1635.1,1,2.874,1,34.533,1
5905619,2025-12-12T06:01:19Z,1,-47.31573,151.73293,1,1637.2,1,34.534,1,2.874,1,1637.2,1,2.874,1,34.534,1
5905619,2025-12-12T06:01:19Z,1,-47.31573,151.73293,1,1638.9,1,34.534,1,2.873,1,1638.9,1,2.873,1,34.534,1
5905619,2025-12-12T06:01:19Z,1,-47.31573,151.73293,1,1641.0,1,34.534,1,2.871,1,1641.0,1,2.871,1,34.534,1
5905619,2025-12-12T06:01:19Z,1,-47.31573,151.73293,1,1643.15,1,34.535,1,2.863,1,1643.15,1,2.863,1,34.535,1
5905619,2025-12-12T06:01:19Z,1,-47.31573,151.73293,1,1644.85,1,34.535,1,2.859,1,1644.85,1,2.859,1,34.535,1
5905619,2025-12-12T06:01:19Z,1,-47.31573,151.73293,1,1647.0,1,34.536,1,2.856,1,1647.0,1,2.856,1,34.536,1
5905619,2025-12-12T06:01:19Z,1,-47.31573,151.73293,1,1649.15,1,34.539,1,2.858,1,1649.15,1,2.858,1,34.539,1
5905619,2025-12-12T06:01:19Z,1,-47.31573,151.73293,1,1650.9,1,34.54,1,2.853,1,1650.9,1,2.853,1,34.54,1
5905619,2025-12-12T06:01:19Z,1,-47.31573,151.73293,1,1653.1,1,34.541,1,2.854,1,1653.1,1,2.854,1,34.541,1
5905619,2025-12-12T06:01:19Z,1,-47.31573,151.73293,1,1655.25,1,34.543,1,2.859,1,1655.25,1,2.859,1,34.543,1
5905619,2025-12-12T06:01:19Z,1,-47.31573,151.73293,1,1657.05,1,34.544,1,2.855,1,1657.05,1,2.855,1,34.544,1
5905619,2025-12-12T06:01:19Z,1,-47.31573,151.73293,1,1658.8,1,34.545,1,2.853,1,1658.8,1,2.853,1,34.545,1
5905619,2025-12-12T06:01:19Z,1,-47.31573,151.73293,1,1660.95,1,34.546,1,2.856,1,1660.95,1,2.856,1,34.546,1
5905619,2025-12-12T06:01:19Z,1,-47.31573,151.73293,1,1663.15,1,34.548,1,2.878,1,1663.15,1,2.878,1,34.548,1
5905619,2025-12-12T06:01:19Z,1,-47.31573,151.73293,1,1664.95,1,34.552,1,2.886,1,1664.95,1,2.886,1,34.552,1
5905619,2025-12-12T06:01:19Z,1,-47.31573,151.73293,1,1667.1,1,34.554,1,2.89,1,1667.1,1,2.89,1,34.554,1
5905619,2025-12-12T06:01:19Z,1,-47.31573,151.73293,1,1669.3,1,34.554,1,2.879,1,1669.3,1,2.879,1,34.554,1
5905619,2025-12-12T06:01:19Z,1,-47.31573,151.73293,1,1671.05,1,34.554,1,2.87,1,1671.05,1,2.87,1,34.554,1
5905619,2025-12-12T06:01:19Z,1,-47.31573,151.73293,1,1672.85,1,34.555,1,2.877,1,1672.85,1,2.877,1,34.555,1
5905619,2025-12-12T06:01:19Z,1,-47.31573,151.73293,1,1675.05,1,34.555,1,2.869,1,1675.05,1,2.869,1,34.555,1
5905619,2025-12-12T06:01:19Z,1,-47.31573,151.73293,1,1677.3,1,34.555,1,2.859,1,1677.3,1,2.859,1,34.555,1
5905619,2025-12-12T06:01:19Z,1,-47.31573,151.73293,1,1679.1,1,34.554,1,2.846,1,1679.1,1,2.846,1,34.554,1
5905619,2025-12-12T06:01:19Z,1,-47.31573,151.73293,1,1680.85,1,34.553,1,2.826,1,1680.85,1,2.826,1,34.553,1
5905619,2025-12-12T06:01:19Z,1,-47.31573,151.73293,1,1682.7,1,34.555,1,2.829,1,1682.7,1,2.829,1,34.555,1
5905619,2025-12-12T06:01:19Z,1,-47.31573,151.73293,1,1684.95,1,34.556,1,2.833,1,1684.95,1,2.833,1,34.556,1
5905619,2025-12-12T06:01:19Z,1,-47.31573,151.73293,1,1687.2,1,34.557,1,2.831,1,1687.2,1,2.831,1,34.557,1
5905619,2025-12-12T06:01:19Z,1,-47.31573,151.73293,1,1689.0,1,34.558,1,2.835,1,1689.0,1,2.835,1,34.558,1
5905619,2025-12-12T06:01:19Z,1,-47.31573,151.73293,1,1690.85,1,34.559,1,2.827,1,1690.85,1,2.827,1,34.559,1
5905619,2025-12-12T06:01:19Z,1,-47.31573,151.73293,1,1693.1,1,34.558,1,2.829,1,1693.1,1,2.829,1,34.558,1
5905619,2025-12-12T06:01:19Z,1,-47.31573,151.73293,1,1695.3,1,34.559,1,2.812,1,1695.3,1,2.812,1,34.559,1
5905619,2025-12-12T06:01:19Z,1,-47.31573,151.73293,1,1697.1,1,34.561,1,2.813,1,1697.1,1,2.813,1,34.561,1
5905619,2025-12-12T06:01:19Z,1,-47.31573,151.73293,1,1698.9,1,34.562,1,2.811,1,1698.9,1,2.811,1,34.562,1
5905619,2025-12-12T06:01:19Z,1,-47.31573,151.73293,1,1700.7,1,34.562,1,2.811,1,1700.7,1,2.811,1,34.562,1
5905619,2025-12-12T06:01:19Z,1,-47.31573,151.73293,1,1703.0,1,34.563,1,2.814,1,1703.0,1,2.814,1,34.563,1
5905619,2025-12-12T06:01:19Z,1,-47.31573,151.73293,1,1705.25,1,34.563,1,2.815,1,1705.25,1,2.815,1,34.563,1
5905619,2025-12-12T06:01:19Z,1,-47.31573,151.73293,1,1707.05,1,34.564,1,2.815,1,1707.05,1,2.815,1,34.564,1
5905619,2025-12-12T06:01:19Z,1,-47.31573,151.73293,1,1708.85,1,34.564,1,2.812,1,1708.85,1,2.812,1,34.564,1
5905619,2025-12-12T06:01:19Z,1,-47.31573,151.73293,1,1710.7,1,34.565,1,2.812,1,1710.7,1,2.812,1,34.565,1
5905619,2025-12-12T06:01:19Z,1,-47.31573,151.73293,1,1712.95,1,34.568,1,2.808,1,1712.95,1,2.808,1,34.568,1
5905619,2025-12-12T06:01:19Z,1,-47.31573,151.73293,1,1715.25,1,34.568,1,2.808,1,1715.25,1,2.808,1,34.568,1
5905619,2025-12-12T06:01:19Z,1,-47.31573,151.73293,1,1717.1,1,34.569,1,2.807,1,1717.1,1,2.807,1,34.569,1
5905619,2025-12-12T06:01:19Z,1,-47.31573,151.73293,1,1718.95,1,34.568,1,2.79,1,1718.95,1,2.79,1,34.568,1
5905619,2025-12-12T06:01:19Z,1,-47.31573,151.73293,1,1720.75,1,34.567,1,2.783,1,1720.75,1,2.783,1,34.567,1
5905619,2025-12-12T06:01:19Z,1,-47.31573,151.73293,1,1723.1,1,34.568,1,2.783,1,1723.1,1,2.783,1,34.568,1
5905619,2025-12-12T06:01:19Z,1,-47.31573,151.73293,1,1725.4,1,34.569,1,2.785,1,1725.4,1,2.785,1,34.569,1
5905619,2025-12-12T06:01:19Z,1,-47.31573,151.73293,1,1727.3,1,34.572,1,2.788,1,1727.3,1,2.788,1,34.572,1
5905619,2025-12-12T06:01:19Z,1,-47.31573,151.73293,1,1729.15,1,34.572,1,2.785,1,1729.15,1,2.785,1,34.572,1
5905619,2025-12-12T06:01:19Z,1,-47.31573,151.73293,1,1731.05,1,34.572,1,2.784,1,1731.05,1,2.784,1,34.572,1
5905619,2025-12-12T06:01:19Z,1,-47.31573,151.73293,1,1732.9,1,34.573,1,2.782,1,1732.9,1,2.782,1,34.573,1
5905619,2025-12-12T06:01:19Z,1,-47.31573,151.73293,1,1734.75,1,34.573,1,2.777,1,1734.75,1,2.777,1,34.573,1
5905619,2025-12-12T06:01:19Z,1,-47.31573,151.73293,1,1736.65,1,34.572,1,2.763,1,1736.65,1,2.763,1,34.572,1
5905619,2025-12-12T06:01:19Z,1,-47.31573,151.73293,1,1739.0,1,34.572,1,2.756,1,1739.0,1,2.756,1,34.572,1
5905619,2025-12-12T06:01:19Z,1,-47.31573,151.73293,1,1741.4,1,34.571,1,2.757,1,1741.4,1,2.757,1,34.571,1
5905619,2025-12-12T06:01:19Z,1,-47.31573,151.73293,1,1743.3,1,34.573,1,2.747,1,1743.3,1,2.747,1,34.573,1
5905619,2025-12-12T06:01:19Z,1,-47.31573,151.73293,1,1745.2,1,34.574,1,2.746,1,1745.2,1,2.746,1,34.574,1
5905619,2025-12-12T06:01:19Z,1,-47.31573,151.73293,1,1747.15,1,34.575,1,2.744,1,1747.15,1,2.744,1,34.575,1
5905619,2025-12-12T06:01:19Z,1,-47.31573,151.73293,1,1749.05,1,34.575,1,2.741,1,1749.05,1,2.741,1,34.575,1
5905619,2025-12-12T06:01:19Z,1,-47.31573,151.73293,1,1750.95,1,34.576,1,2.739,1,1750.95,1,2.739,1,34.576,1
5905619,2025-12-12T06:01:19Z,1,-47.31573,151.73293,1,1752.95,1,34.577,1,2.74,1,1752.95,1,2.74,1,34.577,1
5905619,2025-12-12T06:01:19Z,1,-47.31573,151.73293,1,1754.9,1,34.578,1,2.74,1,1754.9,1,2.74,1,34.578,1
5905619,2025-12-12T06:01:19Z,1,-47.31573,151.73293,1,1756.85,1,34.58,1,2.743,1,1756.85,1,2.743,1,34.58,1
5905619,2025-12-12T06:01:19Z,1,-47.31573,151.73293,1,1758.8,1,34.58,1,2.73,1,1758.8,1,2.73,1,34.58,1
5905619,2025-12-12T06:01:19Z,1,-47.31573,151.73293,1,1760.75,1,34.58,1,2.726,1,1760.75,1,2.726,1,34.58,1
5905619,2025-12-12T06:01:19Z,1,-47.31573,151.73293,1,1762.75,1,34.582,1,2.726,1,1762.75,1,2.726,1,34.582,1
5905619,2025-12-12T06:01:19Z,1,-47.31573,151.73293,1,1764.7,1,34.583,1,2.722,1,1764.7,1,2.722,1,34.583,1
5905619,2025-12-12T06:01:19Z,1,-47.31573,151.73293,1,1766.65,1,34.583,1,2.722,1,1766.65,1,2.722,1,34.583,1
5905619,2025-12-12T06:01:19Z,1,-47.31573,151.73293,1,1768.6,1,34.585,1,2.72,1,1768.6,1,2.72,1,34.585,1
5905619,2025-12-12T06:01:19Z,1,-47.31573,151.73293,1,1770.55,1,34.585,1,2.719,1,1770.55,1,2.719,1,34.585,1
5905619,2025-12-12T06:01:19Z,1,-47.31573,151.73293,1,1773.0,1,34.586,1,2.717,1,1773.0,1,2.717,1,34.586,1
5905619,2025-12-12T06:01:19Z,1,-47.31573,151.73293,1,1775.4,1,34.588,1,2.717,1,1775.4,1,2.717,1,34.588,1
5905619,2025-12-12T06:01:19Z,1,-47.31573,151.73293,1,1777.35,1,34.587,1,2.717,1,1777.35,1,2.717,1,34.587,1
5905619,2025-12-12T06:01:19Z,1,-47.31573,151.73293,1,1779.3,1,34.588,1,2.716,1,1779.3,1,2.716,1,34.588,1
5905619,2025-12-12T06:01:19Z,1,-47.31573,151.73293,1,1781.2,1,34.589,1,2.713,1,1781.2,1,2.713,1,34.589,1
5905619,2025-12-12T06:01:19Z,1,-47.31573,151.73293,1,1783.2,1,34.589,1,2.712,1,1783.2,1,2.712,1,34.589,1
5905619,2025-12-12T06:01:19Z,1,-47.31573,151.73293,1,1785.1,1,34.59,1,2.708,1,1785.1,1,2.708,1,34.59,1
5905619,2025-12-12T06:01:19Z,1,-47.31573,151.73293,1,1787.05,1,34.59,1,2.707,1,1787.05,1,2.707,1,34.59,1
5905619,2025-12-12T06:01:19Z,1,-47.31573,151.73293,1,1789.0,1,34.591,1,2.702,1,1789.0,1,2.702,1,34.591,1
5905619,2025-12-12T06:01:19Z,1,-47.31573,151.73293,1,1790.95,1,34.592,1,2.695,1,1790.95,1,2.695,1,34.592,1
5905619,2025-12-12T06:01:19Z,1,-47.31573,151.73293,1,1792.9,1,34.593,1,2.695,1,1792.9,1,2.695,1,34.593,1
5905619,2025-12-12T06:01:19Z,1,-47.31573,151.73293,1,1794.85,1,34.593,1,2.691,1,1794.85,1,2.691,1,34.593,1
5905619,2025-12-12T06:01:19Z,1,-47.31573,151.73293,1,1796.75,1,34.594,1,2.688,1,1796.75,1,2.688,1,34.594,1
5905619,2025-12-12T06:01:19Z,1,-47.31573,151.73293,1,1798.7,1,34.594,1,2.687,1,1798.7,1,2.687,1,34.594,1
5905619,2025-12-12T06:01:19Z,1,-47.31573,151.73293,1,1800.65,1,34.595,1,2.683,1,1800.65,1,2.683,1,34.595,1
5905619,2025-12-12T06:01:19Z,1,-47.31573,151.73293,1,1802.65,1,34.596,1,2.682,1,1802.65,1,2.682,1,34.596,1
5905619,2025-12-12T06:01:19Z,1,-47.31573,151.73293,1,1804.55,1,34.596,1,2.68,1,1804.55,1,2.68,1,34.596,1
5905619,2025-12-12T06:01:19Z,1,-47.31573,151.73293,1,1807.0,1,34.597,1,2.676,1,1807.0,1,2.676,1,34.597,1
5905619,2025-12-12T06:01:19Z,1,-47.31573,151.73293,1,1809.4,1,34.598,1,2.674,1,1809.4,1,2.674,1,34.598,1
5905619,2025-12-12T06:01:19Z,1,-47.31573,151.73293,1,1811.35,1,34.598,1,2.672,1,1811.35,1,2.672,1,34.598,1
5905619,2025-12-12T06:01:19Z,1,-47.31573,151.73293,1,1813.3,1,34.599,1,2.671,1,1813.3,1,2.671,1,34.599,1
5905619,2025-12-12T06:01:19Z,1,-47.31573,151.73293,1,1815.3,1,34.599,1,2.67,1,1815.3,1,2.67,1,34.599,1
5905619,2025-12-12T06:01:19Z,1,-47.31573,151.73293,1,1817.25,1,34.602,1,2.665,1,1817.25,1,2.665,1,34.602,1
5905619,2025-12-12T06:01:19Z,1,-47.31573,151.73293,1,1819.2,1,34.603,1,2.664,1,1819.2,1,2.664,1,34.603,1
5905619,2025-12-12T06:01:19Z,1,-47.31573,151.73293,1,1821.15,1,34.604,1,2.661,1,1821.15,1,2.661,1,34.604,1
5905619,2025-12-12T06:01:19Z,1,-47.31573,151.73293,1,1823.1,1,34.606,1,2.654,1,1823.1,1,2.654,1,34.606,1
5905619,2025-12-12T06:01:19Z,1,-47.31573,151.73293,1,1825.05,1,34.606,1,2.652,1,1825.05,1,2.652,1,34.606,1
5905619,2025-12-12T06:01:19Z,1,-47.31573,151.73293,1,1827.0,1,34.607,1,2.651,1,1827.0,1,2.651,1,34.607,1
5905619,2025-12-12T06:01:19Z,1,-47.31573,151.73293,1,1828.95,1,34.608,1,2.648,1,1828.95,1,2.648,1,34.608,1
5905619,2025-12-12T06:01:19Z,1,-47.31573,151.73293,1,1830.95,1,34.608,1,2.646,1,1830.95,1,2.646,1,34.608,1
5905619,2025-12-12T06:01:19Z,1,-47.31573,151.73293,1,1832.95,1,34.608,1,2.646,1,1832.95,1,2.646,1,34.608,1
5905619,2025-12-12T06:01:19Z,1,-47.31573,151.73293,1,1834.95,1,34.609,1,2.644,1,1834.95,1,2.644,1,34.609,1
5905619,2025-12-12T06:01:19Z,1,-47.31573,151.73293,1,1836.95,1,34.61,1,2.642,1,1836.95,1,2.642,1,34.61,1
5905619,2025-12-12T06:01:19Z,1,-47.31573,151.73293,1,1838.85,1,34.611,1,2.641,1,1838.85,1,2.641,1,34.611,1
5905619,2025-12-12T06:01:19Z,1,-47.31573,151.73293,1,1840.85,1,34.612,1,2.638,1,1840.85,1,2.638,1,34.612,1
5905619,2025-12-12T06:01:19Z,1,-47.31573,151.73293,1,1842.8,1,34.612,1,2.635,1,1842.8,1,2.635,1,34.612,1
5905619,2025-12-12T06:01:19Z,1,-47.31573,151.73293,1,1844.8,1,34.614,1,2.63,1,1844.8,1,2.63,1,34.614,1
5905619,2025-12-12T06:01:19Z,1,-47.31573,151.73293,1,1846.8,1,34.616,1,2.626,1,1846.8,1,2.626,1,34.616,1
5905619,2025-12-12T06:01:19Z,1,-47.31573,151.73293,1,1848.8,1,34.616,1,2.625,1,1848.8,1,2.625,1,34.616,1
5905619,2025-12-12T06:01:19Z,1,-47.31573,151.73293,1,1850.75,1,34.617,1,2.622,1,1850.75,1,2.622,1,34.617,1
5905619,2025-12-12T06:01:19Z,1,-47.31573,151.73293,1,1852.7,1,34.617,1,2.62,1,1852.7,1,2.62,1,34.617,1
5905619,2025-12-12T06:01:19Z,1,-47.31573,151.73293,1,1854.7,1,34.617,1,2.619,1,1854.7,1,2.619,1,34.617,1
5905619,2025-12-12T06:01:19Z,1,-47.31573,151.73293,1,1856.65,1,34.618,1,2.617,1,1856.65,1,2.617,1,34.618,1
5905619,2025-12-12T06:01:19Z,1,-47.31573,151.73293,1,1858.6,1,34.618,1,2.615,1,1858.6,1,2.615,1,34.618,1
5905619,2025-12-12T06:01:19Z,1,-47.31573,151.73293,1,1860.55,1,34.62,1,2.61,1,1860.55,1,2.61,1,34.62,1
5905619,2025-12-12T06:01:19Z,1,-47.31573,151.73293,1,1863.0,1,34.62,1,2.607,1,1863.0,1,2.607,1,34.62,1
5905619,2025-12-12T06:01:19Z,1,-47.31573,151.73293,1,1865.45,1,34.621,1,2.604,1,1865.45,1,2.604,1,34.621,1
5905619,2025-12-12T06:01:19Z,1,-47.31573,151.73293,1,1867.4,1,34.622,1,2.602,1,1867.4,1,2.602,1,34.622,1
5905619,2025-12-12T06:01:19Z,1,-47.31573,151.73293,1,1869.35,1,34.622,1,2.6,1,1869.35,1,2.6,1,34.622,1
5905619,2025-12-12T06:01:19Z,1,-47.31573,151.73293,1,1871.3,1,34.623,1,2.597,1,1871.3,1,2.597,1,34.623,1
5905619,2025-12-12T06:01:19Z,1,-47.31573,151.73293,1,1873.3,1,34.624,1,2.594,1,1873.3,1,2.594,1,34.624,1
5905619,2025-12-12T06:01:19Z,1,-47.31573,151.73293,1,1875.25,1,34.624,1,2.592,1,1875.25,1,2.592,1,34.624,1
5905619,2025-12-12T06:01:19Z,1,-47.31573,151.73293,1,1877.2,1,34.625,1,2.589,1,1877.2,1,2.589,1,34.625,1
5905619,2025-12-12T06:01:19Z,1,-47.31573,151.73293,1,1879.2,1,34.625,1,2.588,1,1879.2,1,2.588,1,34.625,1
5905619,2025-12-12T06:01:19Z,1,-47.31573,151.73293,1,1881.15,1,34.626,1,2.586,1,1881.15,1,2.586,1,34.626,1
5905619,2025-12-12T06:01:19Z,1,-47.31573,151.73293,1,1883.15,1,34.626,1,2.583,1,1883.15,1,2.583,1,34.626,1
5905619,2025-12-12T06:01:19Z,1,-47.31573,151.73293,1,1885.15,1,34.627,1,2.578,1,1885.15,1,2.578,1,34.627,1
5905619,2025-12-12T06:01:19Z,1,-47.31573,151.73293,1,1887.15,1,34.628,1,2.576,1,1887.15,1,2.576,1,34.628,1
5905619,2025-12-12T06:01:19Z,1,-47.31573,151.73293,1,1889.15,1,34.629,1,2.573,1,1889.15,1,2.573,1,34.629,1
5905619,2025-12-12T06:01:19Z,1,-47.31573,151.73293,1,1891.1,1,34.63,1,2.571,1,1891.1,1,2.571,1,34.63,1
5905619,2025-12-12T06:01:19Z,1,-47.31573,151.73293,1,1893.15,1,34.632,1,2.567,1,1893.15,1,2.567,1,34.632,1
5905619,2025-12-12T06:01:19Z,1,-47.31573,151.73293,1,1895.1,1,34.632,1,2.566,1,1895.1,1,2.566,1,34.632,1
5905619,2025-12-12T06:01:19Z,1,-47.31573,151.73293,1,1897.1,1,34.632,1,2.565,1,1897.1,1,2.565,1,34.632,1
5905619,2025-12-12T06:01:19Z,1,-47.31573,151.73293,1,1899.1,1,34.633,1,2.563,1,1899.1,1,2.563,1,34.633,1
5905619,2025-12-12T06:01:19Z,1,-47.31573,151.73293,1,1901.1,1,34.634,1,2.561,1,1901.1,1,2.561,1,34.634,1
5905619,2025-12-12T06:01:19Z,1,-47.31573,151.73293,1,1903.05,1,34.633,1,2.561,1,1903.05,1,2.561,1,34.633,1
5905619,2025-12-12T06:01:19Z,1,-47.31573,151.73293,1,1904.85,1,34.634,1,2.56,1,1904.85,1,2.56,1,34.634,1
5905619,2025-12-12T06:01:19Z,1,-47.31573,151.73293,1,1906.8,1,34.634,1,2.557,1,1906.8,1,2.557,1,34.634,1
5905619,2025-12-12T06:01:19Z,1,-47.31573,151.73293,1,1909.1,1,34.635,1,2.555,1,1909.1,1,2.555,1,34.635,1
5905619,2025-12-12T06:01:19Z,1,-47.31573,151.73293,1,1911.0,1,34.637,1,2.552,1,1911.0,1,2.552,1,34.637,1
5905619,2025-12-12T06:01:19Z,1,-47.31573,151.73293,1,1912.95,1,34.637,1,2.549,1,1912.95,1,2.549,1,34.637,1
5905619,2025-12-12T06:01:19Z,1,-47.31573,151.73293,1,1914.85,1,34.638,1,2.549,1,1914.85,1,2.549,1,34.638,1
5905619,2025-12-12T06:01:19Z,1,-47.31573,151.73293,1,1916.85,1,34.638,1,2.548,1,1916.85,1,2.548,1,34.638,1
5905619,2025-12-12T06:01:19Z,1,-47.31573,151.73293,1,1918.85,1,34.64,1,2.545,1,1918.85,1,2.545,1,34.64,1
5905619,2025-12-12T06:01:19Z,1,-47.31573,151.73293,1,1920.85,1,34.64,1,2.543,1,1920.85,1,2.543,1,34.64,1
5905619,2025-12-12T06:01:19Z,1,-47.31573,151.73293,1,1922.85,1,34.64,1,2.542,1,1922.85,1,2.542,1,34.64,1
5905619,2025-12-12T06:01:19Z,1,-47.31573,151.73293,1,1924.85,1,34.641,1,2.54,1,1924.85,1,2.54,1,34.641,1
5905619,2025-12-12T06:01:19Z,1,-47.31573,151.73293,1,1926.85,1,34.642,1,2.537,1,1926.85,1,2.537,1,34.642,1
5905619,2025-12-12T06:01:19Z,1,-47.31573,151.73293,1,1928.9,1,34.643,1,2.535,1,1928.9,1,2.535,1,34.643,1
5905619,2025-12-12T06:01:19Z,1,-47.31573,151.73293,1,1930.9,1,34.643,1,2.535,1,1930.9,1,2.535,1,34.643,1
5905619,2025-12-12T06:01:19Z,1,-47.31573,151.73293,1,1932.95,1,34.644,1,2.532,1,1932.95,1,2.532,1,34.644,1
5905619,2025-12-12T06:01:19Z,1,-47.31573,151.73293,1,1934.95,1,34.645,1,2.531,1,1934.95,1,2.531,1,34.645,1
5905619,2025-12-12T06:01:19Z,1,-47.31573,151.73293,1,1936.9,1,34.645,1,2.529,1,1936.9,1,2.529,1,34.645,1
5905619,2025-12-12T06:01:19Z,1,-47.31573,151.73293,1,1938.9,1,34.647,1,2.526,1,1938.9,1,2.526,1,34.647,1
5905619,2025-12-12T06:01:19Z,1,-47.31573,151.73293,1,1940.95,1,34.647,1,2.525,1,1940.95,1,2.525,1,34.647,1
5905619,2025-12-12T06:01:19Z,1,-47.31573,151.73293,1,1942.95,1,34.648,1,2.523,1,1942.95,1,2.523,1,34.648,1
5905619,2025-12-12T06:01:19Z,1,-47.31573,151.73293,1,1944.95,1,34.649,1,2.522,1,1944.95,1,2.522,1,34.649,1
5905619,2025-12-12T06:01:19Z,1,-47.31573,151.73293,1,1946.9,1,34.649,1,2.52,1,1946.9,1,2.52,1,34.649,1
5905619,2025-12-12T06:01:19Z,1,-47.31573,151.73293,1,1948.95,1,34.65,1,2.518,1,1948.95,1,2.518,1,34.65,1
5905619,2025-12-12T06:01:19Z,1,-47.31573,151.73293,1,1951.0,1,34.65,1,2.519,1,1951.0,1,2.519,1,34.65,1
5905619,2025-12-12T06:01:19Z,1,-47.31573,151.73293,1,1953.1,1,34.65,1,2.518,1,1953.1,1,2.518,1,34.65,1
5905619,2025-12-12T06:01:19Z,1,-47.31573,151.73293,1,1955.2,1,34.65,1,2.517,1,1955.2,1,2.517,1,34.65,1
5905619,2025-12-12T06:01:19Z,1,-47.31573,151.73293,1,1956.85,1,34.651,1,2.516,1,1956.85,1,2.516,1,34.651,1
5905619,2025-12-12T06:01:19Z,1,-47.31573,151.73293,1,1959.0,1,34.652,1,2.514,1,1959.0,1,2.514,1,34.652,1
5905619,2025-12-12T06:01:19Z,1,-47.31573,151.73293,1,1961.15,1,34.652,1,2.512,1,1961.15,1,2.512,1,34.652,1
5905619,2025-12-12T06:01:19Z,1,-47.31573,151.73293,1,1962.9,1,34.653,1,2.51,1,1962.9,1,2.51,1,34.653,1
5905619,2025-12-12T06:01:19Z,1,-47.31573,151.73293,1,1965.0,1,34.653,1,2.511,1,1965.0,1,2.511,1,34.653,1
5905619,2025-12-12T06:01:19Z,1,-47.31573,151.73293,1,1967.15,1,34.653,1,2.51,1,1967.15,1,2.51,1,34.653,1
5905619,2025-12-12T06:01:19Z,1,-47.31573,151.73293,1,1968.9,1,34.653,1,2.51,1,1968.9,1,2.51,1,34.653,1
5905619,2025-12-12T06:01:19Z,1,-47.31573,151.73293,1,1970.7,1,34.653,1,2.508,1,1970.7,1,2.508,1,34.653,1
5905619,2025-12-12T06:01:19Z,1,-47.31573,151.73293,1,1972.95,1,34.655,1,2.505,1,1972.95,1,2.505,1,34.655,1
5905619,2025-12-12T06:01:19Z,1,-47.31573,151.73293,1,1975.2,1,34.656,1,2.504,1,1975.2,1,2.504,1,34.656,1
5905619,2025-12-12T06:01:19Z,1,-47.31573,151.73293,1,1977.0,1,34.656,1,2.502,1,1977.0,1,2.502,1,34.656,1
5905619,2025-12-12T06:01:19Z,1,-47.31573,151.73293,1,1978.8,1,34.657,1,2.501,1,1978.8,1,2.501,1,34.657,1
5905619,2025-12-12T06:01:19Z,1,-47.31573,151.73293,1,1980.65,1,34.657,1,2.501,1,1980.65,1,2.501,1,34.657,1
5905619,2025-12-12T06:01:19Z,1,-47.31573,151.73293,1,1982.9,1,34.657,1,2.501,1,1982.9,1,2.501,1,34.657,1
5905619,2025-12-12T06:01:19Z,1,-47.31573,151.73293,1,1985.2,1,34.658,1,2.5,1,1985.2,1,2.5,1,34.658,1
5905619,2025-12-12T06:01:19Z,1,-47.31573,151.73293,1,1987.0,1,34.657,1,2.5,1,1987.0,1,2.5,1,34.657,1
5905619,2025-12-12T06:01:19Z,1,-47.31573,151.73293,1,1988.85,1,34.659,1,2.499,1,1988.85,1,2.499,1,34.659,1
5905619,2025-12-12T06:01:19Z,1,-47.31573,151.73293,1,1990.7,1,34.659,1,2.498,1,1990.7,1,2.498,1,34.659,1
5905619,2025-12-12T06:01:19Z,1,-47.31573,151.73293,1,1992.95,1,34.659,1,2.496,1,1992.95,1,2.496,1,34.659,1
5905619,2025-12-12T06:01:19Z,1,-47.31573,151.73293,1,1995.25,1,34.66,1,2.494,1,1995.25,1,2.494,1,34.66,1
5905619,2025-12-12T06:01:19Z,1,-47.31573,151.73293,1,1997.1,1,34.661,1,2.492,1,1997.1,1,2.492,1,34.661,1
5905619,2025-12-12T06:01:19Z,1,-47.31573,151.73293,1,1998.95,1,34.661,1,2.491,1,1998.95,1,2.491,1,34.661,1
5905619,2025-12-12T06:01:19Z,1,-47.31573,151.73293,1,2000.8,1,34.661,1,2.49,1,2000.8,1,2.49,1,34.661,1
5905619,2025-12-12T06:01:19Z,1,-47.31573,151.73293,1,2002.65,1,34.662,1,2.487,1,2002.65,1,2.487,1,34.662,1
5905619,2025-12-12T06:01:19Z,1,-47.31573,151.73293,1,2005.0,1,34.663,1,2.484,1,2005.0,1,2.484,1,34.663,1
5905619,2025-12-12T06:01:19Z,1,-47.31573,151.73293,1,2007.35,1,34.663,1,2.482,1,2007.35,1,2.482,1,34.663,1
5905619,2025-12-12T06:01:19Z,1,-47.31573,151.73293,1,2009.25,1,34.664,1,2.481,1,2009.25,1,2.481,1,34.664,1
5905619,2025-12-12T06:01:19Z,1,-47.31573,151.73293,1,2011.1,1,34.665,1,2.48,1,2011.1,1,2.48,1,34.665,1
5905619,2025-12-12T06:01:19Z,1,-47.31573,151.73293,1,2012.95,1,34.665,1,2.48,1,2012.95,1,2.48,1,34.665,1
5905619,2025-12-12T06:01:19Z,1,-47.31573,151.73293,1,2014.8,1,34.665,1,2.48,1,2014.8,1,2.48,1,34.665,1
5905619,2025-12-12T06:01:19Z,1,-47.31573,151.73293,1,2016.95,1,34.665,1,2.48,1,2016.95,1,2.48,1,34.665,1
5905619,2025-12-12T06:01:19Z,1,-47.31573,151.73293,1,2019.0,1,34.665,1,2.479,1,2019.0,1,2.479,1,34.665,1
5905619,2025-12-12T06:01:19Z,1,-47.31573,151.73293,1,2021.0,1,34.665,1,2.478,1,2021.0,1,2.478,1,34.665,1
5905619,2025-12-12T06:01:19Z,1,-47.31573,151.73293,1,2023.15,1,34.666,1,2.477,1,2023.15,1,2.477,1,34.666,1
5905619,2025-12-12T06:01:19Z,1,-47.31573,151.73293,1,2024.1,1,34.667,1,2.476,1,2024.1,1,2.476,1,34.667,1
5905619,2025-12-22T01:14:04Z,1,-47.26419,151.75058,1,0.8,1,34.86,1,11.34,1,0.8,1,11.34,1,34.86,1
5905619,2025-12-22T01:14:04Z,1,-47.26419,151.75058,1,2.9,1,34.862,1,11.324,1,2.9,1,11.324,1,34.862,1
5905619,2025-12-22T01:14:04Z,1,-47.26419,151.75058,1,4.6,1,34.858,1,11.327,1,4.6,1,11.327,1,34.858,1
5905619,2025-12-22T01:14:04Z,1,-47.26419,151.75058,1,7.0,1,34.864,1,11.326,1,7.0,1,11.326,1,34.864,1
5905619,2025-12-22T01:14:04Z,1,-47.26419,151.75058,1,9.45,1,34.866,1,11.308,1,9.45,1,11.308,1,34.866,1
5905619,2025-12-22T01:14:04Z,1,-47.26419,151.75058,1,11.3,1,34.863,1,11.289,1,11.3,1,11.289,1,34.863,1
5905619,2025-12-22T01:14:04Z,1,-47.26419,151.75058,1,13.2,1,34.864,1,11.272,1,13.2,1,11.272,1,34.864,1
5905619,2025-12-22T01:14:04Z,1,-47.26419,151.75058,1,15.1,1,34.863,1,11.269,1,15.1,1,11.269,1,34.863,1
5905619,2025-12-22T01:14:04Z,1,-47.26419,151.75058,1,17.1,1,34.858,1,11.241,1,17.1,1,11.241,1,34.858,1
5905619,2025-12-22T01:14:04Z,1,-47.26419,151.75058,1,18.8,1,34.862,1,11.178,1,18.8,1,11.178,1,34.862,1
5905619,2025-12-22T01:14:04Z,1,-47.26419,151.75058,1,20.95,1,34.863,1,11.172,1,20.95,1,11.172,1,34.863,1
5905619,2025-12-22T01:14:04Z,1,-47.26419,151.75058,1,23.1,1,34.863,1,11.168,1,23.1,1,11.168,1,34.863,1
5905619,2025-12-22T01:14:04Z,1,-47.26419,151.75058,1,24.85,1,34.863,1,11.165,1,24.85,1,11.165,1,34.863,1
5905619,2025-12-22T01:14:04Z,1,-47.26419,151.75058,1,27.05,1,34.863,1,11.163,1,27.05,1,11.163,1,34.863,1
5905619,2025-12-22T01:14:04Z,1,-47.26419,151.75058,1,29.25,1,34.864,1,11.157,1,29.25,1,11.157,1,34.864,1
5905619,2025-12-22T01:14:04Z,1,-47.26419,151.75058,1,31.0,1,34.864,1,11.149,1,31.0,1,11.149,1,34.864,1
5905619,2025-12-22T01:14:04Z,1,-47.26419,151.75058,1,32.75,1,34.865,1,11.146,1,32.75,1,11.146,1,34.865,1
5905619,2025-12-22T01:14:04Z,1,-47.26419,151.75058,1,34.95,1,34.865,1,11.142,1,34.95,1,11.142,1,34.865,1
5905619,2025-12-22T01:14:04Z,1,-47.26419,151.75058,1,37.1,1,34.865,1,11.136,1,37.1,1,11.136,1,34.865,1
5905619,2025-12-22T01:14:04Z,1,-47.26419,151.75058,1,38.8,1,34.866,1,11.134,1,38.8,1,11.134,1,34.866,1
5905619,2025-12-22T01:14:04Z,1,-47.26419,151.75058,1,40.9,1,34.867,1,11.129,1,40.9,1,11.129,1,34.867,1
5905619,2025-12-22T01:14:04Z,1,-47.26419,151.75058,1,43.05,1,34.868,1,11.12,1,43.05,1,11.12,1,34.868,1
5905619,2025-12-22T01:14:04Z,1,-47.26419,151.75058,1,44.85,1,34.868,1,11.117,1,44.85,1,11.117,1,34.868,1
5905619,2025-12-22T01:14:04Z,1,-47.26419,151.75058,1,47.05,1,34.869,1,11.114,1,47.05,1,11.114,1,34.869,1
5905619,2025-12-22T01:14:04Z,1,-47.26419,151.75058,1,49.25,1,34.87,1,11.112,1,49.25,1,11.112,1,34.87,1
5905619,2025-12-22T01:14:04Z,1,-47.26419,151.75058,1,51.0,1,34.871,1,11.111,1,51.0,1,11.111,1,34.871,1
5905619,2025-12-22T01:14:04Z,1,-47.26419,151.75058,1,52.8,1,34.873,1,11.108,1,52.8,1,11.108,1,34.873,1
5905619,2025-12-22T01:14:04Z,1,-47.26419,151.75058,1,54.95,1,34.873,1,11.106,1,54.95,1,11.106,1,34.873,1
5905619,2025-12-22T01:14:04Z,1,-47.26419,151.75058,1,57.2,1,34.874,1,11.103,1,57.2,1,11.103,1,34.874,1
5905619,2025-12-22T01:14:04Z,1,-47.26419,151.75058,1,59.0,1,34.875,1,11.1,1,59.0,1,11.1,1,34.875,1
5905619,2025-12-22T01:14:04Z,1,-47.26419,151.75058,1,60.85,1,34.875,1,11.098,1,60.85,1,11.098,1,34.875,1
5905619,2025-12-22T01:14:04Z,1,-47.26419,151.75058,1,62.7,1,34.876,1,11.098,1,62.7,1,11.098,1,34.876,1
5905619,2025-12-22T01:14:04Z,1,-47.26419,151.75058,1,64.95,1,34.875,1,11.099,1,64.95,1,11.099,1,34.875,1
5905619,2025-12-22T01:14:04Z,1,-47.26419,151.75058,1,67.2,1,34.876,1,11.095,1,67.2,1,11.095,1,34.876,1
5905619,2025-12-22T01:14:04Z,1,-47.26419,151.75058,1,69.05,1,34.877,1,11.089,1,69.05,1,11.089,1,34.877,1
5905619,2025-12-22T01:14:04Z,1,-47.26419,151.75058,1,70.85,1,34.877,1,11.083,1,70.85,1,11.083,1,34.877,1
5905619,2025-12-22T01:14:04Z,1,-47.26419,151.75058,1,72.75,1,34.878,1,11.072,1,72.75,1,11.072,1,34.878,1
5905619,2025-12-22T01:14:04Z,1,-47.26419,151.75058,1,74.6,1,34.877,1,11.063,1,74.6,1,11.063,1,34.877,1
5905619,2025-12-22T01:14:04Z,1,-47.26419,151.75058,1,76.95,1,34.876,1,11.045,1,76.95,1,11.045,1,34.876,1
5905619,2025-12-22T01:14:04Z,1,-47.26419,151.75058,1,79.25,1,34.873,1,11.004,1,79.25,1,11.004,1,34.873,1
5905619,2025-12-22T01:14:04Z,1,-47.26419,151.75058,1,81.15,1,34.872,1,10.995,1,81.15,1,10.995,1,34.872,1
5905619,2025-12-22T01:14:04Z,1,-47.26419,151.75058,1,83.0,1,34.872,1,10.986,1,83.0,1,10.986,1,34.872,1
5905619,2025-12-22T01:14:04Z,1,-47.26419,151.75058,1,84.9,1,34.871,1,10.98,1,84.9,1,10.98,1,34.871,1
5905619,2025-12-22T01:14:04Z,1,-47.26419,151.75058,1,86.8,1,34.871,1,10.973,1,86.8,1,10.973,1,34.871,1
5905619,2025-12-22T01:14:04Z,1,-47.26419,151.75058,1,88.65,1,34.87,1,10.97,1,88.65,1,10.97,1,34.87,1
5905619,2025-12-22T01:14:04Z,1,-47.26419,151.75058,1,91.0,1,34.869,1,10.959,1,91.0,1,10.959,1,34.869,1
5905619,2025-12-22T01:14:04Z,1,-47.26419,151.75058,1,93.35,1,34.868,1,10.95,1,93.35,1,10.95,1,34.868,1
5905619,2025-12-22T01:14:04Z,1,-47.26419,151.75058,1,95.25,1,34.868,1,10.947,1,95.25,1,10.947,1,34.868,1
5905619,2025-12-22T01:14:04Z,1,-47.26419,151.75058,1,97.15,1,34.867,1,10.94,1,97.15,1,10.94,1,34.867,1
5905619,2025-12-22T01:14:04Z,1,-47.26419,151.75058,1,99.05,1,34.867,1,10.934,1,99.05,1,10.934,1,34.867,1
5905619,2025-12-22T01:14:04Z,1,-47.26419,151.75058,1,100.95,1,34.865,1,10.928,1,100.95,1,10.928,1,34.865,1
5905619,2025-12-22T01:14:04Z,1,-47.26419,151.75058,1,102.85,1,34.864,1,10.92,1,102.85,1,10.92,1,34.864,1
5905619,2025-12-22T01:14:04Z,1,-47.26419,151.75058,1,104.75,1,34.864,1,10.915,1,104.75,1,10.915,1,34.864,1
5905619,2025-12-22T01:14:04Z,1,-47.26419,151.75058,1,106.7,1,34.863,1,10.913,1,106.7,1,10.913,1,34.863,1
5905619,2025-12-22T01:14:04Z,1,-47.26419,151.75058,1,108.6,1,34.863,1,10.912,1,108.6,1,10.912,1,34.863,1
5905619,2025-12-22T01:14:04Z,1,-47.26419,151.75058,1,110.55,1,34.862,1,10.91,1,110.55,1,10.91,1,34.862,1
5905619,2025-12-22T01:14:04Z,1,-47.26419,151.75058,1,113.0,1,34.859,1,10.866,1,113.0,1,10.866,1,34.859,1
5905619,2025-12-22T01:14:04Z,1,-47.26419,151.75058,1,115.35,1,34.854,1,10.838,1,115.35,1,10.838,1,34.854,1
5905619,2025-12-22T01:14:04Z,1,-47.26419,151.75058,1,117.25,1,34.852,1,10.827,1,117.25,1,10.827,1,34.852,1
5905619,2025-12-22T01:14:04Z,1,-47.26419,151.75058,1,119.15,1,34.843,1,10.75,1,119.15,1,10.75,1,34.843,1
5905619,2025-12-22T01:14:04Z,1,-47.26419,151.75058,1,121.05,1,34.84,1,10.721,1,121.05,1,10.721,1,34.84,1
5905619,2025-12-22T01:14:04Z,1,-47.26419,151.75058,1,122.95,1,34.834,1,10.675,1,122.95,1,10.675,1,34.834,1
5905619,2025-12-22T01:14:04Z,1,-47.26419,151.75058,1,124.85,1,34.821,1,10.586,1,124.85,1,10.586,1,34.821,1
5905619,2025-12-22T01:14:04Z,1,-47.26419,151.75058,1,126.8,1,34.805,1,10.431,1,126.8,1,10.431,1,34.805,1
5905619,2025-12-22T01:14:04Z,1,-47.26419,151.75058,1,128.7,1,34.795,1,10.353,1,128.7,1,10.353,1,34.795,1
5905619,2025-12-22T01:14:04Z,1,-47.26419,151.75058,1,130.6,1,34.785,1,10.264,1,130.6,1,10.264,1,34.785,1
5905619,2025-12-22T01:14:04Z,1,-47.26419,151.75058,1,132.55,1,34.783,1,10.236,1,132.55,1,10.236,1,34.783,1
5905619,2025-12-22T01:14:04Z,1,-47.26419,151.75058,1,134.55,1,34.782,1,10.229,1,134.55,1,10.229,1,34.782,1
5905619,2025-12-22T01:14:04Z,1,-47.26419,151.75058,1,136.55,1,34.78,1,10.215,1,136.55,1,10.215,1,34.78,1
5905619,2025-12-22T01:14:04Z,1,-47.26419,151.75058,1,139.0,1,34.779,1,10.179,1,139.0,1,10.179,1,34.779,1
5905619,2025-12-22T01:14:04Z,1,-47.26419,151.75058,1,141.45,1,34.773,1,10.133,1,141.45,1,10.133,1,34.773,1
5905619,2025-12-22T01:14:04Z,1,-47.26419,151.75058,1,143.45,1,34.773,1,10.113,1,143.45,1,10.113,1,34.773,1
5905619,2025-12-22T01:14:04Z,1,-47.26419,151.75058,1,145.4,1,34.778,1,10.109,1,145.4,1,10.109,1,34.778,1
5905619,2025-12-22T01:14:04Z,1,-47.26419,151.75058,1,147.05,1,34.778,1,10.1,1,147.05,1,10.1,1,34.778,1
5905619,2025-12-22T01:14:04Z,1,-47.26419,151.75058,1,149.0,1,34.777,1,10.101,1,149.0,1,10.101,1,34.777,1
5905619,2025-12-22T01:14:04Z,1,-47.26419,151.75058,1,150.95,1,34.778,1,10.101,1,150.95,1,10.101,1,34.778,1
5905619,2025-12-22T01:14:04Z,1,-47.26419,151.75058,1,152.9,1,34.778,1,10.099,1,152.9,1,10.099,1,34.778,1
5905619,2025-12-22T01:14:04Z,1,-47.26419,151.75058,1,154.85,1,34.778,1,10.075,1,154.85,1,10.075,1,34.778,1
5905619,2025-12-22T01:14:04Z,1,-47.26419,151.75058,1,156.85,1,34.78,1,10.075,1,156.85,1,10.075,1,34.78,1
5905619,2025-12-22T01:14:04Z,1,-47.26419,151.75058,1,158.85,1,34.781,1,10.074,1,158.85,1,10.074,1,34.781,1
5905619,2025-12-22T01:14:04Z,1,-47.26419,151.75058,1,160.85,1,34.785,1,10.075,1,160.85,1,10.075,1,34.785,1
5905619,2025-12-22T01:14:04Z,1,-47.26419,151.75058,1,162.85,1,34.788,1,10.077,1,162.85,1,10.077,1,34.788,1
5905619,2025-12-22T01:14:04Z,1,-47.26419,151.75058,1,164.85,1,34.788,1,10.069,1,164.85,1,10.069,1,34.788,1
5905619,2025-12-22T01:14:04Z,1,-47.26419,151.75058,1,166.9,1,34.786,1,10.06,1,166.9,1,10.06,1,34.786,1
5905619,2025-12-22T01:14:04Z,1,-47.26419,151.75058,1,168.95,1,34.785,1,10.051,1,168.95,1,10.051,1,34.785,1
5905619,2025-12-22T01:14:04Z,1,-47.26419,151.75058,1,171.0,1,34.779,1,10.029,1,171.0,1,10.029,1,34.779,1
5905619,2025-12-22T01:14:04Z,1,-47.26419,151.75058,1,173.05,1,34.777,1,10.003,1,173.05,1,10.003,1,34.777,1
5905619,2025-12-22T01:14:04Z,1,-47.26419,151.75058,1,175.15,1,34.776,1,9.989,1,175.15,1,9.989,1,34.776,1
5905619,2025-12-22T01:14:04Z,1,-47.26419,151.75058,1,176.8,1,34.771,1,9.981,1,176.8,1,9.981,1,34.771,1
5905619,2025-12-22T01:14:04Z,1,-47.26419,151.75058,1,178.9,1,34.773,1,9.979,1,178.9,1,9.979,1,34.773,1
5905619,2025-12-22T01:14:04Z,1,-47.26419,151.75058,1,181.0,1,34.77,1,9.973,1,181.0,1,9.973,1,34.77,1
5905619,2025-12-22T01:14:04Z,1,-47.26419,151.75058,1,183.05,1,34.769,1,9.969,1,183.05,1,9.969,1,34.769,1
5905619,2025-12-22T01:14:04Z,1,-47.26419,151.75058,1,185.1,1,34.767,1,9.95,1,185.1,1,9.95,1,34.767,1
5905619,2025-12-22T01:14:04Z,1,-47.26419,151.75058,1,187.2,1,34.765,1,9.944,1,187.2,1,9.944,1,34.765,1
5905619,2025-12-22T01:14:04Z,1,-47.26419,151.75058,1,189.25,1,34.764,1,9.939,1,189.25,1,9.939,1,34.764,1
5905619,2025-12-22T01:14:04Z,1,-47.26419,151.75058,1,190.95,1,34.763,1,9.931,1,190.95,1,9.931,1,34.763,1
5905619,2025-12-22T01:14:04Z,1,-47.26419,151.75058,1,193.05,1,34.76,1,9.917,1,193.05,1,9.917,1,34.76,1
5905619,2025-12-22T01:14:04Z,1,-47.26419,151.75058,1,195.1,1,34.758,1,9.912,1,195.1,1,9.912,1,34.758,1
5905619,2025-12-22T01:14:04Z,1,-47.26419,151.75058,1,196.8,1,34.756,1,9.897,1,196.8,1,9.897,1,34.756,1
5905619,2025-12-22T01:14:04Z,1,-47.26419,151.75058,1,198.85,1,34.755,1,9.887,1,198.85,1,9.887,1,34.755,1
5905619,2025-12-22T01:14:04Z,1,-47.26419,151.75058,1,200.95,1,34.753,1,9.877,1,200.95,1,9.877,1,34.753,1
5905619,2025-12-22T01:14:04Z,1,-47.26419,151.75058,1,203.0,1,34.753,1,9.878,1,203.0,1,9.878,1,34.753,1
5905619,2025-12-22T01:14:04Z,1,-47.26419,151.75058,1,205.1,1,34.756,1,9.895,1,205.1,1,9.895,1,34.756,1
5905619,2025-12-22T01:14:04Z,1,-47.26419,151.75058,1,206.8,1,34.758,1,9.914,1,206.8,1,9.914,1,34.758,1
5905619,2025-12-22T01:14:04Z,1,-47.26419,151.75058,1,208.95,1,34.765,1,9.928,1,208.95,1,9.928,1,34.765,1
5905619,2025-12-22T01:14:04Z,1,-47.26419,151.75058,1,211.05,1,34.765,1,9.931,1,211.05,1,9.931,1,34.765,1
5905619,2025-12-22T01:14:04Z,1,-47.26419,151.75058,1,212.75,1,34.765,1,9.929,1,212.75,1,9.929,1,34.765,1
5905619,2025-12-22T01:14:04Z,1,-47.26419,151.75058,1,214.9,1,34.765,1,9.921,1,214.9,1,9.921,1,34.765,1
5905619,2025-12-22T01:14:04Z,1,-47.26419,151.75058,1,217.0,1,34.764,1,9.911,1,217.0,1,9.911,1,34.764,1
5905619,2025-12-22T01:14:04Z,1,-47.26419,151.75058,1,219.15,1,34.762,1,9.908,1,219.15,1,9.908,1,34.762,1
5905619,2025-12-22T01:14:04Z,1,-47.26419,151.75058,1,221.3,1,34.762,1,9.905,1,221.3,1,9.905,1,34.762,1
5905619,2025-12-22T01:14:04Z,1,-47.26419,151.75058,1,223.0,1,34.761,1,9.902,1,223.0,1,9.902,1,34.761,1
5905619,2025-12-22T01:14:04Z,1,-47.26419,151.75058,1,224.75,1,34.759,1,9.886,1,224.75,1,9.886,1,34.759,1
5905619,2025-12-22T01:14:04Z,1,-47.26419,151.75058,1,226.9,1,34.76,1,9.884,1,226.9,1,9.884,1,34.76,1
5905619,2025-12-22T01:14:04Z,1,-47.26419,151.75058,1,229.1,1,34.76,1,9.888,1,229.1,1,9.888,1,34.76,1
5905619,2025-12-22T01:14:04Z,1,-47.26419,151.75058,1,230.8,1,34.761,1,9.889,1,230.8,1,9.889,1,34.761,1
5905619,2025-12-22T01:14:04Z,1,-47.26419,151.75058,1,232.95,1,34.763,1,9.894,1,232.95,1,9.894,1,34.763,1
5905619,2025-12-22T01:14:04Z,1,-47.26419,151.75058,1,235.1,1,34.762,1,9.894,1,235.1,1,9.894,1,34.762,1
5905619,2025-12-22T01:14:04Z,1,-47.26419,151.75058,1,236.8,1,34.762,1,9.892,1,236.8,1,9.892,1,34.762,1
5905619,2025-12-22T01:14:04Z,1,-47.26419,151.75058,1,239.0,1,34.762,1,9.891,1,239.0,1,9.891,1,34.762,1
5905619,2025-12-22T01:14:04Z,1,-47.26419,151.75058,1,241.2,1,34.762,1,9.89,1,241.2,1,9.89,1,34.762,1
5905619,2025-12-22T01:14:04Z,1,-47.26419,151.75058,1,242.95,1,34.761,1,9.888,1,242.95,1,9.888,1,34.761,1
5905619,2025-12-22T01:14:04Z,1,-47.26419,151.75058,1,244.75,1,34.761,1,9.886,1,244.75,1,9.886,1,34.761,1
5905619,2025-12-22T01:14:04Z,1,-47.26419,151.75058,1,246.95,1,34.761,1,9.882,1,246.95,1,9.882,1,34.761,1
5905619,2025-12-22T01:14:04Z,1,-47.26419,151.75058,1,249.1,1,34.76,1,9.877,1,249.1,1,9.877,1,34.76,1
5905619,2025-12-22T01:14:04Z,1,-47.26419,151.75058,1,250.85,1,34.759,1,9.874,1,250.85,1,9.874,1,34.759,1
5905619,2025-12-22T01:14:04Z,1,-47.26419,151.75058,1,253.0,1,34.759,1,9.87,1,253.0,1,9.87,1,34.759,1
5905619,2025-12-22T01:14:04Z,1,-47.26419,151.75058,1,255.2,1,34.758,1,9.868,1,255.2,1,9.868,1,34.758,1
5905619,2025-12-22T01:14:04Z,1,-47.26419,151.75058,1,256.9,1,34.757,1,9.863,1,256.9,1,9.863,1,34.757,1
5905619,2025-12-22T01:14:04Z,1,-47.26419,151.75058,1,259.1,1,34.755,1,9.848,1,259.1,1,9.848,1,34.755,1
5905619,2025-12-22T01:14:04Z,1,-47.26419,151.75058,1,261.25,1,34.753,1,9.838,1,261.25,1,9.838,1,34.753,1
5905619,2025-12-22T01:14:04Z,1,-47.26419,151.75058,1,262.95,1,34.753,1,9.836,1,262.95,1,9.836,1,34.753,1
5905619,2025-12-22T01:14:04Z,1,-47.26419,151.75058,1,265.1,1,34.751,1,9.821,1,265.1,1,9.821,1,34.751,1
5905619,2025-12-22T01:14:04Z,1,-47.26419,151.75058,1,267.25,1,34.747,1,9.792,1,267.25,1,9.792,1,34.747,1
5905619,2025-12-22T01:14:04Z,1,-47.26419,151.75058,1,268.95,1,34.742,1,9.78,1,268.95,1,9.78,1,34.742,1
5905619,2025-12-22T01:14:04Z,1,-47.26419,151.75058,1,271.1,1,34.742,1,9.764,1,271.1,1,9.764,1,34.742,1
5905619,2025-12-22T01:14:04Z,1,-47.26419,151.75058,1,273.25,1,34.739,1,9.759,1,273.25,1,9.759,1,34.739,1
5905619,2025-12-22T01:14:04Z,1,-47.26419,151.75058,1,275.0,1,34.738,1,9.758,1,275.0,1,9.758,1,34.738,1
5905619,2025-12-22T01:14:04Z,1,-47.26419,151.75058,1,277.15,1,34.738,1,9.756,1,277.15,1,9.756,1,34.738,1
5905619,2025-12-22T01:14:04Z,1,-47.26419,151.75058,1,279.3,1,34.737,1,9.755,1,279.3,1,9.755,1,34.737,1
5905619,2025-12-22T01:14:04Z,1,-47.26419,151.75058,1,281.05,1,34.737,1,9.749,1,281.05,1,9.749,1,34.737,1
5905619,2025-12-22T01:14:04Z,1,-47.26419,151.75058,1,282.8,1,34.739,1,9.739,1,282.8,1,9.739,1,34.739,1
5905619,2025-12-22T01:14:04Z,1,-47.26419,151.75058,1,284.95,1,34.729,1,9.706,1,284.95,1,9.706,1,34.729,1
5905619,2025-12-22T01:14:04Z,1,-47.26419,151.75058,1,287.15,1,34.723,1,9.678,1,287.15,1,9.678,1,34.723,1
5905619,2025-12-22T01:14:04Z,1,-47.26419,151.75058,1,288.95,1,34.723,1,9.674,1,288.95,1,9.674,1,34.723,1
5905619,2025-12-22T01:14:04Z,1,-47.26419,151.75058,1,290.7,1,34.722,1,9.668,1,290.7,1,9.668,1,34.722,1
5905619,2025-12-22T01:14:04Z,1,-47.26419,151.75058,1,292.95,1,34.722,1,9.664,1,292.95,1,9.664,1,34.722,1
5905619,2025-12-22T01:14:04Z,1,-47.26419,151.75058,1,295.1,1,34.72,1,9.66,1,295.1,1,9.66,1,34.72,1
5905619,2025-12-22T01:14:04Z,1,-47.26419,151.75058,1,296.85,1,34.721,1,9.658,1,296.85,1,9.658,1,34.721,1
5905619,2025-12-22T01:14:04Z,1,-47.26419,151.75058,1,299.1,1,34.721,1,9.656,1,299.1,1,9.656,1,34.721,1
5905619,2025-12-22T01:14:04Z,1,-47.26419,151.75058,1,301.3,1,34.721,1,9.654,1,301.3,1,9.654,1,34.721,1
5905619,2025-12-22T01:14:04Z,1,-47.26419,151.75058,1,303.1,1,34.72,1,9.657,1,303.1,1,9.657,1,34.72,1
5905619,2025-12-22T01:14:04Z,1,-47.26419,151.75058,1,304.8,1,34.722,1,9.662,1,304.8,1,9.662,1,34.722,1
5905619,2025-12-22T01:14:04Z,1,-47.26419,151.75058,1,307.05,1,34.72,1,9.652,1,307.05,1,9.652,1,34.72,1
5905619,2025-12-22T01:14:04Z,1,-47.26419,151.75058,1,309.3,1,34.718,1,9.641,1,309.3,1,9.641,1,34.718,1
5905619,2025-12-22T01:14:04Z,1,-47.26419,151.75058,1,311.1,1,34.718,1,9.633,1,311.1,1,9.633,1,34.718,1
5905619,2025-12-22T01:14:04Z,1,-47.26419,151.75058,1,312.9,1,34.718,1,9.627,1,312.9,1,9.627,1,34.718,1
5905619,2025-12-22T01:14:04Z,1,-47.26419,151.75058,1,314.7,1,34.717,1,9.625,1,314.7,1,9.625,1,34.717,1
5905619,2025-12-22T01:14:04Z,1,-47.26419,151.75058,1,316.95,1,34.717,1,9.62,1,316.95,1,9.62,1,34.717,1
5905619,2025-12-22T01:14:04Z,1,-47.26419,151.75058,1,319.15,1,34.716,1,9.618,1,319.15,1,9.618,1,34.716,1
5905619,2025-12-22T01:14:04Z,1,-47.26419,151.75058,1,320.95,1,34.715,1,9.616,1,320.95,1,9.616,1,34.715,1
5905619,2025-12-22T01:14:04Z,1,-47.26419,151.75058,1,322.7,1,34.714,1,9.613,1,322.7,1,9.613,1,34.714,1
5905619,2025-12-22T01:14:04Z,1,-47.26419,151.75058,1,324.95,1,34.713,1,9.606,1,324.95,1,9.606,1,34.713,1
5905619,2025-12-22T01:14:04Z,1,-47.26419,151.75058,1,327.15,1,34.711,1,9.591,1,327.15,1,9.591,1,34.711,1
5905619,2025-12-22T01:14:04Z,1,-47.26419,151.75058,1,328.95,1,34.71,1,9.587,1,328.95,1,9.587,1,34.71,1
5905619,2025-12-22T01:14:04Z,1,-47.26419,151.75058,1,330.7,1,34.71,1,9.586,1,330.7,1,9.586,1,34.71,1
5905619,2025-12-22T01:14:04Z,1,-47.26419,151.75058,1,332.95,1,34.707,1,9.576,1,332.95,1,9.576,1,34.707,1
5905619,2025-12-22T01:14:04Z,1,-47.26419,151.75058,1,335.15,1,34.705,1,9.555,1,335.15,1,9.555,1,34.705,1
5905619,2025-12-22T01:14:04Z,1,-47.26419,151.75058,1,336.9,1,34.705,1,9.55,1,336.9,1,9.55,1,34.705,1
5905619,2025-12-22T01:14:04Z,1,-47.26419,151.75058,1,339.1,1,34.703,1,9.549,1,339.1,1,9.549,1,34.703,1
5905619,2025-12-22T01:14:04Z,1,-47.26419,151.75058,1,341.25,1,34.699,1,9.537,1,341.25,1,9.537,1,34.699,1
5905619,2025-12-22T01:14:04Z,1,-47.26419,151.75058,1,343.05,1,34.697,1,9.503,1,343.05,1,9.503,1,34.697,1
5905619,2025-12-22T01:14:04Z,1,-47.26419,151.75058,1,344.75,1,34.695,1,9.491,1,344.75,1,9.491,1,34.695,1
5905619,2025-12-22T01:14:04Z,1,-47.26419,151.75058,1,346.95,1,34.692,1,9.485,1,346.95,1,9.485,1,34.692,1
5905619,2025-12-22T01:14:04Z,1,-47.26419,151.75058,1,349.15,1,34.692,1,9.482,1,349.15,1,9.482,1,34.692,1
5905619,2025-12-22T01:14:04Z,1,-47.26419,151.75058,1,350.95,1,34.69,1,9.469,1,350.95,1,9.469,1,34.69,1
5905619,2025-12-22T01:14:04Z,1,-47.26419,151.75058,1,352.7,1,34.688,1,9.457,1,352.7,1,9.457,1,34.688,1
5905619,2025-12-22T01:14:04Z,1,-47.26419,151.75058,1,354.9,1,34.685,1,9.434,1,354.9,1,9.434,1,34.685,1
5905619,2025-12-22T01:14:04Z,1,-47.26419,151.75058,1,357.1,1,34.683,1,9.424,1,357.1,1,9.424,1,34.683,1
5905619,2025-12-22T01:14:04Z,1,-47.26419,151.75058,1,358.85,1,34.682,1,9.424,1,358.85,1,9.424,1,34.682,1
5905619,2025-12-22T01:14:04Z,1,-47.26419,151.75058,1,361.1,1,34.681,1,9.417,1,361.1,1,9.417,1,34.681,1
5905619,2025-12-22T01:14:04Z,1,-47.26419,151.75058,1,363.25,1,34.679,1,9.403,1,363.25,1,9.403,1,34.679,1
5905619,2025-12-22T01:14:04Z,1,-47.26419,151.75058,1,365.0,1,34.678,1,9.4,1,365.0,1,9.4,1,34.678,1
5905619,2025-12-22T01:14:04Z,1,-47.26419,151.75058,1,366.75,1,34.676,1,9.385,1,366.75,1,9.385,1,34.676,1
5905619,2025-12-22T01:14:04Z,1,-47.26419,151.75058,1,368.95,1,34.674,1,9.374,1,368.95,1,9.374,1,34.674,1
5905619,2025-12-22T01:14:04Z,1,-47.26419,151.75058,1,371.15,1,34.67,1,9.357,1,371.15,1,9.357,1,34.67,1
5905619,2025-12-22T01:14:04Z,1,-47.26419,151.75058,1,372.9,1,34.668,1,9.347,1,372.9,1,9.347,1,34.668,1
5905619,2025-12-22T01:14:04Z,1,-47.26419,151.75058,1,375.1,1,34.667,1,9.33,1,375.1,1,9.33,1,34.667,1
5905619,2025-12-22T01:14:04Z,1,-47.26419,151.75058,1,377.25,1,34.666,1,9.326,1,377.25,1,9.326,1,34.666,1
5905619,2025-12-22T01:14:04Z,1,-47.26419,151.75058,1,378.95,1,34.665,1,9.319,1,378.95,1,9.319,1,34.665,1
5905619,2025-12-22T01:14:04Z,1,-47.26419,151.75058,1,380.75,1,34.664,1,9.314,1,380.75,1,9.314,1,34.664,1
5905619,2025-12-22T01:14:04Z,1,-47.26419,151.75058,1,382.95,1,34.663,1,9.306,1,382.95,1,9.306,1,34.663,1
5905619,2025-12-22T01:14:04Z,1,-47.26419,151.75058,1,385.15,1,34.662,1,9.298,1,385.15,1,9.298,1,34.662,1
5905619,2025-12-22T01:14:04Z,1,-47.26419,151.75058,1,386.9,1,34.662,1,9.297,1,386.9,1,9.297,1,34.662,1
5905619,2025-12-22T01:14:04Z,1,-47.26419,151.75058,1,389.1,1,34.661,1,9.291,1,389.1,1,9.291,1,34.661,1
5905619,2025-12-22T01:14:04Z,1,-47.26419,151.75058,1,391.3,1,34.66,1,9.279,1,391.3,1,9.279,1,34.66,1
5905619,2025-12-22T01:14:04Z,1,-47.26419,151.75058,1,393.05,1,34.659,1,9.274,1,393.05,1,9.274,1,34.659,1
5905619,2025-12-22T01:14:04Z,1,-47.26419,151.75058,1,394.85,1,34.658,1,9.27,1,394.85,1,9.27,1,34.658,1
5905619,2025-12-22T01:14:04Z,1,-47.26419,151.75058,1,397.05,1,34.656,1,9.261,1,397.05,1,9.261,1,34.656,1
5905619,2025-12-22T01:14:04Z,1,-47.26419,151.75058,1,399.2,1,34.655,1,9.257,1,399.2,1,9.257,1,34.655,1
5905619,2025-12-22T01:14:04Z,1,-47.26419,151.75058,1,400.9,1,34.654,1,9.252,1,400.9,1,9.252,1,34.654,1
5905619,2025-12-22T01:14:04Z,1,-47.26419,151.75058,1,403.05,1,34.653,1,9.236,1,403.05,1,9.236,1,34.653,1
5905619,2025-12-22T01:14:04Z,1,-47.26419,151.75058,1,405.2,1,34.651,1,9.225,1,405.2,1,9.225,1,34.651,1
5905619,2025-12-22T01:14:04Z,1,-47.26419,151.75058,1,406.95,1,34.651,1,9.22,1,406.95,1,9.22,1,34.651,1
5905619,2025-12-22T01:14:04Z,1,-47.26419,151.75058,1,409.1,1,34.65,1,9.215,1,409.1,1,9.215,1,34.65,1
5905619,2025-12-22T01:14:04Z,1,-47.26419,151.75058,1,411.3,1,34.651,1,9.218,1,411.3,1,9.218,1,34.651,1
5905619,2025-12-22T01:14:04Z,1,-47.26419,151.75058,1,413.05,1,34.65,1,9.215,1,413.05,1,9.215,1,34.65,1
5905619,2025-12-22T01:14:04Z,1,-47.26419,151.75058,1,414.8,1,34.65,1,9.215,1,414.8,1,9.215,1,34.65,1
5905619,2025-12-22T01:14:04Z,1,-47.26419,151.75058,1,417.05,1,34.651,1,9.209,1,417.05,1,9.209,1,34.651,1
5905619,2025-12-22T01:14:04Z,1,-47.26419,151.75058,1,419.25,1,34.65,1,9.202,1,419.25,1,9.202,1,34.65,1
5905619,2025-12-22T01:14:04Z,1,-47.26419,151.75058,1,421.05,1,34.65,1,9.205,1,421.05,1,9.205,1,34.65,1
5905619,2025-12-22T01:14:04Z,1,-47.26419,151.75058,1,422.8,1,34.65,1,9.206,1,422.8,1,9.206,1,34.65,1
5905619,2025-12-22T01:14:04Z,1,-47.26419,151.75058,1,425.05,1,34.65,1,9.199,1,425.05,1,9.199,1,34.65,1
5905619,2025-12-22T01:14:04Z,1,-47.26419,151.75058,1,427.3,1,34.65,1,9.198,1,427.3,1,9.198,1,34.65,1
5905619,2025-12-22T01:14:04Z,1,-47.26419,151.75058,1,429.05,1,34.649,1,9.201,1,429.05,1,9.201,1,34.649,1
5905619,2025-12-22T01:14:04Z,1,-47.26419,151.75058,1,430.85,1,34.653,1,9.213,1,430.85,1,9.213,1,34.653,1
5905619,2025-12-22T01:14:04Z,1,-47.26419,151.75058,1,433.1,1,34.657,1,9.233,1,433.1,1,9.233,1,34.657,1
5905619,2025-12-22T01:14:04Z,1,-47.26419,151.75058,1,435.3,1,34.657,1,9.228,1,435.3,1,9.228,1,34.657,1
5905619,2025-12-22T01:14:04Z,1,-47.26419,151.75058,1,437.05,1,34.657,1,9.224,1,437.05,1,9.224,1,34.657,1
5905619,2025-12-22T01:14:04Z,1,-47.26419,151.75058,1,438.85,1,34.656,1,9.225,1,438.85,1,9.225,1,34.656,1
5905619,2025-12-22T01:14:04Z,1,-47.26419,151.75058,1,441.05,1,34.654,1,9.203,1,441.05,1,9.203,1,34.654,1
5905619,2025-12-22T01:14:04Z,1,-47.26419,151.75058,1,443.25,1,34.644,1,9.174,1,443.25,1,9.174,1,34.644,1
5905619,2025-12-22T01:14:04Z,1,-47.26419,151.75058,1,445.05,1,34.643,1,9.158,1,445.05,1,9.158,1,34.643,1
5905619,2025-12-22T01:14:04Z,1,-47.26419,151.75058,1,446.8,1,34.642,1,9.142,1,446.8,1,9.142,1,34.642,1
5905619,2025-12-22T01:14:04Z,1,-47.26419,151.75058,1,449.0,1,34.638,1,9.133,1,449.0,1,9.133,1,34.638,1
5905619,2025-12-22T01:14:04Z,1,-47.26419,151.75058,1,451.2,1,34.638,1,9.13,1,451.2,1,9.13,1,34.638,1
5905619,2025-12-22T01:14:04Z,1,-47.26419,151.75058,1,452.95,1,34.638,1,9.131,1,452.95,1,9.131,1,34.638,1
5905619,2025-12-22T01:14:04Z,1,-47.26419,151.75058,1,454.7,1,34.638,1,9.134,1,454.7,1,9.134,1,34.638,1
5905619,2025-12-22T01:14:04Z,1,-47.26419,151.75058,1,456.95,1,34.642,1,9.146,1,456.95,1,9.146,1,34.642,1
5905619,2025-12-22T01:14:04Z,1,-47.26419,151.75058,1,459.2,1,34.642,1,9.146,1,459.2,1,9.146,1,34.642,1
5905619,2025-12-22T01:14:04Z,1,-47.26419,151.75058,1,461.0,1,34.64,1,9.141,1,461.0,1,9.141,1,34.64,1
5905619,2025-12-22T01:14:04Z,1,-47.26419,151.75058,1,462.8,1,34.637,1,9.127,1,462.8,1,9.127,1,34.637,1
5905619,2025-12-22T01:14:04Z,1,-47.26419,151.75058,1,465.05,1,34.634,1,9.106,1,465.05,1,9.106,1,34.634,1
5905619,2025-12-22T01:14:04Z,1,-47.26419,151.75058,1,467.35,1,34.632,1,9.099,1,467.35,1,9.099,1,34.632,1
5905619,2025-12-22T01:14:04Z,1,-47.26419,151.75058,1,469.15,1,34.633,1,9.1,1,469.15,1,9.1,1,34.633,1
5905619,2025-12-22T01:14:04Z,1,-47.26419,151.75058,1,470.95,1,34.631,1,9.085,1,470.95,1,9.085,1,34.631,1
5905619,2025-12-22T01:14:04Z,1,-47.26419,151.75058,1,472.8,1,34.625,1,9.06,1,472.8,1,9.06,1,34.625,1
5905619,2025-12-22T01:14:04Z,1,-47.26419,151.75058,1,474.65,1,34.625,1,9.057,1,474.65,1,9.057,1,34.625,1
5905619,2025-12-22T01:14:04Z,1,-47.26419,151.75058,1,476.95,1,34.625,1,9.056,1,476.95,1,9.056,1,34.625,1
5905619,2025-12-22T01:14:04Z,1,-47.26419,151.75058,1,479.25,1,34.625,1,9.053,1,479.25,1,9.053,1,34.625,1
5905619,2025-12-22T01:14:04Z,1,-47.26419,151.75058,1,481.15,1,34.625,1,9.05,1,481.15,1,9.05,1,34.625,1
5905619,2025-12-22T01:14:04Z,1,-47.26419,151.75058,1,482.95,1,34.625,1,9.048,1,482.95,1,9.048,1,34.625,1
5905619,2025-12-22T01:14:04Z,1,-47.26419,151.75058,1,484.8,1,34.625,1,9.047,1,484.8,1,9.047,1,34.625,1
5905619,2025-12-22T01:14:04Z,1,-47.26419,151.75058,1,486.65,1,34.625,1,9.043,1,486.65,1,9.043,1,34.625,1
5905619,2025-12-22T01:14:04Z,1,-47.26419,151.75058,1,488.95,1,34.624,1,9.037,1,488.95,1,9.037,1,34.624,1
5905619,2025-12-22T01:14:04Z,1,-47.26419,151.75058,1,491.25,1,34.622,1,9.029,1,491.25,1,9.029,1,34.622,1
5905619,2025-12-22T01:14:04Z,1,-47.26419,151.75058,1,493.15,1,34.622,1,9.025,1,493.15,1,9.025,1,34.622,1
5905619,2025-12-22T01:14:04Z,1,-47.26419,151.75058,1,495.0,1,34.622,1,9.023,1,495.0,1,9.023,1,34.622,1
5905619,2025-12-22T01:14:04Z,1,-47.26419,151.75058,1,496.85,1,34.621,1,9.021,1,496.85,1,9.021,1,34.621,1
5905619,2025-12-22T01:14:04Z,1,-47.26419,151.75058,1,498.7,1,34.621,1,9.018,1,498.7,1,9.018,1,34.621,1
5905619,2025-12-22T01:14:04Z,1,-47.26419,151.75058,1,501.05,1,34.62,1,9.015,1,501.05,1,9.015,1,34.62,1
5905619,2025-12-22T01:14:04Z,1,-47.26419,151.75058,1,503.4,1,34.619,1,9.01,1,503.4,1,9.01,1,34.619,1
5905619,2025-12-22T01:14:04Z,1,-47.26419,151.75058,1,505.25,1,34.618,1,9.004,1,505.25,1,9.004,1,34.618,1
5905619,2025-12-22T01:14:04Z,1,-47.26419,151.75058,1,507.15,1,34.617,1,8.996,1,507.15,1,8.996,1,34.617,1
5905619,2025-12-22T01:14:04Z,1,-47.26419,151.75058,1,509.05,1,34.617,1,8.993,1,509.05,1,8.993,1,34.617,1
5905619,2025-12-22T01:14:04Z,1,-47.26419,151.75058,1,510.95,1,34.616,1,8.982,1,510.95,1,8.982,1,34.616,1
5905619,2025-12-22T01:14:04Z,1,-47.26419,151.75058,1,512.85,1,34.614,1,8.976,1,512.85,1,8.976,1,34.614,1
5905619,2025-12-22T01:14:04Z,1,-47.26419,151.75058,1,514.7,1,34.613,1,8.971,1,514.7,1,8.971,1,34.613,1
5905619,2025-12-22T01:14:04Z,1,-47.26419,151.75058,1,517.05,1,34.612,1,8.967,1,517.05,1,8.967,1,34.612,1
5905619,2025-12-22T01:14:04Z,1,-47.26419,151.75058,1,519.4,1,34.611,1,8.962,1,519.4,1,8.962,1,34.611,1
5905619,2025-12-22T01:14:04Z,1,-47.26419,151.75058,1,521.25,1,34.611,1,8.955,1,521.25,1,8.955,1,34.611,1
5905619,2025-12-22T01:14:04Z,1,-47.26419,151.75058,1,523.1,1,34.609,1,8.944,1,523.1,1,8.944,1,34.609,1
5905619,2025-12-22T01:14:04Z,1,-47.26419,151.75058,1,524.95,1,34.607,1,8.939,1,524.95,1,8.939,1,34.607,1
5905619,2025-12-22T01:14:04Z,1,-47.26419,151.75058,1,526.8,1,34.607,1,8.937,1,526.8,1,8.937,1,34.607,1
5905619,2025-12-22T01:14:04Z,1,-47.26419,151.75058,1,528.65,1,34.607,1,8.932,1,528.65,1,8.932,1,34.607,1
5905619,2025-12-22T01:14:04Z,1,-47.26419,151.75058,1,530.95,1,34.607,1,8.926,1,530.95,1,8.926,1,34.607,1
5905619,2025-12-22T01:14:04Z,1,-47.26419,151.75058,1,533.25,1,34.605,1,8.92,1,533.25,1,8.92,1,34.605,1
5905619,2025-12-22T01:14:04Z,1,-47.26419,151.75058,1,535.1,1,34.604,1,8.915,1,535.1,1,8.915,1,34.604,1
5905619,2025-12-22T01:14:04Z,1,-47.26419,151.75058,1,537.0,1,34.602,1,8.906,1,537.0,1,8.906,1,34.602,1
5905619,2025-12-22T01:14:04Z,1,-47.26419,151.75058,1,538.9,1,34.601,1,8.902,1,538.9,1,8.902,1,34.601,1
5905619,2025-12-22T01:14:04Z,1,-47.26419,151.75058,1,540.75,1,34.601,1,8.897,1,540.75,1,8.897,1,34.601,1
5905619,2025-12-22T01:14:04Z,1,-47.26419,151.75058,1,542.65,1,34.6,1,8.889,1,542.65,1,8.889,1,34.6,1
5905619,2025-12-22T01:14:04Z,1,-47.26419,151.75058,1,545.0,1,34.599,1,8.885,1,545.0,1,8.885,1,34.599,1
5905619,2025-12-22T01:14:04Z,1,-47.26419,151.75058,1,547.1,1,34.598,1,8.885,1,547.1,1,8.885,1,34.598,1
5905619,2025-12-22T01:14:04Z,1,-47.26419,151.75058,1,548.95,1,34.599,1,8.884,1,548.95,1,8.884,1,34.599,1
5905619,2025-12-22T01:14:04Z,1,-47.26419,151.75058,1,551.15,1,34.598,1,8.877,1,551.15,1,8.877,1,34.598,1
5905619,2025-12-22T01:14:04Z,1,-47.26419,151.75058,1,553.0,1,34.594,1,8.869,1,553.0,1,8.869,1,34.594,1
5905619,2025-12-22T01:14:04Z,1,-47.26419,151.75058,1,554.85,1,34.592,1,8.856,1,554.85,1,8.856,1,34.592,1
5905619,2025-12-22T01:14:04Z,1,-47.26419,151.75058,1,557.15,1,34.59,1,8.845,1,557.15,1,8.845,1,34.59,1
5905619,2025-12-22T01:14:04Z,1,-47.26419,151.75058,1,559.05,1,34.589,1,8.833,1,559.05,1,8.833,1,34.589,1
5905619,2025-12-22T01:14:04Z,1,-47.26419,151.75058,1,560.9,1,34.588,1,8.83,1,560.9,1,8.83,1,34.588,1
5905619,2025-12-22T01:14:04Z,1,-47.26419,151.75058,1,563.2,1,34.586,1,8.824,1,563.2,1,8.824,1,34.586,1
5905619,2025-12-22T01:14:04Z,1,-47.26419,151.75058,1,565.1,1,34.584,1,8.805,1,565.1,1,8.805,1,34.584,1
5905619,2025-12-22T01:14:04Z,1,-47.26419,151.75058,1,567.0,1,34.584,1,8.783,1,567.0,1,8.783,1,34.584,1
5905619,2025-12-22T01:14:04Z,1,-47.26419,151.75058,1,568.9,1,34.579,1,8.781,1,568.9,1,8.781,1,34.579,1
5905619,2025-12-22T01:14:04Z,1,-47.26419,151.75058,1,570.8,1,34.578,1,8.761,1,570.8,1,8.761,1,34.578,1
5905619,2025-12-22T01:14:04Z,1,-47.26419,151.75058,1,573.1,1,34.572,1,8.737,1,573.1,1,8.737,1,34.572,1
5905619,2025-12-22T01:14:04Z,1,-47.26419,151.75058,1,575.05,1,34.571,1,8.734,1,575.05,1,8.734,1,34.571,1
5905619,2025-12-22T01:14:04Z,1,-47.26419,151.75058,1,577.0,1,34.572,1,8.729,1,577.0,1,8.729,1,34.572,1
5905619,2025-12-22T01:14:04Z,1,-47.26419,151.75058,1,578.95,1,34.57,1,8.724,1,578.95,1,8.724,1,34.57,1
5905619,2025-12-22T01:14:04Z,1,-47.26419,151.75058,1,580.9,1,34.571,1,8.726,1,580.9,1,8.726,1,34.571,1
5905619,2025-12-22T01:14:04Z,1,-47.26419,151.75058,1,582.9,1,34.574,1,8.737,1,582.9,1,8.737,1,34.574,1
5905619,2025-12-22T01:14:04Z,1,-47.26419,151.75058,1,584.9,1,34.58,1,8.787,1,584.9,1,8.787,1,34.58,1
5905619,2025-12-22T01:14:04Z,1,-47.26419,151.75058,1,586.9,1,34.582,1,8.791,1,586.9,1,8.791,1,34.582,1
5905619,2025-12-22T01:14:04Z,1,-47.26419,151.75058,1,588.9,1,34.582,1,8.78,1,588.9,1,8.78,1,34.582,1
5905619,2025-12-22T01:14:04Z,1,-47.26419,151.75058,1,590.95,1,34.578,1,8.743,1,590.95,1,8.743,1,34.578,1
5905619,2025-12-22T01:14:04Z,1,-47.26419,151.75058,1,592.95,1,34.574,1,8.729,1,592.95,1,8.729,1,34.574,1
5905619,2025-12-22T01:14:04Z,1,-47.26419,151.75058,1,595.05,1,34.574,1,8.719,1,595.05,1,8.719,1,34.574,1
5905619,2025-12-22T01:14:04Z,1,-47.26419,151.75058,1,597.15,1,34.572,1,8.713,1,597.15,1,8.713,1,34.572,1
5905619,2025-12-22T01:14:04Z,1,-47.26419,151.75058,1,599.2,1,34.571,1,8.704,1,599.2,1,8.704,1,34.571,1
5905619,2025-12-22T01:14:04Z,1,-47.26419,151.75058,1,600.9,1,34.571,1,8.703,1,600.9,1,8.703,1,34.571,1
5905619,2025-12-22T01:14:04Z,1,-47.26419,151.75058,1,602.95,1,34.57,1,8.696,1,602.95,1,8.696,1,34.57,1
5905619,2025-12-22T01:14:04Z,1,-47.26419,151.75058,1,605.1,1,34.568,1,8.686,1,605.1,1,8.686,1,34.568,1
5905619,2025-12-22T01:14:04Z,1,-47.26419,151.75058,1,606.75,1,34.567,1,8.676,1,606.75,1,8.676,1,34.567,1
5905619,2025-12-22T01:14:04Z,1,-47.26419,151.75058,1,608.9,1,34.565,1,8.667,1,608.9,1,8.667,1,34.565,1
5905619,2025-12-22T01:14:04Z,1,-47.26419,151.75058,1,611.05,1,34.563,1,8.649,1,611.05,1,8.649,1,34.563,1
5905619,2025-12-22T01:14:04Z,1,-47.26419,151.75058,1,612.75,1,34.561,1,8.642,1,612.75,1,8.642,1,34.561,1
5905619,2025-12-22T01:14:04Z,1,-47.26419,151.75058,1,614.9,1,34.558,1,8.616,1,614.9,1,8.616,1,34.558,1
5905619,2025-12-22T01:14:04Z,1,-47.26419,151.75058,1,617.05,1,34.554,1,8.596,1,617.05,1,8.596,1,34.554,1
5905619,2025-12-22T01:14:04Z,1,-47.26419,151.75058,1,618.8,1,34.554,1,8.581,1,618.8,1,8.581,1,34.554,1
5905619,2025-12-22T01:14:04Z,1,-47.26419,151.75058,1,620.95,1,34.546,1,8.549,1,620.95,1,8.549,1,34.546,1
5905619,2025-12-22T01:14:04Z,1,-47.26419,151.75058,1,623.15,1,34.542,1,8.519,1,623.15,1,8.519,1,34.542,1
5905619,2025-12-22T01:14:04Z,1,-47.26419,151.75058,1,624.9,1,34.539,1,8.475,1,624.9,1,8.475,1,34.539,1
5905619,2025-12-22T01:14:04Z,1,-47.26419,151.75058,1,626.7,1,34.532,1,8.454,1,626.7,1,8.454,1,34.532,1
5905619,2025-12-22T01:14:04Z,1,-47.26419,151.75058,1,628.9,1,34.535,1,8.46,1,628.9,1,8.46,1,34.535,1
5905619,2025-12-22T01:14:04Z,1,-47.26419,151.75058,1,631.1,1,34.534,1,8.453,1,631.1,1,8.453,1,34.534,1
5905619,2025-12-22T01:14:04Z,1,-47.26419,151.75058,1,632.9,1,34.53,1,8.42,1,632.9,1,8.42,1,34.53,1
5905619,2025-12-22T01:14:04Z,1,-47.26419,151.75058,1,634.7,1,34.531,1,8.426,1,634.7,1,8.426,1,34.531,1
5905619,2025-12-22T01:14:04Z,1,-47.26419,151.75058,1,636.95,1,34.537,1,8.458,1,636.95,1,8.458,1,34.537,1
5905619,2025-12-22T01:14:04Z,1,-47.26419,151.75058,1,639.15,1,34.543,1,8.477,1,639.15,1,8.477,1,34.543,1
5905619,2025-12-22T01:14:04Z,1,-47.26419,151.75058,1,640.95,1,34.546,1,8.493,1,640.95,1,8.493,1,34.546,1
5905619,2025-12-22T01:14:04Z,1,-47.26419,151.75058,1,642.75,1,34.541,1,8.481,1,642.75,1,8.481,1,34.541,1
5905619,2025-12-22T01:14:04Z,1,-47.26419,151.75058,1,645.0,1,34.527,1,8.407,1,645.0,1,8.407,1,34.527,1
5905619,2025-12-22T01:14:04Z,1,-47.26419,151.75058,1,647.25,1,34.517,1,8.355,1,647.25,1,8.355,1,34.517,1
5905619,2025-12-22T01:14:04Z,1,-47.26419,151.75058,1,649.0,1,34.514,1,8.334,1,649.0,1,8.334,1,34.514,1
5905619,2025-12-22T01:14:04Z,1,-47.26419,151.75058,1,650.8,1,34.512,1,8.321,1,650.8,1,8.321,1,34.512,1
5905619,2025-12-22T01:14:04Z,1,-47.26419,151.75058,1,653.0,1,34.51,1,8.311,1,653.0,1,8.311,1,34.51,1
5905619,2025-12-22T01:14:04Z,1,-47.26419,151.75058,1,655.25,1,34.508,1,8.305,1,655.25,1,8.305,1,34.508,1
5905619,2025-12-22T01:14:04Z,1,-47.26419,151.75058,1,657.0,1,34.507,1,8.298,1,657.0,1,8.298,1,34.507,1
5905619,2025-12-22T01:14:04Z,1,-47.26419,151.75058,1,658.8,1,34.507,1,8.274,1,658.8,1,8.274,1,34.507,1
5905619,2025-12-22T01:14:04Z,1,-47.26419,151.75058,1,661.0,1,34.511,1,8.288,1,661.0,1,8.288,1,34.511,1
5905619,2025-12-22T01:14:04Z,1,-47.26419,151.75058,1,663.25,1,34.515,1,8.304,1,663.25,1,8.304,1,34.515,1
5905619,2025-12-22T01:14:04Z,1,-47.26419,151.75058,1,665.0,1,34.518,1,8.305,1,665.0,1,8.305,1,34.518,1
5905619,2025-12-22T01:14:04Z,1,-47.26419,151.75058,1,666.8,1,34.522,1,8.313,1,666.8,1,8.313,1,34.522,1
5905619,2025-12-22T01:14:04Z,1,-47.26419,151.75058,1,669.05,1,34.523,1,8.31,1,669.05,1,8.31,1,34.523,1
5905619,2025-12-22T01:14:04Z,1,-47.26419,151.75058,1,671.25,1,34.524,1,8.298,1,671.25,1,8.298,1,34.524,1
5905619,2025-12-22T01:14:04Z,1,-47.26419,151.75058,1,673.1,1,34.523,1,8.287,1,673.1,1,8.287,1,34.523,1
5905619,2025-12-22T01:14:04Z,1,-47.26419,151.75058,1,674.9,1,34.521,1,8.274,1,674.9,1,8.274,1,34.521,1
5905619,2025-12-22T01:14:04Z,1,-47.26419,151.75058,1,676.7,1,34.517,1,8.243,1,676.7,1,8.243,1,34.517,1
5905619,2025-12-22T01:14:04Z,1,-47.26419,151.75058,1,679.0,1,34.513,1,8.197,1,679.0,1,8.197,1,34.513,1
5905619,2025-12-22T01:14:04Z,1,-47.26419,151.75058,1,681.25,1,34.51,1,8.19,1,681.25,1,8.19,1,34.51,1
5905619,2025-12-22T01:14:04Z,1,-47.26419,151.75058,1,683.05,1,34.511,1,8.179,1,683.05,1,8.179,1,34.511,1
5905619,2025-12-22T01:14:04Z,1,-47.26419,151.75058,1,684.9,1,34.508,1,8.164,1,684.9,1,8.164,1,34.508,1
5905619,2025-12-22T01:14:04Z,1,-47.26419,151.75058,1,686.75,1,34.506,1,8.147,1,686.75,1,8.147,1,34.506,1
5905619,2025-12-22T01:14:04Z,1,-47.26419,151.75058,1,689.05,1,34.503,1,8.125,1,689.05,1,8.125,1,34.503,1
5905619,2025-12-22T01:14:04Z,1,-47.26419,151.75058,1,691.35,1,34.502,1,8.103,1,691.35,1,8.103,1,34.502,1
5905619,2025-12-22T01:14:04Z,1,-47.26419,151.75058,1,693.2,1,34.5,1,8.101,1,693.2,1,8.101,1,34.5,1
5905619,2025-12-22T01:14:04Z,1,-47.26419,151.75058,1,695.05,1,34.496,1,8.077,1,695.05,1,8.077,1,34.496,1
5905619,2025-12-22T01:14:04Z,1,-47.26419,151.75058,1,696.9,1,34.496,1,8.058,1,696.9,1,8.058,1,34.496,1
5905619,2025-12-22T01:14:04Z,1,-47.26419,151.75058,1,698.8,1,34.496,1,8.054,1,698.8,1,8.054,1,34.496,1
5905619,2025-12-22T01:14:04Z,1,-47.26419,151.75058,1,700.7,1,34.499,1,8.072,1,700.7,1,8.072,1,34.499,1
5905619,2025-12-22T01:14:04Z,1,-47.26419,151.75058,1,703.05,1,34.507,1,8.084,1,703.05,1,8.084,1,34.507,1
5905619,2025-12-22T01:14:04Z,1,-47.26419,151.75058,1,705.4,1,34.506,1,8.078,1,705.4,1,8.078,1,34.506,1
5905619,2025-12-22T01:14:04Z,1,-47.26419,151.75058,1,707.25,1,34.498,1,8.044,1,707.25,1,8.044,1,34.498,1
5905619,2025-12-22T01:14:04Z,1,-47.26419,151.75058,1,709.15,1,34.483,1,7.939,1,709.15,1,7.939,1,34.483,1
5905619,2025-12-22T01:14:04Z,1,-47.26419,151.75058,1,711.05,1,34.479,1,7.914,1,711.05,1,7.914,1,34.479,1
5905619,2025-12-22T01:14:04Z,1,-47.26419,151.75058,1,713.0,1,34.478,1,7.9,1,713.0,1,7.9,1,34.478,1
5905619,2025-12-22T01:14:04Z,1,-47.26419,151.75058,1,714.95,1,34.48,1,7.892,1,714.95,1,7.892,1,34.48,1
5905619,2025-12-22T01:14:04Z,1,-47.26419,151.75058,1,716.85,1,34.474,1,7.892,1,716.85,1,7.892,1,34.474,1
5905619,2025-12-22T01:14:04Z,1,-47.26419,151.75058,1,718.8,1,34.475,1,7.892,1,718.8,1,7.892,1,34.475,1
5905619,2025-12-22T01:14:04Z,1,-47.26419,151.75058,1,720.75,1,34.475,1,7.888,1,720.75,1,7.888,1,34.475,1
5905619,2025-12-22T01:14:04Z,1,-47.26419,151.75058,1,722.75,1,34.477,1,7.892,1,722.75,1,7.892,1,34.477,1
5905619,2025-12-22T01:14:04Z,1,-47.26419,151.75058,1,724.7,1,34.479,1,7.898,1,724.7,1,7.898,1,34.479,1
5905619,2025-12-22T01:14:04Z,1,-47.26419,151.75058,1,726.7,1,34.48,1,7.9,1,726.7,1,7.9,1,34.48,1
5905619,2025-12-22T01:14:04Z,1,-47.26419,151.75058,1,728.6,1,34.482,1,7.901,1,728.6,1,7.901,1,34.482,1
5905619,2025-12-22T01:14:04Z,1,-47.26419,151.75058,1,730.55,1,34.486,1,7.909,1,730.55,1,7.909,1,34.486,1
5905619,2025-12-22T01:14:04Z,1,-47.26419,151.75058,1,732.95,1,34.488,1,7.917,1,732.95,1,7.917,1,34.488,1
5905619,2025-12-22T01:14:04Z,1,-47.26419,151.75058,1,735.3,1,34.492,1,7.922,1,735.3,1,7.922,1,34.492,1
5905619,2025-12-22T01:14:04Z,1,-47.26419,151.75058,1,737.2,1,34.495,1,7.941,1,737.2,1,7.941,1,34.495,1
5905619,2025-12-22T01:14:04Z,1,-47.26419,151.75058,1,739.1,1,34.496,1,7.938,1,739.1,1,7.938,1,34.496,1
5905619,2025-12-22T01:14:04Z,1,-47.26419,151.75058,1,740.95,1,34.496,1,7.935,1,740.95,1,7.935,1,34.496,1
5905619,2025-12-22T01:14:04Z,1,-47.26419,151.75058,1,742.75,1,34.497,1,7.935,1,742.75,1,7.935,1,34.497,1
5905619,2025-12-22T01:14:04Z,1,-47.26419,151.75058,1,744.6,1,34.505,1,7.944,1,744.6,1,7.944,1,34.505,1
5905619,2025-12-22T01:14:04Z,1,-47.26419,151.75058,1,746.95,1,34.508,1,7.947,1,746.95,1,7.947,1,34.508,1
5905619,2025-12-22T01:14:04Z,1,-47.26419,151.75058,1,749.3,1,34.508,1,7.945,1,749.3,1,7.945,1,34.508,1
5905619,2025-12-22T01:14:04Z,1,-47.26419,151.75058,1,751.15,1,34.507,1,7.935,1,751.15,1,7.935,1,34.507,1
5905619,2025-12-22T01:14:04Z,1,-47.26419,151.75058,1,753.0,1,34.506,1,7.918,1,753.0,1,7.918,1,34.506,1
5905619,2025-12-22T01:14:04Z,1,-47.26419,151.75058,1,754.85,1,34.503,1,7.889,1,754.85,1,7.889,1,34.503,1
5905619,2025-12-22T01:14:04Z,1,-47.26419,151.75058,1,756.7,1,34.502,1,7.87,1,756.7,1,7.87,1,34.502,1
5905619,2025-12-22T01:14:04Z,1,-47.26419,151.75058,1,759.0,1,34.503,1,7.873,1,759.0,1,7.873,1,34.503,1
5905619,2025-12-22T01:14:04Z,1,-47.26419,151.75058,1,761.3,1,34.502,1,7.87,1,761.3,1,7.87,1,34.502,1
5905619,2025-12-22T01:14:04Z,1,-47.26419,151.75058,1,763.15,1,34.499,1,7.857,1,763.15,1,7.857,1,34.499,1
5905619,2025-12-22T01:14:04Z,1,-47.26419,151.75058,1,765.0,1,34.495,1,7.83,1,765.0,1,7.83,1,34.495,1
5905619,2025-12-22T01:14:04Z,1,-47.26419,151.75058,1,766.85,1,34.491,1,7.794,1,766.85,1,7.794,1,34.491,1
5905619,2025-12-22T01:14:04Z,1,-47.26419,151.75058,1,768.75,1,34.489,1,7.784,1,768.75,1,7.784,1,34.489,1
5905619,2025-12-22T01:14:04Z,1,-47.26419,151.75058,1,771.05,1,34.484,1,7.757,1,771.05,1,7.757,1,34.484,1
5905619,2025-12-22T01:14:04Z,1,-47.26419,151.75058,1,773.4,1,34.476,1,7.672,1,773.4,1,7.672,1,34.476,1
5905619,2025-12-22T01:14:04Z,1,-47.26419,151.75058,1,775.3,1,34.471,1,7.632,1,775.3,1,7.632,1,34.471,1
5905619,2025-12-22T01:14:04Z,1,-47.26419,151.75058,1,777.2,1,34.466,1,7.601,1,777.2,1,7.601,1,34.466,1
5905619,2025-12-22T01:14:04Z,1,-47.26419,151.75058,1,779.1,1,34.464,1,7.573,1,779.1,1,7.573,1,34.464,1
5905619,2025-12-22T01:14:04Z,1,-47.26419,151.75058,1,781.0,1,34.464,1,7.566,1,781.0,1,7.566,1,34.464,1
5905619,2025-12-22T01:14:04Z,1,-47.26419,151.75058,1,782.9,1,34.466,1,7.567,1,782.9,1,7.567,1,34.466,1
5905619,2025-12-22T01:14:04Z,1,-47.26419,151.75058,1,784.85,1,34.481,1,7.629,1,784.85,1,7.629,1,34.481,1
5905619,2025-12-22T01:14:04Z,1,-47.26419,151.75058,1,786.8,1,34.492,1,7.67,1,786.8,1,7.67,1,34.492,1
5905619,2025-12-22T01:14:04Z,1,-47.26419,151.75058,1,788.7,1,34.498,1,7.677,1,788.7,1,7.677,1,34.498,1
5905619,2025-12-22T01:14:04Z,1,-47.26419,151.75058,1,790.65,1,34.498,1,7.667,1,790.65,1,7.667,1,34.498,1
5905619,2025-12-22T01:14:04Z,1,-47.26419,151.75058,1,792.6,1,34.498,1,7.642,1,792.6,1,7.642,1,34.498,1
5905619,2025-12-22T01:14:04Z,1,-47.26419,151.75058,1,794.55,1,34.497,1,7.627,1,794.55,1,7.627,1,34.497,1
5905619,2025-12-22T01:14:04Z,1,-47.26419,151.75058,1,797.0,1,34.495,1,7.603,1,797.0,1,7.603,1,34.495,1
5905619,2025-12-22T01:14:04Z,1,-47.26419,151.75058,1,799.45,1,34.494,1,7.57,1,799.45,1,7.57,1,34.494,1
5905619,2025-12-22T01:14:04Z,1,-47.26419,151.75058,1,801.45,1,34.492,1,7.559,1,801.45,1,7.559,1,34.492,1
5905619,2025-12-22T01:14:04Z,1,-47.26419,151.75058,1,803.4,1,34.49,1,7.536,1,803.4,1,7.536,1,34.49,1
5905619,2025-12-22T01:14:04Z,1,-47.26419,151.75058,1,805.4,1,34.488,1,7.518,1,805.4,1,7.518,1,34.488,1
5905619,2025-12-22T01:14:04Z,1,-47.26419,151.75058,1,807.35,1,34.487,1,7.511,1,807.35,1,7.511,1,34.487,1
5905619,2025-12-22T01:14:04Z,1,-47.26419,151.75058,1,809.35,1,34.486,1,7.501,1,809.35,1,7.501,1,34.486,1
5905619,2025-12-22T01:14:04Z,1,-47.26419,151.75058,1,811.3,1,34.486,1,7.499,1,811.3,1,7.499,1,34.486,1
5905619,2025-12-22T01:14:04Z,1,-47.26419,151.75058,1,813.3,1,34.485,1,7.492,1,813.3,1,7.492,1,34.485,1
5905619,2025-12-22T01:14:04Z,1,-47.26419,151.75058,1,815.3,1,34.484,1,7.468,1,815.3,1,7.468,1,34.484,1
5905619,2025-12-22T01:14:04Z,1,-47.26419,151.75058,1,817.3,1,34.484,1,7.435,1,817.3,1,7.435,1,34.484,1
5905619,2025-12-22T01:14:04Z,1,-47.26419,151.75058,1,819.35,1,34.48,1,7.414,1,819.35,1,7.414,1,34.48,1
5905619,2025-12-22T01:14:04Z,1,-47.26419,151.75058,1,821.35,1,34.48,1,7.398,1,821.35,1,7.398,1,34.48,1
5905619,2025-12-22T01:14:04Z,1,-47.26419,151.75058,1,823.4,1,34.479,1,7.392,1,823.4,1,7.392,1,34.479,1
5905619,2025-12-22T01:14:04Z,1,-47.26419,151.75058,1,825.45,1,34.477,1,7.38,1,825.45,1,7.38,1,34.477,1
5905619,2025-12-22T01:14:04Z,1,-47.26419,151.75058,1,827.5,1,34.477,1,7.375,1,827.5,1,7.375,1,34.477,1
5905619,2025-12-22T01:14:04Z,1,-47.26419,151.75058,1,829.0,1,34.478,1,7.367,1,829.0,1,7.367,1,34.478,1
5905619,2025-12-22T01:14:04Z,1,-47.26419,151.75058,1,830.5,1,34.477,1,7.35,1,830.5,1,7.35,1,34.477,1
5905619,2025-12-22T01:14:04Z,1,-47.26419,151.75058,1,832.55,1,34.477,1,7.337,1,832.55,1,7.337,1,34.477,1
5905619,2025-12-22T01:14:04Z,1,-47.26419,151.75058,1,834.55,1,34.474,1,7.319,1,834.55,1,7.319,1,34.474,1
5905619,2025-12-22T01:14:04Z,1,-47.26419,151.75058,1,836.95,1,34.471,1,7.297,1,836.95,1,7.297,1,34.471,1
5905619,2025-12-22T01:14:04Z,1,-47.26419,151.75058,1,838.95,1,34.471,1,7.28,1,838.95,1,7.28,1,34.471,1
5905619,2025-12-22T01:14:04Z,1,-47.26419,151.75058,1,840.85,1,34.47,1,7.271,1,840.85,1,7.271,1,34.47,1
5905619,2025-12-22T01:14:04Z,1,-47.26419,151.75058,1,843.2,1,34.468,1,7.257,1,843.2,1,7.257,1,34.468,1
5905619,2025-12-22T01:14:04Z,1,-47.26419,151.75058,1,845.1,1,34.468,1,7.25,1,845.1,1,7.25,1,34.468,1
5905619,2025-12-22T01:14:04Z,1,-47.26419,151.75058,1,847.0,1,34.468,1,7.247,1,847.0,1,7.247,1,34.468,1
5905619,2025-12-22T01:14:04Z,1,-47.26419,151.75058,1,848.9,1,34.467,1,7.241,1,848.9,1,7.241,1,34.467,1
5905619,2025-12-22T01:14:04Z,1,-47.26419,151.75058,1,850.8,1,34.467,1,7.234,1,850.8,1,7.234,1,34.467,1
5905619,2025-12-22T01:14:04Z,1,-47.26419,151.75058,1,853.05,1,34.467,1,7.223,1,853.05,1,7.223,1,34.467,1
5905619,2025-12-22T01:14:04Z,1,-47.26419,151.75058,1,854.95,1,34.467,1,7.183,1,854.95,1,7.183,1,34.467,1
5905619,2025-12-22T01:14:04Z,1,-47.26419,151.75058,1,856.85,1,34.459,1,7.143,1,856.85,1,7.143,1,34.459,1
5905619,2025-12-22T01:14:04Z,1,-47.26419,151.75058,1,858.85,1,34.461,1,7.135,1,858.85,1,7.135,1,34.461,1
5905619,2025-12-22T01:14:04Z,1,-47.26419,151.75058,1,860.8,1,34.461,1,7.13,1,860.8,1,7.13,1,34.461,1
5905619,2025-12-22T01:14:04Z,1,-47.26419,151.75058,1,863.1,1,34.461,1,7.114,1,863.1,1,7.114,1,34.461,1
5905619,2025-12-22T01:14:04Z,1,-47.26419,151.75058,1,865.05,1,34.458,1,7.059,1,865.05,1,7.059,1,34.458,1
5905619,2025-12-22T01:14:04Z,1,-47.26419,151.75058,1,867.05,1,34.452,1,7.008,1,867.05,1,7.008,1,34.452,1
5905619,2025-12-22T01:14:04Z,1,-47.26419,151.75058,1,869.1,1,34.451,1,6.973,1,869.1,1,6.973,1,34.451,1
5905619,2025-12-22T01:14:04Z,1,-47.26419,151.75058,1,871.1,1,34.45,1,6.954,1,871.1,1,6.954,1,34.45,1
5905619,2025-12-22T01:14:04Z,1,-47.26419,151.75058,1,873.1,1,34.448,1,6.91,1,873.1,1,6.91,1,34.448,1
5905619,2025-12-22T01:14:04Z,1,-47.26419,151.75058,1,875.1,1,34.444,1,6.877,1,875.1,1,6.877,1,34.444,1
5905619,2025-12-22T01:14:04Z,1,-47.26419,151.75058,1,877.15,1,34.443,1,6.849,1,877.15,1,6.849,1,34.443,1
5905619,2025-12-22T01:14:04Z,1,-47.26419,151.75058,1,879.2,1,34.44,1,6.818,1,879.2,1,6.818,1,34.44,1
5905619,2025-12-22T01:14:04Z,1,-47.26419,151.75058,1,881.2,1,34.439,1,6.768,1,881.2,1,6.768,1,34.439,1
5905619,2025-12-22T01:14:04Z,1,-47.26419,151.75058,1,882.8,1,34.435,1,6.73,1,882.8,1,6.73,1,34.435,1
5905619,2025-12-22T01:14:04Z,1,-47.26419,151.75058,1,884.8,1,34.433,1,6.697,1,884.8,1,6.697,1,34.433,1
5905619,2025-12-22T01:14:04Z,1,-47.26419,151.75058,1,886.85,1,34.43,1,6.672,1,886.85,1,6.672,1,34.43,1
5905619,2025-12-22T01:14:04Z,1,-47.26419,151.75058,1,888.9,1,34.429,1,6.62,1,888.9,1,6.62,1,34.429,1
5905619,2025-12-22T01:14:04Z,1,-47.26419,151.75058,1,890.95,1,34.428,1,6.587,1,890.95,1,6.587,1,34.428,1
5905619,2025-12-22T01:14:04Z,1,-47.26419,151.75058,1,892.95,1,34.427,1,6.578,1,892.95,1,6.578,1,34.427,1
5905619,2025-12-22T01:14:04Z,1,-47.26419,151.75058,1,895.05,1,34.428,1,6.575,1,895.05,1,6.575,1,34.428,1
5905619,2025-12-22T01:14:04Z,1,-47.26419,151.75058,1,897.05,1,34.428,1,6.573,1,897.05,1,6.573,1,34.428,1
5905619,2025-12-22T01:14:04Z,1,-47.26419,151.75058,1,899.1,1,34.426,1,6.569,1,899.1,1,6.569,1,34.426,1
5905619,2025-12-22T01:14:04Z,1,-47.26419,151.75058,1,901.15,1,34.422,1,6.528,1,901.15,1,6.528,1,34.422,1
5905619,2025-12-22T01:14:04Z,1,-47.26419,151.75058,1,903.2,1,34.41,1,6.43,1,903.2,1,6.43,1,34.41,1
5905619,2025-12-22T01:14:04Z,1,-47.26419,151.75058,1,904.9,1,34.415,1,6.43,1,904.9,1,6.43,1,34.415,1
5905619,2025-12-22T01:14:04Z,1,-47.26419,151.75058,1,906.95,1,34.415,1,6.429,1,906.95,1,6.429,1,34.415,1
5905619,2025-12-22T01:14:04Z,1,-47.26419,151.75058,1,909.0,1,34.411,1,6.395,1,909.0,1,6.395,1,34.411,1
5905619,2025-12-22T01:14:04Z,1,-47.26419,151.75058,1,911.15,1,34.408,1,6.363,1,911.15,1,6.363,1,34.408,1
5905619,2025-12-22T01:14:04Z,1,-47.26419,151.75058,1,913.25,1,34.406,1,6.34,1,913.25,1,6.34,1,34.406,1
5905619,2025-12-22T01:14:04Z,1,-47.26419,151.75058,1,914.9,1,34.405,1,6.308,1,914.9,1,6.308,1,34.405,1
5905619,2025-12-22T01:14:04Z,1,-47.26419,151.75058,1,917.05,1,34.402,1,6.27,1,917.05,1,6.27,1,34.402,1
5905619,2025-12-22T01:14:04Z,1,-47.26419,151.75058,1,919.25,1,34.401,1,6.239,1,919.25,1,6.239,1,34.401,1
5905619,2025-12-22T01:14:04Z,1,-47.26419,151.75058,1,920.95,1,34.4,1,6.215,1,920.95,1,6.215,1,34.4,1
5905619,2025-12-22T01:14:04Z,1,-47.26419,151.75058,1,922.7,1,34.4,1,6.215,1,922.7,1,6.215,1,34.4,1
5905619,2025-12-22T01:14:04Z,1,-47.26419,151.75058,1,924.9,1,34.402,1,6.219,1,924.9,1,6.219,1,34.402,1
5905619,2025-12-22T01:14:04Z,1,-47.26419,151.75058,1,927.1,1,34.403,1,6.208,1,927.1,1,6.208,1,34.403,1
5905619,2025-12-22T01:14:04Z,1,-47.26419,151.75058,1,928.85,1,34.401,1,6.198,1,928.85,1,6.198,1,34.401,1
5905619,2025-12-22T01:14:04Z,1,-47.26419,151.75058,1,931.05,1,34.399,1,6.171,1,931.05,1,6.171,1,34.399,1
5905619,2025-12-22T01:14:04Z,1,-47.26419,151.75058,1,933.25,1,34.394,1,6.118,1,933.25,1,6.118,1,34.394,1
5905619,2025-12-22T01:14:04Z,1,-47.26419,151.75058,1,935.1,1,34.391,1,6.061,1,935.1,1,6.061,1,34.391,1
5905619,2025-12-22T01:14:04Z,1,-47.26419,151.75058,1,936.9,1,34.389,1,6.033,1,936.9,1,6.033,1,34.389,1
5905619,2025-12-22T01:14:04Z,1,-47.26419,151.75058,1,938.7,1,34.387,1,6.008,1,938.7,1,6.008,1,34.387,1
5905619,2025-12-22T01:14:04Z,1,-47.26419,151.75058,1,941.0,1,34.389,1,6.01,1,941.0,1,6.01,1,34.389,1
5905619,2025-12-22T01:14:04Z,1,-47.26419,151.75058,1,943.3,1,34.391,1,6.008,1,943.3,1,6.008,1,34.391,1
5905619,2025-12-22T01:14:04Z,1,-47.26419,151.75058,1,945.2,1,34.391,1,6.003,1,945.2,1,6.003,1,34.391,1
5905619,2025-12-22T01:14:04Z,1,-47.26419,151.75058,1,947.05,1,34.391,1,6.001,1,947.05,1,6.001,1,34.391,1
5905619,2025-12-22T01:14:04Z,1,-47.26419,151.75058,1,948.95,1,34.392,1,5.985,1,948.95,1,5.985,1,34.392,1
5905619,2025-12-22T01:14:04Z,1,-47.26419,151.75058,1,950.85,1,34.391,1,5.96,1,950.85,1,5.96,1,34.391,1
5905619,2025-12-22T01:14:04Z,1,-47.26419,151.75058,1,952.75,1,34.391,1,5.934,1,952.75,1,5.934,1,34.391,1
5905619,2025-12-22T01:14:04Z,1,-47.26419,151.75058,1,954.7,1,34.389,1,5.903,1,954.7,1,5.903,1,34.389,1
5905619,2025-12-22T01:14:04Z,1,-47.26419,151.75058,1,956.6,1,34.387,1,5.878,1,956.6,1,5.878,1,34.387,1
5905619,2025-12-22T01:14:04Z,1,-47.26419,151.75058,1,958.95,1,34.386,1,5.855,1,958.95,1,5.855,1,34.386,1
5905619,2025-12-22T01:14:04Z,1,-47.26419,151.75058,1,961.35,1,34.386,1,5.846,1,961.35,1,5.846,1,34.386,1
5905619,2025-12-22T01:14:04Z,1,-47.26419,151.75058,1,963.2,1,34.384,1,5.815,1,963.2,1,5.815,1,34.384,1
5905619,2025-12-22T01:14:04Z,1,-47.26419,151.75058,1,965.1,1,34.385,1,5.784,1,965.1,1,5.784,1,34.385,1
5905619,2025-12-22T01:14:04Z,1,-47.26419,151.75058,1,967.05,1,34.383,1,5.775,1,967.05,1,5.775,1,34.383,1
5905619,2025-12-22T01:14:04Z,1,-47.26419,151.75058,1,968.95,1,34.382,1,5.764,1,968.95,1,5.764,1,34.382,1
5905619,2025-12-22T01:14:04Z,1,-47.26419,151.75058,1,970.9,1,34.382,1,5.757,1,970.9,1,5.757,1,34.382,1
5905619,2025-12-22T01:14:04Z,1,-47.26419,151.75058,1,972.75,1,34.382,1,5.743,1,972.75,1,5.743,1,34.382,1
5905619,2025-12-22T01:14:04Z,1,-47.26419,151.75058,1,974.7,1,34.381,1,5.729,1,974.7,1,5.729,1,34.381,1
5905619,2025-12-22T01:14:04Z,1,-47.26419,151.75058,1,977.05,1,34.379,1,5.71,1,977.05,1,5.71,1,34.379,1
5905619,2025-12-22T01:14:04Z,1,-47.26419,151.75058,1,979.4,1,34.378,1,5.698,1,979.4,1,5.698,1,34.378,1
5905619,2025-12-22T01:14:04Z,1,-47.26419,151.75058,1,981.3,1,34.377,1,5.678,1,981.3,1,5.678,1,34.377,1
5905619,2025-12-22T01:14:04Z,1,-47.26419,151.75058,1,983.15,1,34.379,1,5.655,1,983.15,1,5.655,1,34.379,1
5905619,2025-12-22T01:14:04Z,1,-47.26419,151.75058,1,985.0,1,34.373,1,5.616,1,985.0,1,5.616,1,34.373,1
5905619,2025-12-22T01:14:04Z,1,-47.26419,151.75058,1,986.9,1,34.373,1,5.593,1,986.9,1,5.593,1,34.373,1
5905619,2025-12-22T01:14:04Z,1,-47.26419,151.75058,1,988.75,1,34.372,1,5.578,1,988.75,1,5.578,1,34.372,1
5905619,2025-12-22T01:14:04Z,1,-47.26419,151.75058,1,990.65,1,34.374,1,5.58,1,990.65,1,5.58,1,34.374,1
5905619,2025-12-22T01:14:04Z,1,-47.26419,151.75058,1,993.0,1,34.372,1,5.552,1,993.0,1,5.552,1,34.372,1
5905619,2025-12-22T01:14:04Z,1,-47.26419,151.75058,1,995.35,1,34.372,1,5.55,1,995.35,1,5.55,1,34.372,1
5905619,2025-12-22T01:14:04Z,1,-47.26419,151.75058,1,997.2,1,34.373,1,5.539,1,997.2,1,5.539,1,34.373,1
5905619,2025-12-22T01:14:04Z,1,-47.26419,151.75058,1,999.1,1,34.372,1,5.53,1,999.1,1,5.53,1,34.372,1
5905619,2025-12-22T01:14:04Z,1,-47.26419,151.75058,1,1001.0,1,34.372,1,5.525,1,1001.0,1,5.525,1,34.372,1
5905619,2025-12-22T01:14:04Z,1,-47.26419,151.75058,1,1002.85,1,34.371,1,5.515,1,1002.85,1,5.515,1,34.371,1
5905619,2025-12-22T01:14:04Z,1,-47.26419,151.75058,1,1004.7,1,34.373,1,5.502,1,1004.7,1,5.502,1,34.373,1
5905619,2025-12-22T01:14:04Z,1,-47.26419,151.75058,1,1007.05,1,34.372,1,5.482,1,1007.05,1,5.482,1,34.372,1
5905619,2025-12-22T01:14:04Z,1,-47.26419,151.75058,1,1009.35,1,34.372,1,5.472,1,1009.35,1,5.472,1,34.372,1
5905619,2025-12-22T01:14:04Z,1,-47.26419,151.75058,1,1011.2,1,34.372,1,5.464,1,1011.2,1,5.464,1,34.372,1
5905619,2025-12-22T01:14:04Z,1,-47.26419,151.75058,1,1013.05,1,34.372,1,5.46,1,1013.05,1,5.46,1,34.372,1
5905619,2025-12-22T01:14:04Z,1,-47.26419,151.75058,1,1014.85,1,34.373,1,5.455,1,1014.85,1,5.455,1,34.373,1
5905619,2025-12-22T01:14:04Z,1,-47.26419,151.75058,1,1016.65,1,34.372,1,5.442,1,1016.65,1,5.442,1,34.372,1
5905619,2025-12-22T01:14:04Z,1,-47.26419,151.75058,1,1018.9,1,34.373,1,5.419,1,1018.9,1,5.419,1,34.373,1
5905619,2025-12-22T01:14:04Z,1,-47.26419,151.75058,1,1021.1,1,34.372,1,5.414,1,1021.1,1,5.414,1,34.372,1
5905619,2025-12-22T01:14:04Z,1,-47.26419,151.75058,1,1022.9,1,34.374,1,5.419,1,1022.9,1,5.419,1,34.374,1
5905619,2025-12-22T01:14:04Z,1,-47.26419,151.75058,1,1025.1,1,34.374,1,5.41,1,1025.1,1,5.41,1,34.374,1
5905619,2025-12-22T01:14:04Z,1,-47.26419,151.75058,1,1027.3,1,34.374,1,5.387,1,1027.3,1,5.387,1,34.374,1
5905619,2025-12-22T01:14:04Z,1,-47.26419,151.75058,1,1029.0,1,34.371,1,5.349,1,1029.0,1,5.349,1,34.371,1
5905619,2025-12-22T01:14:04Z,1,-47.26419,151.75058,1,1030.75,1,34.369,1,5.307,1,1030.75,1,5.307,1,34.369,1
5905619,2025-12-22T01:14:04Z,1,-47.26419,151.75058,1,1032.9,1,34.368,1,5.278,1,1032.9,1,5.278,1,34.368,1
5905619,2025-12-22T01:14:04Z,1,-47.26419,151.75058,1,1035.05,1,34.367,1,5.267,1,1035.05,1,5.267,1,34.367,1
5905619,2025-12-22T01:14:04Z,1,-47.26419,151.75058,1,1036.75,1,34.368,1,5.259,1,1036.75,1,5.259,1,34.368,1
5905619,2025-12-22T01:14:04Z,1,-47.26419,151.75058,1,1038.85,1,34.366,1,5.236,1,1038.85,1,5.236,1,34.366,1
5905619,2025-12-22T01:14:04Z,1,-47.26419,151.75058,1,1040.9,1,34.365,1,5.204,1,1040.9,1,5.204,1,34.365,1
5905619,2025-12-22T01:14:04Z,1,-47.26419,151.75058,1,1043.05,1,34.364,1,5.173,1,1043.05,1,5.173,1,34.364,1
5905619,2025-12-22T01:14:04Z,1,-47.26419,151.75058,1,1045.15,1,34.364,1,5.15,1,1045.15,1,5.15,1,34.364,1
5905619,2025-12-22T01:14:04Z,1,-47.26419,151.75058,1,1046.8,1,34.363,1,5.126,1,1046.8,1,5.126,1,34.363,1
5905619,2025-12-22T01:14:04Z,1,-47.26419,151.75058,1,1048.9,1,34.361,1,5.105,1,1048.9,1,5.105,1,34.361,1
5905619,2025-12-22T01:14:04Z,1,-47.26419,151.75058,1,1051.0,1,34.361,1,5.089,1,1051.0,1,5.089,1,34.361,1
5905619,2025-12-22T01:14:04Z,1,-47.26419,151.75058,1,1052.75,1,34.36,1,5.085,1,1052.75,1,5.085,1,34.36,1
5905619,2025-12-22T01:14:04Z,1,-47.26419,151.75058,1,1054.9,1,34.36,1,5.078,1,1054.9,1,5.078,1,34.36,1
5905619,2025-12-22T01:14:04Z,1,-47.26419,151.75058,1,1056.95,1,34.359,1,5.071,1,1056.95,1,5.071,1,34.359,1
5905619,2025-12-22T01:14:04Z,1,-47.26419,151.75058,1,1059.05,1,34.357,1,5.064,1,1059.05,1,5.064,1,34.357,1
5905619,2025-12-22T01:14:04Z,1,-47.26419,151.75058,1,1061.1,1,34.358,1,5.051,1,1061.1,1,5.051,1,34.358,1
5905619,2025-12-22T01:14:04Z,1,-47.26419,151.75058,1,1062.8,1,34.358,1,5.047,1,1062.8,1,5.047,1,34.358,1
5905619,2025-12-22T01:14:04Z,1,-47.26419,151.75058,1,1064.85,1,34.358,1,5.034,1,1064.85,1,5.034,1,34.358,1
5905619,2025-12-22T01:14:04Z,1,-47.26419,151.75058,1,1066.95,1,34.356,1,4.997,1,1066.95,1,4.997,1,34.356,1
5905619,2025-12-22T01:14:04Z,1,-47.26419,151.75058,1,1069.1,1,34.355,1,4.96,1,1069.1,1,4.96,1,34.355,1
5905619,2025-12-22T01:14:04Z,1,-47.26419,151.75058,1,1071.25,1,34.354,1,4.938,1,1071.25,1,4.938,1,34.354,1
5905619,2025-12-22T01:14:04Z,1,-47.26419,151.75058,1,1073.0,1,34.352,1,4.931,1,1073.0,1,4.931,1,34.352,1
5905619,2025-12-22T01:14:04Z,1,-47.26419,151.75058,1,1074.75,1,34.353,1,4.917,1,1074.75,1,4.917,1,34.353,1
5905619,2025-12-22T01:14:04Z,1,-47.26419,151.75058,1,1076.95,1,34.352,1,4.885,1,1076.95,1,4.885,1,34.352,1
5905619,2025-12-22T01:14:04Z,1,-47.26419,151.75058,1,1079.15,1,34.351,1,4.88,1,1079.15,1,4.88,1,34.351,1
5905619,2025-12-22T01:14:04Z,1,-47.26419,151.75058,1,1080.95,1,34.354,1,4.876,1,1080.95,1,4.876,1,34.354,1
5905619,2025-12-22T01:14:04Z,1,-47.26419,151.75058,1,1082.8,1,34.355,1,4.863,1,1082.8,1,4.863,1,34.355,1
5905619,2025-12-22T01:14:04Z,1,-47.26419,151.75058,1,1085.05,1,34.356,1,4.848,1,1085.05,1,4.848,1,34.356,1
5905619,2025-12-22T01:14:04Z,1,-47.26419,151.75058,1,1087.4,1,34.354,1,4.821,1,1087.4,1,4.821,1,34.354,1
5905619,2025-12-22T01:14:04Z,1,-47.26419,151.75058,1,1089.25,1,34.355,1,4.817,1,1089.25,1,4.817,1,34.355,1
5905619,2025-12-22T01:14:04Z,1,-47.26419,151.75058,1,1091.1,1,34.362,1,4.86,1,1091.1,1,4.86,1,34.362,1
5905619,2025-12-22T01:14:04Z,1,-47.26419,151.75058,1,1092.95,1,34.362,1,4.811,1,1092.95,1,4.811,1,34.362,1
5905619,2025-12-22T01:14:04Z,1,-47.26419,151.75058,1,1094.8,1,34.359,1,4.775,1,1094.8,1,4.775,1,34.359,1
5905619,2025-12-22T01:14:04Z,1,-47.26419,151.75058,1,1097.1,1,34.362,1,4.753,1,1097.1,1,4.753,1,34.362,1
5905619,2025-12-22T01:14:04Z,1,-47.26419,151.75058,1,1099.0,1,34.364,1,4.738,1,1099.0,1,4.738,1,34.364,1
5905619,2025-12-22T01:14:04Z,1,-47.26419,151.75058,1,1100.8,1,34.366,1,4.723,1,1100.8,1,4.723,1,34.366,1
5905619,2025-12-22T01:14:04Z,1,-47.26419,151.75058,1,1103.05,1,34.37,1,4.721,1,1103.05,1,4.721,1,34.37,1
5905619,2025-12-22T01:14:04Z,1,-47.26419,151.75058,1,1104.9,1,34.37,1,4.7,1,1104.9,1,4.7,1,34.37,1
5905619,2025-12-22T01:14:04Z,1,-47.26419,151.75058,1,1106.85,1,34.369,1,4.69,1,1106.85,1,4.69,1,34.369,1
5905619,2025-12-22T01:14:04Z,1,-47.26419,151.75058,1,1109.15,1,34.37,1,4.69,1,1109.15,1,4.69,1,34.37,1
5905619,2025-12-22T01:14:04Z,1,-47.26419,151.75058,1,1111.1,1,34.37,1,4.687,1,1111.1,1,4.687,1,34.37,1
5905619,2025-12-22T01:14:04Z,1,-47.26419,151.75058,1,1113.05,1,34.369,1,4.677,1,1113.05,1,4.677,1,34.369,1
5905619,2025-12-22T01:14:04Z,1,-47.26419,151.75058,1,1115.05,1,34.37,1,4.661,1,1115.05,1,4.661,1,34.37,1
5905619,2025-12-22T01:14:04Z,1,-47.26419,151.75058,1,1117.1,1,34.37,1,4.659,1,1117.1,1,4.659,1,34.37,1
5905619,2025-12-22T01:14:04Z,1,-47.26419,151.75058,1,1119.15,1,34.371,1,4.66,1,1119.15,1,4.66,1,34.371,1
5905619,2025-12-22T01:14:04Z,1,-47.26419,151.75058,1,1120.8,1,34.373,1,4.668,1,1120.8,1,4.668,1,34.373,1
5905619,2025-12-22T01:14:04Z,1,-47.26419,151.75058,1,1122.85,1,34.375,1,4.672,1,1122.85,1,4.672,1,34.375,1
5905619,2025-12-22T01:14:04Z,1,-47.26419,151.75058,1,1124.95,1,34.377,1,4.673,1,1124.95,1,4.673,1,34.377,1
5905619,2025-12-22T01:14:04Z,1,-47.26419,151.75058,1,1127.0,1,34.377,1,4.67,1,1127.0,1,4.67,1,34.377,1
5905619,2025-12-22T01:14:04Z,1,-47.26419,151.75058,1,1129.05,1,34.377,1,4.654,1,1129.05,1,4.654,1,34.377,1
5905619,2025-12-22T01:14:04Z,1,-47.26419,151.75058,1,1131.1,1,34.378,1,4.64,1,1131.1,1,4.64,1,34.378,1
5905619,2025-12-22T01:14:04Z,1,-47.26419,151.75058,1,1133.2,1,34.379,1,4.637,1,1133.2,1,4.637,1,34.379,1
5905619,2025-12-22T01:14:04Z,1,-47.26419,151.75058,1,1134.9,1,34.38,1,4.633,1,1134.9,1,4.633,1,34.38,1
5905619,2025-12-22T01:14:04Z,1,-47.26419,151.75058,1,1136.95,1,34.38,1,4.63,1,1136.95,1,4.63,1,34.38,1
5905619,2025-12-22T01:14:04Z,1,-47.26419,151.75058,1,1139.0,1,34.38,1,4.627,1,1139.0,1,4.627,1,34.38,1
5905619,2025-12-22T01:14:04Z,1,-47.26419,151.75058,1,1141.05,1,34.379,1,4.614,1,1141.05,1,4.614,1,34.379,1
5905619,2025-12-22T01:14:04Z,1,-47.26419,151.75058,1,1143.15,1,34.381,1,4.578,1,1143.15,1,4.578,1,34.381,1
5905619,2025-12-22T01:14:04Z,1,-47.26419,151.75058,1,1144.85,1,34.38,1,4.576,1,1144.85,1,4.576,1,34.38,1
5905619,2025-12-22T01:14:04Z,1,-47.26419,151.75058,1,1146.95,1,34.382,1,4.577,1,1146.95,1,4.577,1,34.382,1
5905619,2025-12-22T01:14:04Z,1,-47.26419,151.75058,1,1149.1,1,34.383,1,4.579,1,1149.1,1,4.579,1,34.383,1
5905619,2025-12-22T01:14:04Z,1,-47.26419,151.75058,1,1150.8,1,34.381,1,4.578,1,1150.8,1,4.578,1,34.381,1
5905619,2025-12-22T01:14:04Z,1,-47.26419,151.75058,1,1152.9,1,34.379,1,4.516,1,1152.9,1,4.516,1,34.379,1
5905619,2025-12-22T01:14:04Z,1,-47.26419,151.75058,1,1155.0,1,34.38,1,4.477,1,1155.0,1,4.477,1,34.38,1
5905619,2025-12-22T01:14:04Z,1,-47.26419,151.75058,1,1157.1,1,34.379,1,4.459,1,1157.1,1,4.459,1,34.379,1
5905619,2025-12-22T01:14:04Z,1,-47.26419,151.75058,1,1159.2,1,34.378,1,4.444,1,1159.2,1,4.444,1,34.378,1
5905619,2025-12-22T01:14:04Z,1,-47.26419,151.75058,1,1160.85,1,34.378,1,4.438,1,1160.85,1,4.438,1,34.378,1
5905619,2025-12-22T01:14:04Z,1,-47.26419,151.75058,1,1162.9,1,34.381,1,4.434,1,1162.9,1,4.434,1,34.381,1
5905619,2025-12-22T01:14:04Z,1,-47.26419,151.75058,1,1165.0,1,34.381,1,4.419,1,1165.0,1,4.419,1,34.381,1
5905619,2025-12-22T01:14:04Z,1,-47.26419,151.75058,1,1167.1,1,34.381,1,4.413,1,1167.1,1,4.413,1,34.381,1
5905619,2025-12-22T01:14:04Z,1,-47.26419,151.75058,1,1169.2,1,34.38,1,4.406,1,1169.2,1,4.406,1,34.38,1
5905619,2025-12-22T01:14:04Z,1,-47.26419,151.75058,1,1170.85,1,34.381,1,4.385,1,1170.85,1,4.385,1,34.381,1
5905619,2025-12-22T01:14:04Z,1,-47.26419,151.75058,1,1173.0,1,34.379,1,4.371,1,1173.0,1,4.371,1,34.379,1
5905619,2025-12-22T01:14:04Z,1,-47.26419,151.75058,1,1175.1,1,34.38,1,4.363,1,1175.1,1,4.363,1,34.38,1
5905619,2025-12-22T01:14:04Z,1,-47.26419,151.75058,1,1176.75,1,34.38,1,4.347,1,1176.75,1,4.347,1,34.38,1
5905619,2025-12-22T01:14:04Z,1,-47.26419,151.75058,1,1178.85,1,34.383,1,4.355,1,1178.85,1,4.355,1,34.383,1
5905619,2025-12-22T01:14:04Z,1,-47.26419,151.75058,1,1180.95,1,34.385,1,4.358,1,1180.95,1,4.358,1,34.385,1
5905619,2025-12-22T01:14:04Z,1,-47.26419,151.75058,1,1183.1,1,34.387,1,4.357,1,1183.1,1,4.357,1,34.387,1
5905619,2025-12-22T01:14:04Z,1,-47.26419,151.75058,1,1185.2,1,34.387,1,4.355,1,1185.2,1,4.355,1,34.387,1
5905619,2025-12-22T01:14:04Z,1,-47.26419,151.75058,1,1186.85,1,34.385,1,4.34,1,1186.85,1,4.34,1,34.385,1
5905619,2025-12-22T01:14:04Z,1,-47.26419,151.75058,1,1188.95,1,34.385,1,4.324,1,1188.95,1,4.324,1,34.385,1
5905619,2025-12-22T01:14:04Z,1,-47.26419,151.75058,1,1191.05,1,34.382,1,4.287,1,1191.05,1,4.287,1,34.382,1
5905619,2025-12-22T01:14:04Z,1,-47.26419,151.75058,1,1193.1,1,34.381,1,4.275,1,1193.1,1,4.275,1,34.381,1
5905619,2025-12-22T01:14:04Z,1,-47.26419,151.75058,1,1195.2,1,34.38,1,4.246,1,1195.2,1,4.246,1,34.38,1
5905619,2025-12-22T01:14:04Z,1,-47.26419,151.75058,1,1196.85,1,34.38,1,4.234,1,1196.85,1,4.234,1,34.38,1
5905619,2025-12-22T01:14:04Z,1,-47.26419,151.75058,1,1198.95,1,34.382,1,4.237,1,1198.95,1,4.237,1,34.382,1
5905619,2025-12-22T01:14:04Z,1,-47.26419,151.75058,1,1201.1,1,34.385,1,4.225,1,1201.1,1,4.225,1,34.385,1
5905619,2025-12-22T01:14:04Z,1,-47.26419,151.75058,1,1202.75,1,34.382,1,4.188,1,1202.75,1,4.188,1,34.382,1
5905619,2025-12-22T01:14:04Z,1,-47.26419,151.75058,1,1204.85,1,34.381,1,4.174,1,1204.85,1,4.174,1,34.381,1
5905619,2025-12-22T01:14:04Z,1,-47.26419,151.75058,1,1206.95,1,34.378,1,4.149,1,1206.95,1,4.149,1,34.378,1
5905619,2025-12-22T01:14:04Z,1,-47.26419,151.75058,1,1209.1,1,34.374,1,4.102,1,1209.1,1,4.102,1,34.374,1
5905619,2025-12-22T01:14:04Z,1,-47.26419,151.75058,1,1211.2,1,34.373,1,4.076,1,1211.2,1,4.076,1,34.373,1
5905619,2025-12-22T01:14:04Z,1,-47.26419,151.75058,1,1212.85,1,34.371,1,4.07,1,1212.85,1,4.07,1,34.371,1
5905619,2025-12-22T01:14:04Z,1,-47.26419,151.75058,1,1214.9,1,34.371,1,4.061,1,1214.9,1,4.061,1,34.371,1
5905619,2025-12-22T01:14:04Z,1,-47.26419,151.75058,1,1216.9,1,34.371,1,4.059,1,1216.9,1,4.059,1,34.371,1
5905619,2025-12-22T01:14:04Z,1,-47.26419,151.75058,1,1218.95,1,34.374,1,4.054,1,1218.95,1,4.054,1,34.374,1
5905619,2025-12-22T01:14:04Z,1,-47.26419,151.75058,1,1221.0,1,34.375,1,4.053,1,1221.0,1,4.053,1,34.375,1
5905619,2025-12-22T01:14:04Z,1,-47.26419,151.75058,1,1223.1,1,34.377,1,4.045,1,1223.1,1,4.045,1,34.377,1
5905619,2025-12-22T01:14:04Z,1,-47.26419,151.75058,1,1225.2,1,34.378,1,4.038,1,1225.2,1,4.038,1,34.378,1
5905619,2025-12-22T01:14:04Z,1,-47.26419,151.75058,1,1226.9,1,34.378,1,4.038,1,1226.9,1,4.038,1,34.378,1
5905619,2025-12-22T01:14:04Z,1,-47.26419,151.75058,1,1229.0,1,34.379,1,4.035,1,1229.0,1,4.035,1,34.379,1
5905619,2025-12-22T01:14:04Z,1,-47.26419,151.75058,1,1231.15,1,34.379,1,4.032,1,1231.15,1,4.032,1,34.379,1
5905619,2025-12-22T01:14:04Z,1,-47.26419,151.75058,1,1232.85,1,34.38,1,4.03,1,1232.85,1,4.03,1,34.38,1
5905619,2025-12-22T01:14:04Z,1,-47.26419,151.75058,1,1234.95,1,34.38,1,4.029,1,1234.95,1,4.029,1,34.38,1
5905619,2025-12-22T01:14:04Z,1,-47.26419,151.75058,1,1237.1,1,34.381,1,4.024,1,1237.1,1,4.024,1,34.381,1
5905619,2025-12-22T01:14:04Z,1,-47.26419,151.75058,1,1238.75,1,34.381,1,4.023,1,1238.75,1,4.023,1,34.381,1
5905619,2025-12-22T01:14:04Z,1,-47.26419,151.75058,1,1240.85,1,34.381,1,4.021,1,1240.85,1,4.021,1,34.381,1
5905619,2025-12-22T01:14:04Z,1,-47.26419,151.75058,1,1242.9,1,34.382,1,4.015,1,1242.9,1,4.015,1,34.382,1
5905619,2025-12-22T01:14:04Z,1,-47.26419,151.75058,1,1244.95,1,34.382,1,4.011,1,1244.95,1,4.011,1,34.382,1
5905619,2025-12-22T01:14:04Z,1,-47.26419,151.75058,1,1247.05,1,34.382,1,4.005,1,1247.05,1,4.005,1,34.382,1
5905619,2025-12-22T01:14:04Z,1,-47.26419,151.75058,1,1249.1,1,34.382,1,3.999,1,1249.1,1,3.999,1,34.382,1
5905619,2025-12-22T01:14:04Z,1,-47.26419,151.75058,1,1251.2,1,34.383,1,3.993,1,1251.2,1,3.993,1,34.383,1
5905619,2025-12-22T01:14:04Z,1,-47.26419,151.75058,1,1252.85,1,34.383,1,3.993,1,1252.85,1,3.993,1,34.383,1
5905619,2025-12-22T01:14:04Z,1,-47.26419,151.75058,1,1255.0,1,34.383,1,3.991,1,1255.0,1,3.991,1,34.383,1
5905619,2025-12-22T01:14:04Z,1,-47.26419,151.75058,1,1257.1,1,34.383,1,3.986,1,1257.1,1,3.986,1,34.383,1
5905619,2025-12-22T01:14:04Z,1,-47.26419,151.75058,1,1258.85,1,34.384,1,3.971,1,1258.85,1,3.971,1,34.384,1
5905619,2025-12-22T01:14:04Z,1,-47.26419,151.75058,1,1261.05,1,34.385,1,3.964,1,1261.05,1,3.964,1,34.385,1
5905619,2025-12-22T01:14:04Z,1,-47.26419,151.75058,1,1263.25,1,34.385,1,3.962,1,1263.25,1,3.962,1,34.385,1
5905619,2025-12-22T01:14:04Z,1,-47.26419,151.75058,1,1265.0,1,34.385,1,3.961,1,1265.0,1,3.961,1,34.385,1
5905619,2025-12-22T01:14:04Z,1,-47.26419,151.75058,1,1266.8,1,34.385,1,3.958,1,1266.8,1,3.958,1,34.385,1
5905619,2025-12-22T01:14:04Z,1,-47.26419,151.75058,1,1269.05,1,34.386,1,3.95,1,1269.05,1,3.95,1,34.386,1
5905619,2025-12-22T01:14:04Z,1,-47.26419,151.75058,1,1271.25,1,34.386,1,3.943,1,1271.25,1,3.943,1,34.386,1
5905619,2025-12-22T01:14:04Z,1,-47.26419,151.75058,1,1273.0,1,34.386,1,3.939,1,1273.0,1,3.939,1,34.386,1
5905619,2025-12-22T01:14:04Z,1,-47.26419,151.75058,1,1274.7,1,34.387,1,3.922,1,1274.7,1,3.922,1,34.387,1
5905619,2025-12-22T01:14:04Z,1,-47.26419,151.75058,1,1277.0,1,34.389,1,3.898,1,1277.0,1,3.898,1,34.389,1
5905619,2025-12-22T01:14:04Z,1,-47.26419,151.75058,1,1279.2,1,34.391,1,3.887,1,1279.2,1,3.887,1,34.391,1
5905619,2025-12-22T01:14:04Z,1,-47.26419,151.75058,1,1281.0,1,34.391,1,3.885,1,1281.0,1,3.885,1,34.391,1
5905619,2025-12-22T01:14:04Z,1,-47.26419,151.75058,1,1282.75,1,34.391,1,3.882,1,1282.75,1,3.882,1,34.391,1
5905619,2025-12-22T01:14:04Z,1,-47.26419,151.75058,1,1284.95,1,34.392,1,3.876,1,1284.95,1,3.876,1,34.392,1
5905619,2025-12-22T01:14:04Z,1,-47.26419,151.75058,1,1287.2,1,34.392,1,3.873,1,1287.2,1,3.873,1,34.392,1
5905619,2025-12-22T01:14:04Z,1,-47.26419,151.75058,1,1289.0,1,34.392,1,3.872,1,1289.0,1,3.872,1,34.392,1
5905619,2025-12-22T01:14:04Z,1,-47.26419,151.75058,1,1290.8,1,34.393,1,3.865,1,1290.8,1,3.865,1,34.393,1
5905619,2025-12-22T01:14:04Z,1,-47.26419,151.75058,1,1292.65,1,34.393,1,3.865,1,1292.65,1,3.865,1,34.393,1
5905619,2025-12-22T01:14:04Z,1,-47.26419,151.75058,1,1294.95,1,34.394,1,3.859,1,1294.95,1,3.859,1,34.394,1
5905619,2025-12-22T01:14:04Z,1,-47.26419,151.75058,1,1297.25,1,34.395,1,3.853,1,1297.25,1,3.853,1,34.395,1
5905619,2025-12-22T01:14:04Z,1,-47.26419,151.75058,1,1299.15,1,34.396,1,3.848,1,1299.15,1,3.848,1,34.396,1
5905619,2025-12-22T01:14:04Z,1,-47.26419,151.75058,1,1301.05,1,34.396,1,3.849,1,1301.05,1,3.849,1,34.396,1
5905619,2025-12-22T01:14:04Z,1,-47.26419,151.75058,1,1302.95,1,34.398,1,3.848,1,1302.95,1,3.848,1,34.398,1
5905619,2025-12-22T01:14:04Z,1,-47.26419,151.75058,1,1304.85,1,34.399,1,3.842,1,1304.85,1,3.842,1,34.399,1
5905619,2025-12-22T01:14:04Z,1,-47.26419,151.75058,1,1306.8,1,34.4,1,3.829,1,1306.8,1,3.829,1,34.4,1
5905619,2025-12-22T01:14:04Z,1,-47.26419,151.75058,1,1308.7,1,34.4,1,3.825,1,1308.7,1,3.825,1,34.4,1
5905619,2025-12-22T01:14:04Z,1,-47.26419,151.75058,1,1310.65,1,34.4,1,3.823,1,1310.65,1,3.823,1,34.4,1
5905619,2025-12-22T01:14:04Z,1,-47.26419,151.75058,1,1312.6,1,34.402,1,3.819,1,1312.6,1,3.819,1,34.402,1
5905619,2025-12-22T01:14:04Z,1,-47.26419,151.75058,1,1314.6,1,34.404,1,3.822,1,1314.6,1,3.822,1,34.404,1
5905619,2025-12-22T01:14:04Z,1,-47.26419,151.75058,1,1316.6,1,34.404,1,3.821,1,1316.6,1,3.821,1,34.404,1
5905619,2025-12-22T01:14:04Z,1,-47.26419,151.75058,1,1318.55,1,34.405,1,3.797,1,1318.55,1,3.797,1,34.405,1
5905619,2025-12-22T01:14:04Z,1,-47.26419,151.75058,1,1320.55,1,34.405,1,3.786,1,1320.55,1,3.786,1,34.405,1
5905619,2025-12-22T01:14:04Z,1,-47.26419,151.75058,1,1322.6,1,34.406,1,3.783,1,1322.6,1,3.783,1,34.406,1
5905619,2025-12-22T01:14:04Z,1,-47.26419,151.75058,1,1324.6,1,34.406,1,3.78,1,1324.6,1,3.78,1,34.406,1
5905619,2025-12-22T01:14:04Z,1,-47.26419,151.75058,1,1326.6,1,34.406,1,3.78,1,1326.6,1,3.78,1,34.406,1
5905619,2025-12-22T01:14:04Z,1,-47.26419,151.75058,1,1328.6,1,34.406,1,3.777,1,1328.6,1,3.777,1,34.406,1
5905619,2025-12-22T01:14:04Z,1,-47.26419,151.75058,1,1330.65,1,34.407,1,3.764,1,1330.65,1,3.764,1,34.407,1
5905619,2025-12-22T01:14:04Z,1,-47.26419,151.75058,1,1332.65,1,34.409,1,3.753,1,1332.65,1,3.753,1,34.409,1
5905619,2025-12-22T01:14:04Z,1,-47.26419,151.75058,1,1334.65,1,34.41,1,3.745,1,1334.65,1,3.745,1,34.41,1
5905619,2025-12-22T01:14:04Z,1,-47.26419,151.75058,1,1336.7,1,34.41,1,3.743,1,1336.7,1,3.743,1,34.41,1
5905619,2025-12-22T01:14:04Z,1,-47.26419,151.75058,1,1338.65,1,34.41,1,3.743,1,1338.65,1,3.743,1,34.41,1
5905619,2025-12-22T01:14:04Z,1,-47.26419,151.75058,1,1340.7,1,34.41,1,3.737,1,1340.7,1,3.737,1,34.41,1
5905619,2025-12-22T01:14:04Z,1,-47.26419,151.75058,1,1342.7,1,34.411,1,3.734,1,1342.7,1,3.734,1,34.411,1
5905619,2025-12-22T01:14:04Z,1,-47.26419,151.75058,1,1344.65,1,34.411,1,3.729,1,1344.65,1,3.729,1,34.411,1
5905619,2025-12-22T01:14:04Z,1,-47.26419,151.75058,1,1346.8,1,34.412,1,3.724,1,1346.8,1,3.724,1,34.412,1
5905619,2025-12-22T01:14:04Z,1,-47.26419,151.75058,1,1349.1,1,34.414,1,3.709,1,1349.1,1,3.709,1,34.414,1
5905619,2025-12-22T01:14:04Z,1,-47.26419,151.75058,1,1351.05,1,34.414,1,3.693,1,1351.05,1,3.693,1,34.414,1
5905619,2025-12-22T01:14:04Z,1,-47.26419,151.75058,1,1353.0,1,34.414,1,3.677,1,1353.0,1,3.677,1,34.414,1
5905619,2025-12-22T01:14:04Z,1,-47.26419,151.75058,1,1354.9,1,34.413,1,3.673,1,1354.9,1,3.673,1,34.413,1
5905619,2025-12-22T01:14:04Z,1,-47.26419,151.75058,1,1356.85,1,34.414,1,3.672,1,1356.85,1,3.672,1,34.414,1
5905619,2025-12-22T01:14:04Z,1,-47.26419,151.75058,1,1359.15,1,34.414,1,3.663,1,1359.15,1,3.663,1,34.414,1
5905619,2025-12-22T01:14:04Z,1,-47.26419,151.75058,1,1361.1,1,34.415,1,3.661,1,1361.1,1,3.661,1,34.415,1
5905619,2025-12-22T01:14:04Z,1,-47.26419,151.75058,1,1363.1,1,34.415,1,3.654,1,1363.1,1,3.654,1,34.415,1
5905619,2025-12-22T01:14:04Z,1,-47.26419,151.75058,1,1365.1,1,34.416,1,3.639,1,1365.1,1,3.639,1,34.416,1
5905619,2025-12-22T01:14:04Z,1,-47.26419,151.75058,1,1367.05,1,34.417,1,3.634,1,1367.05,1,3.634,1,34.417,1
5905619,2025-12-22T01:14:04Z,1,-47.26419,151.75058,1,1369.05,1,34.418,1,3.618,1,1369.05,1,3.618,1,34.418,1
5905619,2025-12-22T01:14:04Z,1,-47.26419,151.75058,1,1371.0,1,34.419,1,3.61,1,1371.0,1,3.61,1,34.419,1
5905619,2025-12-22T01:14:04Z,1,-47.26419,151.75058,1,1372.95,1,34.419,1,3.603,1,1372.95,1,3.603,1,34.419,1
5905619,2025-12-22T01:14:04Z,1,-47.26419,151.75058,1,1374.95,1,34.42,1,3.596,1,1374.95,1,3.596,1,34.42,1
5905619,2025-12-22T01:14:04Z,1,-47.26419,151.75058,1,1376.9,1,34.421,1,3.581,1,1376.9,1,3.581,1,34.421,1
5905619,2025-12-22T01:14:04Z,1,-47.26419,151.75058,1,1378.95,1,34.422,1,3.566,1,1378.95,1,3.566,1,34.422,1
5905619,2025-12-22T01:14:04Z,1,-47.26419,151.75058,1,1380.95,1,34.423,1,3.558,1,1380.95,1,3.558,1,34.423,1
5905619,2025-12-22T01:14:04Z,1,-47.26419,151.75058,1,1382.95,1,34.423,1,3.554,1,1382.95,1,3.554,1,34.423,1
5905619,2025-12-22T01:14:04Z,1,-47.26419,151.75058,1,1384.95,1,34.424,1,3.551,1,1384.95,1,3.551,1,34.424,1
5905619,2025-12-22T01:14:04Z,1,-47.26419,151.75058,1,1387.0,1,34.425,1,3.543,1,1387.0,1,3.543,1,34.425,1
5905619,2025-12-22T01:14:04Z,1,-47.26419,151.75058,1,1389.0,1,34.425,1,3.537,1,1389.0,1,3.537,1,34.425,1
5905619,2025-12-22T01:14:04Z,1,-47.26419,151.75058,1,1390.95,1,34.427,1,3.527,1,1390.95,1,3.527,1,34.427,1
5905619,2025-12-22T01:14:04Z,1,-47.26419,151.75058,1,1392.95,1,34.428,1,3.519,1,1392.95,1,3.519,1,34.428,1
5905619,2025-12-22T01:14:04Z,1,-47.26419,151.75058,1,1394.9,1,34.428,1,3.516,1,1394.9,1,3.516,1,34.428,1
5905619,2025-12-22T01:14:04Z,1,-47.26419,151.75058,1,1396.9,1,34.428,1,3.517,1,1396.9,1,3.517,1,34.428,1
5905619,2025-12-22T01:14:04Z,1,-47.26419,151.75058,1,1398.9,1,34.429,1,3.51,1,1398.9,1,3.51,1,34.429,1
5905619,2025-12-22T01:14:04Z,1,-47.26419,151.75058,1,1400.9,1,34.429,1,3.508,1,1400.9,1,3.508,1,34.429,1
5905619,2025-12-22T01:14:04Z,1,-47.26419,151.75058,1,1402.95,1,34.429,1,3.502,1,1402.95,1,3.502,1,34.429,1
5905619,2025-12-22T01:14:04Z,1,-47.26419,151.75058,1,1404.95,1,34.432,1,3.486,1,1404.95,1,3.486,1,34.432,1
5905619,2025-12-22T01:14:04Z,1,-47.26419,151.75058,1,1406.95,1,34.432,1,3.474,1,1406.95,1,3.474,1,34.432,1
5905619,2025-12-22T01:14:04Z,1,-47.26419,151.75058,1,1408.95,1,34.432,1,3.458,1,1408.95,1,3.458,1,34.432,1
5905619,2025-12-22T01:14:04Z,1,-47.26419,151.75058,1,1410.95,1,34.433,1,3.441,1,1410.95,1,3.441,1,34.433,1
5905619,2025-12-22T01:14:04Z,1,-47.26419,151.75058,1,1412.9,1,34.434,1,3.432,1,1412.9,1,3.432,1,34.434,1
5905619,2025-12-22T01:14:04Z,1,-47.26419,151.75058,1,1414.95,1,34.435,1,3.428,1,1414.95,1,3.428,1,34.435,1
5905619,2025-12-22T01:14:04Z,1,-47.26419,151.75058,1,1417.0,1,34.436,1,3.417,1,1417.0,1,3.417,1,34.436,1
5905619,2025-12-22T01:14:04Z,1,-47.26419,151.75058,1,1419.05,1,34.437,1,3.402,1,1419.05,1,3.402,1,34.437,1
5905619,2025-12-22T01:14:04Z,1,-47.26419,151.75058,1,1421.05,1,34.437,1,3.389,1,1421.05,1,3.389,1,34.437,1
5905619,2025-12-22T01:14:04Z,1,-47.26419,151.75058,1,1423.1,1,34.439,1,3.367,1,1423.1,1,3.367,1,34.439,1
5905619,2025-12-22T01:14:04Z,1,-47.26419,151.75058,1,1425.1,1,34.44,1,3.354,1,1425.1,1,3.354,1,34.44,1
5905619,2025-12-22T01:14:04Z,1,-47.26419,151.75058,1,1427.15,1,34.441,1,3.348,1,1427.15,1,3.348,1,34.441,1
5905619,2025-12-22T01:14:04Z,1,-47.26419,151.75058,1,1429.2,1,34.442,1,3.342,1,1429.2,1,3.342,1,34.442,1
5905619,2025-12-22T01:14:04Z,1,-47.26419,151.75058,1,1431.15,1,34.442,1,3.339,1,1431.15,1,3.339,1,34.442,1
5905619,2025-12-22T01:14:04Z,1,-47.26419,151.75058,1,1433.2,1,34.445,1,3.331,1,1433.2,1,3.331,1,34.445,1
5905619,2025-12-22T01:14:04Z,1,-47.26419,151.75058,1,1434.85,1,34.448,1,3.323,1,1434.85,1,3.323,1,34.448,1
5905619,2025-12-22T01:14:04Z,1,-47.26419,151.75058,1,1436.9,1,34.45,1,3.313,1,1436.9,1,3.313,1,34.45,1
5905619,2025-12-22T01:14:04Z,1,-47.26419,151.75058,1,1438.95,1,34.453,1,3.3,1,1438.95,1,3.3,1,34.453,1
5905619,2025-12-22T01:14:04Z,1,-47.26419,151.75058,1,1441.0,1,34.453,1,3.297,1,1441.0,1,3.297,1,34.453,1
5905619,2025-12-22T01:14:04Z,1,-47.26419,151.75058,1,1443.1,1,34.453,1,3.295,1,1443.1,1,3.295,1,34.453,1
5905619,2025-12-22T01:14:04Z,1,-47.26419,151.75058,1,1445.15,1,34.453,1,3.293,1,1445.15,1,3.293,1,34.453,1
5905619,2025-12-22T01:14:04Z,1,-47.26419,151.75058,1,1447.2,1,34.454,1,3.291,1,1447.2,1,3.291,1,34.454,1
5905619,2025-12-22T01:14:04Z,1,-47.26419,151.75058,1,1448.85,1,34.454,1,3.29,1,1448.85,1,3.29,1,34.454,1
5905619,2025-12-22T01:14:04Z,1,-47.26419,151.75058,1,1450.95,1,34.454,1,3.289,1,1450.95,1,3.289,1,34.454,1
5905619,2025-12-22T01:14:04Z,1,-47.26419,151.75058,1,1453.0,1,34.455,1,3.287,1,1453.0,1,3.287,1,34.455,1
5905619,2025-12-22T01:14:04Z,1,-47.26419,151.75058,1,1455.0,1,34.455,1,3.286,1,1455.0,1,3.286,1,34.455,1
5905619,2025-12-22T01:14:04Z,1,-47.26419,151.75058,1,1457.05,1,34.455,1,3.285,1,1457.05,1,3.285,1,34.455,1
5905619,2025-12-22T01:14:04Z,1,-47.26419,151.75058,1,1459.05,1,34.456,1,3.278,1,1459.05,1,3.278,1,34.456,1
5905619,2025-12-22T01:14:04Z,1,-47.26419,151.75058,1,1461.1,1,34.457,1,3.267,1,1461.1,1,3.267,1,34.457,1
5905619,2025-12-22T01:14:04Z,1,-47.26419,151.75058,1,1463.1,1,34.456,1,3.259,1,1463.1,1,3.259,1,34.456,1
5905619,2025-12-22T01:14:04Z,1,-47.26419,151.75058,1,1465.15,1,34.457,1,3.258,1,1465.15,1,3.258,1,34.457,1
5905619,2025-12-22T01:14:04Z,1,-47.26419,151.75058,1,1466.8,1,34.457,1,3.256,1,1466.8,1,3.256,1,34.457,1
5905619,2025-12-22T01:14:04Z,1,-47.26419,151.75058,1,1468.9,1,34.459,1,3.251,1,1468.9,1,3.251,1,34.459,1
5905619,2025-12-22T01:14:04Z,1,-47.26419,151.75058,1,1471.05,1,34.463,1,3.238,1,1471.05,1,3.238,1,34.463,1
5905619,2025-12-22T01:14:04Z,1,-47.26419,151.75058,1,1473.15,1,34.464,1,3.235,1,1473.15,1,3.235,1,34.464,1
5905619,2025-12-22T01:14:04Z,1,-47.26419,151.75058,1,1475.25,1,34.464,1,3.235,1,1475.25,1,3.235,1,34.464,1
5905619,2025-12-22T01:14:04Z,1,-47.26419,151.75058,1,1476.95,1,34.464,1,3.232,1,1476.95,1,3.232,1,34.464,1
5905619,2025-12-22T01:14:04Z,1,-47.26419,151.75058,1,1479.05,1,34.466,1,3.227,1,1479.05,1,3.227,1,34.466,1
5905619,2025-12-22T01:14:04Z,1,-47.26419,151.75058,1,1481.15,1,34.467,1,3.222,1,1481.15,1,3.222,1,34.467,1
5905619,2025-12-22T01:14:04Z,1,-47.26419,151.75058,1,1482.85,1,34.467,1,3.221,1,1482.85,1,3.221,1,34.467,1
5905619,2025-12-22T01:14:04Z,1,-47.26419,151.75058,1,1485.0,1,34.469,1,3.216,1,1485.0,1,3.216,1,34.469,1
5905619,2025-12-22T01:14:04Z,1,-47.26419,151.75058,1,1487.2,1,34.469,1,3.211,1,1487.2,1,3.211,1,34.469,1
5905619,2025-12-22T01:14:04Z,1,-47.26419,151.75058,1,1488.95,1,34.47,1,3.208,1,1488.95,1,3.208,1,34.47,1
5905619,2025-12-22T01:14:04Z,1,-47.26419,151.75058,1,1491.1,1,34.47,1,3.205,1,1491.1,1,3.205,1,34.47,1
5905619,2025-12-22T01:14:04Z,1,-47.26419,151.75058,1,1493.25,1,34.471,1,3.198,1,1493.25,1,3.198,1,34.471,1
5905619,2025-12-22T01:14:04Z,1,-47.26419,151.75058,1,1494.95,1,34.472,1,3.191,1,1494.95,1,3.191,1,34.472,1
5905619,2025-12-22T01:14:04Z,1,-47.26419,151.75058,1,1496.75,1,34.472,1,3.178,1,1496.75,1,3.178,1,34.472,1
5905619,2025-12-22T01:14:04Z,1,-47.26419,151.75058,1,1499.0,1,34.472,1,3.158,1,1499.0,1,3.158,1,34.472,1
5905619,2025-12-22T01:14:04Z,1,-47.26419,151.75058,1,1501.25,1,34.474,1,3.154,1,1501.25,1,3.154,1,34.474,1
5905619,2025-12-22T01:14:04Z,1,-47.26419,151.75058,1,1503.05,1,34.475,1,3.143,1,1503.05,1,3.143,1,34.475,1
5905619,2025-12-22T01:14:04Z,1,-47.26419,151.75058,1,1504.8,1,34.474,1,3.135,1,1504.8,1,3.135,1,34.474,1
5905619,2025-12-22T01:14:04Z,1,-47.26419,151.75058,1,1507.0,1,34.474,1,3.13,1,1507.0,1,3.13,1,34.474,1
5905619,2025-12-22T01:14:04Z,1,-47.26419,151.75058,1,1509.2,1,34.476,1,3.123,1,1509.2,1,3.123,1,34.476,1
5905619,2025-12-22T01:14:04Z,1,-47.26419,151.75058,1,1511.0,1,34.477,1,3.116,1,1511.0,1,3.116,1,34.477,1
5905619,2025-12-22T01:14:04Z,1,-47.26419,151.75058,1,1512.75,1,34.478,1,3.11,1,1512.75,1,3.11,1,34.478,1
5905619,2025-12-22T01:14:04Z,1,-47.26419,151.75058,1,1515.0,1,34.478,1,3.106,1,1515.0,1,3.106,1,34.478,1
5905619,2025-12-22T01:14:04Z,1,-47.26419,151.75058,1,1517.3,1,34.479,1,3.101,1,1517.3,1,3.101,1,34.479,1
5905619,2025-12-22T01:14:04Z,1,-47.26419,151.75058,1,1519.15,1,34.479,1,3.1,1,1519.15,1,3.1,1,34.479,1
5905619,2025-12-22T01:14:04Z,1,-47.26419,151.75058,1,1521.0,1,34.479,1,3.092,1,1521.0,1,3.092,1,34.479,1
5905619,2025-12-22T01:14:04Z,1,-47.26419,151.75058,1,1522.9,1,34.479,1,3.086,1,1522.9,1,3.086,1,34.479,1
5905619,2025-12-22T01:14:04Z,1,-47.26419,151.75058,1,1524.75,1,34.479,1,3.08,1,1524.75,1,3.08,1,34.479,1
5905619,2025-12-22T01:14:04Z,1,-47.26419,151.75058,1,1526.65,1,34.48,1,3.067,1,1526.65,1,3.067,1,34.48,1
5905619,2025-12-22T01:14:04Z,1,-47.26419,151.75058,1,1529.0,1,34.483,1,3.067,1,1529.0,1,3.067,1,34.483,1
5905619,2025-12-22T01:14:04Z,1,-47.26419,151.75058,1,1531.4,1,34.485,1,3.069,1,1531.4,1,3.069,1,34.485,1
5905619,2025-12-22T01:14:04Z,1,-47.26419,151.75058,1,1533.35,1,34.486,1,3.073,1,1533.35,1,3.073,1,34.486,1
5905619,2025-12-22T01:14:04Z,1,-47.26419,151.75058,1,1535.35,1,34.486,1,3.07,1,1535.35,1,3.07,1,34.486,1
5905619,2025-12-22T01:14:04Z,1,-47.26419,151.75058,1,1537.3,1,34.487,1,3.062,1,1537.3,1,3.062,1,34.487,1
5905619,2025-12-22T01:14:04Z,1,-47.26419,151.75058,1,1539.25,1,34.489,1,3.057,1,1539.25,1,3.057,1,34.489,1
5905619,2025-12-22T01:14:04Z,1,-47.26419,151.75058,1,1541.2,1,34.49,1,3.049,1,1541.2,1,3.049,1,34.49,1
5905619,2025-12-22T01:14:04Z,1,-47.26419,151.75058,1,1543.15,1,34.49,1,3.048,1,1543.15,1,3.048,1,34.49,1
5905619,2025-12-22T01:14:04Z,1,-47.26419,151.75058,1,1545.1,1,34.49,1,3.047,1,1545.1,1,3.047,1,34.49,1
5905619,2025-12-22T01:14:04Z,1,-47.26419,151.75058,1,1547.0,1,34.49,1,3.043,1,1547.0,1,3.043,1,34.49,1
5905619,2025-12-22T01:14:04Z,1,-47.26419,151.75058,1,1548.95,1,34.491,1,3.03,1,1548.95,1,3.03,1,34.491,1
5905619,2025-12-22T01:14:04Z,1,-47.26419,151.75058,1,1551.2,1,34.493,1,3.02,1,1551.2,1,3.02,1,34.493,1
5905619,2025-12-22T01:14:04Z,1,-47.26419,151.75058,1,1553.05,1,34.493,1,3.019,1,1553.05,1,3.019,1,34.493,1
5905619,2025-12-22T01:14:04Z,1,-47.26419,151.75058,1,1555.0,1,34.495,1,3.012,1,1555.0,1,3.012,1,34.495,1
5905619,2025-12-22T01:14:04Z,1,-47.26419,151.75058,1,1557.0,1,34.497,1,3.002,1,1557.0,1,3.002,1,34.497,1
5905619,2025-12-22T01:14:04Z,1,-47.26419,151.75058,1,1559.0,1,34.498,1,2.997,1,1559.0,1,2.997,1,34.498,1
5905619,2025-12-22T01:14:04Z,1,-47.26419,151.75058,1,1560.95,1,34.498,1,2.994,1,1560.95,1,2.994,1,34.498,1
5905619,2025-12-22T01:14:04Z,1,-47.26419,151.75058,1,1563.0,1,34.501,1,2.987,1,1563.0,1,2.987,1,34.501,1
5905619,2025-12-22T01:14:04Z,1,-47.26419,151.75058,1,1565.0,1,34.502,1,2.982,1,1565.0,1,2.982,1,34.502,1
5905619,2025-12-22T01:14:04Z,1,-47.26419,151.75058,1,1567.0,1,34.503,1,2.979,1,1567.0,1,2.979,1,34.503,1
5905619,2025-12-22T01:14:04Z,1,-47.26419,151.75058,1,1569.0,1,34.503,1,2.979,1,1569.0,1,2.979,1,34.503,1
5905619,2025-12-22T01:14:04Z,1,-47.26419,151.75058,1,1571.05,1,34.504,1,2.979,1,1571.05,1,2.979,1,34.504,1
5905619,2025-12-22T01:14:04Z,1,-47.26419,151.75058,1,1573.05,1,34.505,1,2.977,1,1573.05,1,2.977,1,34.505,1
5905619,2025-12-22T01:14:04Z,1,-47.26419,151.75058,1,1575.05,1,34.506,1,2.971,1,1575.05,1,2.971,1,34.506,1
5905619,2025-12-22T01:14:04Z,1,-47.26419,151.75058,1,1577.1,1,34.507,1,2.967,1,1577.1,1,2.967,1,34.507,1
5905619,2025-12-22T01:14:04Z,1,-47.26419,151.75058,1,1579.15,1,34.51,1,2.976,1,1579.15,1,2.976,1,34.51,1
5905619,2025-12-22T01:14:04Z,1,-47.26419,151.75058,1,1581.15,1,34.513,1,2.974,1,1581.15,1,2.974,1,34.513,1
5905619,2025-12-22T01:14:04Z,1,-47.26419,151.75058,1,1582.85,1,34.515,1,2.969,1,1582.85,1,2.969,1,34.515,1
5905619,2025-12-22T01:14:04Z,1,-47.26419,151.75058,1,1584.9,1,34.516,1,2.964,1,1584.9,1,2.964,1,34.516,1
5905619,2025-12-22T01:14:04Z,1,-47.26419,151.75058,1,1586.95,1,34.518,1,2.958,1,1586.95,1,2.958,1,34.518,1
5905619,2025-12-22T01:14:04Z,1,-47.26419,151.75058,1,1589.1,1,34.52,1,2.953,1,1589.1,1,2.953,1,34.52,1
5905619,2025-12-22T01:14:04Z,1,-47.26419,151.75058,1,1591.25,1,34.52,1,2.951,1,1591.25,1,2.951,1,34.52,1
5905619,2025-12-22T01:14:04Z,1,-47.26419,151.75058,1,1592.95,1,34.521,1,2.949,1,1592.95,1,2.949,1,34.521,1
5905619,2025-12-22T01:14:04Z,1,-47.26419,151.75058,1,1595.1,1,34.522,1,2.946,1,1595.1,1,2.946,1,34.522,1
5905619,2025-12-22T01:14:04Z,1,-47.26419,151.75058,1,1597.25,1,34.524,1,2.945,1,1597.25,1,2.945,1,34.524,1
5905619,2025-12-22T01:14:04Z,1,-47.26419,151.75058,1,1598.95,1,34.527,1,2.949,1,1598.95,1,2.949,1,34.527,1
5905619,2025-12-22T01:14:04Z,1,-47.26419,151.75058,1,1601.1,1,34.527,1,2.949,1,1601.1,1,2.949,1,34.527,1
5905619,2025-12-22T01:14:04Z,1,-47.26419,151.75058,1,1603.25,1,34.527,1,2.949,1,1603.25,1,2.949,1,34.527,1
5905619,2025-12-22T01:14:04Z,1,-47.26419,151.75058,1,1604.95,1,34.528,1,2.95,1,1604.95,1,2.95,1,34.528,1
5905619,2025-12-22T01:14:04Z,1,-47.26419,151.75058,1,1607.1,1,34.528,1,2.949,1,1607.1,1,2.949,1,34.528,1
5905619,2025-12-22T01:14:04Z,1,-47.26419,151.75058,1,1609.25,1,34.53,1,2.942,1,1609.25,1,2.942,1,34.53,1
5905619,2025-12-22T01:14:04Z,1,-47.26419,151.75058,1,1611.0,1,34.532,1,2.943,1,1611.0,1,2.943,1,34.532,1
5905619,2025-12-22T01:14:04Z,1,-47.26419,151.75058,1,1613.1,1,34.533,1,2.938,1,1613.1,1,2.938,1,34.533,1
5905619,2025-12-22T01:14:04Z,1,-47.26419,151.75058,1,1615.2,1,34.533,1,2.93,1,1615.2,1,2.93,1,34.533,1
5905619,2025-12-22T01:14:04Z,1,-47.26419,151.75058,1,1616.9,1,34.535,1,2.919,1,1616.9,1,2.919,1,34.535,1
5905619,2025-12-22T01:14:04Z,1,-47.26419,151.75058,1,1619.0,1,34.534,1,2.905,1,1619.0,1,2.905,1,34.534,1
5905619,2025-12-22T01:14:04Z,1,-47.26419,151.75058,1,1621.15,1,34.535,1,2.9,1,1621.15,1,2.9,1,34.535,1
5905619,2025-12-22T01:14:04Z,1,-47.26419,151.75058,1,1622.8,1,34.535,1,2.897,1,1622.8,1,2.897,1,34.535,1
5905619,2025-12-22T01:14:04Z,1,-47.26419,151.75058,1,1624.95,1,34.535,1,2.895,1,1624.95,1,2.895,1,34.535,1
5905619,2025-12-22T01:14:04Z,1,-47.26419,151.75058,1,1627.05,1,34.536,1,2.894,1,1627.05,1,2.894,1,34.536,1
5905619,2025-12-22T01:14:04Z,1,-47.26419,151.75058,1,1628.8,1,34.538,1,2.89,1,1628.8,1,2.89,1,34.538,1
5905619,2025-12-22T01:14:04Z,1,-47.26419,151.75058,1,1630.95,1,34.54,1,2.882,1,1630.95,1,2.882,1,34.54,1
5905619,2025-12-22T01:14:04Z,1,-47.26419,151.75058,1,1633.05,1,34.539,1,2.882,1,1633.05,1,2.882,1,34.539,1
5905619,2025-12-22T01:14:04Z,1,-47.26419,151.75058,1,1634.75,1,34.54,1,2.879,1,1634.75,1,2.879,1,34.54,1
5905619,2025-12-22T01:14:04Z,1,-47.26419,151.75058,1,1636.85,1,34.54,1,2.876,1,1636.85,1,2.876,1,34.54,1
5905619,2025-12-22T01:14:04Z,1,-47.26419,151.75058,1,1639.0,1,34.54,1,2.876,1,1639.0,1,2.876,1,34.54,1
5905619,2025-12-22T01:14:04Z,1,-47.26419,151.75058,1,1640.75,1,34.54,1,2.872,1,1640.75,1,2.872,1,34.54,1
5905619,2025-12-22T01:14:04Z,1,-47.26419,151.75058,1,1642.9,1,34.54,1,2.87,1,1642.9,1,2.87,1,34.54,1
5905619,2025-12-22T01:14:04Z,1,-47.26419,151.75058,1,1645.05,1,34.54,1,2.866,1,1645.05,1,2.866,1,34.54,1
5905619,2025-12-22T01:14:04Z,1,-47.26419,151.75058,1,1647.15,1,34.54,1,2.862,1,1647.15,1,2.862,1,34.54,1
5905619,2025-12-22T01:14:04Z,1,-47.26419,151.75058,1,1649.25,1,34.541,1,2.861,1,1649.25,1,2.861,1,34.541,1
5905619,2025-12-22T01:14:04Z,1,-47.26419,151.75058,1,1650.95,1,34.541,1,2.86,1,1650.95,1,2.86,1,34.541,1
5905619,2025-12-22T01:14:04Z,1,-47.26419,151.75058,1,1653.05,1,34.543,1,2.855,1,1653.05,1,2.855,1,34.543,1
5905619,2025-12-22T01:14:04Z,1,-47.26419,151.75058,1,1655.15,1,34.544,1,2.851,1,1655.15,1,2.851,1,34.544,1
5905619,2025-12-22T01:14:04Z,1,-47.26419,151.75058,1,1656.8,1,34.544,1,2.849,1,1656.8,1,2.849,1,34.544,1
5905619,2025-12-22T01:14:04Z,1,-47.26419,151.75058,1,1658.9,1,34.545,1,2.841,1,1658.9,1,2.841,1,34.545,1
5905619,2025-12-22T01:14:04Z,1,-47.26419,151.75058,1,1660.95,1,34.547,1,2.83,1,1660.95,1,2.83,1,34.547,1
5905619,2025-12-22T01:14:04Z,1,-47.26419,151.75058,1,1663.0,1,34.548,1,2.827,1,1663.0,1,2.827,1,34.548,1
5905619,2025-12-22T01:14:04Z,1,-47.26419,151.75058,1,1665.1,1,34.549,1,2.821,1,1665.1,1,2.821,1,34.549,1
5905619,2025-12-22T01:14:04Z,1,-47.26419,151.75058,1,1666.75,1,34.549,1,2.82,1,1666.75,1,2.82,1,34.549,1
5905619,2025-12-22T01:14:04Z,1,-47.26419,151.75058,1,1668.85,1,34.549,1,2.819,1,1668.85,1,2.819,1,34.549,1
5905619,2025-12-22T01:14:04Z,1,-47.26419,151.75058,1,1670.9,1,34.549,1,2.819,1,1670.9,1,2.819,1,34.549,1
5905619,2025-12-22T01:14:04Z,1,-47.26419,151.75058,1,1672.95,1,34.55,1,2.818,1,1672.95,1,2.818,1,34.55,1
5905619,2025-12-22T01:14:04Z,1,-47.26419,151.75058,1,1675.0,1,34.551,1,2.818,1,1675.0,1,2.818,1,34.551,1
5905619,2025-12-22T01:14:04Z,1,-47.26419,151.75058,1,1677.05,1,34.551,1,2.817,1,1677.05,1,2.817,1,34.551,1
5905619,2025-12-22T01:14:04Z,1,-47.26419,151.75058,1,1679.05,1,34.551,1,2.815,1,1679.05,1,2.815,1,34.551,1
5905619,2025-12-22T01:14:04Z,1,-47.26419,151.75058,1,1681.1,1,34.553,1,2.813,1,1681.1,1,2.813,1,34.553,1
5905619,2025-12-22T01:14:04Z,1,-47.26419,151.75058,1,1683.1,1,34.554,1,2.809,1,1683.1,1,2.809,1,34.554,1
5905619,2025-12-22T01:14:04Z,1,-47.26419,151.75058,1,1685.1,1,34.554,1,2.807,1,1685.1,1,2.807,1,34.554,1
5905619,2025-12-22T01:14:04Z,1,-47.26419,151.75058,1,1687.15,1,34.555,1,2.805,1,1687.15,1,2.805,1,34.555,1
5905619,2025-12-22T01:14:04Z,1,-47.26419,151.75058,1,1689.1,1,34.556,1,2.804,1,1689.1,1,2.804,1,34.556,1
5905619,2025-12-22T01:14:04Z,1,-47.26419,151.75058,1,1691.1,1,34.556,1,2.805,1,1691.1,1,2.805,1,34.556,1
5905619,2025-12-22T01:14:04Z,1,-47.26419,151.75058,1,1693.1,1,34.558,1,2.803,1,1693.1,1,2.803,1,34.558,1
5905619,2025-12-22T01:14:04Z,1,-47.26419,151.75058,1,1695.1,1,34.559,1,2.796,1,1695.1,1,2.796,1,34.559,1
5905619,2025-12-22T01:14:04Z,1,-47.26419,151.75058,1,1697.1,1,34.559,1,2.793,1,1697.1,1,2.793,1,34.559,1
5905619,2025-12-22T01:14:04Z,1,-47.26419,151.75058,1,1699.1,1,34.56,1,2.79,1,1699.1,1,2.79,1,34.56,1
5905619,2025-12-22T01:14:04Z,1,-47.26419,151.75058,1,1701.1,1,34.56,1,2.79,1,1701.1,1,2.79,1,34.56,1
5905619,2025-12-22T01:14:04Z,1,-47.26419,151.75058,1,1703.1,1,34.561,1,2.79,1,1703.1,1,2.79,1,34.561,1
5905619,2025-12-22T01:14:04Z,1,-47.26419,151.75058,1,1705.1,1,34.561,1,2.79,1,1705.1,1,2.79,1,34.561,1
5905619,2025-12-22T01:14:04Z,1,-47.26419,151.75058,1,1707.1,1,34.561,1,2.79,1,1707.1,1,2.79,1,34.561,1
5905619,2025-12-22T01:14:04Z,1,-47.26419,151.75058,1,1709.15,1,34.562,1,2.787,1,1709.15,1,2.787,1,34.562,1
5905619,2025-12-22T01:14:04Z,1,-47.26419,151.75058,1,1711.2,1,34.563,1,2.786,1,1711.2,1,2.786,1,34.563,1
5905619,2025-12-22T01:14:04Z,1,-47.26419,151.75058,1,1712.8,1,34.563,1,2.784,1,1712.8,1,2.784,1,34.563,1
5905619,2025-12-22T01:14:04Z,1,-47.26419,151.75058,1,1714.85,1,34.564,1,2.782,1,1714.85,1,2.782,1,34.564,1
5905619,2025-12-22T01:14:04Z,1,-47.26419,151.75058,1,1716.9,1,34.565,1,2.776,1,1716.9,1,2.776,1,34.565,1
5905619,2025-12-22T01:14:04Z,1,-47.26419,151.75058,1,1718.9,1,34.568,1,2.77,1,1718.9,1,2.77,1,34.568,1
5905619,2025-12-22T01:14:04Z,1,-47.26419,151.75058,1,1720.95,1,34.569,1,2.767,1,1720.95,1,2.767,1,34.569,1
5905619,2025-12-22T01:14:04Z,1,-47.26419,151.75058,1,1723.05,1,34.57,1,2.766,1,1723.05,1,2.766,1,34.57,1
5905619,2025-12-22T01:14:04Z,1,-47.26419,151.75058,1,1725.1,1,34.57,1,2.765,1,1725.1,1,2.765,1,34.57,1
5905619,2025-12-22T01:14:04Z,1,-47.26419,151.75058,1,1726.75,1,34.57,1,2.763,1,1726.75,1,2.763,1,34.57,1
5905619,2025-12-22T01:14:04Z,1,-47.26419,151.75058,1,1728.85,1,34.571,1,2.761,1,1728.85,1,2.761,1,34.571,1
5905619,2025-12-22T01:14:04Z,1,-47.26419,151.75058,1,1730.95,1,34.572,1,2.758,1,1730.95,1,2.758,1,34.572,1
5905619,2025-12-22T01:14:04Z,1,-47.26419,151.75058,1,1733.0,1,34.574,1,2.753,1,1733.0,1,2.753,1,34.574,1
5905619,2025-12-22T01:14:04Z,1,-47.26419,151.75058,1,1735.1,1,34.577,1,2.748,1,1735.1,1,2.748,1,34.577,1
5905619,2025-12-22T01:14:04Z,1,-47.26419,151.75058,1,1736.8,1,34.577,1,2.747,1,1736.8,1,2.747,1,34.577,1
5905619,2025-12-22T01:14:04Z,1,-47.26419,151.75058,1,1738.95,1,34.578,1,2.741,1,1738.95,1,2.741,1,34.578,1
5905619,2025-12-22T01:14:04Z,1,-47.26419,151.75058,1,1741.1,1,34.578,1,2.738,1,1741.1,1,2.738,1,34.578,1
5905619,2025-12-22T01:14:04Z,1,-47.26419,151.75058,1,1742.85,1,34.578,1,2.736,1,1742.85,1,2.736,1,34.578,1
5905619,2025-12-22T01:14:04Z,1,-47.26419,151.75058,1,1745.05,1,34.578,1,2.734,1,1745.05,1,2.734,1,34.578,1
5905619,2025-12-22T01:14:04Z,1,-47.26419,151.75058,1,1747.35,1,34.578,1,2.73,1,1747.35,1,2.73,1,34.578,1
5905619,2025-12-22T01:14:04Z,1,-47.26419,151.75058,1,1749.15,1,34.578,1,2.727,1,1749.15,1,2.727,1,34.578,1
5905619,2025-12-22T01:14:04Z,1,-47.26419,151.75058,1,1751.0,1,34.579,1,2.723,1,1751.0,1,2.723,1,34.579,1
5905619,2025-12-22T01:14:04Z,1,-47.26419,151.75058,1,1752.8,1,34.58,1,2.72,1,1752.8,1,2.72,1,34.58,1
5905619,2025-12-22T01:14:04Z,1,-47.26419,151.75058,1,1755.1,1,34.582,1,2.723,1,1755.1,1,2.723,1,34.582,1
5905619,2025-12-22T01:14:04Z,1,-47.26419,151.75058,1,1757.35,1,34.583,1,2.723,1,1757.35,1,2.723,1,34.583,1
5905619,2025-12-22T01:14:04Z,1,-47.26419,151.75058,1,1759.25,1,34.584,1,2.722,1,1759.25,1,2.722,1,34.584,1
5905619,2025-12-22T01:14:04Z,1,-47.26419,151.75058,1,1761.1,1,34.583,1,2.721,1,1761.1,1,2.721,1,34.583,1
5905619,2025-12-22T01:14:04Z,1,-47.26419,151.75058,1,1762.95,1,34.583,1,2.721,1,1762.95,1,2.721,1,34.583,1
5905619,2025-12-22T01:14:04Z,1,-47.26419,151.75058,1,1764.75,1,34.584,1,2.718,1,1764.75,1,2.718,1,34.584,1
5905619,2025-12-22T01:14:04Z,1,-47.26419,151.75058,1,1767.05,1,34.585,1,2.712,1,1767.05,1,2.712,1,34.585,1
5905619,2025-12-22T01:14:04Z,1,-47.26419,151.75058,1,1769.4,1,34.586,1,2.698,1,1769.4,1,2.698,1,34.586,1
5905619,2025-12-22T01:14:04Z,1,-47.26419,151.75058,1,1771.25,1,34.587,1,2.697,1,1771.25,1,2.697,1,34.587,1
5905619,2025-12-22T01:14:04Z,1,-47.26419,151.75058,1,1773.15,1,34.587,1,2.696,1,1773.15,1,2.696,1,34.587,1
5905619,2025-12-22T01:14:04Z,1,-47.26419,151.75058,1,1775.05,1,34.587,1,2.695,1,1775.05,1,2.695,1,34.587,1
5905619,2025-12-22T01:14:04Z,1,-47.26419,151.75058,1,1776.9,1,34.588,1,2.693,1,1776.9,1,2.693,1,34.588,1
5905619,2025-12-22T01:14:04Z,1,-47.26419,151.75058,1,1778.8,1,34.589,1,2.693,1,1778.8,1,2.693,1,34.589,1
5905619,2025-12-22T01:14:04Z,1,-47.26419,151.75058,1,1780.7,1,34.591,1,2.691,1,1780.7,1,2.691,1,34.591,1
5905619,2025-12-22T01:14:04Z,1,-47.26419,151.75058,1,1783.05,1,34.592,1,2.689,1,1783.05,1,2.689,1,34.592,1
5905619,2025-12-22T01:14:04Z,1,-47.26419,151.75058,1,1785.4,1,34.592,1,2.686,1,1785.4,1,2.686,1,34.592,1
5905619,2025-12-22T01:14:04Z,1,-47.26419,151.75058,1,1787.3,1,34.594,1,2.682,1,1787.3,1,2.682,1,34.594,1
5905619,2025-12-22T01:14:04Z,1,-47.26419,151.75058,1,1789.25,1,34.594,1,2.681,1,1789.25,1,2.681,1,34.594,1
5905619,2025-12-22T01:14:04Z,1,-47.26419,151.75058,1,1791.15,1,34.594,1,2.68,1,1791.15,1,2.68,1,34.594,1
5905619,2025-12-22T01:14:04Z,1,-47.26419,151.75058,1,1793.05,1,34.595,1,2.678,1,1793.05,1,2.678,1,34.595,1
5905619,2025-12-22T01:14:04Z,1,-47.26419,151.75058,1,1795.0,1,34.595,1,2.677,1,1795.0,1,2.677,1,34.595,1
5905619,2025-12-22T01:14:04Z,1,-47.26419,151.75058,1,1796.95,1,34.597,1,2.668,1,1796.95,1,2.668,1,34.597,1
5905619,2025-12-22T01:14:04Z,1,-47.26419,151.75058,1,1798.9,1,34.598,1,2.666,1,1798.9,1,2.666,1,34.598,1
5905619,2025-12-22T01:14:04Z,1,-47.26419,151.75058,1,1800.85,1,34.598,1,2.662,1,1800.85,1,2.662,1,34.598,1
5905619,2025-12-22T01:14:04Z,1,-47.26419,151.75058,1,1802.85,1,34.599,1,2.66,1,1802.85,1,2.66,1,34.599,1
5905619,2025-12-22T01:14:04Z,1,-47.26419,151.75058,1,1804.8,1,34.599,1,2.659,1,1804.8,1,2.659,1,34.599,1
5905619,2025-12-22T01:14:04Z,1,-47.26419,151.75058,1,1806.8,1,34.599,1,2.659,1,1806.8,1,2.659,1,34.599,1
5905619,2025-12-22T01:14:04Z,1,-47.26419,151.75058,1,1808.8,1,34.599,1,2.658,1,1808.8,1,2.658,1,34.599,1
5905619,2025-12-22T01:14:04Z,1,-47.26419,151.75058,1,1810.75,1,34.6,1,2.655,1,1810.75,1,2.655,1,34.6,1
5905619,2025-12-22T01:14:04Z,1,-47.26419,151.75058,1,1812.75,1,34.601,1,2.653,1,1812.75,1,2.653,1,34.601,1
5905619,2025-12-22T01:14:04Z,1,-47.26419,151.75058,1,1814.9,1,34.602,1,2.65,1,1814.9,1,2.65,1,34.602,1
5905619,2025-12-22T01:14:04Z,1,-47.26419,151.75058,1,1817.15,1,34.604,1,2.644,1,1817.15,1,2.644,1,34.604,1
5905619,2025-12-22T01:14:04Z,1,-47.26419,151.75058,1,1819.1,1,34.605,1,2.64,1,1819.1,1,2.64,1,34.605,1
5905619,2025-12-22T01:14:04Z,1,-47.26419,151.75058,1,1821.0,1,34.608,1,2.632,1,1821.0,1,2.632,1,34.608,1
5905619,2025-12-22T01:14:04Z,1,-47.26419,151.75058,1,1822.95,1,34.608,1,2.63,1,1822.95,1,2.63,1,34.608,1
5905619,2025-12-22T01:14:04Z,1,-47.26419,151.75058,1,1824.9,1,34.609,1,2.63,1,1824.9,1,2.63,1,34.609,1
5905619,2025-12-22T01:14:04Z,1,-47.26419,151.75058,1,1827.25,1,34.608,1,2.631,1,1827.25,1,2.631,1,34.608,1
5905619,2025-12-22T01:14:04Z,1,-47.26419,151.75058,1,1829.15,1,34.61,1,2.626,1,1829.15,1,2.626,1,34.61,1
5905619,2025-12-22T01:14:04Z,1,-47.26419,151.75058,1,1831.05,1,34.611,1,2.624,1,1831.05,1,2.624,1,34.611,1
5905619,2025-12-22T01:14:04Z,1,-47.26419,151.75058,1,1833.0,1,34.612,1,2.623,1,1833.0,1,2.623,1,34.612,1
5905619,2025-12-22T01:14:04Z,1,-47.26419,151.75058,1,1834.95,1,34.612,1,2.623,1,1834.95,1,2.623,1,34.612,1
5905619,2025-12-22T01:14:04Z,1,-47.26419,151.75058,1,1836.9,1,34.612,1,2.622,1,1836.9,1,2.622,1,34.612,1
5905619,2025-12-22T01:14:04Z,1,-47.26419,151.75058,1,1838.85,1,34.612,1,2.621,1,1838.85,1,2.621,1,34.612,1
5905619,2025-12-22T01:14:04Z,1,-47.26419,151.75058,1,1841.2,1,34.613,1,2.619,1,1841.2,1,2.619,1,34.613,1
5905619,2025-12-22T01:14:04Z,1,-47.26419,151.75058,1,1843.2,1,34.615,1,2.615,1,1843.2,1,2.615,1,34.615,1
5905619,2025-12-22T01:14:04Z,1,-47.26419,151.75058,1,1845.15,1,34.616,1,2.613,1,1845.15,1,2.613,1,34.616,1
5905619,2025-12-22T01:14:04Z,1,-47.26419,151.75058,1,1847.2,1,34.616,1,2.612,1,1847.2,1,2.612,1,34.616,1
5905619,2025-12-22T01:14:04Z,1,-47.26419,151.75058,1,1848.8,1,34.616,1,2.612,1,1848.8,1,2.612,1,34.616,1
5905619,2025-12-22T01:14:04Z,1,-47.26419,151.75058,1,1850.8,1,34.616,1,2.611,1,1850.8,1,2.611,1,34.616,1
5905619,2025-12-22T01:14:04Z,1,-47.26419,151.75058,1,1853.2,1,34.618,1,2.606,1,1853.2,1,2.606,1,34.618,1
5905619,2025-12-22T01:14:04Z,1,-47.26419,151.75058,1,1855.2,1,34.619,1,2.604,1,1855.2,1,2.604,1,34.619,1
5905619,2025-12-22T01:14:04Z,1,-47.26419,151.75058,1,1857.15,1,34.62,1,2.602,1,1857.15,1,2.602,1,34.62,1
5905619,2025-12-22T01:14:04Z,1,-47.26419,151.75058,1,1859.15,1,34.621,1,2.601,1,1859.15,1,2.601,1,34.621,1
5905619,2025-12-22T01:14:04Z,1,-47.26419,151.75058,1,1861.1,1,34.622,1,2.597,1,1861.1,1,2.597,1,34.622,1
5905619,2025-12-22T01:14:04Z,1,-47.26419,151.75058,1,1863.1,1,34.624,1,2.593,1,1863.1,1,2.593,1,34.624,1
5905619,2025-12-22T01:14:04Z,1,-47.26419,151.75058,1,1865.05,1,34.624,1,2.592,1,1865.05,1,2.592,1,34.624,1
5905619,2025-12-22T01:14:04Z,1,-47.26419,151.75058,1,1867.05,1,34.625,1,2.591,1,1867.05,1,2.591,1,34.625,1
5905619,2025-12-22T01:14:04Z,1,-47.26419,151.75058,1,1869.05,1,34.625,1,2.591,1,1869.05,1,2.591,1,34.625,1
5905619,2025-12-22T01:14:04Z,1,-47.26419,151.75058,1,1871.05,1,34.626,1,2.588,1,1871.05,1,2.588,1,34.626,1
5905619,2025-12-22T01:14:04Z,1,-47.26419,151.75058,1,1873.05,1,34.626,1,2.587,1,1873.05,1,2.587,1,34.626,1
5905619,2025-12-22T01:14:04Z,1,-47.26419,151.75058,1,1875.0,1,34.627,1,2.587,1,1875.0,1,2.587,1,34.627,1
5905619,2025-12-22T01:14:04Z,1,-47.26419,151.75058,1,1877.0,1,34.627,1,2.585,1,1877.0,1,2.585,1,34.627,1
5905619,2025-12-22T01:14:04Z,1,-47.26419,151.75058,1,1879.0,1,34.627,1,2.585,1,1879.0,1,2.585,1,34.627,1
5905619,2025-12-22T01:14:04Z,1,-47.26419,151.75058,1,1881.05,1,34.628,1,2.583,1,1881.05,1,2.583,1,34.628,1
5905619,2025-12-22T01:14:04Z,1,-47.26419,151.75058,1,1883.05,1,34.629,1,2.58,1,1883.05,1,2.58,1,34.629,1
5905619,2025-12-22T01:14:04Z,1,-47.26419,151.75058,1,1885.05,1,34.629,1,2.579,1,1885.05,1,2.579,1,34.629,1
5905619,2025-12-22T01:14:04Z,1,-47.26419,151.75058,1,1887.15,1,34.63,1,2.578,1,1887.15,1,2.578,1,34.63,1
5905619,2025-12-22T01:14:04Z,1,-47.26419,151.75058,1,1889.15,1,34.631,1,2.576,1,1889.15,1,2.576,1,34.631,1
5905619,2025-12-22T01:14:04Z,1,-47.26419,151.75058,1,1891.15,1,34.633,1,2.572,1,1891.15,1,2.572,1,34.633,1
5905619,2025-12-22T01:14:04Z,1,-47.26419,151.75058,1,1893.15,1,34.634,1,2.57,1,1893.15,1,2.57,1,34.634,1
5905619,2025-12-22T01:14:04Z,1,-47.26419,151.75058,1,1895.2,1,34.634,1,2.569,1,1895.2,1,2.569,1,34.634,1
5905619,2025-12-22T01:14:04Z,1,-47.26419,151.75058,1,1897.2,1,34.634,1,2.569,1,1897.2,1,2.569,1,34.634,1
5905619,2025-12-22T01:14:04Z,1,-47.26419,151.75058,1,1899.2,1,34.635,1,2.567,1,1899.2,1,2.567,1,34.635,1
5905619,2025-12-22T01:14:04Z,1,-47.26419,151.75058,1,1900.85,1,34.636,1,2.564,1,1900.85,1,2.564,1,34.636,1
5905619,2025-12-22T01:14:04Z,1,-47.26419,151.75058,1,1902.85,1,34.636,1,2.564,1,1902.85,1,2.564,1,34.636,1
5905619,2025-12-22T01:14:04Z,1,-47.26419,151.75058,1,1904.9,1,34.637,1,2.563,1,1904.9,1,2.563,1,34.637,1
5905619,2025-12-22T01:14:04Z,1,-47.26419,151.75058,1,1906.9,1,34.637,1,2.563,1,1906.9,1,2.563,1,34.637,1
5905619,2025-12-22T01:14:04Z,1,-47.26419,151.75058,1,1908.95,1,34.638,1,2.561,1,1908.95,1,2.561,1,34.638,1
5905619,2025-12-22T01:14:04Z,1,-47.26419,151.75058,1,1911.0,1,34.639,1,2.56,1,1911.0,1,2.56,1,34.639,1
5905619,2025-12-22T01:14:04Z,1,-47.26419,151.75058,1,1913.1,1,34.639,1,2.559,1,1913.1,1,2.559,1,34.639,1
5905619,2025-12-22T01:14:04Z,1,-47.26419,151.75058,1,1915.15,1,34.64,1,2.557,1,1915.15,1,2.557,1,34.64,1
5905619,2025-12-22T01:14:04Z,1,-47.26419,151.75058,1,1917.2,1,34.642,1,2.555,1,1917.2,1,2.555,1,34.642,1
5905619,2025-12-22T01:14:04Z,1,-47.26419,151.75058,1,1918.9,1,34.642,1,2.553,1,1918.9,1,2.553,1,34.642,1
5905619,2025-12-22T01:14:04Z,1,-47.26419,151.75058,1,1920.95,1,34.644,1,2.548,1,1920.95,1,2.548,1,34.644,1
5905619,2025-12-22T01:14:04Z,1,-47.26419,151.75058,1,1923.0,1,34.644,1,2.546,1,1923.0,1,2.546,1,34.644,1
5905619,2025-12-22T01:14:04Z,1,-47.26419,151.75058,1,1925.1,1,34.645,1,2.544,1,1925.1,1,2.544,1,34.645,1
5905619,2025-12-22T01:14:04Z,1,-47.26419,151.75058,1,1927.15,1,34.645,1,2.541,1,1927.15,1,2.541,1,34.645,1
5905619,2025-12-22T01:14:04Z,1,-47.26419,151.75058,1,1928.8,1,34.646,1,2.54,1,1928.8,1,2.54,1,34.646,1
5905619,2025-12-22T01:14:04Z,1,-47.26419,151.75058,1,1930.9,1,34.646,1,2.535,1,1930.9,1,2.535,1,34.646,1
5905619,2025-12-22T01:14:04Z,1,-47.26419,151.75058,1,1933.0,1,34.647,1,2.533,1,1933.0,1,2.533,1,34.647,1
5905619,2025-12-22T01:14:04Z,1,-47.26419,151.75058,1,1935.1,1,34.648,1,2.533,1,1935.1,1,2.533,1,34.648,1
5905619,2025-12-22T01:14:04Z,1,-47.26419,151.75058,1,1937.15,1,34.649,1,2.533,1,1937.15,1,2.533,1,34.649,1
5905619,2025-12-22T01:14:04Z,1,-47.26419,151.75058,1,1938.9,1,34.649,1,2.531,1,1938.9,1,2.531,1,34.649,1
5905619,2025-12-22T01:14:04Z,1,-47.26419,151.75058,1,1940.95,1,34.65,1,2.526,1,1940.95,1,2.526,1,34.65,1
5905619,2025-12-22T01:14:04Z,1,-47.26419,151.75058,1,1943.1,1,34.65,1,2.522,1,1943.1,1,2.522,1,34.65,1
5905619,2025-12-22T01:14:04Z,1,-47.26419,151.75058,1,1944.8,1,34.652,1,2.526,1,1944.8,1,2.526,1,34.652,1
5905619,2025-12-22T01:14:04Z,1,-47.26419,151.75058,1,1946.95,1,34.653,1,2.525,1,1946.95,1,2.525,1,34.653,1
5905619,2025-12-22T01:14:04Z,1,-47.26419,151.75058,1,1949.1,1,34.654,1,2.523,1,1949.1,1,2.523,1,34.654,1
5905619,2025-12-22T01:14:04Z,1,-47.26419,151.75058,1,1950.8,1,34.654,1,2.522,1,1950.8,1,2.522,1,34.654,1
5905619,2025-12-22T01:14:04Z,1,-47.26419,151.75058,1,1953.0,1,34.654,1,2.521,1,1953.0,1,2.521,1,34.654,1
5905619,2025-12-22T01:14:04Z,1,-47.26419,151.75058,1,1955.1,1,34.655,1,2.52,1,1955.1,1,2.52,1,34.655,1
5905619,2025-12-22T01:14:04Z,1,-47.26419,151.75058,1,1956.85,1,34.655,1,2.52,1,1956.85,1,2.52,1,34.655,1
5905619,2025-12-22T01:14:04Z,1,-47.26419,151.75058,1,1959.0,1,34.655,1,2.52,1,1959.0,1,2.52,1,34.655,1
5905619,2025-12-22T01:14:04Z,1,-47.26419,151.75058,1,1961.2,1,34.656,1,2.519,1,1961.2,1,2.519,1,34.656,1
5905619,2025-12-22T01:14:04Z,1,-47.26419,151.75058,1,1963.0,1,34.656,1,2.519,1,1963.0,1,2.519,1,34.656,1
5905619,2025-12-22T01:14:04Z,1,-47.26419,151.75058,1,1964.8,1,34.656,1,2.518,1,1964.8,1,2.518,1,34.656,1
5905619,2025-12-22T01:14:04Z,1,-47.26419,151.75058,1,1967.0,1,34.657,1,2.515,1,1967.0,1,2.515,1,34.657,1
5905619,2025-12-22T01:14:04Z,1,-47.26419,151.75058,1,1969.25,1,34.657,1,2.513,1,1969.25,1,2.513,1,34.657,1
5905619,2025-12-22T01:14:04Z,1,-47.26419,151.75058,1,1971.05,1,34.657,1,2.51,1,1971.05,1,2.51,1,34.657,1
5905619,2025-12-22T01:14:04Z,1,-47.26419,151.75058,1,1972.85,1,34.657,1,2.509,1,1972.85,1,2.509,1,34.657,1
5905619,2025-12-22T01:14:04Z,1,-47.26419,151.75058,1,1975.1,1,34.657,1,2.508,1,1975.1,1,2.508,1,34.657,1
5905619,2025-12-22T01:14:04Z,1,-47.26419,151.75058,1,1977.35,1,34.658,1,2.506,1,1977.35,1,2.506,1,34.658,1
5905619,2025-12-22T01:14:04Z,1,-47.26419,151.75058,1,1979.15,1,34.658,1,2.503,1,1979.15,1,2.503,1,34.658,1
5905619,2025-12-22T01:14:04Z,1,-47.26419,151.75058,1,1980.95,1,34.659,1,2.504,1,1980.95,1,2.504,1,34.659,1
5905619,2025-12-22T01:14:04Z,1,-47.26419,151.75058,1,1982.75,1,34.659,1,2.504,1,1982.75,1,2.504,1,34.659,1
5905619,2025-12-22T01:14:04Z,1,-47.26419,151.75058,1,1985.05,1,34.659,1,2.504,1,1985.05,1,2.504,1,34.659,1
5905619,2025-12-22T01:14:04Z,1,-47.26419,151.75058,1,1987.3,1,34.659,1,2.503,1,1987.3,1,2.503,1,34.659,1
5905619,2025-12-22T01:14:04Z,1,-47.26419,151.75058,1,1989.1,1,34.66,1,2.496,1,1989.1,1,2.496,1,34.66,1
5905619,2025-12-22T01:14:04Z,1,-47.26419,151.75058,1,1990.9,1,34.66,1,2.493,1,1990.9,1,2.493,1,34.66,1
5905619,2025-12-22T01:14:04Z,1,-47.26419,151.75058,1,1992.8,1,34.66,1,2.49,1,1992.8,1,2.49,1,34.66,1
5905619,2025-12-22T01:14:04Z,1,-47.26419,151.75058,1,1995.05,1,34.66,1,2.489,1,1995.05,1,2.489,1,34.66,1
5905619,2025-12-22T01:14:04Z,1,-47.26419,151.75058,1,1997.25,1,34.66,1,2.488,1,1997.25,1,2.488,1,34.66,1
5905619,2025-12-22T01:14:04Z,1,-47.26419,151.75058,1,1998.7,1,34.66,1,2.487,1,1998.7,1,2.487,1,34.66,1
