PLATFORM_CODE,DATE (YYYY-MM-DDTHH:MI:SSZ),DATE_QC,LATITUDE (degree_north),LONGITUDE (degree_east),POSITION_QC,PRES (decibar),PRES_QC,PSAL (psu),PSAL_QC,TEMP (degree_Celsius),TEMP_QC,PRES_ADJUSTED (decibar),PRES_ADJUSTED_QC,TEMP_ADJUSTED (degree_Celsius),TEMP_ADJUSTED_QC,PSAL_ADJUSTED (psu),PSAL_ADJUSTED_QC
5905618,2025-12-02T05:30:20Z,1,-41.12883,155.67151,1,0.4,1,35.327,1,15.999,1,0.4,1,15.999,1,35.327,1
5905618,2025-12-02T05:30:20Z,1,-41.12883,155.67151,1,1.3,1,35.324,1,15.994,1,1.3,1,15.994,1,35.324,1
5905618,2025-12-02T05:30:20Z,1,-41.12883,155.67151,1,3.4,1,35.323,1,15.983,1,3.4,1,15.983,1,35.323,1
5905618,2025-12-02T05:30:20Z,1,-41.12883,155.67151,1,5.0,1,35.361,1,15.956,1,5.0,1,15.956,1,35.361,1
5905618,2025-12-02T05:30:20Z,1,-41.12883,155.67151,1,6.2,1,35.363,1,15.948,1,6.2,1,15.948,1,35.363,1
5905618,2025-12-02T05:30:20Z,1,-41.12883,155.67151,1,7.4,1,35.365,1,15.759,1,7.4,1,15.759,1,35.365,1
5905618,2025-12-02T05:30:20Z,1,-41.12883,155.67151,1,9.1,1,35.367,1,15.553,1,9.1,1,15.553,1,35.367,1
5905618,2025-12-02T05:30:20Z,1,-41.12883,155.67151,1,11.1,1,35.36,1,15.517,1,11.1,1,15.517,1,35.36,1
5905618,2025-12-02T05:30:20Z,1,-41.12883,155.67151,1,13.1,1,35.36,1,15.494,1,13.1,1,15.494,1,35.36,1
5905618,2025-12-02T05:30:20Z,1,-41.12883,155.67151,1,15.2,1,35.36,1,15.463,1,15.2,1,15.463,1,35.36,1
5905618,2025-12-02T05:30:20Z,1,-41.12883,155.67151,1,17.3,1,35.36,1,15.433,1,17.3,1,15.433,1,35.36,1
5905618,2025-12-02T05:30:20Z,1,-41.12883,155.67151,1,19.5,1,35.359,1,15.331,1,19.5,1,15.331,1,35.359,1
5905618,2025-12-02T05:30:20Z,1,-41.12883,155.67151,1,21.7,1,35.356,1,15.284,1,21.7,1,15.284,1,35.356,1
5905618,2025-12-02T05:30:20Z,1,-41.12883,155.67151,1,23.5,1,35.357,1,15.278,1,23.5,1,15.278,1,35.357,1
5905618,2025-12-02T05:30:20Z,1,-41.12883,155.67151,1,25.1,1,35.358,1,15.268,1,25.1,1,15.268,1,35.358,1
5905618,2025-12-02T05:30:20Z,1,-41.12883,155.67151,1,27.4,1,35.359,1,15.263,1,27.4,1,15.263,1,35.359,1
5905618,2025-12-02T05:30:20Z,1,-41.12883,155.67151,1,29.8,1,35.36,1,15.261,1,29.8,1,15.261,1,35.36,1
5905618,2025-12-02T05:30:20Z,1,-41.12883,155.67151,1,31.5,1,35.363,1,15.26,1,31.5,1,15.26,1,35.363,1
5905618,2025-12-02T05:30:20Z,1,-41.12883,155.67151,1,33.2,1,35.363,1,15.258,1,33.2,1,15.258,1,35.363,1
5905618,2025-12-02T05:30:20Z,1,-41.12883,155.67151,1,35.6,1,35.363,1,15.257,1,35.6,1,15.257,1,35.363,1
5905618,2025-12-02T05:30:20Z,1,-41.12883,155.67151,1,37.4,1,35.365,1,15.256,1,37.4,1,15.256,1,35.365,1
5905618,2025-12-02T05:30:20Z,1,-41.12883,155.67151,1,39.1,1,35.367,1,15.253,1,39.1,1,15.253,1,35.367,1
5905618,2025-12-02T05:30:20Z,1,-41.12883,155.67151,1,41.4,1,35.368,1,15.24,1,41.4,1,15.24,1,35.368,1
5905618,2025-12-02T05:30:20Z,1,-41.12883,155.67151,1,43.8,1,35.369,1,15.197,1,43.8,1,15.197,1,35.369,1
5905618,2025-12-02T05:30:20Z,1,-41.12883,155.67151,1,45.5,1,35.369,1,15.175,1,45.5,1,15.175,1,35.369,1
5905618,2025-12-02T05:30:20Z,1,-41.12883,155.67151,1,47.2,1,35.37,1,15.15,1,47.2,1,15.15,1,35.37,1
5905618,2025-12-02T05:30:20Z,1,-41.12883,155.67151,1,49.6,1,35.37,1,15.126,1,49.6,1,15.126,1,35.37,1
5905618,2025-12-02T05:30:20Z,1,-41.12883,155.67151,1,51.4,1,35.369,1,15.116,1,51.4,1,15.116,1,35.369,1
5905618,2025-12-02T05:30:20Z,1,-41.12883,155.67151,1,53.1,1,35.369,1,15.104,1,53.1,1,15.104,1,35.369,1
5905618,2025-12-02T05:30:20Z,1,-41.12883,155.67151,1,55.5,1,35.37,1,15.087,1,55.5,1,15.087,1,35.37,1
5905618,2025-12-02T05:30:20Z,1,-41.12883,155.67151,1,57.8,1,35.369,1,15.07,1,57.8,1,15.07,1,35.369,1
5905618,2025-12-02T05:30:20Z,1,-41.12883,155.67151,1,59.5,1,35.369,1,15.06,1,59.5,1,15.06,1,35.369,1
5905618,2025-12-02T05:30:20Z,1,-41.12883,155.67151,1,61.1,1,35.369,1,15.052,1,61.1,1,15.052,1,35.369,1
5905618,2025-12-02T05:30:20Z,1,-41.12883,155.67151,1,63.4,1,35.369,1,15.024,1,63.4,1,15.024,1,35.369,1
5905618,2025-12-02T05:30:20Z,1,-41.12883,155.67151,1,65.5,1,35.361,1,14.889,1,65.5,1,14.889,1,35.361,1
5905618,2025-12-02T05:30:20Z,1,-41.12883,155.67151,1,67.4,1,35.362,1,14.811,1,67.4,1,14.811,1,35.362,1
5905618,2025-12-02T05:30:20Z,1,-41.12883,155.67151,1,69.4,1,35.363,1,14.78,1,69.4,1,14.78,1,35.363,1
5905618,2025-12-02T05:30:20Z,1,-41.12883,155.67151,1,71.3,1,35.363,1,14.767,1,71.3,1,14.767,1,35.363,1
5905618,2025-12-02T05:30:20Z,1,-41.12883,155.67151,1,73.1,1,35.361,1,14.697,1,73.1,1,14.697,1,35.361,1
5905618,2025-12-02T05:30:20Z,1,-41.12883,155.67151,1,75.2,1,35.359,1,14.592,1,75.2,1,14.592,1,35.359,1
5905618,2025-12-02T05:30:20Z,1,-41.12883,155.67151,1,77.5,1,35.356,1,14.552,1,77.5,1,14.552,1,35.356,1
5905618,2025-12-02T05:30:20Z,1,-41.12883,155.67151,1,79.6,1,35.354,1,14.509,1,79.6,1,14.509,1,35.354,1
5905618,2025-12-02T05:30:20Z,1,-41.12883,155.67151,1,81.4,1,35.35,1,14.444,1,81.4,1,14.444,1,35.35,1
5905618,2025-12-02T05:30:20Z,1,-41.12883,155.67151,1,83.2,1,35.344,1,14.168,1,83.2,1,14.168,1,35.344,1
5905618,2025-12-02T05:30:20Z,1,-41.12883,155.67151,1,85.6,1,35.338,1,13.966,1,85.6,1,13.966,1,35.338,1
5905618,2025-12-02T05:30:20Z,1,-41.12883,155.67151,1,87.7,1,35.331,1,13.863,1,87.7,1,13.863,1,35.331,1
5905618,2025-12-02T05:30:20Z,1,-41.12883,155.67151,1,89.4,1,35.329,1,13.839,1,89.4,1,13.839,1,35.329,1
5905618,2025-12-02T05:30:20Z,1,-41.12883,155.67151,1,91.1,1,35.326,1,13.762,1,91.1,1,13.762,1,35.326,1
5905618,2025-12-02T05:30:20Z,1,-41.12883,155.67151,1,93.4,1,35.315,1,13.679,1,93.4,1,13.679,1,35.315,1
5905618,2025-12-02T05:30:20Z,1,-41.12883,155.67151,1,95.6,1,35.308,1,13.634,1,95.6,1,13.634,1,35.308,1
5905618,2025-12-02T05:30:20Z,1,-41.12883,155.67151,1,97.4,1,35.305,1,13.601,1,97.4,1,13.601,1,35.305,1
5905618,2025-12-02T05:30:20Z,1,-41.12883,155.67151,1,99.3,1,35.304,1,13.593,1,99.3,1,13.593,1,35.304,1
5905618,2025-12-02T05:30:20Z,1,-41.12883,155.67151,1,101.2,1,35.303,1,13.587,1,101.2,1,13.587,1,35.303,1
5905618,2025-12-02T05:30:20Z,1,-41.12883,155.67151,1,103.4,1,35.302,1,13.58,1,103.4,1,13.58,1,35.302,1
5905618,2025-12-02T05:30:20Z,1,-41.12883,155.67151,1,105.7,1,35.299,1,13.567,1,105.7,1,13.567,1,35.299,1
5905618,2025-12-02T05:30:20Z,1,-41.12883,155.67151,1,107.5,1,35.294,1,13.525,1,107.5,1,13.525,1,35.294,1
5905618,2025-12-02T05:30:20Z,1,-41.12883,155.67151,1,109.4,1,35.289,1,13.496,1,109.4,1,13.496,1,35.289,1
5905618,2025-12-02T05:30:20Z,1,-41.12883,155.67151,1,111.1,1,35.286,1,13.465,1,111.1,1,13.465,1,35.286,1
5905618,2025-12-02T05:30:20Z,1,-41.12883,155.67151,1,113.4,1,35.284,1,13.446,1,113.4,1,13.446,1,35.284,1
5905618,2025-12-02T05:30:20Z,1,-41.12883,155.67151,1,115.6,1,35.278,1,13.408,1,115.6,1,13.408,1,35.278,1
5905618,2025-12-02T05:30:20Z,1,-41.12883,155.67151,1,117.3,1,35.275,1,13.389,1,117.3,1,13.389,1,35.275,1
5905618,2025-12-02T05:30:20Z,1,-41.12883,155.67151,1,119.5,1,35.271,1,13.362,1,119.5,1,13.362,1,35.271,1
5905618,2025-12-02T05:30:20Z,1,-41.12883,155.67151,1,121.7,1,35.269,1,13.355,1,121.7,1,13.355,1,35.269,1
5905618,2025-12-02T05:30:20Z,1,-41.12883,155.67151,1,123.5,1,35.266,1,13.34,1,123.5,1,13.34,1,35.266,1
5905618,2025-12-02T05:30:20Z,1,-41.12883,155.67151,1,125.3,1,35.263,1,13.322,1,125.3,1,13.322,1,35.263,1
5905618,2025-12-02T05:30:20Z,1,-41.12883,155.67151,1,127.5,1,35.257,1,13.293,1,127.5,1,13.293,1,35.257,1
5905618,2025-12-02T05:30:20Z,1,-41.12883,155.67151,1,129.6,1,35.252,1,13.245,1,129.6,1,13.245,1,35.252,1
5905618,2025-12-02T05:30:20Z,1,-41.12883,155.67151,1,131.4,1,35.246,1,13.219,1,131.4,1,13.219,1,35.246,1
5905618,2025-12-02T05:30:20Z,1,-41.12883,155.67151,1,133.5,1,35.245,1,13.213,1,133.5,1,13.213,1,35.245,1
5905618,2025-12-02T05:30:20Z,1,-41.12883,155.67151,1,135.7,1,35.238,1,13.149,1,135.7,1,13.149,1,35.238,1
5905618,2025-12-02T05:30:20Z,1,-41.12883,155.67151,1,137.4,1,35.233,1,13.125,1,137.4,1,13.125,1,35.233,1
5905618,2025-12-02T05:30:20Z,1,-41.12883,155.67151,1,139.5,1,35.23,1,13.111,1,139.5,1,13.111,1,35.23,1
5905618,2025-12-02T05:30:20Z,1,-41.12883,155.67151,1,141.7,1,35.226,1,13.077,1,141.7,1,13.077,1,35.226,1
5905618,2025-12-02T05:30:20Z,1,-41.12883,155.67151,1,143.5,1,35.223,1,13.054,1,143.5,1,13.054,1,35.223,1
5905618,2025-12-02T05:30:20Z,1,-41.12883,155.67151,1,145.2,1,35.221,1,13.022,1,145.2,1,13.022,1,35.221,1
5905618,2025-12-02T05:30:20Z,1,-41.12883,155.67151,1,147.0,1,35.213,1,12.984,1,147.0,1,12.984,1,35.213,1
5905618,2025-12-02T05:30:20Z,1,-41.12883,155.67151,1,149.4,1,35.208,1,12.959,1,149.4,1,12.959,1,35.208,1
5905618,2025-12-02T05:30:20Z,1,-41.12883,155.67151,1,151.6,1,35.205,1,12.939,1,151.6,1,12.939,1,35.205,1
5905618,2025-12-02T05:30:20Z,1,-41.12883,155.67151,1,153.4,1,35.197,1,12.89,1,153.4,1,12.89,1,35.197,1
5905618,2025-12-02T05:30:20Z,1,-41.12883,155.67151,1,155.3,1,35.184,1,12.801,1,155.3,1,12.801,1,35.184,1
5905618,2025-12-02T05:30:20Z,1,-41.12883,155.67151,1,157.1,1,35.177,1,12.764,1,157.1,1,12.764,1,35.177,1
5905618,2025-12-02T05:30:20Z,1,-41.12883,155.67151,1,159.3,1,35.173,1,12.737,1,159.3,1,12.737,1,35.173,1
5905618,2025-12-02T05:30:20Z,1,-41.12883,155.67151,1,161.6,1,35.171,1,12.717,1,161.6,1,12.717,1,35.171,1
5905618,2025-12-02T05:30:20Z,1,-41.12883,155.67151,1,163.5,1,35.167,1,12.693,1,163.5,1,12.693,1,35.167,1
5905618,2025-12-02T05:30:20Z,1,-41.12883,155.67151,1,165.3,1,35.165,1,12.69,1,165.3,1,12.69,1,35.165,1
5905618,2025-12-02T05:30:20Z,1,-41.12883,155.67151,1,167.2,1,35.166,1,12.658,1,167.2,1,12.658,1,35.166,1
5905618,2025-12-02T05:30:20Z,1,-41.12883,155.67151,1,169.5,1,35.155,1,12.604,1,169.5,1,12.604,1,35.155,1
5905618,2025-12-02T05:30:20Z,1,-41.12883,155.67151,1,171.8,1,35.148,1,12.564,1,171.8,1,12.564,1,35.148,1
5905618,2025-12-02T05:30:20Z,1,-41.12883,155.67151,1,173.6,1,35.146,1,12.556,1,173.6,1,12.556,1,35.146,1
5905618,2025-12-02T05:30:20Z,1,-41.12883,155.67151,1,175.5,1,35.146,1,12.533,1,175.5,1,12.533,1,35.146,1
5905618,2025-12-02T05:30:20Z,1,-41.12883,155.67151,1,177.5,1,35.139,1,12.497,1,177.5,1,12.497,1,35.139,1
5905618,2025-12-02T05:30:20Z,1,-41.12883,155.67151,1,179.4,1,35.131,1,12.461,1,179.4,1,12.461,1,35.131,1
5905618,2025-12-02T05:30:20Z,1,-41.12883,155.67151,1,181.3,1,35.128,1,12.446,1,181.3,1,12.446,1,35.128,1
5905618,2025-12-02T05:30:20Z,1,-41.12883,155.67151,1,183.2,1,35.127,1,12.443,1,183.2,1,12.443,1,35.127,1
5905618,2025-12-02T05:30:20Z,1,-41.12883,155.67151,1,185.1,1,35.123,1,12.398,1,185.1,1,12.398,1,35.123,1
5905618,2025-12-02T05:30:20Z,1,-41.12883,155.67151,1,187.1,1,35.117,1,12.364,1,187.1,1,12.364,1,35.117,1
5905618,2025-12-02T05:30:20Z,1,-41.12883,155.67151,1,189.4,1,35.108,1,12.314,1,189.4,1,12.314,1,35.108,1
5905618,2025-12-02T05:30:20Z,1,-41.12883,155.67151,1,191.8,1,35.096,1,12.227,1,191.8,1,12.227,1,35.096,1
5905618,2025-12-02T05:30:20Z,1,-41.12883,155.67151,1,193.8,1,35.092,1,12.204,1,193.8,1,12.204,1,35.092,1
5905618,2025-12-02T05:30:20Z,1,-41.12883,155.67151,1,195.8,1,35.09,1,12.194,1,195.8,1,12.194,1,35.09,1
5905618,2025-12-02T05:30:20Z,1,-41.12883,155.67151,1,197.8,1,35.087,1,12.176,1,197.8,1,12.176,1,35.087,1
5905618,2025-12-02T05:30:20Z,1,-41.12883,155.67151,1,199.8,1,35.082,1,12.155,1,199.8,1,12.155,1,35.082,1
5905618,2025-12-02T05:30:20Z,1,-41.12883,155.67151,1,201.8,1,35.08,1,12.122,1,201.8,1,12.122,1,35.08,1
5905618,2025-12-02T05:30:20Z,1,-41.12883,155.67151,1,203.8,1,35.075,1,12.081,1,203.8,1,12.081,1,35.075,1
5905618,2025-12-02T05:30:20Z,1,-41.12883,155.67151,1,205.8,1,35.071,1,12.061,1,205.8,1,12.061,1,35.071,1
5905618,2025-12-02T05:30:20Z,1,-41.12883,155.67151,1,207.9,1,35.069,1,12.036,1,207.9,1,12.036,1,35.069,1
5905618,2025-12-02T05:30:20Z,1,-41.12883,155.67151,1,209.4,1,35.067,1,12.027,1,209.4,1,12.027,1,35.067,1
5905618,2025-12-02T05:30:20Z,1,-41.12883,155.67151,1,211.0,1,35.066,1,12.024,1,211.0,1,12.024,1,35.066,1
5905618,2025-12-02T05:30:20Z,1,-41.12883,155.67151,1,213.0,1,35.062,1,11.99,1,213.0,1,11.99,1,35.062,1
5905618,2025-12-02T05:30:20Z,1,-41.12883,155.67151,1,215.1,1,35.058,1,11.96,1,215.1,1,11.96,1,35.058,1
5905618,2025-12-02T05:30:20Z,1,-41.12883,155.67151,1,217.2,1,35.053,1,11.939,1,217.2,1,11.939,1,35.053,1
5905618,2025-12-02T05:30:20Z,1,-41.12883,155.67151,1,219.3,1,35.052,1,11.927,1,219.3,1,11.927,1,35.052,1
5905618,2025-12-02T05:30:20Z,1,-41.12883,155.67151,1,221.5,1,35.048,1,11.895,1,221.5,1,11.895,1,35.048,1
5905618,2025-12-02T05:30:20Z,1,-41.12883,155.67151,1,223.6,1,35.045,1,11.88,1,223.6,1,11.88,1,35.045,1
5905618,2025-12-02T05:30:20Z,1,-41.12883,155.67151,1,225.7,1,35.044,1,11.875,1,225.7,1,11.875,1,35.044,1
5905618,2025-12-02T05:30:20Z,1,-41.12883,155.67151,1,227.8,1,35.04,1,11.841,1,227.8,1,11.841,1,35.04,1
5905618,2025-12-02T05:30:20Z,1,-41.12883,155.67151,1,229.4,1,35.035,1,11.814,1,229.4,1,11.814,1,35.035,1
5905618,2025-12-02T05:30:20Z,1,-41.12883,155.67151,1,231.0,1,35.033,1,11.805,1,231.0,1,11.805,1,35.033,1
5905618,2025-12-02T05:30:20Z,1,-41.12883,155.67151,1,233.2,1,35.03,1,11.779,1,233.2,1,11.779,1,35.03,1
5905618,2025-12-02T05:30:20Z,1,-41.12883,155.67151,1,235.3,1,35.025,1,11.755,1,235.3,1,11.755,1,35.025,1
5905618,2025-12-02T05:30:20Z,1,-41.12883,155.67151,1,237.5,1,35.021,1,11.721,1,237.5,1,11.721,1,35.021,1
5905618,2025-12-02T05:30:20Z,1,-41.12883,155.67151,1,239.6,1,35.018,1,11.708,1,239.6,1,11.708,1,35.018,1
5905618,2025-12-02T05:30:20Z,1,-41.12883,155.67151,1,241.8,1,35.018,1,11.704,1,241.8,1,11.704,1,35.018,1
5905618,2025-12-02T05:30:20Z,1,-41.12883,155.67151,1,243.4,1,35.016,1,11.687,1,243.4,1,11.687,1,35.016,1
5905618,2025-12-02T05:30:20Z,1,-41.12883,155.67151,1,245.0,1,35.014,1,11.668,1,245.0,1,11.668,1,35.014,1
5905618,2025-12-02T05:30:20Z,1,-41.12883,155.67151,1,247.2,1,35.005,1,11.608,1,247.2,1,11.608,1,35.005,1
5905618,2025-12-02T05:30:20Z,1,-41.12883,155.67151,1,249.3,1,34.999,1,11.569,1,249.3,1,11.569,1,34.999,1
5905618,2025-12-02T05:30:20Z,1,-41.12883,155.67151,1,251.5,1,34.992,1,11.511,1,251.5,1,11.511,1,34.992,1
5905618,2025-12-02T05:30:20Z,1,-41.12883,155.67151,1,253.7,1,34.989,1,11.484,1,253.7,1,11.484,1,34.989,1
5905618,2025-12-02T05:30:20Z,1,-41.12883,155.67151,1,255.4,1,34.985,1,11.444,1,255.4,1,11.444,1,34.985,1
5905618,2025-12-02T05:30:20Z,1,-41.12883,155.67151,1,257.0,1,34.98,1,11.422,1,257.0,1,11.422,1,34.98,1
5905618,2025-12-02T05:30:20Z,1,-41.12883,155.67151,1,259.2,1,34.976,1,11.409,1,259.2,1,11.409,1,34.976,1
5905618,2025-12-02T05:30:20Z,1,-41.12883,155.67151,1,261.4,1,34.975,1,11.396,1,261.4,1,11.396,1,34.975,1
5905618,2025-12-02T05:30:20Z,1,-41.12883,155.67151,1,263.6,1,34.97,1,11.338,1,263.6,1,11.338,1,34.97,1
5905618,2025-12-02T05:30:20Z,1,-41.12883,155.67151,1,265.8,1,34.961,1,11.296,1,265.8,1,11.296,1,34.961,1
5905618,2025-12-02T05:30:20Z,1,-41.12883,155.67151,1,267.5,1,34.96,1,11.289,1,267.5,1,11.289,1,34.96,1
5905618,2025-12-02T05:30:20Z,1,-41.12883,155.67151,1,269.1,1,34.957,1,11.273,1,269.1,1,11.273,1,34.957,1
5905618,2025-12-02T05:30:20Z,1,-41.12883,155.67151,1,271.3,1,34.953,1,11.239,1,271.3,1,11.239,1,34.953,1
5905618,2025-12-02T05:30:20Z,1,-41.12883,155.67151,1,273.6,1,34.953,1,11.238,1,273.6,1,11.238,1,34.953,1
5905618,2025-12-02T05:30:20Z,1,-41.12883,155.67151,1,275.8,1,34.953,1,11.236,1,275.8,1,11.236,1,34.953,1
5905618,2025-12-02T05:30:20Z,1,-41.12883,155.67151,1,277.5,1,34.953,1,11.236,1,277.5,1,11.236,1,34.953,1
5905618,2025-12-02T05:30:20Z,1,-41.12883,155.67151,1,279.2,1,34.951,1,11.234,1,279.2,1,11.234,1,34.951,1
5905618,2025-12-02T05:30:20Z,1,-41.12883,155.67151,1,281.4,1,34.95,1,11.215,1,281.4,1,11.215,1,34.95,1
5905618,2025-12-02T05:30:20Z,1,-41.12883,155.67151,1,283.6,1,34.942,1,11.161,1,283.6,1,11.161,1,34.942,1
5905618,2025-12-02T05:30:20Z,1,-41.12883,155.67151,1,285.3,1,34.939,1,11.14,1,285.3,1,11.14,1,34.939,1
5905618,2025-12-02T05:30:20Z,1,-41.12883,155.67151,1,287.0,1,34.938,1,11.139,1,287.0,1,11.139,1,34.938,1
5905618,2025-12-02T05:30:20Z,1,-41.12883,155.67151,1,289.2,1,34.936,1,11.131,1,289.2,1,11.131,1,34.936,1
5905618,2025-12-02T05:30:20Z,1,-41.12883,155.67151,1,291.4,1,34.934,1,11.097,1,291.4,1,11.097,1,34.934,1
5905618,2025-12-02T05:30:20Z,1,-41.12883,155.67151,1,293.6,1,34.929,1,11.074,1,293.6,1,11.074,1,34.929,1
5905618,2025-12-02T05:30:20Z,1,-41.12883,155.67151,1,295.8,1,34.927,1,11.056,1,295.8,1,11.056,1,34.927,1
5905618,2025-12-02T05:30:20Z,1,-41.12883,155.67151,1,297.4,1,34.927,1,11.053,1,297.4,1,11.053,1,34.927,1
5905618,2025-12-02T05:30:20Z,1,-41.12883,155.67151,1,299.0,1,34.925,1,11.047,1,299.0,1,11.047,1,34.925,1
5905618,2025-12-02T05:30:20Z,1,-41.12883,155.67151,1,301.1,1,34.919,1,11.017,1,301.1,1,11.017,1,34.919,1
5905618,2025-12-02T05:30:20Z,1,-41.12883,155.67151,1,303.2,1,34.914,1,10.972,1,303.2,1,10.972,1,34.914,1
5905618,2025-12-02T05:30:20Z,1,-41.12883,155.67151,1,305.3,1,34.906,1,10.934,1,305.3,1,10.934,1,34.906,1
5905618,2025-12-02T05:30:20Z,1,-41.12883,155.67151,1,307.5,1,34.903,1,10.899,1,307.5,1,10.899,1,34.903,1
5905618,2025-12-02T05:30:20Z,1,-41.12883,155.67151,1,309.6,1,34.897,1,10.873,1,309.6,1,10.873,1,34.897,1
5905618,2025-12-02T05:30:20Z,1,-41.12883,155.67151,1,311.7,1,34.895,1,10.867,1,311.7,1,10.867,1,34.895,1
5905618,2025-12-02T05:30:20Z,1,-41.12883,155.67151,1,313.8,1,34.893,1,10.84,1,313.8,1,10.84,1,34.893,1
5905618,2025-12-02T05:30:20Z,1,-41.12883,155.67151,1,315.8,1,34.885,1,10.793,1,315.8,1,10.793,1,34.885,1
5905618,2025-12-02T05:30:20Z,1,-41.12883,155.67151,1,317.8,1,34.872,1,10.7,1,317.8,1,10.7,1,34.872,1
5905618,2025-12-02T05:30:20Z,1,-41.12883,155.67151,1,319.9,1,34.87,1,10.676,1,319.9,1,10.676,1,34.87,1
5905618,2025-12-02T05:30:20Z,1,-41.12883,155.67151,1,321.9,1,34.865,1,10.63,1,321.9,1,10.63,1,34.865,1
5905618,2025-12-02T05:30:20Z,1,-41.12883,155.67151,1,323.9,1,34.861,1,10.618,1,323.9,1,10.618,1,34.861,1
5905618,2025-12-02T05:30:20Z,1,-41.12883,155.67151,1,325.9,1,34.859,1,10.61,1,325.9,1,10.61,1,34.859,1
5905618,2025-12-02T05:30:20Z,1,-41.12883,155.67151,1,327.9,1,34.859,1,10.604,1,327.9,1,10.604,1,34.859,1
5905618,2025-12-02T05:30:20Z,1,-41.12883,155.67151,1,329.9,1,34.858,1,10.601,1,329.9,1,10.601,1,34.858,1
5905618,2025-12-02T05:30:20Z,1,-41.12883,155.67151,1,331.9,1,34.858,1,10.596,1,331.9,1,10.596,1,34.858,1
5905618,2025-12-02T05:30:20Z,1,-41.12883,155.67151,1,333.9,1,34.856,1,10.592,1,333.9,1,10.592,1,34.856,1
5905618,2025-12-02T05:30:20Z,1,-41.12883,155.67151,1,335.9,1,34.853,1,10.565,1,335.9,1,10.565,1,34.853,1
5905618,2025-12-02T05:30:20Z,1,-41.12883,155.67151,1,337.8,1,34.851,1,10.551,1,337.8,1,10.551,1,34.851,1
5905618,2025-12-02T05:30:20Z,1,-41.12883,155.67151,1,339.8,1,34.849,1,10.537,1,339.8,1,10.537,1,34.849,1
5905618,2025-12-02T05:30:20Z,1,-41.12883,155.67151,1,341.7,1,34.846,1,10.527,1,341.7,1,10.527,1,34.846,1
5905618,2025-12-02T05:30:20Z,1,-41.12883,155.67151,1,343.6,1,34.847,1,10.515,1,343.6,1,10.515,1,34.847,1
5905618,2025-12-02T05:30:20Z,1,-41.12883,155.67151,1,345.5,1,34.842,1,10.501,1,345.5,1,10.501,1,34.842,1
5905618,2025-12-02T05:30:20Z,1,-41.12883,155.67151,1,347.5,1,34.843,1,10.493,1,347.5,1,10.493,1,34.843,1
5905618,2025-12-02T05:30:20Z,1,-41.12883,155.67151,1,349.4,1,34.838,1,10.453,1,349.4,1,10.453,1,34.838,1
5905618,2025-12-02T05:30:20Z,1,-41.12883,155.67151,1,351.4,1,34.834,1,10.407,1,351.4,1,10.407,1,34.834,1
5905618,2025-12-02T05:30:20Z,1,-41.12883,155.67151,1,353.3,1,34.824,1,10.368,1,353.3,1,10.368,1,34.824,1
5905618,2025-12-02T05:30:20Z,1,-41.12883,155.67151,1,355.3,1,34.82,1,10.347,1,355.3,1,10.347,1,34.82,1
5905618,2025-12-02T05:30:20Z,1,-41.12883,155.67151,1,357.2,1,34.819,1,10.333,1,357.2,1,10.333,1,34.819,1
5905618,2025-12-02T05:30:20Z,1,-41.12883,155.67151,1,359.2,1,34.812,1,10.294,1,359.2,1,10.294,1,34.812,1
5905618,2025-12-02T05:30:20Z,1,-41.12883,155.67151,1,361.2,1,34.811,1,10.276,1,361.2,1,10.276,1,34.811,1
5905618,2025-12-02T05:30:20Z,1,-41.12883,155.67151,1,363.2,1,34.808,1,10.266,1,363.2,1,10.266,1,34.808,1
5905618,2025-12-02T05:30:20Z,1,-41.12883,155.67151,1,365.1,1,34.807,1,10.255,1,365.1,1,10.255,1,34.807,1
5905618,2025-12-02T05:30:20Z,1,-41.12883,155.67151,1,367.0,1,34.805,1,10.242,1,367.0,1,10.242,1,34.805,1
5905618,2025-12-02T05:30:20Z,1,-41.12883,155.67151,1,369.2,1,34.802,1,10.229,1,369.2,1,10.229,1,34.802,1
5905618,2025-12-02T05:30:20Z,1,-41.12883,155.67151,1,371.3,1,34.799,1,10.217,1,371.3,1,10.217,1,34.799,1
5905618,2025-12-02T05:30:20Z,1,-41.12883,155.67151,1,373.3,1,34.796,1,10.18,1,373.3,1,10.18,1,34.796,1
5905618,2025-12-02T05:30:20Z,1,-41.12883,155.67151,1,375.3,1,34.79,1,10.152,1,375.3,1,10.152,1,34.79,1
5905618,2025-12-02T05:30:20Z,1,-41.12883,155.67151,1,377.4,1,34.789,1,10.141,1,377.4,1,10.141,1,34.789,1
5905618,2025-12-02T05:30:20Z,1,-41.12883,155.67151,1,379.3,1,34.787,1,10.125,1,379.3,1,10.125,1,34.787,1
5905618,2025-12-02T05:30:20Z,1,-41.12883,155.67151,1,381.3,1,34.783,1,10.091,1,381.3,1,10.091,1,34.783,1
5905618,2025-12-02T05:30:20Z,1,-41.12883,155.67151,1,383.4,1,34.779,1,10.083,1,383.4,1,10.083,1,34.779,1
5905618,2025-12-02T05:30:20Z,1,-41.12883,155.67151,1,385.5,1,34.783,1,10.064,1,385.5,1,10.064,1,34.783,1
5905618,2025-12-02T05:30:20Z,1,-41.12883,155.67151,1,387.5,1,34.772,1,10.047,1,387.5,1,10.047,1,34.772,1
5905618,2025-12-02T05:30:20Z,1,-41.12883,155.67151,1,389.6,1,34.775,1,10.039,1,389.6,1,10.039,1,34.775,1
5905618,2025-12-02T05:30:20Z,1,-41.12883,155.67151,1,391.7,1,34.771,1,10.016,1,391.7,1,10.016,1,34.771,1
5905618,2025-12-02T05:30:20Z,1,-41.12883,155.67151,1,393.8,1,34.767,1,9.996,1,393.8,1,9.996,1,34.767,1
5905618,2025-12-02T05:30:20Z,1,-41.12883,155.67151,1,395.8,1,34.764,1,9.985,1,395.8,1,9.985,1,34.764,1
5905618,2025-12-02T05:30:20Z,1,-41.12883,155.67151,1,397.4,1,34.762,1,9.978,1,397.4,1,9.978,1,34.762,1
5905618,2025-12-02T05:30:20Z,1,-41.12883,155.67151,1,399.0,1,34.76,1,9.942,1,399.0,1,9.942,1,34.76,1
5905618,2025-12-02T05:30:20Z,1,-41.12883,155.67151,1,401.2,1,34.753,1,9.911,1,401.2,1,9.911,1,34.753,1
5905618,2025-12-02T05:30:20Z,1,-41.12883,155.67151,1,403.3,1,34.751,1,9.897,1,403.3,1,9.897,1,34.751,1
5905618,2025-12-02T05:30:20Z,1,-41.12883,155.67151,1,405.5,1,34.749,1,9.88,1,405.5,1,9.88,1,34.749,1
5905618,2025-12-02T05:30:20Z,1,-41.12883,155.67151,1,407.7,1,34.747,1,9.852,1,407.7,1,9.852,1,34.747,1
5905618,2025-12-02T05:30:20Z,1,-41.12883,155.67151,1,409.8,1,34.741,1,9.826,1,409.8,1,9.826,1,34.741,1
5905618,2025-12-02T05:30:20Z,1,-41.12883,155.67151,1,411.5,1,34.737,1,9.804,1,411.5,1,9.804,1,34.737,1
5905618,2025-12-02T05:30:20Z,1,-41.12883,155.67151,1,413.0,1,34.733,1,9.76,1,413.0,1,9.76,1,34.733,1
5905618,2025-12-02T05:30:20Z,1,-41.12883,155.67151,1,415.2,1,34.729,1,9.728,1,415.2,1,9.728,1,34.729,1
5905618,2025-12-02T05:30:20Z,1,-41.12883,155.67151,1,417.4,1,34.726,1,9.721,1,417.4,1,9.721,1,34.726,1
5905618,2025-12-02T05:30:20Z,1,-41.12883,155.67151,1,419.6,1,34.725,1,9.716,1,419.6,1,9.716,1,34.725,1
5905618,2025-12-02T05:30:20Z,1,-41.12883,155.67151,1,421.8,1,34.724,1,9.703,1,421.8,1,9.703,1,34.724,1
5905618,2025-12-02T05:30:20Z,1,-41.12883,155.67151,1,423.5,1,34.722,1,9.693,1,423.5,1,9.693,1,34.722,1
5905618,2025-12-02T05:30:20Z,1,-41.12883,155.67151,1,425.1,1,34.719,1,9.671,1,425.1,1,9.671,1,34.719,1
5905618,2025-12-02T05:30:20Z,1,-41.12883,155.67151,1,427.3,1,34.715,1,9.651,1,427.3,1,9.651,1,34.715,1
5905618,2025-12-02T05:30:20Z,1,-41.12883,155.67151,1,429.5,1,34.713,1,9.627,1,429.5,1,9.627,1,34.713,1
5905618,2025-12-02T05:30:20Z,1,-41.12883,155.67151,1,431.8,1,34.71,1,9.605,1,431.8,1,9.605,1,34.71,1
5905618,2025-12-02T05:30:20Z,1,-41.12883,155.67151,1,433.5,1,34.708,1,9.586,1,433.5,1,9.586,1,34.708,1
5905618,2025-12-02T05:30:20Z,1,-41.12883,155.67151,1,435.1,1,34.705,1,9.578,1,435.1,1,9.578,1,34.705,1
5905618,2025-12-02T05:30:20Z,1,-41.12883,155.67151,1,437.4,1,34.704,1,9.558,1,437.4,1,9.558,1,34.704,1
5905618,2025-12-02T05:30:20Z,1,-41.12883,155.67151,1,439.6,1,34.7,1,9.515,1,439.6,1,9.515,1,34.7,1
5905618,2025-12-02T05:30:20Z,1,-41.12883,155.67151,1,441.8,1,34.695,1,9.5,1,441.8,1,9.5,1,34.695,1
5905618,2025-12-02T05:30:20Z,1,-41.12883,155.67151,1,443.5,1,34.692,1,9.483,1,443.5,1,9.483,1,34.692,1
5905618,2025-12-02T05:30:20Z,1,-41.12883,155.67151,1,445.1,1,34.686,1,9.424,1,445.1,1,9.424,1,34.686,1
5905618,2025-12-02T05:30:20Z,1,-41.12883,155.67151,1,447.4,1,34.678,1,9.38,1,447.4,1,9.38,1,34.678,1
5905618,2025-12-02T05:30:20Z,1,-41.12883,155.67151,1,449.7,1,34.676,1,9.354,1,449.7,1,9.354,1,34.676,1
5905618,2025-12-02T05:30:20Z,1,-41.12883,155.67151,1,451.4,1,34.673,1,9.337,1,451.4,1,9.337,1,34.673,1
5905618,2025-12-02T05:30:20Z,1,-41.12883,155.67151,1,453.2,1,34.671,1,9.322,1,453.2,1,9.322,1,34.671,1
5905618,2025-12-02T05:30:20Z,1,-41.12883,155.67151,1,455.5,1,34.67,1,9.314,1,455.5,1,9.314,1,34.67,1
5905618,2025-12-02T05:30:20Z,1,-41.12883,155.67151,1,457.3,1,34.669,1,9.311,1,457.3,1,9.311,1,34.669,1
5905618,2025-12-02T05:30:20Z,1,-41.12883,155.67151,1,459.1,1,34.668,1,9.299,1,459.1,1,9.299,1,34.668,1
5905618,2025-12-02T05:30:20Z,1,-41.12883,155.67151,1,461.6,1,34.667,1,9.288,1,461.6,1,9.288,1,34.667,1
5905618,2025-12-02T05:30:20Z,1,-41.12883,155.67151,1,463.5,1,34.666,1,9.283,1,463.5,1,9.283,1,34.666,1
5905618,2025-12-02T05:30:20Z,1,-41.12883,155.67151,1,465.2,1,34.665,1,9.277,1,465.2,1,9.277,1,34.665,1
5905618,2025-12-02T05:30:20Z,1,-41.12883,155.67151,1,467.5,1,34.663,1,9.266,1,467.5,1,9.266,1,34.663,1
5905618,2025-12-02T05:30:20Z,1,-41.12883,155.67151,1,469.8,1,34.662,1,9.259,1,469.8,1,9.259,1,34.662,1
5905618,2025-12-02T05:30:20Z,1,-41.12883,155.67151,1,471.6,1,34.66,1,9.237,1,471.6,1,9.237,1,34.66,1
5905618,2025-12-02T05:30:20Z,1,-41.12883,155.67151,1,473.4,1,34.658,1,9.213,1,473.4,1,9.213,1,34.658,1
5905618,2025-12-02T05:30:20Z,1,-41.12883,155.67151,1,475.3,1,34.654,1,9.182,1,475.3,1,9.182,1,34.654,1
5905618,2025-12-02T05:30:20Z,1,-41.12883,155.67151,1,477.1,1,34.651,1,9.156,1,477.1,1,9.156,1,34.651,1
5905618,2025-12-02T05:30:20Z,1,-41.12883,155.67151,1,479.6,1,34.65,1,9.147,1,479.6,1,9.147,1,34.65,1
5905618,2025-12-02T05:30:20Z,1,-41.12883,155.67151,1,481.5,1,34.649,1,9.142,1,481.5,1,9.142,1,34.649,1
5905618,2025-12-02T05:30:20Z,1,-41.12883,155.67151,1,483.3,1,34.647,1,9.128,1,483.3,1,9.128,1,34.647,1
5905618,2025-12-02T05:30:20Z,1,-41.12883,155.67151,1,485.7,1,34.646,1,9.109,1,485.7,1,9.109,1,34.646,1
5905618,2025-12-02T05:30:20Z,1,-41.12883,155.67151,1,487.6,1,34.644,1,9.095,1,487.6,1,9.095,1,34.644,1
5905618,2025-12-02T05:30:20Z,1,-41.12883,155.67151,1,489.4,1,34.642,1,9.082,1,489.4,1,9.082,1,34.642,1
5905618,2025-12-02T05:30:20Z,1,-41.12883,155.67151,1,491.2,1,34.642,1,9.081,1,491.2,1,9.081,1,34.642,1
5905618,2025-12-02T05:30:20Z,1,-41.12883,155.67151,1,493.1,1,34.64,1,9.078,1,493.1,1,9.078,1,34.64,1
5905618,2025-12-02T05:30:20Z,1,-41.12883,155.67151,1,495.5,1,34.639,1,9.061,1,495.5,1,9.061,1,34.639,1
5905618,2025-12-02T05:30:20Z,1,-41.12883,155.67151,1,497.4,1,34.637,1,9.042,1,497.4,1,9.042,1,34.637,1
5905618,2025-12-02T05:30:20Z,1,-41.12883,155.67151,1,499.3,1,34.636,1,9.028,1,499.3,1,9.028,1,34.636,1
5905618,2025-12-02T05:30:20Z,1,-41.12883,155.67151,1,501.2,1,34.635,1,9.017,1,501.2,1,9.017,1,34.635,1
5905618,2025-12-02T05:30:20Z,1,-41.12883,155.67151,1,503.1,1,34.634,1,9.013,1,503.1,1,9.013,1,34.634,1
5905618,2025-12-02T05:30:20Z,1,-41.12883,155.67151,1,505.6,1,34.632,1,9.006,1,505.6,1,9.006,1,34.632,1
5905618,2025-12-02T05:30:20Z,1,-41.12883,155.67151,1,507.5,1,34.631,1,9.002,1,507.5,1,9.002,1,34.631,1
5905618,2025-12-02T05:30:20Z,1,-41.12883,155.67151,1,509.4,1,34.628,1,8.961,1,509.4,1,8.961,1,34.628,1
5905618,2025-12-02T05:30:20Z,1,-41.12883,155.67151,1,511.2,1,34.622,1,8.896,1,511.2,1,8.896,1,34.622,1
5905618,2025-12-02T05:30:20Z,1,-41.12883,155.67151,1,513.1,1,34.619,1,8.884,1,513.1,1,8.884,1,34.619,1
5905618,2025-12-02T05:30:20Z,1,-41.12883,155.67151,1,515.6,1,34.619,1,8.883,1,515.6,1,8.883,1,34.619,1
5905618,2025-12-02T05:30:20Z,1,-41.12883,155.67151,1,517.5,1,34.616,1,8.851,1,517.5,1,8.851,1,34.616,1
5905618,2025-12-02T05:30:20Z,1,-41.12883,155.67151,1,519.4,1,34.615,1,8.836,1,519.4,1,8.836,1,34.615,1
5905618,2025-12-02T05:30:20Z,1,-41.12883,155.67151,1,521.3,1,34.613,1,8.813,1,521.3,1,8.813,1,34.613,1
5905618,2025-12-02T05:30:20Z,1,-41.12883,155.67151,1,523.2,1,34.612,1,8.813,1,523.2,1,8.813,1,34.612,1
5905618,2025-12-02T05:30:20Z,1,-41.12883,155.67151,1,525.7,1,34.612,1,8.812,1,525.7,1,8.812,1,34.612,1
5905618,2025-12-02T05:30:20Z,1,-41.12883,155.67151,1,527.6,1,34.611,1,8.811,1,527.6,1,8.811,1,34.611,1
5905618,2025-12-02T05:30:20Z,1,-41.12883,155.67151,1,529.4,1,34.612,1,8.808,1,529.4,1,8.808,1,34.612,1
5905618,2025-12-02T05:30:20Z,1,-41.12883,155.67151,1,531.3,1,34.609,1,8.798,1,531.3,1,8.798,1,34.609,1
5905618,2025-12-02T05:30:20Z,1,-41.12883,155.67151,1,533.1,1,34.609,1,8.794,1,533.1,1,8.794,1,34.609,1
5905618,2025-12-02T05:30:20Z,1,-41.12883,155.67151,1,535.6,1,34.608,1,8.78,1,535.6,1,8.78,1,34.608,1
5905618,2025-12-02T05:30:20Z,1,-41.12883,155.67151,1,537.5,1,34.607,1,8.773,1,537.5,1,8.773,1,34.607,1
5905618,2025-12-02T05:30:20Z,1,-41.12883,155.67151,1,539.4,1,34.606,1,8.766,1,539.4,1,8.766,1,34.606,1
5905618,2025-12-02T05:30:20Z,1,-41.12883,155.67151,1,541.3,1,34.606,1,8.764,1,541.3,1,8.764,1,34.606,1
5905618,2025-12-02T05:30:20Z,1,-41.12883,155.67151,1,543.1,1,34.604,1,8.745,1,543.1,1,8.745,1,34.604,1
5905618,2025-12-02T05:30:20Z,1,-41.12883,155.67151,1,545.6,1,34.602,1,8.733,1,545.6,1,8.733,1,34.602,1
5905618,2025-12-02T05:30:20Z,1,-41.12883,155.67151,1,547.4,1,34.602,1,8.73,1,547.4,1,8.73,1,34.602,1
5905618,2025-12-02T05:30:20Z,1,-41.12883,155.67151,1,549.3,1,34.603,1,8.73,1,549.3,1,8.73,1,34.603,1
5905618,2025-12-02T05:30:20Z,1,-41.12883,155.67151,1,551.8,1,34.602,1,8.725,1,551.8,1,8.725,1,34.602,1
5905618,2025-12-02T05:30:20Z,1,-41.12883,155.67151,1,553.6,1,34.602,1,8.716,1,553.6,1,8.716,1,34.602,1
5905618,2025-12-02T05:30:20Z,1,-41.12883,155.67151,1,555.5,1,34.602,1,8.709,1,555.5,1,8.709,1,34.602,1
5905618,2025-12-02T05:30:20Z,1,-41.12883,155.67151,1,557.3,1,34.599,1,8.688,1,557.3,1,8.688,1,34.599,1
5905618,2025-12-02T05:30:20Z,1,-41.12883,155.67151,1,559.2,1,34.598,1,8.666,1,559.2,1,8.666,1,34.598,1
5905618,2025-12-02T05:30:20Z,1,-41.12883,155.67151,1,561.7,1,34.596,1,8.642,1,561.7,1,8.642,1,34.596,1
5905618,2025-12-02T05:30:20Z,1,-41.12883,155.67151,1,563.6,1,34.595,1,8.632,1,563.6,1,8.632,1,34.595,1
5905618,2025-12-02T05:30:20Z,1,-41.12883,155.67151,1,565.4,1,34.594,1,8.623,1,565.4,1,8.623,1,34.594,1
5905618,2025-12-02T05:30:20Z,1,-41.12883,155.67151,1,567.2,1,34.594,1,8.624,1,567.2,1,8.624,1,34.594,1
5905618,2025-12-02T05:30:20Z,1,-41.12883,155.67151,1,569.1,1,34.594,1,8.606,1,569.1,1,8.606,1,34.594,1
5905618,2025-12-02T05:30:20Z,1,-41.12883,155.67151,1,571.5,1,34.591,1,8.582,1,571.5,1,8.582,1,34.591,1
5905618,2025-12-02T05:30:20Z,1,-41.12883,155.67151,1,573.3,1,34.592,1,8.57,1,573.3,1,8.57,1,34.592,1
5905618,2025-12-02T05:30:20Z,1,-41.12883,155.67151,1,575.1,1,34.588,1,8.548,1,575.1,1,8.548,1,34.588,1
5905618,2025-12-02T05:30:20Z,1,-41.12883,155.67151,1,577.5,1,34.586,1,8.53,1,577.5,1,8.53,1,34.586,1
5905618,2025-12-02T05:30:20Z,1,-41.12883,155.67151,1,579.3,1,34.585,1,8.519,1,579.3,1,8.519,1,34.585,1
5905618,2025-12-02T05:30:20Z,1,-41.12883,155.67151,1,581.1,1,34.583,1,8.505,1,581.1,1,8.505,1,34.583,1
5905618,2025-12-02T05:30:20Z,1,-41.12883,155.67151,1,583.6,1,34.581,1,8.479,1,583.6,1,8.479,1,34.581,1
5905618,2025-12-02T05:30:20Z,1,-41.12883,155.67151,1,585.4,1,34.576,1,8.457,1,585.4,1,8.457,1,34.576,1
5905618,2025-12-02T05:30:20Z,1,-41.12883,155.67151,1,587.2,1,34.575,1,8.446,1,587.2,1,8.446,1,34.575,1
5905618,2025-12-02T05:30:20Z,1,-41.12883,155.67151,1,589.6,1,34.573,1,8.436,1,589.6,1,8.436,1,34.573,1
5905618,2025-12-02T05:30:20Z,1,-41.12883,155.67151,1,591.4,1,34.572,1,8.412,1,591.4,1,8.412,1,34.572,1
5905618,2025-12-02T05:30:20Z,1,-41.12883,155.67151,1,593.2,1,34.569,1,8.387,1,593.2,1,8.387,1,34.569,1
5905618,2025-12-02T05:30:20Z,1,-41.12883,155.67151,1,595.6,1,34.569,1,8.336,1,595.6,1,8.336,1,34.569,1
5905618,2025-12-02T05:30:20Z,1,-41.12883,155.67151,1,597.3,1,34.565,1,8.313,1,597.3,1,8.313,1,34.565,1
5905618,2025-12-02T05:30:20Z,1,-41.12883,155.67151,1,599.1,1,34.564,1,8.303,1,599.1,1,8.303,1,34.564,1
5905618,2025-12-02T05:30:20Z,1,-41.12883,155.67151,1,601.4,1,34.563,1,8.277,1,601.4,1,8.277,1,34.563,1
5905618,2025-12-02T05:30:20Z,1,-41.12883,155.67151,1,603.6,1,34.562,1,8.27,1,603.6,1,8.27,1,34.562,1
5905618,2025-12-02T05:30:20Z,1,-41.12883,155.67151,1,605.3,1,34.562,1,8.269,1,605.3,1,8.269,1,34.562,1
5905618,2025-12-02T05:30:20Z,1,-41.12883,155.67151,1,607.0,1,34.561,1,8.265,1,607.0,1,8.265,1,34.561,1
5905618,2025-12-02T05:30:20Z,1,-41.12883,155.67151,1,609.2,1,34.561,1,8.261,1,609.2,1,8.261,1,34.561,1
5905618,2025-12-02T05:30:20Z,1,-41.12883,155.67151,1,611.5,1,34.561,1,8.251,1,611.5,1,8.251,1,34.561,1
5905618,2025-12-02T05:30:20Z,1,-41.12883,155.67151,1,613.7,1,34.56,1,8.243,1,613.7,1,8.243,1,34.56,1
5905618,2025-12-02T05:30:20Z,1,-41.12883,155.67151,1,615.4,1,34.56,1,8.234,1,615.4,1,8.234,1,34.56,1
5905618,2025-12-02T05:30:20Z,1,-41.12883,155.67151,1,617.0,1,34.56,1,8.22,1,617.0,1,8.22,1,34.56,1
5905618,2025-12-02T05:30:20Z,1,-41.12883,155.67151,1,619.2,1,34.56,1,8.202,1,619.2,1,8.202,1,34.56,1
5905618,2025-12-02T05:30:20Z,1,-41.12883,155.67151,1,621.4,1,34.558,1,8.189,1,621.4,1,8.189,1,34.558,1
5905618,2025-12-02T05:30:20Z,1,-41.12883,155.67151,1,623.5,1,34.556,1,8.161,1,623.5,1,8.161,1,34.556,1
5905618,2025-12-02T05:30:20Z,1,-41.12883,155.67151,1,625.6,1,34.555,1,8.148,1,625.6,1,8.148,1,34.555,1
5905618,2025-12-02T05:30:20Z,1,-41.12883,155.67151,1,627.8,1,34.554,1,8.14,1,627.8,1,8.14,1,34.554,1
5905618,2025-12-02T05:30:20Z,1,-41.12883,155.67151,1,629.4,1,34.552,1,8.135,1,629.4,1,8.135,1,34.552,1
5905618,2025-12-02T05:30:20Z,1,-41.12883,155.67151,1,631.0,1,34.549,1,8.089,1,631.0,1,8.089,1,34.549,1
5905618,2025-12-02T05:30:20Z,1,-41.12883,155.67151,1,633.1,1,34.545,1,8.068,1,633.1,1,8.068,1,34.545,1
5905618,2025-12-02T05:30:20Z,1,-41.12883,155.67151,1,635.3,1,34.542,1,8.028,1,635.3,1,8.028,1,34.542,1
5905618,2025-12-02T05:30:20Z,1,-41.12883,155.67151,1,637.4,1,34.539,1,8.003,1,637.4,1,8.003,1,34.539,1
5905618,2025-12-02T05:30:20Z,1,-41.12883,155.67151,1,639.5,1,34.536,1,7.975,1,639.5,1,7.975,1,34.536,1
5905618,2025-12-02T05:30:20Z,1,-41.12883,155.67151,1,641.5,1,34.533,1,7.941,1,641.5,1,7.941,1,34.533,1
5905618,2025-12-02T05:30:20Z,1,-41.12883,155.67151,1,643.6,1,34.53,1,7.909,1,643.6,1,7.909,1,34.53,1
5905618,2025-12-02T05:30:20Z,1,-41.12883,155.67151,1,645.6,1,34.528,1,7.902,1,645.6,1,7.902,1,34.528,1
5905618,2025-12-02T05:30:20Z,1,-41.12883,155.67151,1,647.6,1,34.527,1,7.878,1,647.6,1,7.878,1,34.527,1
5905618,2025-12-02T05:30:20Z,1,-41.12883,155.67151,1,649.6,1,34.526,1,7.848,1,649.6,1,7.848,1,34.526,1
5905618,2025-12-02T05:30:20Z,1,-41.12883,155.67151,1,651.7,1,34.525,1,7.826,1,651.7,1,7.826,1,34.525,1
5905618,2025-12-02T05:30:20Z,1,-41.12883,155.67151,1,653.7,1,34.524,1,7.819,1,653.7,1,7.819,1,34.524,1
5905618,2025-12-02T05:30:20Z,1,-41.12883,155.67151,1,655.7,1,34.525,1,7.814,1,655.7,1,7.814,1,34.525,1
5905618,2025-12-02T05:30:20Z,1,-41.12883,155.67151,1,657.6,1,34.525,1,7.807,1,657.6,1,7.807,1,34.525,1
5905618,2025-12-02T05:30:20Z,1,-41.12883,155.67151,1,659.5,1,34.523,1,7.781,1,659.5,1,7.781,1,34.523,1
5905618,2025-12-02T05:30:20Z,1,-41.12883,155.67151,1,661.5,1,34.522,1,7.756,1,661.5,1,7.756,1,34.522,1
5905618,2025-12-02T05:30:20Z,1,-41.12883,155.67151,1,663.4,1,34.522,1,7.736,1,663.4,1,7.736,1,34.522,1
5905618,2025-12-02T05:30:20Z,1,-41.12883,155.67151,1,665.3,1,34.52,1,7.721,1,665.3,1,7.721,1,34.52,1
5905618,2025-12-02T05:30:20Z,1,-41.12883,155.67151,1,667.5,1,34.519,1,7.702,1,667.5,1,7.702,1,34.519,1
5905618,2025-12-02T05:30:20Z,1,-41.12883,155.67151,1,669.4,1,34.52,1,7.704,1,669.4,1,7.704,1,34.52,1
5905618,2025-12-02T05:30:20Z,1,-41.12883,155.67151,1,671.3,1,34.519,1,7.701,1,671.3,1,7.701,1,34.519,1
5905618,2025-12-02T05:30:20Z,1,-41.12883,155.67151,1,673.6,1,34.518,1,7.698,1,673.6,1,7.698,1,34.518,1
5905618,2025-12-02T05:30:20Z,1,-41.12883,155.67151,1,675.6,1,34.519,1,7.685,1,675.6,1,7.685,1,34.519,1
5905618,2025-12-02T05:30:20Z,1,-41.12883,155.67151,1,677.6,1,34.515,1,7.649,1,677.6,1,7.649,1,34.515,1
5905618,2025-12-02T05:30:20Z,1,-41.12883,155.67151,1,679.6,1,34.515,1,7.636,1,679.6,1,7.636,1,34.515,1
5905618,2025-12-02T05:30:20Z,1,-41.12883,155.67151,1,681.6,1,34.514,1,7.617,1,681.6,1,7.617,1,34.514,1
5905618,2025-12-02T05:30:20Z,1,-41.12883,155.67151,1,683.6,1,34.515,1,7.607,1,683.6,1,7.607,1,34.515,1
5905618,2025-12-02T05:30:20Z,1,-41.12883,155.67151,1,685.3,1,34.513,1,7.598,1,685.3,1,7.598,1,34.513,1
5905618,2025-12-02T05:30:20Z,1,-41.12883,155.67151,1,687.3,1,34.512,1,7.583,1,687.3,1,7.583,1,34.512,1
5905618,2025-12-02T05:30:20Z,1,-41.12883,155.67151,1,689.4,1,34.511,1,7.575,1,689.4,1,7.575,1,34.511,1
5905618,2025-12-02T05:30:20Z,1,-41.12883,155.67151,1,691.4,1,34.51,1,7.545,1,691.4,1,7.545,1,34.51,1
5905618,2025-12-02T05:30:20Z,1,-41.12883,155.67151,1,693.6,1,34.507,1,7.518,1,693.6,1,7.518,1,34.507,1
5905618,2025-12-02T05:30:20Z,1,-41.12883,155.67151,1,695.3,1,34.507,1,7.513,1,695.3,1,7.513,1,34.507,1
5905618,2025-12-02T05:30:20Z,1,-41.12883,155.67151,1,697.5,1,34.506,1,7.491,1,697.5,1,7.491,1,34.506,1
5905618,2025-12-02T05:30:20Z,1,-41.12883,155.67151,1,699.7,1,34.503,1,7.455,1,699.7,1,7.455,1,34.503,1
5905618,2025-12-02T05:30:20Z,1,-41.12883,155.67151,1,701.5,1,34.501,1,7.438,1,701.5,1,7.438,1,34.501,1
5905618,2025-12-02T05:30:20Z,1,-41.12883,155.67151,1,703.4,1,34.501,1,7.422,1,703.4,1,7.422,1,34.501,1
5905618,2025-12-02T05:30:20Z,1,-41.12883,155.67151,1,705.2,1,34.502,1,7.399,1,705.2,1,7.399,1,34.502,1
5905618,2025-12-02T05:30:20Z,1,-41.12883,155.67151,1,707.1,1,34.499,1,7.391,1,707.1,1,7.391,1,34.499,1
5905618,2025-12-02T05:30:20Z,1,-41.12883,155.67151,1,709.4,1,34.497,1,7.363,1,709.4,1,7.363,1,34.497,1
5905618,2025-12-02T05:30:20Z,1,-41.12883,155.67151,1,711.9,1,34.496,1,7.35,1,711.9,1,7.35,1,34.496,1
5905618,2025-12-02T05:30:20Z,1,-41.12883,155.67151,1,713.8,1,34.493,1,7.333,1,713.8,1,7.333,1,34.493,1
5905618,2025-12-02T05:30:20Z,1,-41.12883,155.67151,1,715.7,1,34.49,1,7.3,1,715.7,1,7.3,1,34.49,1
5905618,2025-12-02T05:30:20Z,1,-41.12883,155.67151,1,717.7,1,34.486,1,7.266,1,717.7,1,7.266,1,34.486,1
5905618,2025-12-02T05:30:20Z,1,-41.12883,155.67151,1,719.6,1,34.484,1,7.249,1,719.6,1,7.249,1,34.484,1
5905618,2025-12-02T05:30:20Z,1,-41.12883,155.67151,1,721.6,1,34.483,1,7.195,1,721.6,1,7.195,1,34.483,1
5905618,2025-12-02T05:30:20Z,1,-41.12883,155.67151,1,723.5,1,34.48,1,7.161,1,723.5,1,7.161,1,34.48,1
5905618,2025-12-02T05:30:20Z,1,-41.12883,155.67151,1,725.5,1,34.479,1,7.153,1,725.5,1,7.153,1,34.479,1
5905618,2025-12-02T05:30:20Z,1,-41.12883,155.67151,1,727.5,1,34.478,1,7.14,1,727.5,1,7.14,1,34.478,1
5905618,2025-12-02T05:30:20Z,1,-41.12883,155.67151,1,729.6,1,34.478,1,7.124,1,729.6,1,7.124,1,34.478,1
5905618,2025-12-02T05:30:20Z,1,-41.12883,155.67151,1,731.6,1,34.478,1,7.109,1,731.6,1,7.109,1,34.478,1
5905618,2025-12-02T05:30:20Z,1,-41.12883,155.67151,1,733.7,1,34.477,1,7.11,1,733.7,1,7.11,1,34.477,1
5905618,2025-12-02T05:30:20Z,1,-41.12883,155.67151,1,735.7,1,34.477,1,7.11,1,735.7,1,7.11,1,34.477,1
5905618,2025-12-02T05:30:20Z,1,-41.12883,155.67151,1,737.8,1,34.477,1,7.109,1,737.8,1,7.109,1,34.477,1
5905618,2025-12-02T05:30:20Z,1,-41.12883,155.67151,1,739.4,1,34.478,1,7.105,1,739.4,1,7.105,1,34.478,1
5905618,2025-12-02T05:30:20Z,1,-41.12883,155.67151,1,741.0,1,34.478,1,7.096,1,741.0,1,7.096,1,34.478,1
5905618,2025-12-02T05:30:20Z,1,-41.12883,155.67151,1,743.3,1,34.48,1,7.082,1,743.3,1,7.082,1,34.48,1
5905618,2025-12-02T05:30:20Z,1,-41.12883,155.67151,1,745.5,1,34.477,1,7.062,1,745.5,1,7.062,1,34.477,1
5905618,2025-12-02T05:30:20Z,1,-41.12883,155.67151,1,747.8,1,34.474,1,7.037,1,747.8,1,7.037,1,34.474,1
5905618,2025-12-02T05:30:20Z,1,-41.12883,155.67151,1,749.5,1,34.476,1,7.038,1,749.5,1,7.038,1,34.476,1
5905618,2025-12-02T05:30:20Z,1,-41.12883,155.67151,1,751.0,1,34.474,1,7.027,1,751.0,1,7.027,1,34.474,1
5905618,2025-12-02T05:30:20Z,1,-41.12883,155.67151,1,753.2,1,34.473,1,7.015,1,753.2,1,7.015,1,34.473,1
5905618,2025-12-02T05:30:20Z,1,-41.12883,155.67151,1,755.4,1,34.473,1,7.001,1,755.4,1,7.001,1,34.473,1
5905618,2025-12-02T05:30:20Z,1,-41.12883,155.67151,1,757.6,1,34.473,1,6.975,1,757.6,1,6.975,1,34.473,1
5905618,2025-12-02T05:30:20Z,1,-41.12883,155.67151,1,759.8,1,34.47,1,6.963,1,759.8,1,6.963,1,34.47,1
5905618,2025-12-02T05:30:20Z,1,-41.12883,155.67151,1,761.5,1,34.471,1,6.953,1,761.5,1,6.953,1,34.471,1
5905618,2025-12-02T05:30:20Z,1,-41.12883,155.67151,1,763.2,1,34.47,1,6.94,1,763.2,1,6.94,1,34.47,1
5905618,2025-12-02T05:30:20Z,1,-41.12883,155.67151,1,765.4,1,34.469,1,6.923,1,765.4,1,6.923,1,34.469,1
5905618,2025-12-02T05:30:20Z,1,-41.12883,155.67151,1,767.7,1,34.47,1,6.916,1,767.7,1,6.916,1,34.47,1
5905618,2025-12-02T05:30:20Z,1,-41.12883,155.67151,1,769.4,1,34.47,1,6.909,1,769.4,1,6.909,1,34.47,1
5905618,2025-12-02T05:30:20Z,1,-41.12883,155.67151,1,771.0,1,34.468,1,6.91,1,771.0,1,6.91,1,34.468,1
5905618,2025-12-02T05:30:20Z,1,-41.12883,155.67151,1,773.3,1,34.467,1,6.889,1,773.3,1,6.889,1,34.467,1
5905618,2025-12-02T05:30:20Z,1,-41.12883,155.67151,1,775.6,1,34.467,1,6.858,1,775.6,1,6.858,1,34.467,1
5905618,2025-12-02T05:30:20Z,1,-41.12883,155.67151,1,777.8,1,34.466,1,6.837,1,777.8,1,6.837,1,34.466,1
5905618,2025-12-02T05:30:20Z,1,-41.12883,155.67151,1,779.5,1,34.465,1,6.825,1,779.5,1,6.825,1,34.465,1
5905618,2025-12-02T05:30:20Z,1,-41.12883,155.67151,1,781.2,1,34.464,1,6.811,1,781.2,1,6.811,1,34.464,1
5905618,2025-12-02T05:30:20Z,1,-41.12883,155.67151,1,783.4,1,34.463,1,6.789,1,783.4,1,6.789,1,34.463,1
5905618,2025-12-02T05:30:20Z,1,-41.12883,155.67151,1,785.7,1,34.463,1,6.781,1,785.7,1,6.781,1,34.463,1
5905618,2025-12-02T05:30:20Z,1,-41.12883,155.67151,1,787.4,1,34.463,1,6.775,1,787.4,1,6.775,1,34.463,1
5905618,2025-12-02T05:30:20Z,1,-41.12883,155.67151,1,789.1,1,34.462,1,6.774,1,789.1,1,6.774,1,34.462,1
5905618,2025-12-02T05:30:20Z,1,-41.12883,155.67151,1,791.5,1,34.462,1,6.748,1,791.5,1,6.748,1,34.462,1
5905618,2025-12-02T05:30:20Z,1,-41.12883,155.67151,1,793.8,1,34.46,1,6.726,1,793.8,1,6.726,1,34.46,1
5905618,2025-12-02T05:30:20Z,1,-41.12883,155.67151,1,795.6,1,34.461,1,6.716,1,795.6,1,6.716,1,34.461,1
5905618,2025-12-02T05:30:20Z,1,-41.12883,155.67151,1,797.4,1,34.459,1,6.699,1,797.4,1,6.699,1,34.459,1
5905618,2025-12-02T05:30:20Z,1,-41.12883,155.67151,1,799.7,1,34.46,1,6.687,1,799.7,1,6.687,1,34.46,1
5905618,2025-12-02T05:30:20Z,1,-41.12883,155.67151,1,801.5,1,34.458,1,6.676,1,801.5,1,6.676,1,34.458,1
5905618,2025-12-02T05:30:20Z,1,-41.12883,155.67151,1,803.3,1,34.458,1,6.674,1,803.3,1,6.674,1,34.458,1
5905618,2025-12-02T05:30:20Z,1,-41.12883,155.67151,1,805.7,1,34.457,1,6.67,1,805.7,1,6.67,1,34.457,1
5905618,2025-12-02T05:30:20Z,1,-41.12883,155.67151,1,807.4,1,34.459,1,6.657,1,807.4,1,6.657,1,34.459,1
5905618,2025-12-02T05:30:20Z,1,-41.12883,155.67151,1,809.2,1,34.455,1,6.629,1,809.2,1,6.629,1,34.455,1
5905618,2025-12-02T05:30:20Z,1,-41.12883,155.67151,1,811.6,1,34.455,1,6.599,1,811.6,1,6.599,1,34.455,1
5905618,2025-12-02T05:30:20Z,1,-41.12883,155.67151,1,813.4,1,34.454,1,6.574,1,813.4,1,6.574,1,34.454,1
5905618,2025-12-02T05:30:20Z,1,-41.12883,155.67151,1,815.1,1,34.453,1,6.561,1,815.1,1,6.561,1,34.453,1
5905618,2025-12-02T05:30:20Z,1,-41.12883,155.67151,1,817.5,1,34.453,1,6.556,1,817.5,1,6.556,1,34.453,1
5905618,2025-12-02T05:30:20Z,1,-41.12883,155.67151,1,819.3,1,34.452,1,6.55,1,819.3,1,6.55,1,34.452,1
5905618,2025-12-02T05:30:20Z,1,-41.12883,155.67151,1,821.1,1,34.452,1,6.538,1,821.1,1,6.538,1,34.452,1
5905618,2025-12-02T05:30:20Z,1,-41.12883,155.67151,1,823.5,1,34.452,1,6.532,1,823.5,1,6.532,1,34.452,1
5905618,2025-12-02T05:30:20Z,1,-41.12883,155.67151,1,825.3,1,34.452,1,6.522,1,825.3,1,6.522,1,34.452,1
5905618,2025-12-02T05:30:20Z,1,-41.12883,155.67151,1,827.1,1,34.452,1,6.511,1,827.1,1,6.511,1,34.452,1
5905618,2025-12-02T05:30:20Z,1,-41.12883,155.67151,1,829.4,1,34.45,1,6.487,1,829.4,1,6.487,1,34.45,1
5905618,2025-12-02T05:30:20Z,1,-41.12883,155.67151,1,831.8,1,34.449,1,6.47,1,831.8,1,6.47,1,34.449,1
5905618,2025-12-02T05:30:20Z,1,-41.12883,155.67151,1,833.6,1,34.447,1,6.45,1,833.6,1,6.45,1,34.447,1
5905618,2025-12-02T05:30:20Z,1,-41.12883,155.67151,1,835.3,1,34.448,1,6.441,1,835.3,1,6.441,1,34.448,1
5905618,2025-12-02T05:30:20Z,1,-41.12883,155.67151,1,837.6,1,34.447,1,6.431,1,837.6,1,6.431,1,34.447,1
5905618,2025-12-02T05:30:20Z,1,-41.12883,155.67151,1,839.4,1,34.448,1,6.41,1,839.4,1,6.41,1,34.448,1
5905618,2025-12-02T05:30:20Z,1,-41.12883,155.67151,1,841.1,1,34.446,1,6.382,1,841.1,1,6.382,1,34.446,1
5905618,2025-12-02T05:30:20Z,1,-41.12883,155.67151,1,843.4,1,34.445,1,6.363,1,843.4,1,6.363,1,34.445,1
5905618,2025-12-02T05:30:20Z,1,-41.12883,155.67151,1,845.7,1,34.445,1,6.353,1,845.7,1,6.353,1,34.445,1
5905618,2025-12-02T05:30:20Z,1,-41.12883,155.67151,1,847.4,1,34.445,1,6.344,1,847.4,1,6.344,1,34.445,1
5905618,2025-12-02T05:30:20Z,1,-41.12883,155.67151,1,849.0,1,34.444,1,6.342,1,849.0,1,6.342,1,34.444,1
5905618,2025-12-02T05:30:20Z,1,-41.12883,155.67151,1,851.3,1,34.445,1,6.335,1,851.3,1,6.335,1,34.445,1
5905618,2025-12-02T05:30:20Z,1,-41.12883,155.67151,1,853.6,1,34.444,1,6.324,1,853.6,1,6.324,1,34.444,1
5905618,2025-12-02T05:30:20Z,1,-41.12883,155.67151,1,855.8,1,34.443,1,6.32,1,855.8,1,6.32,1,34.443,1
5905618,2025-12-02T05:30:20Z,1,-41.12883,155.67151,1,857.5,1,34.444,1,6.31,1,857.5,1,6.31,1,34.444,1
5905618,2025-12-02T05:30:20Z,1,-41.12883,155.67151,1,859.2,1,34.443,1,6.298,1,859.2,1,6.298,1,34.443,1
5905618,2025-12-02T05:30:20Z,1,-41.12883,155.67151,1,861.5,1,34.443,1,6.279,1,861.5,1,6.279,1,34.443,1
5905618,2025-12-02T05:30:20Z,1,-41.12883,155.67151,1,863.8,1,34.441,1,6.254,1,863.8,1,6.254,1,34.441,1
5905618,2025-12-02T05:30:20Z,1,-41.12883,155.67151,1,865.5,1,34.44,1,6.241,1,865.5,1,6.241,1,34.44,1
5905618,2025-12-02T05:30:20Z,1,-41.12883,155.67151,1,867.3,1,34.439,1,6.236,1,867.3,1,6.236,1,34.439,1
5905618,2025-12-02T05:30:20Z,1,-41.12883,155.67151,1,869.5,1,34.44,1,6.233,1,869.5,1,6.233,1,34.44,1
5905618,2025-12-02T05:30:20Z,1,-41.12883,155.67151,1,871.8,1,34.439,1,6.216,1,871.8,1,6.216,1,34.439,1
5905618,2025-12-02T05:30:20Z,1,-41.12883,155.67151,1,873.5,1,34.437,1,6.201,1,873.5,1,6.201,1,34.437,1
5905618,2025-12-02T05:30:20Z,1,-41.12883,155.67151,1,875.2,1,34.437,1,6.163,1,875.2,1,6.163,1,34.437,1
5905618,2025-12-02T05:30:20Z,1,-41.12883,155.67151,1,877.4,1,34.435,1,6.141,1,877.4,1,6.141,1,34.435,1
5905618,2025-12-02T05:30:20Z,1,-41.12883,155.67151,1,879.7,1,34.436,1,6.124,1,879.7,1,6.124,1,34.436,1
5905618,2025-12-02T05:30:20Z,1,-41.12883,155.67151,1,881.8,1,34.436,1,6.099,1,881.8,1,6.099,1,34.436,1
5905618,2025-12-02T05:30:20Z,1,-41.12883,155.67151,1,883.5,1,34.435,1,6.086,1,883.5,1,6.086,1,34.435,1
5905618,2025-12-02T05:30:20Z,1,-41.12883,155.67151,1,885.1,1,34.435,1,6.083,1,885.1,1,6.083,1,34.435,1
5905618,2025-12-02T05:30:20Z,1,-41.12883,155.67151,1,887.3,1,34.435,1,6.078,1,887.3,1,6.078,1,34.435,1
5905618,2025-12-02T05:30:20Z,1,-41.12883,155.67151,1,889.5,1,34.435,1,6.071,1,889.5,1,6.071,1,34.435,1
5905618,2025-12-02T05:30:20Z,1,-41.12883,155.67151,1,891.7,1,34.434,1,6.065,1,891.7,1,6.065,1,34.434,1
5905618,2025-12-02T05:30:20Z,1,-41.12883,155.67151,1,893.4,1,34.434,1,6.064,1,893.4,1,6.064,1,34.434,1
5905618,2025-12-02T05:30:20Z,1,-41.12883,155.67151,1,895.0,1,34.435,1,6.061,1,895.0,1,6.061,1,34.435,1
5905618,2025-12-02T05:30:20Z,1,-41.12883,155.67151,1,897.1,1,34.433,1,6.051,1,897.1,1,6.051,1,34.433,1
5905618,2025-12-02T05:30:20Z,1,-41.12883,155.67151,1,899.3,1,34.434,1,6.023,1,899.3,1,6.023,1,34.434,1
5905618,2025-12-02T05:30:20Z,1,-41.12883,155.67151,1,901.5,1,34.434,1,6.018,1,901.5,1,6.018,1,34.434,1
5905618,2025-12-02T05:30:20Z,1,-41.12883,155.67151,1,903.7,1,34.434,1,6.015,1,903.7,1,6.015,1,34.434,1
5905618,2025-12-02T05:30:20Z,1,-41.12883,155.67151,1,905.8,1,34.434,1,6.0,1,905.8,1,6.0,1,34.434,1
5905618,2025-12-02T05:30:20Z,1,-41.12883,155.67151,1,907.9,1,34.434,1,5.985,1,907.9,1,5.985,1,34.434,1
5905618,2025-12-02T05:30:20Z,1,-41.12883,155.67151,1,909.5,1,34.434,1,5.97,1,909.5,1,5.97,1,34.434,1
5905618,2025-12-02T05:30:20Z,1,-41.12883,155.67151,1,911.0,1,34.433,1,5.964,1,911.0,1,5.964,1,34.433,1
5905618,2025-12-02T05:30:20Z,1,-41.12883,155.67151,1,913.1,1,34.433,1,5.958,1,913.1,1,5.958,1,34.433,1
5905618,2025-12-02T05:30:20Z,1,-41.12883,155.67151,1,915.2,1,34.433,1,5.938,1,915.2,1,5.938,1,34.433,1
5905618,2025-12-02T05:30:20Z,1,-41.12883,155.67151,1,917.2,1,34.433,1,5.925,1,917.2,1,5.925,1,34.433,1
5905618,2025-12-02T05:30:20Z,1,-41.12883,155.67151,1,919.5,1,34.432,1,5.914,1,919.5,1,5.914,1,34.432,1
5905618,2025-12-02T05:30:20Z,1,-41.12883,155.67151,1,921.5,1,34.433,1,5.896,1,921.5,1,5.896,1,34.433,1
5905618,2025-12-02T05:30:20Z,1,-41.12883,155.67151,1,923.5,1,34.432,1,5.884,1,923.5,1,5.884,1,34.432,1
5905618,2025-12-02T05:30:20Z,1,-41.12883,155.67151,1,925.4,1,34.431,1,5.878,1,925.4,1,5.878,1,34.431,1
5905618,2025-12-02T05:30:20Z,1,-41.12883,155.67151,1,927.4,1,34.431,1,5.876,1,927.4,1,5.876,1,34.431,1
5905618,2025-12-02T05:30:20Z,1,-41.12883,155.67151,1,929.4,1,34.43,1,5.868,1,929.4,1,5.868,1,34.43,1
5905618,2025-12-02T05:30:20Z,1,-41.12883,155.67151,1,931.5,1,34.43,1,5.851,1,931.5,1,5.851,1,34.43,1
5905618,2025-12-02T05:30:20Z,1,-41.12883,155.67151,1,933.5,1,34.431,1,5.822,1,933.5,1,5.822,1,34.431,1
5905618,2025-12-02T05:30:20Z,1,-41.12883,155.67151,1,935.5,1,34.43,1,5.805,1,935.5,1,5.805,1,34.43,1
5905618,2025-12-02T05:30:20Z,1,-41.12883,155.67151,1,937.6,1,34.429,1,5.782,1,937.6,1,5.782,1,34.429,1
5905618,2025-12-02T05:30:20Z,1,-41.12883,155.67151,1,939.3,1,34.43,1,5.764,1,939.3,1,5.764,1,34.43,1
5905618,2025-12-02T05:30:20Z,1,-41.12883,155.67151,1,941.4,1,34.429,1,5.757,1,941.4,1,5.757,1,34.429,1
5905618,2025-12-02T05:30:20Z,1,-41.12883,155.67151,1,943.5,1,34.429,1,5.748,1,943.5,1,5.748,1,34.429,1
5905618,2025-12-02T05:30:20Z,1,-41.12883,155.67151,1,945.2,1,34.428,1,5.742,1,945.2,1,5.742,1,34.428,1
5905618,2025-12-02T05:30:20Z,1,-41.12883,155.67151,1,947.3,1,34.428,1,5.726,1,947.3,1,5.726,1,34.428,1
5905618,2025-12-02T05:30:20Z,1,-41.12883,155.67151,1,949.5,1,34.428,1,5.689,1,949.5,1,5.689,1,34.428,1
5905618,2025-12-02T05:30:20Z,1,-41.12883,155.67151,1,951.2,1,34.427,1,5.671,1,951.2,1,5.671,1,34.427,1
5905618,2025-12-02T05:30:20Z,1,-41.12883,155.67151,1,953.5,1,34.427,1,5.661,1,953.5,1,5.661,1,34.427,1
5905618,2025-12-02T05:30:20Z,1,-41.12883,155.67151,1,955.6,1,34.427,1,5.654,1,955.6,1,5.654,1,34.427,1
5905618,2025-12-02T05:30:20Z,1,-41.12883,155.67151,1,957.4,1,34.428,1,5.65,1,957.4,1,5.65,1,34.428,1
5905618,2025-12-02T05:30:20Z,1,-41.12883,155.67151,1,959.2,1,34.427,1,5.648,1,959.2,1,5.648,1,34.427,1
5905618,2025-12-02T05:30:20Z,1,-41.12883,155.67151,1,961.1,1,34.427,1,5.64,1,961.1,1,5.64,1,34.427,1
5905618,2025-12-02T05:30:20Z,1,-41.12883,155.67151,1,963.4,1,34.426,1,5.63,1,963.4,1,5.63,1,34.426,1
5905618,2025-12-02T05:30:20Z,1,-41.12883,155.67151,1,965.7,1,34.426,1,5.597,1,965.7,1,5.597,1,34.426,1
5905618,2025-12-02T05:30:20Z,1,-41.12883,155.67151,1,967.6,1,34.424,1,5.576,1,967.6,1,5.576,1,34.424,1
5905618,2025-12-02T05:30:20Z,1,-41.12883,155.67151,1,969.5,1,34.424,1,5.557,1,969.5,1,5.557,1,34.424,1
5905618,2025-12-02T05:30:20Z,1,-41.12883,155.67151,1,971.5,1,34.424,1,5.519,1,971.5,1,5.519,1,34.424,1
5905618,2025-12-02T05:30:20Z,1,-41.12883,155.67151,1,973.4,1,34.424,1,5.508,1,973.4,1,5.508,1,34.424,1
5905618,2025-12-02T05:30:20Z,1,-41.12883,155.67151,1,975.4,1,34.424,1,5.49,1,975.4,1,5.49,1,34.424,1
5905618,2025-12-02T05:30:20Z,1,-41.12883,155.67151,1,977.4,1,34.423,1,5.479,1,977.4,1,5.479,1,34.423,1
5905618,2025-12-02T05:30:20Z,1,-41.12883,155.67151,1,979.4,1,34.423,1,5.473,1,979.4,1,5.473,1,34.423,1
5905618,2025-12-02T05:30:20Z,1,-41.12883,155.67151,1,981.4,1,34.423,1,5.468,1,981.4,1,5.468,1,34.423,1
5905618,2025-12-02T05:30:20Z,1,-41.12883,155.67151,1,983.4,1,34.423,1,5.455,1,983.4,1,5.455,1,34.423,1
5905618,2025-12-02T05:30:20Z,1,-41.12883,155.67151,1,985.4,1,34.424,1,5.446,1,985.4,1,5.446,1,34.424,1
5905618,2025-12-02T05:30:20Z,1,-41.12883,155.67151,1,987.4,1,34.424,1,5.441,1,987.4,1,5.441,1,34.424,1
5905618,2025-12-02T05:30:20Z,1,-41.12883,155.67151,1,989.5,1,34.425,1,5.43,1,989.5,1,5.43,1,34.425,1
5905618,2025-12-02T05:30:20Z,1,-41.12883,155.67151,1,991.6,1,34.423,1,5.421,1,991.6,1,5.421,1,34.423,1
5905618,2025-12-02T05:30:20Z,1,-41.12883,155.67151,1,993.7,1,34.423,1,5.407,1,993.7,1,5.407,1,34.423,1
5905618,2025-12-02T05:30:20Z,1,-41.12883,155.67151,1,995.9,1,34.423,1,5.39,1,995.9,1,5.39,1,34.423,1
5905618,2025-12-02T05:30:20Z,1,-41.12883,155.67151,1,997.5,1,34.424,1,5.373,1,997.5,1,5.373,1,34.424,1
5905618,2025-12-02T05:30:20Z,1,-41.12883,155.67151,1,999.1,1,34.423,1,5.369,1,999.1,1,5.369,1,34.423,1
5905618,2025-12-02T05:30:20Z,1,-41.12883,155.67151,1,1001.2,1,34.423,1,5.364,1,1001.2,1,5.364,1,34.423,1
5905618,2025-12-02T05:30:20Z,1,-41.12883,155.67151,1,1003.3,1,34.423,1,5.346,1,1003.3,1,5.346,1,34.423,1
5905618,2025-12-02T05:30:20Z,1,-41.12883,155.67151,1,1005.4,1,34.423,1,5.326,1,1005.4,1,5.326,1,34.423,1
5905618,2025-12-02T05:30:20Z,1,-41.12883,155.67151,1,1007.6,1,34.423,1,5.314,1,1007.6,1,5.314,1,34.423,1
5905618,2025-12-02T05:30:20Z,1,-41.12883,155.67151,1,1009.7,1,34.422,1,5.308,1,1009.7,1,5.308,1,34.422,1
5905618,2025-12-02T05:30:20Z,1,-41.12883,155.67151,1,1011.4,1,34.422,1,5.304,1,1011.4,1,5.304,1,34.422,1
5905618,2025-12-02T05:30:20Z,1,-41.12883,155.67151,1,1013.0,1,34.421,1,5.294,1,1013.0,1,5.294,1,34.421,1
5905618,2025-12-02T05:30:20Z,1,-41.12883,155.67151,1,1015.2,1,34.421,1,5.277,1,1015.2,1,5.277,1,34.421,1
5905618,2025-12-02T05:30:20Z,1,-41.12883,155.67151,1,1017.5,1,34.42,1,5.266,1,1017.5,1,5.266,1,34.42,1
5905618,2025-12-02T05:30:20Z,1,-41.12883,155.67151,1,1019.7,1,34.42,1,5.233,1,1019.7,1,5.233,1,34.42,1
5905618,2025-12-02T05:30:20Z,1,-41.12883,155.67151,1,1021.9,1,34.417,1,5.209,1,1021.9,1,5.209,1,34.417,1
5905618,2025-12-02T05:30:20Z,1,-41.12883,155.67151,1,1023.5,1,34.418,1,5.201,1,1023.5,1,5.201,1,34.418,1
5905618,2025-12-02T05:30:20Z,1,-41.12883,155.67151,1,1025.1,1,34.417,1,5.197,1,1025.1,1,5.197,1,34.417,1
5905618,2025-12-02T05:30:20Z,1,-41.12883,155.67151,1,1027.3,1,34.417,1,5.186,1,1027.3,1,5.186,1,34.417,1
5905618,2025-12-02T05:30:20Z,1,-41.12883,155.67151,1,1029.5,1,34.418,1,5.172,1,1029.5,1,5.172,1,34.418,1
5905618,2025-12-02T05:30:20Z,1,-41.12883,155.67151,1,1031.7,1,34.417,1,5.154,1,1031.7,1,5.154,1,34.417,1
5905618,2025-12-02T05:30:20Z,1,-41.12883,155.67151,1,1033.4,1,34.418,1,5.146,1,1033.4,1,5.146,1,34.418,1
5905618,2025-12-02T05:30:20Z,1,-41.12883,155.67151,1,1035.0,1,34.416,1,5.134,1,1035.0,1,5.134,1,34.416,1
5905618,2025-12-02T05:30:20Z,1,-41.12883,155.67151,1,1037.2,1,34.416,1,5.119,1,1037.2,1,5.119,1,34.416,1
5905618,2025-12-02T05:30:20Z,1,-41.12883,155.67151,1,1039.3,1,34.417,1,5.104,1,1039.3,1,5.104,1,34.417,1
5905618,2025-12-02T05:30:20Z,1,-41.12883,155.67151,1,1041.5,1,34.417,1,5.091,1,1041.5,1,5.091,1,34.417,1
5905618,2025-12-02T05:30:20Z,1,-41.12883,155.67151,1,1043.6,1,34.417,1,5.085,1,1043.6,1,5.085,1,34.417,1
5905618,2025-12-02T05:30:20Z,1,-41.12883,155.67151,1,1045.7,1,34.415,1,5.063,1,1045.7,1,5.063,1,34.415,1
5905618,2025-12-02T05:30:20Z,1,-41.12883,155.67151,1,1047.8,1,34.419,1,5.05,1,1047.8,1,5.05,1,34.419,1
5905618,2025-12-02T05:30:20Z,1,-41.12883,155.67151,1,1049.4,1,34.422,1,5.052,1,1049.4,1,5.052,1,34.422,1
5905618,2025-12-02T05:30:20Z,1,-41.12883,155.67151,1,1051.0,1,34.421,1,5.041,1,1051.0,1,5.041,1,34.421,1
5905618,2025-12-02T05:30:20Z,1,-41.12883,155.67151,1,1053.1,1,34.422,1,5.033,1,1053.1,1,5.033,1,34.422,1
5905618,2025-12-02T05:30:20Z,1,-41.12883,155.67151,1,1055.2,1,34.419,1,4.988,1,1055.2,1,4.988,1,34.419,1
5905618,2025-12-02T05:30:20Z,1,-41.12883,155.67151,1,1057.3,1,34.42,1,4.974,1,1057.3,1,4.974,1,34.42,1
5905618,2025-12-02T05:30:20Z,1,-41.12883,155.67151,1,1059.3,1,34.422,1,4.972,1,1059.3,1,4.972,1,34.422,1
5905618,2025-12-02T05:30:20Z,1,-41.12883,155.67151,1,1061.4,1,34.422,1,4.951,1,1061.4,1,4.951,1,34.422,1
5905618,2025-12-02T05:30:20Z,1,-41.12883,155.67151,1,1063.4,1,34.421,1,4.914,1,1063.4,1,4.914,1,34.421,1
5905618,2025-12-02T05:30:20Z,1,-41.12883,155.67151,1,1065.3,1,34.42,1,4.9,1,1065.3,1,4.9,1,34.42,1
5905618,2025-12-02T05:30:20Z,1,-41.12883,155.67151,1,1067.4,1,34.42,1,4.893,1,1067.4,1,4.893,1,34.42,1
5905618,2025-12-02T05:30:20Z,1,-41.12883,155.67151,1,1069.4,1,34.421,1,4.88,1,1069.4,1,4.88,1,34.421,1
5905618,2025-12-02T05:30:20Z,1,-41.12883,155.67151,1,1071.4,1,34.422,1,4.868,1,1071.4,1,4.868,1,34.422,1
5905618,2025-12-02T05:30:20Z,1,-41.12883,155.67151,1,1073.4,1,34.422,1,4.863,1,1073.4,1,4.863,1,34.422,1
5905618,2025-12-02T05:30:20Z,1,-41.12883,155.67151,1,1075.3,1,34.422,1,4.856,1,1075.3,1,4.856,1,34.422,1
5905618,2025-12-02T05:30:20Z,1,-41.12883,155.67151,1,1077.2,1,34.423,1,4.848,1,1077.2,1,4.848,1,34.423,1
5905618,2025-12-02T05:30:20Z,1,-41.12883,155.67151,1,1079.2,1,34.424,1,4.833,1,1079.2,1,4.833,1,34.424,1
5905618,2025-12-02T05:30:20Z,1,-41.12883,155.67151,1,1081.2,1,34.423,1,4.829,1,1081.2,1,4.829,1,34.423,1
5905618,2025-12-02T05:30:20Z,1,-41.12883,155.67151,1,1083.1,1,34.425,1,4.824,1,1083.1,1,4.824,1,34.425,1
5905618,2025-12-02T05:30:20Z,1,-41.12883,155.67151,1,1085.0,1,34.425,1,4.817,1,1085.0,1,4.817,1,34.425,1
5905618,2025-12-02T05:30:20Z,1,-41.12883,155.67151,1,1087.4,1,34.425,1,4.81,1,1087.4,1,4.81,1,34.425,1
5905618,2025-12-02T05:30:20Z,1,-41.12883,155.67151,1,1089.7,1,34.426,1,4.8,1,1089.7,1,4.8,1,34.426,1
5905618,2025-12-02T05:30:20Z,1,-41.12883,155.67151,1,1091.6,1,34.426,1,4.792,1,1091.6,1,4.792,1,34.426,1
5905618,2025-12-02T05:30:20Z,1,-41.12883,155.67151,1,1093.5,1,34.427,1,4.785,1,1093.5,1,4.785,1,34.427,1
5905618,2025-12-02T05:30:20Z,1,-41.12883,155.67151,1,1095.4,1,34.427,1,4.781,1,1095.4,1,4.781,1,34.427,1
5905618,2025-12-02T05:30:20Z,1,-41.12883,155.67151,1,1097.2,1,34.428,1,4.777,1,1097.2,1,4.777,1,34.428,1
5905618,2025-12-02T05:30:20Z,1,-41.12883,155.67151,1,1099.5,1,34.428,1,4.767,1,1099.5,1,4.767,1,34.428,1
5905618,2025-12-02T05:30:20Z,1,-41.12883,155.67151,1,1101.7,1,34.429,1,4.742,1,1101.7,1,4.742,1,34.429,1
5905618,2025-12-02T05:30:20Z,1,-41.12883,155.67151,1,1103.4,1,34.43,1,4.731,1,1103.4,1,4.731,1,34.43,1
5905618,2025-12-02T05:30:20Z,1,-41.12883,155.67151,1,1105.2,1,34.43,1,4.716,1,1105.2,1,4.716,1,34.43,1
5905618,2025-12-02T05:30:20Z,1,-41.12883,155.67151,1,1107.5,1,34.431,1,4.706,1,1107.5,1,4.706,1,34.431,1
5905618,2025-12-02T05:30:20Z,1,-41.12883,155.67151,1,1109.7,1,34.432,1,4.704,1,1109.7,1,4.704,1,34.432,1
5905618,2025-12-02T05:30:20Z,1,-41.12883,155.67151,1,1111.5,1,34.431,1,4.701,1,1111.5,1,4.701,1,34.431,1
5905618,2025-12-02T05:30:20Z,1,-41.12883,155.67151,1,1113.3,1,34.431,1,4.693,1,1113.3,1,4.693,1,34.431,1
5905618,2025-12-02T05:30:20Z,1,-41.12883,155.67151,1,1115.1,1,34.432,1,4.677,1,1115.1,1,4.677,1,34.432,1
5905618,2025-12-02T05:30:20Z,1,-41.12883,155.67151,1,1117.4,1,34.433,1,4.656,1,1117.4,1,4.656,1,34.433,1
5905618,2025-12-02T05:30:20Z,1,-41.12883,155.67151,1,1119.6,1,34.434,1,4.648,1,1119.6,1,4.648,1,34.434,1
5905618,2025-12-02T05:30:20Z,1,-41.12883,155.67151,1,1121.4,1,34.435,1,4.633,1,1121.4,1,4.633,1,34.435,1
5905618,2025-12-02T05:30:20Z,1,-41.12883,155.67151,1,1123.2,1,34.436,1,4.624,1,1123.2,1,4.624,1,34.436,1
5905618,2025-12-02T05:30:20Z,1,-41.12883,155.67151,1,1125.5,1,34.437,1,4.606,1,1125.5,1,4.606,1,34.437,1
5905618,2025-12-02T05:30:20Z,1,-41.12883,155.67151,1,1127.7,1,34.44,1,4.577,1,1127.7,1,4.577,1,34.44,1
5905618,2025-12-02T05:30:20Z,1,-41.12883,155.67151,1,1129.5,1,34.44,1,4.57,1,1129.5,1,4.57,1,34.44,1
5905618,2025-12-02T05:30:20Z,1,-41.12883,155.67151,1,1131.3,1,34.438,1,4.564,1,1131.3,1,4.564,1,34.438,1
5905618,2025-12-02T05:30:20Z,1,-41.12883,155.67151,1,1133.1,1,34.439,1,4.544,1,1133.1,1,4.544,1,34.439,1
5905618,2025-12-02T05:30:20Z,1,-41.12883,155.67151,1,1135.5,1,34.438,1,4.538,1,1135.5,1,4.538,1,34.438,1
5905618,2025-12-02T05:30:20Z,1,-41.12883,155.67151,1,1137.8,1,34.44,1,4.52,1,1137.8,1,4.52,1,34.44,1
5905618,2025-12-02T05:30:20Z,1,-41.12883,155.67151,1,1139.6,1,34.442,1,4.474,1,1139.6,1,4.474,1,34.442,1
5905618,2025-12-02T05:30:20Z,1,-41.12883,155.67151,1,1141.4,1,34.441,1,4.46,1,1141.4,1,4.46,1,34.441,1
5905618,2025-12-02T05:30:20Z,1,-41.12883,155.67151,1,1143.3,1,34.439,1,4.453,1,1143.3,1,4.453,1,34.439,1
5905618,2025-12-02T05:30:20Z,1,-41.12883,155.67151,1,1145.1,1,34.439,1,4.424,1,1145.1,1,4.424,1,34.439,1
5905618,2025-12-02T05:30:20Z,1,-41.12883,155.67151,1,1147.4,1,34.437,1,4.411,1,1147.4,1,4.411,1,34.437,1
5905618,2025-12-02T05:30:20Z,1,-41.12883,155.67151,1,1149.7,1,34.438,1,4.388,1,1149.7,1,4.388,1,34.438,1
5905618,2025-12-02T05:30:20Z,1,-41.12883,155.67151,1,1151.5,1,34.437,1,4.367,1,1151.5,1,4.367,1,34.437,1
5905618,2025-12-02T05:30:20Z,1,-41.12883,155.67151,1,1153.3,1,34.441,1,4.353,1,1153.3,1,4.353,1,34.441,1
5905618,2025-12-02T05:30:20Z,1,-41.12883,155.67151,1,1155.5,1,34.442,1,4.352,1,1155.5,1,4.352,1,34.442,1
5905618,2025-12-02T05:30:20Z,1,-41.12883,155.67151,1,1157.5,1,34.442,1,4.351,1,1157.5,1,4.351,1,34.442,1
5905618,2025-12-02T05:30:20Z,1,-41.12883,155.67151,1,1159.3,1,34.443,1,4.332,1,1159.3,1,4.332,1,34.443,1
5905618,2025-12-02T05:30:20Z,1,-41.12883,155.67151,1,1161.3,1,34.444,1,4.313,1,1161.3,1,4.313,1,34.444,1
5905618,2025-12-02T05:30:20Z,1,-41.12883,155.67151,1,1163.3,1,34.444,1,4.311,1,1163.3,1,4.311,1,34.444,1
5905618,2025-12-02T05:30:20Z,1,-41.12883,155.67151,1,1165.3,1,34.444,1,4.303,1,1165.3,1,4.303,1,34.444,1
5905618,2025-12-02T05:30:20Z,1,-41.12883,155.67151,1,1167.4,1,34.443,1,4.291,1,1167.4,1,4.291,1,34.443,1
5905618,2025-12-02T05:30:20Z,1,-41.12883,155.67151,1,1169.4,1,34.445,1,4.267,1,1169.4,1,4.267,1,34.445,1
5905618,2025-12-02T05:30:20Z,1,-41.12883,155.67151,1,1171.5,1,34.444,1,4.247,1,1171.5,1,4.247,1,34.444,1
5905618,2025-12-02T05:30:20Z,1,-41.12883,155.67151,1,1173.6,1,34.444,1,4.24,1,1173.6,1,4.24,1,34.444,1
5905618,2025-12-02T05:30:20Z,1,-41.12883,155.67151,1,1175.3,1,34.444,1,4.231,1,1175.3,1,4.231,1,34.444,1
5905618,2025-12-02T05:30:20Z,1,-41.12883,155.67151,1,1177.4,1,34.444,1,4.216,1,1177.4,1,4.216,1,34.444,1
5905618,2025-12-02T05:30:20Z,1,-41.12883,155.67151,1,1179.5,1,34.444,1,4.204,1,1179.5,1,4.204,1,34.444,1
5905618,2025-12-02T05:30:20Z,1,-41.12883,155.67151,1,1181.2,1,34.443,1,4.187,1,1181.2,1,4.187,1,34.443,1
5905618,2025-12-02T05:30:20Z,1,-41.12883,155.67151,1,1183.3,1,34.442,1,4.147,1,1183.3,1,4.147,1,34.442,1
5905618,2025-12-02T05:30:20Z,1,-41.12883,155.67151,1,1185.5,1,34.443,1,4.137,1,1185.5,1,4.137,1,34.443,1
5905618,2025-12-02T05:30:20Z,1,-41.12883,155.67151,1,1187.2,1,34.443,1,4.127,1,1187.2,1,4.127,1,34.443,1
5905618,2025-12-02T05:30:20Z,1,-41.12883,155.67151,1,1189.5,1,34.443,1,4.116,1,1189.5,1,4.116,1,34.443,1
5905618,2025-12-02T05:30:20Z,1,-41.12883,155.67151,1,1191.6,1,34.444,1,4.103,1,1191.6,1,4.103,1,34.444,1
5905618,2025-12-02T05:30:20Z,1,-41.12883,155.67151,1,1193.4,1,34.445,1,4.094,1,1193.4,1,4.094,1,34.445,1
5905618,2025-12-02T05:30:20Z,1,-41.12883,155.67151,1,1195.3,1,34.445,1,4.085,1,1195.3,1,4.085,1,34.445,1
5905618,2025-12-02T05:30:20Z,1,-41.12883,155.67151,1,1197.1,1,34.445,1,4.079,1,1197.1,1,4.079,1,34.445,1
5905618,2025-12-02T05:30:20Z,1,-41.12883,155.67151,1,1199.5,1,34.446,1,4.069,1,1199.5,1,4.069,1,34.446,1
5905618,2025-12-02T05:30:20Z,1,-41.12883,155.67151,1,1201.9,1,34.448,1,4.049,1,1201.9,1,4.049,1,34.448,1
5905618,2025-12-02T05:30:20Z,1,-41.12883,155.67151,1,1203.8,1,34.448,1,4.03,1,1203.8,1,4.03,1,34.448,1
5905618,2025-12-02T05:30:20Z,1,-41.12883,155.67151,1,1205.7,1,34.449,1,4.025,1,1205.7,1,4.025,1,34.449,1
5905618,2025-12-02T05:30:20Z,1,-41.12883,155.67151,1,1207.7,1,34.448,1,4.021,1,1207.7,1,4.021,1,34.448,1
5905618,2025-12-02T05:30:20Z,1,-41.12883,155.67151,1,1209.7,1,34.448,1,4.015,1,1209.7,1,4.015,1,34.448,1
5905618,2025-12-02T05:30:20Z,1,-41.12883,155.67151,1,1211.7,1,34.448,1,4.011,1,1211.7,1,4.011,1,34.448,1
5905618,2025-12-02T05:30:20Z,1,-41.12883,155.67151,1,1213.7,1,34.45,1,4.002,1,1213.7,1,4.002,1,34.45,1
5905618,2025-12-02T05:30:20Z,1,-41.12883,155.67151,1,1215.6,1,34.45,1,3.999,1,1215.6,1,3.999,1,34.45,1
5905618,2025-12-02T05:30:20Z,1,-41.12883,155.67151,1,1217.7,1,34.451,1,3.991,1,1217.7,1,3.991,1,34.451,1
5905618,2025-12-02T05:30:20Z,1,-41.12883,155.67151,1,1219.7,1,34.451,1,3.982,1,1219.7,1,3.982,1,34.451,1
5905618,2025-12-02T05:30:20Z,1,-41.12883,155.67151,1,1221.7,1,34.452,1,3.975,1,1221.7,1,3.975,1,34.452,1
5905618,2025-12-02T05:30:20Z,1,-41.12883,155.67151,1,1223.8,1,34.452,1,3.97,1,1223.8,1,3.97,1,34.452,1
5905618,2025-12-02T05:30:20Z,1,-41.12883,155.67151,1,1225.8,1,34.453,1,3.967,1,1225.8,1,3.967,1,34.453,1
5905618,2025-12-02T05:30:20Z,1,-41.12883,155.67151,1,1227.8,1,34.453,1,3.962,1,1227.8,1,3.962,1,34.453,1
5905618,2025-12-02T05:30:20Z,1,-41.12883,155.67151,1,1229.9,1,34.454,1,3.947,1,1229.9,1,3.947,1,34.454,1
5905618,2025-12-02T05:30:20Z,1,-41.12883,155.67151,1,1231.9,1,34.455,1,3.934,1,1231.9,1,3.934,1,34.455,1
5905618,2025-12-02T05:30:20Z,1,-41.12883,155.67151,1,1233.5,1,34.455,1,3.923,1,1233.5,1,3.923,1,34.455,1
5905618,2025-12-02T05:30:20Z,1,-41.12883,155.67151,1,1235.0,1,34.456,1,3.916,1,1235.0,1,3.916,1,34.456,1
5905618,2025-12-02T05:30:20Z,1,-41.12883,155.67151,1,1237.1,1,34.456,1,3.912,1,1237.1,1,3.912,1,34.456,1
5905618,2025-12-02T05:30:20Z,1,-41.12883,155.67151,1,1239.1,1,34.457,1,3.907,1,1239.1,1,3.907,1,34.457,1
5905618,2025-12-02T05:30:20Z,1,-41.12883,155.67151,1,1241.2,1,34.457,1,3.903,1,1241.2,1,3.903,1,34.457,1
5905618,2025-12-02T05:30:20Z,1,-41.12883,155.67151,1,1243.2,1,34.458,1,3.899,1,1243.2,1,3.899,1,34.458,1
5905618,2025-12-02T05:30:20Z,1,-41.12883,155.67151,1,1245.2,1,34.457,1,3.898,1,1245.2,1,3.898,1,34.457,1
5905618,2025-12-02T05:30:20Z,1,-41.12883,155.67151,1,1247.3,1,34.457,1,3.896,1,1247.3,1,3.896,1,34.457,1
5905618,2025-12-02T05:30:20Z,1,-41.12883,155.67151,1,1249.3,1,34.458,1,3.893,1,1249.3,1,3.893,1,34.458,1
5905618,2025-12-02T05:30:20Z,1,-41.12883,155.67151,1,1251.3,1,34.459,1,3.878,1,1251.3,1,3.878,1,34.459,1
5905618,2025-12-02T05:30:20Z,1,-41.12883,155.67151,1,1253.2,1,34.46,1,3.874,1,1253.2,1,3.874,1,34.46,1
5905618,2025-12-02T05:30:20Z,1,-41.12883,155.67151,1,1255.2,1,34.459,1,3.872,1,1255.2,1,3.872,1,34.459,1
5905618,2025-12-02T05:30:20Z,1,-41.12883,155.67151,1,1257.2,1,34.459,1,3.867,1,1257.2,1,3.867,1,34.459,1
5905618,2025-12-02T05:30:20Z,1,-41.12883,155.67151,1,1259.2,1,34.46,1,3.861,1,1259.2,1,3.861,1,34.46,1
5905618,2025-12-02T05:30:20Z,1,-41.12883,155.67151,1,1261.2,1,34.46,1,3.855,1,1261.2,1,3.855,1,34.46,1
5905618,2025-12-02T05:30:20Z,1,-41.12883,155.67151,1,1263.2,1,34.461,1,3.849,1,1263.2,1,3.849,1,34.461,1
5905618,2025-12-02T05:30:20Z,1,-41.12883,155.67151,1,1265.2,1,34.462,1,3.834,1,1265.2,1,3.834,1,34.462,1
5905618,2025-12-02T05:30:20Z,1,-41.12883,155.67151,1,1267.2,1,34.464,1,3.821,1,1267.2,1,3.821,1,34.464,1
5905618,2025-12-02T05:30:20Z,1,-41.12883,155.67151,1,1269.1,1,34.464,1,3.817,1,1269.1,1,3.817,1,34.464,1
5905618,2025-12-02T05:30:20Z,1,-41.12883,155.67151,1,1271.1,1,34.464,1,3.814,1,1271.1,1,3.814,1,34.464,1
5905618,2025-12-02T05:30:20Z,1,-41.12883,155.67151,1,1273.0,1,34.464,1,3.806,1,1273.0,1,3.806,1,34.464,1
5905618,2025-12-02T05:30:20Z,1,-41.12883,155.67151,1,1275.0,1,34.466,1,3.8,1,1275.0,1,3.8,1,34.466,1
5905618,2025-12-02T05:30:20Z,1,-41.12883,155.67151,1,1277.4,1,34.467,1,3.785,1,1277.4,1,3.785,1,34.467,1
5905618,2025-12-02T05:30:20Z,1,-41.12883,155.67151,1,1279.9,1,34.468,1,3.778,1,1279.9,1,3.778,1,34.468,1
5905618,2025-12-02T05:30:20Z,1,-41.12883,155.67151,1,1281.8,1,34.468,1,3.776,1,1281.8,1,3.776,1,34.468,1
5905618,2025-12-02T05:30:20Z,1,-41.12883,155.67151,1,1283.7,1,34.468,1,3.775,1,1283.7,1,3.775,1,34.468,1
5905618,2025-12-02T05:30:20Z,1,-41.12883,155.67151,1,1285.7,1,34.468,1,3.77,1,1285.7,1,3.77,1,34.468,1
5905618,2025-12-02T05:30:20Z,1,-41.12883,155.67151,1,1287.7,1,34.469,1,3.757,1,1287.7,1,3.757,1,34.469,1
5905618,2025-12-02T05:30:20Z,1,-41.12883,155.67151,1,1289.7,1,34.47,1,3.748,1,1289.7,1,3.748,1,34.47,1
5905618,2025-12-02T05:30:20Z,1,-41.12883,155.67151,1,1291.7,1,34.471,1,3.747,1,1291.7,1,3.747,1,34.471,1
5905618,2025-12-02T05:30:20Z,1,-41.12883,155.67151,1,1293.8,1,34.47,1,3.746,1,1293.8,1,3.746,1,34.47,1
5905618,2025-12-02T05:30:20Z,1,-41.12883,155.67151,1,1295.7,1,34.471,1,3.737,1,1295.7,1,3.737,1,34.471,1
5905618,2025-12-02T05:30:20Z,1,-41.12883,155.67151,1,1297.7,1,34.472,1,3.724,1,1297.7,1,3.724,1,34.472,1
5905618,2025-12-02T05:30:20Z,1,-41.12883,155.67151,1,1299.7,1,34.474,1,3.707,1,1299.7,1,3.707,1,34.474,1
5905618,2025-12-02T05:30:20Z,1,-41.12883,155.67151,1,1301.8,1,34.476,1,3.697,1,1301.8,1,3.697,1,34.476,1
5905618,2025-12-02T05:30:20Z,1,-41.12883,155.67151,1,1303.8,1,34.477,1,3.693,1,1303.8,1,3.693,1,34.477,1
5905618,2025-12-02T05:30:20Z,1,-41.12883,155.67151,1,1305.8,1,34.479,1,3.683,1,1305.8,1,3.683,1,34.479,1
5905618,2025-12-02T05:30:20Z,1,-41.12883,155.67151,1,1307.8,1,34.479,1,3.68,1,1307.8,1,3.68,1,34.479,1
5905618,2025-12-02T05:30:20Z,1,-41.12883,155.67151,1,1309.8,1,34.479,1,3.677,1,1309.8,1,3.677,1,34.479,1
5905618,2025-12-02T05:30:20Z,1,-41.12883,155.67151,1,1311.8,1,34.482,1,3.665,1,1311.8,1,3.665,1,34.482,1
5905618,2025-12-02T05:30:20Z,1,-41.12883,155.67151,1,1313.7,1,34.483,1,3.662,1,1313.7,1,3.662,1,34.483,1
5905618,2025-12-02T05:30:20Z,1,-41.12883,155.67151,1,1315.7,1,34.483,1,3.659,1,1315.7,1,3.659,1,34.483,1
5905618,2025-12-02T05:30:20Z,1,-41.12883,155.67151,1,1317.7,1,34.484,1,3.651,1,1317.7,1,3.651,1,34.484,1
5905618,2025-12-02T05:30:20Z,1,-41.12883,155.67151,1,1319.6,1,34.485,1,3.642,1,1319.6,1,3.642,1,34.485,1
5905618,2025-12-02T05:30:20Z,1,-41.12883,155.67151,1,1321.6,1,34.486,1,3.639,1,1321.6,1,3.639,1,34.486,1
5905618,2025-12-02T05:30:20Z,1,-41.12883,155.67151,1,1323.7,1,34.487,1,3.632,1,1323.7,1,3.632,1,34.487,1
5905618,2025-12-02T05:30:20Z,1,-41.12883,155.67151,1,1325.6,1,34.489,1,3.623,1,1325.6,1,3.623,1,34.489,1
5905618,2025-12-02T05:30:20Z,1,-41.12883,155.67151,1,1327.6,1,34.49,1,3.61,1,1327.6,1,3.61,1,34.49,1
5905618,2025-12-02T05:30:20Z,1,-41.12883,155.67151,1,1329.6,1,34.491,1,3.607,1,1329.6,1,3.607,1,34.491,1
5905618,2025-12-02T05:30:20Z,1,-41.12883,155.67151,1,1331.6,1,34.493,1,3.591,1,1331.6,1,3.591,1,34.493,1
5905618,2025-12-02T05:30:20Z,1,-41.12883,155.67151,1,1333.6,1,34.493,1,3.583,1,1333.6,1,3.583,1,34.493,1
5905618,2025-12-02T05:30:20Z,1,-41.12883,155.67151,1,1335.7,1,34.493,1,3.58,1,1335.7,1,3.58,1,34.493,1
5905618,2025-12-02T05:30:20Z,1,-41.12883,155.67151,1,1337.7,1,34.494,1,3.573,1,1337.7,1,3.573,1,34.494,1
5905618,2025-12-02T05:30:20Z,1,-41.12883,155.67151,1,1339.7,1,34.494,1,3.569,1,1339.7,1,3.569,1,34.494,1
5905618,2025-12-02T05:30:20Z,1,-41.12883,155.67151,1,1341.8,1,34.496,1,3.565,1,1341.8,1,3.565,1,34.496,1
5905618,2025-12-02T05:30:20Z,1,-41.12883,155.67151,1,1343.8,1,34.497,1,3.561,1,1343.8,1,3.561,1,34.497,1
5905618,2025-12-02T05:30:20Z,1,-41.12883,155.67151,1,1345.8,1,34.497,1,3.557,1,1345.8,1,3.557,1,34.497,1
5905618,2025-12-02T05:30:20Z,1,-41.12883,155.67151,1,1347.8,1,34.498,1,3.555,1,1347.8,1,3.555,1,34.498,1
5905618,2025-12-02T05:30:20Z,1,-41.12883,155.67151,1,1349.8,1,34.498,1,3.553,1,1349.8,1,3.553,1,34.498,1
5905618,2025-12-02T05:30:20Z,1,-41.12883,155.67151,1,1351.8,1,34.499,1,3.546,1,1351.8,1,3.546,1,34.499,1
5905618,2025-12-02T05:30:20Z,1,-41.12883,155.67151,1,1353.8,1,34.5,1,3.539,1,1353.8,1,3.539,1,34.5,1
5905618,2025-12-02T05:30:20Z,1,-41.12883,155.67151,1,1355.8,1,34.501,1,3.53,1,1355.8,1,3.53,1,34.501,1
5905618,2025-12-02T05:30:20Z,1,-41.12883,155.67151,1,1357.9,1,34.504,1,3.533,1,1357.9,1,3.533,1,34.504,1
5905618,2025-12-02T05:30:20Z,1,-41.12883,155.67151,1,1359.5,1,34.505,1,3.529,1,1359.5,1,3.529,1,34.505,1
5905618,2025-12-02T05:30:20Z,1,-41.12883,155.67151,1,1361.0,1,34.505,1,3.526,1,1361.0,1,3.526,1,34.505,1
5905618,2025-12-02T05:30:20Z,1,-41.12883,155.67151,1,1363.1,1,34.505,1,3.499,1,1363.1,1,3.499,1,34.505,1
5905618,2025-12-02T05:30:20Z,1,-41.12883,155.67151,1,1365.1,1,34.504,1,3.491,1,1365.1,1,3.491,1,34.504,1
5905618,2025-12-02T05:30:20Z,1,-41.12883,155.67151,1,1367.2,1,34.506,1,3.488,1,1367.2,1,3.488,1,34.506,1
5905618,2025-12-02T05:30:20Z,1,-41.12883,155.67151,1,1369.2,1,34.505,1,3.483,1,1369.2,1,3.483,1,34.505,1
5905618,2025-12-02T05:30:20Z,1,-41.12883,155.67151,1,1371.2,1,34.506,1,3.479,1,1371.2,1,3.479,1,34.506,1
5905618,2025-12-02T05:30:20Z,1,-41.12883,155.67151,1,1373.3,1,34.506,1,3.469,1,1373.3,1,3.469,1,34.506,1
5905618,2025-12-02T05:30:20Z,1,-41.12883,155.67151,1,1375.3,1,34.506,1,3.464,1,1375.3,1,3.464,1,34.506,1
5905618,2025-12-02T05:30:20Z,1,-41.12883,155.67151,1,1377.3,1,34.507,1,3.458,1,1377.3,1,3.458,1,34.507,1
5905618,2025-12-02T05:30:20Z,1,-41.12883,155.67151,1,1379.4,1,34.508,1,3.452,1,1379.4,1,3.452,1,34.508,1
5905618,2025-12-02T05:30:20Z,1,-41.12883,155.67151,1,1381.4,1,34.51,1,3.443,1,1381.4,1,3.443,1,34.51,1
5905618,2025-12-02T05:30:20Z,1,-41.12883,155.67151,1,1383.3,1,34.511,1,3.44,1,1383.3,1,3.44,1,34.511,1
5905618,2025-12-02T05:30:20Z,1,-41.12883,155.67151,1,1385.3,1,34.513,1,3.439,1,1385.3,1,3.439,1,34.513,1
5905618,2025-12-02T05:30:20Z,1,-41.12883,155.67151,1,1387.4,1,34.513,1,3.435,1,1387.4,1,3.435,1,34.513,1
5905618,2025-12-02T05:30:20Z,1,-41.12883,155.67151,1,1389.3,1,34.515,1,3.43,1,1389.3,1,3.43,1,34.515,1
5905618,2025-12-02T05:30:20Z,1,-41.12883,155.67151,1,1391.3,1,34.515,1,3.428,1,1391.3,1,3.428,1,34.515,1
5905618,2025-12-02T05:30:20Z,1,-41.12883,155.67151,1,1393.3,1,34.515,1,3.417,1,1393.3,1,3.417,1,34.515,1
5905618,2025-12-02T05:30:20Z,1,-41.12883,155.67151,1,1395.4,1,34.516,1,3.407,1,1395.4,1,3.407,1,34.516,1
5905618,2025-12-02T05:30:20Z,1,-41.12883,155.67151,1,1397.4,1,34.517,1,3.404,1,1397.4,1,3.404,1,34.517,1
5905618,2025-12-02T05:30:20Z,1,-41.12883,155.67151,1,1399.5,1,34.516,1,3.397,1,1399.5,1,3.397,1,34.516,1
5905618,2025-12-02T05:30:20Z,1,-41.12883,155.67151,1,1401.6,1,34.517,1,3.392,1,1401.6,1,3.392,1,34.517,1
5905618,2025-12-02T05:30:20Z,1,-41.12883,155.67151,1,1403.3,1,34.518,1,3.387,1,1403.3,1,3.387,1,34.518,1
5905618,2025-12-02T05:30:20Z,1,-41.12883,155.67151,1,1405.3,1,34.518,1,3.379,1,1405.3,1,3.379,1,34.518,1
5905618,2025-12-02T05:30:20Z,1,-41.12883,155.67151,1,1407.5,1,34.52,1,3.373,1,1407.5,1,3.373,1,34.52,1
5905618,2025-12-02T05:30:20Z,1,-41.12883,155.67151,1,1409.5,1,34.52,1,3.373,1,1409.5,1,3.373,1,34.52,1
5905618,2025-12-02T05:30:20Z,1,-41.12883,155.67151,1,1411.5,1,34.52,1,3.371,1,1411.5,1,3.371,1,34.52,1
5905618,2025-12-02T05:30:20Z,1,-41.12883,155.67151,1,1413.5,1,34.521,1,3.364,1,1413.5,1,3.364,1,34.521,1
5905618,2025-12-02T05:30:20Z,1,-41.12883,155.67151,1,1415.6,1,34.522,1,3.356,1,1415.6,1,3.356,1,34.522,1
5905618,2025-12-02T05:30:20Z,1,-41.12883,155.67151,1,1417.3,1,34.525,1,3.351,1,1417.3,1,3.351,1,34.525,1
5905618,2025-12-02T05:30:20Z,1,-41.12883,155.67151,1,1419.3,1,34.525,1,3.336,1,1419.3,1,3.336,1,34.525,1
5905618,2025-12-02T05:30:20Z,1,-41.12883,155.67151,1,1421.5,1,34.526,1,3.327,1,1421.5,1,3.327,1,34.526,1
5905618,2025-12-02T05:30:20Z,1,-41.12883,155.67151,1,1423.2,1,34.527,1,3.322,1,1423.2,1,3.322,1,34.527,1
5905618,2025-12-02T05:30:20Z,1,-41.12883,155.67151,1,1425.3,1,34.529,1,3.319,1,1425.3,1,3.319,1,34.529,1
5905618,2025-12-02T05:30:20Z,1,-41.12883,155.67151,1,1427.4,1,34.531,1,3.314,1,1427.4,1,3.314,1,34.531,1
5905618,2025-12-02T05:30:20Z,1,-41.12883,155.67151,1,1429.2,1,34.532,1,3.303,1,1429.2,1,3.303,1,34.532,1
5905618,2025-12-02T05:30:20Z,1,-41.12883,155.67151,1,1431.3,1,34.532,1,3.296,1,1431.3,1,3.296,1,34.532,1
5905618,2025-12-02T05:30:20Z,1,-41.12883,155.67151,1,1433.4,1,34.533,1,3.292,1,1433.4,1,3.292,1,34.533,1
5905618,2025-12-02T05:30:20Z,1,-41.12883,155.67151,1,1435.5,1,34.533,1,3.285,1,1435.5,1,3.285,1,34.533,1
5905618,2025-12-02T05:30:20Z,1,-41.12883,155.67151,1,1437.7,1,34.533,1,3.271,1,1437.7,1,3.271,1,34.533,1
5905618,2025-12-02T05:30:20Z,1,-41.12883,155.67151,1,1439.4,1,34.534,1,3.265,1,1439.4,1,3.265,1,34.534,1
5905618,2025-12-02T05:30:20Z,1,-41.12883,155.67151,1,1441.5,1,34.534,1,3.258,1,1441.5,1,3.258,1,34.534,1
5905618,2025-12-02T05:30:20Z,1,-41.12883,155.67151,1,1443.6,1,34.534,1,3.253,1,1443.6,1,3.253,1,34.534,1
5905618,2025-12-02T05:30:20Z,1,-41.12883,155.67151,1,1445.3,1,34.535,1,3.242,1,1445.3,1,3.242,1,34.535,1
5905618,2025-12-02T05:30:20Z,1,-41.12883,155.67151,1,1447.4,1,34.536,1,3.232,1,1447.4,1,3.232,1,34.536,1
5905618,2025-12-02T05:30:20Z,1,-41.12883,155.67151,1,1449.6,1,34.536,1,3.232,1,1449.6,1,3.232,1,34.536,1
5905618,2025-12-02T05:30:20Z,1,-41.12883,155.67151,1,1451.3,1,34.537,1,3.229,1,1451.3,1,3.229,1,34.537,1
5905618,2025-12-02T05:30:20Z,1,-41.12883,155.67151,1,1453.4,1,34.538,1,3.222,1,1453.4,1,3.222,1,34.538,1
5905618,2025-12-02T05:30:20Z,1,-41.12883,155.67151,1,1455.6,1,34.538,1,3.215,1,1455.6,1,3.215,1,34.538,1
5905618,2025-12-02T05:30:20Z,1,-41.12883,155.67151,1,1457.3,1,34.538,1,3.213,1,1457.3,1,3.213,1,34.538,1
5905618,2025-12-02T05:30:20Z,1,-41.12883,155.67151,1,1459.5,1,34.539,1,3.203,1,1459.5,1,3.203,1,34.539,1
5905618,2025-12-02T05:30:20Z,1,-41.12883,155.67151,1,1461.7,1,34.54,1,3.19,1,1461.7,1,3.19,1,34.54,1
5905618,2025-12-02T05:30:20Z,1,-41.12883,155.67151,1,1463.4,1,34.54,1,3.19,1,1463.4,1,3.19,1,34.54,1
5905618,2025-12-02T05:30:20Z,1,-41.12883,155.67151,1,1465.2,1,34.541,1,3.188,1,1465.2,1,3.188,1,34.541,1
5905618,2025-12-02T05:30:20Z,1,-41.12883,155.67151,1,1467.5,1,34.54,1,3.187,1,1467.5,1,3.187,1,34.54,1
5905618,2025-12-02T05:30:20Z,1,-41.12883,155.67151,1,1469.7,1,34.541,1,3.182,1,1469.7,1,3.182,1,34.541,1
5905618,2025-12-02T05:30:20Z,1,-41.12883,155.67151,1,1471.5,1,34.541,1,3.18,1,1471.5,1,3.18,1,34.541,1
5905618,2025-12-02T05:30:20Z,1,-41.12883,155.67151,1,1473.3,1,34.542,1,3.178,1,1473.3,1,3.178,1,34.542,1
5905618,2025-12-02T05:30:20Z,1,-41.12883,155.67151,1,1475.1,1,34.542,1,3.176,1,1475.1,1,3.176,1,34.542,1
5905618,2025-12-02T05:30:20Z,1,-41.12883,155.67151,1,1477.4,1,34.542,1,3.172,1,1477.4,1,3.172,1,34.542,1
5905618,2025-12-02T05:30:20Z,1,-41.12883,155.67151,1,1479.7,1,34.544,1,3.167,1,1479.7,1,3.167,1,34.544,1
5905618,2025-12-02T05:30:20Z,1,-41.12883,155.67151,1,1481.6,1,34.544,1,3.164,1,1481.6,1,3.164,1,34.544,1
5905618,2025-12-02T05:30:20Z,1,-41.12883,155.67151,1,1483.5,1,34.544,1,3.162,1,1483.5,1,3.162,1,34.544,1
5905618,2025-12-02T05:30:20Z,1,-41.12883,155.67151,1,1485.3,1,34.545,1,3.161,1,1485.3,1,3.161,1,34.545,1
5905618,2025-12-02T05:30:20Z,1,-41.12883,155.67151,1,1487.1,1,34.545,1,3.156,1,1487.1,1,3.156,1,34.545,1
5905618,2025-12-02T05:30:20Z,1,-41.12883,155.67151,1,1489.4,1,34.545,1,3.153,1,1489.4,1,3.153,1,34.545,1
5905618,2025-12-02T05:30:20Z,1,-41.12883,155.67151,1,1491.7,1,34.545,1,3.15,1,1491.7,1,3.15,1,34.545,1
5905618,2025-12-02T05:30:20Z,1,-41.12883,155.67151,1,1493.6,1,34.546,1,3.146,1,1493.6,1,3.146,1,34.546,1
5905618,2025-12-02T05:30:20Z,1,-41.12883,155.67151,1,1495.4,1,34.547,1,3.139,1,1495.4,1,3.139,1,34.547,1
5905618,2025-12-02T05:30:20Z,1,-41.12883,155.67151,1,1497.4,1,34.547,1,3.135,1,1497.4,1,3.135,1,34.547,1
5905618,2025-12-02T05:30:20Z,1,-41.12883,155.67151,1,1499.3,1,34.547,1,3.132,1,1499.3,1,3.132,1,34.547,1
5905618,2025-12-02T05:30:20Z,1,-41.12883,155.67151,1,1501.2,1,34.548,1,3.129,1,1501.2,1,3.129,1,34.548,1
5905618,2025-12-02T05:30:20Z,1,-41.12883,155.67151,1,1503.1,1,34.548,1,3.126,1,1503.1,1,3.126,1,34.548,1
5905618,2025-12-02T05:30:20Z,1,-41.12883,155.67151,1,1505.0,1,34.549,1,3.121,1,1505.0,1,3.121,1,34.549,1
5905618,2025-12-02T05:30:20Z,1,-41.12883,155.67151,1,1507.4,1,34.549,1,3.113,1,1507.4,1,3.113,1,34.549,1
5905618,2025-12-02T05:30:20Z,1,-41.12883,155.67151,1,1509.9,1,34.551,1,3.106,1,1509.9,1,3.106,1,34.551,1
5905618,2025-12-02T05:30:20Z,1,-41.12883,155.67151,1,1511.8,1,34.551,1,3.102,1,1511.8,1,3.102,1,34.551,1
5905618,2025-12-02T05:30:20Z,1,-41.12883,155.67151,1,1513.7,1,34.551,1,3.101,1,1513.7,1,3.101,1,34.551,1
5905618,2025-12-02T05:30:20Z,1,-41.12883,155.67151,1,1515.6,1,34.552,1,3.095,1,1515.6,1,3.095,1,34.552,1
5905618,2025-12-02T05:30:20Z,1,-41.12883,155.67151,1,1517.6,1,34.552,1,3.09,1,1517.6,1,3.09,1,34.552,1
5905618,2025-12-02T05:30:20Z,1,-41.12883,155.67151,1,1519.5,1,34.553,1,3.084,1,1519.5,1,3.084,1,34.553,1
5905618,2025-12-02T05:30:20Z,1,-41.12883,155.67151,1,1521.5,1,34.554,1,3.078,1,1521.5,1,3.078,1,34.554,1
5905618,2025-12-02T05:30:20Z,1,-41.12883,155.67151,1,1523.4,1,34.555,1,3.069,1,1523.4,1,3.069,1,34.555,1
5905618,2025-12-02T05:30:20Z,1,-41.12883,155.67151,1,1525.5,1,34.555,1,3.066,1,1525.5,1,3.066,1,34.555,1
5905618,2025-12-02T05:30:20Z,1,-41.12883,155.67151,1,1527.5,1,34.555,1,3.064,1,1527.5,1,3.064,1,34.555,1
5905618,2025-12-02T05:30:20Z,1,-41.12883,155.67151,1,1529.5,1,34.556,1,3.055,1,1529.5,1,3.055,1,34.556,1
5905618,2025-12-02T05:30:20Z,1,-41.12883,155.67151,1,1531.5,1,34.558,1,3.047,1,1531.5,1,3.047,1,34.558,1
5905618,2025-12-02T05:30:20Z,1,-41.12883,155.67151,1,1533.6,1,34.559,1,3.038,1,1533.6,1,3.038,1,34.559,1
5905618,2025-12-02T05:30:20Z,1,-41.12883,155.67151,1,1535.6,1,34.558,1,3.036,1,1535.6,1,3.036,1,34.558,1
5905618,2025-12-02T05:30:20Z,1,-41.12883,155.67151,1,1537.7,1,34.559,1,3.034,1,1537.7,1,3.034,1,34.559,1
5905618,2025-12-02T05:30:20Z,1,-41.12883,155.67151,1,1539.9,1,34.559,1,3.033,1,1539.9,1,3.033,1,34.559,1
5905618,2025-12-02T05:30:20Z,1,-41.12883,155.67151,1,1541.5,1,34.56,1,3.027,1,1541.5,1,3.027,1,34.56,1
5905618,2025-12-02T05:30:20Z,1,-41.12883,155.67151,1,1543.0,1,34.559,1,3.025,1,1543.0,1,3.025,1,34.559,1
5905618,2025-12-02T05:30:20Z,1,-41.12883,155.67151,1,1545.1,1,34.56,1,3.02,1,1545.1,1,3.02,1,34.56,1
5905618,2025-12-02T05:30:20Z,1,-41.12883,155.67151,1,1547.2,1,34.561,1,3.015,1,1547.2,1,3.015,1,34.561,1
5905618,2025-12-02T05:30:20Z,1,-41.12883,155.67151,1,1549.2,1,34.561,1,3.011,1,1549.2,1,3.011,1,34.561,1
5905618,2025-12-02T05:30:20Z,1,-41.12883,155.67151,1,1551.3,1,34.562,1,3.006,1,1551.3,1,3.006,1,34.562,1
5905618,2025-12-02T05:30:20Z,1,-41.12883,155.67151,1,1553.3,1,34.564,1,3.0,1,1553.3,1,3.0,1,34.564,1
5905618,2025-12-02T05:30:20Z,1,-41.12883,155.67151,1,1555.3,1,34.564,1,2.991,1,1555.3,1,2.991,1,34.564,1
5905618,2025-12-02T05:30:20Z,1,-41.12883,155.67151,1,1557.4,1,34.565,1,2.984,1,1557.4,1,2.984,1,34.565,1
5905618,2025-12-02T05:30:20Z,1,-41.12883,155.67151,1,1559.4,1,34.566,1,2.981,1,1559.4,1,2.981,1,34.566,1
5905618,2025-12-02T05:30:20Z,1,-41.12883,155.67151,1,1561.5,1,34.566,1,2.981,1,1561.5,1,2.981,1,34.566,1
5905618,2025-12-02T05:30:20Z,1,-41.12883,155.67151,1,1563.2,1,34.566,1,2.978,1,1563.2,1,2.978,1,34.566,1
5905618,2025-12-02T05:30:20Z,1,-41.12883,155.67151,1,1565.3,1,34.567,1,2.974,1,1565.3,1,2.974,1,34.567,1
5905618,2025-12-02T05:30:20Z,1,-41.12883,155.67151,1,1567.4,1,34.568,1,2.973,1,1567.4,1,2.973,1,34.568,1
5905618,2025-12-02T05:30:20Z,1,-41.12883,155.67151,1,1569.5,1,34.568,1,2.971,1,1569.5,1,2.971,1,34.568,1
5905618,2025-12-02T05:30:20Z,1,-41.12883,155.67151,1,1571.7,1,34.568,1,2.97,1,1571.7,1,2.97,1,34.568,1
5905618,2025-12-02T05:30:20Z,1,-41.12883,155.67151,1,1573.4,1,34.57,1,2.966,1,1573.4,1,2.966,1,34.57,1
5905618,2025-12-02T05:30:20Z,1,-41.12883,155.67151,1,1575.5,1,34.57,1,2.966,1,1575.5,1,2.966,1,34.57,1
5905618,2025-12-02T05:30:20Z,1,-41.12883,155.67151,1,1577.6,1,34.571,1,2.966,1,1577.6,1,2.966,1,34.571,1
5905618,2025-12-02T05:30:20Z,1,-41.12883,155.67151,1,1579.3,1,34.571,1,2.966,1,1579.3,1,2.966,1,34.571,1
5905618,2025-12-02T05:30:20Z,1,-41.12883,155.67151,1,1581.4,1,34.571,1,2.965,1,1581.4,1,2.965,1,34.571,1
5905618,2025-12-02T05:30:20Z,1,-41.12883,155.67151,1,1583.5,1,34.571,1,2.965,1,1583.5,1,2.965,1,34.571,1
5905618,2025-12-02T05:30:20Z,1,-41.12883,155.67151,1,1585.3,1,34.572,1,2.957,1,1585.3,1,2.957,1,34.572,1
5905618,2025-12-02T05:30:20Z,1,-41.12883,155.67151,1,1587.5,1,34.574,1,2.949,1,1587.5,1,2.949,1,34.574,1
5905618,2025-12-02T05:30:20Z,1,-41.12883,155.67151,1,1589.7,1,34.574,1,2.948,1,1589.7,1,2.948,1,34.574,1
5905618,2025-12-02T05:30:20Z,1,-41.12883,155.67151,1,1591.5,1,34.574,1,2.948,1,1591.5,1,2.948,1,34.574,1
5905618,2025-12-02T05:30:20Z,1,-41.12883,155.67151,1,1593.3,1,34.574,1,2.947,1,1593.3,1,2.947,1,34.574,1
5905618,2025-12-02T05:30:20Z,1,-41.12883,155.67151,1,1595.1,1,34.574,1,2.945,1,1595.1,1,2.945,1,34.574,1
5905618,2025-12-02T05:30:20Z,1,-41.12883,155.67151,1,1597.5,1,34.575,1,2.941,1,1597.5,1,2.941,1,34.575,1
5905618,2025-12-02T05:30:20Z,1,-41.12883,155.67151,1,1599.8,1,34.576,1,2.94,1,1599.8,1,2.94,1,34.576,1
5905618,2025-12-02T05:30:20Z,1,-41.12883,155.67151,1,1601.6,1,34.576,1,2.939,1,1601.6,1,2.939,1,34.576,1
5905618,2025-12-02T05:30:20Z,1,-41.12883,155.67151,1,1603.5,1,34.575,1,2.938,1,1603.5,1,2.938,1,34.575,1
5905618,2025-12-02T05:30:20Z,1,-41.12883,155.67151,1,1605.3,1,34.576,1,2.934,1,1605.3,1,2.934,1,34.576,1
5905618,2025-12-02T05:30:20Z,1,-41.12883,155.67151,1,1607.2,1,34.576,1,2.931,1,1607.2,1,2.931,1,34.576,1
5905618,2025-12-02T05:30:20Z,1,-41.12883,155.67151,1,1609.1,1,34.577,1,2.928,1,1609.1,1,2.928,1,34.577,1
5905618,2025-12-02T05:30:20Z,1,-41.12883,155.67151,1,1611.0,1,34.577,1,2.925,1,1611.0,1,2.925,1,34.577,1
5905618,2025-12-02T05:30:20Z,1,-41.12883,155.67151,1,1613.4,1,34.577,1,2.923,1,1613.4,1,2.923,1,34.577,1
5905618,2025-12-02T05:30:20Z,1,-41.12883,155.67151,1,1615.8,1,34.578,1,2.917,1,1615.8,1,2.917,1,34.578,1
5905618,2025-12-02T05:30:20Z,1,-41.12883,155.67151,1,1617.7,1,34.579,1,2.913,1,1617.7,1,2.913,1,34.579,1
5905618,2025-12-02T05:30:20Z,1,-41.12883,155.67151,1,1619.6,1,34.579,1,2.911,1,1619.6,1,2.911,1,34.579,1
5905618,2025-12-02T05:30:20Z,1,-41.12883,155.67151,1,1621.6,1,34.58,1,2.905,1,1621.6,1,2.905,1,34.58,1
5905618,2025-12-02T05:30:20Z,1,-41.12883,155.67151,1,1623.6,1,34.581,1,2.901,1,1623.6,1,2.901,1,34.581,1
5905618,2025-12-02T05:30:20Z,1,-41.12883,155.67151,1,1625.5,1,34.581,1,2.898,1,1625.5,1,2.898,1,34.581,1
5905618,2025-12-02T05:30:20Z,1,-41.12883,155.67151,1,1627.5,1,34.581,1,2.897,1,1627.5,1,2.897,1,34.581,1
5905618,2025-12-02T05:30:20Z,1,-41.12883,155.67151,1,1629.4,1,34.582,1,2.894,1,1629.4,1,2.894,1,34.582,1
5905618,2025-12-02T05:30:20Z,1,-41.12883,155.67151,1,1631.4,1,34.582,1,2.893,1,1631.4,1,2.893,1,34.582,1
5905618,2025-12-02T05:30:20Z,1,-41.12883,155.67151,1,1633.3,1,34.582,1,2.89,1,1633.3,1,2.89,1,34.582,1
5905618,2025-12-02T05:30:20Z,1,-41.12883,155.67151,1,1635.3,1,34.583,1,2.886,1,1635.3,1,2.886,1,34.583,1
5905618,2025-12-02T05:30:20Z,1,-41.12883,155.67151,1,1637.2,1,34.583,1,2.884,1,1637.2,1,2.884,1,34.583,1
5905618,2025-12-02T05:30:20Z,1,-41.12883,155.67151,1,1639.2,1,34.584,1,2.878,1,1639.2,1,2.878,1,34.584,1
5905618,2025-12-02T05:30:20Z,1,-41.12883,155.67151,1,1641.1,1,34.584,1,2.874,1,1641.1,1,2.874,1,34.584,1
5905618,2025-12-02T05:30:20Z,1,-41.12883,155.67151,1,1643.1,1,34.585,1,2.867,1,1643.1,1,2.867,1,34.585,1
5905618,2025-12-02T05:30:20Z,1,-41.12883,155.67151,1,1645.1,1,34.586,1,2.864,1,1645.1,1,2.864,1,34.586,1
5905618,2025-12-02T05:30:20Z,1,-41.12883,155.67151,1,1647.1,1,34.586,1,2.864,1,1647.1,1,2.864,1,34.586,1
5905618,2025-12-02T05:30:20Z,1,-41.12883,155.67151,1,1649.1,1,34.586,1,2.863,1,1649.1,1,2.863,1,34.586,1
5905618,2025-12-02T05:30:20Z,1,-41.12883,155.67151,1,1651.1,1,34.586,1,2.862,1,1651.1,1,2.862,1,34.586,1
5905618,2025-12-02T05:30:20Z,1,-41.12883,155.67151,1,1653.0,1,34.586,1,2.86,1,1653.0,1,2.86,1,34.586,1
5905618,2025-12-02T05:30:20Z,1,-41.12883,155.67151,1,1655.0,1,34.587,1,2.854,1,1655.0,1,2.854,1,34.587,1
5905618,2025-12-02T05:30:20Z,1,-41.12883,155.67151,1,1657.0,1,34.587,1,2.852,1,1657.0,1,2.852,1,34.587,1
5905618,2025-12-02T05:30:20Z,1,-41.12883,155.67151,1,1659.0,1,34.589,1,2.845,1,1659.0,1,2.845,1,34.589,1
5905618,2025-12-02T05:30:20Z,1,-41.12883,155.67151,1,1661.0,1,34.589,1,2.841,1,1661.0,1,2.841,1,34.589,1
5905618,2025-12-02T05:30:20Z,1,-41.12883,155.67151,1,1663.4,1,34.59,1,2.834,1,1663.4,1,2.834,1,34.59,1
5905618,2025-12-02T05:30:20Z,1,-41.12883,155.67151,1,1665.8,1,34.591,1,2.827,1,1665.8,1,2.827,1,34.591,1
5905618,2025-12-02T05:30:20Z,1,-41.12883,155.67151,1,1667.7,1,34.592,1,2.82,1,1667.7,1,2.82,1,34.592,1
5905618,2025-12-02T05:30:20Z,1,-41.12883,155.67151,1,1669.7,1,34.593,1,2.815,1,1669.7,1,2.815,1,34.593,1
5905618,2025-12-02T05:30:20Z,1,-41.12883,155.67151,1,1671.6,1,34.593,1,2.813,1,1671.6,1,2.813,1,34.593,1
5905618,2025-12-02T05:30:20Z,1,-41.12883,155.67151,1,1673.5,1,34.594,1,2.81,1,1673.5,1,2.81,1,34.594,1
5905618,2025-12-02T05:30:20Z,1,-41.12883,155.67151,1,1675.4,1,34.594,1,2.808,1,1675.4,1,2.808,1,34.594,1
5905618,2025-12-02T05:30:20Z,1,-41.12883,155.67151,1,1677.3,1,34.595,1,2.8,1,1677.3,1,2.8,1,34.595,1
5905618,2025-12-02T05:30:20Z,1,-41.12883,155.67151,1,1679.2,1,34.596,1,2.799,1,1679.2,1,2.799,1,34.596,1
5905618,2025-12-02T05:30:20Z,1,-41.12883,155.67151,1,1681.2,1,34.596,1,2.799,1,1681.2,1,2.799,1,34.596,1
5905618,2025-12-02T05:30:20Z,1,-41.12883,155.67151,1,1683.1,1,34.596,1,2.799,1,1683.1,1,2.799,1,34.596,1
5905618,2025-12-02T05:30:20Z,1,-41.12883,155.67151,1,1685.1,1,34.596,1,2.797,1,1685.1,1,2.797,1,34.596,1
5905618,2025-12-02T05:30:20Z,1,-41.12883,155.67151,1,1687.0,1,34.596,1,2.796,1,1687.0,1,2.796,1,34.596,1
5905618,2025-12-02T05:30:20Z,1,-41.12883,155.67151,1,1689.4,1,34.597,1,2.795,1,1689.4,1,2.795,1,34.597,1
5905618,2025-12-02T05:30:20Z,1,-41.12883,155.67151,1,1691.9,1,34.596,1,2.792,1,1691.9,1,2.792,1,34.596,1
5905618,2025-12-02T05:30:20Z,1,-41.12883,155.67151,1,1693.8,1,34.598,1,2.787,1,1693.8,1,2.787,1,34.598,1
5905618,2025-12-02T05:30:20Z,1,-41.12883,155.67151,1,1695.6,1,34.598,1,2.785,1,1695.6,1,2.785,1,34.598,1
5905618,2025-12-02T05:30:20Z,1,-41.12883,155.67151,1,1697.5,1,34.598,1,2.784,1,1697.5,1,2.784,1,34.598,1
5905618,2025-12-02T05:30:20Z,1,-41.12883,155.67151,1,1699.3,1,34.598,1,2.783,1,1699.3,1,2.783,1,34.598,1
5905618,2025-12-02T05:30:20Z,1,-41.12883,155.67151,1,1701.1,1,34.598,1,2.781,1,1701.1,1,2.781,1,34.598,1
5905618,2025-12-02T05:30:20Z,1,-41.12883,155.67151,1,1703.5,1,34.599,1,2.777,1,1703.5,1,2.777,1,34.599,1
5905618,2025-12-02T05:30:20Z,1,-41.12883,155.67151,1,1705.7,1,34.6,1,2.77,1,1705.7,1,2.77,1,34.6,1
5905618,2025-12-02T05:30:20Z,1,-41.12883,155.67151,1,1707.6,1,34.6,1,2.767,1,1707.6,1,2.767,1,34.6,1
5905618,2025-12-02T05:30:20Z,1,-41.12883,155.67151,1,1709.4,1,34.6,1,2.766,1,1709.4,1,2.766,1,34.6,1
5905618,2025-12-02T05:30:20Z,1,-41.12883,155.67151,1,1711.2,1,34.601,1,2.765,1,1711.2,1,2.765,1,34.601,1
5905618,2025-12-02T05:30:20Z,1,-41.12883,155.67151,1,1713.1,1,34.601,1,2.763,1,1713.1,1,2.763,1,34.601,1
5905618,2025-12-02T05:30:20Z,1,-41.12883,155.67151,1,1715.4,1,34.601,1,2.76,1,1715.4,1,2.76,1,34.601,1
5905618,2025-12-02T05:30:20Z,1,-41.12883,155.67151,1,1717.7,1,34.602,1,2.757,1,1717.7,1,2.757,1,34.602,1
5905618,2025-12-02T05:30:20Z,1,-41.12883,155.67151,1,1719.5,1,34.602,1,2.755,1,1719.5,1,2.755,1,34.602,1
5905618,2025-12-02T05:30:20Z,1,-41.12883,155.67151,1,1721.3,1,34.603,1,2.749,1,1721.3,1,2.749,1,34.603,1
5905618,2025-12-02T05:30:20Z,1,-41.12883,155.67151,1,1723.1,1,34.604,1,2.745,1,1723.1,1,2.745,1,34.604,1
5905618,2025-12-02T05:30:20Z,1,-41.12883,155.67151,1,1725.4,1,34.604,1,2.743,1,1725.4,1,2.743,1,34.604,1
5905618,2025-12-02T05:30:20Z,1,-41.12883,155.67151,1,1727.6,1,34.603,1,2.742,1,1727.6,1,2.742,1,34.603,1
5905618,2025-12-02T05:30:20Z,1,-41.12883,155.67151,1,1729.4,1,34.604,1,2.735,1,1729.4,1,2.735,1,34.604,1
5905618,2025-12-02T05:30:20Z,1,-41.12883,155.67151,1,1731.2,1,34.605,1,2.732,1,1731.2,1,2.732,1,34.605,1
5905618,2025-12-02T05:30:20Z,1,-41.12883,155.67151,1,1733.5,1,34.606,1,2.727,1,1733.5,1,2.727,1,34.606,1
5905618,2025-12-02T05:30:20Z,1,-41.12883,155.67151,1,1735.8,1,34.606,1,2.724,1,1735.8,1,2.724,1,34.606,1
5905618,2025-12-02T05:30:20Z,1,-41.12883,155.67151,1,1737.5,1,34.607,1,2.719,1,1737.5,1,2.719,1,34.607,1
5905618,2025-12-02T05:30:20Z,1,-41.12883,155.67151,1,1739.4,1,34.608,1,2.717,1,1739.4,1,2.717,1,34.608,1
5905618,2025-12-02T05:30:20Z,1,-41.12883,155.67151,1,1741.1,1,34.608,1,2.716,1,1741.1,1,2.716,1,34.608,1
5905618,2025-12-02T05:30:20Z,1,-41.12883,155.67151,1,1743.4,1,34.608,1,2.715,1,1743.4,1,2.715,1,34.608,1
5905618,2025-12-02T05:30:20Z,1,-41.12883,155.67151,1,1745.7,1,34.608,1,2.71,1,1745.7,1,2.71,1,34.608,1
5905618,2025-12-02T05:30:20Z,1,-41.12883,155.67151,1,1747.5,1,34.609,1,2.708,1,1747.5,1,2.708,1,34.609,1
5905618,2025-12-02T05:30:20Z,1,-41.12883,155.67151,1,1749.3,1,34.609,1,2.707,1,1749.3,1,2.707,1,34.609,1
5905618,2025-12-02T05:30:20Z,1,-41.12883,155.67151,1,1751.5,1,34.609,1,2.704,1,1751.5,1,2.704,1,34.609,1
5905618,2025-12-02T05:30:20Z,1,-41.12883,155.67151,1,1753.7,1,34.611,1,2.697,1,1753.7,1,2.697,1,34.611,1
5905618,2025-12-02T05:30:20Z,1,-41.12883,155.67151,1,1755.5,1,34.611,1,2.694,1,1755.5,1,2.694,1,34.611,1
5905618,2025-12-02T05:30:20Z,1,-41.12883,155.67151,1,1757.2,1,34.611,1,2.692,1,1757.2,1,2.692,1,34.611,1
5905618,2025-12-02T05:30:20Z,1,-41.12883,155.67151,1,1759.3,1,34.612,1,2.685,1,1759.3,1,2.685,1,34.612,1
5905618,2025-12-02T05:30:20Z,1,-41.12883,155.67151,1,1761.5,1,34.613,1,2.681,1,1761.5,1,2.681,1,34.613,1
5905618,2025-12-02T05:30:20Z,1,-41.12883,155.67151,1,1763.2,1,34.613,1,2.679,1,1763.2,1,2.679,1,34.613,1
5905618,2025-12-02T05:30:20Z,1,-41.12883,155.67151,1,1765.4,1,34.614,1,2.677,1,1765.4,1,2.677,1,34.614,1
5905618,2025-12-02T05:30:20Z,1,-41.12883,155.67151,1,1767.5,1,34.614,1,2.672,1,1767.5,1,2.672,1,34.614,1
5905618,2025-12-02T05:30:20Z,1,-41.12883,155.67151,1,1769.3,1,34.615,1,2.668,1,1769.3,1,2.668,1,34.615,1
5905618,2025-12-02T05:30:20Z,1,-41.12883,155.67151,1,1771.1,1,34.616,1,2.662,1,1771.1,1,2.662,1,34.616,1
5905618,2025-12-02T05:30:20Z,1,-41.12883,155.67151,1,1773.3,1,34.617,1,2.659,1,1773.3,1,2.659,1,34.617,1
5905618,2025-12-02T05:30:20Z,1,-41.12883,155.67151,1,1775.5,1,34.616,1,2.658,1,1775.5,1,2.658,1,34.616,1
5905618,2025-12-02T05:30:20Z,1,-41.12883,155.67151,1,1777.3,1,34.617,1,2.656,1,1777.3,1,2.656,1,34.617,1
5905618,2025-12-02T05:30:20Z,1,-41.12883,155.67151,1,1779.1,1,34.617,1,2.652,1,1779.1,1,2.652,1,34.617,1
5905618,2025-12-02T05:30:20Z,1,-41.12883,155.67151,1,1781.4,1,34.618,1,2.647,1,1781.4,1,2.647,1,34.618,1
5905618,2025-12-02T05:30:20Z,1,-41.12883,155.67151,1,1783.6,1,34.619,1,2.646,1,1783.6,1,2.646,1,34.619,1
5905618,2025-12-02T05:30:20Z,1,-41.12883,155.67151,1,1785.4,1,34.619,1,2.644,1,1785.4,1,2.644,1,34.619,1
5905618,2025-12-02T05:30:20Z,1,-41.12883,155.67151,1,1787.2,1,34.619,1,2.639,1,1787.2,1,2.639,1,34.619,1
5905618,2025-12-02T05:30:20Z,1,-41.12883,155.67151,1,1789.5,1,34.62,1,2.636,1,1789.5,1,2.636,1,34.62,1
5905618,2025-12-02T05:30:20Z,1,-41.12883,155.67151,1,1791.7,1,34.621,1,2.634,1,1791.7,1,2.634,1,34.621,1
5905618,2025-12-02T05:30:20Z,1,-41.12883,155.67151,1,1793.5,1,34.621,1,2.633,1,1793.5,1,2.633,1,34.621,1
5905618,2025-12-02T05:30:20Z,1,-41.12883,155.67151,1,1795.3,1,34.622,1,2.629,1,1795.3,1,2.629,1,34.622,1
5905618,2025-12-02T05:30:20Z,1,-41.12883,155.67151,1,1797.1,1,34.622,1,2.624,1,1797.1,1,2.624,1,34.622,1
5905618,2025-12-02T05:30:20Z,1,-41.12883,155.67151,1,1799.4,1,34.623,1,2.62,1,1799.4,1,2.62,1,34.623,1
5905618,2025-12-02T05:30:20Z,1,-41.12883,155.67151,1,1801.6,1,34.623,1,2.617,1,1801.6,1,2.617,1,34.623,1
5905618,2025-12-02T05:30:20Z,1,-41.12883,155.67151,1,1803.5,1,34.624,1,2.615,1,1803.5,1,2.615,1,34.624,1
5905618,2025-12-02T05:30:20Z,1,-41.12883,155.67151,1,1805.3,1,34.623,1,2.614,1,1805.3,1,2.614,1,34.623,1
5905618,2025-12-02T05:30:20Z,1,-41.12883,155.67151,1,1807.1,1,34.624,1,2.611,1,1807.1,1,2.611,1,34.624,1
5905618,2025-12-02T05:30:20Z,1,-41.12883,155.67151,1,1809.4,1,34.624,1,2.606,1,1809.4,1,2.606,1,34.624,1
5905618,2025-12-02T05:30:20Z,1,-41.12883,155.67151,1,1811.7,1,34.625,1,2.603,1,1811.7,1,2.603,1,34.625,1
5905618,2025-12-02T05:30:20Z,1,-41.12883,155.67151,1,1813.4,1,34.626,1,2.602,1,1813.4,1,2.602,1,34.626,1
5905618,2025-12-02T05:30:20Z,1,-41.12883,155.67151,1,1815.2,1,34.625,1,2.602,1,1815.2,1,2.602,1,34.625,1
5905618,2025-12-02T05:30:20Z,1,-41.12883,155.67151,1,1817.1,1,34.626,1,2.601,1,1817.1,1,2.601,1,34.626,1
5905618,2025-12-02T05:30:20Z,1,-41.12883,155.67151,1,1819.4,1,34.626,1,2.597,1,1819.4,1,2.597,1,34.626,1
5905618,2025-12-02T05:30:20Z,1,-41.12883,155.67151,1,1821.7,1,34.627,1,2.594,1,1821.7,1,2.594,1,34.627,1
5905618,2025-12-02T05:30:20Z,1,-41.12883,155.67151,1,1823.5,1,34.627,1,2.592,1,1823.5,1,2.592,1,34.627,1
5905618,2025-12-02T05:30:20Z,1,-41.12883,155.67151,1,1825.3,1,34.628,1,2.586,1,1825.3,1,2.586,1,34.628,1
5905618,2025-12-02T05:30:20Z,1,-41.12883,155.67151,1,1827.1,1,34.629,1,2.582,1,1827.1,1,2.582,1,34.629,1
5905618,2025-12-02T05:30:20Z,1,-41.12883,155.67151,1,1829.4,1,34.629,1,2.581,1,1829.4,1,2.581,1,34.629,1
5905618,2025-12-02T05:30:20Z,1,-41.12883,155.67151,1,1831.6,1,34.629,1,2.579,1,1831.6,1,2.579,1,34.629,1
5905618,2025-12-02T05:30:20Z,1,-41.12883,155.67151,1,1833.4,1,34.63,1,2.576,1,1833.4,1,2.576,1,34.63,1
5905618,2025-12-02T05:30:20Z,1,-41.12883,155.67151,1,1835.3,1,34.629,1,2.573,1,1835.3,1,2.573,1,34.629,1
5905618,2025-12-02T05:30:20Z,1,-41.12883,155.67151,1,1837.1,1,34.631,1,2.569,1,1837.1,1,2.569,1,34.631,1
5905618,2025-12-02T05:30:20Z,1,-41.12883,155.67151,1,1839.5,1,34.631,1,2.563,1,1839.5,1,2.563,1,34.631,1
5905618,2025-12-02T05:30:20Z,1,-41.12883,155.67151,1,1841.8,1,34.632,1,2.558,1,1841.8,1,2.558,1,34.632,1
5905618,2025-12-02T05:30:20Z,1,-41.12883,155.67151,1,1843.6,1,34.633,1,2.553,1,1843.6,1,2.553,1,34.633,1
5905618,2025-12-02T05:30:20Z,1,-41.12883,155.67151,1,1845.5,1,34.633,1,2.551,1,1845.5,1,2.551,1,34.633,1
5905618,2025-12-02T05:30:20Z,1,-41.12883,155.67151,1,1847.3,1,34.634,1,2.549,1,1847.3,1,2.549,1,34.634,1
5905618,2025-12-02T05:30:20Z,1,-41.12883,155.67151,1,1849.1,1,34.634,1,2.548,1,1849.1,1,2.548,1,34.634,1
5905618,2025-12-02T05:30:20Z,1,-41.12883,155.67151,1,1851.5,1,34.635,1,2.545,1,1851.5,1,2.545,1,34.635,1
5905618,2025-12-02T05:30:20Z,1,-41.12883,155.67151,1,1853.8,1,34.635,1,2.542,1,1853.8,1,2.542,1,34.635,1
5905618,2025-12-02T05:30:20Z,1,-41.12883,155.67151,1,1855.6,1,34.635,1,2.541,1,1855.6,1,2.541,1,34.635,1
5905618,2025-12-02T05:30:20Z,1,-41.12883,155.67151,1,1857.5,1,34.635,1,2.54,1,1857.5,1,2.54,1,34.635,1
5905618,2025-12-02T05:30:20Z,1,-41.12883,155.67151,1,1859.4,1,34.636,1,2.536,1,1859.4,1,2.536,1,34.636,1
5905618,2025-12-02T05:30:20Z,1,-41.12883,155.67151,1,1861.3,1,34.637,1,2.534,1,1861.3,1,2.534,1,34.637,1
5905618,2025-12-02T05:30:20Z,1,-41.12883,155.67151,1,1863.2,1,34.637,1,2.532,1,1863.2,1,2.532,1,34.637,1
5905618,2025-12-02T05:30:20Z,1,-41.12883,155.67151,1,1865.1,1,34.637,1,2.532,1,1865.1,1,2.532,1,34.637,1
5905618,2025-12-02T05:30:20Z,1,-41.12883,155.67151,1,1867.4,1,34.637,1,2.53,1,1867.4,1,2.53,1,34.637,1
5905618,2025-12-02T05:30:20Z,1,-41.12883,155.67151,1,1869.9,1,34.637,1,2.528,1,1869.9,1,2.528,1,34.637,1
5905618,2025-12-02T05:30:20Z,1,-41.12883,155.67151,1,1871.7,1,34.638,1,2.527,1,1871.7,1,2.527,1,34.638,1
5905618,2025-12-02T05:30:20Z,1,-41.12883,155.67151,1,1873.6,1,34.638,1,2.526,1,1873.6,1,2.526,1,34.638,1
5905618,2025-12-02T05:30:20Z,1,-41.12883,155.67151,1,1875.5,1,34.639,1,2.522,1,1875.5,1,2.522,1,34.639,1
5905618,2025-12-02T05:30:20Z,1,-41.12883,155.67151,1,1877.4,1,34.639,1,2.519,1,1877.4,1,2.519,1,34.639,1
5905618,2025-12-02T05:30:20Z,1,-41.12883,155.67151,1,1879.3,1,34.639,1,2.517,1,1879.3,1,2.517,1,34.639,1
5905618,2025-12-02T05:30:20Z,1,-41.12883,155.67151,1,1881.2,1,34.64,1,2.514,1,1881.2,1,2.514,1,34.64,1
5905618,2025-12-02T05:30:20Z,1,-41.12883,155.67151,1,1883.1,1,34.641,1,2.512,1,1883.1,1,2.512,1,34.641,1
5905618,2025-12-02T05:30:20Z,1,-41.12883,155.67151,1,1885.1,1,34.64,1,2.511,1,1885.1,1,2.511,1,34.64,1
5905618,2025-12-02T05:30:20Z,1,-41.12883,155.67151,1,1887.1,1,34.641,1,2.507,1,1887.1,1,2.507,1,34.641,1
5905618,2025-12-02T05:30:20Z,1,-41.12883,155.67151,1,1889.1,1,34.641,1,2.504,1,1889.1,1,2.504,1,34.641,1
5905618,2025-12-02T05:30:20Z,1,-41.12883,155.67151,1,1891.1,1,34.642,1,2.501,1,1891.1,1,2.501,1,34.642,1
5905618,2025-12-02T05:30:20Z,1,-41.12883,155.67151,1,1893.1,1,34.643,1,2.498,1,1893.1,1,2.498,1,34.643,1
5905618,2025-12-02T05:30:20Z,1,-41.12883,155.67151,1,1895.1,1,34.643,1,2.495,1,1895.1,1,2.495,1,34.643,1
5905618,2025-12-02T05:30:20Z,1,-41.12883,155.67151,1,1897.2,1,34.644,1,2.491,1,1897.2,1,2.491,1,34.644,1
5905618,2025-12-02T05:30:20Z,1,-41.12883,155.67151,1,1899.2,1,34.644,1,2.489,1,1899.2,1,2.489,1,34.644,1
5905618,2025-12-02T05:30:20Z,1,-41.12883,155.67151,1,1901.3,1,34.645,1,2.488,1,1901.3,1,2.488,1,34.645,1
5905618,2025-12-02T05:30:20Z,1,-41.12883,155.67151,1,1903.3,1,34.646,1,2.484,1,1903.3,1,2.484,1,34.646,1
5905618,2025-12-02T05:30:20Z,1,-41.12883,155.67151,1,1905.3,1,34.646,1,2.479,1,1905.3,1,2.479,1,34.646,1
5905618,2025-12-02T05:30:20Z,1,-41.12883,155.67151,1,1907.4,1,34.646,1,2.478,1,1907.4,1,2.478,1,34.646,1
5905618,2025-12-02T05:30:20Z,1,-41.12883,155.67151,1,1909.4,1,34.646,1,2.478,1,1909.4,1,2.478,1,34.646,1
5905618,2025-12-02T05:30:20Z,1,-41.12883,155.67151,1,1911.4,1,34.647,1,2.477,1,1911.4,1,2.477,1,34.647,1
5905618,2025-12-02T05:30:20Z,1,-41.12883,155.67151,1,1913.4,1,34.647,1,2.475,1,1913.4,1,2.475,1,34.647,1
5905618,2025-12-02T05:30:20Z,1,-41.12883,155.67151,1,1915.4,1,34.648,1,2.472,1,1915.4,1,2.472,1,34.648,1
5905618,2025-12-02T05:30:20Z,1,-41.12883,155.67151,1,1917.5,1,34.648,1,2.468,1,1917.5,1,2.468,1,34.648,1
5905618,2025-12-02T05:30:20Z,1,-41.12883,155.67151,1,1919.5,1,34.649,1,2.464,1,1919.5,1,2.464,1,34.649,1
5905618,2025-12-02T05:30:20Z,1,-41.12883,155.67151,1,1921.5,1,34.649,1,2.463,1,1921.5,1,2.463,1,34.649,1
5905618,2025-12-02T05:30:20Z,1,-41.12883,155.67151,1,1923.6,1,34.649,1,2.463,1,1923.6,1,2.463,1,34.649,1
5905618,2025-12-02T05:30:20Z,1,-41.12883,155.67151,1,1925.2,1,34.65,1,2.462,1,1925.2,1,2.462,1,34.65,1
5905618,2025-12-02T05:30:20Z,1,-41.12883,155.67151,1,1927.3,1,34.65,1,2.46,1,1927.3,1,2.46,1,34.65,1
5905618,2025-12-02T05:30:20Z,1,-41.12883,155.67151,1,1929.3,1,34.649,1,2.459,1,1929.3,1,2.459,1,34.649,1
5905618,2025-12-02T05:30:20Z,1,-41.12883,155.67151,1,1931.4,1,34.65,1,2.455,1,1931.4,1,2.455,1,34.65,1
5905618,2025-12-02T05:30:20Z,1,-41.12883,155.67151,1,1933.5,1,34.652,1,2.448,1,1933.5,1,2.448,1,34.652,1
5905618,2025-12-02T05:30:20Z,1,-41.12883,155.67151,1,1935.2,1,34.652,1,2.446,1,1935.2,1,2.446,1,34.652,1
5905618,2025-12-02T05:30:20Z,1,-41.12883,155.67151,1,1937.3,1,34.653,1,2.443,1,1937.3,1,2.443,1,34.653,1
5905618,2025-12-02T05:30:20Z,1,-41.12883,155.67151,1,1939.5,1,34.653,1,2.441,1,1939.5,1,2.441,1,34.653,1
5905618,2025-12-02T05:30:20Z,1,-41.12883,155.67151,1,1941.2,1,34.653,1,2.44,1,1941.2,1,2.44,1,34.653,1
5905618,2025-12-02T05:30:20Z,1,-41.12883,155.67151,1,1943.3,1,34.654,1,2.438,1,1943.3,1,2.438,1,34.654,1
5905618,2025-12-02T05:30:20Z,1,-41.12883,155.67151,1,1945.5,1,34.654,1,2.437,1,1945.5,1,2.437,1,34.654,1
5905618,2025-12-02T05:30:20Z,1,-41.12883,155.67151,1,1947.2,1,34.654,1,2.437,1,1947.2,1,2.437,1,34.654,1
5905618,2025-12-02T05:30:20Z,1,-41.12883,155.67151,1,1949.3,1,34.654,1,2.435,1,1949.3,1,2.435,1,34.654,1
5905618,2025-12-02T05:30:20Z,1,-41.12883,155.67151,1,1951.4,1,34.655,1,2.433,1,1951.4,1,2.433,1,34.655,1
5905618,2025-12-02T05:30:20Z,1,-41.12883,155.67151,1,1953.2,1,34.655,1,2.433,1,1953.2,1,2.433,1,34.655,1
5905618,2025-12-02T05:30:20Z,1,-41.12883,155.67151,1,1955.3,1,34.655,1,2.429,1,1955.3,1,2.429,1,34.655,1
5905618,2025-12-02T05:30:20Z,1,-41.12883,155.67151,1,1957.4,1,34.656,1,2.427,1,1957.4,1,2.427,1,34.656,1
5905618,2025-12-02T05:30:20Z,1,-41.12883,155.67151,1,1959.2,1,34.656,1,2.425,1,1959.2,1,2.425,1,34.656,1
5905618,2025-12-02T05:30:20Z,1,-41.12883,155.67151,1,1961.3,1,34.657,1,2.42,1,1961.3,1,2.42,1,34.657,1
5905618,2025-12-02T05:30:20Z,1,-41.12883,155.67151,1,1963.5,1,34.658,1,2.417,1,1963.5,1,2.417,1,34.658,1
5905618,2025-12-02T05:30:20Z,1,-41.12883,155.67151,1,1965.6,1,34.658,1,2.416,1,1965.6,1,2.416,1,34.658,1
5905618,2025-12-02T05:30:20Z,1,-41.12883,155.67151,1,1967.7,1,34.659,1,2.412,1,1967.7,1,2.412,1,34.659,1
5905618,2025-12-02T05:30:20Z,1,-41.12883,155.67151,1,1969.3,1,34.659,1,2.41,1,1969.3,1,2.41,1,34.659,1
5905618,2025-12-02T05:30:20Z,1,-41.12883,155.67151,1,1971.4,1,34.659,1,2.409,1,1971.4,1,2.409,1,34.659,1
5905618,2025-12-02T05:30:20Z,1,-41.12883,155.67151,1,1973.5,1,34.659,1,2.407,1,1973.5,1,2.407,1,34.659,1
5905618,2025-12-02T05:30:20Z,1,-41.12883,155.67151,1,1975.2,1,34.66,1,2.403,1,1975.2,1,2.403,1,34.66,1
5905618,2025-12-02T05:30:20Z,1,-41.12883,155.67151,1,1977.3,1,34.661,1,2.4,1,1977.3,1,2.4,1,34.661,1
5905618,2025-12-02T05:30:20Z,1,-41.12883,155.67151,1,1979.5,1,34.661,1,2.398,1,1979.5,1,2.398,1,34.661,1
5905618,2025-12-02T05:30:20Z,1,-41.12883,155.67151,1,1981.2,1,34.662,1,2.395,1,1981.2,1,2.395,1,34.662,1
5905618,2025-12-02T05:30:20Z,1,-41.12883,155.67151,1,1983.3,1,34.662,1,2.392,1,1983.3,1,2.392,1,34.662,1
5905618,2025-12-02T05:30:20Z,1,-41.12883,155.67151,1,1985.5,1,34.662,1,2.391,1,1985.5,1,2.391,1,34.662,1
5905618,2025-12-02T05:30:20Z,1,-41.12883,155.67151,1,1987.2,1,34.662,1,2.39,1,1987.2,1,2.39,1,34.662,1
5905618,2025-12-02T05:30:20Z,1,-41.12883,155.67151,1,1989.3,1,34.663,1,2.388,1,1989.3,1,2.388,1,34.663,1
5905618,2025-12-02T05:30:20Z,1,-41.12883,155.67151,1,1991.4,1,34.663,1,2.386,1,1991.4,1,2.386,1,34.663,1
5905618,2025-12-02T05:30:20Z,1,-41.12883,155.67151,1,1993.5,1,34.663,1,2.385,1,1993.5,1,2.385,1,34.663,1
5905618,2025-12-02T05:30:20Z,1,-41.12883,155.67151,1,1995.6,1,34.663,1,2.384,1,1995.6,1,2.384,1,34.663,1
5905618,2025-12-02T05:30:20Z,1,-41.12883,155.67151,1,1997.3,1,34.664,1,2.382,1,1997.3,1,2.382,1,34.664,1
5905618,2025-12-02T05:30:20Z,1,-41.12883,155.67151,1,1999.4,1,34.664,1,2.38,1,1999.4,1,2.38,1,34.664,1
5905618,2025-12-02T05:30:20Z,1,-41.12883,155.67151,1,2001.5,1,34.665,1,2.375,1,2001.5,1,2.375,1,34.665,1
5905618,2025-12-02T05:30:20Z,1,-41.12883,155.67151,1,2003.3,1,34.666,1,2.371,1,2003.3,1,2.371,1,34.666,1
5905618,2025-12-02T05:30:20Z,1,-41.12883,155.67151,1,2005.5,1,34.666,1,2.37,1,2005.5,1,2.37,1,34.666,1
5905618,2025-12-02T05:30:20Z,1,-41.12883,155.67151,1,2007.7,1,34.666,1,2.369,1,2007.7,1,2.369,1,34.666,1
5905618,2025-12-02T05:30:20Z,1,-41.12883,155.67151,1,2009.4,1,34.666,1,2.368,1,2009.4,1,2.368,1,34.666,1
5905618,2025-12-02T05:30:20Z,1,-41.12883,155.67151,1,2011.5,1,34.666,1,2.367,1,2011.5,1,2.367,1,34.666,1
5905618,2025-12-02T05:30:20Z,1,-41.12883,155.67151,1,2013.6,1,34.667,1,2.366,1,2013.6,1,2.366,1,34.667,1
5905618,2025-12-02T05:30:20Z,1,-41.12883,155.67151,1,2015.3,1,34.667,1,2.364,1,2015.3,1,2.364,1,34.667,1
5905618,2025-12-02T05:30:20Z,1,-41.12883,155.67151,1,2017.4,1,34.667,1,2.363,1,2017.4,1,2.363,1,34.667,1
5905618,2025-12-02T05:30:20Z,1,-41.12883,155.67151,1,2019.5,1,34.668,1,2.359,1,2019.5,1,2.359,1,34.668,1
5905618,2025-12-02T05:30:20Z,1,-41.12883,155.67151,1,2020.9,1,34.669,1,2.355,1,2020.9,1,2.355,1,34.669,1
5905618,2025-12-12T00:49:20Z,1,-41.0028,155.08139,1,0.4,1,34.782,1,16.638,1,0.4,1,16.638,1,34.782,1
5905618,2025-12-12T00:49:20Z,1,-41.0028,155.08139,1,1.2,1,35.072,1,16.279,1,1.2,1,16.279,1,35.072,1
5905618,2025-12-12T00:49:20Z,1,-41.0028,155.08139,1,3.3,1,35.284,1,16.006,1,3.3,1,16.006,1,35.284,1
5905618,2025-12-12T00:49:20Z,1,-41.0028,155.08139,1,4.8,1,35.315,1,15.967,1,4.8,1,15.967,1,35.315,1
5905618,2025-12-12T00:49:20Z,1,-41.0028,155.08139,1,5.8,1,35.315,1,15.954,1,5.8,1,15.954,1,35.315,1
5905618,2025-12-12T00:49:20Z,1,-41.0028,155.08139,1,7.2,1,35.314,1,15.943,1,7.2,1,15.943,1,35.314,1
5905618,2025-12-12T00:49:20Z,1,-41.0028,155.08139,1,9.4,1,35.313,1,15.927,1,9.4,1,15.927,1,35.313,1
5905618,2025-12-12T00:49:20Z,1,-41.0028,155.08139,1,11.6,1,35.311,1,15.914,1,11.6,1,15.914,1,35.311,1
5905618,2025-12-12T00:49:20Z,1,-41.0028,155.08139,1,13.6,1,35.308,1,15.861,1,13.6,1,15.861,1,35.308,1
5905618,2025-12-12T00:49:20Z,1,-41.0028,155.08139,1,15.5,1,35.297,1,15.74,1,15.5,1,15.74,1,35.297,1
5905618,2025-12-12T00:49:20Z,1,-41.0028,155.08139,1,17.5,1,35.293,1,15.697,1,17.5,1,15.697,1,35.293,1
5905618,2025-12-12T00:49:20Z,1,-41.0028,155.08139,1,19.6,1,35.294,1,15.68,1,19.6,1,15.68,1,35.294,1
5905618,2025-12-12T00:49:20Z,1,-41.0028,155.08139,1,21.7,1,35.294,1,15.672,1,21.7,1,15.672,1,35.294,1
5905618,2025-12-12T00:49:20Z,1,-41.0028,155.08139,1,23.4,1,35.293,1,15.666,1,23.4,1,15.666,1,35.293,1
5905618,2025-12-12T00:49:20Z,1,-41.0028,155.08139,1,25.5,1,35.295,1,15.656,1,25.5,1,15.656,1,35.295,1
5905618,2025-12-12T00:49:20Z,1,-41.0028,155.08139,1,27.7,1,35.295,1,15.65,1,27.7,1,15.65,1,35.295,1
5905618,2025-12-12T00:49:20Z,1,-41.0028,155.08139,1,29.4,1,35.296,1,15.64,1,29.4,1,15.64,1,35.296,1
5905618,2025-12-12T00:49:20Z,1,-41.0028,155.08139,1,31.5,1,35.296,1,15.631,1,31.5,1,15.631,1,35.296,1
5905618,2025-12-12T00:49:20Z,1,-41.0028,155.08139,1,33.7,1,35.296,1,15.623,1,33.7,1,15.623,1,35.296,1
5905618,2025-12-12T00:49:20Z,1,-41.0028,155.08139,1,35.4,1,35.298,1,15.617,1,35.4,1,15.617,1,35.298,1
5905618,2025-12-12T00:49:20Z,1,-41.0028,155.08139,1,37.2,1,35.297,1,15.612,1,37.2,1,15.612,1,35.297,1
5905618,2025-12-12T00:49:20Z,1,-41.0028,155.08139,1,39.3,1,35.299,1,15.599,1,39.3,1,15.599,1,35.299,1
5905618,2025-12-12T00:49:20Z,1,-41.0028,155.08139,1,41.4,1,35.3,1,15.578,1,41.4,1,15.578,1,35.3,1
5905618,2025-12-12T00:49:20Z,1,-41.0028,155.08139,1,43.4,1,35.305,1,15.539,1,43.4,1,15.539,1,35.305,1
5905618,2025-12-12T00:49:20Z,1,-41.0028,155.08139,1,45.3,1,35.317,1,15.463,1,45.3,1,15.463,1,35.317,1
5905618,2025-12-12T00:49:20Z,1,-41.0028,155.08139,1,47.5,1,35.331,1,15.343,1,47.5,1,15.343,1,35.331,1
5905618,2025-12-12T00:49:20Z,1,-41.0028,155.08139,1,49.7,1,35.344,1,15.229,1,49.7,1,15.229,1,35.344,1
5905618,2025-12-12T00:49:20Z,1,-41.0028,155.08139,1,51.4,1,35.348,1,15.19,1,51.4,1,15.19,1,35.348,1
5905618,2025-12-12T00:49:20Z,1,-41.0028,155.08139,1,53.2,1,35.349,1,15.181,1,53.2,1,15.181,1,35.349,1
5905618,2025-12-12T00:49:20Z,1,-41.0028,155.08139,1,55.4,1,35.351,1,15.145,1,55.4,1,15.145,1,35.351,1
5905618,2025-12-12T00:49:20Z,1,-41.0028,155.08139,1,57.7,1,35.348,1,15.033,1,57.7,1,15.033,1,35.348,1
5905618,2025-12-12T00:49:20Z,1,-41.0028,155.08139,1,59.5,1,35.349,1,14.959,1,59.5,1,14.959,1,35.349,1
5905618,2025-12-12T00:49:20Z,1,-41.0028,155.08139,1,61.3,1,35.353,1,14.858,1,61.3,1,14.858,1,35.353,1
5905618,2025-12-12T00:49:20Z,1,-41.0028,155.08139,1,63.5,1,35.354,1,14.705,1,63.5,1,14.705,1,35.354,1
5905618,2025-12-12T00:49:20Z,1,-41.0028,155.08139,1,65.8,1,35.355,1,14.561,1,65.8,1,14.561,1,35.355,1
5905618,2025-12-12T00:49:20Z,1,-41.0028,155.08139,1,67.6,1,35.352,1,14.485,1,67.6,1,14.485,1,35.352,1
5905618,2025-12-12T00:49:20Z,1,-41.0028,155.08139,1,69.4,1,35.348,1,14.445,1,69.4,1,14.445,1,35.348,1
5905618,2025-12-12T00:49:20Z,1,-41.0028,155.08139,1,71.4,1,35.345,1,14.345,1,71.4,1,14.345,1,35.345,1
5905618,2025-12-12T00:49:20Z,1,-41.0028,155.08139,1,73.4,1,35.346,1,14.267,1,73.4,1,14.267,1,35.346,1
5905618,2025-12-12T00:49:20Z,1,-41.0028,155.08139,1,75.3,1,35.351,1,14.233,1,75.3,1,14.233,1,35.351,1
5905618,2025-12-12T00:49:20Z,1,-41.0028,155.08139,1,77.2,1,35.347,1,14.21,1,77.2,1,14.21,1,35.347,1
5905618,2025-12-12T00:49:20Z,1,-41.0028,155.08139,1,79.1,1,35.344,1,14.2,1,79.1,1,14.2,1,35.344,1
5905618,2025-12-12T00:49:20Z,1,-41.0028,155.08139,1,81.4,1,35.343,1,14.162,1,81.4,1,14.162,1,35.343,1
5905618,2025-12-12T00:49:20Z,1,-41.0028,155.08139,1,83.8,1,35.341,1,14.019,1,83.8,1,14.019,1,35.341,1
5905618,2025-12-12T00:49:20Z,1,-41.0028,155.08139,1,85.8,1,35.334,1,13.924,1,85.8,1,13.924,1,35.334,1
5905618,2025-12-12T00:49:20Z,1,-41.0028,155.08139,1,87.9,1,35.328,1,13.862,1,87.9,1,13.862,1,35.328,1
5905618,2025-12-12T00:49:20Z,1,-41.0028,155.08139,1,89.9,1,35.329,1,13.825,1,89.9,1,13.825,1,35.329,1
5905618,2025-12-12T00:49:20Z,1,-41.0028,155.08139,1,91.5,1,35.327,1,13.801,1,91.5,1,13.801,1,35.327,1
5905618,2025-12-12T00:49:20Z,1,-41.0028,155.08139,1,93.0,1,35.324,1,13.775,1,93.0,1,13.775,1,35.324,1
5905618,2025-12-12T00:49:20Z,1,-41.0028,155.08139,1,95.0,1,35.321,1,13.749,1,95.0,1,13.749,1,35.321,1
5905618,2025-12-12T00:49:20Z,1,-41.0028,155.08139,1,97.0,1,35.32,1,13.735,1,97.0,1,13.735,1,35.32,1
5905618,2025-12-12T00:49:20Z,1,-41.0028,155.08139,1,99.0,1,35.317,1,13.718,1,99.0,1,13.718,1,35.317,1
5905618,2025-12-12T00:49:20Z,1,-41.0028,155.08139,1,101.0,1,35.313,1,13.68,1,101.0,1,13.68,1,35.313,1
5905618,2025-12-12T00:49:20Z,1,-41.0028,155.08139,1,103.0,1,35.308,1,13.659,1,103.0,1,13.659,1,35.308,1
5905618,2025-12-12T00:49:20Z,1,-41.0028,155.08139,1,105.4,1,35.307,1,13.639,1,105.4,1,13.639,1,35.307,1
5905618,2025-12-12T00:49:20Z,1,-41.0028,155.08139,1,107.9,1,35.304,1,13.607,1,107.9,1,13.607,1,35.304,1
5905618,2025-12-12T00:49:20Z,1,-41.0028,155.08139,1,109.9,1,35.296,1,13.568,1,109.9,1,13.568,1,35.296,1
5905618,2025-12-12T00:49:20Z,1,-41.0028,155.08139,1,111.9,1,35.293,1,13.545,1,111.9,1,13.545,1,35.293,1
5905618,2025-12-12T00:49:20Z,1,-41.0028,155.08139,1,113.8,1,35.293,1,13.53,1,113.8,1,13.53,1,35.293,1
5905618,2025-12-12T00:49:20Z,1,-41.0028,155.08139,1,115.9,1,35.288,1,13.502,1,115.9,1,13.502,1,35.288,1
5905618,2025-12-12T00:49:20Z,1,-41.0028,155.08139,1,117.5,1,35.286,1,13.483,1,117.5,1,13.483,1,35.286,1
5905618,2025-12-12T00:49:20Z,1,-41.0028,155.08139,1,119.0,1,35.283,1,13.468,1,119.0,1,13.468,1,35.283,1
5905618,2025-12-12T00:49:20Z,1,-41.0028,155.08139,1,121.0,1,35.28,1,13.453,1,121.0,1,13.453,1,35.28,1
5905618,2025-12-12T00:49:20Z,1,-41.0028,155.08139,1,123.1,1,35.273,1,13.404,1,123.1,1,13.404,1,35.273,1
5905618,2025-12-12T00:49:20Z,1,-41.0028,155.08139,1,125.1,1,35.268,1,13.363,1,125.1,1,13.363,1,35.268,1
5905618,2025-12-12T00:49:20Z,1,-41.0028,155.08139,1,127.2,1,35.261,1,13.324,1,127.2,1,13.324,1,35.261,1
5905618,2025-12-12T00:49:20Z,1,-41.0028,155.08139,1,129.3,1,35.257,1,13.299,1,129.3,1,13.299,1,35.257,1
5905618,2025-12-12T00:49:20Z,1,-41.0028,155.08139,1,131.4,1,35.255,1,13.291,1,131.4,1,13.291,1,35.255,1
5905618,2025-12-12T00:49:20Z,1,-41.0028,155.08139,1,133.5,1,35.253,1,13.266,1,133.5,1,13.266,1,35.253,1
5905618,2025-12-12T00:49:20Z,1,-41.0028,155.08139,1,135.6,1,35.25,1,13.253,1,135.6,1,13.253,1,35.25,1
5905618,2025-12-12T00:49:20Z,1,-41.0028,155.08139,1,137.7,1,35.249,1,13.249,1,137.7,1,13.249,1,35.249,1
5905618,2025-12-12T00:49:20Z,1,-41.0028,155.08139,1,139.8,1,35.248,1,13.247,1,139.8,1,13.247,1,35.248,1
5905618,2025-12-12T00:49:20Z,1,-41.0028,155.08139,1,141.4,1,35.248,1,13.244,1,141.4,1,13.244,1,35.248,1
5905618,2025-12-12T00:49:20Z,1,-41.0028,155.08139,1,143.0,1,35.245,1,13.236,1,143.0,1,13.236,1,35.245,1
5905618,2025-12-12T00:49:20Z,1,-41.0028,155.08139,1,145.0,1,35.245,1,13.221,1,145.0,1,13.221,1,35.245,1
5905618,2025-12-12T00:49:20Z,1,-41.0028,155.08139,1,147.1,1,35.242,1,13.204,1,147.1,1,13.204,1,35.242,1
5905618,2025-12-12T00:49:20Z,1,-41.0028,155.08139,1,149.2,1,35.239,1,13.189,1,149.2,1,13.189,1,35.239,1
5905618,2025-12-12T00:49:20Z,1,-41.0028,155.08139,1,151.3,1,35.234,1,13.155,1,151.3,1,13.155,1,35.234,1
5905618,2025-12-12T00:49:20Z,1,-41.0028,155.08139,1,153.4,1,35.228,1,13.123,1,153.4,1,13.123,1,35.228,1
5905618,2025-12-12T00:49:20Z,1,-41.0028,155.08139,1,155.4,1,35.224,1,13.094,1,155.4,1,13.094,1,35.224,1
5905618,2025-12-12T00:49:20Z,1,-41.0028,155.08139,1,157.5,1,35.22,1,13.065,1,157.5,1,13.065,1,35.22,1
5905618,2025-12-12T00:49:20Z,1,-41.0028,155.08139,1,159.6,1,35.214,1,13.027,1,159.6,1,13.027,1,35.214,1
5905618,2025-12-12T00:49:20Z,1,-41.0028,155.08139,1,161.6,1,35.209,1,13.005,1,161.6,1,13.005,1,35.209,1
5905618,2025-12-12T00:49:20Z,1,-41.0028,155.08139,1,163.7,1,35.204,1,12.965,1,163.7,1,12.965,1,35.204,1
5905618,2025-12-12T00:49:20Z,1,-41.0028,155.08139,1,165.6,1,35.202,1,12.953,1,165.6,1,12.953,1,35.202,1
5905618,2025-12-12T00:49:20Z,1,-41.0028,155.08139,1,167.7,1,35.198,1,12.91,1,167.7,1,12.91,1,35.198,1
5905618,2025-12-12T00:49:20Z,1,-41.0028,155.08139,1,169.7,1,35.189,1,12.867,1,169.7,1,12.867,1,35.189,1
5905618,2025-12-12T00:49:20Z,1,-41.0028,155.08139,1,171.8,1,35.186,1,12.838,1,171.8,1,12.838,1,35.186,1
5905618,2025-12-12T00:49:20Z,1,-41.0028,155.08139,1,173.8,1,35.183,1,12.809,1,173.8,1,12.809,1,35.183,1
5905618,2025-12-12T00:49:20Z,1,-41.0028,155.08139,1,175.8,1,35.177,1,12.766,1,175.8,1,12.766,1,35.177,1
5905618,2025-12-12T00:49:20Z,1,-41.0028,155.08139,1,177.8,1,35.172,1,12.734,1,177.8,1,12.734,1,35.172,1
5905618,2025-12-12T00:49:20Z,1,-41.0028,155.08139,1,179.8,1,35.167,1,12.715,1,179.8,1,12.715,1,35.167,1
5905618,2025-12-12T00:49:20Z,1,-41.0028,155.08139,1,181.8,1,35.164,1,12.675,1,181.8,1,12.675,1,35.164,1
5905618,2025-12-12T00:49:20Z,1,-41.0028,155.08139,1,183.8,1,35.159,1,12.642,1,183.8,1,12.642,1,35.159,1
5905618,2025-12-12T00:49:20Z,1,-41.0028,155.08139,1,185.9,1,35.154,1,12.618,1,185.9,1,12.618,1,35.154,1
5905618,2025-12-12T00:49:20Z,1,-41.0028,155.08139,1,187.9,1,35.153,1,12.61,1,187.9,1,12.61,1,35.153,1
5905618,2025-12-12T00:49:20Z,1,-41.0028,155.08139,1,189.8,1,35.152,1,12.604,1,189.8,1,12.604,1,35.152,1
5905618,2025-12-12T00:49:20Z,1,-41.0028,155.08139,1,191.8,1,35.146,1,12.557,1,191.8,1,12.557,1,35.146,1
5905618,2025-12-12T00:49:20Z,1,-41.0028,155.08139,1,193.8,1,35.141,1,12.503,1,193.8,1,12.503,1,35.141,1
5905618,2025-12-12T00:49:20Z,1,-41.0028,155.08139,1,195.8,1,35.136,1,12.475,1,195.8,1,12.475,1,35.136,1
5905618,2025-12-12T00:49:20Z,1,-41.0028,155.08139,1,197.8,1,35.132,1,12.441,1,197.8,1,12.441,1,35.132,1
5905618,2025-12-12T00:49:20Z,1,-41.0028,155.08139,1,199.8,1,35.129,1,12.409,1,199.8,1,12.409,1,35.129,1
5905618,2025-12-12T00:49:20Z,1,-41.0028,155.08139,1,201.7,1,35.127,1,12.401,1,201.7,1,12.401,1,35.127,1
5905618,2025-12-12T00:49:20Z,1,-41.0028,155.08139,1,203.6,1,35.118,1,12.332,1,203.6,1,12.332,1,35.118,1
5905618,2025-12-12T00:49:20Z,1,-41.0028,155.08139,1,205.5,1,35.107,1,12.286,1,205.5,1,12.286,1,35.107,1
5905618,2025-12-12T00:49:20Z,1,-41.0028,155.08139,1,207.4,1,35.109,1,12.281,1,207.4,1,12.281,1,35.109,1
5905618,2025-12-12T00:49:20Z,1,-41.0028,155.08139,1,209.4,1,35.107,1,12.26,1,209.4,1,12.26,1,35.107,1
5905618,2025-12-12T00:49:20Z,1,-41.0028,155.08139,1,211.3,1,35.1,1,12.246,1,211.3,1,12.246,1,35.1,1
5905618,2025-12-12T00:49:20Z,1,-41.0028,155.08139,1,213.3,1,35.097,1,12.216,1,213.3,1,12.216,1,35.097,1
5905618,2025-12-12T00:49:20Z,1,-41.0028,155.08139,1,215.3,1,35.091,1,12.196,1,215.3,1,12.196,1,35.091,1
5905618,2025-12-12T00:49:20Z,1,-41.0028,155.08139,1,217.3,1,35.087,1,12.164,1,217.3,1,12.164,1,35.087,1
5905618,2025-12-12T00:49:20Z,1,-41.0028,155.08139,1,219.3,1,35.083,1,12.134,1,219.3,1,12.134,1,35.083,1
5905618,2025-12-12T00:49:20Z,1,-41.0028,155.08139,1,221.2,1,35.081,1,12.119,1,221.2,1,12.119,1,35.081,1
5905618,2025-12-12T00:49:20Z,1,-41.0028,155.08139,1,223.1,1,35.074,1,12.078,1,223.1,1,12.078,1,35.074,1
5905618,2025-12-12T00:49:20Z,1,-41.0028,155.08139,1,225.1,1,35.072,1,12.049,1,225.1,1,12.049,1,35.072,1
5905618,2025-12-12T00:49:20Z,1,-41.0028,155.08139,1,227.0,1,35.067,1,12.025,1,227.0,1,12.025,1,35.067,1
5905618,2025-12-12T00:49:20Z,1,-41.0028,155.08139,1,229.0,1,35.063,1,12.005,1,229.0,1,12.005,1,35.063,1
5905618,2025-12-12T00:49:20Z,1,-41.0028,155.08139,1,231.4,1,35.06,1,11.988,1,231.4,1,11.988,1,35.06,1
5905618,2025-12-12T00:49:20Z,1,-41.0028,155.08139,1,233.9,1,35.058,1,11.966,1,233.9,1,11.966,1,35.058,1
5905618,2025-12-12T00:49:20Z,1,-41.0028,155.08139,1,235.9,1,35.052,1,11.924,1,235.9,1,11.924,1,35.052,1
5905618,2025-12-12T00:49:20Z,1,-41.0028,155.08139,1,237.9,1,35.047,1,11.898,1,237.9,1,11.898,1,35.047,1
5905618,2025-12-12T00:49:20Z,1,-41.0028,155.08139,1,239.9,1,35.045,1,11.868,1,239.9,1,11.868,1,35.045,1
5905618,2025-12-12T00:49:20Z,1,-41.0028,155.08139,1,241.9,1,35.036,1,11.819,1,241.9,1,11.819,1,35.036,1
5905618,2025-12-12T00:49:20Z,1,-41.0028,155.08139,1,243.9,1,35.032,1,11.794,1,243.9,1,11.794,1,35.032,1
5905618,2025-12-12T00:49:20Z,1,-41.0028,155.08139,1,245.4,1,35.029,1,11.781,1,245.4,1,11.781,1,35.029,1
5905618,2025-12-12T00:49:20Z,1,-41.0028,155.08139,1,247.0,1,35.027,1,11.754,1,247.0,1,11.754,1,35.027,1
5905618,2025-12-12T00:49:20Z,1,-41.0028,155.08139,1,249.0,1,35.02,1,11.704,1,249.0,1,11.704,1,35.02,1
5905618,2025-12-12T00:49:20Z,1,-41.0028,155.08139,1,251.1,1,35.014,1,11.673,1,251.1,1,11.673,1,35.014,1
5905618,2025-12-12T00:49:20Z,1,-41.0028,155.08139,1,253.1,1,35.012,1,11.659,1,253.1,1,11.659,1,35.012,1
5905618,2025-12-12T00:49:20Z,1,-41.0028,155.08139,1,255.1,1,35.01,1,11.647,1,255.1,1,11.647,1,35.01,1
5905618,2025-12-12T00:49:20Z,1,-41.0028,155.08139,1,257.1,1,35.008,1,11.632,1,257.1,1,11.632,1,35.008,1
5905618,2025-12-12T00:49:20Z,1,-41.0028,155.08139,1,259.1,1,35.003,1,11.59,1,259.1,1,11.59,1,35.003,1
5905618,2025-12-12T00:49:20Z,1,-41.0028,155.08139,1,261.1,1,34.994,1,11.518,1,261.1,1,11.518,1,34.994,1
5905618,2025-12-12T00:49:20Z,1,-41.0028,155.08139,1,263.0,1,34.985,1,11.465,1,263.0,1,11.465,1,34.985,1
5905618,2025-12-12T00:49:20Z,1,-41.0028,155.08139,1,265.0,1,34.981,1,11.427,1,265.0,1,11.427,1,34.981,1
5905618,2025-12-12T00:49:20Z,1,-41.0028,155.08139,1,267.0,1,34.973,1,11.38,1,267.0,1,11.38,1,34.973,1
5905618,2025-12-12T00:49:20Z,1,-41.0028,155.08139,1,269.0,1,34.97,1,11.347,1,269.0,1,11.347,1,34.97,1
5905618,2025-12-12T00:49:20Z,1,-41.0028,155.08139,1,271.1,1,34.967,1,11.336,1,271.1,1,11.336,1,34.967,1
5905618,2025-12-12T00:49:20Z,1,-41.0028,155.08139,1,273.1,1,34.963,1,11.298,1,273.1,1,11.298,1,34.963,1
5905618,2025-12-12T00:49:20Z,1,-41.0028,155.08139,1,275.2,1,34.955,1,11.243,1,275.2,1,11.243,1,34.955,1
5905618,2025-12-12T00:49:20Z,1,-41.0028,155.08139,1,277.2,1,34.949,1,11.206,1,277.2,1,11.206,1,34.949,1
5905618,2025-12-12T00:49:20Z,1,-41.0028,155.08139,1,279.3,1,34.946,1,11.179,1,279.3,1,11.179,1,34.946,1
5905618,2025-12-12T00:49:20Z,1,-41.0028,155.08139,1,281.4,1,34.945,1,11.162,1,281.4,1,11.162,1,34.945,1
5905618,2025-12-12T00:49:20Z,1,-41.0028,155.08139,1,283.4,1,34.933,1,11.101,1,283.4,1,11.101,1,34.933,1
5905618,2025-12-12T00:49:20Z,1,-41.0028,155.08139,1,285.5,1,34.93,1,11.071,1,285.5,1,11.071,1,34.93,1
5905618,2025-12-12T00:49:20Z,1,-41.0028,155.08139,1,287.6,1,34.923,1,11.015,1,287.6,1,11.015,1,34.923,1
5905618,2025-12-12T00:49:20Z,1,-41.0028,155.08139,1,289.6,1,34.916,1,10.979,1,289.6,1,10.979,1,34.916,1
5905618,2025-12-12T00:49:20Z,1,-41.0028,155.08139,1,291.7,1,34.914,1,10.957,1,291.7,1,10.957,1,34.914,1
5905618,2025-12-12T00:49:20Z,1,-41.0028,155.08139,1,293.7,1,34.91,1,10.939,1,293.7,1,10.939,1,34.91,1
5905618,2025-12-12T00:49:20Z,1,-41.0028,155.08139,1,295.8,1,34.901,1,10.879,1,295.8,1,10.879,1,34.901,1
5905618,2025-12-12T00:49:20Z,1,-41.0028,155.08139,1,297.4,1,34.899,1,10.869,1,297.4,1,10.869,1,34.899,1
5905618,2025-12-12T00:49:20Z,1,-41.0028,155.08139,1,299.0,1,34.898,1,10.862,1,299.0,1,10.862,1,34.898,1
5905618,2025-12-12T00:49:20Z,1,-41.0028,155.08139,1,301.2,1,34.894,1,10.837,1,301.2,1,10.837,1,34.894,1
5905618,2025-12-12T00:49:20Z,1,-41.0028,155.08139,1,303.4,1,34.887,1,10.791,1,303.4,1,10.791,1,34.887,1
5905618,2025-12-12T00:49:20Z,1,-41.0028,155.08139,1,305.6,1,34.878,1,10.723,1,305.6,1,10.723,1,34.878,1
5905618,2025-12-12T00:49:20Z,1,-41.0028,155.08139,1,307.8,1,34.876,1,10.706,1,307.8,1,10.706,1,34.876,1
5905618,2025-12-12T00:49:20Z,1,-41.0028,155.08139,1,309.5,1,34.874,1,10.689,1,309.5,1,10.689,1,34.874,1
5905618,2025-12-12T00:49:20Z,1,-41.0028,155.08139,1,311.1,1,34.873,1,10.687,1,311.1,1,10.687,1,34.873,1
5905618,2025-12-12T00:49:20Z,1,-41.0028,155.08139,1,313.2,1,34.871,1,10.672,1,313.2,1,10.672,1,34.871,1
5905618,2025-12-12T00:49:20Z,1,-41.0028,155.08139,1,315.4,1,34.869,1,10.655,1,315.4,1,10.655,1,34.869,1
5905618,2025-12-12T00:49:20Z,1,-41.0028,155.08139,1,317.6,1,34.869,1,10.641,1,317.6,1,10.641,1,34.869,1
5905618,2025-12-12T00:49:20Z,1,-41.0028,155.08139,1,319.7,1,34.866,1,10.627,1,319.7,1,10.627,1,34.866,1
5905618,2025-12-12T00:49:20Z,1,-41.0028,155.08139,1,321.4,1,34.862,1,10.624,1,321.4,1,10.624,1,34.862,1
5905618,2025-12-12T00:49:20Z,1,-41.0028,155.08139,1,323.0,1,34.864,1,10.616,1,323.0,1,10.616,1,34.864,1
5905618,2025-12-12T00:49:20Z,1,-41.0028,155.08139,1,325.2,1,34.861,1,10.605,1,325.2,1,10.605,1,34.861,1
5905618,2025-12-12T00:49:20Z,1,-41.0028,155.08139,1,327.4,1,34.857,1,10.584,1,327.4,1,10.584,1,34.857,1
5905618,2025-12-12T00:49:20Z,1,-41.0028,155.08139,1,329.6,1,34.853,1,10.557,1,329.6,1,10.557,1,34.853,1
5905618,2025-12-12T00:49:20Z,1,-41.0028,155.08139,1,331.4,1,34.852,1,10.541,1,331.4,1,10.541,1,34.852,1
5905618,2025-12-12T00:49:20Z,1,-41.0028,155.08139,1,333.0,1,34.849,1,10.522,1,333.0,1,10.522,1,34.849,1
5905618,2025-12-12T00:49:20Z,1,-41.0028,155.08139,1,335.3,1,34.847,1,10.515,1,335.3,1,10.515,1,34.847,1
5905618,2025-12-12T00:49:20Z,1,-41.0028,155.08139,1,337.5,1,34.846,1,10.506,1,337.5,1,10.506,1,34.846,1
5905618,2025-12-12T00:49:20Z,1,-41.0028,155.08139,1,339.7,1,34.842,1,10.495,1,339.7,1,10.495,1,34.842,1
5905618,2025-12-12T00:49:20Z,1,-41.0028,155.08139,1,341.4,1,34.844,1,10.48,1,341.4,1,10.48,1,34.844,1
5905618,2025-12-12T00:49:20Z,1,-41.0028,155.08139,1,343.0,1,34.838,1,10.453,1,343.0,1,10.453,1,34.838,1
5905618,2025-12-12T00:49:20Z,1,-41.0028,155.08139,1,345.4,1,34.833,1,10.421,1,345.4,1,10.421,1,34.833,1
5905618,2025-12-12T00:49:20Z,1,-41.0028,155.08139,1,347.6,1,34.828,1,10.393,1,347.6,1,10.393,1,34.828,1
5905618,2025-12-12T00:49:20Z,1,-41.0028,155.08139,1,349.6,1,34.824,1,10.355,1,349.6,1,10.355,1,34.824,1
5905618,2025-12-12T00:49:20Z,1,-41.0028,155.08139,1,351.6,1,34.818,1,10.327,1,351.6,1,10.327,1,34.818,1
5905618,2025-12-12T00:49:20Z,1,-41.0028,155.08139,1,353.6,1,34.817,1,10.311,1,353.6,1,10.311,1,34.817,1
5905618,2025-12-12T00:49:20Z,1,-41.0028,155.08139,1,355.7,1,34.813,1,10.261,1,355.7,1,10.261,1,34.813,1
5905618,2025-12-12T00:49:20Z,1,-41.0028,155.08139,1,357.3,1,34.808,1,10.256,1,357.3,1,10.256,1,34.808,1
5905618,2025-12-12T00:49:20Z,1,-41.0028,155.08139,1,359.4,1,34.807,1,10.248,1,359.4,1,10.248,1,34.807,1
5905618,2025-12-12T00:49:20Z,1,-41.0028,155.08139,1,361.5,1,34.805,1,10.234,1,361.5,1,10.234,1,34.805,1
5905618,2025-12-12T00:49:20Z,1,-41.0028,155.08139,1,363.6,1,34.8,1,10.212,1,363.6,1,10.212,1,34.8,1
5905618,2025-12-12T00:49:20Z,1,-41.0028,155.08139,1,365.6,1,34.798,1,10.177,1,365.6,1,10.177,1,34.798,1
5905618,2025-12-12T00:49:20Z,1,-41.0028,155.08139,1,367.3,1,34.794,1,10.157,1,367.3,1,10.157,1,34.794,1
5905618,2025-12-12T00:49:20Z,1,-41.0028,155.08139,1,369.4,1,34.789,1,10.134,1,369.4,1,10.134,1,34.789,1
5905618,2025-12-12T00:49:20Z,1,-41.0028,155.08139,1,371.4,1,34.786,1,10.108,1,371.4,1,10.108,1,34.786,1
5905618,2025-12-12T00:49:20Z,1,-41.0028,155.08139,1,373.5,1,34.783,1,10.086,1,373.5,1,10.086,1,34.783,1
5905618,2025-12-12T00:49:20Z,1,-41.0028,155.08139,1,375.6,1,34.779,1,10.062,1,375.6,1,10.062,1,34.779,1
5905618,2025-12-12T00:49:20Z,1,-41.0028,155.08139,1,377.3,1,34.775,1,10.036,1,377.3,1,10.036,1,34.775,1
5905618,2025-12-12T00:49:20Z,1,-41.0028,155.08139,1,379.4,1,34.773,1,10.024,1,379.4,1,10.024,1,34.773,1
5905618,2025-12-12T00:49:20Z,1,-41.0028,155.08139,1,381.6,1,34.771,1,10.007,1,381.6,1,10.007,1,34.771,1
5905618,2025-12-12T00:49:20Z,1,-41.0028,155.08139,1,383.3,1,34.768,1,9.987,1,383.3,1,9.987,1,34.768,1
5905618,2025-12-12T00:49:20Z,1,-41.0028,155.08139,1,385.3,1,34.763,1,9.952,1,385.3,1,9.952,1,34.763,1
5905618,2025-12-12T00:49:20Z,1,-41.0028,155.08139,1,387.5,1,34.761,1,9.932,1,387.5,1,9.932,1,34.761,1
5905618,2025-12-12T00:49:20Z,1,-41.0028,155.08139,1,389.2,1,34.758,1,9.913,1,389.2,1,9.913,1,34.758,1
5905618,2025-12-12T00:49:20Z,1,-41.0028,155.08139,1,391.3,1,34.755,1,9.899,1,391.3,1,9.899,1,34.755,1
5905618,2025-12-12T00:49:20Z,1,-41.0028,155.08139,1,393.5,1,34.751,1,9.88,1,393.5,1,9.88,1,34.751,1
5905618,2025-12-12T00:49:20Z,1,-41.0028,155.08139,1,395.2,1,34.751,1,9.872,1,395.2,1,9.872,1,34.751,1
5905618,2025-12-12T00:49:20Z,1,-41.0028,155.08139,1,397.4,1,34.748,1,9.852,1,397.4,1,9.852,1,34.748,1
5905618,2025-12-12T00:49:20Z,1,-41.0028,155.08139,1,399.6,1,34.745,1,9.831,1,399.6,1,9.831,1,34.745,1
5905618,2025-12-12T00:49:20Z,1,-41.0028,155.08139,1,401.4,1,34.743,1,9.808,1,401.4,1,9.808,1,34.743,1
5905618,2025-12-12T00:49:20Z,1,-41.0028,155.08139,1,403.2,1,34.742,1,9.802,1,403.2,1,9.802,1,34.742,1
5905618,2025-12-12T00:49:20Z,1,-41.0028,155.08139,1,405.3,1,34.74,1,9.798,1,405.3,1,9.798,1,34.74,1
5905618,2025-12-12T00:49:20Z,1,-41.0028,155.08139,1,407.5,1,34.738,1,9.79,1,407.5,1,9.79,1,34.738,1
5905618,2025-12-12T00:49:20Z,1,-41.0028,155.08139,1,409.2,1,34.737,1,9.77,1,409.2,1,9.77,1,34.737,1
5905618,2025-12-12T00:49:20Z,1,-41.0028,155.08139,1,411.3,1,34.73,1,9.724,1,411.3,1,9.724,1,34.73,1
5905618,2025-12-12T00:49:20Z,1,-41.0028,155.08139,1,413.4,1,34.724,1,9.683,1,413.4,1,9.683,1,34.724,1
5905618,2025-12-12T00:49:20Z,1,-41.0028,155.08139,1,415.1,1,34.721,1,9.669,1,415.1,1,9.669,1,34.721,1
5905618,2025-12-12T00:49:20Z,1,-41.0028,155.08139,1,417.3,1,34.717,1,9.638,1,417.3,1,9.638,1,34.717,1
5905618,2025-12-12T00:49:20Z,1,-41.0028,155.08139,1,419.4,1,34.715,1,9.621,1,419.4,1,9.621,1,34.715,1
5905618,2025-12-12T00:49:20Z,1,-41.0028,155.08139,1,421.2,1,34.71,1,9.595,1,421.2,1,9.595,1,34.71,1
5905618,2025-12-12T00:49:20Z,1,-41.0028,155.08139,1,423.4,1,34.706,1,9.562,1,423.4,1,9.562,1,34.706,1
5905618,2025-12-12T00:49:20Z,1,-41.0028,155.08139,1,425.5,1,34.702,1,9.532,1,425.5,1,9.532,1,34.702,1
5905618,2025-12-12T00:49:20Z,1,-41.0028,155.08139,1,427.2,1,34.697,1,9.512,1,427.2,1,9.512,1,34.697,1
5905618,2025-12-12T00:49:20Z,1,-41.0028,155.08139,1,429.4,1,34.695,1,9.492,1,429.4,1,9.492,1,34.695,1
5905618,2025-12-12T00:49:20Z,1,-41.0028,155.08139,1,431.6,1,34.695,1,9.491,1,431.6,1,9.491,1,34.695,1
5905618,2025-12-12T00:49:20Z,1,-41.0028,155.08139,1,433.4,1,34.693,1,9.481,1,433.4,1,9.481,1,34.693,1
5905618,2025-12-12T00:49:20Z,1,-41.0028,155.08139,1,435.1,1,34.691,1,9.464,1,435.1,1,9.464,1,34.691,1
5905618,2025-12-12T00:49:20Z,1,-41.0028,155.08139,1,437.3,1,34.687,1,9.433,1,437.3,1,9.433,1,34.687,1
5905618,2025-12-12T00:49:20Z,1,-41.0028,155.08139,1,439.5,1,34.685,1,9.42,1,439.5,1,9.42,1,34.685,1
5905618,2025-12-12T00:49:20Z,1,-41.0028,155.08139,1,441.2,1,34.682,1,9.403,1,441.2,1,9.403,1,34.682,1
5905618,2025-12-12T00:49:20Z,1,-41.0028,155.08139,1,443.3,1,34.681,1,9.388,1,443.3,1,9.388,1,34.681,1
5905618,2025-12-12T00:49:20Z,1,-41.0028,155.08139,1,445.5,1,34.679,1,9.371,1,445.5,1,9.371,1,34.679,1
5905618,2025-12-12T00:49:20Z,1,-41.0028,155.08139,1,447.2,1,34.676,1,9.356,1,447.2,1,9.356,1,34.676,1
5905618,2025-12-12T00:49:20Z,1,-41.0028,155.08139,1,449.4,1,34.676,1,9.349,1,449.4,1,9.349,1,34.676,1
5905618,2025-12-12T00:49:20Z,1,-41.0028,155.08139,1,451.6,1,34.673,1,9.33,1,451.6,1,9.33,1,34.673,1
5905618,2025-12-12T00:49:20Z,1,-41.0028,155.08139,1,453.3,1,34.671,1,9.316,1,453.3,1,9.316,1,34.671,1
5905618,2025-12-12T00:49:20Z,1,-41.0028,155.08139,1,455.5,1,34.67,1,9.309,1,455.5,1,9.309,1,34.67,1
5905618,2025-12-12T00:49:20Z,1,-41.0028,155.08139,1,457.7,1,34.668,1,9.293,1,457.7,1,9.293,1,34.668,1
5905618,2025-12-12T00:49:20Z,1,-41.0028,155.08139,1,459.4,1,34.665,1,9.269,1,459.4,1,9.269,1,34.665,1
5905618,2025-12-12T00:49:20Z,1,-41.0028,155.08139,1,461.1,1,34.664,1,9.254,1,461.1,1,9.254,1,34.664,1
5905618,2025-12-12T00:49:20Z,1,-41.0028,155.08139,1,463.4,1,34.662,1,9.242,1,463.4,1,9.242,1,34.662,1
5905618,2025-12-12T00:49:20Z,1,-41.0028,155.08139,1,465.5,1,34.662,1,9.236,1,465.5,1,9.236,1,34.662,1
5905618,2025-12-12T00:49:20Z,1,-41.0028,155.08139,1,467.3,1,34.662,1,9.23,1,467.3,1,9.23,1,34.662,1
5905618,2025-12-12T00:49:20Z,1,-41.0028,155.08139,1,469.5,1,34.66,1,9.212,1,469.5,1,9.212,1,34.66,1
5905618,2025-12-12T00:49:20Z,1,-41.0028,155.08139,1,471.7,1,34.657,1,9.2,1,471.7,1,9.2,1,34.657,1
5905618,2025-12-12T00:49:20Z,1,-41.0028,155.08139,1,473.4,1,34.654,1,9.17,1,473.4,1,9.17,1,34.654,1
5905618,2025-12-12T00:49:20Z,1,-41.0028,155.08139,1,475.2,1,34.653,1,9.155,1,475.2,1,9.155,1,34.653,1
5905618,2025-12-12T00:49:20Z,1,-41.0028,155.08139,1,477.4,1,34.65,1,9.14,1,477.4,1,9.14,1,34.65,1
5905618,2025-12-12T00:49:20Z,1,-41.0028,155.08139,1,479.6,1,34.649,1,9.127,1,479.6,1,9.127,1,34.649,1
5905618,2025-12-12T00:49:20Z,1,-41.0028,155.08139,1,481.4,1,34.647,1,9.106,1,481.4,1,9.106,1,34.647,1
5905618,2025-12-12T00:49:20Z,1,-41.0028,155.08139,1,483.1,1,34.645,1,9.098,1,483.1,1,9.098,1,34.645,1
5905618,2025-12-12T00:49:20Z,1,-41.0028,155.08139,1,485.3,1,34.643,1,9.068,1,485.3,1,9.068,1,34.643,1
5905618,2025-12-12T00:49:20Z,1,-41.0028,155.08139,1,487.5,1,34.639,1,9.039,1,487.5,1,9.039,1,34.639,1
5905618,2025-12-12T00:49:20Z,1,-41.0028,155.08139,1,489.3,1,34.635,1,9.008,1,489.3,1,9.008,1,34.635,1
5905618,2025-12-12T00:49:20Z,1,-41.0028,155.08139,1,491.1,1,34.633,1,8.991,1,491.1,1,8.991,1,34.633,1
5905618,2025-12-12T00:49:20Z,1,-41.0028,155.08139,1,493.4,1,34.63,1,8.975,1,493.4,1,8.975,1,34.63,1
5905618,2025-12-12T00:49:20Z,1,-41.0028,155.08139,1,495.6,1,34.628,1,8.935,1,495.6,1,8.935,1,34.628,1
5905618,2025-12-12T00:49:20Z,1,-41.0028,155.08139,1,497.5,1,34.626,1,8.93,1,497.5,1,8.93,1,34.626,1
5905618,2025-12-12T00:49:20Z,1,-41.0028,155.08139,1,499.2,1,34.625,1,8.923,1,499.2,1,8.923,1,34.625,1
5905618,2025-12-12T00:49:20Z,1,-41.0028,155.08139,1,501.5,1,34.623,1,8.903,1,501.5,1,8.903,1,34.623,1
5905618,2025-12-12T00:49:20Z,1,-41.0028,155.08139,1,503.7,1,34.622,1,8.889,1,503.7,1,8.889,1,34.622,1
5905618,2025-12-12T00:49:20Z,1,-41.0028,155.08139,1,505.5,1,34.622,1,8.881,1,505.5,1,8.881,1,34.622,1
5905618,2025-12-12T00:49:20Z,1,-41.0028,155.08139,1,507.3,1,34.622,1,8.871,1,507.3,1,8.871,1,34.622,1
5905618,2025-12-12T00:49:20Z,1,-41.0028,155.08139,1,509.1,1,34.62,1,8.865,1,509.1,1,8.865,1,34.62,1
5905618,2025-12-12T00:49:20Z,1,-41.0028,155.08139,1,511.4,1,34.618,1,8.824,1,511.4,1,8.824,1,34.618,1
5905618,2025-12-12T00:49:20Z,1,-41.0028,155.08139,1,513.6,1,34.612,1,8.802,1,513.6,1,8.802,1,34.612,1
5905618,2025-12-12T00:49:20Z,1,-41.0028,155.08139,1,515.4,1,34.611,1,8.793,1,515.4,1,8.793,1,34.611,1
5905618,2025-12-12T00:49:20Z,1,-41.0028,155.08139,1,517.2,1,34.611,1,8.785,1,517.2,1,8.785,1,34.611,1
5905618,2025-12-12T00:49:20Z,1,-41.0028,155.08139,1,519.5,1,34.608,1,8.755,1,519.5,1,8.755,1,34.608,1
5905618,2025-12-12T00:49:20Z,1,-41.0028,155.08139,1,521.7,1,34.605,1,8.725,1,521.7,1,8.725,1,34.605,1
5905618,2025-12-12T00:49:20Z,1,-41.0028,155.08139,1,523.6,1,34.605,1,8.715,1,523.6,1,8.715,1,34.605,1
5905618,2025-12-12T00:49:20Z,1,-41.0028,155.08139,1,525.4,1,34.604,1,8.708,1,525.4,1,8.708,1,34.604,1
5905618,2025-12-12T00:49:20Z,1,-41.0028,155.08139,1,527.3,1,34.603,1,8.697,1,527.3,1,8.697,1,34.603,1
5905618,2025-12-12T00:49:20Z,1,-41.0028,155.08139,1,529.1,1,34.601,1,8.682,1,529.1,1,8.682,1,34.601,1
5905618,2025-12-12T00:49:20Z,1,-41.0028,155.08139,1,531.5,1,34.599,1,8.657,1,531.5,1,8.657,1,34.599,1
5905618,2025-12-12T00:49:20Z,1,-41.0028,155.08139,1,533.7,1,34.598,1,8.653,1,533.7,1,8.653,1,34.598,1
5905618,2025-12-12T00:49:20Z,1,-41.0028,155.08139,1,535.5,1,34.597,1,8.646,1,535.5,1,8.646,1,34.597,1
5905618,2025-12-12T00:49:20Z,1,-41.0028,155.08139,1,537.3,1,34.596,1,8.632,1,537.3,1,8.632,1,34.596,1
5905618,2025-12-12T00:49:20Z,1,-41.0028,155.08139,1,539.1,1,34.592,1,8.61,1,539.1,1,8.61,1,34.592,1
5905618,2025-12-12T00:49:20Z,1,-41.0028,155.08139,1,541.4,1,34.59,1,8.584,1,541.4,1,8.584,1,34.59,1
5905618,2025-12-12T00:49:20Z,1,-41.0028,155.08139,1,543.7,1,34.59,1,8.576,1,543.7,1,8.576,1,34.59,1
5905618,2025-12-12T00:49:20Z,1,-41.0028,155.08139,1,545.6,1,34.589,1,8.565,1,545.6,1,8.565,1,34.589,1
5905618,2025-12-12T00:49:20Z,1,-41.0028,155.08139,1,547.5,1,34.586,1,8.552,1,547.5,1,8.552,1,34.586,1
5905618,2025-12-12T00:49:20Z,1,-41.0028,155.08139,1,549.4,1,34.587,1,8.543,1,549.4,1,8.543,1,34.587,1
5905618,2025-12-12T00:49:20Z,1,-41.0028,155.08139,1,551.3,1,34.586,1,8.532,1,551.3,1,8.532,1,34.586,1
5905618,2025-12-12T00:49:20Z,1,-41.0028,155.08139,1,553.2,1,34.585,1,8.531,1,553.2,1,8.531,1,34.585,1
5905618,2025-12-12T00:49:20Z,1,-41.0028,155.08139,1,555.1,1,34.583,1,8.517,1,555.1,1,8.517,1,34.583,1
5905618,2025-12-12T00:49:20Z,1,-41.0028,155.08139,1,557.1,1,34.58,1,8.483,1,557.1,1,8.483,1,34.58,1
5905618,2025-12-12T00:49:20Z,1,-41.0028,155.08139,1,559.0,1,34.58,1,8.463,1,559.0,1,8.463,1,34.58,1
5905618,2025-12-12T00:49:20Z,1,-41.0028,155.08139,1,561.4,1,34.577,1,8.433,1,561.4,1,8.433,1,34.577,1
5905618,2025-12-12T00:49:20Z,1,-41.0028,155.08139,1,563.8,1,34.577,1,8.434,1,563.8,1,8.434,1,34.577,1
5905618,2025-12-12T00:49:20Z,1,-41.0028,155.08139,1,565.7,1,34.578,1,8.432,1,565.7,1,8.432,1,34.578,1
5905618,2025-12-12T00:49:20Z,1,-41.0028,155.08139,1,567.6,1,34.578,1,8.413,1,567.6,1,8.413,1,34.578,1
5905618,2025-12-12T00:49:20Z,1,-41.0028,155.08139,1,569.5,1,34.575,1,8.385,1,569.5,1,8.385,1,34.575,1
5905618,2025-12-12T00:49:20Z,1,-41.0028,155.08139,1,571.5,1,34.573,1,8.342,1,571.5,1,8.342,1,34.573,1
5905618,2025-12-12T00:49:20Z,1,-41.0028,155.08139,1,573.5,1,34.57,1,8.332,1,573.5,1,8.332,1,34.57,1
5905618,2025-12-12T00:49:20Z,1,-41.0028,155.08139,1,575.4,1,34.57,1,8.327,1,575.4,1,8.327,1,34.57,1
5905618,2025-12-12T00:49:20Z,1,-41.0028,155.08139,1,577.4,1,34.57,1,8.319,1,577.4,1,8.319,1,34.57,1
5905618,2025-12-12T00:49:20Z,1,-41.0028,155.08139,1,579.3,1,34.567,1,8.304,1,579.3,1,8.304,1,34.567,1
5905618,2025-12-12T00:49:20Z,1,-41.0028,155.08139,1,581.2,1,34.567,1,8.282,1,581.2,1,8.282,1,34.567,1
5905618,2025-12-12T00:49:20Z,1,-41.0028,155.08139,1,583.2,1,34.566,1,8.278,1,583.2,1,8.278,1,34.566,1
5905618,2025-12-12T00:49:20Z,1,-41.0028,155.08139,1,585.1,1,34.567,1,8.27,1,585.1,1,8.27,1,34.567,1
5905618,2025-12-12T00:49:20Z,1,-41.0028,155.08139,1,587.0,1,34.564,1,8.245,1,587.0,1,8.245,1,34.564,1
5905618,2025-12-12T00:49:20Z,1,-41.0028,155.08139,1,589.4,1,34.562,1,8.23,1,589.4,1,8.23,1,34.562,1
5905618,2025-12-12T00:49:20Z,1,-41.0028,155.08139,1,591.8,1,34.559,1,8.208,1,591.8,1,8.208,1,34.559,1
5905618,2025-12-12T00:49:20Z,1,-41.0028,155.08139,1,593.9,1,34.558,1,8.189,1,593.9,1,8.189,1,34.558,1
5905618,2025-12-12T00:49:20Z,1,-41.0028,155.08139,1,595.9,1,34.557,1,8.16,1,595.9,1,8.16,1,34.557,1
5905618,2025-12-12T00:49:20Z,1,-41.0028,155.08139,1,597.8,1,34.555,1,8.146,1,597.8,1,8.146,1,34.555,1
5905618,2025-12-12T00:49:20Z,1,-41.0028,155.08139,1,599.8,1,34.554,1,8.109,1,599.8,1,8.109,1,34.554,1
5905618,2025-12-12T00:49:20Z,1,-41.0028,155.08139,1,601.8,1,34.548,1,8.077,1,601.8,1,8.077,1,34.548,1
5905618,2025-12-12T00:49:20Z,1,-41.0028,155.08139,1,603.8,1,34.547,1,8.059,1,603.8,1,8.059,1,34.547,1
5905618,2025-12-12T00:49:20Z,1,-41.0028,155.08139,1,605.8,1,34.545,1,8.042,1,605.8,1,8.042,1,34.545,1
5905618,2025-12-12T00:49:20Z,1,-41.0028,155.08139,1,607.8,1,34.544,1,8.039,1,607.8,1,8.039,1,34.544,1
5905618,2025-12-12T00:49:20Z,1,-41.0028,155.08139,1,609.8,1,34.544,1,8.028,1,609.8,1,8.028,1,34.544,1
5905618,2025-12-12T00:49:20Z,1,-41.0028,155.08139,1,611.8,1,34.542,1,8.017,1,611.8,1,8.017,1,34.542,1
5905618,2025-12-12T00:49:20Z,1,-41.0028,155.08139,1,613.8,1,34.542,1,8.001,1,613.8,1,8.001,1,34.542,1
5905618,2025-12-12T00:49:20Z,1,-41.0028,155.08139,1,615.8,1,34.542,1,7.996,1,615.8,1,7.996,1,34.542,1
5905618,2025-12-12T00:49:20Z,1,-41.0028,155.08139,1,617.9,1,34.54,1,7.968,1,617.9,1,7.968,1,34.54,1
5905618,2025-12-12T00:49:20Z,1,-41.0028,155.08139,1,619.9,1,34.539,1,7.947,1,619.9,1,7.947,1,34.539,1
5905618,2025-12-12T00:49:20Z,1,-41.0028,155.08139,1,621.8,1,34.535,1,7.933,1,621.8,1,7.933,1,34.535,1
5905618,2025-12-12T00:49:20Z,1,-41.0028,155.08139,1,623.8,1,34.535,1,7.931,1,623.8,1,7.931,1,34.535,1
5905618,2025-12-12T00:49:20Z,1,-41.0028,155.08139,1,625.8,1,34.535,1,7.93,1,625.8,1,7.93,1,34.535,1
5905618,2025-12-12T00:49:20Z,1,-41.0028,155.08139,1,627.9,1,34.534,1,7.923,1,627.9,1,7.923,1,34.534,1
5905618,2025-12-12T00:49:20Z,1,-41.0028,155.08139,1,629.4,1,34.534,1,7.925,1,629.4,1,7.925,1,34.534,1
5905618,2025-12-12T00:49:20Z,1,-41.0028,155.08139,1,631.0,1,34.533,1,7.917,1,631.0,1,7.917,1,34.533,1
5905618,2025-12-12T00:49:20Z,1,-41.0028,155.08139,1,633.0,1,34.535,1,7.904,1,633.0,1,7.904,1,34.535,1
5905618,2025-12-12T00:49:20Z,1,-41.0028,155.08139,1,635.0,1,34.533,1,7.896,1,635.0,1,7.896,1,34.533,1
5905618,2025-12-12T00:49:20Z,1,-41.0028,155.08139,1,637.0,1,34.533,1,7.884,1,637.0,1,7.884,1,34.533,1
5905618,2025-12-12T00:49:20Z,1,-41.0028,155.08139,1,639.0,1,34.532,1,7.867,1,639.0,1,7.867,1,34.532,1
5905618,2025-12-12T00:49:20Z,1,-41.0028,155.08139,1,641.0,1,34.531,1,7.856,1,641.0,1,7.856,1,34.531,1
5905618,2025-12-12T00:49:20Z,1,-41.0028,155.08139,1,643.0,1,34.531,1,7.848,1,643.0,1,7.848,1,34.531,1
5905618,2025-12-12T00:49:20Z,1,-41.0028,155.08139,1,645.0,1,34.53,1,7.825,1,645.0,1,7.825,1,34.53,1
5905618,2025-12-12T00:49:20Z,1,-41.0028,155.08139,1,647.0,1,34.528,1,7.808,1,647.0,1,7.808,1,34.528,1
5905618,2025-12-12T00:49:20Z,1,-41.0028,155.08139,1,649.0,1,34.527,1,7.787,1,649.0,1,7.787,1,34.527,1
5905618,2025-12-12T00:49:20Z,1,-41.0028,155.08139,1,651.0,1,34.527,1,7.774,1,651.0,1,7.774,1,34.527,1
5905618,2025-12-12T00:49:20Z,1,-41.0028,155.08139,1,653.0,1,34.526,1,7.76,1,653.0,1,7.76,1,34.526,1
5905618,2025-12-12T00:49:20Z,1,-41.0028,155.08139,1,655.0,1,34.525,1,7.751,1,655.0,1,7.751,1,34.525,1
5905618,2025-12-12T00:49:20Z,1,-41.0028,155.08139,1,657.4,1,34.525,1,7.735,1,657.4,1,7.735,1,34.525,1
5905618,2025-12-12T00:49:20Z,1,-41.0028,155.08139,1,659.9,1,34.523,1,7.724,1,659.9,1,7.724,1,34.523,1
5905618,2025-12-12T00:49:20Z,1,-41.0028,155.08139,1,661.9,1,34.523,1,7.712,1,661.9,1,7.712,1,34.523,1
5905618,2025-12-12T00:49:20Z,1,-41.0028,155.08139,1,663.8,1,34.521,1,7.692,1,663.8,1,7.692,1,34.521,1
5905618,2025-12-12T00:49:20Z,1,-41.0028,155.08139,1,665.8,1,34.521,1,7.686,1,665.8,1,7.686,1,34.521,1
5905618,2025-12-12T00:49:20Z,1,-41.0028,155.08139,1,667.7,1,34.521,1,7.671,1,667.7,1,7.671,1,34.521,1
5905618,2025-12-12T00:49:20Z,1,-41.0028,155.08139,1,669.6,1,34.52,1,7.663,1,669.6,1,7.663,1,34.52,1
5905618,2025-12-12T00:49:20Z,1,-41.0028,155.08139,1,671.5,1,34.519,1,7.658,1,671.5,1,7.658,1,34.519,1
5905618,2025-12-12T00:49:20Z,1,-41.0028,155.08139,1,673.5,1,34.518,1,7.655,1,673.5,1,7.655,1,34.518,1
5905618,2025-12-12T00:49:20Z,1,-41.0028,155.08139,1,675.4,1,34.516,1,7.62,1,675.4,1,7.62,1,34.516,1
5905618,2025-12-12T00:49:20Z,1,-41.0028,155.08139,1,677.3,1,34.515,1,7.6,1,677.3,1,7.6,1,34.515,1
5905618,2025-12-12T00:49:20Z,1,-41.0028,155.08139,1,679.2,1,34.514,1,7.593,1,679.2,1,7.593,1,34.514,1
5905618,2025-12-12T00:49:20Z,1,-41.0028,155.08139,1,681.1,1,34.513,1,7.57,1,681.1,1,7.57,1,34.513,1
5905618,2025-12-12T00:49:20Z,1,-41.0028,155.08139,1,683.4,1,34.507,1,7.524,1,683.4,1,7.524,1,34.507,1
5905618,2025-12-12T00:49:20Z,1,-41.0028,155.08139,1,685.7,1,34.503,1,7.473,1,685.7,1,7.473,1,34.503,1
5905618,2025-12-12T00:49:20Z,1,-41.0028,155.08139,1,687.6,1,34.499,1,7.44,1,687.6,1,7.44,1,34.499,1
5905618,2025-12-12T00:49:20Z,1,-41.0028,155.08139,1,689.5,1,34.499,1,7.422,1,689.5,1,7.422,1,34.499,1
5905618,2025-12-12T00:49:20Z,1,-41.0028,155.08139,1,691.3,1,34.499,1,7.402,1,691.3,1,7.402,1,34.499,1
5905618,2025-12-12T00:49:20Z,1,-41.0028,155.08139,1,693.2,1,34.496,1,7.377,1,693.2,1,7.377,1,34.496,1
5905618,2025-12-12T00:49:20Z,1,-41.0028,155.08139,1,695.1,1,34.494,1,7.359,1,695.1,1,7.359,1,34.494,1
5905618,2025-12-12T00:49:20Z,1,-41.0028,155.08139,1,697.5,1,34.493,1,7.342,1,697.5,1,7.342,1,34.493,1
5905618,2025-12-12T00:49:20Z,1,-41.0028,155.08139,1,699.8,1,34.492,1,7.313,1,699.8,1,7.313,1,34.492,1
5905618,2025-12-12T00:49:20Z,1,-41.0028,155.08139,1,701.7,1,34.491,1,7.294,1,701.7,1,7.294,1,34.491,1
5905618,2025-12-12T00:49:20Z,1,-41.0028,155.08139,1,703.6,1,34.49,1,7.286,1,703.6,1,7.286,1,34.49,1
5905618,2025-12-12T00:49:20Z,1,-41.0028,155.08139,1,705.6,1,34.49,1,7.276,1,705.6,1,7.276,1,34.49,1
5905618,2025-12-12T00:49:20Z,1,-41.0028,155.08139,1,707.5,1,34.489,1,7.257,1,707.5,1,7.257,1,34.489,1
5905618,2025-12-12T00:49:20Z,1,-41.0028,155.08139,1,709.5,1,34.488,1,7.213,1,709.5,1,7.213,1,34.488,1
5905618,2025-12-12T00:49:20Z,1,-41.0028,155.08139,1,711.5,1,34.483,1,7.172,1,711.5,1,7.172,1,34.483,1
5905618,2025-12-12T00:49:20Z,1,-41.0028,155.08139,1,713.5,1,34.48,1,7.152,1,713.5,1,7.152,1,34.48,1
5905618,2025-12-12T00:49:20Z,1,-41.0028,155.08139,1,715.6,1,34.482,1,7.126,1,715.6,1,7.126,1,34.482,1
5905618,2025-12-12T00:49:20Z,1,-41.0028,155.08139,1,717.5,1,34.479,1,7.112,1,717.5,1,7.112,1,34.479,1
5905618,2025-12-12T00:49:20Z,1,-41.0028,155.08139,1,719.4,1,34.479,1,7.091,1,719.4,1,7.091,1,34.479,1
5905618,2025-12-12T00:49:20Z,1,-41.0028,155.08139,1,721.3,1,34.477,1,7.08,1,721.3,1,7.08,1,34.477,1
5905618,2025-12-12T00:49:20Z,1,-41.0028,155.08139,1,723.6,1,34.477,1,7.073,1,723.6,1,7.073,1,34.477,1
5905618,2025-12-12T00:49:20Z,1,-41.0028,155.08139,1,725.5,1,34.476,1,7.065,1,725.5,1,7.065,1,34.476,1
5905618,2025-12-12T00:49:20Z,1,-41.0028,155.08139,1,727.4,1,34.475,1,7.048,1,727.4,1,7.048,1,34.475,1
5905618,2025-12-12T00:49:20Z,1,-41.0028,155.08139,1,729.3,1,34.474,1,7.043,1,729.3,1,7.043,1,34.474,1
5905618,2025-12-12T00:49:20Z,1,-41.0028,155.08139,1,731.2,1,34.473,1,7.02,1,731.2,1,7.02,1,34.473,1
5905618,2025-12-12T00:49:20Z,1,-41.0028,155.08139,1,733.2,1,34.473,1,7.0,1,733.2,1,7.0,1,34.473,1
5905618,2025-12-12T00:49:20Z,1,-41.0028,155.08139,1,735.3,1,34.471,1,6.963,1,735.3,1,6.963,1,34.471,1
5905618,2025-12-12T00:49:20Z,1,-41.0028,155.08139,1,737.3,1,34.467,1,6.938,1,737.3,1,6.938,1,34.467,1
5905618,2025-12-12T00:49:20Z,1,-41.0028,155.08139,1,739.4,1,34.466,1,6.929,1,739.4,1,6.929,1,34.466,1
5905618,2025-12-12T00:49:20Z,1,-41.0028,155.08139,1,741.5,1,34.466,1,6.918,1,741.5,1,6.918,1,34.466,1
5905618,2025-12-12T00:49:20Z,1,-41.0028,155.08139,1,743.2,1,34.465,1,6.915,1,743.2,1,6.915,1,34.465,1
5905618,2025-12-12T00:49:20Z,1,-41.0028,155.08139,1,745.3,1,34.464,1,6.912,1,745.3,1,6.912,1,34.464,1
5905618,2025-12-12T00:49:20Z,1,-41.0028,155.08139,1,747.5,1,34.464,1,6.909,1,747.5,1,6.909,1,34.464,1
5905618,2025-12-12T00:49:20Z,1,-41.0028,155.08139,1,749.2,1,34.464,1,6.902,1,749.2,1,6.902,1,34.464,1
5905618,2025-12-12T00:49:20Z,1,-41.0028,155.08139,1,751.4,1,34.464,1,6.882,1,751.4,1,6.882,1,34.464,1
5905618,2025-12-12T00:49:20Z,1,-41.0028,155.08139,1,753.5,1,34.464,1,6.865,1,753.5,1,6.865,1,34.464,1
5905618,2025-12-12T00:49:20Z,1,-41.0028,155.08139,1,755.3,1,34.464,1,6.859,1,755.3,1,6.859,1,34.464,1
5905618,2025-12-12T00:49:20Z,1,-41.0028,155.08139,1,757.5,1,34.463,1,6.847,1,757.5,1,6.847,1,34.463,1
5905618,2025-12-12T00:49:20Z,1,-41.0028,155.08139,1,759.7,1,34.462,1,6.833,1,759.7,1,6.833,1,34.462,1
5905618,2025-12-12T00:49:20Z,1,-41.0028,155.08139,1,761.5,1,34.462,1,6.818,1,761.5,1,6.818,1,34.462,1
5905618,2025-12-12T00:49:20Z,1,-41.0028,155.08139,1,763.4,1,34.46,1,6.802,1,763.4,1,6.802,1,34.46,1
5905618,2025-12-12T00:49:20Z,1,-41.0028,155.08139,1,765.2,1,34.46,1,6.794,1,765.2,1,6.794,1,34.46,1
5905618,2025-12-12T00:49:20Z,1,-41.0028,155.08139,1,767.5,1,34.459,1,6.773,1,767.5,1,6.773,1,34.459,1
5905618,2025-12-12T00:49:20Z,1,-41.0028,155.08139,1,769.7,1,34.459,1,6.757,1,769.7,1,6.757,1,34.459,1
5905618,2025-12-12T00:49:20Z,1,-41.0028,155.08139,1,771.5,1,34.461,1,6.761,1,771.5,1,6.761,1,34.461,1
5905618,2025-12-12T00:49:20Z,1,-41.0028,155.08139,1,773.4,1,34.463,1,6.748,1,773.4,1,6.748,1,34.463,1
5905618,2025-12-12T00:49:20Z,1,-41.0028,155.08139,1,775.2,1,34.462,1,6.735,1,775.2,1,6.735,1,34.462,1
5905618,2025-12-12T00:49:20Z,1,-41.0028,155.08139,1,777.4,1,34.461,1,6.721,1,777.4,1,6.721,1,34.461,1
5905618,2025-12-12T00:49:20Z,1,-41.0028,155.08139,1,779.7,1,34.462,1,6.715,1,779.7,1,6.715,1,34.462,1
5905618,2025-12-12T00:49:20Z,1,-41.0028,155.08139,1,781.4,1,34.46,1,6.709,1,781.4,1,6.709,1,34.46,1
5905618,2025-12-12T00:49:20Z,1,-41.0028,155.08139,1,783.2,1,34.461,1,6.705,1,783.2,1,6.705,1,34.461,1
5905618,2025-12-12T00:49:20Z,1,-41.0028,155.08139,1,785.4,1,34.46,1,6.697,1,785.4,1,6.697,1,34.46,1
5905618,2025-12-12T00:49:20Z,1,-41.0028,155.08139,1,787.6,1,34.461,1,6.679,1,787.6,1,6.679,1,34.461,1
5905618,2025-12-12T00:49:20Z,1,-41.0028,155.08139,1,789.4,1,34.458,1,6.66,1,789.4,1,6.66,1,34.458,1
5905618,2025-12-12T00:49:20Z,1,-41.0028,155.08139,1,791.2,1,34.457,1,6.628,1,791.2,1,6.628,1,34.457,1
5905618,2025-12-12T00:49:20Z,1,-41.0028,155.08139,1,793.4,1,34.456,1,6.609,1,793.4,1,6.609,1,34.456,1
5905618,2025-12-12T00:49:20Z,1,-41.0028,155.08139,1,795.7,1,34.456,1,6.603,1,795.7,1,6.603,1,34.456,1
5905618,2025-12-12T00:49:20Z,1,-41.0028,155.08139,1,797.5,1,34.456,1,6.599,1,797.5,1,6.599,1,34.456,1
5905618,2025-12-12T00:49:20Z,1,-41.0028,155.08139,1,799.3,1,34.456,1,6.598,1,799.3,1,6.598,1,34.456,1
5905618,2025-12-12T00:49:20Z,1,-41.0028,155.08139,1,801.1,1,34.455,1,6.592,1,801.1,1,6.592,1,34.455,1
5905618,2025-12-12T00:49:20Z,1,-41.0028,155.08139,1,803.3,1,34.454,1,6.579,1,803.3,1,6.579,1,34.454,1
5905618,2025-12-12T00:49:20Z,1,-41.0028,155.08139,1,805.6,1,34.454,1,6.563,1,805.6,1,6.563,1,34.454,1
5905618,2025-12-12T00:49:20Z,1,-41.0028,155.08139,1,807.3,1,34.453,1,6.536,1,807.3,1,6.536,1,34.453,1
5905618,2025-12-12T00:49:20Z,1,-41.0028,155.08139,1,809.1,1,34.452,1,6.519,1,809.1,1,6.519,1,34.452,1
5905618,2025-12-12T00:49:20Z,1,-41.0028,155.08139,1,811.4,1,34.452,1,6.478,1,811.4,1,6.478,1,34.452,1
5905618,2025-12-12T00:49:20Z,1,-41.0028,155.08139,1,813.5,1,34.449,1,6.457,1,813.5,1,6.457,1,34.449,1
5905618,2025-12-12T00:49:20Z,1,-41.0028,155.08139,1,815.3,1,34.449,1,6.451,1,815.3,1,6.451,1,34.449,1
5905618,2025-12-12T00:49:20Z,1,-41.0028,155.08139,1,817.1,1,34.449,1,6.443,1,817.1,1,6.443,1,34.449,1
5905618,2025-12-12T00:49:20Z,1,-41.0028,155.08139,1,819.4,1,34.449,1,6.436,1,819.4,1,6.436,1,34.449,1
5905618,2025-12-12T00:49:20Z,1,-41.0028,155.08139,1,821.6,1,34.448,1,6.427,1,821.6,1,6.427,1,34.448,1
5905618,2025-12-12T00:49:20Z,1,-41.0028,155.08139,1,823.3,1,34.448,1,6.424,1,823.3,1,6.424,1,34.448,1
5905618,2025-12-12T00:49:20Z,1,-41.0028,155.08139,1,825.1,1,34.448,1,6.418,1,825.1,1,6.418,1,34.448,1
5905618,2025-12-12T00:49:20Z,1,-41.0028,155.08139,1,827.4,1,34.447,1,6.393,1,827.4,1,6.393,1,34.447,1
5905618,2025-12-12T00:49:20Z,1,-41.0028,155.08139,1,829.6,1,34.446,1,6.377,1,829.6,1,6.377,1,34.446,1
5905618,2025-12-12T00:49:20Z,1,-41.0028,155.08139,1,831.5,1,34.446,1,6.355,1,831.5,1,6.355,1,34.446,1
5905618,2025-12-12T00:49:20Z,1,-41.0028,155.08139,1,833.3,1,34.446,1,6.34,1,833.3,1,6.34,1,34.446,1
5905618,2025-12-12T00:49:20Z,1,-41.0028,155.08139,1,835.2,1,34.446,1,6.333,1,835.2,1,6.333,1,34.446,1
5905618,2025-12-12T00:49:20Z,1,-41.0028,155.08139,1,837.1,1,34.445,1,6.328,1,837.1,1,6.328,1,34.445,1
5905618,2025-12-12T00:49:20Z,1,-41.0028,155.08139,1,839.4,1,34.445,1,6.311,1,839.4,1,6.311,1,34.445,1
5905618,2025-12-12T00:49:20Z,1,-41.0028,155.08139,1,841.7,1,34.444,1,6.286,1,841.7,1,6.286,1,34.444,1
5905618,2025-12-12T00:49:20Z,1,-41.0028,155.08139,1,843.5,1,34.443,1,6.276,1,843.5,1,6.276,1,34.443,1
5905618,2025-12-12T00:49:20Z,1,-41.0028,155.08139,1,845.4,1,34.443,1,6.252,1,845.4,1,6.252,1,34.443,1
5905618,2025-12-12T00:49:20Z,1,-41.0028,155.08139,1,847.2,1,34.441,1,6.228,1,847.2,1,6.228,1,34.441,1
5905618,2025-12-12T00:49:20Z,1,-41.0028,155.08139,1,849.1,1,34.441,1,6.225,1,849.1,1,6.225,1,34.441,1
5905618,2025-12-12T00:49:20Z,1,-41.0028,155.08139,1,851.4,1,34.44,1,6.207,1,851.4,1,6.207,1,34.44,1
5905618,2025-12-12T00:49:20Z,1,-41.0028,155.08139,1,853.8,1,34.44,1,6.197,1,853.8,1,6.197,1,34.44,1
5905618,2025-12-12T00:49:20Z,1,-41.0028,155.08139,1,855.8,1,34.439,1,6.183,1,855.8,1,6.183,1,34.439,1
5905618,2025-12-12T00:49:20Z,1,-41.0028,155.08139,1,857.7,1,34.439,1,6.172,1,857.7,1,6.172,1,34.439,1
5905618,2025-12-12T00:49:20Z,1,-41.0028,155.08139,1,859.6,1,34.438,1,6.165,1,859.6,1,6.165,1,34.438,1
5905618,2025-12-12T00:49:20Z,1,-41.0028,155.08139,1,861.6,1,34.438,1,6.152,1,861.6,1,6.152,1,34.438,1
5905618,2025-12-12T00:49:20Z,1,-41.0028,155.08139,1,863.5,1,34.438,1,6.142,1,863.5,1,6.142,1,34.438,1
5905618,2025-12-12T00:49:20Z,1,-41.0028,155.08139,1,865.5,1,34.437,1,6.13,1,865.5,1,6.13,1,34.437,1
5905618,2025-12-12T00:49:20Z,1,-41.0028,155.08139,1,867.4,1,34.437,1,6.119,1,867.4,1,6.119,1,34.437,1
5905618,2025-12-12T00:49:20Z,1,-41.0028,155.08139,1,869.3,1,34.435,1,6.107,1,869.3,1,6.107,1,34.435,1
5905618,2025-12-12T00:49:20Z,1,-41.0028,155.08139,1,871.2,1,34.435,1,6.088,1,871.2,1,6.088,1,34.435,1
5905618,2025-12-12T00:49:20Z,1,-41.0028,155.08139,1,873.1,1,34.436,1,6.085,1,873.1,1,6.085,1,34.436,1
5905618,2025-12-12T00:49:20Z,1,-41.0028,155.08139,1,875.4,1,34.436,1,6.067,1,875.4,1,6.067,1,34.436,1
5905618,2025-12-12T00:49:20Z,1,-41.0028,155.08139,1,877.8,1,34.437,1,6.047,1,877.8,1,6.047,1,34.437,1
5905618,2025-12-12T00:49:20Z,1,-41.0028,155.08139,1,879.7,1,34.436,1,6.033,1,879.7,1,6.033,1,34.436,1
5905618,2025-12-12T00:49:20Z,1,-41.0028,155.08139,1,881.6,1,34.436,1,6.031,1,881.6,1,6.031,1,34.436,1
5905618,2025-12-12T00:49:20Z,1,-41.0028,155.08139,1,883.5,1,34.436,1,6.024,1,883.5,1,6.024,1,34.436,1
5905618,2025-12-12T00:49:20Z,1,-41.0028,155.08139,1,885.3,1,34.435,1,6.015,1,885.3,1,6.015,1,34.435,1
5905618,2025-12-12T00:49:20Z,1,-41.0028,155.08139,1,887.2,1,34.436,1,5.994,1,887.2,1,5.994,1,34.436,1
5905618,2025-12-12T00:49:20Z,1,-41.0028,155.08139,1,889.1,1,34.435,1,5.985,1,889.1,1,5.985,1,34.435,1
5905618,2025-12-12T00:49:20Z,1,-41.0028,155.08139,1,891.4,1,34.435,1,5.965,1,891.4,1,5.965,1,34.435,1
5905618,2025-12-12T00:49:20Z,1,-41.0028,155.08139,1,893.6,1,34.434,1,5.955,1,893.6,1,5.955,1,34.434,1
5905618,2025-12-12T00:49:20Z,1,-41.0028,155.08139,1,895.5,1,34.434,1,5.951,1,895.5,1,5.951,1,34.434,1
5905618,2025-12-12T00:49:20Z,1,-41.0028,155.08139,1,897.3,1,34.434,1,5.943,1,897.3,1,5.943,1,34.434,1
5905618,2025-12-12T00:49:20Z,1,-41.0028,155.08139,1,899.2,1,34.434,1,5.937,1,899.2,1,5.937,1,34.434,1
5905618,2025-12-12T00:49:20Z,1,-41.0028,155.08139,1,901.1,1,34.433,1,5.917,1,901.1,1,5.917,1,34.433,1
5905618,2025-12-12T00:49:20Z,1,-41.0028,155.08139,1,903.4,1,34.432,1,5.897,1,903.4,1,5.897,1,34.432,1
5905618,2025-12-12T00:49:20Z,1,-41.0028,155.08139,1,905.8,1,34.431,1,5.865,1,905.8,1,5.865,1,34.431,1
5905618,2025-12-12T00:49:20Z,1,-41.0028,155.08139,1,907.6,1,34.43,1,5.85,1,907.6,1,5.85,1,34.43,1
5905618,2025-12-12T00:49:20Z,1,-41.0028,155.08139,1,909.5,1,34.43,1,5.844,1,909.5,1,5.844,1,34.43,1
5905618,2025-12-12T00:49:20Z,1,-41.0028,155.08139,1,911.4,1,34.428,1,5.829,1,911.4,1,5.829,1,34.428,1
5905618,2025-12-12T00:49:20Z,1,-41.0028,155.08139,1,913.3,1,34.427,1,5.82,1,913.3,1,5.82,1,34.427,1
5905618,2025-12-12T00:49:20Z,1,-41.0028,155.08139,1,915.1,1,34.427,1,5.805,1,915.1,1,5.805,1,34.427,1
5905618,2025-12-12T00:49:20Z,1,-41.0028,155.08139,1,917.5,1,34.426,1,5.785,1,917.5,1,5.785,1,34.426,1
5905618,2025-12-12T00:49:20Z,1,-41.0028,155.08139,1,919.8,1,34.426,1,5.769,1,919.8,1,5.769,1,34.426,1
5905618,2025-12-12T00:49:20Z,1,-41.0028,155.08139,1,921.7,1,34.424,1,5.75,1,921.7,1,5.75,1,34.424,1
5905618,2025-12-12T00:49:20Z,1,-41.0028,155.08139,1,923.5,1,34.424,1,5.732,1,923.5,1,5.732,1,34.424,1
5905618,2025-12-12T00:49:20Z,1,-41.0028,155.08139,1,925.4,1,34.424,1,5.723,1,925.4,1,5.723,1,34.424,1
5905618,2025-12-12T00:49:20Z,1,-41.0028,155.08139,1,927.2,1,34.423,1,5.708,1,927.2,1,5.708,1,34.423,1
5905618,2025-12-12T00:49:20Z,1,-41.0028,155.08139,1,929.1,1,34.422,1,5.699,1,929.1,1,5.699,1,34.422,1
5905618,2025-12-12T00:49:20Z,1,-41.0028,155.08139,1,931.3,1,34.422,1,5.668,1,931.3,1,5.668,1,34.422,1
5905618,2025-12-12T00:49:20Z,1,-41.0028,155.08139,1,933.5,1,34.423,1,5.635,1,933.5,1,5.635,1,34.423,1
5905618,2025-12-12T00:49:20Z,1,-41.0028,155.08139,1,935.4,1,34.422,1,5.617,1,935.4,1,5.617,1,34.422,1
5905618,2025-12-12T00:49:20Z,1,-41.0028,155.08139,1,937.2,1,34.422,1,5.603,1,937.2,1,5.603,1,34.422,1
5905618,2025-12-12T00:49:20Z,1,-41.0028,155.08139,1,939.1,1,34.422,1,5.591,1,939.1,1,5.591,1,34.422,1
5905618,2025-12-12T00:49:20Z,1,-41.0028,155.08139,1,941.4,1,34.422,1,5.572,1,941.4,1,5.572,1,34.422,1
5905618,2025-12-12T00:49:20Z,1,-41.0028,155.08139,1,943.7,1,34.423,1,5.551,1,943.7,1,5.551,1,34.423,1
5905618,2025-12-12T00:49:20Z,1,-41.0028,155.08139,1,945.6,1,34.423,1,5.549,1,945.6,1,5.549,1,34.423,1
5905618,2025-12-12T00:49:20Z,1,-41.0028,155.08139,1,947.4,1,34.422,1,5.527,1,947.4,1,5.527,1,34.422,1
5905618,2025-12-12T00:49:20Z,1,-41.0028,155.08139,1,949.3,1,34.422,1,5.51,1,949.3,1,5.51,1,34.422,1
5905618,2025-12-12T00:49:20Z,1,-41.0028,155.08139,1,951.1,1,34.423,1,5.509,1,951.1,1,5.509,1,34.423,1
5905618,2025-12-12T00:49:20Z,1,-41.0028,155.08139,1,953.4,1,34.422,1,5.496,1,953.4,1,5.496,1,34.422,1
5905618,2025-12-12T00:49:20Z,1,-41.0028,155.08139,1,955.7,1,34.421,1,5.479,1,955.7,1,5.479,1,34.421,1
5905618,2025-12-12T00:49:20Z,1,-41.0028,155.08139,1,957.6,1,34.421,1,5.473,1,957.6,1,5.473,1,34.421,1
5905618,2025-12-12T00:49:20Z,1,-41.0028,155.08139,1,959.4,1,34.422,1,5.46,1,959.4,1,5.46,1,34.422,1
5905618,2025-12-12T00:49:20Z,1,-41.0028,155.08139,1,961.3,1,34.423,1,5.443,1,961.3,1,5.443,1,34.423,1
5905618,2025-12-12T00:49:20Z,1,-41.0028,155.08139,1,963.1,1,34.422,1,5.432,1,963.1,1,5.432,1,34.422,1
5905618,2025-12-12T00:49:20Z,1,-41.0028,155.08139,1,965.4,1,34.422,1,5.426,1,965.4,1,5.426,1,34.422,1
5905618,2025-12-12T00:49:20Z,1,-41.0028,155.08139,1,967.7,1,34.422,1,5.415,1,967.7,1,5.415,1,34.422,1
5905618,2025-12-12T00:49:20Z,1,-41.0028,155.08139,1,969.5,1,34.422,1,5.406,1,969.5,1,5.406,1,34.422,1
5905618,2025-12-12T00:49:20Z,1,-41.0028,155.08139,1,971.3,1,34.421,1,5.39,1,971.3,1,5.39,1,34.421,1
5905618,2025-12-12T00:49:20Z,1,-41.0028,155.08139,1,973.2,1,34.422,1,5.36,1,973.2,1,5.36,1,34.422,1
5905618,2025-12-12T00:49:20Z,1,-41.0028,155.08139,1,975.1,1,34.423,1,5.336,1,975.1,1,5.336,1,34.423,1
5905618,2025-12-12T00:49:20Z,1,-41.0028,155.08139,1,977.5,1,34.423,1,5.317,1,977.5,1,5.317,1,34.423,1
5905618,2025-12-12T00:49:20Z,1,-41.0028,155.08139,1,979.8,1,34.423,1,5.289,1,979.8,1,5.289,1,34.423,1
5905618,2025-12-12T00:49:20Z,1,-41.0028,155.08139,1,981.7,1,34.423,1,5.276,1,981.7,1,5.276,1,34.423,1
5905618,2025-12-12T00:49:20Z,1,-41.0028,155.08139,1,983.7,1,34.423,1,5.259,1,983.7,1,5.259,1,34.423,1
5905618,2025-12-12T00:49:20Z,1,-41.0028,155.08139,1,985.6,1,34.423,1,5.24,1,985.6,1,5.24,1,34.423,1
5905618,2025-12-12T00:49:20Z,1,-41.0028,155.08139,1,987.5,1,34.422,1,5.22,1,987.5,1,5.22,1,34.422,1
5905618,2025-12-12T00:49:20Z,1,-41.0028,155.08139,1,989.5,1,34.421,1,5.2,1,989.5,1,5.2,1,34.421,1
5905618,2025-12-12T00:49:20Z,1,-41.0028,155.08139,1,991.4,1,34.42,1,5.142,1,991.4,1,5.142,1,34.42,1
5905618,2025-12-12T00:49:20Z,1,-41.0028,155.08139,1,993.3,1,34.419,1,5.129,1,993.3,1,5.129,1,34.419,1
5905618,2025-12-12T00:49:20Z,1,-41.0028,155.08139,1,995.3,1,34.419,1,5.116,1,995.3,1,5.116,1,34.419,1
5905618,2025-12-12T00:49:20Z,1,-41.0028,155.08139,1,997.2,1,34.42,1,5.103,1,997.2,1,5.103,1,34.42,1
5905618,2025-12-12T00:49:20Z,1,-41.0028,155.08139,1,999.2,1,34.42,1,5.086,1,999.2,1,5.086,1,34.42,1
5905618,2025-12-12T00:49:20Z,1,-41.0028,155.08139,1,1001.1,1,34.42,1,5.079,1,1001.1,1,5.079,1,34.42,1
5905618,2025-12-12T00:49:20Z,1,-41.0028,155.08139,1,1003.2,1,34.42,1,5.074,1,1003.2,1,5.074,1,34.42,1
5905618,2025-12-12T00:49:20Z,1,-41.0028,155.08139,1,1005.2,1,34.42,1,5.066,1,1005.2,1,5.066,1,34.42,1
5905618,2025-12-12T00:49:20Z,1,-41.0028,155.08139,1,1007.1,1,34.42,1,5.06,1,1007.1,1,5.06,1,34.42,1
5905618,2025-12-12T00:49:20Z,1,-41.0028,155.08139,1,1009.2,1,34.42,1,5.059,1,1009.2,1,5.059,1,34.42,1
5905618,2025-12-12T00:49:20Z,1,-41.0028,155.08139,1,1011.2,1,34.42,1,5.05,1,1011.2,1,5.05,1,34.42,1
5905618,2025-12-12T00:49:20Z,1,-41.0028,155.08139,1,1013.2,1,34.42,1,5.044,1,1013.2,1,5.044,1,34.42,1
5905618,2025-12-12T00:49:20Z,1,-41.0028,155.08139,1,1015.3,1,34.42,1,5.029,1,1015.3,1,5.029,1,34.42,1
5905618,2025-12-12T00:49:20Z,1,-41.0028,155.08139,1,1017.2,1,34.42,1,5.017,1,1017.2,1,5.017,1,34.42,1
5905618,2025-12-12T00:49:20Z,1,-41.0028,155.08139,1,1019.3,1,34.42,1,5.007,1,1019.3,1,5.007,1,34.42,1
5905618,2025-12-12T00:49:20Z,1,-41.0028,155.08139,1,1021.3,1,34.42,1,4.994,1,1021.3,1,4.994,1,34.42,1
5905618,2025-12-12T00:49:20Z,1,-41.0028,155.08139,1,1023.4,1,34.421,1,4.977,1,1023.4,1,4.977,1,34.421,1
5905618,2025-12-12T00:49:20Z,1,-41.0028,155.08139,1,1025.4,1,34.421,1,4.954,1,1025.4,1,4.954,1,34.421,1
5905618,2025-12-12T00:49:20Z,1,-41.0028,155.08139,1,1027.5,1,34.421,1,4.949,1,1027.5,1,4.949,1,34.421,1
5905618,2025-12-12T00:49:20Z,1,-41.0028,155.08139,1,1029.5,1,34.424,1,4.939,1,1029.5,1,4.939,1,34.424,1
5905618,2025-12-12T00:49:20Z,1,-41.0028,155.08139,1,1031.6,1,34.424,1,4.931,1,1031.6,1,4.931,1,34.424,1
5905618,2025-12-12T00:49:20Z,1,-41.0028,155.08139,1,1033.7,1,34.424,1,4.92,1,1033.7,1,4.92,1,34.424,1
5905618,2025-12-12T00:49:20Z,1,-41.0028,155.08139,1,1035.9,1,34.424,1,4.917,1,1035.9,1,4.917,1,34.424,1
5905618,2025-12-12T00:49:20Z,1,-41.0028,155.08139,1,1037.5,1,34.425,1,4.911,1,1037.5,1,4.911,1,34.425,1
5905618,2025-12-12T00:49:20Z,1,-41.0028,155.08139,1,1039.0,1,34.425,1,4.91,1,1039.0,1,4.91,1,34.425,1
5905618,2025-12-12T00:49:20Z,1,-41.0028,155.08139,1,1041.3,1,34.425,1,4.9,1,1041.3,1,4.9,1,34.425,1
5905618,2025-12-12T00:49:20Z,1,-41.0028,155.08139,1,1043.3,1,34.425,1,4.885,1,1043.3,1,4.885,1,34.425,1
5905618,2025-12-12T00:49:20Z,1,-41.0028,155.08139,1,1045.3,1,34.425,1,4.867,1,1045.3,1,4.867,1,34.425,1
5905618,2025-12-12T00:49:20Z,1,-41.0028,155.08139,1,1047.3,1,34.426,1,4.855,1,1047.3,1,4.855,1,34.426,1
5905618,2025-12-12T00:49:20Z,1,-41.0028,155.08139,1,1049.3,1,34.426,1,4.843,1,1049.3,1,4.843,1,34.426,1
5905618,2025-12-12T00:49:20Z,1,-41.0028,155.08139,1,1051.4,1,34.425,1,4.841,1,1051.4,1,4.841,1,34.425,1
5905618,2025-12-12T00:49:20Z,1,-41.0028,155.08139,1,1053.2,1,34.425,1,4.839,1,1053.2,1,4.839,1,34.425,1
5905618,2025-12-12T00:49:20Z,1,-41.0028,155.08139,1,1055.3,1,34.426,1,4.835,1,1055.3,1,4.835,1,34.426,1
5905618,2025-12-12T00:49:20Z,1,-41.0028,155.08139,1,1057.4,1,34.426,1,4.822,1,1057.4,1,4.822,1,34.426,1
5905618,2025-12-12T00:49:20Z,1,-41.0028,155.08139,1,1059.5,1,34.427,1,4.812,1,1059.5,1,4.812,1,34.427,1
5905618,2025-12-12T00:49:20Z,1,-41.0028,155.08139,1,1061.7,1,34.427,1,4.802,1,1061.7,1,4.802,1,34.427,1
5905618,2025-12-12T00:49:20Z,1,-41.0028,155.08139,1,1063.4,1,34.428,1,4.795,1,1063.4,1,4.795,1,34.428,1
5905618,2025-12-12T00:49:20Z,1,-41.0028,155.08139,1,1065.5,1,34.428,1,4.792,1,1065.5,1,4.792,1,34.428,1
5905618,2025-12-12T00:49:20Z,1,-41.0028,155.08139,1,1067.6,1,34.428,1,4.789,1,1067.6,1,4.789,1,34.428,1
5905618,2025-12-12T00:49:20Z,1,-41.0028,155.08139,1,1069.3,1,34.428,1,4.787,1,1069.3,1,4.787,1,34.428,1
5905618,2025-12-12T00:49:20Z,1,-41.0028,155.08139,1,1071.5,1,34.427,1,4.787,1,1071.5,1,4.787,1,34.427,1
5905618,2025-12-12T00:49:20Z,1,-41.0028,155.08139,1,1073.7,1,34.428,1,4.778,1,1073.7,1,4.778,1,34.428,1
5905618,2025-12-12T00:49:20Z,1,-41.0028,155.08139,1,1075.4,1,34.427,1,4.768,1,1075.4,1,4.768,1,34.427,1
5905618,2025-12-12T00:49:20Z,1,-41.0028,155.08139,1,1077.2,1,34.429,1,4.741,1,1077.2,1,4.741,1,34.429,1
5905618,2025-12-12T00:49:20Z,1,-41.0028,155.08139,1,1079.3,1,34.429,1,4.723,1,1079.3,1,4.723,1,34.429,1
5905618,2025-12-12T00:49:20Z,1,-41.0028,155.08139,1,1081.5,1,34.43,1,4.703,1,1081.5,1,4.703,1,34.43,1
5905618,2025-12-12T00:49:20Z,1,-41.0028,155.08139,1,1083.2,1,34.43,1,4.69,1,1083.2,1,4.69,1,34.43,1
5905618,2025-12-12T00:49:20Z,1,-41.0028,155.08139,1,1085.4,1,34.43,1,4.681,1,1085.4,1,4.681,1,34.43,1
5905618,2025-12-12T00:49:20Z,1,-41.0028,155.08139,1,1087.6,1,34.43,1,4.678,1,1087.6,1,4.678,1,34.43,1
5905618,2025-12-12T00:49:20Z,1,-41.0028,155.08139,1,1089.3,1,34.43,1,4.671,1,1089.3,1,4.671,1,34.43,1
5905618,2025-12-12T00:49:20Z,1,-41.0028,155.08139,1,1091.5,1,34.432,1,4.661,1,1091.5,1,4.661,1,34.432,1
5905618,2025-12-12T00:49:20Z,1,-41.0028,155.08139,1,1093.7,1,34.433,1,4.66,1,1093.7,1,4.66,1,34.433,1
5905618,2025-12-12T00:49:20Z,1,-41.0028,155.08139,1,1095.4,1,34.433,1,4.658,1,1095.4,1,4.658,1,34.433,1
5905618,2025-12-12T00:49:20Z,1,-41.0028,155.08139,1,1097.1,1,34.434,1,4.654,1,1097.1,1,4.654,1,34.434,1
5905618,2025-12-12T00:49:20Z,1,-41.0028,155.08139,1,1099.3,1,34.434,1,4.648,1,1099.3,1,4.648,1,34.434,1
5905618,2025-12-12T00:49:20Z,1,-41.0028,155.08139,1,1101.4,1,34.435,1,4.642,1,1101.4,1,4.642,1,34.435,1
5905618,2025-12-12T00:49:20Z,1,-41.0028,155.08139,1,1103.5,1,34.436,1,4.627,1,1103.5,1,4.627,1,34.436,1
5905618,2025-12-12T00:49:20Z,1,-41.0028,155.08139,1,1105.7,1,34.436,1,4.619,1,1105.7,1,4.619,1,34.436,1
5905618,2025-12-12T00:49:20Z,1,-41.0028,155.08139,1,1107.4,1,34.436,1,4.609,1,1107.4,1,4.609,1,34.436,1
5905618,2025-12-12T00:49:20Z,1,-41.0028,155.08139,1,1109.4,1,34.436,1,4.595,1,1109.4,1,4.595,1,34.436,1
5905618,2025-12-12T00:49:20Z,1,-41.0028,155.08139,1,1111.5,1,34.436,1,4.575,1,1111.5,1,4.575,1,34.436,1
5905618,2025-12-12T00:49:20Z,1,-41.0028,155.08139,1,1113.2,1,34.435,1,4.559,1,1113.2,1,4.559,1,34.435,1
5905618,2025-12-12T00:49:20Z,1,-41.0028,155.08139,1,1115.3,1,34.433,1,4.551,1,1115.3,1,4.551,1,34.433,1
5905618,2025-12-12T00:49:20Z,1,-41.0028,155.08139,1,1117.4,1,34.432,1,4.545,1,1117.4,1,4.545,1,34.432,1
5905618,2025-12-12T00:49:20Z,1,-41.0028,155.08139,1,1119.5,1,34.432,1,4.522,1,1119.5,1,4.522,1,34.432,1
5905618,2025-12-12T00:49:20Z,1,-41.0028,155.08139,1,1121.6,1,34.43,1,4.498,1,1121.6,1,4.498,1,34.43,1
5905618,2025-12-12T00:49:20Z,1,-41.0028,155.08139,1,1123.3,1,34.43,1,4.486,1,1123.3,1,4.486,1,34.43,1
5905618,2025-12-12T00:49:20Z,1,-41.0028,155.08139,1,1125.5,1,34.43,1,4.446,1,1125.5,1,4.446,1,34.43,1
5905618,2025-12-12T00:49:20Z,1,-41.0028,155.08139,1,1127.7,1,34.43,1,4.435,1,1127.7,1,4.435,1,34.43,1
5905618,2025-12-12T00:49:20Z,1,-41.0028,155.08139,1,1129.4,1,34.43,1,4.426,1,1129.4,1,4.426,1,34.43,1
5905618,2025-12-12T00:49:20Z,1,-41.0028,155.08139,1,1131.5,1,34.431,1,4.421,1,1131.5,1,4.421,1,34.431,1
5905618,2025-12-12T00:49:20Z,1,-41.0028,155.08139,1,1133.7,1,34.431,1,4.411,1,1133.7,1,4.411,1,34.431,1
5905618,2025-12-12T00:49:20Z,1,-41.0028,155.08139,1,1135.4,1,34.431,1,4.406,1,1135.4,1,4.406,1,34.431,1
5905618,2025-12-12T00:49:20Z,1,-41.0028,155.08139,1,1137.2,1,34.43,1,4.388,1,1137.2,1,4.388,1,34.43,1
5905618,2025-12-12T00:49:20Z,1,-41.0028,155.08139,1,1139.4,1,34.43,1,4.379,1,1139.4,1,4.379,1,34.43,1
5905618,2025-12-12T00:49:20Z,1,-41.0028,155.08139,1,1141.6,1,34.431,1,4.36,1,1141.6,1,4.36,1,34.431,1
5905618,2025-12-12T00:49:20Z,1,-41.0028,155.08139,1,1143.4,1,34.432,1,4.342,1,1143.4,1,4.342,1,34.432,1
5905618,2025-12-12T00:49:20Z,1,-41.0028,155.08139,1,1145.2,1,34.432,1,4.329,1,1145.2,1,4.329,1,34.432,1
5905618,2025-12-12T00:49:20Z,1,-41.0028,155.08139,1,1147.5,1,34.433,1,4.32,1,1147.5,1,4.32,1,34.433,1
5905618,2025-12-12T00:49:20Z,1,-41.0028,155.08139,1,1149.7,1,34.435,1,4.307,1,1149.7,1,4.307,1,34.435,1
5905618,2025-12-12T00:49:20Z,1,-41.0028,155.08139,1,1151.5,1,34.436,1,4.299,1,1151.5,1,4.299,1,34.436,1
5905618,2025-12-12T00:49:20Z,1,-41.0028,155.08139,1,1153.4,1,34.435,1,4.295,1,1153.4,1,4.295,1,34.435,1
5905618,2025-12-12T00:49:20Z,1,-41.0028,155.08139,1,1155.2,1,34.435,1,4.286,1,1155.2,1,4.286,1,34.435,1
5905618,2025-12-12T00:49:20Z,1,-41.0028,155.08139,1,1157.5,1,34.436,1,4.267,1,1157.5,1,4.267,1,34.436,1
5905618,2025-12-12T00:49:20Z,1,-41.0028,155.08139,1,1159.8,1,34.436,1,4.26,1,1159.8,1,4.26,1,34.436,1
5905618,2025-12-12T00:49:20Z,1,-41.0028,155.08139,1,1161.7,1,34.436,1,4.256,1,1161.7,1,4.256,1,34.436,1
5905618,2025-12-12T00:49:20Z,1,-41.0028,155.08139,1,1163.5,1,34.436,1,4.251,1,1163.5,1,4.251,1,34.436,1
5905618,2025-12-12T00:49:20Z,1,-41.0028,155.08139,1,1165.4,1,34.437,1,4.245,1,1165.4,1,4.245,1,34.437,1
5905618,2025-12-12T00:49:20Z,1,-41.0028,155.08139,1,1167.2,1,34.437,1,4.241,1,1167.2,1,4.241,1,34.437,1
5905618,2025-12-12T00:49:20Z,1,-41.0028,155.08139,1,1169.5,1,34.437,1,4.231,1,1169.5,1,4.231,1,34.437,1
5905618,2025-12-12T00:49:20Z,1,-41.0028,155.08139,1,1171.8,1,34.437,1,4.229,1,1171.8,1,4.229,1,34.437,1
5905618,2025-12-12T00:49:20Z,1,-41.0028,155.08139,1,1173.6,1,34.438,1,4.22,1,1173.6,1,4.22,1,34.438,1
5905618,2025-12-12T00:49:20Z,1,-41.0028,155.08139,1,1175.5,1,34.439,1,4.218,1,1175.5,1,4.218,1,34.439,1
5905618,2025-12-12T00:49:20Z,1,-41.0028,155.08139,1,1177.3,1,34.438,1,4.216,1,1177.3,1,4.216,1,34.438,1
5905618,2025-12-12T00:49:20Z,1,-41.0028,155.08139,1,1179.1,1,34.438,1,4.214,1,1179.1,1,4.214,1,34.438,1
5905618,2025-12-12T00:49:20Z,1,-41.0028,155.08139,1,1181.4,1,34.439,1,4.209,1,1181.4,1,4.209,1,34.439,1
5905618,2025-12-12T00:49:20Z,1,-41.0028,155.08139,1,1183.6,1,34.439,1,4.202,1,1183.6,1,4.202,1,34.439,1
5905618,2025-12-12T00:49:20Z,1,-41.0028,155.08139,1,1185.4,1,34.44,1,4.198,1,1185.4,1,4.198,1,34.44,1
5905618,2025-12-12T00:49:20Z,1,-41.0028,155.08139,1,1187.2,1,34.44,1,4.195,1,1187.2,1,4.195,1,34.44,1
5905618,2025-12-12T00:49:20Z,1,-41.0028,155.08139,1,1189.5,1,34.44,1,4.188,1,1189.5,1,4.188,1,34.44,1
5905618,2025-12-12T00:49:20Z,1,-41.0028,155.08139,1,1191.7,1,34.441,1,4.181,1,1191.7,1,4.181,1,34.441,1
5905618,2025-12-12T00:49:20Z,1,-41.0028,155.08139,1,1193.6,1,34.443,1,4.163,1,1193.6,1,4.163,1,34.443,1
5905618,2025-12-12T00:49:20Z,1,-41.0028,155.08139,1,1195.5,1,34.444,1,4.144,1,1195.5,1,4.144,1,34.444,1
5905618,2025-12-12T00:49:20Z,1,-41.0028,155.08139,1,1197.3,1,34.444,1,4.138,1,1197.3,1,4.138,1,34.444,1
5905618,2025-12-12T00:49:20Z,1,-41.0028,155.08139,1,1199.1,1,34.444,1,4.135,1,1199.1,1,4.135,1,34.444,1
5905618,2025-12-12T00:49:20Z,1,-41.0028,155.08139,1,1201.4,1,34.445,1,4.125,1,1201.4,1,4.125,1,34.445,1
5905618,2025-12-12T00:49:20Z,1,-41.0028,155.08139,1,1203.6,1,34.445,1,4.116,1,1203.6,1,4.116,1,34.445,1
5905618,2025-12-12T00:49:20Z,1,-41.0028,155.08139,1,1205.4,1,34.445,1,4.11,1,1205.4,1,4.11,1,34.445,1
5905618,2025-12-12T00:49:20Z,1,-41.0028,155.08139,1,1207.2,1,34.446,1,4.103,1,1207.2,1,4.103,1,34.446,1
5905618,2025-12-12T00:49:20Z,1,-41.0028,155.08139,1,1209.0,1,34.447,1,4.09,1,1209.0,1,4.09,1,34.447,1
5905618,2025-12-12T00:49:20Z,1,-41.0028,155.08139,1,1211.4,1,34.447,1,4.078,1,1211.4,1,4.078,1,34.447,1
5905618,2025-12-12T00:49:20Z,1,-41.0028,155.08139,1,1213.6,1,34.447,1,4.074,1,1213.6,1,4.074,1,34.447,1
5905618,2025-12-12T00:49:20Z,1,-41.0028,155.08139,1,1215.4,1,34.448,1,4.061,1,1215.4,1,4.061,1,34.448,1
5905618,2025-12-12T00:49:20Z,1,-41.0028,155.08139,1,1217.2,1,34.449,1,4.043,1,1217.2,1,4.043,1,34.449,1
5905618,2025-12-12T00:49:20Z,1,-41.0028,155.08139,1,1219.1,1,34.448,1,4.037,1,1219.1,1,4.037,1,34.448,1
5905618,2025-12-12T00:49:20Z,1,-41.0028,155.08139,1,1221.4,1,34.449,1,4.033,1,1221.4,1,4.033,1,34.449,1
5905618,2025-12-12T00:49:20Z,1,-41.0028,155.08139,1,1223.6,1,34.451,1,4.025,1,1223.6,1,4.025,1,34.451,1
5905618,2025-12-12T00:49:20Z,1,-41.0028,155.08139,1,1225.4,1,34.453,1,4.023,1,1225.4,1,4.023,1,34.453,1
5905618,2025-12-12T00:49:20Z,1,-41.0028,155.08139,1,1227.2,1,34.455,1,4.017,1,1227.2,1,4.017,1,34.455,1
5905618,2025-12-12T00:49:20Z,1,-41.0028,155.08139,1,1229.5,1,34.456,1,4.011,1,1229.5,1,4.011,1,34.456,1
5905618,2025-12-12T00:49:20Z,1,-41.0028,155.08139,1,1231.7,1,34.457,1,4.006,1,1231.7,1,4.006,1,34.457,1
5905618,2025-12-12T00:49:20Z,1,-41.0028,155.08139,1,1233.5,1,34.457,1,4.004,1,1233.5,1,4.004,1,34.457,1
5905618,2025-12-12T00:49:20Z,1,-41.0028,155.08139,1,1235.3,1,34.457,1,4.002,1,1235.3,1,4.002,1,34.457,1
5905618,2025-12-12T00:49:20Z,1,-41.0028,155.08139,1,1237.1,1,34.458,1,4.0,1,1237.1,1,4.0,1,34.458,1
5905618,2025-12-12T00:49:20Z,1,-41.0028,155.08139,1,1239.4,1,34.462,1,4.012,1,1239.4,1,4.012,1,34.462,1
5905618,2025-12-12T00:49:20Z,1,-41.0028,155.08139,1,1241.6,1,34.465,1,4.005,1,1241.6,1,4.005,1,34.465,1
5905618,2025-12-12T00:49:20Z,1,-41.0028,155.08139,1,1243.4,1,34.465,1,3.998,1,1243.4,1,3.998,1,34.465,1
5905618,2025-12-12T00:49:20Z,1,-41.0028,155.08139,1,1245.2,1,34.467,1,3.998,1,1245.2,1,3.998,1,34.467,1
5905618,2025-12-12T00:49:20Z,1,-41.0028,155.08139,1,1247.5,1,34.47,1,3.997,1,1247.5,1,3.997,1,34.47,1
5905618,2025-12-12T00:49:20Z,1,-41.0028,155.08139,1,1249.7,1,34.472,1,3.962,1,1249.7,1,3.962,1,34.472,1
5905618,2025-12-12T00:49:20Z,1,-41.0028,155.08139,1,1251.5,1,34.47,1,3.953,1,1251.5,1,3.953,1,34.47,1
5905618,2025-12-12T00:49:20Z,1,-41.0028,155.08139,1,1253.3,1,34.469,1,3.94,1,1253.3,1,3.94,1,34.469,1
5905618,2025-12-12T00:49:20Z,1,-41.0028,155.08139,1,1255.5,1,34.468,1,3.916,1,1255.5,1,3.916,1,34.468,1
5905618,2025-12-12T00:49:20Z,1,-41.0028,155.08139,1,1257.7,1,34.468,1,3.905,1,1257.7,1,3.905,1,34.468,1
5905618,2025-12-12T00:49:20Z,1,-41.0028,155.08139,1,1259.6,1,34.47,1,3.9,1,1259.6,1,3.9,1,34.47,1
5905618,2025-12-12T00:49:20Z,1,-41.0028,155.08139,1,1261.4,1,34.471,1,3.896,1,1261.4,1,3.896,1,34.471,1
5905618,2025-12-12T00:49:20Z,1,-41.0028,155.08139,1,1263.2,1,34.473,1,3.898,1,1263.2,1,3.898,1,34.473,1
5905618,2025-12-12T00:49:20Z,1,-41.0028,155.08139,1,1265.1,1,34.475,1,3.9,1,1265.1,1,3.9,1,34.475,1
5905618,2025-12-12T00:49:20Z,1,-41.0028,155.08139,1,1267.4,1,34.477,1,3.889,1,1267.4,1,3.889,1,34.477,1
5905618,2025-12-12T00:49:20Z,1,-41.0028,155.08139,1,1269.7,1,34.478,1,3.876,1,1269.7,1,3.876,1,34.478,1
5905618,2025-12-12T00:49:20Z,1,-41.0028,155.08139,1,1271.5,1,34.478,1,3.876,1,1271.5,1,3.876,1,34.478,1
5905618,2025-12-12T00:49:20Z,1,-41.0028,155.08139,1,1273.4,1,34.479,1,3.873,1,1273.4,1,3.873,1,34.479,1
5905618,2025-12-12T00:49:20Z,1,-41.0028,155.08139,1,1275.3,1,34.479,1,3.864,1,1275.3,1,3.864,1,34.479,1
5905618,2025-12-12T00:49:20Z,1,-41.0028,155.08139,1,1277.1,1,34.479,1,3.861,1,1277.1,1,3.861,1,34.479,1
5905618,2025-12-12T00:49:20Z,1,-41.0028,155.08139,1,1279.4,1,34.479,1,3.837,1,1279.4,1,3.837,1,34.479,1
5905618,2025-12-12T00:49:20Z,1,-41.0028,155.08139,1,1281.7,1,34.479,1,3.829,1,1281.7,1,3.829,1,34.479,1
5905618,2025-12-12T00:49:20Z,1,-41.0028,155.08139,1,1283.6,1,34.479,1,3.82,1,1283.6,1,3.82,1,34.479,1
5905618,2025-12-12T00:49:20Z,1,-41.0028,155.08139,1,1285.4,1,34.479,1,3.808,1,1285.4,1,3.808,1,34.479,1
5905618,2025-12-12T00:49:20Z,1,-41.0028,155.08139,1,1287.3,1,34.479,1,3.798,1,1287.3,1,3.798,1,34.479,1
5905618,2025-12-12T00:49:20Z,1,-41.0028,155.08139,1,1289.2,1,34.479,1,3.786,1,1289.2,1,3.786,1,34.479,1
5905618,2025-12-12T00:49:20Z,1,-41.0028,155.08139,1,1291.1,1,34.48,1,3.791,1,1291.1,1,3.791,1,34.48,1
5905618,2025-12-12T00:49:20Z,1,-41.0028,155.08139,1,1293.1,1,34.482,1,3.791,1,1293.1,1,3.791,1,34.482,1
5905618,2025-12-12T00:49:20Z,1,-41.0028,155.08139,1,1295.4,1,34.482,1,3.765,1,1295.4,1,3.765,1,34.482,1
5905618,2025-12-12T00:49:20Z,1,-41.0028,155.08139,1,1297.9,1,34.483,1,3.753,1,1297.9,1,3.753,1,34.483,1
5905618,2025-12-12T00:49:20Z,1,-41.0028,155.08139,1,1299.8,1,34.483,1,3.747,1,1299.8,1,3.747,1,34.483,1
5905618,2025-12-12T00:49:20Z,1,-41.0028,155.08139,1,1301.8,1,34.485,1,3.73,1,1301.8,1,3.73,1,34.485,1
5905618,2025-12-12T00:49:20Z,1,-41.0028,155.08139,1,1303.8,1,34.486,1,3.718,1,1303.8,1,3.718,1,34.486,1
5905618,2025-12-12T00:49:20Z,1,-41.0028,155.08139,1,1305.9,1,34.486,1,3.713,1,1305.9,1,3.713,1,34.486,1
5905618,2025-12-12T00:49:20Z,1,-41.0028,155.08139,1,1307.4,1,34.487,1,3.708,1,1307.4,1,3.708,1,34.487,1
5905618,2025-12-12T00:49:20Z,1,-41.0028,155.08139,1,1309.0,1,34.488,1,3.704,1,1309.0,1,3.704,1,34.488,1
5905618,2025-12-12T00:49:20Z,1,-41.0028,155.08139,1,1311.0,1,34.488,1,3.7,1,1311.0,1,3.7,1,34.488,1
5905618,2025-12-12T00:49:20Z,1,-41.0028,155.08139,1,1313.1,1,34.489,1,3.693,1,1313.1,1,3.693,1,34.489,1
5905618,2025-12-12T00:49:20Z,1,-41.0028,155.08139,1,1315.2,1,34.492,1,3.68,1,1315.2,1,3.68,1,34.492,1
5905618,2025-12-12T00:49:20Z,1,-41.0028,155.08139,1,1317.3,1,34.493,1,3.678,1,1317.3,1,3.678,1,34.493,1
5905618,2025-12-12T00:49:20Z,1,-41.0028,155.08139,1,1319.2,1,34.493,1,3.676,1,1319.2,1,3.676,1,34.493,1
5905618,2025-12-12T00:49:20Z,1,-41.0028,155.08139,1,1321.5,1,34.494,1,3.674,1,1321.5,1,3.674,1,34.494,1
5905618,2025-12-12T00:49:20Z,1,-41.0028,155.08139,1,1323.5,1,34.494,1,3.668,1,1323.5,1,3.668,1,34.494,1
5905618,2025-12-12T00:49:20Z,1,-41.0028,155.08139,1,1325.5,1,34.496,1,3.653,1,1325.5,1,3.653,1,34.496,1
5905618,2025-12-12T00:49:20Z,1,-41.0028,155.08139,1,1327.5,1,34.497,1,3.631,1,1327.5,1,3.631,1,34.497,1
5905618,2025-12-12T00:49:20Z,1,-41.0028,155.08139,1,1329.5,1,34.497,1,3.627,1,1329.5,1,3.627,1,34.497,1
5905618,2025-12-12T00:49:20Z,1,-41.0028,155.08139,1,1331.5,1,34.497,1,3.627,1,1331.5,1,3.627,1,34.497,1
5905618,2025-12-12T00:49:20Z,1,-41.0028,155.08139,1,1333.2,1,34.497,1,3.625,1,1333.2,1,3.625,1,34.497,1
5905618,2025-12-12T00:49:20Z,1,-41.0028,155.08139,1,1335.3,1,34.498,1,3.615,1,1335.3,1,3.615,1,34.498,1
5905618,2025-12-12T00:49:20Z,1,-41.0028,155.08139,1,1337.3,1,34.496,1,3.603,1,1337.3,1,3.603,1,34.496,1
5905618,2025-12-12T00:49:20Z,1,-41.0028,155.08139,1,1339.4,1,34.498,1,3.58,1,1339.4,1,3.58,1,34.498,1
5905618,2025-12-12T00:49:20Z,1,-41.0028,155.08139,1,1341.5,1,34.498,1,3.567,1,1341.5,1,3.567,1,34.498,1
5905618,2025-12-12T00:49:20Z,1,-41.0028,155.08139,1,1343.2,1,34.499,1,3.561,1,1343.2,1,3.561,1,34.499,1
5905618,2025-12-12T00:49:20Z,1,-41.0028,155.08139,1,1345.3,1,34.499,1,3.557,1,1345.3,1,3.557,1,34.499,1
5905618,2025-12-12T00:49:20Z,1,-41.0028,155.08139,1,1347.5,1,34.5,1,3.55,1,1347.5,1,3.55,1,34.5,1
5905618,2025-12-12T00:49:20Z,1,-41.0028,155.08139,1,1349.2,1,34.5,1,3.546,1,1349.2,1,3.546,1,34.5,1
5905618,2025-12-12T00:49:20Z,1,-41.0028,155.08139,1,1351.3,1,34.501,1,3.53,1,1351.3,1,3.53,1,34.501,1
5905618,2025-12-12T00:49:20Z,1,-41.0028,155.08139,1,1353.5,1,34.503,1,3.515,1,1353.5,1,3.515,1,34.503,1
5905618,2025-12-12T00:49:20Z,1,-41.0028,155.08139,1,1355.3,1,34.503,1,3.509,1,1355.3,1,3.509,1,34.503,1
5905618,2025-12-12T00:49:20Z,1,-41.0028,155.08139,1,1357.5,1,34.504,1,3.505,1,1357.5,1,3.505,1,34.504,1
5905618,2025-12-12T00:49:20Z,1,-41.0028,155.08139,1,1359.7,1,34.505,1,3.5,1,1359.7,1,3.5,1,34.505,1
5905618,2025-12-12T00:49:20Z,1,-41.0028,155.08139,1,1361.4,1,34.506,1,3.496,1,1361.4,1,3.496,1,34.506,1
5905618,2025-12-12T00:49:20Z,1,-41.0028,155.08139,1,1363.2,1,34.506,1,3.492,1,1363.2,1,3.492,1,34.506,1
5905618,2025-12-12T00:49:20Z,1,-41.0028,155.08139,1,1365.4,1,34.506,1,3.489,1,1365.4,1,3.489,1,34.506,1
5905618,2025-12-12T00:49:20Z,1,-41.0028,155.08139,1,1367.6,1,34.507,1,3.476,1,1367.6,1,3.476,1,34.507,1
5905618,2025-12-12T00:49:20Z,1,-41.0028,155.08139,1,1369.4,1,34.509,1,3.464,1,1369.4,1,3.464,1,34.509,1
5905618,2025-12-12T00:49:20Z,1,-41.0028,155.08139,1,1371.2,1,34.51,1,3.457,1,1371.2,1,3.457,1,34.51,1
5905618,2025-12-12T00:49:20Z,1,-41.0028,155.08139,1,1373.5,1,34.511,1,3.445,1,1373.5,1,3.445,1,34.511,1
5905618,2025-12-12T00:49:20Z,1,-41.0028,155.08139,1,1375.8,1,34.513,1,3.437,1,1375.8,1,3.437,1,34.513,1
5905618,2025-12-12T00:49:20Z,1,-41.0028,155.08139,1,1377.6,1,34.512,1,3.435,1,1377.6,1,3.435,1,34.512,1
5905618,2025-12-12T00:49:20Z,1,-41.0028,155.08139,1,1379.4,1,34.514,1,3.425,1,1379.4,1,3.425,1,34.514,1
5905618,2025-12-12T00:49:20Z,1,-41.0028,155.08139,1,1381.3,1,34.515,1,3.416,1,1381.3,1,3.416,1,34.515,1
5905618,2025-12-12T00:49:20Z,1,-41.0028,155.08139,1,1383.1,1,34.517,1,3.407,1,1383.1,1,3.407,1,34.517,1
5905618,2025-12-12T00:49:20Z,1,-41.0028,155.08139,1,1385.0,1,34.518,1,3.396,1,1385.0,1,3.396,1,34.518,1
5905618,2025-12-12T00:49:20Z,1,-41.0028,155.08139,1,1387.4,1,34.518,1,3.387,1,1387.4,1,3.387,1,34.518,1
5905618,2025-12-12T00:49:20Z,1,-41.0028,155.08139,1,1389.7,1,34.519,1,3.385,1,1389.7,1,3.385,1,34.519,1
5905618,2025-12-12T00:49:20Z,1,-41.0028,155.08139,1,1391.6,1,34.519,1,3.382,1,1391.6,1,3.382,1,34.519,1
5905618,2025-12-12T00:49:20Z,1,-41.0028,155.08139,1,1393.5,1,34.52,1,3.376,1,1393.5,1,3.376,1,34.52,1
5905618,2025-12-12T00:49:20Z,1,-41.0028,155.08139,1,1395.3,1,34.521,1,3.373,1,1395.3,1,3.373,1,34.521,1
5905618,2025-12-12T00:49:20Z,1,-41.0028,155.08139,1,1397.2,1,34.522,1,3.37,1,1397.2,1,3.37,1,34.522,1
5905618,2025-12-12T00:49:20Z,1,-41.0028,155.08139,1,1399.1,1,34.522,1,3.367,1,1399.1,1,3.367,1,34.522,1
5905618,2025-12-12T00:49:20Z,1,-41.0028,155.08139,1,1401.4,1,34.522,1,3.366,1,1401.4,1,3.366,1,34.522,1
5905618,2025-12-12T00:49:20Z,1,-41.0028,155.08139,1,1403.8,1,34.523,1,3.364,1,1403.8,1,3.364,1,34.523,1
5905618,2025-12-12T00:49:20Z,1,-41.0028,155.08139,1,1405.7,1,34.523,1,3.361,1,1405.7,1,3.361,1,34.523,1
5905618,2025-12-12T00:49:20Z,1,-41.0028,155.08139,1,1407.6,1,34.524,1,3.353,1,1407.6,1,3.353,1,34.524,1
5905618,2025-12-12T00:49:20Z,1,-41.0028,155.08139,1,1409.5,1,34.524,1,3.352,1,1409.5,1,3.352,1,34.524,1
5905618,2025-12-12T00:49:20Z,1,-41.0028,155.08139,1,1411.5,1,34.525,1,3.35,1,1411.5,1,3.35,1,34.525,1
5905618,2025-12-12T00:49:20Z,1,-41.0028,155.08139,1,1413.4,1,34.525,1,3.35,1,1413.4,1,3.35,1,34.525,1
5905618,2025-12-12T00:49:20Z,1,-41.0028,155.08139,1,1415.4,1,34.525,1,3.349,1,1415.4,1,3.349,1,34.525,1
5905618,2025-12-12T00:49:20Z,1,-41.0028,155.08139,1,1417.3,1,34.525,1,3.347,1,1417.3,1,3.347,1,34.525,1
5905618,2025-12-12T00:49:20Z,1,-41.0028,155.08139,1,1419.3,1,34.526,1,3.343,1,1419.3,1,3.343,1,34.526,1
5905618,2025-12-12T00:49:20Z,1,-41.0028,155.08139,1,1421.2,1,34.526,1,3.343,1,1421.2,1,3.343,1,34.526,1
5905618,2025-12-12T00:49:20Z,1,-41.0028,155.08139,1,1423.1,1,34.526,1,3.342,1,1423.1,1,3.342,1,34.526,1
5905618,2025-12-12T00:49:20Z,1,-41.0028,155.08139,1,1425.1,1,34.526,1,3.34,1,1425.1,1,3.34,1,34.526,1
5905618,2025-12-12T00:49:20Z,1,-41.0028,155.08139,1,1427.4,1,34.527,1,3.327,1,1427.4,1,3.327,1,34.527,1
5905618,2025-12-12T00:49:20Z,1,-41.0028,155.08139,1,1429.9,1,34.528,1,3.317,1,1429.9,1,3.317,1,34.528,1
5905618,2025-12-12T00:49:20Z,1,-41.0028,155.08139,1,1431.8,1,34.531,1,3.306,1,1431.8,1,3.306,1,34.531,1
5905618,2025-12-12T00:49:20Z,1,-41.0028,155.08139,1,1433.8,1,34.53,1,3.303,1,1433.8,1,3.303,1,34.53,1
5905618,2025-12-12T00:49:20Z,1,-41.0028,155.08139,1,1435.7,1,34.53,1,3.303,1,1435.7,1,3.303,1,34.53,1
5905618,2025-12-12T00:49:20Z,1,-41.0028,155.08139,1,1437.6,1,34.53,1,3.302,1,1437.6,1,3.302,1,34.53,1
5905618,2025-12-12T00:49:20Z,1,-41.0028,155.08139,1,1439.5,1,34.531,1,3.296,1,1439.5,1,3.296,1,34.531,1
5905618,2025-12-12T00:49:20Z,1,-41.0028,155.08139,1,1441.4,1,34.531,1,3.288,1,1441.4,1,3.288,1,34.531,1
5905618,2025-12-12T00:49:20Z,1,-41.0028,155.08139,1,1443.3,1,34.532,1,3.28,1,1443.3,1,3.28,1,34.532,1
5905618,2025-12-12T00:49:20Z,1,-41.0028,155.08139,1,1445.3,1,34.533,1,3.279,1,1445.3,1,3.279,1,34.533,1
5905618,2025-12-12T00:49:20Z,1,-41.0028,155.08139,1,1447.2,1,34.533,1,3.274,1,1447.2,1,3.274,1,34.533,1
5905618,2025-12-12T00:49:20Z,1,-41.0028,155.08139,1,1449.2,1,34.535,1,3.266,1,1449.2,1,3.266,1,34.535,1
5905618,2025-12-12T00:49:20Z,1,-41.0028,155.08139,1,1451.2,1,34.536,1,3.265,1,1451.2,1,3.265,1,34.536,1
5905618,2025-12-12T00:49:20Z,1,-41.0028,155.08139,1,1453.2,1,34.537,1,3.259,1,1453.2,1,3.259,1,34.537,1
5905618,2025-12-12T00:49:20Z,1,-41.0028,155.08139,1,1455.1,1,34.537,1,3.257,1,1455.1,1,3.257,1,34.537,1
5905618,2025-12-12T00:49:20Z,1,-41.0028,155.08139,1,1457.1,1,34.537,1,3.256,1,1457.1,1,3.256,1,34.537,1
5905618,2025-12-12T00:49:20Z,1,-41.0028,155.08139,1,1459.0,1,34.537,1,3.254,1,1459.0,1,3.254,1,34.537,1
5905618,2025-12-12T00:49:20Z,1,-41.0028,155.08139,1,1461.0,1,34.537,1,3.248,1,1461.0,1,3.248,1,34.537,1
5905618,2025-12-12T00:49:20Z,1,-41.0028,155.08139,1,1463.4,1,34.541,1,3.228,1,1463.4,1,3.228,1,34.541,1
5905618,2025-12-12T00:49:20Z,1,-41.0028,155.08139,1,1465.8,1,34.541,1,3.219,1,1465.8,1,3.219,1,34.541,1
5905618,2025-12-12T00:49:20Z,1,-41.0028,155.08139,1,1467.8,1,34.542,1,3.212,1,1467.8,1,3.212,1,34.542,1
5905618,2025-12-12T00:49:20Z,1,-41.0028,155.08139,1,1469.7,1,34.542,1,3.21,1,1469.7,1,3.21,1,34.542,1
5905618,2025-12-12T00:49:20Z,1,-41.0028,155.08139,1,1471.6,1,34.543,1,3.203,1,1471.6,1,3.203,1,34.543,1
5905618,2025-12-12T00:49:20Z,1,-41.0028,155.08139,1,1473.7,1,34.543,1,3.198,1,1473.7,1,3.198,1,34.543,1
5905618,2025-12-12T00:49:20Z,1,-41.0028,155.08139,1,1475.5,1,34.543,1,3.197,1,1475.5,1,3.197,1,34.543,1
5905618,2025-12-12T00:49:20Z,1,-41.0028,155.08139,1,1477.5,1,34.544,1,3.195,1,1477.5,1,3.195,1,34.544,1
5905618,2025-12-12T00:49:20Z,1,-41.0028,155.08139,1,1479.4,1,34.544,1,3.193,1,1479.4,1,3.193,1,34.544,1
5905618,2025-12-12T00:49:20Z,1,-41.0028,155.08139,1,1481.4,1,34.544,1,3.191,1,1481.4,1,3.191,1,34.544,1
5905618,2025-12-12T00:49:20Z,1,-41.0028,155.08139,1,1483.3,1,34.545,1,3.188,1,1483.3,1,3.188,1,34.545,1
5905618,2025-12-12T00:49:20Z,1,-41.0028,155.08139,1,1485.3,1,34.546,1,3.187,1,1485.3,1,3.187,1,34.546,1
5905618,2025-12-12T00:49:20Z,1,-41.0028,155.08139,1,1487.2,1,34.546,1,3.181,1,1487.2,1,3.181,1,34.546,1
5905618,2025-12-12T00:49:20Z,1,-41.0028,155.08139,1,1489.2,1,34.547,1,3.173,1,1489.2,1,3.173,1,34.547,1
5905618,2025-12-12T00:49:20Z,1,-41.0028,155.08139,1,1491.2,1,34.547,1,3.168,1,1491.2,1,3.168,1,34.547,1
5905618,2025-12-12T00:49:20Z,1,-41.0028,155.08139,1,1493.3,1,34.547,1,3.162,1,1493.3,1,3.162,1,34.547,1
5905618,2025-12-12T00:49:20Z,1,-41.0028,155.08139,1,1495.3,1,34.547,1,3.16,1,1495.3,1,3.16,1,34.547,1
5905618,2025-12-12T00:49:20Z,1,-41.0028,155.08139,1,1497.2,1,34.547,1,3.157,1,1497.2,1,3.157,1,34.547,1
5905618,2025-12-12T00:49:20Z,1,-41.0028,155.08139,1,1499.2,1,34.548,1,3.149,1,1499.2,1,3.149,1,34.548,1
5905618,2025-12-12T00:49:20Z,1,-41.0028,155.08139,1,1501.1,1,34.549,1,3.14,1,1501.1,1,3.14,1,34.549,1
5905618,2025-12-12T00:49:20Z,1,-41.0028,155.08139,1,1503.1,1,34.549,1,3.14,1,1503.1,1,3.14,1,34.549,1
5905618,2025-12-12T00:49:20Z,1,-41.0028,155.08139,1,1505.0,1,34.55,1,3.132,1,1505.0,1,3.132,1,34.55,1
5905618,2025-12-12T00:49:20Z,1,-41.0028,155.08139,1,1507.4,1,34.551,1,3.119,1,1507.4,1,3.119,1,34.551,1
5905618,2025-12-12T00:49:20Z,1,-41.0028,155.08139,1,1509.9,1,34.551,1,3.103,1,1509.9,1,3.103,1,34.551,1
5905618,2025-12-12T00:49:20Z,1,-41.0028,155.08139,1,1511.8,1,34.553,1,3.102,1,1511.8,1,3.102,1,34.553,1
5905618,2025-12-12T00:49:20Z,1,-41.0028,155.08139,1,1513.7,1,34.553,1,3.095,1,1513.7,1,3.095,1,34.553,1
5905618,2025-12-12T00:49:20Z,1,-41.0028,155.08139,1,1515.7,1,34.553,1,3.089,1,1515.7,1,3.089,1,34.553,1
5905618,2025-12-12T00:49:20Z,1,-41.0028,155.08139,1,1517.6,1,34.554,1,3.082,1,1517.6,1,3.082,1,34.554,1
5905618,2025-12-12T00:49:20Z,1,-41.0028,155.08139,1,1519.5,1,34.555,1,3.077,1,1519.5,1,3.077,1,34.555,1
5905618,2025-12-12T00:49:20Z,1,-41.0028,155.08139,1,1521.5,1,34.555,1,3.072,1,1521.5,1,3.072,1,34.555,1
5905618,2025-12-12T00:49:20Z,1,-41.0028,155.08139,1,1523.4,1,34.556,1,3.067,1,1523.4,1,3.067,1,34.556,1
5905618,2025-12-12T00:49:20Z,1,-41.0028,155.08139,1,1525.4,1,34.556,1,3.065,1,1525.4,1,3.065,1,34.556,1
5905618,2025-12-12T00:49:20Z,1,-41.0028,155.08139,1,1527.3,1,34.556,1,3.059,1,1527.3,1,3.059,1,34.556,1
5905618,2025-12-12T00:49:20Z,1,-41.0028,155.08139,1,1529.2,1,34.557,1,3.057,1,1529.2,1,3.057,1,34.557,1
5905618,2025-12-12T00:49:20Z,1,-41.0028,155.08139,1,1531.1,1,34.557,1,3.055,1,1531.1,1,3.055,1,34.557,1
5905618,2025-12-12T00:49:20Z,1,-41.0028,155.08139,1,1533.0,1,34.558,1,3.052,1,1533.0,1,3.052,1,34.558,1
5905618,2025-12-12T00:49:20Z,1,-41.0028,155.08139,1,1535.4,1,34.558,1,3.045,1,1535.4,1,3.045,1,34.558,1
5905618,2025-12-12T00:49:20Z,1,-41.0028,155.08139,1,1537.8,1,34.56,1,3.034,1,1537.8,1,3.034,1,34.56,1
5905618,2025-12-12T00:49:20Z,1,-41.0028,155.08139,1,1539.8,1,34.559,1,3.031,1,1539.8,1,3.031,1,34.559,1
5905618,2025-12-12T00:49:20Z,1,-41.0028,155.08139,1,1541.7,1,34.56,1,3.03,1,1541.7,1,3.03,1,34.56,1
5905618,2025-12-12T00:49:20Z,1,-41.0028,155.08139,1,1543.6,1,34.56,1,3.028,1,1543.6,1,3.028,1,34.56,1
5905618,2025-12-12T00:49:20Z,1,-41.0028,155.08139,1,1545.5,1,34.561,1,3.024,1,1545.5,1,3.024,1,34.561,1
5905618,2025-12-12T00:49:20Z,1,-41.0028,155.08139,1,1547.4,1,34.561,1,3.022,1,1547.4,1,3.022,1,34.561,1
5905618,2025-12-12T00:49:20Z,1,-41.0028,155.08139,1,1549.3,1,34.563,1,3.02,1,1549.3,1,3.02,1,34.563,1
5905618,2025-12-12T00:49:20Z,1,-41.0028,155.08139,1,1551.2,1,34.563,1,3.017,1,1551.2,1,3.017,1,34.563,1
5905618,2025-12-12T00:49:20Z,1,-41.0028,155.08139,1,1553.1,1,34.564,1,3.012,1,1553.1,1,3.012,1,34.564,1
5905618,2025-12-12T00:49:20Z,1,-41.0028,155.08139,1,1555.1,1,34.564,1,3.007,1,1555.1,1,3.007,1,34.564,1
5905618,2025-12-12T00:49:20Z,1,-41.0028,155.08139,1,1557.0,1,34.565,1,3.005,1,1557.0,1,3.005,1,34.565,1
5905618,2025-12-12T00:49:20Z,1,-41.0028,155.08139,1,1559.4,1,34.565,1,2.999,1,1559.4,1,2.999,1,34.565,1
5905618,2025-12-12T00:49:20Z,1,-41.0028,155.08139,1,1561.8,1,34.567,1,2.991,1,1561.8,1,2.991,1,34.567,1
5905618,2025-12-12T00:49:20Z,1,-41.0028,155.08139,1,1563.8,1,34.567,1,2.987,1,1563.8,1,2.987,1,34.567,1
5905618,2025-12-12T00:49:20Z,1,-41.0028,155.08139,1,1565.7,1,34.567,1,2.986,1,1565.7,1,2.986,1,34.567,1
5905618,2025-12-12T00:49:20Z,1,-41.0028,155.08139,1,1567.6,1,34.568,1,2.978,1,1567.6,1,2.978,1,34.568,1
5905618,2025-12-12T00:49:20Z,1,-41.0028,155.08139,1,1569.6,1,34.568,1,2.971,1,1569.6,1,2.971,1,34.568,1
5905618,2025-12-12T00:49:20Z,1,-41.0028,155.08139,1,1571.5,1,34.569,1,2.967,1,1571.5,1,2.967,1,34.569,1
5905618,2025-12-12T00:49:20Z,1,-41.0028,155.08139,1,1573.5,1,34.569,1,2.965,1,1573.5,1,2.965,1,34.569,1
5905618,2025-12-12T00:49:20Z,1,-41.0028,155.08139,1,1575.4,1,34.569,1,2.963,1,1575.4,1,2.963,1,34.569,1
5905618,2025-12-12T00:49:20Z,1,-41.0028,155.08139,1,1577.4,1,34.57,1,2.959,1,1577.4,1,2.959,1,34.57,1
5905618,2025-12-12T00:49:20Z,1,-41.0028,155.08139,1,1579.4,1,34.571,1,2.954,1,1579.4,1,2.954,1,34.571,1
5905618,2025-12-12T00:49:20Z,1,-41.0028,155.08139,1,1581.3,1,34.571,1,2.949,1,1581.3,1,2.949,1,34.571,1
5905618,2025-12-12T00:49:20Z,1,-41.0028,155.08139,1,1583.3,1,34.572,1,2.947,1,1583.3,1,2.947,1,34.572,1
5905618,2025-12-12T00:49:20Z,1,-41.0028,155.08139,1,1585.3,1,34.572,1,2.947,1,1585.3,1,2.947,1,34.572,1
5905618,2025-12-12T00:49:20Z,1,-41.0028,155.08139,1,1587.2,1,34.573,1,2.941,1,1587.2,1,2.941,1,34.573,1
5905618,2025-12-12T00:49:20Z,1,-41.0028,155.08139,1,1589.2,1,34.575,1,2.924,1,1589.2,1,2.924,1,34.575,1
5905618,2025-12-12T00:49:20Z,1,-41.0028,155.08139,1,1591.2,1,34.575,1,2.92,1,1591.2,1,2.92,1,34.575,1
5905618,2025-12-12T00:49:20Z,1,-41.0028,155.08139,1,1593.2,1,34.575,1,2.915,1,1593.2,1,2.915,1,34.575,1
5905618,2025-12-12T00:49:20Z,1,-41.0028,155.08139,1,1595.1,1,34.576,1,2.911,1,1595.1,1,2.911,1,34.576,1
5905618,2025-12-12T00:49:20Z,1,-41.0028,155.08139,1,1597.1,1,34.576,1,2.908,1,1597.1,1,2.908,1,34.576,1
5905618,2025-12-12T00:49:20Z,1,-41.0028,155.08139,1,1599.2,1,34.576,1,2.905,1,1599.2,1,2.905,1,34.576,1
5905618,2025-12-12T00:49:20Z,1,-41.0028,155.08139,1,1601.2,1,34.578,1,2.897,1,1601.2,1,2.897,1,34.578,1
5905618,2025-12-12T00:49:20Z,1,-41.0028,155.08139,1,1603.2,1,34.579,1,2.888,1,1603.2,1,2.888,1,34.579,1
5905618,2025-12-12T00:49:20Z,1,-41.0028,155.08139,1,1605.1,1,34.579,1,2.879,1,1605.1,1,2.879,1,34.579,1
5905618,2025-12-12T00:49:20Z,1,-41.0028,155.08139,1,1607.1,1,34.581,1,2.869,1,1607.1,1,2.869,1,34.581,1
5905618,2025-12-12T00:49:20Z,1,-41.0028,155.08139,1,1609.1,1,34.581,1,2.865,1,1609.1,1,2.865,1,34.581,1
5905618,2025-12-12T00:49:20Z,1,-41.0028,155.08139,1,1611.1,1,34.581,1,2.861,1,1611.1,1,2.861,1,34.581,1
5905618,2025-12-12T00:49:20Z,1,-41.0028,155.08139,1,1613.1,1,34.582,1,2.858,1,1613.1,1,2.858,1,34.582,1
5905618,2025-12-12T00:49:20Z,1,-41.0028,155.08139,1,1615.2,1,34.582,1,2.855,1,1615.2,1,2.855,1,34.582,1
5905618,2025-12-12T00:49:20Z,1,-41.0028,155.08139,1,1617.3,1,34.583,1,2.847,1,1617.3,1,2.847,1,34.583,1
5905618,2025-12-12T00:49:20Z,1,-41.0028,155.08139,1,1619.3,1,34.585,1,2.838,1,1619.3,1,2.838,1,34.585,1
5905618,2025-12-12T00:49:20Z,1,-41.0028,155.08139,1,1621.3,1,34.585,1,2.833,1,1621.3,1,2.833,1,34.585,1
5905618,2025-12-12T00:49:20Z,1,-41.0028,155.08139,1,1623.4,1,34.586,1,2.833,1,1623.4,1,2.833,1,34.586,1
5905618,2025-12-12T00:49:20Z,1,-41.0028,155.08139,1,1625.4,1,34.587,1,2.825,1,1625.4,1,2.825,1,34.587,1
5905618,2025-12-12T00:49:20Z,1,-41.0028,155.08139,1,1627.3,1,34.588,1,2.819,1,1627.3,1,2.819,1,34.588,1
5905618,2025-12-12T00:49:20Z,1,-41.0028,155.08139,1,1629.4,1,34.588,1,2.817,1,1629.4,1,2.817,1,34.588,1
5905618,2025-12-12T00:49:20Z,1,-41.0028,155.08139,1,1631.4,1,34.588,1,2.816,1,1631.4,1,2.816,1,34.588,1
5905618,2025-12-12T00:49:20Z,1,-41.0028,155.08139,1,1633.4,1,34.589,1,2.811,1,1633.4,1,2.811,1,34.589,1
5905618,2025-12-12T00:49:20Z,1,-41.0028,155.08139,1,1635.4,1,34.59,1,2.804,1,1635.4,1,2.804,1,34.59,1
5905618,2025-12-12T00:49:20Z,1,-41.0028,155.08139,1,1637.4,1,34.591,1,2.798,1,1637.4,1,2.798,1,34.591,1
5905618,2025-12-12T00:49:20Z,1,-41.0028,155.08139,1,1639.5,1,34.591,1,2.794,1,1639.5,1,2.794,1,34.591,1
5905618,2025-12-12T00:49:20Z,1,-41.0028,155.08139,1,1641.5,1,34.592,1,2.787,1,1641.5,1,2.787,1,34.592,1
5905618,2025-12-12T00:49:20Z,1,-41.0028,155.08139,1,1643.5,1,34.593,1,2.783,1,1643.5,1,2.783,1,34.593,1
5905618,2025-12-12T00:49:20Z,1,-41.0028,155.08139,1,1645.6,1,34.593,1,2.782,1,1645.6,1,2.782,1,34.593,1
5905618,2025-12-12T00:49:20Z,1,-41.0028,155.08139,1,1647.6,1,34.593,1,2.78,1,1647.6,1,2.78,1,34.593,1
5905618,2025-12-12T00:49:20Z,1,-41.0028,155.08139,1,1649.3,1,34.594,1,2.776,1,1649.3,1,2.776,1,34.594,1
5905618,2025-12-12T00:49:20Z,1,-41.0028,155.08139,1,1651.4,1,34.594,1,2.772,1,1651.4,1,2.772,1,34.594,1
5905618,2025-12-12T00:49:20Z,1,-41.0028,155.08139,1,1653.5,1,34.595,1,2.769,1,1653.5,1,2.769,1,34.595,1
5905618,2025-12-12T00:49:20Z,1,-41.0028,155.08139,1,1655.2,1,34.596,1,2.767,1,1655.2,1,2.767,1,34.596,1
5905618,2025-12-12T00:49:20Z,1,-41.0028,155.08139,1,1657.3,1,34.596,1,2.764,1,1657.3,1,2.764,1,34.596,1
5905618,2025-12-12T00:49:20Z,1,-41.0028,155.08139,1,1659.4,1,34.597,1,2.761,1,1659.4,1,2.761,1,34.597,1
5905618,2025-12-12T00:49:20Z,1,-41.0028,155.08139,1,1661.1,1,34.597,1,2.759,1,1661.1,1,2.759,1,34.597,1
5905618,2025-12-12T00:49:20Z,1,-41.0028,155.08139,1,1663.3,1,34.597,1,2.757,1,1663.3,1,2.757,1,34.597,1
5905618,2025-12-12T00:49:20Z,1,-41.0028,155.08139,1,1665.5,1,34.598,1,2.749,1,1665.5,1,2.749,1,34.598,1
5905618,2025-12-12T00:49:20Z,1,-41.0028,155.08139,1,1667.2,1,34.6,1,2.737,1,1667.2,1,2.737,1,34.6,1
5905618,2025-12-12T00:49:20Z,1,-41.0028,155.08139,1,1669.4,1,34.602,1,2.729,1,1669.4,1,2.729,1,34.602,1
5905618,2025-12-12T00:49:20Z,1,-41.0028,155.08139,1,1671.6,1,34.602,1,2.726,1,1671.6,1,2.726,1,34.602,1
5905618,2025-12-12T00:49:20Z,1,-41.0028,155.08139,1,1673.4,1,34.602,1,2.724,1,1673.4,1,2.724,1,34.602,1
5905618,2025-12-12T00:49:20Z,1,-41.0028,155.08139,1,1675.1,1,34.603,1,2.719,1,1675.1,1,2.719,1,34.603,1
5905618,2025-12-12T00:49:20Z,1,-41.0028,155.08139,1,1677.4,1,34.604,1,2.715,1,1677.4,1,2.715,1,34.604,1
5905618,2025-12-12T00:49:20Z,1,-41.0028,155.08139,1,1679.5,1,34.605,1,2.711,1,1679.5,1,2.711,1,34.605,1
5905618,2025-12-12T00:49:20Z,1,-41.0028,155.08139,1,1681.3,1,34.605,1,2.709,1,1681.3,1,2.709,1,34.605,1
5905618,2025-12-12T00:49:20Z,1,-41.0028,155.08139,1,1683.4,1,34.607,1,2.7,1,1683.4,1,2.7,1,34.607,1
5905618,2025-12-12T00:49:20Z,1,-41.0028,155.08139,1,1685.5,1,34.607,1,2.697,1,1685.5,1,2.697,1,34.607,1
5905618,2025-12-12T00:49:20Z,1,-41.0028,155.08139,1,1687.3,1,34.608,1,2.695,1,1687.3,1,2.695,1,34.608,1
5905618,2025-12-12T00:49:20Z,1,-41.0028,155.08139,1,1689.0,1,34.608,1,2.693,1,1689.0,1,2.693,1,34.608,1
5905618,2025-12-12T00:49:20Z,1,-41.0028,155.08139,1,1691.3,1,34.609,1,2.691,1,1691.3,1,2.691,1,34.609,1
5905618,2025-12-12T00:49:20Z,1,-41.0028,155.08139,1,1693.5,1,34.609,1,2.688,1,1693.5,1,2.688,1,34.609,1
5905618,2025-12-12T00:49:20Z,1,-41.0028,155.08139,1,1695.3,1,34.609,1,2.687,1,1695.3,1,2.687,1,34.609,1
5905618,2025-12-12T00:49:20Z,1,-41.0028,155.08139,1,1697.1,1,34.61,1,2.686,1,1697.1,1,2.686,1,34.61,1
5905618,2025-12-12T00:49:20Z,1,-41.0028,155.08139,1,1699.4,1,34.61,1,2.685,1,1699.4,1,2.685,1,34.61,1
5905618,2025-12-12T00:49:20Z,1,-41.0028,155.08139,1,1701.6,1,34.611,1,2.68,1,1701.6,1,2.68,1,34.611,1
5905618,2025-12-12T00:49:20Z,1,-41.0028,155.08139,1,1703.3,1,34.611,1,2.676,1,1703.3,1,2.676,1,34.611,1
5905618,2025-12-12T00:49:20Z,1,-41.0028,155.08139,1,1705.1,1,34.612,1,2.672,1,1705.1,1,2.672,1,34.612,1
5905618,2025-12-12T00:49:20Z,1,-41.0028,155.08139,1,1707.4,1,34.613,1,2.667,1,1707.4,1,2.667,1,34.613,1
5905618,2025-12-12T00:49:20Z,1,-41.0028,155.08139,1,1709.6,1,34.613,1,2.664,1,1709.6,1,2.664,1,34.613,1
5905618,2025-12-12T00:49:20Z,1,-41.0028,155.08139,1,1711.5,1,34.614,1,2.661,1,1711.5,1,2.661,1,34.614,1
5905618,2025-12-12T00:49:20Z,1,-41.0028,155.08139,1,1713.3,1,34.614,1,2.658,1,1713.3,1,2.658,1,34.614,1
5905618,2025-12-12T00:49:20Z,1,-41.0028,155.08139,1,1715.2,1,34.615,1,2.655,1,1715.2,1,2.655,1,34.615,1
5905618,2025-12-12T00:49:20Z,1,-41.0028,155.08139,1,1717.5,1,34.615,1,2.653,1,1717.5,1,2.653,1,34.615,1
5905618,2025-12-12T00:49:20Z,1,-41.0028,155.08139,1,1719.7,1,34.616,1,2.651,1,1719.7,1,2.651,1,34.616,1
5905618,2025-12-12T00:49:20Z,1,-41.0028,155.08139,1,1721.5,1,34.616,1,2.646,1,1721.5,1,2.646,1,34.616,1
5905618,2025-12-12T00:49:20Z,1,-41.0028,155.08139,1,1723.3,1,34.617,1,2.644,1,1723.3,1,2.644,1,34.617,1
5905618,2025-12-12T00:49:20Z,1,-41.0028,155.08139,1,1725.2,1,34.617,1,2.642,1,1725.2,1,2.642,1,34.617,1
5905618,2025-12-12T00:49:20Z,1,-41.0028,155.08139,1,1727.5,1,34.617,1,2.642,1,1727.5,1,2.642,1,34.617,1
5905618,2025-12-12T00:49:20Z,1,-41.0028,155.08139,1,1729.7,1,34.617,1,2.64,1,1729.7,1,2.64,1,34.617,1
5905618,2025-12-12T00:49:20Z,1,-41.0028,155.08139,1,1731.5,1,34.618,1,2.637,1,1731.5,1,2.637,1,34.618,1
5905618,2025-12-12T00:49:20Z,1,-41.0028,155.08139,1,1733.3,1,34.619,1,2.634,1,1733.3,1,2.634,1,34.619,1
5905618,2025-12-12T00:49:20Z,1,-41.0028,155.08139,1,1735.1,1,34.619,1,2.631,1,1735.1,1,2.631,1,34.619,1
5905618,2025-12-12T00:49:20Z,1,-41.0028,155.08139,1,1737.4,1,34.62,1,2.629,1,1737.4,1,2.629,1,34.62,1
5905618,2025-12-12T00:49:20Z,1,-41.0028,155.08139,1,1739.7,1,34.62,1,2.628,1,1739.7,1,2.628,1,34.62,1
5905618,2025-12-12T00:49:20Z,1,-41.0028,155.08139,1,1741.5,1,34.62,1,2.625,1,1741.5,1,2.625,1,34.62,1
5905618,2025-12-12T00:49:20Z,1,-41.0028,155.08139,1,1743.4,1,34.62,1,2.624,1,1743.4,1,2.624,1,34.62,1
5905618,2025-12-12T00:49:20Z,1,-41.0028,155.08139,1,1745.2,1,34.62,1,2.623,1,1745.2,1,2.623,1,34.62,1
5905618,2025-12-12T00:49:20Z,1,-41.0028,155.08139,1,1747.5,1,34.621,1,2.621,1,1747.5,1,2.621,1,34.621,1
5905618,2025-12-12T00:49:20Z,1,-41.0028,155.08139,1,1749.8,1,34.622,1,2.615,1,1749.8,1,2.615,1,34.622,1
5905618,2025-12-12T00:49:20Z,1,-41.0028,155.08139,1,1751.7,1,34.623,1,2.613,1,1751.7,1,2.613,1,34.623,1
5905618,2025-12-12T00:49:20Z,1,-41.0028,155.08139,1,1753.5,1,34.623,1,2.612,1,1753.5,1,2.612,1,34.623,1
5905618,2025-12-12T00:49:20Z,1,-41.0028,155.08139,1,1755.4,1,34.623,1,2.61,1,1755.4,1,2.61,1,34.623,1
5905618,2025-12-12T00:49:20Z,1,-41.0028,155.08139,1,1757.2,1,34.623,1,2.608,1,1757.2,1,2.608,1,34.623,1
5905618,2025-12-12T00:49:20Z,1,-41.0028,155.08139,1,1759.1,1,34.624,1,2.604,1,1759.1,1,2.604,1,34.624,1
5905618,2025-12-12T00:49:20Z,1,-41.0028,155.08139,1,1761.4,1,34.625,1,2.597,1,1761.4,1,2.597,1,34.625,1
5905618,2025-12-12T00:49:20Z,1,-41.0028,155.08139,1,1763.8,1,34.626,1,2.594,1,1763.8,1,2.594,1,34.626,1
5905618,2025-12-12T00:49:20Z,1,-41.0028,155.08139,1,1765.7,1,34.626,1,2.593,1,1765.7,1,2.593,1,34.626,1
5905618,2025-12-12T00:49:20Z,1,-41.0028,155.08139,1,1767.6,1,34.627,1,2.59,1,1767.6,1,2.59,1,34.627,1
5905618,2025-12-12T00:49:20Z,1,-41.0028,155.08139,1,1769.5,1,34.627,1,2.588,1,1769.5,1,2.588,1,34.627,1
5905618,2025-12-12T00:49:20Z,1,-41.0028,155.08139,1,1771.3,1,34.627,1,2.583,1,1771.3,1,2.583,1,34.627,1
5905618,2025-12-12T00:49:20Z,1,-41.0028,155.08139,1,1773.2,1,34.628,1,2.583,1,1773.2,1,2.583,1,34.628,1
5905618,2025-12-12T00:49:20Z,1,-41.0028,155.08139,1,1775.1,1,34.627,1,2.583,1,1775.1,1,2.583,1,34.627,1
5905618,2025-12-12T00:49:20Z,1,-41.0028,155.08139,1,1777.5,1,34.628,1,2.579,1,1777.5,1,2.579,1,34.628,1
5905618,2025-12-12T00:49:20Z,1,-41.0028,155.08139,1,1779.7,1,34.629,1,2.577,1,1779.7,1,2.577,1,34.629,1
5905618,2025-12-12T00:49:20Z,1,-41.0028,155.08139,1,1781.6,1,34.63,1,2.574,1,1781.6,1,2.574,1,34.63,1
5905618,2025-12-12T00:49:20Z,1,-41.0028,155.08139,1,1783.5,1,34.63,1,2.571,1,1783.5,1,2.571,1,34.63,1
5905618,2025-12-12T00:49:20Z,1,-41.0028,155.08139,1,1785.3,1,34.63,1,2.57,1,1785.3,1,2.57,1,34.63,1
5905618,2025-12-12T00:49:20Z,1,-41.0028,155.08139,1,1787.2,1,34.631,1,2.567,1,1787.2,1,2.567,1,34.631,1
5905618,2025-12-12T00:49:20Z,1,-41.0028,155.08139,1,1789.0,1,34.631,1,2.566,1,1789.0,1,2.566,1,34.631,1
5905618,2025-12-12T00:49:20Z,1,-41.0028,155.08139,1,1791.4,1,34.631,1,2.565,1,1791.4,1,2.565,1,34.631,1
5905618,2025-12-12T00:49:20Z,1,-41.0028,155.08139,1,1793.8,1,34.632,1,2.561,1,1793.8,1,2.561,1,34.632,1
5905618,2025-12-12T00:49:20Z,1,-41.0028,155.08139,1,1795.6,1,34.632,1,2.56,1,1795.6,1,2.56,1,34.632,1
5905618,2025-12-12T00:49:20Z,1,-41.0028,155.08139,1,1797.5,1,34.633,1,2.557,1,1797.5,1,2.557,1,34.633,1
5905618,2025-12-12T00:49:20Z,1,-41.0028,155.08139,1,1799.4,1,34.633,1,2.553,1,1799.4,1,2.553,1,34.633,1
5905618,2025-12-12T00:49:20Z,1,-41.0028,155.08139,1,1801.3,1,34.634,1,2.549,1,1801.3,1,2.549,1,34.634,1
5905618,2025-12-12T00:49:20Z,1,-41.0028,155.08139,1,1803.2,1,34.634,1,2.548,1,1803.2,1,2.548,1,34.634,1
5905618,2025-12-12T00:49:20Z,1,-41.0028,155.08139,1,1805.1,1,34.634,1,2.546,1,1805.1,1,2.546,1,34.634,1
5905618,2025-12-12T00:49:20Z,1,-41.0028,155.08139,1,1807.4,1,34.635,1,2.542,1,1807.4,1,2.542,1,34.635,1
5905618,2025-12-12T00:49:20Z,1,-41.0028,155.08139,1,1809.6,1,34.636,1,2.538,1,1809.6,1,2.538,1,34.636,1
5905618,2025-12-12T00:49:20Z,1,-41.0028,155.08139,1,1811.5,1,34.637,1,2.536,1,1811.5,1,2.536,1,34.637,1
5905618,2025-12-12T00:49:20Z,1,-41.0028,155.08139,1,1813.4,1,34.636,1,2.533,1,1813.4,1,2.533,1,34.636,1
5905618,2025-12-12T00:49:20Z,1,-41.0028,155.08139,1,1815.3,1,34.637,1,2.531,1,1815.3,1,2.531,1,34.637,1
5905618,2025-12-12T00:49:20Z,1,-41.0028,155.08139,1,1817.2,1,34.637,1,2.531,1,1817.2,1,2.531,1,34.637,1
5905618,2025-12-12T00:49:20Z,1,-41.0028,155.08139,1,1819.5,1,34.637,1,2.529,1,1819.5,1,2.529,1,34.637,1
5905618,2025-12-12T00:49:20Z,1,-41.0028,155.08139,1,1821.7,1,34.638,1,2.527,1,1821.7,1,2.527,1,34.638,1
5905618,2025-12-12T00:49:20Z,1,-41.0028,155.08139,1,1823.6,1,34.638,1,2.527,1,1823.6,1,2.527,1,34.638,1
5905618,2025-12-12T00:49:20Z,1,-41.0028,155.08139,1,1825.5,1,34.638,1,2.524,1,1825.5,1,2.524,1,34.638,1
5905618,2025-12-12T00:49:20Z,1,-41.0028,155.08139,1,1827.4,1,34.639,1,2.518,1,1827.4,1,2.518,1,34.639,1
5905618,2025-12-12T00:49:20Z,1,-41.0028,155.08139,1,1829.3,1,34.639,1,2.516,1,1829.3,1,2.516,1,34.639,1
5905618,2025-12-12T00:49:20Z,1,-41.0028,155.08139,1,1831.2,1,34.64,1,2.514,1,1831.2,1,2.514,1,34.64,1
5905618,2025-12-12T00:49:20Z,1,-41.0028,155.08139,1,1833.2,1,34.641,1,2.511,1,1833.2,1,2.511,1,34.641,1
5905618,2025-12-12T00:49:20Z,1,-41.0028,155.08139,1,1835.1,1,34.641,1,2.508,1,1835.1,1,2.508,1,34.641,1
5905618,2025-12-12T00:49:20Z,1,-41.0028,155.08139,1,1837.0,1,34.642,1,2.507,1,1837.0,1,2.507,1,34.642,1
5905618,2025-12-12T00:49:20Z,1,-41.0028,155.08139,1,1839.0,1,34.642,1,2.506,1,1839.0,1,2.506,1,34.642,1
5905618,2025-12-12T00:49:20Z,1,-41.0028,155.08139,1,1841.0,1,34.642,1,2.503,1,1841.0,1,2.503,1,34.642,1
5905618,2025-12-12T00:49:20Z,1,-41.0028,155.08139,1,1843.0,1,34.643,1,2.495,1,1843.0,1,2.495,1,34.643,1
5905618,2025-12-12T00:49:20Z,1,-41.0028,155.08139,1,1845.0,1,34.644,1,2.493,1,1845.0,1,2.493,1,34.644,1
5905618,2025-12-12T00:49:20Z,1,-41.0028,155.08139,1,1847.1,1,34.644,1,2.493,1,1847.1,1,2.493,1,34.644,1
5905618,2025-12-12T00:49:20Z,1,-41.0028,155.08139,1,1849.1,1,34.644,1,2.494,1,1849.1,1,2.494,1,34.644,1
5905618,2025-12-12T00:49:20Z,1,-41.0028,155.08139,1,1851.2,1,34.644,1,2.493,1,1851.2,1,2.493,1,34.644,1
5905618,2025-12-12T00:49:20Z,1,-41.0028,155.08139,1,1853.2,1,34.644,1,2.49,1,1853.2,1,2.49,1,34.644,1
5905618,2025-12-12T00:49:20Z,1,-41.0028,155.08139,1,1855.1,1,34.645,1,2.488,1,1855.1,1,2.488,1,34.645,1
5905618,2025-12-12T00:49:20Z,1,-41.0028,155.08139,1,1857.3,1,34.645,1,2.487,1,1857.3,1,2.487,1,34.645,1
5905618,2025-12-12T00:49:20Z,1,-41.0028,155.08139,1,1859.3,1,34.645,1,2.486,1,1859.3,1,2.486,1,34.645,1
5905618,2025-12-12T00:49:20Z,1,-41.0028,155.08139,1,1861.2,1,34.646,1,2.483,1,1861.2,1,2.483,1,34.646,1
5905618,2025-12-12T00:49:20Z,1,-41.0028,155.08139,1,1863.6,1,34.647,1,2.479,1,1863.6,1,2.479,1,34.647,1
5905618,2025-12-12T00:49:20Z,1,-41.0028,155.08139,1,1865.6,1,34.647,1,2.476,1,1865.6,1,2.476,1,34.647,1
5905618,2025-12-12T00:49:20Z,1,-41.0028,155.08139,1,1867.3,1,34.647,1,2.475,1,1867.3,1,2.475,1,34.647,1
5905618,2025-12-12T00:49:20Z,1,-41.0028,155.08139,1,1869.3,1,34.648,1,2.471,1,1869.3,1,2.471,1,34.648,1
5905618,2025-12-12T00:49:20Z,1,-41.0028,155.08139,1,1871.3,1,34.648,1,2.47,1,1871.3,1,2.47,1,34.648,1
5905618,2025-12-12T00:49:20Z,1,-41.0028,155.08139,1,1873.4,1,34.649,1,2.468,1,1873.4,1,2.468,1,34.649,1
5905618,2025-12-12T00:49:20Z,1,-41.0028,155.08139,1,1875.5,1,34.649,1,2.466,1,1875.5,1,2.466,1,34.649,1
5905618,2025-12-12T00:49:20Z,1,-41.0028,155.08139,1,1877.5,1,34.65,1,2.465,1,1877.5,1,2.465,1,34.65,1
5905618,2025-12-12T00:49:20Z,1,-41.0028,155.08139,1,1879.7,1,34.649,1,2.464,1,1879.7,1,2.464,1,34.649,1
5905618,2025-12-12T00:49:20Z,1,-41.0028,155.08139,1,1881.4,1,34.65,1,2.464,1,1881.4,1,2.464,1,34.65,1
5905618,2025-12-12T00:49:20Z,1,-41.0028,155.08139,1,1883.5,1,34.65,1,2.461,1,1883.5,1,2.461,1,34.65,1
5905618,2025-12-12T00:49:20Z,1,-41.0028,155.08139,1,1885.7,1,34.651,1,2.457,1,1885.7,1,2.457,1,34.651,1
5905618,2025-12-12T00:49:20Z,1,-41.0028,155.08139,1,1887.4,1,34.651,1,2.456,1,1887.4,1,2.456,1,34.651,1
5905618,2025-12-12T00:49:20Z,1,-41.0028,155.08139,1,1889.4,1,34.651,1,2.455,1,1889.4,1,2.455,1,34.651,1
5905618,2025-12-12T00:49:20Z,1,-41.0028,155.08139,1,1891.6,1,34.651,1,2.454,1,1891.6,1,2.454,1,34.651,1
5905618,2025-12-12T00:49:20Z,1,-41.0028,155.08139,1,1893.3,1,34.652,1,2.453,1,1893.3,1,2.453,1,34.652,1
5905618,2025-12-12T00:49:20Z,1,-41.0028,155.08139,1,1895.4,1,34.652,1,2.449,1,1895.4,1,2.449,1,34.652,1
5905618,2025-12-12T00:49:20Z,1,-41.0028,155.08139,1,1897.5,1,34.653,1,2.447,1,1897.5,1,2.447,1,34.653,1
5905618,2025-12-12T00:49:20Z,1,-41.0028,155.08139,1,1899.3,1,34.653,1,2.445,1,1899.3,1,2.445,1,34.653,1
5905618,2025-12-12T00:49:20Z,1,-41.0028,155.08139,1,1901.4,1,34.653,1,2.444,1,1901.4,1,2.444,1,34.653,1
5905618,2025-12-12T00:49:20Z,1,-41.0028,155.08139,1,1903.6,1,34.653,1,2.444,1,1903.6,1,2.444,1,34.653,1
5905618,2025-12-12T00:49:20Z,1,-41.0028,155.08139,1,1905.3,1,34.653,1,2.443,1,1905.3,1,2.443,1,34.653,1
5905618,2025-12-12T00:49:20Z,1,-41.0028,155.08139,1,1907.4,1,34.653,1,2.442,1,1907.4,1,2.442,1,34.653,1
5905618,2025-12-12T00:49:20Z,1,-41.0028,155.08139,1,1909.5,1,34.653,1,2.44,1,1909.5,1,2.44,1,34.653,1
5905618,2025-12-12T00:49:20Z,1,-41.0028,155.08139,1,1911.3,1,34.654,1,2.438,1,1911.3,1,2.438,1,34.654,1
5905618,2025-12-12T00:49:20Z,1,-41.0028,155.08139,1,1913.5,1,34.654,1,2.436,1,1913.5,1,2.436,1,34.654,1
5905618,2025-12-12T00:49:20Z,1,-41.0028,155.08139,1,1915.6,1,34.655,1,2.433,1,1915.6,1,2.433,1,34.655,1
5905618,2025-12-12T00:49:20Z,1,-41.0028,155.08139,1,1917.4,1,34.655,1,2.431,1,1917.4,1,2.431,1,34.655,1
5905618,2025-12-12T00:49:20Z,1,-41.0028,155.08139,1,1919.1,1,34.656,1,2.427,1,1919.1,1,2.427,1,34.656,1
5905618,2025-12-12T00:49:20Z,1,-41.0028,155.08139,1,1921.3,1,34.656,1,2.425,1,1921.3,1,2.425,1,34.656,1
5905618,2025-12-12T00:49:20Z,1,-41.0028,155.08139,1,1923.5,1,34.657,1,2.423,1,1923.5,1,2.423,1,34.657,1
5905618,2025-12-12T00:49:20Z,1,-41.0028,155.08139,1,1925.3,1,34.657,1,2.422,1,1925.3,1,2.422,1,34.657,1
5905618,2025-12-12T00:49:20Z,1,-41.0028,155.08139,1,1927.5,1,34.657,1,2.42,1,1927.5,1,2.42,1,34.657,1
5905618,2025-12-12T00:49:20Z,1,-41.0028,155.08139,1,1929.7,1,34.658,1,2.418,1,1929.7,1,2.418,1,34.658,1
5905618,2025-12-12T00:49:20Z,1,-41.0028,155.08139,1,1931.5,1,34.658,1,2.416,1,1931.5,1,2.416,1,34.658,1
5905618,2025-12-12T00:49:20Z,1,-41.0028,155.08139,1,1933.4,1,34.658,1,2.414,1,1933.4,1,2.414,1,34.658,1
5905618,2025-12-12T00:49:20Z,1,-41.0028,155.08139,1,1935.2,1,34.659,1,2.413,1,1935.2,1,2.413,1,34.659,1
5905618,2025-12-12T00:49:20Z,1,-41.0028,155.08139,1,1937.5,1,34.659,1,2.411,1,1937.5,1,2.411,1,34.659,1
5905618,2025-12-12T00:49:20Z,1,-41.0028,155.08139,1,1939.7,1,34.659,1,2.409,1,1939.7,1,2.409,1,34.659,1
5905618,2025-12-12T00:49:20Z,1,-41.0028,155.08139,1,1941.5,1,34.66,1,2.407,1,1941.5,1,2.407,1,34.66,1
5905618,2025-12-12T00:49:20Z,1,-41.0028,155.08139,1,1943.3,1,34.66,1,2.406,1,1943.3,1,2.406,1,34.66,1
5905618,2025-12-12T00:49:20Z,1,-41.0028,155.08139,1,1945.1,1,34.66,1,2.405,1,1945.1,1,2.405,1,34.66,1
5905618,2025-12-12T00:49:20Z,1,-41.0028,155.08139,1,1947.4,1,34.66,1,2.403,1,1947.4,1,2.403,1,34.66,1
5905618,2025-12-12T00:49:20Z,1,-41.0028,155.08139,1,1949.5,1,34.66,1,2.4,1,1949.5,1,2.4,1,34.66,1
5905618,2025-12-12T00:49:20Z,1,-41.0028,155.08139,1,1951.3,1,34.662,1,2.396,1,1951.3,1,2.396,1,34.662,1
5905618,2025-12-12T00:49:20Z,1,-41.0028,155.08139,1,1953.1,1,34.662,1,2.392,1,1953.1,1,2.392,1,34.662,1
5905618,2025-12-12T00:49:20Z,1,-41.0028,155.08139,1,1955.4,1,34.663,1,2.391,1,1955.4,1,2.391,1,34.663,1
5905618,2025-12-12T00:49:20Z,1,-41.0028,155.08139,1,1957.6,1,34.663,1,2.39,1,1957.6,1,2.39,1,34.663,1
5905618,2025-12-12T00:49:20Z,1,-41.0028,155.08139,1,1959.4,1,34.663,1,2.389,1,1959.4,1,2.389,1,34.663,1
5905618,2025-12-12T00:49:20Z,1,-41.0028,155.08139,1,1961.2,1,34.663,1,2.388,1,1961.2,1,2.388,1,34.663,1
5905618,2025-12-12T00:49:20Z,1,-41.0028,155.08139,1,1963.5,1,34.663,1,2.386,1,1963.5,1,2.386,1,34.663,1
5905618,2025-12-12T00:49:20Z,1,-41.0028,155.08139,1,1965.7,1,34.663,1,2.387,1,1965.7,1,2.387,1,34.663,1
5905618,2025-12-12T00:49:20Z,1,-41.0028,155.08139,1,1967.5,1,34.664,1,2.386,1,1967.5,1,2.386,1,34.664,1
5905618,2025-12-12T00:49:20Z,1,-41.0028,155.08139,1,1969.3,1,34.664,1,2.385,1,1969.3,1,2.385,1,34.664,1
5905618,2025-12-12T00:49:20Z,1,-41.0028,155.08139,1,1971.2,1,34.664,1,2.383,1,1971.2,1,2.383,1,34.664,1
5905618,2025-12-12T00:49:20Z,1,-41.0028,155.08139,1,1973.0,1,34.664,1,2.383,1,1973.0,1,2.383,1,34.664,1
5905618,2025-12-12T00:49:20Z,1,-41.0028,155.08139,1,1975.4,1,34.664,1,2.381,1,1975.4,1,2.381,1,34.664,1
5905618,2025-12-12T00:49:20Z,1,-41.0028,155.08139,1,1977.7,1,34.665,1,2.38,1,1977.7,1,2.38,1,34.665,1
5905618,2025-12-12T00:49:20Z,1,-41.0028,155.08139,1,1979.6,1,34.665,1,2.378,1,1979.6,1,2.378,1,34.665,1
5905618,2025-12-12T00:49:20Z,1,-41.0028,155.08139,1,1981.5,1,34.665,1,2.375,1,1981.5,1,2.375,1,34.665,1
5905618,2025-12-12T00:49:20Z,1,-41.0028,155.08139,1,1983.4,1,34.666,1,2.374,1,1983.4,1,2.374,1,34.666,1
5905618,2025-12-12T00:49:20Z,1,-41.0028,155.08139,1,1985.3,1,34.666,1,2.374,1,1985.3,1,2.374,1,34.666,1
5905618,2025-12-12T00:49:20Z,1,-41.0028,155.08139,1,1987.2,1,34.666,1,2.372,1,1987.2,1,2.372,1,34.666,1
5905618,2025-12-12T00:49:20Z,1,-41.0028,155.08139,1,1989.0,1,34.666,1,2.372,1,1989.0,1,2.372,1,34.666,1
5905618,2025-12-12T00:49:20Z,1,-41.0028,155.08139,1,1991.4,1,34.667,1,2.369,1,1991.4,1,2.369,1,34.667,1
5905618,2025-12-12T00:49:20Z,1,-41.0028,155.08139,1,1993.7,1,34.667,1,2.368,1,1993.7,1,2.368,1,34.667,1
5905618,2025-12-12T00:49:20Z,1,-41.0028,155.08139,1,1995.5,1,34.667,1,2.366,1,1995.5,1,2.366,1,34.667,1
5905618,2025-12-12T00:49:20Z,1,-41.0028,155.08139,1,1997.4,1,34.668,1,2.362,1,1997.4,1,2.362,1,34.668,1
5905618,2025-12-12T00:49:20Z,1,-41.0028,155.08139,1,1999.1,1,34.669,1,2.36,1,1999.1,1,2.36,1,34.669,1
5905618,2025-12-21T19:43:20Z,1,-41.12795,154.52955,1,0.0,1,35.368,1,16.428,1,0.0,1,16.428,1,35.368,1
5905618,2025-12-21T19:43:20Z,1,-41.12795,154.52955,1,1.3,1,35.366,1,16.427,1,1.3,1,16.427,1,35.366,1
5905618,2025-12-21T19:43:20Z,1,-41.12795,154.52955,1,3.4,1,35.368,1,16.427,1,3.4,1,16.427,1,35.368,1
5905618,2025-12-21T19:43:20Z,1,-41.12795,154.52955,1,4.7,1,35.37,1,16.426,1,4.7,1,16.426,1,35.37,1
5905618,2025-12-21T19:43:20Z,1,-41.12795,154.52955,1,5.9,1,35.37,1,16.426,1,5.9,1,16.426,1,35.37,1
5905618,2025-12-21T19:43:20Z,1,-41.12795,154.52955,1,7.3,1,35.37,1,16.425,1,7.3,1,16.425,1,35.37,1
5905618,2025-12-21T19:43:20Z,1,-41.12795,154.52955,1,9.6,1,35.368,1,16.427,1,9.6,1,16.427,1,35.368,1
5905618,2025-12-21T19:43:20Z,1,-41.12795,154.52955,1,11.6,1,35.371,1,16.416,1,11.6,1,16.416,1,35.371,1
5905618,2025-12-21T19:43:20Z,1,-41.12795,154.52955,1,13.4,1,35.369,1,16.418,1,13.4,1,16.418,1,35.369,1
5905618,2025-12-21T19:43:20Z,1,-41.12795,154.52955,1,15.5,1,35.372,1,16.409,1,15.5,1,16.409,1,35.372,1
5905618,2025-12-21T19:43:20Z,1,-41.12795,154.52955,1,17.4,1,35.376,1,16.395,1,17.4,1,16.395,1,35.376,1
5905618,2025-12-21T19:43:20Z,1,-41.12795,154.52955,1,19.3,1,35.381,1,16.381,1,19.3,1,16.381,1,35.381,1
5905618,2025-12-21T19:43:20Z,1,-41.12795,154.52955,1,21.3,1,35.374,1,16.415,1,21.3,1,16.415,1,35.374,1
5905618,2025-12-21T19:43:20Z,1,-41.12795,154.52955,1,23.4,1,35.372,1,16.412,1,23.4,1,16.412,1,35.372,1
5905618,2025-12-21T19:43:20Z,1,-41.12795,154.52955,1,25.4,1,35.374,1,16.408,1,25.4,1,16.408,1,35.374,1
5905618,2025-12-21T19:43:20Z,1,-41.12795,154.52955,1,27.2,1,35.372,1,16.408,1,27.2,1,16.408,1,35.372,1
5905618,2025-12-21T19:43:20Z,1,-41.12795,154.52955,1,29.3,1,35.38,1,16.348,1,29.3,1,16.348,1,35.38,1
5905618,2025-12-21T19:43:20Z,1,-41.12795,154.52955,1,31.5,1,35.393,1,16.312,1,31.5,1,16.312,1,35.393,1
5905618,2025-12-21T19:43:20Z,1,-41.12795,154.52955,1,33.5,1,35.392,1,16.291,1,33.5,1,16.291,1,35.392,1
5905618,2025-12-21T19:43:20Z,1,-41.12795,154.52955,1,35.3,1,35.394,1,16.273,1,35.3,1,16.273,1,35.394,1
5905618,2025-12-21T19:43:20Z,1,-41.12795,154.52955,1,37.2,1,35.393,1,16.264,1,37.2,1,16.264,1,35.393,1
5905618,2025-12-21T19:43:20Z,1,-41.12795,154.52955,1,39.5,1,35.392,1,16.253,1,39.5,1,16.253,1,35.392,1
5905618,2025-12-21T19:43:20Z,1,-41.12795,154.52955,1,41.7,1,35.39,1,16.227,1,41.7,1,16.227,1,35.39,1
5905618,2025-12-21T19:43:20Z,1,-41.12795,154.52955,1,43.3,1,35.392,1,16.186,1,43.3,1,16.186,1,35.392,1
5905618,2025-12-21T19:43:20Z,1,-41.12795,154.52955,1,45.1,1,35.4,1,16.073,1,45.1,1,16.073,1,35.4,1
5905618,2025-12-21T19:43:20Z,1,-41.12795,154.52955,1,47.5,1,35.414,1,15.998,1,47.5,1,15.998,1,35.414,1
5905618,2025-12-21T19:43:20Z,1,-41.12795,154.52955,1,49.8,1,35.413,1,15.985,1,49.8,1,15.985,1,35.413,1
5905618,2025-12-21T19:43:20Z,1,-41.12795,154.52955,1,51.6,1,35.414,1,15.958,1,51.6,1,15.958,1,35.414,1
5905618,2025-12-21T19:43:20Z,1,-41.12795,154.52955,1,53.5,1,35.409,1,15.913,1,53.5,1,15.913,1,35.409,1
5905618,2025-12-21T19:43:20Z,1,-41.12795,154.52955,1,55.4,1,35.403,1,15.86,1,55.4,1,15.86,1,35.403,1
5905618,2025-12-21T19:43:20Z,1,-41.12795,154.52955,1,57.2,1,35.402,1,15.86,1,57.2,1,15.86,1,35.402,1
5905618,2025-12-21T19:43:20Z,1,-41.12795,154.52955,1,59.4,1,35.401,1,15.86,1,59.4,1,15.86,1,35.401,1
5905618,2025-12-21T19:43:20Z,1,-41.12795,154.52955,1,61.5,1,35.399,1,15.857,1,61.5,1,15.857,1,35.399,1
5905618,2025-12-21T19:43:20Z,1,-41.12795,154.52955,1,63.5,1,35.384,1,15.753,1,63.5,1,15.753,1,35.384,1
5905618,2025-12-21T19:43:20Z,1,-41.12795,154.52955,1,65.5,1,35.372,1,15.601,1,65.5,1,15.601,1,35.372,1
5905618,2025-12-21T19:43:20Z,1,-41.12795,154.52955,1,67.5,1,35.374,1,15.582,1,67.5,1,15.582,1,35.374,1
5905618,2025-12-21T19:43:20Z,1,-41.12795,154.52955,1,69.5,1,35.398,1,15.557,1,69.5,1,15.557,1,35.398,1
5905618,2025-12-21T19:43:20Z,1,-41.12795,154.52955,1,71.5,1,35.434,1,15.456,1,71.5,1,15.456,1,35.434,1
5905618,2025-12-21T19:43:20Z,1,-41.12795,154.52955,1,73.7,1,35.44,1,15.389,1,73.7,1,15.389,1,35.44,1
5905618,2025-12-21T19:43:20Z,1,-41.12795,154.52955,1,75.4,1,35.437,1,15.323,1,75.4,1,15.323,1,35.437,1
5905618,2025-12-21T19:43:20Z,1,-41.12795,154.52955,1,77.2,1,35.443,1,15.225,1,77.2,1,15.225,1,35.443,1
5905618,2025-12-21T19:43:20Z,1,-41.12795,154.52955,1,79.1,1,35.443,1,15.187,1,79.1,1,15.187,1,35.443,1
5905618,2025-12-21T19:43:20Z,1,-41.12795,154.52955,1,81.4,1,35.439,1,15.148,1,81.4,1,15.148,1,35.439,1
5905618,2025-12-21T19:43:20Z,1,-41.12795,154.52955,1,83.6,1,35.433,1,15.108,1,83.6,1,15.108,1,35.433,1
5905618,2025-12-21T19:43:20Z,1,-41.12795,154.52955,1,85.4,1,35.429,1,15.06,1,85.4,1,15.06,1,35.429,1
5905618,2025-12-21T19:43:20Z,1,-41.12795,154.52955,1,87.2,1,35.427,1,15.047,1,87.2,1,15.047,1,35.427,1
5905618,2025-12-21T19:43:20Z,1,-41.12795,154.52955,1,89.4,1,35.424,1,15.011,1,89.4,1,15.011,1,35.424,1
5905618,2025-12-21T19:43:20Z,1,-41.12795,154.52955,1,91.6,1,35.418,1,14.963,1,91.6,1,14.963,1,35.418,1
5905618,2025-12-21T19:43:20Z,1,-41.12795,154.52955,1,93.4,1,35.411,1,14.915,1,93.4,1,14.915,1,35.411,1
5905618,2025-12-21T19:43:20Z,1,-41.12795,154.52955,1,95.3,1,35.408,1,14.87,1,95.3,1,14.87,1,35.408,1
5905618,2025-12-21T19:43:20Z,1,-41.12795,154.52955,1,97.2,1,35.406,1,14.848,1,97.2,1,14.848,1,35.406,1
5905618,2025-12-21T19:43:20Z,1,-41.12795,154.52955,1,99.1,1,35.405,1,14.816,1,99.1,1,14.816,1,35.405,1
5905618,2025-12-21T19:43:20Z,1,-41.12795,154.52955,1,101.4,1,35.4,1,14.782,1,101.4,1,14.782,1,35.4,1
5905618,2025-12-21T19:43:20Z,1,-41.12795,154.52955,1,103.8,1,35.396,1,14.735,1,103.8,1,14.735,1,35.396,1
5905618,2025-12-21T19:43:20Z,1,-41.12795,154.52955,1,105.7,1,35.394,1,14.717,1,105.7,1,14.717,1,35.394,1
5905618,2025-12-21T19:43:20Z,1,-41.12795,154.52955,1,107.6,1,35.393,1,14.7,1,107.6,1,14.7,1,35.393,1
5905618,2025-12-21T19:43:20Z,1,-41.12795,154.52955,1,109.6,1,35.392,1,14.667,1,109.6,1,14.667,1,35.392,1
5905618,2025-12-21T19:43:20Z,1,-41.12795,154.52955,1,111.6,1,35.39,1,14.652,1,111.6,1,14.652,1,35.39,1
5905618,2025-12-21T19:43:20Z,1,-41.12795,154.52955,1,113.6,1,35.388,1,14.625,1,113.6,1,14.625,1,35.388,1
5905618,2025-12-21T19:43:20Z,1,-41.12795,154.52955,1,115.7,1,35.389,1,14.59,1,115.7,1,14.59,1,35.389,1
5905618,2025-12-21T19:43:20Z,1,-41.12795,154.52955,1,117.7,1,35.387,1,14.573,1,117.7,1,14.573,1,35.387,1
5905618,2025-12-21T19:43:20Z,1,-41.12795,154.52955,1,119.7,1,35.385,1,14.557,1,119.7,1,14.557,1,35.385,1
5905618,2025-12-21T19:43:20Z,1,-41.12795,154.52955,1,121.8,1,35.387,1,14.526,1,121.8,1,14.526,1,35.387,1
5905618,2025-12-21T19:43:20Z,1,-41.12795,154.52955,1,123.8,1,35.386,1,14.49,1,123.8,1,14.49,1,35.386,1
5905618,2025-12-21T19:43:20Z,1,-41.12795,154.52955,1,125.5,1,35.381,1,14.437,1,125.5,1,14.437,1,35.381,1
5905618,2025-12-21T19:43:20Z,1,-41.12795,154.52955,1,127.0,1,35.383,1,14.423,1,127.0,1,14.423,1,35.383,1
5905618,2025-12-21T19:43:20Z,1,-41.12795,154.52955,1,129.2,1,35.383,1,14.418,1,129.2,1,14.418,1,35.383,1
5905618,2025-12-21T19:43:20Z,1,-41.12795,154.52955,1,131.4,1,35.381,1,14.384,1,131.4,1,14.384,1,35.381,1
5905618,2025-12-21T19:43:20Z,1,-41.12795,154.52955,1,133.7,1,35.378,1,14.344,1,133.7,1,14.344,1,35.378,1
5905618,2025-12-21T19:43:20Z,1,-41.12795,154.52955,1,135.4,1,35.378,1,14.337,1,135.4,1,14.337,1,35.378,1
5905618,2025-12-21T19:43:20Z,1,-41.12795,154.52955,1,137.0,1,35.376,1,14.331,1,137.0,1,14.331,1,35.376,1
5905618,2025-12-21T19:43:20Z,1,-41.12795,154.52955,1,139.2,1,35.376,1,14.325,1,139.2,1,14.325,1,35.376,1
5905618,2025-12-21T19:43:20Z,1,-41.12795,154.52955,1,141.3,1,35.374,1,14.291,1,141.3,1,14.291,1,35.374,1
5905618,2025-12-21T19:43:20Z,1,-41.12795,154.52955,1,143.5,1,35.371,1,14.259,1,143.5,1,14.259,1,35.371,1
5905618,2025-12-21T19:43:20Z,1,-41.12795,154.52955,1,145.5,1,35.367,1,14.227,1,145.5,1,14.227,1,35.367,1
5905618,2025-12-21T19:43:20Z,1,-41.12795,154.52955,1,147.7,1,35.363,1,14.196,1,147.7,1,14.196,1,35.363,1
5905618,2025-12-21T19:43:20Z,1,-41.12795,154.52955,1,149.4,1,35.361,1,14.167,1,149.4,1,14.167,1,35.361,1
5905618,2025-12-21T19:43:20Z,1,-41.12795,154.52955,1,151.0,1,35.359,1,14.152,1,151.0,1,14.152,1,35.359,1
5905618,2025-12-21T19:43:20Z,1,-41.12795,154.52955,1,153.2,1,35.357,1,14.137,1,153.2,1,14.137,1,35.357,1
5905618,2025-12-21T19:43:20Z,1,-41.12795,154.52955,1,155.4,1,35.356,1,14.128,1,155.4,1,14.128,1,35.356,1
5905618,2025-12-21T19:43:20Z,1,-41.12795,154.52955,1,157.6,1,35.356,1,14.094,1,157.6,1,14.094,1,35.356,1
5905618,2025-12-21T19:43:20Z,1,-41.12795,154.52955,1,159.7,1,35.349,1,14.061,1,159.7,1,14.061,1,35.349,1
5905618,2025-12-21T19:43:20Z,1,-41.12795,154.52955,1,161.4,1,35.346,1,14.039,1,161.4,1,14.039,1,35.346,1
5905618,2025-12-21T19:43:20Z,1,-41.12795,154.52955,1,163.0,1,35.345,1,14.015,1,163.0,1,14.015,1,35.345,1
5905618,2025-12-21T19:43:20Z,1,-41.12795,154.52955,1,165.2,1,35.342,1,13.987,1,165.2,1,13.987,1,35.342,1
5905618,2025-12-21T19:43:20Z,1,-41.12795,154.52955,1,167.5,1,35.34,1,13.98,1,167.5,1,13.98,1,35.34,1
5905618,2025-12-21T19:43:20Z,1,-41.12795,154.52955,1,169.7,1,35.339,1,13.974,1,169.7,1,13.974,1,35.339,1
5905618,2025-12-21T19:43:20Z,1,-41.12795,154.52955,1,171.8,1,35.337,1,13.943,1,171.8,1,13.943,1,35.337,1
5905618,2025-12-21T19:43:20Z,1,-41.12795,154.52955,1,173.5,1,35.335,1,13.932,1,173.5,1,13.932,1,35.335,1
5905618,2025-12-21T19:43:20Z,1,-41.12795,154.52955,1,175.1,1,35.334,1,13.912,1,175.1,1,13.912,1,35.334,1
5905618,2025-12-21T19:43:20Z,1,-41.12795,154.52955,1,177.3,1,35.33,1,13.898,1,177.3,1,13.898,1,35.33,1
5905618,2025-12-21T19:43:20Z,1,-41.12795,154.52955,1,179.6,1,35.329,1,13.886,1,179.6,1,13.886,1,35.329,1
5905618,2025-12-21T19:43:20Z,1,-41.12795,154.52955,1,181.8,1,35.327,1,13.871,1,181.8,1,13.871,1,35.327,1
5905618,2025-12-21T19:43:20Z,1,-41.12795,154.52955,1,183.5,1,35.326,1,13.841,1,183.5,1,13.841,1,35.326,1
5905618,2025-12-21T19:43:20Z,1,-41.12795,154.52955,1,185.1,1,35.328,1,13.806,1,185.1,1,13.806,1,35.328,1
5905618,2025-12-21T19:43:20Z,1,-41.12795,154.52955,1,187.3,1,35.321,1,13.792,1,187.3,1,13.792,1,35.321,1
5905618,2025-12-21T19:43:20Z,1,-41.12795,154.52955,1,189.4,1,35.314,1,13.76,1,189.4,1,13.76,1,35.314,1
5905618,2025-12-21T19:43:20Z,1,-41.12795,154.52955,1,191.5,1,35.31,1,13.711,1,191.5,1,13.711,1,35.31,1
5905618,2025-12-21T19:43:20Z,1,-41.12795,154.52955,1,193.8,1,35.307,1,13.689,1,193.8,1,13.689,1,35.307,1
5905618,2025-12-21T19:43:20Z,1,-41.12795,154.52955,1,195.5,1,35.312,1,13.659,1,195.5,1,13.659,1,35.312,1
5905618,2025-12-21T19:43:20Z,1,-41.12795,154.52955,1,197.1,1,35.301,1,13.629,1,197.1,1,13.629,1,35.301,1
5905618,2025-12-21T19:43:20Z,1,-41.12795,154.52955,1,199.2,1,35.297,1,13.598,1,199.2,1,13.598,1,35.297,1
5905618,2025-12-21T19:43:20Z,1,-41.12795,154.52955,1,201.3,1,35.296,1,13.582,1,201.3,1,13.582,1,35.296,1
5905618,2025-12-21T19:43:20Z,1,-41.12795,154.52955,1,203.4,1,35.294,1,13.567,1,203.4,1,13.567,1,35.294,1
5905618,2025-12-21T19:43:20Z,1,-41.12795,154.52955,1,205.4,1,35.292,1,13.556,1,205.4,1,13.556,1,35.292,1
5905618,2025-12-21T19:43:20Z,1,-41.12795,154.52955,1,207.3,1,35.291,1,13.528,1,207.3,1,13.528,1,35.291,1
5905618,2025-12-21T19:43:20Z,1,-41.12795,154.52955,1,209.3,1,35.288,1,13.492,1,209.3,1,13.492,1,35.288,1
5905618,2025-12-21T19:43:20Z,1,-41.12795,154.52955,1,211.4,1,35.284,1,13.473,1,211.4,1,13.473,1,35.284,1
5905618,2025-12-21T19:43:20Z,1,-41.12795,154.52955,1,213.4,1,35.282,1,13.463,1,213.4,1,13.463,1,35.282,1
5905618,2025-12-21T19:43:20Z,1,-41.12795,154.52955,1,215.4,1,35.282,1,13.448,1,215.4,1,13.448,1,35.282,1
5905618,2025-12-21T19:43:20Z,1,-41.12795,154.52955,1,217.4,1,35.278,1,13.419,1,217.4,1,13.419,1,35.278,1
5905618,2025-12-21T19:43:20Z,1,-41.12795,154.52955,1,219.4,1,35.278,1,13.414,1,219.4,1,13.414,1,35.278,1
5905618,2025-12-21T19:43:20Z,1,-41.12795,154.52955,1,221.4,1,35.277,1,13.405,1,221.4,1,13.405,1,35.277,1
5905618,2025-12-21T19:43:20Z,1,-41.12795,154.52955,1,223.3,1,35.276,1,13.384,1,223.3,1,13.384,1,35.276,1
5905618,2025-12-21T19:43:20Z,1,-41.12795,154.52955,1,225.2,1,35.273,1,13.363,1,225.2,1,13.363,1,35.273,1
5905618,2025-12-21T19:43:20Z,1,-41.12795,154.52955,1,227.2,1,35.27,1,13.337,1,227.2,1,13.337,1,35.27,1
5905618,2025-12-21T19:43:20Z,1,-41.12795,154.52955,1,229.1,1,35.27,1,13.331,1,229.1,1,13.331,1,35.27,1
5905618,2025-12-21T19:43:20Z,1,-41.12795,154.52955,1,231.4,1,35.267,1,13.315,1,231.4,1,13.315,1,35.267,1
5905618,2025-12-21T19:43:20Z,1,-41.12795,154.52955,1,233.6,1,35.263,1,13.272,1,233.6,1,13.272,1,35.263,1
5905618,2025-12-21T19:43:20Z,1,-41.12795,154.52955,1,235.4,1,35.251,1,13.202,1,235.4,1,13.202,1,35.251,1
5905618,2025-12-21T19:43:20Z,1,-41.12795,154.52955,1,237.2,1,35.244,1,13.156,1,237.2,1,13.156,1,35.244,1
5905618,2025-12-21T19:43:20Z,1,-41.12795,154.52955,1,239.4,1,35.237,1,13.106,1,239.4,1,13.106,1,35.237,1
5905618,2025-12-21T19:43:20Z,1,-41.12795,154.52955,1,241.6,1,35.225,1,13.036,1,241.6,1,13.036,1,35.225,1
5905618,2025-12-21T19:43:20Z,1,-41.12795,154.52955,1,243.4,1,35.22,1,13.001,1,243.4,1,13.001,1,35.22,1
5905618,2025-12-21T19:43:20Z,1,-41.12795,154.52955,1,245.2,1,35.215,1,12.973,1,245.2,1,12.973,1,35.215,1
5905618,2025-12-21T19:43:20Z,1,-41.12795,154.52955,1,247.0,1,35.209,1,12.943,1,247.0,1,12.943,1,35.209,1
5905618,2025-12-21T19:43:20Z,1,-41.12795,154.52955,1,249.3,1,35.197,1,12.871,1,249.3,1,12.871,1,35.197,1
5905618,2025-12-21T19:43:20Z,1,-41.12795,154.52955,1,251.5,1,35.188,1,12.777,1,251.5,1,12.777,1,35.188,1
5905618,2025-12-21T19:43:20Z,1,-41.12795,154.52955,1,253.2,1,35.175,1,12.704,1,253.2,1,12.704,1,35.175,1
5905618,2025-12-21T19:43:20Z,1,-41.12795,154.52955,1,255.5,1,35.169,1,12.672,1,255.5,1,12.672,1,35.169,1
5905618,2025-12-21T19:43:20Z,1,-41.12795,154.52955,1,257.7,1,35.164,1,12.589,1,257.7,1,12.589,1,35.164,1
5905618,2025-12-21T19:43:20Z,1,-41.12795,154.52955,1,259.5,1,35.151,1,12.54,1,259.5,1,12.54,1,35.151,1
5905618,2025-12-21T19:43:20Z,1,-41.12795,154.52955,1,261.2,1,35.15,1,12.529,1,261.2,1,12.529,1,35.15,1
5905618,2025-12-21T19:43:20Z,1,-41.12795,154.52955,1,263.5,1,35.145,1,12.49,1,263.5,1,12.49,1,35.145,1
5905618,2025-12-21T19:43:20Z,1,-41.12795,154.52955,1,265.8,1,35.136,1,12.433,1,265.8,1,12.433,1,35.136,1
5905618,2025-12-21T19:43:20Z,1,-41.12795,154.52955,1,267.6,1,35.133,1,12.4,1,267.6,1,12.4,1,35.133,1
5905618,2025-12-21T19:43:20Z,1,-41.12795,154.52955,1,269.4,1,35.129,1,12.368,1,269.4,1,12.368,1,35.129,1
5905618,2025-12-21T19:43:20Z,1,-41.12795,154.52955,1,271.2,1,35.122,1,12.346,1,271.2,1,12.346,1,35.122,1
5905618,2025-12-21T19:43:20Z,1,-41.12795,154.52955,1,273.5,1,35.121,1,12.317,1,273.5,1,12.317,1,35.121,1
5905618,2025-12-21T19:43:20Z,1,-41.12795,154.52955,1,275.7,1,35.117,1,12.308,1,275.7,1,12.308,1,35.117,1
5905618,2025-12-21T19:43:20Z,1,-41.12795,154.52955,1,277.4,1,35.115,1,12.297,1,277.4,1,12.297,1,35.115,1
5905618,2025-12-21T19:43:20Z,1,-41.12795,154.52955,1,279.2,1,35.108,1,12.235,1,279.2,1,12.235,1,35.108,1
5905618,2025-12-21T19:43:20Z,1,-41.12795,154.52955,1,281.1,1,35.102,1,12.208,1,281.1,1,12.208,1,35.102,1
5905618,2025-12-21T19:43:20Z,1,-41.12795,154.52955,1,283.4,1,35.095,1,12.157,1,283.4,1,12.157,1,35.095,1
5905618,2025-12-21T19:43:20Z,1,-41.12795,154.52955,1,285.7,1,35.091,1,12.13,1,285.7,1,12.13,1,35.091,1
5905618,2025-12-21T19:43:20Z,1,-41.12795,154.52955,1,287.4,1,35.079,1,12.05,1,287.4,1,12.05,1,35.079,1
5905618,2025-12-21T19:43:20Z,1,-41.12795,154.52955,1,289.2,1,35.07,1,11.979,1,289.2,1,11.979,1,35.07,1
5905618,2025-12-21T19:43:20Z,1,-41.12795,154.52955,1,291.5,1,35.064,1,11.949,1,291.5,1,11.949,1,35.064,1
5905618,2025-12-21T19:43:20Z,1,-41.12795,154.52955,1,293.8,1,35.056,1,11.902,1,293.8,1,11.902,1,35.056,1
5905618,2025-12-21T19:43:20Z,1,-41.12795,154.52955,1,295.7,1,35.056,1,11.889,1,295.7,1,11.889,1,35.056,1
5905618,2025-12-21T19:43:20Z,1,-41.12795,154.52955,1,297.6,1,35.051,1,11.866,1,297.6,1,11.866,1,35.051,1
5905618,2025-12-21T19:43:20Z,1,-41.12795,154.52955,1,299.5,1,35.049,1,11.847,1,299.5,1,11.847,1,35.049,1
5905618,2025-12-21T19:43:20Z,1,-41.12795,154.52955,1,301.3,1,35.045,1,11.811,1,301.3,1,11.811,1,35.045,1
5905618,2025-12-21T19:43:20Z,1,-41.12795,154.52955,1,303.2,1,35.04,1,11.781,1,303.2,1,11.781,1,35.04,1
5905618,2025-12-21T19:43:20Z,1,-41.12795,154.52955,1,305.3,1,35.036,1,11.76,1,305.3,1,11.76,1,35.036,1
5905618,2025-12-21T19:43:20Z,1,-41.12795,154.52955,1,307.4,1,35.032,1,11.733,1,307.4,1,11.733,1,35.032,1
5905618,2025-12-21T19:43:20Z,1,-41.12795,154.52955,1,309.6,1,35.032,1,11.72,1,309.6,1,11.72,1,35.032,1
5905618,2025-12-21T19:43:20Z,1,-41.12795,154.52955,1,311.5,1,35.03,1,11.714,1,311.5,1,11.714,1,35.03,1
5905618,2025-12-21T19:43:20Z,1,-41.12795,154.52955,1,313.4,1,35.028,1,11.698,1,313.4,1,11.698,1,35.028,1
5905618,2025-12-21T19:43:20Z,1,-41.12795,154.52955,1,315.4,1,35.024,1,11.686,1,315.4,1,11.686,1,35.024,1
5905618,2025-12-21T19:43:20Z,1,-41.12795,154.52955,1,317.3,1,35.022,1,11.663,1,317.3,1,11.663,1,35.022,1
5905618,2025-12-21T19:43:20Z,1,-41.12795,154.52955,1,319.3,1,35.015,1,11.619,1,319.3,1,11.619,1,35.015,1
5905618,2025-12-21T19:43:20Z,1,-41.12795,154.52955,1,321.3,1,35.006,1,11.56,1,321.3,1,11.56,1,35.006,1
5905618,2025-12-21T19:43:20Z,1,-41.12795,154.52955,1,323.4,1,34.999,1,11.494,1,323.4,1,11.494,1,34.999,1
5905618,2025-12-21T19:43:20Z,1,-41.12795,154.52955,1,325.5,1,34.99,1,11.443,1,325.5,1,11.443,1,34.99,1
5905618,2025-12-21T19:43:20Z,1,-41.12795,154.52955,1,327.6,1,34.984,1,11.413,1,327.6,1,11.413,1,34.984,1
5905618,2025-12-21T19:43:20Z,1,-41.12795,154.52955,1,329.3,1,34.979,1,11.385,1,329.3,1,11.385,1,34.979,1
5905618,2025-12-21T19:43:20Z,1,-41.12795,154.52955,1,331.4,1,34.97,1,11.314,1,331.4,1,11.314,1,34.97,1
5905618,2025-12-21T19:43:20Z,1,-41.12795,154.52955,1,333.5,1,34.967,1,11.3,1,333.5,1,11.3,1,34.967,1
5905618,2025-12-21T19:43:20Z,1,-41.12795,154.52955,1,335.2,1,34.965,1,11.282,1,335.2,1,11.282,1,34.965,1
5905618,2025-12-21T19:43:20Z,1,-41.12795,154.52955,1,337.4,1,34.959,1,11.239,1,337.4,1,11.239,1,34.959,1
5905618,2025-12-21T19:43:20Z,1,-41.12795,154.52955,1,339.5,1,34.953,1,11.195,1,339.5,1,11.195,1,34.953,1
5905618,2025-12-21T19:43:20Z,1,-41.12795,154.52955,1,341.3,1,34.951,1,11.179,1,341.3,1,11.179,1,34.951,1
5905618,2025-12-21T19:43:20Z,1,-41.12795,154.52955,1,343.5,1,34.95,1,11.174,1,343.5,1,11.174,1,34.95,1
5905618,2025-12-21T19:43:20Z,1,-41.12795,154.52955,1,345.7,1,34.948,1,11.169,1,345.7,1,11.169,1,34.948,1
5905618,2025-12-21T19:43:20Z,1,-41.12795,154.52955,1,347.5,1,34.946,1,11.151,1,347.5,1,11.151,1,34.946,1
5905618,2025-12-21T19:43:20Z,1,-41.12795,154.52955,1,349.2,1,34.943,1,11.13,1,349.2,1,11.13,1,34.943,1
5905618,2025-12-21T19:43:20Z,1,-41.12795,154.52955,1,351.4,1,34.939,1,11.101,1,351.4,1,11.101,1,34.939,1
5905618,2025-12-21T19:43:20Z,1,-41.12795,154.52955,1,353.6,1,34.933,1,11.066,1,353.6,1,11.066,1,34.933,1
5905618,2025-12-21T19:43:20Z,1,-41.12795,154.52955,1,355.3,1,34.931,1,11.062,1,355.3,1,11.062,1,34.931,1
5905618,2025-12-21T19:43:20Z,1,-41.12795,154.52955,1,357.5,1,34.925,1,11.02,1,357.5,1,11.02,1,34.925,1
5905618,2025-12-21T19:43:20Z,1,-41.12795,154.52955,1,359.7,1,34.919,1,10.973,1,359.7,1,10.973,1,34.919,1
5905618,2025-12-21T19:43:20Z,1,-41.12795,154.52955,1,361.4,1,34.912,1,10.933,1,361.4,1,10.933,1,34.912,1
5905618,2025-12-21T19:43:20Z,1,-41.12795,154.52955,1,363.2,1,34.906,1,10.883,1,363.2,1,10.883,1,34.906,1
5905618,2025-12-21T19:43:20Z,1,-41.12795,154.52955,1,365.4,1,34.899,1,10.834,1,365.4,1,10.834,1,34.899,1
5905618,2025-12-21T19:43:20Z,1,-41.12795,154.52955,1,367.6,1,34.895,1,10.815,1,367.6,1,10.815,1,34.895,1
5905618,2025-12-21T19:43:20Z,1,-41.12795,154.52955,1,369.3,1,34.893,1,10.802,1,369.3,1,10.802,1,34.893,1
5905618,2025-12-21T19:43:20Z,1,-41.12795,154.52955,1,371.5,1,34.891,1,10.789,1,371.5,1,10.789,1,34.891,1
5905618,2025-12-21T19:43:20Z,1,-41.12795,154.52955,1,373.7,1,34.89,1,10.78,1,373.7,1,10.78,1,34.89,1
5905618,2025-12-21T19:43:20Z,1,-41.12795,154.52955,1,375.4,1,34.886,1,10.752,1,375.4,1,10.752,1,34.886,1
5905618,2025-12-21T19:43:20Z,1,-41.12795,154.52955,1,377.1,1,34.883,1,10.726,1,377.1,1,10.726,1,34.883,1
5905618,2025-12-21T19:43:20Z,1,-41.12795,154.52955,1,379.3,1,34.881,1,10.713,1,379.3,1,10.713,1,34.881,1
5905618,2025-12-21T19:43:20Z,1,-41.12795,154.52955,1,381.5,1,34.878,1,10.698,1,381.5,1,10.698,1,34.878,1
5905618,2025-12-21T19:43:20Z,1,-41.12795,154.52955,1,383.2,1,34.873,1,10.655,1,383.2,1,10.655,1,34.873,1
5905618,2025-12-21T19:43:20Z,1,-41.12795,154.52955,1,385.3,1,34.864,1,10.598,1,385.3,1,10.598,1,34.864,1
5905618,2025-12-21T19:43:20Z,1,-41.12795,154.52955,1,387.5,1,34.855,1,10.54,1,387.5,1,10.54,1,34.855,1
5905618,2025-12-21T19:43:20Z,1,-41.12795,154.52955,1,389.2,1,34.853,1,10.523,1,389.2,1,10.523,1,34.853,1
5905618,2025-12-21T19:43:20Z,1,-41.12795,154.52955,1,391.4,1,34.848,1,10.502,1,391.4,1,10.502,1,34.848,1
5905618,2025-12-21T19:43:20Z,1,-41.12795,154.52955,1,393.6,1,34.844,1,10.477,1,393.6,1,10.477,1,34.844,1
5905618,2025-12-21T19:43:20Z,1,-41.12795,154.52955,1,395.3,1,34.841,1,10.454,1,395.3,1,10.454,1,34.841,1
5905618,2025-12-21T19:43:20Z,1,-41.12795,154.52955,1,397.5,1,34.835,1,10.425,1,397.5,1,10.425,1,34.835,1
5905618,2025-12-21T19:43:20Z,1,-41.12795,154.52955,1,399.6,1,34.832,1,10.39,1,399.6,1,10.39,1,34.832,1
5905618,2025-12-21T19:43:20Z,1,-41.12795,154.52955,1,401.3,1,34.825,1,10.358,1,401.3,1,10.358,1,34.825,1
5905618,2025-12-21T19:43:20Z,1,-41.12795,154.52955,1,403.4,1,34.82,1,10.318,1,403.4,1,10.318,1,34.82,1
5905618,2025-12-21T19:43:20Z,1,-41.12795,154.52955,1,405.6,1,34.814,1,10.286,1,405.6,1,10.286,1,34.814,1
5905618,2025-12-21T19:43:20Z,1,-41.12795,154.52955,1,407.2,1,34.811,1,10.262,1,407.2,1,10.262,1,34.811,1
5905618,2025-12-21T19:43:20Z,1,-41.12795,154.52955,1,409.3,1,34.807,1,10.241,1,409.3,1,10.241,1,34.807,1
5905618,2025-12-21T19:43:20Z,1,-41.12795,154.52955,1,411.4,1,34.806,1,10.229,1,411.4,1,10.229,1,34.806,1
5905618,2025-12-21T19:43:20Z,1,-41.12795,154.52955,1,413.1,1,34.802,1,10.201,1,413.1,1,10.201,1,34.802,1
5905618,2025-12-21T19:43:20Z,1,-41.12795,154.52955,1,415.3,1,34.797,1,10.18,1,415.3,1,10.18,1,34.797,1
5905618,2025-12-21T19:43:20Z,1,-41.12795,154.52955,1,417.4,1,34.796,1,10.169,1,417.4,1,10.169,1,34.796,1
5905618,2025-12-21T19:43:20Z,1,-41.12795,154.52955,1,419.5,1,34.794,1,10.164,1,419.5,1,10.164,1,34.794,1
5905618,2025-12-21T19:43:20Z,1,-41.12795,154.52955,1,421.7,1,34.792,1,10.148,1,421.7,1,10.148,1,34.792,1
5905618,2025-12-21T19:43:20Z,1,-41.12795,154.52955,1,423.4,1,34.789,1,10.132,1,423.4,1,10.132,1,34.789,1
5905618,2025-12-21T19:43:20Z,1,-41.12795,154.52955,1,425.5,1,34.784,1,10.098,1,425.5,1,10.098,1,34.784,1
5905618,2025-12-21T19:43:20Z,1,-41.12795,154.52955,1,427.6,1,34.78,1,10.058,1,427.6,1,10.058,1,34.78,1
5905618,2025-12-21T19:43:20Z,1,-41.12795,154.52955,1,429.3,1,34.777,1,10.01,1,429.3,1,10.01,1,34.777,1
5905618,2025-12-21T19:43:20Z,1,-41.12795,154.52955,1,431.5,1,34.768,1,9.994,1,431.5,1,9.994,1,34.768,1
5905618,2025-12-21T19:43:20Z,1,-41.12795,154.52955,1,433.6,1,34.766,1,9.988,1,433.6,1,9.988,1,34.766,1
5905618,2025-12-21T19:43:20Z,1,-41.12795,154.52955,1,435.3,1,34.763,1,9.96,1,435.3,1,9.96,1,34.763,1
5905618,2025-12-21T19:43:20Z,1,-41.12795,154.52955,1,437.4,1,34.76,1,9.939,1,437.4,1,9.939,1,34.76,1
5905618,2025-12-21T19:43:20Z,1,-41.12795,154.52955,1,439.6,1,34.761,1,9.92,1,439.6,1,9.92,1,34.761,1
5905618,2025-12-21T19:43:20Z,1,-41.12795,154.52955,1,441.3,1,34.756,1,9.911,1,441.3,1,9.911,1,34.756,1
5905618,2025-12-21T19:43:20Z,1,-41.12795,154.52955,1,443.1,1,34.753,1,9.901,1,443.1,1,9.901,1,34.753,1
5905618,2025-12-21T19:43:20Z,1,-41.12795,154.52955,1,445.3,1,34.752,1,9.887,1,445.3,1,9.887,1,34.752,1
5905618,2025-12-21T19:43:20Z,1,-41.12795,154.52955,1,447.5,1,34.751,1,9.88,1,447.5,1,9.88,1,34.751,1
5905618,2025-12-21T19:43:20Z,1,-41.12795,154.52955,1,449.5,1,34.748,1,9.852,1,449.5,1,9.852,1,34.748,1
5905618,2025-12-21T19:43:20Z,1,-41.12795,154.52955,1,451.6,1,34.741,1,9.83,1,451.6,1,9.83,1,34.741,1
5905618,2025-12-21T19:43:20Z,1,-41.12795,154.52955,1,453.3,1,34.742,1,9.825,1,453.3,1,9.825,1,34.742,1
5905618,2025-12-21T19:43:20Z,1,-41.12795,154.52955,1,455.5,1,34.741,1,9.826,1,455.5,1,9.826,1,34.741,1
5905618,2025-12-21T19:43:20Z,1,-41.12795,154.52955,1,457.7,1,34.741,1,9.817,1,457.7,1,9.817,1,34.741,1
5905618,2025-12-21T19:43:20Z,1,-41.12795,154.52955,1,459.5,1,34.733,1,9.76,1,459.5,1,9.76,1,34.733,1
5905618,2025-12-21T19:43:20Z,1,-41.12795,154.52955,1,461.3,1,34.726,1,9.713,1,461.3,1,9.713,1,34.726,1
5905618,2025-12-21T19:43:20Z,1,-41.12795,154.52955,1,463.2,1,34.721,1,9.676,1,463.2,1,9.676,1,34.721,1
5905618,2025-12-21T19:43:20Z,1,-41.12795,154.52955,1,465.5,1,34.714,1,9.635,1,465.5,1,9.635,1,34.714,1
5905618,2025-12-21T19:43:20Z,1,-41.12795,154.52955,1,467.8,1,34.709,1,9.607,1,467.8,1,9.607,1,34.709,1
5905618,2025-12-21T19:43:20Z,1,-41.12795,154.52955,1,469.6,1,34.707,1,9.578,1,469.6,1,9.578,1,34.707,1
5905618,2025-12-21T19:43:20Z,1,-41.12795,154.52955,1,471.5,1,34.703,1,9.56,1,471.5,1,9.56,1,34.703,1
5905618,2025-12-21T19:43:20Z,1,-41.12795,154.52955,1,473.3,1,34.701,1,9.548,1,473.3,1,9.548,1,34.701,1
5905618,2025-12-21T19:43:20Z,1,-41.12795,154.52955,1,475.1,1,34.699,1,9.531,1,475.1,1,9.531,1,34.699,1
5905618,2025-12-21T19:43:20Z,1,-41.12795,154.52955,1,477.4,1,34.697,1,9.516,1,477.4,1,9.516,1,34.697,1
5905618,2025-12-21T19:43:20Z,1,-41.12795,154.52955,1,479.7,1,34.694,1,9.498,1,479.7,1,9.498,1,34.694,1
5905618,2025-12-21T19:43:20Z,1,-41.12795,154.52955,1,481.6,1,34.691,1,9.482,1,481.6,1,9.482,1,34.691,1
5905618,2025-12-21T19:43:20Z,1,-41.12795,154.52955,1,483.4,1,34.691,1,9.466,1,483.4,1,9.466,1,34.691,1
5905618,2025-12-21T19:43:20Z,1,-41.12795,154.52955,1,485.2,1,34.684,1,9.447,1,485.2,1,9.447,1,34.684,1
5905618,2025-12-21T19:43:20Z,1,-41.12795,154.52955,1,487.5,1,34.683,1,9.406,1,487.5,1,9.406,1,34.683,1
5905618,2025-12-21T19:43:20Z,1,-41.12795,154.52955,1,489.7,1,34.677,1,9.369,1,489.7,1,9.369,1,34.677,1
5905618,2025-12-21T19:43:20Z,1,-41.12795,154.52955,1,491.6,1,34.674,1,9.35,1,491.6,1,9.35,1,34.674,1
5905618,2025-12-21T19:43:20Z,1,-41.12795,154.52955,1,493.4,1,34.671,1,9.33,1,493.4,1,9.33,1,34.671,1
5905618,2025-12-21T19:43:20Z,1,-41.12795,154.52955,1,495.3,1,34.667,1,9.298,1,495.3,1,9.298,1,34.667,1
5905618,2025-12-21T19:43:20Z,1,-41.12795,154.52955,1,497.2,1,34.661,1,9.271,1,497.2,1,9.271,1,34.661,1
5905618,2025-12-21T19:43:20Z,1,-41.12795,154.52955,1,499.1,1,34.661,1,9.264,1,499.1,1,9.264,1,34.661,1
5905618,2025-12-21T19:43:20Z,1,-41.12795,154.52955,1,501.4,1,34.659,1,9.252,1,501.4,1,9.252,1,34.659,1
5905618,2025-12-21T19:43:20Z,1,-41.12795,154.52955,1,503.6,1,34.653,1,9.213,1,503.6,1,9.213,1,34.653,1
5905618,2025-12-21T19:43:20Z,1,-41.12795,154.52955,1,505.6,1,34.646,1,9.168,1,505.6,1,9.168,1,34.646,1
5905618,2025-12-21T19:43:20Z,1,-41.12795,154.52955,1,507.5,1,34.645,1,9.163,1,507.5,1,9.163,1,34.645,1
5905618,2025-12-21T19:43:20Z,1,-41.12795,154.52955,1,509.3,1,34.645,1,9.156,1,509.3,1,9.156,1,34.645,1
5905618,2025-12-21T19:43:20Z,1,-41.12795,154.52955,1,511.2,1,34.645,1,9.154,1,511.2,1,9.154,1,34.645,1
5905618,2025-12-21T19:43:20Z,1,-41.12795,154.52955,1,513.1,1,34.641,1,9.136,1,513.1,1,9.136,1,34.641,1
5905618,2025-12-21T19:43:20Z,1,-41.12795,154.52955,1,515.1,1,34.64,1,9.13,1,515.1,1,9.13,1,34.64,1
5905618,2025-12-21T19:43:20Z,1,-41.12795,154.52955,1,517.0,1,34.64,1,9.13,1,517.0,1,9.13,1,34.64,1
5905618,2025-12-21T19:43:20Z,1,-41.12795,154.52955,1,519.4,1,34.639,1,9.117,1,519.4,1,9.117,1,34.639,1
5905618,2025-12-21T19:43:20Z,1,-41.12795,154.52955,1,521.8,1,34.636,1,9.092,1,521.8,1,9.092,1,34.636,1
5905618,2025-12-21T19:43:20Z,1,-41.12795,154.52955,1,523.7,1,34.636,1,9.092,1,523.7,1,9.092,1,34.636,1
5905618,2025-12-21T19:43:20Z,1,-41.12795,154.52955,1,525.6,1,34.635,1,9.092,1,525.6,1,9.092,1,34.635,1
5905618,2025-12-21T19:43:20Z,1,-41.12795,154.52955,1,527.5,1,34.633,1,9.072,1,527.5,1,9.072,1,34.633,1
5905618,2025-12-21T19:43:20Z,1,-41.12795,154.52955,1,529.4,1,34.631,1,9.057,1,529.4,1,9.057,1,34.631,1
5905618,2025-12-21T19:43:20Z,1,-41.12795,154.52955,1,531.3,1,34.632,1,9.048,1,531.3,1,9.048,1,34.632,1
5905618,2025-12-21T19:43:20Z,1,-41.12795,154.52955,1,533.1,1,34.627,1,9.024,1,533.1,1,9.024,1,34.627,1
5905618,2025-12-21T19:43:20Z,1,-41.12795,154.52955,1,535.0,1,34.625,1,9.018,1,535.0,1,9.018,1,34.625,1
5905618,2025-12-21T19:43:20Z,1,-41.12795,154.52955,1,537.4,1,34.62,1,8.974,1,537.4,1,8.974,1,34.62,1
5905618,2025-12-21T19:43:20Z,1,-41.12795,154.52955,1,539.7,1,34.618,1,8.943,1,539.7,1,8.943,1,34.618,1
5905618,2025-12-21T19:43:20Z,1,-41.12795,154.52955,1,541.6,1,34.615,1,8.916,1,541.6,1,8.916,1,34.615,1
5905618,2025-12-21T19:43:20Z,1,-41.12795,154.52955,1,543.5,1,34.615,1,8.91,1,543.5,1,8.91,1,34.615,1
5905618,2025-12-21T19:43:20Z,1,-41.12795,154.52955,1,545.4,1,34.615,1,8.905,1,545.4,1,8.905,1,34.615,1
5905618,2025-12-21T19:43:20Z,1,-41.12795,154.52955,1,547.3,1,34.614,1,8.903,1,547.3,1,8.903,1,34.614,1
5905618,2025-12-21T19:43:20Z,1,-41.12795,154.52955,1,549.1,1,34.613,1,8.892,1,549.1,1,8.892,1,34.613,1
5905618,2025-12-21T19:43:20Z,1,-41.12795,154.52955,1,551.5,1,34.609,1,8.856,1,551.5,1,8.856,1,34.609,1
5905618,2025-12-21T19:43:20Z,1,-41.12795,154.52955,1,553.7,1,34.606,1,8.825,1,553.7,1,8.825,1,34.606,1
5905618,2025-12-21T19:43:20Z,1,-41.12795,154.52955,1,555.5,1,34.604,1,8.813,1,555.5,1,8.813,1,34.604,1
5905618,2025-12-21T19:43:20Z,1,-41.12795,154.52955,1,557.3,1,34.603,1,8.803,1,557.3,1,8.803,1,34.603,1
5905618,2025-12-21T19:43:20Z,1,-41.12795,154.52955,1,559.1,1,34.601,1,8.78,1,559.1,1,8.78,1,34.601,1
5905618,2025-12-21T19:43:20Z,1,-41.12795,154.52955,1,561.4,1,34.599,1,8.768,1,561.4,1,8.768,1,34.599,1
5905618,2025-12-21T19:43:20Z,1,-41.12795,154.52955,1,563.6,1,34.599,1,8.762,1,563.6,1,8.762,1,34.599,1
5905618,2025-12-21T19:43:20Z,1,-41.12795,154.52955,1,565.3,1,34.598,1,8.759,1,565.3,1,8.759,1,34.598,1
5905618,2025-12-21T19:43:20Z,1,-41.12795,154.52955,1,567.5,1,34.596,1,8.727,1,567.5,1,8.727,1,34.596,1
5905618,2025-12-21T19:43:20Z,1,-41.12795,154.52955,1,569.7,1,34.595,1,8.728,1,569.7,1,8.728,1,34.595,1
5905618,2025-12-21T19:43:20Z,1,-41.12795,154.52955,1,571.5,1,34.597,1,8.733,1,571.5,1,8.733,1,34.597,1
5905618,2025-12-21T19:43:20Z,1,-41.12795,154.52955,1,573.2,1,34.597,1,8.735,1,573.2,1,8.735,1,34.597,1
5905618,2025-12-21T19:43:20Z,1,-41.12795,154.52955,1,575.4,1,34.596,1,8.723,1,575.4,1,8.723,1,34.596,1
5905618,2025-12-21T19:43:20Z,1,-41.12795,154.52955,1,577.6,1,34.592,1,8.685,1,577.6,1,8.685,1,34.592,1
5905618,2025-12-21T19:43:20Z,1,-41.12795,154.52955,1,579.4,1,34.589,1,8.65,1,579.4,1,8.65,1,34.589,1
5905618,2025-12-21T19:43:20Z,1,-41.12795,154.52955,1,581.1,1,34.587,1,8.644,1,581.1,1,8.644,1,34.587,1
5905618,2025-12-21T19:43:20Z,1,-41.12795,154.52955,1,583.4,1,34.586,1,8.637,1,583.4,1,8.637,1,34.586,1
5905618,2025-12-21T19:43:20Z,1,-41.12795,154.52955,1,585.6,1,34.584,1,8.604,1,585.6,1,8.604,1,34.584,1
5905618,2025-12-21T19:43:20Z,1,-41.12795,154.52955,1,587.3,1,34.584,1,8.605,1,587.3,1,8.605,1,34.584,1
5905618,2025-12-21T19:43:20Z,1,-41.12795,154.52955,1,589.5,1,34.59,1,8.613,1,589.5,1,8.613,1,34.59,1
5905618,2025-12-21T19:43:20Z,1,-41.12795,154.52955,1,591.7,1,34.586,1,8.579,1,591.7,1,8.579,1,34.586,1
5905618,2025-12-21T19:43:20Z,1,-41.12795,154.52955,1,593.4,1,34.584,1,8.559,1,593.4,1,8.559,1,34.584,1
5905618,2025-12-21T19:43:20Z,1,-41.12795,154.52955,1,595.2,1,34.583,1,8.529,1,595.2,1,8.529,1,34.583,1
5905618,2025-12-21T19:43:20Z,1,-41.12795,154.52955,1,597.5,1,34.579,1,8.509,1,597.5,1,8.509,1,34.579,1
5905618,2025-12-21T19:43:20Z,1,-41.12795,154.52955,1,599.7,1,34.579,1,8.507,1,599.7,1,8.507,1,34.579,1
5905618,2025-12-21T19:43:20Z,1,-41.12795,154.52955,1,601.5,1,34.576,1,8.495,1,601.5,1,8.495,1,34.576,1
5905618,2025-12-21T19:43:20Z,1,-41.12795,154.52955,1,603.3,1,34.574,1,8.466,1,603.3,1,8.466,1,34.574,1
5905618,2025-12-21T19:43:20Z,1,-41.12795,154.52955,1,605.5,1,34.565,1,8.42,1,605.5,1,8.42,1,34.565,1
5905618,2025-12-21T19:43:20Z,1,-41.12795,154.52955,1,607.6,1,34.562,1,8.397,1,607.6,1,8.397,1,34.562,1
5905618,2025-12-21T19:43:20Z,1,-41.12795,154.52955,1,609.4,1,34.56,1,8.361,1,609.4,1,8.361,1,34.56,1
5905618,2025-12-21T19:43:20Z,1,-41.12795,154.52955,1,611.2,1,34.558,1,8.337,1,611.2,1,8.337,1,34.558,1
5905618,2025-12-21T19:43:20Z,1,-41.12795,154.52955,1,613.1,1,34.558,1,8.33,1,613.1,1,8.33,1,34.558,1
5905618,2025-12-21T19:43:20Z,1,-41.12795,154.52955,1,615.4,1,34.557,1,8.323,1,615.4,1,8.323,1,34.557,1
5905618,2025-12-21T19:43:20Z,1,-41.12795,154.52955,1,617.6,1,34.555,1,8.311,1,617.6,1,8.311,1,34.555,1
5905618,2025-12-21T19:43:20Z,1,-41.12795,154.52955,1,619.5,1,34.552,1,8.272,1,619.5,1,8.272,1,34.552,1
5905618,2025-12-21T19:43:20Z,1,-41.12795,154.52955,1,621.3,1,34.551,1,8.239,1,621.3,1,8.239,1,34.551,1
5905618,2025-12-21T19:43:20Z,1,-41.12795,154.52955,1,623.1,1,34.551,1,8.233,1,623.1,1,8.233,1,34.551,1
5905618,2025-12-21T19:43:20Z,1,-41.12795,154.52955,1,625.4,1,34.55,1,8.228,1,625.4,1,8.228,1,34.55,1
5905618,2025-12-21T19:43:20Z,1,-41.12795,154.52955,1,627.7,1,34.549,1,8.222,1,627.7,1,8.222,1,34.549,1
5905618,2025-12-21T19:43:20Z,1,-41.12795,154.52955,1,629.6,1,34.548,1,8.207,1,629.6,1,8.207,1,34.548,1
5905618,2025-12-21T19:43:20Z,1,-41.12795,154.52955,1,631.5,1,34.548,1,8.204,1,631.5,1,8.204,1,34.548,1
5905618,2025-12-21T19:43:20Z,1,-41.12795,154.52955,1,633.4,1,34.547,1,8.197,1,633.4,1,8.197,1,34.547,1
5905618,2025-12-21T19:43:20Z,1,-41.12795,154.52955,1,635.3,1,34.547,1,8.188,1,635.3,1,8.188,1,34.547,1
5905618,2025-12-21T19:43:20Z,1,-41.12795,154.52955,1,637.2,1,34.546,1,8.179,1,637.2,1,8.179,1,34.546,1
5905618,2025-12-21T19:43:20Z,1,-41.12795,154.52955,1,639.1,1,34.546,1,8.179,1,639.1,1,8.179,1,34.546,1
5905618,2025-12-21T19:43:20Z,1,-41.12795,154.52955,1,641.4,1,34.546,1,8.161,1,641.4,1,8.161,1,34.546,1
5905618,2025-12-21T19:43:20Z,1,-41.12795,154.52955,1,643.9,1,34.543,1,8.137,1,643.9,1,8.137,1,34.543,1
5905618,2025-12-21T19:43:20Z,1,-41.12795,154.52955,1,645.8,1,34.54,1,8.116,1,645.8,1,8.116,1,34.54,1
5905618,2025-12-21T19:43:20Z,1,-41.12795,154.52955,1,647.8,1,34.54,1,8.104,1,647.8,1,8.104,1,34.54,1
5905618,2025-12-21T19:43:20Z,1,-41.12795,154.52955,1,649.8,1,34.539,1,8.098,1,649.8,1,8.098,1,34.539,1
5905618,2025-12-21T19:43:20Z,1,-41.12795,154.52955,1,651.8,1,34.539,1,8.088,1,651.8,1,8.088,1,34.539,1
5905618,2025-12-21T19:43:20Z,1,-41.12795,154.52955,1,653.8,1,34.537,1,8.069,1,653.8,1,8.069,1,34.537,1
5905618,2025-12-21T19:43:20Z,1,-41.12795,154.52955,1,655.8,1,34.534,1,8.019,1,655.8,1,8.019,1,34.534,1
5905618,2025-12-21T19:43:20Z,1,-41.12795,154.52955,1,657.8,1,34.533,1,8.01,1,657.8,1,8.01,1,34.533,1
5905618,2025-12-21T19:43:20Z,1,-41.12795,154.52955,1,659.8,1,34.533,1,7.995,1,659.8,1,7.995,1,34.533,1
5905618,2025-12-21T19:43:20Z,1,-41.12795,154.52955,1,661.8,1,34.53,1,7.967,1,661.8,1,7.967,1,34.53,1
5905618,2025-12-21T19:43:20Z,1,-41.12795,154.52955,1,663.4,1,34.529,1,7.948,1,663.4,1,7.948,1,34.529,1
5905618,2025-12-21T19:43:20Z,1,-41.12795,154.52955,1,665.0,1,34.529,1,7.945,1,665.0,1,7.945,1,34.529,1
5905618,2025-12-21T19:43:20Z,1,-41.12795,154.52955,1,667.0,1,34.528,1,7.942,1,667.0,1,7.942,1,34.528,1
5905618,2025-12-21T19:43:20Z,1,-41.12795,154.52955,1,669.0,1,34.527,1,7.918,1,669.0,1,7.918,1,34.527,1
5905618,2025-12-21T19:43:20Z,1,-41.12795,154.52955,1,671.1,1,34.525,1,7.88,1,671.1,1,7.88,1,34.525,1
5905618,2025-12-21T19:43:20Z,1,-41.12795,154.52955,1,673.1,1,34.524,1,7.873,1,673.1,1,7.873,1,34.524,1
5905618,2025-12-21T19:43:20Z,1,-41.12795,154.52955,1,675.2,1,34.523,1,7.868,1,675.2,1,7.868,1,34.523,1
5905618,2025-12-21T19:43:20Z,1,-41.12795,154.52955,1,677.2,1,34.522,1,7.857,1,677.2,1,7.857,1,34.522,1
5905618,2025-12-21T19:43:20Z,1,-41.12795,154.52955,1,679.3,1,34.52,1,7.843,1,679.3,1,7.843,1,34.52,1
5905618,2025-12-21T19:43:20Z,1,-41.12795,154.52955,1,681.4,1,34.519,1,7.821,1,681.4,1,7.821,1,34.519,1
5905618,2025-12-21T19:43:20Z,1,-41.12795,154.52955,1,683.5,1,34.52,1,7.807,1,683.5,1,7.807,1,34.52,1
5905618,2025-12-21T19:43:20Z,1,-41.12795,154.52955,1,685.6,1,34.519,1,7.798,1,685.6,1,7.798,1,34.519,1
5905618,2025-12-21T19:43:20Z,1,-41.12795,154.52955,1,687.7,1,34.519,1,7.785,1,687.7,1,7.785,1,34.519,1
5905618,2025-12-21T19:43:20Z,1,-41.12795,154.52955,1,689.4,1,34.518,1,7.767,1,689.4,1,7.767,1,34.518,1
5905618,2025-12-21T19:43:20Z,1,-41.12795,154.52955,1,691.0,1,34.519,1,7.753,1,691.0,1,7.753,1,34.519,1
5905618,2025-12-21T19:43:20Z,1,-41.12795,154.52955,1,693.2,1,34.517,1,7.73,1,693.2,1,7.73,1,34.517,1
5905618,2025-12-21T19:43:20Z,1,-41.12795,154.52955,1,695.3,1,34.516,1,7.705,1,695.3,1,7.705,1,34.516,1
5905618,2025-12-21T19:43:20Z,1,-41.12795,154.52955,1,697.5,1,34.514,1,7.688,1,697.5,1,7.688,1,34.514,1
5905618,2025-12-21T19:43:20Z,1,-41.12795,154.52955,1,699.6,1,34.511,1,7.667,1,699.6,1,7.667,1,34.511,1
5905618,2025-12-21T19:43:20Z,1,-41.12795,154.52955,1,701.7,1,34.51,1,7.653,1,701.7,1,7.653,1,34.51,1
5905618,2025-12-21T19:43:20Z,1,-41.12795,154.52955,1,703.4,1,34.51,1,7.645,1,703.4,1,7.645,1,34.51,1
5905618,2025-12-21T19:43:20Z,1,-41.12795,154.52955,1,705.0,1,34.508,1,7.629,1,705.0,1,7.629,1,34.508,1
5905618,2025-12-21T19:43:20Z,1,-41.12795,154.52955,1,707.1,1,34.503,1,7.604,1,707.1,1,7.604,1,34.503,1
5905618,2025-12-21T19:43:20Z,1,-41.12795,154.52955,1,709.3,1,34.501,1,7.588,1,709.3,1,7.588,1,34.501,1
5905618,2025-12-21T19:43:20Z,1,-41.12795,154.52955,1,711.5,1,34.501,1,7.571,1,711.5,1,7.571,1,34.501,1
5905618,2025-12-21T19:43:20Z,1,-41.12795,154.52955,1,713.7,1,34.498,1,7.561,1,713.7,1,7.561,1,34.498,1
5905618,2025-12-21T19:43:20Z,1,-41.12795,154.52955,1,715.4,1,34.5,1,7.549,1,715.4,1,7.549,1,34.5,1
5905618,2025-12-21T19:43:20Z,1,-41.12795,154.52955,1,717.0,1,34.493,1,7.519,1,717.0,1,7.519,1,34.493,1
5905618,2025-12-21T19:43:20Z,1,-41.12795,154.52955,1,719.2,1,34.492,1,7.505,1,719.2,1,7.505,1,34.492,1
5905618,2025-12-21T19:43:20Z,1,-41.12795,154.52955,1,721.4,1,34.482,1,7.43,1,721.4,1,7.43,1,34.482,1
5905618,2025-12-21T19:43:20Z,1,-41.12795,154.52955,1,723.6,1,34.478,1,7.381,1,723.6,1,7.381,1,34.478,1
5905618,2025-12-21T19:43:20Z,1,-41.12795,154.52955,1,725.8,1,34.475,1,7.332,1,725.8,1,7.332,1,34.475,1
5905618,2025-12-21T19:43:20Z,1,-41.12795,154.52955,1,727.5,1,34.474,1,7.319,1,727.5,1,7.319,1,34.474,1
5905618,2025-12-21T19:43:20Z,1,-41.12795,154.52955,1,729.1,1,34.473,1,7.311,1,729.1,1,7.311,1,34.473,1
5905618,2025-12-21T19:43:20Z,1,-41.12795,154.52955,1,731.4,1,34.469,1,7.265,1,731.4,1,7.265,1,34.469,1
5905618,2025-12-21T19:43:20Z,1,-41.12795,154.52955,1,733.6,1,34.469,1,7.256,1,733.6,1,7.256,1,34.469,1
5905618,2025-12-21T19:43:20Z,1,-41.12795,154.52955,1,735.8,1,34.468,1,7.252,1,735.8,1,7.252,1,34.468,1
5905618,2025-12-21T19:43:20Z,1,-41.12795,154.52955,1,737.4,1,34.468,1,7.251,1,737.4,1,7.251,1,34.468,1
5905618,2025-12-21T19:43:20Z,1,-41.12795,154.52955,1,739.0,1,34.469,1,7.245,1,739.0,1,7.245,1,34.469,1
5905618,2025-12-21T19:43:20Z,1,-41.12795,154.52955,1,741.3,1,34.473,1,7.233,1,741.3,1,7.233,1,34.473,1
5905618,2025-12-21T19:43:20Z,1,-41.12795,154.52955,1,743.5,1,34.481,1,7.268,1,743.5,1,7.268,1,34.481,1
5905618,2025-12-21T19:43:20Z,1,-41.12795,154.52955,1,745.7,1,34.482,1,7.268,1,745.7,1,7.268,1,34.482,1
5905618,2025-12-21T19:43:20Z,1,-41.12795,154.52955,1,747.4,1,34.481,1,7.253,1,747.4,1,7.253,1,34.481,1
5905618,2025-12-21T19:43:20Z,1,-41.12795,154.52955,1,749.1,1,34.478,1,7.216,1,749.1,1,7.216,1,34.478,1
5905618,2025-12-21T19:43:20Z,1,-41.12795,154.52955,1,751.3,1,34.478,1,7.216,1,751.3,1,7.216,1,34.478,1
5905618,2025-12-21T19:43:20Z,1,-41.12795,154.52955,1,753.5,1,34.477,1,7.201,1,753.5,1,7.201,1,34.477,1
5905618,2025-12-21T19:43:20Z,1,-41.12795,154.52955,1,755.8,1,34.477,1,7.181,1,755.8,1,7.181,1,34.477,1
5905618,2025-12-21T19:43:20Z,1,-41.12795,154.52955,1,757.5,1,34.49,1,7.207,1,757.5,1,7.207,1,34.49,1
5905618,2025-12-21T19:43:20Z,1,-41.12795,154.52955,1,759.1,1,34.485,1,7.204,1,759.1,1,7.204,1,34.485,1
5905618,2025-12-21T19:43:20Z,1,-41.12795,154.52955,1,761.3,1,34.485,1,7.202,1,761.3,1,7.202,1,34.485,1
5905618,2025-12-21T19:43:20Z,1,-41.12795,154.52955,1,763.6,1,34.484,1,7.191,1,763.6,1,7.191,1,34.484,1
5905618,2025-12-21T19:43:20Z,1,-41.12795,154.52955,1,765.8,1,34.483,1,7.179,1,765.8,1,7.179,1,34.483,1
5905618,2025-12-21T19:43:20Z,1,-41.12795,154.52955,1,767.5,1,34.484,1,7.177,1,767.5,1,7.177,1,34.484,1
5905618,2025-12-21T19:43:20Z,1,-41.12795,154.52955,1,769.2,1,34.483,1,7.171,1,769.2,1,7.171,1,34.483,1
5905618,2025-12-21T19:43:20Z,1,-41.12795,154.52955,1,771.4,1,34.483,1,7.162,1,771.4,1,7.162,1,34.483,1
5905618,2025-12-21T19:43:20Z,1,-41.12795,154.52955,1,773.6,1,34.482,1,7.158,1,773.6,1,7.158,1,34.482,1
5905618,2025-12-21T19:43:20Z,1,-41.12795,154.52955,1,775.8,1,34.482,1,7.149,1,775.8,1,7.149,1,34.482,1
5905618,2025-12-21T19:43:20Z,1,-41.12795,154.52955,1,777.4,1,34.483,1,7.134,1,777.4,1,7.134,1,34.483,1
5905618,2025-12-21T19:43:20Z,1,-41.12795,154.52955,1,779.0,1,34.48,1,7.115,1,779.0,1,7.115,1,34.48,1
5905618,2025-12-21T19:43:20Z,1,-41.12795,154.52955,1,781.2,1,34.479,1,7.085,1,781.2,1,7.085,1,34.479,1
5905618,2025-12-21T19:43:20Z,1,-41.12795,154.52955,1,783.4,1,34.475,1,7.032,1,783.4,1,7.032,1,34.475,1
5905618,2025-12-21T19:43:20Z,1,-41.12795,154.52955,1,785.5,1,34.473,1,6.991,1,785.5,1,6.991,1,34.473,1
5905618,2025-12-21T19:43:20Z,1,-41.12795,154.52955,1,787.8,1,34.472,1,6.973,1,787.8,1,6.973,1,34.472,1
5905618,2025-12-21T19:43:20Z,1,-41.12795,154.52955,1,789.5,1,34.472,1,6.973,1,789.5,1,6.973,1,34.472,1
5905618,2025-12-21T19:43:20Z,1,-41.12795,154.52955,1,791.0,1,34.472,1,6.956,1,791.0,1,6.956,1,34.472,1
5905618,2025-12-21T19:43:20Z,1,-41.12795,154.52955,1,793.2,1,34.471,1,6.943,1,793.2,1,6.943,1,34.471,1
5905618,2025-12-21T19:43:20Z,1,-41.12795,154.52955,1,795.4,1,34.47,1,6.929,1,795.4,1,6.929,1,34.47,1
5905618,2025-12-21T19:43:20Z,1,-41.12795,154.52955,1,797.6,1,34.468,1,6.91,1,797.6,1,6.91,1,34.468,1
5905618,2025-12-21T19:43:20Z,1,-41.12795,154.52955,1,799.7,1,34.468,1,6.891,1,799.7,1,6.891,1,34.468,1
5905618,2025-12-21T19:43:20Z,1,-41.12795,154.52955,1,801.4,1,34.467,1,6.879,1,801.4,1,6.879,1,34.467,1
5905618,2025-12-21T19:43:20Z,1,-41.12795,154.52955,1,803.0,1,34.466,1,6.863,1,803.0,1,6.863,1,34.466,1
5905618,2025-12-21T19:43:20Z,1,-41.12795,154.52955,1,805.1,1,34.465,1,6.849,1,805.1,1,6.849,1,34.465,1
5905618,2025-12-21T19:43:20Z,1,-41.12795,154.52955,1,807.2,1,34.462,1,6.824,1,807.2,1,6.824,1,34.462,1
5905618,2025-12-21T19:43:20Z,1,-41.12795,154.52955,1,809.3,1,34.463,1,6.818,1,809.3,1,6.818,1,34.463,1
5905618,2025-12-21T19:43:20Z,1,-41.12795,154.52955,1,811.5,1,34.462,1,6.798,1,811.5,1,6.798,1,34.462,1
5905618,2025-12-21T19:43:20Z,1,-41.12795,154.52955,1,813.7,1,34.46,1,6.775,1,813.7,1,6.775,1,34.46,1
5905618,2025-12-21T19:43:20Z,1,-41.12795,154.52955,1,815.8,1,34.46,1,6.767,1,815.8,1,6.767,1,34.46,1
5905618,2025-12-21T19:43:20Z,1,-41.12795,154.52955,1,817.9,1,34.46,1,6.759,1,817.9,1,6.759,1,34.46,1
5905618,2025-12-21T19:43:20Z,1,-41.12795,154.52955,1,819.4,1,34.46,1,6.754,1,819.4,1,6.754,1,34.46,1
5905618,2025-12-21T19:43:20Z,1,-41.12795,154.52955,1,821.3,1,34.46,1,6.738,1,821.3,1,6.738,1,34.46,1
5905618,2025-12-21T19:43:20Z,1,-41.12795,154.52955,1,823.3,1,34.461,1,6.728,1,823.3,1,6.728,1,34.461,1
5905618,2025-12-21T19:43:20Z,1,-41.12795,154.52955,1,825.3,1,34.461,1,6.717,1,825.3,1,6.717,1,34.461,1
5905618,2025-12-21T19:43:20Z,1,-41.12795,154.52955,1,827.6,1,34.461,1,6.704,1,827.6,1,6.704,1,34.461,1
5905618,2025-12-21T19:43:20Z,1,-41.12795,154.52955,1,829.6,1,34.46,1,6.678,1,829.6,1,6.678,1,34.46,1
5905618,2025-12-21T19:43:20Z,1,-41.12795,154.52955,1,831.3,1,34.459,1,6.666,1,831.3,1,6.666,1,34.459,1
5905618,2025-12-21T19:43:20Z,1,-41.12795,154.52955,1,833.3,1,34.46,1,6.651,1,833.3,1,6.651,1,34.46,1
5905618,2025-12-21T19:43:20Z,1,-41.12795,154.52955,1,835.3,1,34.458,1,6.638,1,835.3,1,6.638,1,34.458,1
5905618,2025-12-21T19:43:20Z,1,-41.12795,154.52955,1,837.4,1,34.458,1,6.631,1,837.4,1,6.631,1,34.458,1
5905618,2025-12-21T19:43:20Z,1,-41.12795,154.52955,1,839.4,1,34.458,1,6.607,1,839.4,1,6.607,1,34.458,1
5905618,2025-12-21T19:43:20Z,1,-41.12795,154.52955,1,841.5,1,34.455,1,6.581,1,841.5,1,6.581,1,34.455,1
5905618,2025-12-21T19:43:20Z,1,-41.12795,154.52955,1,843.5,1,34.454,1,6.546,1,843.5,1,6.546,1,34.454,1
5905618,2025-12-21T19:43:20Z,1,-41.12795,154.52955,1,845.2,1,34.453,1,6.532,1,845.2,1,6.532,1,34.453,1
5905618,2025-12-21T19:43:20Z,1,-41.12795,154.52955,1,847.3,1,34.452,1,6.511,1,847.3,1,6.511,1,34.452,1
5905618,2025-12-21T19:43:20Z,1,-41.12795,154.52955,1,849.5,1,34.452,1,6.497,1,849.5,1,6.497,1,34.452,1
5905618,2025-12-21T19:43:20Z,1,-41.12795,154.52955,1,851.2,1,34.451,1,6.5,1,851.2,1,6.5,1,34.451,1
5905618,2025-12-21T19:43:20Z,1,-41.12795,154.52955,1,853.4,1,34.451,1,6.493,1,853.4,1,6.493,1,34.451,1
5905618,2025-12-21T19:43:20Z,1,-41.12795,154.52955,1,855.6,1,34.45,1,6.481,1,855.6,1,6.481,1,34.45,1
5905618,2025-12-21T19:43:20Z,1,-41.12795,154.52955,1,857.3,1,34.45,1,6.466,1,857.3,1,6.466,1,34.45,1
5905618,2025-12-21T19:43:20Z,1,-41.12795,154.52955,1,859.5,1,34.448,1,6.445,1,859.5,1,6.445,1,34.448,1
5905618,2025-12-21T19:43:20Z,1,-41.12795,154.52955,1,861.7,1,34.45,1,6.42,1,861.7,1,6.42,1,34.45,1
5905618,2025-12-21T19:43:20Z,1,-41.12795,154.52955,1,863.4,1,34.447,1,6.392,1,863.4,1,6.392,1,34.447,1
5905618,2025-12-21T19:43:20Z,1,-41.12795,154.52955,1,865.2,1,34.446,1,6.383,1,865.2,1,6.383,1,34.446,1
5905618,2025-12-21T19:43:20Z,1,-41.12795,154.52955,1,867.4,1,34.446,1,6.38,1,867.4,1,6.38,1,34.446,1
5905618,2025-12-21T19:43:20Z,1,-41.12795,154.52955,1,869.6,1,34.445,1,6.365,1,869.6,1,6.365,1,34.445,1
5905618,2025-12-21T19:43:20Z,1,-41.12795,154.52955,1,871.3,1,34.444,1,6.345,1,871.3,1,6.345,1,34.444,1
5905618,2025-12-21T19:43:20Z,1,-41.12795,154.52955,1,873.2,1,34.444,1,6.328,1,873.2,1,6.328,1,34.444,1
5905618,2025-12-21T19:43:20Z,1,-41.12795,154.52955,1,875.5,1,34.443,1,6.316,1,875.5,1,6.316,1,34.443,1
5905618,2025-12-21T19:43:20Z,1,-41.12795,154.52955,1,877.8,1,34.444,1,6.289,1,877.8,1,6.289,1,34.444,1
5905618,2025-12-21T19:43:20Z,1,-41.12795,154.52955,1,879.6,1,34.441,1,6.286,1,879.6,1,6.286,1,34.441,1
5905618,2025-12-21T19:43:20Z,1,-41.12795,154.52955,1,881.4,1,34.441,1,6.278,1,881.4,1,6.278,1,34.441,1
5905618,2025-12-21T19:43:20Z,1,-41.12795,154.52955,1,883.3,1,34.441,1,6.272,1,883.3,1,6.272,1,34.441,1
5905618,2025-12-21T19:43:20Z,1,-41.12795,154.52955,1,885.1,1,34.44,1,6.265,1,885.1,1,6.265,1,34.44,1
5905618,2025-12-21T19:43:20Z,1,-41.12795,154.52955,1,887.5,1,34.439,1,6.227,1,887.5,1,6.227,1,34.439,1
5905618,2025-12-21T19:43:20Z,1,-41.12795,154.52955,1,889.8,1,34.438,1,6.205,1,889.8,1,6.205,1,34.438,1
5905618,2025-12-21T19:43:20Z,1,-41.12795,154.52955,1,891.7,1,34.438,1,6.188,1,891.7,1,6.188,1,34.438,1
5905618,2025-12-21T19:43:20Z,1,-41.12795,154.52955,1,893.6,1,34.437,1,6.179,1,893.6,1,6.179,1,34.437,1
5905618,2025-12-21T19:43:20Z,1,-41.12795,154.52955,1,895.5,1,34.437,1,6.17,1,895.5,1,6.17,1,34.437,1
5905618,2025-12-21T19:43:20Z,1,-41.12795,154.52955,1,897.4,1,34.437,1,6.156,1,897.4,1,6.156,1,34.437,1
5905618,2025-12-21T19:43:20Z,1,-41.12795,154.52955,1,899.3,1,34.435,1,6.131,1,899.3,1,6.131,1,34.435,1
5905618,2025-12-21T19:43:20Z,1,-41.12795,154.52955,1,901.3,1,34.435,1,6.119,1,901.3,1,6.119,1,34.435,1
5905618,2025-12-21T19:43:20Z,1,-41.12795,154.52955,1,903.1,1,34.435,1,6.104,1,903.1,1,6.104,1,34.435,1
5905618,2025-12-21T19:43:20Z,1,-41.12795,154.52955,1,905.1,1,34.434,1,6.087,1,905.1,1,6.087,1,34.434,1
5905618,2025-12-21T19:43:20Z,1,-41.12795,154.52955,1,907.1,1,34.434,1,6.068,1,907.1,1,6.068,1,34.434,1
5905618,2025-12-21T19:43:20Z,1,-41.12795,154.52955,1,909.1,1,34.434,1,6.059,1,909.1,1,6.059,1,34.434,1
5905618,2025-12-21T19:43:20Z,1,-41.12795,154.52955,1,911.2,1,34.433,1,6.045,1,911.2,1,6.045,1,34.433,1
5905618,2025-12-21T19:43:20Z,1,-41.12795,154.52955,1,913.3,1,34.433,1,6.032,1,913.3,1,6.032,1,34.433,1
5905618,2025-12-21T19:43:20Z,1,-41.12795,154.52955,1,915.3,1,34.432,1,6.018,1,915.3,1,6.018,1,34.432,1
5905618,2025-12-21T19:43:20Z,1,-41.12795,154.52955,1,917.3,1,34.432,1,6.006,1,917.3,1,6.006,1,34.432,1
5905618,2025-12-21T19:43:20Z,1,-41.12795,154.52955,1,919.4,1,34.432,1,6.0,1,919.4,1,6.0,1,34.432,1
5905618,2025-12-21T19:43:20Z,1,-41.12795,154.52955,1,921.5,1,34.432,1,5.988,1,921.5,1,5.988,1,34.432,1
5905618,2025-12-21T19:43:20Z,1,-41.12795,154.52955,1,923.5,1,34.431,1,5.983,1,923.5,1,5.983,1,34.431,1
5905618,2025-12-21T19:43:20Z,1,-41.12795,154.52955,1,925.5,1,34.431,1,5.972,1,925.5,1,5.972,1,34.431,1
5905618,2025-12-21T19:43:20Z,1,-41.12795,154.52955,1,927.5,1,34.431,1,5.937,1,927.5,1,5.937,1,34.431,1
5905618,2025-12-21T19:43:20Z,1,-41.12795,154.52955,1,929.6,1,34.43,1,5.914,1,929.6,1,5.914,1,34.43,1
5905618,2025-12-21T19:43:20Z,1,-41.12795,154.52955,1,931.7,1,34.429,1,5.895,1,931.7,1,5.895,1,34.429,1
5905618,2025-12-21T19:43:20Z,1,-41.12795,154.52955,1,933.8,1,34.429,1,5.868,1,933.8,1,5.868,1,34.429,1
5905618,2025-12-21T19:43:20Z,1,-41.12795,154.52955,1,935.9,1,34.43,1,5.857,1,935.9,1,5.857,1,34.43,1
5905618,2025-12-21T19:43:20Z,1,-41.12795,154.52955,1,937.5,1,34.43,1,5.843,1,937.5,1,5.843,1,34.43,1
5905618,2025-12-21T19:43:20Z,1,-41.12795,154.52955,1,939.0,1,34.428,1,5.835,1,939.0,1,5.835,1,34.428,1
5905618,2025-12-21T19:43:20Z,1,-41.12795,154.52955,1,941.1,1,34.428,1,5.822,1,941.1,1,5.822,1,34.428,1
5905618,2025-12-21T19:43:20Z,1,-41.12795,154.52955,1,943.1,1,34.43,1,5.803,1,943.1,1,5.803,1,34.43,1
5905618,2025-12-21T19:43:20Z,1,-41.12795,154.52955,1,945.2,1,34.427,1,5.781,1,945.2,1,5.781,1,34.427,1
5905618,2025-12-21T19:43:20Z,1,-41.12795,154.52955,1,947.3,1,34.427,1,5.774,1,947.3,1,5.774,1,34.427,1
5905618,2025-12-21T19:43:20Z,1,-41.12795,154.52955,1,949.5,1,34.427,1,5.764,1,949.5,1,5.764,1,34.427,1
5905618,2025-12-21T19:43:20Z,1,-41.12795,154.52955,1,951.6,1,34.427,1,5.754,1,951.6,1,5.754,1,34.427,1
5905618,2025-12-21T19:43:20Z,1,-41.12795,154.52955,1,953.7,1,34.427,1,5.753,1,953.7,1,5.753,1,34.427,1
5905618,2025-12-21T19:43:20Z,1,-41.12795,154.52955,1,955.8,1,34.428,1,5.75,1,955.8,1,5.75,1,34.428,1
5905618,2025-12-21T19:43:20Z,1,-41.12795,154.52955,1,957.4,1,34.427,1,5.742,1,957.4,1,5.742,1,34.427,1
5905618,2025-12-21T19:43:20Z,1,-41.12795,154.52955,1,959.0,1,34.428,1,5.737,1,959.0,1,5.737,1,34.428,1
5905618,2025-12-21T19:43:20Z,1,-41.12795,154.52955,1,961.0,1,34.428,1,5.713,1,961.0,1,5.713,1,34.428,1
5905618,2025-12-21T19:43:20Z,1,-41.12795,154.52955,1,963.1,1,34.426,1,5.703,1,963.1,1,5.703,1,34.426,1
5905618,2025-12-21T19:43:20Z,1,-41.12795,154.52955,1,965.2,1,34.427,1,5.694,1,965.2,1,5.694,1,34.427,1
5905618,2025-12-21T19:43:20Z,1,-41.12795,154.52955,1,967.3,1,34.426,1,5.68,1,967.3,1,5.68,1,34.426,1
5905618,2025-12-21T19:43:20Z,1,-41.12795,154.52955,1,969.4,1,34.427,1,5.665,1,969.4,1,5.665,1,34.427,1
5905618,2025-12-21T19:43:20Z,1,-41.12795,154.52955,1,971.6,1,34.427,1,5.656,1,971.6,1,5.656,1,34.427,1
5905618,2025-12-21T19:43:20Z,1,-41.12795,154.52955,1,973.6,1,34.428,1,5.637,1,973.6,1,5.637,1,34.428,1
5905618,2025-12-21T19:43:20Z,1,-41.12795,154.52955,1,975.7,1,34.428,1,5.63,1,975.7,1,5.63,1,34.428,1
5905618,2025-12-21T19:43:20Z,1,-41.12795,154.52955,1,977.8,1,34.427,1,5.626,1,977.8,1,5.626,1,34.427,1
5905618,2025-12-21T19:43:20Z,1,-41.12795,154.52955,1,979.8,1,34.428,1,5.623,1,979.8,1,5.623,1,34.428,1
5905618,2025-12-21T19:43:20Z,1,-41.12795,154.52955,1,981.9,1,34.428,1,5.618,1,981.9,1,5.618,1,34.428,1
5905618,2025-12-21T19:43:20Z,1,-41.12795,154.52955,1,983.9,1,34.427,1,5.603,1,983.9,1,5.603,1,34.427,1
5905618,2025-12-21T19:43:20Z,1,-41.12795,154.52955,1,985.9,1,34.427,1,5.591,1,985.9,1,5.591,1,34.427,1
5905618,2025-12-21T19:43:20Z,1,-41.12795,154.52955,1,987.9,1,34.428,1,5.583,1,987.9,1,5.583,1,34.428,1
5905618,2025-12-21T19:43:20Z,1,-41.12795,154.52955,1,989.9,1,34.427,1,5.576,1,989.9,1,5.576,1,34.427,1
5905618,2025-12-21T19:43:20Z,1,-41.12795,154.52955,1,991.9,1,34.428,1,5.565,1,991.9,1,5.565,1,34.428,1
5905618,2025-12-21T19:43:20Z,1,-41.12795,154.52955,1,993.9,1,34.427,1,5.55,1,993.9,1,5.55,1,34.427,1
5905618,2025-12-21T19:43:20Z,1,-41.12795,154.52955,1,995.9,1,34.428,1,5.537,1,995.9,1,5.537,1,34.428,1
5905618,2025-12-21T19:43:20Z,1,-41.12795,154.52955,1,997.9,1,34.427,1,5.524,1,997.9,1,5.524,1,34.427,1
5905618,2025-12-21T19:43:20Z,1,-41.12795,154.52955,1,999.9,1,34.427,1,5.521,1,999.9,1,5.521,1,34.427,1
5905618,2025-12-21T19:43:20Z,1,-41.12795,154.52955,1,1001.8,1,34.427,1,5.517,1,1001.8,1,5.517,1,34.427,1
5905618,2025-12-21T19:43:20Z,1,-41.12795,154.52955,1,1003.8,1,34.427,1,5.511,1,1003.8,1,5.511,1,34.427,1
5905618,2025-12-21T19:43:20Z,1,-41.12795,154.52955,1,1005.8,1,34.426,1,5.503,1,1005.8,1,5.503,1,34.426,1
5905618,2025-12-21T19:43:20Z,1,-41.12795,154.52955,1,1007.8,1,34.426,1,5.494,1,1007.8,1,5.494,1,34.426,1
5905618,2025-12-21T19:43:20Z,1,-41.12795,154.52955,1,1009.8,1,34.426,1,5.477,1,1009.8,1,5.477,1,34.426,1
5905618,2025-12-21T19:43:20Z,1,-41.12795,154.52955,1,1011.7,1,34.426,1,5.469,1,1011.7,1,5.469,1,34.426,1
5905618,2025-12-21T19:43:20Z,1,-41.12795,154.52955,1,1013.6,1,34.426,1,5.446,1,1013.6,1,5.446,1,34.426,1
5905618,2025-12-21T19:43:20Z,1,-41.12795,154.52955,1,1015.6,1,34.426,1,5.441,1,1015.6,1,5.441,1,34.426,1
5905618,2025-12-21T19:43:20Z,1,-41.12795,154.52955,1,1017.5,1,34.426,1,5.441,1,1017.5,1,5.441,1,34.426,1
5905618,2025-12-21T19:43:20Z,1,-41.12795,154.52955,1,1019.4,1,34.425,1,5.44,1,1019.4,1,5.44,1,34.425,1
5905618,2025-12-21T19:43:20Z,1,-41.12795,154.52955,1,1021.4,1,34.425,1,5.432,1,1021.4,1,5.432,1,34.425,1
5905618,2025-12-21T19:43:20Z,1,-41.12795,154.52955,1,1023.3,1,34.425,1,5.412,1,1023.3,1,5.412,1,34.425,1
5905618,2025-12-21T19:43:20Z,1,-41.12795,154.52955,1,1025.2,1,34.426,1,5.405,1,1025.2,1,5.405,1,34.426,1
5905618,2025-12-21T19:43:20Z,1,-41.12795,154.52955,1,1027.1,1,34.425,1,5.391,1,1027.1,1,5.391,1,34.425,1
5905618,2025-12-21T19:43:20Z,1,-41.12795,154.52955,1,1029.4,1,34.424,1,5.381,1,1029.4,1,5.381,1,34.424,1
5905618,2025-12-21T19:43:20Z,1,-41.12795,154.52955,1,1031.9,1,34.424,1,5.363,1,1031.9,1,5.363,1,34.424,1
5905618,2025-12-21T19:43:20Z,1,-41.12795,154.52955,1,1033.8,1,34.425,1,5.34,1,1033.8,1,5.34,1,34.425,1
5905618,2025-12-21T19:43:20Z,1,-41.12795,154.52955,1,1035.7,1,34.424,1,5.324,1,1035.7,1,5.324,1,34.424,1
5905618,2025-12-21T19:43:20Z,1,-41.12795,154.52955,1,1037.7,1,34.424,1,5.31,1,1037.7,1,5.31,1,34.424,1
5905618,2025-12-21T19:43:20Z,1,-41.12795,154.52955,1,1039.5,1,34.424,1,5.298,1,1039.5,1,5.298,1,34.424,1
5905618,2025-12-21T19:43:20Z,1,-41.12795,154.52955,1,1041.4,1,34.423,1,5.26,1,1041.4,1,5.26,1,34.423,1
5905618,2025-12-21T19:43:20Z,1,-41.12795,154.52955,1,1043.4,1,34.422,1,5.237,1,1043.4,1,5.237,1,34.422,1
5905618,2025-12-21T19:43:20Z,1,-41.12795,154.52955,1,1045.3,1,34.422,1,5.224,1,1045.3,1,5.224,1,34.422,1
5905618,2025-12-21T19:43:20Z,1,-41.12795,154.52955,1,1047.2,1,34.422,1,5.204,1,1047.2,1,5.204,1,34.422,1
5905618,2025-12-21T19:43:20Z,1,-41.12795,154.52955,1,1049.1,1,34.421,1,5.183,1,1049.1,1,5.183,1,34.421,1
5905618,2025-12-21T19:43:20Z,1,-41.12795,154.52955,1,1051.0,1,34.42,1,5.169,1,1051.0,1,5.169,1,34.42,1
5905618,2025-12-21T19:43:20Z,1,-41.12795,154.52955,1,1053.4,1,34.42,1,5.128,1,1053.4,1,5.128,1,34.42,1
5905618,2025-12-21T19:43:20Z,1,-41.12795,154.52955,1,1055.8,1,34.419,1,5.097,1,1055.8,1,5.097,1,34.419,1
5905618,2025-12-21T19:43:20Z,1,-41.12795,154.52955,1,1057.8,1,34.418,1,5.083,1,1057.8,1,5.083,1,34.418,1
5905618,2025-12-21T19:43:20Z,1,-41.12795,154.52955,1,1059.7,1,34.419,1,5.074,1,1059.7,1,5.074,1,34.419,1
5905618,2025-12-21T19:43:20Z,1,-41.12795,154.52955,1,1061.7,1,34.418,1,5.07,1,1061.7,1,5.07,1,34.418,1
5905618,2025-12-21T19:43:20Z,1,-41.12795,154.52955,1,1063.6,1,34.417,1,5.054,1,1063.6,1,5.054,1,34.417,1
5905618,2025-12-21T19:43:20Z,1,-41.12795,154.52955,1,1065.5,1,34.417,1,5.041,1,1065.5,1,5.041,1,34.417,1
5905618,2025-12-21T19:43:20Z,1,-41.12795,154.52955,1,1067.4,1,34.418,1,5.021,1,1067.4,1,5.021,1,34.418,1
5905618,2025-12-21T19:43:20Z,1,-41.12795,154.52955,1,1069.4,1,34.421,1,5.004,1,1069.4,1,5.004,1,34.421,1
5905618,2025-12-21T19:43:20Z,1,-41.12795,154.52955,1,1071.3,1,34.421,1,4.993,1,1071.3,1,4.993,1,34.421,1
5905618,2025-12-21T19:43:20Z,1,-41.12795,154.52955,1,1073.3,1,34.421,1,4.983,1,1073.3,1,4.983,1,34.421,1
5905618,2025-12-21T19:43:20Z,1,-41.12795,154.52955,1,1075.2,1,34.422,1,4.973,1,1075.2,1,4.973,1,34.422,1
5905618,2025-12-21T19:43:20Z,1,-41.12795,154.52955,1,1077.1,1,34.422,1,4.97,1,1077.1,1,4.97,1,34.422,1
5905618,2025-12-21T19:43:20Z,1,-41.12795,154.52955,1,1079.1,1,34.422,1,4.967,1,1079.1,1,4.967,1,34.422,1
5905618,2025-12-21T19:43:20Z,1,-41.12795,154.52955,1,1081.4,1,34.423,1,4.951,1,1081.4,1,4.951,1,34.423,1
5905618,2025-12-21T19:43:20Z,1,-41.12795,154.52955,1,1083.9,1,34.423,1,4.941,1,1083.9,1,4.941,1,34.423,1
5905618,2025-12-21T19:43:20Z,1,-41.12795,154.52955,1,1085.5,1,34.422,1,4.928,1,1085.5,1,4.928,1,34.422,1
5905618,2025-12-21T19:43:20Z,1,-41.12795,154.52955,1,1087.4,1,34.422,1,4.906,1,1087.4,1,4.906,1,34.422,1
5905618,2025-12-21T19:43:20Z,1,-41.12795,154.52955,1,1089.9,1,34.422,1,4.894,1,1089.9,1,4.894,1,34.422,1
5905618,2025-12-21T19:43:20Z,1,-41.12795,154.52955,1,1091.8,1,34.422,1,4.89,1,1091.8,1,4.89,1,34.422,1
5905618,2025-12-21T19:43:20Z,1,-41.12795,154.52955,1,1093.8,1,34.423,1,4.881,1,1093.8,1,4.881,1,34.423,1
5905618,2025-12-21T19:43:20Z,1,-41.12795,154.52955,1,1095.8,1,34.423,1,4.861,1,1095.8,1,4.861,1,34.423,1
5905618,2025-12-21T19:43:20Z,1,-41.12795,154.52955,1,1097.8,1,34.424,1,4.844,1,1097.8,1,4.844,1,34.424,1
5905618,2025-12-21T19:43:20Z,1,-41.12795,154.52955,1,1099.8,1,34.424,1,4.841,1,1099.8,1,4.841,1,34.424,1
5905618,2025-12-21T19:43:20Z,1,-41.12795,154.52955,1,1101.7,1,34.425,1,4.838,1,1101.7,1,4.838,1,34.425,1
5905618,2025-12-21T19:43:20Z,1,-41.12795,154.52955,1,1103.7,1,34.425,1,4.831,1,1103.7,1,4.831,1,34.425,1
5905618,2025-12-21T19:43:20Z,1,-41.12795,154.52955,1,1105.6,1,34.426,1,4.823,1,1105.6,1,4.823,1,34.426,1
5905618,2025-12-21T19:43:20Z,1,-41.12795,154.52955,1,1107.5,1,34.426,1,4.821,1,1107.5,1,4.821,1,34.426,1
5905618,2025-12-21T19:43:20Z,1,-41.12795,154.52955,1,1109.5,1,34.427,1,4.81,1,1109.5,1,4.81,1,34.427,1
5905618,2025-12-21T19:43:20Z,1,-41.12795,154.52955,1,1111.4,1,34.428,1,4.796,1,1111.4,1,4.796,1,34.428,1
5905618,2025-12-21T19:43:20Z,1,-41.12795,154.52955,1,1113.3,1,34.428,1,4.788,1,1113.3,1,4.788,1,34.428,1
5905618,2025-12-21T19:43:20Z,1,-41.12795,154.52955,1,1115.3,1,34.428,1,4.777,1,1115.3,1,4.777,1,34.428,1
5905618,2025-12-21T19:43:20Z,1,-41.12795,154.52955,1,1117.2,1,34.428,1,4.762,1,1117.2,1,4.762,1,34.428,1
5905618,2025-12-21T19:43:20Z,1,-41.12795,154.52955,1,1119.6,1,34.428,1,4.747,1,1119.6,1,4.747,1,34.428,1
5905618,2025-12-21T19:43:20Z,1,-41.12795,154.52955,1,1121.6,1,34.429,1,4.731,1,1121.6,1,4.731,1,34.429,1
5905618,2025-12-21T19:43:20Z,1,-41.12795,154.52955,1,1123.6,1,34.43,1,4.723,1,1123.6,1,4.723,1,34.43,1
5905618,2025-12-21T19:43:20Z,1,-41.12795,154.52955,1,1125.6,1,34.431,1,4.698,1,1125.6,1,4.698,1,34.431,1
5905618,2025-12-21T19:43:20Z,1,-41.12795,154.52955,1,1127.3,1,34.432,1,4.675,1,1127.3,1,4.675,1,34.432,1
5905618,2025-12-21T19:43:20Z,1,-41.12795,154.52955,1,1129.4,1,34.433,1,4.655,1,1129.4,1,4.655,1,34.433,1
5905618,2025-12-21T19:43:20Z,1,-41.12795,154.52955,1,1131.5,1,34.432,1,4.645,1,1131.5,1,4.645,1,34.432,1
5905618,2025-12-21T19:43:20Z,1,-41.12795,154.52955,1,1133.2,1,34.432,1,4.642,1,1133.2,1,4.642,1,34.432,1
5905618,2025-12-21T19:43:20Z,1,-41.12795,154.52955,1,1135.4,1,34.432,1,4.625,1,1135.4,1,4.625,1,34.432,1
5905618,2025-12-21T19:43:20Z,1,-41.12795,154.52955,1,1137.6,1,34.432,1,4.61,1,1137.6,1,4.61,1,34.432,1
5905618,2025-12-21T19:43:20Z,1,-41.12795,154.52955,1,1139.3,1,34.432,1,4.602,1,1139.3,1,4.602,1,34.432,1
5905618,2025-12-21T19:43:20Z,1,-41.12795,154.52955,1,1141.1,1,34.427,1,4.579,1,1141.1,1,4.579,1,34.427,1
5905618,2025-12-21T19:43:20Z,1,-41.12795,154.52955,1,1143.4,1,34.43,1,4.551,1,1143.4,1,4.551,1,34.43,1
5905618,2025-12-21T19:43:20Z,1,-41.12795,154.52955,1,1145.6,1,34.43,1,4.549,1,1145.6,1,4.549,1,34.43,1
5905618,2025-12-21T19:43:20Z,1,-41.12795,154.52955,1,1147.5,1,34.431,1,4.54,1,1147.5,1,4.54,1,34.431,1
5905618,2025-12-21T19:43:20Z,1,-41.12795,154.52955,1,1149.4,1,34.43,1,4.515,1,1149.4,1,4.515,1,34.43,1
5905618,2025-12-21T19:43:20Z,1,-41.12795,154.52955,1,1151.2,1,34.432,1,4.496,1,1151.2,1,4.496,1,34.432,1
5905618,2025-12-21T19:43:20Z,1,-41.12795,154.52955,1,1153.1,1,34.431,1,4.487,1,1153.1,1,4.487,1,34.431,1
5905618,2025-12-21T19:43:20Z,1,-41.12795,154.52955,1,1155.0,1,34.43,1,4.475,1,1155.0,1,4.475,1,34.43,1
5905618,2025-12-21T19:43:20Z,1,-41.12795,154.52955,1,1157.1,1,34.431,1,4.461,1,1157.1,1,4.461,1,34.431,1
5905618,2025-12-21T19:43:20Z,1,-41.12795,154.52955,1,1159.0,1,34.431,1,4.455,1,1159.0,1,4.455,1,34.431,1
5905618,2025-12-21T19:43:20Z,1,-41.12795,154.52955,1,1161.0,1,34.43,1,4.452,1,1161.0,1,4.452,1,34.43,1
5905618,2025-12-21T19:43:20Z,1,-41.12795,154.52955,1,1163.4,1,34.432,1,4.432,1,1163.4,1,4.432,1,34.432,1
5905618,2025-12-21T19:43:20Z,1,-41.12795,154.52955,1,1165.9,1,34.431,1,4.415,1,1165.9,1,4.415,1,34.431,1
5905618,2025-12-21T19:43:20Z,1,-41.12795,154.52955,1,1167.8,1,34.432,1,4.404,1,1167.8,1,4.404,1,34.432,1
5905618,2025-12-21T19:43:20Z,1,-41.12795,154.52955,1,1169.7,1,34.433,1,4.397,1,1169.7,1,4.397,1,34.433,1
5905618,2025-12-21T19:43:20Z,1,-41.12795,154.52955,1,1171.7,1,34.432,1,4.389,1,1171.7,1,4.389,1,34.432,1
5905618,2025-12-21T19:43:20Z,1,-41.12795,154.52955,1,1173.7,1,34.433,1,4.385,1,1173.7,1,4.385,1,34.433,1
5905618,2025-12-21T19:43:20Z,1,-41.12795,154.52955,1,1175.6,1,34.433,1,4.378,1,1175.6,1,4.378,1,34.433,1
5905618,2025-12-21T19:43:20Z,1,-41.12795,154.52955,1,1177.6,1,34.433,1,4.369,1,1177.6,1,4.369,1,34.433,1
5905618,2025-12-21T19:43:20Z,1,-41.12795,154.52955,1,1179.6,1,34.434,1,4.361,1,1179.6,1,4.361,1,34.434,1
5905618,2025-12-21T19:43:20Z,1,-41.12795,154.52955,1,1181.6,1,34.434,1,4.356,1,1181.6,1,4.356,1,34.434,1
5905618,2025-12-21T19:43:20Z,1,-41.12795,154.52955,1,1183.5,1,34.434,1,4.347,1,1183.5,1,4.347,1,34.434,1
5905618,2025-12-21T19:43:20Z,1,-41.12795,154.52955,1,1185.4,1,34.435,1,4.335,1,1185.4,1,4.335,1,34.435,1
5905618,2025-12-21T19:43:20Z,1,-41.12795,154.52955,1,1187.3,1,34.435,1,4.327,1,1187.3,1,4.327,1,34.435,1
5905618,2025-12-21T19:43:20Z,1,-41.12795,154.52955,1,1189.4,1,34.435,1,4.315,1,1189.4,1,4.315,1,34.435,1
5905618,2025-12-21T19:43:20Z,1,-41.12795,154.52955,1,1191.4,1,34.436,1,4.306,1,1191.4,1,4.306,1,34.436,1
5905618,2025-12-21T19:43:20Z,1,-41.12795,154.52955,1,1193.4,1,34.436,1,4.304,1,1193.4,1,4.304,1,34.436,1
5905618,2025-12-21T19:43:20Z,1,-41.12795,154.52955,1,1195.4,1,34.437,1,4.297,1,1195.4,1,4.297,1,34.437,1
5905618,2025-12-21T19:43:20Z,1,-41.12795,154.52955,1,1197.4,1,34.437,1,4.279,1,1197.4,1,4.279,1,34.437,1
5905618,2025-12-21T19:43:20Z,1,-41.12795,154.52955,1,1199.4,1,34.438,1,4.269,1,1199.4,1,4.269,1,34.438,1
5905618,2025-12-21T19:43:20Z,1,-41.12795,154.52955,1,1201.4,1,34.439,1,4.257,1,1201.4,1,4.257,1,34.439,1
5905618,2025-12-21T19:43:20Z,1,-41.12795,154.52955,1,1203.3,1,34.438,1,4.252,1,1203.3,1,4.252,1,34.438,1
5905618,2025-12-21T19:43:20Z,1,-41.12795,154.52955,1,1205.3,1,34.439,1,4.247,1,1205.3,1,4.247,1,34.439,1
5905618,2025-12-21T19:43:20Z,1,-41.12795,154.52955,1,1207.2,1,34.439,1,4.246,1,1207.2,1,4.246,1,34.439,1
5905618,2025-12-21T19:43:20Z,1,-41.12795,154.52955,1,1209.2,1,34.439,1,4.241,1,1209.2,1,4.241,1,34.439,1
5905618,2025-12-21T19:43:20Z,1,-41.12795,154.52955,1,1211.1,1,34.44,1,4.231,1,1211.1,1,4.231,1,34.44,1
5905618,2025-12-21T19:43:20Z,1,-41.12795,154.52955,1,1213.4,1,34.44,1,4.22,1,1213.4,1,4.22,1,34.44,1
5905618,2025-12-21T19:43:20Z,1,-41.12795,154.52955,1,1215.8,1,34.44,1,4.214,1,1215.8,1,4.214,1,34.44,1
5905618,2025-12-21T19:43:20Z,1,-41.12795,154.52955,1,1217.7,1,34.442,1,4.212,1,1217.7,1,4.212,1,34.442,1
5905618,2025-12-21T19:43:20Z,1,-41.12795,154.52955,1,1219.6,1,34.444,1,4.209,1,1219.6,1,4.209,1,34.444,1
5905618,2025-12-21T19:43:20Z,1,-41.12795,154.52955,1,1221.4,1,34.443,1,4.201,1,1221.4,1,4.201,1,34.443,1
5905618,2025-12-21T19:43:20Z,1,-41.12795,154.52955,1,1223.3,1,34.444,1,4.195,1,1223.3,1,4.195,1,34.444,1
5905618,2025-12-21T19:43:20Z,1,-41.12795,154.52955,1,1225.2,1,34.446,1,4.186,1,1225.2,1,4.186,1,34.446,1
5905618,2025-12-21T19:43:20Z,1,-41.12795,154.52955,1,1227.5,1,34.45,1,4.177,1,1227.5,1,4.177,1,34.45,1
5905618,2025-12-21T19:43:20Z,1,-41.12795,154.52955,1,1229.7,1,34.451,1,4.172,1,1229.7,1,4.172,1,34.451,1
5905618,2025-12-21T19:43:20Z,1,-41.12795,154.52955,1,1231.5,1,34.453,1,4.166,1,1231.5,1,4.166,1,34.453,1
5905618,2025-12-21T19:43:20Z,1,-41.12795,154.52955,1,1233.3,1,34.451,1,4.16,1,1233.3,1,4.16,1,34.451,1
5905618,2025-12-21T19:43:20Z,1,-41.12795,154.52955,1,1235.1,1,34.454,1,4.137,1,1235.1,1,4.137,1,34.454,1
5905618,2025-12-21T19:43:20Z,1,-41.12795,154.52955,1,1237.4,1,34.455,1,4.13,1,1237.4,1,4.13,1,34.455,1
5905618,2025-12-21T19:43:20Z,1,-41.12795,154.52955,1,1239.6,1,34.455,1,4.124,1,1239.6,1,4.124,1,34.455,1
5905618,2025-12-21T19:43:20Z,1,-41.12795,154.52955,1,1241.5,1,34.455,1,4.121,1,1241.5,1,4.121,1,34.455,1
5905618,2025-12-21T19:43:20Z,1,-41.12795,154.52955,1,1243.3,1,34.455,1,4.115,1,1243.3,1,4.115,1,34.455,1
5905618,2025-12-21T19:43:20Z,1,-41.12795,154.52955,1,1245.1,1,34.455,1,4.109,1,1245.1,1,4.109,1,34.455,1
5905618,2025-12-21T19:43:20Z,1,-41.12795,154.52955,1,1247.4,1,34.456,1,4.099,1,1247.4,1,4.099,1,34.456,1
5905618,2025-12-21T19:43:20Z,1,-41.12795,154.52955,1,1249.6,1,34.457,1,4.092,1,1249.6,1,4.092,1,34.457,1
5905618,2025-12-21T19:43:20Z,1,-41.12795,154.52955,1,1251.4,1,34.457,1,4.091,1,1251.4,1,4.091,1,34.457,1
5905618,2025-12-21T19:43:20Z,1,-41.12795,154.52955,1,1253.2,1,34.458,1,4.085,1,1253.2,1,4.085,1,34.458,1
5905618,2025-12-21T19:43:20Z,1,-41.12795,154.52955,1,1255.0,1,34.458,1,4.075,1,1255.0,1,4.075,1,34.458,1
5905618,2025-12-21T19:43:20Z,1,-41.12795,154.52955,1,1257.4,1,34.459,1,4.05,1,1257.4,1,4.05,1,34.459,1
5905618,2025-12-21T19:43:20Z,1,-41.12795,154.52955,1,1259.6,1,34.461,1,4.031,1,1259.6,1,4.031,1,34.461,1
5905618,2025-12-21T19:43:20Z,1,-41.12795,154.52955,1,1261.4,1,34.46,1,4.023,1,1261.4,1,4.023,1,34.46,1
5905618,2025-12-21T19:43:20Z,1,-41.12795,154.52955,1,1263.3,1,34.46,1,4.011,1,1263.3,1,4.011,1,34.46,1
5905618,2025-12-21T19:43:20Z,1,-41.12795,154.52955,1,1265.1,1,34.461,1,3.995,1,1265.1,1,3.995,1,34.461,1
5905618,2025-12-21T19:43:20Z,1,-41.12795,154.52955,1,1267.4,1,34.461,1,3.988,1,1267.4,1,3.988,1,34.461,1
5905618,2025-12-21T19:43:20Z,1,-41.12795,154.52955,1,1269.7,1,34.461,1,3.977,1,1269.7,1,3.977,1,34.461,1
5905618,2025-12-21T19:43:20Z,1,-41.12795,154.52955,1,1271.5,1,34.46,1,3.962,1,1271.5,1,3.962,1,34.46,1
5905618,2025-12-21T19:43:20Z,1,-41.12795,154.52955,1,1273.3,1,34.46,1,3.951,1,1273.3,1,3.951,1,34.46,1
5905618,2025-12-21T19:43:20Z,1,-41.12795,154.52955,1,1275.1,1,34.461,1,3.935,1,1275.1,1,3.935,1,34.461,1
5905618,2025-12-21T19:43:20Z,1,-41.12795,154.52955,1,1277.3,1,34.463,1,3.919,1,1277.3,1,3.919,1,34.463,1
5905618,2025-12-21T19:43:20Z,1,-41.12795,154.52955,1,1279.6,1,34.464,1,3.914,1,1279.6,1,3.914,1,34.464,1
5905618,2025-12-21T19:43:20Z,1,-41.12795,154.52955,1,1281.4,1,34.464,1,3.908,1,1281.4,1,3.908,1,34.464,1
5905618,2025-12-21T19:43:20Z,1,-41.12795,154.52955,1,1283.2,1,34.464,1,3.907,1,1283.2,1,3.907,1,34.464,1
5905618,2025-12-21T19:43:20Z,1,-41.12795,154.52955,1,1285.1,1,34.465,1,3.897,1,1285.1,1,3.897,1,34.465,1
5905618,2025-12-21T19:43:20Z,1,-41.12795,154.52955,1,1287.4,1,34.465,1,3.893,1,1287.4,1,3.893,1,34.465,1
5905618,2025-12-21T19:43:20Z,1,-41.12795,154.52955,1,1289.7,1,34.466,1,3.886,1,1289.7,1,3.886,1,34.466,1
5905618,2025-12-21T19:43:20Z,1,-41.12795,154.52955,1,1291.6,1,34.467,1,3.883,1,1291.6,1,3.883,1,34.467,1
5905618,2025-12-21T19:43:20Z,1,-41.12795,154.52955,1,1293.5,1,34.468,1,3.87,1,1293.5,1,3.87,1,34.468,1
5905618,2025-12-21T19:43:20Z,1,-41.12795,154.52955,1,1295.5,1,34.468,1,3.862,1,1295.5,1,3.862,1,34.468,1
5905618,2025-12-21T19:43:20Z,1,-41.12795,154.52955,1,1297.4,1,34.468,1,3.851,1,1297.4,1,3.851,1,34.468,1
5905618,2025-12-21T19:43:20Z,1,-41.12795,154.52955,1,1299.3,1,34.469,1,3.838,1,1299.3,1,3.838,1,34.469,1
5905618,2025-12-21T19:43:20Z,1,-41.12795,154.52955,1,1301.2,1,34.47,1,3.829,1,1301.2,1,3.829,1,34.47,1
5905618,2025-12-21T19:43:20Z,1,-41.12795,154.52955,1,1303.1,1,34.471,1,3.819,1,1303.1,1,3.819,1,34.471,1
5905618,2025-12-21T19:43:20Z,1,-41.12795,154.52955,1,1305.1,1,34.472,1,3.804,1,1305.1,1,3.804,1,34.472,1
5905618,2025-12-21T19:43:20Z,1,-41.12795,154.52955,1,1307.1,1,34.472,1,3.796,1,1307.1,1,3.796,1,34.472,1
5905618,2025-12-21T19:43:20Z,1,-41.12795,154.52955,1,1309.1,1,34.473,1,3.789,1,1309.1,1,3.789,1,34.473,1
5905618,2025-12-21T19:43:20Z,1,-41.12795,154.52955,1,1311.1,1,34.473,1,3.781,1,1311.1,1,3.781,1,34.473,1
5905618,2025-12-21T19:43:20Z,1,-41.12795,154.52955,1,1313.2,1,34.475,1,3.77,1,1313.2,1,3.77,1,34.475,1
5905618,2025-12-21T19:43:20Z,1,-41.12795,154.52955,1,1315.2,1,34.475,1,3.766,1,1315.2,1,3.766,1,34.475,1
5905618,2025-12-21T19:43:20Z,1,-41.12795,154.52955,1,1317.1,1,34.475,1,3.762,1,1317.1,1,3.762,1,34.475,1
5905618,2025-12-21T19:43:20Z,1,-41.12795,154.52955,1,1319.4,1,34.475,1,3.757,1,1319.4,1,3.757,1,34.475,1
5905618,2025-12-21T19:43:20Z,1,-41.12795,154.52955,1,1321.3,1,34.476,1,3.755,1,1321.3,1,3.755,1,34.476,1
5905618,2025-12-21T19:43:20Z,1,-41.12795,154.52955,1,1323.3,1,34.477,1,3.739,1,1323.3,1,3.739,1,34.477,1
5905618,2025-12-21T19:43:20Z,1,-41.12795,154.52955,1,1325.6,1,34.478,1,3.73,1,1325.6,1,3.73,1,34.478,1
5905618,2025-12-21T19:43:20Z,1,-41.12795,154.52955,1,1327.6,1,34.478,1,3.728,1,1327.6,1,3.728,1,34.478,1
5905618,2025-12-21T19:43:20Z,1,-41.12795,154.52955,1,1329.2,1,34.478,1,3.727,1,1329.2,1,3.727,1,34.478,1
5905618,2025-12-21T19:43:20Z,1,-41.12795,154.52955,1,1331.3,1,34.48,1,3.719,1,1331.3,1,3.719,1,34.48,1
5905618,2025-12-21T19:43:20Z,1,-41.12795,154.52955,1,1333.4,1,34.481,1,3.71,1,1333.4,1,3.71,1,34.481,1
5905618,2025-12-21T19:43:20Z,1,-41.12795,154.52955,1,1335.4,1,34.482,1,3.707,1,1335.4,1,3.707,1,34.482,1
5905618,2025-12-21T19:43:20Z,1,-41.12795,154.52955,1,1337.5,1,34.482,1,3.703,1,1337.5,1,3.703,1,34.482,1
5905618,2025-12-21T19:43:20Z,1,-41.12795,154.52955,1,1339.6,1,34.482,1,3.698,1,1339.6,1,3.698,1,34.482,1
5905618,2025-12-21T19:43:20Z,1,-41.12795,154.52955,1,1341.7,1,34.483,1,3.69,1,1341.7,1,3.69,1,34.483,1
5905618,2025-12-21T19:43:20Z,1,-41.12795,154.52955,1,1343.4,1,34.483,1,3.688,1,1343.4,1,3.688,1,34.483,1
5905618,2025-12-21T19:43:20Z,1,-41.12795,154.52955,1,1345.5,1,34.484,1,3.678,1,1345.5,1,3.678,1,34.484,1
5905618,2025-12-21T19:43:20Z,1,-41.12795,154.52955,1,1347.7,1,34.485,1,3.67,1,1347.7,1,3.67,1,34.485,1
5905618,2025-12-21T19:43:20Z,1,-41.12795,154.52955,1,1349.4,1,34.485,1,3.664,1,1349.4,1,3.664,1,34.485,1
5905618,2025-12-21T19:43:20Z,1,-41.12795,154.52955,1,1351.2,1,34.485,1,3.66,1,1351.2,1,3.66,1,34.485,1
5905618,2025-12-21T19:43:20Z,1,-41.12795,154.52955,1,1353.5,1,34.486,1,3.647,1,1353.5,1,3.647,1,34.486,1
5905618,2025-12-21T19:43:20Z,1,-41.12795,154.52955,1,1355.6,1,34.488,1,3.627,1,1355.6,1,3.627,1,34.488,1
5905618,2025-12-21T19:43:20Z,1,-41.12795,154.52955,1,1357.4,1,34.489,1,3.621,1,1357.4,1,3.621,1,34.489,1
5905618,2025-12-21T19:43:20Z,1,-41.12795,154.52955,1,1359.2,1,34.49,1,3.613,1,1359.2,1,3.613,1,34.49,1
5905618,2025-12-21T19:43:20Z,1,-41.12795,154.52955,1,1361.5,1,34.489,1,3.609,1,1361.5,1,3.609,1,34.489,1
5905618,2025-12-21T19:43:20Z,1,-41.12795,154.52955,1,1363.7,1,34.49,1,3.606,1,1363.7,1,3.606,1,34.49,1
5905618,2025-12-21T19:43:20Z,1,-41.12795,154.52955,1,1365.6,1,34.491,1,3.603,1,1365.6,1,3.603,1,34.491,1
5905618,2025-12-21T19:43:20Z,1,-41.12795,154.52955,1,1367.4,1,34.49,1,3.6,1,1367.4,1,3.6,1,34.49,1
5905618,2025-12-21T19:43:20Z,1,-41.12795,154.52955,1,1369.2,1,34.492,1,3.591,1,1369.2,1,3.591,1,34.492,1
5905618,2025-12-21T19:43:20Z,1,-41.12795,154.52955,1,1371.1,1,34.494,1,3.574,1,1371.1,1,3.574,1,34.494,1
5905618,2025-12-21T19:43:20Z,1,-41.12795,154.52955,1,1373.4,1,34.494,1,3.568,1,1373.4,1,3.568,1,34.494,1
5905618,2025-12-21T19:43:20Z,1,-41.12795,154.52955,1,1375.8,1,34.495,1,3.565,1,1375.8,1,3.565,1,34.495,1
5905618,2025-12-21T19:43:20Z,1,-41.12795,154.52955,1,1377.6,1,34.495,1,3.562,1,1377.6,1,3.562,1,34.495,1
5905618,2025-12-21T19:43:20Z,1,-41.12795,154.52955,1,1379.5,1,34.497,1,3.553,1,1379.5,1,3.553,1,34.497,1
5905618,2025-12-21T19:43:20Z,1,-41.12795,154.52955,1,1381.4,1,34.498,1,3.55,1,1381.4,1,3.55,1,34.498,1
5905618,2025-12-21T19:43:20Z,1,-41.12795,154.52955,1,1383.3,1,34.498,1,3.547,1,1383.3,1,3.547,1,34.498,1
5905618,2025-12-21T19:43:20Z,1,-41.12795,154.52955,1,1385.2,1,34.498,1,3.546,1,1385.2,1,3.546,1,34.498,1
5905618,2025-12-21T19:43:20Z,1,-41.12795,154.52955,1,1387.1,1,34.5,1,3.536,1,1387.1,1,3.536,1,34.5,1
5905618,2025-12-21T19:43:20Z,1,-41.12795,154.52955,1,1389.5,1,34.502,1,3.523,1,1389.5,1,3.523,1,34.502,1
5905618,2025-12-21T19:43:20Z,1,-41.12795,154.52955,1,1391.9,1,34.503,1,3.521,1,1391.9,1,3.521,1,34.503,1
5905618,2025-12-21T19:43:20Z,1,-41.12795,154.52955,1,1393.8,1,34.503,1,3.519,1,1393.8,1,3.519,1,34.503,1
5905618,2025-12-21T19:43:20Z,1,-41.12795,154.52955,1,1395.8,1,34.503,1,3.514,1,1395.8,1,3.514,1,34.503,1
5905618,2025-12-21T19:43:20Z,1,-41.12795,154.52955,1,1397.7,1,34.504,1,3.504,1,1397.7,1,3.504,1,34.504,1
5905618,2025-12-21T19:43:20Z,1,-41.12795,154.52955,1,1399.6,1,34.504,1,3.501,1,1399.6,1,3.501,1,34.504,1
5905618,2025-12-21T19:43:20Z,1,-41.12795,154.52955,1,1401.6,1,34.505,1,3.497,1,1401.6,1,3.497,1,34.505,1
5905618,2025-12-21T19:43:20Z,1,-41.12795,154.52955,1,1403.5,1,34.506,1,3.495,1,1403.5,1,3.495,1,34.506,1
5905618,2025-12-21T19:43:20Z,1,-41.12795,154.52955,1,1405.4,1,34.507,1,3.49,1,1405.4,1,3.49,1,34.507,1
5905618,2025-12-21T19:43:20Z,1,-41.12795,154.52955,1,1407.4,1,34.508,1,3.486,1,1407.4,1,3.486,1,34.508,1
5905618,2025-12-21T19:43:20Z,1,-41.12795,154.52955,1,1409.3,1,34.509,1,3.481,1,1409.3,1,3.481,1,34.509,1
5905618,2025-12-21T19:43:20Z,1,-41.12795,154.52955,1,1411.3,1,34.509,1,3.469,1,1411.3,1,3.469,1,34.509,1
5905618,2025-12-21T19:43:20Z,1,-41.12795,154.52955,1,1413.3,1,34.51,1,3.459,1,1413.3,1,3.459,1,34.51,1
5905618,2025-12-21T19:43:20Z,1,-41.12795,154.52955,1,1415.2,1,34.51,1,3.451,1,1415.2,1,3.451,1,34.51,1
5905618,2025-12-21T19:43:20Z,1,-41.12795,154.52955,1,1417.2,1,34.513,1,3.439,1,1417.2,1,3.439,1,34.513,1
5905618,2025-12-21T19:43:20Z,1,-41.12795,154.52955,1,1419.1,1,34.514,1,3.436,1,1419.1,1,3.436,1,34.514,1
5905618,2025-12-21T19:43:20Z,1,-41.12795,154.52955,1,1421.1,1,34.515,1,3.429,1,1421.1,1,3.429,1,34.515,1
5905618,2025-12-21T19:43:20Z,1,-41.12795,154.52955,1,1423.1,1,34.516,1,3.421,1,1423.1,1,3.421,1,34.516,1
5905618,2025-12-21T19:43:20Z,1,-41.12795,154.52955,1,1425.1,1,34.515,1,3.415,1,1425.1,1,3.415,1,34.515,1
5905618,2025-12-21T19:43:20Z,1,-41.12795,154.52955,1,1427.1,1,34.516,1,3.406,1,1427.1,1,3.406,1,34.516,1
5905618,2025-12-21T19:43:20Z,1,-41.12795,154.52955,1,1429.0,1,34.515,1,3.395,1,1429.0,1,3.395,1,34.515,1
5905618,2025-12-21T19:43:20Z,1,-41.12795,154.52955,1,1431.4,1,34.515,1,3.378,1,1431.4,1,3.378,1,34.515,1
5905618,2025-12-21T19:43:20Z,1,-41.12795,154.52955,1,1433.9,1,34.516,1,3.373,1,1433.9,1,3.373,1,34.516,1
5905618,2025-12-21T19:43:20Z,1,-41.12795,154.52955,1,1435.8,1,34.516,1,3.372,1,1435.8,1,3.372,1,34.516,1
5905618,2025-12-21T19:43:20Z,1,-41.12795,154.52955,1,1437.3,1,34.517,1,3.37,1,1437.3,1,3.37,1,34.517,1
5905618,2025-12-21T19:43:20Z,1,-41.12795,154.52955,1,1439.3,1,34.517,1,3.359,1,1439.3,1,3.359,1,34.517,1
5905618,2025-12-21T19:43:20Z,1,-41.12795,154.52955,1,1441.7,1,34.518,1,3.345,1,1441.7,1,3.345,1,34.518,1
5905618,2025-12-21T19:43:20Z,1,-41.12795,154.52955,1,1443.6,1,34.519,1,3.341,1,1443.6,1,3.341,1,34.519,1
5905618,2025-12-21T19:43:20Z,1,-41.12795,154.52955,1,1445.5,1,34.52,1,3.335,1,1445.5,1,3.335,1,34.52,1
5905618,2025-12-21T19:43:20Z,1,-41.12795,154.52955,1,1447.4,1,34.521,1,3.327,1,1447.4,1,3.327,1,34.521,1
5905618,2025-12-21T19:43:20Z,1,-41.12795,154.52955,1,1449.4,1,34.522,1,3.313,1,1449.4,1,3.313,1,34.522,1
5905618,2025-12-21T19:43:20Z,1,-41.12795,154.52955,1,1451.3,1,34.523,1,3.297,1,1451.3,1,3.297,1,34.523,1
5905618,2025-12-21T19:43:20Z,1,-41.12795,154.52955,1,1453.2,1,34.524,1,3.29,1,1453.2,1,3.29,1,34.524,1
5905618,2025-12-21T19:43:20Z,1,-41.12795,154.52955,1,1455.0,1,34.523,1,3.284,1,1455.0,1,3.284,1,34.523,1
5905618,2025-12-21T19:43:20Z,1,-41.12795,154.52955,1,1457.4,1,34.526,1,3.284,1,1457.4,1,3.284,1,34.526,1
5905618,2025-12-21T19:43:20Z,1,-41.12795,154.52955,1,1459.9,1,34.527,1,3.281,1,1459.9,1,3.281,1,34.527,1
5905618,2025-12-21T19:43:20Z,1,-41.12795,154.52955,1,1461.9,1,34.527,1,3.274,1,1461.9,1,3.274,1,34.527,1
5905618,2025-12-21T19:43:20Z,1,-41.12795,154.52955,1,1463.7,1,34.525,1,3.261,1,1463.7,1,3.261,1,34.525,1
5905618,2025-12-21T19:43:20Z,1,-41.12795,154.52955,1,1465.7,1,34.527,1,3.254,1,1465.7,1,3.254,1,34.527,1
5905618,2025-12-21T19:43:20Z,1,-41.12795,154.52955,1,1467.6,1,34.528,1,3.249,1,1467.6,1,3.249,1,34.528,1
5905618,2025-12-21T19:43:20Z,1,-41.12795,154.52955,1,1469.5,1,34.529,1,3.242,1,1469.5,1,3.242,1,34.529,1
5905618,2025-12-21T19:43:20Z,1,-41.12795,154.52955,1,1471.4,1,34.529,1,3.236,1,1471.4,1,3.236,1,34.529,1
5905618,2025-12-21T19:43:20Z,1,-41.12795,154.52955,1,1473.4,1,34.529,1,3.234,1,1473.4,1,3.234,1,34.529,1
5905618,2025-12-21T19:43:20Z,1,-41.12795,154.52955,1,1475.2,1,34.53,1,3.225,1,1475.2,1,3.225,1,34.53,1
5905618,2025-12-21T19:43:20Z,1,-41.12795,154.52955,1,1477.2,1,34.532,1,3.214,1,1477.2,1,3.214,1,34.532,1
5905618,2025-12-21T19:43:20Z,1,-41.12795,154.52955,1,1479.1,1,34.532,1,3.212,1,1479.1,1,3.212,1,34.532,1
5905618,2025-12-21T19:43:20Z,1,-41.12795,154.52955,1,1481.4,1,34.532,1,3.208,1,1481.4,1,3.208,1,34.532,1
5905618,2025-12-21T19:43:20Z,1,-41.12795,154.52955,1,1483.9,1,34.533,1,3.2,1,1483.9,1,3.2,1,34.533,1
5905618,2025-12-21T19:43:20Z,1,-41.12795,154.52955,1,1485.8,1,34.533,1,3.194,1,1485.8,1,3.194,1,34.533,1
5905618,2025-12-21T19:43:20Z,1,-41.12795,154.52955,1,1487.7,1,34.533,1,3.185,1,1487.7,1,3.185,1,34.533,1
5905618,2025-12-21T19:43:20Z,1,-41.12795,154.52955,1,1489.6,1,34.534,1,3.181,1,1489.6,1,3.181,1,34.534,1
5905618,2025-12-21T19:43:20Z,1,-41.12795,154.52955,1,1491.5,1,34.536,1,3.179,1,1491.5,1,3.179,1,34.536,1
5905618,2025-12-21T19:43:20Z,1,-41.12795,154.52955,1,1493.4,1,34.536,1,3.176,1,1493.4,1,3.176,1,34.536,1
5905618,2025-12-21T19:43:20Z,1,-41.12795,154.52955,1,1495.4,1,34.536,1,3.174,1,1495.4,1,3.174,1,34.536,1
5905618,2025-12-21T19:43:20Z,1,-41.12795,154.52955,1,1497.4,1,34.536,1,3.17,1,1497.4,1,3.17,1,34.536,1
5905618,2025-12-21T19:43:20Z,1,-41.12795,154.52955,1,1499.3,1,34.536,1,3.168,1,1499.3,1,3.168,1,34.536,1
5905618,2025-12-21T19:43:20Z,1,-41.12795,154.52955,1,1501.2,1,34.536,1,3.166,1,1501.2,1,3.166,1,34.536,1
5905618,2025-12-21T19:43:20Z,1,-41.12795,154.52955,1,1503.1,1,34.538,1,3.158,1,1503.1,1,3.158,1,34.538,1
5905618,2025-12-21T19:43:20Z,1,-41.12795,154.52955,1,1505.0,1,34.54,1,3.159,1,1505.0,1,3.159,1,34.54,1
5905618,2025-12-21T19:43:20Z,1,-41.12795,154.52955,1,1507.4,1,34.541,1,3.153,1,1507.4,1,3.153,1,34.541,1
5905618,2025-12-21T19:43:20Z,1,-41.12795,154.52955,1,1509.8,1,34.542,1,3.145,1,1509.8,1,3.145,1,34.542,1
5905618,2025-12-21T19:43:20Z,1,-41.12795,154.52955,1,1511.7,1,34.542,1,3.139,1,1511.7,1,3.139,1,34.542,1
5905618,2025-12-21T19:43:20Z,1,-41.12795,154.52955,1,1513.7,1,34.543,1,3.134,1,1513.7,1,3.134,1,34.543,1
5905618,2025-12-21T19:43:20Z,1,-41.12795,154.52955,1,1515.6,1,34.543,1,3.12,1,1515.6,1,3.12,1,34.543,1
5905618,2025-12-21T19:43:20Z,1,-41.12795,154.52955,1,1517.5,1,34.543,1,3.113,1,1517.5,1,3.113,1,34.543,1
5905618,2025-12-21T19:43:20Z,1,-41.12795,154.52955,1,1519.4,1,34.544,1,3.108,1,1519.4,1,3.108,1,34.544,1
5905618,2025-12-21T19:43:20Z,1,-41.12795,154.52955,1,1521.3,1,34.544,1,3.102,1,1521.3,1,3.102,1,34.544,1
5905618,2025-12-21T19:43:20Z,1,-41.12795,154.52955,1,1523.2,1,34.545,1,3.098,1,1523.2,1,3.098,1,34.545,1
5905618,2025-12-21T19:43:20Z,1,-41.12795,154.52955,1,1525.1,1,34.546,1,3.096,1,1525.1,1,3.096,1,34.546,1
5905618,2025-12-21T19:43:20Z,1,-41.12795,154.52955,1,1527.0,1,34.547,1,3.085,1,1527.0,1,3.085,1,34.547,1
5905618,2025-12-21T19:43:20Z,1,-41.12795,154.52955,1,1529.4,1,34.548,1,3.076,1,1529.4,1,3.076,1,34.548,1
5905618,2025-12-21T19:43:20Z,1,-41.12795,154.52955,1,1531.9,1,34.55,1,3.061,1,1531.9,1,3.061,1,34.55,1
5905618,2025-12-21T19:43:20Z,1,-41.12795,154.52955,1,1533.8,1,34.551,1,3.055,1,1533.8,1,3.055,1,34.551,1
5905618,2025-12-21T19:43:20Z,1,-41.12795,154.52955,1,1535.7,1,34.551,1,3.051,1,1535.7,1,3.051,1,34.551,1
5905618,2025-12-21T19:43:20Z,1,-41.12795,154.52955,1,1537.7,1,34.551,1,3.049,1,1537.7,1,3.049,1,34.551,1
5905618,2025-12-21T19:43:20Z,1,-41.12795,154.52955,1,1539.6,1,34.552,1,3.041,1,1539.6,1,3.041,1,34.552,1
5905618,2025-12-21T19:43:20Z,1,-41.12795,154.52955,1,1541.5,1,34.553,1,3.03,1,1541.5,1,3.03,1,34.553,1
5905618,2025-12-21T19:43:20Z,1,-41.12795,154.52955,1,1543.4,1,34.555,1,3.02,1,1543.4,1,3.02,1,34.555,1
5905618,2025-12-21T19:43:20Z,1,-41.12795,154.52955,1,1545.4,1,34.557,1,3.012,1,1545.4,1,3.012,1,34.557,1
5905618,2025-12-21T19:43:20Z,1,-41.12795,154.52955,1,1547.4,1,34.559,1,3.009,1,1547.4,1,3.009,1,34.559,1
5905618,2025-12-21T19:43:20Z,1,-41.12795,154.52955,1,1549.3,1,34.56,1,3.013,1,1549.3,1,3.013,1,34.56,1
5905618,2025-12-21T19:43:20Z,1,-41.12795,154.52955,1,1551.2,1,34.562,1,3.016,1,1551.2,1,3.016,1,34.562,1
5905618,2025-12-21T19:43:20Z,1,-41.12795,154.52955,1,1553.1,1,34.564,1,3.01,1,1553.1,1,3.01,1,34.564,1
5905618,2025-12-21T19:43:20Z,1,-41.12795,154.52955,1,1555.1,1,34.564,1,3.004,1,1555.1,1,3.004,1,34.564,1
5905618,2025-12-21T19:43:20Z,1,-41.12795,154.52955,1,1557.0,1,34.564,1,2.994,1,1557.0,1,2.994,1,34.564,1
5905618,2025-12-21T19:43:20Z,1,-41.12795,154.52955,1,1558.9,1,34.564,1,2.99,1,1558.9,1,2.99,1,34.564,1
5905618,2025-12-21T19:43:20Z,1,-41.12795,154.52955,1,1561.4,1,34.565,1,2.989,1,1561.4,1,2.989,1,34.565,1
5905618,2025-12-21T19:43:20Z,1,-41.12795,154.52955,1,1563.9,1,34.567,1,2.989,1,1563.9,1,2.989,1,34.567,1
5905618,2025-12-21T19:43:20Z,1,-41.12795,154.52955,1,1565.8,1,34.566,1,2.99,1,1565.8,1,2.99,1,34.566,1
5905618,2025-12-21T19:43:20Z,1,-41.12795,154.52955,1,1567.8,1,34.567,1,2.989,1,1567.8,1,2.989,1,34.567,1
5905618,2025-12-21T19:43:20Z,1,-41.12795,154.52955,1,1569.8,1,34.568,1,2.986,1,1569.8,1,2.986,1,34.568,1
5905618,2025-12-21T19:43:20Z,1,-41.12795,154.52955,1,1571.8,1,34.568,1,2.98,1,1571.8,1,2.98,1,34.568,1
5905618,2025-12-21T19:43:20Z,1,-41.12795,154.52955,1,1573.9,1,34.569,1,2.979,1,1573.9,1,2.979,1,34.569,1
5905618,2025-12-21T19:43:20Z,1,-41.12795,154.52955,1,1575.9,1,34.569,1,2.975,1,1575.9,1,2.975,1,34.569,1
5905618,2025-12-21T19:43:20Z,1,-41.12795,154.52955,1,1577.9,1,34.571,1,2.971,1,1577.9,1,2.971,1,34.571,1
5905618,2025-12-21T19:43:20Z,1,-41.12795,154.52955,1,1579.9,1,34.571,1,2.968,1,1579.9,1,2.968,1,34.571,1
5905618,2025-12-21T19:43:20Z,1,-41.12795,154.52955,1,1581.9,1,34.571,1,2.968,1,1581.9,1,2.968,1,34.571,1
5905618,2025-12-21T19:43:20Z,1,-41.12795,154.52955,1,1583.8,1,34.572,1,2.964,1,1583.8,1,2.964,1,34.572,1
5905618,2025-12-21T19:43:20Z,1,-41.12795,154.52955,1,1585.8,1,34.573,1,2.962,1,1585.8,1,2.962,1,34.573,1
5905618,2025-12-21T19:43:20Z,1,-41.12795,154.52955,1,1587.8,1,34.574,1,2.953,1,1587.8,1,2.953,1,34.574,1
5905618,2025-12-21T19:43:20Z,1,-41.12795,154.52955,1,1589.8,1,34.574,1,2.948,1,1589.8,1,2.948,1,34.574,1
5905618,2025-12-21T19:43:20Z,1,-41.12795,154.52955,1,1591.8,1,34.576,1,2.943,1,1591.8,1,2.943,1,34.576,1
5905618,2025-12-21T19:43:20Z,1,-41.12795,154.52955,1,1593.8,1,34.577,1,2.941,1,1593.8,1,2.941,1,34.577,1
5905618,2025-12-21T19:43:20Z,1,-41.12795,154.52955,1,1595.8,1,34.578,1,2.938,1,1595.8,1,2.938,1,34.578,1
5905618,2025-12-21T19:43:20Z,1,-41.12795,154.52955,1,1597.8,1,34.578,1,2.937,1,1597.8,1,2.937,1,34.578,1
5905618,2025-12-21T19:43:20Z,1,-41.12795,154.52955,1,1599.8,1,34.578,1,2.938,1,1599.8,1,2.938,1,34.578,1
5905618,2025-12-21T19:43:20Z,1,-41.12795,154.52955,1,1601.8,1,34.579,1,2.935,1,1601.8,1,2.935,1,34.579,1
5905618,2025-12-21T19:43:20Z,1,-41.12795,154.52955,1,1603.8,1,34.579,1,2.928,1,1603.8,1,2.928,1,34.579,1
5905618,2025-12-21T19:43:20Z,1,-41.12795,154.52955,1,1605.7,1,34.578,1,2.919,1,1605.7,1,2.919,1,34.578,1
5905618,2025-12-21T19:43:20Z,1,-41.12795,154.52955,1,1607.7,1,34.577,1,2.904,1,1607.7,1,2.904,1,34.577,1
5905618,2025-12-21T19:43:20Z,1,-41.12795,154.52955,1,1609.6,1,34.577,1,2.9,1,1609.6,1,2.9,1,34.577,1
5905618,2025-12-21T19:43:20Z,1,-41.12795,154.52955,1,1611.6,1,34.58,1,2.891,1,1611.6,1,2.891,1,34.58,1
5905618,2025-12-21T19:43:20Z,1,-41.12795,154.52955,1,1613.6,1,34.58,1,2.893,1,1613.6,1,2.893,1,34.58,1
5905618,2025-12-21T19:43:20Z,1,-41.12795,154.52955,1,1615.6,1,34.581,1,2.889,1,1615.6,1,2.889,1,34.581,1
5905618,2025-12-21T19:43:20Z,1,-41.12795,154.52955,1,1617.6,1,34.581,1,2.876,1,1617.6,1,2.876,1,34.581,1
5905618,2025-12-21T19:43:20Z,1,-41.12795,154.52955,1,1619.5,1,34.583,1,2.874,1,1619.5,1,2.874,1,34.583,1
5905618,2025-12-21T19:43:20Z,1,-41.12795,154.52955,1,1621.5,1,34.584,1,2.87,1,1621.5,1,2.87,1,34.584,1
5905618,2025-12-21T19:43:20Z,1,-41.12795,154.52955,1,1623.4,1,34.585,1,2.868,1,1623.4,1,2.868,1,34.585,1
5905618,2025-12-21T19:43:20Z,1,-41.12795,154.52955,1,1625.4,1,34.585,1,2.863,1,1625.4,1,2.863,1,34.585,1
5905618,2025-12-21T19:43:20Z,1,-41.12795,154.52955,1,1627.4,1,34.586,1,2.858,1,1627.4,1,2.858,1,34.586,1
5905618,2025-12-21T19:43:20Z,1,-41.12795,154.52955,1,1629.4,1,34.586,1,2.853,1,1629.4,1,2.853,1,34.586,1
5905618,2025-12-21T19:43:20Z,1,-41.12795,154.52955,1,1631.4,1,34.586,1,2.849,1,1631.4,1,2.849,1,34.586,1
5905618,2025-12-21T19:43:20Z,1,-41.12795,154.52955,1,1633.4,1,34.587,1,2.847,1,1633.4,1,2.847,1,34.587,1
5905618,2025-12-21T19:43:20Z,1,-41.12795,154.52955,1,1635.4,1,34.587,1,2.848,1,1635.4,1,2.848,1,34.587,1
5905618,2025-12-21T19:43:20Z,1,-41.12795,154.52955,1,1637.5,1,34.587,1,2.844,1,1637.5,1,2.844,1,34.587,1
5905618,2025-12-21T19:43:20Z,1,-41.12795,154.52955,1,1639.5,1,34.588,1,2.839,1,1639.5,1,2.839,1,34.588,1
5905618,2025-12-21T19:43:20Z,1,-41.12795,154.52955,1,1641.4,1,34.588,1,2.833,1,1641.4,1,2.833,1,34.588,1
5905618,2025-12-21T19:43:20Z,1,-41.12795,154.52955,1,1643.4,1,34.589,1,2.825,1,1643.4,1,2.825,1,34.589,1
5905618,2025-12-21T19:43:20Z,1,-41.12795,154.52955,1,1645.4,1,34.589,1,2.821,1,1645.4,1,2.821,1,34.589,1
5905618,2025-12-21T19:43:20Z,1,-41.12795,154.52955,1,1647.4,1,34.59,1,2.817,1,1647.4,1,2.817,1,34.59,1
5905618,2025-12-21T19:43:20Z,1,-41.12795,154.52955,1,1649.4,1,34.59,1,2.817,1,1649.4,1,2.817,1,34.59,1
5905618,2025-12-21T19:43:20Z,1,-41.12795,154.52955,1,1651.5,1,34.59,1,2.815,1,1651.5,1,2.815,1,34.59,1
5905618,2025-12-21T19:43:20Z,1,-41.12795,154.52955,1,1653.5,1,34.59,1,2.813,1,1653.5,1,2.813,1,34.59,1
5905618,2025-12-21T19:43:20Z,1,-41.12795,154.52955,1,1655.5,1,34.591,1,2.809,1,1655.5,1,2.809,1,34.591,1
5905618,2025-12-21T19:43:20Z,1,-41.12795,154.52955,1,1657.4,1,34.592,1,2.803,1,1657.4,1,2.803,1,34.592,1
5905618,2025-12-21T19:43:20Z,1,-41.12795,154.52955,1,1659.4,1,34.592,1,2.796,1,1659.4,1,2.796,1,34.592,1
5905618,2025-12-21T19:43:20Z,1,-41.12795,154.52955,1,1661.4,1,34.593,1,2.794,1,1661.4,1,2.794,1,34.593,1
5905618,2025-12-21T19:43:20Z,1,-41.12795,154.52955,1,1663.4,1,34.594,1,2.786,1,1663.4,1,2.786,1,34.594,1
5905618,2025-12-21T19:43:20Z,1,-41.12795,154.52955,1,1665.5,1,34.595,1,2.783,1,1665.5,1,2.783,1,34.595,1
5905618,2025-12-21T19:43:20Z,1,-41.12795,154.52955,1,1667.5,1,34.595,1,2.78,1,1667.5,1,2.78,1,34.595,1
5905618,2025-12-21T19:43:20Z,1,-41.12795,154.52955,1,1669.5,1,34.596,1,2.776,1,1669.5,1,2.776,1,34.596,1
5905618,2025-12-21T19:43:20Z,1,-41.12795,154.52955,1,1671.6,1,34.596,1,2.773,1,1671.6,1,2.773,1,34.596,1
5905618,2025-12-21T19:43:20Z,1,-41.12795,154.52955,1,1673.6,1,34.597,1,2.771,1,1673.6,1,2.771,1,34.597,1
5905618,2025-12-21T19:43:20Z,1,-41.12795,154.52955,1,1675.3,1,34.597,1,2.769,1,1675.3,1,2.769,1,34.597,1
5905618,2025-12-21T19:43:20Z,1,-41.12795,154.52955,1,1677.3,1,34.598,1,2.763,1,1677.3,1,2.763,1,34.598,1
5905618,2025-12-21T19:43:20Z,1,-41.12795,154.52955,1,1679.4,1,34.599,1,2.762,1,1679.4,1,2.762,1,34.599,1
5905618,2025-12-21T19:43:20Z,1,-41.12795,154.52955,1,1681.4,1,34.599,1,2.761,1,1681.4,1,2.761,1,34.599,1
5905618,2025-12-21T19:43:20Z,1,-41.12795,154.52955,1,1683.6,1,34.599,1,2.76,1,1683.6,1,2.76,1,34.599,1
5905618,2025-12-21T19:43:20Z,1,-41.12795,154.52955,1,1685.3,1,34.6,1,2.757,1,1685.3,1,2.757,1,34.6,1
5905618,2025-12-21T19:43:20Z,1,-41.12795,154.52955,1,1687.4,1,34.6,1,2.754,1,1687.4,1,2.754,1,34.6,1
5905618,2025-12-21T19:43:20Z,1,-41.12795,154.52955,1,1689.6,1,34.6,1,2.753,1,1689.6,1,2.753,1,34.6,1
5905618,2025-12-21T19:43:20Z,1,-41.12795,154.52955,1,1691.2,1,34.6,1,2.751,1,1691.2,1,2.751,1,34.6,1
5905618,2025-12-21T19:43:20Z,1,-41.12795,154.52955,1,1693.4,1,34.602,1,2.744,1,1693.4,1,2.744,1,34.602,1
5905618,2025-12-21T19:43:20Z,1,-41.12795,154.52955,1,1695.5,1,34.602,1,2.743,1,1695.5,1,2.743,1,34.602,1
5905618,2025-12-21T19:43:20Z,1,-41.12795,154.52955,1,1697.3,1,34.602,1,2.742,1,1697.3,1,2.742,1,34.602,1
5905618,2025-12-21T19:43:20Z,1,-41.12795,154.52955,1,1699.5,1,34.602,1,2.741,1,1699.5,1,2.741,1,34.602,1
5905618,2025-12-21T19:43:20Z,1,-41.12795,154.52955,1,1701.6,1,34.602,1,2.738,1,1701.6,1,2.738,1,34.602,1
5905618,2025-12-21T19:43:20Z,1,-41.12795,154.52955,1,1703.4,1,34.605,1,2.734,1,1703.4,1,2.734,1,34.605,1
5905618,2025-12-21T19:43:20Z,1,-41.12795,154.52955,1,1705.1,1,34.603,1,2.734,1,1705.1,1,2.734,1,34.603,1
5905618,2025-12-21T19:43:20Z,1,-41.12795,154.52955,1,1707.4,1,34.604,1,2.729,1,1707.4,1,2.729,1,34.604,1
5905618,2025-12-21T19:43:20Z,1,-41.12795,154.52955,1,1709.7,1,34.605,1,2.726,1,1709.7,1,2.726,1,34.605,1
5905618,2025-12-21T19:43:20Z,1,-41.12795,154.52955,1,1711.5,1,34.605,1,2.726,1,1711.5,1,2.726,1,34.605,1
5905618,2025-12-21T19:43:20Z,1,-41.12795,154.52955,1,1713.2,1,34.605,1,2.726,1,1713.2,1,2.726,1,34.605,1
5905618,2025-12-21T19:43:20Z,1,-41.12795,154.52955,1,1715.1,1,34.606,1,2.723,1,1715.1,1,2.723,1,34.606,1
5905618,2025-12-21T19:43:20Z,1,-41.12795,154.52955,1,1717.4,1,34.606,1,2.721,1,1717.4,1,2.721,1,34.606,1
5905618,2025-12-21T19:43:20Z,1,-41.12795,154.52955,1,1719.8,1,34.606,1,2.72,1,1719.8,1,2.72,1,34.606,1
5905618,2025-12-21T19:43:20Z,1,-41.12795,154.52955,1,1721.7,1,34.606,1,2.719,1,1721.7,1,2.719,1,34.606,1
5905618,2025-12-21T19:43:20Z,1,-41.12795,154.52955,1,1723.6,1,34.607,1,2.718,1,1723.6,1,2.718,1,34.607,1
5905618,2025-12-21T19:43:20Z,1,-41.12795,154.52955,1,1725.5,1,34.607,1,2.717,1,1725.5,1,2.717,1,34.607,1
5905618,2025-12-21T19:43:20Z,1,-41.12795,154.52955,1,1727.3,1,34.607,1,2.714,1,1727.3,1,2.714,1,34.607,1
5905618,2025-12-21T19:43:20Z,1,-41.12795,154.52955,1,1729.2,1,34.608,1,2.71,1,1729.2,1,2.71,1,34.608,1
5905618,2025-12-21T19:43:20Z,1,-41.12795,154.52955,1,1731.2,1,34.608,1,2.707,1,1731.2,1,2.707,1,34.608,1
5905618,2025-12-21T19:43:20Z,1,-41.12795,154.52955,1,1733.1,1,34.609,1,2.706,1,1733.1,1,2.706,1,34.609,1
5905618,2025-12-21T19:43:20Z,1,-41.12795,154.52955,1,1735.4,1,34.609,1,2.706,1,1735.4,1,2.706,1,34.609,1
5905618,2025-12-21T19:43:20Z,1,-41.12795,154.52955,1,1737.9,1,34.609,1,2.706,1,1737.9,1,2.706,1,34.609,1
5905618,2025-12-21T19:43:20Z,1,-41.12795,154.52955,1,1739.9,1,34.609,1,2.704,1,1739.9,1,2.704,1,34.609,1
5905618,2025-12-21T19:43:20Z,1,-41.12795,154.52955,1,1741.8,1,34.61,1,2.7,1,1741.8,1,2.7,1,34.61,1
5905618,2025-12-21T19:43:20Z,1,-41.12795,154.52955,1,1743.8,1,34.611,1,2.694,1,1743.8,1,2.694,1,34.611,1
5905618,2025-12-21T19:43:20Z,1,-41.12795,154.52955,1,1745.8,1,34.612,1,2.688,1,1745.8,1,2.688,1,34.612,1
5905618,2025-12-21T19:43:20Z,1,-41.12795,154.52955,1,1747.8,1,34.613,1,2.685,1,1747.8,1,2.685,1,34.613,1
5905618,2025-12-21T19:43:20Z,1,-41.12795,154.52955,1,1749.7,1,34.613,1,2.682,1,1749.7,1,2.682,1,34.613,1
5905618,2025-12-21T19:43:20Z,1,-41.12795,154.52955,1,1751.7,1,34.613,1,2.682,1,1751.7,1,2.682,1,34.613,1
5905618,2025-12-21T19:43:20Z,1,-41.12795,154.52955,1,1753.6,1,34.613,1,2.682,1,1753.6,1,2.682,1,34.613,1
5905618,2025-12-21T19:43:20Z,1,-41.12795,154.52955,1,1755.6,1,34.613,1,2.681,1,1755.6,1,2.681,1,34.613,1
5905618,2025-12-21T19:43:20Z,1,-41.12795,154.52955,1,1757.6,1,34.614,1,2.679,1,1757.6,1,2.679,1,34.614,1
5905618,2025-12-21T19:43:20Z,1,-41.12795,154.52955,1,1759.5,1,34.614,1,2.675,1,1759.5,1,2.675,1,34.614,1
5905618,2025-12-21T19:43:20Z,1,-41.12795,154.52955,1,1761.5,1,34.615,1,2.671,1,1761.5,1,2.671,1,34.615,1
5905618,2025-12-21T19:43:20Z,1,-41.12795,154.52955,1,1763.5,1,34.616,1,2.669,1,1763.5,1,2.669,1,34.616,1
5905618,2025-12-21T19:43:20Z,1,-41.12795,154.52955,1,1765.4,1,34.616,1,2.667,1,1765.4,1,2.667,1,34.616,1
5905618,2025-12-21T19:43:20Z,1,-41.12795,154.52955,1,1767.4,1,34.616,1,2.663,1,1767.4,1,2.663,1,34.616,1
5905618,2025-12-21T19:43:20Z,1,-41.12795,154.52955,1,1769.4,1,34.617,1,2.658,1,1769.4,1,2.658,1,34.617,1
5905618,2025-12-21T19:43:20Z,1,-41.12795,154.52955,1,1771.4,1,34.617,1,2.657,1,1771.4,1,2.657,1,34.617,1
5905618,2025-12-21T19:43:20Z,1,-41.12795,154.52955,1,1773.4,1,34.618,1,2.652,1,1773.4,1,2.652,1,34.618,1
5905618,2025-12-21T19:43:20Z,1,-41.12795,154.52955,1,1775.5,1,34.619,1,2.65,1,1775.5,1,2.65,1,34.619,1
5905618,2025-12-21T19:43:20Z,1,-41.12795,154.52955,1,1777.5,1,34.619,1,2.648,1,1777.5,1,2.648,1,34.619,1
5905618,2025-12-21T19:43:20Z,1,-41.12795,154.52955,1,1779.5,1,34.619,1,2.642,1,1779.5,1,2.642,1,34.619,1
5905618,2025-12-21T19:43:20Z,1,-41.12795,154.52955,1,1781.6,1,34.62,1,2.637,1,1781.6,1,2.637,1,34.62,1
5905618,2025-12-21T19:43:20Z,1,-41.12795,154.52955,1,1783.6,1,34.621,1,2.635,1,1783.6,1,2.635,1,34.621,1
5905618,2025-12-21T19:43:20Z,1,-41.12795,154.52955,1,1785.7,1,34.622,1,2.63,1,1785.7,1,2.63,1,34.622,1
5905618,2025-12-21T19:43:20Z,1,-41.12795,154.52955,1,1787.8,1,34.623,1,2.624,1,1787.8,1,2.624,1,34.623,1
5905618,2025-12-21T19:43:20Z,1,-41.12795,154.52955,1,1789.9,1,34.623,1,2.622,1,1789.9,1,2.622,1,34.623,1
5905618,2025-12-21T19:43:20Z,1,-41.12795,154.52955,1,1791.5,1,34.623,1,2.622,1,1791.5,1,2.622,1,34.623,1
5905618,2025-12-21T19:43:20Z,1,-41.12795,154.52955,1,1793.1,1,34.623,1,2.621,1,1793.1,1,2.621,1,34.623,1
5905618,2025-12-21T19:43:20Z,1,-41.12795,154.52955,1,1795.2,1,34.624,1,2.621,1,1795.2,1,2.621,1,34.624,1
5905618,2025-12-21T19:43:20Z,1,-41.12795,154.52955,1,1797.4,1,34.624,1,2.619,1,1797.4,1,2.619,1,34.624,1
5905618,2025-12-21T19:43:20Z,1,-41.12795,154.52955,1,1799.5,1,34.624,1,2.619,1,1799.5,1,2.619,1,34.624,1
5905618,2025-12-21T19:43:20Z,1,-41.12795,154.52955,1,1801.6,1,34.624,1,2.618,1,1801.6,1,2.618,1,34.624,1
5905618,2025-12-21T19:43:20Z,1,-41.12795,154.52955,1,1803.7,1,34.625,1,2.614,1,1803.7,1,2.614,1,34.625,1
5905618,2025-12-21T19:43:20Z,1,-41.12795,154.52955,1,1805.3,1,34.625,1,2.611,1,1805.3,1,2.611,1,34.625,1
5905618,2025-12-21T19:43:20Z,1,-41.12795,154.52955,1,1807.0,1,34.626,1,2.608,1,1807.0,1,2.608,1,34.626,1
5905618,2025-12-21T19:43:20Z,1,-41.12795,154.52955,1,1809.1,1,34.626,1,2.607,1,1809.1,1,2.607,1,34.626,1
5905618,2025-12-21T19:43:20Z,1,-41.12795,154.52955,1,1811.2,1,34.626,1,2.606,1,1811.2,1,2.606,1,34.626,1
5905618,2025-12-21T19:43:20Z,1,-41.12795,154.52955,1,1813.4,1,34.626,1,2.606,1,1813.4,1,2.606,1,34.626,1
5905618,2025-12-21T19:43:20Z,1,-41.12795,154.52955,1,1815.5,1,34.626,1,2.605,1,1815.5,1,2.605,1,34.626,1
5905618,2025-12-21T19:43:20Z,1,-41.12795,154.52955,1,1817.7,1,34.627,1,2.603,1,1817.7,1,2.603,1,34.627,1
5905618,2025-12-21T19:43:20Z,1,-41.12795,154.52955,1,1819.8,1,34.627,1,2.598,1,1819.8,1,2.598,1,34.627,1
5905618,2025-12-21T19:43:20Z,1,-41.12795,154.52955,1,1821.9,1,34.627,1,2.598,1,1821.9,1,2.598,1,34.627,1
5905618,2025-12-21T19:43:20Z,1,-41.12795,154.52955,1,1823.5,1,34.628,1,2.597,1,1823.5,1,2.597,1,34.628,1
5905618,2025-12-21T19:43:20Z,1,-41.12795,154.52955,1,1825.0,1,34.628,1,2.595,1,1825.0,1,2.595,1,34.628,1
5905618,2025-12-21T19:43:20Z,1,-41.12795,154.52955,1,1827.2,1,34.628,1,2.592,1,1827.2,1,2.592,1,34.628,1
5905618,2025-12-21T19:43:20Z,1,-41.12795,154.52955,1,1829.3,1,34.629,1,2.591,1,1829.3,1,2.591,1,34.629,1
5905618,2025-12-21T19:43:20Z,1,-41.12795,154.52955,1,1831.4,1,34.629,1,2.591,1,1831.4,1,2.591,1,34.629,1
5905618,2025-12-21T19:43:20Z,1,-41.12795,154.52955,1,1833.5,1,34.629,1,2.591,1,1833.5,1,2.591,1,34.629,1
5905618,2025-12-21T19:43:20Z,1,-41.12795,154.52955,1,1835.6,1,34.629,1,2.591,1,1835.6,1,2.591,1,34.629,1
5905618,2025-12-21T19:43:20Z,1,-41.12795,154.52955,1,1837.8,1,34.629,1,2.588,1,1837.8,1,2.588,1,34.629,1
5905618,2025-12-21T19:43:20Z,1,-41.12795,154.52955,1,1839.5,1,34.631,1,2.583,1,1839.5,1,2.583,1,34.631,1
5905618,2025-12-21T19:43:20Z,1,-41.12795,154.52955,1,1841.0,1,34.631,1,2.579,1,1841.0,1,2.579,1,34.631,1
5905618,2025-12-21T19:43:20Z,1,-41.12795,154.52955,1,1843.2,1,34.631,1,2.576,1,1843.2,1,2.576,1,34.631,1
5905618,2025-12-21T19:43:20Z,1,-41.12795,154.52955,1,1845.4,1,34.632,1,2.574,1,1845.4,1,2.574,1,34.632,1
5905618,2025-12-21T19:43:20Z,1,-41.12795,154.52955,1,1847.5,1,34.632,1,2.573,1,1847.5,1,2.573,1,34.632,1
5905618,2025-12-21T19:43:20Z,1,-41.12795,154.52955,1,1849.7,1,34.632,1,2.573,1,1849.7,1,2.573,1,34.632,1
5905618,2025-12-21T19:43:20Z,1,-41.12795,154.52955,1,1851.4,1,34.632,1,2.573,1,1851.4,1,2.573,1,34.632,1
5905618,2025-12-21T19:43:20Z,1,-41.12795,154.52955,1,1853.0,1,34.632,1,2.571,1,1853.0,1,2.571,1,34.632,1
5905618,2025-12-21T19:43:20Z,1,-41.12795,154.52955,1,1855.1,1,34.633,1,2.569,1,1855.1,1,2.569,1,34.633,1
5905618,2025-12-21T19:43:20Z,1,-41.12795,154.52955,1,1857.2,1,34.633,1,2.565,1,1857.2,1,2.565,1,34.633,1
5905618,2025-12-21T19:43:20Z,1,-41.12795,154.52955,1,1859.4,1,34.633,1,2.563,1,1859.4,1,2.563,1,34.633,1
5905618,2025-12-21T19:43:20Z,1,-41.12795,154.52955,1,1861.5,1,34.634,1,2.56,1,1861.5,1,2.56,1,34.634,1
5905618,2025-12-21T19:43:20Z,1,-41.12795,154.52955,1,1863.7,1,34.635,1,2.557,1,1863.7,1,2.557,1,34.635,1
5905618,2025-12-21T19:43:20Z,1,-41.12795,154.52955,1,1865.8,1,34.635,1,2.556,1,1865.8,1,2.556,1,34.635,1
5905618,2025-12-21T19:43:20Z,1,-41.12795,154.52955,1,1867.4,1,34.635,1,2.555,1,1867.4,1,2.555,1,34.635,1
5905618,2025-12-21T19:43:20Z,1,-41.12795,154.52955,1,1869.0,1,34.635,1,2.555,1,1869.0,1,2.555,1,34.635,1
5905618,2025-12-21T19:43:20Z,1,-41.12795,154.52955,1,1871.0,1,34.635,1,2.553,1,1871.0,1,2.553,1,34.635,1
5905618,2025-12-21T19:43:20Z,1,-41.12795,154.52955,1,1873.2,1,34.636,1,2.549,1,1873.2,1,2.549,1,34.636,1
5905618,2025-12-21T19:43:20Z,1,-41.12795,154.52955,1,1875.3,1,34.637,1,2.543,1,1875.3,1,2.543,1,34.637,1
5905618,2025-12-21T19:43:20Z,1,-41.12795,154.52955,1,1877.4,1,34.637,1,2.539,1,1877.4,1,2.539,1,34.637,1
5905618,2025-12-21T19:43:20Z,1,-41.12795,154.52955,1,1879.5,1,34.638,1,2.536,1,1879.5,1,2.536,1,34.638,1
5905618,2025-12-21T19:43:20Z,1,-41.12795,154.52955,1,1881.7,1,34.638,1,2.534,1,1881.7,1,2.534,1,34.638,1
5905618,2025-12-21T19:43:20Z,1,-41.12795,154.52955,1,1883.8,1,34.639,1,2.532,1,1883.8,1,2.532,1,34.639,1
5905618,2025-12-21T19:43:20Z,1,-41.12795,154.52955,1,1885.5,1,34.639,1,2.532,1,1885.5,1,2.532,1,34.639,1
5905618,2025-12-21T19:43:20Z,1,-41.12795,154.52955,1,1887.0,1,34.639,1,2.531,1,1887.0,1,2.531,1,34.639,1
5905618,2025-12-21T19:43:20Z,1,-41.12795,154.52955,1,1889.2,1,34.639,1,2.529,1,1889.2,1,2.529,1,34.639,1
5905618,2025-12-21T19:43:20Z,1,-41.12795,154.52955,1,1891.3,1,34.64,1,2.524,1,1891.3,1,2.524,1,34.64,1
5905618,2025-12-21T19:43:20Z,1,-41.12795,154.52955,1,1893.5,1,34.641,1,2.519,1,1893.5,1,2.519,1,34.641,1
5905618,2025-12-21T19:43:20Z,1,-41.12795,154.52955,1,1895.6,1,34.641,1,2.517,1,1895.6,1,2.517,1,34.641,1
5905618,2025-12-21T19:43:20Z,1,-41.12795,154.52955,1,1897.7,1,34.641,1,2.516,1,1897.7,1,2.516,1,34.641,1
5905618,2025-12-21T19:43:20Z,1,-41.12795,154.52955,1,1899.8,1,34.642,1,2.514,1,1899.8,1,2.514,1,34.642,1
5905618,2025-12-21T19:43:20Z,1,-41.12795,154.52955,1,1901.5,1,34.642,1,2.512,1,1901.5,1,2.512,1,34.642,1
5905618,2025-12-21T19:43:20Z,1,-41.12795,154.52955,1,1903.1,1,34.643,1,2.509,1,1903.1,1,2.509,1,34.643,1
5905618,2025-12-21T19:43:20Z,1,-41.12795,154.52955,1,1905.2,1,34.643,1,2.508,1,1905.2,1,2.508,1,34.643,1
5905618,2025-12-21T19:43:20Z,1,-41.12795,154.52955,1,1907.3,1,34.643,1,2.507,1,1907.3,1,2.507,1,34.643,1
5905618,2025-12-21T19:43:20Z,1,-41.12795,154.52955,1,1909.5,1,34.644,1,2.503,1,1909.5,1,2.503,1,34.644,1
5905618,2025-12-21T19:43:20Z,1,-41.12795,154.52955,1,1911.7,1,34.644,1,2.501,1,1911.7,1,2.501,1,34.644,1
5905618,2025-12-21T19:43:20Z,1,-41.12795,154.52955,1,1913.8,1,34.645,1,2.497,1,1913.8,1,2.497,1,34.645,1
5905618,2025-12-21T19:43:20Z,1,-41.12795,154.52955,1,1915.4,1,34.645,1,2.496,1,1915.4,1,2.496,1,34.645,1
5905618,2025-12-21T19:43:20Z,1,-41.12795,154.52955,1,1917.0,1,34.646,1,2.493,1,1917.0,1,2.493,1,34.646,1
5905618,2025-12-21T19:43:20Z,1,-41.12795,154.52955,1,1919.1,1,34.646,1,2.491,1,1919.1,1,2.491,1,34.646,1
5905618,2025-12-21T19:43:20Z,1,-41.12795,154.52955,1,1921.4,1,34.646,1,2.489,1,1921.4,1,2.489,1,34.646,1
5905618,2025-12-21T19:43:20Z,1,-41.12795,154.52955,1,1923.4,1,34.647,1,2.484,1,1923.4,1,2.484,1,34.647,1
5905618,2025-12-21T19:43:20Z,1,-41.12795,154.52955,1,1925.5,1,34.647,1,2.482,1,1925.5,1,2.482,1,34.647,1
5905618,2025-12-21T19:43:20Z,1,-41.12795,154.52955,1,1927.5,1,34.648,1,2.478,1,1927.5,1,2.478,1,34.648,1
5905618,2025-12-21T19:43:20Z,1,-41.12795,154.52955,1,1929.5,1,34.648,1,2.474,1,1929.5,1,2.474,1,34.648,1
5905618,2025-12-21T19:43:20Z,1,-41.12795,154.52955,1,1931.5,1,34.648,1,2.473,1,1931.5,1,2.473,1,34.648,1
5905618,2025-12-21T19:43:20Z,1,-41.12795,154.52955,1,1933.6,1,34.649,1,2.469,1,1933.6,1,2.469,1,34.649,1
5905618,2025-12-21T19:43:20Z,1,-41.12795,154.52955,1,1935.6,1,34.65,1,2.463,1,1935.6,1,2.463,1,34.65,1
5905618,2025-12-21T19:43:20Z,1,-41.12795,154.52955,1,1937.3,1,34.651,1,2.461,1,1937.3,1,2.461,1,34.651,1
5905618,2025-12-21T19:43:20Z,1,-41.12795,154.52955,1,1939.3,1,34.651,1,2.458,1,1939.3,1,2.458,1,34.651,1
5905618,2025-12-21T19:43:20Z,1,-41.12795,154.52955,1,1941.4,1,34.651,1,2.459,1,1941.4,1,2.459,1,34.651,1
5905618,2025-12-21T19:43:20Z,1,-41.12795,154.52955,1,1943.4,1,34.652,1,2.457,1,1943.4,1,2.457,1,34.652,1
5905618,2025-12-21T19:43:20Z,1,-41.12795,154.52955,1,1945.5,1,34.652,1,2.457,1,1945.5,1,2.457,1,34.652,1
5905618,2025-12-21T19:43:20Z,1,-41.12795,154.52955,1,1947.6,1,34.651,1,2.456,1,1947.6,1,2.456,1,34.651,1
5905618,2025-12-21T19:43:20Z,1,-41.12795,154.52955,1,1949.6,1,34.652,1,2.455,1,1949.6,1,2.455,1,34.652,1
5905618,2025-12-21T19:43:20Z,1,-41.12795,154.52955,1,1951.3,1,34.652,1,2.454,1,1951.3,1,2.454,1,34.652,1
5905618,2025-12-21T19:43:20Z,1,-41.12795,154.52955,1,1953.3,1,34.652,1,2.452,1,1953.3,1,2.452,1,34.652,1
5905618,2025-12-21T19:43:20Z,1,-41.12795,154.52955,1,1955.4,1,34.653,1,2.45,1,1955.4,1,2.45,1,34.653,1
5905618,2025-12-21T19:43:20Z,1,-41.12795,154.52955,1,1957.4,1,34.653,1,2.448,1,1957.4,1,2.448,1,34.653,1
5905618,2025-12-21T19:43:20Z,1,-41.12795,154.52955,1,1959.5,1,34.653,1,2.445,1,1959.5,1,2.445,1,34.653,1
5905618,2025-12-21T19:43:20Z,1,-41.12795,154.52955,1,1961.2,1,34.654,1,2.443,1,1961.2,1,2.443,1,34.654,1
5905618,2025-12-21T19:43:20Z,1,-41.12795,154.52955,1,1963.3,1,34.654,1,2.44,1,1963.3,1,2.44,1,34.654,1
5905618,2025-12-21T19:43:20Z,1,-41.12795,154.52955,1,1965.4,1,34.655,1,2.438,1,1965.4,1,2.438,1,34.655,1
5905618,2025-12-21T19:43:20Z,1,-41.12795,154.52955,1,1967.5,1,34.655,1,2.436,1,1967.5,1,2.436,1,34.655,1
5905618,2025-12-21T19:43:20Z,1,-41.12795,154.52955,1,1969.7,1,34.656,1,2.433,1,1969.7,1,2.433,1,34.656,1
5905618,2025-12-21T19:43:20Z,1,-41.12795,154.52955,1,1971.4,1,34.656,1,2.433,1,1971.4,1,2.433,1,34.656,1
5905618,2025-12-21T19:43:20Z,1,-41.12795,154.52955,1,1973.4,1,34.655,1,2.432,1,1973.4,1,2.432,1,34.655,1
5905618,2025-12-21T19:43:20Z,1,-41.12795,154.52955,1,1975.6,1,34.656,1,2.427,1,1975.6,1,2.427,1,34.656,1
5905618,2025-12-21T19:43:20Z,1,-41.12795,154.52955,1,1977.3,1,34.657,1,2.426,1,1977.3,1,2.426,1,34.657,1
5905618,2025-12-21T19:43:20Z,1,-41.12795,154.52955,1,1979.3,1,34.657,1,2.424,1,1979.3,1,2.424,1,34.657,1
5905618,2025-12-21T19:43:20Z,1,-41.12795,154.52955,1,1981.4,1,34.658,1,2.42,1,1981.4,1,2.42,1,34.658,1
5905618,2025-12-21T19:43:20Z,1,-41.12795,154.52955,1,1983.5,1,34.659,1,2.413,1,1983.5,1,2.413,1,34.659,1
5905618,2025-12-21T19:43:20Z,1,-41.12795,154.52955,1,1985.7,1,34.659,1,2.412,1,1985.7,1,2.412,1,34.659,1
5905618,2025-12-21T19:43:20Z,1,-41.12795,154.52955,1,1987.4,1,34.659,1,2.411,1,1987.4,1,2.411,1,34.659,1
5905618,2025-12-21T19:43:20Z,1,-41.12795,154.52955,1,1989.2,1,34.659,1,2.41,1,1989.2,1,2.41,1,34.659,1
5905618,2025-12-21T19:43:20Z,1,-41.12795,154.52955,1,1991.3,1,34.66,1,2.408,1,1991.3,1,2.408,1,34.66,1
5905618,2025-12-21T19:43:20Z,1,-41.12795,154.52955,1,1993.5,1,34.66,1,2.407,1,1993.5,1,2.407,1,34.66,1
5905618,2025-12-21T19:43:20Z,1,-41.12795,154.52955,1,1995.2,1,34.66,1,2.405,1,1995.2,1,2.405,1,34.66,1
5905618,2025-12-21T19:43:20Z,1,-41.12795,154.52955,1,1997.4,1,34.66,1,2.403,1,1997.4,1,2.403,1,34.66,1
5905618,2025-12-21T19:43:20Z,1,-41.12795,154.52955,1,1999.5,1,34.661,1,2.402,1,1999.5,1,2.402,1,34.661,1
5905618,2025-12-21T19:43:20Z,1,-41.12795,154.52955,1,2001.3,1,34.661,1,2.4,1,2001.3,1,2.4,1,34.661,1
5905618,2025-12-21T19:43:20Z,1,-41.12795,154.52955,1,2003.5,1,34.661,1,2.398,1,2003.5,1,2.398,1,34.661,1
5905618,2025-12-21T19:43:20Z,1,-41.12795,154.52955,1,2005.6,1,34.663,1,2.394,1,2005.6,1,2.394,1,34.663,1
5905618,2025-12-21T19:43:20Z,1,-41.12795,154.52955,1,2007.4,1,34.663,1,2.39,1,2007.4,1,2.39,1,34.663,1
5905618,2025-12-21T19:43:20Z,1,-41.12795,154.52955,1,2009.5,1,34.663,1,2.386,1,2009.5,1,2.386,1,34.663,1
5905618,2025-12-21T19:43:20Z,1,-41.12795,154.52955,1,2011.6,1,34.664,1,2.382,1,2011.6,1,2.382,1,34.664,1
5905618,2025-12-21T19:43:20Z,1,-41.12795,154.52955,1,2013.4,1,34.664,1,2.38,1,2013.4,1,2.38,1,34.664,1
5905618,2025-12-21T19:43:20Z,1,-41.12795,154.52955,1,2015.4,1,34.665,1,2.377,1,2015.4,1,2.377,1,34.665,1
