PLATFORM_CODE,DATE (YYYY-MM-DDTHH:MI:SSZ),DATE_QC,LATITUDE (degree_north),LONGITUDE (degree_east),POSITION_QC,PRES (decibar),PRES_QC,PSAL (psu),PSAL_QC,TEMP (degree_Celsius),TEMP_QC,PRES_ADJUSTED (decibar),PRES_ADJUSTED_QC,TEMP_ADJUSTED (degree_Celsius),TEMP_ADJUSTED_QC,PSAL_ADJUSTED (psu),PSAL_ADJUSTED_QC
5905612,2025-10-02T05:43:20Z,1,-26.81043,155.7599,1,0.2,1,35.604,1,23.225,1,0.2,1,23.225,1,35.604,1
5905612,2025-10-02T05:43:20Z,1,-26.81043,155.7599,1,1.4,1,35.578,1,23.218,1,1.4,1,23.218,1,35.578,1
5905612,2025-10-02T05:43:20Z,1,-26.81043,155.7599,1,3.5,1,35.594,1,23.156,1,3.5,1,23.156,1,35.594,1
5905612,2025-10-02T05:43:20Z,1,-26.81043,155.7599,1,5.0,1,35.634,1,23.088,1,5.0,1,23.088,1,35.634,1
5905612,2025-10-02T05:43:20Z,1,-26.81043,155.7599,1,5.7,1,35.623,1,23.05,1,5.7,1,23.05,1,35.623,1
5905612,2025-10-02T05:43:20Z,1,-26.81043,155.7599,1,7.3,1,35.627,1,22.953,1,7.3,1,22.953,1,35.627,1
5905612,2025-10-02T05:43:20Z,1,-26.81043,155.7599,1,9.6,1,35.628,1,22.854,1,9.6,1,22.854,1,35.628,1
5905612,2025-10-02T05:43:20Z,1,-26.81043,155.7599,1,11.5,1,35.628,1,22.848,1,11.5,1,22.848,1,35.628,1
5905612,2025-10-02T05:43:20Z,1,-26.81043,155.7599,1,13.5,1,35.628,1,22.839,1,13.5,1,22.839,1,35.628,1
5905612,2025-10-02T05:43:20Z,1,-26.81043,155.7599,1,15.4,1,35.627,1,22.836,1,15.4,1,22.836,1,35.627,1
5905612,2025-10-02T05:43:20Z,1,-26.81043,155.7599,1,17.4,1,35.627,1,22.83,1,17.4,1,22.83,1,35.627,1
5905612,2025-10-02T05:43:20Z,1,-26.81043,155.7599,1,19.4,1,35.626,1,22.824,1,19.4,1,22.824,1,35.626,1
5905612,2025-10-02T05:43:20Z,1,-26.81043,155.7599,1,21.4,1,35.627,1,22.816,1,21.4,1,22.816,1,35.627,1
5905612,2025-10-02T05:43:20Z,1,-26.81043,155.7599,1,23.3,1,35.628,1,22.806,1,23.3,1,22.806,1,35.628,1
5905612,2025-10-02T05:43:20Z,1,-26.81043,155.7599,1,25.2,1,35.63,1,22.792,1,25.2,1,22.792,1,35.63,1
5905612,2025-10-02T05:43:20Z,1,-26.81043,155.7599,1,27.1,1,35.633,1,22.769,1,27.1,1,22.769,1,35.633,1
5905612,2025-10-02T05:43:20Z,1,-26.81043,155.7599,1,29.1,1,35.638,1,22.735,1,29.1,1,22.735,1,35.638,1
5905612,2025-10-02T05:43:20Z,1,-26.81043,155.7599,1,31.1,1,35.639,1,22.726,1,31.1,1,22.726,1,35.639,1
5905612,2025-10-02T05:43:20Z,1,-26.81043,155.7599,1,33.1,1,35.636,1,22.706,1,33.1,1,22.706,1,35.636,1
5905612,2025-10-02T05:43:20Z,1,-26.81043,155.7599,1,35.2,1,35.63,1,22.646,1,35.2,1,22.646,1,35.63,1
5905612,2025-10-02T05:43:20Z,1,-26.81043,155.7599,1,37.2,1,35.629,1,22.634,1,37.2,1,22.634,1,35.629,1
5905612,2025-10-02T05:43:20Z,1,-26.81043,155.7599,1,39.2,1,35.634,1,22.61,1,39.2,1,22.61,1,35.634,1
5905612,2025-10-02T05:43:20Z,1,-26.81043,155.7599,1,41.2,1,35.637,1,22.596,1,41.2,1,22.596,1,35.637,1
5905612,2025-10-02T05:43:20Z,1,-26.81043,155.7599,1,43.3,1,35.639,1,22.574,1,43.3,1,22.574,1,35.639,1
5905612,2025-10-02T05:43:20Z,1,-26.81043,155.7599,1,45.4,1,35.642,1,22.551,1,45.4,1,22.551,1,35.642,1
5905612,2025-10-02T05:43:20Z,1,-26.81043,155.7599,1,47.4,1,35.646,1,22.505,1,47.4,1,22.505,1,35.646,1
5905612,2025-10-02T05:43:20Z,1,-26.81043,155.7599,1,49.6,1,35.646,1,22.366,1,49.6,1,22.366,1,35.646,1
5905612,2025-10-02T05:43:20Z,1,-26.81043,155.7599,1,51.7,1,35.646,1,22.33,1,51.7,1,22.33,1,35.646,1
5905612,2025-10-02T05:43:20Z,1,-26.81043,155.7599,1,53.4,1,35.649,1,22.305,1,53.4,1,22.305,1,35.649,1
5905612,2025-10-02T05:43:20Z,1,-26.81043,155.7599,1,55.0,1,35.652,1,22.281,1,55.0,1,22.281,1,35.652,1
5905612,2025-10-02T05:43:20Z,1,-26.81043,155.7599,1,57.1,1,35.656,1,22.248,1,57.1,1,22.248,1,35.656,1
5905612,2025-10-02T05:43:20Z,1,-26.81043,155.7599,1,59.4,1,35.665,1,22.174,1,59.4,1,22.174,1,35.665,1
5905612,2025-10-02T05:43:20Z,1,-26.81043,155.7599,1,61.5,1,35.664,1,22.146,1,61.5,1,22.146,1,35.664,1
5905612,2025-10-02T05:43:20Z,1,-26.81043,155.7599,1,63.5,1,35.665,1,22.124,1,63.5,1,22.124,1,35.665,1
5905612,2025-10-02T05:43:20Z,1,-26.81043,155.7599,1,65.5,1,35.672,1,22.089,1,65.5,1,22.089,1,35.672,1
5905612,2025-10-02T05:43:20Z,1,-26.81043,155.7599,1,67.2,1,35.677,1,22.065,1,67.2,1,22.065,1,35.677,1
5905612,2025-10-02T05:43:20Z,1,-26.81043,155.7599,1,69.4,1,35.674,1,22.05,1,69.4,1,22.05,1,35.674,1
5905612,2025-10-02T05:43:20Z,1,-26.81043,155.7599,1,71.5,1,35.675,1,22.043,1,71.5,1,22.043,1,35.675,1
5905612,2025-10-02T05:43:20Z,1,-26.81043,155.7599,1,73.2,1,35.677,1,22.031,1,73.2,1,22.031,1,35.677,1
5905612,2025-10-02T05:43:20Z,1,-26.81043,155.7599,1,75.4,1,35.678,1,21.989,1,75.4,1,21.989,1,35.678,1
5905612,2025-10-02T05:43:20Z,1,-26.81043,155.7599,1,77.6,1,35.676,1,21.959,1,77.6,1,21.959,1,35.676,1
5905612,2025-10-02T05:43:20Z,1,-26.81043,155.7599,1,79.3,1,35.675,1,21.943,1,79.3,1,21.943,1,35.675,1
5905612,2025-10-02T05:43:20Z,1,-26.81043,155.7599,1,81.5,1,35.678,1,21.916,1,81.5,1,21.916,1,35.678,1
5905612,2025-10-02T05:43:20Z,1,-26.81043,155.7599,1,83.7,1,35.682,1,21.902,1,83.7,1,21.902,1,35.682,1
5905612,2025-10-02T05:43:20Z,1,-26.81043,155.7599,1,85.5,1,35.68,1,21.894,1,85.5,1,21.894,1,35.68,1
5905612,2025-10-02T05:43:20Z,1,-26.81043,155.7599,1,87.2,1,35.678,1,21.887,1,87.2,1,21.887,1,35.678,1
5905612,2025-10-02T05:43:20Z,1,-26.81043,155.7599,1,89.3,1,35.677,1,21.864,1,89.3,1,21.864,1,35.677,1
5905612,2025-10-02T05:43:20Z,1,-26.81043,155.7599,1,91.5,1,35.677,1,21.844,1,91.5,1,21.844,1,35.677,1
5905612,2025-10-02T05:43:20Z,1,-26.81043,155.7599,1,93.2,1,35.683,1,21.824,1,93.2,1,21.824,1,35.683,1
5905612,2025-10-02T05:43:20Z,1,-26.81043,155.7599,1,95.5,1,35.688,1,21.799,1,95.5,1,21.799,1,35.688,1
5905612,2025-10-02T05:43:20Z,1,-26.81043,155.7599,1,97.7,1,35.691,1,21.787,1,97.7,1,21.787,1,35.691,1
5905612,2025-10-02T05:43:20Z,1,-26.81043,155.7599,1,99.4,1,35.69,1,21.783,1,99.4,1,21.783,1,35.69,1
5905612,2025-10-02T05:43:20Z,1,-26.81043,155.7599,1,101.5,1,35.693,1,21.764,1,101.5,1,21.764,1,35.693,1
5905612,2025-10-02T05:43:20Z,1,-26.81043,155.7599,1,103.6,1,35.695,1,21.745,1,103.6,1,21.745,1,35.695,1
5905612,2025-10-02T05:43:20Z,1,-26.81043,155.7599,1,105.3,1,35.703,1,21.702,1,105.3,1,21.702,1,35.703,1
5905612,2025-10-02T05:43:20Z,1,-26.81043,155.7599,1,107.5,1,35.698,1,21.695,1,107.5,1,21.695,1,35.698,1
5905612,2025-10-02T05:43:20Z,1,-26.81043,155.7599,1,109.7,1,35.7,1,21.694,1,109.7,1,21.694,1,35.7,1
5905612,2025-10-02T05:43:20Z,1,-26.81043,155.7599,1,111.4,1,35.699,1,21.693,1,111.4,1,21.693,1,35.699,1
5905612,2025-10-02T05:43:20Z,1,-26.81043,155.7599,1,113.4,1,35.701,1,21.688,1,113.4,1,21.688,1,35.701,1
5905612,2025-10-02T05:43:20Z,1,-26.81043,155.7599,1,115.5,1,35.708,1,21.664,1,115.5,1,21.664,1,35.708,1
5905612,2025-10-02T05:43:20Z,1,-26.81043,155.7599,1,117.5,1,35.71,1,21.649,1,117.5,1,21.649,1,35.71,1
5905612,2025-10-02T05:43:20Z,1,-26.81043,155.7599,1,119.6,1,35.709,1,21.636,1,119.6,1,21.636,1,35.709,1
5905612,2025-10-02T05:43:20Z,1,-26.81043,155.7599,1,121.3,1,35.707,1,21.628,1,121.3,1,21.628,1,35.707,1
5905612,2025-10-02T05:43:20Z,1,-26.81043,155.7599,1,123.5,1,35.706,1,21.618,1,123.5,1,21.618,1,35.706,1
5905612,2025-10-02T05:43:20Z,1,-26.81043,155.7599,1,125.6,1,35.706,1,21.608,1,125.6,1,21.608,1,35.706,1
5905612,2025-10-02T05:43:20Z,1,-26.81043,155.7599,1,127.2,1,35.707,1,21.597,1,127.2,1,21.597,1,35.707,1
5905612,2025-10-02T05:43:20Z,1,-26.81043,155.7599,1,129.4,1,35.708,1,21.581,1,129.4,1,21.581,1,35.708,1
5905612,2025-10-02T05:43:20Z,1,-26.81043,155.7599,1,131.6,1,35.709,1,21.576,1,131.6,1,21.576,1,35.709,1
5905612,2025-10-02T05:43:20Z,1,-26.81043,155.7599,1,133.4,1,35.709,1,21.568,1,133.4,1,21.568,1,35.709,1
5905612,2025-10-02T05:43:20Z,1,-26.81043,155.7599,1,135.1,1,35.711,1,21.564,1,135.1,1,21.564,1,35.711,1
5905612,2025-10-02T05:43:20Z,1,-26.81043,155.7599,1,137.4,1,35.712,1,21.558,1,137.4,1,21.558,1,35.712,1
5905612,2025-10-02T05:43:20Z,1,-26.81043,155.7599,1,139.5,1,35.712,1,21.555,1,139.5,1,21.555,1,35.712,1
5905612,2025-10-02T05:43:20Z,1,-26.81043,155.7599,1,141.3,1,35.711,1,21.553,1,141.3,1,21.553,1,35.711,1
5905612,2025-10-02T05:43:20Z,1,-26.81043,155.7599,1,143.3,1,35.71,1,21.525,1,143.3,1,21.525,1,35.71,1
5905612,2025-10-02T05:43:20Z,1,-26.81043,155.7599,1,145.5,1,35.707,1,21.479,1,145.5,1,21.479,1,35.707,1
5905612,2025-10-02T05:43:20Z,1,-26.81043,155.7599,1,147.2,1,35.708,1,21.466,1,147.2,1,21.466,1,35.708,1
5905612,2025-10-02T05:43:20Z,1,-26.81043,155.7599,1,149.4,1,35.708,1,21.448,1,149.4,1,21.448,1,35.708,1
5905612,2025-10-02T05:43:20Z,1,-26.81043,155.7599,1,151.6,1,35.707,1,21.436,1,151.6,1,21.436,1,35.707,1
5905612,2025-10-02T05:43:20Z,1,-26.81043,155.7599,1,153.3,1,35.707,1,21.426,1,153.3,1,21.426,1,35.707,1
5905612,2025-10-02T05:43:20Z,1,-26.81043,155.7599,1,155.5,1,35.707,1,21.414,1,155.5,1,21.414,1,35.707,1
5905612,2025-10-02T05:43:20Z,1,-26.81043,155.7599,1,157.7,1,35.708,1,21.408,1,157.7,1,21.408,1,35.708,1
5905612,2025-10-02T05:43:20Z,1,-26.81043,155.7599,1,159.5,1,35.709,1,21.394,1,159.5,1,21.394,1,35.709,1
5905612,2025-10-02T05:43:20Z,1,-26.81043,155.7599,1,161.3,1,35.707,1,21.384,1,161.3,1,21.384,1,35.707,1
5905612,2025-10-02T05:43:20Z,1,-26.81043,155.7599,1,163.5,1,35.704,1,21.357,1,163.5,1,21.357,1,35.704,1
5905612,2025-10-02T05:43:20Z,1,-26.81043,155.7599,1,165.7,1,35.701,1,21.337,1,165.7,1,21.337,1,35.701,1
5905612,2025-10-02T05:43:20Z,1,-26.81043,155.7599,1,167.4,1,35.705,1,21.319,1,167.4,1,21.319,1,35.705,1
5905612,2025-10-02T05:43:20Z,1,-26.81043,155.7599,1,169.2,1,35.707,1,21.308,1,169.2,1,21.308,1,35.707,1
5905612,2025-10-02T05:43:20Z,1,-26.81043,155.7599,1,171.5,1,35.705,1,21.282,1,171.5,1,21.282,1,35.705,1
5905612,2025-10-02T05:43:20Z,1,-26.81043,155.7599,1,173.7,1,35.706,1,21.26,1,173.7,1,21.26,1,35.706,1
5905612,2025-10-02T05:43:20Z,1,-26.81043,155.7599,1,175.6,1,35.701,1,21.206,1,175.6,1,21.206,1,35.701,1
5905612,2025-10-02T05:43:20Z,1,-26.81043,155.7599,1,177.4,1,35.7,1,21.196,1,177.4,1,21.196,1,35.7,1
5905612,2025-10-02T05:43:20Z,1,-26.81043,155.7599,1,179.2,1,35.7,1,21.182,1,179.2,1,21.182,1,35.7,1
5905612,2025-10-02T05:43:20Z,1,-26.81043,155.7599,1,181.5,1,35.698,1,21.15,1,181.5,1,21.15,1,35.698,1
5905612,2025-10-02T05:43:20Z,1,-26.81043,155.7599,1,183.7,1,35.694,1,21.127,1,183.7,1,21.127,1,35.694,1
5905612,2025-10-02T05:43:20Z,1,-26.81043,155.7599,1,185.6,1,35.692,1,21.095,1,185.6,1,21.095,1,35.692,1
5905612,2025-10-02T05:43:20Z,1,-26.81043,155.7599,1,187.4,1,35.691,1,21.003,1,187.4,1,21.003,1,35.691,1
5905612,2025-10-02T05:43:20Z,1,-26.81043,155.7599,1,189.3,1,35.693,1,20.975,1,189.3,1,20.975,1,35.693,1
5905612,2025-10-02T05:43:20Z,1,-26.81043,155.7599,1,191.1,1,35.687,1,20.938,1,191.1,1,20.938,1,35.687,1
5905612,2025-10-02T05:43:20Z,1,-26.81043,155.7599,1,193.4,1,35.681,1,20.902,1,193.4,1,20.902,1,35.681,1
5905612,2025-10-02T05:43:20Z,1,-26.81043,155.7599,1,195.7,1,35.655,1,20.794,1,195.7,1,20.794,1,35.655,1
5905612,2025-10-02T05:43:20Z,1,-26.81043,155.7599,1,197.5,1,35.649,1,20.711,1,197.5,1,20.711,1,35.649,1
5905612,2025-10-02T05:43:20Z,1,-26.81043,155.7599,1,199.4,1,35.648,1,20.567,1,199.4,1,20.567,1,35.648,1
5905612,2025-10-02T05:43:20Z,1,-26.81043,155.7599,1,201.3,1,35.653,1,20.496,1,201.3,1,20.496,1,35.653,1
5905612,2025-10-02T05:43:20Z,1,-26.81043,155.7599,1,203.2,1,35.659,1,20.471,1,203.2,1,20.471,1,35.659,1
5905612,2025-10-02T05:43:20Z,1,-26.81043,155.7599,1,205.1,1,35.661,1,20.455,1,205.1,1,20.455,1,35.661,1
5905612,2025-10-02T05:43:20Z,1,-26.81043,155.7599,1,207.4,1,35.66,1,20.434,1,207.4,1,20.434,1,35.66,1
5905612,2025-10-02T05:43:20Z,1,-26.81043,155.7599,1,209.7,1,35.656,1,20.389,1,209.7,1,20.389,1,35.656,1
5905612,2025-10-02T05:43:20Z,1,-26.81043,155.7599,1,211.6,1,35.651,1,20.354,1,211.6,1,20.354,1,35.651,1
5905612,2025-10-02T05:43:20Z,1,-26.81043,155.7599,1,213.5,1,35.649,1,20.318,1,213.5,1,20.318,1,35.649,1
5905612,2025-10-02T05:43:20Z,1,-26.81043,155.7599,1,215.5,1,35.649,1,20.268,1,215.5,1,20.268,1,35.649,1
5905612,2025-10-02T05:43:20Z,1,-26.81043,155.7599,1,217.5,1,35.646,1,20.243,1,217.5,1,20.243,1,35.646,1
5905612,2025-10-02T05:43:20Z,1,-26.81043,155.7599,1,219.5,1,35.638,1,20.169,1,219.5,1,20.169,1,35.638,1
5905612,2025-10-02T05:43:20Z,1,-26.81043,155.7599,1,221.5,1,35.636,1,20.144,1,221.5,1,20.144,1,35.636,1
5905612,2025-10-02T05:43:20Z,1,-26.81043,155.7599,1,223.5,1,35.633,1,20.112,1,223.5,1,20.112,1,35.633,1
5905612,2025-10-02T05:43:20Z,1,-26.81043,155.7599,1,225.5,1,35.632,1,20.079,1,225.5,1,20.079,1,35.632,1
5905612,2025-10-02T05:43:20Z,1,-26.81043,155.7599,1,227.5,1,35.632,1,20.017,1,227.5,1,20.017,1,35.632,1
5905612,2025-10-02T05:43:20Z,1,-26.81043,155.7599,1,229.5,1,35.63,1,19.977,1,229.5,1,19.977,1,35.63,1
5905612,2025-10-02T05:43:20Z,1,-26.81043,155.7599,1,231.5,1,35.63,1,19.96,1,231.5,1,19.96,1,35.63,1
5905612,2025-10-02T05:43:20Z,1,-26.81043,155.7599,1,233.5,1,35.629,1,19.924,1,233.5,1,19.924,1,35.629,1
5905612,2025-10-02T05:43:20Z,1,-26.81043,155.7599,1,235.4,1,35.623,1,19.854,1,235.4,1,19.854,1,35.623,1
5905612,2025-10-02T05:43:20Z,1,-26.81043,155.7599,1,237.4,1,35.613,1,19.746,1,237.4,1,19.746,1,35.613,1
5905612,2025-10-02T05:43:20Z,1,-26.81043,155.7599,1,239.3,1,35.611,1,19.694,1,239.3,1,19.694,1,35.611,1
5905612,2025-10-02T05:43:20Z,1,-26.81043,155.7599,1,241.2,1,35.608,1,19.658,1,241.2,1,19.658,1,35.608,1
5905612,2025-10-02T05:43:20Z,1,-26.81043,155.7599,1,243.2,1,35.611,1,19.567,1,243.2,1,19.567,1,35.611,1
5905612,2025-10-02T05:43:20Z,1,-26.81043,155.7599,1,245.3,1,35.606,1,19.5,1,245.3,1,19.5,1,35.606,1
5905612,2025-10-02T05:43:20Z,1,-26.81043,155.7599,1,247.4,1,35.606,1,19.466,1,247.4,1,19.466,1,35.606,1
5905612,2025-10-02T05:43:20Z,1,-26.81043,155.7599,1,249.6,1,35.605,1,19.432,1,249.6,1,19.432,1,35.605,1
5905612,2025-10-02T05:43:20Z,1,-26.81043,155.7599,1,251.7,1,35.604,1,19.407,1,251.7,1,19.407,1,35.604,1
5905612,2025-10-02T05:43:20Z,1,-26.81043,155.7599,1,253.7,1,35.603,1,19.373,1,253.7,1,19.373,1,35.603,1
5905612,2025-10-02T05:43:20Z,1,-26.81043,155.7599,1,255.8,1,35.6,1,19.354,1,255.8,1,19.354,1,35.6,1
5905612,2025-10-02T05:43:20Z,1,-26.81043,155.7599,1,257.4,1,35.6,1,19.296,1,257.4,1,19.296,1,35.6,1
5905612,2025-10-02T05:43:20Z,1,-26.81043,155.7599,1,259.0,1,35.601,1,19.273,1,259.0,1,19.273,1,35.601,1
5905612,2025-10-02T05:43:20Z,1,-26.81043,155.7599,1,261.1,1,35.598,1,19.247,1,261.1,1,19.247,1,35.598,1
5905612,2025-10-02T05:43:20Z,1,-26.81043,155.7599,1,263.2,1,35.597,1,19.211,1,263.2,1,19.211,1,35.597,1
5905612,2025-10-02T05:43:20Z,1,-26.81043,155.7599,1,265.1,1,35.596,1,19.19,1,265.1,1,19.19,1,35.596,1
5905612,2025-10-02T05:43:20Z,1,-26.81043,155.7599,1,267.4,1,35.593,1,19.121,1,267.4,1,19.121,1,35.593,1
5905612,2025-10-02T05:43:20Z,1,-26.81043,155.7599,1,269.6,1,35.59,1,19.027,1,269.6,1,19.027,1,35.59,1
5905612,2025-10-02T05:43:20Z,1,-26.81043,155.7599,1,271.5,1,35.592,1,18.92,1,271.5,1,18.92,1,35.592,1
5905612,2025-10-02T05:43:20Z,1,-26.81043,155.7599,1,273.4,1,35.582,1,18.882,1,273.4,1,18.882,1,35.582,1
5905612,2025-10-02T05:43:20Z,1,-26.81043,155.7599,1,275.3,1,35.579,1,18.837,1,275.3,1,18.837,1,35.579,1
5905612,2025-10-02T05:43:20Z,1,-26.81043,155.7599,1,277.3,1,35.572,1,18.735,1,277.3,1,18.735,1,35.572,1
5905612,2025-10-02T05:43:20Z,1,-26.81043,155.7599,1,279.2,1,35.565,1,18.698,1,279.2,1,18.698,1,35.565,1
5905612,2025-10-02T05:43:20Z,1,-26.81043,155.7599,1,281.1,1,35.559,1,18.63,1,281.1,1,18.63,1,35.559,1
5905612,2025-10-02T05:43:20Z,1,-26.81043,155.7599,1,283.0,1,35.549,1,18.536,1,283.0,1,18.536,1,35.549,1
5905612,2025-10-02T05:43:20Z,1,-26.81043,155.7599,1,285.0,1,35.545,1,18.45,1,285.0,1,18.45,1,35.545,1
5905612,2025-10-02T05:43:20Z,1,-26.81043,155.7599,1,287.4,1,35.534,1,18.375,1,287.4,1,18.375,1,35.534,1
5905612,2025-10-02T05:43:20Z,1,-26.81043,155.7599,1,289.7,1,35.534,1,18.279,1,289.7,1,18.279,1,35.534,1
5905612,2025-10-02T05:43:20Z,1,-26.81043,155.7599,1,291.5,1,35.517,1,18.173,1,291.5,1,18.173,1,35.517,1
5905612,2025-10-02T05:43:20Z,1,-26.81043,155.7599,1,293.4,1,35.508,1,18.055,1,293.4,1,18.055,1,35.508,1
5905612,2025-10-02T05:43:20Z,1,-26.81043,155.7599,1,295.2,1,35.498,1,17.919,1,295.2,1,17.919,1,35.498,1
5905612,2025-10-02T05:43:20Z,1,-26.81043,155.7599,1,297.5,1,35.486,1,17.806,1,297.5,1,17.806,1,35.486,1
5905612,2025-10-02T05:43:20Z,1,-26.81043,155.7599,1,299.6,1,35.482,1,17.768,1,299.6,1,17.768,1,35.482,1
5905612,2025-10-02T05:43:20Z,1,-26.81043,155.7599,1,301.3,1,35.475,1,17.712,1,301.3,1,17.712,1,35.475,1
5905612,2025-10-02T05:43:20Z,1,-26.81043,155.7599,1,303.3,1,35.469,1,17.627,1,303.3,1,17.627,1,35.469,1
5905612,2025-10-02T05:43:20Z,1,-26.81043,155.7599,1,305.5,1,35.465,1,17.535,1,305.5,1,17.535,1,35.465,1
5905612,2025-10-02T05:43:20Z,1,-26.81043,155.7599,1,307.3,1,35.462,1,17.515,1,307.3,1,17.515,1,35.462,1
5905612,2025-10-02T05:43:20Z,1,-26.81043,155.7599,1,309.5,1,35.462,1,17.5,1,309.5,1,17.5,1,35.462,1
5905612,2025-10-02T05:43:20Z,1,-26.81043,155.7599,1,311.7,1,35.462,1,17.493,1,311.7,1,17.493,1,35.462,1
5905612,2025-10-02T05:43:20Z,1,-26.81043,155.7599,1,313.5,1,35.463,1,17.489,1,313.5,1,17.489,1,35.463,1
5905612,2025-10-02T05:43:20Z,1,-26.81043,155.7599,1,315.3,1,35.466,1,17.485,1,315.3,1,17.485,1,35.466,1
5905612,2025-10-02T05:43:20Z,1,-26.81043,155.7599,1,317.2,1,35.468,1,17.392,1,317.2,1,17.392,1,35.468,1
5905612,2025-10-02T05:43:20Z,1,-26.81043,155.7599,1,319.1,1,35.45,1,17.311,1,319.1,1,17.311,1,35.45,1
5905612,2025-10-02T05:43:20Z,1,-26.81043,155.7599,1,321.0,1,35.446,1,17.262,1,321.0,1,17.262,1,35.446,1
5905612,2025-10-02T05:43:20Z,1,-26.81043,155.7599,1,323.4,1,35.446,1,17.156,1,323.4,1,17.156,1,35.446,1
5905612,2025-10-02T05:43:20Z,1,-26.81043,155.7599,1,325.7,1,35.443,1,17.125,1,325.7,1,17.125,1,35.443,1
5905612,2025-10-02T05:43:20Z,1,-26.81043,155.7599,1,327.6,1,35.45,1,17.041,1,327.6,1,17.041,1,35.45,1
5905612,2025-10-02T05:43:20Z,1,-26.81043,155.7599,1,329.6,1,35.428,1,16.961,1,329.6,1,16.961,1,35.428,1
5905612,2025-10-02T05:43:20Z,1,-26.81043,155.7599,1,331.4,1,35.428,1,16.955,1,331.4,1,16.955,1,35.428,1
5905612,2025-10-02T05:43:20Z,1,-26.81043,155.7599,1,333.2,1,35.425,1,16.915,1,333.2,1,16.915,1,35.425,1
5905612,2025-10-02T05:43:20Z,1,-26.81043,155.7599,1,335.5,1,35.421,1,16.838,1,335.5,1,16.838,1,35.421,1
5905612,2025-10-02T05:43:20Z,1,-26.81043,155.7599,1,337.8,1,35.418,1,16.777,1,337.8,1,16.777,1,35.418,1
5905612,2025-10-02T05:43:20Z,1,-26.81043,155.7599,1,339.6,1,35.421,1,16.728,1,339.6,1,16.728,1,35.421,1
5905612,2025-10-02T05:43:20Z,1,-26.81043,155.7599,1,341.5,1,35.414,1,16.627,1,341.5,1,16.627,1,35.414,1
5905612,2025-10-02T05:43:20Z,1,-26.81043,155.7599,1,343.4,1,35.411,1,16.6,1,343.4,1,16.6,1,35.411,1
5905612,2025-10-02T05:43:20Z,1,-26.81043,155.7599,1,345.3,1,35.406,1,16.554,1,345.3,1,16.554,1,35.406,1
5905612,2025-10-02T05:43:20Z,1,-26.81043,155.7599,1,347.1,1,35.398,1,16.483,1,347.1,1,16.483,1,35.398,1
5905612,2025-10-02T05:43:20Z,1,-26.81043,155.7599,1,349.4,1,35.385,1,16.369,1,349.4,1,16.369,1,35.385,1
5905612,2025-10-02T05:43:20Z,1,-26.81043,155.7599,1,351.6,1,35.381,1,16.294,1,351.6,1,16.294,1,35.381,1
5905612,2025-10-02T05:43:20Z,1,-26.81043,155.7599,1,353.5,1,35.364,1,16.185,1,353.5,1,16.185,1,35.364,1
5905612,2025-10-02T05:43:20Z,1,-26.81043,155.7599,1,355.4,1,35.355,1,16.123,1,355.4,1,16.123,1,35.355,1
5905612,2025-10-02T05:43:20Z,1,-26.81043,155.7599,1,357.3,1,35.352,1,16.066,1,357.3,1,16.066,1,35.352,1
5905612,2025-10-02T05:43:20Z,1,-26.81043,155.7599,1,359.2,1,35.352,1,15.978,1,359.2,1,15.978,1,35.352,1
5905612,2025-10-02T05:43:20Z,1,-26.81043,155.7599,1,361.0,1,35.345,1,15.888,1,361.0,1,15.888,1,35.345,1
5905612,2025-10-02T05:43:20Z,1,-26.81043,155.7599,1,363.4,1,35.338,1,15.825,1,363.4,1,15.825,1,35.338,1
5905612,2025-10-02T05:43:20Z,1,-26.81043,155.7599,1,365.6,1,35.336,1,15.79,1,365.6,1,15.79,1,35.336,1
5905612,2025-10-02T05:43:20Z,1,-26.81043,155.7599,1,367.4,1,35.336,1,15.761,1,367.4,1,15.761,1,35.336,1
5905612,2025-10-02T05:43:20Z,1,-26.81043,155.7599,1,369.1,1,35.329,1,15.658,1,369.1,1,15.658,1,35.329,1
5905612,2025-10-02T05:43:20Z,1,-26.81043,155.7599,1,371.4,1,35.329,1,15.561,1,371.4,1,15.561,1,35.329,1
5905612,2025-10-02T05:43:20Z,1,-26.81043,155.7599,1,373.6,1,35.322,1,15.45,1,373.6,1,15.45,1,35.322,1
5905612,2025-10-02T05:43:20Z,1,-26.81043,155.7599,1,375.5,1,35.312,1,15.398,1,375.5,1,15.398,1,35.312,1
5905612,2025-10-02T05:43:20Z,1,-26.81043,155.7599,1,377.4,1,35.306,1,15.324,1,377.4,1,15.324,1,35.306,1
5905612,2025-10-02T05:43:20Z,1,-26.81043,155.7599,1,379.4,1,35.297,1,15.25,1,379.4,1,15.25,1,35.297,1
5905612,2025-10-02T05:43:20Z,1,-26.81043,155.7599,1,381.3,1,35.294,1,15.206,1,381.3,1,15.206,1,35.294,1
5905612,2025-10-02T05:43:20Z,1,-26.81043,155.7599,1,383.3,1,35.294,1,15.194,1,383.3,1,15.194,1,35.294,1
5905612,2025-10-02T05:43:20Z,1,-26.81043,155.7599,1,385.3,1,35.295,1,15.156,1,385.3,1,15.156,1,35.295,1
5905612,2025-10-02T05:43:20Z,1,-26.81043,155.7599,1,387.3,1,35.292,1,15.133,1,387.3,1,15.133,1,35.292,1
5905612,2025-10-02T05:43:20Z,1,-26.81043,155.7599,1,389.4,1,35.295,1,15.135,1,389.4,1,15.135,1,35.295,1
5905612,2025-10-02T05:43:20Z,1,-26.81043,155.7599,1,391.5,1,35.299,1,15.127,1,391.5,1,15.127,1,35.299,1
5905612,2025-10-02T05:43:20Z,1,-26.81043,155.7599,1,393.6,1,35.302,1,15.11,1,393.6,1,15.11,1,35.302,1
5905612,2025-10-02T05:43:20Z,1,-26.81043,155.7599,1,395.6,1,35.299,1,15.03,1,395.6,1,15.03,1,35.299,1
5905612,2025-10-02T05:43:20Z,1,-26.81043,155.7599,1,397.7,1,35.286,1,14.874,1,397.7,1,14.874,1,35.286,1
5905612,2025-10-02T05:43:20Z,1,-26.81043,155.7599,1,399.8,1,35.28,1,14.829,1,399.8,1,14.829,1,35.28,1
5905612,2025-10-02T05:43:20Z,1,-26.81043,155.7599,1,401.5,1,35.277,1,14.8,1,401.5,1,14.8,1,35.277,1
5905612,2025-10-02T05:43:20Z,1,-26.81043,155.7599,1,403.1,1,35.271,1,14.777,1,403.1,1,14.777,1,35.271,1
5905612,2025-10-02T05:43:20Z,1,-26.81043,155.7599,1,405.3,1,35.262,1,14.686,1,405.3,1,14.686,1,35.262,1
5905612,2025-10-02T05:43:20Z,1,-26.81043,155.7599,1,407.6,1,35.243,1,14.572,1,407.6,1,14.572,1,35.243,1
5905612,2025-10-02T05:43:20Z,1,-26.81043,155.7599,1,409.8,1,35.232,1,14.499,1,409.8,1,14.499,1,35.232,1
5905612,2025-10-02T05:43:20Z,1,-26.81043,155.7599,1,411.5,1,35.226,1,14.436,1,411.5,1,14.436,1,35.226,1
5905612,2025-10-02T05:43:20Z,1,-26.81043,155.7599,1,413.2,1,35.22,1,14.358,1,413.2,1,14.358,1,35.22,1
5905612,2025-10-02T05:43:20Z,1,-26.81043,155.7599,1,415.4,1,35.218,1,14.32,1,415.4,1,14.32,1,35.218,1
5905612,2025-10-02T05:43:20Z,1,-26.81043,155.7599,1,417.7,1,35.215,1,14.293,1,417.7,1,14.293,1,35.215,1
5905612,2025-10-02T05:43:20Z,1,-26.81043,155.7599,1,419.4,1,35.207,1,14.265,1,419.4,1,14.265,1,35.207,1
5905612,2025-10-02T05:43:20Z,1,-26.81043,155.7599,1,421.1,1,35.201,1,14.211,1,421.1,1,14.211,1,35.201,1
5905612,2025-10-02T05:43:20Z,1,-26.81043,155.7599,1,423.4,1,35.2,1,14.181,1,423.4,1,14.181,1,35.2,1
5905612,2025-10-02T05:43:20Z,1,-26.81043,155.7599,1,425.6,1,35.192,1,14.13,1,425.6,1,14.13,1,35.192,1
5905612,2025-10-02T05:43:20Z,1,-26.81043,155.7599,1,427.4,1,35.19,1,14.101,1,427.4,1,14.101,1,35.19,1
5905612,2025-10-02T05:43:20Z,1,-26.81043,155.7599,1,429.0,1,35.193,1,14.087,1,429.0,1,14.087,1,35.193,1
5905612,2025-10-02T05:43:20Z,1,-26.81043,155.7599,1,431.3,1,35.201,1,14.09,1,431.3,1,14.09,1,35.201,1
5905612,2025-10-02T05:43:20Z,1,-26.81043,155.7599,1,433.6,1,35.21,1,14.087,1,433.6,1,14.087,1,35.21,1
5905612,2025-10-02T05:43:20Z,1,-26.81043,155.7599,1,435.8,1,35.208,1,14.048,1,435.8,1,14.048,1,35.208,1
5905612,2025-10-02T05:43:20Z,1,-26.81043,155.7599,1,437.5,1,35.205,1,14.015,1,437.5,1,14.015,1,35.205,1
5905612,2025-10-02T05:43:20Z,1,-26.81043,155.7599,1,439.1,1,35.197,1,13.961,1,439.1,1,13.961,1,35.197,1
5905612,2025-10-02T05:43:20Z,1,-26.81043,155.7599,1,441.3,1,35.193,1,13.895,1,441.3,1,13.895,1,35.193,1
5905612,2025-10-02T05:43:20Z,1,-26.81043,155.7599,1,443.4,1,35.185,1,13.791,1,443.4,1,13.791,1,35.185,1
5905612,2025-10-02T05:43:20Z,1,-26.81043,155.7599,1,445.6,1,35.169,1,13.702,1,445.6,1,13.702,1,35.169,1
5905612,2025-10-02T05:43:20Z,1,-26.81043,155.7599,1,447.8,1,35.163,1,13.619,1,447.8,1,13.619,1,35.163,1
5905612,2025-10-02T05:43:20Z,1,-26.81043,155.7599,1,449.5,1,35.161,1,13.568,1,449.5,1,13.568,1,35.161,1
5905612,2025-10-02T05:43:20Z,1,-26.81043,155.7599,1,451.1,1,35.157,1,13.55,1,451.1,1,13.55,1,35.157,1
5905612,2025-10-02T05:43:20Z,1,-26.81043,155.7599,1,453.2,1,35.153,1,13.515,1,453.2,1,13.515,1,35.153,1
5905612,2025-10-02T05:43:20Z,1,-26.81043,155.7599,1,455.3,1,35.152,1,13.49,1,455.3,1,13.49,1,35.152,1
5905612,2025-10-02T05:43:20Z,1,-26.81043,155.7599,1,457.4,1,35.15,1,13.48,1,457.4,1,13.48,1,35.15,1
5905612,2025-10-02T05:43:20Z,1,-26.81043,155.7599,1,459.5,1,35.146,1,13.447,1,459.5,1,13.447,1,35.146,1
5905612,2025-10-02T05:43:20Z,1,-26.81043,155.7599,1,461.6,1,35.147,1,13.41,1,461.6,1,13.41,1,35.147,1
5905612,2025-10-02T05:43:20Z,1,-26.81043,155.7599,1,463.8,1,35.146,1,13.345,1,463.8,1,13.345,1,35.146,1
5905612,2025-10-02T05:43:20Z,1,-26.81043,155.7599,1,465.8,1,35.15,1,13.338,1,465.8,1,13.338,1,35.15,1
5905612,2025-10-02T05:43:20Z,1,-26.81043,155.7599,1,467.9,1,35.15,1,13.317,1,467.9,1,13.317,1,35.15,1
5905612,2025-10-02T05:43:20Z,1,-26.81043,155.7599,1,469.5,1,35.146,1,13.261,1,469.5,1,13.261,1,35.146,1
5905612,2025-10-02T05:43:20Z,1,-26.81043,155.7599,1,471.0,1,35.14,1,13.215,1,471.0,1,13.215,1,35.14,1
5905612,2025-10-02T05:43:20Z,1,-26.81043,155.7599,1,473.1,1,35.133,1,13.188,1,473.1,1,13.188,1,35.133,1
5905612,2025-10-02T05:43:20Z,1,-26.81043,155.7599,1,475.1,1,35.13,1,13.128,1,475.1,1,13.128,1,35.13,1
5905612,2025-10-02T05:43:20Z,1,-26.81043,155.7599,1,477.2,1,35.126,1,13.099,1,477.2,1,13.099,1,35.126,1
5905612,2025-10-02T05:43:20Z,1,-26.81043,155.7599,1,479.2,1,35.124,1,13.095,1,479.2,1,13.095,1,35.124,1
5905612,2025-10-02T05:43:20Z,1,-26.81043,155.7599,1,481.2,1,35.123,1,13.08,1,481.2,1,13.08,1,35.123,1
5905612,2025-10-02T05:43:20Z,1,-26.81043,155.7599,1,483.2,1,35.119,1,13.064,1,483.2,1,13.064,1,35.119,1
5905612,2025-10-02T05:43:20Z,1,-26.81043,155.7599,1,485.3,1,35.119,1,13.037,1,485.3,1,13.037,1,35.119,1
5905612,2025-10-02T05:43:20Z,1,-26.81043,155.7599,1,487.4,1,35.114,1,12.996,1,487.4,1,12.996,1,35.114,1
5905612,2025-10-02T05:43:20Z,1,-26.81043,155.7599,1,489.5,1,35.11,1,12.953,1,489.5,1,12.953,1,35.11,1
5905612,2025-10-02T05:43:20Z,1,-26.81043,155.7599,1,491.6,1,35.105,1,12.869,1,491.6,1,12.869,1,35.105,1
5905612,2025-10-02T05:43:20Z,1,-26.81043,155.7599,1,493.7,1,35.101,1,12.82,1,493.7,1,12.82,1,35.101,1
5905612,2025-10-02T05:43:20Z,1,-26.81043,155.7599,1,495.7,1,35.093,1,12.768,1,495.7,1,12.768,1,35.093,1
5905612,2025-10-02T05:43:20Z,1,-26.81043,155.7599,1,497.7,1,35.086,1,12.712,1,497.7,1,12.712,1,35.086,1
5905612,2025-10-02T05:43:20Z,1,-26.81043,155.7599,1,499.6,1,35.077,1,12.641,1,499.6,1,12.641,1,35.077,1
5905612,2025-10-02T05:43:20Z,1,-26.81043,155.7599,1,501.6,1,35.071,1,12.582,1,501.6,1,12.582,1,35.071,1
5905612,2025-10-02T05:43:20Z,1,-26.81043,155.7599,1,503.7,1,35.063,1,12.52,1,503.7,1,12.52,1,35.063,1
5905612,2025-10-02T05:43:20Z,1,-26.81043,155.7599,1,505.8,1,35.062,1,12.515,1,505.8,1,12.515,1,35.062,1
5905612,2025-10-02T05:43:20Z,1,-26.81043,155.7599,1,507.8,1,35.061,1,12.505,1,507.8,1,12.505,1,35.061,1
5905612,2025-10-02T05:43:20Z,1,-26.81043,155.7599,1,509.8,1,35.058,1,12.484,1,509.8,1,12.484,1,35.058,1
5905612,2025-10-02T05:43:20Z,1,-26.81043,155.7599,1,511.7,1,35.053,1,12.413,1,511.7,1,12.413,1,35.053,1
5905612,2025-10-02T05:43:20Z,1,-26.81043,155.7599,1,513.6,1,35.044,1,12.374,1,513.6,1,12.374,1,35.044,1
5905612,2025-10-02T05:43:20Z,1,-26.81043,155.7599,1,515.6,1,35.03,1,12.296,1,515.6,1,12.296,1,35.03,1
5905612,2025-10-02T05:43:20Z,1,-26.81043,155.7599,1,517.7,1,35.014,1,12.216,1,517.7,1,12.216,1,35.014,1
5905612,2025-10-02T05:43:20Z,1,-26.81043,155.7599,1,519.3,1,35.004,1,12.108,1,519.3,1,12.108,1,35.004,1
5905612,2025-10-02T05:43:20Z,1,-26.81043,155.7599,1,521.5,1,34.99,1,12.017,1,521.5,1,12.017,1,34.99,1
5905612,2025-10-02T05:43:20Z,1,-26.81043,155.7599,1,523.4,1,34.985,1,11.997,1,523.4,1,11.997,1,34.985,1
5905612,2025-10-02T05:43:20Z,1,-26.81043,155.7599,1,525.5,1,35.001,1,12.02,1,525.5,1,12.02,1,35.001,1
5905612,2025-10-02T05:43:20Z,1,-26.81043,155.7599,1,527.7,1,34.995,1,11.964,1,527.7,1,11.964,1,34.995,1
5905612,2025-10-02T05:43:20Z,1,-26.81043,155.7599,1,529.4,1,34.985,1,11.929,1,529.4,1,11.929,1,34.985,1
5905612,2025-10-02T05:43:20Z,1,-26.81043,155.7599,1,531.2,1,34.973,1,11.8,1,531.2,1,11.8,1,34.973,1
5905612,2025-10-02T05:43:20Z,1,-26.81043,155.7599,1,533.4,1,34.971,1,11.75,1,533.4,1,11.75,1,34.971,1
5905612,2025-10-02T05:43:20Z,1,-26.81043,155.7599,1,535.6,1,34.965,1,11.706,1,535.6,1,11.706,1,34.965,1
5905612,2025-10-02T05:43:20Z,1,-26.81043,155.7599,1,537.4,1,34.961,1,11.692,1,537.4,1,11.692,1,34.961,1
5905612,2025-10-02T05:43:20Z,1,-26.81043,155.7599,1,539.2,1,34.958,1,11.681,1,539.2,1,11.681,1,34.958,1
5905612,2025-10-02T05:43:20Z,1,-26.81043,155.7599,1,541.5,1,34.947,1,11.556,1,541.5,1,11.556,1,34.947,1
5905612,2025-10-02T05:43:20Z,1,-26.81043,155.7599,1,543.8,1,34.941,1,11.514,1,543.8,1,11.514,1,34.941,1
5905612,2025-10-02T05:43:20Z,1,-26.81043,155.7599,1,545.6,1,34.939,1,11.487,1,545.6,1,11.487,1,34.939,1
5905612,2025-10-02T05:43:20Z,1,-26.81043,155.7599,1,547.5,1,34.935,1,11.453,1,547.5,1,11.453,1,34.935,1
5905612,2025-10-02T05:43:20Z,1,-26.81043,155.7599,1,549.4,1,34.929,1,11.419,1,549.4,1,11.419,1,34.929,1
5905612,2025-10-02T05:43:20Z,1,-26.81043,155.7599,1,551.2,1,34.925,1,11.388,1,551.2,1,11.388,1,34.925,1
5905612,2025-10-02T05:43:20Z,1,-26.81043,155.7599,1,553.1,1,34.925,1,11.347,1,553.1,1,11.347,1,34.925,1
5905612,2025-10-02T05:43:20Z,1,-26.81043,155.7599,1,555.0,1,34.911,1,11.285,1,555.0,1,11.285,1,34.911,1
5905612,2025-10-02T05:43:20Z,1,-26.81043,155.7599,1,557.4,1,34.908,1,11.256,1,557.4,1,11.256,1,34.908,1
5905612,2025-10-02T05:43:20Z,1,-26.81043,155.7599,1,559.8,1,34.902,1,11.21,1,559.8,1,11.21,1,34.902,1
5905612,2025-10-02T05:43:20Z,1,-26.81043,155.7599,1,561.7,1,34.899,1,11.181,1,561.7,1,11.181,1,34.899,1
5905612,2025-10-02T05:43:20Z,1,-26.81043,155.7599,1,563.7,1,34.894,1,11.156,1,563.7,1,11.156,1,34.894,1
5905612,2025-10-02T05:43:20Z,1,-26.81043,155.7599,1,565.6,1,34.888,1,11.11,1,565.6,1,11.11,1,34.888,1
5905612,2025-10-02T05:43:20Z,1,-26.81043,155.7599,1,567.5,1,34.881,1,11.041,1,567.5,1,11.041,1,34.881,1
5905612,2025-10-02T05:43:20Z,1,-26.81043,155.7599,1,569.5,1,34.871,1,11.006,1,569.5,1,11.006,1,34.871,1
5905612,2025-10-02T05:43:20Z,1,-26.81043,155.7599,1,571.4,1,34.867,1,10.971,1,571.4,1,10.971,1,34.867,1
5905612,2025-10-02T05:43:20Z,1,-26.81043,155.7599,1,573.4,1,34.863,1,10.952,1,573.4,1,10.952,1,34.863,1
5905612,2025-10-02T05:43:20Z,1,-26.81043,155.7599,1,575.3,1,34.861,1,10.923,1,575.3,1,10.923,1,34.861,1
5905612,2025-10-02T05:43:20Z,1,-26.81043,155.7599,1,577.3,1,34.859,1,10.918,1,577.3,1,10.918,1,34.859,1
5905612,2025-10-02T05:43:20Z,1,-26.81043,155.7599,1,579.2,1,34.856,1,10.887,1,579.2,1,10.887,1,34.856,1
5905612,2025-10-02T05:43:20Z,1,-26.81043,155.7599,1,581.1,1,34.848,1,10.836,1,581.1,1,10.836,1,34.848,1
5905612,2025-10-02T05:43:20Z,1,-26.81043,155.7599,1,583.0,1,34.842,1,10.8,1,583.0,1,10.8,1,34.842,1
5905612,2025-10-02T05:43:20Z,1,-26.81043,155.7599,1,585.4,1,34.832,1,10.758,1,585.4,1,10.758,1,34.832,1
5905612,2025-10-02T05:43:20Z,1,-26.81043,155.7599,1,587.8,1,34.822,1,10.685,1,587.8,1,10.685,1,34.822,1
5905612,2025-10-02T05:43:20Z,1,-26.81043,155.7599,1,589.8,1,34.813,1,10.614,1,589.8,1,10.614,1,34.813,1
5905612,2025-10-02T05:43:20Z,1,-26.81043,155.7599,1,591.7,1,34.808,1,10.591,1,591.7,1,10.591,1,34.808,1
5905612,2025-10-02T05:43:20Z,1,-26.81043,155.7599,1,593.5,1,34.801,1,10.534,1,593.5,1,10.534,1,34.801,1
5905612,2025-10-02T05:43:20Z,1,-26.81043,155.7599,1,595.5,1,34.796,1,10.475,1,595.5,1,10.475,1,34.796,1
5905612,2025-10-02T05:43:20Z,1,-26.81043,155.7599,1,597.4,1,34.79,1,10.411,1,597.4,1,10.411,1,34.79,1
5905612,2025-10-02T05:43:20Z,1,-26.81043,155.7599,1,599.3,1,34.785,1,10.377,1,599.3,1,10.377,1,34.785,1
5905612,2025-10-02T05:43:20Z,1,-26.81043,155.7599,1,601.3,1,34.784,1,10.353,1,601.3,1,10.353,1,34.784,1
5905612,2025-10-02T05:43:20Z,1,-26.81043,155.7599,1,603.2,1,34.783,1,10.339,1,603.2,1,10.339,1,34.783,1
5905612,2025-10-02T05:43:20Z,1,-26.81043,155.7599,1,605.2,1,34.783,1,10.331,1,605.2,1,10.331,1,34.783,1
5905612,2025-10-02T05:43:20Z,1,-26.81043,155.7599,1,607.1,1,34.78,1,10.323,1,607.1,1,10.323,1,34.78,1
5905612,2025-10-02T05:43:20Z,1,-26.81043,155.7599,1,609.1,1,34.78,1,10.306,1,609.1,1,10.306,1,34.78,1
5905612,2025-10-02T05:43:20Z,1,-26.81043,155.7599,1,611.0,1,34.775,1,10.278,1,611.0,1,10.278,1,34.775,1
5905612,2025-10-02T05:43:20Z,1,-26.81043,155.7599,1,613.4,1,34.769,1,10.214,1,613.4,1,10.214,1,34.769,1
5905612,2025-10-02T05:43:20Z,1,-26.81043,155.7599,1,615.8,1,34.756,1,10.124,1,615.8,1,10.124,1,34.756,1
5905612,2025-10-02T05:43:20Z,1,-26.81043,155.7599,1,617.7,1,34.751,1,10.093,1,617.7,1,10.093,1,34.751,1
5905612,2025-10-02T05:43:20Z,1,-26.81043,155.7599,1,619.6,1,34.75,1,10.074,1,619.6,1,10.074,1,34.75,1
5905612,2025-10-02T05:43:20Z,1,-26.81043,155.7599,1,621.5,1,34.743,1,10.047,1,621.5,1,10.047,1,34.743,1
5905612,2025-10-02T05:43:20Z,1,-26.81043,155.7599,1,623.4,1,34.733,1,9.946,1,623.4,1,9.946,1,34.733,1
5905612,2025-10-02T05:43:20Z,1,-26.81043,155.7599,1,625.4,1,34.72,1,9.868,1,625.4,1,9.868,1,34.72,1
5905612,2025-10-02T05:43:20Z,1,-26.81043,155.7599,1,627.3,1,34.718,1,9.837,1,627.3,1,9.837,1,34.718,1
5905612,2025-10-02T05:43:20Z,1,-26.81043,155.7599,1,629.3,1,34.714,1,9.804,1,629.3,1,9.804,1,34.714,1
5905612,2025-10-02T05:43:20Z,1,-26.81043,155.7599,1,631.3,1,34.709,1,9.773,1,631.3,1,9.773,1,34.709,1
5905612,2025-10-02T05:43:20Z,1,-26.81043,155.7599,1,633.2,1,34.704,1,9.739,1,633.2,1,9.739,1,34.704,1
5905612,2025-10-02T05:43:20Z,1,-26.81043,155.7599,1,635.2,1,34.701,1,9.713,1,635.2,1,9.713,1,34.701,1
5905612,2025-10-02T05:43:20Z,1,-26.81043,155.7599,1,637.2,1,34.694,1,9.667,1,637.2,1,9.667,1,34.694,1
5905612,2025-10-02T05:43:20Z,1,-26.81043,155.7599,1,639.1,1,34.687,1,9.616,1,639.1,1,9.616,1,34.687,1
5905612,2025-10-02T05:43:20Z,1,-26.81043,155.7599,1,641.1,1,34.686,1,9.602,1,641.1,1,9.602,1,34.686,1
5905612,2025-10-02T05:43:20Z,1,-26.81043,155.7599,1,643.1,1,34.686,1,9.576,1,643.1,1,9.576,1,34.686,1
5905612,2025-10-02T05:43:20Z,1,-26.81043,155.7599,1,645.1,1,34.676,1,9.543,1,645.1,1,9.543,1,34.676,1
5905612,2025-10-02T05:43:20Z,1,-26.81043,155.7599,1,647.0,1,34.683,1,9.539,1,647.0,1,9.539,1,34.683,1
5905612,2025-10-02T05:43:20Z,1,-26.81043,155.7599,1,649.0,1,34.689,1,9.531,1,649.0,1,9.531,1,34.689,1
5905612,2025-10-02T05:43:20Z,1,-26.81043,155.7599,1,651.1,1,34.69,1,9.524,1,651.1,1,9.524,1,34.69,1
5905612,2025-10-02T05:43:20Z,1,-26.81043,155.7599,1,653.1,1,34.69,1,9.512,1,653.1,1,9.512,1,34.69,1
5905612,2025-10-02T05:43:20Z,1,-26.81043,155.7599,1,655.1,1,34.692,1,9.51,1,655.1,1,9.51,1,34.692,1
5905612,2025-10-02T05:43:20Z,1,-26.81043,155.7599,1,657.2,1,34.692,1,9.506,1,657.2,1,9.506,1,34.692,1
5905612,2025-10-02T05:43:20Z,1,-26.81043,155.7599,1,659.3,1,34.691,1,9.498,1,659.3,1,9.498,1,34.691,1
5905612,2025-10-02T05:43:20Z,1,-26.81043,155.7599,1,661.3,1,34.694,1,9.48,1,661.3,1,9.48,1,34.694,1
5905612,2025-10-02T05:43:20Z,1,-26.81043,155.7599,1,663.4,1,34.692,1,9.448,1,663.4,1,9.448,1,34.692,1
5905612,2025-10-02T05:43:20Z,1,-26.81043,155.7599,1,665.4,1,34.692,1,9.436,1,665.4,1,9.436,1,34.692,1
5905612,2025-10-02T05:43:20Z,1,-26.81043,155.7599,1,667.5,1,34.691,1,9.43,1,667.5,1,9.43,1,34.691,1
5905612,2025-10-02T05:43:20Z,1,-26.81043,155.7599,1,669.6,1,34.69,1,9.413,1,669.6,1,9.413,1,34.69,1
5905612,2025-10-02T05:43:20Z,1,-26.81043,155.7599,1,671.7,1,34.689,1,9.406,1,671.7,1,9.406,1,34.689,1
5905612,2025-10-02T05:43:20Z,1,-26.81043,155.7599,1,673.8,1,34.688,1,9.398,1,673.8,1,9.398,1,34.688,1
5905612,2025-10-02T05:43:20Z,1,-26.81043,155.7599,1,675.9,1,34.685,1,9.359,1,675.9,1,9.359,1,34.685,1
5905612,2025-10-02T05:43:20Z,1,-26.81043,155.7599,1,677.5,1,34.679,1,9.311,1,677.5,1,9.311,1,34.679,1
5905612,2025-10-02T05:43:20Z,1,-26.81043,155.7599,1,679.0,1,34.677,1,9.295,1,679.0,1,9.295,1,34.677,1
5905612,2025-10-02T05:43:20Z,1,-26.81043,155.7599,1,681.1,1,34.673,1,9.266,1,681.1,1,9.266,1,34.673,1
5905612,2025-10-02T05:43:20Z,1,-26.81043,155.7599,1,683.2,1,34.67,1,9.244,1,683.2,1,9.244,1,34.67,1
5905612,2025-10-02T05:43:20Z,1,-26.81043,155.7599,1,685.2,1,34.665,1,9.163,1,685.2,1,9.163,1,34.665,1
5905612,2025-10-02T05:43:20Z,1,-26.81043,155.7599,1,687.2,1,34.657,1,9.115,1,687.2,1,9.115,1,34.657,1
5905612,2025-10-02T05:43:20Z,1,-26.81043,155.7599,1,689.3,1,34.651,1,9.08,1,689.3,1,9.08,1,34.651,1
5905612,2025-10-02T05:43:20Z,1,-26.81043,155.7599,1,691.3,1,34.652,1,9.033,1,691.3,1,9.033,1,34.652,1
5905612,2025-10-02T05:43:20Z,1,-26.81043,155.7599,1,693.4,1,34.644,1,9.019,1,693.4,1,9.019,1,34.644,1
5905612,2025-10-02T05:43:20Z,1,-26.81043,155.7599,1,695.4,1,34.642,1,9.011,1,695.4,1,9.011,1,34.642,1
5905612,2025-10-02T05:43:20Z,1,-26.81043,155.7599,1,697.4,1,34.635,1,8.96,1,697.4,1,8.96,1,34.635,1
5905612,2025-10-02T05:43:20Z,1,-26.81043,155.7599,1,699.4,1,34.628,1,8.853,1,699.4,1,8.853,1,34.628,1
5905612,2025-10-02T05:43:20Z,1,-26.81043,155.7599,1,701.5,1,34.623,1,8.808,1,701.5,1,8.808,1,34.623,1
5905612,2025-10-02T05:43:20Z,1,-26.81043,155.7599,1,703.5,1,34.62,1,8.783,1,703.5,1,8.783,1,34.62,1
5905612,2025-10-02T05:43:20Z,1,-26.81043,155.7599,1,705.6,1,34.619,1,8.768,1,705.6,1,8.768,1,34.619,1
5905612,2025-10-02T05:43:20Z,1,-26.81043,155.7599,1,707.6,1,34.618,1,8.762,1,707.6,1,8.762,1,34.618,1
5905612,2025-10-02T05:43:20Z,1,-26.81043,155.7599,1,709.6,1,34.615,1,8.737,1,709.6,1,8.737,1,34.615,1
5905612,2025-10-02T05:43:20Z,1,-26.81043,155.7599,1,711.5,1,34.609,1,8.658,1,711.5,1,8.658,1,34.609,1
5905612,2025-10-02T05:43:20Z,1,-26.81043,155.7599,1,713.5,1,34.607,1,8.603,1,713.5,1,8.603,1,34.607,1
5905612,2025-10-02T05:43:20Z,1,-26.81043,155.7599,1,715.5,1,34.6,1,8.599,1,715.5,1,8.599,1,34.6,1
5905612,2025-10-02T05:43:20Z,1,-26.81043,155.7599,1,717.4,1,34.599,1,8.555,1,717.4,1,8.555,1,34.599,1
5905612,2025-10-02T05:43:20Z,1,-26.81043,155.7599,1,719.5,1,34.594,1,8.478,1,719.5,1,8.478,1,34.594,1
5905612,2025-10-02T05:43:20Z,1,-26.81043,155.7599,1,721.5,1,34.586,1,8.398,1,721.5,1,8.398,1,34.586,1
5905612,2025-10-02T05:43:20Z,1,-26.81043,155.7599,1,723.5,1,34.584,1,8.372,1,723.5,1,8.372,1,34.584,1
5905612,2025-10-02T05:43:20Z,1,-26.81043,155.7599,1,725.6,1,34.582,1,8.368,1,725.6,1,8.368,1,34.582,1
5905612,2025-10-02T05:43:20Z,1,-26.81043,155.7599,1,727.6,1,34.581,1,8.359,1,727.6,1,8.359,1,34.581,1
5905612,2025-10-02T05:43:20Z,1,-26.81043,155.7599,1,729.6,1,34.581,1,8.355,1,729.6,1,8.355,1,34.581,1
5905612,2025-10-02T05:43:20Z,1,-26.81043,155.7599,1,731.6,1,34.58,1,8.345,1,731.6,1,8.345,1,34.58,1
5905612,2025-10-02T05:43:20Z,1,-26.81043,155.7599,1,733.6,1,34.58,1,8.331,1,733.6,1,8.331,1,34.58,1
5905612,2025-10-02T05:43:20Z,1,-26.81043,155.7599,1,735.6,1,34.578,1,8.32,1,735.6,1,8.32,1,34.578,1
5905612,2025-10-02T05:43:20Z,1,-26.81043,155.7599,1,737.6,1,34.577,1,8.316,1,737.6,1,8.316,1,34.577,1
5905612,2025-10-02T05:43:20Z,1,-26.81043,155.7599,1,739.6,1,34.577,1,8.302,1,739.6,1,8.302,1,34.577,1
5905612,2025-10-02T05:43:20Z,1,-26.81043,155.7599,1,741.5,1,34.573,1,8.285,1,741.5,1,8.285,1,34.573,1
5905612,2025-10-02T05:43:20Z,1,-26.81043,155.7599,1,743.5,1,34.576,1,8.264,1,743.5,1,8.264,1,34.576,1
5905612,2025-10-02T05:43:20Z,1,-26.81043,155.7599,1,745.5,1,34.571,1,8.257,1,745.5,1,8.257,1,34.571,1
5905612,2025-10-02T05:43:20Z,1,-26.81043,155.7599,1,747.5,1,34.569,1,8.245,1,747.5,1,8.245,1,34.569,1
5905612,2025-10-02T05:43:20Z,1,-26.81043,155.7599,1,749.5,1,34.568,1,8.224,1,749.5,1,8.224,1,34.568,1
5905612,2025-10-02T05:43:20Z,1,-26.81043,155.7599,1,751.6,1,34.567,1,8.22,1,751.6,1,8.22,1,34.567,1
5905612,2025-10-02T05:43:20Z,1,-26.81043,155.7599,1,753.6,1,34.566,1,8.203,1,753.6,1,8.203,1,34.566,1
5905612,2025-10-02T05:43:20Z,1,-26.81043,155.7599,1,755.7,1,34.566,1,8.17,1,755.7,1,8.17,1,34.566,1
5905612,2025-10-02T05:43:20Z,1,-26.81043,155.7599,1,757.7,1,34.561,1,8.152,1,757.7,1,8.152,1,34.561,1
5905612,2025-10-02T05:43:20Z,1,-26.81043,155.7599,1,759.8,1,34.56,1,8.14,1,759.8,1,8.14,1,34.56,1
5905612,2025-10-02T05:43:20Z,1,-26.81043,155.7599,1,761.8,1,34.557,1,8.123,1,761.8,1,8.123,1,34.557,1
5905612,2025-10-02T05:43:20Z,1,-26.81043,155.7599,1,763.8,1,34.553,1,8.065,1,763.8,1,8.065,1,34.553,1
5905612,2025-10-02T05:43:20Z,1,-26.81043,155.7599,1,765.9,1,34.55,1,8.012,1,765.9,1,8.012,1,34.55,1
5905612,2025-10-02T05:43:20Z,1,-26.81043,155.7599,1,767.9,1,34.547,1,7.989,1,767.9,1,7.989,1,34.547,1
5905612,2025-10-02T05:43:20Z,1,-26.81043,155.7599,1,769.4,1,34.546,1,7.959,1,769.4,1,7.959,1,34.546,1
5905612,2025-10-02T05:43:20Z,1,-26.81043,155.7599,1,771.0,1,34.542,1,7.924,1,771.0,1,7.924,1,34.542,1
5905612,2025-10-02T05:43:20Z,1,-26.81043,155.7599,1,773.0,1,34.539,1,7.891,1,773.0,1,7.891,1,34.539,1
5905612,2025-10-02T05:43:20Z,1,-26.81043,155.7599,1,775.0,1,34.535,1,7.844,1,775.0,1,7.844,1,34.535,1
5905612,2025-10-02T05:43:20Z,1,-26.81043,155.7599,1,777.0,1,34.534,1,7.833,1,777.0,1,7.833,1,34.534,1
5905612,2025-10-02T05:43:20Z,1,-26.81043,155.7599,1,779.1,1,34.532,1,7.816,1,779.1,1,7.816,1,34.532,1
5905612,2025-10-02T05:43:20Z,1,-26.81043,155.7599,1,781.1,1,34.529,1,7.78,1,781.1,1,7.78,1,34.529,1
5905612,2025-10-02T05:43:20Z,1,-26.81043,155.7599,1,783.2,1,34.526,1,7.738,1,783.2,1,7.738,1,34.526,1
5905612,2025-10-02T05:43:20Z,1,-26.81043,155.7599,1,785.2,1,34.522,1,7.703,1,785.2,1,7.703,1,34.522,1
5905612,2025-10-02T05:43:20Z,1,-26.81043,155.7599,1,787.3,1,34.523,1,7.675,1,787.3,1,7.675,1,34.523,1
5905612,2025-10-02T05:43:20Z,1,-26.81043,155.7599,1,789.4,1,34.52,1,7.645,1,789.4,1,7.645,1,34.52,1
5905612,2025-10-02T05:43:20Z,1,-26.81043,155.7599,1,791.4,1,34.518,1,7.626,1,791.4,1,7.626,1,34.518,1
5905612,2025-10-02T05:43:20Z,1,-26.81043,155.7599,1,793.6,1,34.514,1,7.597,1,793.6,1,7.597,1,34.514,1
5905612,2025-10-02T05:43:20Z,1,-26.81043,155.7599,1,795.6,1,34.511,1,7.549,1,795.6,1,7.549,1,34.511,1
5905612,2025-10-02T05:43:20Z,1,-26.81043,155.7599,1,797.5,1,34.506,1,7.525,1,797.5,1,7.525,1,34.506,1
5905612,2025-10-02T05:43:20Z,1,-26.81043,155.7599,1,799.6,1,34.503,1,7.448,1,799.6,1,7.448,1,34.503,1
5905612,2025-10-02T05:43:20Z,1,-26.81043,155.7599,1,801.6,1,34.499,1,7.413,1,801.6,1,7.413,1,34.499,1
5905612,2025-10-02T05:43:20Z,1,-26.81043,155.7599,1,803.7,1,34.497,1,7.398,1,803.7,1,7.398,1,34.497,1
5905612,2025-10-02T05:43:20Z,1,-26.81043,155.7599,1,805.4,1,34.497,1,7.391,1,805.4,1,7.391,1,34.497,1
5905612,2025-10-02T05:43:20Z,1,-26.81043,155.7599,1,807.4,1,34.493,1,7.35,1,807.4,1,7.35,1,34.493,1
5905612,2025-10-02T05:43:20Z,1,-26.81043,155.7599,1,809.5,1,34.492,1,7.329,1,809.5,1,7.329,1,34.492,1
5905612,2025-10-02T05:43:20Z,1,-26.81043,155.7599,1,811.2,1,34.49,1,7.301,1,811.2,1,7.301,1,34.49,1
5905612,2025-10-02T05:43:20Z,1,-26.81043,155.7599,1,813.4,1,34.487,1,7.26,1,813.4,1,7.26,1,34.487,1
5905612,2025-10-02T05:43:20Z,1,-26.81043,155.7599,1,815.5,1,34.486,1,7.244,1,815.5,1,7.244,1,34.486,1
5905612,2025-10-02T05:43:20Z,1,-26.81043,155.7599,1,817.2,1,34.484,1,7.225,1,817.2,1,7.225,1,34.484,1
5905612,2025-10-02T05:43:20Z,1,-26.81043,155.7599,1,819.4,1,34.485,1,7.209,1,819.4,1,7.209,1,34.485,1
5905612,2025-10-02T05:43:20Z,1,-26.81043,155.7599,1,821.6,1,34.486,1,7.193,1,821.6,1,7.193,1,34.486,1
5905612,2025-10-02T05:43:20Z,1,-26.81043,155.7599,1,823.3,1,34.485,1,7.183,1,823.3,1,7.183,1,34.485,1
5905612,2025-10-02T05:43:20Z,1,-26.81043,155.7599,1,825.5,1,34.485,1,7.173,1,825.5,1,7.173,1,34.485,1
5905612,2025-10-02T05:43:20Z,1,-26.81043,155.7599,1,827.7,1,34.484,1,7.136,1,827.7,1,7.136,1,34.484,1
5905612,2025-10-02T05:43:20Z,1,-26.81043,155.7599,1,829.4,1,34.481,1,7.109,1,829.4,1,7.109,1,34.481,1
5905612,2025-10-02T05:43:20Z,1,-26.81043,155.7599,1,831.2,1,34.48,1,7.084,1,831.2,1,7.084,1,34.48,1
5905612,2025-10-02T05:43:20Z,1,-26.81043,155.7599,1,833.5,1,34.479,1,7.068,1,833.5,1,7.068,1,34.479,1
5905612,2025-10-02T05:43:20Z,1,-26.81043,155.7599,1,835.7,1,34.478,1,7.062,1,835.7,1,7.062,1,34.478,1
5905612,2025-10-02T05:43:20Z,1,-26.81043,155.7599,1,837.4,1,34.478,1,7.059,1,837.4,1,7.059,1,34.478,1
5905612,2025-10-02T05:43:20Z,1,-26.81043,155.7599,1,839.2,1,34.478,1,7.051,1,839.2,1,7.051,1,34.478,1
5905612,2025-10-02T05:43:20Z,1,-26.81043,155.7599,1,841.1,1,34.477,1,7.03,1,841.1,1,7.03,1,34.477,1
5905612,2025-10-02T05:43:20Z,1,-26.81043,155.7599,1,843.4,1,34.474,1,7.012,1,843.4,1,7.012,1,34.474,1
5905612,2025-10-02T05:43:20Z,1,-26.81043,155.7599,1,845.7,1,34.473,1,7.008,1,845.7,1,7.008,1,34.473,1
5905612,2025-10-02T05:43:20Z,1,-26.81043,155.7599,1,847.5,1,34.473,1,6.983,1,847.5,1,6.983,1,34.473,1
5905612,2025-10-02T05:43:20Z,1,-26.81043,155.7599,1,849.4,1,34.47,1,6.953,1,849.4,1,6.953,1,34.47,1
5905612,2025-10-02T05:43:20Z,1,-26.81043,155.7599,1,851.2,1,34.468,1,6.939,1,851.2,1,6.939,1,34.468,1
5905612,2025-10-02T05:43:20Z,1,-26.81043,155.7599,1,853.1,1,34.468,1,6.931,1,853.1,1,6.931,1,34.468,1
5905612,2025-10-02T05:43:20Z,1,-26.81043,155.7599,1,855.4,1,34.467,1,6.915,1,855.4,1,6.915,1,34.467,1
5905612,2025-10-02T05:43:20Z,1,-26.81043,155.7599,1,857.6,1,34.467,1,6.905,1,857.6,1,6.905,1,34.467,1
5905612,2025-10-02T05:43:20Z,1,-26.81043,155.7599,1,859.4,1,34.466,1,6.893,1,859.4,1,6.893,1,34.466,1
5905612,2025-10-02T05:43:20Z,1,-26.81043,155.7599,1,861.2,1,34.466,1,6.889,1,861.2,1,6.889,1,34.466,1
5905612,2025-10-02T05:43:20Z,1,-26.81043,155.7599,1,863.5,1,34.466,1,6.859,1,863.5,1,6.859,1,34.466,1
5905612,2025-10-02T05:43:20Z,1,-26.81043,155.7599,1,865.7,1,34.464,1,6.83,1,865.7,1,6.83,1,34.464,1
5905612,2025-10-02T05:43:20Z,1,-26.81043,155.7599,1,867.4,1,34.463,1,6.821,1,867.4,1,6.821,1,34.463,1
5905612,2025-10-02T05:43:20Z,1,-26.81043,155.7599,1,869.2,1,34.463,1,6.807,1,869.2,1,6.807,1,34.463,1
5905612,2025-10-02T05:43:20Z,1,-26.81043,155.7599,1,871.5,1,34.461,1,6.791,1,871.5,1,6.791,1,34.461,1
5905612,2025-10-02T05:43:20Z,1,-26.81043,155.7599,1,873.6,1,34.461,1,6.784,1,873.6,1,6.784,1,34.461,1
5905612,2025-10-02T05:43:20Z,1,-26.81043,155.7599,1,875.3,1,34.461,1,6.775,1,875.3,1,6.775,1,34.461,1
5905612,2025-10-02T05:43:20Z,1,-26.81043,155.7599,1,877.5,1,34.46,1,6.753,1,877.5,1,6.753,1,34.46,1
5905612,2025-10-02T05:43:20Z,1,-26.81043,155.7599,1,879.6,1,34.458,1,6.724,1,879.6,1,6.724,1,34.458,1
5905612,2025-10-02T05:43:20Z,1,-26.81043,155.7599,1,881.3,1,34.457,1,6.706,1,881.3,1,6.706,1,34.457,1
5905612,2025-10-02T05:43:20Z,1,-26.81043,155.7599,1,883.4,1,34.454,1,6.658,1,883.4,1,6.658,1,34.454,1
5905612,2025-10-02T05:43:20Z,1,-26.81043,155.7599,1,885.6,1,34.452,1,6.644,1,885.6,1,6.644,1,34.452,1
5905612,2025-10-02T05:43:20Z,1,-26.81043,155.7599,1,887.2,1,34.451,1,6.639,1,887.2,1,6.639,1,34.451,1
5905612,2025-10-02T05:43:20Z,1,-26.81043,155.7599,1,889.3,1,34.45,1,6.621,1,889.3,1,6.621,1,34.45,1
5905612,2025-10-02T05:43:20Z,1,-26.81043,155.7599,1,891.4,1,34.449,1,6.57,1,891.4,1,6.57,1,34.449,1
5905612,2025-10-02T05:43:20Z,1,-26.81043,155.7599,1,893.1,1,34.449,1,6.565,1,893.1,1,6.565,1,34.449,1
5905612,2025-10-02T05:43:20Z,1,-26.81043,155.7599,1,895.3,1,34.449,1,6.55,1,895.3,1,6.55,1,34.449,1
5905612,2025-10-02T05:43:20Z,1,-26.81043,155.7599,1,897.4,1,34.45,1,6.543,1,897.4,1,6.543,1,34.45,1
5905612,2025-10-02T05:43:20Z,1,-26.81043,155.7599,1,899.2,1,34.45,1,6.533,1,899.2,1,6.533,1,34.45,1
5905612,2025-10-02T05:43:20Z,1,-26.81043,155.7599,1,901.3,1,34.45,1,6.499,1,901.3,1,6.499,1,34.45,1
5905612,2025-10-02T05:43:20Z,1,-26.81043,155.7599,1,903.5,1,34.451,1,6.493,1,903.5,1,6.493,1,34.451,1
5905612,2025-10-02T05:43:20Z,1,-26.81043,155.7599,1,905.1,1,34.45,1,6.493,1,905.1,1,6.493,1,34.45,1
5905612,2025-10-02T05:43:20Z,1,-26.81043,155.7599,1,907.3,1,34.451,1,6.49,1,907.3,1,6.49,1,34.451,1
5905612,2025-10-02T05:43:20Z,1,-26.81043,155.7599,1,909.4,1,34.452,1,6.474,1,909.4,1,6.474,1,34.452,1
5905612,2025-10-02T05:43:20Z,1,-26.81043,155.7599,1,911.2,1,34.451,1,6.464,1,911.2,1,6.464,1,34.451,1
5905612,2025-10-02T05:43:20Z,1,-26.81043,155.7599,1,913.3,1,34.449,1,6.419,1,913.3,1,6.419,1,34.449,1
5905612,2025-10-02T05:43:20Z,1,-26.81043,155.7599,1,915.5,1,34.449,1,6.4,1,915.5,1,6.4,1,34.449,1
5905612,2025-10-02T05:43:20Z,1,-26.81043,155.7599,1,917.2,1,34.447,1,6.387,1,917.2,1,6.387,1,34.447,1
5905612,2025-10-02T05:43:20Z,1,-26.81043,155.7599,1,919.4,1,34.447,1,6.368,1,919.4,1,6.368,1,34.447,1
5905612,2025-10-02T05:43:20Z,1,-26.81043,155.7599,1,921.6,1,34.446,1,6.302,1,921.6,1,6.302,1,34.446,1
5905612,2025-10-02T05:43:20Z,1,-26.81043,155.7599,1,923.4,1,34.443,1,6.269,1,923.4,1,6.269,1,34.443,1
5905612,2025-10-02T05:43:20Z,1,-26.81043,155.7599,1,925.1,1,34.442,1,6.248,1,925.1,1,6.248,1,34.442,1
5905612,2025-10-02T05:43:20Z,1,-26.81043,155.7599,1,927.4,1,34.441,1,6.242,1,927.4,1,6.242,1,34.441,1
5905612,2025-10-02T05:43:20Z,1,-26.81043,155.7599,1,929.6,1,34.441,1,6.236,1,929.6,1,6.236,1,34.441,1
5905612,2025-10-02T05:43:20Z,1,-26.81043,155.7599,1,931.4,1,34.44,1,6.228,1,931.4,1,6.228,1,34.44,1
5905612,2025-10-02T05:43:20Z,1,-26.81043,155.7599,1,933.1,1,34.44,1,6.208,1,933.1,1,6.208,1,34.44,1
5905612,2025-10-02T05:43:20Z,1,-26.81043,155.7599,1,935.4,1,34.439,1,6.181,1,935.4,1,6.181,1,34.439,1
5905612,2025-10-02T05:43:20Z,1,-26.81043,155.7599,1,937.6,1,34.437,1,6.154,1,937.6,1,6.154,1,34.437,1
5905612,2025-10-02T05:43:20Z,1,-26.81043,155.7599,1,939.4,1,34.44,1,6.135,1,939.4,1,6.135,1,34.44,1
5905612,2025-10-02T05:43:20Z,1,-26.81043,155.7599,1,941.2,1,34.437,1,6.129,1,941.2,1,6.129,1,34.437,1
5905612,2025-10-02T05:43:20Z,1,-26.81043,155.7599,1,943.4,1,34.437,1,6.103,1,943.4,1,6.103,1,34.437,1
5905612,2025-10-02T05:43:20Z,1,-26.81043,155.7599,1,945.6,1,34.435,1,6.063,1,945.6,1,6.063,1,34.435,1
5905612,2025-10-02T05:43:20Z,1,-26.81043,155.7599,1,947.4,1,34.433,1,6.048,1,947.4,1,6.048,1,34.433,1
5905612,2025-10-02T05:43:20Z,1,-26.81043,155.7599,1,949.3,1,34.431,1,6.016,1,949.3,1,6.016,1,34.431,1
5905612,2025-10-02T05:43:20Z,1,-26.81043,155.7599,1,951.1,1,34.43,1,6.004,1,951.1,1,6.004,1,34.43,1
5905612,2025-10-02T05:43:20Z,1,-26.81043,155.7599,1,953.4,1,34.431,1,5.999,1,953.4,1,5.999,1,34.431,1
5905612,2025-10-02T05:43:20Z,1,-26.81043,155.7599,1,955.7,1,34.428,1,5.968,1,955.7,1,5.968,1,34.428,1
5905612,2025-10-02T05:43:20Z,1,-26.81043,155.7599,1,957.6,1,34.426,1,5.958,1,957.6,1,5.958,1,34.426,1
5905612,2025-10-02T05:43:20Z,1,-26.81043,155.7599,1,959.5,1,34.427,1,5.951,1,959.5,1,5.951,1,34.427,1
5905612,2025-10-02T05:43:20Z,1,-26.81043,155.7599,1,961.4,1,34.427,1,5.926,1,961.4,1,5.926,1,34.427,1
5905612,2025-10-02T05:43:20Z,1,-26.81043,155.7599,1,963.2,1,34.426,1,5.915,1,963.2,1,5.915,1,34.426,1
5905612,2025-10-02T05:43:20Z,1,-26.81043,155.7599,1,965.1,1,34.426,1,5.906,1,965.1,1,5.906,1,34.426,1
5905612,2025-10-02T05:43:20Z,1,-26.81043,155.7599,1,967.4,1,34.424,1,5.864,1,967.4,1,5.864,1,34.424,1
5905612,2025-10-02T05:43:20Z,1,-26.81043,155.7599,1,969.8,1,34.424,1,5.842,1,969.8,1,5.842,1,34.424,1
5905612,2025-10-02T05:43:20Z,1,-26.81043,155.7599,1,971.7,1,34.427,1,5.832,1,971.7,1,5.832,1,34.427,1
5905612,2025-10-02T05:43:20Z,1,-26.81043,155.7599,1,973.7,1,34.428,1,5.819,1,973.7,1,5.819,1,34.428,1
5905612,2025-10-02T05:43:20Z,1,-26.81043,155.7599,1,975.7,1,34.43,1,5.799,1,975.7,1,5.799,1,34.43,1
5905612,2025-10-02T05:43:20Z,1,-26.81043,155.7599,1,977.7,1,34.432,1,5.781,1,977.7,1,5.781,1,34.432,1
5905612,2025-10-02T05:43:20Z,1,-26.81043,155.7599,1,979.6,1,34.432,1,5.774,1,979.6,1,5.774,1,34.432,1
5905612,2025-10-02T05:43:20Z,1,-26.81043,155.7599,1,981.6,1,34.432,1,5.768,1,981.6,1,5.768,1,34.432,1
5905612,2025-10-02T05:43:20Z,1,-26.81043,155.7599,1,983.6,1,34.432,1,5.766,1,983.6,1,5.766,1,34.432,1
5905612,2025-10-02T05:43:20Z,1,-26.81043,155.7599,1,985.6,1,34.431,1,5.761,1,985.6,1,5.761,1,34.431,1
5905612,2025-10-02T05:43:20Z,1,-26.81043,155.7599,1,987.6,1,34.431,1,5.758,1,987.6,1,5.758,1,34.431,1
5905612,2025-10-02T05:43:20Z,1,-26.81043,155.7599,1,989.5,1,34.43,1,5.755,1,989.5,1,5.755,1,34.43,1
5905612,2025-10-02T05:43:20Z,1,-26.81043,155.7599,1,991.6,1,34.431,1,5.737,1,991.6,1,5.737,1,34.431,1
5905612,2025-10-02T05:43:20Z,1,-26.81043,155.7599,1,993.6,1,34.43,1,5.712,1,993.6,1,5.712,1,34.43,1
5905612,2025-10-02T05:43:20Z,1,-26.81043,155.7599,1,995.6,1,34.43,1,5.708,1,995.6,1,5.708,1,34.43,1
5905612,2025-10-02T05:43:20Z,1,-26.81043,155.7599,1,997.6,1,34.431,1,5.684,1,997.6,1,5.684,1,34.431,1
5905612,2025-10-02T05:43:20Z,1,-26.81043,155.7599,1,999.6,1,34.431,1,5.662,1,999.6,1,5.662,1,34.431,1
5905612,2025-10-02T05:43:20Z,1,-26.81043,155.7599,1,1001.6,1,34.432,1,5.652,1,1001.6,1,5.652,1,34.432,1
5905612,2025-10-02T05:43:20Z,1,-26.81043,155.7599,1,1003.6,1,34.432,1,5.641,1,1003.6,1,5.641,1,34.432,1
5905612,2025-10-02T05:43:20Z,1,-26.81043,155.7599,1,1005.7,1,34.431,1,5.624,1,1005.7,1,5.624,1,34.431,1
5905612,2025-10-02T05:43:20Z,1,-26.81043,155.7599,1,1007.6,1,34.432,1,5.612,1,1007.6,1,5.612,1,34.432,1
5905612,2025-10-02T05:43:20Z,1,-26.81043,155.7599,1,1009.6,1,34.432,1,5.592,1,1009.6,1,5.592,1,34.432,1
5905612,2025-10-02T05:43:20Z,1,-26.81043,155.7599,1,1011.6,1,34.432,1,5.571,1,1011.6,1,5.571,1,34.432,1
5905612,2025-10-02T05:43:20Z,1,-26.81043,155.7599,1,1013.7,1,34.431,1,5.565,1,1013.7,1,5.565,1,34.431,1
5905612,2025-10-02T05:43:20Z,1,-26.81043,155.7599,1,1015.7,1,34.432,1,5.565,1,1015.7,1,5.565,1,34.432,1
5905612,2025-10-02T05:43:20Z,1,-26.81043,155.7599,1,1017.8,1,34.432,1,5.564,1,1017.8,1,5.564,1,34.432,1
5905612,2025-10-02T05:43:20Z,1,-26.81043,155.7599,1,1019.8,1,34.431,1,5.554,1,1019.8,1,5.554,1,34.431,1
5905612,2025-10-02T05:43:20Z,1,-26.81043,155.7599,1,1021.8,1,34.431,1,5.53,1,1021.8,1,5.53,1,34.431,1
5905612,2025-10-02T05:43:20Z,1,-26.81043,155.7599,1,1023.8,1,34.431,1,5.517,1,1023.8,1,5.517,1,34.431,1
5905612,2025-10-02T05:43:20Z,1,-26.81043,155.7599,1,1025.8,1,34.43,1,5.511,1,1025.8,1,5.511,1,34.43,1
5905612,2025-10-02T05:43:20Z,1,-26.81043,155.7599,1,1027.9,1,34.43,1,5.49,1,1027.9,1,5.49,1,34.43,1
5905612,2025-10-02T05:43:20Z,1,-26.81043,155.7599,1,1029.9,1,34.431,1,5.455,1,1029.9,1,5.455,1,34.431,1
5905612,2025-10-02T05:43:20Z,1,-26.81043,155.7599,1,1031.4,1,34.43,1,5.436,1,1031.4,1,5.436,1,34.43,1
5905612,2025-10-02T05:43:20Z,1,-26.81043,155.7599,1,1033.4,1,34.429,1,5.423,1,1033.4,1,5.423,1,34.429,1
5905612,2025-10-02T05:43:20Z,1,-26.81043,155.7599,1,1035.4,1,34.429,1,5.404,1,1035.4,1,5.404,1,34.429,1
5905612,2025-10-02T05:43:20Z,1,-26.81043,155.7599,1,1037.0,1,34.43,1,5.391,1,1037.0,1,5.391,1,34.43,1
5905612,2025-10-02T05:43:20Z,1,-26.81043,155.7599,1,1039.0,1,34.431,1,5.37,1,1039.0,1,5.37,1,34.431,1
5905612,2025-10-02T05:43:20Z,1,-26.81043,155.7599,1,1041.0,1,34.43,1,5.341,1,1041.0,1,5.341,1,34.43,1
5905612,2025-10-02T05:43:20Z,1,-26.81043,155.7599,1,1043.1,1,34.429,1,5.335,1,1043.1,1,5.335,1,34.429,1
5905612,2025-10-02T05:43:20Z,1,-26.81043,155.7599,1,1045.1,1,34.43,1,5.33,1,1045.1,1,5.33,1,34.43,1
5905612,2025-10-02T05:43:20Z,1,-26.81043,155.7599,1,1047.2,1,34.432,1,5.31,1,1047.2,1,5.31,1,34.432,1
5905612,2025-10-02T05:43:20Z,1,-26.81043,155.7599,1,1049.3,1,34.431,1,5.308,1,1049.3,1,5.308,1,34.431,1
5905612,2025-10-02T05:43:20Z,1,-26.81043,155.7599,1,1051.3,1,34.431,1,5.302,1,1051.3,1,5.302,1,34.431,1
5905612,2025-10-02T05:43:20Z,1,-26.81043,155.7599,1,1053.3,1,34.43,1,5.286,1,1053.3,1,5.286,1,34.43,1
5905612,2025-10-02T05:43:20Z,1,-26.81043,155.7599,1,1055.4,1,34.432,1,5.257,1,1055.4,1,5.257,1,34.432,1
5905612,2025-10-02T05:43:20Z,1,-26.81043,155.7599,1,1057.4,1,34.429,1,5.246,1,1057.4,1,5.246,1,34.429,1
5905612,2025-10-02T05:43:20Z,1,-26.81043,155.7599,1,1059.5,1,34.43,1,5.245,1,1059.5,1,5.245,1,34.43,1
5905612,2025-10-02T05:43:20Z,1,-26.81043,155.7599,1,1061.6,1,34.43,1,5.243,1,1061.6,1,5.243,1,34.43,1
5905612,2025-10-02T05:43:20Z,1,-26.81043,155.7599,1,1063.6,1,34.426,1,5.194,1,1063.6,1,5.194,1,34.426,1
5905612,2025-10-02T05:43:20Z,1,-26.81043,155.7599,1,1065.7,1,34.423,1,5.157,1,1065.7,1,5.157,1,34.423,1
5905612,2025-10-02T05:43:20Z,1,-26.81043,155.7599,1,1067.7,1,34.423,1,5.138,1,1067.7,1,5.138,1,34.423,1
5905612,2025-10-02T05:43:20Z,1,-26.81043,155.7599,1,1069.7,1,34.424,1,5.131,1,1069.7,1,5.131,1,34.424,1
5905612,2025-10-02T05:43:20Z,1,-26.81043,155.7599,1,1071.7,1,34.425,1,5.133,1,1071.7,1,5.133,1,34.425,1
5905612,2025-10-02T05:43:20Z,1,-26.81043,155.7599,1,1073.7,1,34.424,1,5.134,1,1073.7,1,5.134,1,34.424,1
5905612,2025-10-02T05:43:20Z,1,-26.81043,155.7599,1,1075.7,1,34.424,1,5.136,1,1075.7,1,5.136,1,34.424,1
5905612,2025-10-02T05:43:20Z,1,-26.81043,155.7599,1,1077.7,1,34.427,1,5.128,1,1077.7,1,5.128,1,34.427,1
5905612,2025-10-02T05:43:20Z,1,-26.81043,155.7599,1,1079.7,1,34.426,1,5.096,1,1079.7,1,5.096,1,34.426,1
5905612,2025-10-02T05:43:20Z,1,-26.81043,155.7599,1,1081.7,1,34.427,1,5.091,1,1081.7,1,5.091,1,34.427,1
5905612,2025-10-02T05:43:20Z,1,-26.81043,155.7599,1,1083.6,1,34.428,1,5.084,1,1083.6,1,5.084,1,34.428,1
5905612,2025-10-02T05:43:20Z,1,-26.81043,155.7599,1,1085.6,1,34.429,1,5.076,1,1085.6,1,5.076,1,34.429,1
5905612,2025-10-02T05:43:20Z,1,-26.81043,155.7599,1,1087.6,1,34.429,1,5.068,1,1087.6,1,5.068,1,34.429,1
5905612,2025-10-02T05:43:20Z,1,-26.81043,155.7599,1,1089.5,1,34.428,1,5.064,1,1089.5,1,5.064,1,34.428,1
5905612,2025-10-02T05:43:20Z,1,-26.81043,155.7599,1,1091.5,1,34.43,1,5.038,1,1091.5,1,5.038,1,34.43,1
5905612,2025-10-02T05:43:20Z,1,-26.81043,155.7599,1,1093.4,1,34.431,1,5.021,1,1093.4,1,5.021,1,34.431,1
5905612,2025-10-02T05:43:20Z,1,-26.81043,155.7599,1,1095.4,1,34.431,1,5.013,1,1095.4,1,5.013,1,34.431,1
5905612,2025-10-02T05:43:20Z,1,-26.81043,155.7599,1,1097.5,1,34.435,1,4.989,1,1097.5,1,4.989,1,34.435,1
5905612,2025-10-02T05:43:20Z,1,-26.81043,155.7599,1,1099.5,1,34.435,1,4.982,1,1099.5,1,4.982,1,34.435,1
5905612,2025-10-02T05:43:20Z,1,-26.81043,155.7599,1,1101.5,1,34.436,1,4.975,1,1101.5,1,4.975,1,34.436,1
5905612,2025-10-02T05:43:20Z,1,-26.81043,155.7599,1,1103.5,1,34.435,1,4.97,1,1103.5,1,4.97,1,34.435,1
5905612,2025-10-02T05:43:20Z,1,-26.81043,155.7599,1,1105.3,1,34.439,1,4.951,1,1105.3,1,4.951,1,34.439,1
5905612,2025-10-02T05:43:20Z,1,-26.81043,155.7599,1,1107.2,1,34.441,1,4.932,1,1107.2,1,4.932,1,34.441,1
5905612,2025-10-02T05:43:20Z,1,-26.81043,155.7599,1,1109.5,1,34.441,1,4.917,1,1109.5,1,4.917,1,34.441,1
5905612,2025-10-02T05:43:20Z,1,-26.81043,155.7599,1,1111.5,1,34.443,1,4.9,1,1111.5,1,4.9,1,34.443,1
5905612,2025-10-02T05:43:20Z,1,-26.81043,155.7599,1,1113.4,1,34.443,1,4.889,1,1113.4,1,4.889,1,34.443,1
5905612,2025-10-02T05:43:20Z,1,-26.81043,155.7599,1,1115.4,1,34.443,1,4.887,1,1115.4,1,4.887,1,34.443,1
5905612,2025-10-02T05:43:20Z,1,-26.81043,155.7599,1,1117.4,1,34.444,1,4.877,1,1117.4,1,4.877,1,34.444,1
5905612,2025-10-02T05:43:20Z,1,-26.81043,155.7599,1,1119.4,1,34.444,1,4.87,1,1119.4,1,4.87,1,34.444,1
5905612,2025-10-02T05:43:20Z,1,-26.81043,155.7599,1,1121.4,1,34.445,1,4.861,1,1121.4,1,4.861,1,34.445,1
5905612,2025-10-02T05:43:20Z,1,-26.81043,155.7599,1,1123.5,1,34.445,1,4.855,1,1123.5,1,4.855,1,34.445,1
5905612,2025-10-02T05:43:20Z,1,-26.81043,155.7599,1,1125.6,1,34.447,1,4.842,1,1125.6,1,4.842,1,34.447,1
5905612,2025-10-02T05:43:20Z,1,-26.81043,155.7599,1,1127.7,1,34.45,1,4.821,1,1127.7,1,4.821,1,34.45,1
5905612,2025-10-02T05:43:20Z,1,-26.81043,155.7599,1,1129.3,1,34.449,1,4.815,1,1129.3,1,4.815,1,34.449,1
5905612,2025-10-02T05:43:20Z,1,-26.81043,155.7599,1,1131.4,1,34.449,1,4.806,1,1131.4,1,4.806,1,34.449,1
5905612,2025-10-02T05:43:20Z,1,-26.81043,155.7599,1,1133.5,1,34.45,1,4.794,1,1133.5,1,4.794,1,34.45,1
5905612,2025-10-02T05:43:20Z,1,-26.81043,155.7599,1,1135.6,1,34.451,1,4.781,1,1135.6,1,4.781,1,34.451,1
5905612,2025-10-02T05:43:20Z,1,-26.81043,155.7599,1,1137.7,1,34.453,1,4.76,1,1137.7,1,4.76,1,34.453,1
5905612,2025-10-02T05:43:20Z,1,-26.81043,155.7599,1,1139.5,1,34.454,1,4.736,1,1139.5,1,4.736,1,34.454,1
5905612,2025-10-02T05:43:20Z,1,-26.81043,155.7599,1,1141.2,1,34.454,1,4.729,1,1141.2,1,4.729,1,34.454,1
5905612,2025-10-02T05:43:20Z,1,-26.81043,155.7599,1,1143.5,1,34.456,1,4.73,1,1143.5,1,4.73,1,34.456,1
5905612,2025-10-02T05:43:20Z,1,-26.81043,155.7599,1,1145.7,1,34.457,1,4.717,1,1145.7,1,4.717,1,34.457,1
5905612,2025-10-02T05:43:20Z,1,-26.81043,155.7599,1,1147.6,1,34.459,1,4.7,1,1147.6,1,4.7,1,34.459,1
5905612,2025-10-02T05:43:20Z,1,-26.81043,155.7599,1,1149.4,1,34.459,1,4.694,1,1149.4,1,4.694,1,34.459,1
5905612,2025-10-02T05:43:20Z,1,-26.81043,155.7599,1,1151.3,1,34.46,1,4.689,1,1151.3,1,4.689,1,34.46,1
5905612,2025-10-02T05:43:20Z,1,-26.81043,155.7599,1,1153.1,1,34.46,1,4.683,1,1153.1,1,4.683,1,34.46,1
5905612,2025-10-02T05:43:20Z,1,-26.81043,155.7599,1,1155.5,1,34.46,1,4.68,1,1155.5,1,4.68,1,34.46,1
5905612,2025-10-02T05:43:20Z,1,-26.81043,155.7599,1,1157.8,1,34.46,1,4.675,1,1157.8,1,4.675,1,34.46,1
5905612,2025-10-02T05:43:20Z,1,-26.81043,155.7599,1,1159.7,1,34.461,1,4.665,1,1159.7,1,4.665,1,34.461,1
5905612,2025-10-02T05:43:20Z,1,-26.81043,155.7599,1,1161.6,1,34.462,1,4.634,1,1161.6,1,4.634,1,34.462,1
5905612,2025-10-02T05:43:20Z,1,-26.81043,155.7599,1,1163.5,1,34.462,1,4.619,1,1163.5,1,4.619,1,34.462,1
5905612,2025-10-02T05:43:20Z,1,-26.81043,155.7599,1,1165.3,1,34.462,1,4.613,1,1165.3,1,4.613,1,34.462,1
5905612,2025-10-02T05:43:20Z,1,-26.81043,155.7599,1,1167.2,1,34.463,1,4.601,1,1167.2,1,4.601,1,34.463,1
5905612,2025-10-02T05:43:20Z,1,-26.81043,155.7599,1,1169.1,1,34.463,1,4.597,1,1169.1,1,4.597,1,34.463,1
5905612,2025-10-02T05:43:20Z,1,-26.81043,155.7599,1,1171.5,1,34.464,1,4.585,1,1171.5,1,4.585,1,34.464,1
5905612,2025-10-02T05:43:20Z,1,-26.81043,155.7599,1,1173.8,1,34.466,1,4.577,1,1173.8,1,4.577,1,34.466,1
5905612,2025-10-02T05:43:20Z,1,-26.81043,155.7599,1,1175.8,1,34.467,1,4.568,1,1175.8,1,4.568,1,34.467,1
5905612,2025-10-02T05:43:20Z,1,-26.81043,155.7599,1,1177.7,1,34.466,1,4.562,1,1177.7,1,4.562,1,34.466,1
5905612,2025-10-02T05:43:20Z,1,-26.81043,155.7599,1,1179.6,1,34.467,1,4.558,1,1179.6,1,4.558,1,34.467,1
5905612,2025-10-02T05:43:20Z,1,-26.81043,155.7599,1,1181.6,1,34.466,1,4.553,1,1181.6,1,4.553,1,34.466,1
5905612,2025-10-02T05:43:20Z,1,-26.81043,155.7599,1,1183.5,1,34.469,1,4.53,1,1183.5,1,4.53,1,34.469,1
5905612,2025-10-02T05:43:20Z,1,-26.81043,155.7599,1,1185.4,1,34.468,1,4.523,1,1185.4,1,4.523,1,34.468,1
5905612,2025-10-02T05:43:20Z,1,-26.81043,155.7599,1,1187.4,1,34.467,1,4.519,1,1187.4,1,4.519,1,34.467,1
5905612,2025-10-02T05:43:20Z,1,-26.81043,155.7599,1,1189.3,1,34.468,1,4.502,1,1189.3,1,4.502,1,34.468,1
5905612,2025-10-02T05:43:20Z,1,-26.81043,155.7599,1,1191.3,1,34.467,1,4.489,1,1191.3,1,4.489,1,34.467,1
5905612,2025-10-02T05:43:20Z,1,-26.81043,155.7599,1,1193.3,1,34.469,1,4.464,1,1193.3,1,4.464,1,34.469,1
5905612,2025-10-02T05:43:20Z,1,-26.81043,155.7599,1,1195.3,1,34.469,1,4.452,1,1195.3,1,4.452,1,34.469,1
5905612,2025-10-02T05:43:20Z,1,-26.81043,155.7599,1,1197.3,1,34.469,1,4.448,1,1197.3,1,4.448,1,34.469,1
5905612,2025-10-02T05:43:20Z,1,-26.81043,155.7599,1,1199.3,1,34.469,1,4.441,1,1199.3,1,4.441,1,34.469,1
5905612,2025-10-02T05:43:20Z,1,-26.81043,155.7599,1,1201.3,1,34.47,1,4.433,1,1201.3,1,4.433,1,34.47,1
5905612,2025-10-02T05:43:20Z,1,-26.81043,155.7599,1,1203.3,1,34.47,1,4.427,1,1203.3,1,4.427,1,34.47,1
5905612,2025-10-02T05:43:20Z,1,-26.81043,155.7599,1,1205.4,1,34.471,1,4.417,1,1205.4,1,4.417,1,34.471,1
5905612,2025-10-02T05:43:20Z,1,-26.81043,155.7599,1,1207.5,1,34.472,1,4.409,1,1207.5,1,4.409,1,34.472,1
5905612,2025-10-02T05:43:20Z,1,-26.81043,155.7599,1,1209.6,1,34.473,1,4.391,1,1209.6,1,4.391,1,34.473,1
5905612,2025-10-02T05:43:20Z,1,-26.81043,155.7599,1,1211.7,1,34.474,1,4.373,1,1211.7,1,4.373,1,34.474,1
5905612,2025-10-02T05:43:20Z,1,-26.81043,155.7599,1,1213.7,1,34.473,1,4.37,1,1213.7,1,4.37,1,34.473,1
5905612,2025-10-02T05:43:20Z,1,-26.81043,155.7599,1,1215.8,1,34.474,1,4.367,1,1215.8,1,4.367,1,34.474,1
5905612,2025-10-02T05:43:20Z,1,-26.81043,155.7599,1,1217.8,1,34.475,1,4.362,1,1217.8,1,4.362,1,34.475,1
5905612,2025-10-02T05:43:20Z,1,-26.81043,155.7599,1,1219.9,1,34.475,1,4.354,1,1219.9,1,4.354,1,34.475,1
5905612,2025-10-02T05:43:20Z,1,-26.81043,155.7599,1,1221.5,1,34.476,1,4.348,1,1221.5,1,4.348,1,34.476,1
5905612,2025-10-02T05:43:20Z,1,-26.81043,155.7599,1,1223.0,1,34.476,1,4.339,1,1223.0,1,4.339,1,34.476,1
5905612,2025-10-02T05:43:20Z,1,-26.81043,155.7599,1,1225.1,1,34.478,1,4.315,1,1225.1,1,4.315,1,34.478,1
5905612,2025-10-02T05:43:20Z,1,-26.81043,155.7599,1,1227.1,1,34.478,1,4.304,1,1227.1,1,4.304,1,34.478,1
5905612,2025-10-02T05:43:20Z,1,-26.81043,155.7599,1,1229.0,1,34.478,1,4.301,1,1229.0,1,4.301,1,34.478,1
5905612,2025-10-02T05:43:20Z,1,-26.81043,155.7599,1,1231.1,1,34.479,1,4.288,1,1231.1,1,4.288,1,34.479,1
5905612,2025-10-02T05:43:20Z,1,-26.81043,155.7599,1,1233.1,1,34.481,1,4.268,1,1233.1,1,4.268,1,34.481,1
5905612,2025-10-02T05:43:20Z,1,-26.81043,155.7599,1,1235.1,1,34.482,1,4.249,1,1235.1,1,4.249,1,34.482,1
5905612,2025-10-02T05:43:20Z,1,-26.81043,155.7599,1,1237.1,1,34.482,1,4.244,1,1237.1,1,4.244,1,34.482,1
5905612,2025-10-02T05:43:20Z,1,-26.81043,155.7599,1,1239.1,1,34.482,1,4.236,1,1239.1,1,4.236,1,34.482,1
5905612,2025-10-02T05:43:20Z,1,-26.81043,155.7599,1,1241.2,1,34.482,1,4.231,1,1241.2,1,4.231,1,34.482,1
5905612,2025-10-02T05:43:20Z,1,-26.81043,155.7599,1,1243.1,1,34.483,1,4.227,1,1243.1,1,4.227,1,34.483,1
5905612,2025-10-02T05:43:20Z,1,-26.81043,155.7599,1,1245.0,1,34.482,1,4.224,1,1245.0,1,4.224,1,34.482,1
5905612,2025-10-02T05:43:20Z,1,-26.81043,155.7599,1,1247.0,1,34.485,1,4.211,1,1247.0,1,4.211,1,34.485,1
5905612,2025-10-02T05:43:20Z,1,-26.81043,155.7599,1,1249.0,1,34.484,1,4.199,1,1249.0,1,4.199,1,34.484,1
5905612,2025-10-02T05:43:20Z,1,-26.81043,155.7599,1,1251.4,1,34.485,1,4.189,1,1251.4,1,4.189,1,34.485,1
5905612,2025-10-02T05:43:20Z,1,-26.81043,155.7599,1,1253.4,1,34.485,1,4.182,1,1253.4,1,4.182,1,34.485,1
5905612,2025-10-02T05:43:20Z,1,-26.81043,155.7599,1,1255.0,1,34.485,1,4.179,1,1255.0,1,4.179,1,34.485,1
5905612,2025-10-02T05:43:20Z,1,-26.81043,155.7599,1,1257.0,1,34.486,1,4.174,1,1257.0,1,4.174,1,34.486,1
5905612,2025-10-02T05:43:20Z,1,-26.81043,155.7599,1,1259.4,1,34.486,1,4.167,1,1259.4,1,4.167,1,34.486,1
5905612,2025-10-02T05:43:20Z,1,-26.81043,155.7599,1,1261.9,1,34.487,1,4.151,1,1261.9,1,4.151,1,34.487,1
5905612,2025-10-02T05:43:20Z,1,-26.81043,155.7599,1,1263.9,1,34.488,1,4.141,1,1263.9,1,4.141,1,34.488,1
5905612,2025-10-02T05:43:20Z,1,-26.81043,155.7599,1,1265.9,1,34.488,1,4.13,1,1265.9,1,4.13,1,34.488,1
5905612,2025-10-02T05:43:20Z,1,-26.81043,155.7599,1,1267.9,1,34.49,1,4.116,1,1267.9,1,4.116,1,34.49,1
5905612,2025-10-02T05:43:20Z,1,-26.81043,155.7599,1,1269.8,1,34.49,1,4.109,1,1269.8,1,4.109,1,34.49,1
5905612,2025-10-02T05:43:20Z,1,-26.81043,155.7599,1,1271.8,1,34.49,1,4.107,1,1271.8,1,4.107,1,34.49,1
5905612,2025-10-02T05:43:20Z,1,-26.81043,155.7599,1,1273.8,1,34.49,1,4.105,1,1273.8,1,4.105,1,34.49,1
5905612,2025-10-02T05:43:20Z,1,-26.81043,155.7599,1,1275.7,1,34.49,1,4.102,1,1275.7,1,4.102,1,34.49,1
5905612,2025-10-02T05:43:20Z,1,-26.81043,155.7599,1,1277.7,1,34.491,1,4.099,1,1277.7,1,4.099,1,34.491,1
5905612,2025-10-02T05:43:20Z,1,-26.81043,155.7599,1,1279.7,1,34.491,1,4.095,1,1279.7,1,4.095,1,34.491,1
5905612,2025-10-02T05:43:20Z,1,-26.81043,155.7599,1,1281.6,1,34.492,1,4.089,1,1281.6,1,4.089,1,34.492,1
5905612,2025-10-02T05:43:20Z,1,-26.81043,155.7599,1,1283.5,1,34.491,1,4.086,1,1283.5,1,4.086,1,34.491,1
5905612,2025-10-02T05:43:20Z,1,-26.81043,155.7599,1,1285.4,1,34.492,1,4.079,1,1285.4,1,4.079,1,34.492,1
5905612,2025-10-02T05:43:20Z,1,-26.81043,155.7599,1,1287.4,1,34.493,1,4.069,1,1287.4,1,4.069,1,34.493,1
5905612,2025-10-02T05:43:20Z,1,-26.81043,155.7599,1,1289.3,1,34.493,1,4.054,1,1289.3,1,4.054,1,34.493,1
5905612,2025-10-02T05:43:20Z,1,-26.81043,155.7599,1,1291.3,1,34.495,1,4.031,1,1291.3,1,4.031,1,34.495,1
5905612,2025-10-02T05:43:20Z,1,-26.81043,155.7599,1,1293.2,1,34.497,1,4.024,1,1293.2,1,4.024,1,34.497,1
5905612,2025-10-02T05:43:20Z,1,-26.81043,155.7599,1,1295.2,1,34.497,1,4.021,1,1295.2,1,4.021,1,34.497,1
5905612,2025-10-02T05:43:20Z,1,-26.81043,155.7599,1,1297.2,1,34.497,1,4.016,1,1297.2,1,4.016,1,34.497,1
5905612,2025-10-02T05:43:20Z,1,-26.81043,155.7599,1,1299.1,1,34.498,1,4.01,1,1299.1,1,4.01,1,34.498,1
5905612,2025-10-02T05:43:20Z,1,-26.81043,155.7599,1,1301.1,1,34.501,1,4.003,1,1301.1,1,4.003,1,34.501,1
5905612,2025-10-02T05:43:20Z,1,-26.81043,155.7599,1,1303.1,1,34.503,1,3.998,1,1303.1,1,3.998,1,34.503,1
5905612,2025-10-02T05:43:20Z,1,-26.81043,155.7599,1,1305.2,1,34.502,1,3.991,1,1305.2,1,3.991,1,34.502,1
5905612,2025-10-02T05:43:20Z,1,-26.81043,155.7599,1,1307.1,1,34.503,1,3.977,1,1307.1,1,3.977,1,34.503,1
5905612,2025-10-02T05:43:20Z,1,-26.81043,155.7599,1,1309.2,1,34.504,1,3.956,1,1309.2,1,3.956,1,34.504,1
5905612,2025-10-02T05:43:20Z,1,-26.81043,155.7599,1,1311.2,1,34.504,1,3.95,1,1311.2,1,3.95,1,34.504,1
5905612,2025-10-02T05:43:20Z,1,-26.81043,155.7599,1,1313.2,1,34.505,1,3.946,1,1313.2,1,3.946,1,34.505,1
5905612,2025-10-02T05:43:20Z,1,-26.81043,155.7599,1,1315.3,1,34.506,1,3.935,1,1315.3,1,3.935,1,34.506,1
5905612,2025-10-02T05:43:20Z,1,-26.81043,155.7599,1,1317.3,1,34.508,1,3.914,1,1317.3,1,3.914,1,34.508,1
5905612,2025-10-02T05:43:20Z,1,-26.81043,155.7599,1,1319.3,1,34.509,1,3.9,1,1319.3,1,3.9,1,34.509,1
5905612,2025-10-02T05:43:20Z,1,-26.81043,155.7599,1,1321.2,1,34.509,1,3.895,1,1321.2,1,3.895,1,34.509,1
5905612,2025-10-02T05:43:20Z,1,-26.81043,155.7599,1,1323.2,1,34.508,1,3.886,1,1323.2,1,3.886,1,34.508,1
5905612,2025-10-02T05:43:20Z,1,-26.81043,155.7599,1,1325.5,1,34.509,1,3.872,1,1325.5,1,3.872,1,34.509,1
5905612,2025-10-02T05:43:20Z,1,-26.81043,155.7599,1,1327.5,1,34.509,1,3.868,1,1327.5,1,3.868,1,34.509,1
5905612,2025-10-02T05:43:20Z,1,-26.81043,155.7599,1,1329.4,1,34.509,1,3.865,1,1329.4,1,3.865,1,34.509,1
5905612,2025-10-02T05:43:20Z,1,-26.81043,155.7599,1,1331.4,1,34.511,1,3.847,1,1331.4,1,3.847,1,34.511,1
5905612,2025-10-02T05:43:20Z,1,-26.81043,155.7599,1,1333.4,1,34.511,1,3.839,1,1333.4,1,3.839,1,34.511,1
5905612,2025-10-02T05:43:20Z,1,-26.81043,155.7599,1,1335.4,1,34.512,1,3.834,1,1335.4,1,3.834,1,34.512,1
5905612,2025-10-02T05:43:20Z,1,-26.81043,155.7599,1,1337.4,1,34.512,1,3.832,1,1337.4,1,3.832,1,34.512,1
5905612,2025-10-02T05:43:20Z,1,-26.81043,155.7599,1,1339.4,1,34.512,1,3.832,1,1339.4,1,3.832,1,34.512,1
5905612,2025-10-02T05:43:20Z,1,-26.81043,155.7599,1,1341.5,1,34.513,1,3.826,1,1341.5,1,3.826,1,34.513,1
5905612,2025-10-02T05:43:20Z,1,-26.81043,155.7599,1,1343.6,1,34.513,1,3.818,1,1343.6,1,3.818,1,34.513,1
5905612,2025-10-02T05:43:20Z,1,-26.81043,155.7599,1,1345.6,1,34.514,1,3.813,1,1345.6,1,3.813,1,34.514,1
5905612,2025-10-02T05:43:20Z,1,-26.81043,155.7599,1,1347.6,1,34.515,1,3.806,1,1347.6,1,3.806,1,34.515,1
5905612,2025-10-02T05:43:20Z,1,-26.81043,155.7599,1,1349.3,1,34.516,1,3.798,1,1349.3,1,3.798,1,34.516,1
5905612,2025-10-02T05:43:20Z,1,-26.81043,155.7599,1,1351.3,1,34.516,1,3.797,1,1351.3,1,3.797,1,34.516,1
5905612,2025-10-02T05:43:20Z,1,-26.81043,155.7599,1,1353.3,1,34.516,1,3.795,1,1353.3,1,3.795,1,34.516,1
5905612,2025-10-02T05:43:20Z,1,-26.81043,155.7599,1,1355.4,1,34.516,1,3.788,1,1355.4,1,3.788,1,34.516,1
5905612,2025-10-02T05:43:20Z,1,-26.81043,155.7599,1,1357.5,1,34.515,1,3.783,1,1357.5,1,3.783,1,34.515,1
5905612,2025-10-02T05:43:20Z,1,-26.81043,155.7599,1,1359.2,1,34.516,1,3.777,1,1359.2,1,3.777,1,34.516,1
5905612,2025-10-02T05:43:20Z,1,-26.81043,155.7599,1,1361.3,1,34.516,1,3.764,1,1361.3,1,3.764,1,34.516,1
5905612,2025-10-02T05:43:20Z,1,-26.81043,155.7599,1,1363.4,1,34.516,1,3.76,1,1363.4,1,3.76,1,34.516,1
5905612,2025-10-02T05:43:20Z,1,-26.81043,155.7599,1,1365.5,1,34.517,1,3.753,1,1365.5,1,3.753,1,34.517,1
5905612,2025-10-02T05:43:20Z,1,-26.81043,155.7599,1,1367.6,1,34.517,1,3.746,1,1367.6,1,3.746,1,34.517,1
5905612,2025-10-02T05:43:20Z,1,-26.81043,155.7599,1,1369.4,1,34.517,1,3.744,1,1369.4,1,3.744,1,34.517,1
5905612,2025-10-02T05:43:20Z,1,-26.81043,155.7599,1,1371.5,1,34.518,1,3.74,1,1371.5,1,3.74,1,34.518,1
5905612,2025-10-02T05:43:20Z,1,-26.81043,155.7599,1,1373.7,1,34.518,1,3.737,1,1373.7,1,3.737,1,34.518,1
5905612,2025-10-02T05:43:20Z,1,-26.81043,155.7599,1,1375.4,1,34.518,1,3.732,1,1375.4,1,3.732,1,34.518,1
5905612,2025-10-02T05:43:20Z,1,-26.81043,155.7599,1,1377.2,1,34.52,1,3.721,1,1377.2,1,3.721,1,34.52,1
5905612,2025-10-02T05:43:20Z,1,-26.81043,155.7599,1,1379.4,1,34.519,1,3.72,1,1379.4,1,3.72,1,34.519,1
5905612,2025-10-02T05:43:20Z,1,-26.81043,155.7599,1,1381.6,1,34.52,1,3.715,1,1381.6,1,3.715,1,34.52,1
5905612,2025-10-02T05:43:20Z,1,-26.81043,155.7599,1,1383.3,1,34.521,1,3.706,1,1383.3,1,3.706,1,34.521,1
5905612,2025-10-02T05:43:20Z,1,-26.81043,155.7599,1,1385.1,1,34.523,1,3.69,1,1385.1,1,3.69,1,34.523,1
5905612,2025-10-02T05:43:20Z,1,-26.81043,155.7599,1,1387.3,1,34.524,1,3.676,1,1387.3,1,3.676,1,34.524,1
5905612,2025-10-02T05:43:20Z,1,-26.81043,155.7599,1,1389.5,1,34.524,1,3.666,1,1389.5,1,3.666,1,34.524,1
5905612,2025-10-02T05:43:20Z,1,-26.81043,155.7599,1,1391.3,1,34.524,1,3.662,1,1391.3,1,3.662,1,34.524,1
5905612,2025-10-02T05:43:20Z,1,-26.81043,155.7599,1,1393.1,1,34.525,1,3.656,1,1393.1,1,3.656,1,34.525,1
5905612,2025-10-02T05:43:20Z,1,-26.81043,155.7599,1,1395.4,1,34.525,1,3.65,1,1395.4,1,3.65,1,34.525,1
5905612,2025-10-02T05:43:20Z,1,-26.81043,155.7599,1,1397.7,1,34.525,1,3.646,1,1397.7,1,3.646,1,34.525,1
5905612,2025-10-02T05:43:20Z,1,-26.81043,155.7599,1,1399.5,1,34.526,1,3.64,1,1399.5,1,3.64,1,34.526,1
5905612,2025-10-02T05:43:20Z,1,-26.81043,155.7599,1,1401.4,1,34.526,1,3.636,1,1401.4,1,3.636,1,34.526,1
5905612,2025-10-02T05:43:20Z,1,-26.81043,155.7599,1,1403.2,1,34.526,1,3.632,1,1403.2,1,3.632,1,34.526,1
5905612,2025-10-02T05:43:20Z,1,-26.81043,155.7599,1,1405.1,1,34.528,1,3.624,1,1405.1,1,3.624,1,34.528,1
5905612,2025-10-02T05:43:20Z,1,-26.81043,155.7599,1,1407.4,1,34.529,1,3.609,1,1407.4,1,3.609,1,34.529,1
5905612,2025-10-02T05:43:20Z,1,-26.81043,155.7599,1,1409.8,1,34.531,1,3.588,1,1409.8,1,3.588,1,34.531,1
5905612,2025-10-02T05:43:20Z,1,-26.81043,155.7599,1,1411.7,1,34.532,1,3.584,1,1411.7,1,3.584,1,34.532,1
5905612,2025-10-02T05:43:20Z,1,-26.81043,155.7599,1,1413.6,1,34.531,1,3.582,1,1413.6,1,3.582,1,34.531,1
5905612,2025-10-02T05:43:20Z,1,-26.81043,155.7599,1,1415.5,1,34.532,1,3.58,1,1415.5,1,3.58,1,34.532,1
5905612,2025-10-02T05:43:20Z,1,-26.81043,155.7599,1,1417.4,1,34.532,1,3.576,1,1417.4,1,3.576,1,34.532,1
5905612,2025-10-02T05:43:20Z,1,-26.81043,155.7599,1,1419.4,1,34.532,1,3.571,1,1419.4,1,3.571,1,34.532,1
5905612,2025-10-02T05:43:20Z,1,-26.81043,155.7599,1,1421.4,1,34.532,1,3.572,1,1421.4,1,3.572,1,34.532,1
5905612,2025-10-02T05:43:20Z,1,-26.81043,155.7599,1,1423.3,1,34.533,1,3.564,1,1423.3,1,3.564,1,34.533,1
5905612,2025-10-02T05:43:20Z,1,-26.81043,155.7599,1,1425.3,1,34.534,1,3.55,1,1425.3,1,3.55,1,34.534,1
5905612,2025-10-02T05:43:20Z,1,-26.81043,155.7599,1,1427.2,1,34.534,1,3.547,1,1427.2,1,3.547,1,34.534,1
5905612,2025-10-02T05:43:20Z,1,-26.81043,155.7599,1,1429.2,1,34.535,1,3.546,1,1429.2,1,3.546,1,34.535,1
5905612,2025-10-02T05:43:20Z,1,-26.81043,155.7599,1,1431.1,1,34.535,1,3.543,1,1431.1,1,3.543,1,34.535,1
5905612,2025-10-02T05:43:20Z,1,-26.81043,155.7599,1,1433.1,1,34.535,1,3.539,1,1433.1,1,3.539,1,34.535,1
5905612,2025-10-02T05:43:20Z,1,-26.81043,155.7599,1,1435.0,1,34.535,1,3.536,1,1435.0,1,3.536,1,34.535,1
5905612,2025-10-02T05:43:20Z,1,-26.81043,155.7599,1,1437.4,1,34.535,1,3.53,1,1437.4,1,3.53,1,34.535,1
5905612,2025-10-02T05:43:20Z,1,-26.81043,155.7599,1,1439.8,1,34.537,1,3.521,1,1439.8,1,3.521,1,34.537,1
5905612,2025-10-02T05:43:20Z,1,-26.81043,155.7599,1,1441.8,1,34.537,1,3.515,1,1441.8,1,3.515,1,34.537,1
5905612,2025-10-02T05:43:20Z,1,-26.81043,155.7599,1,1443.7,1,34.537,1,3.512,1,1443.7,1,3.512,1,34.537,1
5905612,2025-10-02T05:43:20Z,1,-26.81043,155.7599,1,1445.7,1,34.537,1,3.507,1,1445.7,1,3.507,1,34.537,1
5905612,2025-10-02T05:43:20Z,1,-26.81043,155.7599,1,1447.6,1,34.538,1,3.501,1,1447.6,1,3.501,1,34.538,1
5905612,2025-10-02T05:43:20Z,1,-26.81043,155.7599,1,1449.6,1,34.54,1,3.494,1,1449.6,1,3.494,1,34.54,1
5905612,2025-10-02T05:43:20Z,1,-26.81043,155.7599,1,1451.6,1,34.539,1,3.492,1,1451.6,1,3.492,1,34.539,1
5905612,2025-10-02T05:43:20Z,1,-26.81043,155.7599,1,1453.5,1,34.539,1,3.492,1,1453.5,1,3.492,1,34.539,1
5905612,2025-10-02T05:43:20Z,1,-26.81043,155.7599,1,1455.5,1,34.54,1,3.49,1,1455.5,1,3.49,1,34.54,1
5905612,2025-10-02T05:43:20Z,1,-26.81043,155.7599,1,1457.5,1,34.541,1,3.481,1,1457.5,1,3.481,1,34.541,1
5905612,2025-10-02T05:43:20Z,1,-26.81043,155.7599,1,1459.4,1,34.541,1,3.472,1,1459.4,1,3.472,1,34.541,1
5905612,2025-10-02T05:43:20Z,1,-26.81043,155.7599,1,1461.4,1,34.541,1,3.465,1,1461.4,1,3.465,1,34.541,1
5905612,2025-10-02T05:43:20Z,1,-26.81043,155.7599,1,1463.3,1,34.542,1,3.459,1,1463.3,1,3.459,1,34.542,1
5905612,2025-10-02T05:43:20Z,1,-26.81043,155.7599,1,1465.3,1,34.543,1,3.454,1,1465.3,1,3.454,1,34.543,1
5905612,2025-10-02T05:43:20Z,1,-26.81043,155.7599,1,1467.2,1,34.543,1,3.453,1,1467.2,1,3.453,1,34.543,1
5905612,2025-10-02T05:43:20Z,1,-26.81043,155.7599,1,1469.1,1,34.543,1,3.451,1,1469.1,1,3.451,1,34.543,1
5905612,2025-10-02T05:43:20Z,1,-26.81043,155.7599,1,1471.1,1,34.543,1,3.45,1,1471.1,1,3.45,1,34.543,1
5905612,2025-10-02T05:43:20Z,1,-26.81043,155.7599,1,1473.0,1,34.543,1,3.45,1,1473.0,1,3.45,1,34.543,1
5905612,2025-10-02T05:43:20Z,1,-26.81043,155.7599,1,1475.4,1,34.543,1,3.447,1,1475.4,1,3.447,1,34.543,1
5905612,2025-10-02T05:43:20Z,1,-26.81043,155.7599,1,1477.9,1,34.544,1,3.438,1,1477.9,1,3.438,1,34.544,1
5905612,2025-10-02T05:43:20Z,1,-26.81043,155.7599,1,1479.8,1,34.545,1,3.427,1,1479.8,1,3.427,1,34.545,1
5905612,2025-10-02T05:43:20Z,1,-26.81043,155.7599,1,1481.8,1,34.545,1,3.424,1,1481.8,1,3.424,1,34.545,1
5905612,2025-10-02T05:43:20Z,1,-26.81043,155.7599,1,1483.8,1,34.546,1,3.421,1,1483.8,1,3.421,1,34.546,1
5905612,2025-10-02T05:43:20Z,1,-26.81043,155.7599,1,1485.7,1,34.546,1,3.42,1,1485.7,1,3.42,1,34.546,1
5905612,2025-10-02T05:43:20Z,1,-26.81043,155.7599,1,1487.7,1,34.546,1,3.419,1,1487.7,1,3.419,1,34.546,1
5905612,2025-10-02T05:43:20Z,1,-26.81043,155.7599,1,1489.7,1,34.546,1,3.418,1,1489.7,1,3.418,1,34.546,1
5905612,2025-10-02T05:43:20Z,1,-26.81043,155.7599,1,1491.7,1,34.546,1,3.417,1,1491.7,1,3.417,1,34.546,1
5905612,2025-10-02T05:43:20Z,1,-26.81043,155.7599,1,1493.6,1,34.546,1,3.417,1,1493.6,1,3.417,1,34.546,1
5905612,2025-10-02T05:43:20Z,1,-26.81043,155.7599,1,1495.6,1,34.546,1,3.415,1,1495.6,1,3.415,1,34.546,1
5905612,2025-10-02T05:43:20Z,1,-26.81043,155.7599,1,1497.6,1,34.546,1,3.412,1,1497.6,1,3.412,1,34.546,1
5905612,2025-10-02T05:43:20Z,1,-26.81043,155.7599,1,1499.6,1,34.547,1,3.403,1,1499.6,1,3.403,1,34.547,1
5905612,2025-10-02T05:43:20Z,1,-26.81043,155.7599,1,1501.5,1,34.547,1,3.396,1,1501.5,1,3.396,1,34.547,1
5905612,2025-10-02T05:43:20Z,1,-26.81043,155.7599,1,1503.5,1,34.549,1,3.389,1,1503.5,1,3.389,1,34.549,1
5905612,2025-10-02T05:43:20Z,1,-26.81043,155.7599,1,1505.6,1,34.549,1,3.379,1,1505.6,1,3.379,1,34.549,1
5905612,2025-10-02T05:43:20Z,1,-26.81043,155.7599,1,1507.5,1,34.55,1,3.374,1,1507.5,1,3.374,1,34.55,1
5905612,2025-10-02T05:43:20Z,1,-26.81043,155.7599,1,1509.5,1,34.55,1,3.371,1,1509.5,1,3.371,1,34.55,1
5905612,2025-10-02T05:43:20Z,1,-26.81043,155.7599,1,1511.5,1,34.551,1,3.366,1,1511.5,1,3.366,1,34.551,1
5905612,2025-10-02T05:43:20Z,1,-26.81043,155.7599,1,1513.5,1,34.551,1,3.363,1,1513.5,1,3.363,1,34.551,1
5905612,2025-10-02T05:43:20Z,1,-26.81043,155.7599,1,1515.5,1,34.55,1,3.358,1,1515.5,1,3.358,1,34.55,1
5905612,2025-10-02T05:43:20Z,1,-26.81043,155.7599,1,1517.5,1,34.552,1,3.35,1,1517.5,1,3.35,1,34.552,1
5905612,2025-10-02T05:43:20Z,1,-26.81043,155.7599,1,1519.5,1,34.554,1,3.336,1,1519.5,1,3.336,1,34.554,1
5905612,2025-10-02T05:43:20Z,1,-26.81043,155.7599,1,1521.4,1,34.554,1,3.328,1,1521.4,1,3.328,1,34.554,1
5905612,2025-10-02T05:43:20Z,1,-26.81043,155.7599,1,1523.4,1,34.554,1,3.327,1,1523.4,1,3.327,1,34.554,1
5905612,2025-10-02T05:43:20Z,1,-26.81043,155.7599,1,1525.4,1,34.554,1,3.326,1,1525.4,1,3.326,1,34.554,1
5905612,2025-10-02T05:43:20Z,1,-26.81043,155.7599,1,1527.3,1,34.555,1,3.322,1,1527.3,1,3.322,1,34.555,1
5905612,2025-10-02T05:43:20Z,1,-26.81043,155.7599,1,1529.3,1,34.556,1,3.312,1,1529.3,1,3.312,1,34.556,1
5905612,2025-10-02T05:43:20Z,1,-26.81043,155.7599,1,1531.3,1,34.556,1,3.306,1,1531.3,1,3.306,1,34.556,1
5905612,2025-10-02T05:43:20Z,1,-26.81043,155.7599,1,1533.2,1,34.556,1,3.303,1,1533.2,1,3.303,1,34.556,1
5905612,2025-10-02T05:43:20Z,1,-26.81043,155.7599,1,1535.2,1,34.557,1,3.3,1,1535.2,1,3.3,1,34.557,1
5905612,2025-10-02T05:43:20Z,1,-26.81043,155.7599,1,1537.2,1,34.556,1,3.297,1,1537.2,1,3.297,1,34.556,1
5905612,2025-10-02T05:43:20Z,1,-26.81043,155.7599,1,1539.2,1,34.558,1,3.292,1,1539.2,1,3.292,1,34.558,1
5905612,2025-10-02T05:43:20Z,1,-26.81043,155.7599,1,1541.2,1,34.558,1,3.282,1,1541.2,1,3.282,1,34.558,1
5905612,2025-10-02T05:43:20Z,1,-26.81043,155.7599,1,1543.2,1,34.559,1,3.272,1,1543.2,1,3.272,1,34.559,1
5905612,2025-10-02T05:43:20Z,1,-26.81043,155.7599,1,1545.2,1,34.559,1,3.27,1,1545.2,1,3.27,1,34.559,1
5905612,2025-10-02T05:43:20Z,1,-26.81043,155.7599,1,1547.2,1,34.559,1,3.271,1,1547.2,1,3.271,1,34.559,1
5905612,2025-10-02T05:43:20Z,1,-26.81043,155.7599,1,1549.2,1,34.559,1,3.271,1,1549.2,1,3.271,1,34.559,1
5905612,2025-10-02T05:43:20Z,1,-26.81043,155.7599,1,1551.3,1,34.559,1,3.269,1,1551.3,1,3.269,1,34.559,1
5905612,2025-10-02T05:43:20Z,1,-26.81043,155.7599,1,1553.3,1,34.559,1,3.269,1,1553.3,1,3.269,1,34.559,1
5905612,2025-10-02T05:43:20Z,1,-26.81043,155.7599,1,1555.3,1,34.56,1,3.267,1,1555.3,1,3.267,1,34.56,1
5905612,2025-10-02T05:43:20Z,1,-26.81043,155.7599,1,1557.2,1,34.56,1,3.264,1,1557.2,1,3.264,1,34.56,1
5905612,2025-10-02T05:43:20Z,1,-26.81043,155.7599,1,1559.2,1,34.56,1,3.263,1,1559.2,1,3.263,1,34.56,1
5905612,2025-10-02T05:43:20Z,1,-26.81043,155.7599,1,1561.2,1,34.561,1,3.262,1,1561.2,1,3.262,1,34.561,1
5905612,2025-10-02T05:43:20Z,1,-26.81043,155.7599,1,1563.2,1,34.56,1,3.261,1,1563.2,1,3.261,1,34.56,1
5905612,2025-10-02T05:43:20Z,1,-26.81043,155.7599,1,1565.2,1,34.56,1,3.256,1,1565.2,1,3.256,1,34.56,1
5905612,2025-10-02T05:43:20Z,1,-26.81043,155.7599,1,1567.3,1,34.562,1,3.252,1,1567.3,1,3.252,1,34.562,1
5905612,2025-10-02T05:43:20Z,1,-26.81043,155.7599,1,1569.3,1,34.561,1,3.251,1,1569.3,1,3.251,1,34.561,1
5905612,2025-10-02T05:43:20Z,1,-26.81043,155.7599,1,1571.3,1,34.561,1,3.25,1,1571.3,1,3.25,1,34.561,1
5905612,2025-10-02T05:43:20Z,1,-26.81043,155.7599,1,1573.3,1,34.562,1,3.244,1,1573.3,1,3.244,1,34.562,1
5905612,2025-10-02T05:43:20Z,1,-26.81043,155.7599,1,1575.3,1,34.563,1,3.235,1,1575.3,1,3.235,1,34.563,1
5905612,2025-10-02T05:43:20Z,1,-26.81043,155.7599,1,1577.3,1,34.563,1,3.231,1,1577.3,1,3.231,1,34.563,1
5905612,2025-10-02T05:43:20Z,1,-26.81043,155.7599,1,1579.4,1,34.562,1,3.226,1,1579.4,1,3.226,1,34.562,1
5905612,2025-10-02T05:43:20Z,1,-26.81043,155.7599,1,1581.4,1,34.564,1,3.222,1,1581.4,1,3.222,1,34.564,1
5905612,2025-10-02T05:43:20Z,1,-26.81043,155.7599,1,1583.5,1,34.564,1,3.222,1,1583.5,1,3.222,1,34.564,1
5905612,2025-10-02T05:43:20Z,1,-26.81043,155.7599,1,1585.5,1,34.564,1,3.219,1,1585.5,1,3.219,1,34.564,1
5905612,2025-10-02T05:43:20Z,1,-26.81043,155.7599,1,1587.6,1,34.564,1,3.215,1,1587.6,1,3.215,1,34.564,1
5905612,2025-10-02T05:43:20Z,1,-26.81043,155.7599,1,1589.6,1,34.565,1,3.211,1,1589.6,1,3.211,1,34.565,1
5905612,2025-10-02T05:43:20Z,1,-26.81043,155.7599,1,1591.7,1,34.565,1,3.21,1,1591.7,1,3.21,1,34.565,1
5905612,2025-10-02T05:43:20Z,1,-26.81043,155.7599,1,1593.7,1,34.565,1,3.209,1,1593.7,1,3.209,1,34.565,1
5905612,2025-10-02T05:43:20Z,1,-26.81043,155.7599,1,1595.8,1,34.566,1,3.203,1,1595.8,1,3.203,1,34.566,1
5905612,2025-10-02T05:43:20Z,1,-26.81043,155.7599,1,1597.9,1,34.566,1,3.197,1,1597.9,1,3.197,1,34.566,1
5905612,2025-10-02T05:43:20Z,1,-26.81043,155.7599,1,1599.4,1,34.566,1,3.191,1,1599.4,1,3.191,1,34.566,1
5905612,2025-10-02T05:43:20Z,1,-26.81043,155.7599,1,1601.0,1,34.568,1,3.179,1,1601.0,1,3.179,1,34.568,1
5905612,2025-10-02T05:43:20Z,1,-26.81043,155.7599,1,1603.0,1,34.569,1,3.169,1,1603.0,1,3.169,1,34.569,1
5905612,2025-10-02T05:43:20Z,1,-26.81043,155.7599,1,1605.1,1,34.569,1,3.16,1,1605.1,1,3.16,1,34.569,1
5905612,2025-10-02T05:43:20Z,1,-26.81043,155.7599,1,1607.1,1,34.57,1,3.157,1,1607.1,1,3.157,1,34.57,1
5905612,2025-10-02T05:43:20Z,1,-26.81043,155.7599,1,1609.2,1,34.57,1,3.157,1,1609.2,1,3.157,1,34.57,1
5905612,2025-10-02T05:43:20Z,1,-26.81043,155.7599,1,1611.3,1,34.569,1,3.157,1,1611.3,1,3.157,1,34.569,1
5905612,2025-10-02T05:43:20Z,1,-26.81043,155.7599,1,1613.4,1,34.57,1,3.156,1,1613.4,1,3.156,1,34.57,1
5905612,2025-10-02T05:43:20Z,1,-26.81043,155.7599,1,1615.5,1,34.57,1,3.154,1,1615.5,1,3.154,1,34.57,1
5905612,2025-10-02T05:43:20Z,1,-26.81043,155.7599,1,1617.6,1,34.571,1,3.151,1,1617.6,1,3.151,1,34.571,1
5905612,2025-10-02T05:43:20Z,1,-26.81043,155.7599,1,1619.7,1,34.57,1,3.149,1,1619.7,1,3.149,1,34.57,1
5905612,2025-10-02T05:43:20Z,1,-26.81043,155.7599,1,1621.8,1,34.571,1,3.141,1,1621.8,1,3.141,1,34.571,1
5905612,2025-10-02T05:43:20Z,1,-26.81043,155.7599,1,1623.4,1,34.573,1,3.133,1,1623.4,1,3.133,1,34.573,1
5905612,2025-10-02T05:43:20Z,1,-26.81043,155.7599,1,1625.0,1,34.572,1,3.127,1,1625.0,1,3.127,1,34.572,1
5905612,2025-10-02T05:43:20Z,1,-26.81043,155.7599,1,1627.1,1,34.573,1,3.122,1,1627.1,1,3.122,1,34.573,1
5905612,2025-10-02T05:43:20Z,1,-26.81043,155.7599,1,1629.2,1,34.573,1,3.12,1,1629.2,1,3.12,1,34.573,1
5905612,2025-10-02T05:43:20Z,1,-26.81043,155.7599,1,1631.3,1,34.573,1,3.12,1,1631.3,1,3.12,1,34.573,1
5905612,2025-10-02T05:43:20Z,1,-26.81043,155.7599,1,1633.4,1,34.573,1,3.12,1,1633.4,1,3.12,1,34.573,1
5905612,2025-10-02T05:43:20Z,1,-26.81043,155.7599,1,1635.5,1,34.574,1,3.119,1,1635.5,1,3.119,1,34.574,1
5905612,2025-10-02T05:43:20Z,1,-26.81043,155.7599,1,1637.7,1,34.573,1,3.117,1,1637.7,1,3.117,1,34.573,1
5905612,2025-10-02T05:43:20Z,1,-26.81043,155.7599,1,1639.8,1,34.573,1,3.117,1,1639.8,1,3.117,1,34.573,1
5905612,2025-10-02T05:43:20Z,1,-26.81043,155.7599,1,1641.4,1,34.574,1,3.115,1,1641.4,1,3.115,1,34.574,1
5905612,2025-10-02T05:43:20Z,1,-26.81043,155.7599,1,1643.0,1,34.575,1,3.104,1,1643.0,1,3.104,1,34.575,1
5905612,2025-10-02T05:43:20Z,1,-26.81043,155.7599,1,1645.1,1,34.575,1,3.097,1,1645.1,1,3.097,1,34.575,1
5905612,2025-10-02T05:43:20Z,1,-26.81043,155.7599,1,1647.3,1,34.575,1,3.094,1,1647.3,1,3.094,1,34.575,1
5905612,2025-10-02T05:43:20Z,1,-26.81043,155.7599,1,1649.4,1,34.576,1,3.091,1,1649.4,1,3.091,1,34.576,1
5905612,2025-10-02T05:43:20Z,1,-26.81043,155.7599,1,1651.6,1,34.575,1,3.091,1,1651.6,1,3.091,1,34.575,1
5905612,2025-10-02T05:43:20Z,1,-26.81043,155.7599,1,1653.7,1,34.576,1,3.083,1,1653.7,1,3.083,1,34.576,1
5905612,2025-10-02T05:43:20Z,1,-26.81043,155.7599,1,1655.8,1,34.578,1,3.07,1,1655.8,1,3.07,1,34.578,1
5905612,2025-10-02T05:43:20Z,1,-26.81043,155.7599,1,1657.8,1,34.579,1,3.063,1,1657.8,1,3.063,1,34.579,1
5905612,2025-10-02T05:43:20Z,1,-26.81043,155.7599,1,1659.4,1,34.58,1,3.059,1,1659.4,1,3.059,1,34.58,1
5905612,2025-10-02T05:43:20Z,1,-26.81043,155.7599,1,1661.0,1,34.579,1,3.058,1,1661.0,1,3.058,1,34.579,1
5905612,2025-10-02T05:43:20Z,1,-26.81043,155.7599,1,1663.1,1,34.58,1,3.054,1,1663.1,1,3.054,1,34.58,1
5905612,2025-10-02T05:43:20Z,1,-26.81043,155.7599,1,1665.1,1,34.58,1,3.05,1,1665.1,1,3.05,1,34.58,1
5905612,2025-10-02T05:43:20Z,1,-26.81043,155.7599,1,1667.2,1,34.58,1,3.048,1,1667.2,1,3.048,1,34.58,1
5905612,2025-10-02T05:43:20Z,1,-26.81043,155.7599,1,1669.2,1,34.581,1,3.042,1,1669.2,1,3.042,1,34.581,1
5905612,2025-10-02T05:43:20Z,1,-26.81043,155.7599,1,1671.3,1,34.58,1,3.035,1,1671.3,1,3.035,1,34.58,1
5905612,2025-10-02T05:43:20Z,1,-26.81043,155.7599,1,1673.4,1,34.583,1,3.022,1,1673.4,1,3.022,1,34.583,1
5905612,2025-10-02T05:43:20Z,1,-26.81043,155.7599,1,1675.4,1,34.583,1,3.018,1,1675.4,1,3.018,1,34.583,1
5905612,2025-10-02T05:43:20Z,1,-26.81043,155.7599,1,1677.5,1,34.583,1,3.016,1,1677.5,1,3.016,1,34.583,1
5905612,2025-10-02T05:43:20Z,1,-26.81043,155.7599,1,1679.5,1,34.583,1,3.016,1,1679.5,1,3.016,1,34.583,1
5905612,2025-10-02T05:43:20Z,1,-26.81043,155.7599,1,1681.6,1,34.583,1,3.011,1,1681.6,1,3.011,1,34.583,1
5905612,2025-10-02T05:43:20Z,1,-26.81043,155.7599,1,1683.6,1,34.584,1,3.002,1,1683.6,1,3.002,1,34.584,1
5905612,2025-10-02T05:43:20Z,1,-26.81043,155.7599,1,1685.7,1,34.585,1,2.993,1,1685.7,1,2.993,1,34.585,1
5905612,2025-10-02T05:43:20Z,1,-26.81043,155.7599,1,1687.7,1,34.586,1,2.984,1,1687.7,1,2.984,1,34.586,1
5905612,2025-10-02T05:43:20Z,1,-26.81043,155.7599,1,1689.8,1,34.586,1,2.979,1,1689.8,1,2.979,1,34.586,1
5905612,2025-10-02T05:43:20Z,1,-26.81043,155.7599,1,1691.8,1,34.587,1,2.976,1,1691.8,1,2.976,1,34.587,1
5905612,2025-10-02T05:43:20Z,1,-26.81043,155.7599,1,1693.4,1,34.588,1,2.972,1,1693.4,1,2.972,1,34.588,1
5905612,2025-10-02T05:43:20Z,1,-26.81043,155.7599,1,1695.0,1,34.588,1,2.966,1,1695.0,1,2.966,1,34.588,1
5905612,2025-10-02T05:43:20Z,1,-26.81043,155.7599,1,1697.1,1,34.588,1,2.955,1,1697.1,1,2.955,1,34.588,1
5905612,2025-10-02T05:43:20Z,1,-26.81043,155.7599,1,1699.1,1,34.591,1,2.939,1,1699.1,1,2.939,1,34.591,1
5905612,2025-10-02T05:43:20Z,1,-26.81043,155.7599,1,1701.2,1,34.591,1,2.938,1,1701.2,1,2.938,1,34.591,1
5905612,2025-10-02T05:43:20Z,1,-26.81043,155.7599,1,1703.2,1,34.591,1,2.936,1,1703.2,1,2.936,1,34.591,1
5905612,2025-10-02T05:43:20Z,1,-26.81043,155.7599,1,1705.5,1,34.59,1,2.935,1,1705.5,1,2.935,1,34.59,1
5905612,2025-10-02T05:43:20Z,1,-26.81043,155.7599,1,1707.4,1,34.591,1,2.934,1,1707.4,1,2.934,1,34.591,1
5905612,2025-10-02T05:43:20Z,1,-26.81043,155.7599,1,1709.4,1,34.592,1,2.928,1,1709.4,1,2.928,1,34.592,1
5905612,2025-10-02T05:43:20Z,1,-26.81043,155.7599,1,1711.4,1,34.592,1,2.926,1,1711.4,1,2.926,1,34.592,1
5905612,2025-10-02T05:43:20Z,1,-26.81043,155.7599,1,1713.4,1,34.592,1,2.921,1,1713.4,1,2.921,1,34.592,1
5905612,2025-10-02T05:43:20Z,1,-26.81043,155.7599,1,1715.4,1,34.593,1,2.916,1,1715.4,1,2.916,1,34.593,1
5905612,2025-10-02T05:43:20Z,1,-26.81043,155.7599,1,1717.4,1,34.593,1,2.91,1,1717.4,1,2.91,1,34.593,1
5905612,2025-10-02T05:43:20Z,1,-26.81043,155.7599,1,1719.5,1,34.593,1,2.907,1,1719.5,1,2.907,1,34.593,1
5905612,2025-10-02T05:43:20Z,1,-26.81043,155.7599,1,1721.2,1,34.594,1,2.906,1,1721.2,1,2.906,1,34.594,1
5905612,2025-10-02T05:43:20Z,1,-26.81043,155.7599,1,1723.3,1,34.593,1,2.904,1,1723.3,1,2.904,1,34.593,1
5905612,2025-10-02T05:43:20Z,1,-26.81043,155.7599,1,1725.4,1,34.594,1,2.899,1,1725.4,1,2.899,1,34.594,1
5905612,2025-10-02T05:43:20Z,1,-26.81043,155.7599,1,1727.4,1,34.594,1,2.894,1,1727.4,1,2.894,1,34.594,1
5905612,2025-10-02T05:43:20Z,1,-26.81043,155.7599,1,1729.5,1,34.596,1,2.884,1,1729.5,1,2.884,1,34.596,1
5905612,2025-10-02T05:43:20Z,1,-26.81043,155.7599,1,1731.2,1,34.596,1,2.882,1,1731.2,1,2.882,1,34.596,1
5905612,2025-10-02T05:43:20Z,1,-26.81043,155.7599,1,1733.3,1,34.596,1,2.88,1,1733.3,1,2.88,1,34.596,1
5905612,2025-10-02T05:43:20Z,1,-26.81043,155.7599,1,1735.4,1,34.597,1,2.879,1,1735.4,1,2.879,1,34.597,1
5905612,2025-10-02T05:43:20Z,1,-26.81043,155.7599,1,1737.2,1,34.596,1,2.878,1,1737.2,1,2.878,1,34.596,1
5905612,2025-10-02T05:43:20Z,1,-26.81043,155.7599,1,1739.3,1,34.598,1,2.865,1,1739.3,1,2.865,1,34.598,1
5905612,2025-10-02T05:43:20Z,1,-26.81043,155.7599,1,1741.5,1,34.599,1,2.855,1,1741.5,1,2.855,1,34.599,1
5905612,2025-10-02T05:43:20Z,1,-26.81043,155.7599,1,1743.2,1,34.599,1,2.853,1,1743.2,1,2.853,1,34.599,1
5905612,2025-10-02T05:43:20Z,1,-26.81043,155.7599,1,1745.4,1,34.599,1,2.852,1,1745.4,1,2.852,1,34.599,1
5905612,2025-10-02T05:43:20Z,1,-26.81043,155.7599,1,1747.5,1,34.599,1,2.852,1,1747.5,1,2.852,1,34.599,1
5905612,2025-10-02T05:43:20Z,1,-26.81043,155.7599,1,1749.2,1,34.599,1,2.852,1,1749.2,1,2.852,1,34.599,1
5905612,2025-10-02T05:43:20Z,1,-26.81043,155.7599,1,1751.4,1,34.599,1,2.85,1,1751.4,1,2.85,1,34.599,1
5905612,2025-10-02T05:43:20Z,1,-26.81043,155.7599,1,1753.5,1,34.6,1,2.848,1,1753.5,1,2.848,1,34.6,1
5905612,2025-10-02T05:43:20Z,1,-26.81043,155.7599,1,1755.2,1,34.6,1,2.847,1,1755.2,1,2.847,1,34.6,1
5905612,2025-10-02T05:43:20Z,1,-26.81043,155.7599,1,1757.4,1,34.599,1,2.845,1,1757.4,1,2.845,1,34.599,1
5905612,2025-10-02T05:43:20Z,1,-26.81043,155.7599,1,1759.7,1,34.599,1,2.844,1,1759.7,1,2.844,1,34.599,1
5905612,2025-10-02T05:43:20Z,1,-26.81043,155.7599,1,1761.5,1,34.6,1,2.842,1,1761.5,1,2.842,1,34.6,1
5905612,2025-10-02T05:43:20Z,1,-26.81043,155.7599,1,1763.2,1,34.599,1,2.842,1,1763.2,1,2.842,1,34.599,1
5905612,2025-10-02T05:43:20Z,1,-26.81043,155.7599,1,1765.5,1,34.601,1,2.834,1,1765.5,1,2.834,1,34.601,1
5905612,2025-10-02T05:43:20Z,1,-26.81043,155.7599,1,1767.7,1,34.601,1,2.827,1,1767.7,1,2.827,1,34.601,1
5905612,2025-10-02T05:43:20Z,1,-26.81043,155.7599,1,1769.5,1,34.602,1,2.825,1,1769.5,1,2.825,1,34.602,1
5905612,2025-10-02T05:43:20Z,1,-26.81043,155.7599,1,1771.3,1,34.602,1,2.822,1,1771.3,1,2.822,1,34.602,1
5905612,2025-10-02T05:43:20Z,1,-26.81043,155.7599,1,1773.1,1,34.602,1,2.818,1,1773.1,1,2.818,1,34.602,1
5905612,2025-10-02T05:43:20Z,1,-26.81043,155.7599,1,1775.4,1,34.602,1,2.816,1,1775.4,1,2.816,1,34.602,1
5905612,2025-10-02T05:43:20Z,1,-26.81043,155.7599,1,1777.7,1,34.602,1,2.814,1,1777.7,1,2.814,1,34.602,1
5905612,2025-10-02T05:43:20Z,1,-26.81043,155.7599,1,1779.6,1,34.603,1,2.813,1,1779.6,1,2.813,1,34.603,1
5905612,2025-10-02T05:43:20Z,1,-26.81043,155.7599,1,1781.4,1,34.603,1,2.809,1,1781.4,1,2.809,1,34.603,1
5905612,2025-10-02T05:43:20Z,1,-26.81043,155.7599,1,1783.3,1,34.603,1,2.802,1,1783.3,1,2.802,1,34.603,1
5905612,2025-10-02T05:43:20Z,1,-26.81043,155.7599,1,1785.1,1,34.605,1,2.789,1,1785.1,1,2.789,1,34.605,1
5905612,2025-10-02T05:43:20Z,1,-26.81043,155.7599,1,1787.4,1,34.605,1,2.785,1,1787.4,1,2.785,1,34.605,1
5905612,2025-10-02T05:43:20Z,1,-26.81043,155.7599,1,1789.7,1,34.606,1,2.78,1,1789.7,1,2.78,1,34.606,1
5905612,2025-10-02T05:43:20Z,1,-26.81043,155.7599,1,1791.5,1,34.606,1,2.778,1,1791.5,1,2.778,1,34.606,1
5905612,2025-10-02T05:43:20Z,1,-26.81043,155.7599,1,1793.4,1,34.606,1,2.777,1,1793.4,1,2.777,1,34.606,1
5905612,2025-10-02T05:43:20Z,1,-26.81043,155.7599,1,1795.3,1,34.607,1,2.774,1,1795.3,1,2.774,1,34.607,1
5905612,2025-10-02T05:43:20Z,1,-26.81043,155.7599,1,1797.2,1,34.607,1,2.769,1,1797.2,1,2.769,1,34.607,1
5905612,2025-10-02T05:43:20Z,1,-26.81043,155.7599,1,1799.1,1,34.607,1,2.763,1,1799.1,1,2.763,1,34.607,1
5905612,2025-10-02T05:43:20Z,1,-26.81043,155.7599,1,1801.0,1,34.609,1,2.753,1,1801.0,1,2.753,1,34.609,1
5905612,2025-10-02T05:43:20Z,1,-26.81043,155.7599,1,1803.0,1,34.609,1,2.749,1,1803.0,1,2.749,1,34.609,1
5905612,2025-10-02T05:43:20Z,1,-26.81043,155.7599,1,1805.4,1,34.609,1,2.746,1,1805.4,1,2.746,1,34.609,1
5905612,2025-10-02T05:43:20Z,1,-26.81043,155.7599,1,1807.9,1,34.609,1,2.745,1,1807.9,1,2.745,1,34.609,1
5905612,2025-10-02T05:43:20Z,1,-26.81043,155.7599,1,1809.8,1,34.61,1,2.744,1,1809.8,1,2.744,1,34.61,1
5905612,2025-10-02T05:43:20Z,1,-26.81043,155.7599,1,1811.8,1,34.609,1,2.746,1,1811.8,1,2.746,1,34.609,1
5905612,2025-10-02T05:43:20Z,1,-26.81043,155.7599,1,1813.8,1,34.609,1,2.745,1,1813.8,1,2.745,1,34.609,1
5905612,2025-10-02T05:43:20Z,1,-26.81043,155.7599,1,1815.8,1,34.61,1,2.741,1,1815.8,1,2.741,1,34.61,1
5905612,2025-10-02T05:43:20Z,1,-26.81043,155.7599,1,1817.8,1,34.611,1,2.732,1,1817.8,1,2.732,1,34.611,1
5905612,2025-10-02T05:43:20Z,1,-26.81043,155.7599,1,1819.8,1,34.611,1,2.727,1,1819.8,1,2.727,1,34.611,1
5905612,2025-10-02T05:43:20Z,1,-26.81043,155.7599,1,1821.8,1,34.611,1,2.727,1,1821.8,1,2.727,1,34.611,1
5905612,2025-10-02T05:43:20Z,1,-26.81043,155.7599,1,1823.8,1,34.611,1,2.725,1,1823.8,1,2.725,1,34.611,1
5905612,2025-10-02T05:43:20Z,1,-26.81043,155.7599,1,1825.9,1,34.612,1,2.723,1,1825.9,1,2.723,1,34.612,1
5905612,2025-10-02T05:43:20Z,1,-26.81043,155.7599,1,1827.9,1,34.612,1,2.717,1,1827.9,1,2.717,1,34.612,1
5905612,2025-10-02T05:43:20Z,1,-26.81043,155.7599,1,1829.9,1,34.612,1,2.716,1,1829.9,1,2.716,1,34.612,1
5905612,2025-10-02T05:43:20Z,1,-26.81043,155.7599,1,1831.8,1,34.612,1,2.715,1,1831.8,1,2.715,1,34.612,1
5905612,2025-10-02T05:43:20Z,1,-26.81043,155.7599,1,1833.8,1,34.613,1,2.71,1,1833.8,1,2.71,1,34.613,1
5905612,2025-10-02T05:43:20Z,1,-26.81043,155.7599,1,1835.8,1,34.613,1,2.707,1,1835.8,1,2.707,1,34.613,1
5905612,2025-10-02T05:43:20Z,1,-26.81043,155.7599,1,1837.9,1,34.614,1,2.705,1,1837.9,1,2.705,1,34.614,1
5905612,2025-10-02T05:43:20Z,1,-26.81043,155.7599,1,1839.9,1,34.614,1,2.697,1,1839.9,1,2.697,1,34.614,1
5905612,2025-10-02T05:43:20Z,1,-26.81043,155.7599,1,1841.9,1,34.615,1,2.694,1,1841.9,1,2.694,1,34.615,1
5905612,2025-10-02T05:43:20Z,1,-26.81043,155.7599,1,1843.8,1,34.615,1,2.689,1,1843.8,1,2.689,1,34.615,1
5905612,2025-10-02T05:43:20Z,1,-26.81043,155.7599,1,1845.7,1,34.616,1,2.682,1,1845.7,1,2.682,1,34.616,1
5905612,2025-10-02T05:43:20Z,1,-26.81043,155.7599,1,1847.6,1,34.616,1,2.677,1,1847.6,1,2.677,1,34.616,1
5905612,2025-10-02T05:43:20Z,1,-26.81043,155.7599,1,1849.6,1,34.618,1,2.67,1,1849.6,1,2.67,1,34.618,1
5905612,2025-10-02T05:43:20Z,1,-26.81043,155.7599,1,1851.5,1,34.617,1,2.666,1,1851.5,1,2.666,1,34.617,1
5905612,2025-10-02T05:43:20Z,1,-26.81043,155.7599,1,1853.5,1,34.618,1,2.665,1,1853.5,1,2.665,1,34.618,1
5905612,2025-10-02T05:43:20Z,1,-26.81043,155.7599,1,1855.4,1,34.618,1,2.663,1,1855.4,1,2.663,1,34.618,1
5905612,2025-10-02T05:43:20Z,1,-26.81043,155.7599,1,1857.4,1,34.618,1,2.662,1,1857.4,1,2.662,1,34.618,1
5905612,2025-10-02T05:43:20Z,1,-26.81043,155.7599,1,1859.3,1,34.618,1,2.66,1,1859.3,1,2.66,1,34.618,1
5905612,2025-10-02T05:43:20Z,1,-26.81043,155.7599,1,1861.3,1,34.618,1,2.658,1,1861.3,1,2.658,1,34.618,1
5905612,2025-10-02T05:43:20Z,1,-26.81043,155.7599,1,1863.3,1,34.618,1,2.656,1,1863.3,1,2.656,1,34.618,1
5905612,2025-10-02T05:43:20Z,1,-26.81043,155.7599,1,1865.4,1,34.618,1,2.656,1,1865.4,1,2.656,1,34.618,1
5905612,2025-10-02T05:43:20Z,1,-26.81043,155.7599,1,1867.4,1,34.62,1,2.645,1,1867.4,1,2.645,1,34.62,1
5905612,2025-10-02T05:43:20Z,1,-26.81043,155.7599,1,1869.4,1,34.62,1,2.643,1,1869.4,1,2.643,1,34.62,1
5905612,2025-10-02T05:43:20Z,1,-26.81043,155.7599,1,1871.5,1,34.62,1,2.642,1,1871.5,1,2.642,1,34.62,1
5905612,2025-10-02T05:43:20Z,1,-26.81043,155.7599,1,1873.6,1,34.62,1,2.642,1,1873.6,1,2.642,1,34.62,1
5905612,2025-10-02T05:43:20Z,1,-26.81043,155.7599,1,1875.2,1,34.62,1,2.64,1,1875.2,1,2.64,1,34.62,1
5905612,2025-10-02T05:43:20Z,1,-26.81043,155.7599,1,1877.3,1,34.621,1,2.637,1,1877.3,1,2.637,1,34.621,1
5905612,2025-10-02T05:43:20Z,1,-26.81043,155.7599,1,1879.4,1,34.621,1,2.635,1,1879.4,1,2.635,1,34.621,1
5905612,2025-10-02T05:43:20Z,1,-26.81043,155.7599,1,1881.5,1,34.621,1,2.635,1,1881.5,1,2.635,1,34.621,1
5905612,2025-10-02T05:43:20Z,1,-26.81043,155.7599,1,1883.5,1,34.621,1,2.635,1,1883.5,1,2.635,1,34.621,1
5905612,2025-10-02T05:43:20Z,1,-26.81043,155.7599,1,1885.2,1,34.621,1,2.634,1,1885.2,1,2.634,1,34.621,1
5905612,2025-10-02T05:43:20Z,1,-26.81043,155.7599,1,1887.3,1,34.621,1,2.634,1,1887.3,1,2.634,1,34.621,1
5905612,2025-10-02T05:43:20Z,1,-26.81043,155.7599,1,1889.4,1,34.621,1,2.633,1,1889.4,1,2.633,1,34.621,1
5905612,2025-10-02T05:43:20Z,1,-26.81043,155.7599,1,1891.5,1,34.621,1,2.631,1,1891.5,1,2.631,1,34.621,1
5905612,2025-10-02T05:43:20Z,1,-26.81043,155.7599,1,1893.7,1,34.622,1,2.625,1,1893.7,1,2.625,1,34.622,1
5905612,2025-10-02T05:43:20Z,1,-26.81043,155.7599,1,1895.4,1,34.623,1,2.622,1,1895.4,1,2.622,1,34.623,1
5905612,2025-10-02T05:43:20Z,1,-26.81043,155.7599,1,1897.5,1,34.622,1,2.621,1,1897.5,1,2.621,1,34.622,1
5905612,2025-10-02T05:43:20Z,1,-26.81043,155.7599,1,1899.7,1,34.622,1,2.62,1,1899.7,1,2.62,1,34.622,1
5905612,2025-10-02T05:43:20Z,1,-26.81043,155.7599,1,1901.4,1,34.623,1,2.619,1,1901.4,1,2.619,1,34.623,1
5905612,2025-10-02T05:43:20Z,1,-26.81043,155.7599,1,1903.5,1,34.624,1,2.613,1,1903.5,1,2.613,1,34.624,1
5905612,2025-10-02T05:43:20Z,1,-26.81043,155.7599,1,1905.7,1,34.623,1,2.612,1,1905.7,1,2.612,1,34.623,1
5905612,2025-10-02T05:43:20Z,1,-26.81043,155.7599,1,1907.4,1,34.623,1,2.611,1,1907.4,1,2.611,1,34.623,1
5905612,2025-10-02T05:43:20Z,1,-26.81043,155.7599,1,1909.2,1,34.624,1,2.609,1,1909.2,1,2.609,1,34.624,1
5905612,2025-10-02T05:43:20Z,1,-26.81043,155.7599,1,1911.3,1,34.624,1,2.608,1,1911.3,1,2.608,1,34.624,1
5905612,2025-10-02T05:43:20Z,1,-26.81043,155.7599,1,1913.5,1,34.624,1,2.606,1,1913.5,1,2.606,1,34.624,1
5905612,2025-10-02T05:43:20Z,1,-26.81043,155.7599,1,1915.2,1,34.624,1,2.605,1,1915.2,1,2.605,1,34.624,1
5905612,2025-10-02T05:43:20Z,1,-26.81043,155.7599,1,1917.5,1,34.625,1,2.601,1,1917.5,1,2.601,1,34.625,1
5905612,2025-10-02T05:43:20Z,1,-26.81043,155.7599,1,1919.6,1,34.625,1,2.598,1,1919.6,1,2.598,1,34.625,1
5905612,2025-10-02T05:43:20Z,1,-26.81043,155.7599,1,1921.4,1,34.625,1,2.598,1,1921.4,1,2.598,1,34.625,1
5905612,2025-10-02T05:43:20Z,1,-26.81043,155.7599,1,1923.5,1,34.625,1,2.597,1,1923.5,1,2.597,1,34.625,1
5905612,2025-10-02T05:43:20Z,1,-26.81043,155.7599,1,1925.7,1,34.626,1,2.595,1,1925.7,1,2.595,1,34.626,1
5905612,2025-10-02T05:43:20Z,1,-26.81043,155.7599,1,1927.5,1,34.625,1,2.594,1,1927.5,1,2.594,1,34.625,1
5905612,2025-10-02T05:43:20Z,1,-26.81043,155.7599,1,1929.2,1,34.626,1,2.592,1,1929.2,1,2.592,1,34.626,1
5905612,2025-10-02T05:43:20Z,1,-26.81043,155.7599,1,1931.4,1,34.626,1,2.59,1,1931.4,1,2.59,1,34.626,1
5905612,2025-10-02T05:43:20Z,1,-26.81043,155.7599,1,1933.6,1,34.628,1,2.582,1,1933.6,1,2.582,1,34.628,1
5905612,2025-10-02T05:43:20Z,1,-26.81043,155.7599,1,1935.4,1,34.628,1,2.578,1,1935.4,1,2.578,1,34.628,1
5905612,2025-10-02T05:43:20Z,1,-26.81043,155.7599,1,1937.2,1,34.629,1,2.575,1,1937.2,1,2.575,1,34.629,1
5905612,2025-10-02T05:43:20Z,1,-26.81043,155.7599,1,1939.0,1,34.628,1,2.575,1,1939.0,1,2.575,1,34.628,1
5905612,2025-10-02T05:43:20Z,1,-26.81043,155.7599,1,1941.4,1,34.629,1,2.573,1,1941.4,1,2.573,1,34.629,1
5905612,2025-10-02T05:43:20Z,1,-26.81043,155.7599,1,1943.6,1,34.629,1,2.572,1,1943.6,1,2.572,1,34.629,1
5905612,2025-10-02T05:43:20Z,1,-26.81043,155.7599,1,1945.5,1,34.628,1,2.569,1,1945.5,1,2.569,1,34.628,1
5905612,2025-10-02T05:43:20Z,1,-26.81043,155.7599,1,1947.3,1,34.629,1,2.565,1,1947.3,1,2.565,1,34.629,1
5905612,2025-10-02T05:43:20Z,1,-26.81043,155.7599,1,1949.2,1,34.63,1,2.562,1,1949.2,1,2.562,1,34.63,1
5905612,2025-10-02T05:43:20Z,1,-26.81043,155.7599,1,1951.1,1,34.63,1,2.56,1,1951.1,1,2.56,1,34.63,1
5905612,2025-10-02T05:43:20Z,1,-26.81043,155.7599,1,1953.4,1,34.63,1,2.555,1,1953.4,1,2.555,1,34.63,1
5905612,2025-10-02T05:43:20Z,1,-26.81043,155.7599,1,1955.8,1,34.63,1,2.554,1,1955.8,1,2.554,1,34.63,1
5905612,2025-10-02T05:43:20Z,1,-26.81043,155.7599,1,1957.6,1,34.63,1,2.553,1,1957.6,1,2.553,1,34.63,1
5905612,2025-10-02T05:43:20Z,1,-26.81043,155.7599,1,1959.5,1,34.632,1,2.543,1,1959.5,1,2.543,1,34.632,1
5905612,2025-10-02T05:43:20Z,1,-26.81043,155.7599,1,1961.5,1,34.632,1,2.541,1,1961.5,1,2.541,1,34.632,1
5905612,2025-10-02T05:43:20Z,1,-26.81043,155.7599,1,1963.4,1,34.632,1,2.538,1,1963.4,1,2.538,1,34.632,1
5905612,2025-10-02T05:43:20Z,1,-26.81043,155.7599,1,1965.3,1,34.633,1,2.537,1,1965.3,1,2.537,1,34.633,1
5905612,2025-10-02T05:43:20Z,1,-26.81043,155.7599,1,1967.3,1,34.633,1,2.534,1,1967.3,1,2.534,1,34.633,1
5905612,2025-10-02T05:43:20Z,1,-26.81043,155.7599,1,1969.2,1,34.633,1,2.534,1,1969.2,1,2.534,1,34.633,1
5905612,2025-10-02T05:43:20Z,1,-26.81043,155.7599,1,1971.1,1,34.633,1,2.533,1,1971.1,1,2.533,1,34.633,1
5905612,2025-10-02T05:43:20Z,1,-26.81043,155.7599,1,1973.1,1,34.633,1,2.532,1,1973.1,1,2.532,1,34.633,1
5905612,2025-10-02T05:43:20Z,1,-26.81043,155.7599,1,1975.0,1,34.634,1,2.529,1,1975.0,1,2.529,1,34.634,1
5905612,2025-10-02T05:43:20Z,1,-26.81043,155.7599,1,1977.0,1,34.635,1,2.524,1,1977.0,1,2.524,1,34.635,1
5905612,2025-10-02T05:43:20Z,1,-26.81043,155.7599,1,1979.4,1,34.634,1,2.523,1,1979.4,1,2.523,1,34.634,1
5905612,2025-10-02T05:43:20Z,1,-26.81043,155.7599,1,1981.9,1,34.635,1,2.519,1,1981.9,1,2.519,1,34.635,1
5905612,2025-10-02T05:43:20Z,1,-26.81043,155.7599,1,1983.8,1,34.635,1,2.516,1,1983.8,1,2.516,1,34.635,1
5905612,2025-10-02T05:43:20Z,1,-26.81043,155.7599,1,1985.8,1,34.636,1,2.513,1,1985.8,1,2.513,1,34.636,1
5905612,2025-10-02T05:43:20Z,1,-26.81043,155.7599,1,1987.7,1,34.637,1,2.509,1,1987.7,1,2.509,1,34.637,1
5905612,2025-10-02T05:43:20Z,1,-26.81043,155.7599,1,1989.7,1,34.636,1,2.508,1,1989.7,1,2.508,1,34.636,1
5905612,2025-10-02T05:43:20Z,1,-26.81043,155.7599,1,1991.6,1,34.636,1,2.506,1,1991.6,1,2.506,1,34.636,1
5905612,2025-10-02T05:43:20Z,1,-26.81043,155.7599,1,1993.4,1,34.637,1,2.504,1,1993.4,1,2.504,1,34.637,1
5905612,2025-10-02T05:43:20Z,1,-26.81043,155.7599,1,1995.3,1,34.637,1,2.502,1,1995.3,1,2.502,1,34.637,1
5905612,2025-10-02T05:43:20Z,1,-26.81043,155.7599,1,1997.3,1,34.638,1,2.496,1,1997.3,1,2.496,1,34.638,1
5905612,2025-10-02T05:43:20Z,1,-26.81043,155.7599,1,1999.5,1,34.638,1,2.492,1,1999.5,1,2.492,1,34.638,1
5905612,2025-10-02T05:43:20Z,1,-26.81043,155.7599,1,2000.9,1,34.638,1,2.492,1,2000.9,1,2.492,1,34.638,1
5905612,2025-10-12T00:47:20Z,1,-26.4446,155.66394,1,0.3,1,35.697,1,22.527,1,0.3,1,22.527,1,35.697,1
5905612,2025-10-12T00:47:20Z,1,-26.4446,155.66394,1,1.3,1,35.692,1,22.525,1,1.3,1,22.525,1,35.692,1
5905612,2025-10-12T00:47:20Z,1,-26.4446,155.66394,1,3.1,1,35.682,1,22.5,1,3.1,1,22.5,1,35.682,1
5905612,2025-10-12T00:47:20Z,1,-26.4446,155.66394,1,4.9,1,35.711,1,22.461,1,4.9,1,22.461,1,35.711,1
5905612,2025-10-12T00:47:20Z,1,-26.4446,155.66394,1,6.1,1,35.713,1,22.432,1,6.1,1,22.432,1,35.713,1
5905612,2025-10-12T00:47:20Z,1,-26.4446,155.66394,1,7.3,1,35.71,1,22.4,1,7.3,1,22.4,1,35.71,1
5905612,2025-10-12T00:47:20Z,1,-26.4446,155.66394,1,9.5,1,35.712,1,22.36,1,9.5,1,22.36,1,35.712,1
5905612,2025-10-12T00:47:20Z,1,-26.4446,155.66394,1,11.8,1,35.711,1,22.325,1,11.8,1,22.325,1,35.711,1
5905612,2025-10-12T00:47:20Z,1,-26.4446,155.66394,1,13.7,1,35.71,1,22.313,1,13.7,1,22.313,1,35.71,1
5905612,2025-10-12T00:47:20Z,1,-26.4446,155.66394,1,15.7,1,35.71,1,22.306,1,15.7,1,22.306,1,35.71,1
5905612,2025-10-12T00:47:20Z,1,-26.4446,155.66394,1,17.7,1,35.711,1,22.3,1,17.7,1,22.3,1,35.711,1
5905612,2025-10-12T00:47:20Z,1,-26.4446,155.66394,1,19.7,1,35.711,1,22.293,1,19.7,1,22.293,1,35.711,1
5905612,2025-10-12T00:47:20Z,1,-26.4446,155.66394,1,21.6,1,35.712,1,22.263,1,21.6,1,22.263,1,35.712,1
5905612,2025-10-12T00:47:20Z,1,-26.4446,155.66394,1,23.6,1,35.714,1,22.214,1,23.6,1,22.214,1,35.714,1
5905612,2025-10-12T00:47:20Z,1,-26.4446,155.66394,1,25.6,1,35.715,1,22.157,1,25.6,1,22.157,1,35.715,1
5905612,2025-10-12T00:47:20Z,1,-26.4446,155.66394,1,27.7,1,35.716,1,22.147,1,27.7,1,22.147,1,35.716,1
5905612,2025-10-12T00:47:20Z,1,-26.4446,155.66394,1,29.7,1,35.715,1,22.139,1,29.7,1,22.139,1,35.715,1
5905612,2025-10-12T00:47:20Z,1,-26.4446,155.66394,1,31.7,1,35.717,1,22.124,1,31.7,1,22.124,1,35.717,1
5905612,2025-10-12T00:47:20Z,1,-26.4446,155.66394,1,33.7,1,35.718,1,22.104,1,33.7,1,22.104,1,35.718,1
5905612,2025-10-12T00:47:20Z,1,-26.4446,155.66394,1,35.7,1,35.721,1,22.07,1,35.7,1,22.07,1,35.721,1
5905612,2025-10-12T00:47:20Z,1,-26.4446,155.66394,1,37.8,1,35.725,1,22.035,1,37.8,1,22.035,1,35.725,1
5905612,2025-10-12T00:47:20Z,1,-26.4446,155.66394,1,39.7,1,35.726,1,21.978,1,39.7,1,21.978,1,35.726,1
5905612,2025-10-12T00:47:20Z,1,-26.4446,155.66394,1,41.8,1,35.73,1,21.895,1,41.8,1,21.895,1,35.73,1
5905612,2025-10-12T00:47:20Z,1,-26.4446,155.66394,1,43.4,1,35.734,1,21.82,1,43.4,1,21.82,1,35.734,1
5905612,2025-10-12T00:47:20Z,1,-26.4446,155.66394,1,45.0,1,35.738,1,21.709,1,45.0,1,21.709,1,35.738,1
5905612,2025-10-12T00:47:20Z,1,-26.4446,155.66394,1,47.1,1,35.734,1,21.654,1,47.1,1,21.654,1,35.734,1
5905612,2025-10-12T00:47:20Z,1,-26.4446,155.66394,1,49.3,1,35.733,1,21.625,1,49.3,1,21.625,1,35.733,1
5905612,2025-10-12T00:47:20Z,1,-26.4446,155.66394,1,51.5,1,35.731,1,21.623,1,51.5,1,21.623,1,35.731,1
5905612,2025-10-12T00:47:20Z,1,-26.4446,155.66394,1,53.7,1,35.731,1,21.614,1,53.7,1,21.614,1,35.731,1
5905612,2025-10-12T00:47:20Z,1,-26.4446,155.66394,1,55.4,1,35.73,1,21.608,1,55.4,1,21.608,1,35.73,1
5905612,2025-10-12T00:47:20Z,1,-26.4446,155.66394,1,57.0,1,35.73,1,21.607,1,57.0,1,21.607,1,35.73,1
5905612,2025-10-12T00:47:20Z,1,-26.4446,155.66394,1,59.2,1,35.731,1,21.606,1,59.2,1,21.606,1,35.731,1
5905612,2025-10-12T00:47:20Z,1,-26.4446,155.66394,1,61.4,1,35.73,1,21.602,1,61.4,1,21.602,1,35.73,1
5905612,2025-10-12T00:47:20Z,1,-26.4446,155.66394,1,63.5,1,35.728,1,21.587,1,63.5,1,21.587,1,35.728,1
5905612,2025-10-12T00:47:20Z,1,-26.4446,155.66394,1,65.6,1,35.726,1,21.558,1,65.6,1,21.558,1,35.726,1
5905612,2025-10-12T00:47:20Z,1,-26.4446,155.66394,1,67.7,1,35.723,1,21.526,1,67.7,1,21.526,1,35.723,1
5905612,2025-10-12T00:47:20Z,1,-26.4446,155.66394,1,69.4,1,35.723,1,21.498,1,69.4,1,21.498,1,35.723,1
5905612,2025-10-12T00:47:20Z,1,-26.4446,155.66394,1,71.0,1,35.718,1,21.412,1,71.0,1,21.412,1,35.718,1
5905612,2025-10-12T00:47:20Z,1,-26.4446,155.66394,1,73.0,1,35.714,1,21.378,1,73.0,1,21.378,1,35.714,1
5905612,2025-10-12T00:47:20Z,1,-26.4446,155.66394,1,75.2,1,35.718,1,21.363,1,75.2,1,21.363,1,35.718,1
5905612,2025-10-12T00:47:20Z,1,-26.4446,155.66394,1,77.6,1,35.706,1,21.248,1,77.6,1,21.248,1,35.706,1
5905612,2025-10-12T00:47:20Z,1,-26.4446,155.66394,1,79.5,1,35.697,1,21.177,1,79.5,1,21.177,1,35.697,1
5905612,2025-10-12T00:47:20Z,1,-26.4446,155.66394,1,81.4,1,35.691,1,21.089,1,81.4,1,21.089,1,35.691,1
5905612,2025-10-12T00:47:20Z,1,-26.4446,155.66394,1,83.4,1,35.683,1,20.972,1,83.4,1,20.972,1,35.683,1
5905612,2025-10-12T00:47:20Z,1,-26.4446,155.66394,1,85.4,1,35.683,1,20.946,1,85.4,1,20.946,1,35.683,1
5905612,2025-10-12T00:47:20Z,1,-26.4446,155.66394,1,87.5,1,35.681,1,20.927,1,87.5,1,20.927,1,35.681,1
5905612,2025-10-12T00:47:20Z,1,-26.4446,155.66394,1,89.2,1,35.68,1,20.914,1,89.2,1,20.914,1,35.68,1
5905612,2025-10-12T00:47:20Z,1,-26.4446,155.66394,1,91.3,1,35.679,1,20.906,1,91.3,1,20.906,1,35.679,1
5905612,2025-10-12T00:47:20Z,1,-26.4446,155.66394,1,93.3,1,35.673,1,20.813,1,93.3,1,20.813,1,35.673,1
5905612,2025-10-12T00:47:20Z,1,-26.4446,155.66394,1,95.4,1,35.667,1,20.677,1,95.4,1,20.677,1,35.667,1
5905612,2025-10-12T00:47:20Z,1,-26.4446,155.66394,1,97.6,1,35.664,1,20.612,1,97.6,1,20.612,1,35.664,1
5905612,2025-10-12T00:47:20Z,1,-26.4446,155.66394,1,99.4,1,35.662,1,20.602,1,99.4,1,20.602,1,35.662,1
5905612,2025-10-12T00:47:20Z,1,-26.4446,155.66394,1,101.2,1,35.664,1,20.574,1,101.2,1,20.574,1,35.664,1
5905612,2025-10-12T00:47:20Z,1,-26.4446,155.66394,1,103.5,1,35.663,1,20.558,1,103.5,1,20.558,1,35.663,1
5905612,2025-10-12T00:47:20Z,1,-26.4446,155.66394,1,105.7,1,35.663,1,20.538,1,105.7,1,20.538,1,35.663,1
5905612,2025-10-12T00:47:20Z,1,-26.4446,155.66394,1,107.5,1,35.665,1,20.507,1,107.5,1,20.507,1,35.665,1
5905612,2025-10-12T00:47:20Z,1,-26.4446,155.66394,1,109.3,1,35.666,1,20.477,1,109.3,1,20.477,1,35.666,1
5905612,2025-10-12T00:47:20Z,1,-26.4446,155.66394,1,111.1,1,35.671,1,20.416,1,111.1,1,20.416,1,35.671,1
5905612,2025-10-12T00:47:20Z,1,-26.4446,155.66394,1,113.4,1,35.666,1,20.385,1,113.4,1,20.385,1,35.666,1
5905612,2025-10-12T00:47:20Z,1,-26.4446,155.66394,1,115.8,1,35.668,1,20.376,1,115.8,1,20.376,1,35.668,1
5905612,2025-10-12T00:47:20Z,1,-26.4446,155.66394,1,117.7,1,35.671,1,20.332,1,117.7,1,20.332,1,35.671,1
5905612,2025-10-12T00:47:20Z,1,-26.4446,155.66394,1,119.6,1,35.666,1,20.271,1,119.6,1,20.271,1,35.666,1
5905612,2025-10-12T00:47:20Z,1,-26.4446,155.66394,1,121.6,1,35.664,1,20.267,1,121.6,1,20.267,1,35.664,1
5905612,2025-10-12T00:47:20Z,1,-26.4446,155.66394,1,123.4,1,35.663,1,20.26,1,123.4,1,20.26,1,35.663,1
5905612,2025-10-12T00:47:20Z,1,-26.4446,155.66394,1,125.3,1,35.663,1,20.226,1,125.3,1,20.226,1,35.663,1
5905612,2025-10-12T00:47:20Z,1,-26.4446,155.66394,1,127.1,1,35.663,1,20.224,1,127.1,1,20.224,1,35.663,1
5905612,2025-10-12T00:47:20Z,1,-26.4446,155.66394,1,129.0,1,35.658,1,20.161,1,129.0,1,20.161,1,35.658,1
5905612,2025-10-12T00:47:20Z,1,-26.4446,155.66394,1,131.4,1,35.654,1,20.116,1,131.4,1,20.116,1,35.654,1
5905612,2025-10-12T00:47:20Z,1,-26.4446,155.66394,1,133.9,1,35.645,1,20.059,1,133.9,1,20.059,1,35.645,1
5905612,2025-10-12T00:47:20Z,1,-26.4446,155.66394,1,135.8,1,35.652,1,20.026,1,135.8,1,20.026,1,35.652,1
5905612,2025-10-12T00:47:20Z,1,-26.4446,155.66394,1,137.7,1,35.649,1,19.986,1,137.7,1,19.986,1,35.649,1
5905612,2025-10-12T00:47:20Z,1,-26.4446,155.66394,1,139.6,1,35.647,1,19.95,1,139.6,1,19.95,1,35.647,1
5905612,2025-10-12T00:47:20Z,1,-26.4446,155.66394,1,141.5,1,35.645,1,19.899,1,141.5,1,19.899,1,35.645,1
5905612,2025-10-12T00:47:20Z,1,-26.4446,155.66394,1,143.3,1,35.645,1,19.854,1,143.3,1,19.854,1,35.645,1
5905612,2025-10-12T00:47:20Z,1,-26.4446,155.66394,1,145.5,1,35.646,1,19.824,1,145.5,1,19.824,1,35.646,1
5905612,2025-10-12T00:47:20Z,1,-26.4446,155.66394,1,147.7,1,35.645,1,19.799,1,147.7,1,19.799,1,35.645,1
5905612,2025-10-12T00:47:20Z,1,-26.4446,155.66394,1,149.5,1,35.644,1,19.784,1,149.5,1,19.784,1,35.644,1
5905612,2025-10-12T00:47:20Z,1,-26.4446,155.66394,1,151.5,1,35.64,1,19.747,1,151.5,1,19.747,1,35.64,1
5905612,2025-10-12T00:47:20Z,1,-26.4446,155.66394,1,153.6,1,35.638,1,19.718,1,153.6,1,19.718,1,35.638,1
5905612,2025-10-12T00:47:20Z,1,-26.4446,155.66394,1,155.5,1,35.639,1,19.702,1,155.5,1,19.702,1,35.639,1
5905612,2025-10-12T00:47:20Z,1,-26.4446,155.66394,1,157.4,1,35.638,1,19.699,1,157.4,1,19.699,1,35.638,1
5905612,2025-10-12T00:47:20Z,1,-26.4446,155.66394,1,159.4,1,35.641,1,19.68,1,159.4,1,19.68,1,35.641,1
5905612,2025-10-12T00:47:20Z,1,-26.4446,155.66394,1,161.4,1,35.645,1,19.648,1,161.4,1,19.648,1,35.645,1
5905612,2025-10-12T00:47:20Z,1,-26.4446,155.66394,1,163.3,1,35.647,1,19.643,1,163.3,1,19.643,1,35.647,1
5905612,2025-10-12T00:47:20Z,1,-26.4446,155.66394,1,165.3,1,35.647,1,19.622,1,165.3,1,19.622,1,35.647,1
5905612,2025-10-12T00:47:20Z,1,-26.4446,155.66394,1,167.3,1,35.646,1,19.6,1,167.3,1,19.6,1,35.646,1
5905612,2025-10-12T00:47:20Z,1,-26.4446,155.66394,1,169.2,1,35.646,1,19.589,1,169.2,1,19.589,1,35.646,1
5905612,2025-10-12T00:47:20Z,1,-26.4446,155.66394,1,171.2,1,35.645,1,19.56,1,171.2,1,19.56,1,35.645,1
5905612,2025-10-12T00:47:20Z,1,-26.4446,155.66394,1,173.2,1,35.644,1,19.521,1,173.2,1,19.521,1,35.644,1
5905612,2025-10-12T00:47:20Z,1,-26.4446,155.66394,1,175.2,1,35.643,1,19.497,1,175.2,1,19.497,1,35.643,1
5905612,2025-10-12T00:47:20Z,1,-26.4446,155.66394,1,177.2,1,35.64,1,19.476,1,177.2,1,19.476,1,35.64,1
5905612,2025-10-12T00:47:20Z,1,-26.4446,155.66394,1,179.2,1,35.64,1,19.464,1,179.2,1,19.464,1,35.64,1
5905612,2025-10-12T00:47:20Z,1,-26.4446,155.66394,1,181.1,1,35.639,1,19.448,1,181.1,1,19.448,1,35.639,1
5905612,2025-10-12T00:47:20Z,1,-26.4446,155.66394,1,183.1,1,35.632,1,19.369,1,183.1,1,19.369,1,35.632,1
5905612,2025-10-12T00:47:20Z,1,-26.4446,155.66394,1,185.1,1,35.632,1,19.353,1,185.1,1,19.353,1,35.632,1
5905612,2025-10-12T00:47:20Z,1,-26.4446,155.66394,1,187.1,1,35.632,1,19.347,1,187.1,1,19.347,1,35.632,1
5905612,2025-10-12T00:47:20Z,1,-26.4446,155.66394,1,189.1,1,35.632,1,19.319,1,189.1,1,19.319,1,35.632,1
5905612,2025-10-12T00:47:20Z,1,-26.4446,155.66394,1,191.2,1,35.632,1,19.301,1,191.2,1,19.301,1,35.632,1
5905612,2025-10-12T00:47:20Z,1,-26.4446,155.66394,1,193.1,1,35.632,1,19.284,1,193.1,1,19.284,1,35.632,1
5905612,2025-10-12T00:47:20Z,1,-26.4446,155.66394,1,195.1,1,35.63,1,19.26,1,195.1,1,19.26,1,35.63,1
5905612,2025-10-12T00:47:20Z,1,-26.4446,155.66394,1,197.0,1,35.629,1,19.221,1,197.0,1,19.221,1,35.629,1
5905612,2025-10-12T00:47:20Z,1,-26.4446,155.66394,1,199.0,1,35.63,1,19.18,1,199.0,1,19.18,1,35.63,1
5905612,2025-10-12T00:47:20Z,1,-26.4446,155.66394,1,201.0,1,35.63,1,19.167,1,201.0,1,19.167,1,35.63,1
5905612,2025-10-12T00:47:20Z,1,-26.4446,155.66394,1,203.0,1,35.628,1,19.162,1,203.0,1,19.162,1,35.628,1
5905612,2025-10-12T00:47:20Z,1,-26.4446,155.66394,1,205.0,1,35.628,1,19.152,1,205.0,1,19.152,1,35.628,1
5905612,2025-10-12T00:47:20Z,1,-26.4446,155.66394,1,207.0,1,35.629,1,19.137,1,207.0,1,19.137,1,35.629,1
5905612,2025-10-12T00:47:20Z,1,-26.4446,155.66394,1,209.1,1,35.629,1,19.111,1,209.1,1,19.111,1,35.629,1
5905612,2025-10-12T00:47:20Z,1,-26.4446,155.66394,1,211.1,1,35.626,1,19.08,1,211.1,1,19.08,1,35.626,1
5905612,2025-10-12T00:47:20Z,1,-26.4446,155.66394,1,213.1,1,35.625,1,19.045,1,213.1,1,19.045,1,35.625,1
5905612,2025-10-12T00:47:20Z,1,-26.4446,155.66394,1,215.0,1,35.622,1,18.993,1,215.0,1,18.993,1,35.622,1
5905612,2025-10-12T00:47:20Z,1,-26.4446,155.66394,1,217.1,1,35.617,1,18.915,1,217.1,1,18.915,1,35.617,1
5905612,2025-10-12T00:47:20Z,1,-26.4446,155.66394,1,219.2,1,35.613,1,18.887,1,219.2,1,18.887,1,35.613,1
5905612,2025-10-12T00:47:20Z,1,-26.4446,155.66394,1,221.2,1,35.613,1,18.816,1,221.2,1,18.816,1,35.613,1
5905612,2025-10-12T00:47:20Z,1,-26.4446,155.66394,1,223.3,1,35.62,1,18.795,1,223.3,1,18.795,1,35.62,1
5905612,2025-10-12T00:47:20Z,1,-26.4446,155.66394,1,225.4,1,35.622,1,18.792,1,225.4,1,18.792,1,35.622,1
5905612,2025-10-12T00:47:20Z,1,-26.4446,155.66394,1,227.5,1,35.622,1,18.769,1,227.5,1,18.769,1,35.622,1
5905612,2025-10-12T00:47:20Z,1,-26.4446,155.66394,1,229.6,1,35.617,1,18.747,1,229.6,1,18.747,1,35.617,1
5905612,2025-10-12T00:47:20Z,1,-26.4446,155.66394,1,231.7,1,35.614,1,18.736,1,231.7,1,18.736,1,35.614,1
5905612,2025-10-12T00:47:20Z,1,-26.4446,155.66394,1,233.8,1,35.611,1,18.698,1,233.8,1,18.698,1,35.611,1
5905612,2025-10-12T00:47:20Z,1,-26.4446,155.66394,1,235.9,1,35.598,1,18.596,1,235.9,1,18.596,1,35.598,1
5905612,2025-10-12T00:47:20Z,1,-26.4446,155.66394,1,237.5,1,35.589,1,18.489,1,237.5,1,18.489,1,35.589,1
5905612,2025-10-12T00:47:20Z,1,-26.4446,155.66394,1,239.0,1,35.58,1,18.407,1,239.0,1,18.407,1,35.58,1
5905612,2025-10-12T00:47:20Z,1,-26.4446,155.66394,1,241.1,1,35.576,1,18.348,1,241.1,1,18.348,1,35.576,1
5905612,2025-10-12T00:47:20Z,1,-26.4446,155.66394,1,243.2,1,35.577,1,18.263,1,243.2,1,18.263,1,35.577,1
5905612,2025-10-12T00:47:20Z,1,-26.4446,155.66394,1,245.3,1,35.561,1,18.157,1,245.3,1,18.157,1,35.561,1
5905612,2025-10-12T00:47:20Z,1,-26.4446,155.66394,1,247.4,1,35.556,1,18.089,1,247.4,1,18.089,1,35.556,1
5905612,2025-10-12T00:47:20Z,1,-26.4446,155.66394,1,249.6,1,35.549,1,18.05,1,249.6,1,18.05,1,35.549,1
5905612,2025-10-12T00:47:20Z,1,-26.4446,155.66394,1,251.8,1,35.551,1,18.023,1,251.8,1,18.023,1,35.551,1
5905612,2025-10-12T00:47:20Z,1,-26.4446,155.66394,1,253.5,1,35.55,1,18.005,1,253.5,1,18.005,1,35.55,1
5905612,2025-10-12T00:47:20Z,1,-26.4446,155.66394,1,255.2,1,35.548,1,17.998,1,255.2,1,17.998,1,35.548,1
5905612,2025-10-12T00:47:20Z,1,-26.4446,155.66394,1,257.4,1,35.545,1,17.984,1,257.4,1,17.984,1,35.545,1
5905612,2025-10-12T00:47:20Z,1,-26.4446,155.66394,1,259.6,1,35.545,1,17.974,1,259.6,1,17.974,1,35.545,1
5905612,2025-10-12T00:47:20Z,1,-26.4446,155.66394,1,261.8,1,35.542,1,17.958,1,261.8,1,17.958,1,35.542,1
5905612,2025-10-12T00:47:20Z,1,-26.4446,155.66394,1,263.4,1,35.541,1,17.944,1,263.4,1,17.944,1,35.541,1
5905612,2025-10-12T00:47:20Z,1,-26.4446,155.66394,1,265.0,1,35.539,1,17.858,1,265.0,1,17.858,1,35.539,1
5905612,2025-10-12T00:47:20Z,1,-26.4446,155.66394,1,267.2,1,35.532,1,17.777,1,267.2,1,17.777,1,35.532,1
5905612,2025-10-12T00:47:20Z,1,-26.4446,155.66394,1,269.3,1,35.528,1,17.749,1,269.3,1,17.749,1,35.528,1
5905612,2025-10-12T00:47:20Z,1,-26.4446,155.66394,1,271.4,1,35.521,1,17.701,1,271.4,1,17.701,1,35.521,1
5905612,2025-10-12T00:47:20Z,1,-26.4446,155.66394,1,273.5,1,35.501,1,17.529,1,273.5,1,17.529,1,35.501,1
5905612,2025-10-12T00:47:20Z,1,-26.4446,155.66394,1,275.5,1,35.491,1,17.436,1,275.5,1,17.436,1,35.491,1
5905612,2025-10-12T00:47:20Z,1,-26.4446,155.66394,1,277.5,1,35.485,1,17.368,1,277.5,1,17.368,1,35.485,1
5905612,2025-10-12T00:47:20Z,1,-26.4446,155.66394,1,279.6,1,35.479,1,17.331,1,279.6,1,17.331,1,35.479,1
5905612,2025-10-12T00:47:20Z,1,-26.4446,155.66394,1,281.6,1,35.473,1,17.296,1,281.6,1,17.296,1,35.473,1
5905612,2025-10-12T00:47:20Z,1,-26.4446,155.66394,1,283.7,1,35.467,1,17.124,1,283.7,1,17.124,1,35.467,1
5905612,2025-10-12T00:47:20Z,1,-26.4446,155.66394,1,285.8,1,35.451,1,17.052,1,285.8,1,17.052,1,35.451,1
5905612,2025-10-12T00:47:20Z,1,-26.4446,155.66394,1,287.9,1,35.451,1,17.023,1,287.9,1,17.023,1,35.451,1
5905612,2025-10-12T00:47:20Z,1,-26.4446,155.66394,1,289.5,1,35.441,1,16.938,1,289.5,1,16.938,1,35.441,1
5905612,2025-10-12T00:47:20Z,1,-26.4446,155.66394,1,291.0,1,35.435,1,16.921,1,291.0,1,16.921,1,35.435,1
5905612,2025-10-12T00:47:20Z,1,-26.4446,155.66394,1,293.1,1,35.431,1,16.911,1,293.1,1,16.911,1,35.431,1
5905612,2025-10-12T00:47:20Z,1,-26.4446,155.66394,1,295.2,1,35.427,1,16.802,1,295.2,1,16.802,1,35.427,1
5905612,2025-10-12T00:47:20Z,1,-26.4446,155.66394,1,297.3,1,35.42,1,16.725,1,297.3,1,16.725,1,35.42,1
5905612,2025-10-12T00:47:20Z,1,-26.4446,155.66394,1,299.4,1,35.422,1,16.7,1,299.4,1,16.7,1,35.422,1
5905612,2025-10-12T00:47:20Z,1,-26.4446,155.66394,1,301.5,1,35.429,1,16.684,1,301.5,1,16.684,1,35.429,1
5905612,2025-10-12T00:47:20Z,1,-26.4446,155.66394,1,303.7,1,35.432,1,16.683,1,303.7,1,16.683,1,35.432,1
5905612,2025-10-12T00:47:20Z,1,-26.4446,155.66394,1,305.8,1,35.432,1,16.677,1,305.8,1,16.677,1,35.432,1
5905612,2025-10-12T00:47:20Z,1,-26.4446,155.66394,1,307.9,1,35.431,1,16.644,1,307.9,1,16.644,1,35.431,1
5905612,2025-10-12T00:47:20Z,1,-26.4446,155.66394,1,309.9,1,35.417,1,16.504,1,309.9,1,16.504,1,35.417,1
5905612,2025-10-12T00:47:20Z,1,-26.4446,155.66394,1,311.5,1,35.41,1,16.479,1,311.5,1,16.479,1,35.41,1
5905612,2025-10-12T00:47:20Z,1,-26.4446,155.66394,1,313.2,1,35.409,1,16.472,1,313.2,1,16.472,1,35.409,1
5905612,2025-10-12T00:47:20Z,1,-26.4446,155.66394,1,315.3,1,35.39,1,16.305,1,315.3,1,16.305,1,35.39,1
5905612,2025-10-12T00:47:20Z,1,-26.4446,155.66394,1,317.6,1,35.37,1,16.191,1,317.6,1,16.191,1,35.37,1
5905612,2025-10-12T00:47:20Z,1,-26.4446,155.66394,1,319.6,1,35.366,1,16.133,1,319.6,1,16.133,1,35.366,1
5905612,2025-10-12T00:47:20Z,1,-26.4446,155.66394,1,321.3,1,35.363,1,16.042,1,321.3,1,16.042,1,35.363,1
5905612,2025-10-12T00:47:20Z,1,-26.4446,155.66394,1,323.5,1,35.35,1,15.952,1,323.5,1,15.952,1,35.35,1
5905612,2025-10-12T00:47:20Z,1,-26.4446,155.66394,1,325.7,1,35.348,1,15.932,1,325.7,1,15.932,1,35.348,1
5905612,2025-10-12T00:47:20Z,1,-26.4446,155.66394,1,327.5,1,35.346,1,15.918,1,327.5,1,15.918,1,35.346,1
5905612,2025-10-12T00:47:20Z,1,-26.4446,155.66394,1,329.3,1,35.345,1,15.904,1,329.3,1,15.904,1,35.345,1
5905612,2025-10-12T00:47:20Z,1,-26.4446,155.66394,1,331.5,1,35.344,1,15.89,1,331.5,1,15.89,1,35.344,1
5905612,2025-10-12T00:47:20Z,1,-26.4446,155.66394,1,333.8,1,35.345,1,15.843,1,333.8,1,15.843,1,35.345,1
5905612,2025-10-12T00:47:20Z,1,-26.4446,155.66394,1,335.5,1,35.338,1,15.798,1,335.5,1,15.798,1,35.338,1
5905612,2025-10-12T00:47:20Z,1,-26.4446,155.66394,1,337.3,1,35.335,1,15.765,1,337.3,1,15.765,1,35.335,1
5905612,2025-10-12T00:47:20Z,1,-26.4446,155.66394,1,339.2,1,35.323,1,15.645,1,339.2,1,15.645,1,35.323,1
5905612,2025-10-12T00:47:20Z,1,-26.4446,155.66394,1,341.0,1,35.32,1,15.611,1,341.0,1,15.611,1,35.32,1
5905612,2025-10-12T00:47:20Z,1,-26.4446,155.66394,1,343.4,1,35.32,1,15.58,1,343.4,1,15.58,1,35.32,1
5905612,2025-10-12T00:47:20Z,1,-26.4446,155.66394,1,345.8,1,35.318,1,15.556,1,345.8,1,15.556,1,35.318,1
5905612,2025-10-12T00:47:20Z,1,-26.4446,155.66394,1,347.6,1,35.321,1,15.534,1,347.6,1,15.534,1,35.321,1
5905612,2025-10-12T00:47:20Z,1,-26.4446,155.66394,1,349.5,1,35.324,1,15.483,1,349.5,1,15.483,1,35.324,1
5905612,2025-10-12T00:47:20Z,1,-26.4446,155.66394,1,351.4,1,35.316,1,15.445,1,351.4,1,15.445,1,35.316,1
5905612,2025-10-12T00:47:20Z,1,-26.4446,155.66394,1,353.2,1,35.314,1,15.439,1,353.2,1,15.439,1,35.314,1
5905612,2025-10-12T00:47:20Z,1,-26.4446,155.66394,1,355.5,1,35.304,1,15.388,1,355.5,1,15.388,1,35.304,1
5905612,2025-10-12T00:47:20Z,1,-26.4446,155.66394,1,357.7,1,35.293,1,15.244,1,357.7,1,15.244,1,35.293,1
5905612,2025-10-12T00:47:20Z,1,-26.4446,155.66394,1,359.5,1,35.288,1,15.199,1,359.5,1,15.199,1,35.288,1
5905612,2025-10-12T00:47:20Z,1,-26.4446,155.66394,1,361.4,1,35.282,1,15.138,1,361.4,1,15.138,1,35.282,1
5905612,2025-10-12T00:47:20Z,1,-26.4446,155.66394,1,363.4,1,35.28,1,15.116,1,363.4,1,15.116,1,35.28,1
5905612,2025-10-12T00:47:20Z,1,-26.4446,155.66394,1,365.3,1,35.277,1,15.073,1,365.3,1,15.073,1,35.277,1
5905612,2025-10-12T00:47:20Z,1,-26.4446,155.66394,1,367.2,1,35.27,1,15.024,1,367.2,1,15.024,1,35.27,1
5905612,2025-10-12T00:47:20Z,1,-26.4446,155.66394,1,369.1,1,35.263,1,14.949,1,369.1,1,14.949,1,35.263,1
5905612,2025-10-12T00:47:20Z,1,-26.4446,155.66394,1,371.1,1,35.261,1,14.925,1,371.1,1,14.925,1,35.261,1
5905612,2025-10-12T00:47:20Z,1,-26.4446,155.66394,1,373.4,1,35.256,1,14.88,1,373.4,1,14.88,1,35.256,1
5905612,2025-10-12T00:47:20Z,1,-26.4446,155.66394,1,375.8,1,35.253,1,14.82,1,375.8,1,14.82,1,35.253,1
5905612,2025-10-12T00:47:20Z,1,-26.4446,155.66394,1,377.8,1,35.247,1,14.77,1,377.8,1,14.77,1,35.247,1
5905612,2025-10-12T00:47:20Z,1,-26.4446,155.66394,1,379.7,1,35.234,1,14.654,1,379.7,1,14.654,1,35.234,1
5905612,2025-10-12T00:47:20Z,1,-26.4446,155.66394,1,381.6,1,35.226,1,14.602,1,381.6,1,14.602,1,35.226,1
5905612,2025-10-12T00:47:20Z,1,-26.4446,155.66394,1,383.5,1,35.224,1,14.578,1,383.5,1,14.578,1,35.224,1
5905612,2025-10-12T00:47:20Z,1,-26.4446,155.66394,1,385.5,1,35.225,1,14.558,1,385.5,1,14.558,1,35.225,1
5905612,2025-10-12T00:47:20Z,1,-26.4446,155.66394,1,387.5,1,35.222,1,14.504,1,387.5,1,14.504,1,35.222,1
5905612,2025-10-12T00:47:20Z,1,-26.4446,155.66394,1,389.4,1,35.22,1,14.489,1,389.4,1,14.489,1,35.22,1
5905612,2025-10-12T00:47:20Z,1,-26.4446,155.66394,1,391.4,1,35.219,1,14.457,1,391.4,1,14.457,1,35.219,1
5905612,2025-10-12T00:47:20Z,1,-26.4446,155.66394,1,393.4,1,35.214,1,14.405,1,393.4,1,14.405,1,35.214,1
5905612,2025-10-12T00:47:20Z,1,-26.4446,155.66394,1,395.4,1,35.211,1,14.391,1,395.4,1,14.391,1,35.211,1
5905612,2025-10-12T00:47:20Z,1,-26.4446,155.66394,1,397.3,1,35.209,1,14.384,1,397.3,1,14.384,1,35.209,1
5905612,2025-10-12T00:47:20Z,1,-26.4446,155.66394,1,399.3,1,35.206,1,14.337,1,399.3,1,14.337,1,35.206,1
5905612,2025-10-12T00:47:20Z,1,-26.4446,155.66394,1,401.3,1,35.202,1,14.293,1,401.3,1,14.293,1,35.202,1
5905612,2025-10-12T00:47:20Z,1,-26.4446,155.66394,1,403.2,1,35.198,1,14.262,1,403.2,1,14.262,1,35.198,1
5905612,2025-10-12T00:47:20Z,1,-26.4446,155.66394,1,405.2,1,35.195,1,14.234,1,405.2,1,14.234,1,35.195,1
5905612,2025-10-12T00:47:20Z,1,-26.4446,155.66394,1,407.2,1,35.192,1,14.217,1,407.2,1,14.217,1,35.192,1
5905612,2025-10-12T00:47:20Z,1,-26.4446,155.66394,1,409.2,1,35.191,1,14.173,1,409.2,1,14.173,1,35.191,1
5905612,2025-10-12T00:47:20Z,1,-26.4446,155.66394,1,411.1,1,35.179,1,14.085,1,411.1,1,14.085,1,35.179,1
5905612,2025-10-12T00:47:20Z,1,-26.4446,155.66394,1,413.5,1,35.174,1,14.038,1,413.5,1,14.038,1,35.174,1
5905612,2025-10-12T00:47:20Z,1,-26.4446,155.66394,1,415.7,1,35.169,1,13.974,1,415.7,1,13.974,1,35.169,1
5905612,2025-10-12T00:47:20Z,1,-26.4446,155.66394,1,417.6,1,35.16,1,13.91,1,417.6,1,13.91,1,35.16,1
5905612,2025-10-12T00:47:20Z,1,-26.4446,155.66394,1,419.4,1,35.153,1,13.82,1,419.4,1,13.82,1,35.153,1
5905612,2025-10-12T00:47:20Z,1,-26.4446,155.66394,1,421.3,1,35.15,1,13.783,1,421.3,1,13.783,1,35.15,1
5905612,2025-10-12T00:47:20Z,1,-26.4446,155.66394,1,423.1,1,35.143,1,13.688,1,423.1,1,13.688,1,35.143,1
5905612,2025-10-12T00:47:20Z,1,-26.4446,155.66394,1,425.4,1,35.127,1,13.591,1,425.4,1,13.591,1,35.127,1
5905612,2025-10-12T00:47:20Z,1,-26.4446,155.66394,1,427.8,1,35.124,1,13.53,1,427.8,1,13.53,1,35.124,1
5905612,2025-10-12T00:47:20Z,1,-26.4446,155.66394,1,429.7,1,35.122,1,13.521,1,429.7,1,13.521,1,35.122,1
5905612,2025-10-12T00:47:20Z,1,-26.4446,155.66394,1,431.6,1,35.12,1,13.488,1,431.6,1,13.488,1,35.12,1
5905612,2025-10-12T00:47:20Z,1,-26.4446,155.66394,1,433.6,1,35.118,1,13.416,1,433.6,1,13.416,1,35.118,1
5905612,2025-10-12T00:47:20Z,1,-26.4446,155.66394,1,435.5,1,35.105,1,13.324,1,435.5,1,13.324,1,35.105,1
5905612,2025-10-12T00:47:20Z,1,-26.4446,155.66394,1,437.5,1,35.103,1,13.297,1,437.5,1,13.297,1,35.103,1
5905612,2025-10-12T00:47:20Z,1,-26.4446,155.66394,1,439.5,1,35.097,1,13.186,1,439.5,1,13.186,1,35.097,1
5905612,2025-10-12T00:47:20Z,1,-26.4446,155.66394,1,441.6,1,35.08,1,13.106,1,441.6,1,13.106,1,35.08,1
5905612,2025-10-12T00:47:20Z,1,-26.4446,155.66394,1,443.4,1,35.071,1,13.065,1,443.4,1,13.065,1,35.071,1
5905612,2025-10-12T00:47:20Z,1,-26.4446,155.66394,1,445.4,1,35.057,1,12.946,1,445.4,1,12.946,1,35.057,1
5905612,2025-10-12T00:47:20Z,1,-26.4446,155.66394,1,447.6,1,35.048,1,12.87,1,447.6,1,12.87,1,35.048,1
5905612,2025-10-12T00:47:20Z,1,-26.4446,155.66394,1,449.6,1,35.044,1,12.836,1,449.6,1,12.836,1,35.044,1
5905612,2025-10-12T00:47:20Z,1,-26.4446,155.66394,1,451.5,1,35.037,1,12.791,1,451.5,1,12.791,1,35.037,1
5905612,2025-10-12T00:47:20Z,1,-26.4446,155.66394,1,453.4,1,35.036,1,12.756,1,453.4,1,12.756,1,35.036,1
5905612,2025-10-12T00:47:20Z,1,-26.4446,155.66394,1,455.4,1,35.033,1,12.734,1,455.4,1,12.734,1,35.033,1
5905612,2025-10-12T00:47:20Z,1,-26.4446,155.66394,1,457.4,1,35.029,1,12.679,1,457.4,1,12.679,1,35.029,1
5905612,2025-10-12T00:47:20Z,1,-26.4446,155.66394,1,459.4,1,35.02,1,12.6,1,459.4,1,12.6,1,35.02,1
5905612,2025-10-12T00:47:20Z,1,-26.4446,155.66394,1,461.4,1,35.032,1,12.597,1,461.4,1,12.597,1,35.032,1
5905612,2025-10-12T00:47:20Z,1,-26.4446,155.66394,1,463.4,1,35.019,1,12.501,1,463.4,1,12.501,1,35.019,1
5905612,2025-10-12T00:47:20Z,1,-26.4446,155.66394,1,465.5,1,35.011,1,12.45,1,465.5,1,12.45,1,35.011,1
5905612,2025-10-12T00:47:20Z,1,-26.4446,155.66394,1,467.5,1,35.007,1,12.391,1,467.5,1,12.391,1,35.007,1
5905612,2025-10-12T00:47:20Z,1,-26.4446,155.66394,1,469.6,1,35.0,1,12.333,1,469.6,1,12.333,1,35.0,1
5905612,2025-10-12T00:47:20Z,1,-26.4446,155.66394,1,471.3,1,34.994,1,12.304,1,471.3,1,12.304,1,34.994,1
5905612,2025-10-12T00:47:20Z,1,-26.4446,155.66394,1,473.4,1,34.99,1,12.275,1,473.4,1,12.275,1,34.99,1
5905612,2025-10-12T00:47:20Z,1,-26.4446,155.66394,1,475.5,1,34.99,1,12.271,1,475.5,1,12.271,1,34.99,1
5905612,2025-10-12T00:47:20Z,1,-26.4446,155.66394,1,477.5,1,34.986,1,12.252,1,477.5,1,12.252,1,34.986,1
5905612,2025-10-12T00:47:20Z,1,-26.4446,155.66394,1,479.6,1,34.983,1,12.232,1,479.6,1,12.232,1,34.983,1
5905612,2025-10-12T00:47:20Z,1,-26.4446,155.66394,1,481.2,1,34.982,1,12.198,1,481.2,1,12.198,1,34.982,1
5905612,2025-10-12T00:47:20Z,1,-26.4446,155.66394,1,483.3,1,34.98,1,12.157,1,483.3,1,12.157,1,34.98,1
5905612,2025-10-12T00:47:20Z,1,-26.4446,155.66394,1,485.4,1,34.977,1,12.12,1,485.4,1,12.12,1,34.977,1
5905612,2025-10-12T00:47:20Z,1,-26.4446,155.66394,1,487.5,1,34.975,1,12.107,1,487.5,1,12.107,1,34.975,1
5905612,2025-10-12T00:47:20Z,1,-26.4446,155.66394,1,489.6,1,34.968,1,12.036,1,489.6,1,12.036,1,34.968,1
5905612,2025-10-12T00:47:20Z,1,-26.4446,155.66394,1,491.3,1,34.971,1,12.017,1,491.3,1,12.017,1,34.971,1
5905612,2025-10-12T00:47:20Z,1,-26.4446,155.66394,1,493.4,1,34.964,1,11.985,1,493.4,1,11.985,1,34.964,1
5905612,2025-10-12T00:47:20Z,1,-26.4446,155.66394,1,495.5,1,34.946,1,11.845,1,495.5,1,11.845,1,34.946,1
5905612,2025-10-12T00:47:20Z,1,-26.4446,155.66394,1,497.2,1,34.941,1,11.793,1,497.2,1,11.793,1,34.941,1
5905612,2025-10-12T00:47:20Z,1,-26.4446,155.66394,1,499.3,1,34.926,1,11.671,1,499.3,1,11.671,1,34.926,1
5905612,2025-10-12T00:47:20Z,1,-26.4446,155.66394,1,501.5,1,34.926,1,11.633,1,501.5,1,11.633,1,34.926,1
5905612,2025-10-12T00:47:20Z,1,-26.4446,155.66394,1,503.3,1,34.922,1,11.626,1,503.3,1,11.626,1,34.922,1
5905612,2025-10-12T00:47:20Z,1,-26.4446,155.66394,1,505.0,1,34.939,1,11.689,1,505.0,1,11.689,1,34.939,1
5905612,2025-10-12T00:47:20Z,1,-26.4446,155.66394,1,507.3,1,34.945,1,11.681,1,507.3,1,11.681,1,34.945,1
5905612,2025-10-12T00:47:20Z,1,-26.4446,155.66394,1,509.5,1,34.947,1,11.687,1,509.5,1,11.687,1,34.947,1
5905612,2025-10-12T00:47:20Z,1,-26.4446,155.66394,1,511.3,1,34.948,1,11.691,1,511.3,1,11.691,1,34.948,1
5905612,2025-10-12T00:47:20Z,1,-26.4446,155.66394,1,513.5,1,34.938,1,11.58,1,513.5,1,11.58,1,34.938,1
5905612,2025-10-12T00:47:20Z,1,-26.4446,155.66394,1,515.7,1,34.915,1,11.496,1,515.7,1,11.496,1,34.915,1
5905612,2025-10-12T00:47:20Z,1,-26.4446,155.66394,1,517.5,1,34.903,1,11.46,1,517.5,1,11.46,1,34.903,1
5905612,2025-10-12T00:47:20Z,1,-26.4446,155.66394,1,519.3,1,34.901,1,11.437,1,519.3,1,11.437,1,34.901,1
5905612,2025-10-12T00:47:20Z,1,-26.4446,155.66394,1,521.5,1,34.897,1,11.402,1,521.5,1,11.402,1,34.897,1
5905612,2025-10-12T00:47:20Z,1,-26.4446,155.66394,1,523.7,1,34.891,1,11.37,1,523.7,1,11.37,1,34.891,1
5905612,2025-10-12T00:47:20Z,1,-26.4446,155.66394,1,525.5,1,34.887,1,11.334,1,525.5,1,11.334,1,34.887,1
5905612,2025-10-12T00:47:20Z,1,-26.4446,155.66394,1,527.3,1,34.884,1,11.31,1,527.3,1,11.31,1,34.884,1
5905612,2025-10-12T00:47:20Z,1,-26.4446,155.66394,1,529.5,1,34.892,1,11.333,1,529.5,1,11.333,1,34.892,1
5905612,2025-10-12T00:47:20Z,1,-26.4446,155.66394,1,531.7,1,34.884,1,11.274,1,531.7,1,11.274,1,34.884,1
5905612,2025-10-12T00:47:20Z,1,-26.4446,155.66394,1,533.5,1,34.882,1,11.27,1,533.5,1,11.27,1,34.882,1
5905612,2025-10-12T00:47:20Z,1,-26.4446,155.66394,1,535.3,1,34.881,1,11.258,1,535.3,1,11.258,1,34.881,1
5905612,2025-10-12T00:47:20Z,1,-26.4446,155.66394,1,537.1,1,34.888,1,11.182,1,537.1,1,11.182,1,34.888,1
5905612,2025-10-12T00:47:20Z,1,-26.4446,155.66394,1,539.5,1,34.871,1,11.123,1,539.5,1,11.123,1,34.871,1
5905612,2025-10-12T00:47:20Z,1,-26.4446,155.66394,1,541.8,1,34.869,1,11.101,1,541.8,1,11.101,1,34.869,1
5905612,2025-10-12T00:47:20Z,1,-26.4446,155.66394,1,543.7,1,34.882,1,11.124,1,543.7,1,11.124,1,34.882,1
5905612,2025-10-12T00:47:20Z,1,-26.4446,155.66394,1,545.7,1,34.878,1,11.076,1,545.7,1,11.076,1,34.878,1
5905612,2025-10-12T00:47:20Z,1,-26.4446,155.66394,1,547.6,1,34.866,1,11.027,1,547.6,1,11.027,1,34.866,1
5905612,2025-10-12T00:47:20Z,1,-26.4446,155.66394,1,549.4,1,34.861,1,10.962,1,549.4,1,10.962,1,34.861,1
5905612,2025-10-12T00:47:20Z,1,-26.4446,155.66394,1,551.2,1,34.857,1,10.923,1,551.2,1,10.923,1,34.857,1
5905612,2025-10-12T00:47:20Z,1,-26.4446,155.66394,1,553.5,1,34.855,1,10.895,1,553.5,1,10.895,1,34.855,1
5905612,2025-10-12T00:47:20Z,1,-26.4446,155.66394,1,555.8,1,34.848,1,10.836,1,555.8,1,10.836,1,34.848,1
5905612,2025-10-12T00:47:20Z,1,-26.4446,155.66394,1,557.6,1,34.839,1,10.816,1,557.6,1,10.816,1,34.839,1
5905612,2025-10-12T00:47:20Z,1,-26.4446,155.66394,1,559.4,1,34.837,1,10.793,1,559.4,1,10.793,1,34.837,1
5905612,2025-10-12T00:47:20Z,1,-26.4446,155.66394,1,561.2,1,34.832,1,10.769,1,561.2,1,10.769,1,34.832,1
5905612,2025-10-12T00:47:20Z,1,-26.4446,155.66394,1,563.4,1,34.838,1,10.766,1,563.4,1,10.766,1,34.838,1
5905612,2025-10-12T00:47:20Z,1,-26.4446,155.66394,1,565.6,1,34.836,1,10.741,1,565.6,1,10.741,1,34.836,1
5905612,2025-10-12T00:47:20Z,1,-26.4446,155.66394,1,567.5,1,34.83,1,10.675,1,567.5,1,10.675,1,34.83,1
5905612,2025-10-12T00:47:20Z,1,-26.4446,155.66394,1,569.3,1,34.825,1,10.644,1,569.3,1,10.644,1,34.825,1
5905612,2025-10-12T00:47:20Z,1,-26.4446,155.66394,1,571.1,1,34.823,1,10.622,1,571.1,1,10.622,1,34.823,1
5905612,2025-10-12T00:47:20Z,1,-26.4446,155.66394,1,573.4,1,34.816,1,10.577,1,573.4,1,10.577,1,34.816,1
5905612,2025-10-12T00:47:20Z,1,-26.4446,155.66394,1,575.8,1,34.815,1,10.565,1,575.8,1,10.565,1,34.815,1
5905612,2025-10-12T00:47:20Z,1,-26.4446,155.66394,1,577.6,1,34.815,1,10.561,1,577.6,1,10.561,1,34.815,1
5905612,2025-10-12T00:47:20Z,1,-26.4446,155.66394,1,579.4,1,34.812,1,10.54,1,579.4,1,10.54,1,34.812,1
5905612,2025-10-12T00:47:20Z,1,-26.4446,155.66394,1,581.2,1,34.809,1,10.505,1,581.2,1,10.505,1,34.809,1
5905612,2025-10-12T00:47:20Z,1,-26.4446,155.66394,1,583.5,1,34.806,1,10.493,1,583.5,1,10.493,1,34.806,1
5905612,2025-10-12T00:47:20Z,1,-26.4446,155.66394,1,585.7,1,34.803,1,10.485,1,585.7,1,10.485,1,34.803,1
5905612,2025-10-12T00:47:20Z,1,-26.4446,155.66394,1,587.4,1,34.802,1,10.461,1,587.4,1,10.461,1,34.802,1
5905612,2025-10-12T00:47:20Z,1,-26.4446,155.66394,1,589.2,1,34.798,1,10.429,1,589.2,1,10.429,1,34.798,1
5905612,2025-10-12T00:47:20Z,1,-26.4446,155.66394,1,591.4,1,34.796,1,10.393,1,591.4,1,10.393,1,34.796,1
5905612,2025-10-12T00:47:20Z,1,-26.4446,155.66394,1,593.6,1,34.791,1,10.334,1,593.6,1,10.334,1,34.791,1
5905612,2025-10-12T00:47:20Z,1,-26.4446,155.66394,1,595.4,1,34.79,1,10.294,1,595.4,1,10.294,1,34.79,1
5905612,2025-10-12T00:47:20Z,1,-26.4446,155.66394,1,597.2,1,34.785,1,10.241,1,597.2,1,10.241,1,34.785,1
5905612,2025-10-12T00:47:20Z,1,-26.4446,155.66394,1,599.5,1,34.779,1,10.227,1,599.5,1,10.227,1,34.779,1
5905612,2025-10-12T00:47:20Z,1,-26.4446,155.66394,1,601.7,1,34.777,1,10.19,1,601.7,1,10.19,1,34.777,1
5905612,2025-10-12T00:47:20Z,1,-26.4446,155.66394,1,603.5,1,34.764,1,10.065,1,603.5,1,10.065,1,34.764,1
5905612,2025-10-12T00:47:20Z,1,-26.4446,155.66394,1,605.4,1,34.757,1,10.023,1,605.4,1,10.023,1,34.757,1
5905612,2025-10-12T00:47:20Z,1,-26.4446,155.66394,1,607.3,1,34.756,1,10.007,1,607.3,1,10.007,1,34.756,1
5905612,2025-10-12T00:47:20Z,1,-26.4446,155.66394,1,609.1,1,34.754,1,9.986,1,609.1,1,9.986,1,34.754,1
5905612,2025-10-12T00:47:20Z,1,-26.4446,155.66394,1,611.4,1,34.748,1,9.921,1,611.4,1,9.921,1,34.748,1
5905612,2025-10-12T00:47:20Z,1,-26.4446,155.66394,1,613.7,1,34.739,1,9.843,1,613.7,1,9.843,1,34.739,1
5905612,2025-10-12T00:47:20Z,1,-26.4446,155.66394,1,615.6,1,34.735,1,9.813,1,615.6,1,9.813,1,34.735,1
5905612,2025-10-12T00:47:20Z,1,-26.4446,155.66394,1,617.4,1,34.734,1,9.796,1,617.4,1,9.796,1,34.734,1
5905612,2025-10-12T00:47:20Z,1,-26.4446,155.66394,1,619.2,1,34.729,1,9.746,1,619.2,1,9.746,1,34.729,1
5905612,2025-10-12T00:47:20Z,1,-26.4446,155.66394,1,621.1,1,34.726,1,9.699,1,621.1,1,9.699,1,34.726,1
5905612,2025-10-12T00:47:20Z,1,-26.4446,155.66394,1,623.4,1,34.722,1,9.694,1,623.4,1,9.694,1,34.722,1
5905612,2025-10-12T00:47:20Z,1,-26.4446,155.66394,1,625.7,1,34.716,1,9.667,1,625.7,1,9.667,1,34.716,1
5905612,2025-10-12T00:47:20Z,1,-26.4446,155.66394,1,627.6,1,34.711,1,9.621,1,627.6,1,9.621,1,34.711,1
5905612,2025-10-12T00:47:20Z,1,-26.4446,155.66394,1,629.5,1,34.698,1,9.509,1,629.5,1,9.509,1,34.698,1
5905612,2025-10-12T00:47:20Z,1,-26.4446,155.66394,1,631.3,1,34.692,1,9.486,1,631.3,1,9.486,1,34.692,1
5905612,2025-10-12T00:47:20Z,1,-26.4446,155.66394,1,633.1,1,34.69,1,9.473,1,633.1,1,9.473,1,34.69,1
5905612,2025-10-12T00:47:20Z,1,-26.4446,155.66394,1,635.4,1,34.688,1,9.455,1,635.4,1,9.455,1,34.688,1
5905612,2025-10-12T00:47:20Z,1,-26.4446,155.66394,1,637.7,1,34.684,1,9.436,1,637.7,1,9.436,1,34.684,1
5905612,2025-10-12T00:47:20Z,1,-26.4446,155.66394,1,639.5,1,34.677,1,9.375,1,639.5,1,9.375,1,34.677,1
5905612,2025-10-12T00:47:20Z,1,-26.4446,155.66394,1,641.4,1,34.667,1,9.322,1,641.4,1,9.322,1,34.667,1
5905612,2025-10-12T00:47:20Z,1,-26.4446,155.66394,1,643.2,1,34.665,1,9.302,1,643.2,1,9.302,1,34.665,1
5905612,2025-10-12T00:47:20Z,1,-26.4446,155.66394,1,645.5,1,34.651,1,9.181,1,645.5,1,9.181,1,34.651,1
5905612,2025-10-12T00:47:20Z,1,-26.4446,155.66394,1,647.8,1,34.639,1,9.112,1,647.8,1,9.112,1,34.639,1
5905612,2025-10-12T00:47:20Z,1,-26.4446,155.66394,1,649.6,1,34.635,1,9.089,1,649.6,1,9.089,1,34.635,1
5905612,2025-10-12T00:47:20Z,1,-26.4446,155.66394,1,651.5,1,34.627,1,9.025,1,651.5,1,9.025,1,34.627,1
5905612,2025-10-12T00:47:20Z,1,-26.4446,155.66394,1,653.3,1,34.626,1,9.003,1,653.3,1,9.003,1,34.626,1
5905612,2025-10-12T00:47:20Z,1,-26.4446,155.66394,1,655.2,1,34.626,1,9.001,1,655.2,1,9.001,1,34.626,1
5905612,2025-10-12T00:47:20Z,1,-26.4446,155.66394,1,657.1,1,34.629,1,8.98,1,657.1,1,8.98,1,34.629,1
5905612,2025-10-12T00:47:20Z,1,-26.4446,155.66394,1,659.4,1,34.625,1,8.933,1,659.4,1,8.933,1,34.625,1
5905612,2025-10-12T00:47:20Z,1,-26.4446,155.66394,1,661.7,1,34.622,1,8.913,1,661.7,1,8.913,1,34.622,1
5905612,2025-10-12T00:47:20Z,1,-26.4446,155.66394,1,663.5,1,34.622,1,8.895,1,663.5,1,8.895,1,34.622,1
5905612,2025-10-12T00:47:20Z,1,-26.4446,155.66394,1,665.4,1,34.624,1,8.886,1,665.4,1,8.886,1,34.624,1
5905612,2025-10-12T00:47:20Z,1,-26.4446,155.66394,1,667.3,1,34.623,1,8.868,1,667.3,1,8.868,1,34.623,1
5905612,2025-10-12T00:47:20Z,1,-26.4446,155.66394,1,669.1,1,34.623,1,8.851,1,669.1,1,8.851,1,34.623,1
5905612,2025-10-12T00:47:20Z,1,-26.4446,155.66394,1,671.4,1,34.62,1,8.815,1,671.4,1,8.815,1,34.62,1
5905612,2025-10-12T00:47:20Z,1,-26.4446,155.66394,1,673.6,1,34.619,1,8.788,1,673.6,1,8.788,1,34.619,1
5905612,2025-10-12T00:47:20Z,1,-26.4446,155.66394,1,675.5,1,34.621,1,8.778,1,675.5,1,8.778,1,34.621,1
5905612,2025-10-12T00:47:20Z,1,-26.4446,155.66394,1,677.3,1,34.619,1,8.764,1,677.3,1,8.764,1,34.619,1
5905612,2025-10-12T00:47:20Z,1,-26.4446,155.66394,1,679.2,1,34.619,1,8.72,1,679.2,1,8.72,1,34.619,1
5905612,2025-10-12T00:47:20Z,1,-26.4446,155.66394,1,681.1,1,34.614,1,8.711,1,681.1,1,8.711,1,34.614,1
5905612,2025-10-12T00:47:20Z,1,-26.4446,155.66394,1,683.4,1,34.612,1,8.654,1,683.4,1,8.654,1,34.612,1
5905612,2025-10-12T00:47:20Z,1,-26.4446,155.66394,1,685.7,1,34.609,1,8.619,1,685.7,1,8.619,1,34.609,1
5905612,2025-10-12T00:47:20Z,1,-26.4446,155.66394,1,687.6,1,34.605,1,8.602,1,687.6,1,8.602,1,34.605,1
5905612,2025-10-12T00:47:20Z,1,-26.4446,155.66394,1,689.4,1,34.604,1,8.599,1,689.4,1,8.599,1,34.604,1
5905612,2025-10-12T00:47:20Z,1,-26.4446,155.66394,1,691.4,1,34.603,1,8.588,1,691.4,1,8.588,1,34.603,1
5905612,2025-10-12T00:47:20Z,1,-26.4446,155.66394,1,693.2,1,34.602,1,8.562,1,693.2,1,8.562,1,34.602,1
5905612,2025-10-12T00:47:20Z,1,-26.4446,155.66394,1,695.1,1,34.596,1,8.524,1,695.1,1,8.524,1,34.596,1
5905612,2025-10-12T00:47:20Z,1,-26.4446,155.66394,1,697.1,1,34.594,1,8.487,1,697.1,1,8.487,1,34.594,1
5905612,2025-10-12T00:47:20Z,1,-26.4446,155.66394,1,699.4,1,34.59,1,8.449,1,699.4,1,8.449,1,34.59,1
5905612,2025-10-12T00:47:20Z,1,-26.4446,155.66394,1,701.8,1,34.584,1,8.384,1,701.8,1,8.384,1,34.584,1
5905612,2025-10-12T00:47:20Z,1,-26.4446,155.66394,1,703.7,1,34.581,1,8.372,1,703.7,1,8.372,1,34.581,1
5905612,2025-10-12T00:47:20Z,1,-26.4446,155.66394,1,705.6,1,34.578,1,8.356,1,705.6,1,8.356,1,34.578,1
5905612,2025-10-12T00:47:20Z,1,-26.4446,155.66394,1,707.6,1,34.579,1,8.334,1,707.6,1,8.334,1,34.579,1
5905612,2025-10-12T00:47:20Z,1,-26.4446,155.66394,1,709.5,1,34.576,1,8.322,1,709.5,1,8.322,1,34.576,1
5905612,2025-10-12T00:47:20Z,1,-26.4446,155.66394,1,711.5,1,34.575,1,8.298,1,711.5,1,8.298,1,34.575,1
5905612,2025-10-12T00:47:20Z,1,-26.4446,155.66394,1,713.4,1,34.572,1,8.268,1,713.4,1,8.268,1,34.572,1
5905612,2025-10-12T00:47:20Z,1,-26.4446,155.66394,1,715.4,1,34.57,1,8.255,1,715.4,1,8.255,1,34.57,1
5905612,2025-10-12T00:47:20Z,1,-26.4446,155.66394,1,717.4,1,34.569,1,8.244,1,717.4,1,8.244,1,34.569,1
5905612,2025-10-12T00:47:20Z,1,-26.4446,155.66394,1,719.4,1,34.568,1,8.224,1,719.4,1,8.224,1,34.568,1
5905612,2025-10-12T00:47:20Z,1,-26.4446,155.66394,1,721.3,1,34.565,1,8.196,1,721.3,1,8.196,1,34.565,1
5905612,2025-10-12T00:47:20Z,1,-26.4446,155.66394,1,723.3,1,34.563,1,8.165,1,723.3,1,8.165,1,34.563,1
5905612,2025-10-12T00:47:20Z,1,-26.4446,155.66394,1,725.3,1,34.561,1,8.119,1,725.3,1,8.119,1,34.561,1
5905612,2025-10-12T00:47:20Z,1,-26.4446,155.66394,1,727.3,1,34.554,1,8.077,1,727.3,1,8.077,1,34.554,1
5905612,2025-10-12T00:47:20Z,1,-26.4446,155.66394,1,729.3,1,34.551,1,8.048,1,729.3,1,8.048,1,34.551,1
5905612,2025-10-12T00:47:20Z,1,-26.4446,155.66394,1,731.4,1,34.55,1,8.008,1,731.4,1,8.008,1,34.55,1
5905612,2025-10-12T00:47:20Z,1,-26.4446,155.66394,1,733.4,1,34.543,1,7.958,1,733.4,1,7.958,1,34.543,1
5905612,2025-10-12T00:47:20Z,1,-26.4446,155.66394,1,735.4,1,34.54,1,7.919,1,735.4,1,7.919,1,34.54,1
5905612,2025-10-12T00:47:20Z,1,-26.4446,155.66394,1,737.5,1,34.537,1,7.868,1,737.5,1,7.868,1,34.537,1
5905612,2025-10-12T00:47:20Z,1,-26.4446,155.66394,1,739.5,1,34.534,1,7.849,1,739.5,1,7.849,1,34.534,1
5905612,2025-10-12T00:47:20Z,1,-26.4446,155.66394,1,741.6,1,34.533,1,7.838,1,741.6,1,7.838,1,34.533,1
5905612,2025-10-12T00:47:20Z,1,-26.4446,155.66394,1,743.7,1,34.53,1,7.8,1,743.7,1,7.8,1,34.53,1
5905612,2025-10-12T00:47:20Z,1,-26.4446,155.66394,1,745.8,1,34.528,1,7.761,1,745.8,1,7.761,1,34.528,1
5905612,2025-10-12T00:47:20Z,1,-26.4446,155.66394,1,747.9,1,34.523,1,7.701,1,747.9,1,7.701,1,34.523,1
5905612,2025-10-12T00:47:20Z,1,-26.4446,155.66394,1,749.5,1,34.52,1,7.67,1,749.5,1,7.67,1,34.52,1
5905612,2025-10-12T00:47:20Z,1,-26.4446,155.66394,1,751.1,1,34.52,1,7.645,1,751.1,1,7.645,1,34.52,1
5905612,2025-10-12T00:47:20Z,1,-26.4446,155.66394,1,753.1,1,34.519,1,7.639,1,753.1,1,7.639,1,34.519,1
5905612,2025-10-12T00:47:20Z,1,-26.4446,155.66394,1,755.3,1,34.518,1,7.597,1,755.3,1,7.597,1,34.518,1
5905612,2025-10-12T00:47:20Z,1,-26.4446,155.66394,1,757.4,1,34.516,1,7.588,1,757.4,1,7.588,1,34.516,1
5905612,2025-10-12T00:47:20Z,1,-26.4446,155.66394,1,759.6,1,34.515,1,7.582,1,759.6,1,7.582,1,34.515,1
5905612,2025-10-12T00:47:20Z,1,-26.4446,155.66394,1,761.7,1,34.514,1,7.572,1,761.7,1,7.572,1,34.514,1
5905612,2025-10-12T00:47:20Z,1,-26.4446,155.66394,1,763.4,1,34.514,1,7.562,1,763.4,1,7.562,1,34.514,1
5905612,2025-10-12T00:47:20Z,1,-26.4446,155.66394,1,765.0,1,34.512,1,7.554,1,765.0,1,7.554,1,34.512,1
5905612,2025-10-12T00:47:20Z,1,-26.4446,155.66394,1,767.2,1,34.511,1,7.53,1,767.2,1,7.53,1,34.511,1
5905612,2025-10-12T00:47:20Z,1,-26.4446,155.66394,1,769.3,1,34.509,1,7.508,1,769.3,1,7.508,1,34.509,1
5905612,2025-10-12T00:47:20Z,1,-26.4446,155.66394,1,771.5,1,34.508,1,7.495,1,771.5,1,7.495,1,34.508,1
5905612,2025-10-12T00:47:20Z,1,-26.4446,155.66394,1,773.7,1,34.507,1,7.474,1,773.7,1,7.474,1,34.507,1
5905612,2025-10-12T00:47:20Z,1,-26.4446,155.66394,1,775.4,1,34.507,1,7.457,1,775.4,1,7.457,1,34.507,1
5905612,2025-10-12T00:47:20Z,1,-26.4446,155.66394,1,777.0,1,34.505,1,7.452,1,777.0,1,7.452,1,34.505,1
5905612,2025-10-12T00:47:20Z,1,-26.4446,155.66394,1,779.1,1,34.503,1,7.42,1,779.1,1,7.42,1,34.503,1
5905612,2025-10-12T00:47:20Z,1,-26.4446,155.66394,1,781.3,1,34.5,1,7.396,1,781.3,1,7.396,1,34.5,1
5905612,2025-10-12T00:47:20Z,1,-26.4446,155.66394,1,783.5,1,34.499,1,7.377,1,783.5,1,7.377,1,34.499,1
5905612,2025-10-12T00:47:20Z,1,-26.4446,155.66394,1,785.6,1,34.497,1,7.349,1,785.6,1,7.349,1,34.497,1
5905612,2025-10-12T00:47:20Z,1,-26.4446,155.66394,1,787.8,1,34.495,1,7.329,1,787.8,1,7.329,1,34.495,1
5905612,2025-10-12T00:47:20Z,1,-26.4446,155.66394,1,789.9,1,34.493,1,7.299,1,789.9,1,7.299,1,34.493,1
5905612,2025-10-12T00:47:20Z,1,-26.4446,155.66394,1,791.5,1,34.492,1,7.278,1,791.5,1,7.278,1,34.492,1
5905612,2025-10-12T00:47:20Z,1,-26.4446,155.66394,1,793.1,1,34.489,1,7.262,1,793.1,1,7.262,1,34.489,1
5905612,2025-10-12T00:47:20Z,1,-26.4446,155.66394,1,795.2,1,34.489,1,7.253,1,795.2,1,7.253,1,34.489,1
5905612,2025-10-12T00:47:20Z,1,-26.4446,155.66394,1,797.3,1,34.489,1,7.247,1,797.3,1,7.247,1,34.489,1
5905612,2025-10-12T00:47:20Z,1,-26.4446,155.66394,1,799.4,1,34.487,1,7.224,1,799.4,1,7.224,1,34.487,1
5905612,2025-10-12T00:47:20Z,1,-26.4446,155.66394,1,801.5,1,34.485,1,7.202,1,801.5,1,7.202,1,34.485,1
5905612,2025-10-12T00:47:20Z,1,-26.4446,155.66394,1,803.7,1,34.485,1,7.155,1,803.7,1,7.155,1,34.485,1
5905612,2025-10-12T00:47:20Z,1,-26.4446,155.66394,1,805.8,1,34.481,1,7.127,1,805.8,1,7.127,1,34.481,1
5905612,2025-10-12T00:47:20Z,1,-26.4446,155.66394,1,807.5,1,34.48,1,7.116,1,807.5,1,7.116,1,34.48,1
5905612,2025-10-12T00:47:20Z,1,-26.4446,155.66394,1,809.0,1,34.479,1,7.083,1,809.0,1,7.083,1,34.479,1
5905612,2025-10-12T00:47:20Z,1,-26.4446,155.66394,1,811.1,1,34.477,1,7.069,1,811.1,1,7.069,1,34.477,1
5905612,2025-10-12T00:47:20Z,1,-26.4446,155.66394,1,813.2,1,34.476,1,7.029,1,813.2,1,7.029,1,34.476,1
5905612,2025-10-12T00:47:20Z,1,-26.4446,155.66394,1,815.2,1,34.475,1,7.01,1,815.2,1,7.01,1,34.475,1
5905612,2025-10-12T00:47:20Z,1,-26.4446,155.66394,1,817.3,1,34.474,1,6.989,1,817.3,1,6.989,1,34.474,1
5905612,2025-10-12T00:47:20Z,1,-26.4446,155.66394,1,819.3,1,34.472,1,6.954,1,819.3,1,6.954,1,34.472,1
5905612,2025-10-12T00:47:20Z,1,-26.4446,155.66394,1,821.4,1,34.47,1,6.929,1,821.4,1,6.929,1,34.47,1
5905612,2025-10-12T00:47:20Z,1,-26.4446,155.66394,1,823.4,1,34.468,1,6.912,1,823.4,1,6.912,1,34.468,1
5905612,2025-10-12T00:47:20Z,1,-26.4446,155.66394,1,825.4,1,34.467,1,6.868,1,825.4,1,6.868,1,34.467,1
5905612,2025-10-12T00:47:20Z,1,-26.4446,155.66394,1,827.4,1,34.463,1,6.827,1,827.4,1,6.827,1,34.463,1
5905612,2025-10-12T00:47:20Z,1,-26.4446,155.66394,1,829.3,1,34.462,1,6.789,1,829.3,1,6.789,1,34.462,1
5905612,2025-10-12T00:47:20Z,1,-26.4446,155.66394,1,831.3,1,34.461,1,6.754,1,831.3,1,6.754,1,34.461,1
5905612,2025-10-12T00:47:20Z,1,-26.4446,155.66394,1,833.3,1,34.459,1,6.71,1,833.3,1,6.71,1,34.459,1
5905612,2025-10-12T00:47:20Z,1,-26.4446,155.66394,1,835.3,1,34.456,1,6.684,1,835.3,1,6.684,1,34.456,1
5905612,2025-10-12T00:47:20Z,1,-26.4446,155.66394,1,837.3,1,34.456,1,6.663,1,837.3,1,6.663,1,34.456,1
5905612,2025-10-12T00:47:20Z,1,-26.4446,155.66394,1,839.3,1,34.454,1,6.649,1,839.3,1,6.649,1,34.454,1
5905612,2025-10-12T00:47:20Z,1,-26.4446,155.66394,1,841.4,1,34.456,1,6.62,1,841.4,1,6.62,1,34.456,1
5905612,2025-10-12T00:47:20Z,1,-26.4446,155.66394,1,843.4,1,34.452,1,6.603,1,843.4,1,6.603,1,34.452,1
5905612,2025-10-12T00:47:20Z,1,-26.4446,155.66394,1,845.3,1,34.453,1,6.593,1,845.3,1,6.593,1,34.453,1
5905612,2025-10-12T00:47:20Z,1,-26.4446,155.66394,1,847.3,1,34.453,1,6.577,1,847.3,1,6.577,1,34.453,1
5905612,2025-10-12T00:47:20Z,1,-26.4446,155.66394,1,849.4,1,34.451,1,6.567,1,849.4,1,6.567,1,34.451,1
5905612,2025-10-12T00:47:20Z,1,-26.4446,155.66394,1,851.4,1,34.451,1,6.551,1,851.4,1,6.551,1,34.451,1
5905612,2025-10-12T00:47:20Z,1,-26.4446,155.66394,1,853.4,1,34.452,1,6.538,1,853.4,1,6.538,1,34.452,1
5905612,2025-10-12T00:47:20Z,1,-26.4446,155.66394,1,855.5,1,34.452,1,6.516,1,855.5,1,6.516,1,34.452,1
5905612,2025-10-12T00:47:20Z,1,-26.4446,155.66394,1,857.5,1,34.451,1,6.504,1,857.5,1,6.504,1,34.451,1
5905612,2025-10-12T00:47:20Z,1,-26.4446,155.66394,1,859.5,1,34.451,1,6.492,1,859.5,1,6.492,1,34.451,1
5905612,2025-10-12T00:47:20Z,1,-26.4446,155.66394,1,861.6,1,34.451,1,6.485,1,861.6,1,6.485,1,34.451,1
5905612,2025-10-12T00:47:20Z,1,-26.4446,155.66394,1,863.6,1,34.45,1,6.481,1,863.6,1,6.481,1,34.45,1
5905612,2025-10-12T00:47:20Z,1,-26.4446,155.66394,1,865.6,1,34.449,1,6.477,1,865.6,1,6.477,1,34.449,1
5905612,2025-10-12T00:47:20Z,1,-26.4446,155.66394,1,867.6,1,34.451,1,6.454,1,867.6,1,6.454,1,34.451,1
5905612,2025-10-12T00:47:20Z,1,-26.4446,155.66394,1,869.6,1,34.448,1,6.425,1,869.6,1,6.425,1,34.448,1
5905612,2025-10-12T00:47:20Z,1,-26.4446,155.66394,1,871.5,1,34.448,1,6.411,1,871.5,1,6.411,1,34.448,1
5905612,2025-10-12T00:47:20Z,1,-26.4446,155.66394,1,873.5,1,34.448,1,6.406,1,873.5,1,6.406,1,34.448,1
5905612,2025-10-12T00:47:20Z,1,-26.4446,155.66394,1,875.5,1,34.447,1,6.402,1,875.5,1,6.402,1,34.447,1
5905612,2025-10-12T00:47:20Z,1,-26.4446,155.66394,1,877.5,1,34.448,1,6.379,1,877.5,1,6.379,1,34.448,1
5905612,2025-10-12T00:47:20Z,1,-26.4446,155.66394,1,879.5,1,34.445,1,6.349,1,879.5,1,6.349,1,34.445,1
5905612,2025-10-12T00:47:20Z,1,-26.4446,155.66394,1,881.5,1,34.446,1,6.332,1,881.5,1,6.332,1,34.446,1
5905612,2025-10-12T00:47:20Z,1,-26.4446,155.66394,1,883.4,1,34.447,1,6.316,1,883.4,1,6.316,1,34.447,1
5905612,2025-10-12T00:47:20Z,1,-26.4446,155.66394,1,885.6,1,34.446,1,6.306,1,885.6,1,6.306,1,34.446,1
5905612,2025-10-12T00:47:20Z,1,-26.4446,155.66394,1,887.5,1,34.446,1,6.303,1,887.5,1,6.303,1,34.446,1
5905612,2025-10-12T00:47:20Z,1,-26.4446,155.66394,1,889.5,1,34.445,1,6.294,1,889.5,1,6.294,1,34.445,1
5905612,2025-10-12T00:47:20Z,1,-26.4446,155.66394,1,891.4,1,34.444,1,6.28,1,891.4,1,6.28,1,34.444,1
5905612,2025-10-12T00:47:20Z,1,-26.4446,155.66394,1,893.4,1,34.445,1,6.247,1,893.4,1,6.247,1,34.445,1
5905612,2025-10-12T00:47:20Z,1,-26.4446,155.66394,1,895.4,1,34.444,1,6.221,1,895.4,1,6.221,1,34.444,1
5905612,2025-10-12T00:47:20Z,1,-26.4446,155.66394,1,897.4,1,34.441,1,6.18,1,897.4,1,6.18,1,34.441,1
5905612,2025-10-12T00:47:20Z,1,-26.4446,155.66394,1,899.4,1,34.44,1,6.166,1,899.4,1,6.166,1,34.44,1
5905612,2025-10-12T00:47:20Z,1,-26.4446,155.66394,1,901.4,1,34.44,1,6.155,1,901.4,1,6.155,1,34.44,1
5905612,2025-10-12T00:47:20Z,1,-26.4446,155.66394,1,903.5,1,34.438,1,6.138,1,903.5,1,6.138,1,34.438,1
5905612,2025-10-12T00:47:20Z,1,-26.4446,155.66394,1,905.5,1,34.437,1,6.118,1,905.5,1,6.118,1,34.437,1
5905612,2025-10-12T00:47:20Z,1,-26.4446,155.66394,1,907.6,1,34.437,1,6.098,1,907.6,1,6.098,1,34.437,1
5905612,2025-10-12T00:47:20Z,1,-26.4446,155.66394,1,909.3,1,34.436,1,6.052,1,909.3,1,6.052,1,34.436,1
5905612,2025-10-12T00:47:20Z,1,-26.4446,155.66394,1,911.4,1,34.438,1,6.041,1,911.4,1,6.041,1,34.438,1
5905612,2025-10-12T00:47:20Z,1,-26.4446,155.66394,1,913.5,1,34.439,1,6.036,1,913.5,1,6.036,1,34.439,1
5905612,2025-10-12T00:47:20Z,1,-26.4446,155.66394,1,915.6,1,34.439,1,6.004,1,915.6,1,6.004,1,34.439,1
5905612,2025-10-12T00:47:20Z,1,-26.4446,155.66394,1,917.7,1,34.438,1,5.962,1,917.7,1,5.962,1,34.438,1
5905612,2025-10-12T00:47:20Z,1,-26.4446,155.66394,1,919.4,1,34.436,1,5.932,1,919.4,1,5.932,1,34.436,1
5905612,2025-10-12T00:47:20Z,1,-26.4446,155.66394,1,921.2,1,34.433,1,5.919,1,921.2,1,5.919,1,34.433,1
5905612,2025-10-12T00:47:20Z,1,-26.4446,155.66394,1,923.4,1,34.433,1,5.901,1,923.4,1,5.901,1,34.433,1
5905612,2025-10-12T00:47:20Z,1,-26.4446,155.66394,1,925.5,1,34.432,1,5.887,1,925.5,1,5.887,1,34.432,1
5905612,2025-10-12T00:47:20Z,1,-26.4446,155.66394,1,927.3,1,34.431,1,5.882,1,927.3,1,5.882,1,34.431,1
5905612,2025-10-12T00:47:20Z,1,-26.4446,155.66394,1,929.5,1,34.431,1,5.868,1,929.5,1,5.868,1,34.431,1
5905612,2025-10-12T00:47:20Z,1,-26.4446,155.66394,1,931.7,1,34.43,1,5.847,1,931.7,1,5.847,1,34.43,1
5905612,2025-10-12T00:47:20Z,1,-26.4446,155.66394,1,933.5,1,34.429,1,5.834,1,933.5,1,5.834,1,34.429,1
5905612,2025-10-12T00:47:20Z,1,-26.4446,155.66394,1,935.2,1,34.43,1,5.814,1,935.2,1,5.814,1,34.43,1
5905612,2025-10-12T00:47:20Z,1,-26.4446,155.66394,1,937.5,1,34.43,1,5.795,1,937.5,1,5.795,1,34.43,1
5905612,2025-10-12T00:47:20Z,1,-26.4446,155.66394,1,939.7,1,34.43,1,5.789,1,939.7,1,5.789,1,34.43,1
5905612,2025-10-12T00:47:20Z,1,-26.4446,155.66394,1,941.5,1,34.43,1,5.78,1,941.5,1,5.78,1,34.43,1
5905612,2025-10-12T00:47:20Z,1,-26.4446,155.66394,1,943.2,1,34.43,1,5.765,1,943.2,1,5.765,1,34.43,1
5905612,2025-10-12T00:47:20Z,1,-26.4446,155.66394,1,945.5,1,34.432,1,5.749,1,945.5,1,5.749,1,34.432,1
5905612,2025-10-12T00:47:20Z,1,-26.4446,155.66394,1,947.7,1,34.433,1,5.722,1,947.7,1,5.722,1,34.433,1
5905612,2025-10-12T00:47:20Z,1,-26.4446,155.66394,1,949.5,1,34.434,1,5.698,1,949.5,1,5.698,1,34.434,1
5905612,2025-10-12T00:47:20Z,1,-26.4446,155.66394,1,951.3,1,34.433,1,5.686,1,951.3,1,5.686,1,34.433,1
5905612,2025-10-12T00:47:20Z,1,-26.4446,155.66394,1,953.1,1,34.433,1,5.681,1,953.1,1,5.681,1,34.433,1
5905612,2025-10-12T00:47:20Z,1,-26.4446,155.66394,1,955.4,1,34.432,1,5.672,1,955.4,1,5.672,1,34.432,1
5905612,2025-10-12T00:47:20Z,1,-26.4446,155.66394,1,957.6,1,34.432,1,5.66,1,957.6,1,5.66,1,34.432,1
5905612,2025-10-12T00:47:20Z,1,-26.4446,155.66394,1,959.3,1,34.433,1,5.639,1,959.3,1,5.639,1,34.433,1
5905612,2025-10-12T00:47:20Z,1,-26.4446,155.66394,1,961.1,1,34.432,1,5.615,1,961.1,1,5.615,1,34.432,1
5905612,2025-10-12T00:47:20Z,1,-26.4446,155.66394,1,963.4,1,34.432,1,5.607,1,963.4,1,5.607,1,34.432,1
5905612,2025-10-12T00:47:20Z,1,-26.4446,155.66394,1,965.6,1,34.433,1,5.595,1,965.6,1,5.595,1,34.433,1
5905612,2025-10-12T00:47:20Z,1,-26.4446,155.66394,1,967.4,1,34.433,1,5.587,1,967.4,1,5.587,1,34.433,1
5905612,2025-10-12T00:47:20Z,1,-26.4446,155.66394,1,969.2,1,34.433,1,5.573,1,969.2,1,5.573,1,34.433,1
5905612,2025-10-12T00:47:20Z,1,-26.4446,155.66394,1,971.1,1,34.435,1,5.551,1,971.1,1,5.551,1,34.435,1
5905612,2025-10-12T00:47:20Z,1,-26.4446,155.66394,1,973.4,1,34.434,1,5.521,1,973.4,1,5.521,1,34.434,1
5905612,2025-10-12T00:47:20Z,1,-26.4446,155.66394,1,975.7,1,34.434,1,5.51,1,975.7,1,5.51,1,34.434,1
5905612,2025-10-12T00:47:20Z,1,-26.4446,155.66394,1,977.5,1,34.434,1,5.5,1,977.5,1,5.5,1,34.434,1
5905612,2025-10-12T00:47:20Z,1,-26.4446,155.66394,1,979.4,1,34.434,1,5.492,1,979.4,1,5.492,1,34.434,1
5905612,2025-10-12T00:47:20Z,1,-26.4446,155.66394,1,981.2,1,34.436,1,5.481,1,981.2,1,5.481,1,34.436,1
5905612,2025-10-12T00:47:20Z,1,-26.4446,155.66394,1,983.1,1,34.435,1,5.465,1,983.1,1,5.465,1,34.435,1
5905612,2025-10-12T00:47:20Z,1,-26.4446,155.66394,1,985.4,1,34.432,1,5.452,1,985.4,1,5.452,1,34.432,1
5905612,2025-10-12T00:47:20Z,1,-26.4446,155.66394,1,987.8,1,34.431,1,5.423,1,987.8,1,5.423,1,34.431,1
5905612,2025-10-12T00:47:20Z,1,-26.4446,155.66394,1,989.7,1,34.431,1,5.404,1,989.7,1,5.404,1,34.431,1
5905612,2025-10-12T00:47:20Z,1,-26.4446,155.66394,1,991.6,1,34.431,1,5.394,1,991.6,1,5.394,1,34.431,1
5905612,2025-10-12T00:47:20Z,1,-26.4446,155.66394,1,993.5,1,34.431,1,5.373,1,993.5,1,5.373,1,34.431,1
5905612,2025-10-12T00:47:20Z,1,-26.4446,155.66394,1,995.4,1,34.432,1,5.365,1,995.4,1,5.365,1,34.432,1
5905612,2025-10-12T00:47:20Z,1,-26.4446,155.66394,1,997.3,1,34.431,1,5.358,1,997.3,1,5.358,1,34.431,1
5905612,2025-10-12T00:47:20Z,1,-26.4446,155.66394,1,999.2,1,34.431,1,5.351,1,999.2,1,5.351,1,34.431,1
5905612,2025-10-12T00:47:20Z,1,-26.4446,155.66394,1,1001.2,1,34.431,1,5.336,1,1001.2,1,5.336,1,34.431,1
5905612,2025-10-12T00:47:20Z,1,-26.4446,155.66394,1,1003.1,1,34.43,1,5.32,1,1003.1,1,5.32,1,34.43,1
5905612,2025-10-12T00:47:20Z,1,-26.4446,155.66394,1,1005.0,1,34.429,1,5.299,1,1005.0,1,5.299,1,34.429,1
5905612,2025-10-12T00:47:20Z,1,-26.4446,155.66394,1,1007.4,1,34.429,1,5.256,1,1007.4,1,5.256,1,34.429,1
5905612,2025-10-12T00:47:20Z,1,-26.4446,155.66394,1,1009.8,1,34.43,1,5.244,1,1009.8,1,5.244,1,34.43,1
5905612,2025-10-12T00:47:20Z,1,-26.4446,155.66394,1,1011.8,1,34.427,1,5.208,1,1011.8,1,5.208,1,34.427,1
5905612,2025-10-12T00:47:20Z,1,-26.4446,155.66394,1,1013.7,1,34.427,1,5.203,1,1013.7,1,5.203,1,34.427,1
5905612,2025-10-12T00:47:20Z,1,-26.4446,155.66394,1,1015.7,1,34.428,1,5.18,1,1015.7,1,5.18,1,34.428,1
5905612,2025-10-12T00:47:20Z,1,-26.4446,155.66394,1,1017.6,1,34.426,1,5.165,1,1017.6,1,5.165,1,34.426,1
5905612,2025-10-12T00:47:20Z,1,-26.4446,155.66394,1,1019.6,1,34.426,1,5.158,1,1019.6,1,5.158,1,34.426,1
5905612,2025-10-12T00:47:20Z,1,-26.4446,155.66394,1,1021.6,1,34.426,1,5.157,1,1021.6,1,5.157,1,34.426,1
5905612,2025-10-12T00:47:20Z,1,-26.4446,155.66394,1,1023.6,1,34.426,1,5.152,1,1023.6,1,5.152,1,34.426,1
5905612,2025-10-12T00:47:20Z,1,-26.4446,155.66394,1,1025.5,1,34.426,1,5.132,1,1025.5,1,5.132,1,34.426,1
5905612,2025-10-12T00:47:20Z,1,-26.4446,155.66394,1,1027.5,1,34.428,1,5.125,1,1027.5,1,5.125,1,34.428,1
5905612,2025-10-12T00:47:20Z,1,-26.4446,155.66394,1,1029.5,1,34.427,1,5.114,1,1029.5,1,5.114,1,34.427,1
5905612,2025-10-12T00:47:20Z,1,-26.4446,155.66394,1,1031.4,1,34.43,1,5.096,1,1031.4,1,5.096,1,34.43,1
5905612,2025-10-12T00:47:20Z,1,-26.4446,155.66394,1,1033.4,1,34.432,1,5.086,1,1033.4,1,5.086,1,34.432,1
5905612,2025-10-12T00:47:20Z,1,-26.4446,155.66394,1,1035.4,1,34.434,1,5.073,1,1035.4,1,5.073,1,34.434,1
5905612,2025-10-12T00:47:20Z,1,-26.4446,155.66394,1,1037.4,1,34.434,1,5.071,1,1037.4,1,5.071,1,34.434,1
5905612,2025-10-12T00:47:20Z,1,-26.4446,155.66394,1,1039.3,1,34.433,1,5.067,1,1039.3,1,5.067,1,34.433,1
5905612,2025-10-12T00:47:20Z,1,-26.4446,155.66394,1,1041.3,1,34.439,1,5.029,1,1041.3,1,5.029,1,34.439,1
5905612,2025-10-12T00:47:20Z,1,-26.4446,155.66394,1,1043.4,1,34.441,1,5.016,1,1043.4,1,5.016,1,34.441,1
5905612,2025-10-12T00:47:20Z,1,-26.4446,155.66394,1,1045.4,1,34.442,1,4.997,1,1045.4,1,4.997,1,34.442,1
5905612,2025-10-12T00:47:20Z,1,-26.4446,155.66394,1,1047.4,1,34.442,1,4.994,1,1047.4,1,4.994,1,34.442,1
5905612,2025-10-12T00:47:20Z,1,-26.4446,155.66394,1,1049.4,1,34.441,1,4.985,1,1049.4,1,4.985,1,34.441,1
5905612,2025-10-12T00:47:20Z,1,-26.4446,155.66394,1,1051.4,1,34.442,1,4.978,1,1051.4,1,4.978,1,34.442,1
5905612,2025-10-12T00:47:20Z,1,-26.4446,155.66394,1,1053.4,1,34.443,1,4.965,1,1053.4,1,4.965,1,34.443,1
5905612,2025-10-12T00:47:20Z,1,-26.4446,155.66394,1,1055.4,1,34.445,1,4.927,1,1055.4,1,4.927,1,34.445,1
5905612,2025-10-12T00:47:20Z,1,-26.4446,155.66394,1,1057.4,1,34.447,1,4.9,1,1057.4,1,4.9,1,34.447,1
5905612,2025-10-12T00:47:20Z,1,-26.4446,155.66394,1,1059.4,1,34.447,1,4.895,1,1059.4,1,4.895,1,34.447,1
5905612,2025-10-12T00:47:20Z,1,-26.4446,155.66394,1,1061.4,1,34.447,1,4.889,1,1061.4,1,4.889,1,34.447,1
5905612,2025-10-12T00:47:20Z,1,-26.4446,155.66394,1,1063.3,1,34.448,1,4.858,1,1063.3,1,4.858,1,34.448,1
5905612,2025-10-12T00:47:20Z,1,-26.4446,155.66394,1,1065.3,1,34.449,1,4.837,1,1065.3,1,4.837,1,34.449,1
5905612,2025-10-12T00:47:20Z,1,-26.4446,155.66394,1,1067.2,1,34.448,1,4.83,1,1067.2,1,4.83,1,34.448,1
5905612,2025-10-12T00:47:20Z,1,-26.4446,155.66394,1,1069.1,1,34.448,1,4.826,1,1069.1,1,4.826,1,34.448,1
5905612,2025-10-12T00:47:20Z,1,-26.4446,155.66394,1,1071.1,1,34.449,1,4.819,1,1071.1,1,4.819,1,34.449,1
5905612,2025-10-12T00:47:20Z,1,-26.4446,155.66394,1,1073.1,1,34.45,1,4.806,1,1073.1,1,4.806,1,34.45,1
5905612,2025-10-12T00:47:20Z,1,-26.4446,155.66394,1,1075.0,1,34.45,1,4.798,1,1075.0,1,4.798,1,34.45,1
5905612,2025-10-12T00:47:20Z,1,-26.4446,155.66394,1,1077.4,1,34.452,1,4.783,1,1077.4,1,4.783,1,34.452,1
5905612,2025-10-12T00:47:20Z,1,-26.4446,155.66394,1,1079.9,1,34.453,1,4.762,1,1079.9,1,4.762,1,34.453,1
5905612,2025-10-12T00:47:20Z,1,-26.4446,155.66394,1,1081.8,1,34.453,1,4.752,1,1081.8,1,4.752,1,34.453,1
5905612,2025-10-12T00:47:20Z,1,-26.4446,155.66394,1,1083.8,1,34.454,1,4.747,1,1083.8,1,4.747,1,34.454,1
5905612,2025-10-12T00:47:20Z,1,-26.4446,155.66394,1,1085.7,1,34.453,1,4.743,1,1085.7,1,4.743,1,34.453,1
5905612,2025-10-12T00:47:20Z,1,-26.4446,155.66394,1,1087.7,1,34.455,1,4.734,1,1087.7,1,4.734,1,34.455,1
5905612,2025-10-12T00:47:20Z,1,-26.4446,155.66394,1,1089.6,1,34.457,1,4.715,1,1089.6,1,4.715,1,34.457,1
5905612,2025-10-12T00:47:20Z,1,-26.4446,155.66394,1,1091.5,1,34.458,1,4.7,1,1091.5,1,4.7,1,34.458,1
5905612,2025-10-12T00:47:20Z,1,-26.4446,155.66394,1,1093.4,1,34.459,1,4.683,1,1093.4,1,4.683,1,34.459,1
5905612,2025-10-12T00:47:20Z,1,-26.4446,155.66394,1,1095.4,1,34.46,1,4.673,1,1095.4,1,4.673,1,34.46,1
5905612,2025-10-12T00:47:20Z,1,-26.4446,155.66394,1,1097.4,1,34.46,1,4.659,1,1097.4,1,4.659,1,34.46,1
5905612,2025-10-12T00:47:20Z,1,-26.4446,155.66394,1,1099.3,1,34.46,1,4.649,1,1099.3,1,4.649,1,34.46,1
5905612,2025-10-12T00:47:20Z,1,-26.4446,155.66394,1,1101.3,1,34.461,1,4.639,1,1101.3,1,4.639,1,34.461,1
5905612,2025-10-12T00:47:20Z,1,-26.4446,155.66394,1,1103.2,1,34.462,1,4.623,1,1103.2,1,4.623,1,34.462,1
5905612,2025-10-12T00:47:20Z,1,-26.4446,155.66394,1,1105.2,1,34.463,1,4.603,1,1105.2,1,4.603,1,34.463,1
5905612,2025-10-12T00:47:20Z,1,-26.4446,155.66394,1,1107.1,1,34.463,1,4.592,1,1107.1,1,4.592,1,34.463,1
5905612,2025-10-12T00:47:20Z,1,-26.4446,155.66394,1,1109.0,1,34.463,1,4.589,1,1109.0,1,4.589,1,34.463,1
5905612,2025-10-12T00:47:20Z,1,-26.4446,155.66394,1,1111.0,1,34.464,1,4.579,1,1111.0,1,4.579,1,34.464,1
5905612,2025-10-12T00:47:20Z,1,-26.4446,155.66394,1,1113.4,1,34.465,1,4.562,1,1113.4,1,4.562,1,34.465,1
5905612,2025-10-12T00:47:20Z,1,-26.4446,155.66394,1,1115.9,1,34.466,1,4.534,1,1115.9,1,4.534,1,34.466,1
5905612,2025-10-12T00:47:20Z,1,-26.4446,155.66394,1,1117.8,1,34.468,1,4.509,1,1117.8,1,4.509,1,34.468,1
5905612,2025-10-12T00:47:20Z,1,-26.4446,155.66394,1,1119.8,1,34.468,1,4.505,1,1119.8,1,4.505,1,34.468,1
5905612,2025-10-12T00:47:20Z,1,-26.4446,155.66394,1,1121.8,1,34.467,1,4.499,1,1121.8,1,4.499,1,34.467,1
5905612,2025-10-12T00:47:20Z,1,-26.4446,155.66394,1,1123.8,1,34.468,1,4.49,1,1123.8,1,4.49,1,34.468,1
5905612,2025-10-12T00:47:20Z,1,-26.4446,155.66394,1,1125.8,1,34.469,1,4.487,1,1125.8,1,4.487,1,34.469,1
5905612,2025-10-12T00:47:20Z,1,-26.4446,155.66394,1,1127.8,1,34.468,1,4.482,1,1127.8,1,4.482,1,34.468,1
5905612,2025-10-12T00:47:20Z,1,-26.4446,155.66394,1,1129.9,1,34.47,1,4.471,1,1129.9,1,4.471,1,34.47,1
5905612,2025-10-12T00:47:20Z,1,-26.4446,155.66394,1,1131.9,1,34.47,1,4.465,1,1131.9,1,4.465,1,34.47,1
5905612,2025-10-12T00:47:20Z,1,-26.4446,155.66394,1,1133.9,1,34.47,1,4.463,1,1133.9,1,4.463,1,34.47,1
5905612,2025-10-12T00:47:20Z,1,-26.4446,155.66394,1,1135.9,1,34.471,1,4.457,1,1135.9,1,4.457,1,34.471,1
5905612,2025-10-12T00:47:20Z,1,-26.4446,155.66394,1,1137.9,1,34.475,1,4.436,1,1137.9,1,4.436,1,34.475,1
5905612,2025-10-12T00:47:20Z,1,-26.4446,155.66394,1,1139.9,1,34.475,1,4.427,1,1139.9,1,4.427,1,34.475,1
5905612,2025-10-12T00:47:20Z,1,-26.4446,155.66394,1,1141.4,1,34.475,1,4.429,1,1141.4,1,4.429,1,34.475,1
5905612,2025-10-12T00:47:20Z,1,-26.4446,155.66394,1,1143.0,1,34.475,1,4.423,1,1143.0,1,4.423,1,34.475,1
5905612,2025-10-12T00:47:20Z,1,-26.4446,155.66394,1,1145.0,1,34.475,1,4.418,1,1145.0,1,4.418,1,34.475,1
5905612,2025-10-12T00:47:20Z,1,-26.4446,155.66394,1,1147.0,1,34.476,1,4.412,1,1147.0,1,4.412,1,34.476,1
5905612,2025-10-12T00:47:20Z,1,-26.4446,155.66394,1,1149.0,1,34.475,1,4.409,1,1149.0,1,4.409,1,34.475,1
5905612,2025-10-12T00:47:20Z,1,-26.4446,155.66394,1,1151.0,1,34.475,1,4.409,1,1151.0,1,4.409,1,34.475,1
5905612,2025-10-12T00:47:20Z,1,-26.4446,155.66394,1,1153.0,1,34.475,1,4.408,1,1153.0,1,4.408,1,34.475,1
5905612,2025-10-12T00:47:20Z,1,-26.4446,155.66394,1,1155.2,1,34.474,1,4.401,1,1155.2,1,4.401,1,34.474,1
5905612,2025-10-12T00:47:20Z,1,-26.4446,155.66394,1,1157.6,1,34.475,1,4.372,1,1157.6,1,4.372,1,34.475,1
5905612,2025-10-12T00:47:20Z,1,-26.4446,155.66394,1,1159.6,1,34.476,1,4.347,1,1159.6,1,4.347,1,34.476,1
5905612,2025-10-12T00:47:20Z,1,-26.4446,155.66394,1,1161.6,1,34.476,1,4.345,1,1161.6,1,4.345,1,34.476,1
5905612,2025-10-12T00:47:20Z,1,-26.4446,155.66394,1,1163.6,1,34.477,1,4.334,1,1163.6,1,4.334,1,34.477,1
5905612,2025-10-12T00:47:20Z,1,-26.4446,155.66394,1,1165.3,1,34.478,1,4.322,1,1165.3,1,4.322,1,34.478,1
5905612,2025-10-12T00:47:20Z,1,-26.4446,155.66394,1,1167.4,1,34.479,1,4.309,1,1167.4,1,4.309,1,34.479,1
5905612,2025-10-12T00:47:20Z,1,-26.4446,155.66394,1,1169.5,1,34.479,1,4.304,1,1169.5,1,4.304,1,34.479,1
5905612,2025-10-12T00:47:20Z,1,-26.4446,155.66394,1,1171.3,1,34.48,1,4.299,1,1171.3,1,4.299,1,34.48,1
5905612,2025-10-12T00:47:20Z,1,-26.4446,155.66394,1,1173.4,1,34.481,1,4.29,1,1173.4,1,4.29,1,34.481,1
5905612,2025-10-12T00:47:20Z,1,-26.4446,155.66394,1,1175.6,1,34.482,1,4.275,1,1175.6,1,4.275,1,34.482,1
5905612,2025-10-12T00:47:20Z,1,-26.4446,155.66394,1,1177.3,1,34.483,1,4.264,1,1177.3,1,4.264,1,34.483,1
5905612,2025-10-12T00:47:20Z,1,-26.4446,155.66394,1,1179.5,1,34.483,1,4.258,1,1179.5,1,4.258,1,34.483,1
5905612,2025-10-12T00:47:20Z,1,-26.4446,155.66394,1,1181.7,1,34.484,1,4.246,1,1181.7,1,4.246,1,34.484,1
5905612,2025-10-12T00:47:20Z,1,-26.4446,155.66394,1,1183.4,1,34.484,1,4.239,1,1183.4,1,4.239,1,34.484,1
5905612,2025-10-12T00:47:20Z,1,-26.4446,155.66394,1,1185.1,1,34.485,1,4.219,1,1185.1,1,4.219,1,34.485,1
5905612,2025-10-12T00:47:20Z,1,-26.4446,155.66394,1,1187.4,1,34.488,1,4.209,1,1187.4,1,4.209,1,34.488,1
5905612,2025-10-12T00:47:20Z,1,-26.4446,155.66394,1,1189.6,1,34.489,1,4.2,1,1189.6,1,4.2,1,34.489,1
5905612,2025-10-12T00:47:20Z,1,-26.4446,155.66394,1,1191.4,1,34.489,1,4.195,1,1191.4,1,4.195,1,34.489,1
5905612,2025-10-12T00:47:20Z,1,-26.4446,155.66394,1,1193.2,1,34.49,1,4.188,1,1193.2,1,4.188,1,34.49,1
5905612,2025-10-12T00:47:20Z,1,-26.4446,155.66394,1,1195.1,1,34.49,1,4.179,1,1195.1,1,4.179,1,34.49,1
5905612,2025-10-12T00:47:20Z,1,-26.4446,155.66394,1,1197.4,1,34.491,1,4.172,1,1197.4,1,4.172,1,34.491,1
5905612,2025-10-12T00:47:20Z,1,-26.4446,155.66394,1,1199.8,1,34.492,1,4.166,1,1199.8,1,4.166,1,34.492,1
5905612,2025-10-12T00:47:20Z,1,-26.4446,155.66394,1,1201.7,1,34.492,1,4.162,1,1201.7,1,4.162,1,34.492,1
5905612,2025-10-12T00:47:20Z,1,-26.4446,155.66394,1,1203.5,1,34.492,1,4.158,1,1203.5,1,4.158,1,34.492,1
5905612,2025-10-12T00:47:20Z,1,-26.4446,155.66394,1,1205.5,1,34.493,1,4.157,1,1205.5,1,4.157,1,34.493,1
5905612,2025-10-12T00:47:20Z,1,-26.4446,155.66394,1,1207.4,1,34.493,1,4.156,1,1207.4,1,4.156,1,34.493,1
5905612,2025-10-12T00:47:20Z,1,-26.4446,155.66394,1,1209.3,1,34.493,1,4.155,1,1209.3,1,4.155,1,34.493,1
5905612,2025-10-12T00:47:20Z,1,-26.4446,155.66394,1,1211.2,1,34.493,1,4.154,1,1211.2,1,4.154,1,34.493,1
5905612,2025-10-12T00:47:20Z,1,-26.4446,155.66394,1,1213.0,1,34.493,1,4.154,1,1213.0,1,4.154,1,34.493,1
5905612,2025-10-12T00:47:20Z,1,-26.4446,155.66394,1,1215.4,1,34.495,1,4.132,1,1215.4,1,4.132,1,34.495,1
5905612,2025-10-12T00:47:20Z,1,-26.4446,155.66394,1,1217.7,1,34.497,1,4.112,1,1217.7,1,4.112,1,34.497,1
5905612,2025-10-12T00:47:20Z,1,-26.4446,155.66394,1,1219.7,1,34.497,1,4.107,1,1219.7,1,4.107,1,34.497,1
5905612,2025-10-12T00:47:20Z,1,-26.4446,155.66394,1,1221.6,1,34.498,1,4.103,1,1221.6,1,4.103,1,34.498,1
5905612,2025-10-12T00:47:20Z,1,-26.4446,155.66394,1,1223.5,1,34.498,1,4.099,1,1223.5,1,4.099,1,34.498,1
5905612,2025-10-12T00:47:20Z,1,-26.4446,155.66394,1,1225.4,1,34.498,1,4.096,1,1225.4,1,4.096,1,34.498,1
5905612,2025-10-12T00:47:20Z,1,-26.4446,155.66394,1,1227.3,1,34.498,1,4.089,1,1227.3,1,4.089,1,34.498,1
5905612,2025-10-12T00:47:20Z,1,-26.4446,155.66394,1,1229.3,1,34.498,1,4.082,1,1229.3,1,4.082,1,34.498,1
5905612,2025-10-12T00:47:20Z,1,-26.4446,155.66394,1,1231.2,1,34.499,1,4.076,1,1231.2,1,4.076,1,34.499,1
5905612,2025-10-12T00:47:20Z,1,-26.4446,155.66394,1,1233.1,1,34.499,1,4.073,1,1233.1,1,4.073,1,34.499,1
5905612,2025-10-12T00:47:20Z,1,-26.4446,155.66394,1,1235.0,1,34.5,1,4.06,1,1235.0,1,4.06,1,34.5,1
5905612,2025-10-12T00:47:20Z,1,-26.4446,155.66394,1,1237.0,1,34.5,1,4.056,1,1237.0,1,4.056,1,34.5,1
5905612,2025-10-12T00:47:20Z,1,-26.4446,155.66394,1,1239.4,1,34.5,1,4.054,1,1239.4,1,4.054,1,34.5,1
5905612,2025-10-12T00:47:20Z,1,-26.4446,155.66394,1,1241.9,1,34.5,1,4.048,1,1241.9,1,4.048,1,34.5,1
5905612,2025-10-12T00:47:20Z,1,-26.4446,155.66394,1,1243.8,1,34.501,1,4.034,1,1243.8,1,4.034,1,34.501,1
5905612,2025-10-12T00:47:20Z,1,-26.4446,155.66394,1,1245.8,1,34.502,1,4.032,1,1245.8,1,4.032,1,34.502,1
5905612,2025-10-12T00:47:20Z,1,-26.4446,155.66394,1,1247.7,1,34.502,1,4.03,1,1247.7,1,4.03,1,34.502,1
5905612,2025-10-12T00:47:20Z,1,-26.4446,155.66394,1,1249.7,1,34.501,1,4.028,1,1249.7,1,4.028,1,34.501,1
5905612,2025-10-12T00:47:20Z,1,-26.4446,155.66394,1,1251.7,1,34.501,1,4.018,1,1251.7,1,4.018,1,34.501,1
5905612,2025-10-12T00:47:20Z,1,-26.4446,155.66394,1,1253.6,1,34.501,1,4.015,1,1253.6,1,4.015,1,34.501,1
5905612,2025-10-12T00:47:20Z,1,-26.4446,155.66394,1,1255.6,1,34.502,1,4.008,1,1255.6,1,4.008,1,34.502,1
5905612,2025-10-12T00:47:20Z,1,-26.4446,155.66394,1,1257.6,1,34.502,1,4.005,1,1257.6,1,4.005,1,34.502,1
5905612,2025-10-12T00:47:20Z,1,-26.4446,155.66394,1,1259.6,1,34.505,1,3.996,1,1259.6,1,3.996,1,34.505,1
5905612,2025-10-12T00:47:20Z,1,-26.4446,155.66394,1,1261.5,1,34.506,1,3.984,1,1261.5,1,3.984,1,34.506,1
5905612,2025-10-12T00:47:20Z,1,-26.4446,155.66394,1,1263.5,1,34.507,1,3.978,1,1263.5,1,3.978,1,34.507,1
5905612,2025-10-12T00:47:20Z,1,-26.4446,155.66394,1,1265.4,1,34.507,1,3.968,1,1265.4,1,3.968,1,34.507,1
5905612,2025-10-12T00:47:20Z,1,-26.4446,155.66394,1,1267.4,1,34.507,1,3.95,1,1267.4,1,3.95,1,34.507,1
5905612,2025-10-12T00:47:20Z,1,-26.4446,155.66394,1,1269.4,1,34.507,1,3.938,1,1269.4,1,3.938,1,34.507,1
5905612,2025-10-12T00:47:20Z,1,-26.4446,155.66394,1,1271.3,1,34.508,1,3.927,1,1271.3,1,3.927,1,34.508,1
5905612,2025-10-12T00:47:20Z,1,-26.4446,155.66394,1,1273.3,1,34.507,1,3.922,1,1273.3,1,3.922,1,34.507,1
5905612,2025-10-12T00:47:20Z,1,-26.4446,155.66394,1,1275.3,1,34.507,1,3.918,1,1275.3,1,3.918,1,34.507,1
5905612,2025-10-12T00:47:20Z,1,-26.4446,155.66394,1,1277.3,1,34.508,1,3.909,1,1277.3,1,3.909,1,34.508,1
5905612,2025-10-12T00:47:20Z,1,-26.4446,155.66394,1,1279.3,1,34.508,1,3.899,1,1279.3,1,3.899,1,34.508,1
5905612,2025-10-12T00:47:20Z,1,-26.4446,155.66394,1,1281.3,1,34.509,1,3.889,1,1281.3,1,3.889,1,34.509,1
5905612,2025-10-12T00:47:20Z,1,-26.4446,155.66394,1,1283.3,1,34.509,1,3.877,1,1283.3,1,3.877,1,34.509,1
5905612,2025-10-12T00:47:20Z,1,-26.4446,155.66394,1,1285.4,1,34.511,1,3.868,1,1285.4,1,3.868,1,34.511,1
5905612,2025-10-12T00:47:20Z,1,-26.4446,155.66394,1,1287.4,1,34.512,1,3.859,1,1287.4,1,3.859,1,34.512,1
5905612,2025-10-12T00:47:20Z,1,-26.4446,155.66394,1,1289.4,1,34.514,1,3.852,1,1289.4,1,3.852,1,34.514,1
5905612,2025-10-12T00:47:20Z,1,-26.4446,155.66394,1,1291.4,1,34.514,1,3.842,1,1291.4,1,3.842,1,34.514,1
5905612,2025-10-12T00:47:20Z,1,-26.4446,155.66394,1,1293.4,1,34.513,1,3.839,1,1293.4,1,3.839,1,34.513,1
5905612,2025-10-12T00:47:20Z,1,-26.4446,155.66394,1,1295.3,1,34.514,1,3.838,1,1295.3,1,3.838,1,34.514,1
5905612,2025-10-12T00:47:20Z,1,-26.4446,155.66394,1,1297.3,1,34.515,1,3.833,1,1297.3,1,3.833,1,34.515,1
5905612,2025-10-12T00:47:20Z,1,-26.4446,155.66394,1,1299.3,1,34.517,1,3.821,1,1299.3,1,3.821,1,34.517,1
5905612,2025-10-12T00:47:20Z,1,-26.4446,155.66394,1,1301.3,1,34.518,1,3.806,1,1301.3,1,3.806,1,34.518,1
5905612,2025-10-12T00:47:20Z,1,-26.4446,155.66394,1,1303.4,1,34.518,1,3.809,1,1303.4,1,3.809,1,34.518,1
5905612,2025-10-12T00:47:20Z,1,-26.4446,155.66394,1,1305.3,1,34.52,1,3.8,1,1305.3,1,3.8,1,34.52,1
5905612,2025-10-12T00:47:20Z,1,-26.4446,155.66394,1,1307.4,1,34.521,1,3.79,1,1307.4,1,3.79,1,34.521,1
5905612,2025-10-12T00:47:20Z,1,-26.4446,155.66394,1,1309.4,1,34.52,1,3.784,1,1309.4,1,3.784,1,34.52,1
5905612,2025-10-12T00:47:20Z,1,-26.4446,155.66394,1,1311.4,1,34.518,1,3.771,1,1311.4,1,3.771,1,34.518,1
5905612,2025-10-12T00:47:20Z,1,-26.4446,155.66394,1,1313.5,1,34.519,1,3.767,1,1313.5,1,3.767,1,34.519,1
5905612,2025-10-12T00:47:20Z,1,-26.4446,155.66394,1,1315.5,1,34.52,1,3.756,1,1315.5,1,3.756,1,34.52,1
5905612,2025-10-12T00:47:20Z,1,-26.4446,155.66394,1,1317.6,1,34.52,1,3.748,1,1317.6,1,3.748,1,34.52,1
5905612,2025-10-12T00:47:20Z,1,-26.4446,155.66394,1,1319.6,1,34.521,1,3.738,1,1319.6,1,3.738,1,34.521,1
5905612,2025-10-12T00:47:20Z,1,-26.4446,155.66394,1,1321.7,1,34.522,1,3.726,1,1321.7,1,3.726,1,34.522,1
5905612,2025-10-12T00:47:20Z,1,-26.4446,155.66394,1,1323.7,1,34.523,1,3.719,1,1323.7,1,3.719,1,34.523,1
5905612,2025-10-12T00:47:20Z,1,-26.4446,155.66394,1,1325.8,1,34.523,1,3.713,1,1325.8,1,3.713,1,34.523,1
5905612,2025-10-12T00:47:20Z,1,-26.4446,155.66394,1,1327.9,1,34.524,1,3.704,1,1327.9,1,3.704,1,34.524,1
5905612,2025-10-12T00:47:20Z,1,-26.4446,155.66394,1,1329.9,1,34.523,1,3.701,1,1329.9,1,3.701,1,34.523,1
5905612,2025-10-12T00:47:20Z,1,-26.4446,155.66394,1,1331.9,1,34.524,1,3.697,1,1331.9,1,3.697,1,34.524,1
5905612,2025-10-12T00:47:20Z,1,-26.4446,155.66394,1,1333.9,1,34.525,1,3.689,1,1333.9,1,3.689,1,34.525,1
5905612,2025-10-12T00:47:20Z,1,-26.4446,155.66394,1,1335.5,1,34.526,1,3.69,1,1335.5,1,3.69,1,34.526,1
5905612,2025-10-12T00:47:20Z,1,-26.4446,155.66394,1,1337.0,1,34.527,1,3.69,1,1337.0,1,3.69,1,34.527,1
5905612,2025-10-12T00:47:20Z,1,-26.4446,155.66394,1,1339.1,1,34.527,1,3.684,1,1339.1,1,3.684,1,34.527,1
5905612,2025-10-12T00:47:20Z,1,-26.4446,155.66394,1,1341.1,1,34.528,1,3.676,1,1341.1,1,3.676,1,34.528,1
5905612,2025-10-12T00:47:20Z,1,-26.4446,155.66394,1,1343.2,1,34.528,1,3.665,1,1343.2,1,3.665,1,34.528,1
5905612,2025-10-12T00:47:20Z,1,-26.4446,155.66394,1,1345.2,1,34.53,1,3.66,1,1345.2,1,3.66,1,34.53,1
5905612,2025-10-12T00:47:20Z,1,-26.4446,155.66394,1,1347.2,1,34.53,1,3.652,1,1347.2,1,3.652,1,34.53,1
5905612,2025-10-12T00:47:20Z,1,-26.4446,155.66394,1,1349.3,1,34.53,1,3.65,1,1349.3,1,3.65,1,34.53,1
5905612,2025-10-12T00:47:20Z,1,-26.4446,155.66394,1,1351.3,1,34.531,1,3.647,1,1351.3,1,3.647,1,34.531,1
5905612,2025-10-12T00:47:20Z,1,-26.4446,155.66394,1,1353.4,1,34.533,1,3.631,1,1353.4,1,3.631,1,34.533,1
5905612,2025-10-12T00:47:20Z,1,-26.4446,155.66394,1,1355.4,1,34.532,1,3.62,1,1355.4,1,3.62,1,34.532,1
5905612,2025-10-12T00:47:20Z,1,-26.4446,155.66394,1,1357.4,1,34.534,1,3.616,1,1357.4,1,3.616,1,34.534,1
5905612,2025-10-12T00:47:20Z,1,-26.4446,155.66394,1,1359.5,1,34.534,1,3.608,1,1359.5,1,3.608,1,34.534,1
5905612,2025-10-12T00:47:20Z,1,-26.4446,155.66394,1,1361.4,1,34.534,1,3.598,1,1361.4,1,3.598,1,34.534,1
5905612,2025-10-12T00:47:20Z,1,-26.4446,155.66394,1,1363.5,1,34.533,1,3.591,1,1363.5,1,3.591,1,34.533,1
5905612,2025-10-12T00:47:20Z,1,-26.4446,155.66394,1,1365.5,1,34.532,1,3.588,1,1365.5,1,3.588,1,34.532,1
5905612,2025-10-12T00:47:20Z,1,-26.4446,155.66394,1,1367.4,1,34.533,1,3.586,1,1367.4,1,3.586,1,34.533,1
5905612,2025-10-12T00:47:20Z,1,-26.4446,155.66394,1,1369.4,1,34.534,1,3.581,1,1369.4,1,3.581,1,34.534,1
5905612,2025-10-12T00:47:20Z,1,-26.4446,155.66394,1,1371.3,1,34.534,1,3.573,1,1371.3,1,3.573,1,34.534,1
5905612,2025-10-12T00:47:20Z,1,-26.4446,155.66394,1,1373.3,1,34.534,1,3.569,1,1373.3,1,3.569,1,34.534,1
5905612,2025-10-12T00:47:20Z,1,-26.4446,155.66394,1,1375.3,1,34.534,1,3.565,1,1375.3,1,3.565,1,34.534,1
5905612,2025-10-12T00:47:20Z,1,-26.4446,155.66394,1,1377.3,1,34.534,1,3.562,1,1377.3,1,3.562,1,34.534,1
5905612,2025-10-12T00:47:20Z,1,-26.4446,155.66394,1,1379.3,1,34.535,1,3.549,1,1379.3,1,3.549,1,34.535,1
5905612,2025-10-12T00:47:20Z,1,-26.4446,155.66394,1,1381.3,1,34.537,1,3.534,1,1381.3,1,3.534,1,34.537,1
5905612,2025-10-12T00:47:20Z,1,-26.4446,155.66394,1,1383.3,1,34.537,1,3.53,1,1383.3,1,3.53,1,34.537,1
5905612,2025-10-12T00:47:20Z,1,-26.4446,155.66394,1,1385.3,1,34.539,1,3.523,1,1385.3,1,3.523,1,34.539,1
5905612,2025-10-12T00:47:20Z,1,-26.4446,155.66394,1,1387.3,1,34.538,1,3.516,1,1387.3,1,3.516,1,34.538,1
5905612,2025-10-12T00:47:20Z,1,-26.4446,155.66394,1,1389.4,1,34.539,1,3.514,1,1389.4,1,3.514,1,34.539,1
5905612,2025-10-12T00:47:20Z,1,-26.4446,155.66394,1,1391.4,1,34.539,1,3.51,1,1391.4,1,3.51,1,34.539,1
5905612,2025-10-12T00:47:20Z,1,-26.4446,155.66394,1,1393.4,1,34.539,1,3.504,1,1393.4,1,3.504,1,34.539,1
5905612,2025-10-12T00:47:20Z,1,-26.4446,155.66394,1,1395.5,1,34.54,1,3.496,1,1395.5,1,3.496,1,34.54,1
5905612,2025-10-12T00:47:20Z,1,-26.4446,155.66394,1,1397.5,1,34.54,1,3.492,1,1397.5,1,3.492,1,34.54,1
5905612,2025-10-12T00:47:20Z,1,-26.4446,155.66394,1,1399.2,1,34.54,1,3.491,1,1399.2,1,3.491,1,34.54,1
5905612,2025-10-12T00:47:20Z,1,-26.4446,155.66394,1,1401.3,1,34.541,1,3.48,1,1401.3,1,3.48,1,34.541,1
5905612,2025-10-12T00:47:20Z,1,-26.4446,155.66394,1,1403.4,1,34.542,1,3.471,1,1403.4,1,3.471,1,34.542,1
5905612,2025-10-12T00:47:20Z,1,-26.4446,155.66394,1,1405.5,1,34.543,1,3.461,1,1405.5,1,3.461,1,34.543,1
5905612,2025-10-12T00:47:20Z,1,-26.4446,155.66394,1,1407.6,1,34.544,1,3.453,1,1407.6,1,3.453,1,34.544,1
5905612,2025-10-12T00:47:20Z,1,-26.4446,155.66394,1,1409.3,1,34.544,1,3.449,1,1409.3,1,3.449,1,34.544,1
5905612,2025-10-12T00:47:20Z,1,-26.4446,155.66394,1,1411.4,1,34.544,1,3.446,1,1411.4,1,3.446,1,34.544,1
5905612,2025-10-12T00:47:20Z,1,-26.4446,155.66394,1,1413.6,1,34.544,1,3.445,1,1413.6,1,3.445,1,34.544,1
5905612,2025-10-12T00:47:20Z,1,-26.4446,155.66394,1,1415.3,1,34.545,1,3.44,1,1415.3,1,3.44,1,34.545,1
5905612,2025-10-12T00:47:20Z,1,-26.4446,155.66394,1,1417.4,1,34.546,1,3.432,1,1417.4,1,3.432,1,34.546,1
5905612,2025-10-12T00:47:20Z,1,-26.4446,155.66394,1,1419.5,1,34.546,1,3.429,1,1419.5,1,3.429,1,34.546,1
5905612,2025-10-12T00:47:20Z,1,-26.4446,155.66394,1,1421.2,1,34.547,1,3.426,1,1421.2,1,3.426,1,34.547,1
5905612,2025-10-12T00:47:20Z,1,-26.4446,155.66394,1,1423.3,1,34.547,1,3.42,1,1423.3,1,3.42,1,34.547,1
5905612,2025-10-12T00:47:20Z,1,-26.4446,155.66394,1,1425.5,1,34.549,1,3.412,1,1425.5,1,3.412,1,34.549,1
5905612,2025-10-12T00:47:20Z,1,-26.4446,155.66394,1,1427.2,1,34.551,1,3.409,1,1427.2,1,3.409,1,34.551,1
5905612,2025-10-12T00:47:20Z,1,-26.4446,155.66394,1,1429.3,1,34.552,1,3.398,1,1429.3,1,3.398,1,34.552,1
5905612,2025-10-12T00:47:20Z,1,-26.4446,155.66394,1,1431.5,1,34.551,1,3.388,1,1431.5,1,3.388,1,34.551,1
5905612,2025-10-12T00:47:20Z,1,-26.4446,155.66394,1,1433.3,1,34.552,1,3.386,1,1433.3,1,3.386,1,34.552,1
5905612,2025-10-12T00:47:20Z,1,-26.4446,155.66394,1,1435.5,1,34.552,1,3.388,1,1435.5,1,3.388,1,34.552,1
5905612,2025-10-12T00:47:20Z,1,-26.4446,155.66394,1,1437.6,1,34.552,1,3.388,1,1437.6,1,3.388,1,34.552,1
5905612,2025-10-12T00:47:20Z,1,-26.4446,155.66394,1,1439.4,1,34.552,1,3.381,1,1439.4,1,3.381,1,34.552,1
5905612,2025-10-12T00:47:20Z,1,-26.4446,155.66394,1,1441.5,1,34.552,1,3.377,1,1441.5,1,3.377,1,34.552,1
5905612,2025-10-12T00:47:20Z,1,-26.4446,155.66394,1,1443.7,1,34.553,1,3.369,1,1443.7,1,3.369,1,34.553,1
5905612,2025-10-12T00:47:20Z,1,-26.4446,155.66394,1,1445.4,1,34.554,1,3.365,1,1445.4,1,3.365,1,34.554,1
5905612,2025-10-12T00:47:20Z,1,-26.4446,155.66394,1,1447.2,1,34.554,1,3.364,1,1447.2,1,3.364,1,34.554,1
5905612,2025-10-12T00:47:20Z,1,-26.4446,155.66394,1,1449.4,1,34.555,1,3.359,1,1449.4,1,3.359,1,34.555,1
5905612,2025-10-12T00:47:20Z,1,-26.4446,155.66394,1,1451.6,1,34.555,1,3.356,1,1451.6,1,3.356,1,34.555,1
5905612,2025-10-12T00:47:20Z,1,-26.4446,155.66394,1,1453.4,1,34.555,1,3.351,1,1453.4,1,3.351,1,34.555,1
5905612,2025-10-12T00:47:20Z,1,-26.4446,155.66394,1,1455.1,1,34.555,1,3.345,1,1455.1,1,3.345,1,34.555,1
5905612,2025-10-12T00:47:20Z,1,-26.4446,155.66394,1,1457.4,1,34.555,1,3.333,1,1457.4,1,3.333,1,34.555,1
5905612,2025-10-12T00:47:20Z,1,-26.4446,155.66394,1,1459.6,1,34.556,1,3.33,1,1459.6,1,3.33,1,34.556,1
5905612,2025-10-12T00:47:20Z,1,-26.4446,155.66394,1,1461.4,1,34.556,1,3.329,1,1461.4,1,3.329,1,34.556,1
5905612,2025-10-12T00:47:20Z,1,-26.4446,155.66394,1,1463.2,1,34.556,1,3.328,1,1463.2,1,3.328,1,34.556,1
5905612,2025-10-12T00:47:20Z,1,-26.4446,155.66394,1,1465.4,1,34.555,1,3.325,1,1465.4,1,3.325,1,34.555,1
5905612,2025-10-12T00:47:20Z,1,-26.4446,155.66394,1,1467.6,1,34.556,1,3.319,1,1467.6,1,3.319,1,34.556,1
5905612,2025-10-12T00:47:20Z,1,-26.4446,155.66394,1,1469.4,1,34.556,1,3.315,1,1469.4,1,3.315,1,34.556,1
5905612,2025-10-12T00:47:20Z,1,-26.4446,155.66394,1,1471.3,1,34.556,1,3.316,1,1471.3,1,3.316,1,34.556,1
5905612,2025-10-12T00:47:20Z,1,-26.4446,155.66394,1,1473.1,1,34.557,1,3.308,1,1473.1,1,3.308,1,34.557,1
5905612,2025-10-12T00:47:20Z,1,-26.4446,155.66394,1,1475.4,1,34.557,1,3.303,1,1475.4,1,3.303,1,34.557,1
5905612,2025-10-12T00:47:20Z,1,-26.4446,155.66394,1,1477.6,1,34.557,1,3.3,1,1477.6,1,3.3,1,34.557,1
5905612,2025-10-12T00:47:20Z,1,-26.4446,155.66394,1,1479.3,1,34.558,1,3.296,1,1479.3,1,3.296,1,34.558,1
5905612,2025-10-12T00:47:20Z,1,-26.4446,155.66394,1,1481.2,1,34.558,1,3.288,1,1481.2,1,3.288,1,34.558,1
5905612,2025-10-12T00:47:20Z,1,-26.4446,155.66394,1,1483.4,1,34.559,1,3.283,1,1483.4,1,3.283,1,34.559,1
5905612,2025-10-12T00:47:20Z,1,-26.4446,155.66394,1,1485.6,1,34.559,1,3.278,1,1485.6,1,3.278,1,34.559,1
5905612,2025-10-12T00:47:20Z,1,-26.4446,155.66394,1,1487.4,1,34.559,1,3.277,1,1487.4,1,3.277,1,34.559,1
5905612,2025-10-12T00:47:20Z,1,-26.4446,155.66394,1,1489.2,1,34.559,1,3.277,1,1489.2,1,3.277,1,34.559,1
5905612,2025-10-12T00:47:20Z,1,-26.4446,155.66394,1,1491.5,1,34.56,1,3.269,1,1491.5,1,3.269,1,34.56,1
5905612,2025-10-12T00:47:20Z,1,-26.4446,155.66394,1,1493.7,1,34.56,1,3.262,1,1493.7,1,3.262,1,34.56,1
5905612,2025-10-12T00:47:20Z,1,-26.4446,155.66394,1,1495.5,1,34.562,1,3.257,1,1495.5,1,3.257,1,34.562,1
5905612,2025-10-12T00:47:20Z,1,-26.4446,155.66394,1,1497.3,1,34.562,1,3.253,1,1497.3,1,3.253,1,34.562,1
5905612,2025-10-12T00:47:20Z,1,-26.4446,155.66394,1,1499.2,1,34.562,1,3.252,1,1499.2,1,3.252,1,34.562,1
5905612,2025-10-12T00:47:20Z,1,-26.4446,155.66394,1,1501.5,1,34.562,1,3.248,1,1501.5,1,3.248,1,34.562,1
5905612,2025-10-12T00:47:20Z,1,-26.4446,155.66394,1,1503.7,1,34.562,1,3.244,1,1503.7,1,3.244,1,34.562,1
5905612,2025-10-12T00:47:20Z,1,-26.4446,155.66394,1,1505.5,1,34.563,1,3.241,1,1505.5,1,3.241,1,34.563,1
5905612,2025-10-12T00:47:20Z,1,-26.4446,155.66394,1,1507.3,1,34.563,1,3.238,1,1507.3,1,3.238,1,34.563,1
5905612,2025-10-12T00:47:20Z,1,-26.4446,155.66394,1,1509.1,1,34.564,1,3.235,1,1509.1,1,3.235,1,34.564,1
5905612,2025-10-12T00:47:20Z,1,-26.4446,155.66394,1,1511.4,1,34.565,1,3.229,1,1511.4,1,3.229,1,34.565,1
5905612,2025-10-12T00:47:20Z,1,-26.4446,155.66394,1,1513.7,1,34.565,1,3.222,1,1513.7,1,3.222,1,34.565,1
5905612,2025-10-12T00:47:20Z,1,-26.4446,155.66394,1,1515.5,1,34.565,1,3.219,1,1515.5,1,3.219,1,34.565,1
5905612,2025-10-12T00:47:20Z,1,-26.4446,155.66394,1,1517.3,1,34.566,1,3.214,1,1517.3,1,3.214,1,34.566,1
5905612,2025-10-12T00:47:20Z,1,-26.4446,155.66394,1,1519.2,1,34.566,1,3.215,1,1519.2,1,3.215,1,34.566,1
5905612,2025-10-12T00:47:20Z,1,-26.4446,155.66394,1,1521.0,1,34.566,1,3.213,1,1521.0,1,3.213,1,34.566,1
5905612,2025-10-12T00:47:20Z,1,-26.4446,155.66394,1,1523.4,1,34.567,1,3.205,1,1523.4,1,3.205,1,34.567,1
5905612,2025-10-12T00:47:20Z,1,-26.4446,155.66394,1,1525.7,1,34.568,1,3.198,1,1525.7,1,3.198,1,34.568,1
5905612,2025-10-12T00:47:20Z,1,-26.4446,155.66394,1,1527.7,1,34.568,1,3.195,1,1527.7,1,3.195,1,34.568,1
5905612,2025-10-12T00:47:20Z,1,-26.4446,155.66394,1,1529.5,1,34.568,1,3.191,1,1529.5,1,3.191,1,34.568,1
5905612,2025-10-12T00:47:20Z,1,-26.4446,155.66394,1,1531.4,1,34.569,1,3.187,1,1531.4,1,3.187,1,34.569,1
5905612,2025-10-12T00:47:20Z,1,-26.4446,155.66394,1,1533.3,1,34.569,1,3.18,1,1533.3,1,3.18,1,34.569,1
5905612,2025-10-12T00:47:20Z,1,-26.4446,155.66394,1,1535.2,1,34.57,1,3.174,1,1535.2,1,3.174,1,34.57,1
5905612,2025-10-12T00:47:20Z,1,-26.4446,155.66394,1,1537.1,1,34.57,1,3.171,1,1537.1,1,3.171,1,34.57,1
5905612,2025-10-12T00:47:20Z,1,-26.4446,155.66394,1,1539.5,1,34.571,1,3.166,1,1539.5,1,3.166,1,34.571,1
5905612,2025-10-12T00:47:20Z,1,-26.4446,155.66394,1,1541.9,1,34.571,1,3.16,1,1541.9,1,3.16,1,34.571,1
5905612,2025-10-12T00:47:20Z,1,-26.4446,155.66394,1,1543.8,1,34.572,1,3.154,1,1543.8,1,3.154,1,34.572,1
5905612,2025-10-12T00:47:20Z,1,-26.4446,155.66394,1,1545.7,1,34.572,1,3.147,1,1545.7,1,3.147,1,34.572,1
5905612,2025-10-12T00:47:20Z,1,-26.4446,155.66394,1,1547.6,1,34.573,1,3.144,1,1547.6,1,3.144,1,34.573,1
5905612,2025-10-12T00:47:20Z,1,-26.4446,155.66394,1,1549.5,1,34.572,1,3.143,1,1549.5,1,3.143,1,34.572,1
5905612,2025-10-12T00:47:20Z,1,-26.4446,155.66394,1,1551.4,1,34.572,1,3.135,1,1551.4,1,3.135,1,34.572,1
5905612,2025-10-12T00:47:20Z,1,-26.4446,155.66394,1,1553.4,1,34.573,1,3.127,1,1553.4,1,3.127,1,34.573,1
5905612,2025-10-12T00:47:20Z,1,-26.4446,155.66394,1,1555.3,1,34.573,1,3.124,1,1555.3,1,3.124,1,34.573,1
5905612,2025-10-12T00:47:20Z,1,-26.4446,155.66394,1,1557.3,1,34.574,1,3.121,1,1557.3,1,3.121,1,34.574,1
5905612,2025-10-12T00:47:20Z,1,-26.4446,155.66394,1,1559.3,1,34.574,1,3.117,1,1559.3,1,3.117,1,34.574,1
5905612,2025-10-12T00:47:20Z,1,-26.4446,155.66394,1,1561.2,1,34.575,1,3.112,1,1561.2,1,3.112,1,34.575,1
5905612,2025-10-12T00:47:20Z,1,-26.4446,155.66394,1,1563.2,1,34.574,1,3.109,1,1563.2,1,3.109,1,34.574,1
5905612,2025-10-12T00:47:20Z,1,-26.4446,155.66394,1,1565.2,1,34.574,1,3.103,1,1565.2,1,3.103,1,34.574,1
5905612,2025-10-12T00:47:20Z,1,-26.4446,155.66394,1,1567.2,1,34.575,1,3.097,1,1567.2,1,3.097,1,34.575,1
5905612,2025-10-12T00:47:20Z,1,-26.4446,155.66394,1,1569.3,1,34.576,1,3.094,1,1569.3,1,3.094,1,34.576,1
5905612,2025-10-12T00:47:20Z,1,-26.4446,155.66394,1,1571.3,1,34.576,1,3.091,1,1571.3,1,3.091,1,34.576,1
5905612,2025-10-12T00:47:20Z,1,-26.4446,155.66394,1,1573.3,1,34.576,1,3.09,1,1573.3,1,3.09,1,34.576,1
5905612,2025-10-12T00:47:20Z,1,-26.4446,155.66394,1,1575.4,1,34.576,1,3.085,1,1575.4,1,3.085,1,34.576,1
5905612,2025-10-12T00:47:20Z,1,-26.4446,155.66394,1,1577.4,1,34.577,1,3.078,1,1577.4,1,3.078,1,34.577,1
5905612,2025-10-12T00:47:20Z,1,-26.4446,155.66394,1,1579.5,1,34.577,1,3.071,1,1579.5,1,3.071,1,34.577,1
5905612,2025-10-12T00:47:20Z,1,-26.4446,155.66394,1,1581.5,1,34.578,1,3.066,1,1581.5,1,3.066,1,34.578,1
5905612,2025-10-12T00:47:20Z,1,-26.4446,155.66394,1,1583.6,1,34.578,1,3.062,1,1583.6,1,3.062,1,34.578,1
5905612,2025-10-12T00:47:20Z,1,-26.4446,155.66394,1,1585.6,1,34.579,1,3.058,1,1585.6,1,3.058,1,34.579,1
5905612,2025-10-12T00:47:20Z,1,-26.4446,155.66394,1,1587.7,1,34.579,1,3.054,1,1587.7,1,3.054,1,34.579,1
5905612,2025-10-12T00:47:20Z,1,-26.4446,155.66394,1,1589.8,1,34.58,1,3.051,1,1589.8,1,3.051,1,34.58,1
5905612,2025-10-12T00:47:20Z,1,-26.4446,155.66394,1,1591.9,1,34.58,1,3.046,1,1591.9,1,3.046,1,34.58,1
5905612,2025-10-12T00:47:20Z,1,-26.4446,155.66394,1,1593.5,1,34.58,1,3.044,1,1593.5,1,3.044,1,34.58,1
5905612,2025-10-12T00:47:20Z,1,-26.4446,155.66394,1,1595.0,1,34.58,1,3.04,1,1595.0,1,3.04,1,34.58,1
5905612,2025-10-12T00:47:20Z,1,-26.4446,155.66394,1,1597.1,1,34.581,1,3.037,1,1597.1,1,3.037,1,34.581,1
5905612,2025-10-12T00:47:20Z,1,-26.4446,155.66394,1,1599.5,1,34.582,1,3.031,1,1599.5,1,3.031,1,34.582,1
5905612,2025-10-12T00:47:20Z,1,-26.4446,155.66394,1,1601.6,1,34.582,1,3.025,1,1601.6,1,3.025,1,34.582,1
5905612,2025-10-12T00:47:20Z,1,-26.4446,155.66394,1,1603.6,1,34.583,1,3.022,1,1603.6,1,3.022,1,34.583,1
5905612,2025-10-12T00:47:20Z,1,-26.4446,155.66394,1,1605.6,1,34.583,1,3.019,1,1605.6,1,3.019,1,34.583,1
5905612,2025-10-12T00:47:20Z,1,-26.4446,155.66394,1,1607.3,1,34.583,1,3.018,1,1607.3,1,3.018,1,34.583,1
5905612,2025-10-12T00:47:20Z,1,-26.4446,155.66394,1,1609.3,1,34.583,1,3.017,1,1609.3,1,3.017,1,34.583,1
5905612,2025-10-12T00:47:20Z,1,-26.4446,155.66394,1,1611.3,1,34.583,1,3.014,1,1611.3,1,3.014,1,34.583,1
5905612,2025-10-12T00:47:20Z,1,-26.4446,155.66394,1,1613.4,1,34.583,1,3.011,1,1613.4,1,3.011,1,34.583,1
5905612,2025-10-12T00:47:20Z,1,-26.4446,155.66394,1,1615.4,1,34.584,1,3.007,1,1615.4,1,3.007,1,34.584,1
5905612,2025-10-12T00:47:20Z,1,-26.4446,155.66394,1,1617.5,1,34.584,1,3.002,1,1617.5,1,3.002,1,34.584,1
5905612,2025-10-12T00:47:20Z,1,-26.4446,155.66394,1,1619.6,1,34.585,1,2.991,1,1619.6,1,2.991,1,34.585,1
5905612,2025-10-12T00:47:20Z,1,-26.4446,155.66394,1,1621.2,1,34.586,1,2.988,1,1621.2,1,2.988,1,34.586,1
5905612,2025-10-12T00:47:20Z,1,-26.4446,155.66394,1,1623.3,1,34.586,1,2.984,1,1623.3,1,2.984,1,34.586,1
5905612,2025-10-12T00:47:20Z,1,-26.4446,155.66394,1,1625.4,1,34.586,1,2.981,1,1625.4,1,2.981,1,34.586,1
5905612,2025-10-12T00:47:20Z,1,-26.4446,155.66394,1,1627.5,1,34.587,1,2.976,1,1627.5,1,2.976,1,34.587,1
5905612,2025-10-12T00:47:20Z,1,-26.4446,155.66394,1,1629.6,1,34.587,1,2.97,1,1629.6,1,2.97,1,34.587,1
5905612,2025-10-12T00:47:20Z,1,-26.4446,155.66394,1,1631.3,1,34.587,1,2.968,1,1631.3,1,2.968,1,34.587,1
5905612,2025-10-12T00:47:20Z,1,-26.4446,155.66394,1,1633.5,1,34.588,1,2.96,1,1633.5,1,2.96,1,34.588,1
5905612,2025-10-12T00:47:20Z,1,-26.4446,155.66394,1,1635.6,1,34.589,1,2.953,1,1635.6,1,2.953,1,34.589,1
5905612,2025-10-12T00:47:20Z,1,-26.4446,155.66394,1,1637.3,1,34.589,1,2.952,1,1637.3,1,2.952,1,34.589,1
5905612,2025-10-12T00:47:20Z,1,-26.4446,155.66394,1,1639.4,1,34.59,1,2.948,1,1639.4,1,2.948,1,34.59,1
5905612,2025-10-12T00:47:20Z,1,-26.4446,155.66394,1,1641.5,1,34.59,1,2.944,1,1641.5,1,2.944,1,34.59,1
5905612,2025-10-12T00:47:20Z,1,-26.4446,155.66394,1,1643.2,1,34.59,1,2.944,1,1643.2,1,2.944,1,34.59,1
5905612,2025-10-12T00:47:20Z,1,-26.4446,155.66394,1,1645.3,1,34.59,1,2.943,1,1645.3,1,2.943,1,34.59,1
5905612,2025-10-12T00:47:20Z,1,-26.4446,155.66394,1,1647.4,1,34.59,1,2.939,1,1647.4,1,2.939,1,34.59,1
5905612,2025-10-12T00:47:20Z,1,-26.4446,155.66394,1,1649.5,1,34.591,1,2.934,1,1649.5,1,2.934,1,34.591,1
5905612,2025-10-12T00:47:20Z,1,-26.4446,155.66394,1,1651.7,1,34.591,1,2.931,1,1651.7,1,2.931,1,34.591,1
5905612,2025-10-12T00:47:20Z,1,-26.4446,155.66394,1,1653.4,1,34.591,1,2.926,1,1653.4,1,2.926,1,34.591,1
5905612,2025-10-12T00:47:20Z,1,-26.4446,155.66394,1,1655.5,1,34.592,1,2.917,1,1655.5,1,2.917,1,34.592,1
5905612,2025-10-12T00:47:20Z,1,-26.4446,155.66394,1,1657.6,1,34.593,1,2.91,1,1657.6,1,2.91,1,34.593,1
5905612,2025-10-12T00:47:20Z,1,-26.4446,155.66394,1,1659.3,1,34.593,1,2.906,1,1659.3,1,2.906,1,34.593,1
5905612,2025-10-12T00:47:20Z,1,-26.4446,155.66394,1,1661.5,1,34.593,1,2.904,1,1661.5,1,2.904,1,34.593,1
5905612,2025-10-12T00:47:20Z,1,-26.4446,155.66394,1,1663.6,1,34.594,1,2.902,1,1663.6,1,2.902,1,34.594,1
5905612,2025-10-12T00:47:20Z,1,-26.4446,155.66394,1,1665.3,1,34.594,1,2.899,1,1665.3,1,2.899,1,34.594,1
5905612,2025-10-12T00:47:20Z,1,-26.4446,155.66394,1,1667.5,1,34.594,1,2.897,1,1667.5,1,2.897,1,34.594,1
5905612,2025-10-12T00:47:20Z,1,-26.4446,155.66394,1,1669.7,1,34.595,1,2.894,1,1669.7,1,2.894,1,34.595,1
5905612,2025-10-12T00:47:20Z,1,-26.4446,155.66394,1,1671.4,1,34.594,1,2.891,1,1671.4,1,2.891,1,34.594,1
5905612,2025-10-12T00:47:20Z,1,-26.4446,155.66394,1,1673.1,1,34.596,1,2.884,1,1673.1,1,2.884,1,34.596,1
5905612,2025-10-12T00:47:20Z,1,-26.4446,155.66394,1,1675.3,1,34.596,1,2.881,1,1675.3,1,2.881,1,34.596,1
5905612,2025-10-12T00:47:20Z,1,-26.4446,155.66394,1,1677.4,1,34.596,1,2.876,1,1677.4,1,2.876,1,34.596,1
5905612,2025-10-12T00:47:20Z,1,-26.4446,155.66394,1,1679.1,1,34.597,1,2.87,1,1679.1,1,2.87,1,34.597,1
5905612,2025-10-12T00:47:20Z,1,-26.4446,155.66394,1,1681.3,1,34.597,1,2.867,1,1681.3,1,2.867,1,34.597,1
5905612,2025-10-12T00:47:20Z,1,-26.4446,155.66394,1,1683.5,1,34.598,1,2.866,1,1683.5,1,2.866,1,34.598,1
5905612,2025-10-12T00:47:20Z,1,-26.4446,155.66394,1,1685.2,1,34.597,1,2.866,1,1685.2,1,2.866,1,34.597,1
5905612,2025-10-12T00:47:20Z,1,-26.4446,155.66394,1,1687.3,1,34.597,1,2.863,1,1687.3,1,2.863,1,34.597,1
5905612,2025-10-12T00:47:20Z,1,-26.4446,155.66394,1,1689.5,1,34.598,1,2.859,1,1689.5,1,2.859,1,34.598,1
5905612,2025-10-12T00:47:20Z,1,-26.4446,155.66394,1,1691.2,1,34.599,1,2.851,1,1691.2,1,2.851,1,34.599,1
5905612,2025-10-12T00:47:20Z,1,-26.4446,155.66394,1,1693.3,1,34.599,1,2.843,1,1693.3,1,2.843,1,34.599,1
5905612,2025-10-12T00:47:20Z,1,-26.4446,155.66394,1,1695.5,1,34.6,1,2.84,1,1695.5,1,2.84,1,34.6,1
5905612,2025-10-12T00:47:20Z,1,-26.4446,155.66394,1,1697.2,1,34.601,1,2.832,1,1697.2,1,2.832,1,34.601,1
5905612,2025-10-12T00:47:20Z,1,-26.4446,155.66394,1,1699.3,1,34.601,1,2.824,1,1699.3,1,2.824,1,34.601,1
5905612,2025-10-12T00:47:20Z,1,-26.4446,155.66394,1,1701.4,1,34.602,1,2.818,1,1701.4,1,2.818,1,34.602,1
5905612,2025-10-12T00:47:20Z,1,-26.4446,155.66394,1,1703.2,1,34.603,1,2.811,1,1703.2,1,2.811,1,34.603,1
5905612,2025-10-12T00:47:20Z,1,-26.4446,155.66394,1,1705.3,1,34.603,1,2.807,1,1705.3,1,2.807,1,34.603,1
5905612,2025-10-12T00:47:20Z,1,-26.4446,155.66394,1,1707.4,1,34.604,1,2.803,1,1707.4,1,2.803,1,34.604,1
5905612,2025-10-12T00:47:20Z,1,-26.4446,155.66394,1,1709.5,1,34.603,1,2.801,1,1709.5,1,2.801,1,34.603,1
5905612,2025-10-12T00:47:20Z,1,-26.4446,155.66394,1,1711.7,1,34.604,1,2.795,1,1711.7,1,2.795,1,34.604,1
5905612,2025-10-12T00:47:20Z,1,-26.4446,155.66394,1,1713.3,1,34.604,1,2.794,1,1713.3,1,2.794,1,34.604,1
5905612,2025-10-12T00:47:20Z,1,-26.4446,155.66394,1,1715.4,1,34.605,1,2.791,1,1715.4,1,2.791,1,34.605,1
5905612,2025-10-12T00:47:20Z,1,-26.4446,155.66394,1,1717.5,1,34.605,1,2.79,1,1717.5,1,2.79,1,34.605,1
5905612,2025-10-12T00:47:20Z,1,-26.4446,155.66394,1,1719.2,1,34.605,1,2.787,1,1719.2,1,2.787,1,34.605,1
5905612,2025-10-12T00:47:20Z,1,-26.4446,155.66394,1,1721.3,1,34.606,1,2.782,1,1721.3,1,2.782,1,34.606,1
5905612,2025-10-12T00:47:20Z,1,-26.4446,155.66394,1,1723.4,1,34.606,1,2.773,1,1723.4,1,2.773,1,34.606,1
5905612,2025-10-12T00:47:20Z,1,-26.4446,155.66394,1,1725.5,1,34.607,1,2.765,1,1725.5,1,2.765,1,34.607,1
5905612,2025-10-12T00:47:20Z,1,-26.4446,155.66394,1,1727.7,1,34.608,1,2.76,1,1727.7,1,2.76,1,34.608,1
5905612,2025-10-12T00:47:20Z,1,-26.4446,155.66394,1,1729.4,1,34.608,1,2.755,1,1729.4,1,2.755,1,34.608,1
5905612,2025-10-12T00:47:20Z,1,-26.4446,155.66394,1,1731.5,1,34.608,1,2.754,1,1731.5,1,2.754,1,34.608,1
5905612,2025-10-12T00:47:20Z,1,-26.4446,155.66394,1,1733.6,1,34.608,1,2.753,1,1733.6,1,2.753,1,34.608,1
5905612,2025-10-12T00:47:20Z,1,-26.4446,155.66394,1,1735.3,1,34.609,1,2.75,1,1735.3,1,2.75,1,34.609,1
5905612,2025-10-12T00:47:20Z,1,-26.4446,155.66394,1,1737.5,1,34.609,1,2.747,1,1737.5,1,2.747,1,34.609,1
5905612,2025-10-12T00:47:20Z,1,-26.4446,155.66394,1,1739.7,1,34.609,1,2.745,1,1739.7,1,2.745,1,34.609,1
5905612,2025-10-12T00:47:20Z,1,-26.4446,155.66394,1,1741.4,1,34.609,1,2.741,1,1741.4,1,2.741,1,34.609,1
5905612,2025-10-12T00:47:20Z,1,-26.4446,155.66394,1,1743.2,1,34.61,1,2.737,1,1743.2,1,2.737,1,34.61,1
5905612,2025-10-12T00:47:20Z,1,-26.4446,155.66394,1,1745.4,1,34.61,1,2.731,1,1745.4,1,2.731,1,34.61,1
5905612,2025-10-12T00:47:20Z,1,-26.4446,155.66394,1,1747.6,1,34.611,1,2.727,1,1747.6,1,2.727,1,34.611,1
5905612,2025-10-12T00:47:20Z,1,-26.4446,155.66394,1,1749.3,1,34.611,1,2.725,1,1749.3,1,2.725,1,34.611,1
5905612,2025-10-12T00:47:20Z,1,-26.4446,155.66394,1,1751.5,1,34.611,1,2.717,1,1751.5,1,2.717,1,34.611,1
5905612,2025-10-12T00:47:20Z,1,-26.4446,155.66394,1,1753.7,1,34.613,1,2.709,1,1753.7,1,2.709,1,34.613,1
5905612,2025-10-12T00:47:20Z,1,-26.4446,155.66394,1,1755.5,1,34.614,1,2.703,1,1755.5,1,2.703,1,34.614,1
5905612,2025-10-12T00:47:20Z,1,-26.4446,155.66394,1,1757.2,1,34.614,1,2.702,1,1757.2,1,2.702,1,34.614,1
5905612,2025-10-12T00:47:20Z,1,-26.4446,155.66394,1,1759.5,1,34.614,1,2.699,1,1759.5,1,2.699,1,34.614,1
5905612,2025-10-12T00:47:20Z,1,-26.4446,155.66394,1,1761.7,1,34.614,1,2.694,1,1761.7,1,2.694,1,34.614,1
5905612,2025-10-12T00:47:20Z,1,-26.4446,155.66394,1,1763.4,1,34.615,1,2.692,1,1763.4,1,2.692,1,34.615,1
5905612,2025-10-12T00:47:20Z,1,-26.4446,155.66394,1,1765.2,1,34.615,1,2.689,1,1765.2,1,2.689,1,34.615,1
5905612,2025-10-12T00:47:20Z,1,-26.4446,155.66394,1,1767.4,1,34.615,1,2.686,1,1767.4,1,2.686,1,34.615,1
5905612,2025-10-12T00:47:20Z,1,-26.4446,155.66394,1,1769.7,1,34.616,1,2.683,1,1769.7,1,2.683,1,34.616,1
5905612,2025-10-12T00:47:20Z,1,-26.4446,155.66394,1,1771.5,1,34.616,1,2.679,1,1771.5,1,2.679,1,34.616,1
5905612,2025-10-12T00:47:20Z,1,-26.4446,155.66394,1,1773.2,1,34.616,1,2.675,1,1773.2,1,2.675,1,34.616,1
5905612,2025-10-12T00:47:20Z,1,-26.4446,155.66394,1,1775.1,1,34.618,1,2.667,1,1775.1,1,2.667,1,34.618,1
5905612,2025-10-12T00:47:20Z,1,-26.4446,155.66394,1,1777.4,1,34.618,1,2.662,1,1777.4,1,2.662,1,34.618,1
5905612,2025-10-12T00:47:20Z,1,-26.4446,155.66394,1,1779.6,1,34.618,1,2.659,1,1779.6,1,2.659,1,34.618,1
5905612,2025-10-12T00:47:20Z,1,-26.4446,155.66394,1,1781.4,1,34.619,1,2.654,1,1781.4,1,2.654,1,34.619,1
5905612,2025-10-12T00:47:20Z,1,-26.4446,155.66394,1,1783.2,1,34.619,1,2.652,1,1783.2,1,2.652,1,34.619,1
5905612,2025-10-12T00:47:20Z,1,-26.4446,155.66394,1,1785.1,1,34.62,1,2.645,1,1785.1,1,2.645,1,34.62,1
5905612,2025-10-12T00:47:20Z,1,-26.4446,155.66394,1,1787.4,1,34.62,1,2.644,1,1787.4,1,2.644,1,34.62,1
5905612,2025-10-12T00:47:20Z,1,-26.4446,155.66394,1,1789.7,1,34.62,1,2.642,1,1789.7,1,2.642,1,34.62,1
5905612,2025-10-12T00:47:20Z,1,-26.4446,155.66394,1,1791.5,1,34.621,1,2.636,1,1791.5,1,2.636,1,34.621,1
5905612,2025-10-12T00:47:20Z,1,-26.4446,155.66394,1,1793.3,1,34.621,1,2.631,1,1793.3,1,2.631,1,34.621,1
5905612,2025-10-12T00:47:20Z,1,-26.4446,155.66394,1,1795.2,1,34.622,1,2.625,1,1795.2,1,2.625,1,34.622,1
5905612,2025-10-12T00:47:20Z,1,-26.4446,155.66394,1,1797.1,1,34.622,1,2.624,1,1797.1,1,2.624,1,34.622,1
5905612,2025-10-12T00:47:20Z,1,-26.4446,155.66394,1,1799.4,1,34.622,1,2.622,1,1799.4,1,2.622,1,34.622,1
5905612,2025-10-12T00:47:20Z,1,-26.4446,155.66394,1,1801.8,1,34.623,1,2.616,1,1801.8,1,2.616,1,34.623,1
5905612,2025-10-12T00:47:20Z,1,-26.4446,155.66394,1,1803.7,1,34.623,1,2.613,1,1803.7,1,2.613,1,34.623,1
5905612,2025-10-12T00:47:20Z,1,-26.4446,155.66394,1,1805.6,1,34.624,1,2.608,1,1805.6,1,2.608,1,34.624,1
5905612,2025-10-12T00:47:20Z,1,-26.4446,155.66394,1,1807.4,1,34.624,1,2.605,1,1807.4,1,2.605,1,34.624,1
5905612,2025-10-12T00:47:20Z,1,-26.4446,155.66394,1,1809.3,1,34.624,1,2.603,1,1809.3,1,2.603,1,34.624,1
5905612,2025-10-12T00:47:20Z,1,-26.4446,155.66394,1,1811.2,1,34.625,1,2.6,1,1811.2,1,2.6,1,34.625,1
5905612,2025-10-12T00:47:20Z,1,-26.4446,155.66394,1,1813.1,1,34.625,1,2.597,1,1813.1,1,2.597,1,34.625,1
5905612,2025-10-12T00:47:20Z,1,-26.4446,155.66394,1,1815.0,1,34.626,1,2.59,1,1815.0,1,2.59,1,34.626,1
5905612,2025-10-12T00:47:20Z,1,-26.4446,155.66394,1,1817.4,1,34.626,1,2.589,1,1817.4,1,2.589,1,34.626,1
5905612,2025-10-12T00:47:20Z,1,-26.4446,155.66394,1,1819.8,1,34.627,1,2.586,1,1819.8,1,2.586,1,34.627,1
5905612,2025-10-12T00:47:20Z,1,-26.4446,155.66394,1,1821.7,1,34.627,1,2.585,1,1821.7,1,2.585,1,34.627,1
5905612,2025-10-12T00:47:20Z,1,-26.4446,155.66394,1,1823.6,1,34.627,1,2.581,1,1823.6,1,2.581,1,34.627,1
5905612,2025-10-12T00:47:20Z,1,-26.4446,155.66394,1,1825.5,1,34.628,1,2.577,1,1825.5,1,2.577,1,34.628,1
5905612,2025-10-12T00:47:20Z,1,-26.4446,155.66394,1,1827.4,1,34.628,1,2.576,1,1827.4,1,2.576,1,34.628,1
5905612,2025-10-12T00:47:20Z,1,-26.4446,155.66394,1,1829.4,1,34.628,1,2.574,1,1829.4,1,2.574,1,34.628,1
5905612,2025-10-12T00:47:20Z,1,-26.4446,155.66394,1,1831.4,1,34.628,1,2.572,1,1831.4,1,2.572,1,34.628,1
5905612,2025-10-12T00:47:20Z,1,-26.4446,155.66394,1,1833.3,1,34.629,1,2.565,1,1833.3,1,2.565,1,34.629,1
5905612,2025-10-12T00:47:20Z,1,-26.4446,155.66394,1,1835.3,1,34.629,1,2.563,1,1835.3,1,2.563,1,34.629,1
5905612,2025-10-12T00:47:20Z,1,-26.4446,155.66394,1,1837.2,1,34.63,1,2.561,1,1837.2,1,2.561,1,34.63,1
5905612,2025-10-12T00:47:20Z,1,-26.4446,155.66394,1,1839.2,1,34.63,1,2.555,1,1839.2,1,2.555,1,34.63,1
5905612,2025-10-12T00:47:20Z,1,-26.4446,155.66394,1,1841.1,1,34.63,1,2.553,1,1841.1,1,2.553,1,34.63,1
5905612,2025-10-12T00:47:20Z,1,-26.4446,155.66394,1,1843.1,1,34.631,1,2.551,1,1843.1,1,2.551,1,34.631,1
5905612,2025-10-12T00:47:20Z,1,-26.4446,155.66394,1,1845.1,1,34.631,1,2.548,1,1845.1,1,2.548,1,34.631,1
5905612,2025-10-12T00:47:20Z,1,-26.4446,155.66394,1,1847.0,1,34.631,1,2.546,1,1847.0,1,2.546,1,34.631,1
5905612,2025-10-12T00:47:20Z,1,-26.4446,155.66394,1,1849.4,1,34.632,1,2.54,1,1849.4,1,2.54,1,34.632,1
5905612,2025-10-12T00:47:20Z,1,-26.4446,155.66394,1,1851.9,1,34.633,1,2.534,1,1851.9,1,2.534,1,34.633,1
5905612,2025-10-12T00:47:20Z,1,-26.4446,155.66394,1,1853.8,1,34.633,1,2.533,1,1853.8,1,2.533,1,34.633,1
5905612,2025-10-12T00:47:20Z,1,-26.4446,155.66394,1,1855.8,1,34.633,1,2.533,1,1855.8,1,2.533,1,34.633,1
5905612,2025-10-12T00:47:20Z,1,-26.4446,155.66394,1,1857.8,1,34.633,1,2.532,1,1857.8,1,2.532,1,34.633,1
5905612,2025-10-12T00:47:20Z,1,-26.4446,155.66394,1,1859.8,1,34.634,1,2.53,1,1859.8,1,2.53,1,34.634,1
5905612,2025-10-12T00:47:20Z,1,-26.4446,155.66394,1,1861.8,1,34.634,1,2.526,1,1861.8,1,2.526,1,34.634,1
5905612,2025-10-12T00:47:20Z,1,-26.4446,155.66394,1,1863.8,1,34.635,1,2.521,1,1863.8,1,2.521,1,34.635,1
5905612,2025-10-12T00:47:20Z,1,-26.4446,155.66394,1,1865.7,1,34.635,1,2.519,1,1865.7,1,2.519,1,34.635,1
5905612,2025-10-12T00:47:20Z,1,-26.4446,155.66394,1,1867.7,1,34.635,1,2.513,1,1867.7,1,2.513,1,34.635,1
5905612,2025-10-12T00:47:20Z,1,-26.4446,155.66394,1,1869.8,1,34.636,1,2.51,1,1869.8,1,2.51,1,34.636,1
5905612,2025-10-12T00:47:20Z,1,-26.4446,155.66394,1,1871.8,1,34.636,1,2.509,1,1871.8,1,2.509,1,34.636,1
5905612,2025-10-12T00:47:20Z,1,-26.4446,155.66394,1,1873.8,1,34.637,1,2.504,1,1873.8,1,2.504,1,34.637,1
5905612,2025-10-12T00:47:20Z,1,-26.4446,155.66394,1,1875.8,1,34.637,1,2.503,1,1875.8,1,2.503,1,34.637,1
5905612,2025-10-12T00:47:20Z,1,-26.4446,155.66394,1,1877.8,1,34.638,1,2.497,1,1877.8,1,2.497,1,34.638,1
5905612,2025-10-12T00:47:20Z,1,-26.4446,155.66394,1,1879.8,1,34.638,1,2.494,1,1879.8,1,2.494,1,34.638,1
5905612,2025-10-12T00:47:20Z,1,-26.4446,155.66394,1,1881.8,1,34.638,1,2.494,1,1881.8,1,2.494,1,34.638,1
5905612,2025-10-12T00:47:20Z,1,-26.4446,155.66394,1,1883.9,1,34.638,1,2.491,1,1883.9,1,2.491,1,34.638,1
5905612,2025-10-12T00:47:20Z,1,-26.4446,155.66394,1,1885.9,1,34.639,1,2.485,1,1885.9,1,2.485,1,34.639,1
5905612,2025-10-12T00:47:20Z,1,-26.4446,155.66394,1,1887.4,1,34.64,1,2.482,1,1887.4,1,2.482,1,34.64,1
5905612,2025-10-12T00:47:20Z,1,-26.4446,155.66394,1,1889.0,1,34.64,1,2.48,1,1889.0,1,2.48,1,34.64,1
5905612,2025-10-12T00:47:20Z,1,-26.4446,155.66394,1,1891.0,1,34.64,1,2.479,1,1891.0,1,2.479,1,34.64,1
5905612,2025-10-12T00:47:20Z,1,-26.4446,155.66394,1,1893.1,1,34.64,1,2.478,1,1893.1,1,2.478,1,34.64,1
5905612,2025-10-12T00:47:20Z,1,-26.4446,155.66394,1,1895.1,1,34.64,1,2.477,1,1895.1,1,2.477,1,34.64,1
5905612,2025-10-12T00:47:20Z,1,-26.4446,155.66394,1,1897.2,1,34.641,1,2.475,1,1897.2,1,2.475,1,34.641,1
5905612,2025-10-12T00:47:20Z,1,-26.4446,155.66394,1,1899.2,1,34.641,1,2.475,1,1899.2,1,2.475,1,34.641,1
5905612,2025-10-12T00:47:20Z,1,-26.4446,155.66394,1,1901.5,1,34.641,1,2.475,1,1901.5,1,2.475,1,34.641,1
5905612,2025-10-12T00:47:20Z,1,-26.4446,155.66394,1,1903.6,1,34.641,1,2.474,1,1903.6,1,2.474,1,34.641,1
5905612,2025-10-12T00:47:20Z,1,-26.4446,155.66394,1,1905.6,1,34.641,1,2.473,1,1905.6,1,2.473,1,34.641,1
5905612,2025-10-12T00:47:20Z,1,-26.4446,155.66394,1,1907.5,1,34.641,1,2.471,1,1907.5,1,2.471,1,34.641,1
5905612,2025-10-12T00:47:20Z,1,-26.4446,155.66394,1,1909.5,1,34.642,1,2.466,1,1909.5,1,2.466,1,34.642,1
5905612,2025-10-12T00:47:20Z,1,-26.4446,155.66394,1,1911.5,1,34.643,1,2.461,1,1911.5,1,2.461,1,34.643,1
5905612,2025-10-12T00:47:20Z,1,-26.4446,155.66394,1,1913.5,1,34.642,1,2.459,1,1913.5,1,2.459,1,34.642,1
5905612,2025-10-12T00:47:20Z,1,-26.4446,155.66394,1,1915.5,1,34.643,1,2.455,1,1915.5,1,2.455,1,34.643,1
5905612,2025-10-12T00:47:20Z,1,-26.4446,155.66394,1,1917.5,1,34.644,1,2.452,1,1917.5,1,2.452,1,34.644,1
5905612,2025-10-12T00:47:20Z,1,-26.4446,155.66394,1,1919.5,1,34.643,1,2.451,1,1919.5,1,2.451,1,34.643,1
5905612,2025-10-12T00:47:20Z,1,-26.4446,155.66394,1,1921.6,1,34.644,1,2.45,1,1921.6,1,2.45,1,34.644,1
5905612,2025-10-12T00:47:20Z,1,-26.4446,155.66394,1,1923.7,1,34.643,1,2.45,1,1923.7,1,2.45,1,34.643,1
5905612,2025-10-12T00:47:20Z,1,-26.4446,155.66394,1,1925.3,1,34.644,1,2.449,1,1925.3,1,2.449,1,34.644,1
5905612,2025-10-12T00:47:20Z,1,-26.4446,155.66394,1,1927.4,1,34.645,1,2.445,1,1927.4,1,2.445,1,34.645,1
5905612,2025-10-12T00:47:20Z,1,-26.4446,155.66394,1,1929.4,1,34.645,1,2.445,1,1929.4,1,2.445,1,34.645,1
5905612,2025-10-12T00:47:20Z,1,-26.4446,155.66394,1,1931.5,1,34.645,1,2.444,1,1931.5,1,2.444,1,34.645,1
5905612,2025-10-12T00:47:20Z,1,-26.4446,155.66394,1,1933.5,1,34.645,1,2.442,1,1933.5,1,2.442,1,34.645,1
5905612,2025-10-12T00:47:20Z,1,-26.4446,155.66394,1,1935.2,1,34.646,1,2.441,1,1935.2,1,2.441,1,34.646,1
5905612,2025-10-12T00:47:20Z,1,-26.4446,155.66394,1,1937.3,1,34.646,1,2.439,1,1937.3,1,2.439,1,34.646,1
5905612,2025-10-12T00:47:20Z,1,-26.4446,155.66394,1,1939.4,1,34.646,1,2.437,1,1939.4,1,2.437,1,34.646,1
5905612,2025-10-12T00:47:20Z,1,-26.4446,155.66394,1,1941.4,1,34.646,1,2.435,1,1941.4,1,2.435,1,34.646,1
5905612,2025-10-12T00:47:20Z,1,-26.4446,155.66394,1,1943.6,1,34.647,1,2.433,1,1943.6,1,2.433,1,34.647,1
5905612,2025-10-12T00:47:20Z,1,-26.4446,155.66394,1,1945.3,1,34.647,1,2.429,1,1945.3,1,2.429,1,34.647,1
5905612,2025-10-12T00:47:20Z,1,-26.4446,155.66394,1,1947.4,1,34.647,1,2.427,1,1947.4,1,2.427,1,34.647,1
5905612,2025-10-12T00:47:20Z,1,-26.4446,155.66394,1,1949.5,1,34.648,1,2.425,1,1949.5,1,2.425,1,34.648,1
5905612,2025-10-12T00:47:20Z,1,-26.4446,155.66394,1,1951.2,1,34.648,1,2.424,1,1951.2,1,2.424,1,34.648,1
5905612,2025-10-12T00:47:20Z,1,-26.4446,155.66394,1,1953.4,1,34.648,1,2.421,1,1953.4,1,2.421,1,34.648,1
5905612,2025-10-12T00:47:20Z,1,-26.4446,155.66394,1,1955.6,1,34.648,1,2.422,1,1955.6,1,2.422,1,34.648,1
5905612,2025-10-12T00:47:20Z,1,-26.4446,155.66394,1,1957.4,1,34.649,1,2.42,1,1957.4,1,2.42,1,34.649,1
5905612,2025-10-12T00:47:20Z,1,-26.4446,155.66394,1,1959.1,1,34.649,1,2.416,1,1959.1,1,2.416,1,34.649,1
5905612,2025-10-12T00:47:20Z,1,-26.4446,155.66394,1,1961.3,1,34.649,1,2.416,1,1961.3,1,2.416,1,34.649,1
5905612,2025-10-12T00:47:20Z,1,-26.4446,155.66394,1,1963.5,1,34.649,1,2.415,1,1963.5,1,2.415,1,34.649,1
5905612,2025-10-12T00:47:20Z,1,-26.4446,155.66394,1,1965.3,1,34.649,1,2.413,1,1965.3,1,2.413,1,34.649,1
5905612,2025-10-12T00:47:20Z,1,-26.4446,155.66394,1,1967.5,1,34.649,1,2.414,1,1967.5,1,2.414,1,34.649,1
5905612,2025-10-12T00:47:20Z,1,-26.4446,155.66394,1,1969.7,1,34.649,1,2.413,1,1969.7,1,2.413,1,34.649,1
5905612,2025-10-12T00:47:20Z,1,-26.4446,155.66394,1,1971.6,1,34.649,1,2.413,1,1971.6,1,2.413,1,34.649,1
5905612,2025-10-12T00:47:20Z,1,-26.4446,155.66394,1,1973.3,1,34.649,1,2.411,1,1973.3,1,2.411,1,34.649,1
5905612,2025-10-12T00:47:20Z,1,-26.4446,155.66394,1,1975.1,1,34.65,1,2.406,1,1975.1,1,2.406,1,34.65,1
5905612,2025-10-12T00:47:20Z,1,-26.4446,155.66394,1,1977.4,1,34.651,1,2.402,1,1977.4,1,2.402,1,34.651,1
5905612,2025-10-12T00:47:20Z,1,-26.4446,155.66394,1,1979.6,1,34.651,1,2.402,1,1979.6,1,2.402,1,34.651,1
5905612,2025-10-12T00:47:20Z,1,-26.4446,155.66394,1,1981.5,1,34.651,1,2.401,1,1981.5,1,2.401,1,34.651,1
5905612,2025-10-12T00:47:20Z,1,-26.4446,155.66394,1,1983.4,1,34.651,1,2.4,1,1983.4,1,2.4,1,34.651,1
5905612,2025-10-12T00:47:20Z,1,-26.4446,155.66394,1,1985.2,1,34.651,1,2.399,1,1985.2,1,2.399,1,34.651,1
5905612,2025-10-12T00:47:20Z,1,-26.4446,155.66394,1,1987.1,1,34.652,1,2.397,1,1987.1,1,2.397,1,34.652,1
5905612,2025-10-12T00:47:20Z,1,-26.4446,155.66394,1,1989.4,1,34.652,1,2.394,1,1989.4,1,2.394,1,34.652,1
5905612,2025-10-12T00:47:20Z,1,-26.4446,155.66394,1,1991.8,1,34.652,1,2.391,1,1991.8,1,2.391,1,34.652,1
5905612,2025-10-12T00:47:20Z,1,-26.4446,155.66394,1,1993.6,1,34.652,1,2.389,1,1993.6,1,2.389,1,34.652,1
5905612,2025-10-12T00:47:20Z,1,-26.4446,155.66394,1,1995.5,1,34.653,1,2.387,1,1995.5,1,2.387,1,34.653,1
5905612,2025-10-12T00:47:20Z,1,-26.4446,155.66394,1,1997.4,1,34.653,1,2.385,1,1997.4,1,2.385,1,34.653,1
5905612,2025-10-12T00:47:20Z,1,-26.4446,155.66394,1,1999.3,1,34.653,1,2.383,1,1999.3,1,2.383,1,34.653,1
5905612,2025-10-12T00:47:20Z,1,-26.4446,155.66394,1,2001.1,1,34.653,1,2.379,1,2001.1,1,2.379,1,34.653,1
5905612,2025-10-12T00:47:20Z,1,-26.4446,155.66394,1,2003.1,1,34.653,1,2.378,1,2003.1,1,2.378,1,34.653,1
5905612,2025-10-12T00:47:20Z,1,-26.4446,155.66394,1,2005.4,1,34.653,1,2.373,1,2005.4,1,2.373,1,34.653,1
5905612,2025-10-12T00:47:20Z,1,-26.4446,155.66394,1,2007.8,1,34.654,1,2.368,1,2007.8,1,2.368,1,34.654,1
5905612,2025-10-12T00:47:20Z,1,-26.4446,155.66394,1,2009.8,1,34.654,1,2.367,1,2009.8,1,2.367,1,34.654,1
5905612,2025-10-12T00:47:20Z,1,-26.4446,155.66394,1,2011.7,1,34.654,1,2.366,1,2011.7,1,2.366,1,34.654,1
5905612,2025-10-12T00:47:20Z,1,-26.4446,155.66394,1,2013.7,1,34.654,1,2.362,1,2013.7,1,2.362,1,34.654,1
5905612,2025-10-12T00:47:20Z,1,-26.4446,155.66394,1,2015.5,1,34.655,1,2.36,1,2015.5,1,2.36,1,34.655,1
5905612,2025-10-12T00:47:20Z,1,-26.4446,155.66394,1,2017.6,1,34.655,1,2.359,1,2017.6,1,2.359,1,34.655,1
5905612,2025-10-12T00:47:20Z,1,-26.4446,155.66394,1,2019.6,1,34.655,1,2.358,1,2019.6,1,2.358,1,34.655,1
5905612,2025-10-12T00:47:20Z,1,-26.4446,155.66394,1,2021.6,1,34.655,1,2.356,1,2021.6,1,2.356,1,34.655,1
5905612,2025-10-12T00:47:20Z,1,-26.4446,155.66394,1,2023.1,1,34.656,1,2.355,1,2023.1,1,2.355,1,34.656,1
5905612,2025-10-21T19:51:20Z,1,-26.13231,155.35983,1,0.3,1,35.551,1,24.05,1,0.3,1,24.05,1,35.551,1
5905612,2025-10-21T19:51:20Z,1,-26.13231,155.35983,1,1.4,1,35.551,1,24.052,1,1.4,1,24.052,1,35.551,1
5905612,2025-10-21T19:51:20Z,1,-26.13231,155.35983,1,3.5,1,35.552,1,24.051,1,3.5,1,24.051,1,35.552,1
5905612,2025-10-21T19:51:20Z,1,-26.13231,155.35983,1,5.1,1,35.552,1,24.052,1,5.1,1,24.052,1,35.552,1
5905612,2025-10-21T19:51:20Z,1,-26.13231,155.35983,1,6.0,1,35.553,1,24.052,1,6.0,1,24.052,1,35.553,1
5905612,2025-10-21T19:51:20Z,1,-26.13231,155.35983,1,7.3,1,35.553,1,24.051,1,7.3,1,24.051,1,35.553,1
5905612,2025-10-21T19:51:20Z,1,-26.13231,155.35983,1,9.2,1,35.552,1,24.052,1,9.2,1,24.052,1,35.552,1
5905612,2025-10-21T19:51:20Z,1,-26.13231,155.35983,1,11.2,1,35.553,1,24.054,1,11.2,1,24.054,1,35.553,1
5905612,2025-10-21T19:51:20Z,1,-26.13231,155.35983,1,13.1,1,35.552,1,24.053,1,13.1,1,24.053,1,35.552,1
5905612,2025-10-21T19:51:20Z,1,-26.13231,155.35983,1,15.2,1,35.553,1,24.052,1,15.2,1,24.052,1,35.553,1
5905612,2025-10-21T19:51:20Z,1,-26.13231,155.35983,1,17.4,1,35.553,1,24.045,1,17.4,1,24.045,1,35.553,1
5905612,2025-10-21T19:51:20Z,1,-26.13231,155.35983,1,19.5,1,35.552,1,24.012,1,19.5,1,24.012,1,35.552,1
5905612,2025-10-21T19:51:20Z,1,-26.13231,155.35983,1,21.7,1,35.57,1,23.913,1,21.7,1,23.913,1,35.57,1
5905612,2025-10-21T19:51:20Z,1,-26.13231,155.35983,1,23.8,1,35.57,1,23.889,1,23.8,1,23.889,1,35.57,1
5905612,2025-10-21T19:51:20Z,1,-26.13231,155.35983,1,25.7,1,35.566,1,23.849,1,25.7,1,23.849,1,35.566,1
5905612,2025-10-21T19:51:20Z,1,-26.13231,155.35983,1,27.6,1,35.563,1,23.788,1,27.6,1,23.788,1,35.563,1
5905612,2025-10-21T19:51:20Z,1,-26.13231,155.35983,1,29.4,1,35.568,1,23.669,1,29.4,1,23.669,1,35.568,1
5905612,2025-10-21T19:51:20Z,1,-26.13231,155.35983,1,31.3,1,35.573,1,23.573,1,31.3,1,23.573,1,35.573,1
5905612,2025-10-21T19:51:20Z,1,-26.13231,155.35983,1,33.4,1,35.58,1,23.392,1,33.4,1,23.392,1,35.58,1
5905612,2025-10-21T19:51:20Z,1,-26.13231,155.35983,1,35.5,1,35.595,1,23.3,1,35.5,1,23.3,1,35.595,1
5905612,2025-10-21T19:51:20Z,1,-26.13231,155.35983,1,37.4,1,35.614,1,23.211,1,37.4,1,23.211,1,35.614,1
5905612,2025-10-21T19:51:20Z,1,-26.13231,155.35983,1,39.4,1,35.638,1,23.019,1,39.4,1,23.019,1,35.638,1
5905612,2025-10-21T19:51:20Z,1,-26.13231,155.35983,1,41.5,1,35.647,1,22.902,1,41.5,1,22.902,1,35.647,1
5905612,2025-10-21T19:51:20Z,1,-26.13231,155.35983,1,43.2,1,35.651,1,22.828,1,43.2,1,22.828,1,35.651,1
5905612,2025-10-21T19:51:20Z,1,-26.13231,155.35983,1,45.4,1,35.66,1,22.722,1,45.4,1,22.722,1,35.66,1
5905612,2025-10-21T19:51:20Z,1,-26.13231,155.35983,1,47.7,1,35.669,1,22.531,1,47.7,1,22.531,1,35.669,1
5905612,2025-10-21T19:51:20Z,1,-26.13231,155.35983,1,49.6,1,35.679,1,22.381,1,49.6,1,22.381,1,35.679,1
5905612,2025-10-21T19:51:20Z,1,-26.13231,155.35983,1,51.4,1,35.682,1,22.302,1,51.4,1,22.302,1,35.682,1
5905612,2025-10-21T19:51:20Z,1,-26.13231,155.35983,1,53.3,1,35.676,1,22.204,1,53.3,1,22.204,1,35.676,1
5905612,2025-10-21T19:51:20Z,1,-26.13231,155.35983,1,55.2,1,35.682,1,22.128,1,55.2,1,22.128,1,35.682,1
5905612,2025-10-21T19:51:20Z,1,-26.13231,155.35983,1,57.1,1,35.68,1,22.068,1,57.1,1,22.068,1,35.68,1
5905612,2025-10-21T19:51:20Z,1,-26.13231,155.35983,1,59.4,1,35.677,1,22.021,1,59.4,1,22.021,1,35.677,1
5905612,2025-10-21T19:51:20Z,1,-26.13231,155.35983,1,61.8,1,35.698,1,21.988,1,61.8,1,21.988,1,35.698,1
5905612,2025-10-21T19:51:20Z,1,-26.13231,155.35983,1,63.8,1,35.701,1,21.903,1,63.8,1,21.903,1,35.701,1
5905612,2025-10-21T19:51:20Z,1,-26.13231,155.35983,1,65.6,1,35.693,1,21.866,1,65.6,1,21.866,1,35.693,1
5905612,2025-10-21T19:51:20Z,1,-26.13231,155.35983,1,67.5,1,35.7,1,21.817,1,67.5,1,21.817,1,35.7,1
5905612,2025-10-21T19:51:20Z,1,-26.13231,155.35983,1,69.5,1,35.714,1,21.834,1,69.5,1,21.834,1,35.714,1
5905612,2025-10-21T19:51:20Z,1,-26.13231,155.35983,1,71.5,1,35.724,1,21.801,1,71.5,1,21.801,1,35.724,1
5905612,2025-10-21T19:51:20Z,1,-26.13231,155.35983,1,73.5,1,35.725,1,21.728,1,73.5,1,21.728,1,35.725,1
5905612,2025-10-21T19:51:20Z,1,-26.13231,155.35983,1,75.4,1,35.72,1,21.688,1,75.4,1,21.688,1,35.72,1
5905612,2025-10-21T19:51:20Z,1,-26.13231,155.35983,1,77.4,1,35.72,1,21.653,1,77.4,1,21.653,1,35.72,1
5905612,2025-10-21T19:51:20Z,1,-26.13231,155.35983,1,79.5,1,35.715,1,21.582,1,79.5,1,21.582,1,35.715,1
5905612,2025-10-21T19:51:20Z,1,-26.13231,155.35983,1,81.4,1,35.713,1,21.549,1,81.4,1,21.549,1,35.713,1
5905612,2025-10-21T19:51:20Z,1,-26.13231,155.35983,1,83.3,1,35.707,1,21.462,1,83.3,1,21.462,1,35.707,1
5905612,2025-10-21T19:51:20Z,1,-26.13231,155.35983,1,85.3,1,35.703,1,21.386,1,85.3,1,21.386,1,35.703,1
5905612,2025-10-21T19:51:20Z,1,-26.13231,155.35983,1,87.3,1,35.699,1,21.331,1,87.3,1,21.331,1,35.699,1
5905612,2025-10-21T19:51:20Z,1,-26.13231,155.35983,1,89.4,1,35.698,1,21.326,1,89.4,1,21.326,1,35.698,1
5905612,2025-10-21T19:51:20Z,1,-26.13231,155.35983,1,91.4,1,35.697,1,21.314,1,91.4,1,21.314,1,35.697,1
5905612,2025-10-21T19:51:20Z,1,-26.13231,155.35983,1,93.4,1,35.696,1,21.302,1,93.4,1,21.302,1,35.696,1
5905612,2025-10-21T19:51:20Z,1,-26.13231,155.35983,1,95.4,1,35.695,1,21.259,1,95.4,1,21.259,1,35.695,1
5905612,2025-10-21T19:51:20Z,1,-26.13231,155.35983,1,97.4,1,35.694,1,21.196,1,97.4,1,21.196,1,35.694,1
5905612,2025-10-21T19:51:20Z,1,-26.13231,155.35983,1,99.4,1,35.693,1,21.142,1,99.4,1,21.142,1,35.693,1
5905612,2025-10-21T19:51:20Z,1,-26.13231,155.35983,1,101.5,1,35.688,1,21.068,1,101.5,1,21.068,1,35.688,1
5905612,2025-10-21T19:51:20Z,1,-26.13231,155.35983,1,103.6,1,35.688,1,21.06,1,103.6,1,21.06,1,35.688,1
5905612,2025-10-21T19:51:20Z,1,-26.13231,155.35983,1,105.6,1,35.685,1,21.043,1,105.6,1,21.043,1,35.685,1
5905612,2025-10-21T19:51:20Z,1,-26.13231,155.35983,1,107.3,1,35.688,1,21.015,1,107.3,1,21.015,1,35.688,1
5905612,2025-10-21T19:51:20Z,1,-26.13231,155.35983,1,109.3,1,35.694,1,20.999,1,109.3,1,20.999,1,35.694,1
5905612,2025-10-21T19:51:20Z,1,-26.13231,155.35983,1,111.5,1,35.691,1,20.959,1,111.5,1,20.959,1,35.691,1
5905612,2025-10-21T19:51:20Z,1,-26.13231,155.35983,1,113.5,1,35.684,1,20.908,1,113.5,1,20.908,1,35.684,1
5905612,2025-10-21T19:51:20Z,1,-26.13231,155.35983,1,115.6,1,35.679,1,20.874,1,115.6,1,20.874,1,35.679,1
5905612,2025-10-21T19:51:20Z,1,-26.13231,155.35983,1,117.2,1,35.675,1,20.835,1,117.2,1,20.835,1,35.675,1
5905612,2025-10-21T19:51:20Z,1,-26.13231,155.35983,1,119.3,1,35.673,1,20.8,1,119.3,1,20.8,1,35.673,1
5905612,2025-10-21T19:51:20Z,1,-26.13231,155.35983,1,121.5,1,35.668,1,20.728,1,121.5,1,20.728,1,35.668,1
5905612,2025-10-21T19:51:20Z,1,-26.13231,155.35983,1,123.3,1,35.662,1,20.683,1,123.3,1,20.683,1,35.662,1
5905612,2025-10-21T19:51:20Z,1,-26.13231,155.35983,1,125.4,1,35.662,1,20.64,1,125.4,1,20.64,1,35.662,1
5905612,2025-10-21T19:51:20Z,1,-26.13231,155.35983,1,127.6,1,35.66,1,20.581,1,127.6,1,20.581,1,35.66,1
5905612,2025-10-21T19:51:20Z,1,-26.13231,155.35983,1,129.3,1,35.66,1,20.558,1,129.3,1,20.558,1,35.66,1
5905612,2025-10-21T19:51:20Z,1,-26.13231,155.35983,1,131.5,1,35.658,1,20.534,1,131.5,1,20.534,1,35.658,1
5905612,2025-10-21T19:51:20Z,1,-26.13231,155.35983,1,133.7,1,35.656,1,20.48,1,133.7,1,20.48,1,35.656,1
5905612,2025-10-21T19:51:20Z,1,-26.13231,155.35983,1,135.5,1,35.658,1,20.439,1,135.5,1,20.439,1,35.658,1
5905612,2025-10-21T19:51:20Z,1,-26.13231,155.35983,1,137.3,1,35.658,1,20.406,1,137.3,1,20.406,1,35.658,1
5905612,2025-10-21T19:51:20Z,1,-26.13231,155.35983,1,139.5,1,35.661,1,20.384,1,139.5,1,20.384,1,35.661,1
5905612,2025-10-21T19:51:20Z,1,-26.13231,155.35983,1,141.7,1,35.662,1,20.356,1,141.7,1,20.356,1,35.662,1
5905612,2025-10-21T19:51:20Z,1,-26.13231,155.35983,1,143.5,1,35.663,1,20.34,1,143.5,1,20.34,1,35.663,1
5905612,2025-10-21T19:51:20Z,1,-26.13231,155.35983,1,145.2,1,35.663,1,20.337,1,145.2,1,20.337,1,35.663,1
5905612,2025-10-21T19:51:20Z,1,-26.13231,155.35983,1,147.4,1,35.666,1,20.327,1,147.4,1,20.327,1,35.666,1
5905612,2025-10-21T19:51:20Z,1,-26.13231,155.35983,1,149.6,1,35.679,1,20.322,1,149.6,1,20.322,1,35.679,1
5905612,2025-10-21T19:51:20Z,1,-26.13231,155.35983,1,151.4,1,35.682,1,20.308,1,151.4,1,20.308,1,35.682,1
5905612,2025-10-21T19:51:20Z,1,-26.13231,155.35983,1,153.2,1,35.68,1,20.289,1,153.2,1,20.289,1,35.68,1
5905612,2025-10-21T19:51:20Z,1,-26.13231,155.35983,1,155.4,1,35.678,1,20.25,1,155.4,1,20.25,1,35.678,1
5905612,2025-10-21T19:51:20Z,1,-26.13231,155.35983,1,157.5,1,35.677,1,20.22,1,157.5,1,20.22,1,35.677,1
5905612,2025-10-21T19:51:20Z,1,-26.13231,155.35983,1,159.3,1,35.673,1,20.202,1,159.3,1,20.202,1,35.673,1
5905612,2025-10-21T19:51:20Z,1,-26.13231,155.35983,1,161.5,1,35.65,1,20.098,1,161.5,1,20.098,1,35.65,1
5905612,2025-10-21T19:51:20Z,1,-26.13231,155.35983,1,163.7,1,35.643,1,20.05,1,163.7,1,20.05,1,35.643,1
5905612,2025-10-21T19:51:20Z,1,-26.13231,155.35983,1,165.4,1,35.638,1,20.03,1,165.4,1,20.03,1,35.638,1
5905612,2025-10-21T19:51:20Z,1,-26.13231,155.35983,1,167.2,1,35.636,1,20.006,1,167.2,1,20.006,1,35.636,1
5905612,2025-10-21T19:51:20Z,1,-26.13231,155.35983,1,169.4,1,35.634,1,19.989,1,169.4,1,19.989,1,35.634,1
5905612,2025-10-21T19:51:20Z,1,-26.13231,155.35983,1,171.6,1,35.631,1,19.943,1,171.6,1,19.943,1,35.631,1
5905612,2025-10-21T19:51:20Z,1,-26.13231,155.35983,1,173.3,1,35.627,1,19.89,1,173.3,1,19.89,1,35.627,1
5905612,2025-10-21T19:51:20Z,1,-26.13231,155.35983,1,175.1,1,35.624,1,19.838,1,175.1,1,19.838,1,35.624,1
5905612,2025-10-21T19:51:20Z,1,-26.13231,155.35983,1,177.4,1,35.624,1,19.781,1,177.4,1,19.781,1,35.624,1
5905612,2025-10-21T19:51:20Z,1,-26.13231,155.35983,1,179.7,1,35.62,1,19.732,1,179.7,1,19.732,1,35.62,1
5905612,2025-10-21T19:51:20Z,1,-26.13231,155.35983,1,181.5,1,35.619,1,19.671,1,181.5,1,19.671,1,35.619,1
5905612,2025-10-21T19:51:20Z,1,-26.13231,155.35983,1,183.4,1,35.619,1,19.648,1,183.4,1,19.648,1,35.619,1
5905612,2025-10-21T19:51:20Z,1,-26.13231,155.35983,1,185.4,1,35.618,1,19.617,1,185.4,1,19.617,1,35.618,1
5905612,2025-10-21T19:51:20Z,1,-26.13231,155.35983,1,187.3,1,35.618,1,19.575,1,187.3,1,19.575,1,35.618,1
5905612,2025-10-21T19:51:20Z,1,-26.13231,155.35983,1,189.2,1,35.615,1,19.532,1,189.2,1,19.532,1,35.615,1
5905612,2025-10-21T19:51:20Z,1,-26.13231,155.35983,1,191.2,1,35.613,1,19.525,1,191.2,1,19.525,1,35.613,1
5905612,2025-10-21T19:51:20Z,1,-26.13231,155.35983,1,193.2,1,35.612,1,19.522,1,193.2,1,19.522,1,35.612,1
5905612,2025-10-21T19:51:20Z,1,-26.13231,155.35983,1,195.0,1,35.612,1,19.492,1,195.0,1,19.492,1,35.612,1
5905612,2025-10-21T19:51:20Z,1,-26.13231,155.35983,1,197.4,1,35.608,1,19.434,1,197.4,1,19.434,1,35.608,1
5905612,2025-10-21T19:51:20Z,1,-26.13231,155.35983,1,199.9,1,35.607,1,19.343,1,199.9,1,19.343,1,35.607,1
5905612,2025-10-21T19:51:20Z,1,-26.13231,155.35983,1,201.9,1,35.604,1,19.296,1,201.9,1,19.296,1,35.604,1
5905612,2025-10-21T19:51:20Z,1,-26.13231,155.35983,1,203.5,1,35.6,1,19.245,1,203.5,1,19.245,1,35.6,1
5905612,2025-10-21T19:51:20Z,1,-26.13231,155.35983,1,205.0,1,35.598,1,19.233,1,205.0,1,19.233,1,35.598,1
5905612,2025-10-21T19:51:20Z,1,-26.13231,155.35983,1,207.0,1,35.597,1,19.175,1,207.0,1,19.175,1,35.597,1
5905612,2025-10-21T19:51:20Z,1,-26.13231,155.35983,1,208.9,1,35.591,1,19.114,1,208.9,1,19.114,1,35.591,1
5905612,2025-10-21T19:51:20Z,1,-26.13231,155.35983,1,211.0,1,35.592,1,19.066,1,211.0,1,19.066,1,35.592,1
5905612,2025-10-21T19:51:20Z,1,-26.13231,155.35983,1,213.1,1,35.587,1,18.989,1,213.1,1,18.989,1,35.587,1
5905612,2025-10-21T19:51:20Z,1,-26.13231,155.35983,1,215.1,1,35.584,1,18.94,1,215.1,1,18.94,1,35.584,1
5905612,2025-10-21T19:51:20Z,1,-26.13231,155.35983,1,217.2,1,35.579,1,18.85,1,217.2,1,18.85,1,35.579,1
5905612,2025-10-21T19:51:20Z,1,-26.13231,155.35983,1,219.3,1,35.577,1,18.797,1,219.3,1,18.797,1,35.577,1
5905612,2025-10-21T19:51:20Z,1,-26.13231,155.35983,1,221.3,1,35.574,1,18.766,1,221.3,1,18.766,1,35.574,1
5905612,2025-10-21T19:51:20Z,1,-26.13231,155.35983,1,223.3,1,35.571,1,18.733,1,223.3,1,18.733,1,35.571,1
5905612,2025-10-21T19:51:20Z,1,-26.13231,155.35983,1,225.4,1,35.569,1,18.701,1,225.4,1,18.701,1,35.569,1
5905612,2025-10-21T19:51:20Z,1,-26.13231,155.35983,1,227.3,1,35.569,1,18.69,1,227.3,1,18.69,1,35.569,1
5905612,2025-10-21T19:51:20Z,1,-26.13231,155.35983,1,229.2,1,35.568,1,18.663,1,229.2,1,18.663,1,35.568,1
5905612,2025-10-21T19:51:20Z,1,-26.13231,155.35983,1,231.2,1,35.566,1,18.633,1,231.2,1,18.633,1,35.566,1
5905612,2025-10-21T19:51:20Z,1,-26.13231,155.35983,1,233.2,1,35.564,1,18.592,1,233.2,1,18.592,1,35.564,1
5905612,2025-10-21T19:51:20Z,1,-26.13231,155.35983,1,235.2,1,35.56,1,18.539,1,235.2,1,18.539,1,35.56,1
5905612,2025-10-21T19:51:20Z,1,-26.13231,155.35983,1,237.2,1,35.558,1,18.455,1,237.2,1,18.455,1,35.558,1
5905612,2025-10-21T19:51:20Z,1,-26.13231,155.35983,1,239.2,1,35.551,1,18.376,1,239.2,1,18.376,1,35.551,1
5905612,2025-10-21T19:51:20Z,1,-26.13231,155.35983,1,241.2,1,35.546,1,18.318,1,241.2,1,18.318,1,35.546,1
5905612,2025-10-21T19:51:20Z,1,-26.13231,155.35983,1,243.3,1,35.538,1,18.246,1,243.3,1,18.246,1,35.538,1
5905612,2025-10-21T19:51:20Z,1,-26.13231,155.35983,1,245.3,1,35.533,1,18.171,1,245.3,1,18.171,1,35.533,1
5905612,2025-10-21T19:51:20Z,1,-26.13231,155.35983,1,247.3,1,35.524,1,18.077,1,247.3,1,18.077,1,35.524,1
5905612,2025-10-21T19:51:20Z,1,-26.13231,155.35983,1,249.3,1,35.518,1,18.019,1,249.3,1,18.019,1,35.518,1
5905612,2025-10-21T19:51:20Z,1,-26.13231,155.35983,1,251.3,1,35.514,1,17.966,1,251.3,1,17.966,1,35.514,1
5905612,2025-10-21T19:51:20Z,1,-26.13231,155.35983,1,253.4,1,35.508,1,17.927,1,253.4,1,17.927,1,35.508,1
5905612,2025-10-21T19:51:20Z,1,-26.13231,155.35983,1,255.6,1,35.505,1,17.863,1,255.6,1,17.863,1,35.505,1
5905612,2025-10-21T19:51:20Z,1,-26.13231,155.35983,1,257.6,1,35.502,1,17.799,1,257.6,1,17.799,1,35.502,1
5905612,2025-10-21T19:51:20Z,1,-26.13231,155.35983,1,259.6,1,35.5,1,17.729,1,259.6,1,17.729,1,35.5,1
5905612,2025-10-21T19:51:20Z,1,-26.13231,155.35983,1,261.6,1,35.497,1,17.693,1,261.6,1,17.693,1,35.497,1
5905612,2025-10-21T19:51:20Z,1,-26.13231,155.35983,1,263.6,1,35.499,1,17.662,1,263.6,1,17.662,1,35.499,1
5905612,2025-10-21T19:51:20Z,1,-26.13231,155.35983,1,265.6,1,35.499,1,17.628,1,265.6,1,17.628,1,35.499,1
5905612,2025-10-21T19:51:20Z,1,-26.13231,155.35983,1,267.3,1,35.501,1,17.591,1,267.3,1,17.591,1,35.501,1
5905612,2025-10-21T19:51:20Z,1,-26.13231,155.35983,1,269.3,1,35.495,1,17.559,1,269.3,1,17.559,1,35.495,1
5905612,2025-10-21T19:51:20Z,1,-26.13231,155.35983,1,271.4,1,35.492,1,17.539,1,271.4,1,17.539,1,35.492,1
5905612,2025-10-21T19:51:20Z,1,-26.13231,155.35983,1,273.5,1,35.478,1,17.461,1,273.5,1,17.461,1,35.478,1
5905612,2025-10-21T19:51:20Z,1,-26.13231,155.35983,1,275.7,1,35.467,1,17.383,1,275.7,1,17.383,1,35.467,1
5905612,2025-10-21T19:51:20Z,1,-26.13231,155.35983,1,277.3,1,35.464,1,17.329,1,277.3,1,17.329,1,35.464,1
5905612,2025-10-21T19:51:20Z,1,-26.13231,155.35983,1,279.3,1,35.463,1,17.245,1,279.3,1,17.245,1,35.463,1
5905612,2025-10-21T19:51:20Z,1,-26.13231,155.35983,1,281.5,1,35.459,1,17.149,1,281.5,1,17.149,1,35.459,1
5905612,2025-10-21T19:51:20Z,1,-26.13231,155.35983,1,283.3,1,35.458,1,17.137,1,283.3,1,17.137,1,35.458,1
5905612,2025-10-21T19:51:20Z,1,-26.13231,155.35983,1,285.1,1,35.459,1,17.123,1,285.1,1,17.123,1,35.459,1
5905612,2025-10-21T19:51:20Z,1,-26.13231,155.35983,1,287.4,1,35.458,1,17.112,1,287.4,1,17.112,1,35.458,1
5905612,2025-10-21T19:51:20Z,1,-26.13231,155.35983,1,289.5,1,35.457,1,17.097,1,289.5,1,17.097,1,35.457,1
5905612,2025-10-21T19:51:20Z,1,-26.13231,155.35983,1,291.2,1,35.458,1,17.005,1,291.2,1,17.005,1,35.458,1
5905612,2025-10-21T19:51:20Z,1,-26.13231,155.35983,1,293.4,1,35.453,1,16.963,1,293.4,1,16.963,1,35.453,1
5905612,2025-10-21T19:51:20Z,1,-26.13231,155.35983,1,295.5,1,35.453,1,16.939,1,295.5,1,16.939,1,35.453,1
5905612,2025-10-21T19:51:20Z,1,-26.13231,155.35983,1,297.2,1,35.448,1,16.92,1,297.2,1,16.92,1,35.448,1
5905612,2025-10-21T19:51:20Z,1,-26.13231,155.35983,1,299.3,1,35.446,1,16.875,1,299.3,1,16.875,1,35.446,1
5905612,2025-10-21T19:51:20Z,1,-26.13231,155.35983,1,301.4,1,35.439,1,16.768,1,301.4,1,16.768,1,35.439,1
5905612,2025-10-21T19:51:20Z,1,-26.13231,155.35983,1,303.2,1,35.434,1,16.731,1,303.2,1,16.731,1,35.434,1
5905612,2025-10-21T19:51:20Z,1,-26.13231,155.35983,1,305.5,1,35.431,1,16.686,1,305.5,1,16.686,1,35.431,1
5905612,2025-10-21T19:51:20Z,1,-26.13231,155.35983,1,307.7,1,35.426,1,16.611,1,307.7,1,16.611,1,35.426,1
5905612,2025-10-21T19:51:20Z,1,-26.13231,155.35983,1,309.5,1,35.421,1,16.583,1,309.5,1,16.583,1,35.421,1
5905612,2025-10-21T19:51:20Z,1,-26.13231,155.35983,1,311.2,1,35.421,1,16.576,1,311.2,1,16.576,1,35.421,1
5905612,2025-10-21T19:51:20Z,1,-26.13231,155.35983,1,313.4,1,35.412,1,16.441,1,313.4,1,16.441,1,35.412,1
5905612,2025-10-21T19:51:20Z,1,-26.13231,155.35983,1,315.5,1,35.406,1,16.388,1,315.5,1,16.388,1,35.406,1
5905612,2025-10-21T19:51:20Z,1,-26.13231,155.35983,1,317.3,1,35.403,1,16.36,1,317.3,1,16.36,1,35.403,1
5905612,2025-10-21T19:51:20Z,1,-26.13231,155.35983,1,319.4,1,35.399,1,16.286,1,319.4,1,16.286,1,35.399,1
5905612,2025-10-21T19:51:20Z,1,-26.13231,155.35983,1,321.5,1,35.392,1,16.168,1,321.5,1,16.168,1,35.392,1
5905612,2025-10-21T19:51:20Z,1,-26.13231,155.35983,1,323.3,1,35.382,1,16.116,1,323.3,1,16.116,1,35.382,1
5905612,2025-10-21T19:51:20Z,1,-26.13231,155.35983,1,325.5,1,35.378,1,16.088,1,325.5,1,16.088,1,35.378,1
5905612,2025-10-21T19:51:20Z,1,-26.13231,155.35983,1,327.7,1,35.375,1,16.046,1,327.7,1,16.046,1,35.375,1
5905612,2025-10-21T19:51:20Z,1,-26.13231,155.35983,1,329.5,1,35.374,1,16.045,1,329.5,1,16.045,1,35.374,1
5905612,2025-10-21T19:51:20Z,1,-26.13231,155.35983,1,331.2,1,35.374,1,16.044,1,331.2,1,16.044,1,35.374,1
5905612,2025-10-21T19:51:20Z,1,-26.13231,155.35983,1,333.4,1,35.373,1,16.035,1,333.4,1,16.035,1,35.373,1
5905612,2025-10-21T19:51:20Z,1,-26.13231,155.35983,1,335.6,1,35.372,1,16.025,1,335.6,1,16.025,1,35.372,1
5905612,2025-10-21T19:51:20Z,1,-26.13231,155.35983,1,337.3,1,35.37,1,16.01,1,337.3,1,16.01,1,35.37,1
5905612,2025-10-21T19:51:20Z,1,-26.13231,155.35983,1,339.4,1,35.369,1,15.995,1,339.4,1,15.995,1,35.369,1
5905612,2025-10-21T19:51:20Z,1,-26.13231,155.35983,1,341.5,1,35.362,1,15.947,1,341.5,1,15.947,1,35.362,1
5905612,2025-10-21T19:51:20Z,1,-26.13231,155.35983,1,343.5,1,35.356,1,15.878,1,343.5,1,15.878,1,35.356,1
5905612,2025-10-21T19:51:20Z,1,-26.13231,155.35983,1,345.6,1,35.343,1,15.78,1,345.6,1,15.78,1,35.343,1
5905612,2025-10-21T19:51:20Z,1,-26.13231,155.35983,1,347.3,1,35.33,1,15.614,1,347.3,1,15.614,1,35.33,1
5905612,2025-10-21T19:51:20Z,1,-26.13231,155.35983,1,349.3,1,35.319,1,15.52,1,349.3,1,15.52,1,35.319,1
5905612,2025-10-21T19:51:20Z,1,-26.13231,155.35983,1,351.5,1,35.313,1,15.457,1,351.5,1,15.457,1,35.313,1
5905612,2025-10-21T19:51:20Z,1,-26.13231,155.35983,1,353.3,1,35.304,1,15.413,1,353.3,1,15.413,1,35.304,1
5905612,2025-10-21T19:51:20Z,1,-26.13231,155.35983,1,355.4,1,35.302,1,15.393,1,355.4,1,15.393,1,35.302,1
5905612,2025-10-21T19:51:20Z,1,-26.13231,155.35983,1,357.7,1,35.298,1,15.354,1,357.7,1,15.354,1,35.298,1
5905612,2025-10-21T19:51:20Z,1,-26.13231,155.35983,1,359.4,1,35.293,1,15.297,1,359.4,1,15.297,1,35.293,1
5905612,2025-10-21T19:51:20Z,1,-26.13231,155.35983,1,361.3,1,35.288,1,15.261,1,361.3,1,15.261,1,35.288,1
5905612,2025-10-21T19:51:20Z,1,-26.13231,155.35983,1,363.1,1,35.281,1,15.209,1,363.1,1,15.209,1,35.281,1
5905612,2025-10-21T19:51:20Z,1,-26.13231,155.35983,1,365.0,1,35.275,1,15.081,1,365.0,1,15.081,1,35.275,1
5905612,2025-10-21T19:51:20Z,1,-26.13231,155.35983,1,367.4,1,35.272,1,15.052,1,367.4,1,15.052,1,35.272,1
5905612,2025-10-21T19:51:20Z,1,-26.13231,155.35983,1,369.8,1,35.271,1,14.98,1,369.8,1,14.98,1,35.271,1
5905612,2025-10-21T19:51:20Z,1,-26.13231,155.35983,1,371.7,1,35.267,1,14.958,1,371.7,1,14.958,1,35.267,1
5905612,2025-10-21T19:51:20Z,1,-26.13231,155.35983,1,373.6,1,35.261,1,14.895,1,373.6,1,14.895,1,35.261,1
5905612,2025-10-21T19:51:20Z,1,-26.13231,155.35983,1,375.4,1,35.255,1,14.848,1,375.4,1,14.848,1,35.255,1
5905612,2025-10-21T19:51:20Z,1,-26.13231,155.35983,1,377.3,1,35.255,1,14.789,1,377.3,1,14.789,1,35.255,1
5905612,2025-10-21T19:51:20Z,1,-26.13231,155.35983,1,379.3,1,35.254,1,14.751,1,379.3,1,14.751,1,35.254,1
5905612,2025-10-21T19:51:20Z,1,-26.13231,155.35983,1,381.2,1,35.253,1,14.728,1,381.2,1,14.728,1,35.253,1
5905612,2025-10-21T19:51:20Z,1,-26.13231,155.35983,1,383.1,1,35.253,1,14.717,1,383.1,1,14.717,1,35.253,1
5905612,2025-10-21T19:51:20Z,1,-26.13231,155.35983,1,385.0,1,35.253,1,14.701,1,385.0,1,14.701,1,35.253,1
5905612,2025-10-21T19:51:20Z,1,-26.13231,155.35983,1,387.4,1,35.258,1,14.647,1,387.4,1,14.647,1,35.258,1
5905612,2025-10-21T19:51:20Z,1,-26.13231,155.35983,1,389.5,1,35.262,1,14.588,1,389.5,1,14.588,1,35.262,1
5905612,2025-10-21T19:51:20Z,1,-26.13231,155.35983,1,391.0,1,35.244,1,14.49,1,391.0,1,14.49,1,35.244,1
5905612,2025-10-21T19:51:20Z,1,-26.13231,155.35983,1,393.0,1,35.234,1,14.383,1,393.0,1,14.383,1,35.234,1
5905612,2025-10-21T19:51:20Z,1,-26.13231,155.35983,1,395.0,1,35.19,1,14.203,1,395.0,1,14.203,1,35.19,1
5905612,2025-10-21T19:51:20Z,1,-26.13231,155.35983,1,397.0,1,35.179,1,14.117,1,397.0,1,14.117,1,35.179,1
5905612,2025-10-21T19:51:20Z,1,-26.13231,155.35983,1,399.1,1,35.171,1,14.041,1,399.1,1,14.041,1,35.171,1
5905612,2025-10-21T19:51:20Z,1,-26.13231,155.35983,1,401.3,1,35.176,1,14.029,1,401.3,1,14.029,1,35.176,1
5905612,2025-10-21T19:51:20Z,1,-26.13231,155.35983,1,403.3,1,35.168,1,13.982,1,403.3,1,13.982,1,35.168,1
5905612,2025-10-21T19:51:20Z,1,-26.13231,155.35983,1,405.4,1,35.174,1,13.953,1,405.4,1,13.953,1,35.174,1
5905612,2025-10-21T19:51:20Z,1,-26.13231,155.35983,1,407.5,1,35.184,1,13.959,1,407.5,1,13.959,1,35.184,1
5905612,2025-10-21T19:51:20Z,1,-26.13231,155.35983,1,409.6,1,35.177,1,13.909,1,409.6,1,13.909,1,35.177,1
5905612,2025-10-21T19:51:20Z,1,-26.13231,155.35983,1,411.6,1,35.181,1,13.937,1,411.6,1,13.937,1,35.181,1
5905612,2025-10-21T19:51:20Z,1,-26.13231,155.35983,1,413.7,1,35.194,1,13.912,1,413.7,1,13.912,1,35.194,1
5905612,2025-10-21T19:51:20Z,1,-26.13231,155.35983,1,415.8,1,35.199,1,13.894,1,415.8,1,13.894,1,35.199,1
5905612,2025-10-21T19:51:20Z,1,-26.13231,155.35983,1,417.4,1,35.193,1,13.852,1,417.4,1,13.852,1,35.193,1
5905612,2025-10-21T19:51:20Z,1,-26.13231,155.35983,1,419.0,1,35.195,1,13.832,1,419.0,1,13.832,1,35.195,1
5905612,2025-10-21T19:51:20Z,1,-26.13231,155.35983,1,421.1,1,35.189,1,13.81,1,421.1,1,13.81,1,35.189,1
5905612,2025-10-21T19:51:20Z,1,-26.13231,155.35983,1,423.3,1,35.188,1,13.77,1,423.3,1,13.77,1,35.188,1
5905612,2025-10-21T19:51:20Z,1,-26.13231,155.35983,1,425.4,1,35.191,1,13.745,1,425.4,1,13.745,1,35.191,1
5905612,2025-10-21T19:51:20Z,1,-26.13231,155.35983,1,427.5,1,35.188,1,13.695,1,427.5,1,13.695,1,35.188,1
5905612,2025-10-21T19:51:20Z,1,-26.13231,155.35983,1,429.6,1,35.182,1,13.638,1,429.6,1,13.638,1,35.182,1
5905612,2025-10-21T19:51:20Z,1,-26.13231,155.35983,1,431.8,1,35.179,1,13.606,1,431.8,1,13.606,1,35.179,1
5905612,2025-10-21T19:51:20Z,1,-26.13231,155.35983,1,433.4,1,35.178,1,13.576,1,433.4,1,13.576,1,35.178,1
5905612,2025-10-21T19:51:20Z,1,-26.13231,155.35983,1,435.0,1,35.174,1,13.55,1,435.0,1,13.55,1,35.174,1
5905612,2025-10-21T19:51:20Z,1,-26.13231,155.35983,1,437.1,1,35.172,1,13.521,1,437.1,1,13.521,1,35.172,1
5905612,2025-10-21T19:51:20Z,1,-26.13231,155.35983,1,439.2,1,35.166,1,13.472,1,439.2,1,13.472,1,35.166,1
5905612,2025-10-21T19:51:20Z,1,-26.13231,155.35983,1,441.2,1,35.164,1,13.433,1,441.2,1,13.433,1,35.164,1
5905612,2025-10-21T19:51:20Z,1,-26.13231,155.35983,1,443.3,1,35.162,1,13.386,1,443.3,1,13.386,1,35.162,1
5905612,2025-10-21T19:51:20Z,1,-26.13231,155.35983,1,445.4,1,35.159,1,13.353,1,445.4,1,13.353,1,35.159,1
5905612,2025-10-21T19:51:20Z,1,-26.13231,155.35983,1,447.4,1,35.153,1,13.293,1,447.4,1,13.293,1,35.153,1
5905612,2025-10-21T19:51:20Z,1,-26.13231,155.35983,1,449.5,1,35.148,1,13.262,1,449.5,1,13.262,1,35.148,1
5905612,2025-10-21T19:51:20Z,1,-26.13231,155.35983,1,451.4,1,35.14,1,13.198,1,451.4,1,13.198,1,35.14,1
5905612,2025-10-21T19:51:20Z,1,-26.13231,155.35983,1,453.4,1,35.122,1,13.086,1,453.4,1,13.086,1,35.122,1
5905612,2025-10-21T19:51:20Z,1,-26.13231,155.35983,1,455.4,1,35.107,1,12.986,1,455.4,1,12.986,1,35.107,1
5905612,2025-10-21T19:51:20Z,1,-26.13231,155.35983,1,457.4,1,35.097,1,12.925,1,457.4,1,12.925,1,35.097,1
5905612,2025-10-21T19:51:20Z,1,-26.13231,155.35983,1,459.4,1,35.088,1,12.872,1,459.4,1,12.872,1,35.088,1
5905612,2025-10-21T19:51:20Z,1,-26.13231,155.35983,1,461.5,1,35.083,1,12.851,1,461.5,1,12.851,1,35.083,1
5905612,2025-10-21T19:51:20Z,1,-26.13231,155.35983,1,463.5,1,35.082,1,12.823,1,463.5,1,12.823,1,35.082,1
5905612,2025-10-21T19:51:20Z,1,-26.13231,155.35983,1,465.5,1,35.07,1,12.736,1,465.5,1,12.736,1,35.07,1
5905612,2025-10-21T19:51:20Z,1,-26.13231,155.35983,1,467.6,1,35.052,1,12.598,1,467.6,1,12.598,1,35.052,1
5905612,2025-10-21T19:51:20Z,1,-26.13231,155.35983,1,469.6,1,35.047,1,12.509,1,469.6,1,12.509,1,35.047,1
5905612,2025-10-21T19:51:20Z,1,-26.13231,155.35983,1,471.7,1,35.036,1,12.463,1,471.7,1,12.463,1,35.036,1
5905612,2025-10-21T19:51:20Z,1,-26.13231,155.35983,1,473.8,1,35.035,1,12.431,1,473.8,1,12.431,1,35.035,1
5905612,2025-10-21T19:51:20Z,1,-26.13231,155.35983,1,475.8,1,35.026,1,12.369,1,475.8,1,12.369,1,35.026,1
5905612,2025-10-21T19:51:20Z,1,-26.13231,155.35983,1,477.8,1,35.024,1,12.329,1,477.8,1,12.329,1,35.024,1
5905612,2025-10-21T19:51:20Z,1,-26.13231,155.35983,1,479.4,1,35.023,1,12.311,1,479.4,1,12.311,1,35.023,1
5905612,2025-10-21T19:51:20Z,1,-26.13231,155.35983,1,481.0,1,35.023,1,12.299,1,481.0,1,12.299,1,35.023,1
5905612,2025-10-21T19:51:20Z,1,-26.13231,155.35983,1,483.0,1,35.014,1,12.256,1,483.0,1,12.256,1,35.014,1
5905612,2025-10-21T19:51:20Z,1,-26.13231,155.35983,1,485.1,1,35.003,1,12.12,1,485.1,1,12.12,1,35.003,1
5905612,2025-10-21T19:51:20Z,1,-26.13231,155.35983,1,487.5,1,34.986,1,12.021,1,487.5,1,12.021,1,34.986,1
5905612,2025-10-21T19:51:20Z,1,-26.13231,155.35983,1,489.6,1,34.984,1,11.98,1,489.6,1,11.98,1,34.984,1
5905612,2025-10-21T19:51:20Z,1,-26.13231,155.35983,1,491.5,1,34.981,1,11.95,1,491.5,1,11.95,1,34.981,1
5905612,2025-10-21T19:51:20Z,1,-26.13231,155.35983,1,493.5,1,34.979,1,11.93,1,493.5,1,11.93,1,34.979,1
5905612,2025-10-21T19:51:20Z,1,-26.13231,155.35983,1,495.4,1,34.979,1,11.898,1,495.4,1,11.898,1,34.979,1
5905612,2025-10-21T19:51:20Z,1,-26.13231,155.35983,1,497.4,1,34.98,1,11.878,1,497.4,1,11.878,1,34.98,1
5905612,2025-10-21T19:51:20Z,1,-26.13231,155.35983,1,499.5,1,34.98,1,11.875,1,499.5,1,11.875,1,34.98,1
5905612,2025-10-21T19:51:20Z,1,-26.13231,155.35983,1,501.5,1,34.985,1,11.879,1,501.5,1,11.879,1,34.985,1
5905612,2025-10-21T19:51:20Z,1,-26.13231,155.35983,1,503.6,1,34.991,1,11.878,1,503.6,1,11.878,1,34.991,1
5905612,2025-10-21T19:51:20Z,1,-26.13231,155.35983,1,505.6,1,34.991,1,11.847,1,505.6,1,11.847,1,34.991,1
5905612,2025-10-21T19:51:20Z,1,-26.13231,155.35983,1,507.2,1,34.988,1,11.81,1,507.2,1,11.81,1,34.988,1
5905612,2025-10-21T19:51:20Z,1,-26.13231,155.35983,1,509.3,1,34.98,1,11.751,1,509.3,1,11.751,1,34.98,1
5905612,2025-10-21T19:51:20Z,1,-26.13231,155.35983,1,511.4,1,34.974,1,11.684,1,511.4,1,11.684,1,34.974,1
5905612,2025-10-21T19:51:20Z,1,-26.13231,155.35983,1,513.4,1,34.961,1,11.615,1,513.4,1,11.615,1,34.961,1
5905612,2025-10-21T19:51:20Z,1,-26.13231,155.35983,1,515.4,1,34.952,1,11.542,1,515.4,1,11.542,1,34.952,1
5905612,2025-10-21T19:51:20Z,1,-26.13231,155.35983,1,517.5,1,34.947,1,11.508,1,517.5,1,11.508,1,34.947,1
5905612,2025-10-21T19:51:20Z,1,-26.13231,155.35983,1,519.6,1,34.945,1,11.482,1,519.6,1,11.482,1,34.945,1
5905612,2025-10-21T19:51:20Z,1,-26.13231,155.35983,1,521.6,1,34.938,1,11.433,1,521.6,1,11.433,1,34.938,1
5905612,2025-10-21T19:51:20Z,1,-26.13231,155.35983,1,523.6,1,34.931,1,11.378,1,523.6,1,11.378,1,34.931,1
5905612,2025-10-21T19:51:20Z,1,-26.13231,155.35983,1,525.2,1,34.923,1,11.315,1,525.2,1,11.315,1,34.923,1
5905612,2025-10-21T19:51:20Z,1,-26.13231,155.35983,1,527.3,1,34.918,1,11.262,1,527.3,1,11.262,1,34.918,1
5905612,2025-10-21T19:51:20Z,1,-26.13231,155.35983,1,529.4,1,34.903,1,11.16,1,529.4,1,11.16,1,34.903,1
5905612,2025-10-21T19:51:20Z,1,-26.13231,155.35983,1,531.5,1,34.891,1,11.106,1,531.5,1,11.106,1,34.891,1
5905612,2025-10-21T19:51:20Z,1,-26.13231,155.35983,1,533.6,1,34.889,1,11.098,1,533.6,1,11.098,1,34.889,1
5905612,2025-10-21T19:51:20Z,1,-26.13231,155.35983,1,535.2,1,34.875,1,11.029,1,535.2,1,11.029,1,34.875,1
5905612,2025-10-21T19:51:20Z,1,-26.13231,155.35983,1,537.3,1,34.838,1,10.775,1,537.3,1,10.775,1,34.838,1
5905612,2025-10-21T19:51:20Z,1,-26.13231,155.35983,1,539.4,1,34.817,1,10.613,1,539.4,1,10.613,1,34.817,1
5905612,2025-10-21T19:51:20Z,1,-26.13231,155.35983,1,541.5,1,34.787,1,10.482,1,541.5,1,10.482,1,34.787,1
5905612,2025-10-21T19:51:20Z,1,-26.13231,155.35983,1,543.6,1,34.784,1,10.458,1,543.6,1,10.458,1,34.784,1
5905612,2025-10-21T19:51:20Z,1,-26.13231,155.35983,1,545.2,1,34.783,1,10.444,1,545.2,1,10.444,1,34.783,1
5905612,2025-10-21T19:51:20Z,1,-26.13231,155.35983,1,547.3,1,34.778,1,10.396,1,547.3,1,10.396,1,34.778,1
5905612,2025-10-21T19:51:20Z,1,-26.13231,155.35983,1,549.4,1,34.773,1,10.362,1,549.4,1,10.362,1,34.773,1
5905612,2025-10-21T19:51:20Z,1,-26.13231,155.35983,1,551.5,1,34.769,1,10.326,1,551.5,1,10.326,1,34.769,1
5905612,2025-10-21T19:51:20Z,1,-26.13231,155.35983,1,553.6,1,34.76,1,10.259,1,553.6,1,10.259,1,34.76,1
5905612,2025-10-21T19:51:20Z,1,-26.13231,155.35983,1,555.3,1,34.754,1,10.205,1,555.3,1,10.205,1,34.754,1
5905612,2025-10-21T19:51:20Z,1,-26.13231,155.35983,1,557.4,1,34.752,1,10.197,1,557.4,1,10.197,1,34.752,1
5905612,2025-10-21T19:51:20Z,1,-26.13231,155.35983,1,559.5,1,34.749,1,10.177,1,559.5,1,10.177,1,34.749,1
5905612,2025-10-21T19:51:20Z,1,-26.13231,155.35983,1,561.2,1,34.753,1,10.174,1,561.2,1,10.174,1,34.753,1
5905612,2025-10-21T19:51:20Z,1,-26.13231,155.35983,1,563.3,1,34.743,1,10.076,1,563.3,1,10.076,1,34.743,1
5905612,2025-10-21T19:51:20Z,1,-26.13231,155.35983,1,565.5,1,34.743,1,10.063,1,565.5,1,10.063,1,34.743,1
5905612,2025-10-21T19:51:20Z,1,-26.13231,155.35983,1,567.2,1,34.746,1,10.062,1,567.2,1,10.062,1,34.746,1
5905612,2025-10-21T19:51:20Z,1,-26.13231,155.35983,1,569.3,1,34.744,1,10.032,1,569.3,1,10.032,1,34.744,1
5905612,2025-10-21T19:51:20Z,1,-26.13231,155.35983,1,571.5,1,34.738,1,9.963,1,571.5,1,9.963,1,34.738,1
5905612,2025-10-21T19:51:20Z,1,-26.13231,155.35983,1,573.2,1,34.731,1,9.89,1,573.2,1,9.89,1,34.731,1
5905612,2025-10-21T19:51:20Z,1,-26.13231,155.35983,1,575.3,1,34.727,1,9.856,1,575.3,1,9.856,1,34.727,1
5905612,2025-10-21T19:51:20Z,1,-26.13231,155.35983,1,577.5,1,34.724,1,9.807,1,577.5,1,9.807,1,34.724,1
5905612,2025-10-21T19:51:20Z,1,-26.13231,155.35983,1,579.2,1,34.724,1,9.762,1,579.2,1,9.762,1,34.724,1
5905612,2025-10-21T19:51:20Z,1,-26.13231,155.35983,1,581.3,1,34.716,1,9.706,1,581.3,1,9.706,1,34.716,1
5905612,2025-10-21T19:51:20Z,1,-26.13231,155.35983,1,583.5,1,34.716,1,9.684,1,583.5,1,9.684,1,34.716,1
5905612,2025-10-21T19:51:20Z,1,-26.13231,155.35983,1,585.2,1,34.714,1,9.67,1,585.2,1,9.67,1,34.714,1
5905612,2025-10-21T19:51:20Z,1,-26.13231,155.35983,1,587.4,1,34.71,1,9.627,1,587.4,1,9.627,1,34.71,1
5905612,2025-10-21T19:51:20Z,1,-26.13231,155.35983,1,589.5,1,34.71,1,9.606,1,589.5,1,9.606,1,34.71,1
5905612,2025-10-21T19:51:20Z,1,-26.13231,155.35983,1,591.3,1,34.709,1,9.594,1,591.3,1,9.594,1,34.709,1
5905612,2025-10-21T19:51:20Z,1,-26.13231,155.35983,1,593.4,1,34.708,1,9.584,1,593.4,1,9.584,1,34.708,1
5905612,2025-10-21T19:51:20Z,1,-26.13231,155.35983,1,595.6,1,34.707,1,9.575,1,595.6,1,9.575,1,34.707,1
5905612,2025-10-21T19:51:20Z,1,-26.13231,155.35983,1,597.3,1,34.706,1,9.564,1,597.3,1,9.564,1,34.706,1
5905612,2025-10-21T19:51:20Z,1,-26.13231,155.35983,1,599.5,1,34.704,1,9.547,1,599.5,1,9.547,1,34.704,1
5905612,2025-10-21T19:51:20Z,1,-26.13231,155.35983,1,601.6,1,34.703,1,9.538,1,601.6,1,9.538,1,34.703,1
5905612,2025-10-21T19:51:20Z,1,-26.13231,155.35983,1,603.3,1,34.702,1,9.533,1,603.3,1,9.533,1,34.702,1
5905612,2025-10-21T19:51:20Z,1,-26.13231,155.35983,1,605.4,1,34.699,1,9.509,1,605.4,1,9.509,1,34.699,1
5905612,2025-10-21T19:51:20Z,1,-26.13231,155.35983,1,607.5,1,34.696,1,9.487,1,607.5,1,9.487,1,34.696,1
5905612,2025-10-21T19:51:20Z,1,-26.13231,155.35983,1,609.3,1,34.691,1,9.446,1,609.3,1,9.446,1,34.691,1
5905612,2025-10-21T19:51:20Z,1,-26.13231,155.35983,1,611.4,1,34.687,1,9.39,1,611.4,1,9.39,1,34.687,1
5905612,2025-10-21T19:51:20Z,1,-26.13231,155.35983,1,613.5,1,34.684,1,9.359,1,613.5,1,9.359,1,34.684,1
5905612,2025-10-21T19:51:20Z,1,-26.13231,155.35983,1,615.2,1,34.682,1,9.356,1,615.2,1,9.356,1,34.682,1
5905612,2025-10-21T19:51:20Z,1,-26.13231,155.35983,1,617.3,1,34.681,1,9.336,1,617.3,1,9.336,1,34.681,1
5905612,2025-10-21T19:51:20Z,1,-26.13231,155.35983,1,619.4,1,34.677,1,9.306,1,619.4,1,9.306,1,34.677,1
5905612,2025-10-21T19:51:20Z,1,-26.13231,155.35983,1,621.5,1,34.674,1,9.269,1,621.5,1,9.269,1,34.674,1
5905612,2025-10-21T19:51:20Z,1,-26.13231,155.35983,1,623.7,1,34.669,1,9.244,1,623.7,1,9.244,1,34.669,1
5905612,2025-10-21T19:51:20Z,1,-26.13231,155.35983,1,625.4,1,34.668,1,9.222,1,625.4,1,9.222,1,34.668,1
5905612,2025-10-21T19:51:20Z,1,-26.13231,155.35983,1,627.5,1,34.663,1,9.193,1,627.5,1,9.193,1,34.663,1
5905612,2025-10-21T19:51:20Z,1,-26.13231,155.35983,1,629.6,1,34.66,1,9.169,1,629.6,1,9.169,1,34.66,1
5905612,2025-10-21T19:51:20Z,1,-26.13231,155.35983,1,631.3,1,34.658,1,9.157,1,631.3,1,9.157,1,34.658,1
5905612,2025-10-21T19:51:20Z,1,-26.13231,155.35983,1,633.4,1,34.656,1,9.137,1,633.4,1,9.137,1,34.656,1
5905612,2025-10-21T19:51:20Z,1,-26.13231,155.35983,1,635.6,1,34.654,1,9.125,1,635.6,1,9.125,1,34.654,1
5905612,2025-10-21T19:51:20Z,1,-26.13231,155.35983,1,637.3,1,34.653,1,9.119,1,637.3,1,9.119,1,34.653,1
5905612,2025-10-21T19:51:20Z,1,-26.13231,155.35983,1,639.4,1,34.644,1,9.039,1,639.4,1,9.039,1,34.644,1
5905612,2025-10-21T19:51:20Z,1,-26.13231,155.35983,1,641.6,1,34.641,1,8.972,1,641.6,1,8.972,1,34.641,1
5905612,2025-10-21T19:51:20Z,1,-26.13231,155.35983,1,643.2,1,34.632,1,8.944,1,643.2,1,8.944,1,34.632,1
5905612,2025-10-21T19:51:20Z,1,-26.13231,155.35983,1,645.4,1,34.628,1,8.887,1,645.4,1,8.887,1,34.628,1
5905612,2025-10-21T19:51:20Z,1,-26.13231,155.35983,1,647.5,1,34.619,1,8.828,1,647.5,1,8.828,1,34.619,1
5905612,2025-10-21T19:51:20Z,1,-26.13231,155.35983,1,649.2,1,34.62,1,8.804,1,649.2,1,8.804,1,34.62,1
5905612,2025-10-21T19:51:20Z,1,-26.13231,155.35983,1,651.4,1,34.606,1,8.728,1,651.4,1,8.728,1,34.606,1
5905612,2025-10-21T19:51:20Z,1,-26.13231,155.35983,1,653.6,1,34.607,1,8.726,1,653.6,1,8.726,1,34.607,1
5905612,2025-10-21T19:51:20Z,1,-26.13231,155.35983,1,655.4,1,34.607,1,8.703,1,655.4,1,8.703,1,34.607,1
5905612,2025-10-21T19:51:20Z,1,-26.13231,155.35983,1,657.2,1,34.606,1,8.688,1,657.2,1,8.688,1,34.606,1
5905612,2025-10-21T19:51:20Z,1,-26.13231,155.35983,1,659.4,1,34.602,1,8.666,1,659.4,1,8.666,1,34.602,1
5905612,2025-10-21T19:51:20Z,1,-26.13231,155.35983,1,661.5,1,34.599,1,8.655,1,661.5,1,8.655,1,34.599,1
5905612,2025-10-21T19:51:20Z,1,-26.13231,155.35983,1,663.3,1,34.598,1,8.575,1,663.3,1,8.575,1,34.598,1
5905612,2025-10-21T19:51:20Z,1,-26.13231,155.35983,1,665.5,1,34.586,1,8.532,1,665.5,1,8.532,1,34.586,1
5905612,2025-10-21T19:51:20Z,1,-26.13231,155.35983,1,667.7,1,34.584,1,8.508,1,667.7,1,8.508,1,34.584,1
5905612,2025-10-21T19:51:20Z,1,-26.13231,155.35983,1,669.4,1,34.579,1,8.494,1,669.4,1,8.494,1,34.579,1
5905612,2025-10-21T19:51:20Z,1,-26.13231,155.35983,1,671.1,1,34.573,1,8.442,1,671.1,1,8.442,1,34.573,1
5905612,2025-10-21T19:51:20Z,1,-26.13231,155.35983,1,673.3,1,34.562,1,8.356,1,673.3,1,8.356,1,34.562,1
5905612,2025-10-21T19:51:20Z,1,-26.13231,155.35983,1,675.5,1,34.56,1,8.338,1,675.5,1,8.338,1,34.56,1
5905612,2025-10-21T19:51:20Z,1,-26.13231,155.35983,1,677.2,1,34.559,1,8.319,1,677.2,1,8.319,1,34.559,1
5905612,2025-10-21T19:51:20Z,1,-26.13231,155.35983,1,679.4,1,34.556,1,8.298,1,679.4,1,8.298,1,34.556,1
5905612,2025-10-21T19:51:20Z,1,-26.13231,155.35983,1,681.6,1,34.554,1,8.292,1,681.6,1,8.292,1,34.554,1
5905612,2025-10-21T19:51:20Z,1,-26.13231,155.35983,1,683.3,1,34.552,1,8.284,1,683.3,1,8.284,1,34.552,1
5905612,2025-10-21T19:51:20Z,1,-26.13231,155.35983,1,685.5,1,34.55,1,8.231,1,685.5,1,8.231,1,34.55,1
5905612,2025-10-21T19:51:20Z,1,-26.13231,155.35983,1,687.7,1,34.544,1,8.165,1,687.7,1,8.165,1,34.544,1
5905612,2025-10-21T19:51:20Z,1,-26.13231,155.35983,1,689.4,1,34.54,1,8.129,1,689.4,1,8.129,1,34.54,1
5905612,2025-10-21T19:51:20Z,1,-26.13231,155.35983,1,691.1,1,34.535,1,8.101,1,691.1,1,8.101,1,34.535,1
5905612,2025-10-21T19:51:20Z,1,-26.13231,155.35983,1,693.4,1,34.531,1,8.069,1,693.4,1,8.069,1,34.531,1
5905612,2025-10-21T19:51:20Z,1,-26.13231,155.35983,1,695.5,1,34.526,1,8.006,1,695.5,1,8.006,1,34.526,1
5905612,2025-10-21T19:51:20Z,1,-26.13231,155.35983,1,697.3,1,34.519,1,7.965,1,697.3,1,7.965,1,34.519,1
5905612,2025-10-21T19:51:20Z,1,-26.13231,155.35983,1,699.5,1,34.517,1,7.917,1,699.5,1,7.917,1,34.517,1
5905612,2025-10-21T19:51:20Z,1,-26.13231,155.35983,1,701.7,1,34.509,1,7.848,1,701.7,1,7.848,1,34.509,1
5905612,2025-10-21T19:51:20Z,1,-26.13231,155.35983,1,703.4,1,34.508,1,7.843,1,703.4,1,7.843,1,34.508,1
5905612,2025-10-21T19:51:20Z,1,-26.13231,155.35983,1,705.2,1,34.51,1,7.865,1,705.2,1,7.865,1,34.51,1
5905612,2025-10-21T19:51:20Z,1,-26.13231,155.35983,1,707.4,1,34.51,1,7.8,1,707.4,1,7.8,1,34.51,1
5905612,2025-10-21T19:51:20Z,1,-26.13231,155.35983,1,709.6,1,34.499,1,7.733,1,709.6,1,7.733,1,34.499,1
5905612,2025-10-21T19:51:20Z,1,-26.13231,155.35983,1,711.4,1,34.496,1,7.705,1,711.4,1,7.705,1,34.496,1
5905612,2025-10-21T19:51:20Z,1,-26.13231,155.35983,1,713.2,1,34.495,1,7.675,1,713.2,1,7.675,1,34.495,1
5905612,2025-10-21T19:51:20Z,1,-26.13231,155.35983,1,715.5,1,34.491,1,7.647,1,715.5,1,7.647,1,34.491,1
5905612,2025-10-21T19:51:20Z,1,-26.13231,155.35983,1,717.7,1,34.489,1,7.628,1,717.7,1,7.628,1,34.489,1
5905612,2025-10-21T19:51:20Z,1,-26.13231,155.35983,1,719.5,1,34.489,1,7.612,1,719.5,1,7.612,1,34.489,1
5905612,2025-10-21T19:51:20Z,1,-26.13231,155.35983,1,721.2,1,34.49,1,7.599,1,721.2,1,7.599,1,34.49,1
5905612,2025-10-21T19:51:20Z,1,-26.13231,155.35983,1,723.5,1,34.489,1,7.588,1,723.5,1,7.588,1,34.489,1
5905612,2025-10-21T19:51:20Z,1,-26.13231,155.35983,1,725.7,1,34.489,1,7.586,1,725.7,1,7.586,1,34.489,1
5905612,2025-10-21T19:51:20Z,1,-26.13231,155.35983,1,727.5,1,34.488,1,7.568,1,727.5,1,7.568,1,34.488,1
5905612,2025-10-21T19:51:20Z,1,-26.13231,155.35983,1,729.3,1,34.486,1,7.533,1,729.3,1,7.533,1,34.486,1
5905612,2025-10-21T19:51:20Z,1,-26.13231,155.35983,1,731.5,1,34.485,1,7.512,1,731.5,1,7.512,1,34.485,1
5905612,2025-10-21T19:51:20Z,1,-26.13231,155.35983,1,733.7,1,34.485,1,7.497,1,733.7,1,7.497,1,34.485,1
5905612,2025-10-21T19:51:20Z,1,-26.13231,155.35983,1,735.5,1,34.483,1,7.491,1,735.5,1,7.491,1,34.483,1
5905612,2025-10-21T19:51:20Z,1,-26.13231,155.35983,1,737.3,1,34.484,1,7.478,1,737.3,1,7.478,1,34.484,1
5905612,2025-10-21T19:51:20Z,1,-26.13231,155.35983,1,739.1,1,34.486,1,7.478,1,739.1,1,7.478,1,34.486,1
5905612,2025-10-21T19:51:20Z,1,-26.13231,155.35983,1,741.4,1,34.486,1,7.468,1,741.4,1,7.468,1,34.486,1
5905612,2025-10-21T19:51:20Z,1,-26.13231,155.35983,1,743.5,1,34.485,1,7.431,1,743.5,1,7.431,1,34.485,1
5905612,2025-10-21T19:51:20Z,1,-26.13231,155.35983,1,745.3,1,34.481,1,7.411,1,745.3,1,7.411,1,34.481,1
5905612,2025-10-21T19:51:20Z,1,-26.13231,155.35983,1,747.1,1,34.478,1,7.377,1,747.1,1,7.377,1,34.478,1
5905612,2025-10-21T19:51:20Z,1,-26.13231,155.35983,1,749.3,1,34.474,1,7.333,1,749.3,1,7.333,1,34.474,1
5905612,2025-10-21T19:51:20Z,1,-26.13231,155.35983,1,751.5,1,34.475,1,7.292,1,751.5,1,7.292,1,34.475,1
5905612,2025-10-21T19:51:20Z,1,-26.13231,155.35983,1,753.3,1,34.474,1,7.265,1,753.3,1,7.265,1,34.474,1
5905612,2025-10-21T19:51:20Z,1,-26.13231,155.35983,1,755.1,1,34.463,1,7.203,1,755.1,1,7.203,1,34.463,1
5905612,2025-10-21T19:51:20Z,1,-26.13231,155.35983,1,757.4,1,34.466,1,7.203,1,757.4,1,7.203,1,34.466,1
5905612,2025-10-21T19:51:20Z,1,-26.13231,155.35983,1,759.6,1,34.47,1,7.21,1,759.6,1,7.21,1,34.47,1
5905612,2025-10-21T19:51:20Z,1,-26.13231,155.35983,1,761.4,1,34.47,1,7.196,1,761.4,1,7.196,1,34.47,1
5905612,2025-10-21T19:51:20Z,1,-26.13231,155.35983,1,763.3,1,34.468,1,7.17,1,763.3,1,7.17,1,34.468,1
5905612,2025-10-21T19:51:20Z,1,-26.13231,155.35983,1,765.1,1,34.466,1,7.166,1,765.1,1,7.166,1,34.466,1
5905612,2025-10-21T19:51:20Z,1,-26.13231,155.35983,1,767.5,1,34.464,1,7.133,1,767.5,1,7.133,1,34.464,1
5905612,2025-10-21T19:51:20Z,1,-26.13231,155.35983,1,769.8,1,34.459,1,7.076,1,769.8,1,7.076,1,34.459,1
5905612,2025-10-21T19:51:20Z,1,-26.13231,155.35983,1,771.7,1,34.457,1,7.054,1,771.7,1,7.054,1,34.457,1
5905612,2025-10-21T19:51:20Z,1,-26.13231,155.35983,1,773.6,1,34.452,1,7.043,1,773.6,1,7.043,1,34.452,1
5905612,2025-10-21T19:51:20Z,1,-26.13231,155.35983,1,775.5,1,34.45,1,7.017,1,775.5,1,7.017,1,34.45,1
5905612,2025-10-21T19:51:20Z,1,-26.13231,155.35983,1,777.5,1,34.449,1,6.99,1,777.5,1,6.99,1,34.449,1
5905612,2025-10-21T19:51:20Z,1,-26.13231,155.35983,1,779.4,1,34.444,1,6.955,1,779.4,1,6.955,1,34.444,1
5905612,2025-10-21T19:51:20Z,1,-26.13231,155.35983,1,781.3,1,34.445,1,6.921,1,781.3,1,6.921,1,34.445,1
5905612,2025-10-21T19:51:20Z,1,-26.13231,155.35983,1,783.3,1,34.433,1,6.881,1,783.3,1,6.881,1,34.433,1
5905612,2025-10-21T19:51:20Z,1,-26.13231,155.35983,1,785.2,1,34.446,1,6.899,1,785.2,1,6.899,1,34.446,1
5905612,2025-10-21T19:51:20Z,1,-26.13231,155.35983,1,787.2,1,34.447,1,6.871,1,787.2,1,6.871,1,34.447,1
5905612,2025-10-21T19:51:20Z,1,-26.13231,155.35983,1,789.2,1,34.446,1,6.855,1,789.2,1,6.855,1,34.446,1
5905612,2025-10-21T19:51:20Z,1,-26.13231,155.35983,1,791.2,1,34.44,1,6.816,1,791.2,1,6.816,1,34.44,1
5905612,2025-10-21T19:51:20Z,1,-26.13231,155.35983,1,793.2,1,34.439,1,6.808,1,793.2,1,6.808,1,34.439,1
5905612,2025-10-21T19:51:20Z,1,-26.13231,155.35983,1,795.2,1,34.444,1,6.822,1,795.2,1,6.822,1,34.444,1
5905612,2025-10-21T19:51:20Z,1,-26.13231,155.35983,1,797.2,1,34.447,1,6.809,1,797.2,1,6.809,1,34.447,1
5905612,2025-10-21T19:51:20Z,1,-26.13231,155.35983,1,799.3,1,34.442,1,6.798,1,799.3,1,6.798,1,34.442,1
5905612,2025-10-21T19:51:20Z,1,-26.13231,155.35983,1,801.3,1,34.445,1,6.792,1,801.3,1,6.792,1,34.445,1
5905612,2025-10-21T19:51:20Z,1,-26.13231,155.35983,1,803.4,1,34.446,1,6.792,1,803.4,1,6.792,1,34.446,1
5905612,2025-10-21T19:51:20Z,1,-26.13231,155.35983,1,805.5,1,34.446,1,6.788,1,805.5,1,6.788,1,34.446,1
5905612,2025-10-21T19:51:20Z,1,-26.13231,155.35983,1,807.6,1,34.448,1,6.771,1,807.6,1,6.771,1,34.448,1
5905612,2025-10-21T19:51:20Z,1,-26.13231,155.35983,1,809.7,1,34.451,1,6.778,1,809.7,1,6.778,1,34.451,1
5905612,2025-10-21T19:51:20Z,1,-26.13231,155.35983,1,811.8,1,34.451,1,6.768,1,811.8,1,6.768,1,34.451,1
5905612,2025-10-21T19:51:20Z,1,-26.13231,155.35983,1,813.9,1,34.449,1,6.768,1,813.9,1,6.768,1,34.449,1
5905612,2025-10-21T19:51:20Z,1,-26.13231,155.35983,1,815.5,1,34.456,1,6.774,1,815.5,1,6.774,1,34.456,1
5905612,2025-10-21T19:51:20Z,1,-26.13231,155.35983,1,817.0,1,34.456,1,6.771,1,817.0,1,6.771,1,34.456,1
5905612,2025-10-21T19:51:20Z,1,-26.13231,155.35983,1,819.2,1,34.459,1,6.783,1,819.2,1,6.783,1,34.459,1
5905612,2025-10-21T19:51:20Z,1,-26.13231,155.35983,1,821.3,1,34.462,1,6.785,1,821.3,1,6.785,1,34.462,1
5905612,2025-10-21T19:51:20Z,1,-26.13231,155.35983,1,823.4,1,34.461,1,6.768,1,823.4,1,6.768,1,34.461,1
5905612,2025-10-21T19:51:20Z,1,-26.13231,155.35983,1,825.6,1,34.459,1,6.751,1,825.6,1,6.751,1,34.459,1
5905612,2025-10-21T19:51:20Z,1,-26.13231,155.35983,1,827.8,1,34.459,1,6.727,1,827.8,1,6.727,1,34.459,1
5905612,2025-10-21T19:51:20Z,1,-26.13231,155.35983,1,829.4,1,34.46,1,6.724,1,829.4,1,6.724,1,34.46,1
5905612,2025-10-21T19:51:20Z,1,-26.13231,155.35983,1,831.0,1,34.458,1,6.712,1,831.0,1,6.712,1,34.458,1
5905612,2025-10-21T19:51:20Z,1,-26.13231,155.35983,1,833.2,1,34.458,1,6.671,1,833.2,1,6.671,1,34.458,1
5905612,2025-10-21T19:51:20Z,1,-26.13231,155.35983,1,835.4,1,34.457,1,6.666,1,835.4,1,6.666,1,34.457,1
5905612,2025-10-21T19:51:20Z,1,-26.13231,155.35983,1,837.6,1,34.457,1,6.657,1,837.6,1,6.657,1,34.457,1
5905612,2025-10-21T19:51:20Z,1,-26.13231,155.35983,1,839.8,1,34.456,1,6.62,1,839.8,1,6.62,1,34.456,1
5905612,2025-10-21T19:51:20Z,1,-26.13231,155.35983,1,841.5,1,34.455,1,6.608,1,841.5,1,6.608,1,34.455,1
5905612,2025-10-21T19:51:20Z,1,-26.13231,155.35983,1,843.2,1,34.452,1,6.601,1,843.2,1,6.601,1,34.452,1
5905612,2025-10-21T19:51:20Z,1,-26.13231,155.35983,1,845.4,1,34.451,1,6.574,1,845.4,1,6.574,1,34.451,1
5905612,2025-10-21T19:51:20Z,1,-26.13231,155.35983,1,847.5,1,34.448,1,6.543,1,847.5,1,6.543,1,34.448,1
5905612,2025-10-21T19:51:20Z,1,-26.13231,155.35983,1,849.7,1,34.449,1,6.527,1,849.7,1,6.527,1,34.449,1
5905612,2025-10-21T19:51:20Z,1,-26.13231,155.35983,1,851.5,1,34.449,1,6.51,1,851.5,1,6.51,1,34.449,1
5905612,2025-10-21T19:51:20Z,1,-26.13231,155.35983,1,853.1,1,34.449,1,6.49,1,853.1,1,6.49,1,34.449,1
5905612,2025-10-21T19:51:20Z,1,-26.13231,155.35983,1,855.4,1,34.449,1,6.469,1,855.4,1,6.469,1,34.449,1
5905612,2025-10-21T19:51:20Z,1,-26.13231,155.35983,1,857.7,1,34.448,1,6.461,1,857.7,1,6.461,1,34.448,1
5905612,2025-10-21T19:51:20Z,1,-26.13231,155.35983,1,859.3,1,34.447,1,6.431,1,859.3,1,6.431,1,34.447,1
5905612,2025-10-21T19:51:20Z,1,-26.13231,155.35983,1,861.0,1,34.447,1,6.427,1,861.0,1,6.427,1,34.447,1
5905612,2025-10-21T19:51:20Z,1,-26.13231,155.35983,1,863.3,1,34.446,1,6.4,1,863.3,1,6.4,1,34.446,1
5905612,2025-10-21T19:51:20Z,1,-26.13231,155.35983,1,865.5,1,34.445,1,6.387,1,865.5,1,6.387,1,34.445,1
5905612,2025-10-21T19:51:20Z,1,-26.13231,155.35983,1,867.8,1,34.445,1,6.365,1,867.8,1,6.365,1,34.445,1
5905612,2025-10-21T19:51:20Z,1,-26.13231,155.35983,1,869.5,1,34.444,1,6.356,1,869.5,1,6.356,1,34.444,1
5905612,2025-10-21T19:51:20Z,1,-26.13231,155.35983,1,871.1,1,34.443,1,6.346,1,871.1,1,6.346,1,34.443,1
5905612,2025-10-21T19:51:20Z,1,-26.13231,155.35983,1,873.3,1,34.442,1,6.323,1,873.3,1,6.323,1,34.442,1
5905612,2025-10-21T19:51:20Z,1,-26.13231,155.35983,1,875.5,1,34.442,1,6.292,1,875.5,1,6.292,1,34.442,1
5905612,2025-10-21T19:51:20Z,1,-26.13231,155.35983,1,877.7,1,34.441,1,6.283,1,877.7,1,6.283,1,34.441,1
5905612,2025-10-21T19:51:20Z,1,-26.13231,155.35983,1,879.4,1,34.441,1,6.27,1,879.4,1,6.27,1,34.441,1
5905612,2025-10-21T19:51:20Z,1,-26.13231,155.35983,1,881.0,1,34.441,1,6.241,1,881.0,1,6.241,1,34.441,1
5905612,2025-10-21T19:51:20Z,1,-26.13231,155.35983,1,883.2,1,34.44,1,6.209,1,883.2,1,6.209,1,34.44,1
5905612,2025-10-21T19:51:20Z,1,-26.13231,155.35983,1,885.4,1,34.439,1,6.193,1,885.4,1,6.193,1,34.439,1
5905612,2025-10-21T19:51:20Z,1,-26.13231,155.35983,1,887.6,1,34.44,1,6.171,1,887.6,1,6.171,1,34.44,1
5905612,2025-10-21T19:51:20Z,1,-26.13231,155.35983,1,889.8,1,34.439,1,6.151,1,889.8,1,6.151,1,34.439,1
5905612,2025-10-21T19:51:20Z,1,-26.13231,155.35983,1,891.4,1,34.44,1,6.156,1,891.4,1,6.156,1,34.44,1
5905612,2025-10-21T19:51:20Z,1,-26.13231,155.35983,1,893.0,1,34.441,1,6.141,1,893.0,1,6.141,1,34.441,1
5905612,2025-10-21T19:51:20Z,1,-26.13231,155.35983,1,895.1,1,34.44,1,6.121,1,895.1,1,6.121,1,34.44,1
5905612,2025-10-21T19:51:20Z,1,-26.13231,155.35983,1,897.3,1,34.439,1,6.112,1,897.3,1,6.112,1,34.439,1
5905612,2025-10-21T19:51:20Z,1,-26.13231,155.35983,1,899.4,1,34.439,1,6.105,1,899.4,1,6.105,1,34.439,1
5905612,2025-10-21T19:51:20Z,1,-26.13231,155.35983,1,901.6,1,34.44,1,6.093,1,901.6,1,6.093,1,34.44,1
5905612,2025-10-21T19:51:20Z,1,-26.13231,155.35983,1,903.7,1,34.438,1,6.053,1,903.7,1,6.053,1,34.438,1
5905612,2025-10-21T19:51:20Z,1,-26.13231,155.35983,1,905.8,1,34.435,1,6.022,1,905.8,1,6.022,1,34.435,1
5905612,2025-10-21T19:51:20Z,1,-26.13231,155.35983,1,907.4,1,34.436,1,6.002,1,907.4,1,6.002,1,34.436,1
5905612,2025-10-21T19:51:20Z,1,-26.13231,155.35983,1,909.0,1,34.435,1,5.985,1,909.0,1,5.985,1,34.435,1
5905612,2025-10-21T19:51:20Z,1,-26.13231,155.35983,1,911.1,1,34.434,1,5.975,1,911.1,1,5.975,1,34.434,1
5905612,2025-10-21T19:51:20Z,1,-26.13231,155.35983,1,913.1,1,34.433,1,5.973,1,913.1,1,5.973,1,34.433,1
5905612,2025-10-21T19:51:20Z,1,-26.13231,155.35983,1,915.2,1,34.434,1,5.949,1,915.2,1,5.949,1,34.434,1
5905612,2025-10-21T19:51:20Z,1,-26.13231,155.35983,1,917.2,1,34.434,1,5.945,1,917.2,1,5.945,1,34.434,1
5905612,2025-10-21T19:51:20Z,1,-26.13231,155.35983,1,919.2,1,34.434,1,5.929,1,919.2,1,5.929,1,34.434,1
5905612,2025-10-21T19:51:20Z,1,-26.13231,155.35983,1,921.3,1,34.434,1,5.907,1,921.3,1,5.907,1,34.434,1
5905612,2025-10-21T19:51:20Z,1,-26.13231,155.35983,1,923.4,1,34.433,1,5.891,1,923.4,1,5.891,1,34.433,1
5905612,2025-10-21T19:51:20Z,1,-26.13231,155.35983,1,925.4,1,34.434,1,5.878,1,925.4,1,5.878,1,34.434,1
5905612,2025-10-21T19:51:20Z,1,-26.13231,155.35983,1,927.5,1,34.433,1,5.861,1,927.5,1,5.861,1,34.433,1
5905612,2025-10-21T19:51:20Z,1,-26.13231,155.35983,1,929.5,1,34.432,1,5.827,1,929.5,1,5.827,1,34.432,1
5905612,2025-10-21T19:51:20Z,1,-26.13231,155.35983,1,931.6,1,34.431,1,5.796,1,931.6,1,5.796,1,34.431,1
5905612,2025-10-21T19:51:20Z,1,-26.13231,155.35983,1,933.6,1,34.432,1,5.79,1,933.6,1,5.79,1,34.432,1
5905612,2025-10-21T19:51:20Z,1,-26.13231,155.35983,1,935.6,1,34.431,1,5.747,1,935.6,1,5.747,1,34.431,1
5905612,2025-10-21T19:51:20Z,1,-26.13231,155.35983,1,937.7,1,34.43,1,5.693,1,937.7,1,5.693,1,34.43,1
5905612,2025-10-21T19:51:20Z,1,-26.13231,155.35983,1,939.8,1,34.431,1,5.682,1,939.8,1,5.682,1,34.431,1
5905612,2025-10-21T19:51:20Z,1,-26.13231,155.35983,1,941.9,1,34.43,1,5.672,1,941.9,1,5.672,1,34.43,1
5905612,2025-10-21T19:51:20Z,1,-26.13231,155.35983,1,943.4,1,34.43,1,5.666,1,943.4,1,5.666,1,34.43,1
5905612,2025-10-21T19:51:20Z,1,-26.13231,155.35983,1,945.0,1,34.431,1,5.658,1,945.0,1,5.658,1,34.431,1
5905612,2025-10-21T19:51:20Z,1,-26.13231,155.35983,1,947.0,1,34.431,1,5.629,1,947.0,1,5.629,1,34.431,1
5905612,2025-10-21T19:51:20Z,1,-26.13231,155.35983,1,949.0,1,34.432,1,5.592,1,949.0,1,5.592,1,34.432,1
5905612,2025-10-21T19:51:20Z,1,-26.13231,155.35983,1,951.1,1,34.431,1,5.588,1,951.1,1,5.588,1,34.431,1
5905612,2025-10-21T19:51:20Z,1,-26.13231,155.35983,1,953.1,1,34.431,1,5.583,1,953.1,1,5.583,1,34.431,1
5905612,2025-10-21T19:51:20Z,1,-26.13231,155.35983,1,955.4,1,34.431,1,5.576,1,955.4,1,5.576,1,34.431,1
5905612,2025-10-21T19:51:20Z,1,-26.13231,155.35983,1,957.4,1,34.43,1,5.573,1,957.4,1,5.573,1,34.43,1
5905612,2025-10-21T19:51:20Z,1,-26.13231,155.35983,1,959.4,1,34.433,1,5.542,1,959.4,1,5.542,1,34.433,1
5905612,2025-10-21T19:51:20Z,1,-26.13231,155.35983,1,961.5,1,34.429,1,5.525,1,961.5,1,5.525,1,34.429,1
5905612,2025-10-21T19:51:20Z,1,-26.13231,155.35983,1,963.6,1,34.428,1,5.514,1,963.6,1,5.514,1,34.428,1
5905612,2025-10-21T19:51:20Z,1,-26.13231,155.35983,1,965.7,1,34.427,1,5.508,1,965.7,1,5.508,1,34.427,1
5905612,2025-10-21T19:51:20Z,1,-26.13231,155.35983,1,967.4,1,34.426,1,5.497,1,967.4,1,5.497,1,34.426,1
5905612,2025-10-21T19:51:20Z,1,-26.13231,155.35983,1,969.5,1,34.425,1,5.452,1,969.5,1,5.452,1,34.425,1
5905612,2025-10-21T19:51:20Z,1,-26.13231,155.35983,1,971.6,1,34.424,1,5.442,1,971.6,1,5.442,1,34.424,1
5905612,2025-10-21T19:51:20Z,1,-26.13231,155.35983,1,973.3,1,34.425,1,5.443,1,973.3,1,5.443,1,34.425,1
5905612,2025-10-21T19:51:20Z,1,-26.13231,155.35983,1,975.4,1,34.426,1,5.445,1,975.4,1,5.445,1,34.426,1
5905612,2025-10-21T19:51:20Z,1,-26.13231,155.35983,1,977.6,1,34.427,1,5.448,1,977.6,1,5.448,1,34.427,1
5905612,2025-10-21T19:51:20Z,1,-26.13231,155.35983,1,979.3,1,34.429,1,5.448,1,979.3,1,5.448,1,34.429,1
5905612,2025-10-21T19:51:20Z,1,-26.13231,155.35983,1,981.5,1,34.43,1,5.418,1,981.5,1,5.418,1,34.43,1
5905612,2025-10-21T19:51:20Z,1,-26.13231,155.35983,1,983.7,1,34.43,1,5.382,1,983.7,1,5.382,1,34.43,1
5905612,2025-10-21T19:51:20Z,1,-26.13231,155.35983,1,985.5,1,34.43,1,5.36,1,985.5,1,5.36,1,34.43,1
5905612,2025-10-21T19:51:20Z,1,-26.13231,155.35983,1,987.3,1,34.43,1,5.342,1,987.3,1,5.342,1,34.43,1
5905612,2025-10-21T19:51:20Z,1,-26.13231,155.35983,1,989.1,1,34.43,1,5.334,1,989.1,1,5.334,1,34.43,1
5905612,2025-10-21T19:51:20Z,1,-26.13231,155.35983,1,991.4,1,34.431,1,5.311,1,991.4,1,5.311,1,34.431,1
5905612,2025-10-21T19:51:20Z,1,-26.13231,155.35983,1,993.6,1,34.43,1,5.294,1,993.6,1,5.294,1,34.43,1
5905612,2025-10-21T19:51:20Z,1,-26.13231,155.35983,1,995.5,1,34.428,1,5.269,1,995.5,1,5.269,1,34.428,1
5905612,2025-10-21T19:51:20Z,1,-26.13231,155.35983,1,997.3,1,34.428,1,5.263,1,997.3,1,5.263,1,34.428,1
5905612,2025-10-21T19:51:20Z,1,-26.13231,155.35983,1,999.2,1,34.43,1,5.253,1,999.2,1,5.253,1,34.43,1
5905612,2025-10-21T19:51:20Z,1,-26.13231,155.35983,1,1001.1,1,34.432,1,5.25,1,1001.1,1,5.25,1,34.432,1
5905612,2025-10-21T19:51:20Z,1,-26.13231,155.35983,1,1003.1,1,34.431,1,5.226,1,1003.1,1,5.226,1,34.431,1
5905612,2025-10-21T19:51:20Z,1,-26.13231,155.35983,1,1005.2,1,34.433,1,5.2,1,1005.2,1,5.2,1,34.433,1
5905612,2025-10-21T19:51:20Z,1,-26.13231,155.35983,1,1007.1,1,34.433,1,5.19,1,1007.1,1,5.19,1,34.433,1
5905612,2025-10-21T19:51:20Z,1,-26.13231,155.35983,1,1009.1,1,34.433,1,5.183,1,1009.1,1,5.183,1,34.433,1
5905612,2025-10-21T19:51:20Z,1,-26.13231,155.35983,1,1011.1,1,34.432,1,5.178,1,1011.1,1,5.178,1,34.432,1
5905612,2025-10-21T19:51:20Z,1,-26.13231,155.35983,1,1013.1,1,34.435,1,5.158,1,1013.1,1,5.158,1,34.435,1
5905612,2025-10-21T19:51:20Z,1,-26.13231,155.35983,1,1015.0,1,34.435,1,5.149,1,1015.0,1,5.149,1,34.435,1
5905612,2025-10-21T19:51:20Z,1,-26.13231,155.35983,1,1017.1,1,34.436,1,5.141,1,1017.1,1,5.141,1,34.436,1
5905612,2025-10-21T19:51:20Z,1,-26.13231,155.35983,1,1019.1,1,34.437,1,5.121,1,1019.1,1,5.121,1,34.437,1
5905612,2025-10-21T19:51:20Z,1,-26.13231,155.35983,1,1021.2,1,34.437,1,5.101,1,1021.2,1,5.101,1,34.437,1
5905612,2025-10-21T19:51:20Z,1,-26.13231,155.35983,1,1023.2,1,34.438,1,5.095,1,1023.2,1,5.095,1,34.438,1
5905612,2025-10-21T19:51:20Z,1,-26.13231,155.35983,1,1025.3,1,34.438,1,5.092,1,1025.3,1,5.092,1,34.438,1
5905612,2025-10-21T19:51:20Z,1,-26.13231,155.35983,1,1027.4,1,34.437,1,5.088,1,1027.4,1,5.088,1,34.437,1
5905612,2025-10-21T19:51:20Z,1,-26.13231,155.35983,1,1029.5,1,34.437,1,5.084,1,1029.5,1,5.084,1,34.437,1
5905612,2025-10-21T19:51:20Z,1,-26.13231,155.35983,1,1031.5,1,34.438,1,5.067,1,1031.5,1,5.067,1,34.438,1
5905612,2025-10-21T19:51:20Z,1,-26.13231,155.35983,1,1033.6,1,34.438,1,5.045,1,1033.6,1,5.045,1,34.438,1
5905612,2025-10-21T19:51:20Z,1,-26.13231,155.35983,1,1035.7,1,34.437,1,5.021,1,1035.7,1,5.021,1,34.437,1
5905612,2025-10-21T19:51:20Z,1,-26.13231,155.35983,1,1037.9,1,34.438,1,5.001,1,1037.9,1,5.001,1,34.438,1
5905612,2025-10-21T19:51:20Z,1,-26.13231,155.35983,1,1039.5,1,34.441,1,4.984,1,1039.5,1,4.984,1,34.441,1
5905612,2025-10-21T19:51:20Z,1,-26.13231,155.35983,1,1041.0,1,34.442,1,4.962,1,1041.0,1,4.962,1,34.442,1
5905612,2025-10-21T19:51:20Z,1,-26.13231,155.35983,1,1043.1,1,34.443,1,4.949,1,1043.1,1,4.949,1,34.443,1
5905612,2025-10-21T19:51:20Z,1,-26.13231,155.35983,1,1045.3,1,34.443,1,4.938,1,1045.3,1,4.938,1,34.443,1
5905612,2025-10-21T19:51:20Z,1,-26.13231,155.35983,1,1047.4,1,34.445,1,4.922,1,1047.4,1,4.922,1,34.445,1
5905612,2025-10-21T19:51:20Z,1,-26.13231,155.35983,1,1049.5,1,34.447,1,4.911,1,1049.5,1,4.911,1,34.447,1
5905612,2025-10-21T19:51:20Z,1,-26.13231,155.35983,1,1051.6,1,34.45,1,4.894,1,1051.6,1,4.894,1,34.45,1
5905612,2025-10-21T19:51:20Z,1,-26.13231,155.35983,1,1053.7,1,34.449,1,4.888,1,1053.7,1,4.888,1,34.449,1
5905612,2025-10-21T19:51:20Z,1,-26.13231,155.35983,1,1055.4,1,34.449,1,4.887,1,1055.4,1,4.887,1,34.449,1
5905612,2025-10-21T19:51:20Z,1,-26.13231,155.35983,1,1057.0,1,34.449,1,4.884,1,1057.0,1,4.884,1,34.449,1
5905612,2025-10-21T19:51:20Z,1,-26.13231,155.35983,1,1059.1,1,34.449,1,4.883,1,1059.1,1,4.883,1,34.449,1
5905612,2025-10-21T19:51:20Z,1,-26.13231,155.35983,1,1061.3,1,34.449,1,4.881,1,1061.3,1,4.881,1,34.449,1
5905612,2025-10-21T19:51:20Z,1,-26.13231,155.35983,1,1063.4,1,34.449,1,4.864,1,1063.4,1,4.864,1,34.449,1
5905612,2025-10-21T19:51:20Z,1,-26.13231,155.35983,1,1065.5,1,34.451,1,4.85,1,1065.5,1,4.85,1,34.451,1
5905612,2025-10-21T19:51:20Z,1,-26.13231,155.35983,1,1067.5,1,34.451,1,4.849,1,1067.5,1,4.849,1,34.451,1
5905612,2025-10-21T19:51:20Z,1,-26.13231,155.35983,1,1069.6,1,34.451,1,4.848,1,1069.6,1,4.848,1,34.451,1
5905612,2025-10-21T19:51:20Z,1,-26.13231,155.35983,1,1071.6,1,34.452,1,4.845,1,1071.6,1,4.845,1,34.452,1
5905612,2025-10-21T19:51:20Z,1,-26.13231,155.35983,1,1073.6,1,34.452,1,4.834,1,1073.6,1,4.834,1,34.452,1
5905612,2025-10-21T19:51:20Z,1,-26.13231,155.35983,1,1075.7,1,34.452,1,4.829,1,1075.7,1,4.829,1,34.452,1
5905612,2025-10-21T19:51:20Z,1,-26.13231,155.35983,1,1077.7,1,34.452,1,4.825,1,1077.7,1,4.825,1,34.452,1
5905612,2025-10-21T19:51:20Z,1,-26.13231,155.35983,1,1079.8,1,34.452,1,4.817,1,1079.8,1,4.817,1,34.452,1
5905612,2025-10-21T19:51:20Z,1,-26.13231,155.35983,1,1081.8,1,34.452,1,4.815,1,1081.8,1,4.815,1,34.452,1
5905612,2025-10-21T19:51:20Z,1,-26.13231,155.35983,1,1083.8,1,34.452,1,4.802,1,1083.8,1,4.802,1,34.452,1
5905612,2025-10-21T19:51:20Z,1,-26.13231,155.35983,1,1085.9,1,34.454,1,4.786,1,1085.9,1,4.786,1,34.454,1
5905612,2025-10-21T19:51:20Z,1,-26.13231,155.35983,1,1087.9,1,34.454,1,4.774,1,1087.9,1,4.774,1,34.454,1
5905612,2025-10-21T19:51:20Z,1,-26.13231,155.35983,1,1089.9,1,34.455,1,4.753,1,1089.9,1,4.753,1,34.455,1
5905612,2025-10-21T19:51:20Z,1,-26.13231,155.35983,1,1091.9,1,34.456,1,4.741,1,1091.9,1,4.741,1,34.456,1
5905612,2025-10-21T19:51:20Z,1,-26.13231,155.35983,1,1093.4,1,34.456,1,4.734,1,1093.4,1,4.734,1,34.456,1
5905612,2025-10-21T19:51:20Z,1,-26.13231,155.35983,1,1095.0,1,34.456,1,4.728,1,1095.0,1,4.728,1,34.456,1
5905612,2025-10-21T19:51:20Z,1,-26.13231,155.35983,1,1097.0,1,34.457,1,4.722,1,1097.0,1,4.722,1,34.457,1
5905612,2025-10-21T19:51:20Z,1,-26.13231,155.35983,1,1099.0,1,34.457,1,4.714,1,1099.0,1,4.714,1,34.457,1
5905612,2025-10-21T19:51:20Z,1,-26.13231,155.35983,1,1101.1,1,34.458,1,4.707,1,1101.1,1,4.707,1,34.458,1
5905612,2025-10-21T19:51:20Z,1,-26.13231,155.35983,1,1103.1,1,34.458,1,4.702,1,1103.1,1,4.702,1,34.458,1
5905612,2025-10-21T19:51:20Z,1,-26.13231,155.35983,1,1105.1,1,34.458,1,4.697,1,1105.1,1,4.697,1,34.458,1
5905612,2025-10-21T19:51:20Z,1,-26.13231,155.35983,1,1107.1,1,34.46,1,4.682,1,1107.1,1,4.682,1,34.46,1
5905612,2025-10-21T19:51:20Z,1,-26.13231,155.35983,1,1109.1,1,34.46,1,4.667,1,1109.1,1,4.667,1,34.46,1
5905612,2025-10-21T19:51:20Z,1,-26.13231,155.35983,1,1111.1,1,34.46,1,4.664,1,1111.1,1,4.664,1,34.46,1
5905612,2025-10-21T19:51:20Z,1,-26.13231,155.35983,1,1113.2,1,34.461,1,4.66,1,1113.2,1,4.66,1,34.461,1
5905612,2025-10-21T19:51:20Z,1,-26.13231,155.35983,1,1115.2,1,34.461,1,4.653,1,1115.2,1,4.653,1,34.461,1
5905612,2025-10-21T19:51:20Z,1,-26.13231,155.35983,1,1117.2,1,34.462,1,4.642,1,1117.2,1,4.642,1,34.462,1
5905612,2025-10-21T19:51:20Z,1,-26.13231,155.35983,1,1119.2,1,34.462,1,4.639,1,1119.2,1,4.639,1,34.462,1
5905612,2025-10-21T19:51:20Z,1,-26.13231,155.35983,1,1121.2,1,34.462,1,4.637,1,1121.2,1,4.637,1,34.462,1
5905612,2025-10-21T19:51:20Z,1,-26.13231,155.35983,1,1123.3,1,34.463,1,4.626,1,1123.3,1,4.626,1,34.463,1
5905612,2025-10-21T19:51:20Z,1,-26.13231,155.35983,1,1125.3,1,34.463,1,4.622,1,1125.3,1,4.622,1,34.463,1
5905612,2025-10-21T19:51:20Z,1,-26.13231,155.35983,1,1127.3,1,34.463,1,4.618,1,1127.3,1,4.618,1,34.463,1
5905612,2025-10-21T19:51:20Z,1,-26.13231,155.35983,1,1129.3,1,34.463,1,4.615,1,1129.3,1,4.615,1,34.463,1
5905612,2025-10-21T19:51:20Z,1,-26.13231,155.35983,1,1131.5,1,34.464,1,4.611,1,1131.5,1,4.611,1,34.464,1
5905612,2025-10-21T19:51:20Z,1,-26.13231,155.35983,1,1133.5,1,34.464,1,4.606,1,1133.5,1,4.606,1,34.464,1
5905612,2025-10-21T19:51:20Z,1,-26.13231,155.35983,1,1135.4,1,34.465,1,4.594,1,1135.4,1,4.594,1,34.465,1
5905612,2025-10-21T19:51:20Z,1,-26.13231,155.35983,1,1137.4,1,34.466,1,4.583,1,1137.4,1,4.583,1,34.466,1
5905612,2025-10-21T19:51:20Z,1,-26.13231,155.35983,1,1139.4,1,34.467,1,4.572,1,1139.4,1,4.572,1,34.467,1
5905612,2025-10-21T19:51:20Z,1,-26.13231,155.35983,1,1141.4,1,34.468,1,4.552,1,1141.4,1,4.552,1,34.468,1
5905612,2025-10-21T19:51:20Z,1,-26.13231,155.35983,1,1143.4,1,34.469,1,4.536,1,1143.4,1,4.536,1,34.469,1
5905612,2025-10-21T19:51:20Z,1,-26.13231,155.35983,1,1145.5,1,34.469,1,4.525,1,1145.5,1,4.525,1,34.469,1
5905612,2025-10-21T19:51:20Z,1,-26.13231,155.35983,1,1147.6,1,34.47,1,4.52,1,1147.6,1,4.52,1,34.47,1
5905612,2025-10-21T19:51:20Z,1,-26.13231,155.35983,1,1149.7,1,34.471,1,4.506,1,1149.7,1,4.506,1,34.471,1
5905612,2025-10-21T19:51:20Z,1,-26.13231,155.35983,1,1151.3,1,34.471,1,4.499,1,1151.3,1,4.499,1,34.471,1
5905612,2025-10-21T19:51:20Z,1,-26.13231,155.35983,1,1153.4,1,34.472,1,4.486,1,1153.4,1,4.486,1,34.472,1
5905612,2025-10-21T19:51:20Z,1,-26.13231,155.35983,1,1155.4,1,34.472,1,4.473,1,1155.4,1,4.473,1,34.472,1
5905612,2025-10-21T19:51:20Z,1,-26.13231,155.35983,1,1157.5,1,34.473,1,4.464,1,1157.5,1,4.464,1,34.473,1
5905612,2025-10-21T19:51:20Z,1,-26.13231,155.35983,1,1159.6,1,34.473,1,4.458,1,1159.6,1,4.458,1,34.473,1
5905612,2025-10-21T19:51:20Z,1,-26.13231,155.35983,1,1161.2,1,34.475,1,4.435,1,1161.2,1,4.435,1,34.475,1
5905612,2025-10-21T19:51:20Z,1,-26.13231,155.35983,1,1163.3,1,34.475,1,4.423,1,1163.3,1,4.423,1,34.475,1
5905612,2025-10-21T19:51:20Z,1,-26.13231,155.35983,1,1165.3,1,34.475,1,4.421,1,1165.3,1,4.421,1,34.475,1
5905612,2025-10-21T19:51:20Z,1,-26.13231,155.35983,1,1167.4,1,34.476,1,4.414,1,1167.4,1,4.414,1,34.476,1
5905612,2025-10-21T19:51:20Z,1,-26.13231,155.35983,1,1169.5,1,34.476,1,4.405,1,1169.5,1,4.405,1,34.476,1
5905612,2025-10-21T19:51:20Z,1,-26.13231,155.35983,1,1171.5,1,34.478,1,4.39,1,1171.5,1,4.39,1,34.478,1
5905612,2025-10-21T19:51:20Z,1,-26.13231,155.35983,1,1173.6,1,34.478,1,4.379,1,1173.6,1,4.379,1,34.478,1
5905612,2025-10-21T19:51:20Z,1,-26.13231,155.35983,1,1175.2,1,34.479,1,4.37,1,1175.2,1,4.37,1,34.479,1
5905612,2025-10-21T19:51:20Z,1,-26.13231,155.35983,1,1177.3,1,34.479,1,4.363,1,1177.3,1,4.363,1,34.479,1
5905612,2025-10-21T19:51:20Z,1,-26.13231,155.35983,1,1179.4,1,34.48,1,4.354,1,1179.4,1,4.354,1,34.48,1
5905612,2025-10-21T19:51:20Z,1,-26.13231,155.35983,1,1181.4,1,34.481,1,4.339,1,1181.4,1,4.339,1,34.481,1
5905612,2025-10-21T19:51:20Z,1,-26.13231,155.35983,1,1183.6,1,34.482,1,4.329,1,1183.6,1,4.329,1,34.482,1
5905612,2025-10-21T19:51:20Z,1,-26.13231,155.35983,1,1185.3,1,34.483,1,4.315,1,1185.3,1,4.315,1,34.483,1
5905612,2025-10-21T19:51:20Z,1,-26.13231,155.35983,1,1187.3,1,34.483,1,4.308,1,1187.3,1,4.308,1,34.483,1
5905612,2025-10-21T19:51:20Z,1,-26.13231,155.35983,1,1189.4,1,34.483,1,4.305,1,1189.4,1,4.305,1,34.483,1
5905612,2025-10-21T19:51:20Z,1,-26.13231,155.35983,1,1191.4,1,34.485,1,4.287,1,1191.4,1,4.287,1,34.485,1
5905612,2025-10-21T19:51:20Z,1,-26.13231,155.35983,1,1193.5,1,34.487,1,4.267,1,1193.5,1,4.267,1,34.487,1
5905612,2025-10-21T19:51:20Z,1,-26.13231,155.35983,1,1195.2,1,34.487,1,4.26,1,1195.2,1,4.26,1,34.487,1
5905612,2025-10-21T19:51:20Z,1,-26.13231,155.35983,1,1197.3,1,34.487,1,4.251,1,1197.3,1,4.251,1,34.487,1
5905612,2025-10-21T19:51:20Z,1,-26.13231,155.35983,1,1199.5,1,34.488,1,4.24,1,1199.5,1,4.24,1,34.488,1
5905612,2025-10-21T19:51:20Z,1,-26.13231,155.35983,1,1201.2,1,34.488,1,4.223,1,1201.2,1,4.223,1,34.488,1
5905612,2025-10-21T19:51:20Z,1,-26.13231,155.35983,1,1203.4,1,34.491,1,4.192,1,1203.4,1,4.192,1,34.491,1
5905612,2025-10-21T19:51:20Z,1,-26.13231,155.35983,1,1205.6,1,34.492,1,4.176,1,1205.6,1,4.176,1,34.492,1
5905612,2025-10-21T19:51:20Z,1,-26.13231,155.35983,1,1207.4,1,34.492,1,4.173,1,1207.4,1,4.173,1,34.492,1
5905612,2025-10-21T19:51:20Z,1,-26.13231,155.35983,1,1209.2,1,34.494,1,4.154,1,1209.2,1,4.154,1,34.494,1
5905612,2025-10-21T19:51:20Z,1,-26.13231,155.35983,1,1211.5,1,34.495,1,4.137,1,1211.5,1,4.137,1,34.495,1
5905612,2025-10-21T19:51:20Z,1,-26.13231,155.35983,1,1213.7,1,34.495,1,4.129,1,1213.7,1,4.129,1,34.495,1
5905612,2025-10-21T19:51:20Z,1,-26.13231,155.35983,1,1215.5,1,34.496,1,4.122,1,1215.5,1,4.122,1,34.496,1
5905612,2025-10-21T19:51:20Z,1,-26.13231,155.35983,1,1217.3,1,34.496,1,4.119,1,1217.3,1,4.119,1,34.496,1
5905612,2025-10-21T19:51:20Z,1,-26.13231,155.35983,1,1219.1,1,34.496,1,4.117,1,1219.1,1,4.117,1,34.496,1
5905612,2025-10-21T19:51:20Z,1,-26.13231,155.35983,1,1221.4,1,34.497,1,4.115,1,1221.4,1,4.115,1,34.497,1
5905612,2025-10-21T19:51:20Z,1,-26.13231,155.35983,1,1223.6,1,34.496,1,4.114,1,1223.6,1,4.114,1,34.496,1
5905612,2025-10-21T19:51:20Z,1,-26.13231,155.35983,1,1225.4,1,34.497,1,4.111,1,1225.4,1,4.111,1,34.497,1
5905612,2025-10-21T19:51:20Z,1,-26.13231,155.35983,1,1227.2,1,34.497,1,4.106,1,1227.2,1,4.106,1,34.497,1
5905612,2025-10-21T19:51:20Z,1,-26.13231,155.35983,1,1229.1,1,34.497,1,4.097,1,1229.1,1,4.097,1,34.497,1
5905612,2025-10-21T19:51:20Z,1,-26.13231,155.35983,1,1231.4,1,34.498,1,4.09,1,1231.4,1,4.09,1,34.498,1
5905612,2025-10-21T19:51:20Z,1,-26.13231,155.35983,1,1233.8,1,34.499,1,4.084,1,1233.8,1,4.084,1,34.499,1
5905612,2025-10-21T19:51:20Z,1,-26.13231,155.35983,1,1235.6,1,34.499,1,4.075,1,1235.6,1,4.075,1,34.499,1
5905612,2025-10-21T19:51:20Z,1,-26.13231,155.35983,1,1237.5,1,34.499,1,4.07,1,1237.5,1,4.07,1,34.499,1
5905612,2025-10-21T19:51:20Z,1,-26.13231,155.35983,1,1239.4,1,34.5,1,4.065,1,1239.4,1,4.065,1,34.5,1
5905612,2025-10-21T19:51:20Z,1,-26.13231,155.35983,1,1241.3,1,34.501,1,4.055,1,1241.3,1,4.055,1,34.501,1
5905612,2025-10-21T19:51:20Z,1,-26.13231,155.35983,1,1243.2,1,34.501,1,4.047,1,1243.2,1,4.047,1,34.501,1
5905612,2025-10-21T19:51:20Z,1,-26.13231,155.35983,1,1245.1,1,34.502,1,4.037,1,1245.1,1,4.037,1,34.502,1
5905612,2025-10-21T19:51:20Z,1,-26.13231,155.35983,1,1247.0,1,34.503,1,4.022,1,1247.0,1,4.022,1,34.503,1
5905612,2025-10-21T19:51:20Z,1,-26.13231,155.35983,1,1249.4,1,34.503,1,4.018,1,1249.4,1,4.018,1,34.503,1
5905612,2025-10-21T19:51:20Z,1,-26.13231,155.35983,1,1251.8,1,34.504,1,4.008,1,1251.8,1,4.008,1,34.504,1
5905612,2025-10-21T19:51:20Z,1,-26.13231,155.35983,1,1253.8,1,34.505,1,3.998,1,1253.8,1,3.998,1,34.505,1
5905612,2025-10-21T19:51:20Z,1,-26.13231,155.35983,1,1255.7,1,34.505,1,3.99,1,1255.7,1,3.99,1,34.505,1
5905612,2025-10-21T19:51:20Z,1,-26.13231,155.35983,1,1257.6,1,34.506,1,3.985,1,1257.6,1,3.985,1,34.506,1
5905612,2025-10-21T19:51:20Z,1,-26.13231,155.35983,1,1259.5,1,34.507,1,3.979,1,1259.5,1,3.979,1,34.507,1
5905612,2025-10-21T19:51:20Z,1,-26.13231,155.35983,1,1261.5,1,34.507,1,3.972,1,1261.5,1,3.972,1,34.507,1
5905612,2025-10-21T19:51:20Z,1,-26.13231,155.35983,1,1263.4,1,34.508,1,3.966,1,1263.4,1,3.966,1,34.508,1
5905612,2025-10-21T19:51:20Z,1,-26.13231,155.35983,1,1265.3,1,34.508,1,3.961,1,1265.3,1,3.961,1,34.508,1
5905612,2025-10-21T19:51:20Z,1,-26.13231,155.35983,1,1267.3,1,34.508,1,3.955,1,1267.3,1,3.955,1,34.508,1
5905612,2025-10-21T19:51:20Z,1,-26.13231,155.35983,1,1269.2,1,34.508,1,3.954,1,1269.2,1,3.954,1,34.508,1
5905612,2025-10-21T19:51:20Z,1,-26.13231,155.35983,1,1271.2,1,34.509,1,3.944,1,1271.2,1,3.944,1,34.509,1
5905612,2025-10-21T19:51:20Z,1,-26.13231,155.35983,1,1273.1,1,34.509,1,3.937,1,1273.1,1,3.937,1,34.509,1
5905612,2025-10-21T19:51:20Z,1,-26.13231,155.35983,1,1275.1,1,34.51,1,3.927,1,1275.1,1,3.927,1,34.51,1
5905612,2025-10-21T19:51:20Z,1,-26.13231,155.35983,1,1277.0,1,34.51,1,3.92,1,1277.0,1,3.92,1,34.51,1
5905612,2025-10-21T19:51:20Z,1,-26.13231,155.35983,1,1279.4,1,34.51,1,3.912,1,1279.4,1,3.912,1,34.51,1
5905612,2025-10-21T19:51:20Z,1,-26.13231,155.35983,1,1281.8,1,34.512,1,3.902,1,1281.8,1,3.902,1,34.512,1
5905612,2025-10-21T19:51:20Z,1,-26.13231,155.35983,1,1283.7,1,34.512,1,3.893,1,1283.7,1,3.893,1,34.512,1
5905612,2025-10-21T19:51:20Z,1,-26.13231,155.35983,1,1285.7,1,34.512,1,3.881,1,1285.7,1,3.881,1,34.512,1
5905612,2025-10-21T19:51:20Z,1,-26.13231,155.35983,1,1287.6,1,34.513,1,3.867,1,1287.6,1,3.867,1,34.513,1
5905612,2025-10-21T19:51:20Z,1,-26.13231,155.35983,1,1289.5,1,34.513,1,3.859,1,1289.5,1,3.859,1,34.513,1
5905612,2025-10-21T19:51:20Z,1,-26.13231,155.35983,1,1291.4,1,34.513,1,3.855,1,1291.4,1,3.855,1,34.513,1
5905612,2025-10-21T19:51:20Z,1,-26.13231,155.35983,1,1293.3,1,34.513,1,3.847,1,1293.3,1,3.847,1,34.513,1
5905612,2025-10-21T19:51:20Z,1,-26.13231,155.35983,1,1295.2,1,34.514,1,3.842,1,1295.2,1,3.842,1,34.514,1
5905612,2025-10-21T19:51:20Z,1,-26.13231,155.35983,1,1297.1,1,34.514,1,3.837,1,1297.1,1,3.837,1,34.514,1
5905612,2025-10-21T19:51:20Z,1,-26.13231,155.35983,1,1299.4,1,34.515,1,3.831,1,1299.4,1,3.831,1,34.515,1
5905612,2025-10-21T19:51:20Z,1,-26.13231,155.35983,1,1301.8,1,34.516,1,3.82,1,1301.8,1,3.82,1,34.516,1
5905612,2025-10-21T19:51:20Z,1,-26.13231,155.35983,1,1303.8,1,34.518,1,3.817,1,1303.8,1,3.817,1,34.518,1
5905612,2025-10-21T19:51:20Z,1,-26.13231,155.35983,1,1305.7,1,34.518,1,3.81,1,1305.7,1,3.81,1,34.518,1
5905612,2025-10-21T19:51:20Z,1,-26.13231,155.35983,1,1307.8,1,34.517,1,3.801,1,1307.8,1,3.801,1,34.517,1
5905612,2025-10-21T19:51:20Z,1,-26.13231,155.35983,1,1309.7,1,34.518,1,3.798,1,1309.7,1,3.798,1,34.518,1
5905612,2025-10-21T19:51:20Z,1,-26.13231,155.35983,1,1311.8,1,34.517,1,3.795,1,1311.8,1,3.795,1,34.517,1
5905612,2025-10-21T19:51:20Z,1,-26.13231,155.35983,1,1313.8,1,34.519,1,3.792,1,1313.8,1,3.792,1,34.519,1
5905612,2025-10-21T19:51:20Z,1,-26.13231,155.35983,1,1315.7,1,34.521,1,3.789,1,1315.7,1,3.789,1,34.521,1
5905612,2025-10-21T19:51:20Z,1,-26.13231,155.35983,1,1317.7,1,34.521,1,3.785,1,1317.7,1,3.785,1,34.521,1
5905612,2025-10-21T19:51:20Z,1,-26.13231,155.35983,1,1319.7,1,34.522,1,3.783,1,1319.7,1,3.783,1,34.522,1
5905612,2025-10-21T19:51:20Z,1,-26.13231,155.35983,1,1321.6,1,34.522,1,3.779,1,1321.6,1,3.779,1,34.522,1
5905612,2025-10-21T19:51:20Z,1,-26.13231,155.35983,1,1323.5,1,34.522,1,3.777,1,1323.5,1,3.777,1,34.522,1
5905612,2025-10-21T19:51:20Z,1,-26.13231,155.35983,1,1325.5,1,34.522,1,3.773,1,1325.5,1,3.773,1,34.522,1
5905612,2025-10-21T19:51:20Z,1,-26.13231,155.35983,1,1327.4,1,34.524,1,3.76,1,1327.4,1,3.76,1,34.524,1
5905612,2025-10-21T19:51:20Z,1,-26.13231,155.35983,1,1329.4,1,34.523,1,3.75,1,1329.4,1,3.75,1,34.523,1
5905612,2025-10-21T19:51:20Z,1,-26.13231,155.35983,1,1331.3,1,34.524,1,3.748,1,1331.3,1,3.748,1,34.524,1
5905612,2025-10-21T19:51:20Z,1,-26.13231,155.35983,1,1333.2,1,34.523,1,3.745,1,1333.2,1,3.745,1,34.523,1
5905612,2025-10-21T19:51:20Z,1,-26.13231,155.35983,1,1335.1,1,34.524,1,3.733,1,1335.1,1,3.733,1,34.524,1
5905612,2025-10-21T19:51:20Z,1,-26.13231,155.35983,1,1337.1,1,34.526,1,3.716,1,1337.1,1,3.716,1,34.526,1
5905612,2025-10-21T19:51:20Z,1,-26.13231,155.35983,1,1339.1,1,34.525,1,3.712,1,1339.1,1,3.712,1,34.525,1
5905612,2025-10-21T19:51:20Z,1,-26.13231,155.35983,1,1341.0,1,34.527,1,3.703,1,1341.0,1,3.703,1,34.527,1
5905612,2025-10-21T19:51:20Z,1,-26.13231,155.35983,1,1343.4,1,34.528,1,3.693,1,1343.4,1,3.693,1,34.528,1
5905612,2025-10-21T19:51:20Z,1,-26.13231,155.35983,1,1345.9,1,34.529,1,3.683,1,1345.9,1,3.683,1,34.529,1
5905612,2025-10-21T19:51:20Z,1,-26.13231,155.35983,1,1347.8,1,34.53,1,3.674,1,1347.8,1,3.674,1,34.53,1
5905612,2025-10-21T19:51:20Z,1,-26.13231,155.35983,1,1349.8,1,34.53,1,3.664,1,1349.8,1,3.664,1,34.53,1
5905612,2025-10-21T19:51:20Z,1,-26.13231,155.35983,1,1351.7,1,34.531,1,3.655,1,1351.7,1,3.655,1,34.531,1
5905612,2025-10-21T19:51:20Z,1,-26.13231,155.35983,1,1353.7,1,34.531,1,3.649,1,1353.7,1,3.649,1,34.531,1
5905612,2025-10-21T19:51:20Z,1,-26.13231,155.35983,1,1355.7,1,34.531,1,3.646,1,1355.7,1,3.646,1,34.531,1
5905612,2025-10-21T19:51:20Z,1,-26.13231,155.35983,1,1357.7,1,34.532,1,3.639,1,1357.7,1,3.639,1,34.532,1
5905612,2025-10-21T19:51:20Z,1,-26.13231,155.35983,1,1359.7,1,34.534,1,3.63,1,1359.7,1,3.63,1,34.534,1
5905612,2025-10-21T19:51:20Z,1,-26.13231,155.35983,1,1361.6,1,34.534,1,3.621,1,1361.6,1,3.621,1,34.534,1
5905612,2025-10-21T19:51:20Z,1,-26.13231,155.35983,1,1363.6,1,34.535,1,3.614,1,1363.6,1,3.614,1,34.535,1
5905612,2025-10-21T19:51:20Z,1,-26.13231,155.35983,1,1365.6,1,34.535,1,3.611,1,1365.6,1,3.611,1,34.535,1
5905612,2025-10-21T19:51:20Z,1,-26.13231,155.35983,1,1367.6,1,34.536,1,3.606,1,1367.6,1,3.606,1,34.536,1
5905612,2025-10-21T19:51:20Z,1,-26.13231,155.35983,1,1369.6,1,34.538,1,3.596,1,1369.6,1,3.596,1,34.538,1
5905612,2025-10-21T19:51:20Z,1,-26.13231,155.35983,1,1371.5,1,34.537,1,3.589,1,1371.5,1,3.589,1,34.537,1
5905612,2025-10-21T19:51:20Z,1,-26.13231,155.35983,1,1373.5,1,34.538,1,3.585,1,1373.5,1,3.585,1,34.538,1
5905612,2025-10-21T19:51:20Z,1,-26.13231,155.35983,1,1375.5,1,34.538,1,3.581,1,1375.5,1,3.581,1,34.538,1
5905612,2025-10-21T19:51:20Z,1,-26.13231,155.35983,1,1377.4,1,34.538,1,3.578,1,1377.4,1,3.578,1,34.538,1
5905612,2025-10-21T19:51:20Z,1,-26.13231,155.35983,1,1379.4,1,34.539,1,3.572,1,1379.4,1,3.572,1,34.539,1
5905612,2025-10-21T19:51:20Z,1,-26.13231,155.35983,1,1381.4,1,34.54,1,3.563,1,1381.4,1,3.563,1,34.54,1
5905612,2025-10-21T19:51:20Z,1,-26.13231,155.35983,1,1383.4,1,34.54,1,3.557,1,1383.4,1,3.557,1,34.54,1
5905612,2025-10-21T19:51:20Z,1,-26.13231,155.35983,1,1385.3,1,34.54,1,3.553,1,1385.3,1,3.553,1,34.54,1
5905612,2025-10-21T19:51:20Z,1,-26.13231,155.35983,1,1387.3,1,34.541,1,3.542,1,1387.3,1,3.542,1,34.541,1
5905612,2025-10-21T19:51:20Z,1,-26.13231,155.35983,1,1389.3,1,34.541,1,3.535,1,1389.3,1,3.535,1,34.541,1
5905612,2025-10-21T19:51:20Z,1,-26.13231,155.35983,1,1391.3,1,34.54,1,3.523,1,1391.3,1,3.523,1,34.54,1
5905612,2025-10-21T19:51:20Z,1,-26.13231,155.35983,1,1393.3,1,34.54,1,3.516,1,1393.3,1,3.516,1,34.54,1
5905612,2025-10-21T19:51:20Z,1,-26.13231,155.35983,1,1395.3,1,34.54,1,3.51,1,1395.3,1,3.51,1,34.54,1
5905612,2025-10-21T19:51:20Z,1,-26.13231,155.35983,1,1397.4,1,34.541,1,3.506,1,1397.4,1,3.506,1,34.541,1
5905612,2025-10-21T19:51:20Z,1,-26.13231,155.35983,1,1399.4,1,34.542,1,3.496,1,1399.4,1,3.496,1,34.542,1
5905612,2025-10-21T19:51:20Z,1,-26.13231,155.35983,1,1401.5,1,34.543,1,3.498,1,1401.5,1,3.498,1,34.543,1
5905612,2025-10-21T19:51:20Z,1,-26.13231,155.35983,1,1403.6,1,34.543,1,3.493,1,1403.6,1,3.493,1,34.543,1
5905612,2025-10-21T19:51:20Z,1,-26.13231,155.35983,1,1405.2,1,34.544,1,3.494,1,1405.2,1,3.494,1,34.544,1
5905612,2025-10-21T19:51:20Z,1,-26.13231,155.35983,1,1407.4,1,34.544,1,3.488,1,1407.4,1,3.488,1,34.544,1
5905612,2025-10-21T19:51:20Z,1,-26.13231,155.35983,1,1409.6,1,34.545,1,3.478,1,1409.6,1,3.478,1,34.545,1
5905612,2025-10-21T19:51:20Z,1,-26.13231,155.35983,1,1411.3,1,34.545,1,3.471,1,1411.3,1,3.471,1,34.545,1
5905612,2025-10-21T19:51:20Z,1,-26.13231,155.35983,1,1413.5,1,34.545,1,3.465,1,1413.5,1,3.465,1,34.545,1
5905612,2025-10-21T19:51:20Z,1,-26.13231,155.35983,1,1415.6,1,34.547,1,3.457,1,1415.6,1,3.457,1,34.547,1
5905612,2025-10-21T19:51:20Z,1,-26.13231,155.35983,1,1417.4,1,34.548,1,3.437,1,1417.4,1,3.437,1,34.548,1
5905612,2025-10-21T19:51:20Z,1,-26.13231,155.35983,1,1419.2,1,34.548,1,3.435,1,1419.2,1,3.435,1,34.548,1
5905612,2025-10-21T19:51:20Z,1,-26.13231,155.35983,1,1421.4,1,34.548,1,3.434,1,1421.4,1,3.434,1,34.548,1
5905612,2025-10-21T19:51:20Z,1,-26.13231,155.35983,1,1423.6,1,34.548,1,3.43,1,1423.6,1,3.43,1,34.548,1
5905612,2025-10-21T19:51:20Z,1,-26.13231,155.35983,1,1425.3,1,34.548,1,3.422,1,1425.3,1,3.422,1,34.548,1
5905612,2025-10-21T19:51:20Z,1,-26.13231,155.35983,1,1427.1,1,34.548,1,3.412,1,1427.1,1,3.412,1,34.548,1
5905612,2025-10-21T19:51:20Z,1,-26.13231,155.35983,1,1429.4,1,34.55,1,3.405,1,1429.4,1,3.405,1,34.55,1
5905612,2025-10-21T19:51:20Z,1,-26.13231,155.35983,1,1431.6,1,34.549,1,3.404,1,1431.6,1,3.404,1,34.549,1
5905612,2025-10-21T19:51:20Z,1,-26.13231,155.35983,1,1433.5,1,34.549,1,3.403,1,1433.5,1,3.403,1,34.549,1
5905612,2025-10-21T19:51:20Z,1,-26.13231,155.35983,1,1435.3,1,34.551,1,3.392,1,1435.3,1,3.392,1,34.551,1
5905612,2025-10-21T19:51:20Z,1,-26.13231,155.35983,1,1437.2,1,34.551,1,3.387,1,1437.2,1,3.387,1,34.551,1
5905612,2025-10-21T19:51:20Z,1,-26.13231,155.35983,1,1439.5,1,34.551,1,3.384,1,1439.5,1,3.384,1,34.551,1
5905612,2025-10-21T19:51:20Z,1,-26.13231,155.35983,1,1441.8,1,34.551,1,3.375,1,1441.8,1,3.375,1,34.551,1
5905612,2025-10-21T19:51:20Z,1,-26.13231,155.35983,1,1443.6,1,34.552,1,3.37,1,1443.6,1,3.37,1,34.552,1
5905612,2025-10-21T19:51:20Z,1,-26.13231,155.35983,1,1445.5,1,34.554,1,3.363,1,1445.5,1,3.363,1,34.554,1
5905612,2025-10-21T19:51:20Z,1,-26.13231,155.35983,1,1447.4,1,34.553,1,3.359,1,1447.4,1,3.359,1,34.553,1
5905612,2025-10-21T19:51:20Z,1,-26.13231,155.35983,1,1449.2,1,34.553,1,3.357,1,1449.2,1,3.357,1,34.553,1
5905612,2025-10-21T19:51:20Z,1,-26.13231,155.35983,1,1451.1,1,34.554,1,3.354,1,1451.1,1,3.354,1,34.554,1
5905612,2025-10-21T19:51:20Z,1,-26.13231,155.35983,1,1453.4,1,34.555,1,3.349,1,1453.4,1,3.349,1,34.555,1
5905612,2025-10-21T19:51:20Z,1,-26.13231,155.35983,1,1455.7,1,34.557,1,3.339,1,1455.7,1,3.339,1,34.557,1
5905612,2025-10-21T19:51:20Z,1,-26.13231,155.35983,1,1457.6,1,34.557,1,3.328,1,1457.6,1,3.328,1,34.557,1
5905612,2025-10-21T19:51:20Z,1,-26.13231,155.35983,1,1459.5,1,34.556,1,3.325,1,1459.5,1,3.325,1,34.556,1
5905612,2025-10-21T19:51:20Z,1,-26.13231,155.35983,1,1461.4,1,34.556,1,3.322,1,1461.4,1,3.322,1,34.556,1
5905612,2025-10-21T19:51:20Z,1,-26.13231,155.35983,1,1463.3,1,34.557,1,3.318,1,1463.3,1,3.318,1,34.557,1
5905612,2025-10-21T19:51:20Z,1,-26.13231,155.35983,1,1465.2,1,34.558,1,3.308,1,1465.2,1,3.308,1,34.558,1
5905612,2025-10-21T19:51:20Z,1,-26.13231,155.35983,1,1467.2,1,34.557,1,3.298,1,1467.2,1,3.298,1,34.557,1
5905612,2025-10-21T19:51:20Z,1,-26.13231,155.35983,1,1469.1,1,34.558,1,3.294,1,1469.1,1,3.294,1,34.558,1
5905612,2025-10-21T19:51:20Z,1,-26.13231,155.35983,1,1471.0,1,34.559,1,3.29,1,1471.0,1,3.29,1,34.559,1
5905612,2025-10-21T19:51:20Z,1,-26.13231,155.35983,1,1473.4,1,34.559,1,3.286,1,1473.4,1,3.286,1,34.559,1
5905612,2025-10-21T19:51:20Z,1,-26.13231,155.35983,1,1475.8,1,34.56,1,3.276,1,1475.8,1,3.276,1,34.56,1
5905612,2025-10-21T19:51:20Z,1,-26.13231,155.35983,1,1477.7,1,34.562,1,3.263,1,1477.7,1,3.263,1,34.562,1
5905612,2025-10-21T19:51:20Z,1,-26.13231,155.35983,1,1479.6,1,34.561,1,3.258,1,1479.6,1,3.258,1,34.561,1
5905612,2025-10-21T19:51:20Z,1,-26.13231,155.35983,1,1481.6,1,34.562,1,3.256,1,1481.6,1,3.256,1,34.562,1
5905612,2025-10-21T19:51:20Z,1,-26.13231,155.35983,1,1483.5,1,34.562,1,3.254,1,1483.5,1,3.254,1,34.562,1
5905612,2025-10-21T19:51:20Z,1,-26.13231,155.35983,1,1485.4,1,34.563,1,3.25,1,1485.4,1,3.25,1,34.563,1
5905612,2025-10-21T19:51:20Z,1,-26.13231,155.35983,1,1487.4,1,34.563,1,3.245,1,1487.4,1,3.245,1,34.563,1
5905612,2025-10-21T19:51:20Z,1,-26.13231,155.35983,1,1489.3,1,34.563,1,3.244,1,1489.3,1,3.244,1,34.563,1
5905612,2025-10-21T19:51:20Z,1,-26.13231,155.35983,1,1491.2,1,34.563,1,3.242,1,1491.2,1,3.242,1,34.563,1
5905612,2025-10-21T19:51:20Z,1,-26.13231,155.35983,1,1493.1,1,34.564,1,3.236,1,1493.1,1,3.236,1,34.564,1
5905612,2025-10-21T19:51:20Z,1,-26.13231,155.35983,1,1495.0,1,34.564,1,3.233,1,1495.0,1,3.233,1,34.564,1
5905612,2025-10-21T19:51:20Z,1,-26.13231,155.35983,1,1497.4,1,34.565,1,3.223,1,1497.4,1,3.223,1,34.565,1
5905612,2025-10-21T19:51:20Z,1,-26.13231,155.35983,1,1499.8,1,34.565,1,3.212,1,1499.8,1,3.212,1,34.565,1
5905612,2025-10-21T19:51:20Z,1,-26.13231,155.35983,1,1501.7,1,34.566,1,3.208,1,1501.7,1,3.208,1,34.566,1
5905612,2025-10-21T19:51:20Z,1,-26.13231,155.35983,1,1503.7,1,34.566,1,3.202,1,1503.7,1,3.202,1,34.566,1
5905612,2025-10-21T19:51:20Z,1,-26.13231,155.35983,1,1505.6,1,34.566,1,3.199,1,1505.6,1,3.199,1,34.566,1
5905612,2025-10-21T19:51:20Z,1,-26.13231,155.35983,1,1507.6,1,34.567,1,3.196,1,1507.6,1,3.196,1,34.567,1
5905612,2025-10-21T19:51:20Z,1,-26.13231,155.35983,1,1509.5,1,34.567,1,3.191,1,1509.5,1,3.191,1,34.567,1
5905612,2025-10-21T19:51:20Z,1,-26.13231,155.35983,1,1511.4,1,34.567,1,3.188,1,1511.4,1,3.188,1,34.567,1
5905612,2025-10-21T19:51:20Z,1,-26.13231,155.35983,1,1513.4,1,34.567,1,3.187,1,1513.4,1,3.187,1,34.567,1
5905612,2025-10-21T19:51:20Z,1,-26.13231,155.35983,1,1515.3,1,34.568,1,3.183,1,1515.3,1,3.183,1,34.568,1
5905612,2025-10-21T19:51:20Z,1,-26.13231,155.35983,1,1517.3,1,34.568,1,3.176,1,1517.3,1,3.176,1,34.568,1
5905612,2025-10-21T19:51:20Z,1,-26.13231,155.35983,1,1519.2,1,34.568,1,3.174,1,1519.2,1,3.174,1,34.568,1
5905612,2025-10-21T19:51:20Z,1,-26.13231,155.35983,1,1521.2,1,34.569,1,3.17,1,1521.2,1,3.17,1,34.569,1
5905612,2025-10-21T19:51:20Z,1,-26.13231,155.35983,1,1523.1,1,34.57,1,3.166,1,1523.1,1,3.166,1,34.57,1
5905612,2025-10-21T19:51:20Z,1,-26.13231,155.35983,1,1525.0,1,34.57,1,3.161,1,1525.0,1,3.161,1,34.57,1
5905612,2025-10-21T19:51:20Z,1,-26.13231,155.35983,1,1527.0,1,34.57,1,3.158,1,1527.0,1,3.158,1,34.57,1
5905612,2025-10-21T19:51:20Z,1,-26.13231,155.35983,1,1529.4,1,34.571,1,3.15,1,1529.4,1,3.15,1,34.571,1
5905612,2025-10-21T19:51:20Z,1,-26.13231,155.35983,1,1531.9,1,34.572,1,3.146,1,1531.9,1,3.146,1,34.572,1
5905612,2025-10-21T19:51:20Z,1,-26.13231,155.35983,1,1533.9,1,34.572,1,3.142,1,1533.9,1,3.142,1,34.572,1
5905612,2025-10-21T19:51:20Z,1,-26.13231,155.35983,1,1535.8,1,34.573,1,3.139,1,1535.8,1,3.139,1,34.573,1
5905612,2025-10-21T19:51:20Z,1,-26.13231,155.35983,1,1537.8,1,34.572,1,3.136,1,1537.8,1,3.136,1,34.572,1
5905612,2025-10-21T19:51:20Z,1,-26.13231,155.35983,1,1539.8,1,34.572,1,3.135,1,1539.8,1,3.135,1,34.572,1
5905612,2025-10-21T19:51:20Z,1,-26.13231,155.35983,1,1541.7,1,34.573,1,3.125,1,1541.7,1,3.125,1,34.573,1
5905612,2025-10-21T19:51:20Z,1,-26.13231,155.35983,1,1543.7,1,34.573,1,3.12,1,1543.7,1,3.12,1,34.573,1
5905612,2025-10-21T19:51:20Z,1,-26.13231,155.35983,1,1545.7,1,34.574,1,3.118,1,1545.7,1,3.118,1,34.574,1
5905612,2025-10-21T19:51:20Z,1,-26.13231,155.35983,1,1547.6,1,34.574,1,3.117,1,1547.6,1,3.117,1,34.574,1
5905612,2025-10-21T19:51:20Z,1,-26.13231,155.35983,1,1549.6,1,34.575,1,3.112,1,1549.6,1,3.112,1,34.575,1
5905612,2025-10-21T19:51:20Z,1,-26.13231,155.35983,1,1551.5,1,34.575,1,3.108,1,1551.5,1,3.108,1,34.575,1
5905612,2025-10-21T19:51:20Z,1,-26.13231,155.35983,1,1553.5,1,34.576,1,3.098,1,1553.5,1,3.098,1,34.576,1
5905612,2025-10-21T19:51:20Z,1,-26.13231,155.35983,1,1555.4,1,34.577,1,3.09,1,1555.4,1,3.09,1,34.577,1
5905612,2025-10-21T19:51:20Z,1,-26.13231,155.35983,1,1557.3,1,34.577,1,3.084,1,1557.3,1,3.084,1,34.577,1
5905612,2025-10-21T19:51:20Z,1,-26.13231,155.35983,1,1559.2,1,34.577,1,3.08,1,1559.2,1,3.08,1,34.577,1
5905612,2025-10-21T19:51:20Z,1,-26.13231,155.35983,1,1561.1,1,34.577,1,3.076,1,1561.1,1,3.076,1,34.577,1
5905612,2025-10-21T19:51:20Z,1,-26.13231,155.35983,1,1563.1,1,34.579,1,3.07,1,1563.1,1,3.07,1,34.579,1
5905612,2025-10-21T19:51:20Z,1,-26.13231,155.35983,1,1565.0,1,34.579,1,3.066,1,1565.0,1,3.066,1,34.579,1
5905612,2025-10-21T19:51:20Z,1,-26.13231,155.35983,1,1567.4,1,34.579,1,3.06,1,1567.4,1,3.06,1,34.579,1
5905612,2025-10-21T19:51:20Z,1,-26.13231,155.35983,1,1569.9,1,34.58,1,3.054,1,1569.9,1,3.054,1,34.58,1
5905612,2025-10-21T19:51:20Z,1,-26.13231,155.35983,1,1571.9,1,34.58,1,3.052,1,1571.9,1,3.052,1,34.58,1
5905612,2025-10-21T19:51:20Z,1,-26.13231,155.35983,1,1573.9,1,34.581,1,3.05,1,1573.9,1,3.05,1,34.581,1
5905612,2025-10-21T19:51:20Z,1,-26.13231,155.35983,1,1575.9,1,34.58,1,3.048,1,1575.9,1,3.048,1,34.58,1
5905612,2025-10-21T19:51:20Z,1,-26.13231,155.35983,1,1577.9,1,34.581,1,3.047,1,1577.9,1,3.047,1,34.581,1
5905612,2025-10-21T19:51:20Z,1,-26.13231,155.35983,1,1579.9,1,34.581,1,3.046,1,1579.9,1,3.046,1,34.581,1
5905612,2025-10-21T19:51:20Z,1,-26.13231,155.35983,1,1581.9,1,34.581,1,3.044,1,1581.9,1,3.044,1,34.581,1
5905612,2025-10-21T19:51:20Z,1,-26.13231,155.35983,1,1583.4,1,34.581,1,3.04,1,1583.4,1,3.04,1,34.581,1
5905612,2025-10-21T19:51:20Z,1,-26.13231,155.35983,1,1585.0,1,34.582,1,3.033,1,1585.0,1,3.033,1,34.582,1
5905612,2025-10-21T19:51:20Z,1,-26.13231,155.35983,1,1587.0,1,34.582,1,3.03,1,1587.0,1,3.03,1,34.582,1
5905612,2025-10-21T19:51:20Z,1,-26.13231,155.35983,1,1589.0,1,34.583,1,3.028,1,1589.0,1,3.028,1,34.583,1
5905612,2025-10-21T19:51:20Z,1,-26.13231,155.35983,1,1591.0,1,34.582,1,3.026,1,1591.0,1,3.026,1,34.582,1
5905612,2025-10-21T19:51:20Z,1,-26.13231,155.35983,1,1593.0,1,34.583,1,3.017,1,1593.0,1,3.017,1,34.583,1
5905612,2025-10-21T19:51:20Z,1,-26.13231,155.35983,1,1595.0,1,34.584,1,3.01,1,1595.0,1,3.01,1,34.584,1
5905612,2025-10-21T19:51:20Z,1,-26.13231,155.35983,1,1597.0,1,34.584,1,3.005,1,1597.0,1,3.005,1,34.584,1
5905612,2025-10-21T19:51:20Z,1,-26.13231,155.35983,1,1599.1,1,34.585,1,3.002,1,1599.1,1,3.002,1,34.585,1
5905612,2025-10-21T19:51:20Z,1,-26.13231,155.35983,1,1601.1,1,34.585,1,2.994,1,1601.1,1,2.994,1,34.585,1
5905612,2025-10-21T19:51:20Z,1,-26.13231,155.35983,1,1603.2,1,34.587,1,2.986,1,1603.2,1,2.986,1,34.587,1
5905612,2025-10-21T19:51:20Z,1,-26.13231,155.35983,1,1605.2,1,34.587,1,2.978,1,1605.2,1,2.978,1,34.587,1
5905612,2025-10-21T19:51:20Z,1,-26.13231,155.35983,1,1607.2,1,34.587,1,2.975,1,1607.2,1,2.975,1,34.587,1
5905612,2025-10-21T19:51:20Z,1,-26.13231,155.35983,1,1609.3,1,34.588,1,2.972,1,1609.3,1,2.972,1,34.588,1
5905612,2025-10-21T19:51:20Z,1,-26.13231,155.35983,1,1611.3,1,34.588,1,2.969,1,1611.3,1,2.969,1,34.588,1
5905612,2025-10-21T19:51:20Z,1,-26.13231,155.35983,1,1613.4,1,34.589,1,2.964,1,1613.4,1,2.964,1,34.589,1
5905612,2025-10-21T19:51:20Z,1,-26.13231,155.35983,1,1615.5,1,34.588,1,2.962,1,1615.5,1,2.962,1,34.588,1
5905612,2025-10-21T19:51:20Z,1,-26.13231,155.35983,1,1617.5,1,34.589,1,2.959,1,1617.5,1,2.959,1,34.589,1
5905612,2025-10-21T19:51:20Z,1,-26.13231,155.35983,1,1619.6,1,34.589,1,2.959,1,1619.6,1,2.959,1,34.589,1
5905612,2025-10-21T19:51:20Z,1,-26.13231,155.35983,1,1621.7,1,34.589,1,2.956,1,1621.7,1,2.956,1,34.589,1
5905612,2025-10-21T19:51:20Z,1,-26.13231,155.35983,1,1623.8,1,34.589,1,2.955,1,1623.8,1,2.955,1,34.589,1
5905612,2025-10-21T19:51:20Z,1,-26.13231,155.35983,1,1625.4,1,34.589,1,2.955,1,1625.4,1,2.955,1,34.589,1
5905612,2025-10-21T19:51:20Z,1,-26.13231,155.35983,1,1627.0,1,34.59,1,2.946,1,1627.0,1,2.946,1,34.59,1
5905612,2025-10-21T19:51:20Z,1,-26.13231,155.35983,1,1629.1,1,34.591,1,2.941,1,1629.1,1,2.941,1,34.591,1
5905612,2025-10-21T19:51:20Z,1,-26.13231,155.35983,1,1631.5,1,34.591,1,2.928,1,1631.5,1,2.928,1,34.591,1
5905612,2025-10-21T19:51:20Z,1,-26.13231,155.35983,1,1633.6,1,34.592,1,2.923,1,1633.6,1,2.923,1,34.592,1
5905612,2025-10-21T19:51:20Z,1,-26.13231,155.35983,1,1635.3,1,34.592,1,2.922,1,1635.3,1,2.922,1,34.592,1
5905612,2025-10-21T19:51:20Z,1,-26.13231,155.35983,1,1637.3,1,34.593,1,2.92,1,1637.3,1,2.92,1,34.593,1
5905612,2025-10-21T19:51:20Z,1,-26.13231,155.35983,1,1639.3,1,34.593,1,2.916,1,1639.3,1,2.916,1,34.593,1
5905612,2025-10-21T19:51:20Z,1,-26.13231,155.35983,1,1641.4,1,34.594,1,2.914,1,1641.4,1,2.914,1,34.594,1
5905612,2025-10-21T19:51:20Z,1,-26.13231,155.35983,1,1643.4,1,34.594,1,2.914,1,1643.4,1,2.914,1,34.594,1
5905612,2025-10-21T19:51:20Z,1,-26.13231,155.35983,1,1645.5,1,34.594,1,2.91,1,1645.5,1,2.91,1,34.594,1
5905612,2025-10-21T19:51:20Z,1,-26.13231,155.35983,1,1647.6,1,34.594,1,2.906,1,1647.6,1,2.906,1,34.594,1
5905612,2025-10-21T19:51:20Z,1,-26.13231,155.35983,1,1649.3,1,34.594,1,2.905,1,1649.3,1,2.905,1,34.594,1
5905612,2025-10-21T19:51:20Z,1,-26.13231,155.35983,1,1651.4,1,34.594,1,2.903,1,1651.4,1,2.903,1,34.594,1
5905612,2025-10-21T19:51:20Z,1,-26.13231,155.35983,1,1653.5,1,34.595,1,2.895,1,1653.5,1,2.895,1,34.595,1
5905612,2025-10-21T19:51:20Z,1,-26.13231,155.35983,1,1655.2,1,34.596,1,2.892,1,1655.2,1,2.892,1,34.596,1
5905612,2025-10-21T19:51:20Z,1,-26.13231,155.35983,1,1657.3,1,34.596,1,2.885,1,1657.3,1,2.885,1,34.596,1
5905612,2025-10-21T19:51:20Z,1,-26.13231,155.35983,1,1659.4,1,34.597,1,2.877,1,1659.4,1,2.877,1,34.597,1
5905612,2025-10-21T19:51:20Z,1,-26.13231,155.35983,1,1661.2,1,34.598,1,2.87,1,1661.2,1,2.87,1,34.598,1
5905612,2025-10-21T19:51:20Z,1,-26.13231,155.35983,1,1663.3,1,34.599,1,2.863,1,1663.3,1,2.863,1,34.599,1
5905612,2025-10-21T19:51:20Z,1,-26.13231,155.35983,1,1665.5,1,34.599,1,2.859,1,1665.5,1,2.859,1,34.599,1
5905612,2025-10-21T19:51:20Z,1,-26.13231,155.35983,1,1667.3,1,34.599,1,2.857,1,1667.3,1,2.857,1,34.599,1
5905612,2025-10-21T19:51:20Z,1,-26.13231,155.35983,1,1669.5,1,34.599,1,2.854,1,1669.5,1,2.854,1,34.599,1
5905612,2025-10-21T19:51:20Z,1,-26.13231,155.35983,1,1671.7,1,34.6,1,2.848,1,1671.7,1,2.848,1,34.6,1
5905612,2025-10-21T19:51:20Z,1,-26.13231,155.35983,1,1673.5,1,34.6,1,2.847,1,1673.5,1,2.847,1,34.6,1
5905612,2025-10-21T19:51:20Z,1,-26.13231,155.35983,1,1675.2,1,34.601,1,2.845,1,1675.2,1,2.845,1,34.601,1
5905612,2025-10-21T19:51:20Z,1,-26.13231,155.35983,1,1677.5,1,34.601,1,2.841,1,1677.5,1,2.841,1,34.601,1
5905612,2025-10-21T19:51:20Z,1,-26.13231,155.35983,1,1679.7,1,34.602,1,2.836,1,1679.7,1,2.836,1,34.602,1
5905612,2025-10-21T19:51:20Z,1,-26.13231,155.35983,1,1681.5,1,34.602,1,2.833,1,1681.5,1,2.833,1,34.602,1
5905612,2025-10-21T19:51:20Z,1,-26.13231,155.35983,1,1683.3,1,34.602,1,2.828,1,1683.3,1,2.828,1,34.602,1
5905612,2025-10-21T19:51:20Z,1,-26.13231,155.35983,1,1685.1,1,34.602,1,2.827,1,1685.1,1,2.827,1,34.602,1
5905612,2025-10-21T19:51:20Z,1,-26.13231,155.35983,1,1687.4,1,34.603,1,2.823,1,1687.4,1,2.823,1,34.603,1
5905612,2025-10-21T19:51:20Z,1,-26.13231,155.35983,1,1689.6,1,34.603,1,2.822,1,1689.6,1,2.822,1,34.603,1
5905612,2025-10-21T19:51:20Z,1,-26.13231,155.35983,1,1691.4,1,34.603,1,2.819,1,1691.4,1,2.819,1,34.603,1
5905612,2025-10-21T19:51:20Z,1,-26.13231,155.35983,1,1693.2,1,34.603,1,2.816,1,1693.2,1,2.816,1,34.603,1
5905612,2025-10-21T19:51:20Z,1,-26.13231,155.35983,1,1695.5,1,34.604,1,2.813,1,1695.5,1,2.813,1,34.604,1
5905612,2025-10-21T19:51:20Z,1,-26.13231,155.35983,1,1697.7,1,34.604,1,2.807,1,1697.7,1,2.807,1,34.604,1
5905612,2025-10-21T19:51:20Z,1,-26.13231,155.35983,1,1699.4,1,34.605,1,2.803,1,1699.4,1,2.803,1,34.605,1
5905612,2025-10-21T19:51:20Z,1,-26.13231,155.35983,1,1701.2,1,34.605,1,2.8,1,1701.2,1,2.8,1,34.605,1
5905612,2025-10-21T19:51:20Z,1,-26.13231,155.35983,1,1703.4,1,34.605,1,2.797,1,1703.4,1,2.797,1,34.605,1
5905612,2025-10-21T19:51:20Z,1,-26.13231,155.35983,1,1705.6,1,34.606,1,2.788,1,1705.6,1,2.788,1,34.606,1
5905612,2025-10-21T19:51:20Z,1,-26.13231,155.35983,1,1707.4,1,34.607,1,2.785,1,1707.4,1,2.785,1,34.607,1
5905612,2025-10-21T19:51:20Z,1,-26.13231,155.35983,1,1709.2,1,34.607,1,2.78,1,1709.2,1,2.78,1,34.607,1
5905612,2025-10-21T19:51:20Z,1,-26.13231,155.35983,1,1711.4,1,34.607,1,2.777,1,1711.4,1,2.777,1,34.607,1
5905612,2025-10-21T19:51:20Z,1,-26.13231,155.35983,1,1713.6,1,34.607,1,2.774,1,1713.6,1,2.774,1,34.607,1
5905612,2025-10-21T19:51:20Z,1,-26.13231,155.35983,1,1715.4,1,34.608,1,2.769,1,1715.4,1,2.769,1,34.608,1
5905612,2025-10-21T19:51:20Z,1,-26.13231,155.35983,1,1717.2,1,34.609,1,2.767,1,1717.2,1,2.767,1,34.609,1
5905612,2025-10-21T19:51:20Z,1,-26.13231,155.35983,1,1719.5,1,34.609,1,2.764,1,1719.5,1,2.764,1,34.609,1
5905612,2025-10-21T19:51:20Z,1,-26.13231,155.35983,1,1721.7,1,34.609,1,2.76,1,1721.7,1,2.76,1,34.609,1
5905612,2025-10-21T19:51:20Z,1,-26.13231,155.35983,1,1723.5,1,34.609,1,2.759,1,1723.5,1,2.759,1,34.609,1
5905612,2025-10-21T19:51:20Z,1,-26.13231,155.35983,1,1725.3,1,34.609,1,2.756,1,1725.3,1,2.756,1,34.609,1
5905612,2025-10-21T19:51:20Z,1,-26.13231,155.35983,1,1727.2,1,34.61,1,2.755,1,1727.2,1,2.755,1,34.61,1
5905612,2025-10-21T19:51:20Z,1,-26.13231,155.35983,1,1729.4,1,34.61,1,2.754,1,1729.4,1,2.754,1,34.61,1
5905612,2025-10-21T19:51:20Z,1,-26.13231,155.35983,1,1731.7,1,34.609,1,2.752,1,1731.7,1,2.752,1,34.609,1
5905612,2025-10-21T19:51:20Z,1,-26.13231,155.35983,1,1733.5,1,34.61,1,2.749,1,1733.5,1,2.749,1,34.61,1
5905612,2025-10-21T19:51:20Z,1,-26.13231,155.35983,1,1735.4,1,34.611,1,2.746,1,1735.4,1,2.746,1,34.611,1
5905612,2025-10-21T19:51:20Z,1,-26.13231,155.35983,1,1737.2,1,34.611,1,2.742,1,1737.2,1,2.742,1,34.611,1
5905612,2025-10-21T19:51:20Z,1,-26.13231,155.35983,1,1739.1,1,34.611,1,2.741,1,1739.1,1,2.741,1,34.611,1
5905612,2025-10-21T19:51:20Z,1,-26.13231,155.35983,1,1741.4,1,34.612,1,2.735,1,1741.4,1,2.735,1,34.612,1
5905612,2025-10-21T19:51:20Z,1,-26.13231,155.35983,1,1743.7,1,34.612,1,2.73,1,1743.7,1,2.73,1,34.612,1
5905612,2025-10-21T19:51:20Z,1,-26.13231,155.35983,1,1745.5,1,34.612,1,2.727,1,1745.5,1,2.727,1,34.612,1
5905612,2025-10-21T19:51:20Z,1,-26.13231,155.35983,1,1747.4,1,34.613,1,2.724,1,1747.4,1,2.724,1,34.613,1
5905612,2025-10-21T19:51:20Z,1,-26.13231,155.35983,1,1749.3,1,34.613,1,2.721,1,1749.3,1,2.721,1,34.613,1
5905612,2025-10-21T19:51:20Z,1,-26.13231,155.35983,1,1751.1,1,34.613,1,2.716,1,1751.1,1,2.716,1,34.613,1
5905612,2025-10-21T19:51:20Z,1,-26.13231,155.35983,1,1753.0,1,34.614,1,2.711,1,1753.0,1,2.711,1,34.614,1
5905612,2025-10-21T19:51:20Z,1,-26.13231,155.35983,1,1755.4,1,34.614,1,2.71,1,1755.4,1,2.71,1,34.614,1
5905612,2025-10-21T19:51:20Z,1,-26.13231,155.35983,1,1757.7,1,34.614,1,2.705,1,1757.7,1,2.705,1,34.614,1
5905612,2025-10-21T19:51:20Z,1,-26.13231,155.35983,1,1759.7,1,34.614,1,2.704,1,1759.7,1,2.704,1,34.614,1
5905612,2025-10-21T19:51:20Z,1,-26.13231,155.35983,1,1761.6,1,34.614,1,2.704,1,1761.6,1,2.704,1,34.614,1
5905612,2025-10-21T19:51:20Z,1,-26.13231,155.35983,1,1763.4,1,34.614,1,2.702,1,1763.4,1,2.702,1,34.614,1
5905612,2025-10-21T19:51:20Z,1,-26.13231,155.35983,1,1765.3,1,34.615,1,2.7,1,1765.3,1,2.7,1,34.615,1
5905612,2025-10-21T19:51:20Z,1,-26.13231,155.35983,1,1767.2,1,34.616,1,2.695,1,1767.2,1,2.695,1,34.616,1
5905612,2025-10-21T19:51:20Z,1,-26.13231,155.35983,1,1769.1,1,34.616,1,2.688,1,1769.1,1,2.688,1,34.616,1
5905612,2025-10-21T19:51:20Z,1,-26.13231,155.35983,1,1771.4,1,34.617,1,2.684,1,1771.4,1,2.684,1,34.617,1
5905612,2025-10-21T19:51:20Z,1,-26.13231,155.35983,1,1773.8,1,34.617,1,2.68,1,1773.8,1,2.68,1,34.617,1
5905612,2025-10-21T19:51:20Z,1,-26.13231,155.35983,1,1775.7,1,34.617,1,2.679,1,1775.7,1,2.679,1,34.617,1
5905612,2025-10-21T19:51:20Z,1,-26.13231,155.35983,1,1777.6,1,34.619,1,2.676,1,1777.6,1,2.676,1,34.619,1
5905612,2025-10-21T19:51:20Z,1,-26.13231,155.35983,1,1779.5,1,34.619,1,2.67,1,1779.5,1,2.67,1,34.619,1
5905612,2025-10-21T19:51:20Z,1,-26.13231,155.35983,1,1781.5,1,34.62,1,2.664,1,1781.5,1,2.664,1,34.62,1
5905612,2025-10-21T19:51:20Z,1,-26.13231,155.35983,1,1783.4,1,34.62,1,2.658,1,1783.4,1,2.658,1,34.62,1
5905612,2025-10-21T19:51:20Z,1,-26.13231,155.35983,1,1785.4,1,34.62,1,2.655,1,1785.4,1,2.655,1,34.62,1
5905612,2025-10-21T19:51:20Z,1,-26.13231,155.35983,1,1787.3,1,34.62,1,2.654,1,1787.3,1,2.654,1,34.62,1
5905612,2025-10-21T19:51:20Z,1,-26.13231,155.35983,1,1789.3,1,34.62,1,2.653,1,1789.3,1,2.653,1,34.62,1
5905612,2025-10-21T19:51:20Z,1,-26.13231,155.35983,1,1791.2,1,34.62,1,2.649,1,1791.2,1,2.649,1,34.62,1
5905612,2025-10-21T19:51:20Z,1,-26.13231,155.35983,1,1793.2,1,34.622,1,2.641,1,1793.2,1,2.641,1,34.622,1
5905612,2025-10-21T19:51:20Z,1,-26.13231,155.35983,1,1795.1,1,34.622,1,2.639,1,1795.1,1,2.639,1,34.622,1
5905612,2025-10-21T19:51:20Z,1,-26.13231,155.35983,1,1797.1,1,34.622,1,2.634,1,1797.1,1,2.634,1,34.622,1
5905612,2025-10-21T19:51:20Z,1,-26.13231,155.35983,1,1799.1,1,34.623,1,2.63,1,1799.1,1,2.63,1,34.623,1
5905612,2025-10-21T19:51:20Z,1,-26.13231,155.35983,1,1801.1,1,34.623,1,2.625,1,1801.1,1,2.625,1,34.623,1
5905612,2025-10-21T19:51:20Z,1,-26.13231,155.35983,1,1803.1,1,34.624,1,2.62,1,1803.1,1,2.62,1,34.624,1
5905612,2025-10-21T19:51:20Z,1,-26.13231,155.35983,1,1805.1,1,34.624,1,2.616,1,1805.1,1,2.616,1,34.624,1
5905612,2025-10-21T19:51:20Z,1,-26.13231,155.35983,1,1807.1,1,34.624,1,2.615,1,1807.1,1,2.615,1,34.624,1
5905612,2025-10-21T19:51:20Z,1,-26.13231,155.35983,1,1809.1,1,34.625,1,2.613,1,1809.1,1,2.613,1,34.625,1
5905612,2025-10-21T19:51:20Z,1,-26.13231,155.35983,1,1811.1,1,34.625,1,2.609,1,1811.1,1,2.609,1,34.625,1
5905612,2025-10-21T19:51:20Z,1,-26.13231,155.35983,1,1813.1,1,34.626,1,2.604,1,1813.1,1,2.604,1,34.626,1
5905612,2025-10-21T19:51:20Z,1,-26.13231,155.35983,1,1815.2,1,34.627,1,2.6,1,1815.2,1,2.6,1,34.627,1
5905612,2025-10-21T19:51:20Z,1,-26.13231,155.35983,1,1817.2,1,34.626,1,2.598,1,1817.2,1,2.598,1,34.626,1
5905612,2025-10-21T19:51:20Z,1,-26.13231,155.35983,1,1819.2,1,34.626,1,2.597,1,1819.2,1,2.597,1,34.626,1
5905612,2025-10-21T19:51:20Z,1,-26.13231,155.35983,1,1821.3,1,34.627,1,2.596,1,1821.3,1,2.596,1,34.627,1
5905612,2025-10-21T19:51:20Z,1,-26.13231,155.35983,1,1823.3,1,34.627,1,2.593,1,1823.3,1,2.593,1,34.627,1
5905612,2025-10-21T19:51:20Z,1,-26.13231,155.35983,1,1825.3,1,34.627,1,2.592,1,1825.3,1,2.592,1,34.627,1
5905612,2025-10-21T19:51:20Z,1,-26.13231,155.35983,1,1827.4,1,34.628,1,2.589,1,1827.4,1,2.589,1,34.628,1
5905612,2025-10-21T19:51:20Z,1,-26.13231,155.35983,1,1829.4,1,34.628,1,2.586,1,1829.4,1,2.586,1,34.628,1
5905612,2025-10-21T19:51:20Z,1,-26.13231,155.35983,1,1831.5,1,34.628,1,2.582,1,1831.5,1,2.582,1,34.628,1
5905612,2025-10-21T19:51:20Z,1,-26.13231,155.35983,1,1833.5,1,34.629,1,2.58,1,1833.5,1,2.58,1,34.629,1
5905612,2025-10-21T19:51:20Z,1,-26.13231,155.35983,1,1835.6,1,34.629,1,2.58,1,1835.6,1,2.58,1,34.629,1
5905612,2025-10-21T19:51:20Z,1,-26.13231,155.35983,1,1837.6,1,34.629,1,2.577,1,1837.6,1,2.577,1,34.629,1
5905612,2025-10-21T19:51:20Z,1,-26.13231,155.35983,1,1839.7,1,34.629,1,2.575,1,1839.7,1,2.575,1,34.629,1
5905612,2025-10-21T19:51:20Z,1,-26.13231,155.35983,1,1841.7,1,34.629,1,2.574,1,1841.7,1,2.574,1,34.629,1
5905612,2025-10-21T19:51:20Z,1,-26.13231,155.35983,1,1843.8,1,34.63,1,2.571,1,1843.8,1,2.571,1,34.63,1
5905612,2025-10-21T19:51:20Z,1,-26.13231,155.35983,1,1845.9,1,34.63,1,2.567,1,1845.9,1,2.567,1,34.63,1
5905612,2025-10-21T19:51:20Z,1,-26.13231,155.35983,1,1847.4,1,34.631,1,2.564,1,1847.4,1,2.564,1,34.631,1
5905612,2025-10-21T19:51:20Z,1,-26.13231,155.35983,1,1849.0,1,34.63,1,2.563,1,1849.0,1,2.563,1,34.63,1
5905612,2025-10-21T19:51:20Z,1,-26.13231,155.35983,1,1851.0,1,34.631,1,2.556,1,1851.0,1,2.556,1,34.631,1
5905612,2025-10-21T19:51:20Z,1,-26.13231,155.35983,1,1853.1,1,34.631,1,2.554,1,1853.1,1,2.554,1,34.631,1
5905612,2025-10-21T19:51:20Z,1,-26.13231,155.35983,1,1855.1,1,34.631,1,2.552,1,1855.1,1,2.552,1,34.631,1
5905612,2025-10-21T19:51:20Z,1,-26.13231,155.35983,1,1857.1,1,34.633,1,2.549,1,1857.1,1,2.549,1,34.633,1
5905612,2025-10-21T19:51:20Z,1,-26.13231,155.35983,1,1859.2,1,34.633,1,2.546,1,1859.2,1,2.546,1,34.633,1
5905612,2025-10-21T19:51:20Z,1,-26.13231,155.35983,1,1861.3,1,34.633,1,2.541,1,1861.3,1,2.541,1,34.633,1
5905612,2025-10-21T19:51:20Z,1,-26.13231,155.35983,1,1863.3,1,34.633,1,2.539,1,1863.3,1,2.539,1,34.633,1
5905612,2025-10-21T19:51:20Z,1,-26.13231,155.35983,1,1865.2,1,34.634,1,2.538,1,1865.2,1,2.538,1,34.634,1
5905612,2025-10-21T19:51:20Z,1,-26.13231,155.35983,1,1867.5,1,34.634,1,2.535,1,1867.5,1,2.535,1,34.634,1
5905612,2025-10-21T19:51:20Z,1,-26.13231,155.35983,1,1869.5,1,34.635,1,2.529,1,1869.5,1,2.529,1,34.635,1
5905612,2025-10-21T19:51:20Z,1,-26.13231,155.35983,1,1871.5,1,34.635,1,2.525,1,1871.5,1,2.525,1,34.635,1
5905612,2025-10-21T19:51:20Z,1,-26.13231,155.35983,1,1873.5,1,34.635,1,2.524,1,1873.5,1,2.524,1,34.635,1
5905612,2025-10-21T19:51:20Z,1,-26.13231,155.35983,1,1875.5,1,34.635,1,2.522,1,1875.5,1,2.522,1,34.635,1
5905612,2025-10-21T19:51:20Z,1,-26.13231,155.35983,1,1877.5,1,34.635,1,2.521,1,1877.5,1,2.521,1,34.635,1
5905612,2025-10-21T19:51:20Z,1,-26.13231,155.35983,1,1879.5,1,34.636,1,2.516,1,1879.5,1,2.516,1,34.636,1
5905612,2025-10-21T19:51:20Z,1,-26.13231,155.35983,1,1881.5,1,34.637,1,2.512,1,1881.5,1,2.512,1,34.637,1
5905612,2025-10-21T19:51:20Z,1,-26.13231,155.35983,1,1883.5,1,34.637,1,2.512,1,1883.5,1,2.512,1,34.637,1
5905612,2025-10-21T19:51:20Z,1,-26.13231,155.35983,1,1885.5,1,34.637,1,2.51,1,1885.5,1,2.51,1,34.637,1
5905612,2025-10-21T19:51:20Z,1,-26.13231,155.35983,1,1887.5,1,34.637,1,2.507,1,1887.5,1,2.507,1,34.637,1
5905612,2025-10-21T19:51:20Z,1,-26.13231,155.35983,1,1889.6,1,34.638,1,2.503,1,1889.6,1,2.503,1,34.638,1
5905612,2025-10-21T19:51:20Z,1,-26.13231,155.35983,1,1891.6,1,34.638,1,2.5,1,1891.6,1,2.5,1,34.638,1
5905612,2025-10-21T19:51:20Z,1,-26.13231,155.35983,1,1893.6,1,34.639,1,2.496,1,1893.6,1,2.496,1,34.639,1
5905612,2025-10-21T19:51:20Z,1,-26.13231,155.35983,1,1895.2,1,34.639,1,2.494,1,1895.2,1,2.494,1,34.639,1
5905612,2025-10-21T19:51:20Z,1,-26.13231,155.35983,1,1897.3,1,34.639,1,2.493,1,1897.3,1,2.493,1,34.639,1
5905612,2025-10-21T19:51:20Z,1,-26.13231,155.35983,1,1899.3,1,34.639,1,2.492,1,1899.3,1,2.492,1,34.639,1
5905612,2025-10-21T19:51:20Z,1,-26.13231,155.35983,1,1901.4,1,34.639,1,2.49,1,1901.4,1,2.49,1,34.639,1
5905612,2025-10-21T19:51:20Z,1,-26.13231,155.35983,1,1903.4,1,34.639,1,2.489,1,1903.4,1,2.489,1,34.639,1
5905612,2025-10-21T19:51:20Z,1,-26.13231,155.35983,1,1905.5,1,34.64,1,2.487,1,1905.5,1,2.487,1,34.64,1
5905612,2025-10-21T19:51:20Z,1,-26.13231,155.35983,1,1907.6,1,34.641,1,2.484,1,1907.6,1,2.484,1,34.641,1
5905612,2025-10-21T19:51:20Z,1,-26.13231,155.35983,1,1909.3,1,34.641,1,2.484,1,1909.3,1,2.484,1,34.641,1
5905612,2025-10-21T19:51:20Z,1,-26.13231,155.35983,1,1911.4,1,34.641,1,2.481,1,1911.4,1,2.481,1,34.641,1
5905612,2025-10-21T19:51:20Z,1,-26.13231,155.35983,1,1913.5,1,34.641,1,2.479,1,1913.5,1,2.479,1,34.641,1
5905612,2025-10-21T19:51:20Z,1,-26.13231,155.35983,1,1915.2,1,34.641,1,2.478,1,1915.2,1,2.478,1,34.641,1
5905612,2025-10-21T19:51:20Z,1,-26.13231,155.35983,1,1917.3,1,34.641,1,2.476,1,1917.3,1,2.476,1,34.641,1
5905612,2025-10-21T19:51:20Z,1,-26.13231,155.35983,1,1919.4,1,34.641,1,2.473,1,1919.4,1,2.473,1,34.641,1
5905612,2025-10-21T19:51:20Z,1,-26.13231,155.35983,1,1921.5,1,34.641,1,2.469,1,1921.5,1,2.469,1,34.641,1
5905612,2025-10-21T19:51:20Z,1,-26.13231,155.35983,1,1923.6,1,34.642,1,2.464,1,1923.6,1,2.464,1,34.642,1
5905612,2025-10-21T19:51:20Z,1,-26.13231,155.35983,1,1925.3,1,34.643,1,2.46,1,1925.3,1,2.46,1,34.643,1
5905612,2025-10-21T19:51:20Z,1,-26.13231,155.35983,1,1927.4,1,34.643,1,2.457,1,1927.4,1,2.457,1,34.643,1
5905612,2025-10-21T19:51:20Z,1,-26.13231,155.35983,1,1929.6,1,34.643,1,2.455,1,1929.6,1,2.455,1,34.643,1
5905612,2025-10-21T19:51:20Z,1,-26.13231,155.35983,1,1931.3,1,34.643,1,2.454,1,1931.3,1,2.454,1,34.643,1
5905612,2025-10-21T19:51:20Z,1,-26.13231,155.35983,1,1933.4,1,34.643,1,2.453,1,1933.4,1,2.453,1,34.643,1
5905612,2025-10-21T19:51:20Z,1,-26.13231,155.35983,1,1935.6,1,34.643,1,2.454,1,1935.6,1,2.454,1,34.643,1
5905612,2025-10-21T19:51:20Z,1,-26.13231,155.35983,1,1937.3,1,34.643,1,2.451,1,1937.3,1,2.451,1,34.643,1
5905612,2025-10-21T19:51:20Z,1,-26.13231,155.35983,1,1939.4,1,34.644,1,2.448,1,1939.4,1,2.448,1,34.644,1
5905612,2025-10-21T19:51:20Z,1,-26.13231,155.35983,1,1941.5,1,34.644,1,2.447,1,1941.5,1,2.447,1,34.644,1
5905612,2025-10-21T19:51:20Z,1,-26.13231,155.35983,1,1943.3,1,34.644,1,2.446,1,1943.3,1,2.446,1,34.644,1
5905612,2025-10-21T19:51:20Z,1,-26.13231,155.35983,1,1945.4,1,34.644,1,2.445,1,1945.4,1,2.445,1,34.644,1
5905612,2025-10-21T19:51:20Z,1,-26.13231,155.35983,1,1947.5,1,34.645,1,2.444,1,1947.5,1,2.444,1,34.645,1
5905612,2025-10-21T19:51:20Z,1,-26.13231,155.35983,1,1949.2,1,34.645,1,2.442,1,1949.2,1,2.442,1,34.645,1
5905612,2025-10-21T19:51:20Z,1,-26.13231,155.35983,1,1951.3,1,34.645,1,2.442,1,1951.3,1,2.442,1,34.645,1
5905612,2025-10-21T19:51:20Z,1,-26.13231,155.35983,1,1953.5,1,34.645,1,2.441,1,1953.5,1,2.441,1,34.645,1
5905612,2025-10-21T19:51:20Z,1,-26.13231,155.35983,1,1955.6,1,34.645,1,2.441,1,1955.6,1,2.441,1,34.645,1
5905612,2025-10-21T19:51:20Z,1,-26.13231,155.35983,1,1957.7,1,34.645,1,2.44,1,1957.7,1,2.44,1,34.645,1
5905612,2025-10-21T19:51:20Z,1,-26.13231,155.35983,1,1959.4,1,34.646,1,2.439,1,1959.4,1,2.439,1,34.646,1
5905612,2025-10-21T19:51:20Z,1,-26.13231,155.35983,1,1961.5,1,34.645,1,2.438,1,1961.5,1,2.438,1,34.645,1
5905612,2025-10-21T19:51:20Z,1,-26.13231,155.35983,1,1963.6,1,34.646,1,2.435,1,1963.6,1,2.435,1,34.646,1
5905612,2025-10-21T19:51:20Z,1,-26.13231,155.35983,1,1965.3,1,34.646,1,2.432,1,1965.3,1,2.432,1,34.646,1
5905612,2025-10-21T19:51:20Z,1,-26.13231,155.35983,1,1967.4,1,34.647,1,2.428,1,1967.4,1,2.428,1,34.647,1
5905612,2025-10-21T19:51:20Z,1,-26.13231,155.35983,1,1969.6,1,34.648,1,2.425,1,1969.6,1,2.425,1,34.648,1
5905612,2025-10-21T19:51:20Z,1,-26.13231,155.35983,1,1971.4,1,34.647,1,2.424,1,1971.4,1,2.424,1,34.647,1
5905612,2025-10-21T19:51:20Z,1,-26.13231,155.35983,1,1973.5,1,34.648,1,2.42,1,1973.5,1,2.42,1,34.648,1
5905612,2025-10-21T19:51:20Z,1,-26.13231,155.35983,1,1975.7,1,34.648,1,2.42,1,1975.7,1,2.42,1,34.648,1
5905612,2025-10-21T19:51:20Z,1,-26.13231,155.35983,1,1977.4,1,34.648,1,2.42,1,1977.4,1,2.42,1,34.648,1
5905612,2025-10-21T19:51:20Z,1,-26.13231,155.35983,1,1979.2,1,34.648,1,2.42,1,1979.2,1,2.42,1,34.648,1
5905612,2025-10-21T19:51:20Z,1,-26.13231,155.35983,1,1981.3,1,34.648,1,2.42,1,1981.3,1,2.42,1,34.648,1
5905612,2025-10-21T19:51:20Z,1,-26.13231,155.35983,1,1983.5,1,34.649,1,2.419,1,1983.5,1,2.419,1,34.649,1
5905612,2025-10-21T19:51:20Z,1,-26.13231,155.35983,1,1985.2,1,34.649,1,2.418,1,1985.2,1,2.418,1,34.649,1
5905612,2025-10-21T19:51:20Z,1,-26.13231,155.35983,1,1987.4,1,34.649,1,2.415,1,1987.4,1,2.415,1,34.649,1
5905612,2025-10-21T19:51:20Z,1,-26.13231,155.35983,1,1989.6,1,34.649,1,2.413,1,1989.6,1,2.413,1,34.649,1
5905612,2025-10-21T19:51:20Z,1,-26.13231,155.35983,1,1991.6,1,34.65,1,2.411,1,1991.6,1,2.411,1,34.65,1
5905612,2025-10-21T19:51:20Z,1,-26.13231,155.35983,1,1993.1,1,34.65,1,2.41,1,1993.1,1,2.41,1,34.65,1
5905612,2025-10-31T14:50:20Z,1,-25.81051,154.97104,1,0.2,1,35.595,1,23.955,1,0.2,1,23.955,1,35.595,1
5905612,2025-10-31T14:50:20Z,1,-25.81051,154.97104,1,1.3,1,35.592,1,23.955,1,1.3,1,23.955,1,35.592,1
5905612,2025-10-31T14:50:20Z,1,-25.81051,154.97104,1,3.4,1,35.595,1,23.955,1,3.4,1,23.955,1,35.595,1
5905612,2025-10-31T14:50:20Z,1,-25.81051,154.97104,1,4.9,1,35.595,1,23.954,1,4.9,1,23.954,1,35.595,1
5905612,2025-10-31T14:50:20Z,1,-25.81051,154.97104,1,6.0,1,35.596,1,23.949,1,6.0,1,23.949,1,35.596,1
5905612,2025-10-31T14:50:20Z,1,-25.81051,154.97104,1,7.7,1,35.596,1,23.942,1,7.7,1,23.942,1,35.596,1
5905612,2025-10-31T14:50:20Z,1,-25.81051,154.97104,1,9.4,1,35.596,1,23.942,1,9.4,1,23.942,1,35.596,1
5905612,2025-10-31T14:50:20Z,1,-25.81051,154.97104,1,11.1,1,35.597,1,23.946,1,11.1,1,23.946,1,35.597,1
5905612,2025-10-31T14:50:20Z,1,-25.81051,154.97104,1,13.4,1,35.596,1,23.941,1,13.4,1,23.941,1,35.596,1
5905612,2025-10-31T14:50:20Z,1,-25.81051,154.97104,1,15.5,1,35.597,1,23.938,1,15.5,1,23.938,1,35.597,1
5905612,2025-10-31T14:50:20Z,1,-25.81051,154.97104,1,17.4,1,35.596,1,23.916,1,17.4,1,23.916,1,35.596,1
5905612,2025-10-31T14:50:20Z,1,-25.81051,154.97104,1,19.3,1,35.596,1,23.886,1,19.3,1,23.886,1,35.596,1
5905612,2025-10-31T14:50:20Z,1,-25.81051,154.97104,1,21.5,1,35.597,1,23.841,1,21.5,1,23.841,1,35.597,1
5905612,2025-10-31T14:50:20Z,1,-25.81051,154.97104,1,23.4,1,35.609,1,23.731,1,23.4,1,23.731,1,35.609,1
5905612,2025-10-31T14:50:20Z,1,-25.81051,154.97104,1,25.0,1,35.604,1,23.727,1,25.0,1,23.727,1,35.604,1
5905612,2025-10-31T14:50:20Z,1,-25.81051,154.97104,1,27.1,1,35.611,1,23.671,1,27.1,1,23.671,1,35.611,1
5905612,2025-10-31T14:50:20Z,1,-25.81051,154.97104,1,29.0,1,35.614,1,23.653,1,29.0,1,23.653,1,35.614,1
5905612,2025-10-31T14:50:20Z,1,-25.81051,154.97104,1,31.4,1,35.62,1,23.598,1,31.4,1,23.598,1,35.62,1
5905612,2025-10-31T14:50:20Z,1,-25.81051,154.97104,1,33.6,1,35.63,1,23.52,1,33.6,1,23.52,1,35.63,1
5905612,2025-10-31T14:50:20Z,1,-25.81051,154.97104,1,35.5,1,35.644,1,23.384,1,35.5,1,23.384,1,35.644,1
5905612,2025-10-31T14:50:20Z,1,-25.81051,154.97104,1,37.4,1,35.657,1,23.261,1,37.4,1,23.261,1,35.657,1
5905612,2025-10-31T14:50:20Z,1,-25.81051,154.97104,1,39.2,1,35.669,1,23.176,1,39.2,1,23.176,1,35.669,1
5905612,2025-10-31T14:50:20Z,1,-25.81051,154.97104,1,41.5,1,35.678,1,23.092,1,41.5,1,23.092,1,35.678,1
5905612,2025-10-31T14:50:20Z,1,-25.81051,154.97104,1,43.5,1,35.692,1,23.012,1,43.5,1,23.012,1,35.692,1
5905612,2025-10-31T14:50:20Z,1,-25.81051,154.97104,1,45.4,1,35.702,1,22.905,1,45.4,1,22.905,1,35.702,1
5905612,2025-10-31T14:50:20Z,1,-25.81051,154.97104,1,47.5,1,35.724,1,22.678,1,47.5,1,22.678,1,35.724,1
5905612,2025-10-31T14:50:20Z,1,-25.81051,154.97104,1,49.3,1,35.705,1,22.465,1,49.3,1,22.465,1,35.705,1
5905612,2025-10-31T14:50:20Z,1,-25.81051,154.97104,1,51.3,1,35.676,1,22.318,1,51.3,1,22.318,1,35.676,1
5905612,2025-10-31T14:50:20Z,1,-25.81051,154.97104,1,53.2,1,35.678,1,22.202,1,53.2,1,22.202,1,35.678,1
5905612,2025-10-31T14:50:20Z,1,-25.81051,154.97104,1,55.1,1,35.68,1,22.178,1,55.1,1,22.178,1,35.68,1
5905612,2025-10-31T14:50:20Z,1,-25.81051,154.97104,1,57.1,1,35.682,1,22.139,1,57.1,1,22.139,1,35.682,1
5905612,2025-10-31T14:50:20Z,1,-25.81051,154.97104,1,59.0,1,35.683,1,22.08,1,59.0,1,22.08,1,35.683,1
5905612,2025-10-31T14:50:20Z,1,-25.81051,154.97104,1,61.4,1,35.685,1,22.034,1,61.4,1,22.034,1,35.685,1
5905612,2025-10-31T14:50:20Z,1,-25.81051,154.97104,1,63.9,1,35.691,1,21.97,1,63.9,1,21.97,1,35.691,1
5905612,2025-10-31T14:50:20Z,1,-25.81051,154.97104,1,65.9,1,35.694,1,21.888,1,65.9,1,21.888,1,35.694,1
5905612,2025-10-31T14:50:20Z,1,-25.81051,154.97104,1,67.9,1,35.691,1,21.833,1,67.9,1,21.833,1,35.691,1
5905612,2025-10-31T14:50:20Z,1,-25.81051,154.97104,1,69.9,1,35.686,1,21.787,1,69.9,1,21.787,1,35.686,1
5905612,2025-10-31T14:50:20Z,1,-25.81051,154.97104,1,71.8,1,35.686,1,21.725,1,71.8,1,21.725,1,35.686,1
5905612,2025-10-31T14:50:20Z,1,-25.81051,154.97104,1,73.8,1,35.687,1,21.664,1,73.8,1,21.664,1,35.687,1
5905612,2025-10-31T14:50:20Z,1,-25.81051,154.97104,1,75.9,1,35.688,1,21.609,1,75.9,1,21.609,1,35.688,1
5905612,2025-10-31T14:50:20Z,1,-25.81051,154.97104,1,77.8,1,35.688,1,21.576,1,77.8,1,21.576,1,35.688,1
5905612,2025-10-31T14:50:20Z,1,-25.81051,154.97104,1,79.7,1,35.687,1,21.525,1,79.7,1,21.525,1,35.687,1
5905612,2025-10-31T14:50:20Z,1,-25.81051,154.97104,1,81.6,1,35.687,1,21.499,1,81.6,1,21.499,1,35.687,1
5905612,2025-10-31T14:50:20Z,1,-25.81051,154.97104,1,83.6,1,35.687,1,21.472,1,83.6,1,21.472,1,35.687,1
5905612,2025-10-31T14:50:20Z,1,-25.81051,154.97104,1,85.6,1,35.688,1,21.433,1,85.6,1,21.433,1,35.688,1
5905612,2025-10-31T14:50:20Z,1,-25.81051,154.97104,1,87.6,1,35.684,1,21.397,1,87.6,1,21.397,1,35.684,1
5905612,2025-10-31T14:50:20Z,1,-25.81051,154.97104,1,89.7,1,35.68,1,21.336,1,89.7,1,21.336,1,35.68,1
5905612,2025-10-31T14:50:20Z,1,-25.81051,154.97104,1,91.7,1,35.68,1,21.259,1,91.7,1,21.259,1,35.68,1
5905612,2025-10-31T14:50:20Z,1,-25.81051,154.97104,1,93.8,1,35.681,1,21.232,1,93.8,1,21.232,1,35.681,1
5905612,2025-10-31T14:50:20Z,1,-25.81051,154.97104,1,95.5,1,35.684,1,21.214,1,95.5,1,21.214,1,35.684,1
5905612,2025-10-31T14:50:20Z,1,-25.81051,154.97104,1,97.0,1,35.679,1,21.176,1,97.0,1,21.176,1,35.679,1
5905612,2025-10-31T14:50:20Z,1,-25.81051,154.97104,1,99.1,1,35.679,1,21.145,1,99.1,1,21.145,1,35.679,1
5905612,2025-10-31T14:50:20Z,1,-25.81051,154.97104,1,101.5,1,35.679,1,21.08,1,101.5,1,21.08,1,35.679,1
5905612,2025-10-31T14:50:20Z,1,-25.81051,154.97104,1,103.7,1,35.674,1,20.972,1,103.7,1,20.972,1,35.674,1
5905612,2025-10-31T14:50:20Z,1,-25.81051,154.97104,1,105.3,1,35.672,1,20.938,1,105.3,1,20.938,1,35.672,1
5905612,2025-10-31T14:50:20Z,1,-25.81051,154.97104,1,107.3,1,35.671,1,20.917,1,107.3,1,20.917,1,35.671,1
5905612,2025-10-31T14:50:20Z,1,-25.81051,154.97104,1,109.4,1,35.671,1,20.895,1,109.4,1,20.895,1,35.671,1
5905612,2025-10-31T14:50:20Z,1,-25.81051,154.97104,1,111.4,1,35.674,1,20.864,1,111.4,1,20.864,1,35.674,1
5905612,2025-10-31T14:50:20Z,1,-25.81051,154.97104,1,113.5,1,35.68,1,20.801,1,113.5,1,20.801,1,35.68,1
5905612,2025-10-31T14:50:20Z,1,-25.81051,154.97104,1,115.3,1,35.682,1,20.758,1,115.3,1,20.758,1,35.682,1
5905612,2025-10-31T14:50:20Z,1,-25.81051,154.97104,1,117.4,1,35.681,1,20.722,1,117.4,1,20.722,1,35.681,1
5905612,2025-10-31T14:50:20Z,1,-25.81051,154.97104,1,119.6,1,35.678,1,20.666,1,119.6,1,20.666,1,35.678,1
5905612,2025-10-31T14:50:20Z,1,-25.81051,154.97104,1,121.4,1,35.678,1,20.648,1,121.4,1,20.648,1,35.678,1
5905612,2025-10-31T14:50:20Z,1,-25.81051,154.97104,1,123.2,1,35.675,1,20.617,1,123.2,1,20.617,1,35.675,1
5905612,2025-10-31T14:50:20Z,1,-25.81051,154.97104,1,125.4,1,35.674,1,20.607,1,125.4,1,20.607,1,35.674,1
5905612,2025-10-31T14:50:20Z,1,-25.81051,154.97104,1,127.6,1,35.674,1,20.576,1,127.6,1,20.576,1,35.674,1
5905612,2025-10-31T14:50:20Z,1,-25.81051,154.97104,1,129.4,1,35.674,1,20.547,1,129.4,1,20.547,1,35.674,1
5905612,2025-10-31T14:50:20Z,1,-25.81051,154.97104,1,131.2,1,35.675,1,20.53,1,131.2,1,20.53,1,35.675,1
5905612,2025-10-31T14:50:20Z,1,-25.81051,154.97104,1,133.5,1,35.666,1,20.471,1,133.5,1,20.471,1,35.666,1
5905612,2025-10-31T14:50:20Z,1,-25.81051,154.97104,1,135.7,1,35.666,1,20.419,1,135.7,1,20.419,1,35.666,1
5905612,2025-10-31T14:50:20Z,1,-25.81051,154.97104,1,137.6,1,35.664,1,20.399,1,137.6,1,20.399,1,35.664,1
5905612,2025-10-31T14:50:20Z,1,-25.81051,154.97104,1,139.4,1,35.663,1,20.384,1,139.4,1,20.384,1,35.663,1
5905612,2025-10-31T14:50:20Z,1,-25.81051,154.97104,1,141.2,1,35.664,1,20.37,1,141.2,1,20.37,1,35.664,1
5905612,2025-10-31T14:50:20Z,1,-25.81051,154.97104,1,143.1,1,35.67,1,20.345,1,143.1,1,20.345,1,35.67,1
5905612,2025-10-31T14:50:20Z,1,-25.81051,154.97104,1,145.4,1,35.672,1,20.322,1,145.4,1,20.322,1,35.672,1
5905612,2025-10-31T14:50:20Z,1,-25.81051,154.97104,1,147.7,1,35.674,1,20.311,1,147.7,1,20.311,1,35.674,1
5905612,2025-10-31T14:50:20Z,1,-25.81051,154.97104,1,149.6,1,35.672,1,20.288,1,149.6,1,20.288,1,35.672,1
5905612,2025-10-31T14:50:20Z,1,-25.81051,154.97104,1,151.4,1,35.669,1,20.258,1,151.4,1,20.258,1,35.669,1
5905612,2025-10-31T14:50:20Z,1,-25.81051,154.97104,1,153.3,1,35.671,1,20.245,1,153.3,1,20.245,1,35.671,1
5905612,2025-10-31T14:50:20Z,1,-25.81051,154.97104,1,155.5,1,35.667,1,20.196,1,155.5,1,20.196,1,35.667,1
5905612,2025-10-31T14:50:20Z,1,-25.81051,154.97104,1,157.7,1,35.648,1,20.13,1,157.7,1,20.13,1,35.648,1
5905612,2025-10-31T14:50:20Z,1,-25.81051,154.97104,1,159.5,1,35.652,1,20.117,1,159.5,1,20.117,1,35.652,1
5905612,2025-10-31T14:50:20Z,1,-25.81051,154.97104,1,161.4,1,35.658,1,20.073,1,161.4,1,20.073,1,35.658,1
5905612,2025-10-31T14:50:20Z,1,-25.81051,154.97104,1,163.2,1,35.654,1,20.047,1,163.2,1,20.047,1,35.654,1
5905612,2025-10-31T14:50:20Z,1,-25.81051,154.97104,1,165.1,1,35.655,1,20.028,1,165.1,1,20.028,1,35.655,1
5905612,2025-10-31T14:50:20Z,1,-25.81051,154.97104,1,167.4,1,35.653,1,19.968,1,167.4,1,19.968,1,35.653,1
5905612,2025-10-31T14:50:20Z,1,-25.81051,154.97104,1,169.7,1,35.651,1,19.939,1,169.7,1,19.939,1,35.651,1
5905612,2025-10-31T14:50:20Z,1,-25.81051,154.97104,1,171.5,1,35.65,1,19.929,1,171.5,1,19.929,1,35.65,1
5905612,2025-10-31T14:50:20Z,1,-25.81051,154.97104,1,173.4,1,35.649,1,19.926,1,173.4,1,19.926,1,35.649,1
5905612,2025-10-31T14:50:20Z,1,-25.81051,154.97104,1,175.2,1,35.649,1,19.896,1,175.2,1,19.896,1,35.649,1
5905612,2025-10-31T14:50:20Z,1,-25.81051,154.97104,1,177.5,1,35.64,1,19.84,1,177.5,1,19.84,1,35.64,1
5905612,2025-10-31T14:50:20Z,1,-25.81051,154.97104,1,179.7,1,35.635,1,19.785,1,179.7,1,19.785,1,35.635,1
5905612,2025-10-31T14:50:20Z,1,-25.81051,154.97104,1,181.4,1,35.635,1,19.729,1,181.4,1,19.729,1,35.635,1
5905612,2025-10-31T14:50:20Z,1,-25.81051,154.97104,1,183.3,1,35.635,1,19.703,1,183.3,1,19.703,1,35.635,1
5905612,2025-10-31T14:50:20Z,1,-25.81051,154.97104,1,185.1,1,35.634,1,19.678,1,185.1,1,19.678,1,35.634,1
5905612,2025-10-31T14:50:20Z,1,-25.81051,154.97104,1,187.4,1,35.626,1,19.602,1,187.4,1,19.602,1,35.626,1
5905612,2025-10-31T14:50:20Z,1,-25.81051,154.97104,1,189.6,1,35.624,1,19.56,1,189.6,1,19.56,1,35.624,1
5905612,2025-10-31T14:50:20Z,1,-25.81051,154.97104,1,191.5,1,35.621,1,19.537,1,191.5,1,19.537,1,35.621,1
5905612,2025-10-31T14:50:20Z,1,-25.81051,154.97104,1,193.4,1,35.621,1,19.469,1,193.4,1,19.469,1,35.621,1
5905612,2025-10-31T14:50:20Z,1,-25.81051,154.97104,1,195.3,1,35.62,1,19.429,1,195.3,1,19.429,1,35.62,1
5905612,2025-10-31T14:50:20Z,1,-25.81051,154.97104,1,197.2,1,35.617,1,19.392,1,197.2,1,19.392,1,35.617,1
5905612,2025-10-31T14:50:20Z,1,-25.81051,154.97104,1,199.1,1,35.615,1,19.353,1,199.1,1,19.353,1,35.615,1
5905612,2025-10-31T14:50:20Z,1,-25.81051,154.97104,1,201.0,1,35.616,1,19.305,1,201.0,1,19.305,1,35.616,1
5905612,2025-10-31T14:50:20Z,1,-25.81051,154.97104,1,203.4,1,35.613,1,19.272,1,203.4,1,19.272,1,35.613,1
5905612,2025-10-31T14:50:20Z,1,-25.81051,154.97104,1,205.9,1,35.612,1,19.236,1,205.9,1,19.236,1,35.612,1
5905612,2025-10-31T14:50:20Z,1,-25.81051,154.97104,1,207.8,1,35.61,1,19.223,1,207.8,1,19.223,1,35.61,1
5905612,2025-10-31T14:50:20Z,1,-25.81051,154.97104,1,209.8,1,35.611,1,19.206,1,209.8,1,19.206,1,35.611,1
5905612,2025-10-31T14:50:20Z,1,-25.81051,154.97104,1,211.7,1,35.609,1,19.176,1,211.7,1,19.176,1,35.609,1
5905612,2025-10-31T14:50:20Z,1,-25.81051,154.97104,1,213.7,1,35.607,1,19.136,1,213.7,1,19.136,1,35.607,1
5905612,2025-10-31T14:50:20Z,1,-25.81051,154.97104,1,215.6,1,35.607,1,19.122,1,215.6,1,19.122,1,35.607,1
5905612,2025-10-31T14:50:20Z,1,-25.81051,154.97104,1,217.4,1,35.606,1,19.104,1,217.4,1,19.104,1,35.606,1
5905612,2025-10-31T14:50:20Z,1,-25.81051,154.97104,1,219.3,1,35.605,1,19.074,1,219.3,1,19.074,1,35.605,1
5905612,2025-10-31T14:50:20Z,1,-25.81051,154.97104,1,221.2,1,35.602,1,19.042,1,221.2,1,19.042,1,35.602,1
5905612,2025-10-31T14:50:20Z,1,-25.81051,154.97104,1,223.1,1,35.604,1,18.925,1,223.1,1,18.925,1,35.604,1
5905612,2025-10-31T14:50:20Z,1,-25.81051,154.97104,1,225.0,1,35.596,1,18.885,1,225.0,1,18.885,1,35.596,1
5905612,2025-10-31T14:50:20Z,1,-25.81051,154.97104,1,227.4,1,35.594,1,18.833,1,227.4,1,18.833,1,35.594,1
5905612,2025-10-31T14:50:20Z,1,-25.81051,154.97104,1,229.8,1,35.591,1,18.794,1,229.8,1,18.794,1,35.591,1
5905612,2025-10-31T14:50:20Z,1,-25.81051,154.97104,1,231.8,1,35.588,1,18.674,1,231.8,1,18.674,1,35.588,1
5905612,2025-10-31T14:50:20Z,1,-25.81051,154.97104,1,233.7,1,35.584,1,18.643,1,233.7,1,18.643,1,35.584,1
5905612,2025-10-31T14:50:20Z,1,-25.81051,154.97104,1,235.7,1,35.584,1,18.587,1,235.7,1,18.587,1,35.584,1
5905612,2025-10-31T14:50:20Z,1,-25.81051,154.97104,1,237.7,1,35.572,1,18.475,1,237.7,1,18.475,1,35.572,1
5905612,2025-10-31T14:50:20Z,1,-25.81051,154.97104,1,239.7,1,35.561,1,18.431,1,239.7,1,18.431,1,35.561,1
5905612,2025-10-31T14:50:20Z,1,-25.81051,154.97104,1,241.6,1,35.556,1,18.37,1,241.6,1,18.37,1,35.556,1
5905612,2025-10-31T14:50:20Z,1,-25.81051,154.97104,1,243.7,1,35.558,1,18.297,1,243.7,1,18.297,1,35.558,1
5905612,2025-10-31T14:50:20Z,1,-25.81051,154.97104,1,245.8,1,35.552,1,18.218,1,245.8,1,18.218,1,35.552,1
5905612,2025-10-31T14:50:20Z,1,-25.81051,154.97104,1,247.8,1,35.556,1,18.184,1,247.8,1,18.184,1,35.556,1
5905612,2025-10-31T14:50:20Z,1,-25.81051,154.97104,1,249.9,1,35.553,1,18.138,1,249.9,1,18.138,1,35.553,1
5905612,2025-10-31T14:50:20Z,1,-25.81051,154.97104,1,251.5,1,35.554,1,18.094,1,251.5,1,18.094,1,35.554,1
5905612,2025-10-31T14:50:20Z,1,-25.81051,154.97104,1,253.0,1,35.547,1,18.056,1,253.0,1,18.056,1,35.547,1
5905612,2025-10-31T14:50:20Z,1,-25.81051,154.97104,1,255.0,1,35.542,1,18.005,1,255.0,1,18.005,1,35.542,1
5905612,2025-10-31T14:50:20Z,1,-25.81051,154.97104,1,257.0,1,35.538,1,17.933,1,257.0,1,17.933,1,35.538,1
5905612,2025-10-31T14:50:20Z,1,-25.81051,154.97104,1,259.1,1,35.537,1,17.904,1,259.1,1,17.904,1,35.537,1
5905612,2025-10-31T14:50:20Z,1,-25.81051,154.97104,1,261.2,1,35.538,1,17.84,1,261.2,1,17.84,1,35.538,1
5905612,2025-10-31T14:50:20Z,1,-25.81051,154.97104,1,263.3,1,35.526,1,17.731,1,263.3,1,17.731,1,35.526,1
5905612,2025-10-31T14:50:20Z,1,-25.81051,154.97104,1,265.5,1,35.523,1,17.722,1,265.5,1,17.722,1,35.523,1
5905612,2025-10-31T14:50:20Z,1,-25.81051,154.97104,1,267.6,1,35.521,1,17.688,1,267.6,1,17.688,1,35.521,1
5905612,2025-10-31T14:50:20Z,1,-25.81051,154.97104,1,269.7,1,35.515,1,17.611,1,269.7,1,17.611,1,35.515,1
5905612,2025-10-31T14:50:20Z,1,-25.81051,154.97104,1,271.8,1,35.515,1,17.578,1,271.8,1,17.578,1,35.515,1
5905612,2025-10-31T14:50:20Z,1,-25.81051,154.97104,1,273.4,1,35.513,1,17.546,1,273.4,1,17.546,1,35.513,1
5905612,2025-10-31T14:50:20Z,1,-25.81051,154.97104,1,275.0,1,35.511,1,17.519,1,275.0,1,17.519,1,35.511,1
5905612,2025-10-31T14:50:20Z,1,-25.81051,154.97104,1,277.0,1,35.509,1,17.512,1,277.0,1,17.512,1,35.509,1
5905612,2025-10-31T14:50:20Z,1,-25.81051,154.97104,1,279.1,1,35.504,1,17.463,1,279.1,1,17.463,1,35.504,1
5905612,2025-10-31T14:50:20Z,1,-25.81051,154.97104,1,281.3,1,35.501,1,17.388,1,281.3,1,17.388,1,35.501,1
5905612,2025-10-31T14:50:20Z,1,-25.81051,154.97104,1,283.4,1,35.497,1,17.368,1,283.4,1,17.368,1,35.497,1
5905612,2025-10-31T14:50:20Z,1,-25.81051,154.97104,1,285.5,1,35.494,1,17.308,1,285.5,1,17.308,1,35.494,1
5905612,2025-10-31T14:50:20Z,1,-25.81051,154.97104,1,287.6,1,35.487,1,17.245,1,287.6,1,17.245,1,35.487,1
5905612,2025-10-31T14:50:20Z,1,-25.81051,154.97104,1,289.8,1,35.478,1,17.107,1,289.8,1,17.107,1,35.478,1
5905612,2025-10-31T14:50:20Z,1,-25.81051,154.97104,1,291.5,1,35.473,1,17.046,1,291.5,1,17.046,1,35.473,1
5905612,2025-10-31T14:50:20Z,1,-25.81051,154.97104,1,293.0,1,35.47,1,17.016,1,293.0,1,17.016,1,35.47,1
5905612,2025-10-31T14:50:20Z,1,-25.81051,154.97104,1,295.4,1,35.458,1,16.852,1,295.4,1,16.852,1,35.458,1
5905612,2025-10-31T14:50:20Z,1,-25.81051,154.97104,1,297.5,1,35.45,1,16.779,1,297.5,1,16.779,1,35.45,1
5905612,2025-10-31T14:50:20Z,1,-25.81051,154.97104,1,299.6,1,35.446,1,16.729,1,299.6,1,16.729,1,35.446,1
5905612,2025-10-31T14:50:20Z,1,-25.81051,154.97104,1,301.7,1,35.441,1,16.676,1,301.7,1,16.676,1,35.441,1
5905612,2025-10-31T14:50:20Z,1,-25.81051,154.97104,1,303.3,1,35.437,1,16.614,1,303.3,1,16.614,1,35.437,1
5905612,2025-10-31T14:50:20Z,1,-25.81051,154.97104,1,305.4,1,35.427,1,16.52,1,305.4,1,16.52,1,35.427,1
5905612,2025-10-31T14:50:20Z,1,-25.81051,154.97104,1,307.5,1,35.42,1,16.453,1,307.5,1,16.453,1,35.42,1
5905612,2025-10-31T14:50:20Z,1,-25.81051,154.97104,1,309.2,1,35.417,1,16.435,1,309.2,1,16.435,1,35.417,1
5905612,2025-10-31T14:50:20Z,1,-25.81051,154.97104,1,311.3,1,35.414,1,16.396,1,311.3,1,16.396,1,35.414,1
5905612,2025-10-31T14:50:20Z,1,-25.81051,154.97104,1,313.4,1,35.411,1,16.334,1,313.4,1,16.334,1,35.411,1
5905612,2025-10-31T14:50:20Z,1,-25.81051,154.97104,1,315.1,1,35.405,1,16.297,1,315.1,1,16.297,1,35.405,1
5905612,2025-10-31T14:50:20Z,1,-25.81051,154.97104,1,317.3,1,35.401,1,16.23,1,317.3,1,16.23,1,35.401,1
5905612,2025-10-31T14:50:20Z,1,-25.81051,154.97104,1,319.4,1,35.394,1,16.186,1,319.4,1,16.186,1,35.394,1
5905612,2025-10-31T14:50:20Z,1,-25.81051,154.97104,1,321.1,1,35.392,1,16.116,1,321.1,1,16.116,1,35.392,1
5905612,2025-10-31T14:50:20Z,1,-25.81051,154.97104,1,323.4,1,35.378,1,15.992,1,323.4,1,15.992,1,35.378,1
5905612,2025-10-31T14:50:20Z,1,-25.81051,154.97104,1,325.6,1,35.375,1,15.968,1,325.6,1,15.968,1,35.375,1
5905612,2025-10-31T14:50:20Z,1,-25.81051,154.97104,1,327.4,1,35.373,1,15.936,1,327.4,1,15.936,1,35.373,1
5905612,2025-10-31T14:50:20Z,1,-25.81051,154.97104,1,329.2,1,35.371,1,15.872,1,329.2,1,15.872,1,35.371,1
5905612,2025-10-31T14:50:20Z,1,-25.81051,154.97104,1,331.4,1,35.365,1,15.844,1,331.4,1,15.844,1,35.365,1
5905612,2025-10-31T14:50:20Z,1,-25.81051,154.97104,1,333.6,1,35.363,1,15.776,1,333.6,1,15.776,1,35.363,1
5905612,2025-10-31T14:50:20Z,1,-25.81051,154.97104,1,335.4,1,35.353,1,15.684,1,335.4,1,15.684,1,35.353,1
5905612,2025-10-31T14:50:20Z,1,-25.81051,154.97104,1,337.2,1,35.342,1,15.612,1,337.2,1,15.612,1,35.342,1
5905612,2025-10-31T14:50:20Z,1,-25.81051,154.97104,1,339.1,1,35.331,1,15.518,1,339.1,1,15.518,1,35.331,1
5905612,2025-10-31T14:50:20Z,1,-25.81051,154.97104,1,341.4,1,35.321,1,15.432,1,341.4,1,15.432,1,35.321,1
5905612,2025-10-31T14:50:20Z,1,-25.81051,154.97104,1,343.8,1,35.314,1,15.376,1,343.8,1,15.376,1,35.314,1
5905612,2025-10-31T14:50:20Z,1,-25.81051,154.97104,1,345.6,1,35.309,1,15.352,1,345.6,1,15.352,1,35.309,1
5905612,2025-10-31T14:50:20Z,1,-25.81051,154.97104,1,347.4,1,35.307,1,15.337,1,347.4,1,15.337,1,35.307,1
5905612,2025-10-31T14:50:20Z,1,-25.81051,154.97104,1,349.2,1,35.301,1,15.281,1,349.2,1,15.281,1,35.301,1
5905612,2025-10-31T14:50:20Z,1,-25.81051,154.97104,1,351.1,1,35.293,1,15.206,1,351.1,1,15.206,1,35.293,1
5905612,2025-10-31T14:50:20Z,1,-25.81051,154.97104,1,353.4,1,35.282,1,15.064,1,353.4,1,15.064,1,35.282,1
5905612,2025-10-31T14:50:20Z,1,-25.81051,154.97104,1,355.7,1,35.273,1,15.008,1,355.7,1,15.008,1,35.273,1
5905612,2025-10-31T14:50:20Z,1,-25.81051,154.97104,1,357.6,1,35.27,1,14.96,1,357.6,1,14.96,1,35.27,1
5905612,2025-10-31T14:50:20Z,1,-25.81051,154.97104,1,359.5,1,35.264,1,14.919,1,359.5,1,14.919,1,35.264,1
5905612,2025-10-31T14:50:20Z,1,-25.81051,154.97104,1,361.3,1,35.262,1,14.886,1,361.3,1,14.886,1,35.262,1
5905612,2025-10-31T14:50:20Z,1,-25.81051,154.97104,1,363.2,1,35.257,1,14.835,1,363.2,1,14.835,1,35.257,1
5905612,2025-10-31T14:50:20Z,1,-25.81051,154.97104,1,365.1,1,35.253,1,14.801,1,365.1,1,14.801,1,35.253,1
5905612,2025-10-31T14:50:20Z,1,-25.81051,154.97104,1,367.4,1,35.251,1,14.782,1,367.4,1,14.782,1,35.251,1
5905612,2025-10-31T14:50:20Z,1,-25.81051,154.97104,1,369.8,1,35.248,1,14.765,1,369.8,1,14.765,1,35.248,1
5905612,2025-10-31T14:50:20Z,1,-25.81051,154.97104,1,371.7,1,35.247,1,14.74,1,371.7,1,14.74,1,35.247,1
5905612,2025-10-31T14:50:20Z,1,-25.81051,154.97104,1,373.5,1,35.239,1,14.669,1,373.5,1,14.669,1,35.239,1
5905612,2025-10-31T14:50:20Z,1,-25.81051,154.97104,1,375.3,1,35.237,1,14.657,1,375.3,1,14.657,1,35.237,1
5905612,2025-10-31T14:50:20Z,1,-25.81051,154.97104,1,377.1,1,35.232,1,14.636,1,377.1,1,14.636,1,35.232,1
5905612,2025-10-31T14:50:20Z,1,-25.81051,154.97104,1,379.4,1,35.225,1,14.524,1,379.4,1,14.524,1,35.225,1
5905612,2025-10-31T14:50:20Z,1,-25.81051,154.97104,1,381.6,1,35.216,1,14.481,1,381.6,1,14.481,1,35.216,1
5905612,2025-10-31T14:50:20Z,1,-25.81051,154.97104,1,383.4,1,35.208,1,14.398,1,383.4,1,14.398,1,35.208,1
5905612,2025-10-31T14:50:20Z,1,-25.81051,154.97104,1,385.2,1,35.199,1,14.321,1,385.2,1,14.321,1,35.199,1
5905612,2025-10-31T14:50:20Z,1,-25.81051,154.97104,1,387.5,1,35.186,1,14.199,1,387.5,1,14.199,1,35.186,1
5905612,2025-10-31T14:50:20Z,1,-25.81051,154.97104,1,389.7,1,35.178,1,14.1,1,389.7,1,14.1,1,35.178,1
5905612,2025-10-31T14:50:20Z,1,-25.81051,154.97104,1,391.6,1,35.176,1,14.071,1,391.6,1,14.071,1,35.176,1
5905612,2025-10-31T14:50:20Z,1,-25.81051,154.97104,1,393.5,1,35.172,1,14.023,1,393.5,1,14.023,1,35.172,1
5905612,2025-10-31T14:50:20Z,1,-25.81051,154.97104,1,395.3,1,35.168,1,13.979,1,395.3,1,13.979,1,35.168,1
5905612,2025-10-31T14:50:20Z,1,-25.81051,154.97104,1,397.2,1,35.164,1,13.936,1,397.2,1,13.936,1,35.164,1
5905612,2025-10-31T14:50:20Z,1,-25.81051,154.97104,1,399.1,1,35.154,1,13.837,1,399.1,1,13.837,1,35.154,1
5905612,2025-10-31T14:50:20Z,1,-25.81051,154.97104,1,401.4,1,35.143,1,13.668,1,401.4,1,13.668,1,35.143,1
5905612,2025-10-31T14:50:20Z,1,-25.81051,154.97104,1,403.9,1,35.136,1,13.605,1,403.9,1,13.605,1,35.136,1
5905612,2025-10-31T14:50:20Z,1,-25.81051,154.97104,1,405.9,1,35.134,1,13.589,1,405.9,1,13.589,1,35.134,1
5905612,2025-10-31T14:50:20Z,1,-25.81051,154.97104,1,407.8,1,35.133,1,13.575,1,407.8,1,13.575,1,35.133,1
5905612,2025-10-31T14:50:20Z,1,-25.81051,154.97104,1,409.7,1,35.134,1,13.566,1,409.7,1,13.566,1,35.134,1
5905612,2025-10-31T14:50:20Z,1,-25.81051,154.97104,1,411.7,1,35.133,1,13.559,1,411.7,1,13.559,1,35.133,1
5905612,2025-10-31T14:50:20Z,1,-25.81051,154.97104,1,413.6,1,35.129,1,13.508,1,413.6,1,13.508,1,35.129,1
5905612,2025-10-31T14:50:20Z,1,-25.81051,154.97104,1,415.5,1,35.12,1,13.442,1,415.5,1,13.442,1,35.12,1
5905612,2025-10-31T14:50:20Z,1,-25.81051,154.97104,1,417.5,1,35.117,1,13.424,1,417.5,1,13.424,1,35.117,1
5905612,2025-10-31T14:50:20Z,1,-25.81051,154.97104,1,419.3,1,35.115,1,13.404,1,419.3,1,13.404,1,35.115,1
5905612,2025-10-31T14:50:20Z,1,-25.81051,154.97104,1,421.2,1,35.107,1,13.348,1,421.2,1,13.348,1,35.107,1
5905612,2025-10-31T14:50:20Z,1,-25.81051,154.97104,1,423.2,1,35.098,1,13.202,1,423.2,1,13.202,1,35.098,1
5905612,2025-10-31T14:50:20Z,1,-25.81051,154.97104,1,425.1,1,35.079,1,13.119,1,425.1,1,13.119,1,35.079,1
5905612,2025-10-31T14:50:20Z,1,-25.81051,154.97104,1,427.5,1,35.07,1,13.036,1,427.5,1,13.036,1,35.07,1
5905612,2025-10-31T14:50:20Z,1,-25.81051,154.97104,1,429.8,1,35.063,1,12.99,1,429.8,1,12.99,1,35.063,1
5905612,2025-10-31T14:50:20Z,1,-25.81051,154.97104,1,431.8,1,35.05,1,12.931,1,431.8,1,12.931,1,35.05,1
5905612,2025-10-31T14:50:20Z,1,-25.81051,154.97104,1,433.7,1,35.041,1,12.819,1,433.7,1,12.819,1,35.041,1
5905612,2025-10-31T14:50:20Z,1,-25.81051,154.97104,1,435.6,1,35.032,1,12.736,1,435.6,1,12.736,1,35.032,1
5905612,2025-10-31T14:50:20Z,1,-25.81051,154.97104,1,437.6,1,35.032,1,12.72,1,437.6,1,12.72,1,35.032,1
5905612,2025-10-31T14:50:20Z,1,-25.81051,154.97104,1,439.5,1,35.029,1,12.699,1,439.5,1,12.699,1,35.029,1
5905612,2025-10-31T14:50:20Z,1,-25.81051,154.97104,1,441.5,1,35.027,1,12.678,1,441.5,1,12.678,1,35.027,1
5905612,2025-10-31T14:50:20Z,1,-25.81051,154.97104,1,443.3,1,35.023,1,12.664,1,443.3,1,12.664,1,35.023,1
5905612,2025-10-31T14:50:20Z,1,-25.81051,154.97104,1,445.2,1,35.016,1,12.601,1,445.2,1,12.601,1,35.016,1
5905612,2025-10-31T14:50:20Z,1,-25.81051,154.97104,1,447.1,1,35.006,1,12.526,1,447.1,1,12.526,1,35.006,1
5905612,2025-10-31T14:50:20Z,1,-25.81051,154.97104,1,449.4,1,34.993,1,12.442,1,449.4,1,12.442,1,34.993,1
5905612,2025-10-31T14:50:20Z,1,-25.81051,154.97104,1,451.6,1,34.979,1,12.237,1,451.6,1,12.237,1,34.979,1
5905612,2025-10-31T14:50:20Z,1,-25.81051,154.97104,1,453.5,1,34.962,1,12.16,1,453.5,1,12.16,1,34.962,1
5905612,2025-10-31T14:50:20Z,1,-25.81051,154.97104,1,455.4,1,34.959,1,12.126,1,455.4,1,12.126,1,34.959,1
5905612,2025-10-31T14:50:20Z,1,-25.81051,154.97104,1,457.3,1,34.953,1,12.084,1,457.3,1,12.084,1,34.953,1
5905612,2025-10-31T14:50:20Z,1,-25.81051,154.97104,1,459.2,1,34.947,1,12.047,1,459.2,1,12.047,1,34.947,1
5905612,2025-10-31T14:50:20Z,1,-25.81051,154.97104,1,461.0,1,34.943,1,12.022,1,461.0,1,12.022,1,34.943,1
5905612,2025-10-31T14:50:20Z,1,-25.81051,154.97104,1,463.4,1,34.939,1,11.979,1,463.4,1,11.979,1,34.939,1
5905612,2025-10-31T14:50:20Z,1,-25.81051,154.97104,1,465.8,1,34.933,1,11.942,1,465.8,1,11.942,1,34.933,1
5905612,2025-10-31T14:50:20Z,1,-25.81051,154.97104,1,467.7,1,34.932,1,11.917,1,467.7,1,11.917,1,34.932,1
5905612,2025-10-31T14:50:20Z,1,-25.81051,154.97104,1,469.7,1,34.928,1,11.898,1,469.7,1,11.898,1,34.928,1
5905612,2025-10-31T14:50:20Z,1,-25.81051,154.97104,1,471.6,1,34.925,1,11.847,1,471.6,1,11.847,1,34.925,1
5905612,2025-10-31T14:50:20Z,1,-25.81051,154.97104,1,473.6,1,34.918,1,11.817,1,473.6,1,11.817,1,34.918,1
5905612,2025-10-31T14:50:20Z,1,-25.81051,154.97104,1,475.6,1,34.915,1,11.78,1,475.6,1,11.78,1,34.915,1
5905612,2025-10-31T14:50:20Z,1,-25.81051,154.97104,1,477.5,1,34.908,1,11.721,1,477.5,1,11.721,1,34.908,1
5905612,2025-10-31T14:50:20Z,1,-25.81051,154.97104,1,479.4,1,34.901,1,11.648,1,479.4,1,11.648,1,34.901,1
5905612,2025-10-31T14:50:20Z,1,-25.81051,154.97104,1,481.4,1,34.893,1,11.584,1,481.4,1,11.584,1,34.893,1
5905612,2025-10-31T14:50:20Z,1,-25.81051,154.97104,1,483.4,1,34.888,1,11.534,1,483.4,1,11.534,1,34.888,1
5905612,2025-10-31T14:50:20Z,1,-25.81051,154.97104,1,485.4,1,34.886,1,11.51,1,485.4,1,11.51,1,34.886,1
5905612,2025-10-31T14:50:20Z,1,-25.81051,154.97104,1,487.3,1,34.883,1,11.487,1,487.3,1,11.487,1,34.883,1
5905612,2025-10-31T14:50:20Z,1,-25.81051,154.97104,1,489.2,1,34.88,1,11.465,1,489.2,1,11.465,1,34.88,1
5905612,2025-10-31T14:50:20Z,1,-25.81051,154.97104,1,491.1,1,34.877,1,11.406,1,491.1,1,11.406,1,34.877,1
5905612,2025-10-31T14:50:20Z,1,-25.81051,154.97104,1,493.1,1,34.873,1,11.351,1,493.1,1,11.351,1,34.873,1
5905612,2025-10-31T14:50:20Z,1,-25.81051,154.97104,1,495.1,1,34.866,1,11.224,1,495.1,1,11.224,1,34.866,1
5905612,2025-10-31T14:50:20Z,1,-25.81051,154.97104,1,497.2,1,34.85,1,11.109,1,497.2,1,11.109,1,34.85,1
5905612,2025-10-31T14:50:20Z,1,-25.81051,154.97104,1,499.2,1,34.848,1,11.082,1,499.2,1,11.082,1,34.848,1
5905612,2025-10-31T14:50:20Z,1,-25.81051,154.97104,1,501.1,1,34.843,1,11.06,1,501.1,1,11.06,1,34.843,1
5905612,2025-10-31T14:50:20Z,1,-25.81051,154.97104,1,503.1,1,34.837,1,11.005,1,503.1,1,11.005,1,34.837,1
5905612,2025-10-31T14:50:20Z,1,-25.81051,154.97104,1,505.1,1,34.822,1,10.961,1,505.1,1,10.961,1,34.822,1
5905612,2025-10-31T14:50:20Z,1,-25.81051,154.97104,1,507.1,1,34.815,1,10.822,1,507.1,1,10.822,1,34.815,1
5905612,2025-10-31T14:50:20Z,1,-25.81051,154.97104,1,509.3,1,34.814,1,10.811,1,509.3,1,10.811,1,34.814,1
5905612,2025-10-31T14:50:20Z,1,-25.81051,154.97104,1,511.4,1,34.807,1,10.757,1,511.4,1,10.757,1,34.807,1
5905612,2025-10-31T14:50:20Z,1,-25.81051,154.97104,1,513.6,1,34.803,1,10.711,1,513.6,1,10.711,1,34.803,1
5905612,2025-10-31T14:50:20Z,1,-25.81051,154.97104,1,515.7,1,34.798,1,10.65,1,515.7,1,10.65,1,34.798,1
5905612,2025-10-31T14:50:20Z,1,-25.81051,154.97104,1,517.8,1,34.792,1,10.611,1,517.8,1,10.611,1,34.792,1
5905612,2025-10-31T14:50:20Z,1,-25.81051,154.97104,1,519.5,1,34.788,1,10.569,1,519.5,1,10.569,1,34.788,1
5905612,2025-10-31T14:50:20Z,1,-25.81051,154.97104,1,521.1,1,34.786,1,10.558,1,521.1,1,10.558,1,34.786,1
5905612,2025-10-31T14:50:20Z,1,-25.81051,154.97104,1,523.2,1,34.783,1,10.542,1,523.2,1,10.542,1,34.783,1
5905612,2025-10-31T14:50:20Z,1,-25.81051,154.97104,1,525.3,1,34.774,1,10.479,1,525.3,1,10.479,1,34.774,1
5905612,2025-10-31T14:50:20Z,1,-25.81051,154.97104,1,527.5,1,34.771,1,10.439,1,527.5,1,10.439,1,34.771,1
5905612,2025-10-31T14:50:20Z,1,-25.81051,154.97104,1,529.6,1,34.773,1,10.41,1,529.6,1,10.41,1,34.773,1
5905612,2025-10-31T14:50:20Z,1,-25.81051,154.97104,1,531.8,1,34.761,1,10.359,1,531.8,1,10.359,1,34.761,1
5905612,2025-10-31T14:50:20Z,1,-25.81051,154.97104,1,533.4,1,34.76,1,10.349,1,533.4,1,10.349,1,34.76,1
5905612,2025-10-31T14:50:20Z,1,-25.81051,154.97104,1,535.0,1,34.756,1,10.291,1,535.0,1,10.291,1,34.756,1
5905612,2025-10-31T14:50:20Z,1,-25.81051,154.97104,1,537.2,1,34.751,1,10.229,1,537.2,1,10.229,1,34.751,1
5905612,2025-10-31T14:50:20Z,1,-25.81051,154.97104,1,539.2,1,34.743,1,10.158,1,539.2,1,10.158,1,34.743,1
5905612,2025-10-31T14:50:20Z,1,-25.81051,154.97104,1,541.4,1,34.74,1,10.103,1,541.4,1,10.103,1,34.74,1
5905612,2025-10-31T14:50:20Z,1,-25.81051,154.97104,1,543.5,1,34.74,1,10.079,1,543.5,1,10.079,1,34.74,1
5905612,2025-10-31T14:50:20Z,1,-25.81051,154.97104,1,545.7,1,34.735,1,10.066,1,545.7,1,10.066,1,34.735,1
5905612,2025-10-31T14:50:20Z,1,-25.81051,154.97104,1,547.8,1,34.737,1,10.029,1,547.8,1,10.029,1,34.737,1
5905612,2025-10-31T14:50:20Z,1,-25.81051,154.97104,1,549.9,1,34.728,1,9.935,1,549.9,1,9.935,1,34.728,1
5905612,2025-10-31T14:50:20Z,1,-25.81051,154.97104,1,551.5,1,34.719,1,9.878,1,551.5,1,9.878,1,34.719,1
5905612,2025-10-31T14:50:20Z,1,-25.81051,154.97104,1,553.0,1,34.72,1,9.866,1,553.0,1,9.866,1,34.72,1
5905612,2025-10-31T14:50:20Z,1,-25.81051,154.97104,1,555.2,1,34.714,1,9.841,1,555.2,1,9.841,1,34.714,1
5905612,2025-10-31T14:50:20Z,1,-25.81051,154.97104,1,557.2,1,34.711,1,9.81,1,557.2,1,9.81,1,34.711,1
5905612,2025-10-31T14:50:20Z,1,-25.81051,154.97104,1,559.5,1,34.705,1,9.761,1,559.5,1,9.761,1,34.705,1
5905612,2025-10-31T14:50:20Z,1,-25.81051,154.97104,1,561.6,1,34.699,1,9.683,1,561.6,1,9.683,1,34.699,1
5905612,2025-10-31T14:50:20Z,1,-25.81051,154.97104,1,563.6,1,34.691,1,9.608,1,563.6,1,9.608,1,34.691,1
5905612,2025-10-31T14:50:20Z,1,-25.81051,154.97104,1,565.6,1,34.686,1,9.576,1,565.6,1,9.576,1,34.686,1
5905612,2025-10-31T14:50:20Z,1,-25.81051,154.97104,1,567.6,1,34.675,1,9.473,1,567.6,1,9.473,1,34.675,1
5905612,2025-10-31T14:50:20Z,1,-25.81051,154.97104,1,569.5,1,34.663,1,9.353,1,569.5,1,9.353,1,34.663,1
5905612,2025-10-31T14:50:20Z,1,-25.81051,154.97104,1,571.5,1,34.654,1,9.311,1,571.5,1,9.311,1,34.654,1
5905612,2025-10-31T14:50:20Z,1,-25.81051,154.97104,1,573.5,1,34.65,1,9.277,1,573.5,1,9.277,1,34.65,1
5905612,2025-10-31T14:50:20Z,1,-25.81051,154.97104,1,575.5,1,34.638,1,9.2,1,575.5,1,9.2,1,34.638,1
5905612,2025-10-31T14:50:20Z,1,-25.81051,154.97104,1,577.5,1,34.631,1,9.157,1,577.5,1,9.157,1,34.631,1
5905612,2025-10-31T14:50:20Z,1,-25.81051,154.97104,1,579.5,1,34.63,1,9.143,1,579.5,1,9.143,1,34.63,1
5905612,2025-10-31T14:50:20Z,1,-25.81051,154.97104,1,581.6,1,34.623,1,9.103,1,581.6,1,9.103,1,34.623,1
5905612,2025-10-31T14:50:20Z,1,-25.81051,154.97104,1,583.6,1,34.619,1,9.069,1,583.6,1,9.069,1,34.619,1
5905612,2025-10-31T14:50:20Z,1,-25.81051,154.97104,1,585.7,1,34.615,1,9.04,1,585.7,1,9.04,1,34.615,1
5905612,2025-10-31T14:50:20Z,1,-25.81051,154.97104,1,587.3,1,34.611,1,8.997,1,587.3,1,8.997,1,34.611,1
5905612,2025-10-31T14:50:20Z,1,-25.81051,154.97104,1,589.3,1,34.604,1,8.942,1,589.3,1,8.942,1,34.604,1
5905612,2025-10-31T14:50:20Z,1,-25.81051,154.97104,1,591.4,1,34.597,1,8.841,1,591.4,1,8.841,1,34.597,1
5905612,2025-10-31T14:50:20Z,1,-25.81051,154.97104,1,593.5,1,34.593,1,8.803,1,593.5,1,8.803,1,34.593,1
5905612,2025-10-31T14:50:20Z,1,-25.81051,154.97104,1,595.7,1,34.589,1,8.771,1,595.7,1,8.771,1,34.589,1
5905612,2025-10-31T14:50:20Z,1,-25.81051,154.97104,1,597.4,1,34.585,1,8.738,1,597.4,1,8.738,1,34.585,1
5905612,2025-10-31T14:50:20Z,1,-25.81051,154.97104,1,599.5,1,34.582,1,8.7,1,599.5,1,8.7,1,34.582,1
5905612,2025-10-31T14:50:20Z,1,-25.81051,154.97104,1,601.6,1,34.577,1,8.651,1,601.6,1,8.651,1,34.577,1
5905612,2025-10-31T14:50:20Z,1,-25.81051,154.97104,1,603.3,1,34.574,1,8.625,1,603.3,1,8.625,1,34.574,1
5905612,2025-10-31T14:50:20Z,1,-25.81051,154.97104,1,605.4,1,34.573,1,8.612,1,605.4,1,8.612,1,34.573,1
5905612,2025-10-31T14:50:20Z,1,-25.81051,154.97104,1,607.5,1,34.572,1,8.604,1,607.5,1,8.604,1,34.572,1
5905612,2025-10-31T14:50:20Z,1,-25.81051,154.97104,1,609.2,1,34.57,1,8.588,1,609.2,1,8.588,1,34.57,1
5905612,2025-10-31T14:50:20Z,1,-25.81051,154.97104,1,611.3,1,34.564,1,8.532,1,611.3,1,8.532,1,34.564,1
5905612,2025-10-31T14:50:20Z,1,-25.81051,154.97104,1,613.4,1,34.554,1,8.441,1,613.4,1,8.441,1,34.554,1
5905612,2025-10-31T14:50:20Z,1,-25.81051,154.97104,1,615.1,1,34.548,1,8.402,1,615.1,1,8.402,1,34.548,1
5905612,2025-10-31T14:50:20Z,1,-25.81051,154.97104,1,617.4,1,34.537,1,8.311,1,617.4,1,8.311,1,34.537,1
5905612,2025-10-31T14:50:20Z,1,-25.81051,154.97104,1,619.6,1,34.529,1,8.243,1,619.6,1,8.243,1,34.529,1
5905612,2025-10-31T14:50:20Z,1,-25.81051,154.97104,1,621.3,1,34.529,1,8.23,1,621.3,1,8.23,1,34.529,1
5905612,2025-10-31T14:50:20Z,1,-25.81051,154.97104,1,623.1,1,34.526,1,8.213,1,623.1,1,8.213,1,34.526,1
5905612,2025-10-31T14:50:20Z,1,-25.81051,154.97104,1,625.4,1,34.523,1,8.183,1,625.4,1,8.183,1,34.523,1
5905612,2025-10-31T14:50:20Z,1,-25.81051,154.97104,1,627.6,1,34.518,1,8.157,1,627.6,1,8.157,1,34.518,1
5905612,2025-10-31T14:50:20Z,1,-25.81051,154.97104,1,629.4,1,34.516,1,8.139,1,629.4,1,8.139,1,34.516,1
5905612,2025-10-31T14:50:20Z,1,-25.81051,154.97104,1,631.2,1,34.514,1,8.126,1,631.2,1,8.126,1,34.514,1
5905612,2025-10-31T14:50:20Z,1,-25.81051,154.97104,1,633.5,1,34.512,1,8.114,1,633.5,1,8.114,1,34.512,1
5905612,2025-10-31T14:50:20Z,1,-25.81051,154.97104,1,635.6,1,34.51,1,8.081,1,635.6,1,8.081,1,34.51,1
5905612,2025-10-31T14:50:20Z,1,-25.81051,154.97104,1,637.4,1,34.507,1,8.064,1,637.4,1,8.064,1,34.507,1
5905612,2025-10-31T14:50:20Z,1,-25.81051,154.97104,1,639.2,1,34.504,1,8.049,1,639.2,1,8.049,1,34.504,1
5905612,2025-10-31T14:50:20Z,1,-25.81051,154.97104,1,641.4,1,34.501,1,7.965,1,641.4,1,7.965,1,34.501,1
5905612,2025-10-31T14:50:20Z,1,-25.81051,154.97104,1,643.6,1,34.498,1,7.949,1,643.6,1,7.949,1,34.498,1
5905612,2025-10-31T14:50:20Z,1,-25.81051,154.97104,1,645.4,1,34.497,1,7.922,1,645.4,1,7.922,1,34.497,1
5905612,2025-10-31T14:50:20Z,1,-25.81051,154.97104,1,647.1,1,34.492,1,7.875,1,647.1,1,7.875,1,34.492,1
5905612,2025-10-31T14:50:20Z,1,-25.81051,154.97104,1,649.4,1,34.49,1,7.859,1,649.4,1,7.859,1,34.49,1
5905612,2025-10-31T14:50:20Z,1,-25.81051,154.97104,1,651.6,1,34.49,1,7.861,1,651.6,1,7.861,1,34.49,1
5905612,2025-10-31T14:50:20Z,1,-25.81051,154.97104,1,653.4,1,34.49,1,7.854,1,653.4,1,7.854,1,34.49,1
5905612,2025-10-31T14:50:20Z,1,-25.81051,154.97104,1,655.2,1,34.487,1,7.82,1,655.2,1,7.82,1,34.487,1
5905612,2025-10-31T14:50:20Z,1,-25.81051,154.97104,1,657.4,1,34.483,1,7.783,1,657.4,1,7.783,1,34.483,1
5905612,2025-10-31T14:50:20Z,1,-25.81051,154.97104,1,659.6,1,34.481,1,7.757,1,659.6,1,7.757,1,34.481,1
5905612,2025-10-31T14:50:20Z,1,-25.81051,154.97104,1,661.5,1,34.48,1,7.746,1,661.5,1,7.746,1,34.48,1
5905612,2025-10-31T14:50:20Z,1,-25.81051,154.97104,1,663.3,1,34.479,1,7.742,1,663.3,1,7.742,1,34.479,1
5905612,2025-10-31T14:50:20Z,1,-25.81051,154.97104,1,665.1,1,34.477,1,7.73,1,665.1,1,7.73,1,34.477,1
5905612,2025-10-31T14:50:20Z,1,-25.81051,154.97104,1,667.4,1,34.476,1,7.706,1,667.4,1,7.706,1,34.476,1
5905612,2025-10-31T14:50:20Z,1,-25.81051,154.97104,1,669.6,1,34.474,1,7.69,1,669.6,1,7.69,1,34.474,1
5905612,2025-10-31T14:50:20Z,1,-25.81051,154.97104,1,671.4,1,34.474,1,7.654,1,671.4,1,7.654,1,34.474,1
5905612,2025-10-31T14:50:20Z,1,-25.81051,154.97104,1,673.1,1,34.473,1,7.64,1,673.1,1,7.64,1,34.473,1
5905612,2025-10-31T14:50:20Z,1,-25.81051,154.97104,1,675.4,1,34.472,1,7.636,1,675.4,1,7.636,1,34.472,1
5905612,2025-10-31T14:50:20Z,1,-25.81051,154.97104,1,677.6,1,34.471,1,7.626,1,677.6,1,7.626,1,34.471,1
5905612,2025-10-31T14:50:20Z,1,-25.81051,154.97104,1,679.4,1,34.468,1,7.593,1,679.4,1,7.593,1,34.468,1
5905612,2025-10-31T14:50:20Z,1,-25.81051,154.97104,1,681.1,1,34.466,1,7.579,1,681.1,1,7.579,1,34.466,1
5905612,2025-10-31T14:50:20Z,1,-25.81051,154.97104,1,683.4,1,34.463,1,7.545,1,683.4,1,7.545,1,34.463,1
5905612,2025-10-31T14:50:20Z,1,-25.81051,154.97104,1,685.6,1,34.46,1,7.52,1,685.6,1,7.52,1,34.46,1
5905612,2025-10-31T14:50:20Z,1,-25.81051,154.97104,1,687.4,1,34.457,1,7.475,1,687.4,1,7.475,1,34.457,1
5905612,2025-10-31T14:50:20Z,1,-25.81051,154.97104,1,689.1,1,34.454,1,7.437,1,689.1,1,7.437,1,34.454,1
5905612,2025-10-31T14:50:20Z,1,-25.81051,154.97104,1,691.3,1,34.449,1,7.4,1,691.3,1,7.4,1,34.449,1
5905612,2025-10-31T14:50:20Z,1,-25.81051,154.97104,1,693.4,1,34.448,1,7.379,1,693.4,1,7.379,1,34.448,1
5905612,2025-10-31T14:50:20Z,1,-25.81051,154.97104,1,695.2,1,34.448,1,7.359,1,695.2,1,7.359,1,34.448,1
5905612,2025-10-31T14:50:20Z,1,-25.81051,154.97104,1,697.3,1,34.448,1,7.354,1,697.3,1,7.354,1,34.448,1
5905612,2025-10-31T14:50:20Z,1,-25.81051,154.97104,1,699.5,1,34.448,1,7.346,1,699.5,1,7.346,1,34.448,1
5905612,2025-10-31T14:50:20Z,1,-25.81051,154.97104,1,701.2,1,34.447,1,7.333,1,701.2,1,7.333,1,34.447,1
5905612,2025-10-31T14:50:20Z,1,-25.81051,154.97104,1,703.4,1,34.447,1,7.314,1,703.4,1,7.314,1,34.447,1
5905612,2025-10-31T14:50:20Z,1,-25.81051,154.97104,1,705.6,1,34.446,1,7.293,1,705.6,1,7.293,1,34.446,1
5905612,2025-10-31T14:50:20Z,1,-25.81051,154.97104,1,707.3,1,34.451,1,7.301,1,707.3,1,7.301,1,34.451,1
5905612,2025-10-31T14:50:20Z,1,-25.81051,154.97104,1,709.5,1,34.461,1,7.318,1,709.5,1,7.318,1,34.461,1
5905612,2025-10-31T14:50:20Z,1,-25.81051,154.97104,1,711.7,1,34.463,1,7.319,1,711.7,1,7.319,1,34.463,1
5905612,2025-10-31T14:50:20Z,1,-25.81051,154.97104,1,713.5,1,34.463,1,7.317,1,713.5,1,7.317,1,34.463,1
5905612,2025-10-31T14:50:20Z,1,-25.81051,154.97104,1,715.3,1,34.462,1,7.315,1,715.3,1,7.315,1,34.462,1
5905612,2025-10-31T14:50:20Z,1,-25.81051,154.97104,1,717.1,1,34.468,1,7.326,1,717.1,1,7.326,1,34.468,1
5905612,2025-10-31T14:50:20Z,1,-25.81051,154.97104,1,719.5,1,34.478,1,7.355,1,719.5,1,7.355,1,34.478,1
5905612,2025-10-31T14:50:20Z,1,-25.81051,154.97104,1,721.7,1,34.48,1,7.359,1,721.7,1,7.359,1,34.48,1
5905612,2025-10-31T14:50:20Z,1,-25.81051,154.97104,1,723.5,1,34.485,1,7.376,1,723.5,1,7.376,1,34.485,1
5905612,2025-10-31T14:50:20Z,1,-25.81051,154.97104,1,725.3,1,34.492,1,7.393,1,725.3,1,7.393,1,34.492,1
5905612,2025-10-31T14:50:20Z,1,-25.81051,154.97104,1,727.2,1,34.489,1,7.361,1,727.2,1,7.361,1,34.489,1
5905612,2025-10-31T14:50:20Z,1,-25.81051,154.97104,1,729.5,1,34.488,1,7.339,1,729.5,1,7.339,1,34.488,1
5905612,2025-10-31T14:50:20Z,1,-25.81051,154.97104,1,731.7,1,34.489,1,7.317,1,731.7,1,7.317,1,34.489,1
5905612,2025-10-31T14:50:20Z,1,-25.81051,154.97104,1,733.6,1,34.489,1,7.31,1,733.6,1,7.31,1,34.489,1
5905612,2025-10-31T14:50:20Z,1,-25.81051,154.97104,1,735.5,1,34.489,1,7.298,1,735.5,1,7.298,1,34.489,1
5905612,2025-10-31T14:50:20Z,1,-25.81051,154.97104,1,737.3,1,34.487,1,7.29,1,737.3,1,7.29,1,34.487,1
5905612,2025-10-31T14:50:20Z,1,-25.81051,154.97104,1,739.1,1,34.484,1,7.26,1,739.1,1,7.26,1,34.484,1
5905612,2025-10-31T14:50:20Z,1,-25.81051,154.97104,1,741.4,1,34.476,1,7.191,1,741.4,1,7.191,1,34.476,1
5905612,2025-10-31T14:50:20Z,1,-25.81051,154.97104,1,743.7,1,34.474,1,7.173,1,743.7,1,7.173,1,34.474,1
5905612,2025-10-31T14:50:20Z,1,-25.81051,154.97104,1,745.6,1,34.471,1,7.136,1,745.6,1,7.136,1,34.471,1
5905612,2025-10-31T14:50:20Z,1,-25.81051,154.97104,1,747.4,1,34.469,1,7.121,1,747.4,1,7.121,1,34.469,1
5905612,2025-10-31T14:50:20Z,1,-25.81051,154.97104,1,749.3,1,34.466,1,7.093,1,749.3,1,7.093,1,34.466,1
5905612,2025-10-31T14:50:20Z,1,-25.81051,154.97104,1,751.2,1,34.466,1,7.079,1,751.2,1,7.079,1,34.466,1
5905612,2025-10-31T14:50:20Z,1,-25.81051,154.97104,1,753.0,1,34.466,1,7.066,1,753.0,1,7.066,1,34.466,1
5905612,2025-10-31T14:50:20Z,1,-25.81051,154.97104,1,755.4,1,34.467,1,7.051,1,755.4,1,7.051,1,34.467,1
5905612,2025-10-31T14:50:20Z,1,-25.81051,154.97104,1,757.7,1,34.466,1,7.037,1,757.7,1,7.037,1,34.466,1
5905612,2025-10-31T14:50:20Z,1,-25.81051,154.97104,1,759.6,1,34.463,1,7.009,1,759.6,1,7.009,1,34.463,1
5905612,2025-10-31T14:50:20Z,1,-25.81051,154.97104,1,761.5,1,34.462,1,6.984,1,761.5,1,6.984,1,34.462,1
5905612,2025-10-31T14:50:20Z,1,-25.81051,154.97104,1,763.4,1,34.459,1,6.966,1,763.4,1,6.966,1,34.459,1
5905612,2025-10-31T14:50:20Z,1,-25.81051,154.97104,1,765.2,1,34.459,1,6.961,1,765.2,1,6.961,1,34.459,1
5905612,2025-10-31T14:50:20Z,1,-25.81051,154.97104,1,767.1,1,34.458,1,6.952,1,767.1,1,6.952,1,34.458,1
5905612,2025-10-31T14:50:20Z,1,-25.81051,154.97104,1,769.0,1,34.448,1,6.853,1,769.0,1,6.853,1,34.448,1
5905612,2025-10-31T14:50:20Z,1,-25.81051,154.97104,1,771.4,1,34.445,1,6.818,1,771.4,1,6.818,1,34.445,1
5905612,2025-10-31T14:50:20Z,1,-25.81051,154.97104,1,773.7,1,34.435,1,6.769,1,773.7,1,6.769,1,34.435,1
5905612,2025-10-31T14:50:20Z,1,-25.81051,154.97104,1,775.6,1,34.434,1,6.751,1,775.6,1,6.751,1,34.434,1
5905612,2025-10-31T14:50:20Z,1,-25.81051,154.97104,1,777.5,1,34.432,1,6.729,1,777.5,1,6.729,1,34.432,1
5905612,2025-10-31T14:50:20Z,1,-25.81051,154.97104,1,779.4,1,34.43,1,6.708,1,779.4,1,6.708,1,34.43,1
5905612,2025-10-31T14:50:20Z,1,-25.81051,154.97104,1,781.4,1,34.431,1,6.693,1,781.4,1,6.693,1,34.431,1
5905612,2025-10-31T14:50:20Z,1,-25.81051,154.97104,1,783.3,1,34.429,1,6.658,1,783.3,1,6.658,1,34.429,1
5905612,2025-10-31T14:50:20Z,1,-25.81051,154.97104,1,785.2,1,34.427,1,6.634,1,785.2,1,6.634,1,34.427,1
5905612,2025-10-31T14:50:20Z,1,-25.81051,154.97104,1,787.2,1,34.427,1,6.621,1,787.2,1,6.621,1,34.427,1
5905612,2025-10-31T14:50:20Z,1,-25.81051,154.97104,1,789.1,1,34.428,1,6.606,1,789.1,1,6.606,1,34.428,1
5905612,2025-10-31T14:50:20Z,1,-25.81051,154.97104,1,791.0,1,34.432,1,6.572,1,791.0,1,6.572,1,34.432,1
5905612,2025-10-31T14:50:20Z,1,-25.81051,154.97104,1,793.4,1,34.43,1,6.544,1,793.4,1,6.544,1,34.43,1
5905612,2025-10-31T14:50:20Z,1,-25.81051,154.97104,1,795.9,1,34.43,1,6.509,1,795.9,1,6.509,1,34.43,1
5905612,2025-10-31T14:50:20Z,1,-25.81051,154.97104,1,797.8,1,34.428,1,6.494,1,797.8,1,6.494,1,34.428,1
5905612,2025-10-31T14:50:20Z,1,-25.81051,154.97104,1,799.8,1,34.428,1,6.472,1,799.8,1,6.472,1,34.428,1
5905612,2025-10-31T14:50:20Z,1,-25.81051,154.97104,1,801.9,1,34.429,1,6.459,1,801.9,1,6.459,1,34.429,1
5905612,2025-10-31T14:50:20Z,1,-25.81051,154.97104,1,803.9,1,34.427,1,6.453,1,803.9,1,6.453,1,34.427,1
5905612,2025-10-31T14:50:20Z,1,-25.81051,154.97104,1,805.9,1,34.427,1,6.441,1,805.9,1,6.441,1,34.427,1
5905612,2025-10-31T14:50:20Z,1,-25.81051,154.97104,1,807.9,1,34.426,1,6.416,1,807.9,1,6.416,1,34.426,1
5905612,2025-10-31T14:50:20Z,1,-25.81051,154.97104,1,809.9,1,34.425,1,6.404,1,809.9,1,6.404,1,34.425,1
5905612,2025-10-31T14:50:20Z,1,-25.81051,154.97104,1,811.5,1,34.425,1,6.4,1,811.5,1,6.4,1,34.425,1
5905612,2025-10-31T14:50:20Z,1,-25.81051,154.97104,1,813.0,1,34.425,1,6.384,1,813.0,1,6.384,1,34.425,1
5905612,2025-10-31T14:50:20Z,1,-25.81051,154.97104,1,815.1,1,34.425,1,6.36,1,815.1,1,6.36,1,34.425,1
5905612,2025-10-31T14:50:20Z,1,-25.81051,154.97104,1,817.1,1,34.425,1,6.332,1,817.1,1,6.332,1,34.425,1
5905612,2025-10-31T14:50:20Z,1,-25.81051,154.97104,1,819.2,1,34.425,1,6.305,1,819.2,1,6.305,1,34.425,1
5905612,2025-10-31T14:50:20Z,1,-25.81051,154.97104,1,821.2,1,34.422,1,6.281,1,821.2,1,6.281,1,34.422,1
5905612,2025-10-31T14:50:20Z,1,-25.81051,154.97104,1,823.2,1,34.423,1,6.287,1,823.2,1,6.287,1,34.423,1
5905612,2025-10-31T14:50:20Z,1,-25.81051,154.97104,1,825.2,1,34.426,1,6.274,1,825.2,1,6.274,1,34.426,1
5905612,2025-10-31T14:50:20Z,1,-25.81051,154.97104,1,827.3,1,34.427,1,6.267,1,827.3,1,6.267,1,34.427,1
5905612,2025-10-31T14:50:20Z,1,-25.81051,154.97104,1,829.3,1,34.425,1,6.252,1,829.3,1,6.252,1,34.425,1
5905612,2025-10-31T14:50:20Z,1,-25.81051,154.97104,1,831.4,1,34.422,1,6.215,1,831.4,1,6.215,1,34.422,1
5905612,2025-10-31T14:50:20Z,1,-25.81051,154.97104,1,833.4,1,34.42,1,6.199,1,833.4,1,6.199,1,34.42,1
5905612,2025-10-31T14:50:20Z,1,-25.81051,154.97104,1,835.5,1,34.419,1,6.168,1,835.5,1,6.168,1,34.419,1
5905612,2025-10-31T14:50:20Z,1,-25.81051,154.97104,1,837.6,1,34.417,1,6.115,1,837.6,1,6.115,1,34.417,1
5905612,2025-10-31T14:50:20Z,1,-25.81051,154.97104,1,839.6,1,34.416,1,6.085,1,839.6,1,6.085,1,34.416,1
5905612,2025-10-31T14:50:20Z,1,-25.81051,154.97104,1,841.7,1,34.414,1,6.064,1,841.7,1,6.064,1,34.414,1
5905612,2025-10-31T14:50:20Z,1,-25.81051,154.97104,1,843.7,1,34.412,1,6.056,1,843.7,1,6.056,1,34.412,1
5905612,2025-10-31T14:50:20Z,1,-25.81051,154.97104,1,845.8,1,34.413,1,6.049,1,845.8,1,6.049,1,34.413,1
5905612,2025-10-31T14:50:20Z,1,-25.81051,154.97104,1,847.9,1,34.416,1,6.037,1,847.9,1,6.037,1,34.416,1
5905612,2025-10-31T14:50:20Z,1,-25.81051,154.97104,1,849.5,1,34.42,1,6.057,1,849.5,1,6.057,1,34.42,1
5905612,2025-10-31T14:50:20Z,1,-25.81051,154.97104,1,851.1,1,34.421,1,6.043,1,851.1,1,6.043,1,34.421,1
5905612,2025-10-31T14:50:20Z,1,-25.81051,154.97104,1,853.5,1,34.42,1,6.032,1,853.5,1,6.032,1,34.42,1
5905612,2025-10-31T14:50:20Z,1,-25.81051,154.97104,1,855.6,1,34.422,1,6.031,1,855.6,1,6.031,1,34.422,1
5905612,2025-10-31T14:50:20Z,1,-25.81051,154.97104,1,857.2,1,34.428,1,6.032,1,857.2,1,6.032,1,34.428,1
5905612,2025-10-31T14:50:20Z,1,-25.81051,154.97104,1,859.3,1,34.429,1,6.027,1,859.3,1,6.027,1,34.429,1
5905612,2025-10-31T14:50:20Z,1,-25.81051,154.97104,1,861.3,1,34.427,1,6.013,1,861.3,1,6.013,1,34.427,1
5905612,2025-10-31T14:50:20Z,1,-25.81051,154.97104,1,863.3,1,34.427,1,6.012,1,863.3,1,6.012,1,34.427,1
5905612,2025-10-31T14:50:20Z,1,-25.81051,154.97104,1,865.4,1,34.429,1,6.016,1,865.4,1,6.016,1,34.429,1
5905612,2025-10-31T14:50:20Z,1,-25.81051,154.97104,1,867.5,1,34.431,1,6.022,1,867.5,1,6.022,1,34.431,1
5905612,2025-10-31T14:50:20Z,1,-25.81051,154.97104,1,869.6,1,34.432,1,6.031,1,869.6,1,6.031,1,34.432,1
5905612,2025-10-31T14:50:20Z,1,-25.81051,154.97104,1,871.6,1,34.435,1,6.037,1,871.6,1,6.037,1,34.435,1
5905612,2025-10-31T14:50:20Z,1,-25.81051,154.97104,1,873.7,1,34.437,1,6.04,1,873.7,1,6.04,1,34.437,1
5905612,2025-10-31T14:50:20Z,1,-25.81051,154.97104,1,875.3,1,34.437,1,6.034,1,875.3,1,6.034,1,34.437,1
5905612,2025-10-31T14:50:20Z,1,-25.81051,154.97104,1,877.4,1,34.437,1,6.011,1,877.4,1,6.011,1,34.437,1
5905612,2025-10-31T14:50:20Z,1,-25.81051,154.97104,1,879.5,1,34.437,1,5.979,1,879.5,1,5.979,1,34.437,1
5905612,2025-10-31T14:50:20Z,1,-25.81051,154.97104,1,881.5,1,34.436,1,5.962,1,881.5,1,5.962,1,34.436,1
5905612,2025-10-31T14:50:20Z,1,-25.81051,154.97104,1,883.7,1,34.436,1,5.955,1,883.7,1,5.955,1,34.436,1
5905612,2025-10-31T14:50:20Z,1,-25.81051,154.97104,1,885.3,1,34.436,1,5.951,1,885.3,1,5.951,1,34.436,1
5905612,2025-10-31T14:50:20Z,1,-25.81051,154.97104,1,887.4,1,34.436,1,5.946,1,887.4,1,5.946,1,34.436,1
5905612,2025-10-31T14:50:20Z,1,-25.81051,154.97104,1,889.5,1,34.435,1,5.946,1,889.5,1,5.946,1,34.435,1
5905612,2025-10-31T14:50:20Z,1,-25.81051,154.97104,1,891.6,1,34.435,1,5.945,1,891.6,1,5.945,1,34.435,1
5905612,2025-10-31T14:50:20Z,1,-25.81051,154.97104,1,893.7,1,34.435,1,5.941,1,893.7,1,5.941,1,34.435,1
5905612,2025-10-31T14:50:20Z,1,-25.81051,154.97104,1,895.4,1,34.435,1,5.932,1,895.4,1,5.932,1,34.435,1
5905612,2025-10-31T14:50:20Z,1,-25.81051,154.97104,1,897.4,1,34.435,1,5.913,1,897.4,1,5.913,1,34.435,1
5905612,2025-10-31T14:50:20Z,1,-25.81051,154.97104,1,899.6,1,34.433,1,5.903,1,899.6,1,5.903,1,34.433,1
5905612,2025-10-31T14:50:20Z,1,-25.81051,154.97104,1,901.3,1,34.433,1,5.897,1,901.3,1,5.897,1,34.433,1
5905612,2025-10-31T14:50:20Z,1,-25.81051,154.97104,1,903.3,1,34.434,1,5.879,1,903.3,1,5.879,1,34.434,1
5905612,2025-10-31T14:50:20Z,1,-25.81051,154.97104,1,905.5,1,34.431,1,5.853,1,905.5,1,5.853,1,34.431,1
5905612,2025-10-31T14:50:20Z,1,-25.81051,154.97104,1,907.5,1,34.431,1,5.823,1,907.5,1,5.823,1,34.431,1
5905612,2025-10-31T14:50:20Z,1,-25.81051,154.97104,1,909.6,1,34.43,1,5.807,1,909.6,1,5.807,1,34.43,1
5905612,2025-10-31T14:50:20Z,1,-25.81051,154.97104,1,911.2,1,34.43,1,5.787,1,911.2,1,5.787,1,34.43,1
5905612,2025-10-31T14:50:20Z,1,-25.81051,154.97104,1,913.3,1,34.43,1,5.748,1,913.3,1,5.748,1,34.43,1
5905612,2025-10-31T14:50:20Z,1,-25.81051,154.97104,1,915.5,1,34.43,1,5.734,1,915.5,1,5.734,1,34.43,1
5905612,2025-10-31T14:50:20Z,1,-25.81051,154.97104,1,917.6,1,34.43,1,5.727,1,917.6,1,5.727,1,34.43,1
5905612,2025-10-31T14:50:20Z,1,-25.81051,154.97104,1,919.7,1,34.43,1,5.715,1,919.7,1,5.715,1,34.43,1
5905612,2025-10-31T14:50:20Z,1,-25.81051,154.97104,1,921.4,1,34.431,1,5.705,1,921.4,1,5.705,1,34.431,1
5905612,2025-10-31T14:50:20Z,1,-25.81051,154.97104,1,923.5,1,34.431,1,5.701,1,923.5,1,5.701,1,34.431,1
5905612,2025-10-31T14:50:20Z,1,-25.81051,154.97104,1,925.6,1,34.43,1,5.695,1,925.6,1,5.695,1,34.43,1
5905612,2025-10-31T14:50:20Z,1,-25.81051,154.97104,1,927.3,1,34.43,1,5.666,1,927.3,1,5.666,1,34.43,1
5905612,2025-10-31T14:50:20Z,1,-25.81051,154.97104,1,929.4,1,34.429,1,5.64,1,929.4,1,5.64,1,34.429,1
5905612,2025-10-31T14:50:20Z,1,-25.81051,154.97104,1,931.5,1,34.428,1,5.594,1,931.5,1,5.594,1,34.428,1
5905612,2025-10-31T14:50:20Z,1,-25.81051,154.97104,1,933.2,1,34.427,1,5.545,1,933.2,1,5.545,1,34.427,1
5905612,2025-10-31T14:50:20Z,1,-25.81051,154.97104,1,935.3,1,34.425,1,5.522,1,935.3,1,5.522,1,34.425,1
5905612,2025-10-31T14:50:20Z,1,-25.81051,154.97104,1,937.4,1,34.422,1,5.504,1,937.4,1,5.504,1,34.422,1
5905612,2025-10-31T14:50:20Z,1,-25.81051,154.97104,1,939.1,1,34.426,1,5.507,1,939.1,1,5.507,1,34.426,1
5905612,2025-10-31T14:50:20Z,1,-25.81051,154.97104,1,941.3,1,34.425,1,5.499,1,941.3,1,5.499,1,34.425,1
5905612,2025-10-31T14:50:20Z,1,-25.81051,154.97104,1,943.4,1,34.425,1,5.496,1,943.4,1,5.496,1,34.425,1
5905612,2025-10-31T14:50:20Z,1,-25.81051,154.97104,1,945.2,1,34.424,1,5.492,1,945.2,1,5.492,1,34.424,1
5905612,2025-10-31T14:50:20Z,1,-25.81051,154.97104,1,947.4,1,34.424,1,5.45,1,947.4,1,5.45,1,34.424,1
5905612,2025-10-31T14:50:20Z,1,-25.81051,154.97104,1,949.6,1,34.424,1,5.43,1,949.6,1,5.43,1,34.424,1
5905612,2025-10-31T14:50:20Z,1,-25.81051,154.97104,1,951.4,1,34.424,1,5.41,1,951.4,1,5.41,1,34.424,1
5905612,2025-10-31T14:50:20Z,1,-25.81051,154.97104,1,953.1,1,34.425,1,5.408,1,953.1,1,5.408,1,34.425,1
5905612,2025-10-31T14:50:20Z,1,-25.81051,154.97104,1,955.4,1,34.424,1,5.408,1,955.4,1,5.408,1,34.424,1
5905612,2025-10-31T14:50:20Z,1,-25.81051,154.97104,1,957.5,1,34.425,1,5.404,1,957.5,1,5.404,1,34.425,1
5905612,2025-10-31T14:50:20Z,1,-25.81051,154.97104,1,959.3,1,34.426,1,5.388,1,959.3,1,5.388,1,34.426,1
5905612,2025-10-31T14:50:20Z,1,-25.81051,154.97104,1,961.5,1,34.426,1,5.383,1,961.5,1,5.383,1,34.426,1
5905612,2025-10-31T14:50:20Z,1,-25.81051,154.97104,1,963.7,1,34.426,1,5.379,1,963.7,1,5.379,1,34.426,1
5905612,2025-10-31T14:50:20Z,1,-25.81051,154.97104,1,965.4,1,34.426,1,5.37,1,965.4,1,5.37,1,34.426,1
5905612,2025-10-31T14:50:20Z,1,-25.81051,154.97104,1,967.1,1,34.427,1,5.362,1,967.1,1,5.362,1,34.427,1
5905612,2025-10-31T14:50:20Z,1,-25.81051,154.97104,1,969.4,1,34.428,1,5.35,1,969.4,1,5.35,1,34.428,1
5905612,2025-10-31T14:50:20Z,1,-25.81051,154.97104,1,971.6,1,34.427,1,5.341,1,971.6,1,5.341,1,34.427,1
5905612,2025-10-31T14:50:20Z,1,-25.81051,154.97104,1,973.3,1,34.428,1,5.317,1,973.3,1,5.317,1,34.428,1
5905612,2025-10-31T14:50:20Z,1,-25.81051,154.97104,1,975.5,1,34.429,1,5.307,1,975.5,1,5.307,1,34.429,1
5905612,2025-10-31T14:50:20Z,1,-25.81051,154.97104,1,977.7,1,34.429,1,5.299,1,977.7,1,5.299,1,34.429,1
5905612,2025-10-31T14:50:20Z,1,-25.81051,154.97104,1,979.5,1,34.43,1,5.29,1,979.5,1,5.29,1,34.43,1
5905612,2025-10-31T14:50:20Z,1,-25.81051,154.97104,1,981.3,1,34.431,1,5.283,1,981.3,1,5.283,1,34.431,1
5905612,2025-10-31T14:50:20Z,1,-25.81051,154.97104,1,983.1,1,34.431,1,5.279,1,983.1,1,5.279,1,34.431,1
5905612,2025-10-31T14:50:20Z,1,-25.81051,154.97104,1,985.3,1,34.431,1,5.264,1,985.3,1,5.264,1,34.431,1
5905612,2025-10-31T14:50:20Z,1,-25.81051,154.97104,1,987.5,1,34.43,1,5.249,1,987.5,1,5.249,1,34.43,1
5905612,2025-10-31T14:50:20Z,1,-25.81051,154.97104,1,989.3,1,34.433,1,5.231,1,989.3,1,5.231,1,34.433,1
5905612,2025-10-31T14:50:20Z,1,-25.81051,154.97104,1,991.1,1,34.432,1,5.222,1,991.1,1,5.222,1,34.432,1
5905612,2025-10-31T14:50:20Z,1,-25.81051,154.97104,1,993.3,1,34.433,1,5.208,1,993.3,1,5.208,1,34.433,1
5905612,2025-10-31T14:50:20Z,1,-25.81051,154.97104,1,995.5,1,34.434,1,5.187,1,995.5,1,5.187,1,34.434,1
5905612,2025-10-31T14:50:20Z,1,-25.81051,154.97104,1,997.4,1,34.434,1,5.171,1,997.4,1,5.171,1,34.434,1
5905612,2025-10-31T14:50:20Z,1,-25.81051,154.97104,1,999.2,1,34.435,1,5.163,1,999.2,1,5.163,1,34.435,1
5905612,2025-10-31T14:50:20Z,1,-25.81051,154.97104,1,1001.5,1,34.436,1,5.153,1,1001.5,1,5.153,1,34.436,1
5905612,2025-10-31T14:50:20Z,1,-25.81051,154.97104,1,1003.7,1,34.437,1,5.138,1,1003.7,1,5.138,1,34.437,1
5905612,2025-10-31T14:50:20Z,1,-25.81051,154.97104,1,1005.5,1,34.437,1,5.137,1,1005.5,1,5.137,1,34.437,1
5905612,2025-10-31T14:50:20Z,1,-25.81051,154.97104,1,1007.3,1,34.438,1,5.118,1,1007.3,1,5.118,1,34.438,1
5905612,2025-10-31T14:50:20Z,1,-25.81051,154.97104,1,1009.2,1,34.438,1,5.116,1,1009.2,1,5.116,1,34.438,1
5905612,2025-10-31T14:50:20Z,1,-25.81051,154.97104,1,1011.0,1,34.439,1,5.104,1,1011.0,1,5.104,1,34.439,1
5905612,2025-10-31T14:50:20Z,1,-25.81051,154.97104,1,1013.4,1,34.44,1,5.069,1,1013.4,1,5.069,1,34.44,1
5905612,2025-10-31T14:50:20Z,1,-25.81051,154.97104,1,1015.8,1,34.44,1,5.058,1,1015.8,1,5.058,1,34.44,1
5905612,2025-10-31T14:50:20Z,1,-25.81051,154.97104,1,1017.6,1,34.44,1,5.045,1,1017.6,1,5.045,1,34.44,1
5905612,2025-10-31T14:50:20Z,1,-25.81051,154.97104,1,1019.5,1,34.44,1,5.032,1,1019.5,1,5.032,1,34.44,1
5905612,2025-10-31T14:50:20Z,1,-25.81051,154.97104,1,1021.4,1,34.44,1,5.02,1,1021.4,1,5.02,1,34.44,1
5905612,2025-10-31T14:50:20Z,1,-25.81051,154.97104,1,1023.3,1,34.441,1,5.008,1,1023.3,1,5.008,1,34.441,1
5905612,2025-10-31T14:50:20Z,1,-25.81051,154.97104,1,1025.2,1,34.441,1,4.995,1,1025.2,1,4.995,1,34.441,1
5905612,2025-10-31T14:50:20Z,1,-25.81051,154.97104,1,1027.0,1,34.441,1,4.987,1,1027.0,1,4.987,1,34.441,1
5905612,2025-10-31T14:50:20Z,1,-25.81051,154.97104,1,1029.4,1,34.441,1,4.973,1,1029.4,1,4.973,1,34.441,1
5905612,2025-10-31T14:50:20Z,1,-25.81051,154.97104,1,1031.8,1,34.443,1,4.93,1,1031.8,1,4.93,1,34.443,1
5905612,2025-10-31T14:50:20Z,1,-25.81051,154.97104,1,1033.8,1,34.445,1,4.913,1,1033.8,1,4.913,1,34.445,1
5905612,2025-10-31T14:50:20Z,1,-25.81051,154.97104,1,1035.8,1,34.447,1,4.899,1,1035.8,1,4.899,1,34.447,1
5905612,2025-10-31T14:50:20Z,1,-25.81051,154.97104,1,1037.7,1,34.447,1,4.879,1,1037.7,1,4.879,1,34.447,1
5905612,2025-10-31T14:50:20Z,1,-25.81051,154.97104,1,1039.8,1,34.447,1,4.878,1,1039.8,1,4.878,1,34.447,1
5905612,2025-10-31T14:50:20Z,1,-25.81051,154.97104,1,1041.8,1,34.447,1,4.874,1,1041.8,1,4.874,1,34.447,1
5905612,2025-10-31T14:50:20Z,1,-25.81051,154.97104,1,1043.8,1,34.447,1,4.87,1,1043.8,1,4.87,1,34.447,1
5905612,2025-10-31T14:50:20Z,1,-25.81051,154.97104,1,1045.7,1,34.448,1,4.859,1,1045.7,1,4.859,1,34.448,1
5905612,2025-10-31T14:50:20Z,1,-25.81051,154.97104,1,1047.7,1,34.448,1,4.849,1,1047.7,1,4.849,1,34.448,1
5905612,2025-10-31T14:50:20Z,1,-25.81051,154.97104,1,1049.7,1,34.449,1,4.832,1,1049.7,1,4.832,1,34.449,1
5905612,2025-10-31T14:50:20Z,1,-25.81051,154.97104,1,1051.6,1,34.45,1,4.813,1,1051.6,1,4.813,1,34.45,1
5905612,2025-10-31T14:50:20Z,1,-25.81051,154.97104,1,1053.6,1,34.451,1,4.802,1,1053.6,1,4.802,1,34.451,1
5905612,2025-10-31T14:50:20Z,1,-25.81051,154.97104,1,1055.6,1,34.452,1,4.791,1,1055.6,1,4.791,1,34.452,1
5905612,2025-10-31T14:50:20Z,1,-25.81051,154.97104,1,1057.6,1,34.451,1,4.786,1,1057.6,1,4.786,1,34.451,1
5905612,2025-10-31T14:50:20Z,1,-25.81051,154.97104,1,1059.5,1,34.452,1,4.772,1,1059.5,1,4.772,1,34.452,1
5905612,2025-10-31T14:50:20Z,1,-25.81051,154.97104,1,1061.5,1,34.454,1,4.753,1,1061.5,1,4.753,1,34.454,1
5905612,2025-10-31T14:50:20Z,1,-25.81051,154.97104,1,1063.5,1,34.453,1,4.753,1,1063.5,1,4.753,1,34.453,1
5905612,2025-10-31T14:50:20Z,1,-25.81051,154.97104,1,1065.4,1,34.454,1,4.75,1,1065.4,1,4.75,1,34.454,1
5905612,2025-10-31T14:50:20Z,1,-25.81051,154.97104,1,1067.5,1,34.454,1,4.747,1,1067.5,1,4.747,1,34.454,1
5905612,2025-10-31T14:50:20Z,1,-25.81051,154.97104,1,1069.5,1,34.455,1,4.735,1,1069.5,1,4.735,1,34.455,1
5905612,2025-10-31T14:50:20Z,1,-25.81051,154.97104,1,1071.7,1,34.456,1,4.713,1,1071.7,1,4.713,1,34.456,1
5905612,2025-10-31T14:50:20Z,1,-25.81051,154.97104,1,1073.7,1,34.455,1,4.695,1,1073.7,1,4.695,1,34.455,1
5905612,2025-10-31T14:50:20Z,1,-25.81051,154.97104,1,1075.7,1,34.458,1,4.677,1,1075.7,1,4.677,1,34.458,1
5905612,2025-10-31T14:50:20Z,1,-25.81051,154.97104,1,1077.7,1,34.46,1,4.665,1,1077.7,1,4.665,1,34.46,1
5905612,2025-10-31T14:50:20Z,1,-25.81051,154.97104,1,1079.7,1,34.46,1,4.65,1,1079.7,1,4.65,1,34.46,1
5905612,2025-10-31T14:50:20Z,1,-25.81051,154.97104,1,1081.7,1,34.46,1,4.636,1,1081.7,1,4.636,1,34.46,1
5905612,2025-10-31T14:50:20Z,1,-25.81051,154.97104,1,1083.7,1,34.461,1,4.622,1,1083.7,1,4.622,1,34.461,1
5905612,2025-10-31T14:50:20Z,1,-25.81051,154.97104,1,1085.7,1,34.461,1,4.608,1,1085.7,1,4.608,1,34.461,1
5905612,2025-10-31T14:50:20Z,1,-25.81051,154.97104,1,1087.8,1,34.463,1,4.586,1,1087.8,1,4.586,1,34.463,1
5905612,2025-10-31T14:50:20Z,1,-25.81051,154.97104,1,1089.8,1,34.464,1,4.573,1,1089.8,1,4.573,1,34.464,1
5905612,2025-10-31T14:50:20Z,1,-25.81051,154.97104,1,1091.8,1,34.464,1,4.566,1,1091.8,1,4.566,1,34.464,1
5905612,2025-10-31T14:50:20Z,1,-25.81051,154.97104,1,1093.9,1,34.465,1,4.56,1,1093.9,1,4.56,1,34.465,1
5905612,2025-10-31T14:50:20Z,1,-25.81051,154.97104,1,1095.9,1,34.465,1,4.548,1,1095.9,1,4.548,1,34.465,1
5905612,2025-10-31T14:50:20Z,1,-25.81051,154.97104,1,1097.5,1,34.466,1,4.537,1,1097.5,1,4.537,1,34.466,1
5905612,2025-10-31T14:50:20Z,1,-25.81051,154.97104,1,1099.0,1,34.468,1,4.519,1,1099.0,1,4.519,1,34.468,1
5905612,2025-10-31T14:50:20Z,1,-25.81051,154.97104,1,1101.1,1,34.469,1,4.502,1,1101.1,1,4.502,1,34.469,1
5905612,2025-10-31T14:50:20Z,1,-25.81051,154.97104,1,1103.2,1,34.469,1,4.498,1,1103.2,1,4.498,1,34.469,1
5905612,2025-10-31T14:50:20Z,1,-25.81051,154.97104,1,1105.2,1,34.469,1,4.494,1,1105.2,1,4.494,1,34.469,1
5905612,2025-10-31T14:50:20Z,1,-25.81051,154.97104,1,1107.4,1,34.469,1,4.492,1,1107.4,1,4.492,1,34.469,1
5905612,2025-10-31T14:50:20Z,1,-25.81051,154.97104,1,1109.5,1,34.468,1,4.492,1,1109.5,1,4.492,1,34.468,1
5905612,2025-10-31T14:50:20Z,1,-25.81051,154.97104,1,1111.6,1,34.468,1,4.489,1,1111.6,1,4.489,1,34.468,1
5905612,2025-10-31T14:50:20Z,1,-25.81051,154.97104,1,1113.6,1,34.469,1,4.487,1,1113.6,1,4.487,1,34.469,1
5905612,2025-10-31T14:50:20Z,1,-25.81051,154.97104,1,1115.7,1,34.468,1,4.475,1,1115.7,1,4.475,1,34.468,1
5905612,2025-10-31T14:50:20Z,1,-25.81051,154.97104,1,1117.8,1,34.471,1,4.447,1,1117.8,1,4.447,1,34.471,1
5905612,2025-10-31T14:50:20Z,1,-25.81051,154.97104,1,1119.9,1,34.471,1,4.436,1,1119.9,1,4.436,1,34.471,1
5905612,2025-10-31T14:50:20Z,1,-25.81051,154.97104,1,1121.5,1,34.471,1,4.431,1,1121.5,1,4.431,1,34.471,1
5905612,2025-10-31T14:50:20Z,1,-25.81051,154.97104,1,1123.0,1,34.472,1,4.419,1,1123.0,1,4.419,1,34.472,1
5905612,2025-10-31T14:50:20Z,1,-25.81051,154.97104,1,1125.1,1,34.474,1,4.398,1,1125.1,1,4.398,1,34.474,1
5905612,2025-10-31T14:50:20Z,1,-25.81051,154.97104,1,1127.5,1,34.473,1,4.391,1,1127.5,1,4.391,1,34.473,1
5905612,2025-10-31T14:50:20Z,1,-25.81051,154.97104,1,1129.6,1,34.475,1,4.367,1,1129.6,1,4.367,1,34.475,1
5905612,2025-10-31T14:50:20Z,1,-25.81051,154.97104,1,1131.3,1,34.477,1,4.355,1,1131.3,1,4.355,1,34.477,1
5905612,2025-10-31T14:50:20Z,1,-25.81051,154.97104,1,1133.3,1,34.478,1,4.34,1,1133.3,1,4.34,1,34.478,1
5905612,2025-10-31T14:50:20Z,1,-25.81051,154.97104,1,1135.3,1,34.478,1,4.338,1,1135.3,1,4.338,1,34.478,1
5905612,2025-10-31T14:50:20Z,1,-25.81051,154.97104,1,1137.3,1,34.478,1,4.333,1,1137.3,1,4.333,1,34.478,1
5905612,2025-10-31T14:50:20Z,1,-25.81051,154.97104,1,1139.4,1,34.478,1,4.32,1,1139.4,1,4.32,1,34.478,1
5905612,2025-10-31T14:50:20Z,1,-25.81051,154.97104,1,1141.4,1,34.48,1,4.299,1,1141.4,1,4.299,1,34.48,1
5905612,2025-10-31T14:50:20Z,1,-25.81051,154.97104,1,1143.5,1,34.48,1,4.287,1,1143.5,1,4.287,1,34.48,1
5905612,2025-10-31T14:50:20Z,1,-25.81051,154.97104,1,1145.2,1,34.482,1,4.275,1,1145.2,1,4.275,1,34.482,1
5905612,2025-10-31T14:50:20Z,1,-25.81051,154.97104,1,1147.3,1,34.482,1,4.266,1,1147.3,1,4.266,1,34.482,1
5905612,2025-10-31T14:50:20Z,1,-25.81051,154.97104,1,1149.4,1,34.484,1,4.255,1,1149.4,1,4.255,1,34.484,1
5905612,2025-10-31T14:50:20Z,1,-25.81051,154.97104,1,1151.4,1,34.483,1,4.252,1,1151.4,1,4.252,1,34.483,1
5905612,2025-10-31T14:50:20Z,1,-25.81051,154.97104,1,1153.5,1,34.484,1,4.243,1,1153.5,1,4.243,1,34.484,1
5905612,2025-10-31T14:50:20Z,1,-25.81051,154.97104,1,1155.5,1,34.484,1,4.234,1,1155.5,1,4.234,1,34.484,1
5905612,2025-10-31T14:50:20Z,1,-25.81051,154.97104,1,1157.6,1,34.484,1,4.225,1,1157.6,1,4.225,1,34.484,1
5905612,2025-10-31T14:50:20Z,1,-25.81051,154.97104,1,1159.2,1,34.483,1,4.224,1,1159.2,1,4.224,1,34.483,1
5905612,2025-10-31T14:50:20Z,1,-25.81051,154.97104,1,1161.3,1,34.483,1,4.217,1,1161.3,1,4.217,1,34.483,1
5905612,2025-10-31T14:50:20Z,1,-25.81051,154.97104,1,1163.4,1,34.485,1,4.205,1,1163.4,1,4.205,1,34.485,1
5905612,2025-10-31T14:50:20Z,1,-25.81051,154.97104,1,1165.4,1,34.485,1,4.192,1,1165.4,1,4.192,1,34.485,1
5905612,2025-10-31T14:50:20Z,1,-25.81051,154.97104,1,1167.5,1,34.486,1,4.177,1,1167.5,1,4.177,1,34.486,1
5905612,2025-10-31T14:50:20Z,1,-25.81051,154.97104,1,1169.5,1,34.487,1,4.172,1,1169.5,1,4.172,1,34.487,1
5905612,2025-10-31T14:50:20Z,1,-25.81051,154.97104,1,1171.5,1,34.487,1,4.163,1,1171.5,1,4.163,1,34.487,1
5905612,2025-10-31T14:50:20Z,1,-25.81051,154.97104,1,1173.5,1,34.49,1,4.139,1,1173.5,1,4.139,1,34.49,1
5905612,2025-10-31T14:50:20Z,1,-25.81051,154.97104,1,1175.6,1,34.49,1,4.13,1,1175.6,1,4.13,1,34.49,1
5905612,2025-10-31T14:50:20Z,1,-25.81051,154.97104,1,1177.6,1,34.491,1,4.128,1,1177.6,1,4.128,1,34.491,1
5905612,2025-10-31T14:50:20Z,1,-25.81051,154.97104,1,1179.6,1,34.49,1,4.123,1,1179.6,1,4.123,1,34.49,1
5905612,2025-10-31T14:50:20Z,1,-25.81051,154.97104,1,1181.3,1,34.491,1,4.114,1,1181.3,1,4.114,1,34.491,1
5905612,2025-10-31T14:50:20Z,1,-25.81051,154.97104,1,1183.4,1,34.492,1,4.095,1,1183.4,1,4.095,1,34.492,1
5905612,2025-10-31T14:50:20Z,1,-25.81051,154.97104,1,1185.5,1,34.494,1,4.076,1,1185.5,1,4.076,1,34.494,1
5905612,2025-10-31T14:50:20Z,1,-25.81051,154.97104,1,1187.2,1,34.495,1,4.061,1,1187.2,1,4.061,1,34.495,1
5905612,2025-10-31T14:50:20Z,1,-25.81051,154.97104,1,1189.3,1,34.496,1,4.049,1,1189.3,1,4.049,1,34.496,1
5905612,2025-10-31T14:50:20Z,1,-25.81051,154.97104,1,1191.4,1,34.496,1,4.039,1,1191.4,1,4.039,1,34.496,1
5905612,2025-10-31T14:50:20Z,1,-25.81051,154.97104,1,1193.4,1,34.498,1,4.027,1,1193.4,1,4.027,1,34.498,1
5905612,2025-10-31T14:50:20Z,1,-25.81051,154.97104,1,1195.5,1,34.498,1,4.018,1,1195.5,1,4.018,1,34.498,1
5905612,2025-10-31T14:50:20Z,1,-25.81051,154.97104,1,1197.6,1,34.498,1,4.008,1,1197.6,1,4.008,1,34.498,1
5905612,2025-10-31T14:50:20Z,1,-25.81051,154.97104,1,1199.7,1,34.5,1,3.995,1,1199.7,1,3.995,1,34.5,1
5905612,2025-10-31T14:50:20Z,1,-25.81051,154.97104,1,1201.4,1,34.501,1,3.992,1,1201.4,1,3.992,1,34.501,1
5905612,2025-10-31T14:50:20Z,1,-25.81051,154.97104,1,1203.5,1,34.501,1,3.985,1,1203.5,1,3.985,1,34.501,1
5905612,2025-10-31T14:50:20Z,1,-25.81051,154.97104,1,1205.6,1,34.502,1,3.97,1,1205.6,1,3.97,1,34.502,1
5905612,2025-10-31T14:50:20Z,1,-25.81051,154.97104,1,1207.4,1,34.502,1,3.968,1,1207.4,1,3.968,1,34.502,1
5905612,2025-10-31T14:50:20Z,1,-25.81051,154.97104,1,1209.5,1,34.502,1,3.963,1,1209.5,1,3.963,1,34.502,1
5905612,2025-10-31T14:50:20Z,1,-25.81051,154.97104,1,1211.7,1,34.504,1,3.953,1,1211.7,1,3.953,1,34.504,1
5905612,2025-10-31T14:50:20Z,1,-25.81051,154.97104,1,1213.5,1,34.504,1,3.946,1,1213.5,1,3.946,1,34.504,1
5905612,2025-10-31T14:50:20Z,1,-25.81051,154.97104,1,1215.2,1,34.504,1,3.946,1,1215.2,1,3.946,1,34.504,1
5905612,2025-10-31T14:50:20Z,1,-25.81051,154.97104,1,1217.1,1,34.504,1,3.944,1,1217.1,1,3.944,1,34.504,1
5905612,2025-10-31T14:50:20Z,1,-25.81051,154.97104,1,1219.4,1,34.504,1,3.941,1,1219.4,1,3.941,1,34.504,1
5905612,2025-10-31T14:50:20Z,1,-25.81051,154.97104,1,1221.6,1,34.504,1,3.936,1,1221.6,1,3.936,1,34.504,1
5905612,2025-10-31T14:50:20Z,1,-25.81051,154.97104,1,1223.4,1,34.504,1,3.93,1,1223.4,1,3.93,1,34.504,1
5905612,2025-10-31T14:50:20Z,1,-25.81051,154.97104,1,1225.3,1,34.505,1,3.917,1,1225.3,1,3.917,1,34.505,1
5905612,2025-10-31T14:50:20Z,1,-25.81051,154.97104,1,1227.2,1,34.506,1,3.91,1,1227.2,1,3.91,1,34.506,1
5905612,2025-10-31T14:50:20Z,1,-25.81051,154.97104,1,1229.0,1,34.506,1,3.904,1,1229.0,1,3.904,1,34.506,1
5905612,2025-10-31T14:50:20Z,1,-25.81051,154.97104,1,1231.4,1,34.506,1,3.9,1,1231.4,1,3.9,1,34.506,1
5905612,2025-10-31T14:50:20Z,1,-25.81051,154.97104,1,1233.7,1,34.506,1,3.895,1,1233.7,1,3.895,1,34.506,1
5905612,2025-10-31T14:50:20Z,1,-25.81051,154.97104,1,1235.6,1,34.507,1,3.886,1,1235.6,1,3.886,1,34.507,1
5905612,2025-10-31T14:50:20Z,1,-25.81051,154.97104,1,1237.5,1,34.508,1,3.879,1,1237.5,1,3.879,1,34.508,1
5905612,2025-10-31T14:50:20Z,1,-25.81051,154.97104,1,1239.3,1,34.508,1,3.874,1,1239.3,1,3.874,1,34.508,1
5905612,2025-10-31T14:50:20Z,1,-25.81051,154.97104,1,1241.2,1,34.509,1,3.866,1,1241.2,1,3.866,1,34.509,1
5905612,2025-10-31T14:50:20Z,1,-25.81051,154.97104,1,1243.1,1,34.509,1,3.862,1,1243.1,1,3.862,1,34.509,1
5905612,2025-10-31T14:50:20Z,1,-25.81051,154.97104,1,1245.4,1,34.509,1,3.859,1,1245.4,1,3.859,1,34.509,1
5905612,2025-10-31T14:50:20Z,1,-25.81051,154.97104,1,1247.8,1,34.51,1,3.851,1,1247.8,1,3.851,1,34.51,1
5905612,2025-10-31T14:50:20Z,1,-25.81051,154.97104,1,1249.7,1,34.509,1,3.847,1,1249.7,1,3.847,1,34.509,1
5905612,2025-10-31T14:50:20Z,1,-25.81051,154.97104,1,1251.6,1,34.51,1,3.845,1,1251.6,1,3.845,1,34.51,1
5905612,2025-10-31T14:50:20Z,1,-25.81051,154.97104,1,1253.4,1,34.51,1,3.841,1,1253.4,1,3.841,1,34.51,1
5905612,2025-10-31T14:50:20Z,1,-25.81051,154.97104,1,1255.3,1,34.51,1,3.83,1,1255.3,1,3.83,1,34.51,1
5905612,2025-10-31T14:50:20Z,1,-25.81051,154.97104,1,1257.2,1,34.512,1,3.823,1,1257.2,1,3.823,1,34.512,1
5905612,2025-10-31T14:50:20Z,1,-25.81051,154.97104,1,1259.1,1,34.512,1,3.818,1,1259.1,1,3.818,1,34.512,1
5905612,2025-10-31T14:50:20Z,1,-25.81051,154.97104,1,1261.0,1,34.513,1,3.811,1,1261.0,1,3.811,1,34.513,1
5905612,2025-10-31T14:50:20Z,1,-25.81051,154.97104,1,1263.4,1,34.512,1,3.808,1,1263.4,1,3.808,1,34.512,1
5905612,2025-10-31T14:50:20Z,1,-25.81051,154.97104,1,1265.8,1,34.513,1,3.803,1,1265.8,1,3.803,1,34.513,1
5905612,2025-10-31T14:50:20Z,1,-25.81051,154.97104,1,1267.7,1,34.513,1,3.801,1,1267.7,1,3.801,1,34.513,1
5905612,2025-10-31T14:50:20Z,1,-25.81051,154.97104,1,1269.7,1,34.513,1,3.799,1,1269.7,1,3.799,1,34.513,1
5905612,2025-10-31T14:50:20Z,1,-25.81051,154.97104,1,1271.6,1,34.514,1,3.793,1,1271.6,1,3.793,1,34.514,1
5905612,2025-10-31T14:50:20Z,1,-25.81051,154.97104,1,1273.5,1,34.514,1,3.787,1,1273.5,1,3.787,1,34.514,1
5905612,2025-10-31T14:50:20Z,1,-25.81051,154.97104,1,1275.5,1,34.514,1,3.785,1,1275.5,1,3.785,1,34.514,1
5905612,2025-10-31T14:50:20Z,1,-25.81051,154.97104,1,1277.4,1,34.515,1,3.781,1,1277.4,1,3.781,1,34.515,1
5905612,2025-10-31T14:50:20Z,1,-25.81051,154.97104,1,1279.3,1,34.515,1,3.776,1,1279.3,1,3.776,1,34.515,1
5905612,2025-10-31T14:50:20Z,1,-25.81051,154.97104,1,1281.3,1,34.517,1,3.769,1,1281.3,1,3.769,1,34.517,1
5905612,2025-10-31T14:50:20Z,1,-25.81051,154.97104,1,1283.2,1,34.516,1,3.767,1,1283.2,1,3.767,1,34.516,1
5905612,2025-10-31T14:50:20Z,1,-25.81051,154.97104,1,1285.2,1,34.517,1,3.765,1,1285.2,1,3.765,1,34.517,1
5905612,2025-10-31T14:50:20Z,1,-25.81051,154.97104,1,1287.2,1,34.516,1,3.764,1,1287.2,1,3.764,1,34.516,1
5905612,2025-10-31T14:50:20Z,1,-25.81051,154.97104,1,1289.2,1,34.516,1,3.761,1,1289.2,1,3.761,1,34.516,1
5905612,2025-10-31T14:50:20Z,1,-25.81051,154.97104,1,1291.1,1,34.517,1,3.754,1,1291.1,1,3.754,1,34.517,1
5905612,2025-10-31T14:50:20Z,1,-25.81051,154.97104,1,1293.1,1,34.518,1,3.747,1,1293.1,1,3.747,1,34.518,1
5905612,2025-10-31T14:50:20Z,1,-25.81051,154.97104,1,1295.0,1,34.518,1,3.739,1,1295.0,1,3.739,1,34.518,1
5905612,2025-10-31T14:50:20Z,1,-25.81051,154.97104,1,1297.0,1,34.518,1,3.735,1,1297.0,1,3.735,1,34.518,1
5905612,2025-10-31T14:50:20Z,1,-25.81051,154.97104,1,1299.1,1,34.519,1,3.729,1,1299.1,1,3.729,1,34.519,1
5905612,2025-10-31T14:50:20Z,1,-25.81051,154.97104,1,1301.0,1,34.52,1,3.723,1,1301.0,1,3.723,1,34.52,1
5905612,2025-10-31T14:50:20Z,1,-25.81051,154.97104,1,1303.0,1,34.52,1,3.717,1,1303.0,1,3.717,1,34.52,1
5905612,2025-10-31T14:50:20Z,1,-25.81051,154.97104,1,1305.0,1,34.521,1,3.711,1,1305.0,1,3.711,1,34.521,1
5905612,2025-10-31T14:50:20Z,1,-25.81051,154.97104,1,1307.0,1,34.521,1,3.708,1,1307.0,1,3.708,1,34.521,1
5905612,2025-10-31T14:50:20Z,1,-25.81051,154.97104,1,1309.0,1,34.521,1,3.702,1,1309.0,1,3.702,1,34.521,1
5905612,2025-10-31T14:50:20Z,1,-25.81051,154.97104,1,1311.0,1,34.522,1,3.696,1,1311.0,1,3.696,1,34.522,1
5905612,2025-10-31T14:50:20Z,1,-25.81051,154.97104,1,1313.1,1,34.522,1,3.691,1,1313.1,1,3.691,1,34.522,1
5905612,2025-10-31T14:50:20Z,1,-25.81051,154.97104,1,1315.1,1,34.523,1,3.682,1,1315.1,1,3.682,1,34.523,1
5905612,2025-10-31T14:50:20Z,1,-25.81051,154.97104,1,1317.1,1,34.524,1,3.675,1,1317.1,1,3.675,1,34.524,1
5905612,2025-10-31T14:50:20Z,1,-25.81051,154.97104,1,1319.1,1,34.524,1,3.673,1,1319.1,1,3.673,1,34.524,1
5905612,2025-10-31T14:50:20Z,1,-25.81051,154.97104,1,1321.2,1,34.524,1,3.668,1,1321.2,1,3.668,1,34.524,1
5905612,2025-10-31T14:50:20Z,1,-25.81051,154.97104,1,1323.3,1,34.524,1,3.664,1,1323.3,1,3.664,1,34.524,1
5905612,2025-10-31T14:50:20Z,1,-25.81051,154.97104,1,1325.3,1,34.525,1,3.662,1,1325.3,1,3.662,1,34.525,1
5905612,2025-10-31T14:50:20Z,1,-25.81051,154.97104,1,1327.3,1,34.525,1,3.658,1,1327.3,1,3.658,1,34.525,1
5905612,2025-10-31T14:50:20Z,1,-25.81051,154.97104,1,1329.4,1,34.525,1,3.653,1,1329.4,1,3.653,1,34.525,1
5905612,2025-10-31T14:50:20Z,1,-25.81051,154.97104,1,1331.5,1,34.526,1,3.647,1,1331.5,1,3.647,1,34.526,1
5905612,2025-10-31T14:50:20Z,1,-25.81051,154.97104,1,1333.6,1,34.527,1,3.641,1,1333.6,1,3.641,1,34.527,1
5905612,2025-10-31T14:50:20Z,1,-25.81051,154.97104,1,1335.7,1,34.527,1,3.64,1,1335.7,1,3.64,1,34.527,1
5905612,2025-10-31T14:50:20Z,1,-25.81051,154.97104,1,1337.8,1,34.527,1,3.639,1,1337.8,1,3.639,1,34.527,1
5905612,2025-10-31T14:50:20Z,1,-25.81051,154.97104,1,1339.4,1,34.528,1,3.635,1,1339.4,1,3.635,1,34.528,1
5905612,2025-10-31T14:50:20Z,1,-25.81051,154.97104,1,1341.0,1,34.528,1,3.632,1,1341.0,1,3.632,1,34.528,1
5905612,2025-10-31T14:50:20Z,1,-25.81051,154.97104,1,1343.1,1,34.528,1,3.628,1,1343.1,1,3.628,1,34.528,1
5905612,2025-10-31T14:50:20Z,1,-25.81051,154.97104,1,1345.1,1,34.528,1,3.627,1,1345.1,1,3.627,1,34.528,1
5905612,2025-10-31T14:50:20Z,1,-25.81051,154.97104,1,1347.4,1,34.528,1,3.625,1,1347.4,1,3.625,1,34.528,1
5905612,2025-10-31T14:50:20Z,1,-25.81051,154.97104,1,1349.3,1,34.528,1,3.62,1,1349.3,1,3.62,1,34.528,1
5905612,2025-10-31T14:50:20Z,1,-25.81051,154.97104,1,1351.3,1,34.528,1,3.613,1,1351.3,1,3.613,1,34.528,1
5905612,2025-10-31T14:50:20Z,1,-25.81051,154.97104,1,1353.3,1,34.53,1,3.603,1,1353.3,1,3.603,1,34.53,1
5905612,2025-10-31T14:50:20Z,1,-25.81051,154.97104,1,1355.3,1,34.531,1,3.594,1,1355.3,1,3.594,1,34.531,1
5905612,2025-10-31T14:50:20Z,1,-25.81051,154.97104,1,1357.4,1,34.531,1,3.589,1,1357.4,1,3.589,1,34.531,1
5905612,2025-10-31T14:50:20Z,1,-25.81051,154.97104,1,1359.4,1,34.532,1,3.581,1,1359.4,1,3.581,1,34.532,1
5905612,2025-10-31T14:50:20Z,1,-25.81051,154.97104,1,1361.7,1,34.532,1,3.575,1,1361.7,1,3.575,1,34.532,1
5905612,2025-10-31T14:50:20Z,1,-25.81051,154.97104,1,1363.3,1,34.533,1,3.567,1,1363.3,1,3.567,1,34.533,1
5905612,2025-10-31T14:50:20Z,1,-25.81051,154.97104,1,1365.4,1,34.533,1,3.557,1,1365.4,1,3.557,1,34.533,1
5905612,2025-10-31T14:50:20Z,1,-25.81051,154.97104,1,1367.6,1,34.534,1,3.552,1,1367.6,1,3.552,1,34.534,1
5905612,2025-10-31T14:50:20Z,1,-25.81051,154.97104,1,1369.3,1,34.535,1,3.547,1,1369.3,1,3.547,1,34.535,1
5905612,2025-10-31T14:50:20Z,1,-25.81051,154.97104,1,1371.4,1,34.535,1,3.541,1,1371.4,1,3.541,1,34.535,1
5905612,2025-10-31T14:50:20Z,1,-25.81051,154.97104,1,1373.6,1,34.535,1,3.541,1,1373.6,1,3.541,1,34.535,1
5905612,2025-10-31T14:50:20Z,1,-25.81051,154.97104,1,1375.3,1,34.536,1,3.534,1,1375.3,1,3.534,1,34.536,1
5905612,2025-10-31T14:50:20Z,1,-25.81051,154.97104,1,1377.4,1,34.536,1,3.528,1,1377.4,1,3.528,1,34.536,1
5905612,2025-10-31T14:50:20Z,1,-25.81051,154.97104,1,1379.6,1,34.537,1,3.524,1,1379.6,1,3.524,1,34.537,1
5905612,2025-10-31T14:50:20Z,1,-25.81051,154.97104,1,1381.3,1,34.537,1,3.521,1,1381.3,1,3.521,1,34.537,1
5905612,2025-10-31T14:50:20Z,1,-25.81051,154.97104,1,1383.5,1,34.537,1,3.517,1,1383.5,1,3.517,1,34.537,1
5905612,2025-10-31T14:50:20Z,1,-25.81051,154.97104,1,1385.6,1,34.538,1,3.515,1,1385.6,1,3.515,1,34.538,1
5905612,2025-10-31T14:50:20Z,1,-25.81051,154.97104,1,1387.4,1,34.538,1,3.513,1,1387.4,1,3.513,1,34.538,1
5905612,2025-10-31T14:50:20Z,1,-25.81051,154.97104,1,1389.1,1,34.538,1,3.51,1,1389.1,1,3.51,1,34.538,1
5905612,2025-10-31T14:50:20Z,1,-25.81051,154.97104,1,1391.3,1,34.539,1,3.508,1,1391.3,1,3.508,1,34.539,1
5905612,2025-10-31T14:50:20Z,1,-25.81051,154.97104,1,1393.5,1,34.539,1,3.503,1,1393.5,1,3.503,1,34.539,1
5905612,2025-10-31T14:50:20Z,1,-25.81051,154.97104,1,1395.2,1,34.539,1,3.5,1,1395.2,1,3.5,1,34.539,1
5905612,2025-10-31T14:50:20Z,1,-25.81051,154.97104,1,1397.4,1,34.539,1,3.497,1,1397.4,1,3.497,1,34.539,1
5905612,2025-10-31T14:50:20Z,1,-25.81051,154.97104,1,1399.5,1,34.539,1,3.493,1,1399.5,1,3.493,1,34.539,1
5905612,2025-10-31T14:50:20Z,1,-25.81051,154.97104,1,1401.3,1,34.54,1,3.482,1,1401.3,1,3.482,1,34.54,1
5905612,2025-10-31T14:50:20Z,1,-25.81051,154.97104,1,1403.5,1,34.54,1,3.48,1,1403.5,1,3.48,1,34.54,1
5905612,2025-10-31T14:50:20Z,1,-25.81051,154.97104,1,1405.7,1,34.542,1,3.47,1,1405.7,1,3.47,1,34.542,1
5905612,2025-10-31T14:50:20Z,1,-25.81051,154.97104,1,1407.4,1,34.542,1,3.465,1,1407.4,1,3.465,1,34.542,1
5905612,2025-10-31T14:50:20Z,1,-25.81051,154.97104,1,1409.2,1,34.543,1,3.46,1,1409.2,1,3.46,1,34.543,1
5905612,2025-10-31T14:50:20Z,1,-25.81051,154.97104,1,1411.5,1,34.542,1,3.458,1,1411.5,1,3.458,1,34.542,1
5905612,2025-10-31T14:50:20Z,1,-25.81051,154.97104,1,1413.7,1,34.543,1,3.451,1,1413.7,1,3.451,1,34.543,1
5905612,2025-10-31T14:50:20Z,1,-25.81051,154.97104,1,1415.5,1,34.544,1,3.446,1,1415.5,1,3.446,1,34.544,1
5905612,2025-10-31T14:50:20Z,1,-25.81051,154.97104,1,1417.3,1,34.544,1,3.443,1,1417.3,1,3.443,1,34.544,1
5905612,2025-10-31T14:50:20Z,1,-25.81051,154.97104,1,1419.1,1,34.544,1,3.441,1,1419.1,1,3.441,1,34.544,1
5905612,2025-10-31T14:50:20Z,1,-25.81051,154.97104,1,1421.4,1,34.544,1,3.438,1,1421.4,1,3.438,1,34.544,1
5905612,2025-10-31T14:50:20Z,1,-25.81051,154.97104,1,1423.6,1,34.545,1,3.434,1,1423.6,1,3.434,1,34.545,1
5905612,2025-10-31T14:50:20Z,1,-25.81051,154.97104,1,1425.4,1,34.546,1,3.427,1,1425.4,1,3.427,1,34.546,1
5905612,2025-10-31T14:50:20Z,1,-25.81051,154.97104,1,1427.3,1,34.546,1,3.426,1,1427.3,1,3.426,1,34.546,1
5905612,2025-10-31T14:50:20Z,1,-25.81051,154.97104,1,1429.1,1,34.546,1,3.425,1,1429.1,1,3.425,1,34.546,1
5905612,2025-10-31T14:50:20Z,1,-25.81051,154.97104,1,1431.4,1,34.546,1,3.424,1,1431.4,1,3.424,1,34.546,1
5905612,2025-10-31T14:50:20Z,1,-25.81051,154.97104,1,1433.7,1,34.547,1,3.42,1,1433.7,1,3.42,1,34.547,1
5905612,2025-10-31T14:50:20Z,1,-25.81051,154.97104,1,1435.5,1,34.546,1,3.418,1,1435.5,1,3.418,1,34.546,1
5905612,2025-10-31T14:50:20Z,1,-25.81051,154.97104,1,1437.4,1,34.546,1,3.416,1,1437.4,1,3.416,1,34.546,1
5905612,2025-10-31T14:50:20Z,1,-25.81051,154.97104,1,1439.2,1,34.547,1,3.411,1,1439.2,1,3.411,1,34.547,1
5905612,2025-10-31T14:50:20Z,1,-25.81051,154.97104,1,1441.5,1,34.547,1,3.409,1,1441.5,1,3.409,1,34.547,1
5905612,2025-10-31T14:50:20Z,1,-25.81051,154.97104,1,1443.7,1,34.548,1,3.404,1,1443.7,1,3.404,1,34.548,1
5905612,2025-10-31T14:50:20Z,1,-25.81051,154.97104,1,1445.6,1,34.548,1,3.4,1,1445.6,1,3.4,1,34.548,1
5905612,2025-10-31T14:50:20Z,1,-25.81051,154.97104,1,1447.4,1,34.548,1,3.397,1,1447.4,1,3.397,1,34.548,1
5905612,2025-10-31T14:50:20Z,1,-25.81051,154.97104,1,1449.3,1,34.549,1,3.391,1,1449.3,1,3.391,1,34.549,1
5905612,2025-10-31T14:50:20Z,1,-25.81051,154.97104,1,1451.1,1,34.549,1,3.388,1,1451.1,1,3.388,1,34.549,1
5905612,2025-10-31T14:50:20Z,1,-25.81051,154.97104,1,1453.5,1,34.549,1,3.386,1,1453.5,1,3.386,1,34.549,1
5905612,2025-10-31T14:50:20Z,1,-25.81051,154.97104,1,1455.8,1,34.55,1,3.383,1,1455.8,1,3.383,1,34.55,1
5905612,2025-10-31T14:50:20Z,1,-25.81051,154.97104,1,1457.6,1,34.55,1,3.381,1,1457.6,1,3.381,1,34.55,1
5905612,2025-10-31T14:50:20Z,1,-25.81051,154.97104,1,1459.5,1,34.55,1,3.38,1,1459.5,1,3.38,1,34.55,1
5905612,2025-10-31T14:50:20Z,1,-25.81051,154.97104,1,1461.3,1,34.551,1,3.378,1,1461.3,1,3.378,1,34.551,1
5905612,2025-10-31T14:50:20Z,1,-25.81051,154.97104,1,1463.2,1,34.551,1,3.375,1,1463.2,1,3.375,1,34.551,1
5905612,2025-10-31T14:50:20Z,1,-25.81051,154.97104,1,1465.1,1,34.55,1,3.374,1,1465.1,1,3.374,1,34.55,1
5905612,2025-10-31T14:50:20Z,1,-25.81051,154.97104,1,1467.4,1,34.551,1,3.37,1,1467.4,1,3.37,1,34.551,1
5905612,2025-10-31T14:50:20Z,1,-25.81051,154.97104,1,1469.8,1,34.552,1,3.364,1,1469.8,1,3.364,1,34.552,1
5905612,2025-10-31T14:50:20Z,1,-25.81051,154.97104,1,1471.7,1,34.552,1,3.361,1,1471.7,1,3.361,1,34.552,1
5905612,2025-10-31T14:50:20Z,1,-25.81051,154.97104,1,1473.6,1,34.552,1,3.359,1,1473.6,1,3.359,1,34.552,1
5905612,2025-10-31T14:50:20Z,1,-25.81051,154.97104,1,1475.5,1,34.553,1,3.357,1,1475.5,1,3.357,1,34.553,1
5905612,2025-10-31T14:50:20Z,1,-25.81051,154.97104,1,1477.4,1,34.553,1,3.355,1,1477.4,1,3.355,1,34.553,1
5905612,2025-10-31T14:50:20Z,1,-25.81051,154.97104,1,1479.3,1,34.553,1,3.351,1,1479.3,1,3.351,1,34.553,1
5905612,2025-10-31T14:50:20Z,1,-25.81051,154.97104,1,1481.2,1,34.554,1,3.351,1,1481.2,1,3.351,1,34.554,1
5905612,2025-10-31T14:50:20Z,1,-25.81051,154.97104,1,1483.0,1,34.553,1,3.351,1,1483.0,1,3.351,1,34.553,1
5905612,2025-10-31T14:50:20Z,1,-25.81051,154.97104,1,1485.4,1,34.553,1,3.345,1,1485.4,1,3.345,1,34.553,1
5905612,2025-10-31T14:50:20Z,1,-25.81051,154.97104,1,1487.9,1,34.553,1,3.34,1,1487.9,1,3.34,1,34.553,1
5905612,2025-10-31T14:50:20Z,1,-25.81051,154.97104,1,1489.8,1,34.554,1,3.339,1,1489.8,1,3.339,1,34.554,1
5905612,2025-10-31T14:50:20Z,1,-25.81051,154.97104,1,1491.7,1,34.554,1,3.339,1,1491.7,1,3.339,1,34.554,1
5905612,2025-10-31T14:50:20Z,1,-25.81051,154.97104,1,1493.6,1,34.553,1,3.339,1,1493.6,1,3.339,1,34.553,1
5905612,2025-10-31T14:50:20Z,1,-25.81051,154.97104,1,1495.6,1,34.554,1,3.339,1,1495.6,1,3.339,1,34.554,1
5905612,2025-10-31T14:50:20Z,1,-25.81051,154.97104,1,1497.5,1,34.554,1,3.339,1,1497.5,1,3.339,1,34.554,1
5905612,2025-10-31T14:50:20Z,1,-25.81051,154.97104,1,1499.5,1,34.554,1,3.336,1,1499.5,1,3.336,1,34.554,1
5905612,2025-10-31T14:50:20Z,1,-25.81051,154.97104,1,1501.4,1,34.554,1,3.332,1,1501.4,1,3.332,1,34.554,1
5905612,2025-10-31T14:50:20Z,1,-25.81051,154.97104,1,1503.3,1,34.555,1,3.326,1,1503.3,1,3.326,1,34.555,1
5905612,2025-10-31T14:50:20Z,1,-25.81051,154.97104,1,1505.2,1,34.555,1,3.322,1,1505.2,1,3.322,1,34.555,1
5905612,2025-10-31T14:50:20Z,1,-25.81051,154.97104,1,1507.1,1,34.555,1,3.317,1,1507.1,1,3.317,1,34.555,1
5905612,2025-10-31T14:50:20Z,1,-25.81051,154.97104,1,1509.4,1,34.555,1,3.312,1,1509.4,1,3.312,1,34.555,1
5905612,2025-10-31T14:50:20Z,1,-25.81051,154.97104,1,1511.8,1,34.557,1,3.303,1,1511.8,1,3.303,1,34.557,1
5905612,2025-10-31T14:50:20Z,1,-25.81051,154.97104,1,1513.7,1,34.557,1,3.301,1,1513.7,1,3.301,1,34.557,1
5905612,2025-10-31T14:50:20Z,1,-25.81051,154.97104,1,1515.7,1,34.557,1,3.299,1,1515.7,1,3.299,1,34.557,1
5905612,2025-10-31T14:50:20Z,1,-25.81051,154.97104,1,1517.6,1,34.558,1,3.298,1,1517.6,1,3.298,1,34.558,1
5905612,2025-10-31T14:50:20Z,1,-25.81051,154.97104,1,1519.5,1,34.557,1,3.296,1,1519.5,1,3.296,1,34.557,1
5905612,2025-10-31T14:50:20Z,1,-25.81051,154.97104,1,1521.4,1,34.558,1,3.294,1,1521.4,1,3.294,1,34.558,1
5905612,2025-10-31T14:50:20Z,1,-25.81051,154.97104,1,1523.3,1,34.557,1,3.294,1,1523.3,1,3.294,1,34.557,1
5905612,2025-10-31T14:50:20Z,1,-25.81051,154.97104,1,1525.2,1,34.557,1,3.293,1,1525.2,1,3.293,1,34.557,1
5905612,2025-10-31T14:50:20Z,1,-25.81051,154.97104,1,1527.1,1,34.558,1,3.289,1,1527.1,1,3.289,1,34.558,1
5905612,2025-10-31T14:50:20Z,1,-25.81051,154.97104,1,1529.4,1,34.558,1,3.283,1,1529.4,1,3.283,1,34.558,1
5905612,2025-10-31T14:50:20Z,1,-25.81051,154.97104,1,1531.8,1,34.559,1,3.278,1,1531.8,1,3.278,1,34.559,1
5905612,2025-10-31T14:50:20Z,1,-25.81051,154.97104,1,1533.7,1,34.559,1,3.274,1,1533.7,1,3.274,1,34.559,1
5905612,2025-10-31T14:50:20Z,1,-25.81051,154.97104,1,1535.6,1,34.56,1,3.269,1,1535.6,1,3.269,1,34.56,1
5905612,2025-10-31T14:50:20Z,1,-25.81051,154.97104,1,1537.4,1,34.561,1,3.264,1,1537.4,1,3.264,1,34.561,1
5905612,2025-10-31T14:50:20Z,1,-25.81051,154.97104,1,1539.3,1,34.561,1,3.257,1,1539.3,1,3.257,1,34.561,1
5905612,2025-10-31T14:50:20Z,1,-25.81051,154.97104,1,1541.2,1,34.562,1,3.255,1,1541.2,1,3.255,1,34.562,1
5905612,2025-10-31T14:50:20Z,1,-25.81051,154.97104,1,1543.1,1,34.562,1,3.252,1,1543.1,1,3.252,1,34.562,1
5905612,2025-10-31T14:50:20Z,1,-25.81051,154.97104,1,1545.4,1,34.562,1,3.246,1,1545.4,1,3.246,1,34.562,1
5905612,2025-10-31T14:50:20Z,1,-25.81051,154.97104,1,1547.8,1,34.563,1,3.239,1,1547.8,1,3.239,1,34.563,1
5905612,2025-10-31T14:50:20Z,1,-25.81051,154.97104,1,1549.6,1,34.564,1,3.232,1,1549.6,1,3.232,1,34.564,1
5905612,2025-10-31T14:50:20Z,1,-25.81051,154.97104,1,1551.5,1,34.564,1,3.225,1,1551.5,1,3.225,1,34.564,1
5905612,2025-10-31T14:50:20Z,1,-25.81051,154.97104,1,1553.4,1,34.565,1,3.216,1,1553.4,1,3.216,1,34.565,1
5905612,2025-10-31T14:50:20Z,1,-25.81051,154.97104,1,1555.3,1,34.566,1,3.21,1,1555.3,1,3.21,1,34.566,1
5905612,2025-10-31T14:50:20Z,1,-25.81051,154.97104,1,1557.1,1,34.566,1,3.207,1,1557.1,1,3.207,1,34.566,1
5905612,2025-10-31T14:50:20Z,1,-25.81051,154.97104,1,1559.1,1,34.566,1,3.203,1,1559.1,1,3.203,1,34.566,1
5905612,2025-10-31T14:50:20Z,1,-25.81051,154.97104,1,1561.4,1,34.567,1,3.195,1,1561.4,1,3.195,1,34.567,1
5905612,2025-10-31T14:50:20Z,1,-25.81051,154.97104,1,1563.8,1,34.567,1,3.188,1,1563.8,1,3.188,1,34.567,1
5905612,2025-10-31T14:50:20Z,1,-25.81051,154.97104,1,1565.7,1,34.568,1,3.182,1,1565.7,1,3.182,1,34.568,1
5905612,2025-10-31T14:50:20Z,1,-25.81051,154.97104,1,1567.6,1,34.568,1,3.179,1,1567.6,1,3.179,1,34.568,1
5905612,2025-10-31T14:50:20Z,1,-25.81051,154.97104,1,1569.5,1,34.569,1,3.177,1,1569.5,1,3.177,1,34.569,1
5905612,2025-10-31T14:50:20Z,1,-25.81051,154.97104,1,1571.4,1,34.569,1,3.171,1,1571.4,1,3.171,1,34.569,1
5905612,2025-10-31T14:50:20Z,1,-25.81051,154.97104,1,1573.3,1,34.57,1,3.158,1,1573.3,1,3.158,1,34.57,1
5905612,2025-10-31T14:50:20Z,1,-25.81051,154.97104,1,1575.2,1,34.571,1,3.148,1,1575.2,1,3.148,1,34.571,1
5905612,2025-10-31T14:50:20Z,1,-25.81051,154.97104,1,1577.1,1,34.571,1,3.143,1,1577.1,1,3.143,1,34.571,1
5905612,2025-10-31T14:50:20Z,1,-25.81051,154.97104,1,1579.4,1,34.572,1,3.138,1,1579.4,1,3.138,1,34.572,1
5905612,2025-10-31T14:50:20Z,1,-25.81051,154.97104,1,1581.9,1,34.573,1,3.133,1,1581.9,1,3.133,1,34.573,1
5905612,2025-10-31T14:50:20Z,1,-25.81051,154.97104,1,1583.8,1,34.574,1,3.125,1,1583.8,1,3.125,1,34.574,1
5905612,2025-10-31T14:50:20Z,1,-25.81051,154.97104,1,1585.7,1,34.576,1,3.116,1,1585.7,1,3.116,1,34.576,1
5905612,2025-10-31T14:50:20Z,1,-25.81051,154.97104,1,1587.7,1,34.575,1,3.113,1,1587.7,1,3.113,1,34.575,1
5905612,2025-10-31T14:50:20Z,1,-25.81051,154.97104,1,1589.6,1,34.575,1,3.112,1,1589.6,1,3.112,1,34.575,1
5905612,2025-10-31T14:50:20Z,1,-25.81051,154.97104,1,1591.5,1,34.574,1,3.108,1,1591.5,1,3.108,1,34.574,1
5905612,2025-10-31T14:50:20Z,1,-25.81051,154.97104,1,1593.5,1,34.577,1,3.095,1,1593.5,1,3.095,1,34.577,1
5905612,2025-10-31T14:50:20Z,1,-25.81051,154.97104,1,1595.4,1,34.577,1,3.092,1,1595.4,1,3.092,1,34.577,1
5905612,2025-10-31T14:50:20Z,1,-25.81051,154.97104,1,1597.3,1,34.577,1,3.089,1,1597.3,1,3.089,1,34.577,1
5905612,2025-10-31T14:50:20Z,1,-25.81051,154.97104,1,1599.2,1,34.577,1,3.086,1,1599.2,1,3.086,1,34.577,1
5905612,2025-10-31T14:50:20Z,1,-25.81051,154.97104,1,1601.2,1,34.577,1,3.084,1,1601.2,1,3.084,1,34.577,1
5905612,2025-10-31T14:50:20Z,1,-25.81051,154.97104,1,1603.1,1,34.578,1,3.078,1,1603.1,1,3.078,1,34.578,1
5905612,2025-10-31T14:50:20Z,1,-25.81051,154.97104,1,1605.0,1,34.579,1,3.07,1,1605.0,1,3.07,1,34.579,1
5905612,2025-10-31T14:50:20Z,1,-25.81051,154.97104,1,1607.4,1,34.579,1,3.061,1,1607.4,1,3.061,1,34.579,1
5905612,2025-10-31T14:50:20Z,1,-25.81051,154.97104,1,1609.8,1,34.58,1,3.047,1,1609.8,1,3.047,1,34.58,1
5905612,2025-10-31T14:50:20Z,1,-25.81051,154.97104,1,1611.7,1,34.581,1,3.044,1,1611.7,1,3.044,1,34.581,1
5905612,2025-10-31T14:50:20Z,1,-25.81051,154.97104,1,1613.7,1,34.581,1,3.041,1,1613.7,1,3.041,1,34.581,1
5905612,2025-10-31T14:50:20Z,1,-25.81051,154.97104,1,1615.6,1,34.581,1,3.036,1,1615.6,1,3.036,1,34.581,1
5905612,2025-10-31T14:50:20Z,1,-25.81051,154.97104,1,1617.6,1,34.582,1,3.031,1,1617.6,1,3.031,1,34.582,1
5905612,2025-10-31T14:50:20Z,1,-25.81051,154.97104,1,1619.5,1,34.582,1,3.025,1,1619.5,1,3.025,1,34.582,1
5905612,2025-10-31T14:50:20Z,1,-25.81051,154.97104,1,1621.5,1,34.583,1,3.021,1,1621.5,1,3.021,1,34.583,1
5905612,2025-10-31T14:50:20Z,1,-25.81051,154.97104,1,1623.5,1,34.583,1,3.02,1,1623.5,1,3.02,1,34.583,1
5905612,2025-10-31T14:50:20Z,1,-25.81051,154.97104,1,1625.4,1,34.584,1,3.016,1,1625.4,1,3.016,1,34.584,1
5905612,2025-10-31T14:50:20Z,1,-25.81051,154.97104,1,1627.4,1,34.584,1,3.013,1,1627.4,1,3.013,1,34.584,1
5905612,2025-10-31T14:50:20Z,1,-25.81051,154.97104,1,1629.4,1,34.584,1,3.013,1,1629.4,1,3.013,1,34.584,1
5905612,2025-10-31T14:50:20Z,1,-25.81051,154.97104,1,1631.4,1,34.585,1,3.003,1,1631.4,1,3.003,1,34.585,1
5905612,2025-10-31T14:50:20Z,1,-25.81051,154.97104,1,1633.4,1,34.586,1,2.99,1,1633.4,1,2.99,1,34.586,1
5905612,2025-10-31T14:50:20Z,1,-25.81051,154.97104,1,1635.4,1,34.586,1,2.985,1,1635.4,1,2.985,1,34.586,1
5905612,2025-10-31T14:50:20Z,1,-25.81051,154.97104,1,1637.4,1,34.587,1,2.981,1,1637.4,1,2.981,1,34.587,1
5905612,2025-10-31T14:50:20Z,1,-25.81051,154.97104,1,1639.4,1,34.588,1,2.974,1,1639.4,1,2.974,1,34.588,1
5905612,2025-10-31T14:50:20Z,1,-25.81051,154.97104,1,1641.4,1,34.588,1,2.97,1,1641.4,1,2.97,1,34.588,1
5905612,2025-10-31T14:50:20Z,1,-25.81051,154.97104,1,1643.5,1,34.588,1,2.969,1,1643.5,1,2.969,1,34.588,1
5905612,2025-10-31T14:50:20Z,1,-25.81051,154.97104,1,1645.5,1,34.588,1,2.965,1,1645.5,1,2.965,1,34.588,1
5905612,2025-10-31T14:50:20Z,1,-25.81051,154.97104,1,1647.5,1,34.59,1,2.951,1,1647.5,1,2.951,1,34.59,1
5905612,2025-10-31T14:50:20Z,1,-25.81051,154.97104,1,1649.6,1,34.59,1,2.946,1,1649.6,1,2.946,1,34.59,1
5905612,2025-10-31T14:50:20Z,1,-25.81051,154.97104,1,1651.6,1,34.59,1,2.941,1,1651.6,1,2.941,1,34.59,1
5905612,2025-10-31T14:50:20Z,1,-25.81051,154.97104,1,1653.7,1,34.591,1,2.933,1,1653.7,1,2.933,1,34.591,1
5905612,2025-10-31T14:50:20Z,1,-25.81051,154.97104,1,1655.8,1,34.592,1,2.924,1,1655.8,1,2.924,1,34.592,1
5905612,2025-10-31T14:50:20Z,1,-25.81051,154.97104,1,1657.9,1,34.592,1,2.92,1,1657.9,1,2.92,1,34.592,1
5905612,2025-10-31T14:50:20Z,1,-25.81051,154.97104,1,1659.4,1,34.592,1,2.919,1,1659.4,1,2.919,1,34.592,1
5905612,2025-10-31T14:50:20Z,1,-25.81051,154.97104,1,1661.0,1,34.593,1,2.912,1,1661.0,1,2.912,1,34.593,1
5905612,2025-10-31T14:50:20Z,1,-25.81051,154.97104,1,1663.1,1,34.595,1,2.904,1,1663.1,1,2.904,1,34.595,1
5905612,2025-10-31T14:50:20Z,1,-25.81051,154.97104,1,1665.1,1,34.595,1,2.9,1,1665.1,1,2.9,1,34.595,1
5905612,2025-10-31T14:50:20Z,1,-25.81051,154.97104,1,1667.2,1,34.594,1,2.899,1,1667.2,1,2.899,1,34.594,1
5905612,2025-10-31T14:50:20Z,1,-25.81051,154.97104,1,1669.3,1,34.594,1,2.898,1,1669.3,1,2.898,1,34.594,1
5905612,2025-10-31T14:50:20Z,1,-25.81051,154.97104,1,1671.4,1,34.595,1,2.897,1,1671.4,1,2.897,1,34.595,1
5905612,2025-10-31T14:50:20Z,1,-25.81051,154.97104,1,1673.4,1,34.596,1,2.892,1,1673.4,1,2.892,1,34.596,1
5905612,2025-10-31T14:50:20Z,1,-25.81051,154.97104,1,1675.5,1,34.596,1,2.885,1,1675.5,1,2.885,1,34.596,1
5905612,2025-10-31T14:50:20Z,1,-25.81051,154.97104,1,1677.5,1,34.596,1,2.878,1,1677.5,1,2.878,1,34.596,1
5905612,2025-10-31T14:50:20Z,1,-25.81051,154.97104,1,1679.6,1,34.597,1,2.87,1,1679.6,1,2.87,1,34.597,1
5905612,2025-10-31T14:50:20Z,1,-25.81051,154.97104,1,1681.6,1,34.599,1,2.861,1,1681.6,1,2.861,1,34.599,1
5905612,2025-10-31T14:50:20Z,1,-25.81051,154.97104,1,1683.6,1,34.6,1,2.853,1,1683.6,1,2.853,1,34.6,1
5905612,2025-10-31T14:50:20Z,1,-25.81051,154.97104,1,1685.6,1,34.6,1,2.852,1,1685.6,1,2.852,1,34.6,1
5905612,2025-10-31T14:50:20Z,1,-25.81051,154.97104,1,1687.7,1,34.6,1,2.852,1,1687.7,1,2.852,1,34.6,1
5905612,2025-10-31T14:50:20Z,1,-25.81051,154.97104,1,1689.8,1,34.6,1,2.851,1,1689.8,1,2.851,1,34.6,1
5905612,2025-10-31T14:50:20Z,1,-25.81051,154.97104,1,1691.9,1,34.6,1,2.851,1,1691.9,1,2.851,1,34.6,1
5905612,2025-10-31T14:50:20Z,1,-25.81051,154.97104,1,1693.9,1,34.6,1,2.852,1,1693.9,1,2.852,1,34.6,1
5905612,2025-10-31T14:50:20Z,1,-25.81051,154.97104,1,1695.9,1,34.599,1,2.852,1,1695.9,1,2.852,1,34.599,1
5905612,2025-10-31T14:50:20Z,1,-25.81051,154.97104,1,1697.9,1,34.599,1,2.848,1,1697.9,1,2.848,1,34.599,1
5905612,2025-10-31T14:50:20Z,1,-25.81051,154.97104,1,1699.5,1,34.601,1,2.839,1,1699.5,1,2.839,1,34.601,1
5905612,2025-10-31T14:50:20Z,1,-25.81051,154.97104,1,1701.0,1,34.601,1,2.834,1,1701.0,1,2.834,1,34.601,1
5905612,2025-10-31T14:50:20Z,1,-25.81051,154.97104,1,1703.0,1,34.602,1,2.828,1,1703.0,1,2.828,1,34.602,1
5905612,2025-10-31T14:50:20Z,1,-25.81051,154.97104,1,1705.0,1,34.603,1,2.825,1,1705.0,1,2.825,1,34.603,1
5905612,2025-10-31T14:50:20Z,1,-25.81051,154.97104,1,1707.0,1,34.602,1,2.823,1,1707.0,1,2.823,1,34.602,1
5905612,2025-10-31T14:50:20Z,1,-25.81051,154.97104,1,1709.3,1,34.603,1,2.82,1,1709.3,1,2.82,1,34.603,1
5905612,2025-10-31T14:50:20Z,1,-25.81051,154.97104,1,1711.3,1,34.604,1,2.816,1,1711.3,1,2.816,1,34.604,1
5905612,2025-10-31T14:50:20Z,1,-25.81051,154.97104,1,1713.4,1,34.603,1,2.815,1,1713.4,1,2.815,1,34.603,1
5905612,2025-10-31T14:50:20Z,1,-25.81051,154.97104,1,1715.4,1,34.604,1,2.812,1,1715.4,1,2.812,1,34.604,1
5905612,2025-10-31T14:50:20Z,1,-25.81051,154.97104,1,1717.5,1,34.604,1,2.811,1,1717.5,1,2.811,1,34.604,1
5905612,2025-10-31T14:50:20Z,1,-25.81051,154.97104,1,1719.5,1,34.604,1,2.81,1,1719.5,1,2.81,1,34.604,1
5905612,2025-10-31T14:50:20Z,1,-25.81051,154.97104,1,1721.6,1,34.605,1,2.809,1,1721.6,1,2.809,1,34.605,1
5905612,2025-10-31T14:50:20Z,1,-25.81051,154.97104,1,1723.7,1,34.605,1,2.805,1,1723.7,1,2.805,1,34.605,1
5905612,2025-10-31T14:50:20Z,1,-25.81051,154.97104,1,1725.3,1,34.605,1,2.8,1,1725.3,1,2.8,1,34.605,1
5905612,2025-10-31T14:50:20Z,1,-25.81051,154.97104,1,1727.4,1,34.605,1,2.798,1,1727.4,1,2.798,1,34.605,1
5905612,2025-10-31T14:50:20Z,1,-25.81051,154.97104,1,1729.5,1,34.607,1,2.792,1,1729.5,1,2.792,1,34.607,1
5905612,2025-10-31T14:50:20Z,1,-25.81051,154.97104,1,1731.2,1,34.607,1,2.786,1,1731.2,1,2.786,1,34.607,1
5905612,2025-10-31T14:50:20Z,1,-25.81051,154.97104,1,1733.3,1,34.606,1,2.783,1,1733.3,1,2.783,1,34.606,1
5905612,2025-10-31T14:50:20Z,1,-25.81051,154.97104,1,1735.4,1,34.608,1,2.779,1,1735.4,1,2.779,1,34.608,1
5905612,2025-10-31T14:50:20Z,1,-25.81051,154.97104,1,1737.5,1,34.607,1,2.775,1,1737.5,1,2.775,1,34.607,1
5905612,2025-10-31T14:50:20Z,1,-25.81051,154.97104,1,1739.6,1,34.608,1,2.771,1,1739.6,1,2.771,1,34.608,1
5905612,2025-10-31T14:50:20Z,1,-25.81051,154.97104,1,1741.3,1,34.608,1,2.769,1,1741.3,1,2.769,1,34.608,1
5905612,2025-10-31T14:50:20Z,1,-25.81051,154.97104,1,1743.5,1,34.609,1,2.765,1,1743.5,1,2.765,1,34.609,1
5905612,2025-10-31T14:50:20Z,1,-25.81051,154.97104,1,1745.7,1,34.609,1,2.763,1,1745.7,1,2.763,1,34.609,1
5905612,2025-10-31T14:50:20Z,1,-25.81051,154.97104,1,1747.4,1,34.609,1,2.761,1,1747.4,1,2.761,1,34.609,1
5905612,2025-10-31T14:50:20Z,1,-25.81051,154.97104,1,1749.1,1,34.609,1,2.76,1,1749.1,1,2.76,1,34.609,1
5905612,2025-10-31T14:50:20Z,1,-25.81051,154.97104,1,1751.4,1,34.609,1,2.757,1,1751.4,1,2.757,1,34.609,1
5905612,2025-10-31T14:50:20Z,1,-25.81051,154.97104,1,1753.5,1,34.61,1,2.751,1,1753.5,1,2.751,1,34.61,1
5905612,2025-10-31T14:50:20Z,1,-25.81051,154.97104,1,1755.4,1,34.611,1,2.74,1,1755.4,1,2.74,1,34.611,1
5905612,2025-10-31T14:50:20Z,1,-25.81051,154.97104,1,1757.1,1,34.611,1,2.736,1,1757.1,1,2.736,1,34.611,1
5905612,2025-10-31T14:50:20Z,1,-25.81051,154.97104,1,1759.4,1,34.612,1,2.73,1,1759.4,1,2.73,1,34.612,1
5905612,2025-10-31T14:50:20Z,1,-25.81051,154.97104,1,1761.6,1,34.612,1,2.728,1,1761.6,1,2.728,1,34.612,1
5905612,2025-10-31T14:50:20Z,1,-25.81051,154.97104,1,1763.5,1,34.613,1,2.723,1,1763.5,1,2.723,1,34.613,1
5905612,2025-10-31T14:50:20Z,1,-25.81051,154.97104,1,1765.3,1,34.613,1,2.717,1,1765.3,1,2.717,1,34.613,1
5905612,2025-10-31T14:50:20Z,1,-25.81051,154.97104,1,1767.5,1,34.615,1,2.713,1,1767.5,1,2.713,1,34.615,1
5905612,2025-10-31T14:50:20Z,1,-25.81051,154.97104,1,1769.7,1,34.615,1,2.705,1,1769.7,1,2.705,1,34.615,1
5905612,2025-10-31T14:50:20Z,1,-25.81051,154.97104,1,1771.5,1,34.615,1,2.702,1,1771.5,1,2.702,1,34.615,1
5905612,2025-10-31T14:50:20Z,1,-25.81051,154.97104,1,1773.3,1,34.615,1,2.697,1,1773.3,1,2.697,1,34.615,1
5905612,2025-10-31T14:50:20Z,1,-25.81051,154.97104,1,1775.1,1,34.617,1,2.69,1,1775.1,1,2.69,1,34.617,1
5905612,2025-10-31T14:50:20Z,1,-25.81051,154.97104,1,1777.5,1,34.617,1,2.683,1,1777.5,1,2.683,1,34.617,1
5905612,2025-10-31T14:50:20Z,1,-25.81051,154.97104,1,1779.7,1,34.618,1,2.677,1,1779.7,1,2.677,1,34.618,1
5905612,2025-10-31T14:50:20Z,1,-25.81051,154.97104,1,1781.5,1,34.618,1,2.672,1,1781.5,1,2.672,1,34.618,1
5905612,2025-10-31T14:50:20Z,1,-25.81051,154.97104,1,1783.4,1,34.619,1,2.67,1,1783.4,1,2.67,1,34.619,1
5905612,2025-10-31T14:50:20Z,1,-25.81051,154.97104,1,1785.2,1,34.619,1,2.671,1,1785.2,1,2.671,1,34.619,1
5905612,2025-10-31T14:50:20Z,1,-25.81051,154.97104,1,1787.1,1,34.619,1,2.669,1,1787.1,1,2.669,1,34.619,1
5905612,2025-10-31T14:50:20Z,1,-25.81051,154.97104,1,1789.4,1,34.619,1,2.668,1,1789.4,1,2.668,1,34.619,1
5905612,2025-10-31T14:50:20Z,1,-25.81051,154.97104,1,1791.7,1,34.619,1,2.663,1,1791.7,1,2.663,1,34.619,1
5905612,2025-10-31T14:50:20Z,1,-25.81051,154.97104,1,1793.5,1,34.62,1,2.657,1,1793.5,1,2.657,1,34.62,1
5905612,2025-10-31T14:50:20Z,1,-25.81051,154.97104,1,1795.4,1,34.62,1,2.656,1,1795.4,1,2.656,1,34.62,1
5905612,2025-10-31T14:50:20Z,1,-25.81051,154.97104,1,1797.2,1,34.621,1,2.652,1,1797.2,1,2.652,1,34.621,1
5905612,2025-10-31T14:50:20Z,1,-25.81051,154.97104,1,1799.1,1,34.621,1,2.652,1,1799.1,1,2.652,1,34.621,1
5905612,2025-10-31T14:50:20Z,1,-25.81051,154.97104,1,1801.4,1,34.621,1,2.65,1,1801.4,1,2.65,1,34.621,1
5905612,2025-10-31T14:50:20Z,1,-25.81051,154.97104,1,1803.8,1,34.622,1,2.645,1,1803.8,1,2.645,1,34.622,1
5905612,2025-10-31T14:50:20Z,1,-25.81051,154.97104,1,1805.6,1,34.622,1,2.643,1,1805.6,1,2.643,1,34.622,1
5905612,2025-10-31T14:50:20Z,1,-25.81051,154.97104,1,1807.4,1,34.623,1,2.637,1,1807.4,1,2.637,1,34.623,1
5905612,2025-10-31T14:50:20Z,1,-25.81051,154.97104,1,1809.3,1,34.623,1,2.634,1,1809.3,1,2.634,1,34.623,1
5905612,2025-10-31T14:50:20Z,1,-25.81051,154.97104,1,1811.1,1,34.624,1,2.626,1,1811.1,1,2.626,1,34.624,1
5905612,2025-10-31T14:50:20Z,1,-25.81051,154.97104,1,1813.4,1,34.624,1,2.622,1,1813.4,1,2.622,1,34.624,1
5905612,2025-10-31T14:50:20Z,1,-25.81051,154.97104,1,1815.7,1,34.625,1,2.618,1,1815.7,1,2.618,1,34.625,1
5905612,2025-10-31T14:50:20Z,1,-25.81051,154.97104,1,1817.6,1,34.625,1,2.613,1,1817.6,1,2.613,1,34.625,1
5905612,2025-10-31T14:50:20Z,1,-25.81051,154.97104,1,1819.4,1,34.626,1,2.609,1,1819.4,1,2.609,1,34.626,1
5905612,2025-10-31T14:50:20Z,1,-25.81051,154.97104,1,1821.3,1,34.626,1,2.608,1,1821.3,1,2.608,1,34.626,1
5905612,2025-10-31T14:50:20Z,1,-25.81051,154.97104,1,1823.1,1,34.627,1,2.604,1,1823.1,1,2.604,1,34.627,1
5905612,2025-10-31T14:50:20Z,1,-25.81051,154.97104,1,1825.4,1,34.627,1,2.6,1,1825.4,1,2.6,1,34.627,1
5905612,2025-10-31T14:50:20Z,1,-25.81051,154.97104,1,1827.7,1,34.628,1,2.594,1,1827.7,1,2.594,1,34.628,1
5905612,2025-10-31T14:50:20Z,1,-25.81051,154.97104,1,1829.6,1,34.629,1,2.584,1,1829.6,1,2.584,1,34.629,1
5905612,2025-10-31T14:50:20Z,1,-25.81051,154.97104,1,1831.5,1,34.629,1,2.579,1,1831.5,1,2.579,1,34.629,1
5905612,2025-10-31T14:50:20Z,1,-25.81051,154.97104,1,1833.4,1,34.631,1,2.571,1,1833.4,1,2.571,1,34.631,1
5905612,2025-10-31T14:50:20Z,1,-25.81051,154.97104,1,1835.2,1,34.63,1,2.57,1,1835.2,1,2.57,1,34.63,1
5905612,2025-10-31T14:50:20Z,1,-25.81051,154.97104,1,1837.1,1,34.63,1,2.57,1,1837.1,1,2.57,1,34.63,1
5905612,2025-10-31T14:50:20Z,1,-25.81051,154.97104,1,1839.0,1,34.631,1,2.569,1,1839.0,1,2.569,1,34.631,1
5905612,2025-10-31T14:50:20Z,1,-25.81051,154.97104,1,1841.4,1,34.631,1,2.564,1,1841.4,1,2.564,1,34.631,1
5905612,2025-10-31T14:50:20Z,1,-25.81051,154.97104,1,1843.7,1,34.633,1,2.555,1,1843.7,1,2.555,1,34.633,1
5905612,2025-10-31T14:50:20Z,1,-25.81051,154.97104,1,1845.6,1,34.632,1,2.553,1,1845.6,1,2.553,1,34.632,1
5905612,2025-10-31T14:50:20Z,1,-25.81051,154.97104,1,1847.5,1,34.633,1,2.551,1,1847.5,1,2.551,1,34.633,1
5905612,2025-10-31T14:50:20Z,1,-25.81051,154.97104,1,1849.4,1,34.633,1,2.549,1,1849.4,1,2.549,1,34.633,1
5905612,2025-10-31T14:50:20Z,1,-25.81051,154.97104,1,1851.3,1,34.633,1,2.547,1,1851.3,1,2.547,1,34.633,1
5905612,2025-10-31T14:50:20Z,1,-25.81051,154.97104,1,1853.2,1,34.634,1,2.545,1,1853.2,1,2.545,1,34.634,1
5905612,2025-10-31T14:50:20Z,1,-25.81051,154.97104,1,1855.1,1,34.634,1,2.541,1,1855.1,1,2.541,1,34.634,1
5905612,2025-10-31T14:50:20Z,1,-25.81051,154.97104,1,1857.1,1,34.635,1,2.535,1,1857.1,1,2.535,1,34.635,1
5905612,2025-10-31T14:50:20Z,1,-25.81051,154.97104,1,1859.0,1,34.635,1,2.533,1,1859.0,1,2.533,1,34.635,1
5905612,2025-10-31T14:50:20Z,1,-25.81051,154.97104,1,1861.4,1,34.635,1,2.531,1,1861.4,1,2.531,1,34.635,1
5905612,2025-10-31T14:50:20Z,1,-25.81051,154.97104,1,1863.8,1,34.636,1,2.527,1,1863.8,1,2.527,1,34.636,1
5905612,2025-10-31T14:50:20Z,1,-25.81051,154.97104,1,1865.8,1,34.636,1,2.522,1,1865.8,1,2.522,1,34.636,1
5905612,2025-10-31T14:50:20Z,1,-25.81051,154.97104,1,1867.7,1,34.637,1,2.517,1,1867.7,1,2.517,1,34.637,1
5905612,2025-10-31T14:50:20Z,1,-25.81051,154.97104,1,1869.6,1,34.637,1,2.515,1,1869.6,1,2.515,1,34.637,1
5905612,2025-10-31T14:50:20Z,1,-25.81051,154.97104,1,1871.5,1,34.637,1,2.512,1,1871.5,1,2.512,1,34.637,1
5905612,2025-10-31T14:50:20Z,1,-25.81051,154.97104,1,1873.4,1,34.638,1,2.509,1,1873.4,1,2.509,1,34.638,1
5905612,2025-10-31T14:50:20Z,1,-25.81051,154.97104,1,1875.4,1,34.639,1,2.505,1,1875.4,1,2.505,1,34.639,1
5905612,2025-10-31T14:50:20Z,1,-25.81051,154.97104,1,1877.3,1,34.638,1,2.503,1,1877.3,1,2.503,1,34.638,1
5905612,2025-10-31T14:50:20Z,1,-25.81051,154.97104,1,1879.3,1,34.639,1,2.498,1,1879.3,1,2.498,1,34.639,1
5905612,2025-10-31T14:50:20Z,1,-25.81051,154.97104,1,1881.3,1,34.64,1,2.493,1,1881.3,1,2.493,1,34.64,1
5905612,2025-10-31T14:50:20Z,1,-25.81051,154.97104,1,1883.3,1,34.64,1,2.493,1,1883.3,1,2.493,1,34.64,1
5905612,2025-10-31T14:50:20Z,1,-25.81051,154.97104,1,1885.3,1,34.641,1,2.49,1,1885.3,1,2.49,1,34.641,1
5905612,2025-10-31T14:50:20Z,1,-25.81051,154.97104,1,1887.3,1,34.64,1,2.488,1,1887.3,1,2.488,1,34.64,1
5905612,2025-10-31T14:50:20Z,1,-25.81051,154.97104,1,1889.3,1,34.641,1,2.487,1,1889.3,1,2.487,1,34.641,1
5905612,2025-10-31T14:50:20Z,1,-25.81051,154.97104,1,1891.3,1,34.641,1,2.486,1,1891.3,1,2.486,1,34.641,1
5905612,2025-10-31T14:50:20Z,1,-25.81051,154.97104,1,1893.3,1,34.641,1,2.486,1,1893.3,1,2.486,1,34.641,1
5905612,2025-10-31T14:50:20Z,1,-25.81051,154.97104,1,1895.3,1,34.641,1,2.486,1,1895.3,1,2.486,1,34.641,1
5905612,2025-10-31T14:50:20Z,1,-25.81051,154.97104,1,1897.3,1,34.641,1,2.485,1,1897.3,1,2.485,1,34.641,1
5905612,2025-10-31T14:50:20Z,1,-25.81051,154.97104,1,1899.3,1,34.641,1,2.485,1,1899.3,1,2.485,1,34.641,1
5905612,2025-10-31T14:50:20Z,1,-25.81051,154.97104,1,1901.4,1,34.642,1,2.483,1,1901.4,1,2.483,1,34.642,1
5905612,2025-10-31T14:50:20Z,1,-25.81051,154.97104,1,1903.3,1,34.642,1,2.48,1,1903.3,1,2.48,1,34.642,1
5905612,2025-10-31T14:50:20Z,1,-25.81051,154.97104,1,1905.2,1,34.642,1,2.478,1,1905.2,1,2.478,1,34.642,1
5905612,2025-10-31T14:50:20Z,1,-25.81051,154.97104,1,1907.4,1,34.642,1,2.475,1,1907.4,1,2.475,1,34.642,1
5905612,2025-10-31T14:50:20Z,1,-25.81051,154.97104,1,1909.4,1,34.643,1,2.472,1,1909.4,1,2.472,1,34.643,1
5905612,2025-10-31T14:50:20Z,1,-25.81051,154.97104,1,1911.3,1,34.644,1,2.468,1,1911.3,1,2.468,1,34.644,1
5905612,2025-10-31T14:50:20Z,1,-25.81051,154.97104,1,1913.6,1,34.644,1,2.463,1,1913.6,1,2.463,1,34.644,1
5905612,2025-10-31T14:50:20Z,1,-25.81051,154.97104,1,1915.6,1,34.645,1,2.462,1,1915.6,1,2.462,1,34.645,1
5905612,2025-10-31T14:50:20Z,1,-25.81051,154.97104,1,1917.2,1,34.645,1,2.459,1,1917.2,1,2.459,1,34.645,1
5905612,2025-10-31T14:50:20Z,1,-25.81051,154.97104,1,1919.3,1,34.645,1,2.459,1,1919.3,1,2.459,1,34.645,1
5905612,2025-10-31T14:50:20Z,1,-25.81051,154.97104,1,1921.3,1,34.646,1,2.453,1,1921.3,1,2.453,1,34.646,1
5905612,2025-10-31T14:50:20Z,1,-25.81051,154.97104,1,1923.3,1,34.647,1,2.448,1,1923.3,1,2.448,1,34.647,1
5905612,2025-10-31T14:50:20Z,1,-25.81051,154.97104,1,1925.4,1,34.647,1,2.447,1,1925.4,1,2.447,1,34.647,1
5905612,2025-10-31T14:50:20Z,1,-25.81051,154.97104,1,1927.4,1,34.647,1,2.443,1,1927.4,1,2.443,1,34.647,1
5905612,2025-10-31T14:50:20Z,1,-25.81051,154.97104,1,1929.6,1,34.648,1,2.437,1,1929.6,1,2.437,1,34.648,1
5905612,2025-10-31T14:50:20Z,1,-25.81051,154.97104,1,1931.3,1,34.649,1,2.435,1,1931.3,1,2.435,1,34.649,1
5905612,2025-10-31T14:50:20Z,1,-25.81051,154.97104,1,1933.4,1,34.649,1,2.433,1,1933.4,1,2.433,1,34.649,1
5905612,2025-10-31T14:50:20Z,1,-25.81051,154.97104,1,1935.6,1,34.648,1,2.432,1,1935.6,1,2.432,1,34.648,1
5905612,2025-10-31T14:50:20Z,1,-25.81051,154.97104,1,1937.3,1,34.649,1,2.429,1,1937.3,1,2.429,1,34.649,1
5905612,2025-10-31T14:50:20Z,1,-25.81051,154.97104,1,1939.4,1,34.649,1,2.428,1,1939.4,1,2.428,1,34.649,1
5905612,2025-10-31T14:50:20Z,1,-25.81051,154.97104,1,1941.6,1,34.65,1,2.425,1,1941.6,1,2.425,1,34.65,1
5905612,2025-10-31T14:50:20Z,1,-25.81051,154.97104,1,1943.3,1,34.651,1,2.422,1,1943.3,1,2.422,1,34.651,1
5905612,2025-10-31T14:50:20Z,1,-25.81051,154.97104,1,1945.5,1,34.65,1,2.421,1,1945.5,1,2.421,1,34.65,1
5905612,2025-10-31T14:50:20Z,1,-25.81051,154.97104,1,1947.7,1,34.651,1,2.419,1,1947.7,1,2.419,1,34.651,1
5905612,2025-10-31T14:50:20Z,1,-25.81051,154.97104,1,1949.4,1,34.651,1,2.416,1,1949.4,1,2.416,1,34.651,1
5905612,2025-10-31T14:50:20Z,1,-25.81051,154.97104,1,1951.2,1,34.651,1,2.414,1,1951.2,1,2.414,1,34.651,1
5905612,2025-10-31T14:50:20Z,1,-25.81051,154.97104,1,1953.4,1,34.651,1,2.411,1,1953.4,1,2.411,1,34.651,1
5905612,2025-10-31T14:50:20Z,1,-25.81051,154.97104,1,1955.6,1,34.651,1,2.41,1,1955.6,1,2.41,1,34.651,1
5905612,2025-10-31T14:50:20Z,1,-25.81051,154.97104,1,1957.4,1,34.651,1,2.408,1,1957.4,1,2.408,1,34.651,1
5905612,2025-10-31T14:50:20Z,1,-25.81051,154.97104,1,1959.2,1,34.652,1,2.406,1,1959.2,1,2.406,1,34.652,1
5905612,2025-10-31T14:50:20Z,1,-25.81051,154.97104,1,1961.5,1,34.651,1,2.404,1,1961.5,1,2.404,1,34.651,1
5905612,2025-10-31T14:50:20Z,1,-25.81051,154.97104,1,1963.7,1,34.652,1,2.402,1,1963.7,1,2.402,1,34.652,1
5905612,2025-10-31T14:50:20Z,1,-25.81051,154.97104,1,1965.4,1,34.652,1,2.4,1,1965.4,1,2.4,1,34.652,1
5905612,2025-10-31T14:50:20Z,1,-25.81051,154.97104,1,1967.3,1,34.652,1,2.4,1,1967.3,1,2.4,1,34.652,1
5905612,2025-10-31T14:50:20Z,1,-25.81051,154.97104,1,1969.1,1,34.653,1,2.399,1,1969.1,1,2.399,1,34.653,1
5905612,2025-10-31T14:50:20Z,1,-25.81051,154.97104,1,1971.4,1,34.652,1,2.399,1,1971.4,1,2.399,1,34.652,1
5905612,2025-10-31T14:50:20Z,1,-25.81051,154.97104,1,1973.8,1,34.653,1,2.398,1,1973.8,1,2.398,1,34.653,1
5905612,2025-10-31T14:50:20Z,1,-25.81051,154.97104,1,1975.7,1,34.653,1,2.396,1,1975.7,1,2.396,1,34.653,1
5905612,2025-10-31T14:50:20Z,1,-25.81051,154.97104,1,1977.6,1,34.653,1,2.392,1,1977.6,1,2.392,1,34.653,1
5905612,2025-10-31T14:50:20Z,1,-25.81051,154.97104,1,1979.4,1,34.653,1,2.391,1,1979.4,1,2.391,1,34.653,1
5905612,2025-10-31T14:50:20Z,1,-25.81051,154.97104,1,1981.3,1,34.653,1,2.391,1,1981.3,1,2.391,1,34.653,1
5905612,2025-10-31T14:50:20Z,1,-25.81051,154.97104,1,1983.2,1,34.653,1,2.39,1,1983.2,1,2.39,1,34.653,1
5905612,2025-10-31T14:50:20Z,1,-25.81051,154.97104,1,1985.1,1,34.654,1,2.386,1,1985.1,1,2.386,1,34.654,1
5905612,2025-10-31T14:50:20Z,1,-25.81051,154.97104,1,1987.4,1,34.654,1,2.384,1,1987.4,1,2.384,1,34.654,1
5905612,2025-10-31T14:50:20Z,1,-25.81051,154.97104,1,1989.8,1,34.655,1,2.38,1,1989.8,1,2.38,1,34.655,1
5905612,2025-10-31T14:50:20Z,1,-25.81051,154.97104,1,1991.7,1,34.654,1,2.379,1,1991.7,1,2.379,1,34.654,1
5905612,2025-10-31T14:50:20Z,1,-25.81051,154.97104,1,1993.6,1,34.655,1,2.379,1,1993.6,1,2.379,1,34.655,1
5905612,2025-10-31T14:50:20Z,1,-25.81051,154.97104,1,1995.5,1,34.655,1,2.376,1,1995.5,1,2.376,1,34.655,1
5905612,2025-10-31T14:50:20Z,1,-25.81051,154.97104,1,1997.4,1,34.656,1,2.368,1,1997.4,1,2.368,1,34.656,1
5905612,2025-10-31T14:50:20Z,1,-25.81051,154.97104,1,1999.3,1,34.656,1,2.366,1,1999.3,1,2.366,1,34.656,1
5905612,2025-10-31T14:50:20Z,1,-25.81051,154.97104,1,2001.2,1,34.657,1,2.366,1,2001.2,1,2.366,1,34.657,1
5905612,2025-10-31T14:50:20Z,1,-25.81051,154.97104,1,2003.1,1,34.657,1,2.365,1,2003.1,1,2.365,1,34.657,1
5905612,2025-10-31T14:50:20Z,1,-25.81051,154.97104,1,2005.1,1,34.657,1,2.365,1,2005.1,1,2.365,1,34.657,1
5905612,2025-10-31T14:50:20Z,1,-25.81051,154.97104,1,2007.0,1,34.657,1,2.364,1,2007.0,1,2.364,1,34.657,1
5905612,2025-10-31T14:50:20Z,1,-25.81051,154.97104,1,2009.0,1,34.658,1,2.362,1,2009.0,1,2.362,1,34.658,1
5905612,2025-10-31T14:50:20Z,1,-25.81051,154.97104,1,2011.4,1,34.657,1,2.361,1,2011.4,1,2.361,1,34.657,1
5905612,2025-10-31T14:50:20Z,1,-25.81051,154.97104,1,2013.9,1,34.658,1,2.359,1,2013.9,1,2.359,1,34.658,1
5905612,2025-10-31T14:50:20Z,1,-25.81051,154.97104,1,2015.8,1,34.658,1,2.359,1,2015.8,1,2.359,1,34.658,1
5905612,2025-10-31T14:50:20Z,1,-25.81051,154.97104,1,2017.8,1,34.658,1,2.359,1,2017.8,1,2.359,1,34.658,1
5905612,2025-10-31T14:50:20Z,1,-25.81051,154.97104,1,2019.8,1,34.658,1,2.357,1,2019.8,1,2.357,1,34.658,1
5905612,2025-10-31T14:50:20Z,1,-25.81051,154.97104,1,2021.7,1,34.658,1,2.356,1,2021.7,1,2.356,1,34.658,1
5905612,2025-10-31T14:50:20Z,1,-25.81051,154.97104,1,2023.6,1,34.658,1,2.355,1,2023.6,1,2.355,1,34.658,1
5905612,2025-10-31T14:50:20Z,1,-25.81051,154.97104,1,2025.7,1,34.658,1,2.352,1,2025.7,1,2.352,1,34.658,1
5905612,2025-10-31T14:50:20Z,1,-25.81051,154.97104,1,2027.4,1,34.659,1,2.35,1,2027.4,1,2.35,1,34.659,1
5905612,2025-10-31T14:50:20Z,1,-25.81051,154.97104,1,2029.4,1,34.659,1,2.347,1,2029.4,1,2.347,1,34.659,1
5905612,2025-10-31T14:50:20Z,1,-25.81051,154.97104,1,2031.7,1,34.659,1,2.347,1,2031.7,1,2.347,1,34.659,1
5905612,2025-11-10T09:55:20Z,1,-25.61562,154.97304,1,0.1,1,35.644,1,24.346,1,0.1,1,24.346,1,35.644,1
5905612,2025-11-10T09:55:20Z,1,-25.61562,154.97304,1,1.2,1,35.642,1,24.347,1,1.2,1,24.347,1,35.642,1
5905612,2025-11-10T09:55:20Z,1,-25.61562,154.97304,1,3.1,1,35.643,1,24.347,1,3.1,1,24.347,1,35.643,1
5905612,2025-11-10T09:55:20Z,1,-25.61562,154.97304,1,4.8,1,35.645,1,24.346,1,4.8,1,24.346,1,35.645,1
5905612,2025-11-10T09:55:20Z,1,-25.61562,154.97304,1,6.1,1,35.644,1,24.348,1,6.1,1,24.348,1,35.644,1
5905612,2025-11-10T09:55:20Z,1,-25.61562,154.97304,1,7.7,1,35.644,1,24.346,1,7.7,1,24.346,1,35.644,1
5905612,2025-11-10T09:55:20Z,1,-25.61562,154.97304,1,9.5,1,35.643,1,24.345,1,9.5,1,24.345,1,35.643,1
5905612,2025-11-10T09:55:20Z,1,-25.61562,154.97304,1,11.3,1,35.644,1,24.349,1,11.3,1,24.349,1,35.644,1
5905612,2025-11-10T09:55:20Z,1,-25.61562,154.97304,1,13.3,1,35.641,1,24.357,1,13.3,1,24.357,1,35.641,1
5905612,2025-11-10T09:55:20Z,1,-25.61562,154.97304,1,15.3,1,35.644,1,24.353,1,15.3,1,24.353,1,35.644,1
5905612,2025-11-10T09:55:20Z,1,-25.61562,154.97304,1,17.4,1,35.642,1,24.358,1,17.4,1,24.358,1,35.642,1
5905612,2025-11-10T09:55:20Z,1,-25.61562,154.97304,1,19.5,1,35.644,1,24.357,1,19.5,1,24.357,1,35.644,1
5905612,2025-11-10T09:55:20Z,1,-25.61562,154.97304,1,21.4,1,35.643,1,24.358,1,21.4,1,24.358,1,35.643,1
5905612,2025-11-10T09:55:20Z,1,-25.61562,154.97304,1,23.4,1,35.643,1,24.357,1,23.4,1,24.357,1,35.643,1
5905612,2025-11-10T09:55:20Z,1,-25.61562,154.97304,1,25.6,1,35.643,1,24.357,1,25.6,1,24.357,1,35.643,1
5905612,2025-11-10T09:55:20Z,1,-25.61562,154.97304,1,27.4,1,35.642,1,24.358,1,27.4,1,24.358,1,35.642,1
5905612,2025-11-10T09:55:20Z,1,-25.61562,154.97304,1,29.1,1,35.643,1,24.358,1,29.1,1,24.358,1,35.643,1
5905612,2025-11-10T09:55:20Z,1,-25.61562,154.97304,1,31.3,1,35.644,1,24.356,1,31.3,1,24.356,1,35.644,1
5905612,2025-11-10T09:55:20Z,1,-25.61562,154.97304,1,33.6,1,35.644,1,24.345,1,33.6,1,24.345,1,35.644,1
5905612,2025-11-10T09:55:20Z,1,-25.61562,154.97304,1,35.6,1,35.658,1,24.234,1,35.6,1,24.234,1,35.658,1
5905612,2025-11-10T09:55:20Z,1,-25.61562,154.97304,1,37.5,1,35.67,1,24.108,1,37.5,1,24.108,1,35.67,1
5905612,2025-11-10T09:55:20Z,1,-25.61562,154.97304,1,39.5,1,35.674,1,24.034,1,39.5,1,24.034,1,35.674,1
5905612,2025-11-10T09:55:20Z,1,-25.61562,154.97304,1,41.1,1,35.682,1,23.837,1,41.1,1,23.837,1,35.682,1
5905612,2025-11-10T09:55:20Z,1,-25.61562,154.97304,1,43.4,1,35.688,1,23.58,1,43.4,1,23.58,1,35.688,1
5905612,2025-11-10T09:55:20Z,1,-25.61562,154.97304,1,45.7,1,35.684,1,23.31,1,45.7,1,23.31,1,35.684,1
5905612,2025-11-10T09:55:20Z,1,-25.61562,154.97304,1,47.6,1,35.667,1,23.172,1,47.6,1,23.172,1,35.667,1
5905612,2025-11-10T09:55:20Z,1,-25.61562,154.97304,1,49.5,1,35.666,1,23.074,1,49.5,1,23.074,1,35.666,1
5905612,2025-11-10T09:55:20Z,1,-25.61562,154.97304,1,51.4,1,35.681,1,22.871,1,51.4,1,22.871,1,35.681,1
5905612,2025-11-10T09:55:20Z,1,-25.61562,154.97304,1,53.5,1,35.688,1,22.735,1,53.5,1,22.735,1,35.688,1
5905612,2025-11-10T09:55:20Z,1,-25.61562,154.97304,1,55.4,1,35.694,1,22.714,1,55.4,1,22.714,1,35.694,1
5905612,2025-11-10T09:55:20Z,1,-25.61562,154.97304,1,57.4,1,35.695,1,22.527,1,57.4,1,22.527,1,35.695,1
5905612,2025-11-10T09:55:20Z,1,-25.61562,154.97304,1,59.4,1,35.677,1,22.343,1,59.4,1,22.343,1,35.677,1
5905612,2025-11-10T09:55:20Z,1,-25.61562,154.97304,1,61.4,1,35.678,1,22.308,1,61.4,1,22.308,1,35.678,1
5905612,2025-11-10T09:55:20Z,1,-25.61562,154.97304,1,63.2,1,35.679,1,22.295,1,63.2,1,22.295,1,35.679,1
5905612,2025-11-10T09:55:20Z,1,-25.61562,154.97304,1,65.0,1,35.679,1,22.264,1,65.0,1,22.264,1,35.679,1
5905612,2025-11-10T09:55:20Z,1,-25.61562,154.97304,1,67.4,1,35.682,1,22.179,1,67.4,1,22.179,1,35.682,1
5905612,2025-11-10T09:55:20Z,1,-25.61562,154.97304,1,69.9,1,35.685,1,22.046,1,69.9,1,22.046,1,35.685,1
5905612,2025-11-10T09:55:20Z,1,-25.61562,154.97304,1,71.7,1,35.691,1,21.914,1,71.7,1,21.914,1,35.691,1
5905612,2025-11-10T09:55:20Z,1,-25.61562,154.97304,1,73.6,1,35.698,1,21.849,1,73.6,1,21.849,1,35.698,1
5905612,2025-11-10T09:55:20Z,1,-25.61562,154.97304,1,75.7,1,35.703,1,21.744,1,75.7,1,21.744,1,35.703,1
5905612,2025-11-10T09:55:20Z,1,-25.61562,154.97304,1,77.5,1,35.698,1,21.644,1,77.5,1,21.644,1,35.698,1
5905612,2025-11-10T09:55:20Z,1,-25.61562,154.97304,1,79.3,1,35.697,1,21.61,1,79.3,1,21.61,1,35.697,1
5905612,2025-11-10T09:55:20Z,1,-25.61562,154.97304,1,81.6,1,35.695,1,21.593,1,81.6,1,21.593,1,35.695,1
5905612,2025-11-10T09:55:20Z,1,-25.61562,154.97304,1,83.6,1,35.695,1,21.509,1,83.6,1,21.509,1,35.695,1
5905612,2025-11-10T09:55:20Z,1,-25.61562,154.97304,1,85.5,1,35.7,1,21.493,1,85.5,1,21.493,1,35.7,1
5905612,2025-11-10T09:55:20Z,1,-25.61562,154.97304,1,87.5,1,35.7,1,21.45,1,87.5,1,21.45,1,35.7,1
5905612,2025-11-10T09:55:20Z,1,-25.61562,154.97304,1,89.5,1,35.699,1,21.419,1,89.5,1,21.419,1,35.699,1
5905612,2025-11-10T09:55:20Z,1,-25.61562,154.97304,1,91.5,1,35.694,1,21.374,1,91.5,1,21.374,1,35.694,1
5905612,2025-11-10T09:55:20Z,1,-25.61562,154.97304,1,93.5,1,35.692,1,21.303,1,93.5,1,21.303,1,35.692,1
5905612,2025-11-10T09:55:20Z,1,-25.61562,154.97304,1,95.6,1,35.691,1,21.206,1,95.6,1,21.206,1,35.691,1
5905612,2025-11-10T09:55:20Z,1,-25.61562,154.97304,1,97.4,1,35.69,1,21.155,1,97.4,1,21.155,1,35.69,1
5905612,2025-11-10T09:55:20Z,1,-25.61562,154.97304,1,99.2,1,35.688,1,21.048,1,99.2,1,21.048,1,35.688,1
5905612,2025-11-10T09:55:20Z,1,-25.61562,154.97304,1,101.0,1,35.685,1,20.987,1,101.0,1,20.987,1,35.685,1
5905612,2025-11-10T09:55:20Z,1,-25.61562,154.97304,1,103.4,1,35.681,1,20.95,1,103.4,1,20.95,1,35.681,1
5905612,2025-11-10T09:55:20Z,1,-25.61562,154.97304,1,105.6,1,35.679,1,20.929,1,105.6,1,20.929,1,35.679,1
5905612,2025-11-10T09:55:20Z,1,-25.61562,154.97304,1,107.4,1,35.677,1,20.912,1,107.4,1,20.912,1,35.677,1
5905612,2025-11-10T09:55:20Z,1,-25.61562,154.97304,1,109.2,1,35.673,1,20.852,1,109.2,1,20.852,1,35.673,1
5905612,2025-11-10T09:55:20Z,1,-25.61562,154.97304,1,111.5,1,35.675,1,20.813,1,111.5,1,20.813,1,35.675,1
5905612,2025-11-10T09:55:20Z,1,-25.61562,154.97304,1,113.7,1,35.677,1,20.794,1,113.7,1,20.794,1,35.677,1
5905612,2025-11-10T09:55:20Z,1,-25.61562,154.97304,1,115.6,1,35.674,1,20.751,1,115.6,1,20.751,1,35.674,1
5905612,2025-11-10T09:55:20Z,1,-25.61562,154.97304,1,117.3,1,35.671,1,20.724,1,117.3,1,20.724,1,35.671,1
5905612,2025-11-10T09:55:20Z,1,-25.61562,154.97304,1,119.1,1,35.67,1,20.7,1,119.1,1,20.7,1,35.67,1
5905612,2025-11-10T09:55:20Z,1,-25.61562,154.97304,1,121.4,1,35.668,1,20.654,1,121.4,1,20.654,1,35.668,1
5905612,2025-11-10T09:55:20Z,1,-25.61562,154.97304,1,123.6,1,35.669,1,20.635,1,123.6,1,20.635,1,35.669,1
5905612,2025-11-10T09:55:20Z,1,-25.61562,154.97304,1,125.3,1,35.668,1,20.628,1,125.3,1,20.628,1,35.668,1
5905612,2025-11-10T09:55:20Z,1,-25.61562,154.97304,1,127.5,1,35.669,1,20.599,1,127.5,1,20.599,1,35.669,1
5905612,2025-11-10T09:55:20Z,1,-25.61562,154.97304,1,129.7,1,35.665,1,20.569,1,129.7,1,20.569,1,35.665,1
5905612,2025-11-10T09:55:20Z,1,-25.61562,154.97304,1,131.3,1,35.664,1,20.535,1,131.3,1,20.535,1,35.664,1
5905612,2025-11-10T09:55:20Z,1,-25.61562,154.97304,1,133.4,1,35.659,1,20.465,1,133.4,1,20.465,1,35.659,1
5905612,2025-11-10T09:55:20Z,1,-25.61562,154.97304,1,135.5,1,35.657,1,20.42,1,135.5,1,20.42,1,35.657,1
5905612,2025-11-10T09:55:20Z,1,-25.61562,154.97304,1,137.6,1,35.655,1,20.393,1,137.6,1,20.393,1,35.655,1
5905612,2025-11-10T09:55:20Z,1,-25.61562,154.97304,1,139.6,1,35.652,1,20.35,1,139.6,1,20.35,1,35.652,1
5905612,2025-11-10T09:55:20Z,1,-25.61562,154.97304,1,141.3,1,35.65,1,20.267,1,141.3,1,20.267,1,35.65,1
5905612,2025-11-10T09:55:20Z,1,-25.61562,154.97304,1,143.4,1,35.649,1,20.236,1,143.4,1,20.236,1,35.649,1
5905612,2025-11-10T09:55:20Z,1,-25.61562,154.97304,1,145.5,1,35.647,1,20.148,1,145.5,1,20.148,1,35.647,1
5905612,2025-11-10T09:55:20Z,1,-25.61562,154.97304,1,147.2,1,35.647,1,20.05,1,147.2,1,20.05,1,35.647,1
5905612,2025-11-10T09:55:20Z,1,-25.61562,154.97304,1,149.3,1,35.641,1,20.011,1,149.3,1,20.011,1,35.641,1
5905612,2025-11-10T09:55:20Z,1,-25.61562,154.97304,1,151.5,1,35.639,1,19.966,1,151.5,1,19.966,1,35.639,1
5905612,2025-11-10T09:55:20Z,1,-25.61562,154.97304,1,153.3,1,35.636,1,19.913,1,153.3,1,19.913,1,35.636,1
5905612,2025-11-10T09:55:20Z,1,-25.61562,154.97304,1,155.1,1,35.636,1,19.895,1,155.1,1,19.895,1,35.636,1
5905612,2025-11-10T09:55:20Z,1,-25.61562,154.97304,1,157.4,1,35.634,1,19.87,1,157.4,1,19.87,1,35.634,1
5905612,2025-11-10T09:55:20Z,1,-25.61562,154.97304,1,159.6,1,35.631,1,19.824,1,159.6,1,19.824,1,35.631,1
5905612,2025-11-10T09:55:20Z,1,-25.61562,154.97304,1,161.4,1,35.63,1,19.781,1,161.4,1,19.781,1,35.63,1
5905612,2025-11-10T09:55:20Z,1,-25.61562,154.97304,1,163.2,1,35.627,1,19.731,1,163.2,1,19.731,1,35.627,1
5905612,2025-11-10T09:55:20Z,1,-25.61562,154.97304,1,165.1,1,35.626,1,19.705,1,165.1,1,19.705,1,35.626,1
5905612,2025-11-10T09:55:20Z,1,-25.61562,154.97304,1,167.4,1,35.623,1,19.627,1,167.4,1,19.627,1,35.623,1
5905612,2025-11-10T09:55:20Z,1,-25.61562,154.97304,1,169.8,1,35.619,1,19.592,1,169.8,1,19.592,1,35.619,1
5905612,2025-11-10T09:55:20Z,1,-25.61562,154.97304,1,171.7,1,35.615,1,19.516,1,171.7,1,19.516,1,35.615,1
5905612,2025-11-10T09:55:20Z,1,-25.61562,154.97304,1,173.7,1,35.609,1,19.356,1,173.7,1,19.356,1,35.609,1
5905612,2025-11-10T09:55:20Z,1,-25.61562,154.97304,1,175.7,1,35.607,1,19.338,1,175.7,1,19.338,1,35.607,1
5905612,2025-11-10T09:55:20Z,1,-25.61562,154.97304,1,177.7,1,35.609,1,19.338,1,177.7,1,19.338,1,35.609,1
5905612,2025-11-10T09:55:20Z,1,-25.61562,154.97304,1,179.6,1,35.614,1,19.314,1,179.6,1,19.314,1,35.614,1
5905612,2025-11-10T09:55:20Z,1,-25.61562,154.97304,1,181.6,1,35.612,1,19.224,1,181.6,1,19.224,1,35.612,1
5905612,2025-11-10T09:55:20Z,1,-25.61562,154.97304,1,183.6,1,35.608,1,19.185,1,183.6,1,19.185,1,35.608,1
5905612,2025-11-10T09:55:20Z,1,-25.61562,154.97304,1,185.5,1,35.606,1,19.166,1,185.5,1,19.166,1,35.606,1
5905612,2025-11-10T09:55:20Z,1,-25.61562,154.97304,1,187.6,1,35.606,1,19.151,1,187.6,1,19.151,1,35.606,1
5905612,2025-11-10T09:55:20Z,1,-25.61562,154.97304,1,189.5,1,35.601,1,19.088,1,189.5,1,19.088,1,35.601,1
5905612,2025-11-10T09:55:20Z,1,-25.61562,154.97304,1,191.4,1,35.593,1,19.013,1,191.4,1,19.013,1,35.593,1
5905612,2025-11-10T09:55:20Z,1,-25.61562,154.97304,1,193.3,1,35.59,1,18.994,1,193.3,1,18.994,1,35.59,1
5905612,2025-11-10T09:55:20Z,1,-25.61562,154.97304,1,195.2,1,35.594,1,18.978,1,195.2,1,18.978,1,35.594,1
5905612,2025-11-10T09:55:20Z,1,-25.61562,154.97304,1,197.1,1,35.592,1,18.876,1,197.1,1,18.876,1,35.592,1
5905612,2025-11-10T09:55:20Z,1,-25.61562,154.97304,1,199.4,1,35.577,1,18.791,1,199.4,1,18.791,1,35.577,1
5905612,2025-11-10T09:55:20Z,1,-25.61562,154.97304,1,201.7,1,35.572,1,18.727,1,201.7,1,18.727,1,35.572,1
5905612,2025-11-10T09:55:20Z,1,-25.61562,154.97304,1,203.6,1,35.566,1,18.611,1,203.6,1,18.611,1,35.566,1
5905612,2025-11-10T09:55:20Z,1,-25.61562,154.97304,1,205.6,1,35.561,1,18.574,1,205.6,1,18.574,1,35.561,1
5905612,2025-11-10T09:55:20Z,1,-25.61562,154.97304,1,207.5,1,35.559,1,18.549,1,207.5,1,18.549,1,35.559,1
5905612,2025-11-10T09:55:20Z,1,-25.61562,154.97304,1,209.3,1,35.561,1,18.445,1,209.3,1,18.445,1,35.561,1
5905612,2025-11-10T09:55:20Z,1,-25.61562,154.97304,1,211.2,1,35.548,1,18.348,1,211.2,1,18.348,1,35.548,1
5905612,2025-11-10T09:55:20Z,1,-25.61562,154.97304,1,213.1,1,35.547,1,18.31,1,213.1,1,18.31,1,35.547,1
5905612,2025-11-10T09:55:20Z,1,-25.61562,154.97304,1,215.0,1,35.545,1,18.278,1,215.0,1,18.278,1,35.545,1
5905612,2025-11-10T09:55:20Z,1,-25.61562,154.97304,1,217.4,1,35.543,1,18.23,1,217.4,1,18.23,1,35.543,1
5905612,2025-11-10T09:55:20Z,1,-25.61562,154.97304,1,219.9,1,35.538,1,18.153,1,219.9,1,18.153,1,35.538,1
5905612,2025-11-10T09:55:20Z,1,-25.61562,154.97304,1,221.8,1,35.534,1,18.102,1,221.8,1,18.102,1,35.534,1
5905612,2025-11-10T09:55:20Z,1,-25.61562,154.97304,1,223.7,1,35.532,1,18.039,1,223.7,1,18.039,1,35.532,1
5905612,2025-11-10T09:55:20Z,1,-25.61562,154.97304,1,225.4,1,35.532,1,18.006,1,225.4,1,18.006,1,35.532,1
5905612,2025-11-10T09:55:20Z,1,-25.61562,154.97304,1,227.2,1,35.538,1,18.001,1,227.2,1,18.001,1,35.538,1
5905612,2025-11-10T09:55:20Z,1,-25.61562,154.97304,1,229.4,1,35.536,1,17.928,1,229.4,1,17.928,1,35.536,1
5905612,2025-11-10T09:55:20Z,1,-25.61562,154.97304,1,231.3,1,35.531,1,17.895,1,231.3,1,17.895,1,35.531,1
5905612,2025-11-10T09:55:20Z,1,-25.61562,154.97304,1,233.2,1,35.531,1,17.85,1,233.2,1,17.85,1,35.531,1
5905612,2025-11-10T09:55:20Z,1,-25.61562,154.97304,1,235.6,1,35.527,1,17.791,1,235.6,1,17.791,1,35.527,1
5905612,2025-11-10T09:55:20Z,1,-25.61562,154.97304,1,237.6,1,35.524,1,17.747,1,237.6,1,17.747,1,35.524,1
5905612,2025-11-10T09:55:20Z,1,-25.61562,154.97304,1,239.3,1,35.521,1,17.707,1,239.3,1,17.707,1,35.521,1
5905612,2025-11-10T09:55:20Z,1,-25.61562,154.97304,1,241.3,1,35.516,1,17.593,1,241.3,1,17.593,1,35.516,1
5905612,2025-11-10T09:55:20Z,1,-25.61562,154.97304,1,243.4,1,35.51,1,17.544,1,243.4,1,17.544,1,35.51,1
5905612,2025-11-10T09:55:20Z,1,-25.61562,154.97304,1,245.5,1,35.508,1,17.49,1,245.5,1,17.49,1,35.508,1
5905612,2025-11-10T09:55:20Z,1,-25.61562,154.97304,1,247.6,1,35.503,1,17.434,1,247.6,1,17.434,1,35.503,1
5905612,2025-11-10T09:55:20Z,1,-25.61562,154.97304,1,249.3,1,35.497,1,17.388,1,249.3,1,17.388,1,35.497,1
5905612,2025-11-10T09:55:20Z,1,-25.61562,154.97304,1,251.4,1,35.494,1,17.315,1,251.4,1,17.315,1,35.494,1
5905612,2025-11-10T09:55:20Z,1,-25.61562,154.97304,1,253.6,1,35.49,1,17.251,1,253.6,1,17.251,1,35.49,1
5905612,2025-11-10T09:55:20Z,1,-25.61562,154.97304,1,255.4,1,35.486,1,17.207,1,255.4,1,17.207,1,35.486,1
5905612,2025-11-10T09:55:20Z,1,-25.61562,154.97304,1,257.2,1,35.484,1,17.176,1,257.2,1,17.176,1,35.484,1
5905612,2025-11-10T09:55:20Z,1,-25.61562,154.97304,1,259.3,1,35.478,1,17.104,1,259.3,1,17.104,1,35.478,1
5905612,2025-11-10T09:55:20Z,1,-25.61562,154.97304,1,261.4,1,35.476,1,17.073,1,261.4,1,17.073,1,35.476,1
5905612,2025-11-10T09:55:20Z,1,-25.61562,154.97304,1,263.5,1,35.473,1,17.045,1,263.5,1,17.045,1,35.473,1
5905612,2025-11-10T09:55:20Z,1,-25.61562,154.97304,1,265.6,1,35.469,1,17.009,1,265.6,1,17.009,1,35.469,1
5905612,2025-11-10T09:55:20Z,1,-25.61562,154.97304,1,267.6,1,35.467,1,16.972,1,267.6,1,16.972,1,35.467,1
5905612,2025-11-10T09:55:20Z,1,-25.61562,154.97304,1,269.7,1,35.462,1,16.929,1,269.7,1,16.929,1,35.462,1
5905612,2025-11-10T09:55:20Z,1,-25.61562,154.97304,1,271.3,1,35.458,1,16.887,1,271.3,1,16.887,1,35.458,1
5905612,2025-11-10T09:55:20Z,1,-25.61562,154.97304,1,273.3,1,35.45,1,16.772,1,273.3,1,16.772,1,35.45,1
5905612,2025-11-10T09:55:20Z,1,-25.61562,154.97304,1,275.3,1,35.44,1,16.649,1,275.3,1,16.649,1,35.44,1
5905612,2025-11-10T09:55:20Z,1,-25.61562,154.97304,1,277.2,1,35.436,1,16.598,1,277.2,1,16.598,1,35.436,1
5905612,2025-11-10T09:55:20Z,1,-25.61562,154.97304,1,279.3,1,35.43,1,16.5,1,279.3,1,16.5,1,35.43,1
5905612,2025-11-10T09:55:20Z,1,-25.61562,154.97304,1,281.4,1,35.425,1,16.465,1,281.4,1,16.465,1,35.425,1
5905612,2025-11-10T09:55:20Z,1,-25.61562,154.97304,1,283.4,1,35.424,1,16.444,1,283.4,1,16.444,1,35.424,1
5905612,2025-11-10T09:55:20Z,1,-25.61562,154.97304,1,285.4,1,35.421,1,16.427,1,285.4,1,16.427,1,35.421,1
5905612,2025-11-10T09:55:20Z,1,-25.61562,154.97304,1,287.4,1,35.415,1,16.359,1,287.4,1,16.359,1,35.415,1
5905612,2025-11-10T09:55:20Z,1,-25.61562,154.97304,1,289.1,1,35.408,1,16.257,1,289.1,1,16.257,1,35.408,1
5905612,2025-11-10T09:55:20Z,1,-25.61562,154.97304,1,291.3,1,35.402,1,16.222,1,291.3,1,16.222,1,35.402,1
5905612,2025-11-10T09:55:20Z,1,-25.61562,154.97304,1,293.4,1,35.394,1,16.139,1,293.4,1,16.139,1,35.394,1
5905612,2025-11-10T09:55:20Z,1,-25.61562,154.97304,1,295.5,1,35.386,1,16.057,1,295.5,1,16.057,1,35.386,1
5905612,2025-11-10T09:55:20Z,1,-25.61562,154.97304,1,297.6,1,35.386,1,16.045,1,297.6,1,16.045,1,35.386,1
5905612,2025-11-10T09:55:20Z,1,-25.61562,154.97304,1,299.3,1,35.385,1,16.041,1,299.3,1,16.041,1,35.385,1
5905612,2025-11-10T09:55:20Z,1,-25.61562,154.97304,1,301.5,1,35.385,1,16.034,1,301.5,1,16.034,1,35.385,1
5905612,2025-11-10T09:55:20Z,1,-25.61562,154.97304,1,303.6,1,35.384,1,16.026,1,303.6,1,16.026,1,35.384,1
5905612,2025-11-10T09:55:20Z,1,-25.61562,154.97304,1,305.4,1,35.383,1,16.012,1,305.4,1,16.012,1,35.383,1
5905612,2025-11-10T09:55:20Z,1,-25.61562,154.97304,1,307.5,1,35.383,1,15.968,1,307.5,1,15.968,1,35.383,1
5905612,2025-11-10T09:55:20Z,1,-25.61562,154.97304,1,309.7,1,35.384,1,15.951,1,309.7,1,15.951,1,35.384,1
5905612,2025-11-10T09:55:20Z,1,-25.61562,154.97304,1,311.4,1,35.382,1,15.931,1,311.4,1,15.931,1,35.382,1
5905612,2025-11-10T09:55:20Z,1,-25.61562,154.97304,1,313.5,1,35.372,1,15.842,1,313.5,1,15.842,1,35.372,1
5905612,2025-11-10T09:55:20Z,1,-25.61562,154.97304,1,315.6,1,35.362,1,15.744,1,315.6,1,15.744,1,35.362,1
5905612,2025-11-10T09:55:20Z,1,-25.61562,154.97304,1,317.4,1,35.358,1,15.714,1,317.4,1,15.714,1,35.358,1
5905612,2025-11-10T09:55:20Z,1,-25.61562,154.97304,1,319.5,1,35.357,1,15.686,1,319.5,1,15.686,1,35.357,1
5905612,2025-11-10T09:55:20Z,1,-25.61562,154.97304,1,321.5,1,35.347,1,15.627,1,321.5,1,15.627,1,35.347,1
5905612,2025-11-10T09:55:20Z,1,-25.61562,154.97304,1,323.2,1,35.336,1,15.533,1,323.2,1,15.533,1,35.336,1
5905612,2025-11-10T09:55:20Z,1,-25.61562,154.97304,1,325.5,1,35.328,1,15.448,1,325.5,1,15.448,1,35.328,1
5905612,2025-11-10T09:55:20Z,1,-25.61562,154.97304,1,327.6,1,35.326,1,15.421,1,327.6,1,15.421,1,35.326,1
5905612,2025-11-10T09:55:20Z,1,-25.61562,154.97304,1,329.4,1,35.322,1,15.38,1,329.4,1,15.38,1,35.322,1
5905612,2025-11-10T09:55:20Z,1,-25.61562,154.97304,1,331.1,1,35.318,1,15.312,1,331.1,1,15.312,1,35.318,1
5905612,2025-11-10T09:55:20Z,1,-25.61562,154.97304,1,333.4,1,35.305,1,15.21,1,333.4,1,15.21,1,35.305,1
5905612,2025-11-10T09:55:20Z,1,-25.61562,154.97304,1,335.6,1,35.301,1,15.16,1,335.6,1,15.16,1,35.301,1
5905612,2025-11-10T09:55:20Z,1,-25.61562,154.97304,1,337.4,1,35.29,1,15.09,1,337.4,1,15.09,1,35.29,1
5905612,2025-11-10T09:55:20Z,1,-25.61562,154.97304,1,339.2,1,35.283,1,14.956,1,339.2,1,14.956,1,35.283,1
5905612,2025-11-10T09:55:20Z,1,-25.61562,154.97304,1,341.4,1,35.283,1,14.917,1,341.4,1,14.917,1,35.283,1
5905612,2025-11-10T09:55:20Z,1,-25.61562,154.97304,1,343.6,1,35.288,1,14.889,1,343.6,1,14.889,1,35.288,1
5905612,2025-11-10T09:55:20Z,1,-25.61562,154.97304,1,345.3,1,35.287,1,14.841,1,345.3,1,14.841,1,35.287,1
5905612,2025-11-10T09:55:20Z,1,-25.61562,154.97304,1,347.5,1,35.277,1,14.732,1,347.5,1,14.732,1,35.277,1
5905612,2025-11-10T09:55:20Z,1,-25.61562,154.97304,1,349.7,1,35.273,1,14.649,1,349.7,1,14.649,1,35.273,1
5905612,2025-11-10T09:55:20Z,1,-25.61562,154.97304,1,351.5,1,35.268,1,14.603,1,351.5,1,14.603,1,35.268,1
5905612,2025-11-10T09:55:20Z,1,-25.61562,154.97304,1,353.3,1,35.259,1,14.568,1,353.3,1,14.568,1,35.259,1
5905612,2025-11-10T09:55:20Z,1,-25.61562,154.97304,1,355.1,1,35.253,1,14.526,1,355.1,1,14.526,1,35.253,1
5905612,2025-11-10T09:55:20Z,1,-25.61562,154.97304,1,357.4,1,35.241,1,14.408,1,357.4,1,14.408,1,35.241,1
5905612,2025-11-10T09:55:20Z,1,-25.61562,154.97304,1,359.6,1,35.234,1,14.373,1,359.6,1,14.373,1,35.234,1
5905612,2025-11-10T09:55:20Z,1,-25.61562,154.97304,1,361.4,1,35.227,1,14.314,1,361.4,1,14.314,1,35.227,1
5905612,2025-11-10T09:55:20Z,1,-25.61562,154.97304,1,363.3,1,35.219,1,14.254,1,363.3,1,14.254,1,35.219,1
5905612,2025-11-10T09:55:20Z,1,-25.61562,154.97304,1,365.1,1,35.215,1,14.24,1,365.1,1,14.24,1,35.215,1
5905612,2025-11-10T09:55:20Z,1,-25.61562,154.97304,1,367.4,1,35.208,1,14.172,1,367.4,1,14.172,1,35.208,1
5905612,2025-11-10T09:55:20Z,1,-25.61562,154.97304,1,369.5,1,35.199,1,14.087,1,369.5,1,14.087,1,35.199,1
5905612,2025-11-10T09:55:20Z,1,-25.61562,154.97304,1,371.4,1,35.185,1,14.03,1,371.4,1,14.03,1,35.185,1
5905612,2025-11-10T09:55:20Z,1,-25.61562,154.97304,1,373.2,1,35.177,1,13.978,1,373.2,1,13.978,1,35.177,1
5905612,2025-11-10T09:55:20Z,1,-25.61562,154.97304,1,375.1,1,35.17,1,13.938,1,375.1,1,13.938,1,35.17,1
5905612,2025-11-10T09:55:20Z,1,-25.61562,154.97304,1,377.4,1,35.166,1,13.901,1,377.4,1,13.901,1,35.166,1
5905612,2025-11-10T09:55:20Z,1,-25.61562,154.97304,1,379.7,1,35.161,1,13.859,1,379.7,1,13.859,1,35.161,1
5905612,2025-11-10T09:55:20Z,1,-25.61562,154.97304,1,381.6,1,35.155,1,13.816,1,381.6,1,13.816,1,35.155,1
5905612,2025-11-10T09:55:20Z,1,-25.61562,154.97304,1,383.4,1,35.151,1,13.785,1,383.4,1,13.785,1,35.151,1
5905612,2025-11-10T09:55:20Z,1,-25.61562,154.97304,1,385.3,1,35.144,1,13.755,1,385.3,1,13.755,1,35.144,1
5905612,2025-11-10T09:55:20Z,1,-25.61562,154.97304,1,387.5,1,35.134,1,13.659,1,387.5,1,13.659,1,35.134,1
5905612,2025-11-10T09:55:20Z,1,-25.61562,154.97304,1,389.7,1,35.119,1,13.565,1,389.7,1,13.565,1,35.119,1
5905612,2025-11-10T09:55:20Z,1,-25.61562,154.97304,1,391.5,1,35.107,1,13.503,1,391.5,1,13.503,1,35.107,1
5905612,2025-11-10T09:55:20Z,1,-25.61562,154.97304,1,393.3,1,35.094,1,13.366,1,393.3,1,13.366,1,35.094,1
5905612,2025-11-10T09:55:20Z,1,-25.61562,154.97304,1,395.2,1,35.081,1,13.234,1,395.2,1,13.234,1,35.081,1
5905612,2025-11-10T09:55:20Z,1,-25.61562,154.97304,1,397.2,1,35.069,1,13.16,1,397.2,1,13.16,1,35.069,1
5905612,2025-11-10T09:55:20Z,1,-25.61562,154.97304,1,399.1,1,35.064,1,13.134,1,399.1,1,13.134,1,35.064,1
5905612,2025-11-10T09:55:20Z,1,-25.61562,154.97304,1,401.4,1,35.06,1,13.115,1,401.4,1,13.115,1,35.06,1
5905612,2025-11-10T09:55:20Z,1,-25.61562,154.97304,1,403.9,1,35.058,1,13.058,1,403.9,1,13.058,1,35.058,1
5905612,2025-11-10T09:55:20Z,1,-25.61562,154.97304,1,405.8,1,35.056,1,13.016,1,405.8,1,13.016,1,35.056,1
5905612,2025-11-10T09:55:20Z,1,-25.61562,154.97304,1,407.8,1,35.066,1,13.021,1,407.8,1,13.021,1,35.066,1
5905612,2025-11-10T09:55:20Z,1,-25.61562,154.97304,1,409.8,1,35.079,1,12.981,1,409.8,1,12.981,1,35.079,1
5905612,2025-11-10T09:55:20Z,1,-25.61562,154.97304,1,411.8,1,35.065,1,12.919,1,411.8,1,12.919,1,35.065,1
5905612,2025-11-10T09:55:20Z,1,-25.61562,154.97304,1,413.8,1,35.061,1,12.896,1,413.8,1,12.896,1,35.061,1
5905612,2025-11-10T09:55:20Z,1,-25.61562,154.97304,1,415.9,1,35.069,1,12.902,1,415.9,1,12.902,1,35.069,1
5905612,2025-11-10T09:55:20Z,1,-25.61562,154.97304,1,417.9,1,35.062,1,12.83,1,417.9,1,12.83,1,35.062,1
5905612,2025-11-10T09:55:20Z,1,-25.61562,154.97304,1,419.4,1,35.047,1,12.76,1,419.4,1,12.76,1,35.047,1
5905612,2025-11-10T09:55:20Z,1,-25.61562,154.97304,1,421.0,1,35.042,1,12.73,1,421.0,1,12.73,1,35.042,1
5905612,2025-11-10T09:55:20Z,1,-25.61562,154.97304,1,423.0,1,35.024,1,12.617,1,423.0,1,12.617,1,35.024,1
5905612,2025-11-10T09:55:20Z,1,-25.61562,154.97304,1,425.0,1,35.017,1,12.552,1,425.0,1,12.552,1,35.017,1
5905612,2025-11-10T09:55:20Z,1,-25.61562,154.97304,1,427.0,1,35.017,1,12.538,1,427.0,1,12.538,1,35.017,1
5905612,2025-11-10T09:55:20Z,1,-25.61562,154.97304,1,429.0,1,35.02,1,12.517,1,429.0,1,12.517,1,35.02,1
5905612,2025-11-10T09:55:20Z,1,-25.61562,154.97304,1,431.1,1,35.008,1,12.452,1,431.1,1,12.452,1,35.008,1
5905612,2025-11-10T09:55:20Z,1,-25.61562,154.97304,1,433.0,1,34.997,1,12.348,1,433.0,1,12.348,1,34.997,1
5905612,2025-11-10T09:55:20Z,1,-25.61562,154.97304,1,435.1,1,34.988,1,12.295,1,435.1,1,12.295,1,34.988,1
5905612,2025-11-10T09:55:20Z,1,-25.61562,154.97304,1,437.1,1,34.992,1,12.209,1,437.1,1,12.209,1,34.992,1
5905612,2025-11-10T09:55:20Z,1,-25.61562,154.97304,1,439.1,1,34.986,1,12.207,1,439.1,1,12.207,1,34.986,1
5905612,2025-11-10T09:55:20Z,1,-25.61562,154.97304,1,441.1,1,34.988,1,12.209,1,441.1,1,12.209,1,34.988,1
5905612,2025-11-10T09:55:20Z,1,-25.61562,154.97304,1,443.2,1,34.986,1,12.176,1,443.2,1,12.176,1,34.986,1
5905612,2025-11-10T09:55:20Z,1,-25.61562,154.97304,1,445.2,1,34.98,1,12.125,1,445.2,1,12.125,1,34.98,1
5905612,2025-11-10T09:55:20Z,1,-25.61562,154.97304,1,447.2,1,34.972,1,12.091,1,447.2,1,12.091,1,34.972,1
5905612,2025-11-10T09:55:20Z,1,-25.61562,154.97304,1,449.2,1,34.964,1,12.026,1,449.2,1,12.026,1,34.964,1
5905612,2025-11-10T09:55:20Z,1,-25.61562,154.97304,1,451.3,1,34.959,1,11.993,1,451.3,1,11.993,1,34.959,1
5905612,2025-11-10T09:55:20Z,1,-25.61562,154.97304,1,453.3,1,34.951,1,11.934,1,453.3,1,11.934,1,34.951,1
5905612,2025-11-10T09:55:20Z,1,-25.61562,154.97304,1,455.3,1,34.938,1,11.828,1,455.3,1,11.828,1,34.938,1
5905612,2025-11-10T09:55:20Z,1,-25.61562,154.97304,1,457.3,1,34.922,1,11.708,1,457.3,1,11.708,1,34.922,1
5905612,2025-11-10T09:55:20Z,1,-25.61562,154.97304,1,459.3,1,34.91,1,11.59,1,459.3,1,11.59,1,34.91,1
5905612,2025-11-10T09:55:20Z,1,-25.61562,154.97304,1,461.3,1,34.894,1,11.501,1,461.3,1,11.501,1,34.894,1
5905612,2025-11-10T09:55:20Z,1,-25.61562,154.97304,1,463.3,1,34.884,1,11.399,1,463.3,1,11.399,1,34.884,1
5905612,2025-11-10T09:55:20Z,1,-25.61562,154.97304,1,465.2,1,34.877,1,11.346,1,465.2,1,11.346,1,34.877,1
5905612,2025-11-10T09:55:20Z,1,-25.61562,154.97304,1,467.2,1,34.87,1,11.306,1,467.2,1,11.306,1,34.87,1
5905612,2025-11-10T09:55:20Z,1,-25.61562,154.97304,1,469.1,1,34.863,1,11.225,1,469.1,1,11.225,1,34.863,1
5905612,2025-11-10T09:55:20Z,1,-25.61562,154.97304,1,471.1,1,34.854,1,11.155,1,471.1,1,11.155,1,34.854,1
5905612,2025-11-10T09:55:20Z,1,-25.61562,154.97304,1,473.0,1,34.848,1,11.116,1,473.0,1,11.116,1,34.848,1
5905612,2025-11-10T09:55:20Z,1,-25.61562,154.97304,1,475.0,1,34.843,1,11.062,1,475.0,1,11.062,1,34.843,1
5905612,2025-11-10T09:55:20Z,1,-25.61562,154.97304,1,477.4,1,34.834,1,10.983,1,477.4,1,10.983,1,34.834,1
5905612,2025-11-10T09:55:20Z,1,-25.61562,154.97304,1,479.8,1,34.83,1,10.961,1,479.8,1,10.961,1,34.83,1
5905612,2025-11-10T09:55:20Z,1,-25.61562,154.97304,1,481.7,1,34.824,1,10.907,1,481.7,1,10.907,1,34.824,1
5905612,2025-11-10T09:55:20Z,1,-25.61562,154.97304,1,483.6,1,34.821,1,10.862,1,483.6,1,10.862,1,34.821,1
5905612,2025-11-10T09:55:20Z,1,-25.61562,154.97304,1,485.5,1,34.813,1,10.784,1,485.5,1,10.784,1,34.813,1
5905612,2025-11-10T09:55:20Z,1,-25.61562,154.97304,1,487.4,1,34.8,1,10.676,1,487.4,1,10.676,1,34.8,1
5905612,2025-11-10T09:55:20Z,1,-25.61562,154.97304,1,489.4,1,34.794,1,10.624,1,489.4,1,10.624,1,34.794,1
5905612,2025-11-10T09:55:20Z,1,-25.61562,154.97304,1,491.4,1,34.79,1,10.59,1,491.4,1,10.59,1,34.79,1
5905612,2025-11-10T09:55:20Z,1,-25.61562,154.97304,1,493.3,1,34.787,1,10.571,1,493.3,1,10.571,1,34.787,1
5905612,2025-11-10T09:55:20Z,1,-25.61562,154.97304,1,495.3,1,34.786,1,10.55,1,495.3,1,10.55,1,34.786,1
5905612,2025-11-10T09:55:20Z,1,-25.61562,154.97304,1,497.3,1,34.765,1,10.423,1,497.3,1,10.423,1,34.765,1
5905612,2025-11-10T09:55:20Z,1,-25.61562,154.97304,1,499.3,1,34.76,1,10.367,1,499.3,1,10.367,1,34.76,1
5905612,2025-11-10T09:55:20Z,1,-25.61562,154.97304,1,501.3,1,34.757,1,10.327,1,501.3,1,10.327,1,34.757,1
5905612,2025-11-10T09:55:20Z,1,-25.61562,154.97304,1,503.3,1,34.755,1,10.31,1,503.3,1,10.31,1,34.755,1
5905612,2025-11-10T09:55:20Z,1,-25.61562,154.97304,1,505.3,1,34.752,1,10.297,1,505.3,1,10.297,1,34.752,1
5905612,2025-11-10T09:55:20Z,1,-25.61562,154.97304,1,507.3,1,34.748,1,10.232,1,507.3,1,10.232,1,34.748,1
5905612,2025-11-10T09:55:20Z,1,-25.61562,154.97304,1,509.3,1,34.74,1,10.203,1,509.3,1,10.203,1,34.74,1
5905612,2025-11-10T09:55:20Z,1,-25.61562,154.97304,1,511.4,1,34.734,1,10.15,1,511.4,1,10.15,1,34.734,1
5905612,2025-11-10T09:55:20Z,1,-25.61562,154.97304,1,513.4,1,34.729,1,10.1,1,513.4,1,10.1,1,34.729,1
5905612,2025-11-10T09:55:20Z,1,-25.61562,154.97304,1,515.5,1,34.724,1,10.046,1,515.5,1,10.046,1,34.724,1
5905612,2025-11-10T09:55:20Z,1,-25.61562,154.97304,1,517.5,1,34.722,1,10.017,1,517.5,1,10.017,1,34.722,1
5905612,2025-11-10T09:55:20Z,1,-25.61562,154.97304,1,519.6,1,34.717,1,9.988,1,519.6,1,9.988,1,34.717,1
5905612,2025-11-10T09:55:20Z,1,-25.61562,154.97304,1,521.7,1,34.711,1,9.956,1,521.7,1,9.956,1,34.711,1
5905612,2025-11-10T09:55:20Z,1,-25.61562,154.97304,1,523.8,1,34.705,1,9.885,1,523.8,1,9.885,1,34.705,1
5905612,2025-11-10T09:55:20Z,1,-25.61562,154.97304,1,525.4,1,34.7,1,9.859,1,525.4,1,9.859,1,34.7,1
5905612,2025-11-10T09:55:20Z,1,-25.61562,154.97304,1,527.0,1,34.698,1,9.828,1,527.0,1,9.828,1,34.698,1
5905612,2025-11-10T09:55:20Z,1,-25.61562,154.97304,1,529.1,1,34.691,1,9.787,1,529.1,1,9.787,1,34.691,1
5905612,2025-11-10T09:55:20Z,1,-25.61562,154.97304,1,531.0,1,34.667,1,9.597,1,531.0,1,9.597,1,34.667,1
5905612,2025-11-10T09:55:20Z,1,-25.61562,154.97304,1,533.3,1,34.641,1,9.381,1,533.3,1,9.381,1,34.641,1
5905612,2025-11-10T09:55:20Z,1,-25.61562,154.97304,1,535.3,1,34.619,1,9.208,1,535.3,1,9.208,1,34.619,1
5905612,2025-11-10T09:55:20Z,1,-25.61562,154.97304,1,537.3,1,34.611,1,9.151,1,537.3,1,9.151,1,34.611,1
5905612,2025-11-10T09:55:20Z,1,-25.61562,154.97304,1,539.4,1,34.604,1,9.109,1,539.4,1,9.109,1,34.604,1
5905612,2025-11-10T09:55:20Z,1,-25.61562,154.97304,1,541.5,1,34.597,1,9.037,1,541.5,1,9.037,1,34.597,1
5905612,2025-11-10T09:55:20Z,1,-25.61562,154.97304,1,543.6,1,34.593,1,8.943,1,543.6,1,8.943,1,34.593,1
5905612,2025-11-10T09:55:20Z,1,-25.61562,154.97304,1,545.3,1,34.587,1,8.895,1,545.3,1,8.895,1,34.587,1
5905612,2025-11-10T09:55:20Z,1,-25.61562,154.97304,1,547.4,1,34.584,1,8.856,1,547.4,1,8.856,1,34.584,1
5905612,2025-11-10T09:55:20Z,1,-25.61562,154.97304,1,549.5,1,34.583,1,8.824,1,549.5,1,8.824,1,34.583,1
5905612,2025-11-10T09:55:20Z,1,-25.61562,154.97304,1,551.5,1,34.58,1,8.811,1,551.5,1,8.811,1,34.58,1
5905612,2025-11-10T09:55:20Z,1,-25.61562,154.97304,1,553.5,1,34.582,1,8.791,1,553.5,1,8.791,1,34.582,1
5905612,2025-11-10T09:55:20Z,1,-25.61562,154.97304,1,555.3,1,34.572,1,8.744,1,555.3,1,8.744,1,34.572,1
5905612,2025-11-10T09:55:20Z,1,-25.61562,154.97304,1,557.4,1,34.576,1,8.724,1,557.4,1,8.724,1,34.576,1
5905612,2025-11-10T09:55:20Z,1,-25.61562,154.97304,1,559.5,1,34.576,1,8.721,1,559.5,1,8.721,1,34.576,1
5905612,2025-11-10T09:55:20Z,1,-25.61562,154.97304,1,561.2,1,34.578,1,8.718,1,561.2,1,8.718,1,34.578,1
5905612,2025-11-10T09:55:20Z,1,-25.61562,154.97304,1,563.4,1,34.583,1,8.694,1,563.4,1,8.694,1,34.583,1
5905612,2025-11-10T09:55:20Z,1,-25.61562,154.97304,1,565.6,1,34.581,1,8.638,1,565.6,1,8.638,1,34.581,1
5905612,2025-11-10T09:55:20Z,1,-25.61562,154.97304,1,567.4,1,34.58,1,8.616,1,567.4,1,8.616,1,34.58,1
5905612,2025-11-10T09:55:20Z,1,-25.61562,154.97304,1,569.1,1,34.578,1,8.593,1,569.1,1,8.593,1,34.578,1
5905612,2025-11-10T09:55:20Z,1,-25.61562,154.97304,1,571.3,1,34.574,1,8.571,1,571.3,1,8.571,1,34.574,1
5905612,2025-11-10T09:55:20Z,1,-25.61562,154.97304,1,573.5,1,34.572,1,8.548,1,573.5,1,8.548,1,34.572,1
5905612,2025-11-10T09:55:20Z,1,-25.61562,154.97304,1,575.3,1,34.571,1,8.535,1,575.3,1,8.535,1,34.571,1
5905612,2025-11-10T09:55:20Z,1,-25.61562,154.97304,1,577.5,1,34.568,1,8.523,1,577.5,1,8.523,1,34.568,1
5905612,2025-11-10T09:55:20Z,1,-25.61562,154.97304,1,579.7,1,34.565,1,8.512,1,579.7,1,8.512,1,34.565,1
5905612,2025-11-10T09:55:20Z,1,-25.61562,154.97304,1,581.4,1,34.566,1,8.487,1,581.4,1,8.487,1,34.566,1
5905612,2025-11-10T09:55:20Z,1,-25.61562,154.97304,1,583.2,1,34.564,1,8.476,1,583.2,1,8.476,1,34.564,1
5905612,2025-11-10T09:55:20Z,1,-25.61562,154.97304,1,585.3,1,34.564,1,8.475,1,585.3,1,8.475,1,34.564,1
5905612,2025-11-10T09:55:20Z,1,-25.61562,154.97304,1,587.5,1,34.566,1,8.477,1,587.5,1,8.477,1,34.566,1
5905612,2025-11-10T09:55:20Z,1,-25.61562,154.97304,1,589.2,1,34.568,1,8.471,1,589.2,1,8.471,1,34.568,1
5905612,2025-11-10T09:55:20Z,1,-25.61562,154.97304,1,591.4,1,34.568,1,8.455,1,591.4,1,8.455,1,34.568,1
5905612,2025-11-10T09:55:20Z,1,-25.61562,154.97304,1,593.6,1,34.563,1,8.406,1,593.6,1,8.406,1,34.563,1
5905612,2025-11-10T09:55:20Z,1,-25.61562,154.97304,1,595.4,1,34.56,1,8.38,1,595.4,1,8.38,1,34.56,1
5905612,2025-11-10T09:55:20Z,1,-25.61562,154.97304,1,597.5,1,34.553,1,8.328,1,597.5,1,8.328,1,34.553,1
5905612,2025-11-10T09:55:20Z,1,-25.61562,154.97304,1,599.7,1,34.542,1,8.231,1,599.7,1,8.231,1,34.542,1
5905612,2025-11-10T09:55:20Z,1,-25.61562,154.97304,1,601.4,1,34.539,1,8.207,1,601.4,1,8.207,1,34.539,1
5905612,2025-11-10T09:55:20Z,1,-25.61562,154.97304,1,603.2,1,34.536,1,8.19,1,603.2,1,8.19,1,34.536,1
5905612,2025-11-10T09:55:20Z,1,-25.61562,154.97304,1,605.3,1,34.534,1,8.17,1,605.3,1,8.17,1,34.534,1
5905612,2025-11-10T09:55:20Z,1,-25.61562,154.97304,1,607.4,1,34.531,1,8.146,1,607.4,1,8.146,1,34.531,1
5905612,2025-11-10T09:55:20Z,1,-25.61562,154.97304,1,609.5,1,34.529,1,8.122,1,609.5,1,8.122,1,34.529,1
5905612,2025-11-10T09:55:20Z,1,-25.61562,154.97304,1,611.6,1,34.527,1,8.107,1,611.6,1,8.107,1,34.527,1
5905612,2025-11-10T09:55:20Z,1,-25.61562,154.97304,1,613.3,1,34.526,1,8.083,1,613.3,1,8.083,1,34.526,1
5905612,2025-11-10T09:55:20Z,1,-25.61562,154.97304,1,615.4,1,34.524,1,8.055,1,615.4,1,8.055,1,34.524,1
5905612,2025-11-10T09:55:20Z,1,-25.61562,154.97304,1,617.5,1,34.521,1,8.033,1,617.5,1,8.033,1,34.521,1
5905612,2025-11-10T09:55:20Z,1,-25.61562,154.97304,1,619.6,1,34.518,1,8.016,1,619.6,1,8.016,1,34.518,1
5905612,2025-11-10T09:55:20Z,1,-25.61562,154.97304,1,621.7,1,34.516,1,7.979,1,621.7,1,7.979,1,34.516,1
5905612,2025-11-10T09:55:20Z,1,-25.61562,154.97304,1,623.3,1,34.51,1,7.926,1,623.3,1,7.926,1,34.51,1
5905612,2025-11-10T09:55:20Z,1,-25.61562,154.97304,1,625.4,1,34.506,1,7.9,1,625.4,1,7.9,1,34.506,1
5905612,2025-11-10T09:55:20Z,1,-25.61562,154.97304,1,627.5,1,34.501,1,7.84,1,627.5,1,7.84,1,34.501,1
5905612,2025-11-10T09:55:20Z,1,-25.61562,154.97304,1,629.2,1,34.497,1,7.803,1,629.2,1,7.803,1,34.497,1
5905612,2025-11-10T09:55:20Z,1,-25.61562,154.97304,1,631.3,1,34.494,1,7.776,1,631.3,1,7.776,1,34.494,1
5905612,2025-11-10T09:55:20Z,1,-25.61562,154.97304,1,633.4,1,34.492,1,7.749,1,633.4,1,7.749,1,34.492,1
5905612,2025-11-10T09:55:20Z,1,-25.61562,154.97304,1,635.4,1,34.495,1,7.749,1,635.4,1,7.749,1,34.495,1
5905612,2025-11-10T09:55:20Z,1,-25.61562,154.97304,1,637.6,1,34.498,1,7.756,1,637.6,1,7.756,1,34.498,1
5905612,2025-11-10T09:55:20Z,1,-25.61562,154.97304,1,639.2,1,34.498,1,7.764,1,639.2,1,7.764,1,34.498,1
5905612,2025-11-10T09:55:20Z,1,-25.61562,154.97304,1,641.3,1,34.499,1,7.765,1,641.3,1,7.765,1,34.499,1
5905612,2025-11-10T09:55:20Z,1,-25.61562,154.97304,1,643.3,1,34.504,1,7.767,1,643.3,1,7.767,1,34.504,1
5905612,2025-11-10T09:55:20Z,1,-25.61562,154.97304,1,645.5,1,34.503,1,7.735,1,645.5,1,7.735,1,34.503,1
5905612,2025-11-10T09:55:20Z,1,-25.61562,154.97304,1,647.6,1,34.5,1,7.718,1,647.6,1,7.718,1,34.5,1
5905612,2025-11-10T09:55:20Z,1,-25.61562,154.97304,1,649.2,1,34.498,1,7.656,1,649.2,1,7.656,1,34.498,1
5905612,2025-11-10T09:55:20Z,1,-25.61562,154.97304,1,651.3,1,34.494,1,7.642,1,651.3,1,7.642,1,34.494,1
5905612,2025-11-10T09:55:20Z,1,-25.61562,154.97304,1,653.4,1,34.499,1,7.649,1,653.4,1,7.649,1,34.499,1
5905612,2025-11-10T09:55:20Z,1,-25.61562,154.97304,1,655.5,1,34.501,1,7.64,1,655.5,1,7.64,1,34.501,1
5905612,2025-11-10T09:55:20Z,1,-25.61562,154.97304,1,657.6,1,34.499,1,7.631,1,657.6,1,7.631,1,34.499,1
5905612,2025-11-10T09:55:20Z,1,-25.61562,154.97304,1,659.2,1,34.497,1,7.617,1,659.2,1,7.617,1,34.497,1
5905612,2025-11-10T09:55:20Z,1,-25.61562,154.97304,1,661.3,1,34.492,1,7.589,1,661.3,1,7.589,1,34.492,1
5905612,2025-11-10T09:55:20Z,1,-25.61562,154.97304,1,663.4,1,34.489,1,7.549,1,663.4,1,7.549,1,34.489,1
5905612,2025-11-10T09:55:20Z,1,-25.61562,154.97304,1,665.4,1,34.483,1,7.508,1,665.4,1,7.508,1,34.483,1
5905612,2025-11-10T09:55:20Z,1,-25.61562,154.97304,1,667.6,1,34.479,1,7.484,1,667.6,1,7.484,1,34.479,1
5905612,2025-11-10T09:55:20Z,1,-25.61562,154.97304,1,669.3,1,34.476,1,7.463,1,669.3,1,7.463,1,34.476,1
5905612,2025-11-10T09:55:20Z,1,-25.61562,154.97304,1,671.5,1,34.47,1,7.403,1,671.5,1,7.403,1,34.47,1
5905612,2025-11-10T09:55:20Z,1,-25.61562,154.97304,1,673.6,1,34.467,1,7.378,1,673.6,1,7.378,1,34.467,1
5905612,2025-11-10T09:55:20Z,1,-25.61562,154.97304,1,675.3,1,34.466,1,7.371,1,675.3,1,7.371,1,34.466,1
5905612,2025-11-10T09:55:20Z,1,-25.61562,154.97304,1,677.5,1,34.464,1,7.358,1,677.5,1,7.358,1,34.464,1
5905612,2025-11-10T09:55:20Z,1,-25.61562,154.97304,1,679.7,1,34.459,1,7.308,1,679.7,1,7.308,1,34.459,1
5905612,2025-11-10T09:55:20Z,1,-25.61562,154.97304,1,681.4,1,34.452,1,7.275,1,681.4,1,7.275,1,34.452,1
5905612,2025-11-10T09:55:20Z,1,-25.61562,154.97304,1,683.2,1,34.449,1,7.221,1,683.2,1,7.221,1,34.449,1
5905612,2025-11-10T09:55:20Z,1,-25.61562,154.97304,1,685.4,1,34.436,1,7.111,1,685.4,1,7.111,1,34.436,1
5905612,2025-11-10T09:55:20Z,1,-25.61562,154.97304,1,687.6,1,34.434,1,7.084,1,687.6,1,7.084,1,34.434,1
5905612,2025-11-10T09:55:20Z,1,-25.61562,154.97304,1,689.4,1,34.433,1,7.071,1,689.4,1,7.071,1,34.433,1
5905612,2025-11-10T09:55:20Z,1,-25.61562,154.97304,1,691.3,1,34.432,1,7.065,1,691.3,1,7.065,1,34.432,1
5905612,2025-11-10T09:55:20Z,1,-25.61562,154.97304,1,693.1,1,34.432,1,7.042,1,693.1,1,7.042,1,34.432,1
5905612,2025-11-10T09:55:20Z,1,-25.61562,154.97304,1,695.4,1,34.429,1,6.971,1,695.4,1,6.971,1,34.429,1
5905612,2025-11-10T09:55:20Z,1,-25.61562,154.97304,1,697.8,1,34.429,1,6.965,1,697.8,1,6.965,1,34.429,1
5905612,2025-11-10T09:55:20Z,1,-25.61562,154.97304,1,699.7,1,34.429,1,6.962,1,699.7,1,6.962,1,34.429,1
5905612,2025-11-10T09:55:20Z,1,-25.61562,154.97304,1,701.6,1,34.43,1,6.965,1,701.6,1,6.965,1,34.43,1
5905612,2025-11-10T09:55:20Z,1,-25.61562,154.97304,1,703.5,1,34.438,1,6.995,1,703.5,1,6.995,1,34.438,1
5905612,2025-11-10T09:55:20Z,1,-25.61562,154.97304,1,705.3,1,34.446,1,7.019,1,705.3,1,7.019,1,34.446,1
5905612,2025-11-10T09:55:20Z,1,-25.61562,154.97304,1,707.3,1,34.454,1,7.046,1,707.3,1,7.046,1,34.454,1
5905612,2025-11-10T09:55:20Z,1,-25.61562,154.97304,1,709.3,1,34.459,1,7.05,1,709.3,1,7.05,1,34.459,1
5905612,2025-11-10T09:55:20Z,1,-25.61562,154.97304,1,711.3,1,34.464,1,7.066,1,711.3,1,7.066,1,34.464,1
5905612,2025-11-10T09:55:20Z,1,-25.61562,154.97304,1,713.2,1,34.467,1,7.079,1,713.2,1,7.079,1,34.467,1
5905612,2025-11-10T09:55:20Z,1,-25.61562,154.97304,1,715.3,1,34.47,1,7.08,1,715.3,1,7.08,1,34.47,1
5905612,2025-11-10T09:55:20Z,1,-25.61562,154.97304,1,717.3,1,34.47,1,7.068,1,717.3,1,7.068,1,34.47,1
5905612,2025-11-10T09:55:20Z,1,-25.61562,154.97304,1,719.3,1,34.466,1,7.019,1,719.3,1,7.019,1,34.466,1
5905612,2025-11-10T09:55:20Z,1,-25.61562,154.97304,1,721.3,1,34.466,1,7.007,1,721.3,1,7.007,1,34.466,1
5905612,2025-11-10T09:55:20Z,1,-25.61562,154.97304,1,723.2,1,34.466,1,6.999,1,723.2,1,6.999,1,34.466,1
5905612,2025-11-10T09:55:20Z,1,-25.61562,154.97304,1,725.2,1,34.466,1,6.994,1,725.2,1,6.994,1,34.466,1
5905612,2025-11-10T09:55:20Z,1,-25.61562,154.97304,1,727.2,1,34.465,1,6.99,1,727.2,1,6.99,1,34.465,1
5905612,2025-11-10T09:55:20Z,1,-25.61562,154.97304,1,729.3,1,34.463,1,6.975,1,729.3,1,6.975,1,34.463,1
5905612,2025-11-10T09:55:20Z,1,-25.61562,154.97304,1,731.3,1,34.464,1,6.966,1,731.3,1,6.966,1,34.464,1
5905612,2025-11-10T09:55:20Z,1,-25.61562,154.97304,1,733.4,1,34.463,1,6.957,1,733.4,1,6.957,1,34.463,1
5905612,2025-11-10T09:55:20Z,1,-25.61562,154.97304,1,735.4,1,34.463,1,6.955,1,735.4,1,6.955,1,34.463,1
5905612,2025-11-10T09:55:20Z,1,-25.61562,154.97304,1,737.4,1,34.464,1,6.948,1,737.4,1,6.948,1,34.464,1
5905612,2025-11-10T09:55:20Z,1,-25.61562,154.97304,1,739.4,1,34.462,1,6.933,1,739.4,1,6.933,1,34.462,1
5905612,2025-11-10T09:55:20Z,1,-25.61562,154.97304,1,741.4,1,34.464,1,6.924,1,741.4,1,6.924,1,34.464,1
5905612,2025-11-10T09:55:20Z,1,-25.61562,154.97304,1,743.4,1,34.462,1,6.904,1,743.4,1,6.904,1,34.462,1
5905612,2025-11-10T09:55:20Z,1,-25.61562,154.97304,1,745.4,1,34.459,1,6.874,1,745.4,1,6.874,1,34.459,1
5905612,2025-11-10T09:55:20Z,1,-25.61562,154.97304,1,747.4,1,34.454,1,6.788,1,747.4,1,6.788,1,34.454,1
5905612,2025-11-10T09:55:20Z,1,-25.61562,154.97304,1,749.5,1,34.442,1,6.72,1,749.5,1,6.72,1,34.442,1
5905612,2025-11-10T09:55:20Z,1,-25.61562,154.97304,1,751.4,1,34.451,1,6.73,1,751.4,1,6.73,1,34.451,1
5905612,2025-11-10T09:55:20Z,1,-25.61562,154.97304,1,753.4,1,34.448,1,6.665,1,753.4,1,6.665,1,34.448,1
5905612,2025-11-10T09:55:20Z,1,-25.61562,154.97304,1,755.4,1,34.446,1,6.643,1,755.4,1,6.643,1,34.446,1
5905612,2025-11-10T09:55:20Z,1,-25.61562,154.97304,1,757.4,1,34.444,1,6.624,1,757.4,1,6.624,1,34.444,1
5905612,2025-11-10T09:55:20Z,1,-25.61562,154.97304,1,759.4,1,34.442,1,6.601,1,759.4,1,6.601,1,34.442,1
5905612,2025-11-10T09:55:20Z,1,-25.61562,154.97304,1,761.4,1,34.443,1,6.592,1,761.4,1,6.592,1,34.443,1
5905612,2025-11-10T09:55:20Z,1,-25.61562,154.97304,1,763.4,1,34.442,1,6.583,1,763.4,1,6.583,1,34.442,1
5905612,2025-11-10T09:55:20Z,1,-25.61562,154.97304,1,765.4,1,34.441,1,6.575,1,765.4,1,6.575,1,34.441,1
5905612,2025-11-10T09:55:20Z,1,-25.61562,154.97304,1,767.4,1,34.441,1,6.557,1,767.4,1,6.557,1,34.441,1
5905612,2025-11-10T09:55:20Z,1,-25.61562,154.97304,1,769.4,1,34.436,1,6.517,1,769.4,1,6.517,1,34.436,1
5905612,2025-11-10T09:55:20Z,1,-25.61562,154.97304,1,771.3,1,34.435,1,6.485,1,771.3,1,6.485,1,34.435,1
5905612,2025-11-10T09:55:20Z,1,-25.61562,154.97304,1,773.3,1,34.433,1,6.424,1,773.3,1,6.424,1,34.433,1
5905612,2025-11-10T09:55:20Z,1,-25.61562,154.97304,1,775.3,1,34.431,1,6.416,1,775.3,1,6.416,1,34.431,1
5905612,2025-11-10T09:55:20Z,1,-25.61562,154.97304,1,777.2,1,34.431,1,6.406,1,777.2,1,6.406,1,34.431,1
5905612,2025-11-10T09:55:20Z,1,-25.61562,154.97304,1,779.2,1,34.428,1,6.394,1,779.2,1,6.394,1,34.428,1
5905612,2025-11-10T09:55:20Z,1,-25.61562,154.97304,1,781.2,1,34.429,1,6.371,1,781.2,1,6.371,1,34.429,1
5905612,2025-11-10T09:55:20Z,1,-25.61562,154.97304,1,783.1,1,34.428,1,6.311,1,783.1,1,6.311,1,34.428,1
5905612,2025-11-10T09:55:20Z,1,-25.61562,154.97304,1,785.1,1,34.425,1,6.265,1,785.1,1,6.265,1,34.425,1
5905612,2025-11-10T09:55:20Z,1,-25.61562,154.97304,1,787.1,1,34.421,1,6.244,1,787.1,1,6.244,1,34.421,1
5905612,2025-11-10T09:55:20Z,1,-25.61562,154.97304,1,789.1,1,34.421,1,6.2,1,789.1,1,6.2,1,34.421,1
5905612,2025-11-10T09:55:20Z,1,-25.61562,154.97304,1,791.1,1,34.418,1,6.188,1,791.1,1,6.188,1,34.418,1
5905612,2025-11-10T09:55:20Z,1,-25.61562,154.97304,1,793.1,1,34.418,1,6.175,1,793.1,1,6.175,1,34.418,1
5905612,2025-11-10T09:55:20Z,1,-25.61562,154.97304,1,795.1,1,34.42,1,6.154,1,795.1,1,6.154,1,34.42,1
5905612,2025-11-10T09:55:20Z,1,-25.61562,154.97304,1,797.1,1,34.416,1,6.114,1,797.1,1,6.114,1,34.416,1
5905612,2025-11-10T09:55:20Z,1,-25.61562,154.97304,1,799.1,1,34.417,1,6.086,1,799.1,1,6.086,1,34.417,1
5905612,2025-11-10T09:55:20Z,1,-25.61562,154.97304,1,801.1,1,34.416,1,6.076,1,801.1,1,6.076,1,34.416,1
5905612,2025-11-10T09:55:20Z,1,-25.61562,154.97304,1,803.1,1,34.416,1,6.065,1,803.1,1,6.065,1,34.416,1
5905612,2025-11-10T09:55:20Z,1,-25.61562,154.97304,1,805.2,1,34.416,1,6.049,1,805.2,1,6.049,1,34.416,1
5905612,2025-11-10T09:55:20Z,1,-25.61562,154.97304,1,807.3,1,34.415,1,6.021,1,807.3,1,6.021,1,34.415,1
5905612,2025-11-10T09:55:20Z,1,-25.61562,154.97304,1,809.3,1,34.416,1,5.991,1,809.3,1,5.991,1,34.416,1
5905612,2025-11-10T09:55:20Z,1,-25.61562,154.97304,1,811.4,1,34.415,1,5.969,1,811.4,1,5.969,1,34.415,1
5905612,2025-11-10T09:55:20Z,1,-25.61562,154.97304,1,813.4,1,34.417,1,5.928,1,813.4,1,5.928,1,34.417,1
5905612,2025-11-10T09:55:20Z,1,-25.61562,154.97304,1,815.5,1,34.416,1,5.888,1,815.5,1,5.888,1,34.416,1
5905612,2025-11-10T09:55:20Z,1,-25.61562,154.97304,1,817.6,1,34.416,1,5.881,1,817.6,1,5.881,1,34.416,1
5905612,2025-11-10T09:55:20Z,1,-25.61562,154.97304,1,819.7,1,34.417,1,5.872,1,819.7,1,5.872,1,34.417,1
5905612,2025-11-10T09:55:20Z,1,-25.61562,154.97304,1,821.8,1,34.416,1,5.871,1,821.8,1,5.871,1,34.416,1
5905612,2025-11-10T09:55:20Z,1,-25.61562,154.97304,1,823.5,1,34.417,1,5.87,1,823.5,1,5.87,1,34.417,1
5905612,2025-11-10T09:55:20Z,1,-25.61562,154.97304,1,825.0,1,34.416,1,5.864,1,825.0,1,5.864,1,34.416,1
5905612,2025-11-10T09:55:20Z,1,-25.61562,154.97304,1,827.2,1,34.415,1,5.847,1,827.2,1,5.847,1,34.415,1
5905612,2025-11-10T09:55:20Z,1,-25.61562,154.97304,1,829.4,1,34.415,1,5.838,1,829.4,1,5.838,1,34.415,1
5905612,2025-11-10T09:55:20Z,1,-25.61562,154.97304,1,831.5,1,34.415,1,5.836,1,831.5,1,5.836,1,34.415,1
5905612,2025-11-10T09:55:20Z,1,-25.61562,154.97304,1,833.6,1,34.416,1,5.844,1,833.6,1,5.844,1,34.416,1
5905612,2025-11-10T09:55:20Z,1,-25.61562,154.97304,1,835.7,1,34.418,1,5.848,1,835.7,1,5.848,1,34.418,1
5905612,2025-11-10T09:55:20Z,1,-25.61562,154.97304,1,837.8,1,34.421,1,5.86,1,837.8,1,5.86,1,34.421,1
5905612,2025-11-10T09:55:20Z,1,-25.61562,154.97304,1,839.9,1,34.422,1,5.856,1,839.9,1,5.856,1,34.422,1
5905612,2025-11-10T09:55:20Z,1,-25.61562,154.97304,1,841.4,1,34.417,1,5.827,1,841.4,1,5.827,1,34.417,1
5905612,2025-11-10T09:55:20Z,1,-25.61562,154.97304,1,843.0,1,34.417,1,5.808,1,843.0,1,5.808,1,34.417,1
5905612,2025-11-10T09:55:20Z,1,-25.61562,154.97304,1,845.1,1,34.416,1,5.793,1,845.1,1,5.793,1,34.416,1
5905612,2025-11-10T09:55:20Z,1,-25.61562,154.97304,1,847.1,1,34.415,1,5.777,1,847.1,1,5.777,1,34.415,1
5905612,2025-11-10T09:55:20Z,1,-25.61562,154.97304,1,849.2,1,34.416,1,5.775,1,849.2,1,5.775,1,34.416,1
5905612,2025-11-10T09:55:20Z,1,-25.61562,154.97304,1,851.3,1,34.418,1,5.778,1,851.3,1,5.778,1,34.418,1
5905612,2025-11-10T09:55:20Z,1,-25.61562,154.97304,1,853.3,1,34.419,1,5.798,1,853.3,1,5.798,1,34.419,1
5905612,2025-11-10T09:55:20Z,1,-25.61562,154.97304,1,855.3,1,34.422,1,5.778,1,855.3,1,5.778,1,34.422,1
5905612,2025-11-10T09:55:20Z,1,-25.61562,154.97304,1,857.4,1,34.422,1,5.75,1,857.4,1,5.75,1,34.422,1
5905612,2025-11-10T09:55:20Z,1,-25.61562,154.97304,1,859.4,1,34.42,1,5.728,1,859.4,1,5.728,1,34.42,1
5905612,2025-11-10T09:55:20Z,1,-25.61562,154.97304,1,861.5,1,34.421,1,5.706,1,861.5,1,5.706,1,34.421,1
5905612,2025-11-10T09:55:20Z,1,-25.61562,154.97304,1,863.5,1,34.421,1,5.696,1,863.5,1,5.696,1,34.421,1
5905612,2025-11-10T09:55:20Z,1,-25.61562,154.97304,1,865.4,1,34.418,1,5.68,1,865.4,1,5.68,1,34.418,1
5905612,2025-11-10T09:55:20Z,1,-25.61562,154.97304,1,867.4,1,34.418,1,5.641,1,867.4,1,5.641,1,34.418,1
5905612,2025-11-10T09:55:20Z,1,-25.61562,154.97304,1,869.3,1,34.419,1,5.624,1,869.3,1,5.624,1,34.419,1
5905612,2025-11-10T09:55:20Z,1,-25.61562,154.97304,1,871.2,1,34.418,1,5.612,1,871.2,1,5.612,1,34.418,1
5905612,2025-11-10T09:55:20Z,1,-25.61562,154.97304,1,873.5,1,34.418,1,5.567,1,873.5,1,5.567,1,34.418,1
5905612,2025-11-10T09:55:20Z,1,-25.61562,154.97304,1,875.5,1,34.419,1,5.55,1,875.5,1,5.55,1,34.419,1
5905612,2025-11-10T09:55:20Z,1,-25.61562,154.97304,1,877.5,1,34.419,1,5.534,1,877.5,1,5.534,1,34.419,1
5905612,2025-11-10T09:55:20Z,1,-25.61562,154.97304,1,879.5,1,34.42,1,5.531,1,879.5,1,5.531,1,34.42,1
5905612,2025-11-10T09:55:20Z,1,-25.61562,154.97304,1,881.5,1,34.42,1,5.528,1,881.5,1,5.528,1,34.42,1
5905612,2025-11-10T09:55:20Z,1,-25.61562,154.97304,1,883.5,1,34.421,1,5.522,1,883.5,1,5.522,1,34.421,1
5905612,2025-11-10T09:55:20Z,1,-25.61562,154.97304,1,885.5,1,34.422,1,5.512,1,885.5,1,5.512,1,34.422,1
5905612,2025-11-10T09:55:20Z,1,-25.61562,154.97304,1,887.5,1,34.422,1,5.495,1,887.5,1,5.495,1,34.422,1
5905612,2025-11-10T09:55:20Z,1,-25.61562,154.97304,1,889.2,1,34.422,1,5.489,1,889.2,1,5.489,1,34.422,1
5905612,2025-11-10T09:55:20Z,1,-25.61562,154.97304,1,891.3,1,34.422,1,5.484,1,891.3,1,5.484,1,34.422,1
5905612,2025-11-10T09:55:20Z,1,-25.61562,154.97304,1,893.4,1,34.423,1,5.477,1,893.4,1,5.477,1,34.423,1
5905612,2025-11-10T09:55:20Z,1,-25.61562,154.97304,1,895.4,1,34.424,1,5.47,1,895.4,1,5.47,1,34.424,1
5905612,2025-11-10T09:55:20Z,1,-25.61562,154.97304,1,897.5,1,34.425,1,5.462,1,897.5,1,5.462,1,34.425,1
5905612,2025-11-10T09:55:20Z,1,-25.61562,154.97304,1,899.2,1,34.425,1,5.456,1,899.2,1,5.456,1,34.425,1
5905612,2025-11-10T09:55:20Z,1,-25.61562,154.97304,1,901.3,1,34.426,1,5.449,1,901.3,1,5.449,1,34.426,1
5905612,2025-11-10T09:55:20Z,1,-25.61562,154.97304,1,903.4,1,34.426,1,5.444,1,903.4,1,5.444,1,34.426,1
5905612,2025-11-10T09:55:20Z,1,-25.61562,154.97304,1,905.5,1,34.426,1,5.428,1,905.5,1,5.428,1,34.426,1
5905612,2025-11-10T09:55:20Z,1,-25.61562,154.97304,1,907.7,1,34.426,1,5.413,1,907.7,1,5.413,1,34.426,1
5905612,2025-11-10T09:55:20Z,1,-25.61562,154.97304,1,909.3,1,34.427,1,5.391,1,909.3,1,5.391,1,34.427,1
5905612,2025-11-10T09:55:20Z,1,-25.61562,154.97304,1,911.4,1,34.427,1,5.369,1,911.4,1,5.369,1,34.427,1
5905612,2025-11-10T09:55:20Z,1,-25.61562,154.97304,1,913.6,1,34.427,1,5.346,1,913.6,1,5.346,1,34.427,1
5905612,2025-11-10T09:55:20Z,1,-25.61562,154.97304,1,915.3,1,34.426,1,5.319,1,915.3,1,5.319,1,34.426,1
5905612,2025-11-10T09:55:20Z,1,-25.61562,154.97304,1,917.4,1,34.426,1,5.295,1,917.4,1,5.295,1,34.426,1
5905612,2025-11-10T09:55:20Z,1,-25.61562,154.97304,1,919.5,1,34.426,1,5.29,1,919.5,1,5.29,1,34.426,1
5905612,2025-11-10T09:55:20Z,1,-25.61562,154.97304,1,921.3,1,34.426,1,5.286,1,921.3,1,5.286,1,34.426,1
5905612,2025-11-10T09:55:20Z,1,-25.61562,154.97304,1,923.5,1,34.426,1,5.281,1,923.5,1,5.281,1,34.426,1
5905612,2025-11-10T09:55:20Z,1,-25.61562,154.97304,1,925.7,1,34.425,1,5.278,1,925.7,1,5.278,1,34.425,1
5905612,2025-11-10T09:55:20Z,1,-25.61562,154.97304,1,927.5,1,34.426,1,5.271,1,927.5,1,5.271,1,34.426,1
5905612,2025-11-10T09:55:20Z,1,-25.61562,154.97304,1,929.3,1,34.426,1,5.262,1,929.3,1,5.262,1,34.426,1
5905612,2025-11-10T09:55:20Z,1,-25.61562,154.97304,1,931.5,1,34.425,1,5.248,1,931.5,1,5.248,1,34.425,1
5905612,2025-11-10T09:55:20Z,1,-25.61562,154.97304,1,933.6,1,34.426,1,5.234,1,933.6,1,5.234,1,34.426,1
5905612,2025-11-10T09:55:20Z,1,-25.61562,154.97304,1,935.4,1,34.427,1,5.228,1,935.4,1,5.228,1,34.427,1
5905612,2025-11-10T09:55:20Z,1,-25.61562,154.97304,1,937.1,1,34.428,1,5.225,1,937.1,1,5.225,1,34.428,1
5905612,2025-11-10T09:55:20Z,1,-25.61562,154.97304,1,939.4,1,34.428,1,5.219,1,939.4,1,5.219,1,34.428,1
5905612,2025-11-10T09:55:20Z,1,-25.61562,154.97304,1,941.5,1,34.428,1,5.214,1,941.5,1,5.214,1,34.428,1
5905612,2025-11-10T09:55:20Z,1,-25.61562,154.97304,1,943.3,1,34.429,1,5.206,1,943.3,1,5.206,1,34.429,1
5905612,2025-11-10T09:55:20Z,1,-25.61562,154.97304,1,945.5,1,34.43,1,5.195,1,945.5,1,5.195,1,34.43,1
5905612,2025-11-10T09:55:20Z,1,-25.61562,154.97304,1,947.7,1,34.431,1,5.187,1,947.7,1,5.187,1,34.431,1
5905612,2025-11-10T09:55:20Z,1,-25.61562,154.97304,1,949.4,1,34.432,1,5.174,1,949.4,1,5.174,1,34.432,1
5905612,2025-11-10T09:55:20Z,1,-25.61562,154.97304,1,951.2,1,34.432,1,5.164,1,951.2,1,5.164,1,34.432,1
5905612,2025-11-10T09:55:20Z,1,-25.61562,154.97304,1,953.4,1,34.433,1,5.145,1,953.4,1,5.145,1,34.433,1
5905612,2025-11-10T09:55:20Z,1,-25.61562,154.97304,1,955.6,1,34.433,1,5.131,1,955.6,1,5.131,1,34.433,1
5905612,2025-11-10T09:55:20Z,1,-25.61562,154.97304,1,957.4,1,34.434,1,5.122,1,957.4,1,5.122,1,34.434,1
5905612,2025-11-10T09:55:20Z,1,-25.61562,154.97304,1,959.2,1,34.435,1,5.085,1,959.2,1,5.085,1,34.435,1
5905612,2025-11-10T09:55:20Z,1,-25.61562,154.97304,1,961.5,1,34.437,1,5.061,1,961.5,1,5.061,1,34.437,1
5905612,2025-11-10T09:55:20Z,1,-25.61562,154.97304,1,963.8,1,34.437,1,5.047,1,963.8,1,5.047,1,34.437,1
5905612,2025-11-10T09:55:20Z,1,-25.61562,154.97304,1,965.6,1,34.438,1,5.04,1,965.6,1,5.04,1,34.438,1
5905612,2025-11-10T09:55:20Z,1,-25.61562,154.97304,1,967.4,1,34.439,1,5.033,1,967.4,1,5.033,1,34.439,1
5905612,2025-11-10T09:55:20Z,1,-25.61562,154.97304,1,969.3,1,34.439,1,5.027,1,969.3,1,5.027,1,34.439,1
5905612,2025-11-10T09:55:20Z,1,-25.61562,154.97304,1,971.1,1,34.44,1,5.022,1,971.1,1,5.022,1,34.44,1
5905612,2025-11-10T09:55:20Z,1,-25.61562,154.97304,1,973.4,1,34.44,1,5.005,1,973.4,1,5.005,1,34.44,1
5905612,2025-11-10T09:55:20Z,1,-25.61562,154.97304,1,975.8,1,34.441,1,4.985,1,975.8,1,4.985,1,34.441,1
5905612,2025-11-10T09:55:20Z,1,-25.61562,154.97304,1,977.8,1,34.442,1,4.984,1,977.8,1,4.984,1,34.442,1
5905612,2025-11-10T09:55:20Z,1,-25.61562,154.97304,1,979.7,1,34.442,1,4.984,1,979.7,1,4.984,1,34.442,1
5905612,2025-11-10T09:55:20Z,1,-25.61562,154.97304,1,981.7,1,34.442,1,4.982,1,981.7,1,4.982,1,34.442,1
5905612,2025-11-10T09:55:20Z,1,-25.61562,154.97304,1,983.7,1,34.442,1,4.98,1,983.7,1,4.98,1,34.442,1
5905612,2025-11-10T09:55:20Z,1,-25.61562,154.97304,1,985.7,1,34.442,1,4.978,1,985.7,1,4.978,1,34.442,1
5905612,2025-11-10T09:55:20Z,1,-25.61562,154.97304,1,987.7,1,34.444,1,4.957,1,987.7,1,4.957,1,34.444,1
5905612,2025-11-10T09:55:20Z,1,-25.61562,154.97304,1,989.7,1,34.445,1,4.945,1,989.7,1,4.945,1,34.445,1
5905612,2025-11-10T09:55:20Z,1,-25.61562,154.97304,1,991.8,1,34.447,1,4.925,1,991.8,1,4.925,1,34.447,1
5905612,2025-11-10T09:55:20Z,1,-25.61562,154.97304,1,993.8,1,34.447,1,4.922,1,993.8,1,4.922,1,34.447,1
5905612,2025-11-10T09:55:20Z,1,-25.61562,154.97304,1,995.8,1,34.447,1,4.921,1,995.8,1,4.921,1,34.447,1
5905612,2025-11-10T09:55:20Z,1,-25.61562,154.97304,1,997.8,1,34.446,1,4.921,1,997.8,1,4.921,1,34.446,1
5905612,2025-11-10T09:55:20Z,1,-25.61562,154.97304,1,999.8,1,34.446,1,4.918,1,999.8,1,4.918,1,34.446,1
5905612,2025-11-10T09:55:20Z,1,-25.61562,154.97304,1,1001.9,1,34.446,1,4.912,1,1001.9,1,4.912,1,34.446,1
5905612,2025-11-10T09:55:20Z,1,-25.61562,154.97304,1,1003.9,1,34.447,1,4.905,1,1003.9,1,4.905,1,34.447,1
5905612,2025-11-10T09:55:20Z,1,-25.61562,154.97304,1,1005.9,1,34.448,1,4.894,1,1005.9,1,4.894,1,34.448,1
5905612,2025-11-10T09:55:20Z,1,-25.61562,154.97304,1,1007.4,1,34.449,1,4.88,1,1007.4,1,4.88,1,34.449,1
5905612,2025-11-10T09:55:20Z,1,-25.61562,154.97304,1,1009.0,1,34.449,1,4.874,1,1009.0,1,4.874,1,34.449,1
5905612,2025-11-10T09:55:20Z,1,-25.61562,154.97304,1,1011.0,1,34.449,1,4.866,1,1011.0,1,4.866,1,34.449,1
5905612,2025-11-10T09:55:20Z,1,-25.61562,154.97304,1,1013.0,1,34.45,1,4.855,1,1013.0,1,4.855,1,34.45,1
5905612,2025-11-10T09:55:20Z,1,-25.61562,154.97304,1,1015.0,1,34.45,1,4.84,1,1015.0,1,4.84,1,34.45,1
5905612,2025-11-10T09:55:20Z,1,-25.61562,154.97304,1,1017.0,1,34.45,1,4.831,1,1017.0,1,4.831,1,34.45,1
5905612,2025-11-10T09:55:20Z,1,-25.61562,154.97304,1,1019.0,1,34.45,1,4.82,1,1019.0,1,4.82,1,34.45,1
5905612,2025-11-10T09:55:20Z,1,-25.61562,154.97304,1,1021.0,1,34.452,1,4.801,1,1021.0,1,4.801,1,34.452,1
5905612,2025-11-10T09:55:20Z,1,-25.61562,154.97304,1,1023.1,1,34.452,1,4.789,1,1023.1,1,4.789,1,34.452,1
5905612,2025-11-10T09:55:20Z,1,-25.61562,154.97304,1,1025.1,1,34.453,1,4.782,1,1025.1,1,4.782,1,34.453,1
5905612,2025-11-10T09:55:20Z,1,-25.61562,154.97304,1,1027.1,1,34.452,1,4.778,1,1027.1,1,4.778,1,34.452,1
5905612,2025-11-10T09:55:20Z,1,-25.61562,154.97304,1,1029.2,1,34.452,1,4.775,1,1029.2,1,4.775,1,34.452,1
5905612,2025-11-10T09:55:20Z,1,-25.61562,154.97304,1,1031.2,1,34.453,1,4.766,1,1031.2,1,4.766,1,34.453,1
5905612,2025-11-10T09:55:20Z,1,-25.61562,154.97304,1,1033.3,1,34.454,1,4.755,1,1033.3,1,4.755,1,34.454,1
5905612,2025-11-10T09:55:20Z,1,-25.61562,154.97304,1,1035.3,1,34.453,1,4.75,1,1035.3,1,4.75,1,34.453,1
5905612,2025-11-10T09:55:20Z,1,-25.61562,154.97304,1,1037.4,1,34.454,1,4.743,1,1037.4,1,4.743,1,34.454,1
5905612,2025-11-10T09:55:20Z,1,-25.61562,154.97304,1,1039.5,1,34.454,1,4.736,1,1039.5,1,4.736,1,34.454,1
5905612,2025-11-10T09:55:20Z,1,-25.61562,154.97304,1,1041.5,1,34.455,1,4.729,1,1041.5,1,4.729,1,34.455,1
5905612,2025-11-10T09:55:20Z,1,-25.61562,154.97304,1,1043.6,1,34.455,1,4.723,1,1043.6,1,4.723,1,34.455,1
5905612,2025-11-10T09:55:20Z,1,-25.61562,154.97304,1,1045.7,1,34.455,1,4.714,1,1045.7,1,4.714,1,34.455,1
5905612,2025-11-10T09:55:20Z,1,-25.61562,154.97304,1,1047.8,1,34.456,1,4.702,1,1047.8,1,4.702,1,34.456,1
5905612,2025-11-10T09:55:20Z,1,-25.61562,154.97304,1,1049.8,1,34.458,1,4.689,1,1049.8,1,4.689,1,34.458,1
5905612,2025-11-10T09:55:20Z,1,-25.61562,154.97304,1,1051.4,1,34.46,1,4.671,1,1051.4,1,4.671,1,34.46,1
5905612,2025-11-10T09:55:20Z,1,-25.61562,154.97304,1,1053.0,1,34.459,1,4.667,1,1053.0,1,4.667,1,34.459,1
5905612,2025-11-10T09:55:20Z,1,-25.61562,154.97304,1,1055.0,1,34.459,1,4.662,1,1055.0,1,4.662,1,34.459,1
5905612,2025-11-10T09:55:20Z,1,-25.61562,154.97304,1,1057.1,1,34.459,1,4.651,1,1057.1,1,4.651,1,34.459,1
5905612,2025-11-10T09:55:20Z,1,-25.61562,154.97304,1,1059.1,1,34.46,1,4.638,1,1059.1,1,4.638,1,34.46,1
5905612,2025-11-10T09:55:20Z,1,-25.61562,154.97304,1,1061.2,1,34.461,1,4.624,1,1061.2,1,4.624,1,34.461,1
5905612,2025-11-10T09:55:20Z,1,-25.61562,154.97304,1,1063.2,1,34.461,1,4.619,1,1063.2,1,4.619,1,34.461,1
5905612,2025-11-10T09:55:20Z,1,-25.61562,154.97304,1,1065.3,1,34.462,1,4.604,1,1065.3,1,4.604,1,34.462,1
5905612,2025-11-10T09:55:20Z,1,-25.61562,154.97304,1,1067.3,1,34.462,1,4.589,1,1067.3,1,4.589,1,34.462,1
5905612,2025-11-10T09:55:20Z,1,-25.61562,154.97304,1,1069.4,1,34.462,1,4.57,1,1069.4,1,4.57,1,34.462,1
5905612,2025-11-10T09:55:20Z,1,-25.61562,154.97304,1,1071.5,1,34.463,1,4.566,1,1071.5,1,4.566,1,34.463,1
5905612,2025-11-10T09:55:20Z,1,-25.61562,154.97304,1,1073.5,1,34.463,1,4.556,1,1073.5,1,4.556,1,34.463,1
5905612,2025-11-10T09:55:20Z,1,-25.61562,154.97304,1,1075.6,1,34.464,1,4.545,1,1075.6,1,4.545,1,34.464,1
5905612,2025-11-10T09:55:20Z,1,-25.61562,154.97304,1,1077.6,1,34.464,1,4.535,1,1077.6,1,4.535,1,34.464,1
5905612,2025-11-10T09:55:20Z,1,-25.61562,154.97304,1,1079.7,1,34.465,1,4.529,1,1079.7,1,4.529,1,34.465,1
5905612,2025-11-10T09:55:20Z,1,-25.61562,154.97304,1,1081.7,1,34.465,1,4.514,1,1081.7,1,4.514,1,34.465,1
5905612,2025-11-10T09:55:20Z,1,-25.61562,154.97304,1,1083.8,1,34.465,1,4.51,1,1083.8,1,4.51,1,34.465,1
5905612,2025-11-10T09:55:20Z,1,-25.61562,154.97304,1,1085.4,1,34.466,1,4.504,1,1085.4,1,4.504,1,34.466,1
5905612,2025-11-10T09:55:20Z,1,-25.61562,154.97304,1,1087.0,1,34.466,1,4.493,1,1087.0,1,4.493,1,34.466,1
5905612,2025-11-10T09:55:20Z,1,-25.61562,154.97304,1,1089.1,1,34.466,1,4.482,1,1089.1,1,4.482,1,34.466,1
5905612,2025-11-10T09:55:20Z,1,-25.61562,154.97304,1,1091.2,1,34.469,1,4.439,1,1091.2,1,4.439,1,34.469,1
5905612,2025-11-10T09:55:20Z,1,-25.61562,154.97304,1,1093.2,1,34.469,1,4.428,1,1093.2,1,4.428,1,34.469,1
5905612,2025-11-10T09:55:20Z,1,-25.61562,154.97304,1,1095.3,1,34.472,1,4.404,1,1095.3,1,4.404,1,34.472,1
5905612,2025-11-10T09:55:20Z,1,-25.61562,154.97304,1,1097.4,1,34.472,1,4.399,1,1097.4,1,4.399,1,34.472,1
5905612,2025-11-10T09:55:20Z,1,-25.61562,154.97304,1,1099.5,1,34.472,1,4.396,1,1099.5,1,4.396,1,34.472,1
5905612,2025-11-10T09:55:20Z,1,-25.61562,154.97304,1,1101.6,1,34.473,1,4.384,1,1101.6,1,4.384,1,34.473,1
5905612,2025-11-10T09:55:20Z,1,-25.61562,154.97304,1,1103.7,1,34.473,1,4.37,1,1103.7,1,4.37,1,34.473,1
5905612,2025-11-10T09:55:20Z,1,-25.61562,154.97304,1,1105.8,1,34.474,1,4.354,1,1105.8,1,4.354,1,34.474,1
5905612,2025-11-10T09:55:20Z,1,-25.61562,154.97304,1,1107.4,1,34.476,1,4.339,1,1107.4,1,4.339,1,34.476,1
5905612,2025-11-10T09:55:20Z,1,-25.61562,154.97304,1,1109.0,1,34.476,1,4.332,1,1109.0,1,4.332,1,34.476,1
5905612,2025-11-10T09:55:20Z,1,-25.61562,154.97304,1,1111.1,1,34.477,1,4.318,1,1111.1,1,4.318,1,34.477,1
5905612,2025-11-10T09:55:20Z,1,-25.61562,154.97304,1,1113.2,1,34.478,1,4.302,1,1113.2,1,4.302,1,34.478,1
5905612,2025-11-10T09:55:20Z,1,-25.61562,154.97304,1,1115.5,1,34.479,1,4.284,1,1115.5,1,4.284,1,34.479,1
5905612,2025-11-10T09:55:20Z,1,-25.61562,154.97304,1,1117.5,1,34.479,1,4.277,1,1117.5,1,4.277,1,34.479,1
5905612,2025-11-10T09:55:20Z,1,-25.61562,154.97304,1,1119.5,1,34.48,1,4.266,1,1119.5,1,4.266,1,34.48,1
5905612,2025-11-10T09:55:20Z,1,-25.61562,154.97304,1,1121.6,1,34.481,1,4.253,1,1121.6,1,4.253,1,34.481,1
5905612,2025-11-10T09:55:20Z,1,-25.61562,154.97304,1,1123.6,1,34.482,1,4.237,1,1123.6,1,4.237,1,34.482,1
5905612,2025-11-10T09:55:20Z,1,-25.61562,154.97304,1,1125.6,1,34.483,1,4.233,1,1125.6,1,4.233,1,34.483,1
5905612,2025-11-10T09:55:20Z,1,-25.61562,154.97304,1,1127.3,1,34.483,1,4.231,1,1127.3,1,4.231,1,34.483,1
5905612,2025-11-10T09:55:20Z,1,-25.61562,154.97304,1,1129.3,1,34.483,1,4.228,1,1129.3,1,4.228,1,34.483,1
5905612,2025-11-10T09:55:20Z,1,-25.61562,154.97304,1,1131.4,1,34.483,1,4.224,1,1131.4,1,4.224,1,34.483,1
5905612,2025-11-10T09:55:20Z,1,-25.61562,154.97304,1,1133.4,1,34.483,1,4.22,1,1133.4,1,4.22,1,34.483,1
5905612,2025-11-10T09:55:20Z,1,-25.61562,154.97304,1,1135.4,1,34.484,1,4.217,1,1135.4,1,4.217,1,34.484,1
5905612,2025-11-10T09:55:20Z,1,-25.61562,154.97304,1,1137.5,1,34.484,1,4.214,1,1137.5,1,4.214,1,34.484,1
5905612,2025-11-10T09:55:20Z,1,-25.61562,154.97304,1,1139.5,1,34.483,1,4.213,1,1139.5,1,4.213,1,34.483,1
5905612,2025-11-10T09:55:20Z,1,-25.61562,154.97304,1,1141.5,1,34.485,1,4.199,1,1141.5,1,4.199,1,34.485,1
5905612,2025-11-10T09:55:20Z,1,-25.61562,154.97304,1,1143.6,1,34.485,1,4.193,1,1143.6,1,4.193,1,34.485,1
5905612,2025-11-10T09:55:20Z,1,-25.61562,154.97304,1,1145.2,1,34.486,1,4.189,1,1145.2,1,4.189,1,34.486,1
5905612,2025-11-10T09:55:20Z,1,-25.61562,154.97304,1,1147.3,1,34.486,1,4.18,1,1147.3,1,4.18,1,34.486,1
5905612,2025-11-10T09:55:20Z,1,-25.61562,154.97304,1,1149.3,1,34.487,1,4.17,1,1149.3,1,4.17,1,34.487,1
5905612,2025-11-10T09:55:20Z,1,-25.61562,154.97304,1,1151.3,1,34.487,1,4.162,1,1151.3,1,4.162,1,34.487,1
5905612,2025-11-10T09:55:20Z,1,-25.61562,154.97304,1,1153.3,1,34.489,1,4.149,1,1153.3,1,4.149,1,34.489,1
5905612,2025-11-10T09:55:20Z,1,-25.61562,154.97304,1,1155.3,1,34.488,1,4.142,1,1155.3,1,4.142,1,34.488,1
5905612,2025-11-10T09:55:20Z,1,-25.61562,154.97304,1,1157.4,1,34.489,1,4.134,1,1157.4,1,4.134,1,34.489,1
5905612,2025-11-10T09:55:20Z,1,-25.61562,154.97304,1,1159.5,1,34.489,1,4.131,1,1159.5,1,4.131,1,34.489,1
5905612,2025-11-10T09:55:20Z,1,-25.61562,154.97304,1,1161.6,1,34.489,1,4.13,1,1161.6,1,4.13,1,34.489,1
5905612,2025-11-10T09:55:20Z,1,-25.61562,154.97304,1,1163.2,1,34.489,1,4.128,1,1163.2,1,4.128,1,34.489,1
5905612,2025-11-10T09:55:20Z,1,-25.61562,154.97304,1,1165.3,1,34.49,1,4.117,1,1165.3,1,4.117,1,34.49,1
5905612,2025-11-10T09:55:20Z,1,-25.61562,154.97304,1,1167.5,1,34.49,1,4.112,1,1167.5,1,4.112,1,34.49,1
5905612,2025-11-10T09:55:20Z,1,-25.61562,154.97304,1,1169.5,1,34.491,1,4.102,1,1169.5,1,4.102,1,34.491,1
5905612,2025-11-10T09:55:20Z,1,-25.61562,154.97304,1,1171.6,1,34.493,1,4.084,1,1171.6,1,4.084,1,34.493,1
5905612,2025-11-10T09:55:20Z,1,-25.61562,154.97304,1,1173.3,1,34.494,1,4.074,1,1173.3,1,4.074,1,34.494,1
5905612,2025-11-10T09:55:20Z,1,-25.61562,154.97304,1,1175.4,1,34.493,1,4.069,1,1175.4,1,4.069,1,34.493,1
5905612,2025-11-10T09:55:20Z,1,-25.61562,154.97304,1,1177.5,1,34.494,1,4.063,1,1177.5,1,4.063,1,34.494,1
5905612,2025-11-10T09:55:20Z,1,-25.61562,154.97304,1,1179.3,1,34.495,1,4.057,1,1179.3,1,4.057,1,34.495,1
5905612,2025-11-10T09:55:20Z,1,-25.61562,154.97304,1,1181.5,1,34.495,1,4.053,1,1181.5,1,4.053,1,34.495,1
5905612,2025-11-10T09:55:20Z,1,-25.61562,154.97304,1,1183.6,1,34.495,1,4.05,1,1183.6,1,4.05,1,34.495,1
5905612,2025-11-10T09:55:20Z,1,-25.61562,154.97304,1,1185.4,1,34.495,1,4.048,1,1185.4,1,4.048,1,34.495,1
5905612,2025-11-10T09:55:20Z,1,-25.61562,154.97304,1,1187.2,1,34.496,1,4.044,1,1187.2,1,4.044,1,34.496,1
5905612,2025-11-10T09:55:20Z,1,-25.61562,154.97304,1,1189.4,1,34.496,1,4.037,1,1189.4,1,4.037,1,34.496,1
5905612,2025-11-10T09:55:20Z,1,-25.61562,154.97304,1,1191.5,1,34.497,1,4.031,1,1191.5,1,4.031,1,34.497,1
5905612,2025-11-10T09:55:20Z,1,-25.61562,154.97304,1,1193.3,1,34.497,1,4.025,1,1193.3,1,4.025,1,34.497,1
5905612,2025-11-10T09:55:20Z,1,-25.61562,154.97304,1,1195.1,1,34.497,1,4.02,1,1195.1,1,4.02,1,34.497,1
5905612,2025-11-10T09:55:20Z,1,-25.61562,154.97304,1,1197.3,1,34.498,1,4.009,1,1197.3,1,4.009,1,34.498,1
5905612,2025-11-10T09:55:20Z,1,-25.61562,154.97304,1,1199.5,1,34.499,1,3.999,1,1199.5,1,3.999,1,34.499,1
5905612,2025-11-10T09:55:20Z,1,-25.61562,154.97304,1,1201.3,1,34.499,1,3.995,1,1201.3,1,3.995,1,34.499,1
5905612,2025-11-10T09:55:20Z,1,-25.61562,154.97304,1,1203.1,1,34.5,1,3.988,1,1203.1,1,3.988,1,34.5,1
5905612,2025-11-10T09:55:20Z,1,-25.61562,154.97304,1,1205.3,1,34.501,1,3.974,1,1205.3,1,3.974,1,34.501,1
5905612,2025-11-10T09:55:20Z,1,-25.61562,154.97304,1,1207.5,1,34.501,1,3.966,1,1207.5,1,3.966,1,34.501,1
5905612,2025-11-10T09:55:20Z,1,-25.61562,154.97304,1,1209.3,1,34.502,1,3.96,1,1209.3,1,3.96,1,34.502,1
5905612,2025-11-10T09:55:20Z,1,-25.61562,154.97304,1,1211.1,1,34.503,1,3.953,1,1211.1,1,3.953,1,34.503,1
5905612,2025-11-10T09:55:20Z,1,-25.61562,154.97304,1,1213.4,1,34.503,1,3.945,1,1213.4,1,3.945,1,34.503,1
5905612,2025-11-10T09:55:20Z,1,-25.61562,154.97304,1,1215.6,1,34.503,1,3.938,1,1215.6,1,3.938,1,34.503,1
5905612,2025-11-10T09:55:20Z,1,-25.61562,154.97304,1,1217.3,1,34.503,1,3.932,1,1217.3,1,3.932,1,34.503,1
5905612,2025-11-10T09:55:20Z,1,-25.61562,154.97304,1,1219.1,1,34.505,1,3.922,1,1219.1,1,3.922,1,34.505,1
5905612,2025-11-10T09:55:20Z,1,-25.61562,154.97304,1,1221.4,1,34.505,1,3.918,1,1221.4,1,3.918,1,34.505,1
5905612,2025-11-10T09:55:20Z,1,-25.61562,154.97304,1,1223.7,1,34.505,1,3.915,1,1223.7,1,3.915,1,34.505,1
5905612,2025-11-10T09:55:20Z,1,-25.61562,154.97304,1,1225.4,1,34.505,1,3.911,1,1225.4,1,3.911,1,34.505,1
5905612,2025-11-10T09:55:20Z,1,-25.61562,154.97304,1,1227.2,1,34.507,1,3.896,1,1227.2,1,3.896,1,34.507,1
5905612,2025-11-10T09:55:20Z,1,-25.61562,154.97304,1,1229.5,1,34.507,1,3.885,1,1229.5,1,3.885,1,34.507,1
5905612,2025-11-10T09:55:20Z,1,-25.61562,154.97304,1,1231.7,1,34.508,1,3.874,1,1231.7,1,3.874,1,34.508,1
5905612,2025-11-10T09:55:20Z,1,-25.61562,154.97304,1,1233.5,1,34.509,1,3.865,1,1233.5,1,3.865,1,34.509,1
5905612,2025-11-10T09:55:20Z,1,-25.61562,154.97304,1,1235.4,1,34.509,1,3.859,1,1235.4,1,3.859,1,34.509,1
5905612,2025-11-10T09:55:20Z,1,-25.61562,154.97304,1,1237.2,1,34.509,1,3.855,1,1237.2,1,3.855,1,34.509,1
5905612,2025-11-10T09:55:20Z,1,-25.61562,154.97304,1,1239.5,1,34.509,1,3.852,1,1239.5,1,3.852,1,34.509,1
5905612,2025-11-10T09:55:20Z,1,-25.61562,154.97304,1,1241.8,1,34.51,1,3.848,1,1241.8,1,3.848,1,34.51,1
5905612,2025-11-10T09:55:20Z,1,-25.61562,154.97304,1,1243.6,1,34.511,1,3.83,1,1243.6,1,3.83,1,34.511,1
5905612,2025-11-10T09:55:20Z,1,-25.61562,154.97304,1,1245.4,1,34.513,1,3.814,1,1245.4,1,3.814,1,34.513,1
5905612,2025-11-10T09:55:20Z,1,-25.61562,154.97304,1,1247.3,1,34.513,1,3.808,1,1247.3,1,3.808,1,34.513,1
5905612,2025-11-10T09:55:20Z,1,-25.61562,154.97304,1,1249.1,1,34.514,1,3.802,1,1249.1,1,3.802,1,34.514,1
5905612,2025-11-10T09:55:20Z,1,-25.61562,154.97304,1,1251.4,1,34.513,1,3.794,1,1251.4,1,3.794,1,34.513,1
5905612,2025-11-10T09:55:20Z,1,-25.61562,154.97304,1,1253.6,1,34.515,1,3.782,1,1253.6,1,3.782,1,34.515,1
5905612,2025-11-10T09:55:20Z,1,-25.61562,154.97304,1,1255.4,1,34.516,1,3.779,1,1255.4,1,3.779,1,34.516,1
5905612,2025-11-10T09:55:20Z,1,-25.61562,154.97304,1,1257.2,1,34.516,1,3.776,1,1257.2,1,3.776,1,34.516,1
5905612,2025-11-10T09:55:20Z,1,-25.61562,154.97304,1,1259.1,1,34.515,1,3.776,1,1259.1,1,3.776,1,34.515,1
5905612,2025-11-10T09:55:20Z,1,-25.61562,154.97304,1,1261.4,1,34.515,1,3.773,1,1261.4,1,3.773,1,34.515,1
5905612,2025-11-10T09:55:20Z,1,-25.61562,154.97304,1,1263.6,1,34.516,1,3.767,1,1263.6,1,3.767,1,34.516,1
5905612,2025-11-10T09:55:20Z,1,-25.61562,154.97304,1,1265.4,1,34.516,1,3.757,1,1265.4,1,3.757,1,34.516,1
5905612,2025-11-10T09:55:20Z,1,-25.61562,154.97304,1,1267.3,1,34.518,1,3.745,1,1267.3,1,3.745,1,34.518,1
5905612,2025-11-10T09:55:20Z,1,-25.61562,154.97304,1,1269.1,1,34.519,1,3.728,1,1269.1,1,3.728,1,34.519,1
5905612,2025-11-10T09:55:20Z,1,-25.61562,154.97304,1,1271.3,1,34.519,1,3.723,1,1271.3,1,3.723,1,34.519,1
5905612,2025-11-10T09:55:20Z,1,-25.61562,154.97304,1,1273.5,1,34.52,1,3.712,1,1273.5,1,3.712,1,34.52,1
5905612,2025-11-10T09:55:20Z,1,-25.61562,154.97304,1,1275.3,1,34.521,1,3.71,1,1275.3,1,3.71,1,34.521,1
5905612,2025-11-10T09:55:20Z,1,-25.61562,154.97304,1,1277.2,1,34.52,1,3.709,1,1277.2,1,3.709,1,34.52,1
5905612,2025-11-10T09:55:20Z,1,-25.61562,154.97304,1,1279.5,1,34.52,1,3.706,1,1279.5,1,3.706,1,34.52,1
5905612,2025-11-10T09:55:20Z,1,-25.61562,154.97304,1,1281.7,1,34.521,1,3.701,1,1281.7,1,3.701,1,34.521,1
5905612,2025-11-10T09:55:20Z,1,-25.61562,154.97304,1,1283.5,1,34.521,1,3.699,1,1283.5,1,3.699,1,34.521,1
5905612,2025-11-10T09:55:20Z,1,-25.61562,154.97304,1,1285.4,1,34.522,1,3.693,1,1285.4,1,3.693,1,34.522,1
5905612,2025-11-10T09:55:20Z,1,-25.61562,154.97304,1,1287.2,1,34.522,1,3.69,1,1287.2,1,3.69,1,34.522,1
5905612,2025-11-10T09:55:20Z,1,-25.61562,154.97304,1,1289.5,1,34.522,1,3.687,1,1289.5,1,3.687,1,34.522,1
5905612,2025-11-10T09:55:20Z,1,-25.61562,154.97304,1,1291.8,1,34.522,1,3.683,1,1291.8,1,3.683,1,34.522,1
5905612,2025-11-10T09:55:20Z,1,-25.61562,154.97304,1,1293.6,1,34.523,1,3.681,1,1293.6,1,3.681,1,34.523,1
5905612,2025-11-10T09:55:20Z,1,-25.61562,154.97304,1,1295.5,1,34.523,1,3.679,1,1295.5,1,3.679,1,34.523,1
5905612,2025-11-10T09:55:20Z,1,-25.61562,154.97304,1,1297.3,1,34.523,1,3.676,1,1297.3,1,3.676,1,34.523,1
5905612,2025-11-10T09:55:20Z,1,-25.61562,154.97304,1,1299.1,1,34.523,1,3.673,1,1299.1,1,3.673,1,34.523,1
5905612,2025-11-10T09:55:20Z,1,-25.61562,154.97304,1,1301.4,1,34.523,1,3.672,1,1301.4,1,3.672,1,34.523,1
5905612,2025-11-10T09:55:20Z,1,-25.61562,154.97304,1,1303.7,1,34.523,1,3.673,1,1303.7,1,3.673,1,34.523,1
5905612,2025-11-10T09:55:20Z,1,-25.61562,154.97304,1,1305.5,1,34.524,1,3.672,1,1305.5,1,3.672,1,34.524,1
5905612,2025-11-10T09:55:20Z,1,-25.61562,154.97304,1,1307.3,1,34.523,1,3.672,1,1307.3,1,3.672,1,34.523,1
5905612,2025-11-10T09:55:20Z,1,-25.61562,154.97304,1,1309.1,1,34.524,1,3.669,1,1309.1,1,3.669,1,34.524,1
5905612,2025-11-10T09:55:20Z,1,-25.61562,154.97304,1,1311.4,1,34.525,1,3.656,1,1311.4,1,3.656,1,34.525,1
5905612,2025-11-10T09:55:20Z,1,-25.61562,154.97304,1,1313.7,1,34.525,1,3.654,1,1313.7,1,3.654,1,34.525,1
5905612,2025-11-10T09:55:20Z,1,-25.61562,154.97304,1,1315.6,1,34.525,1,3.651,1,1315.6,1,3.651,1,34.525,1
5905612,2025-11-10T09:55:20Z,1,-25.61562,154.97304,1,1317.4,1,34.526,1,3.645,1,1317.4,1,3.645,1,34.526,1
5905612,2025-11-10T09:55:20Z,1,-25.61562,154.97304,1,1319.3,1,34.525,1,3.642,1,1319.3,1,3.642,1,34.525,1
5905612,2025-11-10T09:55:20Z,1,-25.61562,154.97304,1,1321.2,1,34.527,1,3.634,1,1321.2,1,3.634,1,34.527,1
5905612,2025-11-10T09:55:20Z,1,-25.61562,154.97304,1,1323.1,1,34.526,1,3.631,1,1323.1,1,3.631,1,34.526,1
5905612,2025-11-10T09:55:20Z,1,-25.61562,154.97304,1,1325.0,1,34.526,1,3.629,1,1325.0,1,3.629,1,34.526,1
5905612,2025-11-10T09:55:20Z,1,-25.61562,154.97304,1,1327.4,1,34.527,1,3.625,1,1327.4,1,3.625,1,34.527,1
5905612,2025-11-10T09:55:20Z,1,-25.61562,154.97304,1,1329.8,1,34.527,1,3.622,1,1329.8,1,3.622,1,34.527,1
5905612,2025-11-10T09:55:20Z,1,-25.61562,154.97304,1,1331.8,1,34.528,1,3.617,1,1331.8,1,3.617,1,34.528,1
5905612,2025-11-10T09:55:20Z,1,-25.61562,154.97304,1,1333.7,1,34.528,1,3.613,1,1333.7,1,3.613,1,34.528,1
5905612,2025-11-10T09:55:20Z,1,-25.61562,154.97304,1,1335.6,1,34.528,1,3.61,1,1335.6,1,3.61,1,34.528,1
5905612,2025-11-10T09:55:20Z,1,-25.61562,154.97304,1,1337.5,1,34.529,1,3.604,1,1337.5,1,3.604,1,34.529,1
5905612,2025-11-10T09:55:20Z,1,-25.61562,154.97304,1,1339.5,1,34.53,1,3.604,1,1339.5,1,3.604,1,34.53,1
5905612,2025-11-10T09:55:20Z,1,-25.61562,154.97304,1,1341.4,1,34.53,1,3.603,1,1341.4,1,3.603,1,34.53,1
5905612,2025-11-10T09:55:20Z,1,-25.61562,154.97304,1,1343.4,1,34.53,1,3.602,1,1343.4,1,3.602,1,34.53,1
5905612,2025-11-10T09:55:20Z,1,-25.61562,154.97304,1,1345.4,1,34.53,1,3.597,1,1345.4,1,3.597,1,34.53,1
5905612,2025-11-10T09:55:20Z,1,-25.61562,154.97304,1,1347.4,1,34.531,1,3.592,1,1347.4,1,3.592,1,34.531,1
5905612,2025-11-10T09:55:20Z,1,-25.61562,154.97304,1,1349.5,1,34.531,1,3.59,1,1349.5,1,3.59,1,34.531,1
5905612,2025-11-10T09:55:20Z,1,-25.61562,154.97304,1,1351.5,1,34.531,1,3.589,1,1351.5,1,3.589,1,34.531,1
5905612,2025-11-10T09:55:20Z,1,-25.61562,154.97304,1,1353.5,1,34.531,1,3.586,1,1353.5,1,3.586,1,34.531,1
5905612,2025-11-10T09:55:20Z,1,-25.61562,154.97304,1,1355.6,1,34.532,1,3.583,1,1355.6,1,3.583,1,34.532,1
5905612,2025-11-10T09:55:20Z,1,-25.61562,154.97304,1,1357.6,1,34.532,1,3.58,1,1357.6,1,3.58,1,34.532,1
5905612,2025-11-10T09:55:20Z,1,-25.61562,154.97304,1,1359.6,1,34.532,1,3.574,1,1359.6,1,3.574,1,34.532,1
5905612,2025-11-10T09:55:20Z,1,-25.61562,154.97304,1,1361.7,1,34.533,1,3.57,1,1361.7,1,3.57,1,34.533,1
5905612,2025-11-10T09:55:20Z,1,-25.61562,154.97304,1,1363.7,1,34.533,1,3.566,1,1363.7,1,3.566,1,34.533,1
5905612,2025-11-10T09:55:20Z,1,-25.61562,154.97304,1,1365.7,1,34.533,1,3.561,1,1365.7,1,3.561,1,34.533,1
5905612,2025-11-10T09:55:20Z,1,-25.61562,154.97304,1,1367.8,1,34.534,1,3.558,1,1367.8,1,3.558,1,34.534,1
5905612,2025-11-10T09:55:20Z,1,-25.61562,154.97304,1,1369.8,1,34.534,1,3.557,1,1369.8,1,3.557,1,34.534,1
5905612,2025-11-10T09:55:20Z,1,-25.61562,154.97304,1,1371.9,1,34.534,1,3.557,1,1371.9,1,3.557,1,34.534,1
5905612,2025-11-10T09:55:20Z,1,-25.61562,154.97304,1,1373.4,1,34.534,1,3.552,1,1373.4,1,3.552,1,34.534,1
5905612,2025-11-10T09:55:20Z,1,-25.61562,154.97304,1,1375.0,1,34.534,1,3.548,1,1375.0,1,3.548,1,34.534,1
5905612,2025-11-10T09:55:20Z,1,-25.61562,154.97304,1,1377.0,1,34.535,1,3.541,1,1377.0,1,3.541,1,34.535,1
5905612,2025-11-10T09:55:20Z,1,-25.61562,154.97304,1,1379.1,1,34.536,1,3.534,1,1379.1,1,3.534,1,34.536,1
5905612,2025-11-10T09:55:20Z,1,-25.61562,154.97304,1,1381.2,1,34.536,1,3.528,1,1381.2,1,3.528,1,34.536,1
5905612,2025-11-10T09:55:20Z,1,-25.61562,154.97304,1,1383.3,1,34.537,1,3.518,1,1383.3,1,3.518,1,34.537,1
5905612,2025-11-10T09:55:20Z,1,-25.61562,154.97304,1,1385.4,1,34.539,1,3.506,1,1385.4,1,3.506,1,34.539,1
5905612,2025-11-10T09:55:20Z,1,-25.61562,154.97304,1,1387.5,1,34.539,1,3.501,1,1387.5,1,3.501,1,34.539,1
5905612,2025-11-10T09:55:20Z,1,-25.61562,154.97304,1,1389.7,1,34.539,1,3.498,1,1389.7,1,3.498,1,34.539,1
5905612,2025-11-10T09:55:20Z,1,-25.61562,154.97304,1,1391.8,1,34.539,1,3.495,1,1391.8,1,3.495,1,34.539,1
5905612,2025-11-10T09:55:20Z,1,-25.61562,154.97304,1,1393.4,1,34.54,1,3.494,1,1393.4,1,3.494,1,34.54,1
5905612,2025-11-10T09:55:20Z,1,-25.61562,154.97304,1,1395.0,1,34.54,1,3.492,1,1395.0,1,3.492,1,34.54,1
5905612,2025-11-10T09:55:20Z,1,-25.61562,154.97304,1,1397.0,1,34.54,1,3.49,1,1397.0,1,3.49,1,34.54,1
5905612,2025-11-10T09:55:20Z,1,-25.61562,154.97304,1,1399.3,1,34.54,1,3.486,1,1399.3,1,3.486,1,34.54,1
5905612,2025-11-10T09:55:20Z,1,-25.61562,154.97304,1,1401.4,1,34.541,1,3.474,1,1401.4,1,3.474,1,34.541,1
5905612,2025-11-10T09:55:20Z,1,-25.61562,154.97304,1,1403.4,1,34.542,1,3.467,1,1403.4,1,3.467,1,34.542,1
5905612,2025-11-10T09:55:20Z,1,-25.61562,154.97304,1,1405.4,1,34.542,1,3.463,1,1405.4,1,3.463,1,34.542,1
5905612,2025-11-10T09:55:20Z,1,-25.61562,154.97304,1,1407.4,1,34.542,1,3.458,1,1407.4,1,3.458,1,34.542,1
5905612,2025-11-10T09:55:20Z,1,-25.61562,154.97304,1,1409.5,1,34.544,1,3.441,1,1409.5,1,3.441,1,34.544,1
5905612,2025-11-10T09:55:20Z,1,-25.61562,154.97304,1,1411.5,1,34.545,1,3.435,1,1411.5,1,3.435,1,34.545,1
5905612,2025-11-10T09:55:20Z,1,-25.61562,154.97304,1,1413.6,1,34.545,1,3.432,1,1413.6,1,3.432,1,34.545,1
5905612,2025-11-10T09:55:20Z,1,-25.61562,154.97304,1,1415.6,1,34.545,1,3.43,1,1415.6,1,3.43,1,34.545,1
5905612,2025-11-10T09:55:20Z,1,-25.61562,154.97304,1,1417.7,1,34.545,1,3.429,1,1417.7,1,3.429,1,34.545,1
5905612,2025-11-10T09:55:20Z,1,-25.61562,154.97304,1,1419.3,1,34.545,1,3.428,1,1419.3,1,3.428,1,34.545,1
5905612,2025-11-10T09:55:20Z,1,-25.61562,154.97304,1,1421.4,1,34.546,1,3.417,1,1421.4,1,3.417,1,34.546,1
5905612,2025-11-10T09:55:20Z,1,-25.61562,154.97304,1,1423.4,1,34.547,1,3.406,1,1423.4,1,3.406,1,34.547,1
5905612,2025-11-10T09:55:20Z,1,-25.61562,154.97304,1,1425.5,1,34.549,1,3.388,1,1425.5,1,3.388,1,34.549,1
5905612,2025-11-10T09:55:20Z,1,-25.61562,154.97304,1,1427.6,1,34.549,1,3.385,1,1427.6,1,3.385,1,34.549,1
5905612,2025-11-10T09:55:20Z,1,-25.61562,154.97304,1,1429.2,1,34.549,1,3.384,1,1429.2,1,3.384,1,34.549,1
5905612,2025-11-10T09:55:20Z,1,-25.61562,154.97304,1,1431.3,1,34.549,1,3.383,1,1431.3,1,3.383,1,34.549,1
5905612,2025-11-10T09:55:20Z,1,-25.61562,154.97304,1,1433.4,1,34.549,1,3.382,1,1433.4,1,3.382,1,34.549,1
5905612,2025-11-10T09:55:20Z,1,-25.61562,154.97304,1,1435.4,1,34.549,1,3.38,1,1435.4,1,3.38,1,34.549,1
5905612,2025-11-10T09:55:20Z,1,-25.61562,154.97304,1,1437.5,1,34.55,1,3.374,1,1437.5,1,3.374,1,34.55,1
5905612,2025-11-10T09:55:20Z,1,-25.61562,154.97304,1,1439.2,1,34.551,1,3.359,1,1439.2,1,3.359,1,34.551,1
5905612,2025-11-10T09:55:20Z,1,-25.61562,154.97304,1,1441.4,1,34.552,1,3.35,1,1441.4,1,3.35,1,34.552,1
5905612,2025-11-10T09:55:20Z,1,-25.61562,154.97304,1,1443.5,1,34.553,1,3.343,1,1443.5,1,3.343,1,34.553,1
5905612,2025-11-10T09:55:20Z,1,-25.61562,154.97304,1,1445.2,1,34.554,1,3.334,1,1445.2,1,3.334,1,34.554,1
5905612,2025-11-10T09:55:20Z,1,-25.61562,154.97304,1,1447.4,1,34.554,1,3.333,1,1447.4,1,3.333,1,34.554,1
5905612,2025-11-10T09:55:20Z,1,-25.61562,154.97304,1,1449.5,1,34.554,1,3.327,1,1449.5,1,3.327,1,34.554,1
5905612,2025-11-10T09:55:20Z,1,-25.61562,154.97304,1,1451.2,1,34.554,1,3.324,1,1451.2,1,3.324,1,34.554,1
5905612,2025-11-10T09:55:20Z,1,-25.61562,154.97304,1,1453.3,1,34.555,1,3.321,1,1453.3,1,3.321,1,34.555,1
5905612,2025-11-10T09:55:20Z,1,-25.61562,154.97304,1,1455.5,1,34.555,1,3.32,1,1455.5,1,3.32,1,34.555,1
5905612,2025-11-10T09:55:20Z,1,-25.61562,154.97304,1,1457.3,1,34.555,1,3.315,1,1457.3,1,3.315,1,34.555,1
5905612,2025-11-10T09:55:20Z,1,-25.61562,154.97304,1,1459.5,1,34.556,1,3.306,1,1459.5,1,3.306,1,34.556,1
5905612,2025-11-10T09:55:20Z,1,-25.61562,154.97304,1,1461.6,1,34.557,1,3.3,1,1461.6,1,3.3,1,34.557,1
5905612,2025-11-10T09:55:20Z,1,-25.61562,154.97304,1,1463.3,1,34.557,1,3.298,1,1463.3,1,3.298,1,34.557,1
5905612,2025-11-10T09:55:20Z,1,-25.61562,154.97304,1,1465.4,1,34.557,1,3.292,1,1465.4,1,3.292,1,34.557,1
5905612,2025-11-10T09:55:20Z,1,-25.61562,154.97304,1,1467.6,1,34.558,1,3.286,1,1467.6,1,3.286,1,34.558,1
5905612,2025-11-10T09:55:20Z,1,-25.61562,154.97304,1,1469.3,1,34.558,1,3.284,1,1469.3,1,3.284,1,34.558,1
5905612,2025-11-10T09:55:20Z,1,-25.61562,154.97304,1,1471.5,1,34.558,1,3.281,1,1471.5,1,3.281,1,34.558,1
5905612,2025-11-10T09:55:20Z,1,-25.61562,154.97304,1,1473.7,1,34.559,1,3.277,1,1473.7,1,3.277,1,34.559,1
5905612,2025-11-10T09:55:20Z,1,-25.61562,154.97304,1,1475.5,1,34.559,1,3.275,1,1475.5,1,3.275,1,34.559,1
5905612,2025-11-10T09:55:20Z,1,-25.61562,154.97304,1,1477.2,1,34.559,1,3.273,1,1477.2,1,3.273,1,34.559,1
5905612,2025-11-10T09:55:20Z,1,-25.61562,154.97304,1,1479.4,1,34.56,1,3.262,1,1479.4,1,3.262,1,34.56,1
5905612,2025-11-10T09:55:20Z,1,-25.61562,154.97304,1,1481.6,1,34.562,1,3.249,1,1481.6,1,3.249,1,34.562,1
5905612,2025-11-10T09:55:20Z,1,-25.61562,154.97304,1,1483.4,1,34.561,1,3.247,1,1483.4,1,3.247,1,34.561,1
5905612,2025-11-10T09:55:20Z,1,-25.61562,154.97304,1,1485.1,1,34.562,1,3.245,1,1485.1,1,3.245,1,34.562,1
5905612,2025-11-10T09:55:20Z,1,-25.61562,154.97304,1,1487.3,1,34.562,1,3.241,1,1487.3,1,3.241,1,34.562,1
5905612,2025-11-10T09:55:20Z,1,-25.61562,154.97304,1,1489.5,1,34.562,1,3.239,1,1489.5,1,3.239,1,34.562,1
5905612,2025-11-10T09:55:20Z,1,-25.61562,154.97304,1,1491.2,1,34.562,1,3.237,1,1491.2,1,3.237,1,34.562,1
5905612,2025-11-10T09:55:20Z,1,-25.61562,154.97304,1,1493.4,1,34.563,1,3.226,1,1493.4,1,3.226,1,34.563,1
5905612,2025-11-10T09:55:20Z,1,-25.61562,154.97304,1,1495.6,1,34.564,1,3.221,1,1495.6,1,3.221,1,34.564,1
5905612,2025-11-10T09:55:20Z,1,-25.61562,154.97304,1,1497.4,1,34.565,1,3.219,1,1497.4,1,3.219,1,34.565,1
5905612,2025-11-10T09:55:20Z,1,-25.61562,154.97304,1,1499.5,1,34.564,1,3.219,1,1499.5,1,3.219,1,34.564,1
5905612,2025-11-10T09:55:20Z,1,-25.61562,154.97304,1,1501.7,1,34.564,1,3.218,1,1501.7,1,3.218,1,34.564,1
5905612,2025-11-10T09:55:20Z,1,-25.61562,154.97304,1,1503.5,1,34.564,1,3.217,1,1503.5,1,3.217,1,34.564,1
5905612,2025-11-10T09:55:20Z,1,-25.61562,154.97304,1,1505.3,1,34.564,1,3.216,1,1505.3,1,3.216,1,34.564,1
5905612,2025-11-10T09:55:20Z,1,-25.61562,154.97304,1,1507.5,1,34.565,1,3.214,1,1507.5,1,3.214,1,34.565,1
5905612,2025-11-10T09:55:20Z,1,-25.61562,154.97304,1,1509.7,1,34.565,1,3.211,1,1509.7,1,3.211,1,34.565,1
5905612,2025-11-10T09:55:20Z,1,-25.61562,154.97304,1,1511.5,1,34.565,1,3.209,1,1511.5,1,3.209,1,34.565,1
5905612,2025-11-10T09:55:20Z,1,-25.61562,154.97304,1,1513.4,1,34.566,1,3.203,1,1513.4,1,3.203,1,34.566,1
5905612,2025-11-10T09:55:20Z,1,-25.61562,154.97304,1,1515.2,1,34.566,1,3.199,1,1515.2,1,3.199,1,34.566,1
5905612,2025-11-10T09:55:20Z,1,-25.61562,154.97304,1,1517.4,1,34.567,1,3.195,1,1517.4,1,3.195,1,34.567,1
5905612,2025-11-10T09:55:20Z,1,-25.61562,154.97304,1,1519.7,1,34.567,1,3.193,1,1519.7,1,3.193,1,34.567,1
5905612,2025-11-10T09:55:20Z,1,-25.61562,154.97304,1,1521.5,1,34.567,1,3.19,1,1521.5,1,3.19,1,34.567,1
5905612,2025-11-10T09:55:20Z,1,-25.61562,154.97304,1,1523.4,1,34.567,1,3.187,1,1523.4,1,3.187,1,34.567,1
5905612,2025-11-10T09:55:20Z,1,-25.61562,154.97304,1,1525.2,1,34.568,1,3.185,1,1525.2,1,3.185,1,34.568,1
5905612,2025-11-10T09:55:20Z,1,-25.61562,154.97304,1,1527.5,1,34.568,1,3.177,1,1527.5,1,3.177,1,34.568,1
5905612,2025-11-10T09:55:20Z,1,-25.61562,154.97304,1,1529.8,1,34.569,1,3.169,1,1529.8,1,3.169,1,34.569,1
5905612,2025-11-10T09:55:20Z,1,-25.61562,154.97304,1,1531.6,1,34.57,1,3.162,1,1531.6,1,3.162,1,34.57,1
5905612,2025-11-10T09:55:20Z,1,-25.61562,154.97304,1,1533.5,1,34.57,1,3.158,1,1533.5,1,3.158,1,34.57,1
5905612,2025-11-10T09:55:20Z,1,-25.61562,154.97304,1,1535.3,1,34.571,1,3.146,1,1535.3,1,3.146,1,34.571,1
5905612,2025-11-10T09:55:20Z,1,-25.61562,154.97304,1,1537.2,1,34.571,1,3.139,1,1537.2,1,3.139,1,34.571,1
5905612,2025-11-10T09:55:20Z,1,-25.61562,154.97304,1,1539.5,1,34.572,1,3.133,1,1539.5,1,3.133,1,34.572,1
5905612,2025-11-10T09:55:20Z,1,-25.61562,154.97304,1,1541.7,1,34.573,1,3.126,1,1541.7,1,3.126,1,34.573,1
5905612,2025-11-10T09:55:20Z,1,-25.61562,154.97304,1,1543.6,1,34.573,1,3.12,1,1543.6,1,3.12,1,34.573,1
5905612,2025-11-10T09:55:20Z,1,-25.61562,154.97304,1,1545.5,1,34.575,1,3.11,1,1545.5,1,3.11,1,34.575,1
5905612,2025-11-10T09:55:20Z,1,-25.61562,154.97304,1,1547.4,1,34.575,1,3.107,1,1547.4,1,3.107,1,34.575,1
5905612,2025-11-10T09:55:20Z,1,-25.61562,154.97304,1,1549.4,1,34.575,1,3.107,1,1549.4,1,3.107,1,34.575,1
5905612,2025-11-10T09:55:20Z,1,-25.61562,154.97304,1,1551.4,1,34.575,1,3.101,1,1551.4,1,3.101,1,34.575,1
5905612,2025-11-10T09:55:20Z,1,-25.61562,154.97304,1,1553.3,1,34.575,1,3.099,1,1553.3,1,3.099,1,34.575,1
5905612,2025-11-10T09:55:20Z,1,-25.61562,154.97304,1,1555.1,1,34.576,1,3.096,1,1555.1,1,3.096,1,34.576,1
5905612,2025-11-10T09:55:20Z,1,-25.61562,154.97304,1,1557.0,1,34.576,1,3.087,1,1557.0,1,3.087,1,34.576,1
5905612,2025-11-10T09:55:20Z,1,-25.61562,154.97304,1,1559.4,1,34.577,1,3.081,1,1559.4,1,3.081,1,34.577,1
5905612,2025-11-10T09:55:20Z,1,-25.61562,154.97304,1,1561.8,1,34.578,1,3.075,1,1561.8,1,3.075,1,34.578,1
5905612,2025-11-10T09:55:20Z,1,-25.61562,154.97304,1,1563.7,1,34.578,1,3.074,1,1563.7,1,3.074,1,34.578,1
5905612,2025-11-10T09:55:20Z,1,-25.61562,154.97304,1,1565.6,1,34.578,1,3.074,1,1565.6,1,3.074,1,34.578,1
5905612,2025-11-10T09:55:20Z,1,-25.61562,154.97304,1,1567.6,1,34.578,1,3.072,1,1567.6,1,3.072,1,34.578,1
5905612,2025-11-10T09:55:20Z,1,-25.61562,154.97304,1,1569.5,1,34.579,1,3.063,1,1569.5,1,3.063,1,34.579,1
5905612,2025-11-10T09:55:20Z,1,-25.61562,154.97304,1,1571.5,1,34.579,1,3.058,1,1571.5,1,3.058,1,34.579,1
5905612,2025-11-10T09:55:20Z,1,-25.61562,154.97304,1,1573.5,1,34.58,1,3.056,1,1573.5,1,3.056,1,34.58,1
5905612,2025-11-10T09:55:20Z,1,-25.61562,154.97304,1,1575.4,1,34.58,1,3.054,1,1575.4,1,3.054,1,34.58,1
5905612,2025-11-10T09:55:20Z,1,-25.61562,154.97304,1,1577.4,1,34.58,1,3.05,1,1577.4,1,3.05,1,34.58,1
5905612,2025-11-10T09:55:20Z,1,-25.61562,154.97304,1,1579.4,1,34.581,1,3.043,1,1579.4,1,3.043,1,34.581,1
5905612,2025-11-10T09:55:20Z,1,-25.61562,154.97304,1,1581.4,1,34.581,1,3.037,1,1581.4,1,3.037,1,34.581,1
5905612,2025-11-10T09:55:20Z,1,-25.61562,154.97304,1,1583.4,1,34.582,1,3.032,1,1583.4,1,3.032,1,34.582,1
5905612,2025-11-10T09:55:20Z,1,-25.61562,154.97304,1,1585.4,1,34.582,1,3.029,1,1585.4,1,3.029,1,34.582,1
5905612,2025-11-10T09:55:20Z,1,-25.61562,154.97304,1,1587.5,1,34.582,1,3.026,1,1587.5,1,3.026,1,34.582,1
5905612,2025-11-10T09:55:20Z,1,-25.61562,154.97304,1,1589.5,1,34.583,1,3.022,1,1589.5,1,3.022,1,34.583,1
5905612,2025-11-10T09:55:20Z,1,-25.61562,154.97304,1,1591.5,1,34.583,1,3.019,1,1591.5,1,3.019,1,34.583,1
5905612,2025-11-10T09:55:20Z,1,-25.61562,154.97304,1,1593.5,1,34.584,1,3.01,1,1593.5,1,3.01,1,34.584,1
5905612,2025-11-10T09:55:20Z,1,-25.61562,154.97304,1,1595.6,1,34.585,1,3.001,1,1595.6,1,3.001,1,34.585,1
5905612,2025-11-10T09:55:20Z,1,-25.61562,154.97304,1,1597.6,1,34.585,1,2.999,1,1597.6,1,2.999,1,34.585,1
5905612,2025-11-10T09:55:20Z,1,-25.61562,154.97304,1,1599.6,1,34.585,1,2.992,1,1599.6,1,2.992,1,34.585,1
5905612,2025-11-10T09:55:20Z,1,-25.61562,154.97304,1,1601.7,1,34.586,1,2.985,1,1601.7,1,2.985,1,34.586,1
5905612,2025-11-10T09:55:20Z,1,-25.61562,154.97304,1,1603.8,1,34.587,1,2.977,1,1603.8,1,2.977,1,34.587,1
5905612,2025-11-10T09:55:20Z,1,-25.61562,154.97304,1,1605.8,1,34.588,1,2.974,1,1605.8,1,2.974,1,34.588,1
5905612,2025-11-10T09:55:20Z,1,-25.61562,154.97304,1,1607.4,1,34.588,1,2.97,1,1607.4,1,2.97,1,34.588,1
5905612,2025-11-10T09:55:20Z,1,-25.61562,154.97304,1,1609.0,1,34.589,1,2.964,1,1609.0,1,2.964,1,34.589,1
5905612,2025-11-10T09:55:20Z,1,-25.61562,154.97304,1,1611.1,1,34.589,1,2.962,1,1611.1,1,2.962,1,34.589,1
5905612,2025-11-10T09:55:20Z,1,-25.61562,154.97304,1,1613.1,1,34.589,1,2.959,1,1613.1,1,2.959,1,34.589,1
5905612,2025-11-10T09:55:20Z,1,-25.61562,154.97304,1,1615.5,1,34.589,1,2.958,1,1615.5,1,2.958,1,34.589,1
5905612,2025-11-10T09:55:20Z,1,-25.61562,154.97304,1,1617.6,1,34.589,1,2.956,1,1617.6,1,2.956,1,34.589,1
5905612,2025-11-10T09:55:20Z,1,-25.61562,154.97304,1,1619.2,1,34.589,1,2.955,1,1619.2,1,2.955,1,34.589,1
5905612,2025-11-10T09:55:20Z,1,-25.61562,154.97304,1,1621.3,1,34.589,1,2.953,1,1621.3,1,2.953,1,34.589,1
5905612,2025-11-10T09:55:20Z,1,-25.61562,154.97304,1,1623.3,1,34.59,1,2.945,1,1623.3,1,2.945,1,34.59,1
5905612,2025-11-10T09:55:20Z,1,-25.61562,154.97304,1,1625.4,1,34.59,1,2.945,1,1625.4,1,2.945,1,34.59,1
5905612,2025-11-10T09:55:20Z,1,-25.61562,154.97304,1,1627.5,1,34.59,1,2.944,1,1627.5,1,2.944,1,34.59,1
5905612,2025-11-10T09:55:20Z,1,-25.61562,154.97304,1,1629.2,1,34.591,1,2.94,1,1629.2,1,2.94,1,34.591,1
5905612,2025-11-10T09:55:20Z,1,-25.61562,154.97304,1,1631.4,1,34.591,1,2.935,1,1631.4,1,2.935,1,34.591,1
5905612,2025-11-10T09:55:20Z,1,-25.61562,154.97304,1,1633.6,1,34.591,1,2.932,1,1633.6,1,2.932,1,34.591,1
5905612,2025-11-10T09:55:20Z,1,-25.61562,154.97304,1,1635.3,1,34.591,1,2.931,1,1635.3,1,2.931,1,34.591,1
5905612,2025-11-10T09:55:20Z,1,-25.61562,154.97304,1,1637.4,1,34.592,1,2.927,1,1637.4,1,2.927,1,34.592,1
5905612,2025-11-10T09:55:20Z,1,-25.61562,154.97304,1,1639.6,1,34.592,1,2.921,1,1639.6,1,2.921,1,34.592,1
5905612,2025-11-10T09:55:20Z,1,-25.61562,154.97304,1,1641.3,1,34.593,1,2.917,1,1641.3,1,2.917,1,34.593,1
5905612,2025-11-10T09:55:20Z,1,-25.61562,154.97304,1,1643.5,1,34.593,1,2.916,1,1643.5,1,2.916,1,34.593,1
5905612,2025-11-10T09:55:20Z,1,-25.61562,154.97304,1,1645.7,1,34.593,1,2.912,1,1645.7,1,2.912,1,34.593,1
5905612,2025-11-10T09:55:20Z,1,-25.61562,154.97304,1,1647.4,1,34.594,1,2.908,1,1647.4,1,2.908,1,34.594,1
5905612,2025-11-10T09:55:20Z,1,-25.61562,154.97304,1,1649.2,1,34.594,1,2.905,1,1649.2,1,2.905,1,34.594,1
5905612,2025-11-10T09:55:20Z,1,-25.61562,154.97304,1,1651.5,1,34.594,1,2.903,1,1651.5,1,2.903,1,34.594,1
5905612,2025-11-10T09:55:20Z,1,-25.61562,154.97304,1,1653.6,1,34.595,1,2.901,1,1653.6,1,2.901,1,34.595,1
5905612,2025-11-10T09:55:20Z,1,-25.61562,154.97304,1,1655.4,1,34.594,1,2.9,1,1655.4,1,2.9,1,34.594,1
5905612,2025-11-10T09:55:20Z,1,-25.61562,154.97304,1,1657.2,1,34.595,1,2.899,1,1657.2,1,2.899,1,34.595,1
5905612,2025-11-10T09:55:20Z,1,-25.61562,154.97304,1,1659.5,1,34.595,1,2.898,1,1659.5,1,2.898,1,34.595,1
5905612,2025-11-10T09:55:20Z,1,-25.61562,154.97304,1,1661.7,1,34.595,1,2.893,1,1661.7,1,2.893,1,34.595,1
5905612,2025-11-10T09:55:20Z,1,-25.61562,154.97304,1,1663.5,1,34.596,1,2.887,1,1663.5,1,2.887,1,34.596,1
5905612,2025-11-10T09:55:20Z,1,-25.61562,154.97304,1,1665.3,1,34.596,1,2.88,1,1665.3,1,2.88,1,34.596,1
5905612,2025-11-10T09:55:20Z,1,-25.61562,154.97304,1,1667.2,1,34.597,1,2.876,1,1667.2,1,2.876,1,34.597,1
5905612,2025-11-10T09:55:20Z,1,-25.61562,154.97304,1,1669.5,1,34.597,1,2.871,1,1669.5,1,2.871,1,34.597,1
5905612,2025-11-10T09:55:20Z,1,-25.61562,154.97304,1,1671.7,1,34.597,1,2.867,1,1671.7,1,2.867,1,34.597,1
5905612,2025-11-10T09:55:20Z,1,-25.61562,154.97304,1,1673.6,1,34.598,1,2.864,1,1673.6,1,2.864,1,34.598,1
5905612,2025-11-10T09:55:20Z,1,-25.61562,154.97304,1,1675.4,1,34.599,1,2.856,1,1675.4,1,2.856,1,34.599,1
5905612,2025-11-10T09:55:20Z,1,-25.61562,154.97304,1,1677.3,1,34.599,1,2.855,1,1677.3,1,2.855,1,34.599,1
5905612,2025-11-10T09:55:20Z,1,-25.61562,154.97304,1,1679.1,1,34.599,1,2.853,1,1679.1,1,2.853,1,34.599,1
5905612,2025-11-10T09:55:20Z,1,-25.61562,154.97304,1,1681.0,1,34.599,1,2.849,1,1681.0,1,2.849,1,34.599,1
5905612,2025-11-10T09:55:20Z,1,-25.61562,154.97304,1,1683.4,1,34.601,1,2.838,1,1683.4,1,2.838,1,34.601,1
5905612,2025-11-10T09:55:20Z,1,-25.61562,154.97304,1,1685.6,1,34.601,1,2.833,1,1685.6,1,2.833,1,34.601,1
5905612,2025-11-10T09:55:20Z,1,-25.61562,154.97304,1,1687.5,1,34.601,1,2.83,1,1687.5,1,2.83,1,34.601,1
5905612,2025-11-10T09:55:20Z,1,-25.61562,154.97304,1,1689.4,1,34.601,1,2.826,1,1689.4,1,2.826,1,34.601,1
5905612,2025-11-10T09:55:20Z,1,-25.61562,154.97304,1,1691.2,1,34.602,1,2.822,1,1691.2,1,2.822,1,34.602,1
5905612,2025-11-10T09:55:20Z,1,-25.61562,154.97304,1,1693.1,1,34.603,1,2.816,1,1693.1,1,2.816,1,34.603,1
5905612,2025-11-10T09:55:20Z,1,-25.61562,154.97304,1,1695.4,1,34.604,1,2.806,1,1695.4,1,2.806,1,34.604,1
5905612,2025-11-10T09:55:20Z,1,-25.61562,154.97304,1,1697.7,1,34.605,1,2.799,1,1697.7,1,2.799,1,34.605,1
5905612,2025-11-10T09:55:20Z,1,-25.61562,154.97304,1,1699.6,1,34.604,1,2.8,1,1699.6,1,2.8,1,34.604,1
5905612,2025-11-10T09:55:20Z,1,-25.61562,154.97304,1,1701.5,1,34.604,1,2.8,1,1701.5,1,2.8,1,34.604,1
5905612,2025-11-10T09:55:20Z,1,-25.61562,154.97304,1,1703.3,1,34.605,1,2.797,1,1703.3,1,2.797,1,34.605,1
5905612,2025-11-10T09:55:20Z,1,-25.61562,154.97304,1,1705.2,1,34.605,1,2.791,1,1705.2,1,2.791,1,34.605,1
5905612,2025-11-10T09:55:20Z,1,-25.61562,154.97304,1,1707.0,1,34.606,1,2.787,1,1707.0,1,2.787,1,34.606,1
5905612,2025-11-10T09:55:20Z,1,-25.61562,154.97304,1,1709.4,1,34.606,1,2.784,1,1709.4,1,2.784,1,34.606,1
5905612,2025-11-10T09:55:20Z,1,-25.61562,154.97304,1,1711.7,1,34.607,1,2.781,1,1711.7,1,2.781,1,34.607,1
5905612,2025-11-10T09:55:20Z,1,-25.61562,154.97304,1,1713.5,1,34.606,1,2.779,1,1713.5,1,2.779,1,34.606,1
5905612,2025-11-10T09:55:20Z,1,-25.61562,154.97304,1,1715.4,1,34.607,1,2.777,1,1715.4,1,2.777,1,34.607,1
5905612,2025-11-10T09:55:20Z,1,-25.61562,154.97304,1,1717.3,1,34.607,1,2.774,1,1717.3,1,2.774,1,34.607,1
5905612,2025-11-10T09:55:20Z,1,-25.61562,154.97304,1,1719.1,1,34.608,1,2.77,1,1719.1,1,2.77,1,34.608,1
5905612,2025-11-10T09:55:20Z,1,-25.61562,154.97304,1,1721.4,1,34.608,1,2.766,1,1721.4,1,2.766,1,34.608,1
5905612,2025-11-10T09:55:20Z,1,-25.61562,154.97304,1,1723.7,1,34.609,1,2.76,1,1723.7,1,2.76,1,34.609,1
5905612,2025-11-10T09:55:20Z,1,-25.61562,154.97304,1,1725.5,1,34.609,1,2.757,1,1725.5,1,2.757,1,34.609,1
5905612,2025-11-10T09:55:20Z,1,-25.61562,154.97304,1,1727.4,1,34.609,1,2.757,1,1727.4,1,2.757,1,34.609,1
5905612,2025-11-10T09:55:20Z,1,-25.61562,154.97304,1,1729.2,1,34.609,1,2.756,1,1729.2,1,2.756,1,34.609,1
5905612,2025-11-10T09:55:20Z,1,-25.61562,154.97304,1,1731.4,1,34.61,1,2.75,1,1731.4,1,2.75,1,34.61,1
5905612,2025-11-10T09:55:20Z,1,-25.61562,154.97304,1,1733.6,1,34.61,1,2.744,1,1733.6,1,2.744,1,34.61,1
5905612,2025-11-10T09:55:20Z,1,-25.61562,154.97304,1,1735.4,1,34.611,1,2.736,1,1735.4,1,2.736,1,34.611,1
5905612,2025-11-10T09:55:20Z,1,-25.61562,154.97304,1,1737.2,1,34.612,1,2.733,1,1737.2,1,2.733,1,34.612,1
5905612,2025-11-10T09:55:20Z,1,-25.61562,154.97304,1,1739.4,1,34.612,1,2.728,1,1739.4,1,2.728,1,34.612,1
5905612,2025-11-10T09:55:20Z,1,-25.61562,154.97304,1,1741.6,1,34.612,1,2.727,1,1741.6,1,2.727,1,34.612,1
5905612,2025-11-10T09:55:20Z,1,-25.61562,154.97304,1,1743.3,1,34.612,1,2.726,1,1743.3,1,2.726,1,34.612,1
5905612,2025-11-10T09:55:20Z,1,-25.61562,154.97304,1,1745.1,1,34.613,1,2.721,1,1745.1,1,2.721,1,34.613,1
5905612,2025-11-10T09:55:20Z,1,-25.61562,154.97304,1,1747.4,1,34.613,1,2.714,1,1747.4,1,2.714,1,34.613,1
5905612,2025-11-10T09:55:20Z,1,-25.61562,154.97304,1,1749.5,1,34.614,1,2.709,1,1749.5,1,2.709,1,34.614,1
5905612,2025-11-10T09:55:20Z,1,-25.61562,154.97304,1,1751.3,1,34.614,1,2.703,1,1751.3,1,2.703,1,34.614,1
5905612,2025-11-10T09:55:20Z,1,-25.61562,154.97304,1,1753.1,1,34.615,1,2.698,1,1753.1,1,2.698,1,34.615,1
5905612,2025-11-10T09:55:20Z,1,-25.61562,154.97304,1,1755.4,1,34.615,1,2.696,1,1755.4,1,2.696,1,34.615,1
5905612,2025-11-10T09:55:20Z,1,-25.61562,154.97304,1,1757.6,1,34.615,1,2.695,1,1757.6,1,2.695,1,34.615,1
5905612,2025-11-10T09:55:20Z,1,-25.61562,154.97304,1,1759.5,1,34.615,1,2.695,1,1759.5,1,2.695,1,34.615,1
5905612,2025-11-10T09:55:20Z,1,-25.61562,154.97304,1,1761.3,1,34.615,1,2.694,1,1761.3,1,2.694,1,34.615,1
5905612,2025-11-10T09:55:20Z,1,-25.61562,154.97304,1,1763.1,1,34.616,1,2.689,1,1763.1,1,2.689,1,34.616,1
5905612,2025-11-10T09:55:20Z,1,-25.61562,154.97304,1,1765.4,1,34.617,1,2.678,1,1765.4,1,2.678,1,34.617,1
5905612,2025-11-10T09:55:20Z,1,-25.61562,154.97304,1,1767.7,1,34.618,1,2.672,1,1767.7,1,2.672,1,34.618,1
5905612,2025-11-10T09:55:20Z,1,-25.61562,154.97304,1,1769.5,1,34.618,1,2.67,1,1769.5,1,2.67,1,34.618,1
5905612,2025-11-10T09:55:20Z,1,-25.61562,154.97304,1,1771.3,1,34.618,1,2.669,1,1771.3,1,2.669,1,34.618,1
5905612,2025-11-10T09:55:20Z,1,-25.61562,154.97304,1,1773.2,1,34.618,1,2.67,1,1773.2,1,2.67,1,34.618,1
5905612,2025-11-10T09:55:20Z,1,-25.61562,154.97304,1,1775.5,1,34.618,1,2.667,1,1775.5,1,2.667,1,34.618,1
5905612,2025-11-10T09:55:20Z,1,-25.61562,154.97304,1,1777.8,1,34.619,1,2.658,1,1777.8,1,2.658,1,34.619,1
5905612,2025-11-10T09:55:20Z,1,-25.61562,154.97304,1,1779.6,1,34.62,1,2.656,1,1779.6,1,2.656,1,34.62,1
5905612,2025-11-10T09:55:20Z,1,-25.61562,154.97304,1,1781.4,1,34.62,1,2.654,1,1781.4,1,2.654,1,34.62,1
5905612,2025-11-10T09:55:20Z,1,-25.61562,154.97304,1,1783.2,1,34.62,1,2.651,1,1783.2,1,2.651,1,34.62,1
5905612,2025-11-10T09:55:20Z,1,-25.61562,154.97304,1,1785.1,1,34.62,1,2.652,1,1785.1,1,2.652,1,34.62,1
5905612,2025-11-10T09:55:20Z,1,-25.61562,154.97304,1,1787.3,1,34.62,1,2.652,1,1787.3,1,2.652,1,34.62,1
5905612,2025-11-10T09:55:20Z,1,-25.61562,154.97304,1,1789.6,1,34.62,1,2.651,1,1789.6,1,2.651,1,34.62,1
5905612,2025-11-10T09:55:20Z,1,-25.61562,154.97304,1,1791.5,1,34.62,1,2.648,1,1791.5,1,2.648,1,34.62,1
5905612,2025-11-10T09:55:20Z,1,-25.61562,154.97304,1,1793.3,1,34.621,1,2.644,1,1793.3,1,2.644,1,34.621,1
5905612,2025-11-10T09:55:20Z,1,-25.61562,154.97304,1,1795.1,1,34.621,1,2.641,1,1795.1,1,2.641,1,34.621,1
5905612,2025-11-10T09:55:20Z,1,-25.61562,154.97304,1,1797.4,1,34.622,1,2.635,1,1797.4,1,2.635,1,34.622,1
5905612,2025-11-10T09:55:20Z,1,-25.61562,154.97304,1,1799.7,1,34.622,1,2.629,1,1799.7,1,2.629,1,34.622,1
5905612,2025-11-10T09:55:20Z,1,-25.61562,154.97304,1,1801.5,1,34.624,1,2.624,1,1801.5,1,2.624,1,34.624,1
5905612,2025-11-10T09:55:20Z,1,-25.61562,154.97304,1,1803.4,1,34.623,1,2.62,1,1803.4,1,2.62,1,34.623,1
5905612,2025-11-10T09:55:20Z,1,-25.61562,154.97304,1,1805.3,1,34.624,1,2.617,1,1805.3,1,2.617,1,34.624,1
5905612,2025-11-10T09:55:20Z,1,-25.61562,154.97304,1,1807.2,1,34.624,1,2.614,1,1807.2,1,2.614,1,34.624,1
5905612,2025-11-10T09:55:20Z,1,-25.61562,154.97304,1,1809.5,1,34.625,1,2.608,1,1809.5,1,2.608,1,34.625,1
5905612,2025-11-10T09:55:20Z,1,-25.61562,154.97304,1,1811.8,1,34.627,1,2.603,1,1811.8,1,2.603,1,34.627,1
5905612,2025-11-10T09:55:20Z,1,-25.61562,154.97304,1,1813.7,1,34.626,1,2.603,1,1813.7,1,2.603,1,34.626,1
5905612,2025-11-10T09:55:20Z,1,-25.61562,154.97304,1,1815.6,1,34.626,1,2.6,1,1815.6,1,2.6,1,34.626,1
5905612,2025-11-10T09:55:20Z,1,-25.61562,154.97304,1,1817.5,1,34.627,1,2.596,1,1817.5,1,2.596,1,34.627,1
5905612,2025-11-10T09:55:20Z,1,-25.61562,154.97304,1,1819.5,1,34.627,1,2.593,1,1819.5,1,2.593,1,34.627,1
5905612,2025-11-10T09:55:20Z,1,-25.61562,154.97304,1,1821.4,1,34.628,1,2.589,1,1821.4,1,2.589,1,34.628,1
5905612,2025-11-10T09:55:20Z,1,-25.61562,154.97304,1,1823.3,1,34.628,1,2.588,1,1823.3,1,2.588,1,34.628,1
5905612,2025-11-10T09:55:20Z,1,-25.61562,154.97304,1,1825.2,1,34.628,1,2.585,1,1825.2,1,2.585,1,34.628,1
5905612,2025-11-10T09:55:20Z,1,-25.61562,154.97304,1,1827.1,1,34.628,1,2.583,1,1827.1,1,2.583,1,34.628,1
5905612,2025-11-10T09:55:20Z,1,-25.61562,154.97304,1,1829.0,1,34.628,1,2.584,1,1829.0,1,2.584,1,34.628,1
5905612,2025-11-10T09:55:20Z,1,-25.61562,154.97304,1,1831.4,1,34.629,1,2.578,1,1831.4,1,2.578,1,34.629,1
5905612,2025-11-10T09:55:20Z,1,-25.61562,154.97304,1,1833.8,1,34.629,1,2.574,1,1833.8,1,2.574,1,34.629,1
5905612,2025-11-10T09:55:20Z,1,-25.61562,154.97304,1,1835.7,1,34.63,1,2.572,1,1835.7,1,2.572,1,34.63,1
5905612,2025-11-10T09:55:20Z,1,-25.61562,154.97304,1,1837.6,1,34.629,1,2.572,1,1837.6,1,2.572,1,34.629,1
5905612,2025-11-10T09:55:20Z,1,-25.61562,154.97304,1,1839.5,1,34.63,1,2.57,1,1839.5,1,2.57,1,34.63,1
5905612,2025-11-10T09:55:20Z,1,-25.61562,154.97304,1,1841.5,1,34.63,1,2.569,1,1841.5,1,2.569,1,34.63,1
5905612,2025-11-10T09:55:20Z,1,-25.61562,154.97304,1,1843.4,1,34.63,1,2.567,1,1843.4,1,2.567,1,34.63,1
5905612,2025-11-10T09:55:20Z,1,-25.61562,154.97304,1,1845.3,1,34.63,1,2.562,1,1845.3,1,2.562,1,34.63,1
5905612,2025-11-10T09:55:20Z,1,-25.61562,154.97304,1,1847.5,1,34.631,1,2.561,1,1847.5,1,2.561,1,34.631,1
5905612,2025-11-10T09:55:20Z,1,-25.61562,154.97304,1,1849.4,1,34.631,1,2.559,1,1849.4,1,2.559,1,34.631,1
5905612,2025-11-10T09:55:20Z,1,-25.61562,154.97304,1,1851.4,1,34.631,1,2.557,1,1851.4,1,2.557,1,34.631,1
5905612,2025-11-10T09:55:20Z,1,-25.61562,154.97304,1,1853.3,1,34.632,1,2.554,1,1853.3,1,2.554,1,34.632,1
5905612,2025-11-10T09:55:20Z,1,-25.61562,154.97304,1,1855.3,1,34.633,1,2.547,1,1855.3,1,2.547,1,34.633,1
5905612,2025-11-10T09:55:20Z,1,-25.61562,154.97304,1,1857.3,1,34.633,1,2.547,1,1857.3,1,2.547,1,34.633,1
5905612,2025-11-10T09:55:20Z,1,-25.61562,154.97304,1,1859.3,1,34.633,1,2.547,1,1859.3,1,2.547,1,34.633,1
5905612,2025-11-10T09:55:20Z,1,-25.61562,154.97304,1,1861.3,1,34.633,1,2.544,1,1861.3,1,2.544,1,34.633,1
5905612,2025-11-10T09:55:20Z,1,-25.61562,154.97304,1,1863.2,1,34.635,1,2.537,1,1863.2,1,2.537,1,34.635,1
5905612,2025-11-10T09:55:20Z,1,-25.61562,154.97304,1,1865.2,1,34.634,1,2.535,1,1865.2,1,2.535,1,34.634,1
5905612,2025-11-10T09:55:20Z,1,-25.61562,154.97304,1,1867.2,1,34.634,1,2.534,1,1867.2,1,2.534,1,34.634,1
5905612,2025-11-10T09:55:20Z,1,-25.61562,154.97304,1,1869.2,1,34.635,1,2.532,1,1869.2,1,2.532,1,34.635,1
5905612,2025-11-10T09:55:20Z,1,-25.61562,154.97304,1,1871.2,1,34.635,1,2.528,1,1871.2,1,2.528,1,34.635,1
5905612,2025-11-10T09:55:20Z,1,-25.61562,154.97304,1,1873.2,1,34.636,1,2.525,1,1873.2,1,2.525,1,34.636,1
5905612,2025-11-10T09:55:20Z,1,-25.61562,154.97304,1,1875.2,1,34.636,1,2.523,1,1875.2,1,2.523,1,34.636,1
5905612,2025-11-10T09:55:20Z,1,-25.61562,154.97304,1,1877.2,1,34.636,1,2.52,1,1877.2,1,2.52,1,34.636,1
5905612,2025-11-10T09:55:20Z,1,-25.61562,154.97304,1,1879.2,1,34.638,1,2.512,1,1879.2,1,2.512,1,34.638,1
5905612,2025-11-10T09:55:20Z,1,-25.61562,154.97304,1,1881.2,1,34.638,1,2.508,1,1881.2,1,2.508,1,34.638,1
5905612,2025-11-10T09:55:20Z,1,-25.61562,154.97304,1,1883.2,1,34.639,1,2.501,1,1883.2,1,2.501,1,34.639,1
5905612,2025-11-10T09:55:20Z,1,-25.61562,154.97304,1,1885.2,1,34.64,1,2.494,1,1885.2,1,2.494,1,34.64,1
5905612,2025-11-10T09:55:20Z,1,-25.61562,154.97304,1,1887.2,1,34.641,1,2.493,1,1887.2,1,2.493,1,34.641,1
5905612,2025-11-10T09:55:20Z,1,-25.61562,154.97304,1,1889.2,1,34.64,1,2.491,1,1889.2,1,2.491,1,34.64,1
5905612,2025-11-10T09:55:20Z,1,-25.61562,154.97304,1,1891.2,1,34.641,1,2.489,1,1891.2,1,2.489,1,34.641,1
5905612,2025-11-10T09:55:20Z,1,-25.61562,154.97304,1,1893.3,1,34.641,1,2.488,1,1893.3,1,2.488,1,34.641,1
5905612,2025-11-10T09:55:20Z,1,-25.61562,154.97304,1,1895.3,1,34.641,1,2.484,1,1895.3,1,2.484,1,34.641,1
5905612,2025-11-10T09:55:20Z,1,-25.61562,154.97304,1,1897.4,1,34.642,1,2.481,1,1897.4,1,2.481,1,34.642,1
5905612,2025-11-10T09:55:20Z,1,-25.61562,154.97304,1,1899.5,1,34.642,1,2.479,1,1899.5,1,2.479,1,34.642,1
5905612,2025-11-10T09:55:20Z,1,-25.61562,154.97304,1,1901.5,1,34.643,1,2.477,1,1901.5,1,2.477,1,34.643,1
5905612,2025-11-10T09:55:20Z,1,-25.61562,154.97304,1,1903.6,1,34.643,1,2.474,1,1903.6,1,2.474,1,34.643,1
5905612,2025-11-10T09:55:20Z,1,-25.61562,154.97304,1,1905.6,1,34.644,1,2.47,1,1905.6,1,2.47,1,34.644,1
5905612,2025-11-10T09:55:20Z,1,-25.61562,154.97304,1,1907.7,1,34.644,1,2.466,1,1907.7,1,2.466,1,34.644,1
5905612,2025-11-10T09:55:20Z,1,-25.61562,154.97304,1,1909.8,1,34.645,1,2.461,1,1909.8,1,2.461,1,34.645,1
5905612,2025-11-10T09:55:20Z,1,-25.61562,154.97304,1,1911.4,1,34.645,1,2.46,1,1911.4,1,2.46,1,34.645,1
5905612,2025-11-10T09:55:20Z,1,-25.61562,154.97304,1,1913.0,1,34.645,1,2.458,1,1913.0,1,2.458,1,34.645,1
5905612,2025-11-10T09:55:20Z,1,-25.61562,154.97304,1,1915.1,1,34.645,1,2.455,1,1915.1,1,2.455,1,34.645,1
5905612,2025-11-10T09:55:20Z,1,-25.61562,154.97304,1,1917.5,1,34.645,1,2.453,1,1917.5,1,2.453,1,34.645,1
5905612,2025-11-10T09:55:20Z,1,-25.61562,154.97304,1,1919.6,1,34.646,1,2.453,1,1919.6,1,2.453,1,34.646,1
5905612,2025-11-10T09:55:20Z,1,-25.61562,154.97304,1,1921.2,1,34.646,1,2.452,1,1921.2,1,2.452,1,34.646,1
5905612,2025-11-10T09:55:20Z,1,-25.61562,154.97304,1,1923.3,1,34.646,1,2.452,1,1923.3,1,2.452,1,34.646,1
5905612,2025-11-10T09:55:20Z,1,-25.61562,154.97304,1,1925.4,1,34.646,1,2.45,1,1925.4,1,2.45,1,34.646,1
5905612,2025-11-10T09:55:20Z,1,-25.61562,154.97304,1,1927.4,1,34.646,1,2.447,1,1927.4,1,2.447,1,34.646,1
5905612,2025-11-10T09:55:20Z,1,-25.61562,154.97304,1,1929.5,1,34.647,1,2.44,1,1929.5,1,2.44,1,34.647,1
5905612,2025-11-10T09:55:20Z,1,-25.61562,154.97304,1,1931.5,1,34.648,1,2.437,1,1931.5,1,2.437,1,34.648,1
5905612,2025-11-10T09:55:20Z,1,-25.61562,154.97304,1,1933.5,1,34.648,1,2.434,1,1933.5,1,2.434,1,34.648,1
5905612,2025-11-10T09:55:20Z,1,-25.61562,154.97304,1,1935.6,1,34.648,1,2.431,1,1935.6,1,2.431,1,34.648,1
5905612,2025-11-10T09:55:20Z,1,-25.61562,154.97304,1,1937.6,1,34.649,1,2.427,1,1937.6,1,2.427,1,34.649,1
5905612,2025-11-10T09:55:20Z,1,-25.61562,154.97304,1,1939.3,1,34.649,1,2.424,1,1939.3,1,2.424,1,34.649,1
5905612,2025-11-10T09:55:20Z,1,-25.61562,154.97304,1,1941.3,1,34.65,1,2.42,1,1941.3,1,2.42,1,34.65,1
5905612,2025-11-10T09:55:20Z,1,-25.61562,154.97304,1,1943.4,1,34.65,1,2.419,1,1943.4,1,2.419,1,34.65,1
5905612,2025-11-10T09:55:20Z,1,-25.61562,154.97304,1,1945.5,1,34.65,1,2.418,1,1945.5,1,2.418,1,34.65,1
5905612,2025-11-10T09:55:20Z,1,-25.61562,154.97304,1,1947.5,1,34.65,1,2.417,1,1947.5,1,2.417,1,34.65,1
5905612,2025-11-10T09:55:20Z,1,-25.61562,154.97304,1,1949.2,1,34.65,1,2.416,1,1949.2,1,2.416,1,34.65,1
5905612,2025-11-10T09:55:20Z,1,-25.61562,154.97304,1,1951.3,1,34.65,1,2.416,1,1951.3,1,2.416,1,34.65,1
5905612,2025-11-10T09:55:20Z,1,-25.61562,154.97304,1,1953.4,1,34.65,1,2.416,1,1953.4,1,2.416,1,34.65,1
5905612,2025-11-10T09:55:20Z,1,-25.61562,154.97304,1,1955.5,1,34.651,1,2.408,1,1955.5,1,2.408,1,34.651,1
5905612,2025-11-10T09:55:20Z,1,-25.61562,154.97304,1,1957.6,1,34.652,1,2.404,1,1957.6,1,2.404,1,34.652,1
5905612,2025-11-10T09:55:20Z,1,-25.61562,154.97304,1,1959.3,1,34.652,1,2.403,1,1959.3,1,2.403,1,34.652,1
5905612,2025-11-10T09:55:20Z,1,-25.61562,154.97304,1,1961.5,1,34.652,1,2.401,1,1961.5,1,2.401,1,34.652,1
5905612,2025-11-10T09:55:20Z,1,-25.61562,154.97304,1,1963.6,1,34.653,1,2.4,1,1963.6,1,2.4,1,34.653,1
5905612,2025-11-10T09:55:20Z,1,-25.61562,154.97304,1,1965.3,1,34.652,1,2.4,1,1965.3,1,2.4,1,34.652,1
5905612,2025-11-10T09:55:20Z,1,-25.61562,154.97304,1,1967.4,1,34.653,1,2.397,1,1967.4,1,2.397,1,34.653,1
5905612,2025-11-10T09:55:20Z,1,-25.61562,154.97304,1,1969.5,1,34.654,1,2.392,1,1969.5,1,2.392,1,34.654,1
5905612,2025-11-10T09:55:20Z,1,-25.61562,154.97304,1,1971.6,1,34.653,1,2.389,1,1971.6,1,2.389,1,34.653,1
5905612,2025-11-10T09:55:20Z,1,-25.61562,154.97304,1,1973.7,1,34.654,1,2.385,1,1973.7,1,2.385,1,34.654,1
5905612,2025-11-10T09:55:20Z,1,-25.61562,154.97304,1,1975.4,1,34.654,1,2.384,1,1975.4,1,2.384,1,34.654,1
5905612,2025-11-10T09:55:20Z,1,-25.61562,154.97304,1,1977.5,1,34.654,1,2.382,1,1977.5,1,2.382,1,34.654,1
5905612,2025-11-10T09:55:20Z,1,-25.61562,154.97304,1,1979.6,1,34.654,1,2.381,1,1979.6,1,2.381,1,34.654,1
5905612,2025-11-10T09:55:20Z,1,-25.61562,154.97304,1,1981.3,1,34.654,1,2.381,1,1981.3,1,2.381,1,34.654,1
5905612,2025-11-10T09:55:20Z,1,-25.61562,154.97304,1,1983.4,1,34.654,1,2.379,1,1983.4,1,2.379,1,34.654,1
5905612,2025-11-10T09:55:20Z,1,-25.61562,154.97304,1,1985.5,1,34.655,1,2.377,1,1985.5,1,2.377,1,34.655,1
5905612,2025-11-10T09:55:20Z,1,-25.61562,154.97304,1,1987.3,1,34.654,1,2.377,1,1987.3,1,2.377,1,34.654,1
5905612,2025-11-10T09:55:20Z,1,-25.61562,154.97304,1,1989.4,1,34.654,1,2.375,1,1989.4,1,2.375,1,34.654,1
5905612,2025-11-10T09:55:20Z,1,-25.61562,154.97304,1,1991.6,1,34.655,1,2.374,1,1991.6,1,2.374,1,34.655,1
5905612,2025-11-10T09:55:20Z,1,-25.61562,154.97304,1,1993.3,1,34.655,1,2.373,1,1993.3,1,2.373,1,34.655,1
5905612,2025-11-10T09:55:20Z,1,-25.61562,154.97304,1,1995.4,1,34.656,1,2.369,1,1995.4,1,2.369,1,34.656,1
5905612,2025-11-10T09:55:20Z,1,-25.61562,154.97304,1,1997.6,1,34.656,1,2.368,1,1997.6,1,2.368,1,34.656,1
5905612,2025-11-10T09:55:20Z,1,-25.61562,154.97304,1,1999.3,1,34.656,1,2.365,1,1999.3,1,2.365,1,34.656,1
5905612,2025-11-10T09:55:20Z,1,-25.61562,154.97304,1,2001.4,1,34.656,1,2.359,1,2001.4,1,2.359,1,34.656,1
5905612,2025-11-10T09:55:20Z,1,-25.61562,154.97304,1,2003.6,1,34.656,1,2.357,1,2003.6,1,2.357,1,34.656,1
5905612,2025-11-10T09:55:20Z,1,-25.61562,154.97304,1,2005.3,1,34.657,1,2.356,1,2005.3,1,2.356,1,34.657,1
5905612,2025-11-10T09:55:20Z,1,-25.61562,154.97304,1,2007.4,1,34.657,1,2.355,1,2007.4,1,2.355,1,34.657,1
5905612,2025-11-10T09:55:20Z,1,-25.61562,154.97304,1,2009.6,1,34.657,1,2.355,1,2009.6,1,2.355,1,34.657,1
5905612,2025-11-10T09:55:20Z,1,-25.61562,154.97304,1,2011.3,1,34.657,1,2.354,1,2011.3,1,2.354,1,34.657,1
5905612,2025-11-10T09:55:20Z,1,-25.61562,154.97304,1,2013.5,1,34.657,1,2.354,1,2013.5,1,2.354,1,34.657,1
5905612,2025-11-10T09:55:20Z,1,-25.61562,154.97304,1,2015.6,1,34.657,1,2.355,1,2015.6,1,2.355,1,34.657,1
5905612,2025-11-10T09:55:20Z,1,-25.61562,154.97304,1,2017.5,1,34.657,1,2.354,1,2017.5,1,2.354,1,34.657,1
5905612,2025-11-10T09:55:20Z,1,-25.61562,154.97304,1,2019.4,1,34.657,1,2.353,1,2019.4,1,2.353,1,34.657,1
5905612,2025-11-10T09:55:20Z,1,-25.61562,154.97304,1,2021.4,1,34.657,1,2.352,1,2021.4,1,2.352,1,34.657,1
5905612,2025-11-10T09:55:20Z,1,-25.61562,154.97304,1,2023.4,1,34.658,1,2.348,1,2023.4,1,2.348,1,34.658,1
5905612,2025-11-20T04:48:20Z,1,-25.42425,155.62036,1,0.1,1,35.402,1,26.124,1,0.1,1,26.124,1,35.402,1
5905612,2025-11-20T04:48:20Z,1,-25.42425,155.62036,1,1.4,1,35.402,1,26.122,1,1.4,1,26.122,1,35.402,1
5905612,2025-11-20T04:48:20Z,1,-25.42425,155.62036,1,3.6,1,35.406,1,26.115,1,3.6,1,26.115,1,35.406,1
5905612,2025-11-20T04:48:20Z,1,-25.42425,155.62036,1,5.3,1,35.407,1,26.113,1,5.3,1,26.113,1,35.407,1
5905612,2025-11-20T04:48:20Z,1,-25.42425,155.62036,1,6.2,1,35.41,1,26.112,1,6.2,1,26.112,1,35.41,1
5905612,2025-11-20T04:48:20Z,1,-25.42425,155.62036,1,7.5,1,35.409,1,26.086,1,7.5,1,26.086,1,35.409,1
5905612,2025-11-20T04:48:20Z,1,-25.42425,155.62036,1,9.4,1,35.409,1,26.04,1,9.4,1,26.04,1,35.409,1
5905612,2025-11-20T04:48:20Z,1,-25.42425,155.62036,1,11.3,1,35.408,1,25.983,1,11.3,1,25.983,1,35.408,1
5905612,2025-11-20T04:48:20Z,1,-25.42425,155.62036,1,13.1,1,35.409,1,25.914,1,13.1,1,25.914,1,35.409,1
5905612,2025-11-20T04:48:20Z,1,-25.42425,155.62036,1,15.3,1,35.404,1,25.886,1,15.3,1,25.886,1,35.404,1
5905612,2025-11-20T04:48:20Z,1,-25.42425,155.62036,1,17.4,1,35.427,1,25.711,1,17.4,1,25.711,1,35.427,1
5905612,2025-11-20T04:48:20Z,1,-25.42425,155.62036,1,19.2,1,35.469,1,25.32,1,19.2,1,25.32,1,35.469,1
5905612,2025-11-20T04:48:20Z,1,-25.42425,155.62036,1,21.4,1,35.505,1,25.102,1,21.4,1,25.102,1,35.505,1
5905612,2025-11-20T04:48:20Z,1,-25.42425,155.62036,1,23.4,1,35.544,1,24.916,1,23.4,1,24.916,1,35.544,1
5905612,2025-11-20T04:48:20Z,1,-25.42425,155.62036,1,25.2,1,35.545,1,24.867,1,25.2,1,24.867,1,35.545,1
5905612,2025-11-20T04:48:20Z,1,-25.42425,155.62036,1,27.4,1,35.544,1,24.825,1,27.4,1,24.825,1,35.544,1
5905612,2025-11-20T04:48:20Z,1,-25.42425,155.62036,1,29.7,1,35.554,1,24.738,1,29.7,1,24.738,1,35.554,1
5905612,2025-11-20T04:48:20Z,1,-25.42425,155.62036,1,31.7,1,35.569,1,24.686,1,31.7,1,24.686,1,35.569,1
5905612,2025-11-20T04:48:20Z,1,-25.42425,155.62036,1,33.7,1,35.574,1,24.681,1,33.7,1,24.681,1,35.574,1
5905612,2025-11-20T04:48:20Z,1,-25.42425,155.62036,1,35.7,1,35.578,1,24.646,1,35.7,1,24.646,1,35.578,1
5905612,2025-11-20T04:48:20Z,1,-25.42425,155.62036,1,37.8,1,35.58,1,24.624,1,37.8,1,24.624,1,35.58,1
5905612,2025-11-20T04:48:20Z,1,-25.42425,155.62036,1,39.8,1,35.582,1,24.608,1,39.8,1,24.608,1,35.582,1
5905612,2025-11-20T04:48:20Z,1,-25.42425,155.62036,1,41.9,1,35.591,1,24.567,1,41.9,1,24.567,1,35.591,1
5905612,2025-11-20T04:48:20Z,1,-25.42425,155.62036,1,43.4,1,35.6,1,24.534,1,43.4,1,24.534,1,35.6,1
5905612,2025-11-20T04:48:20Z,1,-25.42425,155.62036,1,45.0,1,35.596,1,24.465,1,45.0,1,24.465,1,35.596,1
5905612,2025-11-20T04:48:20Z,1,-25.42425,155.62036,1,47.0,1,35.601,1,24.417,1,47.0,1,24.417,1,35.601,1
5905612,2025-11-20T04:48:20Z,1,-25.42425,155.62036,1,49.4,1,35.613,1,24.381,1,49.4,1,24.381,1,35.613,1
5905612,2025-11-20T04:48:20Z,1,-25.42425,155.62036,1,51.5,1,35.625,1,24.235,1,51.5,1,24.235,1,35.625,1
5905612,2025-11-20T04:48:20Z,1,-25.42425,155.62036,1,53.2,1,35.653,1,23.786,1,53.2,1,23.786,1,35.653,1
5905612,2025-11-20T04:48:20Z,1,-25.42425,155.62036,1,55.5,1,35.665,1,23.253,1,55.5,1,23.253,1,35.665,1
5905612,2025-11-20T04:48:20Z,1,-25.42425,155.62036,1,57.5,1,35.666,1,23.147,1,57.5,1,23.147,1,35.666,1
5905612,2025-11-20T04:48:20Z,1,-25.42425,155.62036,1,59.5,1,35.676,1,22.91,1,59.5,1,22.91,1,35.676,1
5905612,2025-11-20T04:48:20Z,1,-25.42425,155.62036,1,61.7,1,35.691,1,22.722,1,61.7,1,22.722,1,35.691,1
5905612,2025-11-20T04:48:20Z,1,-25.42425,155.62036,1,63.5,1,35.694,1,22.486,1,63.5,1,22.486,1,35.694,1
5905612,2025-11-20T04:48:20Z,1,-25.42425,155.62036,1,65.3,1,35.688,1,22.375,1,65.3,1,22.375,1,35.688,1
5905612,2025-11-20T04:48:20Z,1,-25.42425,155.62036,1,67.2,1,35.691,1,22.305,1,67.2,1,22.305,1,35.691,1
5905612,2025-11-20T04:48:20Z,1,-25.42425,155.62036,1,69.2,1,35.693,1,22.25,1,69.2,1,22.25,1,35.693,1
5905612,2025-11-20T04:48:20Z,1,-25.42425,155.62036,1,71.1,1,35.695,1,22.17,1,71.1,1,22.17,1,35.695,1
5905612,2025-11-20T04:48:20Z,1,-25.42425,155.62036,1,73.1,1,35.688,1,22.063,1,73.1,1,22.063,1,35.688,1
5905612,2025-11-20T04:48:20Z,1,-25.42425,155.62036,1,75.2,1,35.684,1,22.008,1,75.2,1,22.008,1,35.684,1
5905612,2025-11-20T04:48:20Z,1,-25.42425,155.62036,1,77.2,1,35.683,1,21.967,1,77.2,1,21.967,1,35.683,1
5905612,2025-11-20T04:48:20Z,1,-25.42425,155.62036,1,79.2,1,35.684,1,21.859,1,79.2,1,21.859,1,35.684,1
5905612,2025-11-20T04:48:20Z,1,-25.42425,155.62036,1,81.2,1,35.687,1,21.81,1,81.2,1,21.81,1,35.687,1
5905612,2025-11-20T04:48:20Z,1,-25.42425,155.62036,1,83.2,1,35.692,1,21.733,1,83.2,1,21.733,1,35.692,1
5905612,2025-11-20T04:48:20Z,1,-25.42425,155.62036,1,85.2,1,35.696,1,21.65,1,85.2,1,21.65,1,35.696,1
5905612,2025-11-20T04:48:20Z,1,-25.42425,155.62036,1,87.2,1,35.693,1,21.595,1,87.2,1,21.595,1,35.693,1
5905612,2025-11-20T04:48:20Z,1,-25.42425,155.62036,1,89.3,1,35.688,1,21.526,1,89.3,1,21.526,1,35.688,1
5905612,2025-11-20T04:48:20Z,1,-25.42425,155.62036,1,91.4,1,35.686,1,21.391,1,91.4,1,21.391,1,35.686,1
5905612,2025-11-20T04:48:20Z,1,-25.42425,155.62036,1,93.6,1,35.683,1,21.347,1,93.6,1,21.347,1,35.683,1
5905612,2025-11-20T04:48:20Z,1,-25.42425,155.62036,1,95.8,1,35.689,1,21.286,1,95.8,1,21.286,1,35.689,1
5905612,2025-11-20T04:48:20Z,1,-25.42425,155.62036,1,97.5,1,35.691,1,21.228,1,97.5,1,21.228,1,35.691,1
5905612,2025-11-20T04:48:20Z,1,-25.42425,155.62036,1,99.1,1,35.683,1,21.159,1,99.1,1,21.159,1,35.683,1
5905612,2025-11-20T04:48:20Z,1,-25.42425,155.62036,1,101.3,1,35.684,1,21.122,1,101.3,1,21.122,1,35.684,1
5905612,2025-11-20T04:48:20Z,1,-25.42425,155.62036,1,103.5,1,35.684,1,21.074,1,103.5,1,21.074,1,35.684,1
5905612,2025-11-20T04:48:20Z,1,-25.42425,155.62036,1,105.7,1,35.683,1,21.049,1,105.7,1,21.049,1,35.683,1
5905612,2025-11-20T04:48:20Z,1,-25.42425,155.62036,1,107.4,1,35.682,1,20.987,1,107.4,1,20.987,1,35.682,1
5905612,2025-11-20T04:48:20Z,1,-25.42425,155.62036,1,109.0,1,35.678,1,20.919,1,109.0,1,20.919,1,35.678,1
5905612,2025-11-20T04:48:20Z,1,-25.42425,155.62036,1,111.2,1,35.676,1,20.841,1,111.2,1,20.841,1,35.676,1
5905612,2025-11-20T04:48:20Z,1,-25.42425,155.62036,1,113.4,1,35.673,1,20.797,1,113.4,1,20.797,1,35.673,1
5905612,2025-11-20T04:48:20Z,1,-25.42425,155.62036,1,115.7,1,35.669,1,20.764,1,115.7,1,20.764,1,35.669,1
5905612,2025-11-20T04:48:20Z,1,-25.42425,155.62036,1,117.4,1,35.668,1,20.751,1,117.4,1,20.751,1,35.668,1
5905612,2025-11-20T04:48:20Z,1,-25.42425,155.62036,1,119.0,1,35.672,1,20.747,1,119.0,1,20.747,1,35.672,1
5905612,2025-11-20T04:48:20Z,1,-25.42425,155.62036,1,121.1,1,35.677,1,20.726,1,121.1,1,20.726,1,35.677,1
5905612,2025-11-20T04:48:20Z,1,-25.42425,155.62036,1,123.2,1,35.673,1,20.693,1,123.2,1,20.693,1,35.673,1
5905612,2025-11-20T04:48:20Z,1,-25.42425,155.62036,1,125.4,1,35.677,1,20.665,1,125.4,1,20.665,1,35.677,1
5905612,2025-11-20T04:48:20Z,1,-25.42425,155.62036,1,127.6,1,35.674,1,20.62,1,127.6,1,20.62,1,35.674,1
5905612,2025-11-20T04:48:20Z,1,-25.42425,155.62036,1,129.8,1,35.673,1,20.61,1,129.8,1,20.61,1,35.673,1
5905612,2025-11-20T04:48:20Z,1,-25.42425,155.62036,1,131.5,1,35.675,1,20.582,1,131.5,1,20.582,1,35.675,1
5905612,2025-11-20T04:48:20Z,1,-25.42425,155.62036,1,133.1,1,35.673,1,20.554,1,133.1,1,20.554,1,35.673,1
5905612,2025-11-20T04:48:20Z,1,-25.42425,155.62036,1,135.3,1,35.671,1,20.534,1,135.3,1,20.534,1,35.671,1
5905612,2025-11-20T04:48:20Z,1,-25.42425,155.62036,1,137.5,1,35.672,1,20.526,1,137.5,1,20.526,1,35.672,1
5905612,2025-11-20T04:48:20Z,1,-25.42425,155.62036,1,139.7,1,35.67,1,20.489,1,139.7,1,20.489,1,35.67,1
5905612,2025-11-20T04:48:20Z,1,-25.42425,155.62036,1,141.8,1,35.669,1,20.445,1,141.8,1,20.445,1,35.669,1
5905612,2025-11-20T04:48:20Z,1,-25.42425,155.62036,1,143.6,1,35.671,1,20.418,1,143.6,1,20.418,1,35.671,1
5905612,2025-11-20T04:48:20Z,1,-25.42425,155.62036,1,145.2,1,35.669,1,20.397,1,145.2,1,20.397,1,35.669,1
5905612,2025-11-20T04:48:20Z,1,-25.42425,155.62036,1,147.4,1,35.668,1,20.385,1,147.4,1,20.385,1,35.668,1
5905612,2025-11-20T04:48:20Z,1,-25.42425,155.62036,1,149.6,1,35.668,1,20.373,1,149.6,1,20.373,1,35.668,1
5905612,2025-11-20T04:48:20Z,1,-25.42425,155.62036,1,151.8,1,35.668,1,20.297,1,151.8,1,20.297,1,35.668,1
5905612,2025-11-20T04:48:20Z,1,-25.42425,155.62036,1,153.4,1,35.668,1,20.283,1,153.4,1,20.283,1,35.668,1
5905612,2025-11-20T04:48:20Z,1,-25.42425,155.62036,1,155.0,1,35.668,1,20.255,1,155.0,1,20.255,1,35.668,1
5905612,2025-11-20T04:48:20Z,1,-25.42425,155.62036,1,157.2,1,35.662,1,20.184,1,157.2,1,20.184,1,35.662,1
5905612,2025-11-20T04:48:20Z,1,-25.42425,155.62036,1,159.3,1,35.661,1,20.117,1,159.3,1,20.117,1,35.661,1
5905612,2025-11-20T04:48:20Z,1,-25.42425,155.62036,1,161.3,1,35.652,1,20.046,1,161.3,1,20.046,1,35.652,1
5905612,2025-11-20T04:48:20Z,1,-25.42425,155.62036,1,163.5,1,35.648,1,19.967,1,163.5,1,19.967,1,35.648,1
5905612,2025-11-20T04:48:20Z,1,-25.42425,155.62036,1,165.4,1,35.649,1,19.899,1,165.4,1,19.899,1,35.649,1
5905612,2025-11-20T04:48:20Z,1,-25.42425,155.62036,1,167.4,1,35.643,1,19.852,1,167.4,1,19.852,1,35.643,1
5905612,2025-11-20T04:48:20Z,1,-25.42425,155.62036,1,169.3,1,35.64,1,19.81,1,169.3,1,19.81,1,35.64,1
5905612,2025-11-20T04:48:20Z,1,-25.42425,155.62036,1,171.3,1,35.637,1,19.705,1,171.3,1,19.705,1,35.637,1
5905612,2025-11-20T04:48:20Z,1,-25.42425,155.62036,1,173.3,1,35.632,1,19.634,1,173.3,1,19.634,1,35.632,1
5905612,2025-11-20T04:48:20Z,1,-25.42425,155.62036,1,175.3,1,35.627,1,19.587,1,175.3,1,19.587,1,35.627,1
5905612,2025-11-20T04:48:20Z,1,-25.42425,155.62036,1,177.3,1,35.623,1,19.518,1,177.3,1,19.518,1,35.623,1
5905612,2025-11-20T04:48:20Z,1,-25.42425,155.62036,1,179.4,1,35.625,1,19.518,1,179.4,1,19.518,1,35.625,1
5905612,2025-11-20T04:48:20Z,1,-25.42425,155.62036,1,181.4,1,35.627,1,19.471,1,181.4,1,19.471,1,35.627,1
5905612,2025-11-20T04:48:20Z,1,-25.42425,155.62036,1,183.4,1,35.614,1,19.366,1,183.4,1,19.366,1,35.614,1
5905612,2025-11-20T04:48:20Z,1,-25.42425,155.62036,1,185.5,1,35.607,1,19.3,1,185.5,1,19.3,1,35.607,1
5905612,2025-11-20T04:48:20Z,1,-25.42425,155.62036,1,187.2,1,35.603,1,19.24,1,187.2,1,19.24,1,35.603,1
5905612,2025-11-20T04:48:20Z,1,-25.42425,155.62036,1,189.3,1,35.607,1,19.177,1,189.3,1,19.177,1,35.607,1
5905612,2025-11-20T04:48:20Z,1,-25.42425,155.62036,1,191.5,1,35.601,1,19.087,1,191.5,1,19.087,1,35.601,1
5905612,2025-11-20T04:48:20Z,1,-25.42425,155.62036,1,193.2,1,35.6,1,19.062,1,193.2,1,19.062,1,35.6,1
5905612,2025-11-20T04:48:20Z,1,-25.42425,155.62036,1,195.3,1,35.596,1,19.014,1,195.3,1,19.014,1,35.596,1
5905612,2025-11-20T04:48:20Z,1,-25.42425,155.62036,1,197.4,1,35.589,1,18.887,1,197.4,1,18.887,1,35.589,1
5905612,2025-11-20T04:48:20Z,1,-25.42425,155.62036,1,199.2,1,35.585,1,18.808,1,199.2,1,18.808,1,35.585,1
5905612,2025-11-20T04:48:20Z,1,-25.42425,155.62036,1,201.4,1,35.583,1,18.746,1,201.4,1,18.746,1,35.583,1
5905612,2025-11-20T04:48:20Z,1,-25.42425,155.62036,1,203.6,1,35.579,1,18.678,1,203.6,1,18.678,1,35.579,1
5905612,2025-11-20T04:48:20Z,1,-25.42425,155.62036,1,205.5,1,35.575,1,18.596,1,205.5,1,18.596,1,35.575,1
5905612,2025-11-20T04:48:20Z,1,-25.42425,155.62036,1,207.3,1,35.572,1,18.561,1,207.3,1,18.561,1,35.572,1
5905612,2025-11-20T04:48:20Z,1,-25.42425,155.62036,1,209.1,1,35.571,1,18.545,1,209.1,1,18.545,1,35.571,1
5905612,2025-11-20T04:48:20Z,1,-25.42425,155.62036,1,211.3,1,35.569,1,18.51,1,211.3,1,18.51,1,35.569,1
5905612,2025-11-20T04:48:20Z,1,-25.42425,155.62036,1,213.6,1,35.566,1,18.476,1,213.6,1,18.476,1,35.566,1
5905612,2025-11-20T04:48:20Z,1,-25.42425,155.62036,1,215.4,1,35.564,1,18.416,1,215.4,1,18.416,1,35.564,1
5905612,2025-11-20T04:48:20Z,1,-25.42425,155.62036,1,217.3,1,35.56,1,18.362,1,217.3,1,18.362,1,35.56,1
5905612,2025-11-20T04:48:20Z,1,-25.42425,155.62036,1,219.2,1,35.562,1,18.3,1,219.2,1,18.3,1,35.562,1
5905612,2025-11-20T04:48:20Z,1,-25.42425,155.62036,1,221.5,1,35.557,1,18.28,1,221.5,1,18.28,1,35.557,1
5905612,2025-11-20T04:48:20Z,1,-25.42425,155.62036,1,223.7,1,35.556,1,18.236,1,223.7,1,18.236,1,35.556,1
5905612,2025-11-20T04:48:20Z,1,-25.42425,155.62036,1,225.6,1,35.552,1,18.224,1,225.6,1,18.224,1,35.552,1
5905612,2025-11-20T04:48:20Z,1,-25.42425,155.62036,1,227.4,1,35.551,1,18.213,1,227.4,1,18.213,1,35.551,1
5905612,2025-11-20T04:48:20Z,1,-25.42425,155.62036,1,229.2,1,35.553,1,18.126,1,229.2,1,18.126,1,35.553,1
5905612,2025-11-20T04:48:20Z,1,-25.42425,155.62036,1,231.1,1,35.534,1,18.045,1,231.1,1,18.045,1,35.534,1
5905612,2025-11-20T04:48:20Z,1,-25.42425,155.62036,1,233.3,1,35.532,1,18.015,1,233.3,1,18.015,1,35.532,1
5905612,2025-11-20T04:48:20Z,1,-25.42425,155.62036,1,235.5,1,35.527,1,17.94,1,235.5,1,17.94,1,35.527,1
5905612,2025-11-20T04:48:20Z,1,-25.42425,155.62036,1,237.3,1,35.521,1,17.901,1,237.3,1,17.901,1,35.521,1
5905612,2025-11-20T04:48:20Z,1,-25.42425,155.62036,1,239.2,1,35.515,1,17.82,1,239.2,1,17.82,1,35.515,1
5905612,2025-11-20T04:48:20Z,1,-25.42425,155.62036,1,241.4,1,35.508,1,17.751,1,241.4,1,17.751,1,35.508,1
5905612,2025-11-20T04:48:20Z,1,-25.42425,155.62036,1,243.7,1,35.507,1,17.707,1,243.7,1,17.707,1,35.507,1
5905612,2025-11-20T04:48:20Z,1,-25.42425,155.62036,1,245.6,1,35.508,1,17.677,1,245.6,1,17.677,1,35.508,1
5905612,2025-11-20T04:48:20Z,1,-25.42425,155.62036,1,247.4,1,35.509,1,17.671,1,247.4,1,17.671,1,35.509,1
5905612,2025-11-20T04:48:20Z,1,-25.42425,155.62036,1,249.3,1,35.51,1,17.662,1,249.3,1,17.662,1,35.51,1
5905612,2025-11-20T04:48:20Z,1,-25.42425,155.62036,1,251.2,1,35.508,1,17.655,1,251.2,1,17.655,1,35.508,1
5905612,2025-11-20T04:48:20Z,1,-25.42425,155.62036,1,253.2,1,35.509,1,17.604,1,253.2,1,17.604,1,35.509,1
5905612,2025-11-20T04:48:20Z,1,-25.42425,155.62036,1,255.5,1,35.508,1,17.593,1,255.5,1,17.593,1,35.508,1
5905612,2025-11-20T04:48:20Z,1,-25.42425,155.62036,1,257.5,1,35.507,1,17.586,1,257.5,1,17.586,1,35.507,1
5905612,2025-11-20T04:48:20Z,1,-25.42425,155.62036,1,259.3,1,35.504,1,17.563,1,259.3,1,17.563,1,35.504,1
5905612,2025-11-20T04:48:20Z,1,-25.42425,155.62036,1,261.5,1,35.502,1,17.539,1,261.5,1,17.539,1,35.502,1
5905612,2025-11-20T04:48:20Z,1,-25.42425,155.62036,1,263.6,1,35.498,1,17.418,1,263.6,1,17.418,1,35.498,1
5905612,2025-11-20T04:48:20Z,1,-25.42425,155.62036,1,265.4,1,35.496,1,17.37,1,265.4,1,17.37,1,35.496,1
5905612,2025-11-20T04:48:20Z,1,-25.42425,155.62036,1,267.4,1,35.493,1,17.302,1,267.4,1,17.302,1,35.493,1
5905612,2025-11-20T04:48:20Z,1,-25.42425,155.62036,1,269.3,1,35.486,1,17.248,1,269.3,1,17.248,1,35.486,1
5905612,2025-11-20T04:48:20Z,1,-25.42425,155.62036,1,271.4,1,35.474,1,17.143,1,271.4,1,17.143,1,35.474,1
5905612,2025-11-20T04:48:20Z,1,-25.42425,155.62036,1,273.4,1,35.463,1,17.035,1,273.4,1,17.035,1,35.463,1
5905612,2025-11-20T04:48:20Z,1,-25.42425,155.62036,1,275.5,1,35.457,1,16.999,1,275.5,1,16.999,1,35.457,1
5905612,2025-11-20T04:48:20Z,1,-25.42425,155.62036,1,277.5,1,35.453,1,16.981,1,277.5,1,16.981,1,35.453,1
5905612,2025-11-20T04:48:20Z,1,-25.42425,155.62036,1,279.6,1,35.449,1,16.953,1,279.6,1,16.953,1,35.449,1
5905612,2025-11-20T04:48:20Z,1,-25.42425,155.62036,1,281.7,1,35.45,1,16.853,1,281.7,1,16.853,1,35.45,1
5905612,2025-11-20T04:48:20Z,1,-25.42425,155.62036,1,283.3,1,35.444,1,16.79,1,283.3,1,16.79,1,35.444,1
5905612,2025-11-20T04:48:20Z,1,-25.42425,155.62036,1,285.4,1,35.444,1,16.761,1,285.4,1,16.761,1,35.444,1
5905612,2025-11-20T04:48:20Z,1,-25.42425,155.62036,1,287.5,1,35.442,1,16.726,1,287.5,1,16.726,1,35.442,1
5905612,2025-11-20T04:48:20Z,1,-25.42425,155.62036,1,289.3,1,35.43,1,16.606,1,289.3,1,16.606,1,35.43,1
5905612,2025-11-20T04:48:20Z,1,-25.42425,155.62036,1,291.1,1,35.423,1,16.537,1,291.1,1,16.537,1,35.423,1
5905612,2025-11-20T04:48:20Z,1,-25.42425,155.62036,1,293.3,1,35.418,1,16.498,1,293.3,1,16.498,1,35.418,1
5905612,2025-11-20T04:48:20Z,1,-25.42425,155.62036,1,295.5,1,35.416,1,16.48,1,295.5,1,16.48,1,35.416,1
5905612,2025-11-20T04:48:20Z,1,-25.42425,155.62036,1,297.3,1,35.417,1,16.463,1,297.3,1,16.463,1,35.417,1
5905612,2025-11-20T04:48:20Z,1,-25.42425,155.62036,1,299.4,1,35.416,1,16.432,1,299.4,1,16.432,1,35.416,1
5905612,2025-11-20T04:48:20Z,1,-25.42425,155.62036,1,301.6,1,35.416,1,16.401,1,301.6,1,16.401,1,35.416,1
5905612,2025-11-20T04:48:20Z,1,-25.42425,155.62036,1,303.3,1,35.405,1,16.292,1,303.3,1,16.292,1,35.405,1
5905612,2025-11-20T04:48:20Z,1,-25.42425,155.62036,1,305.5,1,35.394,1,16.216,1,305.5,1,16.216,1,35.394,1
5905612,2025-11-20T04:48:20Z,1,-25.42425,155.62036,1,307.7,1,35.404,1,16.19,1,307.7,1,16.19,1,35.404,1
5905612,2025-11-20T04:48:20Z,1,-25.42425,155.62036,1,309.5,1,35.405,1,16.177,1,309.5,1,16.177,1,35.405,1
5905612,2025-11-20T04:48:20Z,1,-25.42425,155.62036,1,311.4,1,35.403,1,16.172,1,311.4,1,16.172,1,35.403,1
5905612,2025-11-20T04:48:20Z,1,-25.42425,155.62036,1,313.2,1,35.403,1,16.168,1,313.2,1,16.168,1,35.403,1
5905612,2025-11-20T04:48:20Z,1,-25.42425,155.62036,1,315.5,1,35.399,1,16.086,1,315.5,1,16.086,1,35.399,1
5905612,2025-11-20T04:48:20Z,1,-25.42425,155.62036,1,317.7,1,35.39,1,15.994,1,317.7,1,15.994,1,35.39,1
5905612,2025-11-20T04:48:20Z,1,-25.42425,155.62036,1,319.5,1,35.388,1,15.97,1,319.5,1,15.97,1,35.388,1
5905612,2025-11-20T04:48:20Z,1,-25.42425,155.62036,1,321.2,1,35.386,1,15.963,1,321.2,1,15.963,1,35.386,1
5905612,2025-11-20T04:48:20Z,1,-25.42425,155.62036,1,323.5,1,35.381,1,15.933,1,323.5,1,15.933,1,35.381,1
5905612,2025-11-20T04:48:20Z,1,-25.42425,155.62036,1,325.7,1,35.368,1,15.863,1,325.7,1,15.863,1,35.368,1
5905612,2025-11-20T04:48:20Z,1,-25.42425,155.62036,1,327.5,1,35.36,1,15.824,1,327.5,1,15.824,1,35.36,1
5905612,2025-11-20T04:48:20Z,1,-25.42425,155.62036,1,329.3,1,35.351,1,15.726,1,329.3,1,15.726,1,35.351,1
5905612,2025-11-20T04:48:20Z,1,-25.42425,155.62036,1,331.5,1,35.334,1,15.602,1,331.5,1,15.602,1,35.334,1
5905612,2025-11-20T04:48:20Z,1,-25.42425,155.62036,1,333.7,1,35.328,1,15.54,1,333.7,1,15.54,1,35.328,1
5905612,2025-11-20T04:48:20Z,1,-25.42425,155.62036,1,335.4,1,35.326,1,15.491,1,335.4,1,15.491,1,35.326,1
5905612,2025-11-20T04:48:20Z,1,-25.42425,155.62036,1,337.2,1,35.318,1,15.427,1,337.2,1,15.427,1,35.318,1
5905612,2025-11-20T04:48:20Z,1,-25.42425,155.62036,1,339.3,1,35.309,1,15.327,1,339.3,1,15.327,1,35.309,1
5905612,2025-11-20T04:48:20Z,1,-25.42425,155.62036,1,341.4,1,35.294,1,15.194,1,341.4,1,15.194,1,35.294,1
5905612,2025-11-20T04:48:20Z,1,-25.42425,155.62036,1,343.1,1,35.284,1,15.076,1,343.1,1,15.076,1,35.284,1
5905612,2025-11-20T04:48:20Z,1,-25.42425,155.62036,1,345.4,1,35.274,1,14.986,1,345.4,1,14.986,1,35.274,1
5905612,2025-11-20T04:48:20Z,1,-25.42425,155.62036,1,347.7,1,35.274,1,14.971,1,347.7,1,14.971,1,35.274,1
5905612,2025-11-20T04:48:20Z,1,-25.42425,155.62036,1,349.6,1,35.272,1,14.963,1,349.6,1,14.963,1,35.272,1
5905612,2025-11-20T04:48:20Z,1,-25.42425,155.62036,1,351.4,1,35.271,1,14.958,1,351.4,1,14.958,1,35.271,1
5905612,2025-11-20T04:48:20Z,1,-25.42425,155.62036,1,353.2,1,35.269,1,14.928,1,353.2,1,14.928,1,35.269,1
5905612,2025-11-20T04:48:20Z,1,-25.42425,155.62036,1,355.0,1,35.268,1,14.904,1,355.0,1,14.904,1,35.268,1
5905612,2025-11-20T04:48:20Z,1,-25.42425,155.62036,1,357.4,1,35.265,1,14.875,1,357.4,1,14.875,1,35.265,1
5905612,2025-11-20T04:48:20Z,1,-25.42425,155.62036,1,359.6,1,35.264,1,14.866,1,359.6,1,14.866,1,35.264,1
5905612,2025-11-20T04:48:20Z,1,-25.42425,155.62036,1,361.4,1,35.262,1,14.828,1,361.4,1,14.828,1,35.262,1
5905612,2025-11-20T04:48:20Z,1,-25.42425,155.62036,1,363.5,1,35.255,1,14.783,1,363.5,1,14.783,1,35.255,1
5905612,2025-11-20T04:48:20Z,1,-25.42425,155.62036,1,365.7,1,35.254,1,14.774,1,365.7,1,14.774,1,35.254,1
5905612,2025-11-20T04:48:20Z,1,-25.42425,155.62036,1,367.4,1,35.252,1,14.745,1,367.4,1,14.745,1,35.252,1
5905612,2025-11-20T04:48:20Z,1,-25.42425,155.62036,1,369.4,1,35.249,1,14.729,1,369.4,1,14.729,1,35.249,1
5905612,2025-11-20T04:48:20Z,1,-25.42425,155.62036,1,371.5,1,35.249,1,14.67,1,371.5,1,14.67,1,35.249,1
5905612,2025-11-20T04:48:20Z,1,-25.42425,155.62036,1,373.1,1,35.24,1,14.628,1,373.1,1,14.628,1,35.24,1
5905612,2025-11-20T04:48:20Z,1,-25.42425,155.62036,1,375.3,1,35.24,1,14.6,1,375.3,1,14.6,1,35.24,1
5905612,2025-11-20T04:48:20Z,1,-25.42425,155.62036,1,377.6,1,35.239,1,14.577,1,377.6,1,14.577,1,35.239,1
5905612,2025-11-20T04:48:20Z,1,-25.42425,155.62036,1,379.4,1,35.238,1,14.572,1,379.4,1,14.572,1,35.238,1
5905612,2025-11-20T04:48:20Z,1,-25.42425,155.62036,1,381.4,1,35.237,1,14.562,1,381.4,1,14.562,1,35.237,1
5905612,2025-11-20T04:48:20Z,1,-25.42425,155.62036,1,383.4,1,35.235,1,14.529,1,383.4,1,14.529,1,35.235,1
5905612,2025-11-20T04:48:20Z,1,-25.42425,155.62036,1,385.3,1,35.221,1,14.4,1,385.3,1,14.4,1,35.221,1
5905612,2025-11-20T04:48:20Z,1,-25.42425,155.62036,1,387.2,1,35.211,1,14.322,1,387.2,1,14.322,1,35.211,1
5905612,2025-11-20T04:48:20Z,1,-25.42425,155.62036,1,389.1,1,35.204,1,14.277,1,389.1,1,14.277,1,35.204,1
5905612,2025-11-20T04:48:20Z,1,-25.42425,155.62036,1,391.1,1,35.196,1,14.218,1,391.1,1,14.218,1,35.196,1
5905612,2025-11-20T04:48:20Z,1,-25.42425,155.62036,1,393.2,1,35.185,1,14.117,1,393.2,1,14.117,1,35.185,1
5905612,2025-11-20T04:48:20Z,1,-25.42425,155.62036,1,395.2,1,35.177,1,14.07,1,395.2,1,14.07,1,35.177,1
5905612,2025-11-20T04:48:20Z,1,-25.42425,155.62036,1,397.2,1,35.174,1,14.043,1,397.2,1,14.043,1,35.174,1
5905612,2025-11-20T04:48:20Z,1,-25.42425,155.62036,1,399.1,1,35.166,1,13.98,1,399.1,1,13.98,1,35.166,1
5905612,2025-11-20T04:48:20Z,1,-25.42425,155.62036,1,401.1,1,35.158,1,13.868,1,401.1,1,13.868,1,35.158,1
5905612,2025-11-20T04:48:20Z,1,-25.42425,155.62036,1,403.0,1,35.15,1,13.833,1,403.0,1,13.833,1,35.15,1
5905612,2025-11-20T04:48:20Z,1,-25.42425,155.62036,1,405.4,1,35.142,1,13.752,1,405.4,1,13.752,1,35.142,1
5905612,2025-11-20T04:48:20Z,1,-25.42425,155.62036,1,407.8,1,35.133,1,13.652,1,407.8,1,13.652,1,35.133,1
5905612,2025-11-20T04:48:20Z,1,-25.42425,155.62036,1,409.7,1,35.128,1,13.608,1,409.7,1,13.608,1,35.128,1
5905612,2025-11-20T04:48:20Z,1,-25.42425,155.62036,1,411.7,1,35.102,1,13.578,1,411.7,1,13.578,1,35.102,1
5905612,2025-11-20T04:48:20Z,1,-25.42425,155.62036,1,413.7,1,35.112,1,13.493,1,413.7,1,13.493,1,35.112,1
5905612,2025-11-20T04:48:20Z,1,-25.42425,155.62036,1,415.7,1,35.1,1,13.403,1,415.7,1,13.403,1,35.1,1
5905612,2025-11-20T04:48:20Z,1,-25.42425,155.62036,1,417.6,1,35.099,1,13.394,1,417.6,1,13.394,1,35.099,1
5905612,2025-11-20T04:48:20Z,1,-25.42425,155.62036,1,419.6,1,35.096,1,13.376,1,419.6,1,13.376,1,35.096,1
5905612,2025-11-20T04:48:20Z,1,-25.42425,155.62036,1,421.5,1,35.094,1,13.337,1,421.5,1,13.337,1,35.094,1
5905612,2025-11-20T04:48:20Z,1,-25.42425,155.62036,1,423.5,1,35.091,1,13.302,1,423.5,1,13.302,1,35.091,1
5905612,2025-11-20T04:48:20Z,1,-25.42425,155.62036,1,425.5,1,35.089,1,13.29,1,425.5,1,13.29,1,35.089,1
5905612,2025-11-20T04:48:20Z,1,-25.42425,155.62036,1,427.3,1,35.089,1,13.269,1,427.3,1,13.269,1,35.089,1
5905612,2025-11-20T04:48:20Z,1,-25.42425,155.62036,1,429.2,1,35.083,1,13.227,1,429.2,1,13.227,1,35.083,1
5905612,2025-11-20T04:48:20Z,1,-25.42425,155.62036,1,431.2,1,35.074,1,13.167,1,431.2,1,13.167,1,35.074,1
5905612,2025-11-20T04:48:20Z,1,-25.42425,155.62036,1,433.1,1,35.069,1,13.136,1,433.1,1,13.136,1,35.069,1
5905612,2025-11-20T04:48:20Z,1,-25.42425,155.62036,1,435.1,1,35.055,1,13.008,1,435.1,1,13.008,1,35.055,1
5905612,2025-11-20T04:48:20Z,1,-25.42425,155.62036,1,437.0,1,35.04,1,12.871,1,437.0,1,12.871,1,35.04,1
5905612,2025-11-20T04:48:20Z,1,-25.42425,155.62036,1,439.4,1,35.03,1,12.791,1,439.4,1,12.791,1,35.03,1
5905612,2025-11-20T04:48:20Z,1,-25.42425,155.62036,1,441.9,1,35.024,1,12.742,1,441.9,1,12.742,1,35.024,1
5905612,2025-11-20T04:48:20Z,1,-25.42425,155.62036,1,443.8,1,35.02,1,12.695,1,443.8,1,12.695,1,35.02,1
5905612,2025-11-20T04:48:20Z,1,-25.42425,155.62036,1,445.7,1,35.017,1,12.671,1,445.7,1,12.671,1,35.017,1
5905612,2025-11-20T04:48:20Z,1,-25.42425,155.62036,1,447.6,1,35.006,1,12.605,1,447.6,1,12.605,1,35.006,1
5905612,2025-11-20T04:48:20Z,1,-25.42425,155.62036,1,449.6,1,35.001,1,12.548,1,449.6,1,12.548,1,35.001,1
5905612,2025-11-20T04:48:20Z,1,-25.42425,155.62036,1,451.5,1,34.998,1,12.517,1,451.5,1,12.517,1,34.998,1
5905612,2025-11-20T04:48:20Z,1,-25.42425,155.62036,1,453.5,1,34.995,1,12.488,1,453.5,1,12.488,1,34.995,1
5905612,2025-11-20T04:48:20Z,1,-25.42425,155.62036,1,455.5,1,34.992,1,12.419,1,455.5,1,12.419,1,34.992,1
5905612,2025-11-20T04:48:20Z,1,-25.42425,155.62036,1,457.5,1,34.981,1,12.323,1,457.5,1,12.323,1,34.981,1
5905612,2025-11-20T04:48:20Z,1,-25.42425,155.62036,1,459.5,1,34.978,1,12.305,1,459.5,1,12.305,1,34.978,1
5905612,2025-11-20T04:48:20Z,1,-25.42425,155.62036,1,461.5,1,34.978,1,12.283,1,461.5,1,12.283,1,34.978,1
5905612,2025-11-20T04:48:20Z,1,-25.42425,155.62036,1,463.5,1,34.974,1,12.222,1,463.5,1,12.222,1,34.974,1
5905612,2025-11-20T04:48:20Z,1,-25.42425,155.62036,1,465.5,1,34.964,1,12.099,1,465.5,1,12.099,1,34.964,1
5905612,2025-11-20T04:48:20Z,1,-25.42425,155.62036,1,467.5,1,34.957,1,12.068,1,467.5,1,12.068,1,34.957,1
5905612,2025-11-20T04:48:20Z,1,-25.42425,155.62036,1,469.5,1,34.953,1,12.046,1,469.5,1,12.046,1,34.953,1
5905612,2025-11-20T04:48:20Z,1,-25.42425,155.62036,1,471.6,1,34.945,1,11.973,1,471.6,1,11.973,1,34.945,1
5905612,2025-11-20T04:48:20Z,1,-25.42425,155.62036,1,473.6,1,34.933,1,11.88,1,473.6,1,11.88,1,34.933,1
5905612,2025-11-20T04:48:20Z,1,-25.42425,155.62036,1,475.6,1,34.929,1,11.827,1,475.6,1,11.827,1,34.929,1
5905612,2025-11-20T04:48:20Z,1,-25.42425,155.62036,1,477.7,1,34.926,1,11.808,1,477.7,1,11.808,1,34.926,1
5905612,2025-11-20T04:48:20Z,1,-25.42425,155.62036,1,479.7,1,34.926,1,11.769,1,479.7,1,11.769,1,34.926,1
5905612,2025-11-20T04:48:20Z,1,-25.42425,155.62036,1,481.7,1,34.918,1,11.735,1,481.7,1,11.735,1,34.918,1
5905612,2025-11-20T04:48:20Z,1,-25.42425,155.62036,1,483.7,1,34.915,1,11.717,1,483.7,1,11.717,1,34.915,1
5905612,2025-11-20T04:48:20Z,1,-25.42425,155.62036,1,485.7,1,34.905,1,11.603,1,485.7,1,11.603,1,34.905,1
5905612,2025-11-20T04:48:20Z,1,-25.42425,155.62036,1,487.7,1,34.886,1,11.413,1,487.7,1,11.413,1,34.886,1
5905612,2025-11-20T04:48:20Z,1,-25.42425,155.62036,1,489.7,1,34.871,1,11.344,1,489.7,1,11.344,1,34.871,1
5905612,2025-11-20T04:48:20Z,1,-25.42425,155.62036,1,491.8,1,34.863,1,11.284,1,491.8,1,11.284,1,34.863,1
5905612,2025-11-20T04:48:20Z,1,-25.42425,155.62036,1,493.8,1,34.849,1,11.156,1,493.8,1,11.156,1,34.849,1
5905612,2025-11-20T04:48:20Z,1,-25.42425,155.62036,1,495.9,1,34.843,1,11.083,1,495.9,1,11.083,1,34.843,1
5905612,2025-11-20T04:48:20Z,1,-25.42425,155.62036,1,497.9,1,34.839,1,11.057,1,497.9,1,11.057,1,34.839,1
5905612,2025-11-20T04:48:20Z,1,-25.42425,155.62036,1,499.4,1,34.837,1,11.027,1,499.4,1,11.027,1,34.837,1
5905612,2025-11-20T04:48:20Z,1,-25.42425,155.62036,1,501.0,1,34.825,1,10.91,1,501.0,1,10.91,1,34.825,1
5905612,2025-11-20T04:48:20Z,1,-25.42425,155.62036,1,503.0,1,34.81,1,10.804,1,503.0,1,10.804,1,34.81,1
5905612,2025-11-20T04:48:20Z,1,-25.42425,155.62036,1,505.1,1,34.807,1,10.772,1,505.1,1,10.772,1,34.807,1
5905612,2025-11-20T04:48:20Z,1,-25.42425,155.62036,1,507.2,1,34.804,1,10.733,1,507.2,1,10.733,1,34.804,1
5905612,2025-11-20T04:48:20Z,1,-25.42425,155.62036,1,509.4,1,34.797,1,10.707,1,509.4,1,10.707,1,34.797,1
5905612,2025-11-20T04:48:20Z,1,-25.42425,155.62036,1,511.5,1,34.799,1,10.686,1,511.5,1,10.686,1,34.799,1
5905612,2025-11-20T04:48:20Z,1,-25.42425,155.62036,1,513.6,1,34.796,1,10.676,1,513.6,1,10.676,1,34.796,1
5905612,2025-11-20T04:48:20Z,1,-25.42425,155.62036,1,515.7,1,34.796,1,10.661,1,515.7,1,10.661,1,34.796,1
5905612,2025-11-20T04:48:20Z,1,-25.42425,155.62036,1,517.8,1,34.792,1,10.643,1,517.8,1,10.643,1,34.792,1
5905612,2025-11-20T04:48:20Z,1,-25.42425,155.62036,1,519.9,1,34.787,1,10.62,1,519.9,1,10.62,1,34.787,1
5905612,2025-11-20T04:48:20Z,1,-25.42425,155.62036,1,521.5,1,34.796,1,10.501,1,521.5,1,10.501,1,34.796,1
5905612,2025-11-20T04:48:20Z,1,-25.42425,155.62036,1,523.1,1,34.775,1,10.449,1,523.1,1,10.449,1,34.775,1
5905612,2025-11-20T04:48:20Z,1,-25.42425,155.62036,1,525.3,1,34.769,1,10.415,1,525.3,1,10.415,1,34.769,1
5905612,2025-11-20T04:48:20Z,1,-25.42425,155.62036,1,527.4,1,34.766,1,10.393,1,527.4,1,10.393,1,34.766,1
5905612,2025-11-20T04:48:20Z,1,-25.42425,155.62036,1,529.5,1,34.762,1,10.293,1,529.5,1,10.293,1,34.762,1
5905612,2025-11-20T04:48:20Z,1,-25.42425,155.62036,1,531.6,1,34.754,1,10.236,1,531.6,1,10.236,1,34.754,1
5905612,2025-11-20T04:48:20Z,1,-25.42425,155.62036,1,533.7,1,34.747,1,10.205,1,533.7,1,10.205,1,34.747,1
5905612,2025-11-20T04:48:20Z,1,-25.42425,155.62036,1,535.9,1,34.743,1,10.197,1,535.9,1,10.197,1,34.743,1
5905612,2025-11-20T04:48:20Z,1,-25.42425,155.62036,1,537.5,1,34.736,1,10.152,1,537.5,1,10.152,1,34.736,1
5905612,2025-11-20T04:48:20Z,1,-25.42425,155.62036,1,539.1,1,34.727,1,10.033,1,539.1,1,10.033,1,34.727,1
5905612,2025-11-20T04:48:20Z,1,-25.42425,155.62036,1,541.2,1,34.722,1,9.987,1,541.2,1,9.987,1,34.722,1
5905612,2025-11-20T04:48:20Z,1,-25.42425,155.62036,1,543.3,1,34.709,1,9.869,1,543.3,1,9.869,1,34.709,1
5905612,2025-11-20T04:48:20Z,1,-25.42425,155.62036,1,545.4,1,34.701,1,9.801,1,545.4,1,9.801,1,34.701,1
5905612,2025-11-20T04:48:20Z,1,-25.42425,155.62036,1,547.5,1,34.695,1,9.741,1,547.5,1,9.741,1,34.695,1
5905612,2025-11-20T04:48:20Z,1,-25.42425,155.62036,1,549.6,1,34.688,1,9.669,1,549.6,1,9.669,1,34.688,1
5905612,2025-11-20T04:48:20Z,1,-25.42425,155.62036,1,551.6,1,34.685,1,9.638,1,551.6,1,9.638,1,34.685,1
5905612,2025-11-20T04:48:20Z,1,-25.42425,155.62036,1,553.7,1,34.685,1,9.626,1,553.7,1,9.626,1,34.685,1
5905612,2025-11-20T04:48:20Z,1,-25.42425,155.62036,1,555.8,1,34.684,1,9.567,1,555.8,1,9.567,1,34.684,1
5905612,2025-11-20T04:48:20Z,1,-25.42425,155.62036,1,557.9,1,34.68,1,9.53,1,557.9,1,9.53,1,34.68,1
5905612,2025-11-20T04:48:20Z,1,-25.42425,155.62036,1,559.4,1,34.677,1,9.522,1,559.4,1,9.522,1,34.677,1
5905612,2025-11-20T04:48:20Z,1,-25.42425,155.62036,1,561.0,1,34.674,1,9.498,1,561.0,1,9.498,1,34.674,1
5905612,2025-11-20T04:48:20Z,1,-25.42425,155.62036,1,563.0,1,34.664,1,9.399,1,563.0,1,9.399,1,34.664,1
5905612,2025-11-20T04:48:20Z,1,-25.42425,155.62036,1,565.0,1,34.664,1,9.364,1,565.0,1,9.364,1,34.664,1
5905612,2025-11-20T04:48:20Z,1,-25.42425,155.62036,1,567.0,1,34.662,1,9.348,1,567.0,1,9.348,1,34.662,1
5905612,2025-11-20T04:48:20Z,1,-25.42425,155.62036,1,569.1,1,34.66,1,9.34,1,569.1,1,9.34,1,34.66,1
5905612,2025-11-20T04:48:20Z,1,-25.42425,155.62036,1,571.2,1,34.658,1,9.305,1,571.2,1,9.305,1,34.658,1
5905612,2025-11-20T04:48:20Z,1,-25.42425,155.62036,1,573.3,1,34.654,1,9.295,1,573.3,1,9.295,1,34.654,1
5905612,2025-11-20T04:48:20Z,1,-25.42425,155.62036,1,575.4,1,34.657,1,9.241,1,575.4,1,9.241,1,34.657,1
5905612,2025-11-20T04:48:20Z,1,-25.42425,155.62036,1,577.4,1,34.647,1,9.203,1,577.4,1,9.203,1,34.647,1
5905612,2025-11-20T04:48:20Z,1,-25.42425,155.62036,1,579.5,1,34.648,1,9.194,1,579.5,1,9.194,1,34.648,1
5905612,2025-11-20T04:48:20Z,1,-25.42425,155.62036,1,581.6,1,34.641,1,9.132,1,581.6,1,9.132,1,34.641,1
5905612,2025-11-20T04:48:20Z,1,-25.42425,155.62036,1,583.7,1,34.639,1,9.121,1,583.7,1,9.121,1,34.639,1
5905612,2025-11-20T04:48:20Z,1,-25.42425,155.62036,1,585.9,1,34.637,1,9.111,1,585.9,1,9.111,1,34.637,1
5905612,2025-11-20T04:48:20Z,1,-25.42425,155.62036,1,587.4,1,34.634,1,9.079,1,587.4,1,9.079,1,34.634,1
5905612,2025-11-20T04:48:20Z,1,-25.42425,155.62036,1,589.0,1,34.632,1,9.065,1,589.0,1,9.065,1,34.632,1
5905612,2025-11-20T04:48:20Z,1,-25.42425,155.62036,1,591.1,1,34.627,1,9.005,1,591.1,1,9.005,1,34.627,1
5905612,2025-11-20T04:48:20Z,1,-25.42425,155.62036,1,593.2,1,34.616,1,8.953,1,593.2,1,8.953,1,34.616,1
5905612,2025-11-20T04:48:20Z,1,-25.42425,155.62036,1,595.3,1,34.608,1,8.902,1,595.3,1,8.902,1,34.608,1
5905612,2025-11-20T04:48:20Z,1,-25.42425,155.62036,1,597.2,1,34.601,1,8.867,1,597.2,1,8.867,1,34.601,1
5905612,2025-11-20T04:48:20Z,1,-25.42425,155.62036,1,599.3,1,34.603,1,8.838,1,599.3,1,8.838,1,34.603,1
5905612,2025-11-20T04:48:20Z,1,-25.42425,155.62036,1,601.2,1,34.597,1,8.793,1,601.2,1,8.793,1,34.597,1
5905612,2025-11-20T04:48:20Z,1,-25.42425,155.62036,1,603.3,1,34.588,1,8.707,1,603.3,1,8.707,1,34.588,1
5905612,2025-11-20T04:48:20Z,1,-25.42425,155.62036,1,605.3,1,34.582,1,8.65,1,605.3,1,8.65,1,34.582,1
5905612,2025-11-20T04:48:20Z,1,-25.42425,155.62036,1,607.3,1,34.58,1,8.61,1,607.3,1,8.61,1,34.58,1
5905612,2025-11-20T04:48:20Z,1,-25.42425,155.62036,1,609.4,1,34.576,1,8.544,1,609.4,1,8.544,1,34.576,1
5905612,2025-11-20T04:48:20Z,1,-25.42425,155.62036,1,611.4,1,34.576,1,8.526,1,611.4,1,8.526,1,34.576,1
5905612,2025-11-20T04:48:20Z,1,-25.42425,155.62036,1,613.6,1,34.579,1,8.514,1,613.6,1,8.514,1,34.579,1
5905612,2025-11-20T04:48:20Z,1,-25.42425,155.62036,1,615.3,1,34.578,1,8.503,1,615.3,1,8.503,1,34.578,1
5905612,2025-11-20T04:48:20Z,1,-25.42425,155.62036,1,617.5,1,34.576,1,8.488,1,617.5,1,8.488,1,34.576,1
5905612,2025-11-20T04:48:20Z,1,-25.42425,155.62036,1,619.7,1,34.571,1,8.44,1,619.7,1,8.44,1,34.571,1
5905612,2025-11-20T04:48:20Z,1,-25.42425,155.62036,1,621.4,1,34.567,1,8.428,1,621.4,1,8.428,1,34.567,1
5905612,2025-11-20T04:48:20Z,1,-25.42425,155.62036,1,623.2,1,34.563,1,8.38,1,623.2,1,8.38,1,34.563,1
5905612,2025-11-20T04:48:20Z,1,-25.42425,155.62036,1,625.5,1,34.567,1,8.379,1,625.5,1,8.379,1,34.567,1
5905612,2025-11-20T04:48:20Z,1,-25.42425,155.62036,1,627.7,1,34.567,1,8.372,1,627.7,1,8.372,1,34.567,1
5905612,2025-11-20T04:48:20Z,1,-25.42425,155.62036,1,629.6,1,34.566,1,8.358,1,629.6,1,8.358,1,34.566,1
5905612,2025-11-20T04:48:20Z,1,-25.42425,155.62036,1,631.5,1,34.564,1,8.342,1,631.5,1,8.342,1,34.564,1
5905612,2025-11-20T04:48:20Z,1,-25.42425,155.62036,1,633.4,1,34.558,1,8.296,1,633.4,1,8.296,1,34.558,1
5905612,2025-11-20T04:48:20Z,1,-25.42425,155.62036,1,635.3,1,34.556,1,8.249,1,635.3,1,8.249,1,34.556,1
5905612,2025-11-20T04:48:20Z,1,-25.42425,155.62036,1,637.2,1,34.55,1,8.201,1,637.2,1,8.201,1,34.55,1
5905612,2025-11-20T04:48:20Z,1,-25.42425,155.62036,1,639.0,1,34.546,1,8.182,1,639.0,1,8.182,1,34.546,1
5905612,2025-11-20T04:48:20Z,1,-25.42425,155.62036,1,641.4,1,34.542,1,8.144,1,641.4,1,8.144,1,34.542,1
5905612,2025-11-20T04:48:20Z,1,-25.42425,155.62036,1,643.7,1,34.536,1,8.086,1,643.7,1,8.086,1,34.536,1
5905612,2025-11-20T04:48:20Z,1,-25.42425,155.62036,1,645.4,1,34.53,1,8.028,1,645.4,1,8.028,1,34.53,1
5905612,2025-11-20T04:48:20Z,1,-25.42425,155.62036,1,647.2,1,34.529,1,8.019,1,647.2,1,8.019,1,34.529,1
5905612,2025-11-20T04:48:20Z,1,-25.42425,155.62036,1,649.1,1,34.527,1,8.009,1,649.1,1,8.009,1,34.527,1
5905612,2025-11-20T04:48:20Z,1,-25.42425,155.62036,1,651.0,1,34.527,1,8.003,1,651.0,1,8.003,1,34.527,1
5905612,2025-11-20T04:48:20Z,1,-25.42425,155.62036,1,653.4,1,34.527,1,7.987,1,653.4,1,7.987,1,34.527,1
5905612,2025-11-20T04:48:20Z,1,-25.42425,155.62036,1,655.8,1,34.522,1,7.922,1,655.8,1,7.922,1,34.522,1
5905612,2025-11-20T04:48:20Z,1,-25.42425,155.62036,1,657.7,1,34.521,1,7.89,1,657.7,1,7.89,1,34.521,1
5905612,2025-11-20T04:48:20Z,1,-25.42425,155.62036,1,659.6,1,34.515,1,7.861,1,659.6,1,7.861,1,34.515,1
5905612,2025-11-20T04:48:20Z,1,-25.42425,155.62036,1,661.5,1,34.515,1,7.832,1,661.5,1,7.832,1,34.515,1
5905612,2025-11-20T04:48:20Z,1,-25.42425,155.62036,1,663.4,1,34.517,1,7.829,1,663.4,1,7.829,1,34.517,1
5905612,2025-11-20T04:48:20Z,1,-25.42425,155.62036,1,665.2,1,34.518,1,7.822,1,665.2,1,7.822,1,34.518,1
5905612,2025-11-20T04:48:20Z,1,-25.42425,155.62036,1,667.5,1,34.517,1,7.809,1,667.5,1,7.809,1,34.517,1
5905612,2025-11-20T04:48:20Z,1,-25.42425,155.62036,1,669.7,1,34.513,1,7.785,1,669.7,1,7.785,1,34.513,1
5905612,2025-11-20T04:48:20Z,1,-25.42425,155.62036,1,671.6,1,34.507,1,7.73,1,671.6,1,7.73,1,34.507,1
5905612,2025-11-20T04:48:20Z,1,-25.42425,155.62036,1,673.4,1,34.506,1,7.722,1,673.4,1,7.722,1,34.506,1
5905612,2025-11-20T04:48:20Z,1,-25.42425,155.62036,1,675.2,1,34.503,1,7.705,1,675.2,1,7.705,1,34.503,1
5905612,2025-11-20T04:48:20Z,1,-25.42425,155.62036,1,677.4,1,34.496,1,7.658,1,677.4,1,7.658,1,34.496,1
5905612,2025-11-20T04:48:20Z,1,-25.42425,155.62036,1,679.6,1,34.492,1,7.603,1,679.6,1,7.603,1,34.492,1
5905612,2025-11-20T04:48:20Z,1,-25.42425,155.62036,1,681.4,1,34.486,1,7.539,1,681.4,1,7.539,1,34.486,1
5905612,2025-11-20T04:48:20Z,1,-25.42425,155.62036,1,683.2,1,34.48,1,7.487,1,683.2,1,7.487,1,34.48,1
5905612,2025-11-20T04:48:20Z,1,-25.42425,155.62036,1,685.5,1,34.477,1,7.436,1,685.5,1,7.436,1,34.477,1
5905612,2025-11-20T04:48:20Z,1,-25.42425,155.62036,1,687.7,1,34.467,1,7.362,1,687.7,1,7.362,1,34.467,1
5905612,2025-11-20T04:48:20Z,1,-25.42425,155.62036,1,689.4,1,34.464,1,7.329,1,689.4,1,7.329,1,34.464,1
5905612,2025-11-20T04:48:20Z,1,-25.42425,155.62036,1,691.2,1,34.461,1,7.306,1,691.2,1,7.306,1,34.461,1
5905612,2025-11-20T04:48:20Z,1,-25.42425,155.62036,1,693.5,1,34.457,1,7.251,1,693.5,1,7.251,1,34.457,1
5905612,2025-11-20T04:48:20Z,1,-25.42425,155.62036,1,695.7,1,34.451,1,7.223,1,695.7,1,7.223,1,34.451,1
5905612,2025-11-20T04:48:20Z,1,-25.42425,155.62036,1,697.5,1,34.451,1,7.212,1,697.5,1,7.212,1,34.451,1
5905612,2025-11-20T04:48:20Z,1,-25.42425,155.62036,1,699.3,1,34.449,1,7.197,1,699.3,1,7.197,1,34.449,1
5905612,2025-11-20T04:48:20Z,1,-25.42425,155.62036,1,701.1,1,34.447,1,7.154,1,701.1,1,7.154,1,34.447,1
5905612,2025-11-20T04:48:20Z,1,-25.42425,155.62036,1,703.4,1,34.446,1,7.122,1,703.4,1,7.122,1,34.446,1
5905612,2025-11-20T04:48:20Z,1,-25.42425,155.62036,1,705.6,1,34.445,1,7.095,1,705.6,1,7.095,1,34.445,1
5905612,2025-11-20T04:48:20Z,1,-25.42425,155.62036,1,707.4,1,34.445,1,7.073,1,707.4,1,7.073,1,34.445,1
5905612,2025-11-20T04:48:20Z,1,-25.42425,155.62036,1,709.1,1,34.442,1,7.05,1,709.1,1,7.05,1,34.442,1
5905612,2025-11-20T04:48:20Z,1,-25.42425,155.62036,1,711.4,1,34.442,1,7.042,1,711.4,1,7.042,1,34.442,1
5905612,2025-11-20T04:48:20Z,1,-25.42425,155.62036,1,713.6,1,34.443,1,7.039,1,713.6,1,7.039,1,34.443,1
5905612,2025-11-20T04:48:20Z,1,-25.42425,155.62036,1,715.3,1,34.442,1,7.036,1,715.3,1,7.036,1,34.442,1
5905612,2025-11-20T04:48:20Z,1,-25.42425,155.62036,1,717.5,1,34.443,1,6.998,1,717.5,1,6.998,1,34.443,1
5905612,2025-11-20T04:48:20Z,1,-25.42425,155.62036,1,719.7,1,34.444,1,6.985,1,719.7,1,6.985,1,34.444,1
5905612,2025-11-20T04:48:20Z,1,-25.42425,155.62036,1,721.5,1,34.443,1,6.977,1,721.5,1,6.977,1,34.443,1
5905612,2025-11-20T04:48:20Z,1,-25.42425,155.62036,1,723.3,1,34.442,1,6.978,1,723.3,1,6.978,1,34.442,1
5905612,2025-11-20T04:48:20Z,1,-25.42425,155.62036,1,725.1,1,34.443,1,6.968,1,725.1,1,6.968,1,34.443,1
5905612,2025-11-20T04:48:20Z,1,-25.42425,155.62036,1,727.3,1,34.442,1,6.951,1,727.3,1,6.951,1,34.442,1
5905612,2025-11-20T04:48:20Z,1,-25.42425,155.62036,1,729.5,1,34.439,1,6.915,1,729.5,1,6.915,1,34.439,1
5905612,2025-11-20T04:48:20Z,1,-25.42425,155.62036,1,731.3,1,34.438,1,6.906,1,731.3,1,6.906,1,34.438,1
5905612,2025-11-20T04:48:20Z,1,-25.42425,155.62036,1,733.5,1,34.44,1,6.898,1,733.5,1,6.898,1,34.44,1
5905612,2025-11-20T04:48:20Z,1,-25.42425,155.62036,1,735.7,1,34.446,1,6.911,1,735.7,1,6.911,1,34.446,1
5905612,2025-11-20T04:48:20Z,1,-25.42425,155.62036,1,737.5,1,34.448,1,6.917,1,737.5,1,6.917,1,34.448,1
5905612,2025-11-20T04:48:20Z,1,-25.42425,155.62036,1,739.3,1,34.447,1,6.907,1,739.3,1,6.907,1,34.447,1
5905612,2025-11-20T04:48:20Z,1,-25.42425,155.62036,1,741.1,1,34.44,1,6.84,1,741.1,1,6.84,1,34.44,1
5905612,2025-11-20T04:48:20Z,1,-25.42425,155.62036,1,743.4,1,34.439,1,6.83,1,743.4,1,6.83,1,34.439,1
5905612,2025-11-20T04:48:20Z,1,-25.42425,155.62036,1,745.6,1,34.456,1,6.867,1,745.6,1,6.867,1,34.456,1
5905612,2025-11-20T04:48:20Z,1,-25.42425,155.62036,1,747.4,1,34.457,1,6.852,1,747.4,1,6.852,1,34.457,1
5905612,2025-11-20T04:48:20Z,1,-25.42425,155.62036,1,749.3,1,34.457,1,6.85,1,749.3,1,6.85,1,34.457,1
5905612,2025-11-20T04:48:20Z,1,-25.42425,155.62036,1,751.1,1,34.458,1,6.85,1,751.1,1,6.85,1,34.458,1
5905612,2025-11-20T04:48:20Z,1,-25.42425,155.62036,1,753.4,1,34.458,1,6.827,1,753.4,1,6.827,1,34.458,1
5905612,2025-11-20T04:48:20Z,1,-25.42425,155.62036,1,755.6,1,34.455,1,6.769,1,755.6,1,6.769,1,34.455,1
5905612,2025-11-20T04:48:20Z,1,-25.42425,155.62036,1,757.4,1,34.455,1,6.761,1,757.4,1,6.761,1,34.455,1
5905612,2025-11-20T04:48:20Z,1,-25.42425,155.62036,1,759.3,1,34.455,1,6.757,1,759.3,1,6.757,1,34.455,1
5905612,2025-11-20T04:48:20Z,1,-25.42425,155.62036,1,761.1,1,34.455,1,6.749,1,761.1,1,6.749,1,34.455,1
5905612,2025-11-20T04:48:20Z,1,-25.42425,155.62036,1,763.4,1,34.452,1,6.721,1,763.4,1,6.721,1,34.452,1
5905612,2025-11-20T04:48:20Z,1,-25.42425,155.62036,1,765.8,1,34.45,1,6.7,1,765.8,1,6.7,1,34.45,1
5905612,2025-11-20T04:48:20Z,1,-25.42425,155.62036,1,767.6,1,34.448,1,6.691,1,767.6,1,6.691,1,34.448,1
5905612,2025-11-20T04:48:20Z,1,-25.42425,155.62036,1,769.4,1,34.447,1,6.676,1,769.4,1,6.676,1,34.447,1
5905612,2025-11-20T04:48:20Z,1,-25.42425,155.62036,1,771.3,1,34.445,1,6.66,1,771.3,1,6.66,1,34.445,1
5905612,2025-11-20T04:48:20Z,1,-25.42425,155.62036,1,773.2,1,34.445,1,6.638,1,773.2,1,6.638,1,34.445,1
5905612,2025-11-20T04:48:20Z,1,-25.42425,155.62036,1,775.1,1,34.442,1,6.613,1,775.1,1,6.613,1,34.442,1
5905612,2025-11-20T04:48:20Z,1,-25.42425,155.62036,1,777.0,1,34.444,1,6.608,1,777.0,1,6.608,1,34.444,1
5905612,2025-11-20T04:48:20Z,1,-25.42425,155.62036,1,779.4,1,34.444,1,6.558,1,779.4,1,6.558,1,34.444,1
5905612,2025-11-20T04:48:20Z,1,-25.42425,155.62036,1,781.9,1,34.44,1,6.494,1,781.9,1,6.494,1,34.44,1
5905612,2025-11-20T04:48:20Z,1,-25.42425,155.62036,1,783.9,1,34.44,1,6.48,1,783.9,1,6.48,1,34.44,1
5905612,2025-11-20T04:48:20Z,1,-25.42425,155.62036,1,785.8,1,34.438,1,6.457,1,785.8,1,6.457,1,34.438,1
5905612,2025-11-20T04:48:20Z,1,-25.42425,155.62036,1,787.8,1,34.436,1,6.436,1,787.8,1,6.436,1,34.436,1
5905612,2025-11-20T04:48:20Z,1,-25.42425,155.62036,1,789.8,1,34.435,1,6.417,1,789.8,1,6.417,1,34.435,1
5905612,2025-11-20T04:48:20Z,1,-25.42425,155.62036,1,791.8,1,34.433,1,6.397,1,791.8,1,6.397,1,34.433,1
5905612,2025-11-20T04:48:20Z,1,-25.42425,155.62036,1,793.7,1,34.432,1,6.39,1,793.7,1,6.39,1,34.432,1
5905612,2025-11-20T04:48:20Z,1,-25.42425,155.62036,1,795.7,1,34.432,1,6.364,1,795.7,1,6.364,1,34.432,1
5905612,2025-11-20T04:48:20Z,1,-25.42425,155.62036,1,797.7,1,34.429,1,6.341,1,797.7,1,6.341,1,34.429,1
5905612,2025-11-20T04:48:20Z,1,-25.42425,155.62036,1,799.7,1,34.427,1,6.314,1,799.7,1,6.314,1,34.427,1
5905612,2025-11-20T04:48:20Z,1,-25.42425,155.62036,1,801.7,1,34.425,1,6.277,1,801.7,1,6.277,1,34.425,1
5905612,2025-11-20T04:48:20Z,1,-25.42425,155.62036,1,803.7,1,34.424,1,6.253,1,803.7,1,6.253,1,34.424,1
5905612,2025-11-20T04:48:20Z,1,-25.42425,155.62036,1,805.7,1,34.423,1,6.234,1,805.7,1,6.234,1,34.423,1
5905612,2025-11-20T04:48:20Z,1,-25.42425,155.62036,1,807.8,1,34.422,1,6.217,1,807.8,1,6.217,1,34.422,1
5905612,2025-11-20T04:48:20Z,1,-25.42425,155.62036,1,809.9,1,34.422,1,6.207,1,809.9,1,6.207,1,34.422,1
5905612,2025-11-20T04:48:20Z,1,-25.42425,155.62036,1,811.4,1,34.423,1,6.198,1,811.4,1,6.198,1,34.423,1
5905612,2025-11-20T04:48:20Z,1,-25.42425,155.62036,1,813.0,1,34.423,1,6.191,1,813.0,1,6.191,1,34.423,1
5905612,2025-11-20T04:48:20Z,1,-25.42425,155.62036,1,815.1,1,34.423,1,6.181,1,815.1,1,6.181,1,34.423,1
5905612,2025-11-20T04:48:20Z,1,-25.42425,155.62036,1,817.5,1,34.423,1,6.159,1,817.5,1,6.159,1,34.423,1
5905612,2025-11-20T04:48:20Z,1,-25.42425,155.62036,1,819.6,1,34.421,1,6.147,1,819.6,1,6.147,1,34.421,1
5905612,2025-11-20T04:48:20Z,1,-25.42425,155.62036,1,821.6,1,34.42,1,6.129,1,821.6,1,6.129,1,34.42,1
5905612,2025-11-20T04:48:20Z,1,-25.42425,155.62036,1,823.6,1,34.42,1,6.124,1,823.6,1,6.124,1,34.42,1
5905612,2025-11-20T04:48:20Z,1,-25.42425,155.62036,1,825.3,1,34.421,1,6.111,1,825.3,1,6.111,1,34.421,1
5905612,2025-11-20T04:48:20Z,1,-25.42425,155.62036,1,827.4,1,34.421,1,6.082,1,827.4,1,6.082,1,34.421,1
5905612,2025-11-20T04:48:20Z,1,-25.42425,155.62036,1,829.5,1,34.42,1,6.061,1,829.5,1,6.061,1,34.42,1
5905612,2025-11-20T04:48:20Z,1,-25.42425,155.62036,1,831.2,1,34.42,1,6.045,1,831.2,1,6.045,1,34.42,1
5905612,2025-11-20T04:48:20Z,1,-25.42425,155.62036,1,833.3,1,34.419,1,6.026,1,833.3,1,6.026,1,34.419,1
5905612,2025-11-20T04:48:20Z,1,-25.42425,155.62036,1,835.5,1,34.419,1,6.019,1,835.5,1,6.019,1,34.419,1
5905612,2025-11-20T04:48:20Z,1,-25.42425,155.62036,1,837.2,1,34.418,1,6.008,1,837.2,1,6.008,1,34.418,1
5905612,2025-11-20T04:48:20Z,1,-25.42425,155.62036,1,839.4,1,34.418,1,5.982,1,839.4,1,5.982,1,34.418,1
5905612,2025-11-20T04:48:20Z,1,-25.42425,155.62036,1,841.6,1,34.418,1,5.971,1,841.6,1,5.971,1,34.418,1
5905612,2025-11-20T04:48:20Z,1,-25.42425,155.62036,1,843.4,1,34.419,1,5.954,1,843.4,1,5.954,1,34.419,1
5905612,2025-11-20T04:48:20Z,1,-25.42425,155.62036,1,845.1,1,34.417,1,5.943,1,845.1,1,5.943,1,34.417,1
5905612,2025-11-20T04:48:20Z,1,-25.42425,155.62036,1,847.4,1,34.417,1,5.935,1,847.4,1,5.935,1,34.417,1
5905612,2025-11-20T04:48:20Z,1,-25.42425,155.62036,1,849.6,1,34.418,1,5.891,1,849.6,1,5.891,1,34.418,1
5905612,2025-11-20T04:48:20Z,1,-25.42425,155.62036,1,851.4,1,34.42,1,5.88,1,851.4,1,5.88,1,34.42,1
5905612,2025-11-20T04:48:20Z,1,-25.42425,155.62036,1,853.1,1,34.423,1,5.873,1,853.1,1,5.873,1,34.423,1
5905612,2025-11-20T04:48:20Z,1,-25.42425,155.62036,1,855.4,1,34.424,1,5.874,1,855.4,1,5.874,1,34.424,1
5905612,2025-11-20T04:48:20Z,1,-25.42425,155.62036,1,857.6,1,34.425,1,5.873,1,857.6,1,5.873,1,34.425,1
5905612,2025-11-20T04:48:20Z,1,-25.42425,155.62036,1,859.4,1,34.426,1,5.871,1,859.4,1,5.871,1,34.426,1
5905612,2025-11-20T04:48:20Z,1,-25.42425,155.62036,1,861.2,1,34.427,1,5.865,1,861.2,1,5.865,1,34.427,1
5905612,2025-11-20T04:48:20Z,1,-25.42425,155.62036,1,863.5,1,34.427,1,5.859,1,863.5,1,5.859,1,34.427,1
5905612,2025-11-20T04:48:20Z,1,-25.42425,155.62036,1,865.6,1,34.427,1,5.846,1,865.6,1,5.846,1,34.427,1
5905612,2025-11-20T04:48:20Z,1,-25.42425,155.62036,1,867.4,1,34.429,1,5.836,1,867.4,1,5.836,1,34.429,1
5905612,2025-11-20T04:48:20Z,1,-25.42425,155.62036,1,869.2,1,34.428,1,5.828,1,869.2,1,5.828,1,34.428,1
5905612,2025-11-20T04:48:20Z,1,-25.42425,155.62036,1,871.4,1,34.427,1,5.811,1,871.4,1,5.811,1,34.427,1
5905612,2025-11-20T04:48:20Z,1,-25.42425,155.62036,1,873.6,1,34.427,1,5.785,1,873.6,1,5.785,1,34.427,1
5905612,2025-11-20T04:48:20Z,1,-25.42425,155.62036,1,875.3,1,34.426,1,5.772,1,875.3,1,5.772,1,34.426,1
5905612,2025-11-20T04:48:20Z,1,-25.42425,155.62036,1,877.1,1,34.425,1,5.731,1,877.1,1,5.731,1,34.425,1
5905612,2025-11-20T04:48:20Z,1,-25.42425,155.62036,1,879.3,1,34.423,1,5.702,1,879.3,1,5.702,1,34.423,1
5905612,2025-11-20T04:48:20Z,1,-25.42425,155.62036,1,881.6,1,34.422,1,5.663,1,881.6,1,5.663,1,34.422,1
5905612,2025-11-20T04:48:20Z,1,-25.42425,155.62036,1,883.3,1,34.42,1,5.652,1,883.3,1,5.652,1,34.42,1
5905612,2025-11-20T04:48:20Z,1,-25.42425,155.62036,1,885.4,1,34.421,1,5.627,1,885.4,1,5.627,1,34.421,1
5905612,2025-11-20T04:48:20Z,1,-25.42425,155.62036,1,887.6,1,34.421,1,5.61,1,887.6,1,5.61,1,34.421,1
5905612,2025-11-20T04:48:20Z,1,-25.42425,155.62036,1,889.3,1,34.421,1,5.606,1,889.3,1,5.606,1,34.421,1
5905612,2025-11-20T04:48:20Z,1,-25.42425,155.62036,1,891.5,1,34.421,1,5.591,1,891.5,1,5.591,1,34.421,1
5905612,2025-11-20T04:48:20Z,1,-25.42425,155.62036,1,893.7,1,34.421,1,5.58,1,893.7,1,5.58,1,34.421,1
5905612,2025-11-20T04:48:20Z,1,-25.42425,155.62036,1,895.4,1,34.421,1,5.557,1,895.4,1,5.557,1,34.421,1
5905612,2025-11-20T04:48:20Z,1,-25.42425,155.62036,1,897.5,1,34.422,1,5.548,1,897.5,1,5.548,1,34.422,1
5905612,2025-11-20T04:48:20Z,1,-25.42425,155.62036,1,899.7,1,34.421,1,5.544,1,899.7,1,5.544,1,34.421,1
5905612,2025-11-20T04:48:20Z,1,-25.42425,155.62036,1,901.4,1,34.422,1,5.535,1,901.4,1,5.535,1,34.422,1
5905612,2025-11-20T04:48:20Z,1,-25.42425,155.62036,1,903.5,1,34.422,1,5.53,1,903.5,1,5.53,1,34.422,1
5905612,2025-11-20T04:48:20Z,1,-25.42425,155.62036,1,905.6,1,34.423,1,5.529,1,905.6,1,5.529,1,34.423,1
5905612,2025-11-20T04:48:20Z,1,-25.42425,155.62036,1,907.3,1,34.424,1,5.521,1,907.3,1,5.521,1,34.424,1
5905612,2025-11-20T04:48:20Z,1,-25.42425,155.62036,1,909.5,1,34.424,1,5.515,1,909.5,1,5.515,1,34.424,1
5905612,2025-11-20T04:48:20Z,1,-25.42425,155.62036,1,911.6,1,34.423,1,5.51,1,911.6,1,5.51,1,34.423,1
5905612,2025-11-20T04:48:20Z,1,-25.42425,155.62036,1,913.3,1,34.423,1,5.497,1,913.3,1,5.497,1,34.423,1
5905612,2025-11-20T04:48:20Z,1,-25.42425,155.62036,1,915.5,1,34.424,1,5.46,1,915.5,1,5.46,1,34.424,1
5905612,2025-11-20T04:48:20Z,1,-25.42425,155.62036,1,917.6,1,34.424,1,5.449,1,917.6,1,5.449,1,34.424,1
5905612,2025-11-20T04:48:20Z,1,-25.42425,155.62036,1,919.4,1,34.424,1,5.443,1,919.4,1,5.443,1,34.424,1
5905612,2025-11-20T04:48:20Z,1,-25.42425,155.62036,1,921.5,1,34.426,1,5.427,1,921.5,1,5.427,1,34.426,1
5905612,2025-11-20T04:48:20Z,1,-25.42425,155.62036,1,923.6,1,34.425,1,5.425,1,923.6,1,5.425,1,34.425,1
5905612,2025-11-20T04:48:20Z,1,-25.42425,155.62036,1,925.3,1,34.426,1,5.42,1,925.3,1,5.42,1,34.426,1
5905612,2025-11-20T04:48:20Z,1,-25.42425,155.62036,1,927.5,1,34.426,1,5.414,1,927.5,1,5.414,1,34.426,1
5905612,2025-11-20T04:48:20Z,1,-25.42425,155.62036,1,929.7,1,34.429,1,5.392,1,929.7,1,5.392,1,34.429,1
5905612,2025-11-20T04:48:20Z,1,-25.42425,155.62036,1,931.4,1,34.431,1,5.377,1,931.4,1,5.377,1,34.431,1
5905612,2025-11-20T04:48:20Z,1,-25.42425,155.62036,1,933.5,1,34.431,1,5.369,1,933.5,1,5.369,1,34.431,1
5905612,2025-11-20T04:48:20Z,1,-25.42425,155.62036,1,935.7,1,34.432,1,5.362,1,935.7,1,5.362,1,34.432,1
5905612,2025-11-20T04:48:20Z,1,-25.42425,155.62036,1,937.4,1,34.431,1,5.358,1,937.4,1,5.358,1,34.431,1
5905612,2025-11-20T04:48:20Z,1,-25.42425,155.62036,1,939.1,1,34.433,1,5.337,1,939.1,1,5.337,1,34.433,1
5905612,2025-11-20T04:48:20Z,1,-25.42425,155.62036,1,941.3,1,34.433,1,5.331,1,941.3,1,5.331,1,34.433,1
5905612,2025-11-20T04:48:20Z,1,-25.42425,155.62036,1,943.5,1,34.433,1,5.321,1,943.5,1,5.321,1,34.433,1
5905612,2025-11-20T04:48:20Z,1,-25.42425,155.62036,1,945.3,1,34.433,1,5.315,1,945.3,1,5.315,1,34.433,1
5905612,2025-11-20T04:48:20Z,1,-25.42425,155.62036,1,947.1,1,34.432,1,5.313,1,947.1,1,5.313,1,34.432,1
5905612,2025-11-20T04:48:20Z,1,-25.42425,155.62036,1,949.4,1,34.433,1,5.302,1,949.4,1,5.302,1,34.433,1
5905612,2025-11-20T04:48:20Z,1,-25.42425,155.62036,1,951.6,1,34.433,1,5.289,1,951.6,1,5.289,1,34.433,1
5905612,2025-11-20T04:48:20Z,1,-25.42425,155.62036,1,953.4,1,34.433,1,5.269,1,953.4,1,5.269,1,34.433,1
5905612,2025-11-20T04:48:20Z,1,-25.42425,155.62036,1,955.2,1,34.434,1,5.252,1,955.2,1,5.252,1,34.434,1
5905612,2025-11-20T04:48:20Z,1,-25.42425,155.62036,1,957.1,1,34.434,1,5.235,1,957.1,1,5.235,1,34.434,1
5905612,2025-11-20T04:48:20Z,1,-25.42425,155.62036,1,959.4,1,34.434,1,5.226,1,959.4,1,5.226,1,34.434,1
5905612,2025-11-20T04:48:20Z,1,-25.42425,155.62036,1,961.7,1,34.434,1,5.218,1,961.7,1,5.218,1,34.434,1
5905612,2025-11-20T04:48:20Z,1,-25.42425,155.62036,1,963.6,1,34.435,1,5.197,1,963.6,1,5.197,1,34.435,1
5905612,2025-11-20T04:48:20Z,1,-25.42425,155.62036,1,965.4,1,34.434,1,5.18,1,965.4,1,5.18,1,34.434,1
5905612,2025-11-20T04:48:20Z,1,-25.42425,155.62036,1,967.3,1,34.436,1,5.154,1,967.3,1,5.154,1,34.436,1
5905612,2025-11-20T04:48:20Z,1,-25.42425,155.62036,1,969.2,1,34.437,1,5.121,1,969.2,1,5.121,1,34.437,1
5905612,2025-11-20T04:48:20Z,1,-25.42425,155.62036,1,971.2,1,34.437,1,5.106,1,971.2,1,5.106,1,34.437,1
5905612,2025-11-20T04:48:20Z,1,-25.42425,155.62036,1,973.1,1,34.44,1,5.091,1,973.1,1,5.091,1,34.44,1
5905612,2025-11-20T04:48:20Z,1,-25.42425,155.62036,1,975.4,1,34.439,1,5.072,1,975.4,1,5.072,1,34.439,1
5905612,2025-11-20T04:48:20Z,1,-25.42425,155.62036,1,977.9,1,34.439,1,5.069,1,977.9,1,5.069,1,34.439,1
5905612,2025-11-20T04:48:20Z,1,-25.42425,155.62036,1,979.9,1,34.44,1,5.061,1,979.9,1,5.061,1,34.44,1
5905612,2025-11-20T04:48:20Z,1,-25.42425,155.62036,1,981.9,1,34.439,1,5.053,1,981.9,1,5.053,1,34.439,1
5905612,2025-11-20T04:48:20Z,1,-25.42425,155.62036,1,983.8,1,34.442,1,5.032,1,983.8,1,5.032,1,34.442,1
5905612,2025-11-20T04:48:20Z,1,-25.42425,155.62036,1,985.8,1,34.441,1,5.017,1,985.8,1,5.017,1,34.441,1
5905612,2025-11-20T04:48:20Z,1,-25.42425,155.62036,1,987.8,1,34.442,1,5.011,1,987.8,1,5.011,1,34.442,1
5905612,2025-11-20T04:48:20Z,1,-25.42425,155.62036,1,989.8,1,34.44,1,5.002,1,989.8,1,5.002,1,34.44,1
5905612,2025-11-20T04:48:20Z,1,-25.42425,155.62036,1,991.9,1,34.443,1,4.984,1,991.9,1,4.984,1,34.443,1
5905612,2025-11-20T04:48:20Z,1,-25.42425,155.62036,1,993.9,1,34.442,1,4.975,1,993.9,1,4.975,1,34.442,1
5905612,2025-11-20T04:48:20Z,1,-25.42425,155.62036,1,995.9,1,34.445,1,4.952,1,995.9,1,4.952,1,34.445,1
5905612,2025-11-20T04:48:20Z,1,-25.42425,155.62036,1,997.5,1,34.445,1,4.942,1,997.5,1,4.942,1,34.445,1
5905612,2025-11-20T04:48:20Z,1,-25.42425,155.62036,1,999.0,1,34.445,1,4.936,1,999.0,1,4.936,1,34.445,1
5905612,2025-11-20T04:48:20Z,1,-25.42425,155.62036,1,1001.0,1,34.446,1,4.928,1,1001.0,1,4.928,1,34.446,1
5905612,2025-11-20T04:48:20Z,1,-25.42425,155.62036,1,1003.1,1,34.446,1,4.92,1,1003.1,1,4.92,1,34.446,1
5905612,2025-11-20T04:48:20Z,1,-25.42425,155.62036,1,1005.1,1,34.447,1,4.908,1,1005.1,1,4.908,1,34.447,1
5905612,2025-11-20T04:48:20Z,1,-25.42425,155.62036,1,1007.1,1,34.448,1,4.893,1,1007.1,1,4.893,1,34.448,1
5905612,2025-11-20T04:48:20Z,1,-25.42425,155.62036,1,1009.1,1,34.447,1,4.882,1,1009.1,1,4.882,1,34.447,1
5905612,2025-11-20T04:48:20Z,1,-25.42425,155.62036,1,1011.1,1,34.447,1,4.88,1,1011.1,1,4.88,1,34.447,1
5905612,2025-11-20T04:48:20Z,1,-25.42425,155.62036,1,1013.1,1,34.447,1,4.876,1,1013.1,1,4.876,1,34.447,1
5905612,2025-11-20T04:48:20Z,1,-25.42425,155.62036,1,1015.1,1,34.449,1,4.859,1,1015.1,1,4.859,1,34.449,1
5905612,2025-11-20T04:48:20Z,1,-25.42425,155.62036,1,1017.1,1,34.451,1,4.834,1,1017.1,1,4.834,1,34.451,1
5905612,2025-11-20T04:48:20Z,1,-25.42425,155.62036,1,1019.1,1,34.451,1,4.828,1,1019.1,1,4.828,1,34.451,1
5905612,2025-11-20T04:48:20Z,1,-25.42425,155.62036,1,1021.1,1,34.45,1,4.826,1,1021.1,1,4.826,1,34.45,1
5905612,2025-11-20T04:48:20Z,1,-25.42425,155.62036,1,1023.2,1,34.45,1,4.825,1,1023.2,1,4.825,1,34.45,1
5905612,2025-11-20T04:48:20Z,1,-25.42425,155.62036,1,1025.2,1,34.451,1,4.818,1,1025.2,1,4.818,1,34.451,1
5905612,2025-11-20T04:48:20Z,1,-25.42425,155.62036,1,1027.1,1,34.451,1,4.805,1,1027.1,1,4.805,1,34.451,1
5905612,2025-11-20T04:48:20Z,1,-25.42425,155.62036,1,1029.1,1,34.452,1,4.786,1,1029.1,1,4.786,1,34.452,1
5905612,2025-11-20T04:48:20Z,1,-25.42425,155.62036,1,1031.1,1,34.453,1,4.781,1,1031.1,1,4.781,1,34.453,1
5905612,2025-11-20T04:48:20Z,1,-25.42425,155.62036,1,1033.0,1,34.453,1,4.768,1,1033.0,1,4.768,1,34.453,1
5905612,2025-11-20T04:48:20Z,1,-25.42425,155.62036,1,1035.4,1,34.455,1,4.739,1,1035.4,1,4.739,1,34.455,1
5905612,2025-11-20T04:48:20Z,1,-25.42425,155.62036,1,1037.9,1,34.455,1,4.738,1,1037.9,1,4.738,1,34.455,1
5905612,2025-11-20T04:48:20Z,1,-25.42425,155.62036,1,1039.8,1,34.456,1,4.733,1,1039.8,1,4.733,1,34.456,1
5905612,2025-11-20T04:48:20Z,1,-25.42425,155.62036,1,1041.7,1,34.458,1,4.713,1,1041.7,1,4.713,1,34.458,1
5905612,2025-11-20T04:48:20Z,1,-25.42425,155.62036,1,1043.6,1,34.458,1,4.694,1,1043.6,1,4.694,1,34.458,1
5905612,2025-11-20T04:48:20Z,1,-25.42425,155.62036,1,1045.5,1,34.458,1,4.685,1,1045.5,1,4.685,1,34.458,1
5905612,2025-11-20T04:48:20Z,1,-25.42425,155.62036,1,1047.4,1,34.459,1,4.682,1,1047.4,1,4.682,1,34.459,1
5905612,2025-11-20T04:48:20Z,1,-25.42425,155.62036,1,1049.3,1,34.459,1,4.678,1,1049.3,1,4.678,1,34.459,1
5905612,2025-11-20T04:48:20Z,1,-25.42425,155.62036,1,1051.2,1,34.46,1,4.669,1,1051.2,1,4.669,1,34.46,1
5905612,2025-11-20T04:48:20Z,1,-25.42425,155.62036,1,1053.1,1,34.46,1,4.657,1,1053.1,1,4.657,1,34.46,1
5905612,2025-11-20T04:48:20Z,1,-25.42425,155.62036,1,1055.4,1,34.461,1,4.633,1,1055.4,1,4.633,1,34.461,1
5905612,2025-11-20T04:48:20Z,1,-25.42425,155.62036,1,1057.8,1,34.462,1,4.617,1,1057.8,1,4.617,1,34.462,1
5905612,2025-11-20T04:48:20Z,1,-25.42425,155.62036,1,1059.7,1,34.461,1,4.611,1,1059.7,1,4.611,1,34.461,1
5905612,2025-11-20T04:48:20Z,1,-25.42425,155.62036,1,1061.6,1,34.464,1,4.597,1,1061.6,1,4.597,1,34.464,1
5905612,2025-11-20T04:48:20Z,1,-25.42425,155.62036,1,1063.5,1,34.463,1,4.588,1,1063.5,1,4.588,1,34.463,1
5905612,2025-11-20T04:48:20Z,1,-25.42425,155.62036,1,1065.4,1,34.464,1,4.581,1,1065.4,1,4.581,1,34.464,1
5905612,2025-11-20T04:48:20Z,1,-25.42425,155.62036,1,1067.2,1,34.464,1,4.573,1,1067.2,1,4.573,1,34.464,1
5905612,2025-11-20T04:48:20Z,1,-25.42425,155.62036,1,1069.1,1,34.465,1,4.562,1,1069.1,1,4.562,1,34.465,1
5905612,2025-11-20T04:48:20Z,1,-25.42425,155.62036,1,1071.0,1,34.465,1,4.552,1,1071.0,1,4.552,1,34.465,1
5905612,2025-11-20T04:48:20Z,1,-25.42425,155.62036,1,1073.4,1,34.466,1,4.544,1,1073.4,1,4.544,1,34.466,1
5905612,2025-11-20T04:48:20Z,1,-25.42425,155.62036,1,1075.9,1,34.466,1,4.536,1,1075.9,1,4.536,1,34.466,1
5905612,2025-11-20T04:48:20Z,1,-25.42425,155.62036,1,1077.8,1,34.466,1,4.529,1,1077.8,1,4.529,1,34.466,1
5905612,2025-11-20T04:48:20Z,1,-25.42425,155.62036,1,1079.7,1,34.467,1,4.52,1,1079.7,1,4.52,1,34.467,1
5905612,2025-11-20T04:48:20Z,1,-25.42425,155.62036,1,1081.6,1,34.469,1,4.509,1,1081.6,1,4.509,1,34.469,1
5905612,2025-11-20T04:48:20Z,1,-25.42425,155.62036,1,1083.5,1,34.468,1,4.498,1,1083.5,1,4.498,1,34.468,1
5905612,2025-11-20T04:48:20Z,1,-25.42425,155.62036,1,1085.4,1,34.47,1,4.477,1,1085.4,1,4.477,1,34.47,1
5905612,2025-11-20T04:48:20Z,1,-25.42425,155.62036,1,1087.3,1,34.47,1,4.471,1,1087.3,1,4.471,1,34.47,1
5905612,2025-11-20T04:48:20Z,1,-25.42425,155.62036,1,1089.2,1,34.47,1,4.466,1,1089.2,1,4.466,1,34.47,1
5905612,2025-11-20T04:48:20Z,1,-25.42425,155.62036,1,1091.1,1,34.47,1,4.461,1,1091.1,1,4.461,1,34.47,1
5905612,2025-11-20T04:48:20Z,1,-25.42425,155.62036,1,1093.1,1,34.471,1,4.449,1,1093.1,1,4.449,1,34.471,1
5905612,2025-11-20T04:48:20Z,1,-25.42425,155.62036,1,1095.4,1,34.471,1,4.427,1,1095.4,1,4.427,1,34.471,1
5905612,2025-11-20T04:48:20Z,1,-25.42425,155.62036,1,1097.8,1,34.472,1,4.406,1,1097.8,1,4.406,1,34.472,1
5905612,2025-11-20T04:48:20Z,1,-25.42425,155.62036,1,1099.7,1,34.474,1,4.395,1,1099.7,1,4.395,1,34.474,1
5905612,2025-11-20T04:48:20Z,1,-25.42425,155.62036,1,1101.6,1,34.475,1,4.384,1,1101.6,1,4.384,1,34.475,1
5905612,2025-11-20T04:48:20Z,1,-25.42425,155.62036,1,1103.5,1,34.475,1,4.375,1,1103.5,1,4.375,1,34.475,1
5905612,2025-11-20T04:48:20Z,1,-25.42425,155.62036,1,1105.4,1,34.476,1,4.364,1,1105.4,1,4.364,1,34.476,1
5905612,2025-11-20T04:48:20Z,1,-25.42425,155.62036,1,1107.3,1,34.475,1,4.358,1,1107.3,1,4.358,1,34.475,1
5905612,2025-11-20T04:48:20Z,1,-25.42425,155.62036,1,1109.2,1,34.477,1,4.351,1,1109.2,1,4.351,1,34.477,1
5905612,2025-11-20T04:48:20Z,1,-25.42425,155.62036,1,1111.2,1,34.477,1,4.346,1,1111.2,1,4.346,1,34.477,1
5905612,2025-11-20T04:48:20Z,1,-25.42425,155.62036,1,1113.1,1,34.476,1,4.345,1,1113.1,1,4.345,1,34.476,1
5905612,2025-11-20T04:48:20Z,1,-25.42425,155.62036,1,1115.1,1,34.477,1,4.34,1,1115.1,1,4.34,1,34.477,1
5905612,2025-11-20T04:48:20Z,1,-25.42425,155.62036,1,1117.0,1,34.478,1,4.321,1,1117.0,1,4.321,1,34.478,1
5905612,2025-11-20T04:48:20Z,1,-25.42425,155.62036,1,1119.0,1,34.479,1,4.3,1,1119.0,1,4.3,1,34.479,1
5905612,2025-11-20T04:48:20Z,1,-25.42425,155.62036,1,1121.4,1,34.48,1,4.289,1,1121.4,1,4.289,1,34.48,1
5905612,2025-11-20T04:48:20Z,1,-25.42425,155.62036,1,1123.9,1,34.48,1,4.283,1,1123.9,1,4.283,1,34.48,1
5905612,2025-11-20T04:48:20Z,1,-25.42425,155.62036,1,1125.8,1,34.481,1,4.281,1,1125.8,1,4.281,1,34.481,1
5905612,2025-11-20T04:48:20Z,1,-25.42425,155.62036,1,1127.6,1,34.481,1,4.276,1,1127.6,1,4.276,1,34.481,1
5905612,2025-11-20T04:48:20Z,1,-25.42425,155.62036,1,1129.5,1,34.481,1,4.275,1,1129.5,1,4.275,1,34.481,1
5905612,2025-11-20T04:48:20Z,1,-25.42425,155.62036,1,1131.4,1,34.482,1,4.264,1,1131.4,1,4.264,1,34.482,1
5905612,2025-11-20T04:48:20Z,1,-25.42425,155.62036,1,1133.2,1,34.482,1,4.254,1,1133.2,1,4.254,1,34.482,1
5905612,2025-11-20T04:48:20Z,1,-25.42425,155.62036,1,1135.5,1,34.483,1,4.247,1,1135.5,1,4.247,1,34.483,1
5905612,2025-11-20T04:48:20Z,1,-25.42425,155.62036,1,1137.4,1,34.483,1,4.239,1,1137.4,1,4.239,1,34.483,1
5905612,2025-11-20T04:48:20Z,1,-25.42425,155.62036,1,1139.4,1,34.484,1,4.231,1,1139.4,1,4.231,1,34.484,1
5905612,2025-11-20T04:48:20Z,1,-25.42425,155.62036,1,1141.3,1,34.484,1,4.229,1,1141.3,1,4.229,1,34.484,1
5905612,2025-11-20T04:48:20Z,1,-25.42425,155.62036,1,1143.3,1,34.484,1,4.227,1,1143.3,1,4.227,1,34.484,1
5905612,2025-11-20T04:48:20Z,1,-25.42425,155.62036,1,1145.3,1,34.484,1,4.227,1,1145.3,1,4.227,1,34.484,1
5905612,2025-11-20T04:48:20Z,1,-25.42425,155.62036,1,1147.3,1,34.484,1,4.225,1,1147.3,1,4.225,1,34.484,1
5905612,2025-11-20T04:48:20Z,1,-25.42425,155.62036,1,1149.4,1,34.484,1,4.219,1,1149.4,1,4.219,1,34.484,1
5905612,2025-11-20T04:48:20Z,1,-25.42425,155.62036,1,1151.4,1,34.486,1,4.187,1,1151.4,1,4.187,1,34.486,1
5905612,2025-11-20T04:48:20Z,1,-25.42425,155.62036,1,1153.5,1,34.487,1,4.173,1,1153.5,1,4.173,1,34.487,1
5905612,2025-11-20T04:48:20Z,1,-25.42425,155.62036,1,1155.5,1,34.488,1,4.158,1,1155.5,1,4.158,1,34.488,1
5905612,2025-11-20T04:48:20Z,1,-25.42425,155.62036,1,1157.6,1,34.488,1,4.155,1,1157.6,1,4.155,1,34.488,1
5905612,2025-11-20T04:48:20Z,1,-25.42425,155.62036,1,1159.3,1,34.489,1,4.154,1,1159.3,1,4.154,1,34.489,1
5905612,2025-11-20T04:48:20Z,1,-25.42425,155.62036,1,1161.4,1,34.489,1,4.147,1,1161.4,1,4.147,1,34.489,1
5905612,2025-11-20T04:48:20Z,1,-25.42425,155.62036,1,1163.5,1,34.489,1,4.146,1,1163.5,1,4.146,1,34.489,1
5905612,2025-11-20T04:48:20Z,1,-25.42425,155.62036,1,1165.2,1,34.489,1,4.143,1,1165.2,1,4.143,1,34.489,1
5905612,2025-11-20T04:48:20Z,1,-25.42425,155.62036,1,1167.3,1,34.489,1,4.14,1,1167.3,1,4.14,1,34.489,1
5905612,2025-11-20T04:48:20Z,1,-25.42425,155.62036,1,1169.4,1,34.491,1,4.124,1,1169.4,1,4.124,1,34.491,1
5905612,2025-11-20T04:48:20Z,1,-25.42425,155.62036,1,1171.5,1,34.49,1,4.117,1,1171.5,1,4.117,1,34.49,1
5905612,2025-11-20T04:48:20Z,1,-25.42425,155.62036,1,1173.7,1,34.491,1,4.111,1,1173.7,1,4.111,1,34.491,1
5905612,2025-11-20T04:48:20Z,1,-25.42425,155.62036,1,1175.4,1,34.492,1,4.098,1,1175.4,1,4.098,1,34.492,1
5905612,2025-11-20T04:48:20Z,1,-25.42425,155.62036,1,1177.1,1,34.493,1,4.09,1,1177.1,1,4.09,1,34.493,1
5905612,2025-11-20T04:48:20Z,1,-25.42425,155.62036,1,1179.3,1,34.492,1,4.086,1,1179.3,1,4.086,1,34.492,1
5905612,2025-11-20T04:48:20Z,1,-25.42425,155.62036,1,1181.5,1,34.492,1,4.083,1,1181.5,1,4.083,1,34.492,1
5905612,2025-11-20T04:48:20Z,1,-25.42425,155.62036,1,1183.2,1,34.493,1,4.072,1,1183.2,1,4.072,1,34.493,1
5905612,2025-11-20T04:48:20Z,1,-25.42425,155.62036,1,1185.4,1,34.495,1,4.056,1,1185.4,1,4.056,1,34.495,1
5905612,2025-11-20T04:48:20Z,1,-25.42425,155.62036,1,1187.6,1,34.496,1,4.046,1,1187.6,1,4.046,1,34.496,1
5905612,2025-11-20T04:48:20Z,1,-25.42425,155.62036,1,1189.3,1,34.496,1,4.041,1,1189.3,1,4.041,1,34.496,1
5905612,2025-11-20T04:48:20Z,1,-25.42425,155.62036,1,1191.5,1,34.497,1,4.036,1,1191.5,1,4.036,1,34.497,1
5905612,2025-11-20T04:48:20Z,1,-25.42425,155.62036,1,1193.7,1,34.497,1,4.033,1,1193.7,1,4.033,1,34.497,1
5905612,2025-11-20T04:48:20Z,1,-25.42425,155.62036,1,1195.5,1,34.497,1,4.031,1,1195.5,1,4.031,1,34.497,1
5905612,2025-11-20T04:48:20Z,1,-25.42425,155.62036,1,1197.2,1,34.497,1,4.027,1,1197.2,1,4.027,1,34.497,1
5905612,2025-11-20T04:48:20Z,1,-25.42425,155.62036,1,1199.5,1,34.497,1,4.023,1,1199.5,1,4.023,1,34.497,1
5905612,2025-11-20T04:48:20Z,1,-25.42425,155.62036,1,1201.6,1,34.498,1,4.016,1,1201.6,1,4.016,1,34.498,1
5905612,2025-11-20T04:48:20Z,1,-25.42425,155.62036,1,1203.4,1,34.498,1,4.014,1,1203.4,1,4.014,1,34.498,1
5905612,2025-11-20T04:48:20Z,1,-25.42425,155.62036,1,1205.2,1,34.498,1,4.003,1,1205.2,1,4.003,1,34.498,1
5905612,2025-11-20T04:48:20Z,1,-25.42425,155.62036,1,1207.4,1,34.499,1,3.993,1,1207.4,1,3.993,1,34.499,1
5905612,2025-11-20T04:48:20Z,1,-25.42425,155.62036,1,1209.6,1,34.5,1,3.991,1,1209.6,1,3.991,1,34.5,1
5905612,2025-11-20T04:48:20Z,1,-25.42425,155.62036,1,1211.3,1,34.5,1,3.986,1,1211.3,1,3.986,1,34.5,1
5905612,2025-11-20T04:48:20Z,1,-25.42425,155.62036,1,1213.1,1,34.5,1,3.982,1,1213.1,1,3.982,1,34.5,1
5905612,2025-11-20T04:48:20Z,1,-25.42425,155.62036,1,1215.3,1,34.501,1,3.97,1,1215.3,1,3.97,1,34.501,1
5905612,2025-11-20T04:48:20Z,1,-25.42425,155.62036,1,1217.5,1,34.502,1,3.965,1,1217.5,1,3.965,1,34.502,1
5905612,2025-11-20T04:48:20Z,1,-25.42425,155.62036,1,1219.3,1,34.503,1,3.96,1,1219.3,1,3.96,1,34.503,1
5905612,2025-11-20T04:48:20Z,1,-25.42425,155.62036,1,1221.2,1,34.502,1,3.963,1,1221.2,1,3.963,1,34.502,1
5905612,2025-11-20T04:48:20Z,1,-25.42425,155.62036,1,1223.5,1,34.502,1,3.96,1,1223.5,1,3.96,1,34.502,1
5905612,2025-11-20T04:48:20Z,1,-25.42425,155.62036,1,1225.7,1,34.502,1,3.954,1,1225.7,1,3.954,1,34.502,1
5905612,2025-11-20T04:48:20Z,1,-25.42425,155.62036,1,1227.6,1,34.503,1,3.954,1,1227.6,1,3.954,1,34.503,1
5905612,2025-11-20T04:48:20Z,1,-25.42425,155.62036,1,1229.3,1,34.502,1,3.955,1,1229.3,1,3.955,1,34.502,1
5905612,2025-11-20T04:48:20Z,1,-25.42425,155.62036,1,1231.2,1,34.503,1,3.946,1,1231.2,1,3.946,1,34.503,1
5905612,2025-11-20T04:48:20Z,1,-25.42425,155.62036,1,1233.5,1,34.503,1,3.934,1,1233.5,1,3.934,1,34.503,1
5905612,2025-11-20T04:48:20Z,1,-25.42425,155.62036,1,1235.7,1,34.505,1,3.918,1,1235.7,1,3.918,1,34.505,1
5905612,2025-11-20T04:48:20Z,1,-25.42425,155.62036,1,1237.5,1,34.506,1,3.91,1,1237.5,1,3.91,1,34.506,1
5905612,2025-11-20T04:48:20Z,1,-25.42425,155.62036,1,1239.3,1,34.506,1,3.902,1,1239.3,1,3.902,1,34.506,1
5905612,2025-11-20T04:48:20Z,1,-25.42425,155.62036,1,1241.2,1,34.507,1,3.894,1,1241.2,1,3.894,1,34.507,1
5905612,2025-11-20T04:48:20Z,1,-25.42425,155.62036,1,1243.5,1,34.507,1,3.888,1,1243.5,1,3.888,1,34.507,1
5905612,2025-11-20T04:48:20Z,1,-25.42425,155.62036,1,1245.7,1,34.508,1,3.882,1,1245.7,1,3.882,1,34.508,1
5905612,2025-11-20T04:48:20Z,1,-25.42425,155.62036,1,1247.5,1,34.509,1,3.875,1,1247.5,1,3.875,1,34.509,1
5905612,2025-11-20T04:48:20Z,1,-25.42425,155.62036,1,1249.4,1,34.508,1,3.874,1,1249.4,1,3.874,1,34.508,1
5905612,2025-11-20T04:48:20Z,1,-25.42425,155.62036,1,1251.2,1,34.508,1,3.873,1,1251.2,1,3.873,1,34.508,1
5905612,2025-11-20T04:48:20Z,1,-25.42425,155.62036,1,1253.1,1,34.51,1,3.864,1,1253.1,1,3.864,1,34.51,1
5905612,2025-11-20T04:48:20Z,1,-25.42425,155.62036,1,1255.4,1,34.51,1,3.847,1,1255.4,1,3.847,1,34.51,1
5905612,2025-11-20T04:48:20Z,1,-25.42425,155.62036,1,1257.6,1,34.511,1,3.842,1,1257.6,1,3.842,1,34.511,1
5905612,2025-11-20T04:48:20Z,1,-25.42425,155.62036,1,1259.5,1,34.511,1,3.838,1,1259.5,1,3.838,1,34.511,1
5905612,2025-11-20T04:48:20Z,1,-25.42425,155.62036,1,1261.3,1,34.511,1,3.831,1,1261.3,1,3.831,1,34.511,1
5905612,2025-11-20T04:48:20Z,1,-25.42425,155.62036,1,1263.2,1,34.513,1,3.819,1,1263.2,1,3.819,1,34.513,1
5905612,2025-11-20T04:48:20Z,1,-25.42425,155.62036,1,1265.5,1,34.513,1,3.805,1,1265.5,1,3.805,1,34.513,1
5905612,2025-11-20T04:48:20Z,1,-25.42425,155.62036,1,1267.7,1,34.514,1,3.8,1,1267.7,1,3.8,1,34.514,1
5905612,2025-11-20T04:48:20Z,1,-25.42425,155.62036,1,1269.5,1,34.514,1,3.794,1,1269.5,1,3.794,1,34.514,1
5905612,2025-11-20T04:48:20Z,1,-25.42425,155.62036,1,1271.3,1,34.515,1,3.789,1,1271.3,1,3.789,1,34.515,1
5905612,2025-11-20T04:48:20Z,1,-25.42425,155.62036,1,1273.1,1,34.515,1,3.777,1,1273.1,1,3.777,1,34.515,1
5905612,2025-11-20T04:48:20Z,1,-25.42425,155.62036,1,1275.4,1,34.516,1,3.774,1,1275.4,1,3.774,1,34.516,1
5905612,2025-11-20T04:48:20Z,1,-25.42425,155.62036,1,1277.6,1,34.516,1,3.77,1,1277.6,1,3.77,1,34.516,1
5905612,2025-11-20T04:48:20Z,1,-25.42425,155.62036,1,1279.4,1,34.516,1,3.765,1,1279.4,1,3.765,1,34.516,1
5905612,2025-11-20T04:48:20Z,1,-25.42425,155.62036,1,1281.3,1,34.517,1,3.759,1,1281.3,1,3.759,1,34.517,1
5905612,2025-11-20T04:48:20Z,1,-25.42425,155.62036,1,1283.1,1,34.517,1,3.757,1,1283.1,1,3.757,1,34.517,1
5905612,2025-11-20T04:48:20Z,1,-25.42425,155.62036,1,1285.5,1,34.517,1,3.755,1,1285.5,1,3.755,1,34.517,1
5905612,2025-11-20T04:48:20Z,1,-25.42425,155.62036,1,1287.8,1,34.518,1,3.744,1,1287.8,1,3.744,1,34.518,1
5905612,2025-11-20T04:48:20Z,1,-25.42425,155.62036,1,1289.6,1,34.519,1,3.742,1,1289.6,1,3.742,1,34.519,1
5905612,2025-11-20T04:48:20Z,1,-25.42425,155.62036,1,1291.5,1,34.519,1,3.74,1,1291.5,1,3.74,1,34.519,1
5905612,2025-11-20T04:48:20Z,1,-25.42425,155.62036,1,1293.3,1,34.519,1,3.737,1,1293.3,1,3.737,1,34.519,1
5905612,2025-11-20T04:48:20Z,1,-25.42425,155.62036,1,1295.2,1,34.52,1,3.721,1,1295.2,1,3.721,1,34.52,1
5905612,2025-11-20T04:48:20Z,1,-25.42425,155.62036,1,1297.1,1,34.521,1,3.714,1,1297.1,1,3.714,1,34.521,1
5905612,2025-11-20T04:48:20Z,1,-25.42425,155.62036,1,1299.4,1,34.521,1,3.709,1,1299.4,1,3.709,1,34.521,1
5905612,2025-11-20T04:48:20Z,1,-25.42425,155.62036,1,1301.8,1,34.522,1,3.705,1,1301.8,1,3.705,1,34.522,1
5905612,2025-11-20T04:48:20Z,1,-25.42425,155.62036,1,1303.7,1,34.521,1,3.703,1,1303.7,1,3.703,1,34.521,1
5905612,2025-11-20T04:48:20Z,1,-25.42425,155.62036,1,1305.6,1,34.522,1,3.7,1,1305.6,1,3.7,1,34.522,1
5905612,2025-11-20T04:48:20Z,1,-25.42425,155.62036,1,1307.4,1,34.522,1,3.696,1,1307.4,1,3.696,1,34.522,1
5905612,2025-11-20T04:48:20Z,1,-25.42425,155.62036,1,1309.4,1,34.523,1,3.692,1,1309.4,1,3.692,1,34.523,1
5905612,2025-11-20T04:48:20Z,1,-25.42425,155.62036,1,1311.3,1,34.523,1,3.688,1,1311.3,1,3.688,1,34.523,1
5905612,2025-11-20T04:48:20Z,1,-25.42425,155.62036,1,1313.2,1,34.523,1,3.686,1,1313.2,1,3.686,1,34.523,1
5905612,2025-11-20T04:48:20Z,1,-25.42425,155.62036,1,1315.1,1,34.523,1,3.685,1,1315.1,1,3.685,1,34.523,1
5905612,2025-11-20T04:48:20Z,1,-25.42425,155.62036,1,1317.4,1,34.523,1,3.682,1,1317.4,1,3.682,1,34.523,1
5905612,2025-11-20T04:48:20Z,1,-25.42425,155.62036,1,1319.8,1,34.523,1,3.676,1,1319.8,1,3.676,1,34.523,1
5905612,2025-11-20T04:48:20Z,1,-25.42425,155.62036,1,1321.7,1,34.524,1,3.673,1,1321.7,1,3.673,1,34.524,1
5905612,2025-11-20T04:48:20Z,1,-25.42425,155.62036,1,1323.6,1,34.524,1,3.666,1,1323.6,1,3.666,1,34.524,1
5905612,2025-11-20T04:48:20Z,1,-25.42425,155.62036,1,1325.5,1,34.524,1,3.664,1,1325.5,1,3.664,1,34.524,1
5905612,2025-11-20T04:48:20Z,1,-25.42425,155.62036,1,1327.4,1,34.525,1,3.661,1,1327.4,1,3.661,1,34.525,1
5905612,2025-11-20T04:48:20Z,1,-25.42425,155.62036,1,1329.4,1,34.524,1,3.66,1,1329.4,1,3.66,1,34.524,1
5905612,2025-11-20T04:48:20Z,1,-25.42425,155.62036,1,1331.4,1,34.525,1,3.659,1,1331.4,1,3.659,1,34.525,1
5905612,2025-11-20T04:48:20Z,1,-25.42425,155.62036,1,1333.3,1,34.525,1,3.656,1,1333.3,1,3.656,1,34.525,1
5905612,2025-11-20T04:48:20Z,1,-25.42425,155.62036,1,1335.1,1,34.525,1,3.648,1,1335.1,1,3.648,1,34.525,1
5905612,2025-11-20T04:48:20Z,1,-25.42425,155.62036,1,1337.1,1,34.526,1,3.636,1,1337.1,1,3.636,1,34.526,1
5905612,2025-11-20T04:48:20Z,1,-25.42425,155.62036,1,1339.4,1,34.526,1,3.632,1,1339.4,1,3.632,1,34.526,1
5905612,2025-11-20T04:48:20Z,1,-25.42425,155.62036,1,1341.9,1,34.527,1,3.626,1,1341.9,1,3.626,1,34.527,1
5905612,2025-11-20T04:48:20Z,1,-25.42425,155.62036,1,1343.8,1,34.529,1,3.614,1,1343.8,1,3.614,1,34.529,1
5905612,2025-11-20T04:48:20Z,1,-25.42425,155.62036,1,1345.7,1,34.529,1,3.61,1,1345.7,1,3.61,1,34.529,1
5905612,2025-11-20T04:48:20Z,1,-25.42425,155.62036,1,1347.8,1,34.529,1,3.607,1,1347.8,1,3.607,1,34.529,1
5905612,2025-11-20T04:48:20Z,1,-25.42425,155.62036,1,1349.8,1,34.53,1,3.598,1,1349.8,1,3.598,1,34.53,1
5905612,2025-11-20T04:48:20Z,1,-25.42425,155.62036,1,1351.8,1,34.531,1,3.587,1,1351.8,1,3.587,1,34.531,1
5905612,2025-11-20T04:48:20Z,1,-25.42425,155.62036,1,1353.8,1,34.532,1,3.579,1,1353.8,1,3.579,1,34.532,1
5905612,2025-11-20T04:48:20Z,1,-25.42425,155.62036,1,1355.7,1,34.533,1,3.569,1,1355.7,1,3.569,1,34.533,1
5905612,2025-11-20T04:48:20Z,1,-25.42425,155.62036,1,1357.7,1,34.533,1,3.566,1,1357.7,1,3.566,1,34.533,1
5905612,2025-11-20T04:48:20Z,1,-25.42425,155.62036,1,1359.6,1,34.533,1,3.564,1,1359.6,1,3.564,1,34.533,1
5905612,2025-11-20T04:48:20Z,1,-25.42425,155.62036,1,1361.6,1,34.534,1,3.562,1,1361.6,1,3.562,1,34.534,1
5905612,2025-11-20T04:48:20Z,1,-25.42425,155.62036,1,1363.5,1,34.533,1,3.562,1,1363.5,1,3.562,1,34.533,1
5905612,2025-11-20T04:48:20Z,1,-25.42425,155.62036,1,1365.5,1,34.534,1,3.559,1,1365.5,1,3.559,1,34.534,1
5905612,2025-11-20T04:48:20Z,1,-25.42425,155.62036,1,1367.4,1,34.534,1,3.555,1,1367.4,1,3.555,1,34.534,1
5905612,2025-11-20T04:48:20Z,1,-25.42425,155.62036,1,1369.4,1,34.535,1,3.549,1,1369.4,1,3.549,1,34.535,1
5905612,2025-11-20T04:48:20Z,1,-25.42425,155.62036,1,1371.3,1,34.535,1,3.542,1,1371.3,1,3.542,1,34.535,1
5905612,2025-11-20T04:48:20Z,1,-25.42425,155.62036,1,1373.2,1,34.536,1,3.54,1,1373.2,1,3.54,1,34.536,1
5905612,2025-11-20T04:48:20Z,1,-25.42425,155.62036,1,1375.2,1,34.536,1,3.537,1,1375.2,1,3.537,1,34.536,1
5905612,2025-11-20T04:48:20Z,1,-25.42425,155.62036,1,1377.2,1,34.536,1,3.536,1,1377.2,1,3.536,1,34.536,1
5905612,2025-11-20T04:48:20Z,1,-25.42425,155.62036,1,1379.2,1,34.536,1,3.531,1,1379.2,1,3.531,1,34.536,1
5905612,2025-11-20T04:48:20Z,1,-25.42425,155.62036,1,1381.2,1,34.536,1,3.53,1,1381.2,1,3.53,1,34.536,1
5905612,2025-11-20T04:48:20Z,1,-25.42425,155.62036,1,1383.2,1,34.537,1,3.517,1,1383.2,1,3.517,1,34.537,1
5905612,2025-11-20T04:48:20Z,1,-25.42425,155.62036,1,1385.2,1,34.538,1,3.505,1,1385.2,1,3.505,1,34.538,1
5905612,2025-11-20T04:48:20Z,1,-25.42425,155.62036,1,1387.5,1,34.539,1,3.493,1,1387.5,1,3.493,1,34.539,1
5905612,2025-11-20T04:48:20Z,1,-25.42425,155.62036,1,1389.5,1,34.542,1,3.474,1,1389.5,1,3.474,1,34.542,1
5905612,2025-11-20T04:48:20Z,1,-25.42425,155.62036,1,1391.5,1,34.542,1,3.461,1,1391.5,1,3.461,1,34.542,1
5905612,2025-11-20T04:48:20Z,1,-25.42425,155.62036,1,1393.4,1,34.543,1,3.456,1,1393.4,1,3.456,1,34.543,1
5905612,2025-11-20T04:48:20Z,1,-25.42425,155.62036,1,1395.4,1,34.543,1,3.455,1,1395.4,1,3.455,1,34.543,1
5905612,2025-11-20T04:48:20Z,1,-25.42425,155.62036,1,1397.5,1,34.543,1,3.453,1,1397.5,1,3.453,1,34.543,1
5905612,2025-11-20T04:48:20Z,1,-25.42425,155.62036,1,1399.5,1,34.544,1,3.449,1,1399.5,1,3.449,1,34.544,1
5905612,2025-11-20T04:48:20Z,1,-25.42425,155.62036,1,1401.5,1,34.543,1,3.447,1,1401.5,1,3.447,1,34.543,1
5905612,2025-11-20T04:48:20Z,1,-25.42425,155.62036,1,1403.5,1,34.544,1,3.442,1,1403.5,1,3.442,1,34.544,1
5905612,2025-11-20T04:48:20Z,1,-25.42425,155.62036,1,1405.6,1,34.545,1,3.433,1,1405.6,1,3.433,1,34.545,1
5905612,2025-11-20T04:48:20Z,1,-25.42425,155.62036,1,1407.3,1,34.545,1,3.427,1,1407.3,1,3.427,1,34.545,1
5905612,2025-11-20T04:48:20Z,1,-25.42425,155.62036,1,1409.4,1,34.545,1,3.423,1,1409.4,1,3.423,1,34.545,1
5905612,2025-11-20T04:48:20Z,1,-25.42425,155.62036,1,1411.5,1,34.547,1,3.409,1,1411.5,1,3.409,1,34.547,1
5905612,2025-11-20T04:48:20Z,1,-25.42425,155.62036,1,1413.5,1,34.547,1,3.404,1,1413.5,1,3.404,1,34.547,1
5905612,2025-11-20T04:48:20Z,1,-25.42425,155.62036,1,1415.6,1,34.547,1,3.402,1,1415.6,1,3.402,1,34.547,1
5905612,2025-11-20T04:48:20Z,1,-25.42425,155.62036,1,1417.3,1,34.548,1,3.4,1,1417.3,1,3.4,1,34.548,1
5905612,2025-11-20T04:48:20Z,1,-25.42425,155.62036,1,1419.4,1,34.548,1,3.395,1,1419.4,1,3.395,1,34.548,1
5905612,2025-11-20T04:48:20Z,1,-25.42425,155.62036,1,1421.5,1,34.548,1,3.39,1,1421.5,1,3.39,1,34.548,1
5905612,2025-11-20T04:48:20Z,1,-25.42425,155.62036,1,1423.2,1,34.549,1,3.388,1,1423.2,1,3.388,1,34.549,1
5905612,2025-11-20T04:48:20Z,1,-25.42425,155.62036,1,1425.4,1,34.549,1,3.385,1,1425.4,1,3.385,1,34.549,1
5905612,2025-11-20T04:48:20Z,1,-25.42425,155.62036,1,1427.5,1,34.549,1,3.382,1,1427.5,1,3.382,1,34.549,1
5905612,2025-11-20T04:48:20Z,1,-25.42425,155.62036,1,1429.3,1,34.55,1,3.379,1,1429.3,1,3.379,1,34.55,1
5905612,2025-11-20T04:48:20Z,1,-25.42425,155.62036,1,1431.5,1,34.55,1,3.373,1,1431.5,1,3.373,1,34.55,1
5905612,2025-11-20T04:48:20Z,1,-25.42425,155.62036,1,1433.6,1,34.551,1,3.367,1,1433.6,1,3.367,1,34.551,1
5905612,2025-11-20T04:48:20Z,1,-25.42425,155.62036,1,1435.4,1,34.551,1,3.364,1,1435.4,1,3.364,1,34.551,1
5905612,2025-11-20T04:48:20Z,1,-25.42425,155.62036,1,1437.2,1,34.552,1,3.357,1,1437.2,1,3.357,1,34.552,1
5905612,2025-11-20T04:48:20Z,1,-25.42425,155.62036,1,1439.5,1,34.552,1,3.355,1,1439.5,1,3.355,1,34.552,1
5905612,2025-11-20T04:48:20Z,1,-25.42425,155.62036,1,1441.7,1,34.552,1,3.351,1,1441.7,1,3.351,1,34.552,1
5905612,2025-11-20T04:48:20Z,1,-25.42425,155.62036,1,1443.5,1,34.552,1,3.348,1,1443.5,1,3.348,1,34.552,1
5905612,2025-11-20T04:48:20Z,1,-25.42425,155.62036,1,1445.3,1,34.552,1,3.346,1,1445.3,1,3.346,1,34.552,1
5905612,2025-11-20T04:48:20Z,1,-25.42425,155.62036,1,1447.1,1,34.554,1,3.335,1,1447.1,1,3.335,1,34.554,1
5905612,2025-11-20T04:48:20Z,1,-25.42425,155.62036,1,1449.4,1,34.555,1,3.32,1,1449.4,1,3.32,1,34.555,1
5905612,2025-11-20T04:48:20Z,1,-25.42425,155.62036,1,1451.6,1,34.556,1,3.314,1,1451.6,1,3.314,1,34.556,1
5905612,2025-11-20T04:48:20Z,1,-25.42425,155.62036,1,1453.5,1,34.556,1,3.309,1,1453.5,1,3.309,1,34.556,1
5905612,2025-11-20T04:48:20Z,1,-25.42425,155.62036,1,1455.3,1,34.556,1,3.308,1,1455.3,1,3.308,1,34.556,1
5905612,2025-11-20T04:48:20Z,1,-25.42425,155.62036,1,1457.1,1,34.557,1,3.304,1,1457.1,1,3.304,1,34.557,1
5905612,2025-11-20T04:48:20Z,1,-25.42425,155.62036,1,1459.4,1,34.557,1,3.3,1,1459.4,1,3.3,1,34.557,1
5905612,2025-11-20T04:48:20Z,1,-25.42425,155.62036,1,1461.6,1,34.557,1,3.298,1,1461.6,1,3.298,1,34.557,1
5905612,2025-11-20T04:48:20Z,1,-25.42425,155.62036,1,1463.4,1,34.557,1,3.295,1,1463.4,1,3.295,1,34.557,1
5905612,2025-11-20T04:48:20Z,1,-25.42425,155.62036,1,1465.2,1,34.558,1,3.291,1,1465.2,1,3.291,1,34.558,1
5905612,2025-11-20T04:48:20Z,1,-25.42425,155.62036,1,1467.4,1,34.558,1,3.287,1,1467.4,1,3.287,1,34.558,1
5905612,2025-11-20T04:48:20Z,1,-25.42425,155.62036,1,1469.7,1,34.558,1,3.283,1,1469.7,1,3.283,1,34.558,1
5905612,2025-11-20T04:48:20Z,1,-25.42425,155.62036,1,1471.5,1,34.559,1,3.275,1,1471.5,1,3.275,1,34.559,1
5905612,2025-11-20T04:48:20Z,1,-25.42425,155.62036,1,1473.3,1,34.559,1,3.271,1,1473.3,1,3.271,1,34.559,1
5905612,2025-11-20T04:48:20Z,1,-25.42425,155.62036,1,1475.1,1,34.561,1,3.259,1,1475.1,1,3.259,1,34.561,1
5905612,2025-11-20T04:48:20Z,1,-25.42425,155.62036,1,1477.4,1,34.561,1,3.255,1,1477.4,1,3.255,1,34.561,1
5905612,2025-11-20T04:48:20Z,1,-25.42425,155.62036,1,1479.7,1,34.561,1,3.249,1,1479.7,1,3.249,1,34.561,1
5905612,2025-11-20T04:48:20Z,1,-25.42425,155.62036,1,1481.5,1,34.562,1,3.242,1,1481.5,1,3.242,1,34.562,1
5905612,2025-11-20T04:48:20Z,1,-25.42425,155.62036,1,1483.4,1,34.562,1,3.236,1,1483.4,1,3.236,1,34.562,1
5905612,2025-11-20T04:48:20Z,1,-25.42425,155.62036,1,1485.2,1,34.563,1,3.233,1,1485.2,1,3.233,1,34.563,1
5905612,2025-11-20T04:48:20Z,1,-25.42425,155.62036,1,1487.1,1,34.563,1,3.229,1,1487.1,1,3.229,1,34.563,1
5905612,2025-11-20T04:48:20Z,1,-25.42425,155.62036,1,1489.4,1,34.564,1,3.22,1,1489.4,1,3.22,1,34.564,1
5905612,2025-11-20T04:48:20Z,1,-25.42425,155.62036,1,1491.7,1,34.564,1,3.218,1,1491.7,1,3.218,1,34.564,1
5905612,2025-11-20T04:48:20Z,1,-25.42425,155.62036,1,1493.5,1,34.565,1,3.213,1,1493.5,1,3.213,1,34.565,1
5905612,2025-11-20T04:48:20Z,1,-25.42425,155.62036,1,1495.4,1,34.566,1,3.207,1,1495.4,1,3.207,1,34.566,1
5905612,2025-11-20T04:48:20Z,1,-25.42425,155.62036,1,1497.3,1,34.565,1,3.206,1,1497.3,1,3.206,1,34.565,1
5905612,2025-11-20T04:48:20Z,1,-25.42425,155.62036,1,1499.1,1,34.565,1,3.204,1,1499.1,1,3.204,1,34.565,1
5905612,2025-11-20T04:48:20Z,1,-25.42425,155.62036,1,1501.4,1,34.566,1,3.195,1,1501.4,1,3.195,1,34.566,1
5905612,2025-11-20T04:48:20Z,1,-25.42425,155.62036,1,1503.7,1,34.567,1,3.191,1,1503.7,1,3.191,1,34.567,1
5905612,2025-11-20T04:48:20Z,1,-25.42425,155.62036,1,1505.6,1,34.568,1,3.183,1,1505.6,1,3.183,1,34.568,1
5905612,2025-11-20T04:48:20Z,1,-25.42425,155.62036,1,1507.5,1,34.568,1,3.18,1,1507.5,1,3.18,1,34.568,1
5905612,2025-11-20T04:48:20Z,1,-25.42425,155.62036,1,1509.4,1,34.568,1,3.173,1,1509.4,1,3.173,1,34.568,1
5905612,2025-11-20T04:48:20Z,1,-25.42425,155.62036,1,1511.2,1,34.569,1,3.17,1,1511.2,1,3.17,1,34.569,1
5905612,2025-11-20T04:48:20Z,1,-25.42425,155.62036,1,1513.1,1,34.569,1,3.166,1,1513.1,1,3.166,1,34.569,1
5905612,2025-11-20T04:48:20Z,1,-25.42425,155.62036,1,1515.1,1,34.57,1,3.16,1,1515.1,1,3.16,1,34.57,1
5905612,2025-11-20T04:48:20Z,1,-25.42425,155.62036,1,1517.4,1,34.57,1,3.155,1,1517.4,1,3.155,1,34.57,1
5905612,2025-11-20T04:48:20Z,1,-25.42425,155.62036,1,1519.8,1,34.57,1,3.153,1,1519.8,1,3.153,1,34.57,1
5905612,2025-11-20T04:48:20Z,1,-25.42425,155.62036,1,1521.6,1,34.57,1,3.152,1,1521.6,1,3.152,1,34.57,1
5905612,2025-11-20T04:48:20Z,1,-25.42425,155.62036,1,1523.5,1,34.571,1,3.144,1,1523.5,1,3.144,1,34.571,1
5905612,2025-11-20T04:48:20Z,1,-25.42425,155.62036,1,1525.4,1,34.572,1,3.142,1,1525.4,1,3.142,1,34.572,1
5905612,2025-11-20T04:48:20Z,1,-25.42425,155.62036,1,1527.3,1,34.572,1,3.14,1,1527.3,1,3.14,1,34.572,1
5905612,2025-11-20T04:48:20Z,1,-25.42425,155.62036,1,1529.2,1,34.572,1,3.139,1,1529.2,1,3.139,1,34.572,1
5905612,2025-11-20T04:48:20Z,1,-25.42425,155.62036,1,1531.1,1,34.572,1,3.137,1,1531.1,1,3.137,1,34.572,1
5905612,2025-11-20T04:48:20Z,1,-25.42425,155.62036,1,1533.0,1,34.572,1,3.136,1,1533.0,1,3.136,1,34.572,1
5905612,2025-11-20T04:48:20Z,1,-25.42425,155.62036,1,1535.4,1,34.573,1,3.131,1,1535.4,1,3.131,1,34.573,1
5905612,2025-11-20T04:48:20Z,1,-25.42425,155.62036,1,1537.8,1,34.572,1,3.127,1,1537.8,1,3.127,1,34.572,1
5905612,2025-11-20T04:48:20Z,1,-25.42425,155.62036,1,1539.7,1,34.573,1,3.121,1,1539.7,1,3.121,1,34.573,1
5905612,2025-11-20T04:48:20Z,1,-25.42425,155.62036,1,1541.6,1,34.574,1,3.115,1,1541.6,1,3.115,1,34.574,1
5905612,2025-11-20T04:48:20Z,1,-25.42425,155.62036,1,1543.6,1,34.574,1,3.113,1,1543.6,1,3.113,1,34.574,1
5905612,2025-11-20T04:48:20Z,1,-25.42425,155.62036,1,1545.5,1,34.574,1,3.112,1,1545.5,1,3.112,1,34.574,1
5905612,2025-11-20T04:48:20Z,1,-25.42425,155.62036,1,1547.3,1,34.575,1,3.108,1,1547.3,1,3.108,1,34.575,1
5905612,2025-11-20T04:48:20Z,1,-25.42425,155.62036,1,1549.2,1,34.575,1,3.105,1,1549.2,1,3.105,1,34.575,1
5905612,2025-11-20T04:48:20Z,1,-25.42425,155.62036,1,1551.1,1,34.575,1,3.103,1,1551.1,1,3.103,1,34.575,1
5905612,2025-11-20T04:48:20Z,1,-25.42425,155.62036,1,1553.4,1,34.575,1,3.1,1,1553.4,1,3.1,1,34.575,1
5905612,2025-11-20T04:48:20Z,1,-25.42425,155.62036,1,1555.8,1,34.576,1,3.098,1,1555.8,1,3.098,1,34.576,1
5905612,2025-11-20T04:48:20Z,1,-25.42425,155.62036,1,1557.7,1,34.576,1,3.097,1,1557.7,1,3.097,1,34.576,1
5905612,2025-11-20T04:48:20Z,1,-25.42425,155.62036,1,1559.7,1,34.576,1,3.095,1,1559.7,1,3.095,1,34.576,1
5905612,2025-11-20T04:48:20Z,1,-25.42425,155.62036,1,1561.6,1,34.576,1,3.092,1,1561.6,1,3.092,1,34.576,1
5905612,2025-11-20T04:48:20Z,1,-25.42425,155.62036,1,1563.5,1,34.576,1,3.087,1,1563.5,1,3.087,1,34.576,1
5905612,2025-11-20T04:48:20Z,1,-25.42425,155.62036,1,1565.4,1,34.577,1,3.08,1,1565.4,1,3.08,1,34.577,1
5905612,2025-11-20T04:48:20Z,1,-25.42425,155.62036,1,1567.4,1,34.577,1,3.076,1,1567.4,1,3.076,1,34.577,1
5905612,2025-11-20T04:48:20Z,1,-25.42425,155.62036,1,1569.3,1,34.578,1,3.073,1,1569.3,1,3.073,1,34.578,1
5905612,2025-11-20T04:48:20Z,1,-25.42425,155.62036,1,1571.3,1,34.578,1,3.07,1,1571.3,1,3.07,1,34.578,1
5905612,2025-11-20T04:48:20Z,1,-25.42425,155.62036,1,1573.2,1,34.579,1,3.067,1,1573.2,1,3.067,1,34.579,1
5905612,2025-11-20T04:48:20Z,1,-25.42425,155.62036,1,1575.1,1,34.579,1,3.061,1,1575.1,1,3.061,1,34.579,1
5905612,2025-11-20T04:48:20Z,1,-25.42425,155.62036,1,1577.0,1,34.579,1,3.06,1,1577.0,1,3.06,1,34.579,1
5905612,2025-11-20T04:48:20Z,1,-25.42425,155.62036,1,1579.0,1,34.579,1,3.058,1,1579.0,1,3.058,1,34.579,1
5905612,2025-11-20T04:48:20Z,1,-25.42425,155.62036,1,1581.4,1,34.58,1,3.049,1,1581.4,1,3.049,1,34.58,1
5905612,2025-11-20T04:48:20Z,1,-25.42425,155.62036,1,1583.8,1,34.581,1,3.04,1,1583.8,1,3.04,1,34.581,1
5905612,2025-11-20T04:48:20Z,1,-25.42425,155.62036,1,1585.8,1,34.582,1,3.032,1,1585.8,1,3.032,1,34.582,1
5905612,2025-11-20T04:48:20Z,1,-25.42425,155.62036,1,1587.7,1,34.583,1,3.024,1,1587.7,1,3.024,1,34.583,1
5905612,2025-11-20T04:48:20Z,1,-25.42425,155.62036,1,1589.7,1,34.583,1,3.017,1,1589.7,1,3.017,1,34.583,1
5905612,2025-11-20T04:48:20Z,1,-25.42425,155.62036,1,1591.7,1,34.583,1,3.014,1,1591.7,1,3.014,1,34.583,1
5905612,2025-11-20T04:48:20Z,1,-25.42425,155.62036,1,1593.6,1,34.584,1,3.01,1,1593.6,1,3.01,1,34.584,1
5905612,2025-11-20T04:48:20Z,1,-25.42425,155.62036,1,1595.6,1,34.584,1,3.009,1,1595.6,1,3.009,1,34.584,1
5905612,2025-11-20T04:48:20Z,1,-25.42425,155.62036,1,1597.6,1,34.585,1,3.006,1,1597.6,1,3.006,1,34.585,1
5905612,2025-11-20T04:48:20Z,1,-25.42425,155.62036,1,1599.5,1,34.584,1,3.002,1,1599.5,1,3.002,1,34.584,1
5905612,2025-11-20T04:48:20Z,1,-25.42425,155.62036,1,1601.4,1,34.585,1,2.997,1,1601.4,1,2.997,1,34.585,1
5905612,2025-11-20T04:48:20Z,1,-25.42425,155.62036,1,1603.4,1,34.586,1,2.993,1,1603.4,1,2.993,1,34.586,1
5905612,2025-11-20T04:48:20Z,1,-25.42425,155.62036,1,1605.3,1,34.585,1,2.992,1,1605.3,1,2.992,1,34.585,1
5905612,2025-11-20T04:48:20Z,1,-25.42425,155.62036,1,1607.3,1,34.586,1,2.991,1,1607.3,1,2.991,1,34.586,1
5905612,2025-11-20T04:48:20Z,1,-25.42425,155.62036,1,1609.2,1,34.586,1,2.992,1,1609.2,1,2.992,1,34.586,1
5905612,2025-11-20T04:48:20Z,1,-25.42425,155.62036,1,1611.2,1,34.586,1,2.987,1,1611.2,1,2.987,1,34.586,1
5905612,2025-11-20T04:48:20Z,1,-25.42425,155.62036,1,1613.2,1,34.586,1,2.984,1,1613.2,1,2.984,1,34.586,1
5905612,2025-11-20T04:48:20Z,1,-25.42425,155.62036,1,1615.2,1,34.587,1,2.978,1,1615.2,1,2.978,1,34.587,1
5905612,2025-11-20T04:48:20Z,1,-25.42425,155.62036,1,1617.2,1,34.587,1,2.973,1,1617.2,1,2.973,1,34.587,1
5905612,2025-11-20T04:48:20Z,1,-25.42425,155.62036,1,1619.2,1,34.588,1,2.968,1,1619.2,1,2.968,1,34.588,1
5905612,2025-11-20T04:48:20Z,1,-25.42425,155.62036,1,1621.2,1,34.588,1,2.966,1,1621.2,1,2.966,1,34.588,1
5905612,2025-11-20T04:48:20Z,1,-25.42425,155.62036,1,1623.2,1,34.59,1,2.96,1,1623.2,1,2.96,1,34.59,1
5905612,2025-11-20T04:48:20Z,1,-25.42425,155.62036,1,1625.2,1,34.59,1,2.955,1,1625.2,1,2.955,1,34.59,1
5905612,2025-11-20T04:48:20Z,1,-25.42425,155.62036,1,1627.3,1,34.589,1,2.955,1,1627.3,1,2.955,1,34.589,1
5905612,2025-11-20T04:48:20Z,1,-25.42425,155.62036,1,1629.2,1,34.59,1,2.953,1,1629.2,1,2.953,1,34.59,1
5905612,2025-11-20T04:48:20Z,1,-25.42425,155.62036,1,1631.5,1,34.59,1,2.948,1,1631.5,1,2.948,1,34.59,1
5905612,2025-11-20T04:48:20Z,1,-25.42425,155.62036,1,1633.4,1,34.59,1,2.946,1,1633.4,1,2.946,1,34.59,1
5905612,2025-11-20T04:48:20Z,1,-25.42425,155.62036,1,1635.3,1,34.59,1,2.943,1,1635.3,1,2.943,1,34.59,1
5905612,2025-11-20T04:48:20Z,1,-25.42425,155.62036,1,1637.4,1,34.591,1,2.941,1,1637.4,1,2.941,1,34.591,1
5905612,2025-11-20T04:48:20Z,1,-25.42425,155.62036,1,1639.4,1,34.591,1,2.936,1,1639.4,1,2.936,1,34.591,1
5905612,2025-11-20T04:48:20Z,1,-25.42425,155.62036,1,1641.5,1,34.591,1,2.932,1,1641.5,1,2.932,1,34.591,1
5905612,2025-11-20T04:48:20Z,1,-25.42425,155.62036,1,1643.5,1,34.592,1,2.924,1,1643.5,1,2.924,1,34.592,1
5905612,2025-11-20T04:48:20Z,1,-25.42425,155.62036,1,1645.6,1,34.593,1,2.92,1,1645.6,1,2.92,1,34.593,1
5905612,2025-11-20T04:48:20Z,1,-25.42425,155.62036,1,1647.6,1,34.593,1,2.913,1,1647.6,1,2.913,1,34.593,1
5905612,2025-11-20T04:48:20Z,1,-25.42425,155.62036,1,1649.6,1,34.594,1,2.912,1,1649.6,1,2.912,1,34.594,1
5905612,2025-11-20T04:48:20Z,1,-25.42425,155.62036,1,1651.6,1,34.594,1,2.91,1,1651.6,1,2.91,1,34.594,1
5905612,2025-11-20T04:48:20Z,1,-25.42425,155.62036,1,1653.6,1,34.594,1,2.907,1,1653.6,1,2.907,1,34.594,1
5905612,2025-11-20T04:48:20Z,1,-25.42425,155.62036,1,1655.2,1,34.594,1,2.907,1,1655.2,1,2.907,1,34.594,1
5905612,2025-11-20T04:48:20Z,1,-25.42425,155.62036,1,1657.3,1,34.594,1,2.904,1,1657.3,1,2.904,1,34.594,1
5905612,2025-11-20T04:48:20Z,1,-25.42425,155.62036,1,1659.4,1,34.595,1,2.898,1,1659.4,1,2.898,1,34.595,1
5905612,2025-11-20T04:48:20Z,1,-25.42425,155.62036,1,1661.5,1,34.596,1,2.888,1,1661.5,1,2.888,1,34.596,1
5905612,2025-11-20T04:48:20Z,1,-25.42425,155.62036,1,1663.5,1,34.597,1,2.882,1,1663.5,1,2.882,1,34.597,1
5905612,2025-11-20T04:48:20Z,1,-25.42425,155.62036,1,1665.2,1,34.597,1,2.882,1,1665.2,1,2.882,1,34.597,1
5905612,2025-11-20T04:48:20Z,1,-25.42425,155.62036,1,1667.3,1,34.597,1,2.876,1,1667.3,1,2.876,1,34.597,1
5905612,2025-11-20T04:48:20Z,1,-25.42425,155.62036,1,1669.4,1,34.597,1,2.874,1,1669.4,1,2.874,1,34.597,1
5905612,2025-11-20T04:48:20Z,1,-25.42425,155.62036,1,1671.2,1,34.598,1,2.873,1,1671.2,1,2.873,1,34.598,1
5905612,2025-11-20T04:48:20Z,1,-25.42425,155.62036,1,1673.3,1,34.598,1,2.872,1,1673.3,1,2.872,1,34.598,1
5905612,2025-11-20T04:48:20Z,1,-25.42425,155.62036,1,1675.5,1,34.598,1,2.868,1,1675.5,1,2.868,1,34.598,1
5905612,2025-11-20T04:48:20Z,1,-25.42425,155.62036,1,1677.2,1,34.598,1,2.867,1,1677.2,1,2.867,1,34.598,1
5905612,2025-11-20T04:48:20Z,1,-25.42425,155.62036,1,1679.4,1,34.598,1,2.865,1,1679.4,1,2.865,1,34.598,1
5905612,2025-11-20T04:48:20Z,1,-25.42425,155.62036,1,1681.6,1,34.598,1,2.861,1,1681.6,1,2.861,1,34.598,1
5905612,2025-11-20T04:48:20Z,1,-25.42425,155.62036,1,1683.3,1,34.6,1,2.852,1,1683.3,1,2.852,1,34.6,1
5905612,2025-11-20T04:48:20Z,1,-25.42425,155.62036,1,1685.1,1,34.6,1,2.849,1,1685.1,1,2.849,1,34.6,1
5905612,2025-11-20T04:48:20Z,1,-25.42425,155.62036,1,1687.4,1,34.6,1,2.847,1,1687.4,1,2.847,1,34.6,1
5905612,2025-11-20T04:48:20Z,1,-25.42425,155.62036,1,1689.6,1,34.601,1,2.839,1,1689.6,1,2.839,1,34.601,1
5905612,2025-11-20T04:48:20Z,1,-25.42425,155.62036,1,1691.4,1,34.602,1,2.833,1,1691.4,1,2.833,1,34.602,1
5905612,2025-11-20T04:48:20Z,1,-25.42425,155.62036,1,1693.2,1,34.602,1,2.828,1,1693.2,1,2.828,1,34.602,1
5905612,2025-11-20T04:48:20Z,1,-25.42425,155.62036,1,1695.5,1,34.602,1,2.827,1,1695.5,1,2.827,1,34.602,1
5905612,2025-11-20T04:48:20Z,1,-25.42425,155.62036,1,1697.8,1,34.602,1,2.824,1,1697.8,1,2.824,1,34.602,1
5905612,2025-11-20T04:48:20Z,1,-25.42425,155.62036,1,1699.6,1,34.602,1,2.824,1,1699.6,1,2.824,1,34.602,1
5905612,2025-11-20T04:48:20Z,1,-25.42425,155.62036,1,1701.4,1,34.603,1,2.823,1,1701.4,1,2.823,1,34.603,1
5905612,2025-11-20T04:48:20Z,1,-25.42425,155.62036,1,1703.2,1,34.603,1,2.819,1,1703.2,1,2.819,1,34.603,1
5905612,2025-11-20T04:48:20Z,1,-25.42425,155.62036,1,1705.1,1,34.604,1,2.814,1,1705.1,1,2.814,1,34.604,1
5905612,2025-11-20T04:48:20Z,1,-25.42425,155.62036,1,1707.4,1,34.604,1,2.808,1,1707.4,1,2.808,1,34.604,1
5905612,2025-11-20T04:48:20Z,1,-25.42425,155.62036,1,1709.7,1,34.605,1,2.802,1,1709.7,1,2.802,1,34.605,1
5905612,2025-11-20T04:48:20Z,1,-25.42425,155.62036,1,1711.6,1,34.606,1,2.797,1,1711.6,1,2.797,1,34.606,1
5905612,2025-11-20T04:48:20Z,1,-25.42425,155.62036,1,1713.4,1,34.606,1,2.793,1,1713.4,1,2.793,1,34.606,1
5905612,2025-11-20T04:48:20Z,1,-25.42425,155.62036,1,1715.3,1,34.606,1,2.791,1,1715.3,1,2.791,1,34.606,1
5905612,2025-11-20T04:48:20Z,1,-25.42425,155.62036,1,1717.2,1,34.607,1,2.785,1,1717.2,1,2.785,1,34.607,1
5905612,2025-11-20T04:48:20Z,1,-25.42425,155.62036,1,1719.1,1,34.607,1,2.78,1,1719.1,1,2.78,1,34.607,1
5905612,2025-11-20T04:48:20Z,1,-25.42425,155.62036,1,1721.4,1,34.608,1,2.773,1,1721.4,1,2.773,1,34.608,1
5905612,2025-11-20T04:48:20Z,1,-25.42425,155.62036,1,1723.8,1,34.608,1,2.77,1,1723.8,1,2.77,1,34.608,1
5905612,2025-11-20T04:48:20Z,1,-25.42425,155.62036,1,1725.7,1,34.609,1,2.766,1,1725.7,1,2.766,1,34.609,1
5905612,2025-11-20T04:48:20Z,1,-25.42425,155.62036,1,1727.6,1,34.609,1,2.763,1,1727.6,1,2.763,1,34.609,1
5905612,2025-11-20T04:48:20Z,1,-25.42425,155.62036,1,1729.5,1,34.609,1,2.761,1,1729.5,1,2.761,1,34.609,1
5905612,2025-11-20T04:48:20Z,1,-25.42425,155.62036,1,1731.5,1,34.61,1,2.755,1,1731.5,1,2.755,1,34.61,1
5905612,2025-11-20T04:48:20Z,1,-25.42425,155.62036,1,1733.3,1,34.61,1,2.748,1,1733.3,1,2.748,1,34.61,1
5905612,2025-11-20T04:48:20Z,1,-25.42425,155.62036,1,1735.2,1,34.61,1,2.747,1,1735.2,1,2.747,1,34.61,1
5905612,2025-11-20T04:48:20Z,1,-25.42425,155.62036,1,1737.1,1,34.611,1,2.74,1,1737.1,1,2.74,1,34.611,1
5905612,2025-11-20T04:48:20Z,1,-25.42425,155.62036,1,1739.5,1,34.611,1,2.734,1,1739.5,1,2.734,1,34.611,1
5905612,2025-11-20T04:48:20Z,1,-25.42425,155.62036,1,1741.8,1,34.612,1,2.722,1,1741.8,1,2.722,1,34.612,1
5905612,2025-11-20T04:48:20Z,1,-25.42425,155.62036,1,1743.8,1,34.613,1,2.718,1,1743.8,1,2.718,1,34.613,1
5905612,2025-11-20T04:48:20Z,1,-25.42425,155.62036,1,1745.7,1,34.613,1,2.713,1,1745.7,1,2.713,1,34.613,1
5905612,2025-11-20T04:48:20Z,1,-25.42425,155.62036,1,1747.6,1,34.613,1,2.71,1,1747.6,1,2.71,1,34.613,1
5905612,2025-11-20T04:48:20Z,1,-25.42425,155.62036,1,1749.6,1,34.615,1,2.698,1,1749.6,1,2.698,1,34.615,1
5905612,2025-11-20T04:48:20Z,1,-25.42425,155.62036,1,1751.5,1,34.615,1,2.695,1,1751.5,1,2.695,1,34.615,1
5905612,2025-11-20T04:48:20Z,1,-25.42425,155.62036,1,1753.5,1,34.616,1,2.691,1,1753.5,1,2.691,1,34.616,1
5905612,2025-11-20T04:48:20Z,1,-25.42425,155.62036,1,1755.4,1,34.616,1,2.688,1,1755.4,1,2.688,1,34.616,1
5905612,2025-11-20T04:48:20Z,1,-25.42425,155.62036,1,1757.4,1,34.616,1,2.686,1,1757.4,1,2.686,1,34.616,1
5905612,2025-11-20T04:48:20Z,1,-25.42425,155.62036,1,1759.4,1,34.617,1,2.684,1,1759.4,1,2.684,1,34.617,1
5905612,2025-11-20T04:48:20Z,1,-25.42425,155.62036,1,1761.3,1,34.617,1,2.682,1,1761.3,1,2.682,1,34.617,1
5905612,2025-11-20T04:48:20Z,1,-25.42425,155.62036,1,1763.3,1,34.617,1,2.679,1,1763.3,1,2.679,1,34.617,1
5905612,2025-11-20T04:48:20Z,1,-25.42425,155.62036,1,1765.3,1,34.617,1,2.678,1,1765.3,1,2.678,1,34.617,1
5905612,2025-11-20T04:48:20Z,1,-25.42425,155.62036,1,1767.3,1,34.617,1,2.678,1,1767.3,1,2.678,1,34.617,1
5905612,2025-11-20T04:48:20Z,1,-25.42425,155.62036,1,1769.4,1,34.617,1,2.679,1,1769.4,1,2.679,1,34.617,1
5905612,2025-11-20T04:48:20Z,1,-25.42425,155.62036,1,1771.4,1,34.617,1,2.679,1,1771.4,1,2.679,1,34.617,1
5905612,2025-11-20T04:48:20Z,1,-25.42425,155.62036,1,1773.4,1,34.617,1,2.678,1,1773.4,1,2.678,1,34.617,1
5905612,2025-11-20T04:48:20Z,1,-25.42425,155.62036,1,1775.4,1,34.618,1,2.674,1,1775.4,1,2.674,1,34.618,1
5905612,2025-11-20T04:48:20Z,1,-25.42425,155.62036,1,1777.4,1,34.619,1,2.67,1,1777.4,1,2.67,1,34.619,1
5905612,2025-11-20T04:48:20Z,1,-25.42425,155.62036,1,1779.4,1,34.619,1,2.667,1,1779.4,1,2.667,1,34.619,1
5905612,2025-11-20T04:48:20Z,1,-25.42425,155.62036,1,1781.4,1,34.619,1,2.667,1,1781.4,1,2.667,1,34.619,1
5905612,2025-11-20T04:48:20Z,1,-25.42425,155.62036,1,1783.5,1,34.619,1,2.666,1,1783.5,1,2.666,1,34.619,1
5905612,2025-11-20T04:48:20Z,1,-25.42425,155.62036,1,1785.5,1,34.619,1,2.665,1,1785.5,1,2.665,1,34.619,1
5905612,2025-11-20T04:48:20Z,1,-25.42425,155.62036,1,1787.5,1,34.62,1,2.662,1,1787.5,1,2.662,1,34.62,1
5905612,2025-11-20T04:48:20Z,1,-25.42425,155.62036,1,1789.5,1,34.62,1,2.657,1,1789.5,1,2.657,1,34.62,1
5905612,2025-11-20T04:48:20Z,1,-25.42425,155.62036,1,1791.5,1,34.62,1,2.656,1,1791.5,1,2.656,1,34.62,1
5905612,2025-11-20T04:48:20Z,1,-25.42425,155.62036,1,1793.5,1,34.621,1,2.652,1,1793.5,1,2.652,1,34.621,1
5905612,2025-11-20T04:48:20Z,1,-25.42425,155.62036,1,1795.6,1,34.621,1,2.65,1,1795.6,1,2.65,1,34.621,1
5905612,2025-11-20T04:48:20Z,1,-25.42425,155.62036,1,1797.6,1,34.621,1,2.647,1,1797.6,1,2.647,1,34.621,1
5905612,2025-11-20T04:48:20Z,1,-25.42425,155.62036,1,1799.7,1,34.622,1,2.638,1,1799.7,1,2.638,1,34.622,1
5905612,2025-11-20T04:48:20Z,1,-25.42425,155.62036,1,1801.7,1,34.623,1,2.631,1,1801.7,1,2.631,1,34.623,1
5905612,2025-11-20T04:48:20Z,1,-25.42425,155.62036,1,1803.8,1,34.624,1,2.627,1,1803.8,1,2.627,1,34.624,1
5905612,2025-11-20T04:48:20Z,1,-25.42425,155.62036,1,1805.8,1,34.623,1,2.626,1,1805.8,1,2.626,1,34.623,1
5905612,2025-11-20T04:48:20Z,1,-25.42425,155.62036,1,1807.9,1,34.623,1,2.626,1,1807.9,1,2.626,1,34.623,1
5905612,2025-11-20T04:48:20Z,1,-25.42425,155.62036,1,1809.5,1,34.624,1,2.623,1,1809.5,1,2.623,1,34.624,1
5905612,2025-11-20T04:48:20Z,1,-25.42425,155.62036,1,1811.0,1,34.624,1,2.616,1,1811.0,1,2.616,1,34.624,1
5905612,2025-11-20T04:48:20Z,1,-25.42425,155.62036,1,1813.1,1,34.625,1,2.612,1,1813.1,1,2.612,1,34.625,1
5905612,2025-11-20T04:48:20Z,1,-25.42425,155.62036,1,1815.2,1,34.625,1,2.612,1,1815.2,1,2.612,1,34.625,1
5905612,2025-11-20T04:48:20Z,1,-25.42425,155.62036,1,1817.2,1,34.625,1,2.608,1,1817.2,1,2.608,1,34.625,1
5905612,2025-11-20T04:48:20Z,1,-25.42425,155.62036,1,1819.3,1,34.626,1,2.604,1,1819.3,1,2.604,1,34.626,1
5905612,2025-11-20T04:48:20Z,1,-25.42425,155.62036,1,1821.4,1,34.627,1,2.6,1,1821.4,1,2.6,1,34.627,1
5905612,2025-11-20T04:48:20Z,1,-25.42425,155.62036,1,1823.4,1,34.627,1,2.597,1,1823.4,1,2.597,1,34.627,1
5905612,2025-11-20T04:48:20Z,1,-25.42425,155.62036,1,1825.5,1,34.627,1,2.596,1,1825.5,1,2.596,1,34.627,1
5905612,2025-11-20T04:48:20Z,1,-25.42425,155.62036,1,1827.5,1,34.627,1,2.596,1,1827.5,1,2.596,1,34.627,1
5905612,2025-11-20T04:48:20Z,1,-25.42425,155.62036,1,1829.6,1,34.627,1,2.595,1,1829.6,1,2.595,1,34.627,1
5905612,2025-11-20T04:48:20Z,1,-25.42425,155.62036,1,1831.6,1,34.627,1,2.593,1,1831.6,1,2.593,1,34.627,1
5905612,2025-11-20T04:48:20Z,1,-25.42425,155.62036,1,1833.7,1,34.627,1,2.59,1,1833.7,1,2.59,1,34.627,1
5905612,2025-11-20T04:48:20Z,1,-25.42425,155.62036,1,1835.7,1,34.627,1,2.588,1,1835.7,1,2.588,1,34.627,1
5905612,2025-11-20T04:48:20Z,1,-25.42425,155.62036,1,1837.8,1,34.627,1,2.584,1,1837.8,1,2.584,1,34.627,1
5905612,2025-11-20T04:48:20Z,1,-25.42425,155.62036,1,1839.9,1,34.628,1,2.581,1,1839.9,1,2.581,1,34.628,1
5905612,2025-11-20T04:48:20Z,1,-25.42425,155.62036,1,1841.4,1,34.628,1,2.579,1,1841.4,1,2.579,1,34.628,1
5905612,2025-11-20T04:48:20Z,1,-25.42425,155.62036,1,1843.0,1,34.629,1,2.577,1,1843.0,1,2.577,1,34.629,1
5905612,2025-11-20T04:48:20Z,1,-25.42425,155.62036,1,1845.0,1,34.628,1,2.576,1,1845.0,1,2.576,1,34.628,1
5905612,2025-11-20T04:48:20Z,1,-25.42425,155.62036,1,1847.1,1,34.629,1,2.572,1,1847.1,1,2.572,1,34.629,1
5905612,2025-11-20T04:48:20Z,1,-25.42425,155.62036,1,1849.2,1,34.63,1,2.565,1,1849.2,1,2.565,1,34.63,1
5905612,2025-11-20T04:48:20Z,1,-25.42425,155.62036,1,1851.4,1,34.63,1,2.562,1,1851.4,1,2.562,1,34.63,1
5905612,2025-11-20T04:48:20Z,1,-25.42425,155.62036,1,1853.5,1,34.631,1,2.558,1,1853.5,1,2.558,1,34.631,1
5905612,2025-11-20T04:48:20Z,1,-25.42425,155.62036,1,1855.6,1,34.632,1,2.552,1,1855.6,1,2.552,1,34.632,1
5905612,2025-11-20T04:48:20Z,1,-25.42425,155.62036,1,1857.7,1,34.633,1,2.548,1,1857.7,1,2.548,1,34.633,1
5905612,2025-11-20T04:48:20Z,1,-25.42425,155.62036,1,1859.8,1,34.632,1,2.547,1,1859.8,1,2.547,1,34.632,1
5905612,2025-11-20T04:48:20Z,1,-25.42425,155.62036,1,1861.8,1,34.632,1,2.547,1,1861.8,1,2.547,1,34.632,1
5905612,2025-11-20T04:48:20Z,1,-25.42425,155.62036,1,1863.9,1,34.632,1,2.546,1,1863.9,1,2.546,1,34.632,1
5905612,2025-11-20T04:48:20Z,1,-25.42425,155.62036,1,1865.5,1,34.633,1,2.543,1,1865.5,1,2.543,1,34.633,1
5905612,2025-11-20T04:48:20Z,1,-25.42425,155.62036,1,1867.0,1,34.633,1,2.541,1,1867.0,1,2.541,1,34.633,1
5905612,2025-11-20T04:48:20Z,1,-25.42425,155.62036,1,1869.1,1,34.634,1,2.538,1,1869.1,1,2.538,1,34.634,1
5905612,2025-11-20T04:48:20Z,1,-25.42425,155.62036,1,1871.2,1,34.634,1,2.536,1,1871.2,1,2.536,1,34.634,1
5905612,2025-11-20T04:48:20Z,1,-25.42425,155.62036,1,1873.3,1,34.634,1,2.532,1,1873.3,1,2.532,1,34.634,1
5905612,2025-11-20T04:48:20Z,1,-25.42425,155.62036,1,1875.4,1,34.634,1,2.531,1,1875.4,1,2.531,1,34.634,1
5905612,2025-11-20T04:48:20Z,1,-25.42425,155.62036,1,1877.4,1,34.635,1,2.526,1,1877.4,1,2.526,1,34.635,1
5905612,2025-11-20T04:48:20Z,1,-25.42425,155.62036,1,1879.5,1,34.636,1,2.521,1,1879.5,1,2.521,1,34.636,1
5905612,2025-11-20T04:48:20Z,1,-25.42425,155.62036,1,1881.5,1,34.636,1,2.52,1,1881.5,1,2.52,1,34.636,1
5905612,2025-11-20T04:48:20Z,1,-25.42425,155.62036,1,1883.6,1,34.636,1,2.518,1,1883.6,1,2.518,1,34.636,1
5905612,2025-11-20T04:48:20Z,1,-25.42425,155.62036,1,1885.6,1,34.636,1,2.517,1,1885.6,1,2.517,1,34.636,1
5905612,2025-11-20T04:48:20Z,1,-25.42425,155.62036,1,1887.7,1,34.637,1,2.514,1,1887.7,1,2.514,1,34.637,1
5905612,2025-11-20T04:48:20Z,1,-25.42425,155.62036,1,1889.7,1,34.637,1,2.509,1,1889.7,1,2.509,1,34.637,1
5905612,2025-11-20T04:48:20Z,1,-25.42425,155.62036,1,1891.8,1,34.638,1,2.505,1,1891.8,1,2.505,1,34.638,1
5905612,2025-11-20T04:48:20Z,1,-25.42425,155.62036,1,1893.8,1,34.638,1,2.504,1,1893.8,1,2.504,1,34.638,1
5905612,2025-11-20T04:48:20Z,1,-25.42425,155.62036,1,1895.8,1,34.638,1,2.501,1,1895.8,1,2.501,1,34.638,1
5905612,2025-11-20T04:48:20Z,1,-25.42425,155.62036,1,1897.9,1,34.639,1,2.498,1,1897.9,1,2.498,1,34.639,1
5905612,2025-11-20T04:48:20Z,1,-25.42425,155.62036,1,1899.9,1,34.639,1,2.495,1,1899.9,1,2.495,1,34.639,1
5905612,2025-11-20T04:48:20Z,1,-25.42425,155.62036,1,1901.5,1,34.639,1,2.494,1,1901.5,1,2.494,1,34.639,1
5905612,2025-11-20T04:48:20Z,1,-25.42425,155.62036,1,1903.0,1,34.64,1,2.492,1,1903.0,1,2.492,1,34.64,1
5905612,2025-11-20T04:48:20Z,1,-25.42425,155.62036,1,1905.0,1,34.639,1,2.491,1,1905.0,1,2.491,1,34.639,1
5905612,2025-11-20T04:48:20Z,1,-25.42425,155.62036,1,1907.1,1,34.64,1,2.491,1,1907.1,1,2.491,1,34.64,1
5905612,2025-11-20T04:48:20Z,1,-25.42425,155.62036,1,1909.2,1,34.64,1,2.49,1,1909.2,1,2.49,1,34.64,1
5905612,2025-11-20T04:48:20Z,1,-25.42425,155.62036,1,1911.3,1,34.64,1,2.49,1,1911.3,1,2.49,1,34.64,1
5905612,2025-11-20T04:48:20Z,1,-25.42425,155.62036,1,1913.3,1,34.641,1,2.487,1,1913.3,1,2.487,1,34.641,1
5905612,2025-11-20T04:48:20Z,1,-25.42425,155.62036,1,1915.4,1,34.64,1,2.487,1,1915.4,1,2.487,1,34.64,1
5905612,2025-11-20T04:48:20Z,1,-25.42425,155.62036,1,1917.5,1,34.641,1,2.484,1,1917.5,1,2.484,1,34.641,1
5905612,2025-11-20T04:48:20Z,1,-25.42425,155.62036,1,1919.6,1,34.641,1,2.481,1,1919.6,1,2.481,1,34.641,1
5905612,2025-11-20T04:48:20Z,1,-25.42425,155.62036,1,1921.8,1,34.641,1,2.479,1,1921.8,1,2.479,1,34.641,1
5905612,2025-11-20T04:48:20Z,1,-25.42425,155.62036,1,1923.9,1,34.642,1,2.475,1,1923.9,1,2.475,1,34.642,1
5905612,2025-11-20T04:48:20Z,1,-25.42425,155.62036,1,1925.9,1,34.642,1,2.475,1,1925.9,1,2.475,1,34.642,1
5905612,2025-11-20T04:48:20Z,1,-25.42425,155.62036,1,1927.5,1,34.642,1,2.474,1,1927.5,1,2.474,1,34.642,1
5905612,2025-11-20T04:48:20Z,1,-25.42425,155.62036,1,1929.0,1,34.642,1,2.473,1,1929.0,1,2.473,1,34.642,1
5905612,2025-11-20T04:48:20Z,1,-25.42425,155.62036,1,1931.1,1,34.643,1,2.471,1,1931.1,1,2.471,1,34.643,1
5905612,2025-11-20T04:48:20Z,1,-25.42425,155.62036,1,1933.2,1,34.643,1,2.471,1,1933.2,1,2.471,1,34.643,1
5905612,2025-11-20T04:48:20Z,1,-25.42425,155.62036,1,1935.3,1,34.643,1,2.469,1,1935.3,1,2.469,1,34.643,1
5905612,2025-11-20T04:48:20Z,1,-25.42425,155.62036,1,1937.3,1,34.644,1,2.464,1,1937.3,1,2.464,1,34.644,1
5905612,2025-11-20T04:48:20Z,1,-25.42425,155.62036,1,1939.4,1,34.644,1,2.461,1,1939.4,1,2.461,1,34.644,1
5905612,2025-11-20T04:48:20Z,1,-25.42425,155.62036,1,1941.5,1,34.644,1,2.457,1,1941.5,1,2.457,1,34.644,1
5905612,2025-11-20T04:48:20Z,1,-25.42425,155.62036,1,1943.6,1,34.646,1,2.454,1,1943.6,1,2.454,1,34.646,1
5905612,2025-11-20T04:48:20Z,1,-25.42425,155.62036,1,1945.6,1,34.645,1,2.453,1,1945.6,1,2.453,1,34.645,1
5905612,2025-11-20T04:48:20Z,1,-25.42425,155.62036,1,1947.7,1,34.645,1,2.453,1,1947.7,1,2.453,1,34.645,1
5905612,2025-11-20T04:48:20Z,1,-25.42425,155.62036,1,1949.8,1,34.646,1,2.452,1,1949.8,1,2.452,1,34.646,1
5905612,2025-11-20T04:48:20Z,1,-25.42425,155.62036,1,1951.8,1,34.645,1,2.451,1,1951.8,1,2.451,1,34.645,1
5905612,2025-11-20T04:48:20Z,1,-25.42425,155.62036,1,1953.9,1,34.647,1,2.447,1,1953.9,1,2.447,1,34.647,1
5905612,2025-11-20T04:48:20Z,1,-25.42425,155.62036,1,1955.4,1,34.647,1,2.446,1,1955.4,1,2.446,1,34.647,1
5905612,2025-11-20T04:48:20Z,1,-25.42425,155.62036,1,1957.0,1,34.648,1,2.441,1,1957.0,1,2.441,1,34.648,1
5905612,2025-11-20T04:48:20Z,1,-25.42425,155.62036,1,1959.1,1,34.647,1,2.44,1,1959.1,1,2.44,1,34.647,1
5905612,2025-11-20T04:48:20Z,1,-25.42425,155.62036,1,1961.1,1,34.648,1,2.439,1,1961.1,1,2.439,1,34.648,1
5905612,2025-11-20T04:48:20Z,1,-25.42425,155.62036,1,1963.2,1,34.648,1,2.438,1,1963.2,1,2.438,1,34.648,1
5905612,2025-11-20T04:48:20Z,1,-25.42425,155.62036,1,1965.3,1,34.648,1,2.437,1,1965.3,1,2.437,1,34.648,1
5905612,2025-11-20T04:48:20Z,1,-25.42425,155.62036,1,1967.4,1,34.648,1,2.435,1,1967.4,1,2.435,1,34.648,1
5905612,2025-11-20T04:48:20Z,1,-25.42425,155.62036,1,1969.5,1,34.649,1,2.435,1,1969.5,1,2.435,1,34.649,1
5905612,2025-11-20T04:48:20Z,1,-25.42425,155.62036,1,1971.6,1,34.649,1,2.434,1,1971.6,1,2.434,1,34.649,1
5905612,2025-11-20T04:48:20Z,1,-25.42425,155.62036,1,1973.7,1,34.649,1,2.433,1,1973.7,1,2.433,1,34.649,1
5905612,2025-11-20T04:48:20Z,1,-25.42425,155.62036,1,1975.7,1,34.649,1,2.431,1,1975.7,1,2.431,1,34.649,1
5905612,2025-11-20T04:48:20Z,1,-25.42425,155.62036,1,1977.8,1,34.649,1,2.429,1,1977.8,1,2.429,1,34.649,1
5905612,2025-11-20T04:48:20Z,1,-25.42425,155.62036,1,1979.9,1,34.65,1,2.429,1,1979.9,1,2.429,1,34.65,1
5905612,2025-11-20T04:48:20Z,1,-25.42425,155.62036,1,1981.4,1,34.65,1,2.428,1,1981.4,1,2.428,1,34.65,1
5905612,2025-11-20T04:48:20Z,1,-25.42425,155.62036,1,1983.0,1,34.65,1,2.428,1,1983.0,1,2.428,1,34.65,1
5905612,2025-11-20T04:48:20Z,1,-25.42425,155.62036,1,1985.0,1,34.65,1,2.427,1,1985.0,1,2.427,1,34.65,1
5905612,2025-11-20T04:48:20Z,1,-25.42425,155.62036,1,1987.0,1,34.651,1,2.422,1,1987.0,1,2.422,1,34.651,1
5905612,2025-11-20T04:48:20Z,1,-25.42425,155.62036,1,1989.1,1,34.651,1,2.419,1,1989.1,1,2.419,1,34.651,1
5905612,2025-11-20T04:48:20Z,1,-25.42425,155.62036,1,1991.1,1,34.652,1,2.418,1,1991.1,1,2.418,1,34.652,1
5905612,2025-11-20T04:48:20Z,1,-25.42425,155.62036,1,1993.5,1,34.652,1,2.416,1,1993.5,1,2.416,1,34.652,1
5905612,2025-11-20T04:48:20Z,1,-25.42425,155.62036,1,1995.6,1,34.653,1,2.41,1,1995.6,1,2.41,1,34.653,1
5905612,2025-11-20T04:48:20Z,1,-25.42425,155.62036,1,1997.6,1,34.653,1,2.408,1,1997.6,1,2.408,1,34.653,1
5905612,2025-11-20T04:48:20Z,1,-25.42425,155.62036,1,1999.6,1,34.653,1,2.407,1,1999.6,1,2.407,1,34.653,1
5905612,2025-11-20T04:48:20Z,1,-25.42425,155.62036,1,2001.6,1,34.653,1,2.406,1,2001.6,1,2.406,1,34.653,1
5905612,2025-11-20T04:48:20Z,1,-25.42425,155.62036,1,2003.6,1,34.654,1,2.404,1,2003.6,1,2.404,1,34.654,1
5905612,2025-11-20T04:48:20Z,1,-25.42425,155.62036,1,2005.2,1,34.654,1,2.403,1,2005.2,1,2.403,1,34.654,1
5905612,2025-11-20T04:48:20Z,1,-25.42425,155.62036,1,2007.3,1,34.654,1,2.403,1,2007.3,1,2.403,1,34.654,1
5905612,2025-11-20T04:48:20Z,1,-25.42425,155.62036,1,2009.3,1,34.654,1,2.402,1,2009.3,1,2.402,1,34.654,1
5905612,2025-11-20T04:48:20Z,1,-25.42425,155.62036,1,2011.4,1,34.654,1,2.4,1,2011.4,1,2.4,1,34.654,1
5905612,2025-11-20T04:48:20Z,1,-25.42425,155.62036,1,2013.4,1,34.654,1,2.394,1,2013.4,1,2.394,1,34.654,1
5905612,2025-11-20T04:48:20Z,1,-25.42425,155.62036,1,2015.4,1,34.655,1,2.39,1,2015.4,1,2.39,1,34.655,1
5905612,2025-11-20T04:48:20Z,1,-25.42425,155.62036,1,2017.4,1,34.656,1,2.391,1,2017.4,1,2.391,1,34.656,1
5905612,2025-11-20T04:48:20Z,1,-25.42425,155.62036,1,2019.4,1,34.655,1,2.391,1,2019.4,1,2.391,1,34.655,1
5905612,2025-11-20T04:48:20Z,1,-25.42425,155.62036,1,2021.5,1,34.656,1,2.39,1,2021.5,1,2.39,1,34.656,1
5905612,2025-11-20T04:48:20Z,1,-25.42425,155.62036,1,2023.5,1,34.656,1,2.39,1,2023.5,1,2.39,1,34.656,1
5905612,2025-11-20T04:48:20Z,1,-25.42425,155.62036,1,2025.6,1,34.656,1,2.387,1,2025.6,1,2.387,1,34.656,1
5905612,2025-11-20T04:48:20Z,1,-25.42425,155.62036,1,2027.3,1,34.656,1,2.382,1,2027.3,1,2.382,1,34.656,1
5905612,2025-11-20T04:48:20Z,1,-25.42425,155.62036,1,2029.4,1,34.656,1,2.379,1,2029.4,1,2.379,1,34.656,1
5905612,2025-11-20T04:48:20Z,1,-25.42425,155.62036,1,2031.5,1,34.657,1,2.377,1,2031.5,1,2.377,1,34.657,1
5905612,2025-11-20T04:48:20Z,1,-25.42425,155.62036,1,2033.5,1,34.657,1,2.374,1,2033.5,1,2.374,1,34.657,1
5905612,2025-11-20T04:48:20Z,1,-25.42425,155.62036,1,2036.3,1,34.657,1,2.368,1,2036.3,1,2.368,1,34.657,1
5905612,2025-11-29T23:39:20Z,1,-25.27542,156.29532,1,0.2,1,35.232,1,27.513,1,0.2,1,27.513,1,35.232,1
5905612,2025-11-29T23:39:20Z,1,-25.27542,156.29532,1,1.5,1,35.234,1,27.516,1,1.5,1,27.516,1,35.234,1
5905612,2025-11-29T23:39:20Z,1,-25.27542,156.29532,1,3.6,1,35.232,1,27.519,1,3.6,1,27.519,1,35.232,1
5905612,2025-11-29T23:39:20Z,1,-25.27542,156.29532,1,4.9,1,35.233,1,27.519,1,4.9,1,27.519,1,35.233,1
5905612,2025-11-29T23:39:20Z,1,-25.27542,156.29532,1,5.8,1,35.232,1,27.52,1,5.8,1,27.52,1,35.232,1
5905612,2025-11-29T23:39:20Z,1,-25.27542,156.29532,1,7.1,1,35.233,1,27.517,1,7.1,1,27.517,1,35.233,1
5905612,2025-11-29T23:39:20Z,1,-25.27542,156.29532,1,9.4,1,35.232,1,27.52,1,9.4,1,27.52,1,35.232,1
5905612,2025-11-29T23:39:20Z,1,-25.27542,156.29532,1,11.8,1,35.234,1,27.519,1,11.8,1,27.519,1,35.234,1
5905612,2025-11-29T23:39:20Z,1,-25.27542,156.29532,1,13.7,1,35.232,1,27.521,1,13.7,1,27.521,1,35.232,1
5905612,2025-11-29T23:39:20Z,1,-25.27542,156.29532,1,15.5,1,35.234,1,27.519,1,15.5,1,27.519,1,35.234,1
5905612,2025-11-29T23:39:20Z,1,-25.27542,156.29532,1,17.1,1,35.236,1,27.515,1,17.1,1,27.515,1,35.236,1
5905612,2025-11-29T23:39:20Z,1,-25.27542,156.29532,1,19.4,1,35.236,1,27.513,1,19.4,1,27.513,1,35.236,1
5905612,2025-11-29T23:39:20Z,1,-25.27542,156.29532,1,21.6,1,35.236,1,27.509,1,21.6,1,27.509,1,35.236,1
5905612,2025-11-29T23:39:20Z,1,-25.27542,156.29532,1,23.3,1,35.237,1,27.502,1,23.3,1,27.502,1,35.237,1
5905612,2025-11-29T23:39:20Z,1,-25.27542,156.29532,1,25.5,1,35.238,1,27.473,1,25.5,1,27.473,1,35.238,1
5905612,2025-11-29T23:39:20Z,1,-25.27542,156.29532,1,27.6,1,35.242,1,27.432,1,27.6,1,27.432,1,35.242,1
5905612,2025-11-29T23:39:20Z,1,-25.27542,156.29532,1,29.2,1,35.237,1,27.385,1,29.2,1,27.385,1,35.237,1
5905612,2025-11-29T23:39:20Z,1,-25.27542,156.29532,1,31.3,1,35.241,1,27.294,1,31.3,1,27.294,1,35.241,1
5905612,2025-11-29T23:39:20Z,1,-25.27542,156.29532,1,33.5,1,35.286,1,27.091,1,33.5,1,27.091,1,35.286,1
5905612,2025-11-29T23:39:20Z,1,-25.27542,156.29532,1,35.4,1,35.323,1,26.902,1,35.4,1,26.902,1,35.323,1
5905612,2025-11-29T23:39:20Z,1,-25.27542,156.29532,1,37.4,1,35.354,1,26.835,1,37.4,1,26.835,1,35.354,1
5905612,2025-11-29T23:39:20Z,1,-25.27542,156.29532,1,39.5,1,35.368,1,26.819,1,39.5,1,26.819,1,35.368,1
5905612,2025-11-29T23:39:20Z,1,-25.27542,156.29532,1,41.4,1,35.389,1,26.724,1,41.4,1,26.724,1,35.389,1
5905612,2025-11-29T23:39:20Z,1,-25.27542,156.29532,1,43.4,1,35.387,1,26.636,1,43.4,1,26.636,1,35.387,1
5905612,2025-11-29T23:39:20Z,1,-25.27542,156.29532,1,45.3,1,35.38,1,26.564,1,45.3,1,26.564,1,35.38,1
5905612,2025-11-29T23:39:20Z,1,-25.27542,156.29532,1,47.3,1,35.387,1,26.532,1,47.3,1,26.532,1,35.387,1
5905612,2025-11-29T23:39:20Z,1,-25.27542,156.29532,1,49.2,1,35.387,1,26.365,1,49.2,1,26.365,1,35.387,1
5905612,2025-11-29T23:39:20Z,1,-25.27542,156.29532,1,51.1,1,35.398,1,26.289,1,51.1,1,26.289,1,35.398,1
5905612,2025-11-29T23:39:20Z,1,-25.27542,156.29532,1,53.4,1,35.402,1,26.201,1,53.4,1,26.201,1,35.402,1
5905612,2025-11-29T23:39:20Z,1,-25.27542,156.29532,1,55.8,1,35.4,1,26.133,1,55.8,1,26.133,1,35.4,1
5905612,2025-11-29T23:39:20Z,1,-25.27542,156.29532,1,57.8,1,35.398,1,26.087,1,57.8,1,26.087,1,35.398,1
5905612,2025-11-29T23:39:20Z,1,-25.27542,156.29532,1,59.7,1,35.394,1,26.079,1,59.7,1,26.079,1,35.394,1
5905612,2025-11-29T23:39:20Z,1,-25.27542,156.29532,1,61.6,1,35.395,1,26.005,1,61.6,1,26.005,1,35.395,1
5905612,2025-11-29T23:39:20Z,1,-25.27542,156.29532,1,63.5,1,35.399,1,25.959,1,63.5,1,25.959,1,35.399,1
5905612,2025-11-29T23:39:20Z,1,-25.27542,156.29532,1,65.5,1,35.405,1,25.744,1,65.5,1,25.744,1,35.405,1
5905612,2025-11-29T23:39:20Z,1,-25.27542,156.29532,1,67.4,1,35.448,1,25.4,1,67.4,1,25.4,1,35.448,1
5905612,2025-11-29T23:39:20Z,1,-25.27542,156.29532,1,69.1,1,35.453,1,25.28,1,69.1,1,25.28,1,35.453,1
5905612,2025-11-29T23:39:20Z,1,-25.27542,156.29532,1,71.4,1,35.467,1,25.168,1,71.4,1,25.168,1,35.467,1
5905612,2025-11-29T23:39:20Z,1,-25.27542,156.29532,1,73.6,1,35.478,1,25.108,1,73.6,1,25.108,1,35.478,1
5905612,2025-11-29T23:39:20Z,1,-25.27542,156.29532,1,75.4,1,35.482,1,25.083,1,75.4,1,25.083,1,35.482,1
5905612,2025-11-29T23:39:20Z,1,-25.27542,156.29532,1,77.1,1,35.487,1,25.059,1,77.1,1,25.059,1,35.487,1
5905612,2025-11-29T23:39:20Z,1,-25.27542,156.29532,1,79.4,1,35.489,1,25.037,1,79.4,1,25.037,1,35.489,1
5905612,2025-11-29T23:39:20Z,1,-25.27542,156.29532,1,81.6,1,35.491,1,25.019,1,81.6,1,25.019,1,35.491,1
5905612,2025-11-29T23:39:20Z,1,-25.27542,156.29532,1,83.4,1,35.492,1,24.997,1,83.4,1,24.997,1,35.492,1
5905612,2025-11-29T23:39:20Z,1,-25.27542,156.29532,1,85.4,1,35.501,1,24.873,1,85.4,1,24.873,1,35.501,1
5905612,2025-11-29T23:39:20Z,1,-25.27542,156.29532,1,87.5,1,35.534,1,24.586,1,87.5,1,24.586,1,35.534,1
5905612,2025-11-29T23:39:20Z,1,-25.27542,156.29532,1,89.3,1,35.552,1,24.517,1,89.3,1,24.517,1,35.552,1
5905612,2025-11-29T23:39:20Z,1,-25.27542,156.29532,1,91.1,1,35.59,1,24.244,1,91.1,1,24.244,1,35.59,1
5905612,2025-11-29T23:39:20Z,1,-25.27542,156.29532,1,93.1,1,35.597,1,24.101,1,93.1,1,24.101,1,35.597,1
5905612,2025-11-29T23:39:20Z,1,-25.27542,156.29532,1,95.2,1,35.654,1,23.731,1,95.2,1,23.731,1,35.654,1
5905612,2025-11-29T23:39:20Z,1,-25.27542,156.29532,1,97.6,1,35.666,1,23.438,1,97.6,1,23.438,1,35.666,1
5905612,2025-11-29T23:39:20Z,1,-25.27542,156.29532,1,99.4,1,35.665,1,23.353,1,99.4,1,23.353,1,35.665,1
5905612,2025-11-29T23:39:20Z,1,-25.27542,156.29532,1,101.2,1,35.66,1,23.176,1,101.2,1,23.176,1,35.66,1
5905612,2025-11-29T23:39:20Z,1,-25.27542,156.29532,1,103.6,1,35.656,1,23.126,1,103.6,1,23.126,1,35.656,1
5905612,2025-11-29T23:39:20Z,1,-25.27542,156.29532,1,105.5,1,35.658,1,23.109,1,105.5,1,23.109,1,35.658,1
5905612,2025-11-29T23:39:20Z,1,-25.27542,156.29532,1,107.3,1,35.665,1,23.099,1,107.3,1,23.099,1,35.665,1
5905612,2025-11-29T23:39:20Z,1,-25.27542,156.29532,1,109.6,1,35.665,1,23.099,1,109.6,1,23.099,1,35.665,1
5905612,2025-11-29T23:39:20Z,1,-25.27542,156.29532,1,111.8,1,35.667,1,23.076,1,111.8,1,23.076,1,35.667,1
5905612,2025-11-29T23:39:20Z,1,-25.27542,156.29532,1,113.5,1,35.665,1,23.048,1,113.5,1,23.048,1,35.665,1
5905612,2025-11-29T23:39:20Z,1,-25.27542,156.29532,1,115.1,1,35.667,1,23.03,1,115.1,1,23.03,1,35.667,1
5905612,2025-11-29T23:39:20Z,1,-25.27542,156.29532,1,117.2,1,35.67,1,22.985,1,117.2,1,22.985,1,35.67,1
5905612,2025-11-29T23:39:20Z,1,-25.27542,156.29532,1,119.5,1,35.678,1,22.831,1,119.5,1,22.831,1,35.678,1
5905612,2025-11-29T23:39:20Z,1,-25.27542,156.29532,1,121.5,1,35.688,1,22.674,1,121.5,1,22.674,1,35.688,1
5905612,2025-11-29T23:39:20Z,1,-25.27542,156.29532,1,123.3,1,35.69,1,22.628,1,123.3,1,22.628,1,35.69,1
5905612,2025-11-29T23:39:20Z,1,-25.27542,156.29532,1,125.5,1,35.689,1,22.549,1,125.5,1,22.549,1,35.689,1
5905612,2025-11-29T23:39:20Z,1,-25.27542,156.29532,1,127.7,1,35.69,1,22.355,1,127.7,1,22.355,1,35.69,1
5905612,2025-11-29T23:39:20Z,1,-25.27542,156.29532,1,129.5,1,35.693,1,22.18,1,129.5,1,22.18,1,35.693,1
5905612,2025-11-29T23:39:20Z,1,-25.27542,156.29532,1,131.3,1,35.698,1,21.887,1,131.3,1,21.887,1,35.698,1
5905612,2025-11-29T23:39:20Z,1,-25.27542,156.29532,1,133.6,1,35.694,1,21.615,1,133.6,1,21.615,1,35.694,1
5905612,2025-11-29T23:39:20Z,1,-25.27542,156.29532,1,135.6,1,35.697,1,21.498,1,135.6,1,21.498,1,35.697,1
5905612,2025-11-29T23:39:20Z,1,-25.27542,156.29532,1,137.4,1,35.693,1,21.449,1,137.4,1,21.449,1,35.693,1
5905612,2025-11-29T23:39:20Z,1,-25.27542,156.29532,1,139.4,1,35.69,1,21.395,1,139.4,1,21.395,1,35.69,1
5905612,2025-11-29T23:39:20Z,1,-25.27542,156.29532,1,141.5,1,35.685,1,21.315,1,141.5,1,21.315,1,35.685,1
5905612,2025-11-29T23:39:20Z,1,-25.27542,156.29532,1,143.3,1,35.686,1,21.314,1,143.3,1,21.314,1,35.686,1
5905612,2025-11-29T23:39:20Z,1,-25.27542,156.29532,1,145.4,1,35.684,1,21.307,1,145.4,1,21.307,1,35.684,1
5905612,2025-11-29T23:39:20Z,1,-25.27542,156.29532,1,147.6,1,35.683,1,21.275,1,147.6,1,21.275,1,35.683,1
5905612,2025-11-29T23:39:20Z,1,-25.27542,156.29532,1,149.4,1,35.69,1,21.204,1,149.4,1,21.204,1,35.69,1
5905612,2025-11-29T23:39:20Z,1,-25.27542,156.29532,1,151.5,1,35.684,1,21.141,1,151.5,1,21.141,1,35.684,1
5905612,2025-11-29T23:39:20Z,1,-25.27542,156.29532,1,153.7,1,35.679,1,21.055,1,153.7,1,21.055,1,35.679,1
5905612,2025-11-29T23:39:20Z,1,-25.27542,156.29532,1,155.4,1,35.673,1,20.981,1,155.4,1,20.981,1,35.673,1
5905612,2025-11-29T23:39:20Z,1,-25.27542,156.29532,1,157.5,1,35.671,1,20.929,1,157.5,1,20.929,1,35.671,1
5905612,2025-11-29T23:39:20Z,1,-25.27542,156.29532,1,159.7,1,35.67,1,20.873,1,159.7,1,20.873,1,35.67,1
5905612,2025-11-29T23:39:20Z,1,-25.27542,156.29532,1,161.4,1,35.665,1,20.817,1,161.4,1,20.817,1,35.665,1
5905612,2025-11-29T23:39:20Z,1,-25.27542,156.29532,1,163.5,1,35.661,1,20.726,1,163.5,1,20.726,1,35.661,1
5905612,2025-11-29T23:39:20Z,1,-25.27542,156.29532,1,165.7,1,35.658,1,20.636,1,165.7,1,20.636,1,35.658,1
5905612,2025-11-29T23:39:20Z,1,-25.27542,156.29532,1,167.5,1,35.656,1,20.602,1,167.5,1,20.602,1,35.656,1
5905612,2025-11-29T23:39:20Z,1,-25.27542,156.29532,1,169.2,1,35.653,1,20.59,1,169.2,1,20.59,1,35.653,1
5905612,2025-11-29T23:39:20Z,1,-25.27542,156.29532,1,171.4,1,35.657,1,20.555,1,171.4,1,20.555,1,35.657,1
5905612,2025-11-29T23:39:20Z,1,-25.27542,156.29532,1,173.5,1,35.66,1,20.533,1,173.5,1,20.533,1,35.66,1
5905612,2025-11-29T23:39:20Z,1,-25.27542,156.29532,1,175.2,1,35.662,1,20.479,1,175.2,1,20.479,1,35.662,1
5905612,2025-11-29T23:39:20Z,1,-25.27542,156.29532,1,177.2,1,35.663,1,20.428,1,177.2,1,20.428,1,35.663,1
5905612,2025-11-29T23:39:20Z,1,-25.27542,156.29532,1,179.3,1,35.663,1,20.38,1,179.3,1,20.38,1,35.663,1
5905612,2025-11-29T23:39:20Z,1,-25.27542,156.29532,1,181.3,1,35.667,1,20.335,1,181.3,1,20.335,1,35.667,1
5905612,2025-11-29T23:39:20Z,1,-25.27542,156.29532,1,183.4,1,35.663,1,20.241,1,183.4,1,20.241,1,35.663,1
5905612,2025-11-29T23:39:20Z,1,-25.27542,156.29532,1,185.5,1,35.647,1,20.099,1,185.5,1,20.099,1,35.647,1
5905612,2025-11-29T23:39:20Z,1,-25.27542,156.29532,1,187.7,1,35.645,1,20.045,1,187.7,1,20.045,1,35.645,1
5905612,2025-11-29T23:39:20Z,1,-25.27542,156.29532,1,189.5,1,35.644,1,19.965,1,189.5,1,19.965,1,35.644,1
5905612,2025-11-29T23:39:20Z,1,-25.27542,156.29532,1,191.4,1,35.64,1,19.923,1,191.4,1,19.923,1,35.64,1
5905612,2025-11-29T23:39:20Z,1,-25.27542,156.29532,1,193.3,1,35.638,1,19.883,1,193.3,1,19.883,1,35.638,1
5905612,2025-11-29T23:39:20Z,1,-25.27542,156.29532,1,195.2,1,35.639,1,19.847,1,195.2,1,19.847,1,35.639,1
5905612,2025-11-29T23:39:20Z,1,-25.27542,156.29532,1,197.5,1,35.638,1,19.821,1,197.5,1,19.821,1,35.638,1
5905612,2025-11-29T23:39:20Z,1,-25.27542,156.29532,1,199.7,1,35.636,1,19.796,1,199.7,1,19.796,1,35.636,1
5905612,2025-11-29T23:39:20Z,1,-25.27542,156.29532,1,201.5,1,35.633,1,19.729,1,201.5,1,19.729,1,35.633,1
5905612,2025-11-29T23:39:20Z,1,-25.27542,156.29532,1,203.3,1,35.633,1,19.651,1,203.3,1,19.651,1,35.633,1
5905612,2025-11-29T23:39:20Z,1,-25.27542,156.29532,1,205.2,1,35.625,1,19.587,1,205.2,1,19.587,1,35.625,1
5905612,2025-11-29T23:39:20Z,1,-25.27542,156.29532,1,207.2,1,35.623,1,19.53,1,207.2,1,19.53,1,35.623,1
5905612,2025-11-29T23:39:20Z,1,-25.27542,156.29532,1,209.1,1,35.62,1,19.515,1,209.1,1,19.515,1,35.62,1
5905612,2025-11-29T23:39:20Z,1,-25.27542,156.29532,1,211.1,1,35.623,1,19.497,1,211.1,1,19.497,1,35.623,1
5905612,2025-11-29T23:39:20Z,1,-25.27542,156.29532,1,213.4,1,35.621,1,19.463,1,213.4,1,19.463,1,35.621,1
5905612,2025-11-29T23:39:20Z,1,-25.27542,156.29532,1,215.8,1,35.62,1,19.436,1,215.8,1,19.436,1,35.62,1
5905612,2025-11-29T23:39:20Z,1,-25.27542,156.29532,1,217.6,1,35.619,1,19.405,1,217.6,1,19.405,1,35.619,1
5905612,2025-11-29T23:39:20Z,1,-25.27542,156.29532,1,219.3,1,35.615,1,19.351,1,219.3,1,19.351,1,35.615,1
5905612,2025-11-29T23:39:20Z,1,-25.27542,156.29532,1,221.2,1,35.612,1,19.28,1,221.2,1,19.28,1,35.612,1
5905612,2025-11-29T23:39:20Z,1,-25.27542,156.29532,1,223.1,1,35.616,1,19.242,1,223.1,1,19.242,1,35.616,1
5905612,2025-11-29T23:39:20Z,1,-25.27542,156.29532,1,225.0,1,35.616,1,19.225,1,225.0,1,19.225,1,35.616,1
5905612,2025-11-29T23:39:20Z,1,-25.27542,156.29532,1,227.4,1,35.614,1,19.189,1,227.4,1,19.189,1,35.614,1
5905612,2025-11-29T23:39:20Z,1,-25.27542,156.29532,1,229.7,1,35.605,1,19.115,1,229.7,1,19.115,1,35.605,1
5905612,2025-11-29T23:39:20Z,1,-25.27542,156.29532,1,231.6,1,35.6,1,19.058,1,231.6,1,19.058,1,35.6,1
5905612,2025-11-29T23:39:20Z,1,-25.27542,156.29532,1,233.4,1,35.597,1,18.985,1,233.4,1,18.985,1,35.597,1
5905612,2025-11-29T23:39:20Z,1,-25.27542,156.29532,1,235.3,1,35.593,1,18.927,1,235.3,1,18.927,1,35.593,1
5905612,2025-11-29T23:39:20Z,1,-25.27542,156.29532,1,237.1,1,35.592,1,18.861,1,237.1,1,18.861,1,35.592,1
5905612,2025-11-29T23:39:20Z,1,-25.27542,156.29532,1,239.4,1,35.586,1,18.772,1,239.4,1,18.772,1,35.586,1
5905612,2025-11-29T23:39:20Z,1,-25.27542,156.29532,1,241.7,1,35.586,1,18.74,1,241.7,1,18.74,1,35.586,1
5905612,2025-11-29T23:39:20Z,1,-25.27542,156.29532,1,243.5,1,35.585,1,18.709,1,243.5,1,18.709,1,35.585,1
5905612,2025-11-29T23:39:20Z,1,-25.27542,156.29532,1,245.4,1,35.582,1,18.666,1,245.4,1,18.666,1,35.582,1
5905612,2025-11-29T23:39:20Z,1,-25.27542,156.29532,1,247.4,1,35.577,1,18.634,1,247.4,1,18.634,1,35.577,1
5905612,2025-11-29T23:39:20Z,1,-25.27542,156.29532,1,249.3,1,35.575,1,18.614,1,249.3,1,18.614,1,35.575,1
5905612,2025-11-29T23:39:20Z,1,-25.27542,156.29532,1,251.2,1,35.574,1,18.589,1,251.2,1,18.589,1,35.574,1
5905612,2025-11-29T23:39:20Z,1,-25.27542,156.29532,1,253.0,1,35.562,1,18.491,1,253.0,1,18.491,1,35.562,1
5905612,2025-11-29T23:39:20Z,1,-25.27542,156.29532,1,255.4,1,35.559,1,18.429,1,255.4,1,18.429,1,35.559,1
5905612,2025-11-29T23:39:20Z,1,-25.27542,156.29532,1,257.8,1,35.547,1,18.34,1,257.8,1,18.34,1,35.547,1
5905612,2025-11-29T23:39:20Z,1,-25.27542,156.29532,1,259.7,1,35.545,1,18.29,1,259.7,1,18.29,1,35.545,1
5905612,2025-11-29T23:39:20Z,1,-25.27542,156.29532,1,261.6,1,35.531,1,18.18,1,261.6,1,18.18,1,35.531,1
5905612,2025-11-29T23:39:20Z,1,-25.27542,156.29532,1,263.5,1,35.526,1,18.113,1,263.5,1,18.113,1,35.526,1
5905612,2025-11-29T23:39:20Z,1,-25.27542,156.29532,1,265.5,1,35.518,1,18.033,1,265.5,1,18.033,1,35.518,1
5905612,2025-11-29T23:39:20Z,1,-25.27542,156.29532,1,267.6,1,35.518,1,18.005,1,267.6,1,18.005,1,35.518,1
5905612,2025-11-29T23:39:20Z,1,-25.27542,156.29532,1,269.6,1,35.519,1,18.014,1,269.6,1,18.014,1,35.519,1
5905612,2025-11-29T23:39:20Z,1,-25.27542,156.29532,1,271.6,1,35.52,1,17.967,1,271.6,1,17.967,1,35.52,1
5905612,2025-11-29T23:39:20Z,1,-25.27542,156.29532,1,273.5,1,35.506,1,17.891,1,273.5,1,17.891,1,35.506,1
5905612,2025-11-29T23:39:20Z,1,-25.27542,156.29532,1,275.5,1,35.498,1,17.822,1,275.5,1,17.822,1,35.498,1
5905612,2025-11-29T23:39:20Z,1,-25.27542,156.29532,1,277.6,1,35.496,1,17.757,1,277.6,1,17.757,1,35.496,1
5905612,2025-11-29T23:39:20Z,1,-25.27542,156.29532,1,279.7,1,35.503,1,17.701,1,279.7,1,17.701,1,35.503,1
5905612,2025-11-29T23:39:20Z,1,-25.27542,156.29532,1,281.9,1,35.497,1,17.625,1,281.9,1,17.625,1,35.497,1
5905612,2025-11-29T23:39:20Z,1,-25.27542,156.29532,1,283.5,1,35.49,1,17.566,1,283.5,1,17.566,1,35.49,1
5905612,2025-11-29T23:39:20Z,1,-25.27542,156.29532,1,285.1,1,35.487,1,17.541,1,285.1,1,17.541,1,35.487,1
5905612,2025-11-29T23:39:20Z,1,-25.27542,156.29532,1,287.2,1,35.478,1,17.455,1,287.2,1,17.455,1,35.478,1
5905612,2025-11-29T23:39:20Z,1,-25.27542,156.29532,1,289.3,1,35.474,1,17.357,1,289.3,1,17.357,1,35.474,1
5905612,2025-11-29T23:39:20Z,1,-25.27542,156.29532,1,291.5,1,35.474,1,17.295,1,291.5,1,17.295,1,35.474,1
5905612,2025-11-29T23:39:20Z,1,-25.27542,156.29532,1,293.6,1,35.465,1,17.143,1,293.6,1,17.143,1,35.465,1
5905612,2025-11-29T23:39:20Z,1,-25.27542,156.29532,1,295.8,1,35.457,1,17.086,1,295.8,1,17.086,1,35.457,1
5905612,2025-11-29T23:39:20Z,1,-25.27542,156.29532,1,297.4,1,35.452,1,16.976,1,297.4,1,16.976,1,35.452,1
5905612,2025-11-29T23:39:20Z,1,-25.27542,156.29532,1,299.0,1,35.442,1,16.918,1,299.0,1,16.918,1,35.442,1
5905612,2025-11-29T23:39:20Z,1,-25.27542,156.29532,1,301.2,1,35.438,1,16.874,1,301.2,1,16.874,1,35.438,1
5905612,2025-11-29T23:39:20Z,1,-25.27542,156.29532,1,303.3,1,35.435,1,16.801,1,303.3,1,16.801,1,35.435,1
5905612,2025-11-29T23:39:20Z,1,-25.27542,156.29532,1,305.4,1,35.433,1,16.776,1,305.4,1,16.776,1,35.433,1
5905612,2025-11-29T23:39:20Z,1,-25.27542,156.29532,1,307.5,1,35.43,1,16.741,1,307.5,1,16.741,1,35.43,1
5905612,2025-11-29T23:39:20Z,1,-25.27542,156.29532,1,309.4,1,35.422,1,16.663,1,309.4,1,16.663,1,35.422,1
5905612,2025-11-29T23:39:20Z,1,-25.27542,156.29532,1,311.3,1,35.416,1,16.615,1,311.3,1,16.615,1,35.416,1
5905612,2025-11-29T23:39:20Z,1,-25.27542,156.29532,1,313.3,1,35.412,1,16.538,1,313.3,1,16.538,1,35.412,1
5905612,2025-11-29T23:39:20Z,1,-25.27542,156.29532,1,315.4,1,35.405,1,16.418,1,315.4,1,16.418,1,35.405,1
5905612,2025-11-29T23:39:20Z,1,-25.27542,156.29532,1,317.4,1,35.391,1,16.297,1,317.4,1,16.297,1,35.391,1
5905612,2025-11-29T23:39:20Z,1,-25.27542,156.29532,1,319.5,1,35.387,1,16.282,1,319.5,1,16.282,1,35.387,1
5905612,2025-11-29T23:39:20Z,1,-25.27542,156.29532,1,321.6,1,35.388,1,16.244,1,321.6,1,16.244,1,35.388,1
5905612,2025-11-29T23:39:20Z,1,-25.27542,156.29532,1,323.6,1,35.385,1,16.218,1,323.6,1,16.218,1,35.385,1
5905612,2025-11-29T23:39:20Z,1,-25.27542,156.29532,1,325.3,1,35.381,1,16.188,1,325.3,1,16.188,1,35.381,1
5905612,2025-11-29T23:39:20Z,1,-25.27542,156.29532,1,327.4,1,35.383,1,16.177,1,327.4,1,16.177,1,35.383,1
5905612,2025-11-29T23:39:20Z,1,-25.27542,156.29532,1,329.4,1,35.383,1,16.115,1,329.4,1,16.115,1,35.383,1
5905612,2025-11-29T23:39:20Z,1,-25.27542,156.29532,1,331.5,1,35.375,1,16.002,1,331.5,1,16.002,1,35.375,1
5905612,2025-11-29T23:39:20Z,1,-25.27542,156.29532,1,333.6,1,35.37,1,15.974,1,333.6,1,15.974,1,35.37,1
5905612,2025-11-29T23:39:20Z,1,-25.27542,156.29532,1,335.2,1,35.369,1,15.96,1,335.2,1,15.96,1,35.369,1
5905612,2025-11-29T23:39:20Z,1,-25.27542,156.29532,1,337.3,1,35.361,1,15.895,1,337.3,1,15.895,1,35.361,1
5905612,2025-11-29T23:39:20Z,1,-25.27542,156.29532,1,339.3,1,35.345,1,15.777,1,339.3,1,15.777,1,35.345,1
5905612,2025-11-29T23:39:20Z,1,-25.27542,156.29532,1,341.4,1,35.343,1,15.712,1,341.4,1,15.712,1,35.343,1
5905612,2025-11-29T23:39:20Z,1,-25.27542,156.29532,1,343.6,1,35.342,1,15.691,1,343.6,1,15.691,1,35.342,1
5905612,2025-11-29T23:39:20Z,1,-25.27542,156.29532,1,345.4,1,35.342,1,15.682,1,345.4,1,15.682,1,35.342,1
5905612,2025-11-29T23:39:20Z,1,-25.27542,156.29532,1,347.4,1,35.337,1,15.57,1,347.4,1,15.57,1,35.337,1
5905612,2025-11-29T23:39:20Z,1,-25.27542,156.29532,1,349.6,1,35.322,1,15.45,1,349.6,1,15.45,1,35.322,1
5905612,2025-11-29T23:39:20Z,1,-25.27542,156.29532,1,351.4,1,35.315,1,15.382,1,351.4,1,15.382,1,35.315,1
5905612,2025-11-29T23:39:20Z,1,-25.27542,156.29532,1,353.1,1,35.312,1,15.355,1,353.1,1,15.355,1,35.312,1
5905612,2025-11-29T23:39:20Z,1,-25.27542,156.29532,1,355.4,1,35.308,1,15.311,1,355.4,1,15.311,1,35.308,1
5905612,2025-11-29T23:39:20Z,1,-25.27542,156.29532,1,357.5,1,35.304,1,15.261,1,357.5,1,15.261,1,35.304,1
5905612,2025-11-29T23:39:20Z,1,-25.27542,156.29532,1,359.3,1,35.297,1,15.205,1,359.3,1,15.205,1,35.297,1
5905612,2025-11-29T23:39:20Z,1,-25.27542,156.29532,1,361.1,1,35.291,1,15.151,1,361.1,1,15.151,1,35.291,1
5905612,2025-11-29T23:39:20Z,1,-25.27542,156.29532,1,363.4,1,35.285,1,15.07,1,363.4,1,15.07,1,35.285,1
5905612,2025-11-29T23:39:20Z,1,-25.27542,156.29532,1,365.7,1,35.276,1,14.99,1,365.7,1,14.99,1,35.276,1
5905612,2025-11-29T23:39:20Z,1,-25.27542,156.29532,1,367.4,1,35.268,1,14.945,1,367.4,1,14.945,1,35.268,1
5905612,2025-11-29T23:39:20Z,1,-25.27542,156.29532,1,369.2,1,35.263,1,14.882,1,369.2,1,14.882,1,35.263,1
5905612,2025-11-29T23:39:20Z,1,-25.27542,156.29532,1,371.5,1,35.252,1,14.787,1,371.5,1,14.787,1,35.252,1
5905612,2025-11-29T23:39:20Z,1,-25.27542,156.29532,1,373.6,1,35.246,1,14.712,1,373.6,1,14.712,1,35.246,1
5905612,2025-11-29T23:39:20Z,1,-25.27542,156.29532,1,375.4,1,35.243,1,14.667,1,375.4,1,14.667,1,35.243,1
5905612,2025-11-29T23:39:20Z,1,-25.27542,156.29532,1,377.2,1,35.24,1,14.64,1,377.2,1,14.64,1,35.24,1
5905612,2025-11-29T23:39:20Z,1,-25.27542,156.29532,1,379.4,1,35.24,1,14.566,1,379.4,1,14.566,1,35.24,1
5905612,2025-11-29T23:39:20Z,1,-25.27542,156.29532,1,381.6,1,35.239,1,14.519,1,381.6,1,14.519,1,35.239,1
5905612,2025-11-29T23:39:20Z,1,-25.27542,156.29532,1,383.4,1,35.238,1,14.503,1,383.4,1,14.503,1,35.238,1
5905612,2025-11-29T23:39:20Z,1,-25.27542,156.29532,1,385.2,1,35.235,1,14.477,1,385.2,1,14.477,1,35.235,1
5905612,2025-11-29T23:39:20Z,1,-25.27542,156.29532,1,387.1,1,35.233,1,14.394,1,387.1,1,14.394,1,35.233,1
5905612,2025-11-29T23:39:20Z,1,-25.27542,156.29532,1,389.4,1,35.224,1,14.321,1,389.4,1,14.321,1,35.224,1
5905612,2025-11-29T23:39:20Z,1,-25.27542,156.29532,1,391.8,1,35.217,1,14.275,1,391.8,1,14.275,1,35.217,1
5905612,2025-11-29T23:39:20Z,1,-25.27542,156.29532,1,393.6,1,35.212,1,14.214,1,393.6,1,14.214,1,35.212,1
5905612,2025-11-29T23:39:20Z,1,-25.27542,156.29532,1,395.3,1,35.207,1,14.15,1,395.3,1,14.15,1,35.207,1
5905612,2025-11-29T23:39:20Z,1,-25.27542,156.29532,1,397.1,1,35.202,1,14.081,1,397.1,1,14.081,1,35.202,1
5905612,2025-11-29T23:39:20Z,1,-25.27542,156.29532,1,399.4,1,35.201,1,14.031,1,399.4,1,14.031,1,35.201,1
5905612,2025-11-29T23:39:20Z,1,-25.27542,156.29532,1,401.7,1,35.194,1,13.925,1,401.7,1,13.925,1,35.194,1
5905612,2025-11-29T23:39:20Z,1,-25.27542,156.29532,1,403.6,1,35.189,1,13.907,1,403.6,1,13.907,1,35.189,1
5905612,2025-11-29T23:39:20Z,1,-25.27542,156.29532,1,405.5,1,35.185,1,13.891,1,405.5,1,13.891,1,35.185,1
5905612,2025-11-29T23:39:20Z,1,-25.27542,156.29532,1,407.3,1,35.177,1,13.853,1,407.3,1,13.853,1,35.177,1
5905612,2025-11-29T23:39:20Z,1,-25.27542,156.29532,1,409.1,1,35.166,1,13.763,1,409.1,1,13.763,1,35.166,1
5905612,2025-11-29T23:39:20Z,1,-25.27542,156.29532,1,411.4,1,35.147,1,13.653,1,411.4,1,13.653,1,35.147,1
5905612,2025-11-29T23:39:20Z,1,-25.27542,156.29532,1,413.8,1,35.129,1,13.537,1,413.8,1,13.537,1,35.129,1
5905612,2025-11-29T23:39:20Z,1,-25.27542,156.29532,1,415.7,1,35.125,1,13.489,1,415.7,1,13.489,1,35.125,1
5905612,2025-11-29T23:39:20Z,1,-25.27542,156.29532,1,417.7,1,35.114,1,13.425,1,417.7,1,13.425,1,35.114,1
5905612,2025-11-29T23:39:20Z,1,-25.27542,156.29532,1,419.6,1,35.105,1,13.378,1,419.6,1,13.378,1,35.105,1
5905612,2025-11-29T23:39:20Z,1,-25.27542,156.29532,1,421.5,1,35.097,1,13.307,1,421.5,1,13.307,1,35.097,1
5905612,2025-11-29T23:39:20Z,1,-25.27542,156.29532,1,423.3,1,35.097,1,13.249,1,423.3,1,13.249,1,35.097,1
5905612,2025-11-29T23:39:20Z,1,-25.27542,156.29532,1,425.2,1,35.089,1,13.125,1,425.2,1,13.125,1,35.089,1
5905612,2025-11-29T23:39:20Z,1,-25.27542,156.29532,1,427.1,1,35.07,1,13.073,1,427.1,1,13.073,1,35.07,1
5905612,2025-11-29T23:39:20Z,1,-25.27542,156.29532,1,429.0,1,35.065,1,13.054,1,429.0,1,13.054,1,35.065,1
5905612,2025-11-29T23:39:20Z,1,-25.27542,156.29532,1,431.4,1,35.065,1,13.025,1,431.4,1,13.025,1,35.065,1
5905612,2025-11-29T23:39:20Z,1,-25.27542,156.29532,1,433.7,1,35.05,1,12.929,1,433.7,1,12.929,1,35.05,1
5905612,2025-11-29T23:39:20Z,1,-25.27542,156.29532,1,435.5,1,35.049,1,12.907,1,435.5,1,12.907,1,35.049,1
5905612,2025-11-29T23:39:20Z,1,-25.27542,156.29532,1,437.4,1,35.052,1,12.899,1,437.4,1,12.899,1,35.052,1
5905612,2025-11-29T23:39:20Z,1,-25.27542,156.29532,1,439.3,1,35.04,1,12.83,1,439.3,1,12.83,1,35.04,1
5905612,2025-11-29T23:39:20Z,1,-25.27542,156.29532,1,441.2,1,35.037,1,12.781,1,441.2,1,12.781,1,35.037,1
5905612,2025-11-29T23:39:20Z,1,-25.27542,156.29532,1,443.5,1,35.03,1,12.733,1,443.5,1,12.733,1,35.03,1
5905612,2025-11-29T23:39:20Z,1,-25.27542,156.29532,1,445.7,1,35.028,1,12.684,1,445.7,1,12.684,1,35.028,1
5905612,2025-11-29T23:39:20Z,1,-25.27542,156.29532,1,447.5,1,35.02,1,12.635,1,447.5,1,12.635,1,35.02,1
5905612,2025-11-29T23:39:20Z,1,-25.27542,156.29532,1,449.4,1,35.016,1,12.584,1,449.4,1,12.584,1,35.016,1
5905612,2025-11-29T23:39:20Z,1,-25.27542,156.29532,1,451.3,1,35.014,1,12.562,1,451.3,1,12.562,1,35.014,1
5905612,2025-11-29T23:39:20Z,1,-25.27542,156.29532,1,453.1,1,35.011,1,12.54,1,453.1,1,12.54,1,35.011,1
5905612,2025-11-29T23:39:20Z,1,-25.27542,156.29532,1,455.5,1,35.005,1,12.495,1,455.5,1,12.495,1,35.005,1
5905612,2025-11-29T23:39:20Z,1,-25.27542,156.29532,1,457.8,1,34.995,1,12.37,1,457.8,1,12.37,1,34.995,1
5905612,2025-11-29T23:39:20Z,1,-25.27542,156.29532,1,459.7,1,34.986,1,12.293,1,459.7,1,12.293,1,34.986,1
5905612,2025-11-29T23:39:20Z,1,-25.27542,156.29532,1,461.5,1,34.971,1,12.183,1,461.5,1,12.183,1,34.971,1
5905612,2025-11-29T23:39:20Z,1,-25.27542,156.29532,1,463.4,1,34.968,1,12.151,1,463.4,1,12.151,1,34.968,1
5905612,2025-11-29T23:39:20Z,1,-25.27542,156.29532,1,465.3,1,34.964,1,12.109,1,465.3,1,12.109,1,34.964,1
5905612,2025-11-29T23:39:20Z,1,-25.27542,156.29532,1,467.1,1,34.953,1,12.011,1,467.1,1,12.011,1,34.953,1
5905612,2025-11-29T23:39:20Z,1,-25.27542,156.29532,1,469.4,1,34.947,1,11.966,1,469.4,1,11.966,1,34.947,1
5905612,2025-11-29T23:39:20Z,1,-25.27542,156.29532,1,471.6,1,34.937,1,11.902,1,471.6,1,11.902,1,34.937,1
5905612,2025-11-29T23:39:20Z,1,-25.27542,156.29532,1,473.5,1,34.932,1,11.82,1,473.5,1,11.82,1,34.932,1
5905612,2025-11-29T23:39:20Z,1,-25.27542,156.29532,1,475.4,1,34.924,1,11.747,1,475.4,1,11.747,1,34.924,1
5905612,2025-11-29T23:39:20Z,1,-25.27542,156.29532,1,477.2,1,34.921,1,11.737,1,477.2,1,11.737,1,34.921,1
5905612,2025-11-29T23:39:20Z,1,-25.27542,156.29532,1,479.1,1,34.921,1,11.704,1,479.1,1,11.704,1,34.921,1
5905612,2025-11-29T23:39:20Z,1,-25.27542,156.29532,1,481.4,1,34.904,1,11.557,1,481.4,1,11.557,1,34.904,1
5905612,2025-11-29T23:39:20Z,1,-25.27542,156.29532,1,483.9,1,34.891,1,11.471,1,483.9,1,11.471,1,34.891,1
5905612,2025-11-29T23:39:20Z,1,-25.27542,156.29532,1,485.8,1,34.885,1,11.432,1,485.8,1,11.432,1,34.885,1
5905612,2025-11-29T23:39:20Z,1,-25.27542,156.29532,1,487.8,1,34.883,1,11.423,1,487.8,1,11.423,1,34.883,1
5905612,2025-11-29T23:39:20Z,1,-25.27542,156.29532,1,489.7,1,34.878,1,11.357,1,489.7,1,11.357,1,34.878,1
5905612,2025-11-29T23:39:20Z,1,-25.27542,156.29532,1,491.6,1,34.876,1,11.288,1,491.6,1,11.288,1,34.876,1
5905612,2025-11-29T23:39:20Z,1,-25.27542,156.29532,1,493.4,1,34.866,1,11.221,1,493.4,1,11.221,1,34.866,1
5905612,2025-11-29T23:39:20Z,1,-25.27542,156.29532,1,495.3,1,34.862,1,11.191,1,495.3,1,11.191,1,34.862,1
5905612,2025-11-29T23:39:20Z,1,-25.27542,156.29532,1,497.3,1,34.863,1,11.179,1,497.3,1,11.179,1,34.863,1
5905612,2025-11-29T23:39:20Z,1,-25.27542,156.29532,1,499.2,1,34.859,1,11.173,1,499.2,1,11.173,1,34.859,1
5905612,2025-11-29T23:39:20Z,1,-25.27542,156.29532,1,501.2,1,34.856,1,11.148,1,501.2,1,11.148,1,34.856,1
5905612,2025-11-29T23:39:20Z,1,-25.27542,156.29532,1,503.2,1,34.852,1,11.119,1,503.2,1,11.119,1,34.852,1
5905612,2025-11-29T23:39:20Z,1,-25.27542,156.29532,1,505.2,1,34.849,1,11.088,1,505.2,1,11.088,1,34.849,1
5905612,2025-11-29T23:39:20Z,1,-25.27542,156.29532,1,507.2,1,34.846,1,11.055,1,507.2,1,11.055,1,34.846,1
5905612,2025-11-29T23:39:20Z,1,-25.27542,156.29532,1,509.2,1,34.839,1,11.017,1,509.2,1,11.017,1,34.839,1
5905612,2025-11-29T23:39:20Z,1,-25.27542,156.29532,1,511.1,1,34.839,1,11.004,1,511.1,1,11.004,1,34.839,1
5905612,2025-11-29T23:39:20Z,1,-25.27542,156.29532,1,513.1,1,34.835,1,10.97,1,513.1,1,10.97,1,34.835,1
5905612,2025-11-29T23:39:20Z,1,-25.27542,156.29532,1,515.0,1,34.825,1,10.928,1,515.0,1,10.928,1,34.825,1
5905612,2025-11-29T23:39:20Z,1,-25.27542,156.29532,1,517.0,1,34.819,1,10.829,1,517.0,1,10.829,1,34.819,1
5905612,2025-11-29T23:39:20Z,1,-25.27542,156.29532,1,519.0,1,34.809,1,10.745,1,519.0,1,10.745,1,34.809,1
5905612,2025-11-29T23:39:20Z,1,-25.27542,156.29532,1,521.0,1,34.807,1,10.729,1,521.0,1,10.729,1,34.807,1
5905612,2025-11-29T23:39:20Z,1,-25.27542,156.29532,1,523.0,1,34.805,1,10.72,1,523.0,1,10.72,1,34.805,1
5905612,2025-11-29T23:39:20Z,1,-25.27542,156.29532,1,525.4,1,34.802,1,10.665,1,525.4,1,10.665,1,34.802,1
5905612,2025-11-29T23:39:20Z,1,-25.27542,156.29532,1,527.9,1,34.788,1,10.565,1,527.9,1,10.565,1,34.788,1
5905612,2025-11-29T23:39:20Z,1,-25.27542,156.29532,1,529.5,1,34.782,1,10.532,1,529.5,1,10.532,1,34.782,1
5905612,2025-11-29T23:39:20Z,1,-25.27542,156.29532,1,531.0,1,34.774,1,10.426,1,531.0,1,10.426,1,34.774,1
5905612,2025-11-29T23:39:20Z,1,-25.27542,156.29532,1,533.0,1,34.766,1,10.37,1,533.0,1,10.37,1,34.766,1
5905612,2025-11-29T23:39:20Z,1,-25.27542,156.29532,1,535.0,1,34.76,1,10.32,1,535.0,1,10.32,1,34.76,1
5905612,2025-11-29T23:39:20Z,1,-25.27542,156.29532,1,537.1,1,34.755,1,10.254,1,537.1,1,10.254,1,34.755,1
5905612,2025-11-29T23:39:20Z,1,-25.27542,156.29532,1,539.1,1,34.749,1,10.21,1,539.1,1,10.21,1,34.749,1
5905612,2025-11-29T23:39:20Z,1,-25.27542,156.29532,1,541.1,1,34.745,1,10.174,1,541.1,1,10.174,1,34.745,1
5905612,2025-11-29T23:39:20Z,1,-25.27542,156.29532,1,543.2,1,34.744,1,10.156,1,543.2,1,10.156,1,34.744,1
5905612,2025-11-29T23:39:20Z,1,-25.27542,156.29532,1,545.3,1,34.737,1,10.129,1,545.3,1,10.129,1,34.737,1
5905612,2025-11-29T23:39:20Z,1,-25.27542,156.29532,1,547.3,1,34.732,1,10.035,1,547.3,1,10.035,1,34.732,1
5905612,2025-11-29T23:39:20Z,1,-25.27542,156.29532,1,549.3,1,34.721,1,9.966,1,549.3,1,9.966,1,34.721,1
5905612,2025-11-29T23:39:20Z,1,-25.27542,156.29532,1,551.3,1,34.712,1,9.884,1,551.3,1,9.884,1,34.712,1
5905612,2025-11-29T23:39:20Z,1,-25.27542,156.29532,1,553.4,1,34.703,1,9.828,1,553.4,1,9.828,1,34.703,1
5905612,2025-11-29T23:39:20Z,1,-25.27542,156.29532,1,555.5,1,34.701,1,9.808,1,555.5,1,9.808,1,34.701,1
5905612,2025-11-29T23:39:20Z,1,-25.27542,156.29532,1,557.6,1,34.693,1,9.735,1,557.6,1,9.735,1,34.693,1
5905612,2025-11-29T23:39:20Z,1,-25.27542,156.29532,1,559.7,1,34.69,1,9.707,1,559.7,1,9.707,1,34.69,1
5905612,2025-11-29T23:39:20Z,1,-25.27542,156.29532,1,561.7,1,34.687,1,9.672,1,561.7,1,9.672,1,34.687,1
5905612,2025-11-29T23:39:20Z,1,-25.27542,156.29532,1,563.7,1,34.679,1,9.61,1,563.7,1,9.61,1,34.679,1
5905612,2025-11-29T23:39:20Z,1,-25.27542,156.29532,1,565.7,1,34.674,1,9.57,1,565.7,1,9.57,1,34.674,1
5905612,2025-11-29T23:39:20Z,1,-25.27542,156.29532,1,567.7,1,34.671,1,9.543,1,567.7,1,9.543,1,34.671,1
5905612,2025-11-29T23:39:20Z,1,-25.27542,156.29532,1,569.7,1,34.67,1,9.537,1,569.7,1,9.537,1,34.67,1
5905612,2025-11-29T23:39:20Z,1,-25.27542,156.29532,1,571.7,1,34.668,1,9.528,1,571.7,1,9.528,1,34.668,1
5905612,2025-11-29T23:39:20Z,1,-25.27542,156.29532,1,573.8,1,34.666,1,9.49,1,573.8,1,9.49,1,34.666,1
5905612,2025-11-29T23:39:20Z,1,-25.27542,156.29532,1,575.8,1,34.661,1,9.439,1,575.8,1,9.439,1,34.661,1
5905612,2025-11-29T23:39:20Z,1,-25.27542,156.29532,1,577.8,1,34.657,1,9.404,1,577.8,1,9.404,1,34.657,1
5905612,2025-11-29T23:39:20Z,1,-25.27542,156.29532,1,579.8,1,34.653,1,9.384,1,579.8,1,9.384,1,34.653,1
5905612,2025-11-29T23:39:20Z,1,-25.27542,156.29532,1,581.8,1,34.651,1,9.313,1,581.8,1,9.313,1,34.651,1
5905612,2025-11-29T23:39:20Z,1,-25.27542,156.29532,1,583.8,1,34.643,1,9.232,1,583.8,1,9.232,1,34.643,1
5905612,2025-11-29T23:39:20Z,1,-25.27542,156.29532,1,585.8,1,34.631,1,9.132,1,585.8,1,9.132,1,34.631,1
5905612,2025-11-29T23:39:20Z,1,-25.27542,156.29532,1,587.9,1,34.627,1,9.033,1,587.9,1,9.033,1,34.627,1
5905612,2025-11-29T23:39:20Z,1,-25.27542,156.29532,1,589.9,1,34.617,1,8.957,1,589.9,1,8.957,1,34.617,1
5905612,2025-11-29T23:39:20Z,1,-25.27542,156.29532,1,591.9,1,34.613,1,8.919,1,591.9,1,8.919,1,34.613,1
5905612,2025-11-29T23:39:20Z,1,-25.27542,156.29532,1,593.4,1,34.611,1,8.901,1,593.4,1,8.901,1,34.611,1
5905612,2025-11-29T23:39:20Z,1,-25.27542,156.29532,1,595.0,1,34.607,1,8.879,1,595.0,1,8.879,1,34.607,1
5905612,2025-11-29T23:39:20Z,1,-25.27542,156.29532,1,597.0,1,34.6,1,8.792,1,597.0,1,8.792,1,34.6,1
5905612,2025-11-29T23:39:20Z,1,-25.27542,156.29532,1,599.4,1,34.595,1,8.706,1,599.4,1,8.706,1,34.595,1
5905612,2025-11-29T23:39:20Z,1,-25.27542,156.29532,1,601.8,1,34.589,1,8.682,1,601.8,1,8.682,1,34.589,1
5905612,2025-11-29T23:39:20Z,1,-25.27542,156.29532,1,603.8,1,34.581,1,8.609,1,603.8,1,8.609,1,34.581,1
5905612,2025-11-29T23:39:20Z,1,-25.27542,156.29532,1,605.7,1,34.579,1,8.584,1,605.7,1,8.584,1,34.579,1
5905612,2025-11-29T23:39:20Z,1,-25.27542,156.29532,1,607.5,1,34.575,1,8.541,1,607.5,1,8.541,1,34.575,1
5905612,2025-11-29T23:39:20Z,1,-25.27542,156.29532,1,609.4,1,34.57,1,8.501,1,609.4,1,8.501,1,34.57,1
5905612,2025-11-29T23:39:20Z,1,-25.27542,156.29532,1,611.2,1,34.568,1,8.47,1,611.2,1,8.47,1,34.568,1
5905612,2025-11-29T23:39:20Z,1,-25.27542,156.29532,1,613.1,1,34.565,1,8.44,1,613.1,1,8.44,1,34.565,1
5905612,2025-11-29T23:39:20Z,1,-25.27542,156.29532,1,615.4,1,34.562,1,8.433,1,615.4,1,8.433,1,34.562,1
5905612,2025-11-29T23:39:20Z,1,-25.27542,156.29532,1,617.8,1,34.562,1,8.41,1,617.8,1,8.41,1,34.562,1
5905612,2025-11-29T23:39:20Z,1,-25.27542,156.29532,1,619.8,1,34.565,1,8.374,1,619.8,1,8.374,1,34.565,1
5905612,2025-11-29T23:39:20Z,1,-25.27542,156.29532,1,621.7,1,34.555,1,8.362,1,621.7,1,8.362,1,34.555,1
5905612,2025-11-29T23:39:20Z,1,-25.27542,156.29532,1,623.6,1,34.552,1,8.354,1,623.6,1,8.354,1,34.552,1
5905612,2025-11-29T23:39:20Z,1,-25.27542,156.29532,1,625.6,1,34.543,1,8.288,1,625.6,1,8.288,1,34.543,1
5905612,2025-11-29T23:39:20Z,1,-25.27542,156.29532,1,627.5,1,34.534,1,8.183,1,627.5,1,8.183,1,34.534,1
5905612,2025-11-29T23:39:20Z,1,-25.27542,156.29532,1,629.5,1,34.522,1,8.094,1,629.5,1,8.094,1,34.522,1
5905612,2025-11-29T23:39:20Z,1,-25.27542,156.29532,1,631.4,1,34.517,1,8.076,1,631.4,1,8.076,1,34.517,1
5905612,2025-11-29T23:39:20Z,1,-25.27542,156.29532,1,633.3,1,34.513,1,8.034,1,633.3,1,8.034,1,34.513,1
5905612,2025-11-29T23:39:20Z,1,-25.27542,156.29532,1,635.2,1,34.51,1,8.009,1,635.2,1,8.009,1,34.51,1
5905612,2025-11-29T23:39:20Z,1,-25.27542,156.29532,1,637.2,1,34.506,1,7.972,1,637.2,1,7.972,1,34.506,1
5905612,2025-11-29T23:39:20Z,1,-25.27542,156.29532,1,639.1,1,34.502,1,7.918,1,639.1,1,7.918,1,34.502,1
5905612,2025-11-29T23:39:20Z,1,-25.27542,156.29532,1,641.1,1,34.498,1,7.875,1,641.1,1,7.875,1,34.498,1
5905612,2025-11-29T23:39:20Z,1,-25.27542,156.29532,1,643.1,1,34.497,1,7.829,1,643.1,1,7.829,1,34.497,1
5905612,2025-11-29T23:39:20Z,1,-25.27542,156.29532,1,645.1,1,34.502,1,7.819,1,645.1,1,7.819,1,34.502,1
5905612,2025-11-29T23:39:20Z,1,-25.27542,156.29532,1,647.1,1,34.5,1,7.801,1,647.1,1,7.801,1,34.5,1
5905612,2025-11-29T23:39:20Z,1,-25.27542,156.29532,1,649.1,1,34.499,1,7.776,1,649.1,1,7.776,1,34.499,1
5905612,2025-11-29T23:39:20Z,1,-25.27542,156.29532,1,651.1,1,34.493,1,7.734,1,651.1,1,7.734,1,34.493,1
5905612,2025-11-29T23:39:20Z,1,-25.27542,156.29532,1,653.1,1,34.488,1,7.669,1,653.1,1,7.669,1,34.488,1
5905612,2025-11-29T23:39:20Z,1,-25.27542,156.29532,1,655.2,1,34.479,1,7.616,1,655.2,1,7.616,1,34.479,1
5905612,2025-11-29T23:39:20Z,1,-25.27542,156.29532,1,657.2,1,34.474,1,7.574,1,657.2,1,7.574,1,34.474,1
5905612,2025-11-29T23:39:20Z,1,-25.27542,156.29532,1,659.2,1,34.473,1,7.551,1,659.2,1,7.551,1,34.473,1
5905612,2025-11-29T23:39:20Z,1,-25.27542,156.29532,1,661.2,1,34.473,1,7.534,1,661.2,1,7.534,1,34.473,1
5905612,2025-11-29T23:39:20Z,1,-25.27542,156.29532,1,663.1,1,34.474,1,7.509,1,663.1,1,7.509,1,34.474,1
5905612,2025-11-29T23:39:20Z,1,-25.27542,156.29532,1,665.4,1,34.468,1,7.441,1,665.4,1,7.441,1,34.468,1
5905612,2025-11-29T23:39:20Z,1,-25.27542,156.29532,1,667.4,1,34.467,1,7.435,1,667.4,1,7.435,1,34.467,1
5905612,2025-11-29T23:39:20Z,1,-25.27542,156.29532,1,669.3,1,34.465,1,7.424,1,669.3,1,7.424,1,34.465,1
5905612,2025-11-29T23:39:20Z,1,-25.27542,156.29532,1,671.3,1,34.463,1,7.38,1,671.3,1,7.38,1,34.463,1
5905612,2025-11-29T23:39:20Z,1,-25.27542,156.29532,1,673.3,1,34.462,1,7.366,1,673.3,1,7.366,1,34.462,1
5905612,2025-11-29T23:39:20Z,1,-25.27542,156.29532,1,675.5,1,34.467,1,7.354,1,675.5,1,7.354,1,34.467,1
5905612,2025-11-29T23:39:20Z,1,-25.27542,156.29532,1,677.2,1,34.466,1,7.337,1,677.2,1,7.337,1,34.466,1
5905612,2025-11-29T23:39:20Z,1,-25.27542,156.29532,1,679.3,1,34.467,1,7.321,1,679.3,1,7.321,1,34.467,1
5905612,2025-11-29T23:39:20Z,1,-25.27542,156.29532,1,681.5,1,34.466,1,7.288,1,681.5,1,7.288,1,34.466,1
5905612,2025-11-29T23:39:20Z,1,-25.27542,156.29532,1,683.3,1,34.459,1,7.239,1,683.3,1,7.239,1,34.459,1
5905612,2025-11-29T23:39:20Z,1,-25.27542,156.29532,1,685.5,1,34.462,1,7.253,1,685.5,1,7.253,1,34.462,1
5905612,2025-11-29T23:39:20Z,1,-25.27542,156.29532,1,687.7,1,34.462,1,7.227,1,687.7,1,7.227,1,34.462,1
5905612,2025-11-29T23:39:20Z,1,-25.27542,156.29532,1,689.5,1,34.461,1,7.211,1,689.5,1,7.211,1,34.461,1
5905612,2025-11-29T23:39:20Z,1,-25.27542,156.29532,1,691.3,1,34.467,1,7.187,1,691.3,1,7.187,1,34.467,1
5905612,2025-11-29T23:39:20Z,1,-25.27542,156.29532,1,693.2,1,34.469,1,7.18,1,693.2,1,7.18,1,34.469,1
5905612,2025-11-29T23:39:20Z,1,-25.27542,156.29532,1,695.0,1,34.47,1,7.172,1,695.0,1,7.172,1,34.47,1
5905612,2025-11-29T23:39:20Z,1,-25.27542,156.29532,1,697.4,1,34.47,1,7.159,1,697.4,1,7.159,1,34.47,1
5905612,2025-11-29T23:39:20Z,1,-25.27542,156.29532,1,699.8,1,34.469,1,7.151,1,699.8,1,7.151,1,34.469,1
5905612,2025-11-29T23:39:20Z,1,-25.27542,156.29532,1,701.7,1,34.468,1,7.135,1,701.7,1,7.135,1,34.468,1
5905612,2025-11-29T23:39:20Z,1,-25.27542,156.29532,1,703.6,1,34.468,1,7.114,1,703.6,1,7.114,1,34.468,1
5905612,2025-11-29T23:39:20Z,1,-25.27542,156.29532,1,705.5,1,34.467,1,7.099,1,705.5,1,7.099,1,34.467,1
5905612,2025-11-29T23:39:20Z,1,-25.27542,156.29532,1,707.5,1,34.467,1,7.093,1,707.5,1,7.093,1,34.467,1
5905612,2025-11-29T23:39:20Z,1,-25.27542,156.29532,1,709.4,1,34.467,1,7.093,1,709.4,1,7.093,1,34.467,1
5905612,2025-11-29T23:39:20Z,1,-25.27542,156.29532,1,711.4,1,34.467,1,7.091,1,711.4,1,7.091,1,34.467,1
5905612,2025-11-29T23:39:20Z,1,-25.27542,156.29532,1,713.3,1,34.467,1,7.086,1,713.3,1,7.086,1,34.467,1
5905612,2025-11-29T23:39:20Z,1,-25.27542,156.29532,1,715.2,1,34.466,1,7.072,1,715.2,1,7.072,1,34.466,1
5905612,2025-11-29T23:39:20Z,1,-25.27542,156.29532,1,717.2,1,34.465,1,7.052,1,717.2,1,7.052,1,34.465,1
5905612,2025-11-29T23:39:20Z,1,-25.27542,156.29532,1,719.2,1,34.463,1,7.037,1,719.2,1,7.037,1,34.463,1
5905612,2025-11-29T23:39:20Z,1,-25.27542,156.29532,1,721.2,1,34.462,1,7.023,1,721.2,1,7.023,1,34.462,1
5905612,2025-11-29T23:39:20Z,1,-25.27542,156.29532,1,723.3,1,34.462,1,7.021,1,723.3,1,7.021,1,34.462,1
5905612,2025-11-29T23:39:20Z,1,-25.27542,156.29532,1,725.3,1,34.464,1,7.009,1,725.3,1,7.009,1,34.464,1
5905612,2025-11-29T23:39:20Z,1,-25.27542,156.29532,1,727.4,1,34.462,1,6.981,1,727.4,1,6.981,1,34.462,1
5905612,2025-11-29T23:39:20Z,1,-25.27542,156.29532,1,729.4,1,34.461,1,6.977,1,729.4,1,6.977,1,34.461,1
5905612,2025-11-29T23:39:20Z,1,-25.27542,156.29532,1,731.5,1,34.461,1,6.968,1,731.5,1,6.968,1,34.461,1
5905612,2025-11-29T23:39:20Z,1,-25.27542,156.29532,1,733.6,1,34.46,1,6.95,1,733.6,1,6.95,1,34.46,1
5905612,2025-11-29T23:39:20Z,1,-25.27542,156.29532,1,735.7,1,34.459,1,6.933,1,735.7,1,6.933,1,34.459,1
5905612,2025-11-29T23:39:20Z,1,-25.27542,156.29532,1,737.8,1,34.457,1,6.9,1,737.8,1,6.9,1,34.457,1
5905612,2025-11-29T23:39:20Z,1,-25.27542,156.29532,1,739.9,1,34.455,1,6.869,1,739.9,1,6.869,1,34.455,1
5905612,2025-11-29T23:39:20Z,1,-25.27542,156.29532,1,741.5,1,34.456,1,6.862,1,741.5,1,6.862,1,34.456,1
5905612,2025-11-29T23:39:20Z,1,-25.27542,156.29532,1,743.0,1,34.455,1,6.857,1,743.0,1,6.857,1,34.455,1
5905612,2025-11-29T23:39:20Z,1,-25.27542,156.29532,1,745.2,1,34.455,1,6.857,1,745.2,1,6.857,1,34.455,1
5905612,2025-11-29T23:39:20Z,1,-25.27542,156.29532,1,747.3,1,34.454,1,6.824,1,747.3,1,6.824,1,34.454,1
5905612,2025-11-29T23:39:20Z,1,-25.27542,156.29532,1,749.5,1,34.452,1,6.811,1,749.5,1,6.811,1,34.452,1
5905612,2025-11-29T23:39:20Z,1,-25.27542,156.29532,1,751.6,1,34.453,1,6.812,1,751.6,1,6.812,1,34.453,1
5905612,2025-11-29T23:39:20Z,1,-25.27542,156.29532,1,753.8,1,34.451,1,6.807,1,753.8,1,6.807,1,34.451,1
5905612,2025-11-29T23:39:20Z,1,-25.27542,156.29532,1,755.4,1,34.451,1,6.782,1,755.4,1,6.782,1,34.451,1
5905612,2025-11-29T23:39:20Z,1,-25.27542,156.29532,1,757.0,1,34.447,1,6.758,1,757.0,1,6.758,1,34.447,1
5905612,2025-11-29T23:39:20Z,1,-25.27542,156.29532,1,759.2,1,34.445,1,6.74,1,759.2,1,6.74,1,34.445,1
5905612,2025-11-29T23:39:20Z,1,-25.27542,156.29532,1,761.3,1,34.445,1,6.718,1,761.3,1,6.718,1,34.445,1
5905612,2025-11-29T23:39:20Z,1,-25.27542,156.29532,1,763.4,1,34.441,1,6.698,1,763.4,1,6.698,1,34.441,1
5905612,2025-11-29T23:39:20Z,1,-25.27542,156.29532,1,765.5,1,34.442,1,6.67,1,765.5,1,6.67,1,34.442,1
5905612,2025-11-29T23:39:20Z,1,-25.27542,156.29532,1,767.6,1,34.438,1,6.655,1,767.6,1,6.655,1,34.438,1
5905612,2025-11-29T23:39:20Z,1,-25.27542,156.29532,1,769.8,1,34.438,1,6.652,1,769.8,1,6.652,1,34.438,1
5905612,2025-11-29T23:39:20Z,1,-25.27542,156.29532,1,771.9,1,34.439,1,6.65,1,771.9,1,6.65,1,34.439,1
5905612,2025-11-29T23:39:20Z,1,-25.27542,156.29532,1,773.5,1,34.439,1,6.643,1,773.5,1,6.643,1,34.439,1
5905612,2025-11-29T23:39:20Z,1,-25.27542,156.29532,1,775.1,1,34.437,1,6.627,1,775.1,1,6.627,1,34.437,1
5905612,2025-11-29T23:39:20Z,1,-25.27542,156.29532,1,777.2,1,34.437,1,6.611,1,777.2,1,6.611,1,34.437,1
5905612,2025-11-29T23:39:20Z,1,-25.27542,156.29532,1,779.4,1,34.435,1,6.584,1,779.4,1,6.584,1,34.435,1
5905612,2025-11-29T23:39:20Z,1,-25.27542,156.29532,1,781.4,1,34.432,1,6.561,1,781.4,1,6.561,1,34.432,1
5905612,2025-11-29T23:39:20Z,1,-25.27542,156.29532,1,783.5,1,34.431,1,6.54,1,783.5,1,6.54,1,34.431,1
5905612,2025-11-29T23:39:20Z,1,-25.27542,156.29532,1,785.6,1,34.428,1,6.479,1,785.6,1,6.479,1,34.428,1
5905612,2025-11-29T23:39:20Z,1,-25.27542,156.29532,1,787.7,1,34.428,1,6.457,1,787.7,1,6.457,1,34.428,1
5905612,2025-11-29T23:39:20Z,1,-25.27542,156.29532,1,789.8,1,34.426,1,6.445,1,789.8,1,6.445,1,34.426,1
5905612,2025-11-29T23:39:20Z,1,-25.27542,156.29532,1,791.9,1,34.426,1,6.44,1,791.9,1,6.44,1,34.426,1
5905612,2025-11-29T23:39:20Z,1,-25.27542,156.29532,1,793.5,1,34.426,1,6.439,1,793.5,1,6.439,1,34.426,1
5905612,2025-11-29T23:39:20Z,1,-25.27542,156.29532,1,795.0,1,34.425,1,6.435,1,795.0,1,6.435,1,34.425,1
5905612,2025-11-29T23:39:20Z,1,-25.27542,156.29532,1,797.2,1,34.427,1,6.403,1,797.2,1,6.403,1,34.427,1
5905612,2025-11-29T23:39:20Z,1,-25.27542,156.29532,1,799.3,1,34.427,1,6.381,1,799.3,1,6.381,1,34.427,1
5905612,2025-11-29T23:39:20Z,1,-25.27542,156.29532,1,801.3,1,34.428,1,6.373,1,801.3,1,6.373,1,34.428,1
5905612,2025-11-29T23:39:20Z,1,-25.27542,156.29532,1,803.4,1,34.427,1,6.357,1,803.4,1,6.357,1,34.427,1
5905612,2025-11-29T23:39:20Z,1,-25.27542,156.29532,1,805.4,1,34.426,1,6.321,1,805.4,1,6.321,1,34.426,1
5905612,2025-11-29T23:39:20Z,1,-25.27542,156.29532,1,807.5,1,34.423,1,6.287,1,807.5,1,6.287,1,34.423,1
5905612,2025-11-29T23:39:20Z,1,-25.27542,156.29532,1,809.6,1,34.427,1,6.298,1,809.6,1,6.298,1,34.427,1
5905612,2025-11-29T23:39:20Z,1,-25.27542,156.29532,1,811.6,1,34.426,1,6.296,1,811.6,1,6.296,1,34.426,1
5905612,2025-11-29T23:39:20Z,1,-25.27542,156.29532,1,813.6,1,34.428,1,6.268,1,813.6,1,6.268,1,34.428,1
5905612,2025-11-29T23:39:20Z,1,-25.27542,156.29532,1,815.6,1,34.428,1,6.245,1,815.6,1,6.245,1,34.428,1
5905612,2025-11-29T23:39:20Z,1,-25.27542,156.29532,1,817.6,1,34.43,1,6.232,1,817.6,1,6.232,1,34.43,1
5905612,2025-11-29T23:39:20Z,1,-25.27542,156.29532,1,819.5,1,34.431,1,6.209,1,819.5,1,6.209,1,34.431,1
5905612,2025-11-29T23:39:20Z,1,-25.27542,156.29532,1,821.5,1,34.432,1,6.203,1,821.5,1,6.203,1,34.432,1
5905612,2025-11-29T23:39:20Z,1,-25.27542,156.29532,1,823.4,1,34.433,1,6.199,1,823.4,1,6.199,1,34.433,1
5905612,2025-11-29T23:39:20Z,1,-25.27542,156.29532,1,825.3,1,34.432,1,6.197,1,825.3,1,6.197,1,34.432,1
5905612,2025-11-29T23:39:20Z,1,-25.27542,156.29532,1,827.3,1,34.435,1,6.177,1,827.3,1,6.177,1,34.435,1
5905612,2025-11-29T23:39:20Z,1,-25.27542,156.29532,1,829.3,1,34.432,1,6.152,1,829.3,1,6.152,1,34.432,1
5905612,2025-11-29T23:39:20Z,1,-25.27542,156.29532,1,831.2,1,34.431,1,6.135,1,831.2,1,6.135,1,34.431,1
5905612,2025-11-29T23:39:20Z,1,-25.27542,156.29532,1,833.2,1,34.43,1,6.127,1,833.2,1,6.127,1,34.43,1
5905612,2025-11-29T23:39:20Z,1,-25.27542,156.29532,1,835.2,1,34.43,1,6.121,1,835.2,1,6.121,1,34.43,1
5905612,2025-11-29T23:39:20Z,1,-25.27542,156.29532,1,837.1,1,34.427,1,6.095,1,837.1,1,6.095,1,34.427,1
5905612,2025-11-29T23:39:20Z,1,-25.27542,156.29532,1,839.0,1,34.426,1,6.081,1,839.0,1,6.081,1,34.426,1
5905612,2025-11-29T23:39:20Z,1,-25.27542,156.29532,1,841.0,1,34.426,1,6.071,1,841.0,1,6.071,1,34.426,1
5905612,2025-11-29T23:39:20Z,1,-25.27542,156.29532,1,843.4,1,34.424,1,6.041,1,843.4,1,6.041,1,34.424,1
5905612,2025-11-29T23:39:20Z,1,-25.27542,156.29532,1,845.8,1,34.422,1,6.01,1,845.8,1,6.01,1,34.422,1
5905612,2025-11-29T23:39:20Z,1,-25.27542,156.29532,1,847.7,1,34.42,1,5.975,1,847.7,1,5.975,1,34.42,1
5905612,2025-11-29T23:39:20Z,1,-25.27542,156.29532,1,849.7,1,34.42,1,5.951,1,849.7,1,5.951,1,34.42,1
5905612,2025-11-29T23:39:20Z,1,-25.27542,156.29532,1,851.6,1,34.419,1,5.931,1,851.6,1,5.931,1,34.419,1
5905612,2025-11-29T23:39:20Z,1,-25.27542,156.29532,1,853.6,1,34.418,1,5.911,1,853.6,1,5.911,1,34.418,1
5905612,2025-11-29T23:39:20Z,1,-25.27542,156.29532,1,855.5,1,34.418,1,5.891,1,855.5,1,5.891,1,34.418,1
5905612,2025-11-29T23:39:20Z,1,-25.27542,156.29532,1,857.4,1,34.418,1,5.875,1,857.4,1,5.875,1,34.418,1
5905612,2025-11-29T23:39:20Z,1,-25.27542,156.29532,1,859.4,1,34.419,1,5.859,1,859.4,1,5.859,1,34.419,1
5905612,2025-11-29T23:39:20Z,1,-25.27542,156.29532,1,861.3,1,34.418,1,5.842,1,861.3,1,5.842,1,34.418,1
5905612,2025-11-29T23:39:20Z,1,-25.27542,156.29532,1,863.3,1,34.418,1,5.826,1,863.3,1,5.826,1,34.418,1
5905612,2025-11-29T23:39:20Z,1,-25.27542,156.29532,1,865.3,1,34.417,1,5.815,1,865.3,1,5.815,1,34.417,1
5905612,2025-11-29T23:39:20Z,1,-25.27542,156.29532,1,867.3,1,34.418,1,5.807,1,867.3,1,5.807,1,34.418,1
5905612,2025-11-29T23:39:20Z,1,-25.27542,156.29532,1,869.3,1,34.418,1,5.799,1,869.3,1,5.799,1,34.418,1
5905612,2025-11-29T23:39:20Z,1,-25.27542,156.29532,1,871.3,1,34.417,1,5.794,1,871.3,1,5.794,1,34.417,1
5905612,2025-11-29T23:39:20Z,1,-25.27542,156.29532,1,873.1,1,34.418,1,5.783,1,873.1,1,5.783,1,34.418,1
5905612,2025-11-29T23:39:20Z,1,-25.27542,156.29532,1,875.0,1,34.418,1,5.768,1,875.0,1,5.768,1,34.418,1
5905612,2025-11-29T23:39:20Z,1,-25.27542,156.29532,1,877.4,1,34.418,1,5.746,1,877.4,1,5.746,1,34.418,1
5905612,2025-11-29T23:39:20Z,1,-25.27542,156.29532,1,879.8,1,34.418,1,5.738,1,879.8,1,5.738,1,34.418,1
5905612,2025-11-29T23:39:20Z,1,-25.27542,156.29532,1,881.8,1,34.419,1,5.73,1,881.8,1,5.73,1,34.419,1
5905612,2025-11-29T23:39:20Z,1,-25.27542,156.29532,1,883.8,1,34.421,1,5.718,1,883.8,1,5.718,1,34.421,1
5905612,2025-11-29T23:39:20Z,1,-25.27542,156.29532,1,885.8,1,34.422,1,5.708,1,885.8,1,5.708,1,34.422,1
5905612,2025-11-29T23:39:20Z,1,-25.27542,156.29532,1,887.8,1,34.422,1,5.674,1,887.8,1,5.674,1,34.422,1
5905612,2025-11-29T23:39:20Z,1,-25.27542,156.29532,1,889.7,1,34.421,1,5.655,1,889.7,1,5.655,1,34.421,1
5905612,2025-11-29T23:39:20Z,1,-25.27542,156.29532,1,891.7,1,34.423,1,5.627,1,891.7,1,5.627,1,34.423,1
5905612,2025-11-29T23:39:20Z,1,-25.27542,156.29532,1,893.7,1,34.424,1,5.623,1,893.7,1,5.623,1,34.424,1
5905612,2025-11-29T23:39:20Z,1,-25.27542,156.29532,1,895.6,1,34.424,1,5.614,1,895.6,1,5.614,1,34.424,1
5905612,2025-11-29T23:39:20Z,1,-25.27542,156.29532,1,897.6,1,34.426,1,5.592,1,897.6,1,5.592,1,34.426,1
5905612,2025-11-29T23:39:20Z,1,-25.27542,156.29532,1,899.5,1,34.427,1,5.561,1,899.5,1,5.561,1,34.427,1
5905612,2025-11-29T23:39:20Z,1,-25.27542,156.29532,1,901.5,1,34.427,1,5.553,1,901.5,1,5.553,1,34.427,1
5905612,2025-11-29T23:39:20Z,1,-25.27542,156.29532,1,903.4,1,34.428,1,5.543,1,903.4,1,5.543,1,34.428,1
5905612,2025-11-29T23:39:20Z,1,-25.27542,156.29532,1,905.4,1,34.427,1,5.519,1,905.4,1,5.519,1,34.427,1
5905612,2025-11-29T23:39:20Z,1,-25.27542,156.29532,1,907.4,1,34.426,1,5.503,1,907.4,1,5.503,1,34.426,1
5905612,2025-11-29T23:39:20Z,1,-25.27542,156.29532,1,909.4,1,34.425,1,5.496,1,909.4,1,5.496,1,34.425,1
5905612,2025-11-29T23:39:20Z,1,-25.27542,156.29532,1,911.5,1,34.424,1,5.475,1,911.5,1,5.475,1,34.424,1
5905612,2025-11-29T23:39:20Z,1,-25.27542,156.29532,1,913.5,1,34.425,1,5.423,1,913.5,1,5.423,1,34.425,1
5905612,2025-11-29T23:39:20Z,1,-25.27542,156.29532,1,915.5,1,34.427,1,5.408,1,915.5,1,5.408,1,34.427,1
5905612,2025-11-29T23:39:20Z,1,-25.27542,156.29532,1,917.5,1,34.427,1,5.404,1,917.5,1,5.404,1,34.427,1
5905612,2025-11-29T23:39:20Z,1,-25.27542,156.29532,1,919.5,1,34.429,1,5.384,1,919.5,1,5.384,1,34.429,1
5905612,2025-11-29T23:39:20Z,1,-25.27542,156.29532,1,921.5,1,34.429,1,5.36,1,921.5,1,5.36,1,34.429,1
5905612,2025-11-29T23:39:20Z,1,-25.27542,156.29532,1,923.5,1,34.429,1,5.343,1,923.5,1,5.343,1,34.429,1
5905612,2025-11-29T23:39:20Z,1,-25.27542,156.29532,1,925.3,1,34.43,1,5.328,1,925.3,1,5.328,1,34.43,1
5905612,2025-11-29T23:39:20Z,1,-25.27542,156.29532,1,927.3,1,34.43,1,5.311,1,927.3,1,5.311,1,34.43,1
5905612,2025-11-29T23:39:20Z,1,-25.27542,156.29532,1,929.3,1,34.431,1,5.296,1,929.3,1,5.296,1,34.431,1
5905612,2025-11-29T23:39:20Z,1,-25.27542,156.29532,1,931.3,1,34.43,1,5.292,1,931.3,1,5.292,1,34.43,1
5905612,2025-11-29T23:39:20Z,1,-25.27542,156.29532,1,933.6,1,34.43,1,5.285,1,933.6,1,5.285,1,34.43,1
5905612,2025-11-29T23:39:20Z,1,-25.27542,156.29532,1,935.6,1,34.43,1,5.28,1,935.6,1,5.28,1,34.43,1
5905612,2025-11-29T23:39:20Z,1,-25.27542,156.29532,1,937.2,1,34.43,1,5.273,1,937.2,1,5.273,1,34.43,1
5905612,2025-11-29T23:39:20Z,1,-25.27542,156.29532,1,939.3,1,34.43,1,5.252,1,939.3,1,5.252,1,34.43,1
5905612,2025-11-29T23:39:20Z,1,-25.27542,156.29532,1,941.3,1,34.431,1,5.236,1,941.3,1,5.236,1,34.431,1
5905612,2025-11-29T23:39:20Z,1,-25.27542,156.29532,1,943.4,1,34.43,1,5.227,1,943.4,1,5.227,1,34.43,1
5905612,2025-11-29T23:39:20Z,1,-25.27542,156.29532,1,945.4,1,34.431,1,5.211,1,945.4,1,5.211,1,34.431,1
5905612,2025-11-29T23:39:20Z,1,-25.27542,156.29532,1,947.4,1,34.431,1,5.201,1,947.4,1,5.201,1,34.431,1
5905612,2025-11-29T23:39:20Z,1,-25.27542,156.29532,1,949.5,1,34.431,1,5.186,1,949.5,1,5.186,1,34.431,1
5905612,2025-11-29T23:39:20Z,1,-25.27542,156.29532,1,951.6,1,34.432,1,5.179,1,951.6,1,5.179,1,34.432,1
5905612,2025-11-29T23:39:20Z,1,-25.27542,156.29532,1,953.7,1,34.432,1,5.177,1,953.7,1,5.177,1,34.432,1
5905612,2025-11-29T23:39:20Z,1,-25.27542,156.29532,1,955.4,1,34.432,1,5.168,1,955.4,1,5.168,1,34.432,1
5905612,2025-11-29T23:39:20Z,1,-25.27542,156.29532,1,957.4,1,34.433,1,5.154,1,957.4,1,5.154,1,34.433,1
5905612,2025-11-29T23:39:20Z,1,-25.27542,156.29532,1,959.6,1,34.436,1,5.137,1,959.6,1,5.137,1,34.436,1
5905612,2025-11-29T23:39:20Z,1,-25.27542,156.29532,1,961.3,1,34.436,1,5.123,1,961.3,1,5.123,1,34.436,1
5905612,2025-11-29T23:39:20Z,1,-25.27542,156.29532,1,963.5,1,34.437,1,5.097,1,963.5,1,5.097,1,34.437,1
5905612,2025-11-29T23:39:20Z,1,-25.27542,156.29532,1,965.7,1,34.438,1,5.079,1,965.7,1,5.079,1,34.438,1
5905612,2025-11-29T23:39:20Z,1,-25.27542,156.29532,1,967.5,1,34.438,1,5.077,1,967.5,1,5.077,1,34.438,1
5905612,2025-11-29T23:39:20Z,1,-25.27542,156.29532,1,969.2,1,34.438,1,5.071,1,969.2,1,5.071,1,34.438,1
5905612,2025-11-29T23:39:20Z,1,-25.27542,156.29532,1,971.5,1,34.44,1,5.05,1,971.5,1,5.05,1,34.44,1
5905612,2025-11-29T23:39:20Z,1,-25.27542,156.29532,1,973.7,1,34.44,1,5.032,1,973.7,1,5.032,1,34.44,1
5905612,2025-11-29T23:39:20Z,1,-25.27542,156.29532,1,975.4,1,34.442,1,5.007,1,975.4,1,5.007,1,34.442,1
5905612,2025-11-29T23:39:20Z,1,-25.27542,156.29532,1,977.2,1,34.442,1,4.989,1,977.2,1,4.989,1,34.442,1
5905612,2025-11-29T23:39:20Z,1,-25.27542,156.29532,1,979.3,1,34.444,1,4.962,1,979.3,1,4.962,1,34.444,1
5905612,2025-11-29T23:39:20Z,1,-25.27542,156.29532,1,981.5,1,34.444,1,4.955,1,981.5,1,4.955,1,34.444,1
5905612,2025-11-29T23:39:20Z,1,-25.27542,156.29532,1,983.3,1,34.444,1,4.953,1,983.3,1,4.953,1,34.444,1
5905612,2025-11-29T23:39:20Z,1,-25.27542,156.29532,1,985.5,1,34.444,1,4.951,1,985.5,1,4.951,1,34.444,1
5905612,2025-11-29T23:39:20Z,1,-25.27542,156.29532,1,987.8,1,34.444,1,4.947,1,987.8,1,4.947,1,34.444,1
5905612,2025-11-29T23:39:20Z,1,-25.27542,156.29532,1,989.6,1,34.446,1,4.936,1,989.6,1,4.936,1,34.446,1
5905612,2025-11-29T23:39:20Z,1,-25.27542,156.29532,1,991.4,1,34.445,1,4.926,1,991.4,1,4.926,1,34.445,1
5905612,2025-11-29T23:39:20Z,1,-25.27542,156.29532,1,993.3,1,34.447,1,4.909,1,993.3,1,4.909,1,34.447,1
5905612,2025-11-29T23:39:20Z,1,-25.27542,156.29532,1,995.5,1,34.448,1,4.891,1,995.5,1,4.891,1,34.448,1
5905612,2025-11-29T23:39:20Z,1,-25.27542,156.29532,1,997.5,1,34.447,1,4.887,1,997.5,1,4.887,1,34.447,1
5905612,2025-11-29T23:39:20Z,1,-25.27542,156.29532,1,999.4,1,34.449,1,4.86,1,999.4,1,4.86,1,34.449,1
5905612,2025-11-29T23:39:20Z,1,-25.27542,156.29532,1,1001.8,1,34.45,1,4.837,1,1001.8,1,4.837,1,34.45,1
5905612,2025-11-29T23:39:20Z,1,-25.27542,156.29532,1,1003.7,1,34.449,1,4.834,1,1003.7,1,4.834,1,34.449,1
5905612,2025-11-29T23:39:20Z,1,-25.27542,156.29532,1,1005.6,1,34.451,1,4.825,1,1005.6,1,4.825,1,34.451,1
5905612,2025-11-29T23:39:20Z,1,-25.27542,156.29532,1,1007.5,1,34.451,1,4.818,1,1007.5,1,4.818,1,34.451,1
5905612,2025-11-29T23:39:20Z,1,-25.27542,156.29532,1,1009.4,1,34.451,1,4.815,1,1009.4,1,4.815,1,34.451,1
5905612,2025-11-29T23:39:20Z,1,-25.27542,156.29532,1,1011.3,1,34.451,1,4.812,1,1011.3,1,4.812,1,34.451,1
5905612,2025-11-29T23:39:20Z,1,-25.27542,156.29532,1,1013.2,1,34.452,1,4.807,1,1013.2,1,4.807,1,34.452,1
5905612,2025-11-29T23:39:20Z,1,-25.27542,156.29532,1,1015.2,1,34.452,1,4.803,1,1015.2,1,4.803,1,34.452,1
5905612,2025-11-29T23:39:20Z,1,-25.27542,156.29532,1,1017.1,1,34.452,1,4.797,1,1017.1,1,4.797,1,34.452,1
5905612,2025-11-29T23:39:20Z,1,-25.27542,156.29532,1,1019.4,1,34.452,1,4.785,1,1019.4,1,4.785,1,34.452,1
5905612,2025-11-29T23:39:20Z,1,-25.27542,156.29532,1,1021.9,1,34.452,1,4.771,1,1021.9,1,4.771,1,34.452,1
5905612,2025-11-29T23:39:20Z,1,-25.27542,156.29532,1,1023.9,1,34.453,1,4.767,1,1023.9,1,4.767,1,34.453,1
5905612,2025-11-29T23:39:20Z,1,-25.27542,156.29532,1,1025.8,1,34.453,1,4.764,1,1025.8,1,4.764,1,34.453,1
5905612,2025-11-29T23:39:20Z,1,-25.27542,156.29532,1,1027.8,1,34.453,1,4.752,1,1027.8,1,4.752,1,34.453,1
5905612,2025-11-29T23:39:20Z,1,-25.27542,156.29532,1,1029.8,1,34.455,1,4.735,1,1029.8,1,4.735,1,34.455,1
5905612,2025-11-29T23:39:20Z,1,-25.27542,156.29532,1,1031.8,1,34.455,1,4.725,1,1031.8,1,4.725,1,34.455,1
5905612,2025-11-29T23:39:20Z,1,-25.27542,156.29532,1,1033.8,1,34.454,1,4.722,1,1033.8,1,4.722,1,34.454,1
5905612,2025-11-29T23:39:20Z,1,-25.27542,156.29532,1,1035.8,1,34.456,1,4.708,1,1035.8,1,4.708,1,34.456,1
5905612,2025-11-29T23:39:20Z,1,-25.27542,156.29532,1,1037.8,1,34.457,1,4.698,1,1037.8,1,4.698,1,34.457,1
5905612,2025-11-29T23:39:20Z,1,-25.27542,156.29532,1,1039.8,1,34.456,1,4.691,1,1039.8,1,4.691,1,34.456,1
5905612,2025-11-29T23:39:20Z,1,-25.27542,156.29532,1,1041.5,1,34.457,1,4.683,1,1041.5,1,4.683,1,34.457,1
5905612,2025-11-29T23:39:20Z,1,-25.27542,156.29532,1,1043.0,1,34.459,1,4.66,1,1043.0,1,4.66,1,34.459,1
5905612,2025-11-29T23:39:20Z,1,-25.27542,156.29532,1,1045.0,1,34.459,1,4.645,1,1045.0,1,4.645,1,34.459,1
5905612,2025-11-29T23:39:20Z,1,-25.27542,156.29532,1,1047.0,1,34.458,1,4.641,1,1047.0,1,4.641,1,34.458,1
5905612,2025-11-29T23:39:20Z,1,-25.27542,156.29532,1,1049.0,1,34.46,1,4.606,1,1049.0,1,4.606,1,34.46,1
5905612,2025-11-29T23:39:20Z,1,-25.27542,156.29532,1,1051.0,1,34.461,1,4.582,1,1051.0,1,4.582,1,34.461,1
5905612,2025-11-29T23:39:20Z,1,-25.27542,156.29532,1,1053.1,1,34.461,1,4.579,1,1053.1,1,4.579,1,34.461,1
5905612,2025-11-29T23:39:20Z,1,-25.27542,156.29532,1,1055.1,1,34.461,1,4.575,1,1055.1,1,4.575,1,34.461,1
5905612,2025-11-29T23:39:20Z,1,-25.27542,156.29532,1,1057.2,1,34.462,1,4.571,1,1057.2,1,4.571,1,34.462,1
5905612,2025-11-29T23:39:20Z,1,-25.27542,156.29532,1,1059.2,1,34.462,1,4.566,1,1059.2,1,4.566,1,34.462,1
5905612,2025-11-29T23:39:20Z,1,-25.27542,156.29532,1,1061.3,1,34.463,1,4.557,1,1061.3,1,4.557,1,34.463,1
5905612,2025-11-29T23:39:20Z,1,-25.27542,156.29532,1,1063.4,1,34.463,1,4.554,1,1063.4,1,4.554,1,34.463,1
5905612,2025-11-29T23:39:20Z,1,-25.27542,156.29532,1,1065.5,1,34.463,1,4.546,1,1065.5,1,4.546,1,34.463,1
5905612,2025-11-29T23:39:20Z,1,-25.27542,156.29532,1,1067.6,1,34.465,1,4.529,1,1067.6,1,4.529,1,34.465,1
5905612,2025-11-29T23:39:20Z,1,-25.27542,156.29532,1,1069.7,1,34.465,1,4.517,1,1069.7,1,4.517,1,34.465,1
5905612,2025-11-29T23:39:20Z,1,-25.27542,156.29532,1,1071.8,1,34.466,1,4.509,1,1071.8,1,4.509,1,34.466,1
5905612,2025-11-29T23:39:20Z,1,-25.27542,156.29532,1,1073.7,1,34.466,1,4.502,1,1073.7,1,4.502,1,34.466,1
5905612,2025-11-29T23:39:20Z,1,-25.27542,156.29532,1,1075.2,1,34.467,1,4.49,1,1075.2,1,4.49,1,34.467,1
5905612,2025-11-29T23:39:20Z,1,-25.27542,156.29532,1,1077.4,1,34.468,1,4.473,1,1077.4,1,4.473,1,34.468,1
5905612,2025-11-29T23:39:20Z,1,-25.27542,156.29532,1,1079.5,1,34.469,1,4.466,1,1079.5,1,4.466,1,34.469,1
5905612,2025-11-29T23:39:20Z,1,-25.27542,156.29532,1,1081.7,1,34.468,1,4.461,1,1081.7,1,4.461,1,34.468,1
5905612,2025-11-29T23:39:20Z,1,-25.27542,156.29532,1,1083.8,1,34.468,1,4.456,1,1083.8,1,4.456,1,34.468,1
5905612,2025-11-29T23:39:20Z,1,-25.27542,156.29532,1,1085.5,1,34.469,1,4.454,1,1085.5,1,4.454,1,34.469,1
5905612,2025-11-29T23:39:20Z,1,-25.27542,156.29532,1,1087.0,1,34.469,1,4.45,1,1087.0,1,4.45,1,34.469,1
5905612,2025-11-29T23:39:20Z,1,-25.27542,156.29532,1,1089.2,1,34.469,1,4.44,1,1089.2,1,4.44,1,34.469,1
5905612,2025-11-29T23:39:20Z,1,-25.27542,156.29532,1,1091.4,1,34.469,1,4.435,1,1091.4,1,4.435,1,34.469,1
5905612,2025-11-29T23:39:20Z,1,-25.27542,156.29532,1,1093.5,1,34.469,1,4.431,1,1093.5,1,4.431,1,34.469,1
5905612,2025-11-29T23:39:20Z,1,-25.27542,156.29532,1,1095.7,1,34.47,1,4.419,1,1095.7,1,4.419,1,34.47,1
5905612,2025-11-29T23:39:20Z,1,-25.27542,156.29532,1,1097.4,1,34.47,1,4.414,1,1097.4,1,4.414,1,34.47,1
5905612,2025-11-29T23:39:20Z,1,-25.27542,156.29532,1,1099.0,1,34.471,1,4.405,1,1099.0,1,4.405,1,34.471,1
5905612,2025-11-29T23:39:20Z,1,-25.27542,156.29532,1,1101.1,1,34.473,1,4.393,1,1101.1,1,4.393,1,34.473,1
5905612,2025-11-29T23:39:20Z,1,-25.27542,156.29532,1,1103.3,1,34.472,1,4.38,1,1103.3,1,4.38,1,34.472,1
5905612,2025-11-29T23:39:20Z,1,-25.27542,156.29532,1,1105.4,1,34.473,1,4.37,1,1105.4,1,4.37,1,34.473,1
5905612,2025-11-29T23:39:20Z,1,-25.27542,156.29532,1,1107.5,1,34.475,1,4.355,1,1107.5,1,4.355,1,34.475,1
5905612,2025-11-29T23:39:20Z,1,-25.27542,156.29532,1,1109.5,1,34.475,1,4.345,1,1109.5,1,4.345,1,34.475,1
5905612,2025-11-29T23:39:20Z,1,-25.27542,156.29532,1,1111.6,1,34.477,1,4.329,1,1111.6,1,4.329,1,34.477,1
5905612,2025-11-29T23:39:20Z,1,-25.27542,156.29532,1,1113.7,1,34.476,1,4.323,1,1113.7,1,4.323,1,34.476,1
5905612,2025-11-29T23:39:20Z,1,-25.27542,156.29532,1,1115.4,1,34.477,1,4.319,1,1115.4,1,4.319,1,34.477,1
5905612,2025-11-29T23:39:20Z,1,-25.27542,156.29532,1,1117.0,1,34.477,1,4.314,1,1117.0,1,4.314,1,34.477,1
5905612,2025-11-29T23:39:20Z,1,-25.27542,156.29532,1,1119.2,1,34.477,1,4.304,1,1119.2,1,4.304,1,34.477,1
5905612,2025-11-29T23:39:20Z,1,-25.27542,156.29532,1,1121.3,1,34.478,1,4.295,1,1121.3,1,4.295,1,34.478,1
5905612,2025-11-29T23:39:20Z,1,-25.27542,156.29532,1,1123.4,1,34.479,1,4.287,1,1123.4,1,4.287,1,34.479,1
5905612,2025-11-29T23:39:20Z,1,-25.27542,156.29532,1,1125.5,1,34.48,1,4.272,1,1125.5,1,4.272,1,34.48,1
5905612,2025-11-29T23:39:20Z,1,-25.27542,156.29532,1,1127.7,1,34.48,1,4.269,1,1127.7,1,4.269,1,34.48,1
5905612,2025-11-29T23:39:20Z,1,-25.27542,156.29532,1,1129.8,1,34.48,1,4.264,1,1129.8,1,4.264,1,34.48,1
5905612,2025-11-29T23:39:20Z,1,-25.27542,156.29532,1,1131.5,1,34.48,1,4.263,1,1131.5,1,4.263,1,34.48,1
5905612,2025-11-29T23:39:20Z,1,-25.27542,156.29532,1,1133.0,1,34.481,1,4.261,1,1133.0,1,4.261,1,34.481,1
5905612,2025-11-29T23:39:20Z,1,-25.27542,156.29532,1,1135.2,1,34.481,1,4.253,1,1135.2,1,4.253,1,34.481,1
5905612,2025-11-29T23:39:20Z,1,-25.27542,156.29532,1,1137.3,1,34.482,1,4.245,1,1137.3,1,4.245,1,34.482,1
5905612,2025-11-29T23:39:20Z,1,-25.27542,156.29532,1,1139.3,1,34.482,1,4.234,1,1139.3,1,4.234,1,34.482,1
5905612,2025-11-29T23:39:20Z,1,-25.27542,156.29532,1,1141.4,1,34.483,1,4.229,1,1141.4,1,4.229,1,34.483,1
5905612,2025-11-29T23:39:20Z,1,-25.27542,156.29532,1,1143.5,1,34.483,1,4.226,1,1143.5,1,4.226,1,34.483,1
5905612,2025-11-29T23:39:20Z,1,-25.27542,156.29532,1,1145.6,1,34.483,1,4.222,1,1145.6,1,4.222,1,34.483,1
5905612,2025-11-29T23:39:20Z,1,-25.27542,156.29532,1,1147.7,1,34.483,1,4.22,1,1147.7,1,4.22,1,34.483,1
5905612,2025-11-29T23:39:20Z,1,-25.27542,156.29532,1,1149.4,1,34.485,1,4.2,1,1149.4,1,4.2,1,34.485,1
5905612,2025-11-29T23:39:20Z,1,-25.27542,156.29532,1,1151.0,1,34.485,1,4.193,1,1151.0,1,4.193,1,34.485,1
5905612,2025-11-29T23:39:20Z,1,-25.27542,156.29532,1,1153.1,1,34.485,1,4.19,1,1153.1,1,4.19,1,34.485,1
5905612,2025-11-29T23:39:20Z,1,-25.27542,156.29532,1,1155.3,1,34.486,1,4.182,1,1155.3,1,4.182,1,34.486,1
5905612,2025-11-29T23:39:20Z,1,-25.27542,156.29532,1,1157.4,1,34.486,1,4.175,1,1157.4,1,4.175,1,34.486,1
5905612,2025-11-29T23:39:20Z,1,-25.27542,156.29532,1,1159.6,1,34.488,1,4.16,1,1159.6,1,4.16,1,34.488,1
5905612,2025-11-29T23:39:20Z,1,-25.27542,156.29532,1,1161.7,1,34.488,1,4.147,1,1161.7,1,4.147,1,34.488,1
5905612,2025-11-29T23:39:20Z,1,-25.27542,156.29532,1,1163.8,1,34.489,1,4.142,1,1163.8,1,4.142,1,34.489,1
5905612,2025-11-29T23:39:20Z,1,-25.27542,156.29532,1,1165.9,1,34.489,1,4.134,1,1165.9,1,4.134,1,34.489,1
5905612,2025-11-29T23:39:20Z,1,-25.27542,156.29532,1,1167.5,1,34.49,1,4.131,1,1167.5,1,4.131,1,34.49,1
5905612,2025-11-29T23:39:20Z,1,-25.27542,156.29532,1,1169.0,1,34.489,1,4.123,1,1169.0,1,4.123,1,34.489,1
5905612,2025-11-29T23:39:20Z,1,-25.27542,156.29532,1,1171.1,1,34.491,1,4.111,1,1171.1,1,4.111,1,34.491,1
5905612,2025-11-29T23:39:20Z,1,-25.27542,156.29532,1,1173.2,1,34.492,1,4.097,1,1173.2,1,4.097,1,34.492,1
5905612,2025-11-29T23:39:20Z,1,-25.27542,156.29532,1,1175.3,1,34.493,1,4.082,1,1175.3,1,4.082,1,34.493,1
5905612,2025-11-29T23:39:20Z,1,-25.27542,156.29532,1,1177.4,1,34.493,1,4.077,1,1177.4,1,4.077,1,34.493,1
5905612,2025-11-29T23:39:20Z,1,-25.27542,156.29532,1,1179.6,1,34.494,1,4.071,1,1179.6,1,4.071,1,34.494,1
5905612,2025-11-29T23:39:20Z,1,-25.27542,156.29532,1,1181.7,1,34.494,1,4.067,1,1181.7,1,4.067,1,34.494,1
5905612,2025-11-29T23:39:20Z,1,-25.27542,156.29532,1,1183.9,1,34.495,1,4.062,1,1183.9,1,4.062,1,34.495,1
5905612,2025-11-29T23:39:20Z,1,-25.27542,156.29532,1,1185.5,1,34.495,1,4.055,1,1185.5,1,4.055,1,34.495,1
5905612,2025-11-29T23:39:20Z,1,-25.27542,156.29532,1,1187.0,1,34.495,1,4.053,1,1187.0,1,4.053,1,34.495,1
5905612,2025-11-29T23:39:20Z,1,-25.27542,156.29532,1,1189.1,1,34.495,1,4.052,1,1189.1,1,4.052,1,34.495,1
5905612,2025-11-29T23:39:20Z,1,-25.27542,156.29532,1,1191.2,1,34.495,1,4.049,1,1191.2,1,4.049,1,34.495,1
5905612,2025-11-29T23:39:20Z,1,-25.27542,156.29532,1,1193.2,1,34.495,1,4.047,1,1193.2,1,4.047,1,34.495,1
5905612,2025-11-29T23:39:20Z,1,-25.27542,156.29532,1,1195.3,1,34.496,1,4.044,1,1195.3,1,4.044,1,34.496,1
5905612,2025-11-29T23:39:20Z,1,-25.27542,156.29532,1,1197.3,1,34.495,1,4.04,1,1197.3,1,4.04,1,34.495,1
5905612,2025-11-29T23:39:20Z,1,-25.27542,156.29532,1,1199.4,1,34.497,1,4.023,1,1199.4,1,4.023,1,34.497,1
5905612,2025-11-29T23:39:20Z,1,-25.27542,156.29532,1,1201.4,1,34.497,1,4.019,1,1201.4,1,4.019,1,34.497,1
5905612,2025-11-29T23:39:20Z,1,-25.27542,156.29532,1,1203.4,1,34.498,1,4.005,1,1203.4,1,4.005,1,34.498,1
5905612,2025-11-29T23:39:20Z,1,-25.27542,156.29532,1,1205.5,1,34.499,1,3.992,1,1205.5,1,3.992,1,34.499,1
5905612,2025-11-29T23:39:20Z,1,-25.27542,156.29532,1,1207.5,1,34.499,1,3.987,1,1207.5,1,3.987,1,34.499,1
5905612,2025-11-29T23:39:20Z,1,-25.27542,156.29532,1,1209.6,1,34.501,1,3.976,1,1209.6,1,3.976,1,34.501,1
5905612,2025-11-29T23:39:20Z,1,-25.27542,156.29532,1,1211.6,1,34.502,1,3.956,1,1211.6,1,3.956,1,34.502,1
5905612,2025-11-29T23:39:20Z,1,-25.27542,156.29532,1,1213.6,1,34.503,1,3.942,1,1213.6,1,3.942,1,34.503,1
5905612,2025-11-29T23:39:20Z,1,-25.27542,156.29532,1,1215.6,1,34.503,1,3.935,1,1215.6,1,3.935,1,34.503,1
5905612,2025-11-29T23:39:20Z,1,-25.27542,156.29532,1,1217.6,1,34.504,1,3.927,1,1217.6,1,3.927,1,34.504,1
5905612,2025-11-29T23:39:20Z,1,-25.27542,156.29532,1,1219.6,1,34.504,1,3.925,1,1219.6,1,3.925,1,34.504,1
5905612,2025-11-29T23:39:20Z,1,-25.27542,156.29532,1,1221.6,1,34.504,1,3.924,1,1221.6,1,3.924,1,34.504,1
5905612,2025-11-29T23:39:20Z,1,-25.27542,156.29532,1,1223.7,1,34.504,1,3.922,1,1223.7,1,3.922,1,34.504,1
5905612,2025-11-29T23:39:20Z,1,-25.27542,156.29532,1,1225.8,1,34.505,1,3.916,1,1225.8,1,3.916,1,34.505,1
5905612,2025-11-29T23:39:20Z,1,-25.27542,156.29532,1,1227.9,1,34.506,1,3.903,1,1227.9,1,3.903,1,34.506,1
5905612,2025-11-29T23:39:20Z,1,-25.27542,156.29532,1,1229.4,1,34.508,1,3.893,1,1229.4,1,3.893,1,34.508,1
5905612,2025-11-29T23:39:20Z,1,-25.27542,156.29532,1,1230.9,1,34.507,1,3.884,1,1230.9,1,3.884,1,34.507,1
5905612,2025-11-29T23:39:20Z,1,-25.27542,156.29532,1,1233.3,1,34.508,1,3.876,1,1233.3,1,3.876,1,34.508,1
5905612,2025-11-29T23:39:20Z,1,-25.27542,156.29532,1,1235.3,1,34.508,1,3.871,1,1235.3,1,3.871,1,34.508,1
5905612,2025-11-29T23:39:20Z,1,-25.27542,156.29532,1,1237.4,1,34.509,1,3.856,1,1237.4,1,3.856,1,34.509,1
5905612,2025-11-29T23:39:20Z,1,-25.27542,156.29532,1,1239.5,1,34.51,1,3.842,1,1239.5,1,3.842,1,34.51,1
5905612,2025-11-29T23:39:20Z,1,-25.27542,156.29532,1,1241.5,1,34.511,1,3.831,1,1241.5,1,3.831,1,34.511,1
5905612,2025-11-29T23:39:20Z,1,-25.27542,156.29532,1,1243.7,1,34.512,1,3.824,1,1243.7,1,3.824,1,34.512,1
5905612,2025-11-29T23:39:20Z,1,-25.27542,156.29532,1,1245.4,1,34.512,1,3.822,1,1245.4,1,3.822,1,34.512,1
5905612,2025-11-29T23:39:20Z,1,-25.27542,156.29532,1,1247.1,1,34.512,1,3.82,1,1247.1,1,3.82,1,34.512,1
5905612,2025-11-29T23:39:20Z,1,-25.27542,156.29532,1,1249.3,1,34.513,1,3.818,1,1249.3,1,3.818,1,34.513,1
5905612,2025-11-29T23:39:20Z,1,-25.27542,156.29532,1,1251.5,1,34.512,1,3.817,1,1251.5,1,3.817,1,34.512,1
5905612,2025-11-29T23:39:20Z,1,-25.27542,156.29532,1,1253.3,1,34.512,1,3.818,1,1253.3,1,3.818,1,34.512,1
5905612,2025-11-29T23:39:20Z,1,-25.27542,156.29532,1,1255.5,1,34.514,1,3.806,1,1255.5,1,3.806,1,34.514,1
5905612,2025-11-29T23:39:20Z,1,-25.27542,156.29532,1,1257.7,1,34.513,1,3.8,1,1257.7,1,3.8,1,34.513,1
5905612,2025-11-29T23:39:20Z,1,-25.27542,156.29532,1,1259.5,1,34.514,1,3.797,1,1259.5,1,3.797,1,34.514,1
5905612,2025-11-29T23:39:20Z,1,-25.27542,156.29532,1,1261.4,1,34.515,1,3.791,1,1261.4,1,3.791,1,34.515,1
5905612,2025-11-29T23:39:20Z,1,-25.27542,156.29532,1,1263.2,1,34.516,1,3.777,1,1263.2,1,3.777,1,34.516,1
5905612,2025-11-29T23:39:20Z,1,-25.27542,156.29532,1,1265.1,1,34.515,1,3.774,1,1265.1,1,3.774,1,34.515,1
5905612,2025-11-29T23:39:20Z,1,-25.27542,156.29532,1,1267.4,1,34.516,1,3.767,1,1267.4,1,3.767,1,34.516,1
5905612,2025-11-29T23:39:20Z,1,-25.27542,156.29532,1,1269.7,1,34.517,1,3.759,1,1269.7,1,3.759,1,34.517,1
5905612,2025-11-29T23:39:20Z,1,-25.27542,156.29532,1,1271.6,1,34.518,1,3.754,1,1271.6,1,3.754,1,34.518,1
5905612,2025-11-29T23:39:20Z,1,-25.27542,156.29532,1,1273.4,1,34.517,1,3.752,1,1273.4,1,3.752,1,34.517,1
5905612,2025-11-29T23:39:20Z,1,-25.27542,156.29532,1,1275.3,1,34.518,1,3.75,1,1275.3,1,3.75,1,34.518,1
5905612,2025-11-29T23:39:20Z,1,-25.27542,156.29532,1,1277.2,1,34.519,1,3.744,1,1277.2,1,3.744,1,34.519,1
5905612,2025-11-29T23:39:20Z,1,-25.27542,156.29532,1,1279.1,1,34.518,1,3.741,1,1279.1,1,3.741,1,34.518,1
5905612,2025-11-29T23:39:20Z,1,-25.27542,156.29532,1,1281.0,1,34.519,1,3.737,1,1281.0,1,3.737,1,34.519,1
5905612,2025-11-29T23:39:20Z,1,-25.27542,156.29532,1,1283.4,1,34.52,1,3.726,1,1283.4,1,3.726,1,34.52,1
5905612,2025-11-29T23:39:20Z,1,-25.27542,156.29532,1,1285.8,1,34.52,1,3.716,1,1285.8,1,3.716,1,34.52,1
5905612,2025-11-29T23:39:20Z,1,-25.27542,156.29532,1,1287.8,1,34.52,1,3.715,1,1287.8,1,3.715,1,34.52,1
5905612,2025-11-29T23:39:20Z,1,-25.27542,156.29532,1,1289.7,1,34.521,1,3.709,1,1289.7,1,3.709,1,34.521,1
5905612,2025-11-29T23:39:20Z,1,-25.27542,156.29532,1,1291.6,1,34.522,1,3.705,1,1291.6,1,3.705,1,34.522,1
5905612,2025-11-29T23:39:20Z,1,-25.27542,156.29532,1,1293.6,1,34.522,1,3.701,1,1293.6,1,3.701,1,34.522,1
5905612,2025-11-29T23:39:20Z,1,-25.27542,156.29532,1,1295.6,1,34.522,1,3.694,1,1295.6,1,3.694,1,34.522,1
5905612,2025-11-29T23:39:20Z,1,-25.27542,156.29532,1,1297.5,1,34.522,1,3.685,1,1297.5,1,3.685,1,34.522,1
5905612,2025-11-29T23:39:20Z,1,-25.27542,156.29532,1,1299.5,1,34.523,1,3.68,1,1299.5,1,3.68,1,34.523,1
5905612,2025-11-29T23:39:20Z,1,-25.27542,156.29532,1,1301.5,1,34.524,1,3.676,1,1301.5,1,3.676,1,34.524,1
5905612,2025-11-29T23:39:20Z,1,-25.27542,156.29532,1,1303.5,1,34.524,1,3.675,1,1303.5,1,3.675,1,34.524,1
5905612,2025-11-29T23:39:20Z,1,-25.27542,156.29532,1,1305.5,1,34.524,1,3.673,1,1305.5,1,3.673,1,34.524,1
5905612,2025-11-29T23:39:20Z,1,-25.27542,156.29532,1,1307.5,1,34.523,1,3.673,1,1307.5,1,3.673,1,34.523,1
5905612,2025-11-29T23:39:20Z,1,-25.27542,156.29532,1,1309.5,1,34.524,1,3.666,1,1309.5,1,3.666,1,34.524,1
5905612,2025-11-29T23:39:20Z,1,-25.27542,156.29532,1,1311.5,1,34.525,1,3.654,1,1311.5,1,3.654,1,34.525,1
5905612,2025-11-29T23:39:20Z,1,-25.27542,156.29532,1,1313.6,1,34.526,1,3.648,1,1313.6,1,3.648,1,34.526,1
5905612,2025-11-29T23:39:20Z,1,-25.27542,156.29532,1,1315.6,1,34.527,1,3.641,1,1315.6,1,3.641,1,34.527,1
5905612,2025-11-29T23:39:20Z,1,-25.27542,156.29532,1,1317.6,1,34.526,1,3.637,1,1317.6,1,3.637,1,34.526,1
5905612,2025-11-29T23:39:20Z,1,-25.27542,156.29532,1,1319.6,1,34.526,1,3.636,1,1319.6,1,3.636,1,34.526,1
5905612,2025-11-29T23:39:20Z,1,-25.27542,156.29532,1,1321.7,1,34.527,1,3.628,1,1321.7,1,3.628,1,34.527,1
5905612,2025-11-29T23:39:20Z,1,-25.27542,156.29532,1,1323.8,1,34.528,1,3.617,1,1323.8,1,3.617,1,34.528,1
5905612,2025-11-29T23:39:20Z,1,-25.27542,156.29532,1,1325.9,1,34.529,1,3.607,1,1325.9,1,3.607,1,34.529,1
5905612,2025-11-29T23:39:20Z,1,-25.27542,156.29532,1,1327.4,1,34.53,1,3.604,1,1327.4,1,3.604,1,34.53,1
5905612,2025-11-29T23:39:20Z,1,-25.27542,156.29532,1,1329.0,1,34.529,1,3.603,1,1329.0,1,3.603,1,34.529,1
5905612,2025-11-29T23:39:20Z,1,-25.27542,156.29532,1,1331.0,1,34.53,1,3.596,1,1331.0,1,3.596,1,34.53,1
5905612,2025-11-29T23:39:20Z,1,-25.27542,156.29532,1,1333.1,1,34.53,1,3.593,1,1333.1,1,3.593,1,34.53,1
5905612,2025-11-29T23:39:20Z,1,-25.27542,156.29532,1,1335.2,1,34.53,1,3.588,1,1335.2,1,3.588,1,34.53,1
5905612,2025-11-29T23:39:20Z,1,-25.27542,156.29532,1,1337.3,1,34.53,1,3.585,1,1337.3,1,3.585,1,34.53,1
5905612,2025-11-29T23:39:20Z,1,-25.27542,156.29532,1,1339.5,1,34.531,1,3.582,1,1339.5,1,3.582,1,34.531,1
5905612,2025-11-29T23:39:20Z,1,-25.27542,156.29532,1,1341.6,1,34.531,1,3.577,1,1341.6,1,3.577,1,34.531,1
5905612,2025-11-29T23:39:20Z,1,-25.27542,156.29532,1,1343.8,1,34.533,1,3.567,1,1343.8,1,3.567,1,34.533,1
5905612,2025-11-29T23:39:20Z,1,-25.27542,156.29532,1,1345.4,1,34.533,1,3.562,1,1345.4,1,3.562,1,34.533,1
5905612,2025-11-29T23:39:20Z,1,-25.27542,156.29532,1,1347.0,1,34.533,1,3.56,1,1347.0,1,3.56,1,34.533,1
5905612,2025-11-29T23:39:20Z,1,-25.27542,156.29532,1,1349.1,1,34.533,1,3.558,1,1349.1,1,3.558,1,34.533,1
5905612,2025-11-29T23:39:20Z,1,-25.27542,156.29532,1,1351.2,1,34.534,1,3.551,1,1351.2,1,3.551,1,34.534,1
5905612,2025-11-29T23:39:20Z,1,-25.27542,156.29532,1,1353.3,1,34.534,1,3.547,1,1353.3,1,3.547,1,34.534,1
5905612,2025-11-29T23:39:20Z,1,-25.27542,156.29532,1,1355.4,1,34.534,1,3.546,1,1355.4,1,3.546,1,34.534,1
5905612,2025-11-29T23:39:20Z,1,-25.27542,156.29532,1,1357.5,1,34.534,1,3.545,1,1357.5,1,3.545,1,34.534,1
5905612,2025-11-29T23:39:20Z,1,-25.27542,156.29532,1,1359.7,1,34.535,1,3.543,1,1359.7,1,3.543,1,34.535,1
5905612,2025-11-29T23:39:20Z,1,-25.27542,156.29532,1,1361.8,1,34.535,1,3.542,1,1361.8,1,3.542,1,34.535,1
5905612,2025-11-29T23:39:20Z,1,-25.27542,156.29532,1,1363.4,1,34.535,1,3.543,1,1363.4,1,3.543,1,34.535,1
5905612,2025-11-29T23:39:20Z,1,-25.27542,156.29532,1,1365.0,1,34.534,1,3.541,1,1365.0,1,3.541,1,34.534,1
5905612,2025-11-29T23:39:20Z,1,-25.27542,156.29532,1,1367.1,1,34.535,1,3.54,1,1367.1,1,3.54,1,34.535,1
5905612,2025-11-29T23:39:20Z,1,-25.27542,156.29532,1,1369.2,1,34.535,1,3.537,1,1369.2,1,3.537,1,34.535,1
5905612,2025-11-29T23:39:20Z,1,-25.27542,156.29532,1,1371.3,1,34.535,1,3.534,1,1371.3,1,3.534,1,34.535,1
5905612,2025-11-29T23:39:20Z,1,-25.27542,156.29532,1,1373.4,1,34.536,1,3.526,1,1373.4,1,3.526,1,34.536,1
5905612,2025-11-29T23:39:20Z,1,-25.27542,156.29532,1,1375.5,1,34.536,1,3.523,1,1375.5,1,3.523,1,34.536,1
5905612,2025-11-29T23:39:20Z,1,-25.27542,156.29532,1,1377.6,1,34.536,1,3.523,1,1377.6,1,3.523,1,34.536,1
5905612,2025-11-29T23:39:20Z,1,-25.27542,156.29532,1,1379.7,1,34.536,1,3.522,1,1379.7,1,3.522,1,34.536,1
5905612,2025-11-29T23:39:20Z,1,-25.27542,156.29532,1,1381.8,1,34.537,1,3.522,1,1381.8,1,3.522,1,34.537,1
5905612,2025-11-29T23:39:20Z,1,-25.27542,156.29532,1,1383.9,1,34.536,1,3.519,1,1383.9,1,3.519,1,34.536,1
5905612,2025-11-29T23:39:20Z,1,-25.27542,156.29532,1,1385.4,1,34.537,1,3.519,1,1385.4,1,3.519,1,34.537,1
5905612,2025-11-29T23:39:20Z,1,-25.27542,156.29532,1,1387.0,1,34.537,1,3.517,1,1387.0,1,3.517,1,34.537,1
5905612,2025-11-29T23:39:20Z,1,-25.27542,156.29532,1,1389.1,1,34.537,1,3.511,1,1389.1,1,3.511,1,34.537,1
5905612,2025-11-29T23:39:20Z,1,-25.27542,156.29532,1,1391.1,1,34.538,1,3.499,1,1391.1,1,3.499,1,34.538,1
5905612,2025-11-29T23:39:20Z,1,-25.27542,156.29532,1,1393.2,1,34.539,1,3.494,1,1393.2,1,3.494,1,34.539,1
5905612,2025-11-29T23:39:20Z,1,-25.27542,156.29532,1,1395.4,1,34.539,1,3.49,1,1395.4,1,3.49,1,34.539,1
5905612,2025-11-29T23:39:20Z,1,-25.27542,156.29532,1,1397.5,1,34.539,1,3.488,1,1397.5,1,3.488,1,34.539,1
5905612,2025-11-29T23:39:20Z,1,-25.27542,156.29532,1,1399.5,1,34.541,1,3.478,1,1399.5,1,3.478,1,34.541,1
5905612,2025-11-29T23:39:20Z,1,-25.27542,156.29532,1,1401.6,1,34.541,1,3.472,1,1401.6,1,3.472,1,34.541,1
5905612,2025-11-29T23:39:20Z,1,-25.27542,156.29532,1,1403.6,1,34.541,1,3.467,1,1403.6,1,3.467,1,34.541,1
5905612,2025-11-29T23:39:20Z,1,-25.27542,156.29532,1,1405.7,1,34.542,1,3.463,1,1405.7,1,3.463,1,34.542,1
5905612,2025-11-29T23:39:20Z,1,-25.27542,156.29532,1,1407.8,1,34.542,1,3.459,1,1407.8,1,3.459,1,34.542,1
5905612,2025-11-29T23:39:20Z,1,-25.27542,156.29532,1,1409.8,1,34.542,1,3.455,1,1409.8,1,3.455,1,34.542,1
5905612,2025-11-29T23:39:20Z,1,-25.27542,156.29532,1,1411.9,1,34.542,1,3.452,1,1411.9,1,3.452,1,34.542,1
5905612,2025-11-29T23:39:20Z,1,-25.27542,156.29532,1,1413.4,1,34.543,1,3.447,1,1413.4,1,3.447,1,34.543,1
5905612,2025-11-29T23:39:20Z,1,-25.27542,156.29532,1,1415.0,1,34.543,1,3.445,1,1415.0,1,3.445,1,34.543,1
5905612,2025-11-29T23:39:20Z,1,-25.27542,156.29532,1,1417.1,1,34.544,1,3.442,1,1417.1,1,3.442,1,34.544,1
5905612,2025-11-29T23:39:20Z,1,-25.27542,156.29532,1,1419.2,1,34.543,1,3.44,1,1419.2,1,3.44,1,34.543,1
5905612,2025-11-29T23:39:20Z,1,-25.27542,156.29532,1,1421.2,1,34.543,1,3.438,1,1421.2,1,3.438,1,34.543,1
5905612,2025-11-29T23:39:20Z,1,-25.27542,156.29532,1,1423.3,1,34.546,1,3.419,1,1423.3,1,3.419,1,34.546,1
5905612,2025-11-29T23:39:20Z,1,-25.27542,156.29532,1,1425.4,1,34.546,1,3.411,1,1425.4,1,3.411,1,34.546,1
5905612,2025-11-29T23:39:20Z,1,-25.27542,156.29532,1,1427.5,1,34.546,1,3.406,1,1427.5,1,3.406,1,34.546,1
5905612,2025-11-29T23:39:20Z,1,-25.27542,156.29532,1,1429.6,1,34.548,1,3.396,1,1429.6,1,3.396,1,34.548,1
5905612,2025-11-29T23:39:20Z,1,-25.27542,156.29532,1,1431.7,1,34.548,1,3.389,1,1431.7,1,3.389,1,34.548,1
5905612,2025-11-29T23:39:20Z,1,-25.27542,156.29532,1,1433.8,1,34.549,1,3.381,1,1433.8,1,3.381,1,34.549,1
5905612,2025-11-29T23:39:20Z,1,-25.27542,156.29532,1,1435.4,1,34.551,1,3.362,1,1435.4,1,3.362,1,34.551,1
5905612,2025-11-29T23:39:20Z,1,-25.27542,156.29532,1,1437.0,1,34.551,1,3.362,1,1437.0,1,3.362,1,34.551,1
5905612,2025-11-29T23:39:20Z,1,-25.27542,156.29532,1,1439.0,1,34.552,1,3.358,1,1439.0,1,3.358,1,34.552,1
5905612,2025-11-29T23:39:20Z,1,-25.27542,156.29532,1,1441.1,1,34.552,1,3.349,1,1441.1,1,3.349,1,34.552,1
5905612,2025-11-29T23:39:20Z,1,-25.27542,156.29532,1,1443.1,1,34.552,1,3.345,1,1443.1,1,3.345,1,34.552,1
5905612,2025-11-29T23:39:20Z,1,-25.27542,156.29532,1,1445.1,1,34.552,1,3.344,1,1445.1,1,3.344,1,34.552,1
5905612,2025-11-29T23:39:20Z,1,-25.27542,156.29532,1,1447.1,1,34.553,1,3.336,1,1447.1,1,3.336,1,34.553,1
5905612,2025-11-29T23:39:20Z,1,-25.27542,156.29532,1,1449.1,1,34.554,1,3.328,1,1449.1,1,3.328,1,34.554,1
5905612,2025-11-29T23:39:20Z,1,-25.27542,156.29532,1,1451.1,1,34.554,1,3.325,1,1451.1,1,3.325,1,34.554,1
5905612,2025-11-29T23:39:20Z,1,-25.27542,156.29532,1,1453.1,1,34.554,1,3.32,1,1453.1,1,3.32,1,34.554,1
5905612,2025-11-29T23:39:20Z,1,-25.27542,156.29532,1,1455.2,1,34.555,1,3.309,1,1455.2,1,3.309,1,34.555,1
5905612,2025-11-29T23:39:20Z,1,-25.27542,156.29532,1,1457.2,1,34.557,1,3.299,1,1457.2,1,3.299,1,34.557,1
5905612,2025-11-29T23:39:20Z,1,-25.27542,156.29532,1,1459.2,1,34.557,1,3.291,1,1459.2,1,3.291,1,34.557,1
5905612,2025-11-29T23:39:20Z,1,-25.27542,156.29532,1,1461.3,1,34.557,1,3.287,1,1461.3,1,3.287,1,34.557,1
5905612,2025-11-29T23:39:20Z,1,-25.27542,156.29532,1,1463.3,1,34.558,1,3.28,1,1463.3,1,3.28,1,34.558,1
5905612,2025-11-29T23:39:20Z,1,-25.27542,156.29532,1,1465.3,1,34.559,1,3.275,1,1465.3,1,3.275,1,34.559,1
5905612,2025-11-29T23:39:20Z,1,-25.27542,156.29532,1,1467.3,1,34.559,1,3.266,1,1467.3,1,3.266,1,34.559,1
5905612,2025-11-29T23:39:20Z,1,-25.27542,156.29532,1,1469.3,1,34.559,1,3.265,1,1469.3,1,3.265,1,34.559,1
5905612,2025-11-29T23:39:20Z,1,-25.27542,156.29532,1,1471.4,1,34.559,1,3.262,1,1471.4,1,3.262,1,34.559,1
5905612,2025-11-29T23:39:20Z,1,-25.27542,156.29532,1,1473.5,1,34.56,1,3.257,1,1473.5,1,3.257,1,34.56,1
5905612,2025-11-29T23:39:20Z,1,-25.27542,156.29532,1,1475.5,1,34.561,1,3.251,1,1475.5,1,3.251,1,34.561,1
5905612,2025-11-29T23:39:20Z,1,-25.27542,156.29532,1,1477.2,1,34.561,1,3.249,1,1477.2,1,3.249,1,34.561,1
5905612,2025-11-29T23:39:20Z,1,-25.27542,156.29532,1,1479.3,1,34.561,1,3.247,1,1479.3,1,3.247,1,34.561,1
5905612,2025-11-29T23:39:20Z,1,-25.27542,156.29532,1,1481.4,1,34.562,1,3.242,1,1481.4,1,3.242,1,34.562,1
5905612,2025-11-29T23:39:20Z,1,-25.27542,156.29532,1,1483.5,1,34.562,1,3.238,1,1483.5,1,3.238,1,34.562,1
5905612,2025-11-29T23:39:20Z,1,-25.27542,156.29532,1,1485.6,1,34.562,1,3.233,1,1485.6,1,3.233,1,34.562,1
5905612,2025-11-29T23:39:20Z,1,-25.27542,156.29532,1,1487.3,1,34.563,1,3.229,1,1487.3,1,3.229,1,34.563,1
5905612,2025-11-29T23:39:20Z,1,-25.27542,156.29532,1,1489.4,1,34.563,1,3.226,1,1489.4,1,3.226,1,34.563,1
5905612,2025-11-29T23:39:20Z,1,-25.27542,156.29532,1,1491.6,1,34.563,1,3.221,1,1491.6,1,3.221,1,34.563,1
5905612,2025-11-29T23:39:20Z,1,-25.27542,156.29532,1,1493.3,1,34.564,1,3.217,1,1493.3,1,3.217,1,34.564,1
5905612,2025-11-29T23:39:20Z,1,-25.27542,156.29532,1,1495.5,1,34.564,1,3.211,1,1495.5,1,3.211,1,34.564,1
5905612,2025-11-29T23:39:20Z,1,-25.27542,156.29532,1,1497.8,1,34.565,1,3.206,1,1497.8,1,3.206,1,34.565,1
5905612,2025-11-29T23:39:20Z,1,-25.27542,156.29532,1,1499.6,1,34.566,1,3.201,1,1499.6,1,3.201,1,34.566,1
5905612,2025-11-29T23:39:20Z,1,-25.27542,156.29532,1,1501.3,1,34.565,1,3.198,1,1501.3,1,3.198,1,34.565,1
5905612,2025-11-29T23:39:20Z,1,-25.27542,156.29532,1,1503.1,1,34.566,1,3.191,1,1503.1,1,3.191,1,34.566,1
5905612,2025-11-29T23:39:20Z,1,-25.27542,156.29532,1,1505.5,1,34.567,1,3.187,1,1505.5,1,3.187,1,34.567,1
5905612,2025-11-29T23:39:20Z,1,-25.27542,156.29532,1,1507.8,1,34.567,1,3.185,1,1507.8,1,3.185,1,34.567,1
5905612,2025-11-29T23:39:20Z,1,-25.27542,156.29532,1,1509.7,1,34.567,1,3.184,1,1509.7,1,3.184,1,34.567,1
5905612,2025-11-29T23:39:20Z,1,-25.27542,156.29532,1,1511.6,1,34.567,1,3.183,1,1511.6,1,3.183,1,34.567,1
5905612,2025-11-29T23:39:20Z,1,-25.27542,156.29532,1,1513.5,1,34.567,1,3.182,1,1513.5,1,3.182,1,34.567,1
5905612,2025-11-29T23:39:20Z,1,-25.27542,156.29532,1,1515.4,1,34.568,1,3.179,1,1515.4,1,3.179,1,34.568,1
5905612,2025-11-29T23:39:20Z,1,-25.27542,156.29532,1,1517.2,1,34.568,1,3.176,1,1517.2,1,3.176,1,34.568,1
5905612,2025-11-29T23:39:20Z,1,-25.27542,156.29532,1,1519.1,1,34.568,1,3.176,1,1519.1,1,3.176,1,34.568,1
5905612,2025-11-29T23:39:20Z,1,-25.27542,156.29532,1,1521.4,1,34.568,1,3.173,1,1521.4,1,3.173,1,34.568,1
5905612,2025-11-29T23:39:20Z,1,-25.27542,156.29532,1,1523.9,1,34.569,1,3.167,1,1523.9,1,3.167,1,34.569,1
5905612,2025-11-29T23:39:20Z,1,-25.27542,156.29532,1,1525.8,1,34.569,1,3.161,1,1525.8,1,3.161,1,34.569,1
5905612,2025-11-29T23:39:20Z,1,-25.27542,156.29532,1,1527.8,1,34.569,1,3.158,1,1527.8,1,3.158,1,34.569,1
5905612,2025-11-29T23:39:20Z,1,-25.27542,156.29532,1,1529.7,1,34.57,1,3.156,1,1529.7,1,3.156,1,34.57,1
5905612,2025-11-29T23:39:20Z,1,-25.27542,156.29532,1,1531.7,1,34.569,1,3.154,1,1531.7,1,3.154,1,34.569,1
5905612,2025-11-29T23:39:20Z,1,-25.27542,156.29532,1,1533.6,1,34.57,1,3.148,1,1533.6,1,3.148,1,34.57,1
5905612,2025-11-29T23:39:20Z,1,-25.27542,156.29532,1,1535.6,1,34.571,1,3.142,1,1535.6,1,3.142,1,34.571,1
5905612,2025-11-29T23:39:20Z,1,-25.27542,156.29532,1,1537.6,1,34.571,1,3.14,1,1537.6,1,3.14,1,34.571,1
5905612,2025-11-29T23:39:20Z,1,-25.27542,156.29532,1,1539.6,1,34.572,1,3.137,1,1539.6,1,3.137,1,34.572,1
5905612,2025-11-29T23:39:20Z,1,-25.27542,156.29532,1,1541.6,1,34.571,1,3.134,1,1541.6,1,3.134,1,34.571,1
5905612,2025-11-29T23:39:20Z,1,-25.27542,156.29532,1,1543.7,1,34.572,1,3.131,1,1543.7,1,3.131,1,34.572,1
5905612,2025-11-29T23:39:20Z,1,-25.27542,156.29532,1,1545.7,1,34.572,1,3.13,1,1545.7,1,3.13,1,34.572,1
5905612,2025-11-29T23:39:20Z,1,-25.27542,156.29532,1,1547.6,1,34.572,1,3.128,1,1547.6,1,3.128,1,34.572,1
5905612,2025-11-29T23:39:20Z,1,-25.27542,156.29532,1,1549.7,1,34.573,1,3.122,1,1549.7,1,3.122,1,34.573,1
5905612,2025-11-29T23:39:20Z,1,-25.27542,156.29532,1,1551.8,1,34.573,1,3.118,1,1551.8,1,3.118,1,34.573,1
5905612,2025-11-29T23:39:20Z,1,-25.27542,156.29532,1,1553.8,1,34.573,1,3.116,1,1553.8,1,3.116,1,34.573,1
5905612,2025-11-29T23:39:20Z,1,-25.27542,156.29532,1,1555.9,1,34.573,1,3.116,1,1555.9,1,3.116,1,34.573,1
5905612,2025-11-29T23:39:20Z,1,-25.27542,156.29532,1,1557.9,1,34.573,1,3.116,1,1557.9,1,3.116,1,34.573,1
5905612,2025-11-29T23:39:20Z,1,-25.27542,156.29532,1,1559.5,1,34.574,1,3.114,1,1559.5,1,3.114,1,34.574,1
5905612,2025-11-29T23:39:20Z,1,-25.27542,156.29532,1,1561.0,1,34.573,1,3.113,1,1561.0,1,3.113,1,34.573,1
5905612,2025-11-29T23:39:20Z,1,-25.27542,156.29532,1,1563.1,1,34.573,1,3.112,1,1563.1,1,3.112,1,34.573,1
5905612,2025-11-29T23:39:20Z,1,-25.27542,156.29532,1,1565.1,1,34.575,1,3.1,1,1565.1,1,3.1,1,34.575,1
5905612,2025-11-29T23:39:20Z,1,-25.27542,156.29532,1,1567.2,1,34.575,1,3.095,1,1567.2,1,3.095,1,34.575,1
5905612,2025-11-29T23:39:20Z,1,-25.27542,156.29532,1,1569.3,1,34.575,1,3.093,1,1569.3,1,3.093,1,34.575,1
5905612,2025-11-29T23:39:20Z,1,-25.27542,156.29532,1,1571.4,1,34.576,1,3.09,1,1571.4,1,3.09,1,34.576,1
5905612,2025-11-29T23:39:20Z,1,-25.27542,156.29532,1,1573.5,1,34.576,1,3.084,1,1573.5,1,3.084,1,34.576,1
5905612,2025-11-29T23:39:20Z,1,-25.27542,156.29532,1,1575.6,1,34.578,1,3.078,1,1575.6,1,3.078,1,34.578,1
5905612,2025-11-29T23:39:20Z,1,-25.27542,156.29532,1,1577.6,1,34.577,1,3.075,1,1577.6,1,3.075,1,34.577,1
5905612,2025-11-29T23:39:20Z,1,-25.27542,156.29532,1,1579.6,1,34.577,1,3.074,1,1579.6,1,3.074,1,34.577,1
5905612,2025-11-29T23:39:20Z,1,-25.27542,156.29532,1,1581.8,1,34.577,1,3.073,1,1581.8,1,3.073,1,34.577,1
5905612,2025-11-29T23:39:20Z,1,-25.27542,156.29532,1,1583.4,1,34.578,1,3.07,1,1583.4,1,3.07,1,34.578,1
5905612,2025-11-29T23:39:20Z,1,-25.27542,156.29532,1,1585.0,1,34.577,1,3.067,1,1585.0,1,3.067,1,34.577,1
5905612,2025-11-29T23:39:20Z,1,-25.27542,156.29532,1,1587.1,1,34.578,1,3.064,1,1587.1,1,3.064,1,34.578,1
5905612,2025-11-29T23:39:20Z,1,-25.27542,156.29532,1,1589.2,1,34.578,1,3.063,1,1589.2,1,3.063,1,34.578,1
5905612,2025-11-29T23:39:20Z,1,-25.27542,156.29532,1,1591.2,1,34.578,1,3.061,1,1591.2,1,3.061,1,34.578,1
5905612,2025-11-29T23:39:20Z,1,-25.27542,156.29532,1,1593.3,1,34.579,1,3.053,1,1593.3,1,3.053,1,34.579,1
5905612,2025-11-29T23:39:20Z,1,-25.27542,156.29532,1,1595.4,1,34.579,1,3.048,1,1595.4,1,3.048,1,34.579,1
5905612,2025-11-29T23:39:20Z,1,-25.27542,156.29532,1,1597.5,1,34.58,1,3.045,1,1597.5,1,3.045,1,34.58,1
5905612,2025-11-29T23:39:20Z,1,-25.27542,156.29532,1,1599.7,1,34.58,1,3.043,1,1599.7,1,3.043,1,34.58,1
5905612,2025-11-29T23:39:20Z,1,-25.27542,156.29532,1,1601.8,1,34.58,1,3.041,1,1601.8,1,3.041,1,34.58,1
5905612,2025-11-29T23:39:20Z,1,-25.27542,156.29532,1,1603.4,1,34.581,1,3.035,1,1603.4,1,3.035,1,34.581,1
5905612,2025-11-29T23:39:20Z,1,-25.27542,156.29532,1,1605.0,1,34.581,1,3.029,1,1605.0,1,3.029,1,34.581,1
5905612,2025-11-29T23:39:20Z,1,-25.27542,156.29532,1,1607.1,1,34.582,1,3.025,1,1607.1,1,3.025,1,34.582,1
5905612,2025-11-29T23:39:20Z,1,-25.27542,156.29532,1,1609.2,1,34.582,1,3.019,1,1609.2,1,3.019,1,34.582,1
5905612,2025-11-29T23:39:20Z,1,-25.27542,156.29532,1,1611.4,1,34.582,1,3.017,1,1611.4,1,3.017,1,34.582,1
5905612,2025-11-29T23:39:20Z,1,-25.27542,156.29532,1,1613.6,1,34.582,1,3.016,1,1613.6,1,3.016,1,34.582,1
5905612,2025-11-29T23:39:20Z,1,-25.27542,156.29532,1,1615.7,1,34.583,1,3.013,1,1615.7,1,3.013,1,34.583,1
5905612,2025-11-29T23:39:20Z,1,-25.27542,156.29532,1,1617.8,1,34.583,1,3.01,1,1617.8,1,3.01,1,34.583,1
5905612,2025-11-29T23:39:20Z,1,-25.27542,156.29532,1,1619.4,1,34.584,1,3.008,1,1619.4,1,3.008,1,34.584,1
5905612,2025-11-29T23:39:20Z,1,-25.27542,156.29532,1,1621.0,1,34.584,1,3.004,1,1621.0,1,3.004,1,34.584,1
5905612,2025-11-29T23:39:20Z,1,-25.27542,156.29532,1,1623.0,1,34.584,1,3.004,1,1623.0,1,3.004,1,34.584,1
5905612,2025-11-29T23:39:20Z,1,-25.27542,156.29532,1,1625.2,1,34.584,1,3.001,1,1625.2,1,3.001,1,34.584,1
5905612,2025-11-29T23:39:20Z,1,-25.27542,156.29532,1,1627.3,1,34.584,1,3.0,1,1627.3,1,3.0,1,34.584,1
5905612,2025-11-29T23:39:20Z,1,-25.27542,156.29532,1,1629.4,1,34.584,1,2.998,1,1629.4,1,2.998,1,34.584,1
5905612,2025-11-29T23:39:20Z,1,-25.27542,156.29532,1,1631.5,1,34.585,1,2.993,1,1631.5,1,2.993,1,34.585,1
5905612,2025-11-29T23:39:20Z,1,-25.27542,156.29532,1,1633.6,1,34.585,1,2.987,1,1633.6,1,2.987,1,34.585,1
5905612,2025-11-29T23:39:20Z,1,-25.27542,156.29532,1,1635.8,1,34.586,1,2.982,1,1635.8,1,2.982,1,34.586,1
5905612,2025-11-29T23:39:20Z,1,-25.27542,156.29532,1,1637.5,1,34.587,1,2.973,1,1637.5,1,2.973,1,34.587,1
5905612,2025-11-29T23:39:20Z,1,-25.27542,156.29532,1,1639.1,1,34.587,1,2.969,1,1639.1,1,2.969,1,34.587,1
5905612,2025-11-29T23:39:20Z,1,-25.27542,156.29532,1,1641.2,1,34.587,1,2.968,1,1641.2,1,2.968,1,34.587,1
5905612,2025-11-29T23:39:20Z,1,-25.27542,156.29532,1,1643.4,1,34.587,1,2.966,1,1643.4,1,2.966,1,34.587,1
5905612,2025-11-29T23:39:20Z,1,-25.27542,156.29532,1,1645.5,1,34.588,1,2.964,1,1645.5,1,2.964,1,34.588,1
5905612,2025-11-29T23:39:20Z,1,-25.27542,156.29532,1,1647.7,1,34.587,1,2.964,1,1647.7,1,2.964,1,34.587,1
5905612,2025-11-29T23:39:20Z,1,-25.27542,156.29532,1,1649.7,1,34.587,1,2.963,1,1649.7,1,2.963,1,34.587,1
5905612,2025-11-29T23:39:20Z,1,-25.27542,156.29532,1,1651.9,1,34.589,1,2.952,1,1651.9,1,2.952,1,34.589,1
5905612,2025-11-29T23:39:20Z,1,-25.27542,156.29532,1,1653.4,1,34.589,1,2.95,1,1653.4,1,2.95,1,34.589,1
5905612,2025-11-29T23:39:20Z,1,-25.27542,156.29532,1,1655.0,1,34.589,1,2.946,1,1655.0,1,2.946,1,34.589,1
5905612,2025-11-29T23:39:20Z,1,-25.27542,156.29532,1,1657.1,1,34.59,1,2.942,1,1657.1,1,2.942,1,34.59,1
5905612,2025-11-29T23:39:20Z,1,-25.27542,156.29532,1,1659.2,1,34.59,1,2.937,1,1659.2,1,2.937,1,34.59,1
5905612,2025-11-29T23:39:20Z,1,-25.27542,156.29532,1,1661.4,1,34.592,1,2.931,1,1661.4,1,2.931,1,34.592,1
5905612,2025-11-29T23:39:20Z,1,-25.27542,156.29532,1,1663.5,1,34.591,1,2.926,1,1663.5,1,2.926,1,34.591,1
5905612,2025-11-29T23:39:20Z,1,-25.27542,156.29532,1,1665.7,1,34.592,1,2.917,1,1665.7,1,2.917,1,34.592,1
5905612,2025-11-29T23:39:20Z,1,-25.27542,156.29532,1,1667.8,1,34.593,1,2.911,1,1667.8,1,2.911,1,34.593,1
5905612,2025-11-29T23:39:20Z,1,-25.27542,156.29532,1,1669.4,1,34.594,1,2.904,1,1669.4,1,2.904,1,34.594,1
5905612,2025-11-29T23:39:20Z,1,-25.27542,156.29532,1,1670.9,1,34.594,1,2.903,1,1670.9,1,2.903,1,34.594,1
5905612,2025-11-29T23:39:20Z,1,-25.27542,156.29532,1,1673.3,1,34.594,1,2.9,1,1673.3,1,2.9,1,34.594,1
5905612,2025-11-29T23:39:20Z,1,-25.27542,156.29532,1,1675.4,1,34.595,1,2.896,1,1675.4,1,2.896,1,34.595,1
5905612,2025-11-29T23:39:20Z,1,-25.27542,156.29532,1,1677.4,1,34.595,1,2.893,1,1677.4,1,2.893,1,34.595,1
5905612,2025-11-29T23:39:20Z,1,-25.27542,156.29532,1,1679.4,1,34.596,1,2.888,1,1679.4,1,2.888,1,34.596,1
5905612,2025-11-29T23:39:20Z,1,-25.27542,156.29532,1,1681.4,1,34.596,1,2.881,1,1681.4,1,2.881,1,34.596,1
5905612,2025-11-29T23:39:20Z,1,-25.27542,156.29532,1,1683.5,1,34.596,1,2.877,1,1683.5,1,2.877,1,34.596,1
5905612,2025-11-29T23:39:20Z,1,-25.27542,156.29532,1,1685.2,1,34.598,1,2.869,1,1685.2,1,2.869,1,34.598,1
5905612,2025-11-29T23:39:20Z,1,-25.27542,156.29532,1,1687.3,1,34.597,1,2.867,1,1687.3,1,2.867,1,34.597,1
5905612,2025-11-29T23:39:20Z,1,-25.27542,156.29532,1,1689.4,1,34.598,1,2.861,1,1689.4,1,2.861,1,34.598,1
5905612,2025-11-29T23:39:20Z,1,-25.27542,156.29532,1,1691.5,1,34.598,1,2.856,1,1691.5,1,2.856,1,34.598,1
5905612,2025-11-29T23:39:20Z,1,-25.27542,156.29532,1,1693.6,1,34.599,1,2.847,1,1693.6,1,2.847,1,34.599,1
5905612,2025-11-29T23:39:20Z,1,-25.27542,156.29532,1,1695.3,1,34.599,1,2.845,1,1695.3,1,2.845,1,34.599,1
5905612,2025-11-29T23:39:20Z,1,-25.27542,156.29532,1,1697.3,1,34.599,1,2.844,1,1697.3,1,2.844,1,34.599,1
5905612,2025-11-29T23:39:20Z,1,-25.27542,156.29532,1,1699.5,1,34.6,1,2.84,1,1699.5,1,2.84,1,34.6,1
5905612,2025-11-29T23:39:20Z,1,-25.27542,156.29532,1,1701.5,1,34.6,1,2.836,1,1701.5,1,2.836,1,34.6,1
5905612,2025-11-29T23:39:20Z,1,-25.27542,156.29532,1,1703.5,1,34.601,1,2.827,1,1703.5,1,2.827,1,34.601,1
5905612,2025-11-29T23:39:20Z,1,-25.27542,156.29532,1,1705.6,1,34.601,1,2.823,1,1705.6,1,2.823,1,34.601,1
5905612,2025-11-29T23:39:20Z,1,-25.27542,156.29532,1,1707.6,1,34.602,1,2.821,1,1707.6,1,2.821,1,34.602,1
5905612,2025-11-29T23:39:20Z,1,-25.27542,156.29532,1,1709.3,1,34.603,1,2.817,1,1709.3,1,2.817,1,34.603,1
5905612,2025-11-29T23:39:20Z,1,-25.27542,156.29532,1,1711.4,1,34.602,1,2.814,1,1711.4,1,2.814,1,34.602,1
5905612,2025-11-29T23:39:20Z,1,-25.27542,156.29532,1,1713.5,1,34.603,1,2.81,1,1713.5,1,2.81,1,34.603,1
5905612,2025-11-29T23:39:20Z,1,-25.27542,156.29532,1,1715.6,1,34.603,1,2.805,1,1715.6,1,2.805,1,34.603,1
5905612,2025-11-29T23:39:20Z,1,-25.27542,156.29532,1,1717.7,1,34.604,1,2.8,1,1717.7,1,2.8,1,34.604,1
5905612,2025-11-29T23:39:20Z,1,-25.27542,156.29532,1,1719.3,1,34.605,1,2.796,1,1719.3,1,2.796,1,34.605,1
5905612,2025-11-29T23:39:20Z,1,-25.27542,156.29532,1,1721.4,1,34.605,1,2.791,1,1721.4,1,2.791,1,34.605,1
5905612,2025-11-29T23:39:20Z,1,-25.27542,156.29532,1,1723.5,1,34.605,1,2.788,1,1723.5,1,2.788,1,34.605,1
5905612,2025-11-29T23:39:20Z,1,-25.27542,156.29532,1,1725.2,1,34.606,1,2.785,1,1725.2,1,2.785,1,34.606,1
5905612,2025-11-29T23:39:20Z,1,-25.27542,156.29532,1,1727.3,1,34.606,1,2.781,1,1727.3,1,2.781,1,34.606,1
5905612,2025-11-29T23:39:20Z,1,-25.27542,156.29532,1,1729.5,1,34.607,1,2.775,1,1729.5,1,2.775,1,34.607,1
5905612,2025-11-29T23:39:20Z,1,-25.27542,156.29532,1,1731.2,1,34.607,1,2.772,1,1731.2,1,2.772,1,34.607,1
5905612,2025-11-29T23:39:20Z,1,-25.27542,156.29532,1,1733.3,1,34.607,1,2.77,1,1733.3,1,2.77,1,34.607,1
5905612,2025-11-29T23:39:20Z,1,-25.27542,156.29532,1,1735.4,1,34.608,1,2.764,1,1735.4,1,2.764,1,34.608,1
5905612,2025-11-29T23:39:20Z,1,-25.27542,156.29532,1,1737.5,1,34.608,1,2.76,1,1737.5,1,2.76,1,34.608,1
5905612,2025-11-29T23:39:20Z,1,-25.27542,156.29532,1,1739.7,1,34.609,1,2.755,1,1739.7,1,2.755,1,34.609,1
5905612,2025-11-29T23:39:20Z,1,-25.27542,156.29532,1,1741.5,1,34.61,1,2.747,1,1741.5,1,2.747,1,34.61,1
5905612,2025-11-29T23:39:20Z,1,-25.27542,156.29532,1,1743.2,1,34.61,1,2.745,1,1743.2,1,2.745,1,34.61,1
5905612,2025-11-29T23:39:20Z,1,-25.27542,156.29532,1,1745.3,1,34.611,1,2.742,1,1745.3,1,2.742,1,34.611,1
5905612,2025-11-29T23:39:20Z,1,-25.27542,156.29532,1,1747.5,1,34.612,1,2.735,1,1747.5,1,2.735,1,34.612,1
5905612,2025-11-29T23:39:20Z,1,-25.27542,156.29532,1,1749.2,1,34.612,1,2.73,1,1749.2,1,2.73,1,34.612,1
5905612,2025-11-29T23:39:20Z,1,-25.27542,156.29532,1,1751.4,1,34.612,1,2.726,1,1751.4,1,2.726,1,34.612,1
5905612,2025-11-29T23:39:20Z,1,-25.27542,156.29532,1,1753.6,1,34.613,1,2.722,1,1753.6,1,2.722,1,34.613,1
5905612,2025-11-29T23:39:20Z,1,-25.27542,156.29532,1,1755.3,1,34.613,1,2.717,1,1755.3,1,2.717,1,34.613,1
5905612,2025-11-29T23:39:20Z,1,-25.27542,156.29532,1,1757.1,1,34.613,1,2.716,1,1757.1,1,2.716,1,34.613,1
5905612,2025-11-29T23:39:20Z,1,-25.27542,156.29532,1,1759.4,1,34.613,1,2.714,1,1759.4,1,2.714,1,34.613,1
5905612,2025-11-29T23:39:20Z,1,-25.27542,156.29532,1,1761.6,1,34.614,1,2.713,1,1761.6,1,2.713,1,34.614,1
5905612,2025-11-29T23:39:20Z,1,-25.27542,156.29532,1,1763.4,1,34.614,1,2.71,1,1763.4,1,2.71,1,34.614,1
5905612,2025-11-29T23:39:20Z,1,-25.27542,156.29532,1,1765.2,1,34.614,1,2.709,1,1765.2,1,2.709,1,34.614,1
5905612,2025-11-29T23:39:20Z,1,-25.27542,156.29532,1,1767.5,1,34.614,1,2.703,1,1767.5,1,2.703,1,34.614,1
5905612,2025-11-29T23:39:20Z,1,-25.27542,156.29532,1,1769.7,1,34.615,1,2.702,1,1769.7,1,2.702,1,34.615,1
5905612,2025-11-29T23:39:20Z,1,-25.27542,156.29532,1,1771.5,1,34.614,1,2.702,1,1771.5,1,2.702,1,34.614,1
5905612,2025-11-29T23:39:20Z,1,-25.27542,156.29532,1,1773.3,1,34.615,1,2.701,1,1773.3,1,2.701,1,34.615,1
5905612,2025-11-29T23:39:20Z,1,-25.27542,156.29532,1,1775.5,1,34.615,1,2.697,1,1775.5,1,2.697,1,34.615,1
5905612,2025-11-29T23:39:20Z,1,-25.27542,156.29532,1,1777.8,1,34.616,1,2.695,1,1777.8,1,2.695,1,34.616,1
5905612,2025-11-29T23:39:20Z,1,-25.27542,156.29532,1,1779.6,1,34.616,1,2.691,1,1779.6,1,2.691,1,34.616,1
5905612,2025-11-29T23:39:20Z,1,-25.27542,156.29532,1,1781.4,1,34.617,1,2.688,1,1781.4,1,2.688,1,34.617,1
5905612,2025-11-29T23:39:20Z,1,-25.27542,156.29532,1,1783.3,1,34.616,1,2.685,1,1783.3,1,2.685,1,34.616,1
5905612,2025-11-29T23:39:20Z,1,-25.27542,156.29532,1,1785.1,1,34.617,1,2.683,1,1785.1,1,2.683,1,34.617,1
5905612,2025-11-29T23:39:20Z,1,-25.27542,156.29532,1,1787.4,1,34.617,1,2.677,1,1787.4,1,2.677,1,34.617,1
5905612,2025-11-29T23:39:20Z,1,-25.27542,156.29532,1,1789.7,1,34.617,1,2.676,1,1789.7,1,2.676,1,34.617,1
5905612,2025-11-29T23:39:20Z,1,-25.27542,156.29532,1,1791.5,1,34.616,1,2.676,1,1791.5,1,2.676,1,34.616,1
5905612,2025-11-29T23:39:20Z,1,-25.27542,156.29532,1,1793.4,1,34.617,1,2.674,1,1793.4,1,2.674,1,34.617,1
5905612,2025-11-29T23:39:20Z,1,-25.27542,156.29532,1,1795.3,1,34.618,1,2.667,1,1795.3,1,2.667,1,34.618,1
5905612,2025-11-29T23:39:20Z,1,-25.27542,156.29532,1,1797.2,1,34.618,1,2.663,1,1797.2,1,2.663,1,34.618,1
5905612,2025-11-29T23:39:20Z,1,-25.27542,156.29532,1,1799.1,1,34.618,1,2.661,1,1799.1,1,2.661,1,34.618,1
5905612,2025-11-29T23:39:20Z,1,-25.27542,156.29532,1,1801.4,1,34.619,1,2.658,1,1801.4,1,2.658,1,34.619,1
5905612,2025-11-29T23:39:20Z,1,-25.27542,156.29532,1,1803.8,1,34.62,1,2.652,1,1803.8,1,2.652,1,34.62,1
5905612,2025-11-29T23:39:20Z,1,-25.27542,156.29532,1,1805.6,1,34.62,1,2.65,1,1805.6,1,2.65,1,34.62,1
5905612,2025-11-29T23:39:20Z,1,-25.27542,156.29532,1,1807.5,1,34.62,1,2.647,1,1807.5,1,2.647,1,34.62,1
5905612,2025-11-29T23:39:20Z,1,-25.27542,156.29532,1,1809.4,1,34.621,1,2.646,1,1809.4,1,2.646,1,34.621,1
5905612,2025-11-29T23:39:20Z,1,-25.27542,156.29532,1,1811.2,1,34.621,1,2.645,1,1811.2,1,2.645,1,34.621,1
5905612,2025-11-29T23:39:20Z,1,-25.27542,156.29532,1,1813.1,1,34.621,1,2.642,1,1813.1,1,2.642,1,34.621,1
5905612,2025-11-29T23:39:20Z,1,-25.27542,156.29532,1,1815.1,1,34.622,1,2.638,1,1815.1,1,2.638,1,34.622,1
5905612,2025-11-29T23:39:20Z,1,-25.27542,156.29532,1,1817.4,1,34.622,1,2.637,1,1817.4,1,2.637,1,34.622,1
5905612,2025-11-29T23:39:20Z,1,-25.27542,156.29532,1,1819.8,1,34.622,1,2.635,1,1819.8,1,2.635,1,34.622,1
5905612,2025-11-29T23:39:20Z,1,-25.27542,156.29532,1,1821.7,1,34.622,1,2.634,1,1821.7,1,2.634,1,34.622,1
5905612,2025-11-29T23:39:20Z,1,-25.27542,156.29532,1,1823.6,1,34.622,1,2.633,1,1823.6,1,2.633,1,34.622,1
5905612,2025-11-29T23:39:20Z,1,-25.27542,156.29532,1,1825.6,1,34.622,1,2.632,1,1825.6,1,2.632,1,34.622,1
5905612,2025-11-29T23:39:20Z,1,-25.27542,156.29532,1,1827.6,1,34.622,1,2.631,1,1827.6,1,2.631,1,34.622,1
5905612,2025-11-29T23:39:20Z,1,-25.27542,156.29532,1,1829.5,1,34.623,1,2.624,1,1829.5,1,2.624,1,34.623,1
5905612,2025-11-29T23:39:20Z,1,-25.27542,156.29532,1,1831.4,1,34.624,1,2.617,1,1831.4,1,2.617,1,34.624,1
5905612,2025-11-29T23:39:20Z,1,-25.27542,156.29532,1,1833.4,1,34.625,1,2.612,1,1833.4,1,2.612,1,34.625,1
5905612,2025-11-29T23:39:20Z,1,-25.27542,156.29532,1,1835.3,1,34.624,1,2.611,1,1835.3,1,2.611,1,34.624,1
5905612,2025-11-29T23:39:20Z,1,-25.27542,156.29532,1,1837.3,1,34.625,1,2.602,1,1837.3,1,2.602,1,34.625,1
5905612,2025-11-29T23:39:20Z,1,-25.27542,156.29532,1,1839.3,1,34.626,1,2.598,1,1839.3,1,2.598,1,34.626,1
5905612,2025-11-29T23:39:20Z,1,-25.27542,156.29532,1,1841.2,1,34.626,1,2.597,1,1841.2,1,2.597,1,34.626,1
5905612,2025-11-29T23:39:20Z,1,-25.27542,156.29532,1,1843.1,1,34.626,1,2.597,1,1843.1,1,2.597,1,34.626,1
5905612,2025-11-29T23:39:20Z,1,-25.27542,156.29532,1,1845.0,1,34.626,1,2.594,1,1845.0,1,2.594,1,34.626,1
5905612,2025-11-29T23:39:20Z,1,-25.27542,156.29532,1,1847.0,1,34.627,1,2.59,1,1847.0,1,2.59,1,34.627,1
5905612,2025-11-29T23:39:20Z,1,-25.27542,156.29532,1,1849.0,1,34.628,1,2.586,1,1849.0,1,2.586,1,34.628,1
5905612,2025-11-29T23:39:20Z,1,-25.27542,156.29532,1,1850.9,1,34.628,1,2.585,1,1850.9,1,2.585,1,34.628,1
5905612,2025-11-29T23:39:20Z,1,-25.27542,156.29532,1,1853.0,1,34.628,1,2.584,1,1853.0,1,2.584,1,34.628,1
5905612,2025-11-29T23:39:20Z,1,-25.27542,156.29532,1,1855.0,1,34.628,1,2.584,1,1855.0,1,2.584,1,34.628,1
5905612,2025-11-29T23:39:20Z,1,-25.27542,156.29532,1,1857.4,1,34.628,1,2.581,1,1857.4,1,2.581,1,34.628,1
5905612,2025-11-29T23:39:20Z,1,-25.27542,156.29532,1,1859.9,1,34.629,1,2.576,1,1859.9,1,2.576,1,34.629,1
5905612,2025-11-29T23:39:20Z,1,-25.27542,156.29532,1,1861.8,1,34.629,1,2.572,1,1861.8,1,2.572,1,34.629,1
5905612,2025-11-29T23:39:20Z,1,-25.27542,156.29532,1,1863.7,1,34.63,1,2.568,1,1863.7,1,2.568,1,34.63,1
5905612,2025-11-29T23:39:20Z,1,-25.27542,156.29532,1,1865.7,1,34.63,1,2.566,1,1865.7,1,2.566,1,34.63,1
5905612,2025-11-29T23:39:20Z,1,-25.27542,156.29532,1,1867.6,1,34.63,1,2.566,1,1867.6,1,2.566,1,34.63,1
5905612,2025-11-29T23:39:20Z,1,-25.27542,156.29532,1,1869.6,1,34.631,1,2.559,1,1869.6,1,2.559,1,34.631,1
5905612,2025-11-29T23:39:20Z,1,-25.27542,156.29532,1,1871.5,1,34.631,1,2.557,1,1871.5,1,2.557,1,34.631,1
5905612,2025-11-29T23:39:20Z,1,-25.27542,156.29532,1,1873.5,1,34.632,1,2.555,1,1873.5,1,2.555,1,34.632,1
5905612,2025-11-29T23:39:20Z,1,-25.27542,156.29532,1,1875.4,1,34.632,1,2.553,1,1875.4,1,2.553,1,34.632,1
5905612,2025-11-29T23:39:20Z,1,-25.27542,156.29532,1,1877.4,1,34.631,1,2.553,1,1877.4,1,2.553,1,34.631,1
5905612,2025-11-29T23:39:20Z,1,-25.27542,156.29532,1,1879.3,1,34.632,1,2.55,1,1879.3,1,2.55,1,34.632,1
5905612,2025-11-29T23:39:20Z,1,-25.27542,156.29532,1,1881.3,1,34.633,1,2.545,1,1881.3,1,2.545,1,34.633,1
5905612,2025-11-29T23:39:20Z,1,-25.27542,156.29532,1,1883.2,1,34.633,1,2.54,1,1883.2,1,2.54,1,34.633,1
5905612,2025-11-29T23:39:20Z,1,-25.27542,156.29532,1,1885.2,1,34.634,1,2.536,1,1885.2,1,2.536,1,34.634,1
5905612,2025-11-29T23:39:20Z,1,-25.27542,156.29532,1,1887.2,1,34.634,1,2.533,1,1887.2,1,2.533,1,34.634,1
5905612,2025-11-29T23:39:20Z,1,-25.27542,156.29532,1,1889.1,1,34.634,1,2.532,1,1889.1,1,2.532,1,34.634,1
5905612,2025-11-29T23:39:20Z,1,-25.27542,156.29532,1,1891.1,1,34.635,1,2.53,1,1891.1,1,2.53,1,34.635,1
5905612,2025-11-29T23:39:20Z,1,-25.27542,156.29532,1,1893.0,1,34.635,1,2.527,1,1893.0,1,2.527,1,34.635,1
5905612,2025-11-29T23:39:20Z,1,-25.27542,156.29532,1,1895.0,1,34.635,1,2.525,1,1895.0,1,2.525,1,34.635,1
5905612,2025-11-29T23:39:20Z,1,-25.27542,156.29532,1,1897.0,1,34.635,1,2.524,1,1897.0,1,2.524,1,34.635,1
5905612,2025-11-29T23:39:20Z,1,-25.27542,156.29532,1,1899.4,1,34.636,1,2.519,1,1899.4,1,2.519,1,34.636,1
5905612,2025-11-29T23:39:20Z,1,-25.27542,156.29532,1,1901.9,1,34.637,1,2.516,1,1901.9,1,2.516,1,34.637,1
5905612,2025-11-29T23:39:20Z,1,-25.27542,156.29532,1,1903.9,1,34.637,1,2.515,1,1903.9,1,2.515,1,34.637,1
5905612,2025-11-29T23:39:20Z,1,-25.27542,156.29532,1,1905.9,1,34.637,1,2.514,1,1905.9,1,2.514,1,34.637,1
5905612,2025-11-29T23:39:20Z,1,-25.27542,156.29532,1,1907.4,1,34.637,1,2.514,1,1907.4,1,2.514,1,34.637,1
5905612,2025-11-29T23:39:20Z,1,-25.27542,156.29532,1,1909.0,1,34.637,1,2.513,1,1909.0,1,2.513,1,34.637,1
5905612,2025-11-29T23:39:20Z,1,-25.27542,156.29532,1,1911.0,1,34.638,1,2.508,1,1911.0,1,2.508,1,34.638,1
5905612,2025-11-29T23:39:20Z,1,-25.27542,156.29532,1,1913.0,1,34.638,1,2.505,1,1913.0,1,2.505,1,34.638,1
5905612,2025-11-29T23:39:20Z,1,-25.27542,156.29532,1,1915.0,1,34.638,1,2.502,1,1915.0,1,2.502,1,34.638,1
5905612,2025-11-29T23:39:20Z,1,-25.27542,156.29532,1,1917.0,1,34.639,1,2.5,1,1917.0,1,2.5,1,34.639,1
5905612,2025-11-29T23:39:20Z,1,-25.27542,156.29532,1,1919.1,1,34.639,1,2.497,1,1919.1,1,2.497,1,34.639,1
5905612,2025-11-29T23:39:20Z,1,-25.27542,156.29532,1,1921.1,1,34.639,1,2.496,1,1921.1,1,2.496,1,34.639,1
5905612,2025-11-29T23:39:20Z,1,-25.27542,156.29532,1,1923.1,1,34.64,1,2.495,1,1923.1,1,2.495,1,34.64,1
5905612,2025-11-29T23:39:20Z,1,-25.27542,156.29532,1,1925.1,1,34.64,1,2.495,1,1925.1,1,2.495,1,34.64,1
5905612,2025-11-29T23:39:20Z,1,-25.27542,156.29532,1,1927.1,1,34.64,1,2.494,1,1927.1,1,2.494,1,34.64,1
5905612,2025-11-29T23:39:20Z,1,-25.27542,156.29532,1,1929.0,1,34.64,1,2.492,1,1929.0,1,2.492,1,34.64,1
5905612,2025-11-29T23:39:20Z,1,-25.27542,156.29532,1,1931.0,1,34.64,1,2.49,1,1931.0,1,2.49,1,34.64,1
5905612,2025-11-29T23:39:20Z,1,-25.27542,156.29532,1,1933.0,1,34.64,1,2.488,1,1933.0,1,2.488,1,34.64,1
5905612,2025-11-29T23:39:20Z,1,-25.27542,156.29532,1,1935.0,1,34.641,1,2.487,1,1935.0,1,2.487,1,34.641,1
5905612,2025-11-29T23:39:20Z,1,-25.27542,156.29532,1,1937.0,1,34.641,1,2.484,1,1937.0,1,2.484,1,34.641,1
5905612,2025-11-29T23:39:20Z,1,-25.27542,156.29532,1,1939.4,1,34.642,1,2.481,1,1939.4,1,2.481,1,34.642,1
5905612,2025-11-29T23:39:20Z,1,-25.27542,156.29532,1,1941.5,1,34.642,1,2.48,1,1941.5,1,2.48,1,34.642,1
5905612,2025-11-29T23:39:20Z,1,-25.27542,156.29532,1,1943.0,1,34.642,1,2.478,1,1943.0,1,2.478,1,34.642,1
5905612,2025-11-29T23:39:20Z,1,-25.27542,156.29532,1,1945.0,1,34.642,1,2.475,1,1945.0,1,2.475,1,34.642,1
5905612,2025-11-29T23:39:20Z,1,-25.27542,156.29532,1,1947.0,1,34.643,1,2.473,1,1947.0,1,2.473,1,34.643,1
5905612,2025-11-29T23:39:20Z,1,-25.27542,156.29532,1,1949.1,1,34.643,1,2.471,1,1949.1,1,2.471,1,34.643,1
5905612,2025-11-29T23:39:20Z,1,-25.27542,156.29532,1,1951.1,1,34.643,1,2.471,1,1951.1,1,2.471,1,34.643,1
5905612,2025-11-29T23:39:20Z,1,-25.27542,156.29532,1,1953.2,1,34.643,1,2.47,1,1953.2,1,2.47,1,34.643,1
5905612,2025-11-29T23:39:20Z,1,-25.27542,156.29532,1,1955.2,1,34.643,1,2.469,1,1955.2,1,2.469,1,34.643,1
5905612,2025-11-29T23:39:20Z,1,-25.27542,156.29532,1,1957.2,1,34.644,1,2.466,1,1957.2,1,2.466,1,34.644,1
5905612,2025-11-29T23:39:20Z,1,-25.27542,156.29532,1,1959.2,1,34.644,1,2.463,1,1959.2,1,2.463,1,34.644,1
5905612,2025-11-29T23:39:20Z,1,-25.27542,156.29532,1,1961.5,1,34.645,1,2.46,1,1961.5,1,2.46,1,34.645,1
5905612,2025-11-29T23:39:20Z,1,-25.27542,156.29532,1,1963.6,1,34.645,1,2.458,1,1963.6,1,2.458,1,34.645,1
5905612,2025-11-29T23:39:20Z,1,-25.27542,156.29532,1,1965.6,1,34.645,1,2.454,1,1965.6,1,2.454,1,34.645,1
5905612,2025-11-29T23:39:20Z,1,-25.27542,156.29532,1,1967.6,1,34.646,1,2.45,1,1967.6,1,2.45,1,34.646,1
5905612,2025-11-29T23:39:20Z,1,-25.27542,156.29532,1,1969.2,1,34.647,1,2.445,1,1969.2,1,2.445,1,34.647,1
5905612,2025-11-29T23:39:20Z,1,-25.27542,156.29532,1,1971.3,1,34.647,1,2.444,1,1971.3,1,2.444,1,34.647,1
5905612,2025-11-29T23:39:20Z,1,-25.27542,156.29532,1,1973.3,1,34.648,1,2.443,1,1973.3,1,2.443,1,34.648,1
5905612,2025-11-29T23:39:20Z,1,-25.27542,156.29532,1,1975.3,1,34.647,1,2.441,1,1975.3,1,2.441,1,34.647,1
5905612,2025-11-29T23:39:20Z,1,-25.27542,156.29532,1,1977.4,1,34.648,1,2.439,1,1977.4,1,2.439,1,34.648,1
5905612,2025-11-29T23:39:20Z,1,-25.27542,156.29532,1,1979.4,1,34.648,1,2.438,1,1979.4,1,2.438,1,34.648,1
5905612,2025-11-29T23:39:20Z,1,-25.27542,156.29532,1,1981.4,1,34.648,1,2.436,1,1981.4,1,2.436,1,34.648,1
5905612,2025-11-29T23:39:20Z,1,-25.27542,156.29532,1,1983.5,1,34.648,1,2.435,1,1983.5,1,2.435,1,34.648,1
5905612,2025-11-29T23:39:20Z,1,-25.27542,156.29532,1,1985.5,1,34.648,1,2.435,1,1985.5,1,2.435,1,34.648,1
5905612,2025-11-29T23:39:20Z,1,-25.27542,156.29532,1,1987.6,1,34.648,1,2.434,1,1987.6,1,2.434,1,34.648,1
5905612,2025-11-29T23:39:20Z,1,-25.27542,156.29532,1,1989.6,1,34.649,1,2.431,1,1989.6,1,2.431,1,34.649,1
5905612,2025-11-29T23:39:20Z,1,-25.27542,156.29532,1,1991.3,1,34.65,1,2.429,1,1991.3,1,2.429,1,34.65,1
5905612,2025-11-29T23:39:20Z,1,-25.27542,156.29532,1,1993.4,1,34.65,1,2.427,1,1993.4,1,2.427,1,34.65,1
5905612,2025-11-29T23:39:20Z,1,-25.27542,156.29532,1,1995.4,1,34.65,1,2.424,1,1995.4,1,2.424,1,34.65,1
5905612,2025-11-29T23:39:20Z,1,-25.27542,156.29532,1,1997.5,1,34.65,1,2.422,1,1997.5,1,2.422,1,34.65,1
5905612,2025-11-29T23:39:20Z,1,-25.27542,156.29532,1,1999.6,1,34.651,1,2.42,1,1999.6,1,2.42,1,34.651,1
5905612,2025-11-29T23:39:20Z,1,-25.27542,156.29532,1,2001.3,1,34.65,1,2.419,1,2001.3,1,2.419,1,34.65,1
5905612,2025-11-29T23:39:20Z,1,-25.27542,156.29532,1,2003.4,1,34.651,1,2.416,1,2003.4,1,2.416,1,34.651,1
5905612,2025-11-29T23:39:20Z,1,-25.27542,156.29532,1,2005.5,1,34.652,1,2.414,1,2005.5,1,2.414,1,34.652,1
5905612,2025-11-29T23:39:20Z,1,-25.27542,156.29532,1,2007.5,1,34.652,1,2.412,1,2007.5,1,2.412,1,34.652,1
5905612,2025-11-29T23:39:20Z,1,-25.27542,156.29532,1,2009.6,1,34.652,1,2.411,1,2009.6,1,2.411,1,34.652,1
5905612,2025-11-29T23:39:20Z,1,-25.27542,156.29532,1,2011.3,1,34.652,1,2.409,1,2011.3,1,2.409,1,34.652,1
5905612,2025-11-29T23:39:20Z,1,-25.27542,156.29532,1,2013.4,1,34.652,1,2.407,1,2013.4,1,2.407,1,34.652,1
5905612,2025-11-29T23:39:20Z,1,-25.27542,156.29532,1,2015.5,1,34.654,1,2.402,1,2015.5,1,2.402,1,34.654,1
5905612,2025-11-29T23:39:20Z,1,-25.27542,156.29532,1,2017.2,1,34.654,1,2.399,1,2017.2,1,2.399,1,34.654,1
5905612,2025-11-29T23:39:20Z,1,-25.27542,156.29532,1,2019.2,1,34.654,1,2.395,1,2019.2,1,2.395,1,34.654,1
5905612,2025-11-29T23:39:20Z,1,-25.27542,156.29532,1,2021.5,1,34.654,1,2.392,1,2021.5,1,2.392,1,34.654,1
5905612,2025-11-29T23:39:20Z,1,-25.27542,156.29532,1,2023.6,1,34.655,1,2.388,1,2023.6,1,2.388,1,34.655,1
5905612,2025-11-29T23:39:20Z,1,-25.27542,156.29532,1,2025.4,1,34.655,1,2.389,1,2025.4,1,2.389,1,34.655,1
5905612,2025-11-29T23:39:20Z,1,-25.27542,156.29532,1,2026.7,1,34.655,1,2.39,1,2026.7,1,2.39,1,34.655,1
5905612,2025-12-09T18:36:20Z,1,-24.95203,156.57744,1,0.3,1,35.319,1,27.01,1,0.3,1,27.01,1,35.319,1
5905612,2025-12-09T18:36:20Z,1,-24.95203,156.57744,1,1.7,1,35.328,1,27.0,1,1.7,1,27.0,1,35.328,1
5905612,2025-12-09T18:36:20Z,1,-24.95203,156.57744,1,3.4,1,35.321,1,27.012,1,3.4,1,27.012,1,35.321,1
5905612,2025-12-09T18:36:20Z,1,-24.95203,156.57744,1,4.6,1,35.32,1,27.015,1,4.6,1,27.015,1,35.32,1
5905612,2025-12-09T18:36:20Z,1,-24.95203,156.57744,1,5.9,1,35.32,1,27.017,1,5.9,1,27.017,1,35.32,1
5905612,2025-12-09T18:36:20Z,1,-24.95203,156.57744,1,7.7,1,35.322,1,27.016,1,7.7,1,27.016,1,35.322,1
5905612,2025-12-09T18:36:20Z,1,-24.95203,156.57744,1,9.5,1,35.322,1,27.017,1,9.5,1,27.017,1,35.322,1
5905612,2025-12-09T18:36:20Z,1,-24.95203,156.57744,1,11.4,1,35.322,1,27.018,1,11.4,1,27.018,1,35.322,1
5905612,2025-12-09T18:36:20Z,1,-24.95203,156.57744,1,13.3,1,35.321,1,27.017,1,13.3,1,27.017,1,35.321,1
5905612,2025-12-09T18:36:20Z,1,-24.95203,156.57744,1,15.2,1,35.322,1,27.018,1,15.2,1,27.018,1,35.322,1
5905612,2025-12-09T18:36:20Z,1,-24.95203,156.57744,1,17.5,1,35.322,1,27.017,1,17.5,1,27.017,1,35.322,1
5905612,2025-12-09T18:36:20Z,1,-24.95203,156.57744,1,19.8,1,35.321,1,27.019,1,19.8,1,27.019,1,35.321,1
5905612,2025-12-09T18:36:20Z,1,-24.95203,156.57744,1,21.7,1,35.321,1,27.016,1,21.7,1,27.016,1,35.321,1
5905612,2025-12-09T18:36:20Z,1,-24.95203,156.57744,1,23.7,1,35.321,1,27.017,1,23.7,1,27.017,1,35.321,1
5905612,2025-12-09T18:36:20Z,1,-24.95203,156.57744,1,25.6,1,35.321,1,27.016,1,25.6,1,27.016,1,35.321,1
5905612,2025-12-09T18:36:20Z,1,-24.95203,156.57744,1,27.5,1,35.321,1,27.015,1,27.5,1,27.015,1,35.321,1
5905612,2025-12-09T18:36:20Z,1,-24.95203,156.57744,1,29.6,1,35.321,1,27.013,1,29.6,1,27.013,1,35.321,1
5905612,2025-12-09T18:36:20Z,1,-24.95203,156.57744,1,31.7,1,35.321,1,27.011,1,31.7,1,27.011,1,35.321,1
5905612,2025-12-09T18:36:20Z,1,-24.95203,156.57744,1,33.6,1,35.324,1,27.006,1,33.6,1,27.006,1,35.324,1
5905612,2025-12-09T18:36:20Z,1,-24.95203,156.57744,1,35.4,1,35.325,1,26.999,1,35.4,1,26.999,1,35.325,1
5905612,2025-12-09T18:36:20Z,1,-24.95203,156.57744,1,37.2,1,35.331,1,26.976,1,37.2,1,26.976,1,35.331,1
5905612,2025-12-09T18:36:20Z,1,-24.95203,156.57744,1,39.4,1,35.35,1,26.878,1,39.4,1,26.878,1,35.35,1
5905612,2025-12-09T18:36:20Z,1,-24.95203,156.57744,1,41.6,1,35.351,1,26.76,1,41.6,1,26.76,1,35.351,1
5905612,2025-12-09T18:36:20Z,1,-24.95203,156.57744,1,43.5,1,35.337,1,26.694,1,43.5,1,26.694,1,35.337,1
5905612,2025-12-09T18:36:20Z,1,-24.95203,156.57744,1,45.4,1,35.332,1,26.633,1,45.4,1,26.633,1,35.332,1
5905612,2025-12-09T18:36:20Z,1,-24.95203,156.57744,1,47.3,1,35.321,1,26.545,1,47.3,1,26.545,1,35.321,1
5905612,2025-12-09T18:36:20Z,1,-24.95203,156.57744,1,49.2,1,35.315,1,26.343,1,49.2,1,26.343,1,35.315,1
5905612,2025-12-09T18:36:20Z,1,-24.95203,156.57744,1,51.3,1,35.319,1,26.276,1,51.3,1,26.276,1,35.319,1
5905612,2025-12-09T18:36:20Z,1,-24.95203,156.57744,1,53.3,1,35.327,1,26.228,1,53.3,1,26.228,1,35.327,1
5905612,2025-12-09T18:36:20Z,1,-24.95203,156.57744,1,55.2,1,35.335,1,26.165,1,55.2,1,26.165,1,35.335,1
5905612,2025-12-09T18:36:20Z,1,-24.95203,156.57744,1,57.2,1,35.331,1,26.146,1,57.2,1,26.146,1,35.331,1
5905612,2025-12-09T18:36:20Z,1,-24.95203,156.57744,1,59.1,1,35.35,1,26.025,1,59.1,1,26.025,1,35.35,1
5905612,2025-12-09T18:36:20Z,1,-24.95203,156.57744,1,61.3,1,35.353,1,25.96,1,61.3,1,25.96,1,35.353,1
5905612,2025-12-09T18:36:20Z,1,-24.95203,156.57744,1,63.5,1,35.375,1,25.793,1,63.5,1,25.793,1,35.375,1
5905612,2025-12-09T18:36:20Z,1,-24.95203,156.57744,1,65.3,1,35.381,1,25.657,1,65.3,1,25.657,1,35.381,1
5905612,2025-12-09T18:36:20Z,1,-24.95203,156.57744,1,67.2,1,35.408,1,25.445,1,67.2,1,25.445,1,35.408,1
5905612,2025-12-09T18:36:20Z,1,-24.95203,156.57744,1,69.3,1,35.457,1,25.183,1,69.3,1,25.183,1,35.457,1
5905612,2025-12-09T18:36:20Z,1,-24.95203,156.57744,1,71.4,1,35.471,1,25.117,1,71.4,1,25.117,1,35.471,1
5905612,2025-12-09T18:36:20Z,1,-24.95203,156.57744,1,73.4,1,35.477,1,25.096,1,73.4,1,25.096,1,35.477,1
5905612,2025-12-09T18:36:20Z,1,-24.95203,156.57744,1,75.4,1,35.484,1,25.073,1,75.4,1,25.073,1,35.484,1
5905612,2025-12-09T18:36:20Z,1,-24.95203,156.57744,1,77.5,1,35.487,1,25.066,1,77.5,1,25.066,1,35.487,1
5905612,2025-12-09T18:36:20Z,1,-24.95203,156.57744,1,79.5,1,35.492,1,25.056,1,79.5,1,25.056,1,35.492,1
5905612,2025-12-09T18:36:20Z,1,-24.95203,156.57744,1,81.4,1,35.498,1,25.027,1,81.4,1,25.027,1,35.498,1
5905612,2025-12-09T18:36:20Z,1,-24.95203,156.57744,1,83.2,1,35.499,1,25.018,1,83.2,1,25.018,1,35.499,1
5905612,2025-12-09T18:36:20Z,1,-24.95203,156.57744,1,85.4,1,35.516,1,24.931,1,85.4,1,24.931,1,35.516,1
5905612,2025-12-09T18:36:20Z,1,-24.95203,156.57744,1,87.3,1,35.547,1,24.752,1,87.3,1,24.752,1,35.547,1
5905612,2025-12-09T18:36:20Z,1,-24.95203,156.57744,1,89.3,1,35.557,1,24.661,1,89.3,1,24.661,1,35.557,1
5905612,2025-12-09T18:36:20Z,1,-24.95203,156.57744,1,91.4,1,35.559,1,24.583,1,91.4,1,24.583,1,35.559,1
5905612,2025-12-09T18:36:20Z,1,-24.95203,156.57744,1,93.5,1,35.566,1,24.519,1,93.5,1,24.519,1,35.566,1
5905612,2025-12-09T18:36:20Z,1,-24.95203,156.57744,1,95.7,1,35.577,1,24.423,1,95.7,1,24.423,1,35.577,1
5905612,2025-12-09T18:36:20Z,1,-24.95203,156.57744,1,97.6,1,35.591,1,24.314,1,97.6,1,24.314,1,35.591,1
5905612,2025-12-09T18:36:20Z,1,-24.95203,156.57744,1,99.5,1,35.61,1,24.073,1,99.5,1,24.073,1,35.61,1
5905612,2025-12-09T18:36:20Z,1,-24.95203,156.57744,1,101.4,1,35.607,1,23.758,1,101.4,1,23.758,1,35.607,1
5905612,2025-12-09T18:36:20Z,1,-24.95203,156.57744,1,103.5,1,35.602,1,23.58,1,103.5,1,23.58,1,35.602,1
5905612,2025-12-09T18:36:20Z,1,-24.95203,156.57744,1,105.6,1,35.612,1,23.537,1,105.6,1,23.537,1,35.612,1
5905612,2025-12-09T18:36:20Z,1,-24.95203,156.57744,1,107.7,1,35.632,1,23.46,1,107.7,1,23.46,1,35.632,1
5905612,2025-12-09T18:36:20Z,1,-24.95203,156.57744,1,109.7,1,35.639,1,23.417,1,109.7,1,23.417,1,35.639,1
5905612,2025-12-09T18:36:20Z,1,-24.95203,156.57744,1,111.7,1,35.641,1,23.386,1,111.7,1,23.386,1,35.641,1
5905612,2025-12-09T18:36:20Z,1,-24.95203,156.57744,1,113.6,1,35.658,1,23.373,1,113.6,1,23.373,1,35.658,1
5905612,2025-12-09T18:36:20Z,1,-24.95203,156.57744,1,115.4,1,35.669,1,23.377,1,115.4,1,23.377,1,35.669,1
5905612,2025-12-09T18:36:20Z,1,-24.95203,156.57744,1,117.2,1,35.688,1,23.327,1,117.2,1,23.327,1,35.688,1
5905612,2025-12-09T18:36:20Z,1,-24.95203,156.57744,1,119.2,1,35.704,1,23.161,1,119.2,1,23.161,1,35.704,1
5905612,2025-12-09T18:36:20Z,1,-24.95203,156.57744,1,121.2,1,35.711,1,23.007,1,121.2,1,23.007,1,35.711,1
5905612,2025-12-09T18:36:20Z,1,-24.95203,156.57744,1,123.1,1,35.706,1,22.822,1,123.1,1,22.822,1,35.706,1
5905612,2025-12-09T18:36:20Z,1,-24.95203,156.57744,1,125.1,1,35.702,1,22.687,1,125.1,1,22.687,1,35.702,1
5905612,2025-12-09T18:36:20Z,1,-24.95203,156.57744,1,127.1,1,35.703,1,22.581,1,127.1,1,22.581,1,35.703,1
5905612,2025-12-09T18:36:20Z,1,-24.95203,156.57744,1,129.0,1,35.714,1,22.478,1,129.0,1,22.478,1,35.714,1
5905612,2025-12-09T18:36:20Z,1,-24.95203,156.57744,1,131.2,1,35.709,1,22.438,1,131.2,1,22.438,1,35.709,1
5905612,2025-12-09T18:36:20Z,1,-24.95203,156.57744,1,133.5,1,35.699,1,22.359,1,133.5,1,22.359,1,35.699,1
5905612,2025-12-09T18:36:20Z,1,-24.95203,156.57744,1,135.6,1,35.688,1,22.144,1,135.6,1,22.144,1,35.688,1
5905612,2025-12-09T18:36:20Z,1,-24.95203,156.57744,1,137.3,1,35.686,1,21.964,1,137.3,1,21.964,1,35.686,1
5905612,2025-12-09T18:36:20Z,1,-24.95203,156.57744,1,139.5,1,35.686,1,21.793,1,139.5,1,21.793,1,35.686,1
5905612,2025-12-09T18:36:20Z,1,-24.95203,156.57744,1,141.8,1,35.694,1,21.688,1,141.8,1,21.688,1,35.694,1
5905612,2025-12-09T18:36:20Z,1,-24.95203,156.57744,1,143.8,1,35.688,1,21.537,1,143.8,1,21.537,1,35.688,1
5905612,2025-12-09T18:36:20Z,1,-24.95203,156.57744,1,145.8,1,35.68,1,21.488,1,145.8,1,21.488,1,35.68,1
5905612,2025-12-09T18:36:20Z,1,-24.95203,156.57744,1,147.8,1,35.687,1,21.345,1,147.8,1,21.345,1,35.687,1
5905612,2025-12-09T18:36:20Z,1,-24.95203,156.57744,1,149.8,1,35.688,1,21.143,1,149.8,1,21.143,1,35.688,1
5905612,2025-12-09T18:36:20Z,1,-24.95203,156.57744,1,151.9,1,35.679,1,21.063,1,151.9,1,21.063,1,35.679,1
5905612,2025-12-09T18:36:20Z,1,-24.95203,156.57744,1,153.9,1,35.675,1,20.974,1,153.9,1,20.974,1,35.675,1
5905612,2025-12-09T18:36:20Z,1,-24.95203,156.57744,1,155.8,1,35.673,1,20.842,1,155.8,1,20.842,1,35.673,1
5905612,2025-12-09T18:36:20Z,1,-24.95203,156.57744,1,157.7,1,35.679,1,20.758,1,157.7,1,20.758,1,35.679,1
5905612,2025-12-09T18:36:20Z,1,-24.95203,156.57744,1,159.8,1,35.679,1,20.602,1,159.8,1,20.602,1,35.679,1
5905612,2025-12-09T18:36:20Z,1,-24.95203,156.57744,1,161.4,1,35.679,1,20.568,1,161.4,1,20.568,1,35.679,1
5905612,2025-12-09T18:36:20Z,1,-24.95203,156.57744,1,163.0,1,35.679,1,20.543,1,163.0,1,20.543,1,35.679,1
5905612,2025-12-09T18:36:20Z,1,-24.95203,156.57744,1,165.0,1,35.678,1,20.501,1,165.0,1,20.501,1,35.678,1
5905612,2025-12-09T18:36:20Z,1,-24.95203,156.57744,1,167.0,1,35.679,1,20.46,1,167.0,1,20.46,1,35.679,1
5905612,2025-12-09T18:36:20Z,1,-24.95203,156.57744,1,169.1,1,35.679,1,20.389,1,169.1,1,20.389,1,35.679,1
5905612,2025-12-09T18:36:20Z,1,-24.95203,156.57744,1,171.2,1,35.677,1,20.324,1,171.2,1,20.324,1,35.677,1
5905612,2025-12-09T18:36:20Z,1,-24.95203,156.57744,1,173.3,1,35.676,1,20.281,1,173.3,1,20.281,1,35.676,1
5905612,2025-12-09T18:36:20Z,1,-24.95203,156.57744,1,175.3,1,35.674,1,20.2,1,175.3,1,20.2,1,35.674,1
5905612,2025-12-09T18:36:20Z,1,-24.95203,156.57744,1,177.4,1,35.67,1,20.172,1,177.4,1,20.172,1,35.67,1
5905612,2025-12-09T18:36:20Z,1,-24.95203,156.57744,1,179.5,1,35.67,1,20.172,1,179.5,1,20.172,1,35.67,1
5905612,2025-12-09T18:36:20Z,1,-24.95203,156.57744,1,181.4,1,35.668,1,20.165,1,181.4,1,20.165,1,35.668,1
5905612,2025-12-09T18:36:20Z,1,-24.95203,156.57744,1,183.4,1,35.667,1,20.159,1,183.4,1,20.159,1,35.667,1
5905612,2025-12-09T18:36:20Z,1,-24.95203,156.57744,1,185.3,1,35.662,1,20.134,1,185.3,1,20.134,1,35.662,1
5905612,2025-12-09T18:36:20Z,1,-24.95203,156.57744,1,187.2,1,35.649,1,20.046,1,187.2,1,20.046,1,35.649,1
5905612,2025-12-09T18:36:20Z,1,-24.95203,156.57744,1,189.3,1,35.644,1,19.996,1,189.3,1,19.996,1,35.644,1
5905612,2025-12-09T18:36:20Z,1,-24.95203,156.57744,1,191.2,1,35.641,1,19.901,1,191.2,1,19.901,1,35.641,1
5905612,2025-12-09T18:36:20Z,1,-24.95203,156.57744,1,193.3,1,35.637,1,19.822,1,193.3,1,19.822,1,35.637,1
5905612,2025-12-09T18:36:20Z,1,-24.95203,156.57744,1,195.3,1,35.634,1,19.787,1,195.3,1,19.787,1,35.634,1
5905612,2025-12-09T18:36:20Z,1,-24.95203,156.57744,1,197.3,1,35.631,1,19.775,1,197.3,1,19.775,1,35.631,1
5905612,2025-12-09T18:36:20Z,1,-24.95203,156.57744,1,199.2,1,35.63,1,19.727,1,199.2,1,19.727,1,35.63,1
5905612,2025-12-09T18:36:20Z,1,-24.95203,156.57744,1,201.1,1,35.632,1,19.707,1,201.1,1,19.707,1,35.632,1
5905612,2025-12-09T18:36:20Z,1,-24.95203,156.57744,1,203.1,1,35.632,1,19.697,1,203.1,1,19.697,1,35.632,1
5905612,2025-12-09T18:36:20Z,1,-24.95203,156.57744,1,205.1,1,35.631,1,19.662,1,205.1,1,19.662,1,35.631,1
5905612,2025-12-09T18:36:20Z,1,-24.95203,156.57744,1,207.1,1,35.627,1,19.597,1,207.1,1,19.597,1,35.627,1
5905612,2025-12-09T18:36:20Z,1,-24.95203,156.57744,1,209.2,1,35.624,1,19.531,1,209.2,1,19.531,1,35.624,1
5905612,2025-12-09T18:36:20Z,1,-24.95203,156.57744,1,211.1,1,35.621,1,19.485,1,211.1,1,19.485,1,35.621,1
5905612,2025-12-09T18:36:20Z,1,-24.95203,156.57744,1,213.4,1,35.62,1,19.477,1,213.4,1,19.477,1,35.62,1
5905612,2025-12-09T18:36:20Z,1,-24.95203,156.57744,1,215.4,1,35.622,1,19.445,1,215.4,1,19.445,1,35.622,1
5905612,2025-12-09T18:36:20Z,1,-24.95203,156.57744,1,217.5,1,35.618,1,19.404,1,217.5,1,19.404,1,35.618,1
5905612,2025-12-09T18:36:20Z,1,-24.95203,156.57744,1,219.5,1,35.616,1,19.352,1,219.5,1,19.352,1,35.616,1
5905612,2025-12-09T18:36:20Z,1,-24.95203,156.57744,1,221.5,1,35.611,1,19.307,1,221.5,1,19.307,1,35.611,1
5905612,2025-12-09T18:36:20Z,1,-24.95203,156.57744,1,223.6,1,35.606,1,19.245,1,223.6,1,19.245,1,35.606,1
5905612,2025-12-09T18:36:20Z,1,-24.95203,156.57744,1,225.3,1,35.605,1,19.235,1,225.3,1,19.235,1,35.605,1
5905612,2025-12-09T18:36:20Z,1,-24.95203,156.57744,1,227.5,1,35.605,1,19.222,1,227.5,1,19.222,1,35.605,1
5905612,2025-12-09T18:36:20Z,1,-24.95203,156.57744,1,229.6,1,35.599,1,19.159,1,229.6,1,19.159,1,35.599,1
5905612,2025-12-09T18:36:20Z,1,-24.95203,156.57744,1,231.3,1,35.598,1,19.144,1,231.3,1,19.144,1,35.598,1
5905612,2025-12-09T18:36:20Z,1,-24.95203,156.57744,1,233.1,1,35.59,1,19.086,1,233.1,1,19.086,1,35.59,1
5905612,2025-12-09T18:36:20Z,1,-24.95203,156.57744,1,235.4,1,35.581,1,18.989,1,235.4,1,18.989,1,35.581,1
5905612,2025-12-09T18:36:20Z,1,-24.95203,156.57744,1,237.7,1,35.579,1,18.908,1,237.7,1,18.908,1,35.579,1
5905612,2025-12-09T18:36:20Z,1,-24.95203,156.57744,1,239.5,1,35.582,1,18.875,1,239.5,1,18.875,1,35.582,1
5905612,2025-12-09T18:36:20Z,1,-24.95203,156.57744,1,241.4,1,35.575,1,18.81,1,241.4,1,18.81,1,35.575,1
5905612,2025-12-09T18:36:20Z,1,-24.95203,156.57744,1,243.3,1,35.571,1,18.771,1,243.3,1,18.771,1,35.571,1
5905612,2025-12-09T18:36:20Z,1,-24.95203,156.57744,1,245.3,1,35.567,1,18.721,1,245.3,1,18.721,1,35.567,1
5905612,2025-12-09T18:36:20Z,1,-24.95203,156.57744,1,247.4,1,35.564,1,18.675,1,247.4,1,18.675,1,35.564,1
5905612,2025-12-09T18:36:20Z,1,-24.95203,156.57744,1,249.4,1,35.562,1,18.638,1,249.4,1,18.638,1,35.562,1
5905612,2025-12-09T18:36:20Z,1,-24.95203,156.57744,1,251.4,1,35.564,1,18.602,1,251.4,1,18.602,1,35.564,1
5905612,2025-12-09T18:36:20Z,1,-24.95203,156.57744,1,253.4,1,35.568,1,18.568,1,253.4,1,18.568,1,35.568,1
5905612,2025-12-09T18:36:20Z,1,-24.95203,156.57744,1,255.5,1,35.566,1,18.529,1,255.5,1,18.529,1,35.566,1
5905612,2025-12-09T18:36:20Z,1,-24.95203,156.57744,1,257.5,1,35.561,1,18.461,1,257.5,1,18.461,1,35.561,1
5905612,2025-12-09T18:36:20Z,1,-24.95203,156.57744,1,259.6,1,35.571,1,18.449,1,259.6,1,18.449,1,35.571,1
5905612,2025-12-09T18:36:20Z,1,-24.95203,156.57744,1,261.6,1,35.57,1,18.416,1,261.6,1,18.416,1,35.57,1
5905612,2025-12-09T18:36:20Z,1,-24.95203,156.57744,1,263.7,1,35.566,1,18.36,1,263.7,1,18.36,1,35.566,1
5905612,2025-12-09T18:36:20Z,1,-24.95203,156.57744,1,265.8,1,35.564,1,18.286,1,265.8,1,18.286,1,35.564,1
5905612,2025-12-09T18:36:20Z,1,-24.95203,156.57744,1,267.9,1,35.559,1,18.222,1,267.9,1,18.222,1,35.559,1
5905612,2025-12-09T18:36:20Z,1,-24.95203,156.57744,1,269.5,1,35.555,1,18.193,1,269.5,1,18.193,1,35.555,1
5905612,2025-12-09T18:36:20Z,1,-24.95203,156.57744,1,271.0,1,35.552,1,18.137,1,271.0,1,18.137,1,35.552,1
5905612,2025-12-09T18:36:20Z,1,-24.95203,156.57744,1,273.2,1,35.546,1,18.044,1,273.2,1,18.044,1,35.546,1
5905612,2025-12-09T18:36:20Z,1,-24.95203,156.57744,1,275.3,1,35.54,1,17.955,1,275.3,1,17.955,1,35.54,1
5905612,2025-12-09T18:36:20Z,1,-24.95203,156.57744,1,277.4,1,35.541,1,17.923,1,277.4,1,17.923,1,35.541,1
5905612,2025-12-09T18:36:20Z,1,-24.95203,156.57744,1,279.5,1,35.531,1,17.843,1,279.5,1,17.843,1,35.531,1
5905612,2025-12-09T18:36:20Z,1,-24.95203,156.57744,1,281.6,1,35.531,1,17.806,1,281.6,1,17.806,1,35.531,1
5905612,2025-12-09T18:36:20Z,1,-24.95203,156.57744,1,283.8,1,35.524,1,17.764,1,283.8,1,17.764,1,35.524,1
5905612,2025-12-09T18:36:20Z,1,-24.95203,156.57744,1,285.4,1,35.524,1,17.754,1,285.4,1,17.754,1,35.524,1
5905612,2025-12-09T18:36:20Z,1,-24.95203,156.57744,1,287.0,1,35.52,1,17.721,1,287.0,1,17.721,1,35.52,1
5905612,2025-12-09T18:36:20Z,1,-24.95203,156.57744,1,289.1,1,35.516,1,17.644,1,289.1,1,17.644,1,35.516,1
5905612,2025-12-09T18:36:20Z,1,-24.95203,156.57744,1,291.2,1,35.512,1,17.584,1,291.2,1,17.584,1,35.512,1
5905612,2025-12-09T18:36:20Z,1,-24.95203,156.57744,1,293.3,1,35.509,1,17.559,1,293.3,1,17.559,1,35.509,1
5905612,2025-12-09T18:36:20Z,1,-24.95203,156.57744,1,295.4,1,35.506,1,17.499,1,295.4,1,17.499,1,35.506,1
5905612,2025-12-09T18:36:20Z,1,-24.95203,156.57744,1,297.4,1,35.502,1,17.462,1,297.4,1,17.462,1,35.502,1
5905612,2025-12-09T18:36:20Z,1,-24.95203,156.57744,1,299.4,1,35.498,1,17.415,1,299.4,1,17.415,1,35.498,1
5905612,2025-12-09T18:36:20Z,1,-24.95203,156.57744,1,301.3,1,35.495,1,17.36,1,301.3,1,17.36,1,35.495,1
5905612,2025-12-09T18:36:20Z,1,-24.95203,156.57744,1,303.3,1,35.49,1,17.312,1,303.3,1,17.312,1,35.49,1
5905612,2025-12-09T18:36:20Z,1,-24.95203,156.57744,1,305.4,1,35.483,1,17.214,1,305.4,1,17.214,1,35.483,1
5905612,2025-12-09T18:36:20Z,1,-24.95203,156.57744,1,307.5,1,35.481,1,17.121,1,307.5,1,17.121,1,35.481,1
5905612,2025-12-09T18:36:20Z,1,-24.95203,156.57744,1,309.5,1,35.469,1,17.019,1,309.5,1,17.019,1,35.469,1
5905612,2025-12-09T18:36:20Z,1,-24.95203,156.57744,1,311.6,1,35.463,1,16.943,1,311.6,1,16.943,1,35.463,1
5905612,2025-12-09T18:36:20Z,1,-24.95203,156.57744,1,313.7,1,35.458,1,16.863,1,313.7,1,16.863,1,35.458,1
5905612,2025-12-09T18:36:20Z,1,-24.95203,156.57744,1,315.7,1,35.447,1,16.766,1,315.7,1,16.766,1,35.447,1
5905612,2025-12-09T18:36:20Z,1,-24.95203,156.57744,1,317.7,1,35.435,1,16.672,1,317.7,1,16.672,1,35.435,1
5905612,2025-12-09T18:36:20Z,1,-24.95203,156.57744,1,319.7,1,35.431,1,16.618,1,319.7,1,16.618,1,35.431,1
5905612,2025-12-09T18:36:20Z,1,-24.95203,156.57744,1,321.6,1,35.434,1,16.606,1,321.6,1,16.606,1,35.434,1
5905612,2025-12-09T18:36:20Z,1,-24.95203,156.57744,1,323.6,1,35.434,1,16.601,1,323.6,1,16.601,1,35.434,1
5905612,2025-12-09T18:36:20Z,1,-24.95203,156.57744,1,325.6,1,35.431,1,16.545,1,325.6,1,16.545,1,35.431,1
5905612,2025-12-09T18:36:20Z,1,-24.95203,156.57744,1,327.7,1,35.423,1,16.47,1,327.7,1,16.47,1,35.423,1
5905612,2025-12-09T18:36:20Z,1,-24.95203,156.57744,1,329.7,1,35.42,1,16.418,1,329.7,1,16.418,1,35.42,1
5905612,2025-12-09T18:36:20Z,1,-24.95203,156.57744,1,331.7,1,35.414,1,16.365,1,331.7,1,16.365,1,35.414,1
5905612,2025-12-09T18:36:20Z,1,-24.95203,156.57744,1,333.8,1,35.409,1,16.28,1,333.8,1,16.28,1,35.409,1
5905612,2025-12-09T18:36:20Z,1,-24.95203,156.57744,1,335.8,1,35.398,1,16.163,1,335.8,1,16.163,1,35.398,1
5905612,2025-12-09T18:36:20Z,1,-24.95203,156.57744,1,337.7,1,35.39,1,16.112,1,337.7,1,16.112,1,35.39,1
5905612,2025-12-09T18:36:20Z,1,-24.95203,156.57744,1,339.7,1,35.386,1,16.069,1,339.7,1,16.069,1,35.386,1
5905612,2025-12-09T18:36:20Z,1,-24.95203,156.57744,1,341.6,1,35.382,1,16.018,1,341.6,1,16.018,1,35.382,1
5905612,2025-12-09T18:36:20Z,1,-24.95203,156.57744,1,343.5,1,35.376,1,15.962,1,343.5,1,15.962,1,35.376,1
5905612,2025-12-09T18:36:20Z,1,-24.95203,156.57744,1,345.4,1,35.367,1,15.844,1,345.4,1,15.844,1,35.367,1
5905612,2025-12-09T18:36:20Z,1,-24.95203,156.57744,1,347.4,1,35.356,1,15.704,1,347.4,1,15.704,1,35.356,1
5905612,2025-12-09T18:36:20Z,1,-24.95203,156.57744,1,349.4,1,35.333,1,15.571,1,349.4,1,15.571,1,35.333,1
5905612,2025-12-09T18:36:20Z,1,-24.95203,156.57744,1,351.3,1,35.325,1,15.455,1,351.3,1,15.455,1,35.325,1
5905612,2025-12-09T18:36:20Z,1,-24.95203,156.57744,1,353.3,1,35.318,1,15.374,1,353.3,1,15.374,1,35.318,1
5905612,2025-12-09T18:36:20Z,1,-24.95203,156.57744,1,355.3,1,35.312,1,15.273,1,355.3,1,15.273,1,35.312,1
5905612,2025-12-09T18:36:20Z,1,-24.95203,156.57744,1,357.3,1,35.304,1,15.164,1,357.3,1,15.164,1,35.304,1
5905612,2025-12-09T18:36:20Z,1,-24.95203,156.57744,1,359.4,1,35.296,1,15.125,1,359.4,1,15.125,1,35.296,1
5905612,2025-12-09T18:36:20Z,1,-24.95203,156.57744,1,361.4,1,35.29,1,15.068,1,361.4,1,15.068,1,35.29,1
5905612,2025-12-09T18:36:20Z,1,-24.95203,156.57744,1,363.5,1,35.282,1,14.984,1,363.5,1,14.984,1,35.282,1
5905612,2025-12-09T18:36:20Z,1,-24.95203,156.57744,1,365.6,1,35.28,1,14.943,1,365.6,1,14.943,1,35.28,1
5905612,2025-12-09T18:36:20Z,1,-24.95203,156.57744,1,367.7,1,35.277,1,14.919,1,367.7,1,14.919,1,35.277,1
5905612,2025-12-09T18:36:20Z,1,-24.95203,156.57744,1,369.8,1,35.271,1,14.835,1,369.8,1,14.835,1,35.271,1
5905612,2025-12-09T18:36:20Z,1,-24.95203,156.57744,1,371.5,1,35.265,1,14.763,1,371.5,1,14.763,1,35.265,1
5905612,2025-12-09T18:36:20Z,1,-24.95203,156.57744,1,373.1,1,35.259,1,14.725,1,373.1,1,14.725,1,35.259,1
5905612,2025-12-09T18:36:20Z,1,-24.95203,156.57744,1,375.3,1,35.251,1,14.666,1,375.3,1,14.666,1,35.251,1
5905612,2025-12-09T18:36:20Z,1,-24.95203,156.57744,1,377.5,1,35.242,1,14.571,1,377.5,1,14.571,1,35.242,1
5905612,2025-12-09T18:36:20Z,1,-24.95203,156.57744,1,379.7,1,35.239,1,14.535,1,379.7,1,14.535,1,35.239,1
5905612,2025-12-09T18:36:20Z,1,-24.95203,156.57744,1,381.4,1,35.232,1,14.478,1,381.4,1,14.478,1,35.232,1
5905612,2025-12-09T18:36:20Z,1,-24.95203,156.57744,1,383.1,1,35.229,1,14.445,1,383.1,1,14.445,1,35.229,1
5905612,2025-12-09T18:36:20Z,1,-24.95203,156.57744,1,385.3,1,35.222,1,14.369,1,385.3,1,14.369,1,35.222,1
5905612,2025-12-09T18:36:20Z,1,-24.95203,156.57744,1,387.6,1,35.217,1,14.345,1,387.6,1,14.345,1,35.217,1
5905612,2025-12-09T18:36:20Z,1,-24.95203,156.57744,1,389.3,1,35.217,1,14.324,1,389.3,1,14.324,1,35.217,1
5905612,2025-12-09T18:36:20Z,1,-24.95203,156.57744,1,391.1,1,35.212,1,14.286,1,391.1,1,14.286,1,35.212,1
5905612,2025-12-09T18:36:20Z,1,-24.95203,156.57744,1,393.4,1,35.214,1,14.212,1,393.4,1,14.212,1,35.214,1
5905612,2025-12-09T18:36:20Z,1,-24.95203,156.57744,1,395.8,1,35.196,1,14.167,1,395.8,1,14.167,1,35.196,1
5905612,2025-12-09T18:36:20Z,1,-24.95203,156.57744,1,397.6,1,35.188,1,14.134,1,397.6,1,14.134,1,35.188,1
5905612,2025-12-09T18:36:20Z,1,-24.95203,156.57744,1,399.4,1,35.193,1,14.117,1,399.4,1,14.117,1,35.193,1
5905612,2025-12-09T18:36:20Z,1,-24.95203,156.57744,1,401.8,1,35.196,1,14.11,1,401.8,1,14.11,1,35.196,1
5905612,2025-12-09T18:36:20Z,1,-24.95203,156.57744,1,403.6,1,35.193,1,14.086,1,403.6,1,14.086,1,35.193,1
5905612,2025-12-09T18:36:20Z,1,-24.95203,156.57744,1,405.4,1,35.189,1,14.057,1,405.4,1,14.057,1,35.189,1
5905612,2025-12-09T18:36:20Z,1,-24.95203,156.57744,1,407.3,1,35.187,1,14.04,1,407.3,1,14.04,1,35.187,1
5905612,2025-12-09T18:36:20Z,1,-24.95203,156.57744,1,409.0,1,35.186,1,14.013,1,409.0,1,14.013,1,35.186,1
5905612,2025-12-09T18:36:20Z,1,-24.95203,156.57744,1,411.4,1,35.175,1,13.936,1,411.4,1,13.936,1,35.175,1
5905612,2025-12-09T18:36:20Z,1,-24.95203,156.57744,1,413.3,1,35.168,1,13.841,1,413.3,1,13.841,1,35.168,1
5905612,2025-12-09T18:36:20Z,1,-24.95203,156.57744,1,415.1,1,35.176,1,13.863,1,415.1,1,13.863,1,35.176,1
5905612,2025-12-09T18:36:20Z,1,-24.95203,156.57744,1,417.6,1,35.175,1,13.807,1,417.6,1,13.807,1,35.175,1
5905612,2025-12-09T18:36:20Z,1,-24.95203,156.57744,1,419.4,1,35.172,1,13.767,1,419.4,1,13.767,1,35.172,1
5905612,2025-12-09T18:36:20Z,1,-24.95203,156.57744,1,421.1,1,35.166,1,13.736,1,421.1,1,13.736,1,35.166,1
5905612,2025-12-09T18:36:20Z,1,-24.95203,156.57744,1,423.4,1,35.161,1,13.667,1,423.4,1,13.667,1,35.161,1
5905612,2025-12-09T18:36:20Z,1,-24.95203,156.57744,1,425.7,1,35.152,1,13.606,1,425.7,1,13.606,1,35.152,1
5905612,2025-12-09T18:36:20Z,1,-24.95203,156.57744,1,427.5,1,35.146,1,13.55,1,427.5,1,13.55,1,35.146,1
5905612,2025-12-09T18:36:20Z,1,-24.95203,156.57744,1,429.2,1,35.135,1,13.383,1,429.2,1,13.383,1,35.135,1
5905612,2025-12-09T18:36:20Z,1,-24.95203,156.57744,1,431.5,1,35.12,1,13.289,1,431.5,1,13.289,1,35.12,1
5905612,2025-12-09T18:36:20Z,1,-24.95203,156.57744,1,433.8,1,35.115,1,13.245,1,433.8,1,13.245,1,35.115,1
5905612,2025-12-09T18:36:20Z,1,-24.95203,156.57744,1,435.6,1,35.114,1,13.237,1,435.6,1,13.237,1,35.114,1
5905612,2025-12-09T18:36:20Z,1,-24.95203,156.57744,1,437.3,1,35.11,1,13.191,1,437.3,1,13.191,1,35.11,1
5905612,2025-12-09T18:36:20Z,1,-24.95203,156.57744,1,439.6,1,35.106,1,13.103,1,439.6,1,13.103,1,35.106,1
5905612,2025-12-09T18:36:20Z,1,-24.95203,156.57744,1,441.3,1,35.096,1,13.072,1,441.3,1,13.072,1,35.096,1
5905612,2025-12-09T18:36:20Z,1,-24.95203,156.57744,1,443.0,1,35.094,1,13.063,1,443.0,1,13.063,1,35.094,1
5905612,2025-12-09T18:36:20Z,1,-24.95203,156.57744,1,445.3,1,35.087,1,12.972,1,445.3,1,12.972,1,35.087,1
5905612,2025-12-09T18:36:20Z,1,-24.95203,156.57744,1,447.5,1,35.072,1,12.879,1,447.5,1,12.879,1,35.072,1
5905612,2025-12-09T18:36:20Z,1,-24.95203,156.57744,1,449.7,1,35.07,1,12.84,1,449.7,1,12.84,1,35.07,1
5905612,2025-12-09T18:36:20Z,1,-24.95203,156.57744,1,451.4,1,35.066,1,12.82,1,451.4,1,12.82,1,35.066,1
5905612,2025-12-09T18:36:20Z,1,-24.95203,156.57744,1,453.0,1,35.068,1,12.777,1,453.0,1,12.777,1,35.068,1
5905612,2025-12-09T18:36:20Z,1,-24.95203,156.57744,1,455.2,1,35.058,1,12.705,1,455.2,1,12.705,1,35.058,1
5905612,2025-12-09T18:36:20Z,1,-24.95203,156.57744,1,457.3,1,35.056,1,12.675,1,457.3,1,12.675,1,35.056,1
5905612,2025-12-09T18:36:20Z,1,-24.95203,156.57744,1,459.3,1,35.054,1,12.661,1,459.3,1,12.661,1,35.054,1
5905612,2025-12-09T18:36:20Z,1,-24.95203,156.57744,1,461.3,1,35.05,1,12.624,1,461.3,1,12.624,1,35.05,1
5905612,2025-12-09T18:36:20Z,1,-24.95203,156.57744,1,463.4,1,35.043,1,12.55,1,463.4,1,12.55,1,35.043,1
5905612,2025-12-09T18:36:20Z,1,-24.95203,156.57744,1,465.4,1,35.033,1,12.476,1,465.4,1,12.476,1,35.033,1
5905612,2025-12-09T18:36:20Z,1,-24.95203,156.57744,1,467.4,1,35.026,1,12.44,1,467.4,1,12.44,1,35.026,1
5905612,2025-12-09T18:36:20Z,1,-24.95203,156.57744,1,469.6,1,35.014,1,12.349,1,469.6,1,12.349,1,35.014,1
5905612,2025-12-09T18:36:20Z,1,-24.95203,156.57744,1,471.6,1,34.99,1,12.231,1,471.6,1,12.231,1,34.99,1
5905612,2025-12-09T18:36:20Z,1,-24.95203,156.57744,1,473.6,1,34.983,1,12.137,1,473.6,1,12.137,1,34.983,1
5905612,2025-12-09T18:36:20Z,1,-24.95203,156.57744,1,475.6,1,34.981,1,12.119,1,475.6,1,12.119,1,34.981,1
5905612,2025-12-09T18:36:20Z,1,-24.95203,156.57744,1,477.3,1,34.977,1,12.072,1,477.3,1,12.072,1,34.977,1
5905612,2025-12-09T18:36:20Z,1,-24.95203,156.57744,1,479.3,1,34.966,1,11.99,1,479.3,1,11.99,1,34.966,1
5905612,2025-12-09T18:36:20Z,1,-24.95203,156.57744,1,481.3,1,34.955,1,11.945,1,481.3,1,11.945,1,34.955,1
5905612,2025-12-09T18:36:20Z,1,-24.95203,156.57744,1,483.4,1,34.946,1,11.847,1,483.4,1,11.847,1,34.946,1
5905612,2025-12-09T18:36:20Z,1,-24.95203,156.57744,1,485.5,1,34.936,1,11.789,1,485.5,1,11.789,1,34.936,1
5905612,2025-12-09T18:36:20Z,1,-24.95203,156.57744,1,487.2,1,34.929,1,11.769,1,487.2,1,11.769,1,34.929,1
5905612,2025-12-09T18:36:20Z,1,-24.95203,156.57744,1,489.3,1,34.918,1,11.681,1,489.3,1,11.681,1,34.918,1
5905612,2025-12-09T18:36:20Z,1,-24.95203,156.57744,1,491.4,1,34.904,1,11.557,1,491.4,1,11.557,1,34.904,1
5905612,2025-12-09T18:36:20Z,1,-24.95203,156.57744,1,493.2,1,34.883,1,11.37,1,493.2,1,11.37,1,34.883,1
5905612,2025-12-09T18:36:20Z,1,-24.95203,156.57744,1,495.4,1,34.871,1,11.315,1,495.4,1,11.315,1,34.871,1
5905612,2025-12-09T18:36:20Z,1,-24.95203,156.57744,1,497.6,1,34.865,1,11.248,1,497.6,1,11.248,1,34.865,1
5905612,2025-12-09T18:36:20Z,1,-24.95203,156.57744,1,499.3,1,34.858,1,11.193,1,499.3,1,11.193,1,34.858,1
5905612,2025-12-09T18:36:20Z,1,-24.95203,156.57744,1,501.1,1,34.851,1,11.133,1,501.1,1,11.133,1,34.851,1
5905612,2025-12-09T18:36:20Z,1,-24.95203,156.57744,1,503.5,1,34.843,1,11.084,1,503.5,1,11.084,1,34.843,1
5905612,2025-12-09T18:36:20Z,1,-24.95203,156.57744,1,505.7,1,34.834,1,10.993,1,505.7,1,10.993,1,34.834,1
5905612,2025-12-09T18:36:20Z,1,-24.95203,156.57744,1,507.6,1,34.823,1,10.87,1,507.6,1,10.87,1,34.823,1
5905612,2025-12-09T18:36:20Z,1,-24.95203,156.57744,1,509.4,1,34.82,1,10.853,1,509.4,1,10.853,1,34.82,1
5905612,2025-12-09T18:36:20Z,1,-24.95203,156.57744,1,511.3,1,34.818,1,10.834,1,511.3,1,10.834,1,34.818,1
5905612,2025-12-09T18:36:20Z,1,-24.95203,156.57744,1,513.2,1,34.815,1,10.765,1,513.2,1,10.765,1,34.815,1
5905612,2025-12-09T18:36:20Z,1,-24.95203,156.57744,1,515.1,1,34.807,1,10.728,1,515.1,1,10.728,1,34.807,1
5905612,2025-12-09T18:36:20Z,1,-24.95203,156.57744,1,517.4,1,34.8,1,10.649,1,517.4,1,10.649,1,34.8,1
5905612,2025-12-09T18:36:20Z,1,-24.95203,156.57744,1,519.8,1,34.785,1,10.515,1,519.8,1,10.515,1,34.785,1
5905612,2025-12-09T18:36:20Z,1,-24.95203,156.57744,1,521.7,1,34.777,1,10.44,1,521.7,1,10.44,1,34.777,1
5905612,2025-12-09T18:36:20Z,1,-24.95203,156.57744,1,523.6,1,34.77,1,10.381,1,523.6,1,10.381,1,34.77,1
5905612,2025-12-09T18:36:20Z,1,-24.95203,156.57744,1,525.6,1,34.765,1,10.339,1,525.6,1,10.339,1,34.765,1
5905612,2025-12-09T18:36:20Z,1,-24.95203,156.57744,1,527.6,1,34.762,1,10.308,1,527.6,1,10.308,1,34.762,1
5905612,2025-12-09T18:36:20Z,1,-24.95203,156.57744,1,529.6,1,34.753,1,10.249,1,529.6,1,10.249,1,34.753,1
5905612,2025-12-09T18:36:20Z,1,-24.95203,156.57744,1,531.7,1,34.749,1,10.214,1,531.7,1,10.214,1,34.749,1
5905612,2025-12-09T18:36:20Z,1,-24.95203,156.57744,1,533.7,1,34.743,1,10.172,1,533.7,1,10.172,1,34.743,1
5905612,2025-12-09T18:36:20Z,1,-24.95203,156.57744,1,535.8,1,34.742,1,10.129,1,535.8,1,10.129,1,34.742,1
5905612,2025-12-09T18:36:20Z,1,-24.95203,156.57744,1,537.9,1,34.73,1,10.017,1,537.9,1,10.017,1,34.73,1
5905612,2025-12-09T18:36:20Z,1,-24.95203,156.57744,1,539.5,1,34.728,1,9.993,1,539.5,1,9.993,1,34.728,1
5905612,2025-12-09T18:36:20Z,1,-24.95203,156.57744,1,541.1,1,34.724,1,9.982,1,541.1,1,9.982,1,34.724,1
5905612,2025-12-09T18:36:20Z,1,-24.95203,156.57744,1,543.2,1,34.724,1,9.979,1,543.2,1,9.979,1,34.724,1
5905612,2025-12-09T18:36:20Z,1,-24.95203,156.57744,1,545.4,1,34.724,1,9.976,1,545.4,1,9.976,1,34.724,1
5905612,2025-12-09T18:36:20Z,1,-24.95203,156.57744,1,547.6,1,34.723,1,9.97,1,547.6,1,9.97,1,34.723,1
5905612,2025-12-09T18:36:20Z,1,-24.95203,156.57744,1,549.8,1,34.72,1,9.946,1,549.8,1,9.946,1,34.72,1
5905612,2025-12-09T18:36:20Z,1,-24.95203,156.57744,1,551.5,1,34.72,1,9.886,1,551.5,1,9.886,1,34.72,1
5905612,2025-12-09T18:36:20Z,1,-24.95203,156.57744,1,553.1,1,34.713,1,9.86,1,553.1,1,9.86,1,34.713,1
5905612,2025-12-09T18:36:20Z,1,-24.95203,156.57744,1,555.3,1,34.709,1,9.769,1,555.3,1,9.769,1,34.709,1
5905612,2025-12-09T18:36:20Z,1,-24.95203,156.57744,1,557.6,1,34.699,1,9.744,1,557.6,1,9.744,1,34.699,1
5905612,2025-12-09T18:36:20Z,1,-24.95203,156.57744,1,559.8,1,34.694,1,9.673,1,559.8,1,9.673,1,34.694,1
5905612,2025-12-09T18:36:20Z,1,-24.95203,156.57744,1,561.5,1,34.689,1,9.629,1,561.5,1,9.629,1,34.689,1
5905612,2025-12-09T18:36:20Z,1,-24.95203,156.57744,1,563.2,1,34.685,1,9.595,1,563.2,1,9.595,1,34.685,1
5905612,2025-12-09T18:36:20Z,1,-24.95203,156.57744,1,565.4,1,34.683,1,9.582,1,565.4,1,9.582,1,34.683,1
5905612,2025-12-09T18:36:20Z,1,-24.95203,156.57744,1,567.7,1,34.679,1,9.515,1,567.7,1,9.515,1,34.679,1
5905612,2025-12-09T18:36:20Z,1,-24.95203,156.57744,1,569.4,1,34.675,1,9.492,1,569.4,1,9.492,1,34.675,1
5905612,2025-12-09T18:36:20Z,1,-24.95203,156.57744,1,571.0,1,34.673,1,9.484,1,571.0,1,9.484,1,34.673,1
5905612,2025-12-09T18:36:20Z,1,-24.95203,156.57744,1,573.3,1,34.672,1,9.458,1,573.3,1,9.458,1,34.672,1
5905612,2025-12-09T18:36:20Z,1,-24.95203,156.57744,1,575.5,1,34.671,1,9.452,1,575.5,1,9.452,1,34.671,1
5905612,2025-12-09T18:36:20Z,1,-24.95203,156.57744,1,577.7,1,34.668,1,9.432,1,577.7,1,9.432,1,34.668,1
5905612,2025-12-09T18:36:20Z,1,-24.95203,156.57744,1,579.5,1,34.664,1,9.414,1,579.5,1,9.414,1,34.664,1
5905612,2025-12-09T18:36:20Z,1,-24.95203,156.57744,1,581.1,1,34.659,1,9.348,1,581.1,1,9.348,1,34.659,1
5905612,2025-12-09T18:36:20Z,1,-24.95203,156.57744,1,583.3,1,34.655,1,9.32,1,583.3,1,9.32,1,34.655,1
5905612,2025-12-09T18:36:20Z,1,-24.95203,156.57744,1,585.6,1,34.655,1,9.304,1,585.6,1,9.304,1,34.655,1
5905612,2025-12-09T18:36:20Z,1,-24.95203,156.57744,1,587.8,1,34.65,1,9.266,1,587.8,1,9.266,1,34.65,1
5905612,2025-12-09T18:36:20Z,1,-24.95203,156.57744,1,589.5,1,34.647,1,9.253,1,589.5,1,9.253,1,34.647,1
5905612,2025-12-09T18:36:20Z,1,-24.95203,156.57744,1,591.2,1,34.645,1,9.227,1,591.2,1,9.227,1,34.645,1
5905612,2025-12-09T18:36:20Z,1,-24.95203,156.57744,1,593.3,1,34.638,1,9.175,1,593.3,1,9.175,1,34.638,1
5905612,2025-12-09T18:36:20Z,1,-24.95203,156.57744,1,595.5,1,34.635,1,9.137,1,595.5,1,9.137,1,34.635,1
5905612,2025-12-09T18:36:20Z,1,-24.95203,156.57744,1,597.6,1,34.629,1,9.078,1,597.6,1,9.078,1,34.629,1
5905612,2025-12-09T18:36:20Z,1,-24.95203,156.57744,1,599.7,1,34.622,1,9.009,1,599.7,1,9.009,1,34.622,1
5905612,2025-12-09T18:36:20Z,1,-24.95203,156.57744,1,601.8,1,34.618,1,8.993,1,601.8,1,8.993,1,34.618,1
5905612,2025-12-09T18:36:20Z,1,-24.95203,156.57744,1,603.4,1,34.615,1,8.923,1,603.4,1,8.923,1,34.615,1
5905612,2025-12-09T18:36:20Z,1,-24.95203,156.57744,1,605.0,1,34.611,1,8.894,1,605.0,1,8.894,1,34.611,1
5905612,2025-12-09T18:36:20Z,1,-24.95203,156.57744,1,607.1,1,34.607,1,8.87,1,607.1,1,8.87,1,34.607,1
5905612,2025-12-09T18:36:20Z,1,-24.95203,156.57744,1,609.2,1,34.605,1,8.835,1,609.2,1,8.835,1,34.605,1
5905612,2025-12-09T18:36:20Z,1,-24.95203,156.57744,1,611.3,1,34.605,1,8.816,1,611.3,1,8.816,1,34.605,1
5905612,2025-12-09T18:36:20Z,1,-24.95203,156.57744,1,613.3,1,34.603,1,8.795,1,613.3,1,8.795,1,34.603,1
5905612,2025-12-09T18:36:20Z,1,-24.95203,156.57744,1,615.3,1,34.602,1,8.768,1,615.3,1,8.768,1,34.602,1
5905612,2025-12-09T18:36:20Z,1,-24.95203,156.57744,1,617.5,1,34.6,1,8.759,1,617.5,1,8.759,1,34.6,1
5905612,2025-12-09T18:36:20Z,1,-24.95203,156.57744,1,619.6,1,34.599,1,8.748,1,619.6,1,8.748,1,34.599,1
5905612,2025-12-09T18:36:20Z,1,-24.95203,156.57744,1,621.7,1,34.595,1,8.671,1,621.7,1,8.671,1,34.595,1
5905612,2025-12-09T18:36:20Z,1,-24.95203,156.57744,1,623.7,1,34.59,1,8.651,1,623.7,1,8.651,1,34.59,1
5905612,2025-12-09T18:36:20Z,1,-24.95203,156.57744,1,625.7,1,34.589,1,8.643,1,625.7,1,8.643,1,34.589,1
5905612,2025-12-09T18:36:20Z,1,-24.95203,156.57744,1,627.7,1,34.586,1,8.612,1,627.7,1,8.612,1,34.586,1
5905612,2025-12-09T18:36:20Z,1,-24.95203,156.57744,1,629.8,1,34.585,1,8.602,1,629.8,1,8.602,1,34.585,1
5905612,2025-12-09T18:36:20Z,1,-24.95203,156.57744,1,631.8,1,34.582,1,8.577,1,631.8,1,8.577,1,34.582,1
5905612,2025-12-09T18:36:20Z,1,-24.95203,156.57744,1,633.8,1,34.579,1,8.565,1,633.8,1,8.565,1,34.579,1
5905612,2025-12-09T18:36:20Z,1,-24.95203,156.57744,1,635.8,1,34.576,1,8.526,1,635.8,1,8.526,1,34.576,1
5905612,2025-12-09T18:36:20Z,1,-24.95203,156.57744,1,637.8,1,34.566,1,8.431,1,637.8,1,8.431,1,34.566,1
5905612,2025-12-09T18:36:20Z,1,-24.95203,156.57744,1,639.7,1,34.554,1,8.356,1,639.7,1,8.356,1,34.554,1
5905612,2025-12-09T18:36:20Z,1,-24.95203,156.57744,1,641.7,1,34.55,1,8.336,1,641.7,1,8.336,1,34.55,1
5905612,2025-12-09T18:36:20Z,1,-24.95203,156.57744,1,643.7,1,34.547,1,8.303,1,643.7,1,8.303,1,34.547,1
5905612,2025-12-09T18:36:20Z,1,-24.95203,156.57744,1,645.7,1,34.543,1,8.27,1,645.7,1,8.27,1,34.543,1
5905612,2025-12-09T18:36:20Z,1,-24.95203,156.57744,1,647.7,1,34.536,1,8.212,1,647.7,1,8.212,1,34.536,1
5905612,2025-12-09T18:36:20Z,1,-24.95203,156.57744,1,649.5,1,34.531,1,8.162,1,649.5,1,8.162,1,34.531,1
5905612,2025-12-09T18:36:20Z,1,-24.95203,156.57744,1,651.4,1,34.527,1,8.136,1,651.4,1,8.136,1,34.527,1
5905612,2025-12-09T18:36:20Z,1,-24.95203,156.57744,1,653.3,1,34.522,1,8.099,1,653.3,1,8.099,1,34.522,1
5905612,2025-12-09T18:36:20Z,1,-24.95203,156.57744,1,655.3,1,34.521,1,8.085,1,655.3,1,8.085,1,34.521,1
5905612,2025-12-09T18:36:20Z,1,-24.95203,156.57744,1,657.3,1,34.513,1,8.015,1,657.3,1,8.015,1,34.513,1
5905612,2025-12-09T18:36:20Z,1,-24.95203,156.57744,1,659.6,1,34.505,1,7.956,1,659.6,1,7.956,1,34.505,1
5905612,2025-12-09T18:36:20Z,1,-24.95203,156.57744,1,661.6,1,34.501,1,7.907,1,661.6,1,7.907,1,34.501,1
5905612,2025-12-09T18:36:20Z,1,-24.95203,156.57744,1,663.6,1,34.5,1,7.873,1,663.6,1,7.873,1,34.5,1
5905612,2025-12-09T18:36:20Z,1,-24.95203,156.57744,1,665.6,1,34.499,1,7.852,1,665.6,1,7.852,1,34.499,1
5905612,2025-12-09T18:36:20Z,1,-24.95203,156.57744,1,667.6,1,34.492,1,7.802,1,667.6,1,7.802,1,34.492,1
5905612,2025-12-09T18:36:20Z,1,-24.95203,156.57744,1,669.7,1,34.486,1,7.752,1,669.7,1,7.752,1,34.486,1
5905612,2025-12-09T18:36:20Z,1,-24.95203,156.57744,1,671.3,1,34.486,1,7.75,1,671.3,1,7.75,1,34.486,1
5905612,2025-12-09T18:36:20Z,1,-24.95203,156.57744,1,673.3,1,34.484,1,7.734,1,673.3,1,7.734,1,34.484,1
5905612,2025-12-09T18:36:20Z,1,-24.95203,156.57744,1,675.4,1,34.484,1,7.705,1,675.4,1,7.705,1,34.484,1
5905612,2025-12-09T18:36:20Z,1,-24.95203,156.57744,1,677.4,1,34.48,1,7.684,1,677.4,1,7.684,1,34.48,1
5905612,2025-12-09T18:36:20Z,1,-24.95203,156.57744,1,679.4,1,34.478,1,7.663,1,679.4,1,7.663,1,34.478,1
5905612,2025-12-09T18:36:20Z,1,-24.95203,156.57744,1,681.5,1,34.476,1,7.645,1,681.5,1,7.645,1,34.476,1
5905612,2025-12-09T18:36:20Z,1,-24.95203,156.57744,1,683.7,1,34.478,1,7.642,1,683.7,1,7.642,1,34.478,1
5905612,2025-12-09T18:36:20Z,1,-24.95203,156.57744,1,685.4,1,34.481,1,7.641,1,685.4,1,7.641,1,34.481,1
5905612,2025-12-09T18:36:20Z,1,-24.95203,156.57744,1,687.2,1,34.48,1,7.634,1,687.2,1,7.634,1,34.48,1
5905612,2025-12-09T18:36:20Z,1,-24.95203,156.57744,1,689.4,1,34.484,1,7.63,1,689.4,1,7.63,1,34.484,1
5905612,2025-12-09T18:36:20Z,1,-24.95203,156.57744,1,691.6,1,34.482,1,7.6,1,691.6,1,7.6,1,34.482,1
5905612,2025-12-09T18:36:20Z,1,-24.95203,156.57744,1,693.3,1,34.485,1,7.603,1,693.3,1,7.603,1,34.485,1
5905612,2025-12-09T18:36:20Z,1,-24.95203,156.57744,1,695.1,1,34.486,1,7.597,1,695.1,1,7.597,1,34.486,1
5905612,2025-12-09T18:36:20Z,1,-24.95203,156.57744,1,697.5,1,34.48,1,7.537,1,697.5,1,7.537,1,34.48,1
5905612,2025-12-09T18:36:20Z,1,-24.95203,156.57744,1,699.7,1,34.477,1,7.497,1,699.7,1,7.497,1,34.477,1
5905612,2025-12-09T18:36:20Z,1,-24.95203,156.57744,1,701.5,1,34.476,1,7.479,1,701.5,1,7.479,1,34.476,1
5905612,2025-12-09T18:36:20Z,1,-24.95203,156.57744,1,703.4,1,34.476,1,7.473,1,703.4,1,7.473,1,34.476,1
5905612,2025-12-09T18:36:20Z,1,-24.95203,156.57744,1,705.3,1,34.476,1,7.471,1,705.3,1,7.471,1,34.476,1
5905612,2025-12-09T18:36:20Z,1,-24.95203,156.57744,1,707.1,1,34.477,1,7.472,1,707.1,1,7.472,1,34.477,1
5905612,2025-12-09T18:36:20Z,1,-24.95203,156.57744,1,709.4,1,34.475,1,7.451,1,709.4,1,7.451,1,34.475,1
5905612,2025-12-09T18:36:20Z,1,-24.95203,156.57744,1,711.8,1,34.471,1,7.407,1,711.8,1,7.407,1,34.471,1
5905612,2025-12-09T18:36:20Z,1,-24.95203,156.57744,1,713.7,1,34.472,1,7.386,1,713.7,1,7.386,1,34.472,1
5905612,2025-12-09T18:36:20Z,1,-24.95203,156.57744,1,715.6,1,34.462,1,7.323,1,715.6,1,7.323,1,34.462,1
5905612,2025-12-09T18:36:20Z,1,-24.95203,156.57744,1,717.5,1,34.466,1,7.335,1,717.5,1,7.335,1,34.466,1
5905612,2025-12-09T18:36:20Z,1,-24.95203,156.57744,1,719.4,1,34.472,1,7.354,1,719.4,1,7.354,1,34.472,1
5905612,2025-12-09T18:36:20Z,1,-24.95203,156.57744,1,721.4,1,34.47,1,7.307,1,721.4,1,7.307,1,34.47,1
5905612,2025-12-09T18:36:20Z,1,-24.95203,156.57744,1,723.3,1,34.467,1,7.271,1,723.3,1,7.271,1,34.467,1
5905612,2025-12-09T18:36:20Z,1,-24.95203,156.57744,1,725.3,1,34.465,1,7.271,1,725.3,1,7.271,1,34.465,1
5905612,2025-12-09T18:36:20Z,1,-24.95203,156.57744,1,727.2,1,34.468,1,7.275,1,727.2,1,7.275,1,34.468,1
5905612,2025-12-09T18:36:20Z,1,-24.95203,156.57744,1,729.1,1,34.468,1,7.277,1,729.1,1,7.277,1,34.468,1
5905612,2025-12-09T18:36:20Z,1,-24.95203,156.57744,1,731.1,1,34.469,1,7.28,1,731.1,1,7.28,1,34.469,1
5905612,2025-12-09T18:36:20Z,1,-24.95203,156.57744,1,733.4,1,34.47,1,7.263,1,733.4,1,7.263,1,34.47,1
5905612,2025-12-09T18:36:20Z,1,-24.95203,156.57744,1,735.8,1,34.466,1,7.22,1,735.8,1,7.22,1,34.466,1
5905612,2025-12-09T18:36:20Z,1,-24.95203,156.57744,1,737.8,1,34.462,1,7.176,1,737.8,1,7.176,1,34.462,1
5905612,2025-12-09T18:36:20Z,1,-24.95203,156.57744,1,739.7,1,34.457,1,7.128,1,739.7,1,7.128,1,34.457,1
5905612,2025-12-09T18:36:20Z,1,-24.95203,156.57744,1,741.6,1,34.456,1,7.103,1,741.6,1,7.103,1,34.456,1
5905612,2025-12-09T18:36:20Z,1,-24.95203,156.57744,1,743.5,1,34.452,1,7.074,1,743.5,1,7.074,1,34.452,1
5905612,2025-12-09T18:36:20Z,1,-24.95203,156.57744,1,745.4,1,34.45,1,7.062,1,745.4,1,7.062,1,34.45,1
5905612,2025-12-09T18:36:20Z,1,-24.95203,156.57744,1,747.3,1,34.449,1,7.056,1,747.3,1,7.056,1,34.449,1
5905612,2025-12-09T18:36:20Z,1,-24.95203,156.57744,1,749.2,1,34.449,1,7.023,1,749.2,1,7.023,1,34.449,1
5905612,2025-12-09T18:36:20Z,1,-24.95203,156.57744,1,751.1,1,34.448,1,7.011,1,751.1,1,7.011,1,34.448,1
5905612,2025-12-09T18:36:20Z,1,-24.95203,156.57744,1,753.0,1,34.452,1,7.008,1,753.0,1,7.008,1,34.452,1
5905612,2025-12-09T18:36:20Z,1,-24.95203,156.57744,1,755.4,1,34.455,1,7.003,1,755.4,1,7.003,1,34.455,1
5905612,2025-12-09T18:36:20Z,1,-24.95203,156.57744,1,757.8,1,34.456,1,7.001,1,757.8,1,7.001,1,34.456,1
5905612,2025-12-09T18:36:20Z,1,-24.95203,156.57744,1,759.6,1,34.457,1,6.997,1,759.6,1,6.997,1,34.457,1
5905612,2025-12-09T18:36:20Z,1,-24.95203,156.57744,1,761.4,1,34.458,1,6.977,1,761.4,1,6.977,1,34.458,1
5905612,2025-12-09T18:36:20Z,1,-24.95203,156.57744,1,763.3,1,34.455,1,6.961,1,763.3,1,6.961,1,34.455,1
5905612,2025-12-09T18:36:20Z,1,-24.95203,156.57744,1,765.1,1,34.454,1,6.929,1,765.1,1,6.929,1,34.454,1
5905612,2025-12-09T18:36:20Z,1,-24.95203,156.57744,1,767.5,1,34.449,1,6.889,1,767.5,1,6.889,1,34.449,1
5905612,2025-12-09T18:36:20Z,1,-24.95203,156.57744,1,769.8,1,34.445,1,6.847,1,769.8,1,6.847,1,34.445,1
5905612,2025-12-09T18:36:20Z,1,-24.95203,156.57744,1,771.7,1,34.442,1,6.806,1,771.7,1,6.806,1,34.442,1
5905612,2025-12-09T18:36:20Z,1,-24.95203,156.57744,1,773.5,1,34.441,1,6.799,1,773.5,1,6.799,1,34.441,1
5905612,2025-12-09T18:36:20Z,1,-24.95203,156.57744,1,775.4,1,34.439,1,6.786,1,775.4,1,6.786,1,34.439,1
5905612,2025-12-09T18:36:20Z,1,-24.95203,156.57744,1,777.2,1,34.439,1,6.779,1,777.2,1,6.779,1,34.439,1
5905612,2025-12-09T18:36:20Z,1,-24.95203,156.57744,1,779.1,1,34.438,1,6.773,1,779.1,1,6.773,1,34.438,1
5905612,2025-12-09T18:36:20Z,1,-24.95203,156.57744,1,781.4,1,34.439,1,6.764,1,781.4,1,6.764,1,34.439,1
5905612,2025-12-09T18:36:20Z,1,-24.95203,156.57744,1,783.6,1,34.439,1,6.748,1,783.6,1,6.748,1,34.439,1
5905612,2025-12-09T18:36:20Z,1,-24.95203,156.57744,1,785.5,1,34.437,1,6.696,1,785.5,1,6.696,1,34.437,1
5905612,2025-12-09T18:36:20Z,1,-24.95203,156.57744,1,787.3,1,34.435,1,6.677,1,787.3,1,6.677,1,34.435,1
5905612,2025-12-09T18:36:20Z,1,-24.95203,156.57744,1,789.3,1,34.434,1,6.652,1,789.3,1,6.652,1,34.434,1
5905612,2025-12-09T18:36:20Z,1,-24.95203,156.57744,1,791.2,1,34.432,1,6.635,1,791.2,1,6.635,1,34.432,1
5905612,2025-12-09T18:36:20Z,1,-24.95203,156.57744,1,793.2,1,34.432,1,6.614,1,793.2,1,6.614,1,34.432,1
5905612,2025-12-09T18:36:20Z,1,-24.95203,156.57744,1,795.1,1,34.431,1,6.602,1,795.1,1,6.602,1,34.431,1
5905612,2025-12-09T18:36:20Z,1,-24.95203,156.57744,1,797.0,1,34.43,1,6.588,1,797.0,1,6.588,1,34.43,1
5905612,2025-12-09T18:36:20Z,1,-24.95203,156.57744,1,799.4,1,34.429,1,6.553,1,799.4,1,6.553,1,34.429,1
5905612,2025-12-09T18:36:20Z,1,-24.95203,156.57744,1,801.9,1,34.428,1,6.511,1,801.9,1,6.511,1,34.428,1
5905612,2025-12-09T18:36:20Z,1,-24.95203,156.57744,1,803.8,1,34.428,1,6.496,1,803.8,1,6.496,1,34.428,1
5905612,2025-12-09T18:36:20Z,1,-24.95203,156.57744,1,805.9,1,34.427,1,6.473,1,805.9,1,6.473,1,34.427,1
5905612,2025-12-09T18:36:20Z,1,-24.95203,156.57744,1,807.8,1,34.426,1,6.455,1,807.8,1,6.455,1,34.426,1
5905612,2025-12-09T18:36:20Z,1,-24.95203,156.57744,1,809.8,1,34.426,1,6.448,1,809.8,1,6.448,1,34.426,1
5905612,2025-12-09T18:36:20Z,1,-24.95203,156.57744,1,811.8,1,34.426,1,6.435,1,811.8,1,6.435,1,34.426,1
5905612,2025-12-09T18:36:20Z,1,-24.95203,156.57744,1,813.8,1,34.427,1,6.426,1,813.8,1,6.426,1,34.427,1
5905612,2025-12-09T18:36:20Z,1,-24.95203,156.57744,1,815.9,1,34.427,1,6.407,1,815.9,1,6.407,1,34.427,1
5905612,2025-12-09T18:36:20Z,1,-24.95203,156.57744,1,817.9,1,34.428,1,6.377,1,817.9,1,6.377,1,34.428,1
5905612,2025-12-09T18:36:20Z,1,-24.95203,156.57744,1,819.9,1,34.429,1,6.36,1,819.9,1,6.36,1,34.429,1
5905612,2025-12-09T18:36:20Z,1,-24.95203,156.57744,1,821.4,1,34.43,1,6.363,1,821.4,1,6.363,1,34.43,1
5905612,2025-12-09T18:36:20Z,1,-24.95203,156.57744,1,823.0,1,34.434,1,6.371,1,823.0,1,6.371,1,34.434,1
5905612,2025-12-09T18:36:20Z,1,-24.95203,156.57744,1,825.0,1,34.434,1,6.364,1,825.0,1,6.364,1,34.434,1
5905612,2025-12-09T18:36:20Z,1,-24.95203,156.57744,1,827.1,1,34.435,1,6.362,1,827.1,1,6.362,1,34.435,1
5905612,2025-12-09T18:36:20Z,1,-24.95203,156.57744,1,829.2,1,34.434,1,6.347,1,829.2,1,6.347,1,34.434,1
5905612,2025-12-09T18:36:20Z,1,-24.95203,156.57744,1,831.3,1,34.435,1,6.311,1,831.3,1,6.311,1,34.435,1
5905612,2025-12-09T18:36:20Z,1,-24.95203,156.57744,1,833.4,1,34.434,1,6.296,1,833.4,1,6.296,1,34.434,1
5905612,2025-12-09T18:36:20Z,1,-24.95203,156.57744,1,835.6,1,34.433,1,6.29,1,835.6,1,6.29,1,34.433,1
5905612,2025-12-09T18:36:20Z,1,-24.95203,156.57744,1,837.8,1,34.431,1,6.265,1,837.8,1,6.265,1,34.431,1
5905612,2025-12-09T18:36:20Z,1,-24.95203,156.57744,1,839.4,1,34.429,1,6.239,1,839.4,1,6.239,1,34.429,1
5905612,2025-12-09T18:36:20Z,1,-24.95203,156.57744,1,841.0,1,34.428,1,6.203,1,841.0,1,6.203,1,34.428,1
5905612,2025-12-09T18:36:20Z,1,-24.95203,156.57744,1,843.2,1,34.428,1,6.179,1,843.2,1,6.179,1,34.428,1
5905612,2025-12-09T18:36:20Z,1,-24.95203,156.57744,1,845.3,1,34.431,1,6.173,1,845.3,1,6.173,1,34.431,1
5905612,2025-12-09T18:36:20Z,1,-24.95203,156.57744,1,847.5,1,34.434,1,6.174,1,847.5,1,6.174,1,34.434,1
5905612,2025-12-09T18:36:20Z,1,-24.95203,156.57744,1,849.6,1,34.433,1,6.165,1,849.6,1,6.165,1,34.433,1
5905612,2025-12-09T18:36:20Z,1,-24.95203,156.57744,1,851.8,1,34.432,1,6.151,1,851.8,1,6.151,1,34.432,1
5905612,2025-12-09T18:36:20Z,1,-24.95203,156.57744,1,853.5,1,34.432,1,6.14,1,853.5,1,6.14,1,34.432,1
5905612,2025-12-09T18:36:20Z,1,-24.95203,156.57744,1,855.1,1,34.43,1,6.117,1,855.1,1,6.117,1,34.43,1
5905612,2025-12-09T18:36:20Z,1,-24.95203,156.57744,1,857.3,1,34.426,1,6.079,1,857.3,1,6.079,1,34.426,1
5905612,2025-12-09T18:36:20Z,1,-24.95203,156.57744,1,859.5,1,34.427,1,6.077,1,859.5,1,6.077,1,34.427,1
5905612,2025-12-09T18:36:20Z,1,-24.95203,156.57744,1,861.7,1,34.427,1,6.072,1,861.7,1,6.072,1,34.427,1
5905612,2025-12-09T18:36:20Z,1,-24.95203,156.57744,1,863.4,1,34.43,1,6.056,1,863.4,1,6.056,1,34.43,1
5905612,2025-12-09T18:36:20Z,1,-24.95203,156.57744,1,865.0,1,34.425,1,6.005,1,865.0,1,6.005,1,34.425,1
5905612,2025-12-09T18:36:20Z,1,-24.95203,156.57744,1,867.2,1,34.423,1,5.967,1,867.2,1,5.967,1,34.423,1
5905612,2025-12-09T18:36:20Z,1,-24.95203,156.57744,1,869.4,1,34.422,1,5.952,1,869.4,1,5.952,1,34.422,1
5905612,2025-12-09T18:36:20Z,1,-24.95203,156.57744,1,871.5,1,34.422,1,5.933,1,871.5,1,5.933,1,34.422,1
5905612,2025-12-09T18:36:20Z,1,-24.95203,156.57744,1,873.7,1,34.422,1,5.931,1,873.7,1,5.931,1,34.422,1
5905612,2025-12-09T18:36:20Z,1,-24.95203,156.57744,1,875.8,1,34.422,1,5.925,1,875.8,1,5.925,1,34.422,1
5905612,2025-12-09T18:36:20Z,1,-24.95203,156.57744,1,877.5,1,34.422,1,5.92,1,877.5,1,5.92,1,34.422,1
5905612,2025-12-09T18:36:20Z,1,-24.95203,156.57744,1,879.0,1,34.422,1,5.914,1,879.0,1,5.914,1,34.422,1
5905612,2025-12-09T18:36:20Z,1,-24.95203,156.57744,1,881.2,1,34.422,1,5.892,1,881.2,1,5.892,1,34.422,1
5905612,2025-12-09T18:36:20Z,1,-24.95203,156.57744,1,883.3,1,34.422,1,5.87,1,883.3,1,5.87,1,34.422,1
5905612,2025-12-09T18:36:20Z,1,-24.95203,156.57744,1,885.5,1,34.421,1,5.858,1,885.5,1,5.858,1,34.421,1
5905612,2025-12-09T18:36:20Z,1,-24.95203,156.57744,1,887.6,1,34.42,1,5.844,1,887.6,1,5.844,1,34.42,1
5905612,2025-12-09T18:36:20Z,1,-24.95203,156.57744,1,889.8,1,34.42,1,5.83,1,889.8,1,5.83,1,34.42,1
5905612,2025-12-09T18:36:20Z,1,-24.95203,156.57744,1,891.5,1,34.42,1,5.819,1,891.5,1,5.819,1,34.42,1
5905612,2025-12-09T18:36:20Z,1,-24.95203,156.57744,1,893.0,1,34.42,1,5.816,1,893.0,1,5.816,1,34.42,1
5905612,2025-12-09T18:36:20Z,1,-24.95203,156.57744,1,895.1,1,34.42,1,5.796,1,895.1,1,5.796,1,34.42,1
5905612,2025-12-09T18:36:20Z,1,-24.95203,156.57744,1,897.2,1,34.419,1,5.785,1,897.2,1,5.785,1,34.419,1
5905612,2025-12-09T18:36:20Z,1,-24.95203,156.57744,1,899.4,1,34.42,1,5.759,1,899.4,1,5.759,1,34.42,1
5905612,2025-12-09T18:36:20Z,1,-24.95203,156.57744,1,901.5,1,34.42,1,5.741,1,901.5,1,5.741,1,34.42,1
5905612,2025-12-09T18:36:20Z,1,-24.95203,156.57744,1,903.7,1,34.42,1,5.727,1,903.7,1,5.727,1,34.42,1
5905612,2025-12-09T18:36:20Z,1,-24.95203,156.57744,1,905.8,1,34.419,1,5.711,1,905.8,1,5.711,1,34.419,1
5905612,2025-12-09T18:36:20Z,1,-24.95203,156.57744,1,907.5,1,34.419,1,5.682,1,907.5,1,5.682,1,34.419,1
5905612,2025-12-09T18:36:20Z,1,-24.95203,156.57744,1,909.1,1,34.419,1,5.677,1,909.1,1,5.677,1,34.419,1
5905612,2025-12-09T18:36:20Z,1,-24.95203,156.57744,1,911.2,1,34.42,1,5.661,1,911.2,1,5.661,1,34.42,1
5905612,2025-12-09T18:36:20Z,1,-24.95203,156.57744,1,913.2,1,34.419,1,5.634,1,913.2,1,5.634,1,34.419,1
5905612,2025-12-09T18:36:20Z,1,-24.95203,156.57744,1,915.4,1,34.419,1,5.624,1,915.4,1,5.624,1,34.419,1
5905612,2025-12-09T18:36:20Z,1,-24.95203,156.57744,1,917.5,1,34.419,1,5.606,1,917.5,1,5.606,1,34.419,1
5905612,2025-12-09T18:36:20Z,1,-24.95203,156.57744,1,919.6,1,34.42,1,5.578,1,919.6,1,5.578,1,34.42,1
5905612,2025-12-09T18:36:20Z,1,-24.95203,156.57744,1,921.7,1,34.418,1,5.565,1,921.7,1,5.565,1,34.418,1
5905612,2025-12-09T18:36:20Z,1,-24.95203,156.57744,1,923.8,1,34.419,1,5.55,1,923.8,1,5.55,1,34.419,1
5905612,2025-12-09T18:36:20Z,1,-24.95203,156.57744,1,925.8,1,34.419,1,5.544,1,925.8,1,5.544,1,34.419,1
5905612,2025-12-09T18:36:20Z,1,-24.95203,156.57744,1,927.4,1,34.419,1,5.537,1,927.4,1,5.537,1,34.419,1
5905612,2025-12-09T18:36:20Z,1,-24.95203,156.57744,1,929.0,1,34.418,1,5.534,1,929.0,1,5.534,1,34.418,1
5905612,2025-12-09T18:36:20Z,1,-24.95203,156.57744,1,931.1,1,34.419,1,5.527,1,931.1,1,5.527,1,34.419,1
5905612,2025-12-09T18:36:20Z,1,-24.95203,156.57744,1,933.1,1,34.419,1,5.512,1,933.1,1,5.512,1,34.419,1
5905612,2025-12-09T18:36:20Z,1,-24.95203,156.57744,1,935.2,1,34.42,1,5.491,1,935.2,1,5.491,1,34.42,1
5905612,2025-12-09T18:36:20Z,1,-24.95203,156.57744,1,937.2,1,34.421,1,5.487,1,937.2,1,5.487,1,34.421,1
5905612,2025-12-09T18:36:20Z,1,-24.95203,156.57744,1,939.3,1,34.42,1,5.482,1,939.3,1,5.482,1,34.42,1
5905612,2025-12-09T18:36:20Z,1,-24.95203,156.57744,1,941.3,1,34.424,1,5.435,1,941.3,1,5.435,1,34.424,1
5905612,2025-12-09T18:36:20Z,1,-24.95203,156.57744,1,943.3,1,34.422,1,5.404,1,943.3,1,5.404,1,34.422,1
5905612,2025-12-09T18:36:20Z,1,-24.95203,156.57744,1,945.5,1,34.423,1,5.388,1,945.5,1,5.388,1,34.423,1
5905612,2025-12-09T18:36:20Z,1,-24.95203,156.57744,1,947.4,1,34.424,1,5.375,1,947.4,1,5.375,1,34.424,1
5905612,2025-12-09T18:36:20Z,1,-24.95203,156.57744,1,949.3,1,34.424,1,5.369,1,949.3,1,5.369,1,34.424,1
5905612,2025-12-09T18:36:20Z,1,-24.95203,156.57744,1,951.5,1,34.425,1,5.356,1,951.5,1,5.356,1,34.425,1
5905612,2025-12-09T18:36:20Z,1,-24.95203,156.57744,1,953.6,1,34.425,1,5.353,1,953.6,1,5.353,1,34.425,1
5905612,2025-12-09T18:36:20Z,1,-24.95203,156.57744,1,955.7,1,34.425,1,5.348,1,955.7,1,5.348,1,34.425,1
5905612,2025-12-09T18:36:20Z,1,-24.95203,156.57744,1,957.7,1,34.425,1,5.345,1,957.7,1,5.345,1,34.425,1
5905612,2025-12-09T18:36:20Z,1,-24.95203,156.57744,1,959.7,1,34.425,1,5.336,1,959.7,1,5.336,1,34.425,1
5905612,2025-12-09T18:36:20Z,1,-24.95203,156.57744,1,961.7,1,34.428,1,5.315,1,961.7,1,5.315,1,34.428,1
5905612,2025-12-09T18:36:20Z,1,-24.95203,156.57744,1,963.8,1,34.427,1,5.304,1,963.8,1,5.304,1,34.427,1
5905612,2025-12-09T18:36:20Z,1,-24.95203,156.57744,1,965.9,1,34.429,1,5.287,1,965.9,1,5.287,1,34.429,1
5905612,2025-12-09T18:36:20Z,1,-24.95203,156.57744,1,967.9,1,34.429,1,5.276,1,967.9,1,5.276,1,34.429,1
5905612,2025-12-09T18:36:20Z,1,-24.95203,156.57744,1,969.5,1,34.43,1,5.259,1,969.5,1,5.259,1,34.43,1
5905612,2025-12-09T18:36:20Z,1,-24.95203,156.57744,1,971.0,1,34.431,1,5.246,1,971.0,1,5.246,1,34.431,1
5905612,2025-12-09T18:36:20Z,1,-24.95203,156.57744,1,973.1,1,34.432,1,5.222,1,973.1,1,5.222,1,34.432,1
5905612,2025-12-09T18:36:20Z,1,-24.95203,156.57744,1,975.2,1,34.432,1,5.2,1,975.2,1,5.2,1,34.432,1
5905612,2025-12-09T18:36:20Z,1,-24.95203,156.57744,1,977.3,1,34.432,1,5.197,1,977.3,1,5.197,1,34.432,1
5905612,2025-12-09T18:36:20Z,1,-24.95203,156.57744,1,979.2,1,34.433,1,5.188,1,979.2,1,5.188,1,34.433,1
5905612,2025-12-09T18:36:20Z,1,-24.95203,156.57744,1,981.3,1,34.435,1,5.16,1,981.3,1,5.16,1,34.435,1
5905612,2025-12-09T18:36:20Z,1,-24.95203,156.57744,1,983.6,1,34.435,1,5.141,1,983.6,1,5.141,1,34.435,1
5905612,2025-12-09T18:36:20Z,1,-24.95203,156.57744,1,985.6,1,34.435,1,5.13,1,985.6,1,5.13,1,34.435,1
5905612,2025-12-09T18:36:20Z,1,-24.95203,156.57744,1,987.5,1,34.435,1,5.115,1,987.5,1,5.115,1,34.435,1
5905612,2025-12-09T18:36:20Z,1,-24.95203,156.57744,1,989.6,1,34.436,1,5.098,1,989.6,1,5.098,1,34.436,1
5905612,2025-12-09T18:36:20Z,1,-24.95203,156.57744,1,991.6,1,34.436,1,5.082,1,991.6,1,5.082,1,34.436,1
5905612,2025-12-09T18:36:20Z,1,-24.95203,156.57744,1,993.6,1,34.437,1,5.071,1,993.6,1,5.071,1,34.437,1
5905612,2025-12-09T18:36:20Z,1,-24.95203,156.57744,1,995.6,1,34.437,1,5.056,1,995.6,1,5.056,1,34.437,1
5905612,2025-12-09T18:36:20Z,1,-24.95203,156.57744,1,997.6,1,34.439,1,5.034,1,997.6,1,5.034,1,34.439,1
5905612,2025-12-09T18:36:20Z,1,-24.95203,156.57744,1,999.3,1,34.439,1,5.029,1,999.3,1,5.029,1,34.439,1
5905612,2025-12-09T18:36:20Z,1,-24.95203,156.57744,1,1001.3,1,34.439,1,5.024,1,1001.3,1,5.024,1,34.439,1
5905612,2025-12-09T18:36:20Z,1,-24.95203,156.57744,1,1003.4,1,34.442,1,4.999,1,1003.4,1,4.999,1,34.442,1
5905612,2025-12-09T18:36:20Z,1,-24.95203,156.57744,1,1005.4,1,34.441,1,4.979,1,1005.4,1,4.979,1,34.441,1
5905612,2025-12-09T18:36:20Z,1,-24.95203,156.57744,1,1007.5,1,34.441,1,4.972,1,1007.5,1,4.972,1,34.441,1
5905612,2025-12-09T18:36:20Z,1,-24.95203,156.57744,1,1009.6,1,34.442,1,4.966,1,1009.6,1,4.966,1,34.442,1
5905612,2025-12-09T18:36:20Z,1,-24.95203,156.57744,1,1011.7,1,34.442,1,4.959,1,1011.7,1,4.959,1,34.442,1
5905612,2025-12-09T18:36:20Z,1,-24.95203,156.57744,1,1013.4,1,34.443,1,4.945,1,1013.4,1,4.945,1,34.443,1
5905612,2025-12-09T18:36:20Z,1,-24.95203,156.57744,1,1015.5,1,34.443,1,4.929,1,1015.5,1,4.929,1,34.443,1
5905612,2025-12-09T18:36:20Z,1,-24.95203,156.57744,1,1017.7,1,34.444,1,4.924,1,1017.7,1,4.924,1,34.444,1
5905612,2025-12-09T18:36:20Z,1,-24.95203,156.57744,1,1019.5,1,34.444,1,4.916,1,1019.5,1,4.916,1,34.444,1
5905612,2025-12-09T18:36:20Z,1,-24.95203,156.57744,1,1021.2,1,34.445,1,4.905,1,1021.2,1,4.905,1,34.445,1
5905612,2025-12-09T18:36:20Z,1,-24.95203,156.57744,1,1023.4,1,34.445,1,4.896,1,1023.4,1,4.896,1,34.445,1
5905612,2025-12-09T18:36:20Z,1,-24.95203,156.57744,1,1025.6,1,34.446,1,4.887,1,1025.6,1,4.887,1,34.446,1
5905612,2025-12-09T18:36:20Z,1,-24.95203,156.57744,1,1027.4,1,34.447,1,4.872,1,1027.4,1,4.872,1,34.447,1
5905612,2025-12-09T18:36:20Z,1,-24.95203,156.57744,1,1029.2,1,34.447,1,4.868,1,1029.2,1,4.868,1,34.447,1
5905612,2025-12-09T18:36:20Z,1,-24.95203,156.57744,1,1031.0,1,34.448,1,4.86,1,1031.0,1,4.86,1,34.448,1
5905612,2025-12-09T18:36:20Z,1,-24.95203,156.57744,1,1033.4,1,34.447,1,4.851,1,1033.4,1,4.851,1,34.447,1
5905612,2025-12-09T18:36:20Z,1,-24.95203,156.57744,1,1035.7,1,34.448,1,4.844,1,1035.7,1,4.844,1,34.448,1
5905612,2025-12-09T18:36:20Z,1,-24.95203,156.57744,1,1037.6,1,34.449,1,4.838,1,1037.6,1,4.838,1,34.449,1
5905612,2025-12-09T18:36:20Z,1,-24.95203,156.57744,1,1039.6,1,34.448,1,4.838,1,1039.6,1,4.838,1,34.448,1
5905612,2025-12-09T18:36:20Z,1,-24.95203,156.57744,1,1041.6,1,34.449,1,4.835,1,1041.6,1,4.835,1,34.449,1
5905612,2025-12-09T18:36:20Z,1,-24.95203,156.57744,1,1043.5,1,34.449,1,4.833,1,1043.5,1,4.833,1,34.449,1
5905612,2025-12-09T18:36:20Z,1,-24.95203,156.57744,1,1045.5,1,34.448,1,4.835,1,1045.5,1,4.835,1,34.448,1
5905612,2025-12-09T18:36:20Z,1,-24.95203,156.57744,1,1047.5,1,34.449,1,4.833,1,1047.5,1,4.833,1,34.449,1
5905612,2025-12-09T18:36:20Z,1,-24.95203,156.57744,1,1049.5,1,34.449,1,4.829,1,1049.5,1,4.829,1,34.449,1
5905612,2025-12-09T18:36:20Z,1,-24.95203,156.57744,1,1051.5,1,34.45,1,4.822,1,1051.5,1,4.822,1,34.45,1
5905612,2025-12-09T18:36:20Z,1,-24.95203,156.57744,1,1053.4,1,34.449,1,4.811,1,1053.4,1,4.811,1,34.449,1
5905612,2025-12-09T18:36:20Z,1,-24.95203,156.57744,1,1055.4,1,34.45,1,4.801,1,1055.4,1,4.801,1,34.45,1
5905612,2025-12-09T18:36:20Z,1,-24.95203,156.57744,1,1057.4,1,34.451,1,4.788,1,1057.4,1,4.788,1,34.451,1
5905612,2025-12-09T18:36:20Z,1,-24.95203,156.57744,1,1059.4,1,34.452,1,4.779,1,1059.4,1,4.779,1,34.452,1
5905612,2025-12-09T18:36:20Z,1,-24.95203,156.57744,1,1061.4,1,34.452,1,4.771,1,1061.4,1,4.771,1,34.452,1
5905612,2025-12-09T18:36:20Z,1,-24.95203,156.57744,1,1063.5,1,34.453,1,4.765,1,1063.5,1,4.765,1,34.453,1
5905612,2025-12-09T18:36:20Z,1,-24.95203,156.57744,1,1065.5,1,34.453,1,4.756,1,1065.5,1,4.756,1,34.453,1
5905612,2025-12-09T18:36:20Z,1,-24.95203,156.57744,1,1067.6,1,34.454,1,4.744,1,1067.6,1,4.744,1,34.454,1
5905612,2025-12-09T18:36:20Z,1,-24.95203,156.57744,1,1069.7,1,34.453,1,4.739,1,1069.7,1,4.739,1,34.453,1
5905612,2025-12-09T18:36:20Z,1,-24.95203,156.57744,1,1071.8,1,34.454,1,4.722,1,1071.8,1,4.722,1,34.454,1
5905612,2025-12-09T18:36:20Z,1,-24.95203,156.57744,1,1073.9,1,34.456,1,4.702,1,1073.9,1,4.702,1,34.456,1
5905612,2025-12-09T18:36:20Z,1,-24.95203,156.57744,1,1075.5,1,34.456,1,4.691,1,1075.5,1,4.691,1,34.456,1
5905612,2025-12-09T18:36:20Z,1,-24.95203,156.57744,1,1077.0,1,34.456,1,4.682,1,1077.0,1,4.682,1,34.456,1
5905612,2025-12-09T18:36:20Z,1,-24.95203,156.57744,1,1079.1,1,34.456,1,4.673,1,1079.1,1,4.673,1,34.456,1
5905612,2025-12-09T18:36:20Z,1,-24.95203,156.57744,1,1081.2,1,34.457,1,4.664,1,1081.2,1,4.664,1,34.457,1
5905612,2025-12-09T18:36:20Z,1,-24.95203,156.57744,1,1083.3,1,34.457,1,4.652,1,1083.3,1,4.652,1,34.457,1
5905612,2025-12-09T18:36:20Z,1,-24.95203,156.57744,1,1085.5,1,34.458,1,4.645,1,1085.5,1,4.645,1,34.458,1
5905612,2025-12-09T18:36:20Z,1,-24.95203,156.57744,1,1087.6,1,34.458,1,4.638,1,1087.6,1,4.638,1,34.458,1
5905612,2025-12-09T18:36:20Z,1,-24.95203,156.57744,1,1089.7,1,34.458,1,4.632,1,1089.7,1,4.632,1,34.458,1
5905612,2025-12-09T18:36:20Z,1,-24.95203,156.57744,1,1091.8,1,34.459,1,4.62,1,1091.8,1,4.62,1,34.459,1
5905612,2025-12-09T18:36:20Z,1,-24.95203,156.57744,1,1093.4,1,34.46,1,4.609,1,1093.4,1,4.609,1,34.46,1
5905612,2025-12-09T18:36:20Z,1,-24.95203,156.57744,1,1095.0,1,34.46,1,4.606,1,1095.0,1,4.606,1,34.46,1
5905612,2025-12-09T18:36:20Z,1,-24.95203,156.57744,1,1097.1,1,34.461,1,4.597,1,1097.1,1,4.597,1,34.461,1
5905612,2025-12-09T18:36:20Z,1,-24.95203,156.57744,1,1099.2,1,34.461,1,4.59,1,1099.2,1,4.59,1,34.461,1
5905612,2025-12-09T18:36:20Z,1,-24.95203,156.57744,1,1101.2,1,34.461,1,4.58,1,1101.2,1,4.58,1,34.461,1
5905612,2025-12-09T18:36:20Z,1,-24.95203,156.57744,1,1103.2,1,34.462,1,4.575,1,1103.2,1,4.575,1,34.462,1
5905612,2025-12-09T18:36:20Z,1,-24.95203,156.57744,1,1105.3,1,34.462,1,4.56,1,1105.3,1,4.56,1,34.462,1
5905612,2025-12-09T18:36:20Z,1,-24.95203,156.57744,1,1107.4,1,34.463,1,4.552,1,1107.4,1,4.552,1,34.463,1
5905612,2025-12-09T18:36:20Z,1,-24.95203,156.57744,1,1109.5,1,34.463,1,4.542,1,1109.5,1,4.542,1,34.463,1
5905612,2025-12-09T18:36:20Z,1,-24.95203,156.57744,1,1111.6,1,34.465,1,4.526,1,1111.6,1,4.526,1,34.465,1
5905612,2025-12-09T18:36:20Z,1,-24.95203,156.57744,1,1113.6,1,34.464,1,4.519,1,1113.6,1,4.519,1,34.464,1
5905612,2025-12-09T18:36:20Z,1,-24.95203,156.57744,1,1115.6,1,34.466,1,4.505,1,1115.6,1,4.505,1,34.466,1
5905612,2025-12-09T18:36:20Z,1,-24.95203,156.57744,1,1117.7,1,34.466,1,4.489,1,1117.7,1,4.489,1,34.466,1
5905612,2025-12-09T18:36:20Z,1,-24.95203,156.57744,1,1119.7,1,34.468,1,4.465,1,1119.7,1,4.465,1,34.468,1
5905612,2025-12-09T18:36:20Z,1,-24.95203,156.57744,1,1121.7,1,34.469,1,4.448,1,1121.7,1,4.448,1,34.469,1
5905612,2025-12-09T18:36:20Z,1,-24.95203,156.57744,1,1123.7,1,34.469,1,4.439,1,1123.7,1,4.439,1,34.469,1
5905612,2025-12-09T18:36:20Z,1,-24.95203,156.57744,1,1125.6,1,34.469,1,4.434,1,1125.6,1,4.434,1,34.469,1
5905612,2025-12-09T18:36:20Z,1,-24.95203,156.57744,1,1127.6,1,34.47,1,4.427,1,1127.6,1,4.427,1,34.47,1
5905612,2025-12-09T18:36:20Z,1,-24.95203,156.57744,1,1129.5,1,34.471,1,4.412,1,1129.5,1,4.412,1,34.471,1
5905612,2025-12-09T18:36:20Z,1,-24.95203,156.57744,1,1131.5,1,34.472,1,4.402,1,1131.5,1,4.402,1,34.472,1
5905612,2025-12-09T18:36:20Z,1,-24.95203,156.57744,1,1133.5,1,34.472,1,4.391,1,1133.5,1,4.391,1,34.472,1
5905612,2025-12-09T18:36:20Z,1,-24.95203,156.57744,1,1135.5,1,34.473,1,4.378,1,1135.5,1,4.378,1,34.473,1
5905612,2025-12-09T18:36:20Z,1,-24.95203,156.57744,1,1137.5,1,34.473,1,4.374,1,1137.5,1,4.374,1,34.473,1
5905612,2025-12-09T18:36:20Z,1,-24.95203,156.57744,1,1139.4,1,34.473,1,4.371,1,1139.4,1,4.371,1,34.473,1
5905612,2025-12-09T18:36:20Z,1,-24.95203,156.57744,1,1141.4,1,34.474,1,4.366,1,1141.4,1,4.366,1,34.474,1
5905612,2025-12-09T18:36:20Z,1,-24.95203,156.57744,1,1143.4,1,34.475,1,4.353,1,1143.4,1,4.353,1,34.475,1
5905612,2025-12-09T18:36:20Z,1,-24.95203,156.57744,1,1145.4,1,34.475,1,4.34,1,1145.4,1,4.34,1,34.475,1
5905612,2025-12-09T18:36:20Z,1,-24.95203,156.57744,1,1147.3,1,34.476,1,4.332,1,1147.3,1,4.332,1,34.476,1
5905612,2025-12-09T18:36:20Z,1,-24.95203,156.57744,1,1149.3,1,34.476,1,4.324,1,1149.3,1,4.324,1,34.476,1
5905612,2025-12-09T18:36:20Z,1,-24.95203,156.57744,1,1151.3,1,34.478,1,4.309,1,1151.3,1,4.309,1,34.478,1
5905612,2025-12-09T18:36:20Z,1,-24.95203,156.57744,1,1153.3,1,34.478,1,4.301,1,1153.3,1,4.301,1,34.478,1
5905612,2025-12-09T18:36:20Z,1,-24.95203,156.57744,1,1155.2,1,34.478,1,4.29,1,1155.2,1,4.29,1,34.478,1
5905612,2025-12-09T18:36:20Z,1,-24.95203,156.57744,1,1157.1,1,34.481,1,4.278,1,1157.1,1,4.278,1,34.481,1
5905612,2025-12-09T18:36:20Z,1,-24.95203,156.57744,1,1159.0,1,34.48,1,4.264,1,1159.0,1,4.264,1,34.48,1
5905612,2025-12-09T18:36:20Z,1,-24.95203,156.57744,1,1161.4,1,34.482,1,4.243,1,1161.4,1,4.243,1,34.482,1
5905612,2025-12-09T18:36:20Z,1,-24.95203,156.57744,1,1163.8,1,34.482,1,4.239,1,1163.8,1,4.239,1,34.482,1
5905612,2025-12-09T18:36:20Z,1,-24.95203,156.57744,1,1165.8,1,34.482,1,4.235,1,1165.8,1,4.235,1,34.482,1
5905612,2025-12-09T18:36:20Z,1,-24.95203,156.57744,1,1167.7,1,34.483,1,4.232,1,1167.7,1,4.232,1,34.483,1
5905612,2025-12-09T18:36:20Z,1,-24.95203,156.57744,1,1169.7,1,34.483,1,4.225,1,1169.7,1,4.225,1,34.483,1
5905612,2025-12-09T18:36:20Z,1,-24.95203,156.57744,1,1171.6,1,34.483,1,4.219,1,1171.6,1,4.219,1,34.483,1
5905612,2025-12-09T18:36:20Z,1,-24.95203,156.57744,1,1173.5,1,34.483,1,4.216,1,1173.5,1,4.216,1,34.483,1
5905612,2025-12-09T18:36:20Z,1,-24.95203,156.57744,1,1175.5,1,34.485,1,4.205,1,1175.5,1,4.205,1,34.485,1
5905612,2025-12-09T18:36:20Z,1,-24.95203,156.57744,1,1177.5,1,34.485,1,4.195,1,1177.5,1,4.195,1,34.485,1
5905612,2025-12-09T18:36:20Z,1,-24.95203,156.57744,1,1179.5,1,34.486,1,4.191,1,1179.5,1,4.191,1,34.486,1
5905612,2025-12-09T18:36:20Z,1,-24.95203,156.57744,1,1181.5,1,34.486,1,4.181,1,1181.5,1,4.181,1,34.486,1
5905612,2025-12-09T18:36:20Z,1,-24.95203,156.57744,1,1183.5,1,34.486,1,4.171,1,1183.5,1,4.171,1,34.486,1
5905612,2025-12-09T18:36:20Z,1,-24.95203,156.57744,1,1185.5,1,34.487,1,4.159,1,1185.5,1,4.159,1,34.487,1
5905612,2025-12-09T18:36:20Z,1,-24.95203,156.57744,1,1187.5,1,34.488,1,4.153,1,1187.5,1,4.153,1,34.488,1
5905612,2025-12-09T18:36:20Z,1,-24.95203,156.57744,1,1189.5,1,34.489,1,4.144,1,1189.5,1,4.144,1,34.489,1
5905612,2025-12-09T18:36:20Z,1,-24.95203,156.57744,1,1191.4,1,34.49,1,4.124,1,1191.4,1,4.124,1,34.49,1
5905612,2025-12-09T18:36:20Z,1,-24.95203,156.57744,1,1193.4,1,34.49,1,4.117,1,1193.4,1,4.117,1,34.49,1
5905612,2025-12-09T18:36:20Z,1,-24.95203,156.57744,1,1195.4,1,34.491,1,4.113,1,1195.4,1,4.113,1,34.491,1
5905612,2025-12-09T18:36:20Z,1,-24.95203,156.57744,1,1197.3,1,34.491,1,4.109,1,1197.3,1,4.109,1,34.491,1
5905612,2025-12-09T18:36:20Z,1,-24.95203,156.57744,1,1199.3,1,34.492,1,4.102,1,1199.3,1,4.102,1,34.492,1
5905612,2025-12-09T18:36:20Z,1,-24.95203,156.57744,1,1201.3,1,34.493,1,4.093,1,1201.3,1,4.093,1,34.493,1
5905612,2025-12-09T18:36:20Z,1,-24.95203,156.57744,1,1203.3,1,34.492,1,4.091,1,1203.3,1,4.091,1,34.492,1
5905612,2025-12-09T18:36:20Z,1,-24.95203,156.57744,1,1205.3,1,34.492,1,4.087,1,1205.3,1,4.087,1,34.492,1
5905612,2025-12-09T18:36:20Z,1,-24.95203,156.57744,1,1207.3,1,34.494,1,4.07,1,1207.3,1,4.07,1,34.494,1
5905612,2025-12-09T18:36:20Z,1,-24.95203,156.57744,1,1209.3,1,34.494,1,4.067,1,1209.3,1,4.067,1,34.494,1
5905612,2025-12-09T18:36:20Z,1,-24.95203,156.57744,1,1211.3,1,34.495,1,4.049,1,1211.3,1,4.049,1,34.495,1
5905612,2025-12-09T18:36:20Z,1,-24.95203,156.57744,1,1213.3,1,34.496,1,4.036,1,1213.3,1,4.036,1,34.496,1
5905612,2025-12-09T18:36:20Z,1,-24.95203,156.57744,1,1215.3,1,34.496,1,4.034,1,1215.3,1,4.034,1,34.496,1
5905612,2025-12-09T18:36:20Z,1,-24.95203,156.57744,1,1217.4,1,34.498,1,4.019,1,1217.4,1,4.019,1,34.498,1
5905612,2025-12-09T18:36:20Z,1,-24.95203,156.57744,1,1219.4,1,34.498,1,4.019,1,1219.4,1,4.019,1,34.498,1
5905612,2025-12-09T18:36:20Z,1,-24.95203,156.57744,1,1221.5,1,34.498,1,4.017,1,1221.5,1,4.017,1,34.498,1
5905612,2025-12-09T18:36:20Z,1,-24.95203,156.57744,1,1223.5,1,34.498,1,4.014,1,1223.5,1,4.014,1,34.498,1
5905612,2025-12-09T18:36:20Z,1,-24.95203,156.57744,1,1225.5,1,34.498,1,4.009,1,1225.5,1,4.009,1,34.498,1
5905612,2025-12-09T18:36:20Z,1,-24.95203,156.57744,1,1227.2,1,34.499,1,4.004,1,1227.2,1,4.004,1,34.499,1
5905612,2025-12-09T18:36:20Z,1,-24.95203,156.57744,1,1229.3,1,34.5,1,3.988,1,1229.3,1,3.988,1,34.5,1
5905612,2025-12-09T18:36:20Z,1,-24.95203,156.57744,1,1231.4,1,34.5,1,3.984,1,1231.4,1,3.984,1,34.5,1
5905612,2025-12-09T18:36:20Z,1,-24.95203,156.57744,1,1233.5,1,34.5,1,3.977,1,1233.5,1,3.977,1,34.5,1
5905612,2025-12-09T18:36:20Z,1,-24.95203,156.57744,1,1235.7,1,34.501,1,3.966,1,1235.7,1,3.966,1,34.501,1
5905612,2025-12-09T18:36:20Z,1,-24.95203,156.57744,1,1237.4,1,34.502,1,3.962,1,1237.4,1,3.962,1,34.502,1
5905612,2025-12-09T18:36:20Z,1,-24.95203,156.57744,1,1239.1,1,34.501,1,3.959,1,1239.1,1,3.959,1,34.501,1
5905612,2025-12-09T18:36:20Z,1,-24.95203,156.57744,1,1241.3,1,34.502,1,3.952,1,1241.3,1,3.952,1,34.502,1
5905612,2025-12-09T18:36:20Z,1,-24.95203,156.57744,1,1243.5,1,34.503,1,3.941,1,1243.5,1,3.941,1,34.503,1
5905612,2025-12-09T18:36:20Z,1,-24.95203,156.57744,1,1245.3,1,34.503,1,3.938,1,1245.3,1,3.938,1,34.503,1
5905612,2025-12-09T18:36:20Z,1,-24.95203,156.57744,1,1247.1,1,34.505,1,3.927,1,1247.1,1,3.927,1,34.505,1
5905612,2025-12-09T18:36:20Z,1,-24.95203,156.57744,1,1249.4,1,34.506,1,3.912,1,1249.4,1,3.912,1,34.506,1
5905612,2025-12-09T18:36:20Z,1,-24.95203,156.57744,1,1251.6,1,34.506,1,3.9,1,1251.6,1,3.9,1,34.506,1
5905612,2025-12-09T18:36:20Z,1,-24.95203,156.57744,1,1253.4,1,34.507,1,3.892,1,1253.4,1,3.892,1,34.507,1
5905612,2025-12-09T18:36:20Z,1,-24.95203,156.57744,1,1255.1,1,34.507,1,3.884,1,1255.1,1,3.884,1,34.507,1
5905612,2025-12-09T18:36:20Z,1,-24.95203,156.57744,1,1257.4,1,34.508,1,3.876,1,1257.4,1,3.876,1,34.508,1
5905612,2025-12-09T18:36:20Z,1,-24.95203,156.57744,1,1259.6,1,34.508,1,3.867,1,1259.6,1,3.867,1,34.508,1
5905612,2025-12-09T18:36:20Z,1,-24.95203,156.57744,1,1261.3,1,34.509,1,3.865,1,1261.3,1,3.865,1,34.509,1
5905612,2025-12-09T18:36:20Z,1,-24.95203,156.57744,1,1263.1,1,34.509,1,3.859,1,1263.1,1,3.859,1,34.509,1
5905612,2025-12-09T18:36:20Z,1,-24.95203,156.57744,1,1265.4,1,34.511,1,3.85,1,1265.4,1,3.85,1,34.511,1
5905612,2025-12-09T18:36:20Z,1,-24.95203,156.57744,1,1267.7,1,34.51,1,3.842,1,1267.7,1,3.842,1,34.51,1
5905612,2025-12-09T18:36:20Z,1,-24.95203,156.57744,1,1269.5,1,34.511,1,3.834,1,1269.5,1,3.834,1,34.511,1
5905612,2025-12-09T18:36:20Z,1,-24.95203,156.57744,1,1271.3,1,34.511,1,3.829,1,1271.3,1,3.829,1,34.511,1
5905612,2025-12-09T18:36:20Z,1,-24.95203,156.57744,1,1273.2,1,34.512,1,3.824,1,1273.2,1,3.824,1,34.512,1
5905612,2025-12-09T18:36:20Z,1,-24.95203,156.57744,1,1275.0,1,34.512,1,3.819,1,1275.0,1,3.819,1,34.512,1
5905612,2025-12-09T18:36:20Z,1,-24.95203,156.57744,1,1277.4,1,34.513,1,3.807,1,1277.4,1,3.807,1,34.513,1
5905612,2025-12-09T18:36:20Z,1,-24.95203,156.57744,1,1279.8,1,34.514,1,3.802,1,1279.8,1,3.802,1,34.514,1
5905612,2025-12-09T18:36:20Z,1,-24.95203,156.57744,1,1281.7,1,34.514,1,3.797,1,1281.7,1,3.797,1,34.514,1
5905612,2025-12-09T18:36:20Z,1,-24.95203,156.57744,1,1283.7,1,34.514,1,3.794,1,1283.7,1,3.794,1,34.514,1
5905612,2025-12-09T18:36:20Z,1,-24.95203,156.57744,1,1285.6,1,34.514,1,3.791,1,1285.6,1,3.791,1,34.514,1
5905612,2025-12-09T18:36:20Z,1,-24.95203,156.57744,1,1287.6,1,34.514,1,3.788,1,1287.6,1,3.788,1,34.514,1
5905612,2025-12-09T18:36:20Z,1,-24.95203,156.57744,1,1289.5,1,34.516,1,3.776,1,1289.5,1,3.776,1,34.516,1
5905612,2025-12-09T18:36:20Z,1,-24.95203,156.57744,1,1291.5,1,34.516,1,3.769,1,1291.5,1,3.769,1,34.516,1
5905612,2025-12-09T18:36:20Z,1,-24.95203,156.57744,1,1293.5,1,34.517,1,3.76,1,1293.5,1,3.76,1,34.517,1
5905612,2025-12-09T18:36:20Z,1,-24.95203,156.57744,1,1295.5,1,34.517,1,3.753,1,1295.5,1,3.753,1,34.517,1
5905612,2025-12-09T18:36:20Z,1,-24.95203,156.57744,1,1297.4,1,34.518,1,3.748,1,1297.4,1,3.748,1,34.518,1
5905612,2025-12-09T18:36:20Z,1,-24.95203,156.57744,1,1299.4,1,34.518,1,3.741,1,1299.4,1,3.741,1,34.518,1
5905612,2025-12-09T18:36:20Z,1,-24.95203,156.57744,1,1301.4,1,34.519,1,3.736,1,1301.4,1,3.736,1,34.519,1
5905612,2025-12-09T18:36:20Z,1,-24.95203,156.57744,1,1303.3,1,34.519,1,3.732,1,1303.3,1,3.732,1,34.519,1
5905612,2025-12-09T18:36:20Z,1,-24.95203,156.57744,1,1305.3,1,34.52,1,3.72,1,1305.3,1,3.72,1,34.52,1
5905612,2025-12-09T18:36:20Z,1,-24.95203,156.57744,1,1307.3,1,34.52,1,3.717,1,1307.3,1,3.717,1,34.52,1
5905612,2025-12-09T18:36:20Z,1,-24.95203,156.57744,1,1309.3,1,34.52,1,3.711,1,1309.3,1,3.711,1,34.52,1
5905612,2025-12-09T18:36:20Z,1,-24.95203,156.57744,1,1311.3,1,34.522,1,3.694,1,1311.3,1,3.694,1,34.522,1
5905612,2025-12-09T18:36:20Z,1,-24.95203,156.57744,1,1313.4,1,34.522,1,3.694,1,1313.4,1,3.694,1,34.522,1
5905612,2025-12-09T18:36:20Z,1,-24.95203,156.57744,1,1315.5,1,34.522,1,3.692,1,1315.5,1,3.692,1,34.522,1
5905612,2025-12-09T18:36:20Z,1,-24.95203,156.57744,1,1317.6,1,34.523,1,3.685,1,1317.6,1,3.685,1,34.523,1
5905612,2025-12-09T18:36:20Z,1,-24.95203,156.57744,1,1319.6,1,34.523,1,3.683,1,1319.6,1,3.683,1,34.523,1
5905612,2025-12-09T18:36:20Z,1,-24.95203,156.57744,1,1321.7,1,34.523,1,3.682,1,1321.7,1,3.682,1,34.523,1
5905612,2025-12-09T18:36:20Z,1,-24.95203,156.57744,1,1323.9,1,34.524,1,3.678,1,1323.9,1,3.678,1,34.524,1
5905612,2025-12-09T18:36:20Z,1,-24.95203,156.57744,1,1325.4,1,34.523,1,3.677,1,1325.4,1,3.677,1,34.523,1
5905612,2025-12-09T18:36:20Z,1,-24.95203,156.57744,1,1327.0,1,34.524,1,3.673,1,1327.0,1,3.673,1,34.524,1
5905612,2025-12-09T18:36:20Z,1,-24.95203,156.57744,1,1329.1,1,34.525,1,3.663,1,1329.1,1,3.663,1,34.525,1
5905612,2025-12-09T18:36:20Z,1,-24.95203,156.57744,1,1331.2,1,34.525,1,3.659,1,1331.2,1,3.659,1,34.525,1
5905612,2025-12-09T18:36:20Z,1,-24.95203,156.57744,1,1333.3,1,34.525,1,3.658,1,1333.3,1,3.658,1,34.525,1
5905612,2025-12-09T18:36:20Z,1,-24.95203,156.57744,1,1335.4,1,34.525,1,3.657,1,1335.4,1,3.657,1,34.525,1
5905612,2025-12-09T18:36:20Z,1,-24.95203,156.57744,1,1337.5,1,34.526,1,3.652,1,1337.5,1,3.652,1,34.526,1
5905612,2025-12-09T18:36:20Z,1,-24.95203,156.57744,1,1339.6,1,34.526,1,3.649,1,1339.6,1,3.649,1,34.526,1
5905612,2025-12-09T18:36:20Z,1,-24.95203,156.57744,1,1341.7,1,34.526,1,3.644,1,1341.7,1,3.644,1,34.526,1
5905612,2025-12-09T18:36:20Z,1,-24.95203,156.57744,1,1343.8,1,34.526,1,3.64,1,1343.8,1,3.64,1,34.526,1
5905612,2025-12-09T18:36:20Z,1,-24.95203,156.57744,1,1345.5,1,34.527,1,3.635,1,1345.5,1,3.635,1,34.527,1
5905612,2025-12-09T18:36:20Z,1,-24.95203,156.57744,1,1347.0,1,34.528,1,3.626,1,1347.0,1,3.626,1,34.528,1
5905612,2025-12-09T18:36:20Z,1,-24.95203,156.57744,1,1349.1,1,34.528,1,3.617,1,1349.1,1,3.617,1,34.528,1
5905612,2025-12-09T18:36:20Z,1,-24.95203,156.57744,1,1351.2,1,34.529,1,3.609,1,1351.2,1,3.609,1,34.529,1
5905612,2025-12-09T18:36:20Z,1,-24.95203,156.57744,1,1353.3,1,34.529,1,3.605,1,1353.3,1,3.605,1,34.529,1
5905612,2025-12-09T18:36:20Z,1,-24.95203,156.57744,1,1355.4,1,34.531,1,3.589,1,1355.4,1,3.589,1,34.531,1
5905612,2025-12-09T18:36:20Z,1,-24.95203,156.57744,1,1357.5,1,34.532,1,3.586,1,1357.5,1,3.586,1,34.532,1
5905612,2025-12-09T18:36:20Z,1,-24.95203,156.57744,1,1359.6,1,34.531,1,3.586,1,1359.6,1,3.586,1,34.531,1
5905612,2025-12-09T18:36:20Z,1,-24.95203,156.57744,1,1361.8,1,34.531,1,3.584,1,1361.8,1,3.584,1,34.531,1
5905612,2025-12-09T18:36:20Z,1,-24.95203,156.57744,1,1363.4,1,34.532,1,3.581,1,1363.4,1,3.581,1,34.532,1
5905612,2025-12-09T18:36:20Z,1,-24.95203,156.57744,1,1365.0,1,34.532,1,3.578,1,1365.0,1,3.578,1,34.532,1
5905612,2025-12-09T18:36:20Z,1,-24.95203,156.57744,1,1367.1,1,34.533,1,3.575,1,1367.1,1,3.575,1,34.533,1
5905612,2025-12-09T18:36:20Z,1,-24.95203,156.57744,1,1369.2,1,34.532,1,3.571,1,1369.2,1,3.571,1,34.532,1
5905612,2025-12-09T18:36:20Z,1,-24.95203,156.57744,1,1371.4,1,34.532,1,3.569,1,1371.4,1,3.569,1,34.532,1
5905612,2025-12-09T18:36:20Z,1,-24.95203,156.57744,1,1373.4,1,34.533,1,3.563,1,1373.4,1,3.563,1,34.533,1
5905612,2025-12-09T18:36:20Z,1,-24.95203,156.57744,1,1375.4,1,34.534,1,3.557,1,1375.4,1,3.557,1,34.534,1
5905612,2025-12-09T18:36:20Z,1,-24.95203,156.57744,1,1377.5,1,34.534,1,3.555,1,1377.5,1,3.555,1,34.534,1
5905612,2025-12-09T18:36:20Z,1,-24.95203,156.57744,1,1379.6,1,34.534,1,3.552,1,1379.6,1,3.552,1,34.534,1
5905612,2025-12-09T18:36:20Z,1,-24.95203,156.57744,1,1381.7,1,34.534,1,3.547,1,1381.7,1,3.547,1,34.534,1
5905612,2025-12-09T18:36:20Z,1,-24.95203,156.57744,1,1383.8,1,34.535,1,3.544,1,1383.8,1,3.544,1,34.535,1
5905612,2025-12-09T18:36:20Z,1,-24.95203,156.57744,1,1385.9,1,34.535,1,3.543,1,1385.9,1,3.543,1,34.535,1
5905612,2025-12-09T18:36:20Z,1,-24.95203,156.57744,1,1387.5,1,34.536,1,3.541,1,1387.5,1,3.541,1,34.536,1
5905612,2025-12-09T18:36:20Z,1,-24.95203,156.57744,1,1389.0,1,34.535,1,3.537,1,1389.0,1,3.537,1,34.535,1
5905612,2025-12-09T18:36:20Z,1,-24.95203,156.57744,1,1391.1,1,34.536,1,3.534,1,1391.1,1,3.534,1,34.536,1
5905612,2025-12-09T18:36:20Z,1,-24.95203,156.57744,1,1393.2,1,34.535,1,3.533,1,1393.2,1,3.533,1,34.535,1
5905612,2025-12-09T18:36:20Z,1,-24.95203,156.57744,1,1395.2,1,34.537,1,3.522,1,1395.2,1,3.522,1,34.537,1
5905612,2025-12-09T18:36:20Z,1,-24.95203,156.57744,1,1397.3,1,34.537,1,3.514,1,1397.3,1,3.514,1,34.537,1
5905612,2025-12-09T18:36:20Z,1,-24.95203,156.57744,1,1399.4,1,34.539,1,3.499,1,1399.4,1,3.499,1,34.539,1
5905612,2025-12-09T18:36:20Z,1,-24.95203,156.57744,1,1401.5,1,34.539,1,3.492,1,1401.5,1,3.492,1,34.539,1
5905612,2025-12-09T18:36:20Z,1,-24.95203,156.57744,1,1403.5,1,34.54,1,3.479,1,1403.5,1,3.479,1,34.54,1
5905612,2025-12-09T18:36:20Z,1,-24.95203,156.57744,1,1405.6,1,34.541,1,3.472,1,1405.6,1,3.472,1,34.541,1
5905612,2025-12-09T18:36:20Z,1,-24.95203,156.57744,1,1407.7,1,34.542,1,3.467,1,1407.7,1,3.467,1,34.542,1
5905612,2025-12-09T18:36:20Z,1,-24.95203,156.57744,1,1409.8,1,34.542,1,3.459,1,1409.8,1,3.459,1,34.542,1
5905612,2025-12-09T18:36:20Z,1,-24.95203,156.57744,1,1411.8,1,34.542,1,3.457,1,1411.8,1,3.457,1,34.542,1
5905612,2025-12-09T18:36:20Z,1,-24.95203,156.57744,1,1413.9,1,34.543,1,3.451,1,1413.9,1,3.451,1,34.543,1
5905612,2025-12-09T18:36:20Z,1,-24.95203,156.57744,1,1415.4,1,34.543,1,3.45,1,1415.4,1,3.45,1,34.543,1
5905612,2025-12-09T18:36:20Z,1,-24.95203,156.57744,1,1417.0,1,34.544,1,3.447,1,1417.0,1,3.447,1,34.544,1
5905612,2025-12-09T18:36:20Z,1,-24.95203,156.57744,1,1419.0,1,34.545,1,3.43,1,1419.0,1,3.43,1,34.545,1
5905612,2025-12-09T18:36:20Z,1,-24.95203,156.57744,1,1421.1,1,34.545,1,3.424,1,1421.1,1,3.424,1,34.545,1
5905612,2025-12-09T18:36:20Z,1,-24.95203,156.57744,1,1423.2,1,34.546,1,3.42,1,1423.2,1,3.42,1,34.546,1
5905612,2025-12-09T18:36:20Z,1,-24.95203,156.57744,1,1425.2,1,34.546,1,3.416,1,1425.2,1,3.416,1,34.546,1
5905612,2025-12-09T18:36:20Z,1,-24.95203,156.57744,1,1427.3,1,34.546,1,3.412,1,1427.3,1,3.412,1,34.546,1
5905612,2025-12-09T18:36:20Z,1,-24.95203,156.57744,1,1429.3,1,34.546,1,3.41,1,1429.3,1,3.41,1,34.546,1
5905612,2025-12-09T18:36:20Z,1,-24.95203,156.57744,1,1431.4,1,34.547,1,3.409,1,1431.4,1,3.409,1,34.547,1
5905612,2025-12-09T18:36:20Z,1,-24.95203,156.57744,1,1433.4,1,34.547,1,3.406,1,1433.4,1,3.406,1,34.547,1
5905612,2025-12-09T18:36:20Z,1,-24.95203,156.57744,1,1435.5,1,34.547,1,3.401,1,1435.5,1,3.401,1,34.547,1
5905612,2025-12-09T18:36:20Z,1,-24.95203,156.57744,1,1437.5,1,34.548,1,3.397,1,1437.5,1,3.397,1,34.548,1
5905612,2025-12-09T18:36:20Z,1,-24.95203,156.57744,1,1439.5,1,34.548,1,3.394,1,1439.5,1,3.394,1,34.548,1
5905612,2025-12-09T18:36:20Z,1,-24.95203,156.57744,1,1441.5,1,34.549,1,3.383,1,1441.5,1,3.383,1,34.549,1
5905612,2025-12-09T18:36:20Z,1,-24.95203,156.57744,1,1443.6,1,34.551,1,3.367,1,1443.6,1,3.367,1,34.551,1
5905612,2025-12-09T18:36:20Z,1,-24.95203,156.57744,1,1445.6,1,34.551,1,3.362,1,1445.6,1,3.362,1,34.551,1
5905612,2025-12-09T18:36:20Z,1,-24.95203,156.57744,1,1447.7,1,34.551,1,3.359,1,1447.7,1,3.359,1,34.551,1
5905612,2025-12-09T18:36:20Z,1,-24.95203,156.57744,1,1449.8,1,34.551,1,3.356,1,1449.8,1,3.356,1,34.551,1
5905612,2025-12-09T18:36:20Z,1,-24.95203,156.57744,1,1451.8,1,34.551,1,3.353,1,1451.8,1,3.353,1,34.551,1
5905612,2025-12-09T18:36:20Z,1,-24.95203,156.57744,1,1453.9,1,34.553,1,3.344,1,1453.9,1,3.344,1,34.553,1
5905612,2025-12-09T18:36:20Z,1,-24.95203,156.57744,1,1455.9,1,34.553,1,3.339,1,1455.9,1,3.339,1,34.553,1
5905612,2025-12-09T18:36:20Z,1,-24.95203,156.57744,1,1457.5,1,34.553,1,3.336,1,1457.5,1,3.336,1,34.553,1
5905612,2025-12-09T18:36:20Z,1,-24.95203,156.57744,1,1459.0,1,34.554,1,3.33,1,1459.0,1,3.33,1,34.554,1
5905612,2025-12-09T18:36:20Z,1,-24.95203,156.57744,1,1461.0,1,34.554,1,3.328,1,1461.0,1,3.328,1,34.554,1
5905612,2025-12-09T18:36:20Z,1,-24.95203,156.57744,1,1463.1,1,34.554,1,3.326,1,1463.1,1,3.326,1,34.554,1
5905612,2025-12-09T18:36:20Z,1,-24.95203,156.57744,1,1465.5,1,34.555,1,3.32,1,1465.5,1,3.32,1,34.555,1
5905612,2025-12-09T18:36:20Z,1,-24.95203,156.57744,1,1467.6,1,34.556,1,3.318,1,1467.6,1,3.318,1,34.556,1
5905612,2025-12-09T18:36:20Z,1,-24.95203,156.57744,1,1469.3,1,34.555,1,3.319,1,1469.3,1,3.319,1,34.555,1
5905612,2025-12-09T18:36:20Z,1,-24.95203,156.57744,1,1471.3,1,34.555,1,3.316,1,1471.3,1,3.316,1,34.555,1
5905612,2025-12-09T18:36:20Z,1,-24.95203,156.57744,1,1473.3,1,34.555,1,3.314,1,1473.3,1,3.314,1,34.555,1
5905612,2025-12-09T18:36:20Z,1,-24.95203,156.57744,1,1475.3,1,34.556,1,3.305,1,1475.3,1,3.305,1,34.556,1
5905612,2025-12-09T18:36:20Z,1,-24.95203,156.57744,1,1477.4,1,34.557,1,3.299,1,1477.4,1,3.299,1,34.557,1
5905612,2025-12-09T18:36:20Z,1,-24.95203,156.57744,1,1479.4,1,34.557,1,3.292,1,1479.4,1,3.292,1,34.557,1
5905612,2025-12-09T18:36:20Z,1,-24.95203,156.57744,1,1481.4,1,34.557,1,3.289,1,1481.4,1,3.289,1,34.557,1
5905612,2025-12-09T18:36:20Z,1,-24.95203,156.57744,1,1483.5,1,34.557,1,3.286,1,1483.5,1,3.286,1,34.557,1
5905612,2025-12-09T18:36:20Z,1,-24.95203,156.57744,1,1485.6,1,34.558,1,3.281,1,1485.6,1,3.281,1,34.558,1
5905612,2025-12-09T18:36:20Z,1,-24.95203,156.57744,1,1487.6,1,34.558,1,3.28,1,1487.6,1,3.28,1,34.558,1
5905612,2025-12-09T18:36:20Z,1,-24.95203,156.57744,1,1489.6,1,34.558,1,3.279,1,1489.6,1,3.279,1,34.558,1
5905612,2025-12-09T18:36:20Z,1,-24.95203,156.57744,1,1491.3,1,34.558,1,3.278,1,1491.3,1,3.278,1,34.558,1
5905612,2025-12-09T18:36:20Z,1,-24.95203,156.57744,1,1493.4,1,34.558,1,3.277,1,1493.4,1,3.277,1,34.558,1
5905612,2025-12-09T18:36:20Z,1,-24.95203,156.57744,1,1495.5,1,34.56,1,3.265,1,1495.5,1,3.265,1,34.56,1
5905612,2025-12-09T18:36:20Z,1,-24.95203,156.57744,1,1497.6,1,34.56,1,3.255,1,1497.6,1,3.255,1,34.56,1
5905612,2025-12-09T18:36:20Z,1,-24.95203,156.57744,1,1499.7,1,34.561,1,3.251,1,1499.7,1,3.251,1,34.561,1
5905612,2025-12-09T18:36:20Z,1,-24.95203,156.57744,1,1501.3,1,34.561,1,3.249,1,1501.3,1,3.249,1,34.561,1
5905612,2025-12-09T18:36:20Z,1,-24.95203,156.57744,1,1503.3,1,34.561,1,3.246,1,1503.3,1,3.246,1,34.561,1
5905612,2025-12-09T18:36:20Z,1,-24.95203,156.57744,1,1505.3,1,34.562,1,3.242,1,1505.3,1,3.242,1,34.562,1
5905612,2025-12-09T18:36:20Z,1,-24.95203,156.57744,1,1507.3,1,34.563,1,3.241,1,1507.3,1,3.241,1,34.563,1
5905612,2025-12-09T18:36:20Z,1,-24.95203,156.57744,1,1509.6,1,34.563,1,3.239,1,1509.6,1,3.239,1,34.563,1
5905612,2025-12-09T18:36:20Z,1,-24.95203,156.57744,1,1511.6,1,34.562,1,3.237,1,1511.6,1,3.237,1,34.562,1
5905612,2025-12-09T18:36:20Z,1,-24.95203,156.57744,1,1513.3,1,34.564,1,3.225,1,1513.3,1,3.225,1,34.564,1
5905612,2025-12-09T18:36:20Z,1,-24.95203,156.57744,1,1515.4,1,34.564,1,3.214,1,1515.4,1,3.214,1,34.564,1
5905612,2025-12-09T18:36:20Z,1,-24.95203,156.57744,1,1517.5,1,34.565,1,3.211,1,1517.5,1,3.211,1,34.565,1
5905612,2025-12-09T18:36:20Z,1,-24.95203,156.57744,1,1519.2,1,34.565,1,3.209,1,1519.2,1,3.209,1,34.565,1
5905612,2025-12-09T18:36:20Z,1,-24.95203,156.57744,1,1521.4,1,34.565,1,3.208,1,1521.4,1,3.208,1,34.565,1
5905612,2025-12-09T18:36:20Z,1,-24.95203,156.57744,1,1523.6,1,34.565,1,3.205,1,1523.6,1,3.205,1,34.565,1
5905612,2025-12-09T18:36:20Z,1,-24.95203,156.57744,1,1525.3,1,34.565,1,3.201,1,1525.3,1,3.201,1,34.565,1
5905612,2025-12-09T18:36:20Z,1,-24.95203,156.57744,1,1527.5,1,34.566,1,3.197,1,1527.5,1,3.197,1,34.566,1
5905612,2025-12-09T18:36:20Z,1,-24.95203,156.57744,1,1529.6,1,34.566,1,3.191,1,1529.6,1,3.191,1,34.566,1
5905612,2025-12-09T18:36:20Z,1,-24.95203,156.57744,1,1531.3,1,34.567,1,3.185,1,1531.3,1,3.185,1,34.567,1
5905612,2025-12-09T18:36:20Z,1,-24.95203,156.57744,1,1533.1,1,34.568,1,3.182,1,1533.1,1,3.182,1,34.568,1
5905612,2025-12-09T18:36:20Z,1,-24.95203,156.57744,1,1535.4,1,34.567,1,3.177,1,1535.4,1,3.177,1,34.567,1
5905612,2025-12-09T18:36:20Z,1,-24.95203,156.57744,1,1537.6,1,34.569,1,3.172,1,1537.6,1,3.172,1,34.569,1
5905612,2025-12-09T18:36:20Z,1,-24.95203,156.57744,1,1539.4,1,34.569,1,3.168,1,1539.4,1,3.168,1,34.569,1
5905612,2025-12-09T18:36:20Z,1,-24.95203,156.57744,1,1541.2,1,34.569,1,3.165,1,1541.2,1,3.165,1,34.569,1
5905612,2025-12-09T18:36:20Z,1,-24.95203,156.57744,1,1543.4,1,34.569,1,3.163,1,1543.4,1,3.163,1,34.569,1
5905612,2025-12-09T18:36:20Z,1,-24.95203,156.57744,1,1545.6,1,34.569,1,3.161,1,1545.6,1,3.161,1,34.569,1
5905612,2025-12-09T18:36:20Z,1,-24.95203,156.57744,1,1547.4,1,34.57,1,3.155,1,1547.4,1,3.155,1,34.57,1
5905612,2025-12-09T18:36:20Z,1,-24.95203,156.57744,1,1549.2,1,34.571,1,3.151,1,1549.2,1,3.151,1,34.571,1
5905612,2025-12-09T18:36:20Z,1,-24.95203,156.57744,1,1551.1,1,34.571,1,3.146,1,1551.1,1,3.146,1,34.571,1
5905612,2025-12-09T18:36:20Z,1,-24.95203,156.57744,1,1553.4,1,34.571,1,3.143,1,1553.4,1,3.143,1,34.571,1
5905612,2025-12-09T18:36:20Z,1,-24.95203,156.57744,1,1555.6,1,34.571,1,3.14,1,1555.6,1,3.14,1,34.571,1
5905612,2025-12-09T18:36:20Z,1,-24.95203,156.57744,1,1557.5,1,34.572,1,3.139,1,1557.5,1,3.139,1,34.572,1
5905612,2025-12-09T18:36:20Z,1,-24.95203,156.57744,1,1559.3,1,34.571,1,3.14,1,1559.3,1,3.14,1,34.571,1
5905612,2025-12-09T18:36:20Z,1,-24.95203,156.57744,1,1561.5,1,34.571,1,3.139,1,1561.5,1,3.139,1,34.571,1
5905612,2025-12-09T18:36:20Z,1,-24.95203,156.57744,1,1563.7,1,34.572,1,3.137,1,1563.7,1,3.137,1,34.572,1
5905612,2025-12-09T18:36:20Z,1,-24.95203,156.57744,1,1565.5,1,34.572,1,3.136,1,1565.5,1,3.136,1,34.572,1
5905612,2025-12-09T18:36:20Z,1,-24.95203,156.57744,1,1567.3,1,34.572,1,3.131,1,1567.3,1,3.131,1,34.572,1
5905612,2025-12-09T18:36:20Z,1,-24.95203,156.57744,1,1569.1,1,34.572,1,3.127,1,1569.1,1,3.127,1,34.572,1
5905612,2025-12-09T18:36:20Z,1,-24.95203,156.57744,1,1571.4,1,34.573,1,3.12,1,1571.4,1,3.12,1,34.573,1
5905612,2025-12-09T18:36:20Z,1,-24.95203,156.57744,1,1573.6,1,34.575,1,3.109,1,1573.6,1,3.109,1,34.575,1
5905612,2025-12-09T18:36:20Z,1,-24.95203,156.57744,1,1575.4,1,34.575,1,3.102,1,1575.4,1,3.102,1,34.575,1
5905612,2025-12-09T18:36:20Z,1,-24.95203,156.57744,1,1577.3,1,34.576,1,3.092,1,1577.3,1,3.092,1,34.576,1
5905612,2025-12-09T18:36:20Z,1,-24.95203,156.57744,1,1579.1,1,34.577,1,3.084,1,1579.1,1,3.084,1,34.577,1
5905612,2025-12-09T18:36:20Z,1,-24.95203,156.57744,1,1581.4,1,34.577,1,3.076,1,1581.4,1,3.076,1,34.577,1
5905612,2025-12-09T18:36:20Z,1,-24.95203,156.57744,1,1583.6,1,34.579,1,3.068,1,1583.6,1,3.068,1,34.579,1
5905612,2025-12-09T18:36:20Z,1,-24.95203,156.57744,1,1585.4,1,34.578,1,3.067,1,1585.4,1,3.067,1,34.578,1
5905612,2025-12-09T18:36:20Z,1,-24.95203,156.57744,1,1587.3,1,34.579,1,3.064,1,1587.3,1,3.064,1,34.579,1
5905612,2025-12-09T18:36:20Z,1,-24.95203,156.57744,1,1589.1,1,34.579,1,3.062,1,1589.1,1,3.062,1,34.579,1
5905612,2025-12-09T18:36:20Z,1,-24.95203,156.57744,1,1591.4,1,34.579,1,3.061,1,1591.4,1,3.061,1,34.579,1
5905612,2025-12-09T18:36:20Z,1,-24.95203,156.57744,1,1593.6,1,34.58,1,3.055,1,1593.6,1,3.055,1,34.58,1
5905612,2025-12-09T18:36:20Z,1,-24.95203,156.57744,1,1595.5,1,34.58,1,3.053,1,1595.5,1,3.053,1,34.58,1
5905612,2025-12-09T18:36:20Z,1,-24.95203,156.57744,1,1597.3,1,34.58,1,3.051,1,1597.3,1,3.051,1,34.58,1
5905612,2025-12-09T18:36:20Z,1,-24.95203,156.57744,1,1599.1,1,34.581,1,3.047,1,1599.1,1,3.047,1,34.581,1
5905612,2025-12-09T18:36:20Z,1,-24.95203,156.57744,1,1601.4,1,34.58,1,3.044,1,1601.4,1,3.044,1,34.58,1
5905612,2025-12-09T18:36:20Z,1,-24.95203,156.57744,1,1603.6,1,34.581,1,3.043,1,1603.6,1,3.043,1,34.581,1
5905612,2025-12-09T18:36:20Z,1,-24.95203,156.57744,1,1605.4,1,34.581,1,3.039,1,1605.4,1,3.039,1,34.581,1
5905612,2025-12-09T18:36:20Z,1,-24.95203,156.57744,1,1607.2,1,34.581,1,3.035,1,1607.2,1,3.035,1,34.581,1
5905612,2025-12-09T18:36:20Z,1,-24.95203,156.57744,1,1609.5,1,34.581,1,3.029,1,1609.5,1,3.029,1,34.581,1
5905612,2025-12-09T18:36:20Z,1,-24.95203,156.57744,1,1611.7,1,34.582,1,3.018,1,1611.7,1,3.018,1,34.582,1
5905612,2025-12-09T18:36:20Z,1,-24.95203,156.57744,1,1613.6,1,34.584,1,3.01,1,1613.6,1,3.01,1,34.584,1
5905612,2025-12-09T18:36:20Z,1,-24.95203,156.57744,1,1615.4,1,34.583,1,3.009,1,1615.4,1,3.009,1,34.583,1
5905612,2025-12-09T18:36:20Z,1,-24.95203,156.57744,1,1617.3,1,34.584,1,3.006,1,1617.3,1,3.006,1,34.584,1
5905612,2025-12-09T18:36:20Z,1,-24.95203,156.57744,1,1619.1,1,34.584,1,3.001,1,1619.1,1,3.001,1,34.584,1
5905612,2025-12-09T18:36:20Z,1,-24.95203,156.57744,1,1621.4,1,34.584,1,2.996,1,1621.4,1,2.996,1,34.584,1
5905612,2025-12-09T18:36:20Z,1,-24.95203,156.57744,1,1623.8,1,34.585,1,2.99,1,1623.8,1,2.99,1,34.585,1
5905612,2025-12-09T18:36:20Z,1,-24.95203,156.57744,1,1625.7,1,34.586,1,2.987,1,1625.7,1,2.987,1,34.586,1
5905612,2025-12-09T18:36:20Z,1,-24.95203,156.57744,1,1627.6,1,34.586,1,2.982,1,1627.6,1,2.982,1,34.586,1
5905612,2025-12-09T18:36:20Z,1,-24.95203,156.57744,1,1629.4,1,34.586,1,2.978,1,1629.4,1,2.978,1,34.586,1
5905612,2025-12-09T18:36:20Z,1,-24.95203,156.57744,1,1631.3,1,34.587,1,2.976,1,1631.3,1,2.976,1,34.587,1
5905612,2025-12-09T18:36:20Z,1,-24.95203,156.57744,1,1633.2,1,34.586,1,2.977,1,1633.2,1,2.977,1,34.586,1
5905612,2025-12-09T18:36:20Z,1,-24.95203,156.57744,1,1635.5,1,34.587,1,2.972,1,1635.5,1,2.972,1,34.587,1
5905612,2025-12-09T18:36:20Z,1,-24.95203,156.57744,1,1637.8,1,34.587,1,2.965,1,1637.8,1,2.965,1,34.587,1
5905612,2025-12-09T18:36:20Z,1,-24.95203,156.57744,1,1639.6,1,34.588,1,2.961,1,1639.6,1,2.961,1,34.588,1
5905612,2025-12-09T18:36:20Z,1,-24.95203,156.57744,1,1641.5,1,34.589,1,2.955,1,1641.5,1,2.955,1,34.589,1
5905612,2025-12-09T18:36:20Z,1,-24.95203,156.57744,1,1643.4,1,34.588,1,2.954,1,1643.4,1,2.954,1,34.588,1
5905612,2025-12-09T18:36:20Z,1,-24.95203,156.57744,1,1645.3,1,34.589,1,2.948,1,1645.3,1,2.948,1,34.589,1
5905612,2025-12-09T18:36:20Z,1,-24.95203,156.57744,1,1647.2,1,34.59,1,2.942,1,1647.2,1,2.942,1,34.59,1
5905612,2025-12-09T18:36:20Z,1,-24.95203,156.57744,1,1649.1,1,34.59,1,2.938,1,1649.1,1,2.938,1,34.59,1
5905612,2025-12-09T18:36:20Z,1,-24.95203,156.57744,1,1651.4,1,34.59,1,2.935,1,1651.4,1,2.935,1,34.59,1
5905612,2025-12-09T18:36:20Z,1,-24.95203,156.57744,1,1653.8,1,34.59,1,2.933,1,1653.8,1,2.933,1,34.59,1
5905612,2025-12-09T18:36:20Z,1,-24.95203,156.57744,1,1655.7,1,34.591,1,2.929,1,1655.7,1,2.929,1,34.591,1
5905612,2025-12-09T18:36:20Z,1,-24.95203,156.57744,1,1657.6,1,34.591,1,2.924,1,1657.6,1,2.924,1,34.591,1
5905612,2025-12-09T18:36:20Z,1,-24.95203,156.57744,1,1659.6,1,34.592,1,2.924,1,1659.6,1,2.924,1,34.592,1
5905612,2025-12-09T18:36:20Z,1,-24.95203,156.57744,1,1661.5,1,34.591,1,2.922,1,1661.5,1,2.922,1,34.591,1
5905612,2025-12-09T18:36:20Z,1,-24.95203,156.57744,1,1663.3,1,34.593,1,2.912,1,1663.3,1,2.912,1,34.593,1
5905612,2025-12-09T18:36:20Z,1,-24.95203,156.57744,1,1665.1,1,34.593,1,2.901,1,1665.1,1,2.901,1,34.593,1
5905612,2025-12-09T18:36:20Z,1,-24.95203,156.57744,1,1667.1,1,34.594,1,2.896,1,1667.1,1,2.896,1,34.594,1
5905612,2025-12-09T18:36:20Z,1,-24.95203,156.57744,1,1669.1,1,34.595,1,2.893,1,1669.1,1,2.893,1,34.595,1
5905612,2025-12-09T18:36:20Z,1,-24.95203,156.57744,1,1671.2,1,34.594,1,2.894,1,1671.2,1,2.894,1,34.594,1
5905612,2025-12-09T18:36:20Z,1,-24.95203,156.57744,1,1673.2,1,34.594,1,2.893,1,1673.2,1,2.893,1,34.594,1
5905612,2025-12-09T18:36:20Z,1,-24.95203,156.57744,1,1675.1,1,34.594,1,2.894,1,1675.1,1,2.894,1,34.594,1
5905612,2025-12-09T18:36:20Z,1,-24.95203,156.57744,1,1677.0,1,34.595,1,2.893,1,1677.0,1,2.893,1,34.595,1
5905612,2025-12-09T18:36:20Z,1,-24.95203,156.57744,1,1679.0,1,34.595,1,2.891,1,1679.0,1,2.891,1,34.595,1
5905612,2025-12-09T18:36:20Z,1,-24.95203,156.57744,1,1681.0,1,34.595,1,2.886,1,1681.0,1,2.886,1,34.595,1
5905612,2025-12-09T18:36:20Z,1,-24.95203,156.57744,1,1683.0,1,34.595,1,2.883,1,1683.0,1,2.883,1,34.595,1
5905612,2025-12-09T18:36:20Z,1,-24.95203,156.57744,1,1685.0,1,34.595,1,2.88,1,1685.0,1,2.88,1,34.595,1
5905612,2025-12-09T18:36:20Z,1,-24.95203,156.57744,1,1687.1,1,34.595,1,2.876,1,1687.1,1,2.876,1,34.595,1
5905612,2025-12-09T18:36:20Z,1,-24.95203,156.57744,1,1689.2,1,34.596,1,2.867,1,1689.2,1,2.867,1,34.596,1
5905612,2025-12-09T18:36:20Z,1,-24.95203,156.57744,1,1691.1,1,34.597,1,2.863,1,1691.1,1,2.863,1,34.597,1
5905612,2025-12-09T18:36:20Z,1,-24.95203,156.57744,1,1693.3,1,34.597,1,2.858,1,1693.3,1,2.858,1,34.597,1
5905612,2025-12-09T18:36:20Z,1,-24.95203,156.57744,1,1695.6,1,34.598,1,2.849,1,1695.6,1,2.849,1,34.598,1
5905612,2025-12-09T18:36:20Z,1,-24.95203,156.57744,1,1697.7,1,34.599,1,2.841,1,1697.7,1,2.841,1,34.599,1
5905612,2025-12-09T18:36:20Z,1,-24.95203,156.57744,1,1699.3,1,34.6,1,2.836,1,1699.3,1,2.836,1,34.6,1
5905612,2025-12-09T18:36:20Z,1,-24.95203,156.57744,1,1701.4,1,34.6,1,2.832,1,1701.4,1,2.832,1,34.6,1
5905612,2025-12-09T18:36:20Z,1,-24.95203,156.57744,1,1703.5,1,34.601,1,2.825,1,1703.5,1,2.825,1,34.601,1
5905612,2025-12-09T18:36:20Z,1,-24.95203,156.57744,1,1705.1,1,34.6,1,2.825,1,1705.1,1,2.825,1,34.6,1
5905612,2025-12-09T18:36:20Z,1,-24.95203,156.57744,1,1707.3,1,34.6,1,2.823,1,1707.3,1,2.823,1,34.6,1
5905612,2025-12-09T18:36:20Z,1,-24.95203,156.57744,1,1709.5,1,34.6,1,2.822,1,1709.5,1,2.822,1,34.6,1
5905612,2025-12-09T18:36:20Z,1,-24.95203,156.57744,1,1711.2,1,34.601,1,2.821,1,1711.2,1,2.821,1,34.601,1
5905612,2025-12-09T18:36:20Z,1,-24.95203,156.57744,1,1713.4,1,34.601,1,2.817,1,1713.4,1,2.817,1,34.601,1
5905612,2025-12-09T18:36:20Z,1,-24.95203,156.57744,1,1715.5,1,34.602,1,2.815,1,1715.5,1,2.815,1,34.602,1
5905612,2025-12-09T18:36:20Z,1,-24.95203,156.57744,1,1717.3,1,34.602,1,2.813,1,1717.3,1,2.813,1,34.602,1
5905612,2025-12-09T18:36:20Z,1,-24.95203,156.57744,1,1719.5,1,34.603,1,2.811,1,1719.5,1,2.811,1,34.603,1
5905612,2025-12-09T18:36:20Z,1,-24.95203,156.57744,1,1721.7,1,34.603,1,2.81,1,1721.7,1,2.81,1,34.603,1
5905612,2025-12-09T18:36:20Z,1,-24.95203,156.57744,1,1723.5,1,34.603,1,2.809,1,1723.5,1,2.809,1,34.603,1
5905612,2025-12-09T18:36:20Z,1,-24.95203,156.57744,1,1725.3,1,34.603,1,2.808,1,1725.3,1,2.808,1,34.603,1
5905612,2025-12-09T18:36:20Z,1,-24.95203,156.57744,1,1727.5,1,34.603,1,2.806,1,1727.5,1,2.806,1,34.603,1
5905612,2025-12-09T18:36:20Z,1,-24.95203,156.57744,1,1729.7,1,34.604,1,2.8,1,1729.7,1,2.8,1,34.604,1
5905612,2025-12-09T18:36:20Z,1,-24.95203,156.57744,1,1731.5,1,34.605,1,2.793,1,1731.5,1,2.793,1,34.605,1
5905612,2025-12-09T18:36:20Z,1,-24.95203,156.57744,1,1733.2,1,34.605,1,2.783,1,1733.2,1,2.783,1,34.605,1
5905612,2025-12-09T18:36:20Z,1,-24.95203,156.57744,1,1735.5,1,34.606,1,2.775,1,1735.5,1,2.775,1,34.606,1
5905612,2025-12-09T18:36:20Z,1,-24.95203,156.57744,1,1737.7,1,34.607,1,2.768,1,1737.7,1,2.768,1,34.607,1
5905612,2025-12-09T18:36:20Z,1,-24.95203,156.57744,1,1739.5,1,34.606,1,2.768,1,1739.5,1,2.768,1,34.606,1
5905612,2025-12-09T18:36:20Z,1,-24.95203,156.57744,1,1741.3,1,34.607,1,2.763,1,1741.3,1,2.763,1,34.607,1
5905612,2025-12-09T18:36:20Z,1,-24.95203,156.57744,1,1743.1,1,34.608,1,2.762,1,1743.1,1,2.762,1,34.608,1
5905612,2025-12-09T18:36:20Z,1,-24.95203,156.57744,1,1745.4,1,34.607,1,2.76,1,1745.4,1,2.76,1,34.607,1
5905612,2025-12-09T18:36:20Z,1,-24.95203,156.57744,1,1747.6,1,34.607,1,2.757,1,1747.6,1,2.757,1,34.607,1
5905612,2025-12-09T18:36:20Z,1,-24.95203,156.57744,1,1749.5,1,34.608,1,2.755,1,1749.5,1,2.755,1,34.608,1
5905612,2025-12-09T18:36:20Z,1,-24.95203,156.57744,1,1751.4,1,34.608,1,2.75,1,1751.4,1,2.75,1,34.608,1
5905612,2025-12-09T18:36:20Z,1,-24.95203,156.57744,1,1753.2,1,34.609,1,2.746,1,1753.2,1,2.746,1,34.609,1
5905612,2025-12-09T18:36:20Z,1,-24.95203,156.57744,1,1755.1,1,34.609,1,2.746,1,1755.1,1,2.746,1,34.609,1
5905612,2025-12-09T18:36:20Z,1,-24.95203,156.57744,1,1757.5,1,34.609,1,2.743,1,1757.5,1,2.743,1,34.609,1
5905612,2025-12-09T18:36:20Z,1,-24.95203,156.57744,1,1759.8,1,34.609,1,2.743,1,1759.8,1,2.743,1,34.609,1
5905612,2025-12-09T18:36:20Z,1,-24.95203,156.57744,1,1761.7,1,34.61,1,2.741,1,1761.7,1,2.741,1,34.61,1
5905612,2025-12-09T18:36:20Z,1,-24.95203,156.57744,1,1763.6,1,34.609,1,2.741,1,1763.6,1,2.741,1,34.609,1
5905612,2025-12-09T18:36:20Z,1,-24.95203,156.57744,1,1765.4,1,34.61,1,2.739,1,1765.4,1,2.739,1,34.61,1
5905612,2025-12-09T18:36:20Z,1,-24.95203,156.57744,1,1767.3,1,34.61,1,2.736,1,1767.3,1,2.736,1,34.61,1
5905612,2025-12-09T18:36:20Z,1,-24.95203,156.57744,1,1769.2,1,34.611,1,2.727,1,1769.2,1,2.727,1,34.611,1
5905612,2025-12-09T18:36:20Z,1,-24.95203,156.57744,1,1771.1,1,34.611,1,2.724,1,1771.1,1,2.724,1,34.611,1
5905612,2025-12-09T18:36:20Z,1,-24.95203,156.57744,1,1773.4,1,34.612,1,2.721,1,1773.4,1,2.721,1,34.612,1
5905612,2025-12-09T18:36:20Z,1,-24.95203,156.57744,1,1775.8,1,34.612,1,2.717,1,1775.8,1,2.717,1,34.612,1
5905612,2025-12-09T18:36:20Z,1,-24.95203,156.57744,1,1777.8,1,34.612,1,2.714,1,1777.8,1,2.714,1,34.612,1
5905612,2025-12-09T18:36:20Z,1,-24.95203,156.57744,1,1779.7,1,34.613,1,2.712,1,1779.7,1,2.712,1,34.613,1
5905612,2025-12-09T18:36:20Z,1,-24.95203,156.57744,1,1781.7,1,34.612,1,2.712,1,1781.7,1,2.712,1,34.612,1
5905612,2025-12-09T18:36:20Z,1,-24.95203,156.57744,1,1783.6,1,34.613,1,2.711,1,1783.6,1,2.711,1,34.613,1
5905612,2025-12-09T18:36:20Z,1,-24.95203,156.57744,1,1785.5,1,34.612,1,2.711,1,1785.5,1,2.711,1,34.612,1
5905612,2025-12-09T18:36:20Z,1,-24.95203,156.57744,1,1787.5,1,34.612,1,2.71,1,1787.5,1,2.71,1,34.612,1
5905612,2025-12-09T18:36:20Z,1,-24.95203,156.57744,1,1789.4,1,34.612,1,2.709,1,1789.4,1,2.709,1,34.612,1
5905612,2025-12-09T18:36:20Z,1,-24.95203,156.57744,1,1791.3,1,34.614,1,2.701,1,1791.3,1,2.701,1,34.614,1
5905612,2025-12-09T18:36:20Z,1,-24.95203,156.57744,1,1793.2,1,34.613,1,2.697,1,1793.2,1,2.697,1,34.613,1
5905612,2025-12-09T18:36:20Z,1,-24.95203,156.57744,1,1795.2,1,34.614,1,2.696,1,1795.2,1,2.696,1,34.614,1
5905612,2025-12-09T18:36:20Z,1,-24.95203,156.57744,1,1797.1,1,34.613,1,2.696,1,1797.1,1,2.696,1,34.613,1
5905612,2025-12-09T18:36:20Z,1,-24.95203,156.57744,1,1799.5,1,34.613,1,2.695,1,1799.5,1,2.695,1,34.613,1
5905612,2025-12-09T18:36:20Z,1,-24.95203,156.57744,1,1801.9,1,34.614,1,2.691,1,1801.9,1,2.691,1,34.614,1
5905612,2025-12-09T18:36:20Z,1,-24.95203,156.57744,1,1803.8,1,34.615,1,2.686,1,1803.8,1,2.686,1,34.615,1
5905612,2025-12-09T18:36:20Z,1,-24.95203,156.57744,1,1805.7,1,34.615,1,2.684,1,1805.7,1,2.684,1,34.615,1
5905612,2025-12-09T18:36:20Z,1,-24.95203,156.57744,1,1807.7,1,34.615,1,2.681,1,1807.7,1,2.681,1,34.615,1
5905612,2025-12-09T18:36:20Z,1,-24.95203,156.57744,1,1809.7,1,34.617,1,2.675,1,1809.7,1,2.675,1,34.617,1
5905612,2025-12-09T18:36:20Z,1,-24.95203,156.57744,1,1811.6,1,34.617,1,2.67,1,1811.6,1,2.67,1,34.617,1
5905612,2025-12-09T18:36:20Z,1,-24.95203,156.57744,1,1813.6,1,34.617,1,2.663,1,1813.6,1,2.663,1,34.617,1
5905612,2025-12-09T18:36:20Z,1,-24.95203,156.57744,1,1815.6,1,34.617,1,2.663,1,1815.6,1,2.663,1,34.617,1
5905612,2025-12-09T18:36:20Z,1,-24.95203,156.57744,1,1817.5,1,34.617,1,2.658,1,1817.5,1,2.658,1,34.617,1
5905612,2025-12-09T18:36:20Z,1,-24.95203,156.57744,1,1819.5,1,34.618,1,2.655,1,1819.5,1,2.655,1,34.618,1
5905612,2025-12-09T18:36:20Z,1,-24.95203,156.57744,1,1821.5,1,34.617,1,2.657,1,1821.5,1,2.657,1,34.617,1
5905612,2025-12-09T18:36:20Z,1,-24.95203,156.57744,1,1823.5,1,34.618,1,2.653,1,1823.5,1,2.653,1,34.618,1
5905612,2025-12-09T18:36:20Z,1,-24.95203,156.57744,1,1825.5,1,34.618,1,2.65,1,1825.5,1,2.65,1,34.618,1
5905612,2025-12-09T18:36:20Z,1,-24.95203,156.57744,1,1827.5,1,34.619,1,2.649,1,1827.5,1,2.649,1,34.619,1
5905612,2025-12-09T18:36:20Z,1,-24.95203,156.57744,1,1829.6,1,34.618,1,2.648,1,1829.6,1,2.648,1,34.618,1
5905612,2025-12-09T18:36:20Z,1,-24.95203,156.57744,1,1831.5,1,34.619,1,2.648,1,1831.5,1,2.648,1,34.619,1
5905612,2025-12-09T18:36:20Z,1,-24.95203,156.57744,1,1833.6,1,34.619,1,2.648,1,1833.6,1,2.648,1,34.619,1
5905612,2025-12-09T18:36:20Z,1,-24.95203,156.57744,1,1835.6,1,34.619,1,2.648,1,1835.6,1,2.648,1,34.619,1
5905612,2025-12-09T18:36:20Z,1,-24.95203,156.57744,1,1837.6,1,34.619,1,2.648,1,1837.6,1,2.648,1,34.619,1
5905612,2025-12-09T18:36:20Z,1,-24.95203,156.57744,1,1839.6,1,34.619,1,2.646,1,1839.6,1,2.646,1,34.619,1
5905612,2025-12-09T18:36:20Z,1,-24.95203,156.57744,1,1841.6,1,34.619,1,2.646,1,1841.6,1,2.646,1,34.619,1
5905612,2025-12-09T18:36:20Z,1,-24.95203,156.57744,1,1843.7,1,34.62,1,2.646,1,1843.7,1,2.646,1,34.62,1
5905612,2025-12-09T18:36:20Z,1,-24.95203,156.57744,1,1845.7,1,34.619,1,2.647,1,1845.7,1,2.647,1,34.619,1
5905612,2025-12-09T18:36:20Z,1,-24.95203,156.57744,1,1847.7,1,34.62,1,2.647,1,1847.7,1,2.647,1,34.62,1
5905612,2025-12-09T18:36:20Z,1,-24.95203,156.57744,1,1849.7,1,34.62,1,2.646,1,1849.7,1,2.646,1,34.62,1
5905612,2025-12-09T18:36:20Z,1,-24.95203,156.57744,1,1851.8,1,34.62,1,2.645,1,1851.8,1,2.645,1,34.62,1
5905612,2025-12-09T18:36:20Z,1,-24.95203,156.57744,1,1853.7,1,34.62,1,2.645,1,1853.7,1,2.645,1,34.62,1
5905612,2025-12-09T18:36:20Z,1,-24.95203,156.57744,1,1855.7,1,34.62,1,2.645,1,1855.7,1,2.645,1,34.62,1
5905612,2025-12-09T18:36:20Z,1,-24.95203,156.57744,1,1857.7,1,34.62,1,2.643,1,1857.7,1,2.643,1,34.62,1
5905612,2025-12-09T18:36:20Z,1,-24.95203,156.57744,1,1859.7,1,34.62,1,2.64,1,1859.7,1,2.64,1,34.62,1
5905612,2025-12-09T18:36:20Z,1,-24.95203,156.57744,1,1861.7,1,34.621,1,2.635,1,1861.7,1,2.635,1,34.621,1
5905612,2025-12-09T18:36:20Z,1,-24.95203,156.57744,1,1863.6,1,34.62,1,2.633,1,1863.6,1,2.633,1,34.62,1
5905612,2025-12-09T18:36:20Z,1,-24.95203,156.57744,1,1865.6,1,34.621,1,2.628,1,1865.6,1,2.628,1,34.621,1
5905612,2025-12-09T18:36:20Z,1,-24.95203,156.57744,1,1867.5,1,34.622,1,2.615,1,1867.5,1,2.615,1,34.622,1
5905612,2025-12-09T18:36:20Z,1,-24.95203,156.57744,1,1869.5,1,34.622,1,2.613,1,1869.5,1,2.613,1,34.622,1
5905612,2025-12-09T18:36:20Z,1,-24.95203,156.57744,1,1871.5,1,34.622,1,2.613,1,1871.5,1,2.613,1,34.622,1
5905612,2025-12-09T18:36:20Z,1,-24.95203,156.57744,1,1873.5,1,34.622,1,2.612,1,1873.5,1,2.612,1,34.622,1
5905612,2025-12-09T18:36:20Z,1,-24.95203,156.57744,1,1875.4,1,34.622,1,2.611,1,1875.4,1,2.611,1,34.622,1
5905612,2025-12-09T18:36:20Z,1,-24.95203,156.57744,1,1877.4,1,34.623,1,2.61,1,1877.4,1,2.61,1,34.623,1
5905612,2025-12-09T18:36:20Z,1,-24.95203,156.57744,1,1879.4,1,34.623,1,2.608,1,1879.4,1,2.608,1,34.623,1
5905612,2025-12-09T18:36:20Z,1,-24.95203,156.57744,1,1881.3,1,34.623,1,2.604,1,1881.3,1,2.604,1,34.623,1
5905612,2025-12-09T18:36:20Z,1,-24.95203,156.57744,1,1883.3,1,34.624,1,2.6,1,1883.3,1,2.6,1,34.624,1
5905612,2025-12-09T18:36:20Z,1,-24.95203,156.57744,1,1885.3,1,34.625,1,2.599,1,1885.3,1,2.599,1,34.625,1
5905612,2025-12-09T18:36:20Z,1,-24.95203,156.57744,1,1887.4,1,34.624,1,2.602,1,1887.4,1,2.602,1,34.624,1
5905612,2025-12-09T18:36:20Z,1,-24.95203,156.57744,1,1889.4,1,34.624,1,2.601,1,1889.4,1,2.601,1,34.624,1
5905612,2025-12-09T18:36:20Z,1,-24.95203,156.57744,1,1891.4,1,34.625,1,2.598,1,1891.4,1,2.598,1,34.625,1
5905612,2025-12-09T18:36:20Z,1,-24.95203,156.57744,1,1893.4,1,34.624,1,2.597,1,1893.4,1,2.597,1,34.624,1
5905612,2025-12-09T18:36:20Z,1,-24.95203,156.57744,1,1895.4,1,34.625,1,2.594,1,1895.4,1,2.594,1,34.625,1
5905612,2025-12-09T18:36:20Z,1,-24.95203,156.57744,1,1897.4,1,34.626,1,2.589,1,1897.4,1,2.589,1,34.626,1
5905612,2025-12-09T18:36:20Z,1,-24.95203,156.57744,1,1899.4,1,34.625,1,2.586,1,1899.4,1,2.586,1,34.625,1
5905612,2025-12-09T18:36:20Z,1,-24.95203,156.57744,1,1901.4,1,34.626,1,2.583,1,1901.4,1,2.583,1,34.626,1
5905612,2025-12-09T18:36:20Z,1,-24.95203,156.57744,1,1903.4,1,34.626,1,2.58,1,1903.4,1,2.58,1,34.626,1
5905612,2025-12-09T18:36:20Z,1,-24.95203,156.57744,1,1905.4,1,34.627,1,2.579,1,1905.4,1,2.579,1,34.627,1
5905612,2025-12-09T18:36:20Z,1,-24.95203,156.57744,1,1907.4,1,34.626,1,2.577,1,1907.4,1,2.577,1,34.626,1
5905612,2025-12-09T18:36:20Z,1,-24.95203,156.57744,1,1909.4,1,34.627,1,2.573,1,1909.4,1,2.573,1,34.627,1
5905612,2025-12-09T18:36:20Z,1,-24.95203,156.57744,1,1911.4,1,34.627,1,2.571,1,1911.4,1,2.571,1,34.627,1
5905612,2025-12-09T18:36:20Z,1,-24.95203,156.57744,1,1913.4,1,34.627,1,2.565,1,1913.4,1,2.565,1,34.627,1
5905612,2025-12-09T18:36:20Z,1,-24.95203,156.57744,1,1915.4,1,34.629,1,2.553,1,1915.4,1,2.553,1,34.629,1
5905612,2025-12-09T18:36:20Z,1,-24.95203,156.57744,1,1917.4,1,34.629,1,2.547,1,1917.4,1,2.547,1,34.629,1
5905612,2025-12-09T18:36:20Z,1,-24.95203,156.57744,1,1919.4,1,34.629,1,2.546,1,1919.4,1,2.546,1,34.629,1
5905612,2025-12-09T18:36:20Z,1,-24.95203,156.57744,1,1921.4,1,34.629,1,2.546,1,1921.4,1,2.546,1,34.629,1
5905612,2025-12-09T18:36:20Z,1,-24.95203,156.57744,1,1923.4,1,34.63,1,2.545,1,1923.4,1,2.545,1,34.63,1
5905612,2025-12-09T18:36:20Z,1,-24.95203,156.57744,1,1925.4,1,34.629,1,2.544,1,1925.4,1,2.544,1,34.629,1
5905612,2025-12-09T18:36:20Z,1,-24.95203,156.57744,1,1927.5,1,34.631,1,2.541,1,1927.5,1,2.541,1,34.631,1
5905612,2025-12-09T18:36:20Z,1,-24.95203,156.57744,1,1929.6,1,34.631,1,2.539,1,1929.6,1,2.539,1,34.631,1
5905612,2025-12-09T18:36:20Z,1,-24.95203,156.57744,1,1931.6,1,34.631,1,2.535,1,1931.6,1,2.535,1,34.631,1
5905612,2025-12-09T18:36:20Z,1,-24.95203,156.57744,1,1933.7,1,34.631,1,2.533,1,1933.7,1,2.533,1,34.631,1
5905612,2025-12-09T18:36:20Z,1,-24.95203,156.57744,1,1935.8,1,34.631,1,2.53,1,1935.8,1,2.53,1,34.631,1
5905612,2025-12-09T18:36:20Z,1,-24.95203,156.57744,1,1937.9,1,34.632,1,2.528,1,1937.9,1,2.528,1,34.632,1
5905612,2025-12-09T18:36:20Z,1,-24.95203,156.57744,1,1939.5,1,34.632,1,2.527,1,1939.5,1,2.527,1,34.632,1
5905612,2025-12-09T18:36:20Z,1,-24.95203,156.57744,1,1941.0,1,34.632,1,2.524,1,1941.0,1,2.524,1,34.632,1
5905612,2025-12-09T18:36:20Z,1,-24.95203,156.57744,1,1943.0,1,34.633,1,2.517,1,1943.0,1,2.517,1,34.633,1
5905612,2025-12-09T18:36:20Z,1,-24.95203,156.57744,1,1945.1,1,34.635,1,2.509,1,1945.1,1,2.509,1,34.635,1
5905612,2025-12-09T18:36:20Z,1,-24.95203,156.57744,1,1947.2,1,34.635,1,2.508,1,1947.2,1,2.508,1,34.635,1
5905612,2025-12-09T18:36:20Z,1,-24.95203,156.57744,1,1949.2,1,34.635,1,2.508,1,1949.2,1,2.508,1,34.635,1
5905612,2025-12-09T18:36:20Z,1,-24.95203,156.57744,1,1951.3,1,34.635,1,2.507,1,1951.3,1,2.507,1,34.635,1
5905612,2025-12-09T18:36:20Z,1,-24.95203,156.57744,1,1953.4,1,34.635,1,2.505,1,1953.4,1,2.505,1,34.635,1
5905612,2025-12-09T18:36:20Z,1,-24.95203,156.57744,1,1955.5,1,34.635,1,2.501,1,1955.5,1,2.501,1,34.635,1
5905612,2025-12-09T18:36:20Z,1,-24.95203,156.57744,1,1957.6,1,34.636,1,2.496,1,1957.6,1,2.496,1,34.636,1
5905612,2025-12-09T18:36:20Z,1,-24.95203,156.57744,1,1959.7,1,34.636,1,2.492,1,1959.7,1,2.492,1,34.636,1
5905612,2025-12-09T18:36:20Z,1,-24.95203,156.57744,1,1961.8,1,34.637,1,2.49,1,1961.8,1,2.49,1,34.637,1
5905612,2025-12-09T18:36:20Z,1,-24.95203,156.57744,1,1963.9,1,34.636,1,2.49,1,1963.9,1,2.49,1,34.636,1
5905612,2025-12-09T18:36:20Z,1,-24.95203,156.57744,1,1965.5,1,34.637,1,2.489,1,1965.5,1,2.489,1,34.637,1
5905612,2025-12-09T18:36:20Z,1,-24.95203,156.57744,1,1967.0,1,34.636,1,2.489,1,1967.0,1,2.489,1,34.636,1
5905612,2025-12-09T18:36:20Z,1,-24.95203,156.57744,1,1969.4,1,34.636,1,2.489,1,1969.4,1,2.489,1,34.636,1
5905612,2025-12-09T18:36:20Z,1,-24.95203,156.57744,1,1971.6,1,34.636,1,2.488,1,1971.6,1,2.488,1,34.636,1
5905612,2025-12-09T18:36:20Z,1,-24.95203,156.57744,1,1973.6,1,34.637,1,2.487,1,1973.6,1,2.487,1,34.637,1
5905612,2025-12-09T18:36:20Z,1,-24.95203,156.57744,1,1975.6,1,34.638,1,2.484,1,1975.6,1,2.484,1,34.638,1
5905612,2025-12-09T18:36:20Z,1,-24.95203,156.57744,1,1977.3,1,34.639,1,2.482,1,1977.3,1,2.482,1,34.639,1
5905612,2025-12-09T18:36:20Z,1,-24.95203,156.57744,1,1979.3,1,34.64,1,2.481,1,1979.3,1,2.481,1,34.64,1
5905612,2025-12-09T18:36:20Z,1,-24.95203,156.57744,1,1981.3,1,34.64,1,2.48,1,1981.3,1,2.48,1,34.64,1
5905612,2025-12-09T18:36:20Z,1,-24.95203,156.57744,1,1983.4,1,34.639,1,2.478,1,1983.4,1,2.478,1,34.639,1
5905612,2025-12-09T18:36:20Z,1,-24.95203,156.57744,1,1985.4,1,34.64,1,2.476,1,1985.4,1,2.476,1,34.64,1
5905612,2025-12-09T18:36:20Z,1,-24.95203,156.57744,1,1987.1,1,34.64,1,2.473,1,1987.1,1,2.473,1,34.64,1
5905612,2025-12-09T18:36:20Z,1,-24.95203,156.57744,1,1989.3,1,34.641,1,2.471,1,1989.3,1,2.471,1,34.641,1
5905612,2025-12-09T18:36:20Z,1,-24.95203,156.57744,1,1991.4,1,34.641,1,2.47,1,1991.4,1,2.47,1,34.641,1
5905612,2025-12-09T18:36:20Z,1,-24.95203,156.57744,1,1993.5,1,34.641,1,2.469,1,1993.5,1,2.469,1,34.641,1
5905612,2025-12-09T18:36:20Z,1,-24.95203,156.57744,1,1995.7,1,34.641,1,2.467,1,1995.7,1,2.467,1,34.641,1
5905612,2025-12-09T18:36:20Z,1,-24.95203,156.57744,1,1997.4,1,34.641,1,2.463,1,1997.4,1,2.463,1,34.641,1
5905612,2025-12-09T18:36:20Z,1,-24.95203,156.57744,1,1999.5,1,34.64,1,2.462,1,1999.5,1,2.462,1,34.64,1
5905612,2025-12-09T18:36:20Z,1,-24.95203,156.57744,1,2001.6,1,34.64,1,2.455,1,2001.6,1,2.455,1,34.64,1
5905612,2025-12-09T18:36:20Z,1,-24.95203,156.57744,1,2003.3,1,34.641,1,2.452,1,2003.3,1,2.452,1,34.641,1
5905612,2025-12-09T18:36:20Z,1,-24.95203,156.57744,1,2005.5,1,34.64,1,2.451,1,2005.5,1,2.451,1,34.64,1
5905612,2025-12-09T18:36:20Z,1,-24.95203,156.57744,1,2007.6,1,34.641,1,2.45,1,2007.6,1,2.45,1,34.641,1
5905612,2025-12-09T18:36:20Z,1,-24.95203,156.57744,1,2009.4,1,34.641,1,2.45,1,2009.4,1,2.45,1,34.641,1
5905612,2025-12-09T18:36:20Z,1,-24.95203,156.57744,1,2011.5,1,34.641,1,2.449,1,2011.5,1,2.449,1,34.641,1
5905612,2025-12-09T18:36:20Z,1,-24.95203,156.57744,1,2013.6,1,34.642,1,2.445,1,2013.6,1,2.445,1,34.642,1
5905612,2025-12-09T18:36:20Z,1,-24.95203,156.57744,1,2015.2,1,34.643,1,2.443,1,2015.2,1,2.443,1,34.643,1
5905612,2025-12-09T18:36:20Z,1,-24.95203,156.57744,1,2017.3,1,34.643,1,2.442,1,2017.3,1,2.442,1,34.643,1
5905612,2025-12-09T18:36:20Z,1,-24.95203,156.57744,1,2019.5,1,34.644,1,2.441,1,2019.5,1,2.441,1,34.644,1
5905612,2025-12-09T18:36:20Z,1,-24.95203,156.57744,1,2021.5,1,34.645,1,2.436,1,2021.5,1,2.436,1,34.645,1
5905612,2025-12-09T18:36:20Z,1,-24.95203,156.57744,1,2023.6,1,34.646,1,2.433,1,2023.6,1,2.433,1,34.646,1
5905612,2025-12-09T18:36:20Z,1,-24.95203,156.57744,1,2024.7,1,34.646,1,2.43,1,2024.7,1,2.43,1,34.646,1
5905612,2025-12-19T13:51:20Z,1,-24.51932,156.48726,1,0.2,1,35.432,1,26.849,1,0.2,1,26.849,1,35.432,1
5905612,2025-12-19T13:51:20Z,1,-24.51932,156.48726,1,1.6,1,35.44,1,26.842,1,1.6,1,26.842,1,35.44,1
5905612,2025-12-19T13:51:20Z,1,-24.51932,156.48726,1,3.3,1,35.432,1,26.857,1,3.3,1,26.857,1,35.432,1
5905612,2025-12-19T13:51:20Z,1,-24.51932,156.48726,1,4.8,1,35.434,1,26.856,1,4.8,1,26.856,1,35.434,1
5905612,2025-12-19T13:51:20Z,1,-24.51932,156.48726,1,6.0,1,35.435,1,26.857,1,6.0,1,26.857,1,35.435,1
5905612,2025-12-19T13:51:20Z,1,-24.51932,156.48726,1,7.2,1,35.433,1,26.853,1,7.2,1,26.853,1,35.433,1
5905612,2025-12-19T13:51:20Z,1,-24.51932,156.48726,1,9.1,1,35.433,1,26.849,1,9.1,1,26.849,1,35.433,1
5905612,2025-12-19T13:51:20Z,1,-24.51932,156.48726,1,11.1,1,35.435,1,26.828,1,11.1,1,26.828,1,35.435,1
5905612,2025-12-19T13:51:20Z,1,-24.51932,156.48726,1,13.3,1,35.431,1,26.757,1,13.3,1,26.757,1,35.431,1
5905612,2025-12-19T13:51:20Z,1,-24.51932,156.48726,1,15.5,1,35.43,1,26.725,1,15.5,1,26.725,1,35.43,1
5905612,2025-12-19T13:51:20Z,1,-24.51932,156.48726,1,17.6,1,35.43,1,26.709,1,17.6,1,26.709,1,35.43,1
5905612,2025-12-19T13:51:20Z,1,-24.51932,156.48726,1,19.7,1,35.429,1,26.705,1,19.7,1,26.705,1,35.429,1
5905612,2025-12-19T13:51:20Z,1,-24.51932,156.48726,1,21.8,1,35.43,1,26.696,1,21.8,1,26.696,1,35.43,1
5905612,2025-12-19T13:51:20Z,1,-24.51932,156.48726,1,23.4,1,35.431,1,26.691,1,23.4,1,26.691,1,35.431,1
5905612,2025-12-19T13:51:20Z,1,-24.51932,156.48726,1,25.0,1,35.43,1,26.691,1,25.0,1,26.691,1,35.43,1
5905612,2025-12-19T13:51:20Z,1,-24.51932,156.48726,1,27.1,1,35.431,1,26.69,1,27.1,1,26.69,1,35.431,1
5905612,2025-12-19T13:51:20Z,1,-24.51932,156.48726,1,29.3,1,35.43,1,26.692,1,29.3,1,26.692,1,35.43,1
5905612,2025-12-19T13:51:20Z,1,-24.51932,156.48726,1,31.5,1,35.429,1,26.691,1,31.5,1,26.691,1,35.429,1
5905612,2025-12-19T13:51:20Z,1,-24.51932,156.48726,1,33.6,1,35.429,1,26.691,1,33.6,1,26.691,1,35.429,1
5905612,2025-12-19T13:51:20Z,1,-24.51932,156.48726,1,35.8,1,35.429,1,26.692,1,35.8,1,26.692,1,35.429,1
5905612,2025-12-19T13:51:20Z,1,-24.51932,156.48726,1,37.6,1,35.43,1,26.691,1,37.6,1,26.691,1,35.43,1
5905612,2025-12-19T13:51:20Z,1,-24.51932,156.48726,1,39.2,1,35.429,1,26.69,1,39.2,1,26.69,1,35.429,1
5905612,2025-12-19T13:51:20Z,1,-24.51932,156.48726,1,41.4,1,35.428,1,26.692,1,41.4,1,26.692,1,35.428,1
5905612,2025-12-19T13:51:20Z,1,-24.51932,156.48726,1,43.5,1,35.429,1,26.69,1,43.5,1,26.69,1,35.429,1
5905612,2025-12-19T13:51:20Z,1,-24.51932,156.48726,1,45.6,1,35.427,1,26.688,1,45.6,1,26.688,1,35.427,1
5905612,2025-12-19T13:51:20Z,1,-24.51932,156.48726,1,47.5,1,35.426,1,26.679,1,47.5,1,26.679,1,35.426,1
5905612,2025-12-19T13:51:20Z,1,-24.51932,156.48726,1,49.5,1,35.428,1,26.548,1,49.5,1,26.548,1,35.428,1
5905612,2025-12-19T13:51:20Z,1,-24.51932,156.48726,1,51.4,1,35.451,1,26.111,1,51.4,1,26.111,1,35.451,1
5905612,2025-12-19T13:51:20Z,1,-24.51932,156.48726,1,53.4,1,35.474,1,25.656,1,53.4,1,25.656,1,35.474,1
5905612,2025-12-19T13:51:20Z,1,-24.51932,156.48726,1,55.5,1,35.477,1,25.467,1,55.5,1,25.467,1,35.477,1
5905612,2025-12-19T13:51:20Z,1,-24.51932,156.48726,1,57.2,1,35.478,1,25.397,1,57.2,1,25.397,1,35.478,1
5905612,2025-12-19T13:51:20Z,1,-24.51932,156.48726,1,59.1,1,35.493,1,25.252,1,59.1,1,25.252,1,35.493,1
5905612,2025-12-19T13:51:20Z,1,-24.51932,156.48726,1,61.3,1,35.511,1,24.991,1,61.3,1,24.991,1,35.511,1
5905612,2025-12-19T13:51:20Z,1,-24.51932,156.48726,1,63.6,1,35.543,1,24.617,1,63.6,1,24.617,1,35.543,1
5905612,2025-12-19T13:51:20Z,1,-24.51932,156.48726,1,65.4,1,35.568,1,24.21,1,65.4,1,24.21,1,35.568,1
5905612,2025-12-19T13:51:20Z,1,-24.51932,156.48726,1,67.2,1,35.604,1,23.85,1,67.2,1,23.85,1,35.604,1
5905612,2025-12-19T13:51:20Z,1,-24.51932,156.48726,1,69.1,1,35.616,1,23.55,1,69.1,1,23.55,1,35.616,1
5905612,2025-12-19T13:51:20Z,1,-24.51932,156.48726,1,71.3,1,35.622,1,23.353,1,71.3,1,23.353,1,35.622,1
5905612,2025-12-19T13:51:20Z,1,-24.51932,156.48726,1,73.3,1,35.649,1,23.273,1,73.3,1,23.273,1,35.649,1
5905612,2025-12-19T13:51:20Z,1,-24.51932,156.48726,1,75.1,1,35.673,1,23.257,1,75.1,1,23.257,1,35.673,1
5905612,2025-12-19T13:51:20Z,1,-24.51932,156.48726,1,77.4,1,35.678,1,23.252,1,77.4,1,23.252,1,35.678,1
5905612,2025-12-19T13:51:20Z,1,-24.51932,156.48726,1,79.7,1,35.682,1,23.24,1,79.7,1,23.24,1,35.682,1
5905612,2025-12-19T13:51:20Z,1,-24.51932,156.48726,1,81.6,1,35.686,1,23.229,1,81.6,1,23.229,1,35.686,1
5905612,2025-12-19T13:51:20Z,1,-24.51932,156.48726,1,83.5,1,35.688,1,23.205,1,83.5,1,23.205,1,35.688,1
5905612,2025-12-19T13:51:20Z,1,-24.51932,156.48726,1,85.3,1,35.692,1,23.168,1,85.3,1,23.168,1,35.692,1
5905612,2025-12-19T13:51:20Z,1,-24.51932,156.48726,1,87.2,1,35.7,1,23.014,1,87.2,1,23.014,1,35.7,1
5905612,2025-12-19T13:51:20Z,1,-24.51932,156.48726,1,89.1,1,35.703,1,22.889,1,89.1,1,22.889,1,35.703,1
5905612,2025-12-19T13:51:20Z,1,-24.51932,156.48726,1,91.4,1,35.705,1,22.825,1,91.4,1,22.825,1,35.705,1
5905612,2025-12-19T13:51:20Z,1,-24.51932,156.48726,1,93.6,1,35.704,1,22.769,1,93.6,1,22.769,1,35.704,1
5905612,2025-12-19T13:51:20Z,1,-24.51932,156.48726,1,95.4,1,35.702,1,22.697,1,95.4,1,22.697,1,35.702,1
5905612,2025-12-19T13:51:20Z,1,-24.51932,156.48726,1,97.2,1,35.696,1,22.635,1,97.2,1,22.635,1,35.696,1
5905612,2025-12-19T13:51:20Z,1,-24.51932,156.48726,1,99.4,1,35.692,1,22.409,1,99.4,1,22.409,1,35.692,1
5905612,2025-12-19T13:51:20Z,1,-24.51932,156.48726,1,101.5,1,35.693,1,22.323,1,101.5,1,22.323,1,35.693,1
5905612,2025-12-19T13:51:20Z,1,-24.51932,156.48726,1,103.2,1,35.694,1,22.206,1,103.2,1,22.206,1,35.694,1
5905612,2025-12-19T13:51:20Z,1,-24.51932,156.48726,1,105.5,1,35.696,1,22.041,1,105.5,1,22.041,1,35.696,1
5905612,2025-12-19T13:51:20Z,1,-24.51932,156.48726,1,107.7,1,35.694,1,21.961,1,107.7,1,21.961,1,35.694,1
5905612,2025-12-19T13:51:20Z,1,-24.51932,156.48726,1,109.4,1,35.695,1,21.887,1,109.4,1,21.887,1,35.695,1
5905612,2025-12-19T13:51:20Z,1,-24.51932,156.48726,1,111.5,1,35.689,1,21.83,1,111.5,1,21.83,1,35.689,1
5905612,2025-12-19T13:51:20Z,1,-24.51932,156.48726,1,113.5,1,35.691,1,21.737,1,113.5,1,21.737,1,35.691,1
5905612,2025-12-19T13:51:20Z,1,-24.51932,156.48726,1,115.2,1,35.696,1,21.554,1,115.2,1,21.554,1,35.696,1
5905612,2025-12-19T13:51:20Z,1,-24.51932,156.48726,1,117.4,1,35.706,1,21.487,1,117.4,1,21.487,1,35.706,1
5905612,2025-12-19T13:51:20Z,1,-24.51932,156.48726,1,119.5,1,35.705,1,21.362,1,119.5,1,21.362,1,35.705,1
5905612,2025-12-19T13:51:20Z,1,-24.51932,156.48726,1,121.4,1,35.702,1,21.265,1,121.4,1,21.265,1,35.702,1
5905612,2025-12-19T13:51:20Z,1,-24.51932,156.48726,1,123.4,1,35.696,1,21.189,1,123.4,1,21.189,1,35.696,1
5905612,2025-12-19T13:51:20Z,1,-24.51932,156.48726,1,125.4,1,35.692,1,21.099,1,125.4,1,21.099,1,35.692,1
5905612,2025-12-19T13:51:20Z,1,-24.51932,156.48726,1,127.5,1,35.684,1,21.016,1,127.5,1,21.016,1,35.684,1
5905612,2025-12-19T13:51:20Z,1,-24.51932,156.48726,1,129.6,1,35.678,1,20.893,1,129.6,1,20.893,1,35.678,1
5905612,2025-12-19T13:51:20Z,1,-24.51932,156.48726,1,131.4,1,35.686,1,20.8,1,131.4,1,20.8,1,35.686,1
5905612,2025-12-19T13:51:20Z,1,-24.51932,156.48726,1,133.2,1,35.681,1,20.762,1,133.2,1,20.762,1,35.681,1
5905612,2025-12-19T13:51:20Z,1,-24.51932,156.48726,1,135.1,1,35.679,1,20.715,1,135.1,1,20.715,1,35.679,1
5905612,2025-12-19T13:51:20Z,1,-24.51932,156.48726,1,137.4,1,35.674,1,20.641,1,137.4,1,20.641,1,35.674,1
5905612,2025-12-19T13:51:20Z,1,-24.51932,156.48726,1,139.7,1,35.671,1,20.593,1,139.7,1,20.593,1,35.671,1
5905612,2025-12-19T13:51:20Z,1,-24.51932,156.48726,1,141.6,1,35.669,1,20.547,1,141.6,1,20.547,1,35.669,1
5905612,2025-12-19T13:51:20Z,1,-24.51932,156.48726,1,143.5,1,35.665,1,20.512,1,143.5,1,20.512,1,35.665,1
5905612,2025-12-19T13:51:20Z,1,-24.51932,156.48726,1,145.3,1,35.662,1,20.444,1,145.3,1,20.444,1,35.662,1
5905612,2025-12-19T13:51:20Z,1,-24.51932,156.48726,1,147.3,1,35.657,1,20.395,1,147.3,1,20.395,1,35.657,1
5905612,2025-12-19T13:51:20Z,1,-24.51932,156.48726,1,149.2,1,35.657,1,20.362,1,149.2,1,20.362,1,35.657,1
5905612,2025-12-19T13:51:20Z,1,-24.51932,156.48726,1,151.1,1,35.654,1,20.345,1,151.1,1,20.345,1,35.654,1
5905612,2025-12-19T13:51:20Z,1,-24.51932,156.48726,1,153.4,1,35.652,1,20.307,1,153.4,1,20.307,1,35.652,1
5905612,2025-12-19T13:51:20Z,1,-24.51932,156.48726,1,155.8,1,35.646,1,20.226,1,155.8,1,20.226,1,35.646,1
5905612,2025-12-19T13:51:20Z,1,-24.51932,156.48726,1,157.6,1,35.642,1,20.186,1,157.6,1,20.186,1,35.642,1
5905612,2025-12-19T13:51:20Z,1,-24.51932,156.48726,1,159.4,1,35.638,1,20.129,1,159.4,1,20.129,1,35.638,1
5905612,2025-12-19T13:51:20Z,1,-24.51932,156.48726,1,161.3,1,35.639,1,20.095,1,161.3,1,20.095,1,35.639,1
5905612,2025-12-19T13:51:20Z,1,-24.51932,156.48726,1,163.4,1,35.643,1,20.07,1,163.4,1,20.07,1,35.643,1
5905612,2025-12-19T13:51:20Z,1,-24.51932,156.48726,1,165.6,1,35.64,1,19.969,1,165.6,1,19.969,1,35.64,1
5905612,2025-12-19T13:51:20Z,1,-24.51932,156.48726,1,167.5,1,35.637,1,19.839,1,167.5,1,19.839,1,35.637,1
5905612,2025-12-19T13:51:20Z,1,-24.51932,156.48726,1,169.3,1,35.635,1,19.802,1,169.3,1,19.802,1,35.635,1
5905612,2025-12-19T13:51:20Z,1,-24.51932,156.48726,1,171.3,1,35.646,1,19.779,1,171.3,1,19.779,1,35.646,1
5905612,2025-12-19T13:51:20Z,1,-24.51932,156.48726,1,173.2,1,35.643,1,19.757,1,173.2,1,19.757,1,35.643,1
5905612,2025-12-19T13:51:20Z,1,-24.51932,156.48726,1,175.1,1,35.643,1,19.736,1,175.1,1,19.736,1,35.643,1
5905612,2025-12-19T13:51:20Z,1,-24.51932,156.48726,1,177.0,1,35.643,1,19.72,1,177.0,1,19.72,1,35.643,1
5905612,2025-12-19T13:51:20Z,1,-24.51932,156.48726,1,179.0,1,35.657,1,19.735,1,179.0,1,19.735,1,35.657,1
5905612,2025-12-19T13:51:20Z,1,-24.51932,156.48726,1,181.4,1,35.658,1,19.733,1,181.4,1,19.733,1,35.658,1
5905612,2025-12-19T13:51:20Z,1,-24.51932,156.48726,1,183.9,1,35.659,1,19.714,1,183.9,1,19.714,1,35.659,1
5905612,2025-12-19T13:51:20Z,1,-24.51932,156.48726,1,185.9,1,35.657,1,19.689,1,185.9,1,19.689,1,35.657,1
5905612,2025-12-19T13:51:20Z,1,-24.51932,156.48726,1,187.8,1,35.656,1,19.65,1,187.8,1,19.65,1,35.656,1
5905612,2025-12-19T13:51:20Z,1,-24.51932,156.48726,1,189.9,1,35.653,1,19.629,1,189.9,1,19.629,1,35.653,1
5905612,2025-12-19T13:51:20Z,1,-24.51932,156.48726,1,191.9,1,35.652,1,19.603,1,191.9,1,19.603,1,35.652,1
5905612,2025-12-19T13:51:20Z,1,-24.51932,156.48726,1,193.9,1,35.651,1,19.593,1,193.9,1,19.593,1,35.651,1
5905612,2025-12-19T13:51:20Z,1,-24.51932,156.48726,1,195.8,1,35.645,1,19.532,1,195.8,1,19.532,1,35.645,1
5905612,2025-12-19T13:51:20Z,1,-24.51932,156.48726,1,197.8,1,35.642,1,19.484,1,197.8,1,19.484,1,35.642,1
5905612,2025-12-19T13:51:20Z,1,-24.51932,156.48726,1,199.7,1,35.64,1,19.453,1,199.7,1,19.453,1,35.64,1
5905612,2025-12-19T13:51:20Z,1,-24.51932,156.48726,1,201.6,1,35.639,1,19.423,1,201.6,1,19.423,1,35.639,1
5905612,2025-12-19T13:51:20Z,1,-24.51932,156.48726,1,203.5,1,35.627,1,19.307,1,203.5,1,19.307,1,35.627,1
5905612,2025-12-19T13:51:20Z,1,-24.51932,156.48726,1,205.5,1,35.626,1,19.274,1,205.5,1,19.274,1,35.626,1
5905612,2025-12-19T13:51:20Z,1,-24.51932,156.48726,1,207.4,1,35.625,1,19.255,1,207.4,1,19.255,1,35.625,1
5905612,2025-12-19T13:51:20Z,1,-24.51932,156.48726,1,209.3,1,35.621,1,19.237,1,209.3,1,19.237,1,35.621,1
5905612,2025-12-19T13:51:20Z,1,-24.51932,156.48726,1,211.3,1,35.61,1,19.147,1,211.3,1,19.147,1,35.61,1
5905612,2025-12-19T13:51:20Z,1,-24.51932,156.48726,1,213.3,1,35.588,1,19.038,1,213.3,1,19.038,1,35.588,1
5905612,2025-12-19T13:51:20Z,1,-24.51932,156.48726,1,215.2,1,35.591,1,19.026,1,215.2,1,19.026,1,35.591,1
5905612,2025-12-19T13:51:20Z,1,-24.51932,156.48726,1,217.1,1,35.586,1,18.968,1,217.1,1,18.968,1,35.586,1
5905612,2025-12-19T13:51:20Z,1,-24.51932,156.48726,1,219.0,1,35.575,1,18.904,1,219.0,1,18.904,1,35.575,1
5905612,2025-12-19T13:51:20Z,1,-24.51932,156.48726,1,221.4,1,35.562,1,18.797,1,221.4,1,18.797,1,35.562,1
5905612,2025-12-19T13:51:20Z,1,-24.51932,156.48726,1,223.7,1,35.55,1,18.727,1,223.7,1,18.727,1,35.55,1
5905612,2025-12-19T13:51:20Z,1,-24.51932,156.48726,1,225.6,1,35.548,1,18.687,1,225.6,1,18.687,1,35.548,1
5905612,2025-12-19T13:51:20Z,1,-24.51932,156.48726,1,227.3,1,35.548,1,18.642,1,227.3,1,18.642,1,35.548,1
5905612,2025-12-19T13:51:20Z,1,-24.51932,156.48726,1,229.1,1,35.555,1,18.563,1,229.1,1,18.563,1,35.555,1
5905612,2025-12-19T13:51:20Z,1,-24.51932,156.48726,1,231.4,1,35.548,1,18.435,1,231.4,1,18.435,1,35.548,1
5905612,2025-12-19T13:51:20Z,1,-24.51932,156.48726,1,233.7,1,35.537,1,18.306,1,233.7,1,18.306,1,35.537,1
5905612,2025-12-19T13:51:20Z,1,-24.51932,156.48726,1,235.5,1,35.536,1,18.243,1,235.5,1,18.243,1,35.536,1
5905612,2025-12-19T13:51:20Z,1,-24.51932,156.48726,1,237.3,1,35.538,1,18.213,1,237.3,1,18.213,1,35.538,1
5905612,2025-12-19T13:51:20Z,1,-24.51932,156.48726,1,239.2,1,35.539,1,18.204,1,239.2,1,18.204,1,35.539,1
5905612,2025-12-19T13:51:20Z,1,-24.51932,156.48726,1,241.1,1,35.54,1,18.191,1,241.1,1,18.191,1,35.54,1
5905612,2025-12-19T13:51:20Z,1,-24.51932,156.48726,1,243.3,1,35.533,1,18.05,1,243.3,1,18.05,1,35.533,1
5905612,2025-12-19T13:51:20Z,1,-24.51932,156.48726,1,245.5,1,35.529,1,17.969,1,245.5,1,17.969,1,35.529,1
5905612,2025-12-19T13:51:20Z,1,-24.51932,156.48726,1,247.4,1,35.526,1,17.932,1,247.4,1,17.932,1,35.526,1
5905612,2025-12-19T13:51:20Z,1,-24.51932,156.48726,1,249.3,1,35.528,1,17.912,1,249.3,1,17.912,1,35.528,1
5905612,2025-12-19T13:51:20Z,1,-24.51932,156.48726,1,251.2,1,35.522,1,17.78,1,251.2,1,17.78,1,35.522,1
5905612,2025-12-19T13:51:20Z,1,-24.51932,156.48726,1,253.2,1,35.518,1,17.695,1,253.2,1,17.695,1,35.518,1
5905612,2025-12-19T13:51:20Z,1,-24.51932,156.48726,1,255.2,1,35.508,1,17.621,1,255.2,1,17.621,1,35.508,1
5905612,2025-12-19T13:51:20Z,1,-24.51932,156.48726,1,257.2,1,35.498,1,17.517,1,257.2,1,17.517,1,35.498,1
5905612,2025-12-19T13:51:20Z,1,-24.51932,156.48726,1,259.2,1,35.49,1,17.468,1,259.2,1,17.468,1,35.49,1
5905612,2025-12-19T13:51:20Z,1,-24.51932,156.48726,1,261.2,1,35.486,1,17.427,1,261.2,1,17.427,1,35.486,1
5905612,2025-12-19T13:51:20Z,1,-24.51932,156.48726,1,263.1,1,35.484,1,17.391,1,263.1,1,17.391,1,35.484,1
5905612,2025-12-19T13:51:20Z,1,-24.51932,156.48726,1,265.1,1,35.477,1,17.314,1,265.1,1,17.314,1,35.477,1
5905612,2025-12-19T13:51:20Z,1,-24.51932,156.48726,1,267.2,1,35.481,1,17.266,1,267.2,1,17.266,1,35.481,1
5905612,2025-12-19T13:51:20Z,1,-24.51932,156.48726,1,269.5,1,35.484,1,17.209,1,269.5,1,17.209,1,35.484,1
5905612,2025-12-19T13:51:20Z,1,-24.51932,156.48726,1,271.4,1,35.482,1,17.144,1,271.4,1,17.144,1,35.482,1
5905612,2025-12-19T13:51:20Z,1,-24.51932,156.48726,1,273.4,1,35.473,1,17.035,1,273.4,1,17.035,1,35.473,1
5905612,2025-12-19T13:51:20Z,1,-24.51932,156.48726,1,275.4,1,35.468,1,16.957,1,275.4,1,16.957,1,35.468,1
5905612,2025-12-19T13:51:20Z,1,-24.51932,156.48726,1,277.4,1,35.453,1,16.788,1,277.4,1,16.788,1,35.453,1
5905612,2025-12-19T13:51:20Z,1,-24.51932,156.48726,1,279.6,1,35.448,1,16.732,1,279.6,1,16.732,1,35.448,1
5905612,2025-12-19T13:51:20Z,1,-24.51932,156.48726,1,281.6,1,35.445,1,16.676,1,281.6,1,16.676,1,35.445,1
5905612,2025-12-19T13:51:20Z,1,-24.51932,156.48726,1,283.7,1,35.439,1,16.606,1,283.7,1,16.606,1,35.439,1
5905612,2025-12-19T13:51:20Z,1,-24.51932,156.48726,1,285.3,1,35.434,1,16.567,1,285.3,1,16.567,1,35.434,1
5905612,2025-12-19T13:51:20Z,1,-24.51932,156.48726,1,287.5,1,35.434,1,16.545,1,287.5,1,16.545,1,35.434,1
5905612,2025-12-19T13:51:20Z,1,-24.51932,156.48726,1,289.7,1,35.432,1,16.522,1,289.7,1,16.522,1,35.432,1
5905612,2025-12-19T13:51:20Z,1,-24.51932,156.48726,1,291.4,1,35.43,1,16.509,1,291.4,1,16.509,1,35.43,1
5905612,2025-12-19T13:51:20Z,1,-24.51932,156.48726,1,293.5,1,35.427,1,16.468,1,293.5,1,16.468,1,35.427,1
5905612,2025-12-19T13:51:20Z,1,-24.51932,156.48726,1,295.7,1,35.425,1,16.447,1,295.7,1,16.447,1,35.425,1
5905612,2025-12-19T13:51:20Z,1,-24.51932,156.48726,1,297.3,1,35.423,1,16.441,1,297.3,1,16.441,1,35.423,1
5905612,2025-12-19T13:51:20Z,1,-24.51932,156.48726,1,299.2,1,35.415,1,16.312,1,299.2,1,16.312,1,35.415,1
5905612,2025-12-19T13:51:20Z,1,-24.51932,156.48726,1,301.3,1,35.409,1,16.171,1,301.3,1,16.171,1,35.409,1
5905612,2025-12-19T13:51:20Z,1,-24.51932,156.48726,1,303.5,1,35.398,1,16.123,1,303.5,1,16.123,1,35.398,1
5905612,2025-12-19T13:51:20Z,1,-24.51932,156.48726,1,305.7,1,35.397,1,16.11,1,305.7,1,16.11,1,35.397,1
5905612,2025-12-19T13:51:20Z,1,-24.51932,156.48726,1,307.4,1,35.397,1,16.106,1,307.4,1,16.106,1,35.397,1
5905612,2025-12-19T13:51:20Z,1,-24.51932,156.48726,1,309.5,1,35.394,1,16.06,1,309.5,1,16.06,1,35.394,1
5905612,2025-12-19T13:51:20Z,1,-24.51932,156.48726,1,311.7,1,35.388,1,16.021,1,311.7,1,16.021,1,35.388,1
5905612,2025-12-19T13:51:20Z,1,-24.51932,156.48726,1,313.3,1,35.383,1,15.967,1,313.3,1,15.967,1,35.383,1
5905612,2025-12-19T13:51:20Z,1,-24.51932,156.48726,1,315.5,1,35.374,1,15.855,1,315.5,1,15.855,1,35.374,1
5905612,2025-12-19T13:51:20Z,1,-24.51932,156.48726,1,317.7,1,35.356,1,15.712,1,317.7,1,15.712,1,35.356,1
5905612,2025-12-19T13:51:20Z,1,-24.51932,156.48726,1,319.4,1,35.353,1,15.692,1,319.4,1,15.692,1,35.353,1
5905612,2025-12-19T13:51:20Z,1,-24.51932,156.48726,1,321.2,1,35.35,1,15.673,1,321.2,1,15.673,1,35.35,1
5905612,2025-12-19T13:51:20Z,1,-24.51932,156.48726,1,323.3,1,35.348,1,15.666,1,323.3,1,15.666,1,35.348,1
5905612,2025-12-19T13:51:20Z,1,-24.51932,156.48726,1,325.5,1,35.344,1,15.641,1,325.5,1,15.641,1,35.344,1
5905612,2025-12-19T13:51:20Z,1,-24.51932,156.48726,1,327.5,1,35.339,1,15.595,1,327.5,1,15.595,1,35.339,1
5905612,2025-12-19T13:51:20Z,1,-24.51932,156.48726,1,329.5,1,35.32,1,15.463,1,329.5,1,15.463,1,35.32,1
5905612,2025-12-19T13:51:20Z,1,-24.51932,156.48726,1,331.3,1,35.313,1,15.423,1,331.3,1,15.423,1,35.313,1
5905612,2025-12-19T13:51:20Z,1,-24.51932,156.48726,1,333.5,1,35.31,1,15.404,1,333.5,1,15.404,1,35.31,1
5905612,2025-12-19T13:51:20Z,1,-24.51932,156.48726,1,335.7,1,35.302,1,15.353,1,335.7,1,15.353,1,35.302,1
5905612,2025-12-19T13:51:20Z,1,-24.51932,156.48726,1,337.3,1,35.296,1,15.304,1,337.3,1,15.304,1,35.296,1
5905612,2025-12-19T13:51:20Z,1,-24.51932,156.48726,1,339.5,1,35.291,1,15.251,1,339.5,1,15.251,1,35.291,1
5905612,2025-12-19T13:51:20Z,1,-24.51932,156.48726,1,341.7,1,35.291,1,15.229,1,341.7,1,15.229,1,35.291,1
5905612,2025-12-19T13:51:20Z,1,-24.51932,156.48726,1,343.4,1,35.292,1,15.171,1,343.4,1,15.171,1,35.292,1
5905612,2025-12-19T13:51:20Z,1,-24.51932,156.48726,1,345.2,1,35.286,1,15.115,1,345.2,1,15.115,1,35.286,1
5905612,2025-12-19T13:51:20Z,1,-24.51932,156.48726,1,347.5,1,35.278,1,15.032,1,347.5,1,15.032,1,35.278,1
5905612,2025-12-19T13:51:20Z,1,-24.51932,156.48726,1,349.7,1,35.272,1,14.95,1,349.7,1,14.95,1,35.272,1
5905612,2025-12-19T13:51:20Z,1,-24.51932,156.48726,1,351.5,1,35.261,1,14.843,1,351.5,1,14.843,1,35.261,1
5905612,2025-12-19T13:51:20Z,1,-24.51932,156.48726,1,353.3,1,35.259,1,14.776,1,353.3,1,14.776,1,35.259,1
5905612,2025-12-19T13:51:20Z,1,-24.51932,156.48726,1,355.1,1,35.242,1,14.701,1,355.1,1,14.701,1,35.242,1
5905612,2025-12-19T13:51:20Z,1,-24.51932,156.48726,1,357.4,1,35.232,1,14.588,1,357.4,1,14.588,1,35.232,1
5905612,2025-12-19T13:51:20Z,1,-24.51932,156.48726,1,359.7,1,35.219,1,14.487,1,359.7,1,14.487,1,35.219,1
5905612,2025-12-19T13:51:20Z,1,-24.51932,156.48726,1,361.5,1,35.215,1,14.456,1,361.5,1,14.456,1,35.215,1
5905612,2025-12-19T13:51:20Z,1,-24.51932,156.48726,1,363.3,1,35.205,1,14.351,1,363.3,1,14.351,1,35.205,1
5905612,2025-12-19T13:51:20Z,1,-24.51932,156.48726,1,365.2,1,35.195,1,14.241,1,365.2,1,14.241,1,35.195,1
5905612,2025-12-19T13:51:20Z,1,-24.51932,156.48726,1,367.2,1,35.177,1,14.099,1,367.2,1,14.099,1,35.177,1
5905612,2025-12-19T13:51:20Z,1,-24.51932,156.48726,1,369.2,1,35.171,1,14.02,1,369.2,1,14.02,1,35.171,1
5905612,2025-12-19T13:51:20Z,1,-24.51932,156.48726,1,371.2,1,35.164,1,13.966,1,371.2,1,13.966,1,35.164,1
5905612,2025-12-19T13:51:20Z,1,-24.51932,156.48726,1,373.2,1,35.16,1,13.936,1,373.2,1,13.936,1,35.16,1
5905612,2025-12-19T13:51:20Z,1,-24.51932,156.48726,1,375.1,1,35.158,1,13.924,1,375.1,1,13.924,1,35.158,1
5905612,2025-12-19T13:51:20Z,1,-24.51932,156.48726,1,377.4,1,35.155,1,13.89,1,377.4,1,13.89,1,35.155,1
5905612,2025-12-19T13:51:20Z,1,-24.51932,156.48726,1,379.9,1,35.15,1,13.84,1,379.9,1,13.84,1,35.15,1
5905612,2025-12-19T13:51:20Z,1,-24.51932,156.48726,1,381.6,1,35.145,1,13.813,1,381.6,1,13.813,1,35.145,1
5905612,2025-12-19T13:51:20Z,1,-24.51932,156.48726,1,383.1,1,35.144,1,13.803,1,383.1,1,13.803,1,35.144,1
5905612,2025-12-19T13:51:20Z,1,-24.51932,156.48726,1,385.3,1,35.137,1,13.724,1,385.3,1,13.724,1,35.137,1
5905612,2025-12-19T13:51:20Z,1,-24.51932,156.48726,1,387.5,1,35.128,1,13.633,1,387.5,1,13.633,1,35.128,1
5905612,2025-12-19T13:51:20Z,1,-24.51932,156.48726,1,389.6,1,35.122,1,13.584,1,389.6,1,13.584,1,35.122,1
5905612,2025-12-19T13:51:20Z,1,-24.51932,156.48726,1,391.6,1,35.117,1,13.536,1,391.6,1,13.536,1,35.117,1
5905612,2025-12-19T13:51:20Z,1,-24.51932,156.48726,1,393.8,1,35.115,1,13.503,1,393.8,1,13.503,1,35.115,1
5905612,2025-12-19T13:51:20Z,1,-24.51932,156.48726,1,395.9,1,35.109,1,13.457,1,395.9,1,13.457,1,35.109,1
5905612,2025-12-19T13:51:20Z,1,-24.51932,156.48726,1,397.9,1,35.103,1,13.411,1,397.9,1,13.411,1,35.103,1
5905612,2025-12-19T13:51:20Z,1,-24.51932,156.48726,1,399.5,1,35.096,1,13.364,1,399.5,1,13.364,1,35.096,1
5905612,2025-12-19T13:51:20Z,1,-24.51932,156.48726,1,401.1,1,35.098,1,13.318,1,401.1,1,13.318,1,35.098,1
5905612,2025-12-19T13:51:20Z,1,-24.51932,156.48726,1,403.2,1,35.083,1,13.235,1,403.2,1,13.235,1,35.083,1
5905612,2025-12-19T13:51:20Z,1,-24.51932,156.48726,1,405.3,1,35.075,1,13.157,1,405.3,1,13.157,1,35.075,1
5905612,2025-12-19T13:51:20Z,1,-24.51932,156.48726,1,407.4,1,35.066,1,13.087,1,407.4,1,13.087,1,35.066,1
5905612,2025-12-19T13:51:20Z,1,-24.51932,156.48726,1,409.6,1,35.056,1,12.999,1,409.6,1,12.999,1,35.056,1
5905612,2025-12-19T13:51:20Z,1,-24.51932,156.48726,1,411.7,1,35.049,1,12.949,1,411.7,1,12.949,1,35.049,1
5905612,2025-12-19T13:51:20Z,1,-24.51932,156.48726,1,413.8,1,35.047,1,12.928,1,413.8,1,12.928,1,35.047,1
5905612,2025-12-19T13:51:20Z,1,-24.51932,156.48726,1,415.4,1,35.047,1,12.911,1,415.4,1,12.911,1,35.047,1
5905612,2025-12-19T13:51:20Z,1,-24.51932,156.48726,1,417.0,1,35.047,1,12.899,1,417.0,1,12.899,1,35.047,1
5905612,2025-12-19T13:51:20Z,1,-24.51932,156.48726,1,419.2,1,35.032,1,12.749,1,419.2,1,12.749,1,35.032,1
5905612,2025-12-19T13:51:20Z,1,-24.51932,156.48726,1,421.5,1,35.025,1,12.702,1,421.5,1,12.702,1,35.025,1
5905612,2025-12-19T13:51:20Z,1,-24.51932,156.48726,1,423.7,1,35.024,1,12.686,1,423.7,1,12.686,1,35.024,1
5905612,2025-12-19T13:51:20Z,1,-24.51932,156.48726,1,425.5,1,35.018,1,12.654,1,425.5,1,12.654,1,35.018,1
5905612,2025-12-19T13:51:20Z,1,-24.51932,156.48726,1,427.1,1,35.014,1,12.598,1,427.1,1,12.598,1,35.014,1
5905612,2025-12-19T13:51:20Z,1,-24.51932,156.48726,1,429.4,1,35.006,1,12.549,1,429.4,1,12.549,1,35.006,1
5905612,2025-12-19T13:51:20Z,1,-24.51932,156.48726,1,431.6,1,35.001,1,12.479,1,431.6,1,12.479,1,35.001,1
5905612,2025-12-19T13:51:20Z,1,-24.51932,156.48726,1,433.7,1,34.984,1,12.335,1,433.7,1,12.335,1,34.984,1
5905612,2025-12-19T13:51:20Z,1,-24.51932,156.48726,1,435.4,1,34.972,1,12.255,1,435.4,1,12.255,1,34.972,1
5905612,2025-12-19T13:51:20Z,1,-24.51932,156.48726,1,437.0,1,34.964,1,12.146,1,437.0,1,12.146,1,34.964,1
5905612,2025-12-19T13:51:20Z,1,-24.51932,156.48726,1,439.2,1,34.949,1,12.058,1,439.2,1,12.058,1,34.949,1
5905612,2025-12-19T13:51:20Z,1,-24.51932,156.48726,1,441.4,1,34.945,1,12.04,1,441.4,1,12.04,1,34.945,1
5905612,2025-12-19T13:51:20Z,1,-24.51932,156.48726,1,443.5,1,34.944,1,12.026,1,443.5,1,12.026,1,34.944,1
5905612,2025-12-19T13:51:20Z,1,-24.51932,156.48726,1,445.7,1,34.94,1,11.996,1,445.7,1,11.996,1,34.94,1
5905612,2025-12-19T13:51:20Z,1,-24.51932,156.48726,1,447.8,1,34.936,1,11.906,1,447.8,1,11.906,1,34.936,1
5905612,2025-12-19T13:51:20Z,1,-24.51932,156.48726,1,449.6,1,34.931,1,11.854,1,449.6,1,11.854,1,34.931,1
5905612,2025-12-19T13:51:20Z,1,-24.51932,156.48726,1,451.2,1,34.923,1,11.807,1,451.2,1,11.807,1,34.923,1
5905612,2025-12-19T13:51:20Z,1,-24.51932,156.48726,1,453.3,1,34.919,1,11.745,1,453.3,1,11.745,1,34.919,1
5905612,2025-12-19T13:51:20Z,1,-24.51932,156.48726,1,455.5,1,34.9,1,11.627,1,455.5,1,11.627,1,34.9,1
5905612,2025-12-19T13:51:20Z,1,-24.51932,156.48726,1,457.7,1,34.895,1,11.599,1,457.7,1,11.599,1,34.895,1
5905612,2025-12-19T13:51:20Z,1,-24.51932,156.48726,1,459.7,1,34.894,1,11.58,1,459.7,1,11.58,1,34.894,1
5905612,2025-12-19T13:51:20Z,1,-24.51932,156.48726,1,461.7,1,34.898,1,11.568,1,461.7,1,11.568,1,34.898,1
5905612,2025-12-19T13:51:20Z,1,-24.51932,156.48726,1,463.8,1,34.906,1,11.587,1,463.8,1,11.587,1,34.906,1
5905612,2025-12-19T13:51:20Z,1,-24.51932,156.48726,1,465.6,1,34.91,1,11.579,1,465.6,1,11.579,1,34.91,1
5905612,2025-12-19T13:51:20Z,1,-24.51932,156.48726,1,467.2,1,34.908,1,11.557,1,467.2,1,11.557,1,34.908,1
5905612,2025-12-19T13:51:20Z,1,-24.51932,156.48726,1,469.3,1,34.904,1,11.529,1,469.3,1,11.529,1,34.904,1
5905612,2025-12-19T13:51:20Z,1,-24.51932,156.48726,1,471.3,1,34.896,1,11.466,1,471.3,1,11.466,1,34.896,1
5905612,2025-12-19T13:51:20Z,1,-24.51932,156.48726,1,473.4,1,34.89,1,11.407,1,473.4,1,11.407,1,34.89,1
5905612,2025-12-19T13:51:20Z,1,-24.51932,156.48726,1,475.5,1,34.881,1,11.307,1,475.5,1,11.307,1,34.881,1
5905612,2025-12-19T13:51:20Z,1,-24.51932,156.48726,1,477.6,1,34.877,1,11.271,1,477.6,1,11.271,1,34.877,1
5905612,2025-12-19T13:51:20Z,1,-24.51932,156.48726,1,479.7,1,34.872,1,11.225,1,479.7,1,11.225,1,34.872,1
5905612,2025-12-19T13:51:20Z,1,-24.51932,156.48726,1,481.8,1,34.867,1,11.178,1,481.8,1,11.178,1,34.867,1
5905612,2025-12-19T13:51:20Z,1,-24.51932,156.48726,1,483.9,1,34.863,1,11.172,1,483.9,1,11.172,1,34.863,1
5905612,2025-12-19T13:51:20Z,1,-24.51932,156.48726,1,485.9,1,34.861,1,11.123,1,485.9,1,11.123,1,34.861,1
5905612,2025-12-19T13:51:20Z,1,-24.51932,156.48726,1,487.9,1,34.857,1,11.092,1,487.9,1,11.092,1,34.857,1
5905612,2025-12-19T13:51:20Z,1,-24.51932,156.48726,1,489.9,1,34.855,1,11.075,1,489.9,1,11.075,1,34.855,1
5905612,2025-12-19T13:51:20Z,1,-24.51932,156.48726,1,491.9,1,34.854,1,11.053,1,491.9,1,11.053,1,34.854,1
5905612,2025-12-19T13:51:20Z,1,-24.51932,156.48726,1,493.8,1,34.849,1,10.997,1,493.8,1,10.997,1,34.849,1
5905612,2025-12-19T13:51:20Z,1,-24.51932,156.48726,1,495.7,1,34.838,1,10.917,1,495.7,1,10.917,1,34.838,1
5905612,2025-12-19T13:51:20Z,1,-24.51932,156.48726,1,497.7,1,34.832,1,10.831,1,497.7,1,10.831,1,34.832,1
5905612,2025-12-19T13:51:20Z,1,-24.51932,156.48726,1,499.6,1,34.822,1,10.777,1,499.6,1,10.777,1,34.822,1
5905612,2025-12-19T13:51:20Z,1,-24.51932,156.48726,1,501.5,1,34.821,1,10.764,1,501.5,1,10.764,1,34.821,1
5905612,2025-12-19T13:51:20Z,1,-24.51932,156.48726,1,503.5,1,34.817,1,10.719,1,503.5,1,10.719,1,34.817,1
5905612,2025-12-19T13:51:20Z,1,-24.51932,156.48726,1,505.4,1,34.809,1,10.65,1,505.4,1,10.65,1,34.809,1
5905612,2025-12-19T13:51:20Z,1,-24.51932,156.48726,1,507.3,1,34.795,1,10.54,1,507.3,1,10.54,1,34.795,1
5905612,2025-12-19T13:51:20Z,1,-24.51932,156.48726,1,509.2,1,34.788,1,10.457,1,509.2,1,10.457,1,34.788,1
5905612,2025-12-19T13:51:20Z,1,-24.51932,156.48726,1,511.2,1,34.783,1,10.393,1,511.2,1,10.393,1,34.783,1
5905612,2025-12-19T13:51:20Z,1,-24.51932,156.48726,1,513.2,1,34.776,1,10.36,1,513.2,1,10.36,1,34.776,1
5905612,2025-12-19T13:51:20Z,1,-24.51932,156.48726,1,515.2,1,34.773,1,10.324,1,515.2,1,10.324,1,34.773,1
5905612,2025-12-19T13:51:20Z,1,-24.51932,156.48726,1,517.0,1,34.767,1,10.275,1,517.0,1,10.275,1,34.767,1
5905612,2025-12-19T13:51:20Z,1,-24.51932,156.48726,1,519.4,1,34.761,1,10.229,1,519.4,1,10.229,1,34.761,1
5905612,2025-12-19T13:51:20Z,1,-24.51932,156.48726,1,521.8,1,34.754,1,10.185,1,521.8,1,10.185,1,34.754,1
5905612,2025-12-19T13:51:20Z,1,-24.51932,156.48726,1,523.7,1,34.747,1,10.079,1,523.7,1,10.079,1,34.747,1
5905612,2025-12-19T13:51:20Z,1,-24.51932,156.48726,1,525.5,1,34.741,1,10.022,1,525.5,1,10.022,1,34.741,1
5905612,2025-12-19T13:51:20Z,1,-24.51932,156.48726,1,527.5,1,34.734,1,9.993,1,527.5,1,9.993,1,34.734,1
5905612,2025-12-19T13:51:20Z,1,-24.51932,156.48726,1,529.4,1,34.729,1,9.932,1,529.4,1,9.932,1,34.729,1
5905612,2025-12-19T13:51:20Z,1,-24.51932,156.48726,1,531.4,1,34.723,1,9.874,1,531.4,1,9.874,1,34.723,1
5905612,2025-12-19T13:51:20Z,1,-24.51932,156.48726,1,533.3,1,34.716,1,9.811,1,533.3,1,9.811,1,34.716,1
5905612,2025-12-19T13:51:20Z,1,-24.51932,156.48726,1,535.3,1,34.71,1,9.755,1,535.3,1,9.755,1,34.71,1
5905612,2025-12-19T13:51:20Z,1,-24.51932,156.48726,1,537.3,1,34.701,1,9.693,1,537.3,1,9.693,1,34.701,1
5905612,2025-12-19T13:51:20Z,1,-24.51932,156.48726,1,539.2,1,34.698,1,9.657,1,539.2,1,9.657,1,34.698,1
5905612,2025-12-19T13:51:20Z,1,-24.51932,156.48726,1,541.2,1,34.693,1,9.621,1,541.2,1,9.621,1,34.693,1
5905612,2025-12-19T13:51:20Z,1,-24.51932,156.48726,1,543.5,1,34.689,1,9.582,1,543.5,1,9.582,1,34.689,1
5905612,2025-12-19T13:51:20Z,1,-24.51932,156.48726,1,545.5,1,34.683,1,9.514,1,545.5,1,9.514,1,34.683,1
5905612,2025-12-19T13:51:20Z,1,-24.51932,156.48726,1,547.3,1,34.674,1,9.439,1,547.3,1,9.439,1,34.674,1
5905612,2025-12-19T13:51:20Z,1,-24.51932,156.48726,1,549.6,1,34.666,1,9.372,1,549.6,1,9.372,1,34.666,1
5905612,2025-12-19T13:51:20Z,1,-24.51932,156.48726,1,551.5,1,34.652,1,9.271,1,551.5,1,9.271,1,34.652,1
5905612,2025-12-19T13:51:20Z,1,-24.51932,156.48726,1,553.4,1,34.649,1,9.243,1,553.4,1,9.243,1,34.649,1
5905612,2025-12-19T13:51:20Z,1,-24.51932,156.48726,1,555.3,1,34.649,1,9.231,1,555.3,1,9.231,1,34.649,1
5905612,2025-12-19T13:51:20Z,1,-24.51932,156.48726,1,557.2,1,34.648,1,9.218,1,557.2,1,9.218,1,34.648,1
5905612,2025-12-19T13:51:20Z,1,-24.51932,156.48726,1,559.3,1,34.645,1,9.195,1,559.3,1,9.195,1,34.645,1
5905612,2025-12-19T13:51:20Z,1,-24.51932,156.48726,1,561.3,1,34.643,1,9.169,1,561.3,1,9.169,1,34.643,1
5905612,2025-12-19T13:51:20Z,1,-24.51932,156.48726,1,563.6,1,34.642,1,9.153,1,563.6,1,9.153,1,34.642,1
5905612,2025-12-19T13:51:20Z,1,-24.51932,156.48726,1,565.6,1,34.642,1,9.138,1,565.6,1,9.138,1,34.642,1
5905612,2025-12-19T13:51:20Z,1,-24.51932,156.48726,1,567.6,1,34.644,1,9.139,1,567.6,1,9.139,1,34.644,1
5905612,2025-12-19T13:51:20Z,1,-24.51932,156.48726,1,569.7,1,34.646,1,9.145,1,569.7,1,9.145,1,34.646,1
5905612,2025-12-19T13:51:20Z,1,-24.51932,156.48726,1,571.3,1,34.646,1,9.142,1,571.3,1,9.142,1,34.646,1
5905612,2025-12-19T13:51:20Z,1,-24.51932,156.48726,1,573.5,1,34.642,1,9.086,1,573.5,1,9.086,1,34.642,1
5905612,2025-12-19T13:51:20Z,1,-24.51932,156.48726,1,575.6,1,34.635,1,9.042,1,575.6,1,9.042,1,34.635,1
5905612,2025-12-19T13:51:20Z,1,-24.51932,156.48726,1,577.4,1,34.629,1,9.0,1,577.4,1,9.0,1,34.629,1
5905612,2025-12-19T13:51:20Z,1,-24.51932,156.48726,1,579.1,1,34.624,1,8.979,1,579.1,1,8.979,1,34.624,1
5905612,2025-12-19T13:51:20Z,1,-24.51932,156.48726,1,581.3,1,34.616,1,8.869,1,581.3,1,8.869,1,34.616,1
5905612,2025-12-19T13:51:20Z,1,-24.51932,156.48726,1,583.4,1,34.608,1,8.813,1,583.4,1,8.813,1,34.608,1
5905612,2025-12-19T13:51:20Z,1,-24.51932,156.48726,1,585.2,1,34.607,1,8.801,1,585.2,1,8.801,1,34.607,1
5905612,2025-12-19T13:51:20Z,1,-24.51932,156.48726,1,587.5,1,34.607,1,8.796,1,587.5,1,8.796,1,34.607,1
5905612,2025-12-19T13:51:20Z,1,-24.51932,156.48726,1,589.7,1,34.607,1,8.791,1,589.7,1,8.791,1,34.607,1
5905612,2025-12-19T13:51:20Z,1,-24.51932,156.48726,1,591.5,1,34.605,1,8.758,1,591.5,1,8.758,1,34.605,1
5905612,2025-12-19T13:51:20Z,1,-24.51932,156.48726,1,593.3,1,34.602,1,8.739,1,593.3,1,8.739,1,34.602,1
5905612,2025-12-19T13:51:20Z,1,-24.51932,156.48726,1,595.5,1,34.599,1,8.696,1,595.5,1,8.696,1,34.599,1
5905612,2025-12-19T13:51:20Z,1,-24.51932,156.48726,1,597.7,1,34.591,1,8.627,1,597.7,1,8.627,1,34.591,1
5905612,2025-12-19T13:51:20Z,1,-24.51932,156.48726,1,599.5,1,34.59,1,8.621,1,599.5,1,8.621,1,34.59,1
5905612,2025-12-19T13:51:20Z,1,-24.51932,156.48726,1,601.3,1,34.589,1,8.611,1,601.3,1,8.611,1,34.589,1
5905612,2025-12-19T13:51:20Z,1,-24.51932,156.48726,1,603.1,1,34.589,1,8.605,1,603.1,1,8.605,1,34.589,1
5905612,2025-12-19T13:51:20Z,1,-24.51932,156.48726,1,605.5,1,34.589,1,8.604,1,605.5,1,8.604,1,34.589,1
5905612,2025-12-19T13:51:20Z,1,-24.51932,156.48726,1,607.7,1,34.588,1,8.602,1,607.7,1,8.602,1,34.588,1
5905612,2025-12-19T13:51:20Z,1,-24.51932,156.48726,1,609.6,1,34.588,1,8.598,1,609.6,1,8.598,1,34.588,1
5905612,2025-12-19T13:51:20Z,1,-24.51932,156.48726,1,611.4,1,34.586,1,8.588,1,611.4,1,8.588,1,34.586,1
5905612,2025-12-19T13:51:20Z,1,-24.51932,156.48726,1,613.5,1,34.583,1,8.577,1,613.5,1,8.577,1,34.583,1
5905612,2025-12-19T13:51:20Z,1,-24.51932,156.48726,1,615.8,1,34.579,1,8.513,1,615.8,1,8.513,1,34.579,1
5905612,2025-12-19T13:51:20Z,1,-24.51932,156.48726,1,617.6,1,34.575,1,8.489,1,617.6,1,8.489,1,34.575,1
5905612,2025-12-19T13:51:20Z,1,-24.51932,156.48726,1,619.4,1,34.574,1,8.449,1,619.4,1,8.449,1,34.574,1
5905612,2025-12-19T13:51:20Z,1,-24.51932,156.48726,1,621.2,1,34.567,1,8.39,1,621.2,1,8.39,1,34.567,1
5905612,2025-12-19T13:51:20Z,1,-24.51932,156.48726,1,623.5,1,34.562,1,8.344,1,623.5,1,8.344,1,34.562,1
5905612,2025-12-19T13:51:20Z,1,-24.51932,156.48726,1,625.7,1,34.559,1,8.323,1,625.7,1,8.323,1,34.559,1
5905612,2025-12-19T13:51:20Z,1,-24.51932,156.48726,1,627.5,1,34.559,1,8.297,1,627.5,1,8.297,1,34.559,1
5905612,2025-12-19T13:51:20Z,1,-24.51932,156.48726,1,629.3,1,34.556,1,8.272,1,629.3,1,8.272,1,34.556,1
5905612,2025-12-19T13:51:20Z,1,-24.51932,156.48726,1,631.2,1,34.555,1,8.255,1,631.2,1,8.255,1,34.555,1
5905612,2025-12-19T13:51:20Z,1,-24.51932,156.48726,1,633.5,1,34.552,1,8.231,1,633.5,1,8.231,1,34.552,1
5905612,2025-12-19T13:51:20Z,1,-24.51932,156.48726,1,635.7,1,34.55,1,8.213,1,635.7,1,8.213,1,34.55,1
5905612,2025-12-19T13:51:20Z,1,-24.51932,156.48726,1,637.5,1,34.549,1,8.204,1,637.5,1,8.204,1,34.549,1
5905612,2025-12-19T13:51:20Z,1,-24.51932,156.48726,1,639.3,1,34.549,1,8.198,1,639.3,1,8.198,1,34.549,1
5905612,2025-12-19T13:51:20Z,1,-24.51932,156.48726,1,641.5,1,34.545,1,8.16,1,641.5,1,8.16,1,34.545,1
5905612,2025-12-19T13:51:20Z,1,-24.51932,156.48726,1,643.6,1,34.54,1,8.118,1,643.6,1,8.118,1,34.54,1
5905612,2025-12-19T13:51:20Z,1,-24.51932,156.48726,1,645.3,1,34.535,1,8.065,1,645.3,1,8.065,1,34.535,1
5905612,2025-12-19T13:51:20Z,1,-24.51932,156.48726,1,647.1,1,34.53,1,8.012,1,647.1,1,8.012,1,34.53,1
5905612,2025-12-19T13:51:20Z,1,-24.51932,156.48726,1,649.3,1,34.528,1,7.991,1,649.3,1,7.991,1,34.528,1
5905612,2025-12-19T13:51:20Z,1,-24.51932,156.48726,1,651.5,1,34.525,1,7.959,1,651.5,1,7.959,1,34.525,1
5905612,2025-12-19T13:51:20Z,1,-24.51932,156.48726,1,653.3,1,34.523,1,7.939,1,653.3,1,7.939,1,34.523,1
5905612,2025-12-19T13:51:20Z,1,-24.51932,156.48726,1,655.4,1,34.518,1,7.883,1,655.4,1,7.883,1,34.518,1
5905612,2025-12-19T13:51:20Z,1,-24.51932,156.48726,1,657.5,1,34.515,1,7.825,1,657.5,1,7.825,1,34.515,1
5905612,2025-12-19T13:51:20Z,1,-24.51932,156.48726,1,659.2,1,34.512,1,7.779,1,659.2,1,7.779,1,34.512,1
5905612,2025-12-19T13:51:20Z,1,-24.51932,156.48726,1,661.5,1,34.509,1,7.733,1,661.5,1,7.733,1,34.509,1
5905612,2025-12-19T13:51:20Z,1,-24.51932,156.48726,1,663.7,1,34.509,1,7.733,1,663.7,1,7.733,1,34.509,1
5905612,2025-12-19T13:51:20Z,1,-24.51932,156.48726,1,665.4,1,34.51,1,7.721,1,665.4,1,7.721,1,34.51,1
5905612,2025-12-19T13:51:20Z,1,-24.51932,156.48726,1,667.5,1,34.505,1,7.664,1,667.5,1,7.664,1,34.505,1
5905612,2025-12-19T13:51:20Z,1,-24.51932,156.48726,1,669.6,1,34.499,1,7.632,1,669.6,1,7.632,1,34.499,1
5905612,2025-12-19T13:51:20Z,1,-24.51932,156.48726,1,671.3,1,34.499,1,7.576,1,671.3,1,7.576,1,34.499,1
5905612,2025-12-19T13:51:20Z,1,-24.51932,156.48726,1,673.4,1,34.493,1,7.529,1,673.4,1,7.529,1,34.493,1
5905612,2025-12-19T13:51:20Z,1,-24.51932,156.48726,1,675.6,1,34.491,1,7.522,1,675.6,1,7.522,1,34.491,1
5905612,2025-12-19T13:51:20Z,1,-24.51932,156.48726,1,677.3,1,34.49,1,7.498,1,677.3,1,7.498,1,34.49,1
5905612,2025-12-19T13:51:20Z,1,-24.51932,156.48726,1,679.5,1,34.49,1,7.47,1,679.5,1,7.47,1,34.49,1
5905612,2025-12-19T13:51:20Z,1,-24.51932,156.48726,1,681.7,1,34.49,1,7.471,1,681.7,1,7.471,1,34.49,1
5905612,2025-12-19T13:51:20Z,1,-24.51932,156.48726,1,683.4,1,34.491,1,7.431,1,683.4,1,7.431,1,34.491,1
5905612,2025-12-19T13:51:20Z,1,-24.51932,156.48726,1,685.2,1,34.489,1,7.421,1,685.2,1,7.421,1,34.489,1
5905612,2025-12-19T13:51:20Z,1,-24.51932,156.48726,1,687.3,1,34.486,1,7.387,1,687.3,1,7.387,1,34.486,1
5905612,2025-12-19T13:51:20Z,1,-24.51932,156.48726,1,689.4,1,34.483,1,7.369,1,689.4,1,7.369,1,34.483,1
5905612,2025-12-19T13:51:20Z,1,-24.51932,156.48726,1,691.2,1,34.481,1,7.335,1,691.2,1,7.335,1,34.481,1
5905612,2025-12-19T13:51:20Z,1,-24.51932,156.48726,1,693.4,1,34.471,1,7.25,1,693.4,1,7.25,1,34.471,1
5905612,2025-12-19T13:51:20Z,1,-24.51932,156.48726,1,695.6,1,34.469,1,7.222,1,695.6,1,7.222,1,34.469,1
5905612,2025-12-19T13:51:20Z,1,-24.51932,156.48726,1,697.3,1,34.47,1,7.199,1,697.3,1,7.199,1,34.47,1
5905612,2025-12-19T13:51:20Z,1,-24.51932,156.48726,1,699.1,1,34.468,1,7.174,1,699.1,1,7.174,1,34.468,1
5905612,2025-12-19T13:51:20Z,1,-24.51932,156.48726,1,701.3,1,34.467,1,7.16,1,701.3,1,7.16,1,34.467,1
5905612,2025-12-19T13:51:20Z,1,-24.51932,156.48726,1,703.5,1,34.465,1,7.12,1,703.5,1,7.12,1,34.465,1
5905612,2025-12-19T13:51:20Z,1,-24.51932,156.48726,1,705.3,1,34.463,1,7.114,1,705.3,1,7.114,1,34.463,1
5905612,2025-12-19T13:51:20Z,1,-24.51932,156.48726,1,707.1,1,34.463,1,7.106,1,707.1,1,7.106,1,34.463,1
5905612,2025-12-19T13:51:20Z,1,-24.51932,156.48726,1,709.5,1,34.463,1,7.087,1,709.5,1,7.087,1,34.463,1
5905612,2025-12-19T13:51:20Z,1,-24.51932,156.48726,1,711.7,1,34.462,1,7.065,1,711.7,1,7.065,1,34.462,1
5905612,2025-12-19T13:51:20Z,1,-24.51932,156.48726,1,713.6,1,34.461,1,7.047,1,713.6,1,7.047,1,34.461,1
5905612,2025-12-19T13:51:20Z,1,-24.51932,156.48726,1,715.4,1,34.46,1,7.03,1,715.4,1,7.03,1,34.46,1
5905612,2025-12-19T13:51:20Z,1,-24.51932,156.48726,1,717.3,1,34.46,1,7.01,1,717.3,1,7.01,1,34.46,1
5905612,2025-12-19T13:51:20Z,1,-24.51932,156.48726,1,719.1,1,34.458,1,6.99,1,719.1,1,6.99,1,34.458,1
5905612,2025-12-19T13:51:20Z,1,-24.51932,156.48726,1,721.5,1,34.457,1,6.961,1,721.5,1,6.961,1,34.457,1
5905612,2025-12-19T13:51:20Z,1,-24.51932,156.48726,1,723.8,1,34.456,1,6.944,1,723.8,1,6.944,1,34.456,1
5905612,2025-12-19T13:51:20Z,1,-24.51932,156.48726,1,725.7,1,34.455,1,6.933,1,725.7,1,6.933,1,34.455,1
5905612,2025-12-19T13:51:20Z,1,-24.51932,156.48726,1,727.6,1,34.455,1,6.926,1,727.6,1,6.926,1,34.455,1
5905612,2025-12-19T13:51:20Z,1,-24.51932,156.48726,1,729.5,1,34.453,1,6.92,1,729.5,1,6.92,1,34.453,1
5905612,2025-12-19T13:51:20Z,1,-24.51932,156.48726,1,731.3,1,34.453,1,6.898,1,731.3,1,6.898,1,34.453,1
5905612,2025-12-19T13:51:20Z,1,-24.51932,156.48726,1,733.2,1,34.45,1,6.847,1,733.2,1,6.847,1,34.45,1
5905612,2025-12-19T13:51:20Z,1,-24.51932,156.48726,1,735.1,1,34.45,1,6.835,1,735.1,1,6.835,1,34.45,1
5905612,2025-12-19T13:51:20Z,1,-24.51932,156.48726,1,737.0,1,34.45,1,6.808,1,737.0,1,6.808,1,34.45,1
5905612,2025-12-19T13:51:20Z,1,-24.51932,156.48726,1,739.0,1,34.448,1,6.797,1,739.0,1,6.797,1,34.448,1
5905612,2025-12-19T13:51:20Z,1,-24.51932,156.48726,1,741.4,1,34.447,1,6.782,1,741.4,1,6.782,1,34.447,1
5905612,2025-12-19T13:51:20Z,1,-24.51932,156.48726,1,743.8,1,34.446,1,6.76,1,743.8,1,6.76,1,34.446,1
5905612,2025-12-19T13:51:20Z,1,-24.51932,156.48726,1,745.7,1,34.445,1,6.713,1,745.7,1,6.713,1,34.445,1
5905612,2025-12-19T13:51:20Z,1,-24.51932,156.48726,1,747.6,1,34.443,1,6.668,1,747.6,1,6.668,1,34.443,1
5905612,2025-12-19T13:51:20Z,1,-24.51932,156.48726,1,749.5,1,34.441,1,6.659,1,749.5,1,6.659,1,34.441,1
5905612,2025-12-19T13:51:20Z,1,-24.51932,156.48726,1,751.5,1,34.443,1,6.64,1,751.5,1,6.64,1,34.443,1
5905612,2025-12-19T13:51:20Z,1,-24.51932,156.48726,1,753.4,1,34.442,1,6.623,1,753.4,1,6.623,1,34.442,1
5905612,2025-12-19T13:51:20Z,1,-24.51932,156.48726,1,755.3,1,34.442,1,6.609,1,755.3,1,6.609,1,34.442,1
5905612,2025-12-19T13:51:20Z,1,-24.51932,156.48726,1,757.3,1,34.441,1,6.602,1,757.3,1,6.602,1,34.441,1
5905612,2025-12-19T13:51:20Z,1,-24.51932,156.48726,1,759.2,1,34.441,1,6.584,1,759.2,1,6.584,1,34.441,1
5905612,2025-12-19T13:51:20Z,1,-24.51932,156.48726,1,761.1,1,34.441,1,6.555,1,761.1,1,6.555,1,34.441,1
5905612,2025-12-19T13:51:20Z,1,-24.51932,156.48726,1,763.4,1,34.439,1,6.533,1,763.4,1,6.533,1,34.439,1
5905612,2025-12-19T13:51:20Z,1,-24.51932,156.48726,1,765.7,1,34.438,1,6.51,1,765.7,1,6.51,1,34.438,1
5905612,2025-12-19T13:51:20Z,1,-24.51932,156.48726,1,767.6,1,34.439,1,6.464,1,767.6,1,6.464,1,34.439,1
5905612,2025-12-19T13:51:20Z,1,-24.51932,156.48726,1,769.6,1,34.439,1,6.411,1,769.6,1,6.411,1,34.439,1
5905612,2025-12-19T13:51:20Z,1,-24.51932,156.48726,1,771.5,1,34.434,1,6.393,1,771.5,1,6.393,1,34.434,1
5905612,2025-12-19T13:51:20Z,1,-24.51932,156.48726,1,773.4,1,34.435,1,6.389,1,773.4,1,6.389,1,34.435,1
5905612,2025-12-19T13:51:20Z,1,-24.51932,156.48726,1,775.3,1,34.434,1,6.384,1,775.3,1,6.384,1,34.434,1
5905612,2025-12-19T13:51:20Z,1,-24.51932,156.48726,1,777.3,1,34.434,1,6.379,1,777.3,1,6.379,1,34.434,1
5905612,2025-12-19T13:51:20Z,1,-24.51932,156.48726,1,779.3,1,34.434,1,6.37,1,779.3,1,6.37,1,34.434,1
5905612,2025-12-19T13:51:20Z,1,-24.51932,156.48726,1,781.2,1,34.433,1,6.358,1,781.2,1,6.358,1,34.433,1
5905612,2025-12-19T13:51:20Z,1,-24.51932,156.48726,1,783.3,1,34.434,1,6.333,1,783.3,1,6.333,1,34.434,1
5905612,2025-12-19T13:51:20Z,1,-24.51932,156.48726,1,785.3,1,34.433,1,6.312,1,785.3,1,6.312,1,34.433,1
5905612,2025-12-19T13:51:20Z,1,-24.51932,156.48726,1,787.2,1,34.433,1,6.31,1,787.2,1,6.31,1,34.433,1
5905612,2025-12-19T13:51:20Z,1,-24.51932,156.48726,1,789.2,1,34.432,1,6.307,1,789.2,1,6.307,1,34.432,1
5905612,2025-12-19T13:51:20Z,1,-24.51932,156.48726,1,791.2,1,34.433,1,6.303,1,791.2,1,6.303,1,34.433,1
5905612,2025-12-19T13:51:20Z,1,-24.51932,156.48726,1,793.2,1,34.432,1,6.302,1,793.2,1,6.302,1,34.432,1
5905612,2025-12-19T13:51:20Z,1,-24.51932,156.48726,1,795.2,1,34.432,1,6.297,1,795.2,1,6.297,1,34.432,1
5905612,2025-12-19T13:51:20Z,1,-24.51932,156.48726,1,797.2,1,34.432,1,6.287,1,797.2,1,6.287,1,34.432,1
5905612,2025-12-19T13:51:20Z,1,-24.51932,156.48726,1,799.2,1,34.431,1,6.274,1,799.2,1,6.274,1,34.431,1
5905612,2025-12-19T13:51:20Z,1,-24.51932,156.48726,1,801.2,1,34.431,1,6.255,1,801.2,1,6.255,1,34.431,1
5905612,2025-12-19T13:51:20Z,1,-24.51932,156.48726,1,803.2,1,34.431,1,6.238,1,803.2,1,6.238,1,34.431,1
5905612,2025-12-19T13:51:20Z,1,-24.51932,156.48726,1,805.2,1,34.43,1,6.229,1,805.2,1,6.229,1,34.43,1
5905612,2025-12-19T13:51:20Z,1,-24.51932,156.48726,1,807.1,1,34.43,1,6.21,1,807.1,1,6.21,1,34.43,1
5905612,2025-12-19T13:51:20Z,1,-24.51932,156.48726,1,809.1,1,34.429,1,6.176,1,809.1,1,6.176,1,34.429,1
5905612,2025-12-19T13:51:20Z,1,-24.51932,156.48726,1,811.1,1,34.43,1,6.136,1,811.1,1,6.136,1,34.43,1
5905612,2025-12-19T13:51:20Z,1,-24.51932,156.48726,1,813.2,1,34.429,1,6.127,1,813.2,1,6.127,1,34.429,1
5905612,2025-12-19T13:51:20Z,1,-24.51932,156.48726,1,815.2,1,34.429,1,6.116,1,815.2,1,6.116,1,34.429,1
5905612,2025-12-19T13:51:20Z,1,-24.51932,156.48726,1,817.2,1,34.429,1,6.112,1,817.2,1,6.112,1,34.429,1
5905612,2025-12-19T13:51:20Z,1,-24.51932,156.48726,1,819.2,1,34.428,1,6.11,1,819.2,1,6.11,1,34.428,1
5905612,2025-12-19T13:51:20Z,1,-24.51932,156.48726,1,821.2,1,34.428,1,6.107,1,821.2,1,6.107,1,34.428,1
5905612,2025-12-19T13:51:20Z,1,-24.51932,156.48726,1,823.2,1,34.428,1,6.099,1,823.2,1,6.099,1,34.428,1
5905612,2025-12-19T13:51:20Z,1,-24.51932,156.48726,1,825.2,1,34.428,1,6.087,1,825.2,1,6.087,1,34.428,1
5905612,2025-12-19T13:51:20Z,1,-24.51932,156.48726,1,827.2,1,34.427,1,6.08,1,827.2,1,6.08,1,34.427,1
5905612,2025-12-19T13:51:20Z,1,-24.51932,156.48726,1,829.2,1,34.428,1,6.07,1,829.2,1,6.07,1,34.428,1
5905612,2025-12-19T13:51:20Z,1,-24.51932,156.48726,1,831.2,1,34.427,1,6.055,1,831.2,1,6.055,1,34.427,1
5905612,2025-12-19T13:51:20Z,1,-24.51932,156.48726,1,833.2,1,34.427,1,6.047,1,833.2,1,6.047,1,34.427,1
5905612,2025-12-19T13:51:20Z,1,-24.51932,156.48726,1,835.2,1,34.427,1,6.03,1,835.2,1,6.03,1,34.427,1
5905612,2025-12-19T13:51:20Z,1,-24.51932,156.48726,1,837.2,1,34.427,1,6.02,1,837.2,1,6.02,1,34.427,1
5905612,2025-12-19T13:51:20Z,1,-24.51932,156.48726,1,839.3,1,34.426,1,6.012,1,839.3,1,6.012,1,34.426,1
5905612,2025-12-19T13:51:20Z,1,-24.51932,156.48726,1,841.3,1,34.427,1,5.979,1,841.3,1,5.979,1,34.427,1
5905612,2025-12-19T13:51:20Z,1,-24.51932,156.48726,1,843.4,1,34.427,1,5.971,1,843.4,1,5.971,1,34.427,1
5905612,2025-12-19T13:51:20Z,1,-24.51932,156.48726,1,845.4,1,34.426,1,5.963,1,845.4,1,5.963,1,34.426,1
5905612,2025-12-19T13:51:20Z,1,-24.51932,156.48726,1,847.4,1,34.426,1,5.937,1,847.4,1,5.937,1,34.426,1
5905612,2025-12-19T13:51:20Z,1,-24.51932,156.48726,1,849.5,1,34.424,1,5.909,1,849.5,1,5.909,1,34.424,1
5905612,2025-12-19T13:51:20Z,1,-24.51932,156.48726,1,851.5,1,34.424,1,5.879,1,851.5,1,5.879,1,34.424,1
5905612,2025-12-19T13:51:20Z,1,-24.51932,156.48726,1,853.5,1,34.423,1,5.866,1,853.5,1,5.866,1,34.423,1
5905612,2025-12-19T13:51:20Z,1,-24.51932,156.48726,1,855.6,1,34.423,1,5.857,1,855.6,1,5.857,1,34.423,1
5905612,2025-12-19T13:51:20Z,1,-24.51932,156.48726,1,857.7,1,34.423,1,5.855,1,857.7,1,5.855,1,34.423,1
5905612,2025-12-19T13:51:20Z,1,-24.51932,156.48726,1,859.8,1,34.424,1,5.852,1,859.8,1,5.852,1,34.424,1
5905612,2025-12-19T13:51:20Z,1,-24.51932,156.48726,1,861.8,1,34.425,1,5.847,1,861.8,1,5.847,1,34.425,1
5905612,2025-12-19T13:51:20Z,1,-24.51932,156.48726,1,863.8,1,34.426,1,5.839,1,863.8,1,5.839,1,34.426,1
5905612,2025-12-19T13:51:20Z,1,-24.51932,156.48726,1,865.9,1,34.426,1,5.819,1,865.9,1,5.819,1,34.426,1
5905612,2025-12-19T13:51:20Z,1,-24.51932,156.48726,1,867.9,1,34.426,1,5.816,1,867.9,1,5.816,1,34.426,1
5905612,2025-12-19T13:51:20Z,1,-24.51932,156.48726,1,869.5,1,34.426,1,5.804,1,869.5,1,5.804,1,34.426,1
5905612,2025-12-19T13:51:20Z,1,-24.51932,156.48726,1,871.0,1,34.428,1,5.784,1,871.0,1,5.784,1,34.428,1
5905612,2025-12-19T13:51:20Z,1,-24.51932,156.48726,1,873.0,1,34.427,1,5.77,1,873.0,1,5.77,1,34.427,1
5905612,2025-12-19T13:51:20Z,1,-24.51932,156.48726,1,875.4,1,34.427,1,5.75,1,875.4,1,5.75,1,34.427,1
5905612,2025-12-19T13:51:20Z,1,-24.51932,156.48726,1,877.5,1,34.428,1,5.736,1,877.5,1,5.736,1,34.428,1
5905612,2025-12-19T13:51:20Z,1,-24.51932,156.48726,1,879.6,1,34.428,1,5.731,1,879.6,1,5.731,1,34.428,1
5905612,2025-12-19T13:51:20Z,1,-24.51932,156.48726,1,881.6,1,34.427,1,5.731,1,881.6,1,5.731,1,34.427,1
5905612,2025-12-19T13:51:20Z,1,-24.51932,156.48726,1,883.6,1,34.428,1,5.712,1,883.6,1,5.712,1,34.428,1
5905612,2025-12-19T13:51:20Z,1,-24.51932,156.48726,1,885.6,1,34.428,1,5.679,1,885.6,1,5.679,1,34.428,1
5905612,2025-12-19T13:51:20Z,1,-24.51932,156.48726,1,887.3,1,34.428,1,5.668,1,887.3,1,5.668,1,34.428,1
5905612,2025-12-19T13:51:20Z,1,-24.51932,156.48726,1,889.1,1,34.429,1,5.659,1,889.1,1,5.659,1,34.429,1
5905612,2025-12-19T13:51:20Z,1,-24.51932,156.48726,1,891.3,1,34.429,1,5.649,1,891.3,1,5.649,1,34.429,1
5905612,2025-12-19T13:51:20Z,1,-24.51932,156.48726,1,893.4,1,34.428,1,5.641,1,893.4,1,5.641,1,34.428,1
5905612,2025-12-19T13:51:20Z,1,-24.51932,156.48726,1,895.5,1,34.429,1,5.607,1,895.5,1,5.607,1,34.429,1
5905612,2025-12-19T13:51:20Z,1,-24.51932,156.48726,1,897.6,1,34.429,1,5.599,1,897.6,1,5.599,1,34.429,1
5905612,2025-12-19T13:51:20Z,1,-24.51932,156.48726,1,899.3,1,34.429,1,5.596,1,899.3,1,5.596,1,34.429,1
5905612,2025-12-19T13:51:20Z,1,-24.51932,156.48726,1,901.5,1,34.429,1,5.59,1,901.5,1,5.59,1,34.429,1
5905612,2025-12-19T13:51:20Z,1,-24.51932,156.48726,1,903.7,1,34.429,1,5.589,1,903.7,1,5.589,1,34.429,1
5905612,2025-12-19T13:51:20Z,1,-24.51932,156.48726,1,905.3,1,34.429,1,5.589,1,905.3,1,5.589,1,34.429,1
5905612,2025-12-19T13:51:20Z,1,-24.51932,156.48726,1,907.4,1,34.429,1,5.585,1,907.4,1,5.585,1,34.429,1
5905612,2025-12-19T13:51:20Z,1,-24.51932,156.48726,1,909.6,1,34.432,1,5.564,1,909.6,1,5.564,1,34.432,1
5905612,2025-12-19T13:51:20Z,1,-24.51932,156.48726,1,911.4,1,34.429,1,5.545,1,911.4,1,5.545,1,34.429,1
5905612,2025-12-19T13:51:20Z,1,-24.51932,156.48726,1,913.2,1,34.429,1,5.534,1,913.2,1,5.534,1,34.429,1
5905612,2025-12-19T13:51:20Z,1,-24.51932,156.48726,1,915.5,1,34.43,1,5.507,1,915.5,1,5.507,1,34.43,1
5905612,2025-12-19T13:51:20Z,1,-24.51932,156.48726,1,917.7,1,34.43,1,5.494,1,917.7,1,5.494,1,34.43,1
5905612,2025-12-19T13:51:20Z,1,-24.51932,156.48726,1,919.6,1,34.43,1,5.486,1,919.6,1,5.486,1,34.43,1
5905612,2025-12-19T13:51:20Z,1,-24.51932,156.48726,1,921.4,1,34.431,1,5.46,1,921.4,1,5.46,1,34.431,1
5905612,2025-12-19T13:51:20Z,1,-24.51932,156.48726,1,923.2,1,34.432,1,5.434,1,923.2,1,5.434,1,34.432,1
5905612,2025-12-19T13:51:20Z,1,-24.51932,156.48726,1,925.5,1,34.431,1,5.43,1,925.5,1,5.43,1,34.431,1
5905612,2025-12-19T13:51:20Z,1,-24.51932,156.48726,1,927.8,1,34.431,1,5.417,1,927.8,1,5.417,1,34.431,1
5905612,2025-12-19T13:51:20Z,1,-24.51932,156.48726,1,929.6,1,34.431,1,5.402,1,929.6,1,5.402,1,34.431,1
5905612,2025-12-19T13:51:20Z,1,-24.51932,156.48726,1,931.4,1,34.433,1,5.378,1,931.4,1,5.378,1,34.433,1
5905612,2025-12-19T13:51:20Z,1,-24.51932,156.48726,1,933.2,1,34.433,1,5.363,1,933.2,1,5.363,1,34.433,1
5905612,2025-12-19T13:51:20Z,1,-24.51932,156.48726,1,935.0,1,34.432,1,5.349,1,935.0,1,5.349,1,34.432,1
5905612,2025-12-19T13:51:20Z,1,-24.51932,156.48726,1,937.4,1,34.434,1,5.313,1,937.4,1,5.313,1,34.434,1
5905612,2025-12-19T13:51:20Z,1,-24.51932,156.48726,1,939.7,1,34.433,1,5.293,1,939.7,1,5.293,1,34.433,1
5905612,2025-12-19T13:51:20Z,1,-24.51932,156.48726,1,941.6,1,34.434,1,5.285,1,941.6,1,5.285,1,34.434,1
5905612,2025-12-19T13:51:20Z,1,-24.51932,156.48726,1,943.4,1,34.434,1,5.279,1,943.4,1,5.279,1,34.434,1
5905612,2025-12-19T13:51:20Z,1,-24.51932,156.48726,1,945.3,1,34.435,1,5.255,1,945.3,1,5.255,1,34.435,1
5905612,2025-12-19T13:51:20Z,1,-24.51932,156.48726,1,947.2,1,34.435,1,5.236,1,947.2,1,5.236,1,34.435,1
5905612,2025-12-19T13:51:20Z,1,-24.51932,156.48726,1,949.1,1,34.435,1,5.227,1,949.1,1,5.227,1,34.435,1
5905612,2025-12-19T13:51:20Z,1,-24.51932,156.48726,1,951.0,1,34.436,1,5.2,1,951.0,1,5.2,1,34.436,1
5905612,2025-12-19T13:51:20Z,1,-24.51932,156.48726,1,953.0,1,34.439,1,5.177,1,953.0,1,5.177,1,34.439,1
5905612,2025-12-19T13:51:20Z,1,-24.51932,156.48726,1,955.4,1,34.438,1,5.15,1,955.4,1,5.15,1,34.438,1
5905612,2025-12-19T13:51:20Z,1,-24.51932,156.48726,1,957.9,1,34.438,1,5.136,1,957.9,1,5.136,1,34.438,1
5905612,2025-12-19T13:51:20Z,1,-24.51932,156.48726,1,959.8,1,34.438,1,5.13,1,959.8,1,5.13,1,34.438,1
5905612,2025-12-19T13:51:20Z,1,-24.51932,156.48726,1,961.8,1,34.438,1,5.127,1,961.8,1,5.127,1,34.438,1
5905612,2025-12-19T13:51:20Z,1,-24.51932,156.48726,1,963.8,1,34.438,1,5.124,1,963.8,1,5.124,1,34.438,1
5905612,2025-12-19T13:51:20Z,1,-24.51932,156.48726,1,965.8,1,34.439,1,5.115,1,965.8,1,5.115,1,34.439,1
5905612,2025-12-19T13:51:20Z,1,-24.51932,156.48726,1,967.8,1,34.44,1,5.105,1,967.8,1,5.105,1,34.44,1
5905612,2025-12-19T13:51:20Z,1,-24.51932,156.48726,1,969.8,1,34.439,1,5.104,1,969.8,1,5.104,1,34.439,1
5905612,2025-12-19T13:51:20Z,1,-24.51932,156.48726,1,971.8,1,34.439,1,5.104,1,971.8,1,5.104,1,34.439,1
5905612,2025-12-19T13:51:20Z,1,-24.51932,156.48726,1,973.8,1,34.438,1,5.104,1,973.8,1,5.104,1,34.438,1
5905612,2025-12-19T13:51:20Z,1,-24.51932,156.48726,1,975.7,1,34.438,1,5.102,1,975.7,1,5.102,1,34.438,1
5905612,2025-12-19T13:51:20Z,1,-24.51932,156.48726,1,977.7,1,34.438,1,5.1,1,977.7,1,5.1,1,34.438,1
5905612,2025-12-19T13:51:20Z,1,-24.51932,156.48726,1,979.7,1,34.438,1,5.099,1,979.7,1,5.099,1,34.438,1
5905612,2025-12-19T13:51:20Z,1,-24.51932,156.48726,1,981.7,1,34.44,1,5.082,1,981.7,1,5.082,1,34.44,1
5905612,2025-12-19T13:51:20Z,1,-24.51932,156.48726,1,983.7,1,34.44,1,5.055,1,983.7,1,5.055,1,34.44,1
5905612,2025-12-19T13:51:20Z,1,-24.51932,156.48726,1,985.7,1,34.44,1,5.045,1,985.7,1,5.045,1,34.44,1
5905612,2025-12-19T13:51:20Z,1,-24.51932,156.48726,1,987.7,1,34.44,1,5.033,1,987.7,1,5.033,1,34.44,1
5905612,2025-12-19T13:51:20Z,1,-24.51932,156.48726,1,989.6,1,34.441,1,5.024,1,989.6,1,5.024,1,34.441,1
5905612,2025-12-19T13:51:20Z,1,-24.51932,156.48726,1,991.6,1,34.441,1,5.015,1,991.6,1,5.015,1,34.441,1
5905612,2025-12-19T13:51:20Z,1,-24.51932,156.48726,1,993.6,1,34.442,1,5.0,1,993.6,1,5.0,1,34.442,1
5905612,2025-12-19T13:51:20Z,1,-24.51932,156.48726,1,995.6,1,34.442,1,4.986,1,995.6,1,4.986,1,34.442,1
5905612,2025-12-19T13:51:20Z,1,-24.51932,156.48726,1,997.7,1,34.443,1,4.973,1,997.7,1,4.973,1,34.443,1
5905612,2025-12-19T13:51:20Z,1,-24.51932,156.48726,1,999.7,1,34.444,1,4.949,1,999.7,1,4.949,1,34.444,1
5905612,2025-12-19T13:51:20Z,1,-24.51932,156.48726,1,1001.7,1,34.445,1,4.922,1,1001.7,1,4.922,1,34.445,1
5905612,2025-12-19T13:51:20Z,1,-24.51932,156.48726,1,1003.8,1,34.445,1,4.909,1,1003.8,1,4.909,1,34.445,1
5905612,2025-12-19T13:51:20Z,1,-24.51932,156.48726,1,1005.8,1,34.445,1,4.906,1,1005.8,1,4.906,1,34.445,1
5905612,2025-12-19T13:51:20Z,1,-24.51932,156.48726,1,1007.8,1,34.445,1,4.904,1,1007.8,1,4.904,1,34.445,1
5905612,2025-12-19T13:51:20Z,1,-24.51932,156.48726,1,1009.8,1,34.446,1,4.898,1,1009.8,1,4.898,1,34.446,1
5905612,2025-12-19T13:51:20Z,1,-24.51932,156.48726,1,1011.8,1,34.445,1,4.893,1,1011.8,1,4.893,1,34.445,1
5905612,2025-12-19T13:51:20Z,1,-24.51932,156.48726,1,1013.8,1,34.446,1,4.877,1,1013.8,1,4.877,1,34.446,1
5905612,2025-12-19T13:51:20Z,1,-24.51932,156.48726,1,1015.7,1,34.449,1,4.842,1,1015.7,1,4.842,1,34.449,1
5905612,2025-12-19T13:51:20Z,1,-24.51932,156.48726,1,1017.7,1,34.448,1,4.822,1,1017.7,1,4.822,1,34.448,1
5905612,2025-12-19T13:51:20Z,1,-24.51932,156.48726,1,1019.6,1,34.449,1,4.816,1,1019.6,1,4.816,1,34.449,1
5905612,2025-12-19T13:51:20Z,1,-24.51932,156.48726,1,1021.7,1,34.45,1,4.813,1,1021.7,1,4.813,1,34.45,1
5905612,2025-12-19T13:51:20Z,1,-24.51932,156.48726,1,1023.7,1,34.449,1,4.812,1,1023.7,1,4.812,1,34.449,1
5905612,2025-12-19T13:51:20Z,1,-24.51932,156.48726,1,1025.7,1,34.451,1,4.787,1,1025.7,1,4.787,1,34.451,1
5905612,2025-12-19T13:51:20Z,1,-24.51932,156.48726,1,1027.7,1,34.451,1,4.781,1,1027.7,1,4.781,1,34.451,1
5905612,2025-12-19T13:51:20Z,1,-24.51932,156.48726,1,1029.7,1,34.451,1,4.775,1,1029.7,1,4.775,1,34.451,1
5905612,2025-12-19T13:51:20Z,1,-24.51932,156.48726,1,1031.8,1,34.452,1,4.765,1,1031.8,1,4.765,1,34.452,1
5905612,2025-12-19T13:51:20Z,1,-24.51932,156.48726,1,1033.8,1,34.453,1,4.756,1,1033.8,1,4.756,1,34.453,1
5905612,2025-12-19T13:51:20Z,1,-24.51932,156.48726,1,1035.8,1,34.452,1,4.753,1,1035.8,1,4.753,1,34.452,1
5905612,2025-12-19T13:51:20Z,1,-24.51932,156.48726,1,1037.7,1,34.453,1,4.746,1,1037.7,1,4.746,1,34.453,1
5905612,2025-12-19T13:51:20Z,1,-24.51932,156.48726,1,1039.7,1,34.454,1,4.73,1,1039.7,1,4.73,1,34.454,1
5905612,2025-12-19T13:51:20Z,1,-24.51932,156.48726,1,1041.7,1,34.455,1,4.712,1,1041.7,1,4.712,1,34.455,1
5905612,2025-12-19T13:51:20Z,1,-24.51932,156.48726,1,1043.7,1,34.455,1,4.699,1,1043.7,1,4.699,1,34.455,1
5905612,2025-12-19T13:51:20Z,1,-24.51932,156.48726,1,1045.7,1,34.455,1,4.695,1,1045.7,1,4.695,1,34.455,1
5905612,2025-12-19T13:51:20Z,1,-24.51932,156.48726,1,1047.7,1,34.456,1,4.683,1,1047.7,1,4.683,1,34.456,1
5905612,2025-12-19T13:51:20Z,1,-24.51932,156.48726,1,1049.7,1,34.457,1,4.665,1,1049.7,1,4.665,1,34.457,1
5905612,2025-12-19T13:51:20Z,1,-24.51932,156.48726,1,1051.8,1,34.457,1,4.647,1,1051.8,1,4.647,1,34.457,1
5905612,2025-12-19T13:51:20Z,1,-24.51932,156.48726,1,1053.8,1,34.458,1,4.639,1,1053.8,1,4.639,1,34.458,1
5905612,2025-12-19T13:51:20Z,1,-24.51932,156.48726,1,1055.8,1,34.459,1,4.629,1,1055.8,1,4.629,1,34.459,1
5905612,2025-12-19T13:51:20Z,1,-24.51932,156.48726,1,1057.8,1,34.459,1,4.621,1,1057.8,1,4.621,1,34.459,1
5905612,2025-12-19T13:51:20Z,1,-24.51932,156.48726,1,1059.8,1,34.46,1,4.609,1,1059.8,1,4.609,1,34.46,1
5905612,2025-12-19T13:51:20Z,1,-24.51932,156.48726,1,1061.8,1,34.462,1,4.585,1,1061.8,1,4.585,1,34.462,1
5905612,2025-12-19T13:51:20Z,1,-24.51932,156.48726,1,1063.7,1,34.462,1,4.568,1,1063.7,1,4.568,1,34.462,1
5905612,2025-12-19T13:51:20Z,1,-24.51932,156.48726,1,1065.7,1,34.462,1,4.564,1,1065.7,1,4.564,1,34.462,1
5905612,2025-12-19T13:51:20Z,1,-24.51932,156.48726,1,1067.7,1,34.463,1,4.554,1,1067.7,1,4.554,1,34.463,1
5905612,2025-12-19T13:51:20Z,1,-24.51932,156.48726,1,1069.7,1,34.464,1,4.544,1,1069.7,1,4.544,1,34.464,1
5905612,2025-12-19T13:51:20Z,1,-24.51932,156.48726,1,1071.7,1,34.463,1,4.543,1,1071.7,1,4.543,1,34.463,1
5905612,2025-12-19T13:51:20Z,1,-24.51932,156.48726,1,1073.7,1,34.464,1,4.537,1,1073.7,1,4.537,1,34.464,1
5905612,2025-12-19T13:51:20Z,1,-24.51932,156.48726,1,1075.7,1,34.463,1,4.531,1,1075.7,1,4.531,1,34.463,1
5905612,2025-12-19T13:51:20Z,1,-24.51932,156.48726,1,1077.8,1,34.464,1,4.516,1,1077.8,1,4.516,1,34.464,1
5905612,2025-12-19T13:51:20Z,1,-24.51932,156.48726,1,1079.8,1,34.468,1,4.48,1,1079.8,1,4.48,1,34.468,1
5905612,2025-12-19T13:51:20Z,1,-24.51932,156.48726,1,1081.8,1,34.468,1,4.47,1,1081.8,1,4.47,1,34.468,1
5905612,2025-12-19T13:51:20Z,1,-24.51932,156.48726,1,1083.9,1,34.468,1,4.467,1,1083.9,1,4.467,1,34.468,1
5905612,2025-12-19T13:51:20Z,1,-24.51932,156.48726,1,1085.9,1,34.468,1,4.464,1,1085.9,1,4.464,1,34.468,1
5905612,2025-12-19T13:51:20Z,1,-24.51932,156.48726,1,1087.9,1,34.468,1,4.463,1,1087.9,1,4.463,1,34.468,1
5905612,2025-12-19T13:51:20Z,1,-24.51932,156.48726,1,1089.9,1,34.468,1,4.461,1,1089.9,1,4.461,1,34.468,1
5905612,2025-12-19T13:51:20Z,1,-24.51932,156.48726,1,1091.5,1,34.469,1,4.454,1,1091.5,1,4.454,1,34.469,1
5905612,2025-12-19T13:51:20Z,1,-24.51932,156.48726,1,1093.0,1,34.468,1,4.445,1,1093.0,1,4.445,1,34.468,1
5905612,2025-12-19T13:51:20Z,1,-24.51932,156.48726,1,1095.0,1,34.47,1,4.419,1,1095.0,1,4.419,1,34.47,1
5905612,2025-12-19T13:51:20Z,1,-24.51932,156.48726,1,1097.2,1,34.472,1,4.404,1,1097.2,1,4.404,1,34.472,1
5905612,2025-12-19T13:51:20Z,1,-24.51932,156.48726,1,1099.3,1,34.472,1,4.385,1,1099.3,1,4.385,1,34.472,1
5905612,2025-12-19T13:51:20Z,1,-24.51932,156.48726,1,1101.3,1,34.474,1,4.376,1,1101.3,1,4.376,1,34.474,1
5905612,2025-12-19T13:51:20Z,1,-24.51932,156.48726,1,1103.4,1,34.473,1,4.376,1,1103.4,1,4.376,1,34.473,1
5905612,2025-12-19T13:51:20Z,1,-24.51932,156.48726,1,1105.4,1,34.474,1,4.374,1,1105.4,1,4.374,1,34.474,1
5905612,2025-12-19T13:51:20Z,1,-24.51932,156.48726,1,1107.4,1,34.474,1,4.368,1,1107.4,1,4.368,1,34.474,1
5905612,2025-12-19T13:51:20Z,1,-24.51932,156.48726,1,1109.4,1,34.475,1,4.355,1,1109.4,1,4.355,1,34.475,1
5905612,2025-12-19T13:51:20Z,1,-24.51932,156.48726,1,1111.3,1,34.475,1,4.342,1,1111.3,1,4.342,1,34.475,1
5905612,2025-12-19T13:51:20Z,1,-24.51932,156.48726,1,1113.3,1,34.475,1,4.341,1,1113.3,1,4.341,1,34.475,1
5905612,2025-12-19T13:51:20Z,1,-24.51932,156.48726,1,1115.3,1,34.475,1,4.337,1,1115.3,1,4.337,1,34.475,1
5905612,2025-12-19T13:51:20Z,1,-24.51932,156.48726,1,1117.4,1,34.477,1,4.324,1,1117.4,1,4.324,1,34.477,1
5905612,2025-12-19T13:51:20Z,1,-24.51932,156.48726,1,1119.4,1,34.477,1,4.309,1,1119.4,1,4.309,1,34.477,1
5905612,2025-12-19T13:51:20Z,1,-24.51932,156.48726,1,1121.4,1,34.478,1,4.3,1,1121.4,1,4.3,1,34.478,1
5905612,2025-12-19T13:51:20Z,1,-24.51932,156.48726,1,1123.3,1,34.478,1,4.286,1,1123.3,1,4.286,1,34.478,1
5905612,2025-12-19T13:51:20Z,1,-24.51932,156.48726,1,1125.4,1,34.481,1,4.262,1,1125.4,1,4.262,1,34.481,1
5905612,2025-12-19T13:51:20Z,1,-24.51932,156.48726,1,1127.5,1,34.482,1,4.244,1,1127.5,1,4.244,1,34.482,1
5905612,2025-12-19T13:51:20Z,1,-24.51932,156.48726,1,1129.6,1,34.482,1,4.237,1,1129.6,1,4.237,1,34.482,1
5905612,2025-12-19T13:51:20Z,1,-24.51932,156.48726,1,1131.3,1,34.483,1,4.23,1,1131.3,1,4.23,1,34.483,1
5905612,2025-12-19T13:51:20Z,1,-24.51932,156.48726,1,1133.3,1,34.483,1,4.224,1,1133.3,1,4.224,1,34.483,1
5905612,2025-12-19T13:51:20Z,1,-24.51932,156.48726,1,1135.5,1,34.483,1,4.218,1,1135.5,1,4.218,1,34.483,1
5905612,2025-12-19T13:51:20Z,1,-24.51932,156.48726,1,1137.2,1,34.484,1,4.206,1,1137.2,1,4.206,1,34.484,1
5905612,2025-12-19T13:51:20Z,1,-24.51932,156.48726,1,1139.3,1,34.486,1,4.184,1,1139.3,1,4.184,1,34.486,1
5905612,2025-12-19T13:51:20Z,1,-24.51932,156.48726,1,1141.5,1,34.487,1,4.164,1,1141.5,1,4.164,1,34.487,1
5905612,2025-12-19T13:51:20Z,1,-24.51932,156.48726,1,1143.2,1,34.487,1,4.161,1,1143.2,1,4.161,1,34.487,1
5905612,2025-12-19T13:51:20Z,1,-24.51932,156.48726,1,1145.4,1,34.488,1,4.153,1,1145.4,1,4.153,1,34.488,1
5905612,2025-12-19T13:51:20Z,1,-24.51932,156.48726,1,1147.5,1,34.49,1,4.13,1,1147.5,1,4.13,1,34.49,1
5905612,2025-12-19T13:51:20Z,1,-24.51932,156.48726,1,1149.3,1,34.491,1,4.12,1,1149.3,1,4.12,1,34.491,1
5905612,2025-12-19T13:51:20Z,1,-24.51932,156.48726,1,1151.5,1,34.49,1,4.117,1,1151.5,1,4.117,1,34.49,1
5905612,2025-12-19T13:51:20Z,1,-24.51932,156.48726,1,1153.7,1,34.491,1,4.113,1,1153.7,1,4.113,1,34.491,1
5905612,2025-12-19T13:51:20Z,1,-24.51932,156.48726,1,1155.5,1,34.49,1,4.11,1,1155.5,1,4.11,1,34.49,1
5905612,2025-12-19T13:51:20Z,1,-24.51932,156.48726,1,1157.2,1,34.491,1,4.103,1,1157.2,1,4.103,1,34.491,1
5905612,2025-12-19T13:51:20Z,1,-24.51932,156.48726,1,1159.5,1,34.491,1,4.096,1,1159.5,1,4.096,1,34.491,1
5905612,2025-12-19T13:51:20Z,1,-24.51932,156.48726,1,1161.7,1,34.493,1,4.085,1,1161.7,1,4.085,1,34.493,1
5905612,2025-12-19T13:51:20Z,1,-24.51932,156.48726,1,1163.6,1,34.493,1,4.074,1,1163.6,1,4.074,1,34.493,1
5905612,2025-12-19T13:51:20Z,1,-24.51932,156.48726,1,1165.4,1,34.494,1,4.065,1,1165.4,1,4.065,1,34.494,1
5905612,2025-12-19T13:51:20Z,1,-24.51932,156.48726,1,1167.3,1,34.495,1,4.055,1,1167.3,1,4.055,1,34.495,1
5905612,2025-12-19T13:51:20Z,1,-24.51932,156.48726,1,1169.2,1,34.496,1,4.044,1,1169.2,1,4.044,1,34.496,1
5905612,2025-12-19T13:51:20Z,1,-24.51932,156.48726,1,1171.0,1,34.496,1,4.039,1,1171.0,1,4.039,1,34.496,1
5905612,2025-12-19T13:51:20Z,1,-24.51932,156.48726,1,1173.4,1,34.496,1,4.036,1,1173.4,1,4.036,1,34.496,1
5905612,2025-12-19T13:51:20Z,1,-24.51932,156.48726,1,1175.7,1,34.496,1,4.033,1,1175.7,1,4.033,1,34.496,1
5905612,2025-12-19T13:51:20Z,1,-24.51932,156.48726,1,1177.6,1,34.497,1,4.024,1,1177.6,1,4.024,1,34.497,1
5905612,2025-12-19T13:51:20Z,1,-24.51932,156.48726,1,1179.5,1,34.498,1,4.02,1,1179.5,1,4.02,1,34.498,1
5905612,2025-12-19T13:51:20Z,1,-24.51932,156.48726,1,1181.4,1,34.497,1,4.019,1,1181.4,1,4.019,1,34.497,1
5905612,2025-12-19T13:51:20Z,1,-24.51932,156.48726,1,1183.3,1,34.497,1,4.017,1,1183.3,1,4.017,1,34.497,1
5905612,2025-12-19T13:51:20Z,1,-24.51932,156.48726,1,1185.2,1,34.497,1,4.013,1,1185.2,1,4.013,1,34.497,1
5905612,2025-12-19T13:51:20Z,1,-24.51932,156.48726,1,1187.5,1,34.498,1,4.004,1,1187.5,1,4.004,1,34.498,1
5905612,2025-12-19T13:51:20Z,1,-24.51932,156.48726,1,1189.8,1,34.5,1,3.984,1,1189.8,1,3.984,1,34.5,1
5905612,2025-12-19T13:51:20Z,1,-24.51932,156.48726,1,1191.8,1,34.501,1,3.965,1,1191.8,1,3.965,1,34.501,1
5905612,2025-12-19T13:51:20Z,1,-24.51932,156.48726,1,1193.6,1,34.502,1,3.954,1,1193.6,1,3.954,1,34.502,1
5905612,2025-12-19T13:51:20Z,1,-24.51932,156.48726,1,1195.5,1,34.503,1,3.945,1,1195.5,1,3.945,1,34.503,1
5905612,2025-12-19T13:51:20Z,1,-24.51932,156.48726,1,1197.4,1,34.503,1,3.936,1,1197.4,1,3.936,1,34.503,1
5905612,2025-12-19T13:51:20Z,1,-24.51932,156.48726,1,1199.3,1,34.504,1,3.929,1,1199.3,1,3.929,1,34.504,1
5905612,2025-12-19T13:51:20Z,1,-24.51932,156.48726,1,1201.2,1,34.504,1,3.92,1,1201.2,1,3.92,1,34.504,1
5905612,2025-12-19T13:51:20Z,1,-24.51932,156.48726,1,1203.2,1,34.506,1,3.911,1,1203.2,1,3.911,1,34.506,1
5905612,2025-12-19T13:51:20Z,1,-24.51932,156.48726,1,1205.1,1,34.505,1,3.91,1,1205.1,1,3.91,1,34.505,1
5905612,2025-12-19T13:51:20Z,1,-24.51932,156.48726,1,1207.1,1,34.507,1,3.904,1,1207.1,1,3.904,1,34.507,1
5905612,2025-12-19T13:51:20Z,1,-24.51932,156.48726,1,1209.1,1,34.506,1,3.901,1,1209.1,1,3.901,1,34.506,1
5905612,2025-12-19T13:51:20Z,1,-24.51932,156.48726,1,1211.1,1,34.506,1,3.902,1,1211.1,1,3.902,1,34.506,1
5905612,2025-12-19T13:51:20Z,1,-24.51932,156.48726,1,1213.0,1,34.506,1,3.901,1,1213.0,1,3.901,1,34.506,1
5905612,2025-12-19T13:51:20Z,1,-24.51932,156.48726,1,1215.0,1,34.505,1,3.899,1,1215.0,1,3.899,1,34.505,1
5905612,2025-12-19T13:51:20Z,1,-24.51932,156.48726,1,1217.4,1,34.508,1,3.887,1,1217.4,1,3.887,1,34.508,1
5905612,2025-12-19T13:51:20Z,1,-24.51932,156.48726,1,1219.5,1,34.508,1,3.883,1,1219.5,1,3.883,1,34.508,1
5905612,2025-12-19T13:51:20Z,1,-24.51932,156.48726,1,1221.0,1,34.507,1,3.879,1,1221.0,1,3.879,1,34.507,1
5905612,2025-12-19T13:51:20Z,1,-24.51932,156.48726,1,1223.0,1,34.509,1,3.868,1,1223.0,1,3.868,1,34.509,1
5905612,2025-12-19T13:51:20Z,1,-24.51932,156.48726,1,1225.1,1,34.509,1,3.866,1,1225.1,1,3.866,1,34.509,1
5905612,2025-12-19T13:51:20Z,1,-24.51932,156.48726,1,1227.2,1,34.509,1,3.864,1,1227.2,1,3.864,1,34.509,1
5905612,2025-12-19T13:51:20Z,1,-24.51932,156.48726,1,1229.3,1,34.509,1,3.859,1,1229.3,1,3.859,1,34.509,1
5905612,2025-12-19T13:51:20Z,1,-24.51932,156.48726,1,1231.4,1,34.51,1,3.847,1,1231.4,1,3.847,1,34.51,1
5905612,2025-12-19T13:51:20Z,1,-24.51932,156.48726,1,1233.5,1,34.511,1,3.835,1,1233.5,1,3.835,1,34.511,1
5905612,2025-12-19T13:51:20Z,1,-24.51932,156.48726,1,1235.5,1,34.512,1,3.828,1,1235.5,1,3.828,1,34.512,1
5905612,2025-12-19T13:51:20Z,1,-24.51932,156.48726,1,1237.5,1,34.512,1,3.821,1,1237.5,1,3.821,1,34.512,1
5905612,2025-12-19T13:51:20Z,1,-24.51932,156.48726,1,1239.6,1,34.513,1,3.814,1,1239.6,1,3.814,1,34.513,1
5905612,2025-12-19T13:51:20Z,1,-24.51932,156.48726,1,1241.8,1,34.513,1,3.811,1,1241.8,1,3.811,1,34.513,1
5905612,2025-12-19T13:51:20Z,1,-24.51932,156.48726,1,1243.8,1,34.513,1,3.809,1,1243.8,1,3.809,1,34.513,1
5905612,2025-12-19T13:51:20Z,1,-24.51932,156.48726,1,1245.4,1,34.513,1,3.808,1,1245.4,1,3.808,1,34.513,1
5905612,2025-12-19T13:51:20Z,1,-24.51932,156.48726,1,1247.0,1,34.513,1,3.803,1,1247.0,1,3.803,1,34.513,1
5905612,2025-12-19T13:51:20Z,1,-24.51932,156.48726,1,1249.0,1,34.514,1,3.799,1,1249.0,1,3.799,1,34.514,1
5905612,2025-12-19T13:51:20Z,1,-24.51932,156.48726,1,1251.1,1,34.516,1,3.782,1,1251.1,1,3.782,1,34.516,1
5905612,2025-12-19T13:51:20Z,1,-24.51932,156.48726,1,1253.3,1,34.516,1,3.765,1,1253.3,1,3.765,1,34.516,1
5905612,2025-12-19T13:51:20Z,1,-24.51932,156.48726,1,1255.4,1,34.516,1,3.761,1,1255.4,1,3.761,1,34.516,1
5905612,2025-12-19T13:51:20Z,1,-24.51932,156.48726,1,1257.5,1,34.516,1,3.759,1,1257.5,1,3.759,1,34.516,1
5905612,2025-12-19T13:51:20Z,1,-24.51932,156.48726,1,1259.6,1,34.516,1,3.755,1,1259.6,1,3.755,1,34.516,1
5905612,2025-12-19T13:51:20Z,1,-24.51932,156.48726,1,1261.8,1,34.516,1,3.752,1,1261.8,1,3.752,1,34.516,1
5905612,2025-12-19T13:51:20Z,1,-24.51932,156.48726,1,1263.9,1,34.516,1,3.751,1,1263.9,1,3.751,1,34.516,1
5905612,2025-12-19T13:51:20Z,1,-24.51932,156.48726,1,1265.5,1,34.515,1,3.75,1,1265.5,1,3.75,1,34.515,1
5905612,2025-12-19T13:51:20Z,1,-24.51932,156.48726,1,1267.0,1,34.516,1,3.743,1,1267.0,1,3.743,1,34.516,1
5905612,2025-12-19T13:51:20Z,1,-24.51932,156.48726,1,1269.2,1,34.517,1,3.735,1,1269.2,1,3.735,1,34.517,1
5905612,2025-12-19T13:51:20Z,1,-24.51932,156.48726,1,1271.3,1,34.517,1,3.728,1,1271.3,1,3.728,1,34.517,1
5905612,2025-12-19T13:51:20Z,1,-24.51932,156.48726,1,1273.4,1,34.518,1,3.721,1,1273.4,1,3.721,1,34.518,1
5905612,2025-12-19T13:51:20Z,1,-24.51932,156.48726,1,1275.5,1,34.519,1,3.718,1,1275.5,1,3.718,1,34.519,1
5905612,2025-12-19T13:51:20Z,1,-24.51932,156.48726,1,1277.6,1,34.519,1,3.718,1,1277.6,1,3.718,1,34.519,1
5905612,2025-12-19T13:51:20Z,1,-24.51932,156.48726,1,1279.8,1,34.52,1,3.716,1,1279.8,1,3.716,1,34.52,1
5905612,2025-12-19T13:51:20Z,1,-24.51932,156.48726,1,1281.9,1,34.519,1,3.71,1,1281.9,1,3.71,1,34.519,1
5905612,2025-12-19T13:51:20Z,1,-24.51932,156.48726,1,1283.5,1,34.521,1,3.707,1,1283.5,1,3.707,1,34.521,1
5905612,2025-12-19T13:51:20Z,1,-24.51932,156.48726,1,1285.1,1,34.52,1,3.708,1,1285.1,1,3.708,1,34.52,1
5905612,2025-12-19T13:51:20Z,1,-24.51932,156.48726,1,1287.2,1,34.521,1,3.704,1,1287.2,1,3.704,1,34.521,1
5905612,2025-12-19T13:51:20Z,1,-24.51932,156.48726,1,1289.3,1,34.522,1,3.693,1,1289.3,1,3.693,1,34.522,1
5905612,2025-12-19T13:51:20Z,1,-24.51932,156.48726,1,1291.4,1,34.522,1,3.69,1,1291.4,1,3.69,1,34.522,1
5905612,2025-12-19T13:51:20Z,1,-24.51932,156.48726,1,1293.6,1,34.523,1,3.681,1,1293.6,1,3.681,1,34.523,1
5905612,2025-12-19T13:51:20Z,1,-24.51932,156.48726,1,1295.7,1,34.522,1,3.675,1,1295.7,1,3.675,1,34.522,1
5905612,2025-12-19T13:51:20Z,1,-24.51932,156.48726,1,1297.8,1,34.523,1,3.675,1,1297.8,1,3.675,1,34.523,1
5905612,2025-12-19T13:51:20Z,1,-24.51932,156.48726,1,1299.9,1,34.522,1,3.673,1,1299.9,1,3.673,1,34.522,1
5905612,2025-12-19T13:51:20Z,1,-24.51932,156.48726,1,1301.5,1,34.522,1,3.671,1,1301.5,1,3.671,1,34.522,1
5905612,2025-12-19T13:51:20Z,1,-24.51932,156.48726,1,1303.0,1,34.524,1,3.661,1,1303.0,1,3.661,1,34.524,1
5905612,2025-12-19T13:51:20Z,1,-24.51932,156.48726,1,1305.1,1,34.524,1,3.651,1,1305.1,1,3.651,1,34.524,1
5905612,2025-12-19T13:51:20Z,1,-24.51932,156.48726,1,1307.2,1,34.525,1,3.643,1,1307.2,1,3.643,1,34.525,1
5905612,2025-12-19T13:51:20Z,1,-24.51932,156.48726,1,1309.3,1,34.525,1,3.641,1,1309.3,1,3.641,1,34.525,1
5905612,2025-12-19T13:51:20Z,1,-24.51932,156.48726,1,1311.5,1,34.525,1,3.639,1,1311.5,1,3.639,1,34.525,1
5905612,2025-12-19T13:51:20Z,1,-24.51932,156.48726,1,1313.6,1,34.525,1,3.635,1,1313.6,1,3.635,1,34.525,1
5905612,2025-12-19T13:51:20Z,1,-24.51932,156.48726,1,1315.7,1,34.525,1,3.629,1,1315.7,1,3.629,1,34.525,1
5905612,2025-12-19T13:51:20Z,1,-24.51932,156.48726,1,1317.8,1,34.526,1,3.619,1,1317.8,1,3.619,1,34.526,1
5905612,2025-12-19T13:51:20Z,1,-24.51932,156.48726,1,1319.5,1,34.526,1,3.615,1,1319.5,1,3.615,1,34.526,1
5905612,2025-12-19T13:51:20Z,1,-24.51932,156.48726,1,1321.0,1,34.526,1,3.612,1,1321.0,1,3.612,1,34.526,1
5905612,2025-12-19T13:51:20Z,1,-24.51932,156.48726,1,1323.1,1,34.526,1,3.61,1,1323.1,1,3.61,1,34.526,1
5905612,2025-12-19T13:51:20Z,1,-24.51932,156.48726,1,1325.3,1,34.527,1,3.604,1,1325.3,1,3.604,1,34.527,1
5905612,2025-12-19T13:51:20Z,1,-24.51932,156.48726,1,1327.3,1,34.527,1,3.598,1,1327.3,1,3.598,1,34.527,1
5905612,2025-12-19T13:51:20Z,1,-24.51932,156.48726,1,1329.4,1,34.527,1,3.592,1,1329.4,1,3.592,1,34.527,1
5905612,2025-12-19T13:51:20Z,1,-24.51932,156.48726,1,1331.5,1,34.528,1,3.583,1,1331.5,1,3.583,1,34.528,1
5905612,2025-12-19T13:51:20Z,1,-24.51932,156.48726,1,1333.6,1,34.529,1,3.577,1,1333.6,1,3.577,1,34.529,1
5905612,2025-12-19T13:51:20Z,1,-24.51932,156.48726,1,1335.6,1,34.53,1,3.571,1,1335.6,1,3.571,1,34.53,1
5905612,2025-12-19T13:51:20Z,1,-24.51932,156.48726,1,1337.6,1,34.53,1,3.564,1,1337.6,1,3.564,1,34.53,1
5905612,2025-12-19T13:51:20Z,1,-24.51932,156.48726,1,1339.7,1,34.531,1,3.561,1,1339.7,1,3.561,1,34.531,1
5905612,2025-12-19T13:51:20Z,1,-24.51932,156.48726,1,1341.9,1,34.532,1,3.553,1,1341.9,1,3.553,1,34.532,1
5905612,2025-12-19T13:51:20Z,1,-24.51932,156.48726,1,1343.5,1,34.532,1,3.553,1,1343.5,1,3.553,1,34.532,1
5905612,2025-12-19T13:51:20Z,1,-24.51932,156.48726,1,1345.1,1,34.532,1,3.551,1,1345.1,1,3.551,1,34.532,1
5905612,2025-12-19T13:51:20Z,1,-24.51932,156.48726,1,1347.2,1,34.532,1,3.549,1,1347.2,1,3.549,1,34.532,1
5905612,2025-12-19T13:51:20Z,1,-24.51932,156.48726,1,1349.3,1,34.532,1,3.544,1,1349.3,1,3.544,1,34.532,1
5905612,2025-12-19T13:51:20Z,1,-24.51932,156.48726,1,1351.4,1,34.533,1,3.541,1,1351.4,1,3.541,1,34.533,1
5905612,2025-12-19T13:51:20Z,1,-24.51932,156.48726,1,1353.5,1,34.535,1,3.535,1,1353.5,1,3.535,1,34.535,1
5905612,2025-12-19T13:51:20Z,1,-24.51932,156.48726,1,1355.5,1,34.535,1,3.52,1,1355.5,1,3.52,1,34.535,1
5905612,2025-12-19T13:51:20Z,1,-24.51932,156.48726,1,1357.5,1,34.536,1,3.511,1,1357.5,1,3.511,1,34.536,1
5905612,2025-12-19T13:51:20Z,1,-24.51932,156.48726,1,1359.6,1,34.536,1,3.503,1,1359.6,1,3.503,1,34.536,1
5905612,2025-12-19T13:51:20Z,1,-24.51932,156.48726,1,1361.6,1,34.537,1,3.493,1,1361.6,1,3.493,1,34.537,1
5905612,2025-12-19T13:51:20Z,1,-24.51932,156.48726,1,1363.7,1,34.539,1,3.48,1,1363.7,1,3.48,1,34.539,1
5905612,2025-12-19T13:51:20Z,1,-24.51932,156.48726,1,1365.8,1,34.539,1,3.474,1,1365.8,1,3.474,1,34.539,1
5905612,2025-12-19T13:51:20Z,1,-24.51932,156.48726,1,1367.8,1,34.54,1,3.471,1,1367.8,1,3.471,1,34.54,1
5905612,2025-12-19T13:51:20Z,1,-24.51932,156.48726,1,1369.4,1,34.54,1,3.469,1,1369.4,1,3.469,1,34.54,1
5905612,2025-12-19T13:51:20Z,1,-24.51932,156.48726,1,1371.0,1,34.54,1,3.467,1,1371.0,1,3.467,1,34.54,1
5905612,2025-12-19T13:51:20Z,1,-24.51932,156.48726,1,1373.0,1,34.54,1,3.463,1,1373.0,1,3.463,1,34.54,1
5905612,2025-12-19T13:51:20Z,1,-24.51932,156.48726,1,1375.5,1,34.54,1,3.455,1,1375.5,1,3.455,1,34.54,1
5905612,2025-12-19T13:51:20Z,1,-24.51932,156.48726,1,1377.6,1,34.541,1,3.453,1,1377.6,1,3.453,1,34.541,1
5905612,2025-12-19T13:51:20Z,1,-24.51932,156.48726,1,1379.2,1,34.542,1,3.45,1,1379.2,1,3.45,1,34.542,1
5905612,2025-12-19T13:51:20Z,1,-24.51932,156.48726,1,1381.3,1,34.542,1,3.443,1,1381.3,1,3.443,1,34.542,1
5905612,2025-12-19T13:51:20Z,1,-24.51932,156.48726,1,1383.3,1,34.543,1,3.439,1,1383.3,1,3.439,1,34.543,1
5905612,2025-12-19T13:51:20Z,1,-24.51932,156.48726,1,1385.4,1,34.543,1,3.434,1,1385.4,1,3.434,1,34.543,1
5905612,2025-12-19T13:51:20Z,1,-24.51932,156.48726,1,1387.4,1,34.544,1,3.431,1,1387.4,1,3.431,1,34.544,1
5905612,2025-12-19T13:51:20Z,1,-24.51932,156.48726,1,1389.4,1,34.544,1,3.428,1,1389.4,1,3.428,1,34.544,1
5905612,2025-12-19T13:51:20Z,1,-24.51932,156.48726,1,1391.5,1,34.544,1,3.426,1,1391.5,1,3.426,1,34.544,1
5905612,2025-12-19T13:51:20Z,1,-24.51932,156.48726,1,1393.6,1,34.544,1,3.422,1,1393.6,1,3.422,1,34.544,1
5905612,2025-12-19T13:51:20Z,1,-24.51932,156.48726,1,1395.6,1,34.545,1,3.414,1,1395.6,1,3.414,1,34.545,1
5905612,2025-12-19T13:51:20Z,1,-24.51932,156.48726,1,1397.3,1,34.546,1,3.406,1,1397.3,1,3.406,1,34.546,1
5905612,2025-12-19T13:51:20Z,1,-24.51932,156.48726,1,1399.3,1,34.546,1,3.401,1,1399.3,1,3.401,1,34.546,1
5905612,2025-12-19T13:51:20Z,1,-24.51932,156.48726,1,1401.4,1,34.547,1,3.396,1,1401.4,1,3.396,1,34.547,1
5905612,2025-12-19T13:51:20Z,1,-24.51932,156.48726,1,1403.5,1,34.548,1,3.391,1,1403.5,1,3.391,1,34.548,1
5905612,2025-12-19T13:51:20Z,1,-24.51932,156.48726,1,1405.5,1,34.548,1,3.386,1,1405.5,1,3.386,1,34.548,1
5905612,2025-12-19T13:51:20Z,1,-24.51932,156.48726,1,1407.6,1,34.548,1,3.382,1,1407.6,1,3.382,1,34.548,1
5905612,2025-12-19T13:51:20Z,1,-24.51932,156.48726,1,1409.6,1,34.549,1,3.377,1,1409.6,1,3.377,1,34.549,1
5905612,2025-12-19T13:51:20Z,1,-24.51932,156.48726,1,1411.3,1,34.548,1,3.375,1,1411.3,1,3.375,1,34.548,1
5905612,2025-12-19T13:51:20Z,1,-24.51932,156.48726,1,1413.3,1,34.549,1,3.371,1,1413.3,1,3.371,1,34.549,1
5905612,2025-12-19T13:51:20Z,1,-24.51932,156.48726,1,1415.4,1,34.55,1,3.366,1,1415.4,1,3.366,1,34.55,1
5905612,2025-12-19T13:51:20Z,1,-24.51932,156.48726,1,1417.5,1,34.55,1,3.363,1,1417.5,1,3.363,1,34.55,1
5905612,2025-12-19T13:51:20Z,1,-24.51932,156.48726,1,1419.6,1,34.55,1,3.36,1,1419.6,1,3.36,1,34.55,1
5905612,2025-12-19T13:51:20Z,1,-24.51932,156.48726,1,1421.3,1,34.55,1,3.357,1,1421.3,1,3.357,1,34.55,1
5905612,2025-12-19T13:51:20Z,1,-24.51932,156.48726,1,1423.5,1,34.551,1,3.354,1,1423.5,1,3.354,1,34.551,1
5905612,2025-12-19T13:51:20Z,1,-24.51932,156.48726,1,1425.6,1,34.551,1,3.35,1,1425.6,1,3.35,1,34.551,1
5905612,2025-12-19T13:51:20Z,1,-24.51932,156.48726,1,1427.3,1,34.551,1,3.345,1,1427.3,1,3.345,1,34.551,1
5905612,2025-12-19T13:51:20Z,1,-24.51932,156.48726,1,1429.4,1,34.552,1,3.341,1,1429.4,1,3.341,1,34.552,1
5905612,2025-12-19T13:51:20Z,1,-24.51932,156.48726,1,1431.5,1,34.552,1,3.341,1,1431.5,1,3.341,1,34.552,1
5905612,2025-12-19T13:51:20Z,1,-24.51932,156.48726,1,1433.2,1,34.552,1,3.34,1,1433.2,1,3.34,1,34.552,1
5905612,2025-12-19T13:51:20Z,1,-24.51932,156.48726,1,1435.3,1,34.553,1,3.328,1,1435.3,1,3.328,1,34.553,1
5905612,2025-12-19T13:51:20Z,1,-24.51932,156.48726,1,1437.5,1,34.554,1,3.315,1,1437.5,1,3.315,1,34.554,1
5905612,2025-12-19T13:51:20Z,1,-24.51932,156.48726,1,1439.2,1,34.555,1,3.312,1,1439.2,1,3.312,1,34.555,1
5905612,2025-12-19T13:51:20Z,1,-24.51932,156.48726,1,1441.5,1,34.554,1,3.311,1,1441.5,1,3.311,1,34.554,1
5905612,2025-12-19T13:51:20Z,1,-24.51932,156.48726,1,1443.6,1,34.555,1,3.306,1,1443.6,1,3.306,1,34.555,1
5905612,2025-12-19T13:51:20Z,1,-24.51932,156.48726,1,1445.4,1,34.555,1,3.303,1,1445.4,1,3.303,1,34.555,1
5905612,2025-12-19T13:51:20Z,1,-24.51932,156.48726,1,1447.1,1,34.555,1,3.303,1,1447.1,1,3.303,1,34.555,1
5905612,2025-12-19T13:51:20Z,1,-24.51932,156.48726,1,1449.4,1,34.556,1,3.296,1,1449.4,1,3.296,1,34.556,1
5905612,2025-12-19T13:51:20Z,1,-24.51932,156.48726,1,1451.5,1,34.557,1,3.292,1,1451.5,1,3.292,1,34.557,1
5905612,2025-12-19T13:51:20Z,1,-24.51932,156.48726,1,1453.3,1,34.557,1,3.288,1,1453.3,1,3.288,1,34.557,1
5905612,2025-12-19T13:51:20Z,1,-24.51932,156.48726,1,1455.1,1,34.557,1,3.285,1,1455.1,1,3.285,1,34.557,1
5905612,2025-12-19T13:51:20Z,1,-24.51932,156.48726,1,1457.4,1,34.557,1,3.283,1,1457.4,1,3.283,1,34.557,1
5905612,2025-12-19T13:51:20Z,1,-24.51932,156.48726,1,1459.6,1,34.558,1,3.275,1,1459.6,1,3.275,1,34.558,1
5905612,2025-12-19T13:51:20Z,1,-24.51932,156.48726,1,1461.4,1,34.56,1,3.263,1,1461.4,1,3.263,1,34.56,1
5905612,2025-12-19T13:51:20Z,1,-24.51932,156.48726,1,1463.1,1,34.559,1,3.26,1,1463.1,1,3.26,1,34.559,1
5905612,2025-12-19T13:51:20Z,1,-24.51932,156.48726,1,1465.4,1,34.56,1,3.253,1,1465.4,1,3.253,1,34.56,1
5905612,2025-12-19T13:51:20Z,1,-24.51932,156.48726,1,1467.7,1,34.562,1,3.242,1,1467.7,1,3.242,1,34.562,1
5905612,2025-12-19T13:51:20Z,1,-24.51932,156.48726,1,1469.5,1,34.561,1,3.24,1,1469.5,1,3.24,1,34.561,1
5905612,2025-12-19T13:51:20Z,1,-24.51932,156.48726,1,1471.4,1,34.562,1,3.238,1,1471.4,1,3.238,1,34.562,1
5905612,2025-12-19T13:51:20Z,1,-24.51932,156.48726,1,1473.3,1,34.562,1,3.237,1,1473.3,1,3.237,1,34.562,1
5905612,2025-12-19T13:51:20Z,1,-24.51932,156.48726,1,1475.1,1,34.562,1,3.231,1,1475.1,1,3.231,1,34.562,1
5905612,2025-12-19T13:51:20Z,1,-24.51932,156.48726,1,1477.4,1,34.562,1,3.228,1,1477.4,1,3.228,1,34.562,1
5905612,2025-12-19T13:51:20Z,1,-24.51932,156.48726,1,1479.7,1,34.563,1,3.22,1,1479.7,1,3.22,1,34.563,1
5905612,2025-12-19T13:51:20Z,1,-24.51932,156.48726,1,1481.6,1,34.565,1,3.211,1,1481.6,1,3.211,1,34.565,1
5905612,2025-12-19T13:51:20Z,1,-24.51932,156.48726,1,1483.5,1,34.564,1,3.209,1,1483.5,1,3.209,1,34.564,1
5905612,2025-12-19T13:51:20Z,1,-24.51932,156.48726,1,1485.4,1,34.565,1,3.203,1,1485.4,1,3.203,1,34.565,1
5905612,2025-12-19T13:51:20Z,1,-24.51932,156.48726,1,1487.3,1,34.565,1,3.198,1,1487.3,1,3.198,1,34.565,1
5905612,2025-12-19T13:51:20Z,1,-24.51932,156.48726,1,1489.1,1,34.566,1,3.192,1,1489.1,1,3.192,1,34.566,1
5905612,2025-12-19T13:51:20Z,1,-24.51932,156.48726,1,1491.5,1,34.566,1,3.186,1,1491.5,1,3.186,1,34.566,1
5905612,2025-12-19T13:51:20Z,1,-24.51932,156.48726,1,1493.8,1,34.568,1,3.179,1,1493.8,1,3.179,1,34.568,1
5905612,2025-12-19T13:51:20Z,1,-24.51932,156.48726,1,1495.7,1,34.567,1,3.175,1,1495.7,1,3.175,1,34.567,1
5905612,2025-12-19T13:51:20Z,1,-24.51932,156.48726,1,1497.7,1,34.569,1,3.168,1,1497.7,1,3.168,1,34.569,1
5905612,2025-12-19T13:51:20Z,1,-24.51932,156.48726,1,1499.7,1,34.568,1,3.166,1,1499.7,1,3.166,1,34.568,1
5905612,2025-12-19T13:51:20Z,1,-24.51932,156.48726,1,1501.6,1,34.569,1,3.162,1,1501.6,1,3.162,1,34.569,1
5905612,2025-12-19T13:51:20Z,1,-24.51932,156.48726,1,1503.5,1,34.569,1,3.158,1,1503.5,1,3.158,1,34.569,1
5905612,2025-12-19T13:51:20Z,1,-24.51932,156.48726,1,1505.4,1,34.57,1,3.155,1,1505.4,1,3.155,1,34.57,1
5905612,2025-12-19T13:51:20Z,1,-24.51932,156.48726,1,1507.3,1,34.57,1,3.151,1,1507.3,1,3.151,1,34.57,1
5905612,2025-12-19T13:51:20Z,1,-24.51932,156.48726,1,1509.3,1,34.57,1,3.147,1,1509.3,1,3.147,1,34.57,1
5905612,2025-12-19T13:51:20Z,1,-24.51932,156.48726,1,1511.2,1,34.571,1,3.142,1,1511.2,1,3.142,1,34.571,1
5905612,2025-12-19T13:51:20Z,1,-24.51932,156.48726,1,1513.2,1,34.571,1,3.137,1,1513.2,1,3.137,1,34.571,1
5905612,2025-12-19T13:51:20Z,1,-24.51932,156.48726,1,1515.1,1,34.572,1,3.132,1,1515.1,1,3.132,1,34.572,1
5905612,2025-12-19T13:51:20Z,1,-24.51932,156.48726,1,1517.0,1,34.572,1,3.126,1,1517.0,1,3.126,1,34.572,1
5905612,2025-12-19T13:51:20Z,1,-24.51932,156.48726,1,1519.4,1,34.572,1,3.119,1,1519.4,1,3.119,1,34.572,1
5905612,2025-12-19T13:51:20Z,1,-24.51932,156.48726,1,1521.8,1,34.575,1,3.103,1,1521.8,1,3.103,1,34.575,1
5905612,2025-12-19T13:51:20Z,1,-24.51932,156.48726,1,1523.7,1,34.575,1,3.1,1,1523.7,1,3.1,1,34.575,1
5905612,2025-12-19T13:51:20Z,1,-24.51932,156.48726,1,1525.6,1,34.575,1,3.098,1,1525.6,1,3.098,1,34.575,1
5905612,2025-12-19T13:51:20Z,1,-24.51932,156.48726,1,1527.5,1,34.575,1,3.098,1,1527.5,1,3.098,1,34.575,1
5905612,2025-12-19T13:51:20Z,1,-24.51932,156.48726,1,1529.4,1,34.575,1,3.095,1,1529.4,1,3.095,1,34.575,1
5905612,2025-12-19T13:51:20Z,1,-24.51932,156.48726,1,1531.3,1,34.576,1,3.088,1,1531.3,1,3.088,1,34.576,1
5905612,2025-12-19T13:51:20Z,1,-24.51932,156.48726,1,1533.2,1,34.576,1,3.088,1,1533.2,1,3.088,1,34.576,1
5905612,2025-12-19T13:51:20Z,1,-24.51932,156.48726,1,1535.2,1,34.576,1,3.085,1,1535.2,1,3.085,1,34.576,1
5905612,2025-12-19T13:51:20Z,1,-24.51932,156.48726,1,1537.1,1,34.576,1,3.083,1,1537.1,1,3.083,1,34.576,1
5905612,2025-12-19T13:51:20Z,1,-24.51932,156.48726,1,1539.0,1,34.577,1,3.074,1,1539.0,1,3.074,1,34.577,1
5905612,2025-12-19T13:51:20Z,1,-24.51932,156.48726,1,1541.0,1,34.577,1,3.071,1,1541.0,1,3.071,1,34.577,1
5905612,2025-12-19T13:51:20Z,1,-24.51932,156.48726,1,1543.0,1,34.578,1,3.066,1,1543.0,1,3.066,1,34.578,1
5905612,2025-12-19T13:51:20Z,1,-24.51932,156.48726,1,1545.4,1,34.579,1,3.061,1,1545.4,1,3.061,1,34.579,1
5905612,2025-12-19T13:51:20Z,1,-24.51932,156.48726,1,1547.9,1,34.578,1,3.061,1,1547.9,1,3.061,1,34.578,1
5905612,2025-12-19T13:51:20Z,1,-24.51932,156.48726,1,1549.8,1,34.579,1,3.059,1,1549.8,1,3.059,1,34.579,1
5905612,2025-12-19T13:51:20Z,1,-24.51932,156.48726,1,1551.7,1,34.579,1,3.059,1,1551.7,1,3.059,1,34.579,1
5905612,2025-12-19T13:51:20Z,1,-24.51932,156.48726,1,1553.7,1,34.579,1,3.057,1,1553.7,1,3.057,1,34.579,1
5905612,2025-12-19T13:51:20Z,1,-24.51932,156.48726,1,1555.6,1,34.579,1,3.057,1,1555.6,1,3.057,1,34.579,1
5905612,2025-12-19T13:51:20Z,1,-24.51932,156.48726,1,1557.5,1,34.579,1,3.051,1,1557.5,1,3.051,1,34.579,1
5905612,2025-12-19T13:51:20Z,1,-24.51932,156.48726,1,1559.5,1,34.58,1,3.047,1,1559.5,1,3.047,1,34.58,1
5905612,2025-12-19T13:51:20Z,1,-24.51932,156.48726,1,1561.4,1,34.58,1,3.042,1,1561.4,1,3.042,1,34.58,1
5905612,2025-12-19T13:51:20Z,1,-24.51932,156.48726,1,1563.4,1,34.58,1,3.04,1,1563.4,1,3.04,1,34.58,1
5905612,2025-12-19T13:51:20Z,1,-24.51932,156.48726,1,1565.4,1,34.581,1,3.038,1,1565.4,1,3.038,1,34.581,1
5905612,2025-12-19T13:51:20Z,1,-24.51932,156.48726,1,1567.4,1,34.581,1,3.034,1,1567.4,1,3.034,1,34.581,1
5905612,2025-12-19T13:51:20Z,1,-24.51932,156.48726,1,1569.4,1,34.581,1,3.026,1,1569.4,1,3.026,1,34.581,1
5905612,2025-12-19T13:51:20Z,1,-24.51932,156.48726,1,1571.4,1,34.583,1,3.021,1,1571.4,1,3.021,1,34.583,1
5905612,2025-12-19T13:51:20Z,1,-24.51932,156.48726,1,1573.4,1,34.583,1,3.015,1,1573.4,1,3.015,1,34.583,1
5905612,2025-12-19T13:51:20Z,1,-24.51932,156.48726,1,1575.5,1,34.583,1,3.01,1,1575.5,1,3.01,1,34.583,1
5905612,2025-12-19T13:51:20Z,1,-24.51932,156.48726,1,1577.5,1,34.584,1,3.009,1,1577.5,1,3.009,1,34.584,1
5905612,2025-12-19T13:51:20Z,1,-24.51932,156.48726,1,1579.5,1,34.583,1,3.009,1,1579.5,1,3.009,1,34.583,1
5905612,2025-12-19T13:51:20Z,1,-24.51932,156.48726,1,1581.6,1,34.583,1,3.008,1,1581.6,1,3.008,1,34.583,1
5905612,2025-12-19T13:51:20Z,1,-24.51932,156.48726,1,1583.6,1,34.584,1,3.007,1,1583.6,1,3.007,1,34.584,1
5905612,2025-12-19T13:51:20Z,1,-24.51932,156.48726,1,1585.6,1,34.584,1,3.005,1,1585.6,1,3.005,1,34.584,1
5905612,2025-12-19T13:51:20Z,1,-24.51932,156.48726,1,1587.7,1,34.584,1,3.004,1,1587.7,1,3.004,1,34.584,1
5905612,2025-12-19T13:51:20Z,1,-24.51932,156.48726,1,1589.7,1,34.584,1,3.002,1,1589.7,1,3.002,1,34.584,1
5905612,2025-12-19T13:51:20Z,1,-24.51932,156.48726,1,1591.7,1,34.585,1,2.997,1,1591.7,1,2.997,1,34.585,1
5905612,2025-12-19T13:51:20Z,1,-24.51932,156.48726,1,1593.7,1,34.585,1,2.993,1,1593.7,1,2.993,1,34.585,1
5905612,2025-12-19T13:51:20Z,1,-24.51932,156.48726,1,1595.7,1,34.585,1,2.991,1,1595.7,1,2.991,1,34.585,1
5905612,2025-12-19T13:51:20Z,1,-24.51932,156.48726,1,1597.7,1,34.586,1,2.991,1,1597.7,1,2.991,1,34.586,1
5905612,2025-12-19T13:51:20Z,1,-24.51932,156.48726,1,1599.7,1,34.585,1,2.99,1,1599.7,1,2.99,1,34.585,1
5905612,2025-12-19T13:51:20Z,1,-24.51932,156.48726,1,1601.7,1,34.585,1,2.99,1,1601.7,1,2.99,1,34.585,1
5905612,2025-12-19T13:51:20Z,1,-24.51932,156.48726,1,1603.7,1,34.586,1,2.984,1,1603.7,1,2.984,1,34.586,1
5905612,2025-12-19T13:51:20Z,1,-24.51932,156.48726,1,1605.7,1,34.586,1,2.975,1,1605.7,1,2.975,1,34.586,1
5905612,2025-12-19T13:51:20Z,1,-24.51932,156.48726,1,1607.7,1,34.587,1,2.968,1,1607.7,1,2.968,1,34.587,1
5905612,2025-12-19T13:51:20Z,1,-24.51932,156.48726,1,1609.7,1,34.587,1,2.965,1,1609.7,1,2.965,1,34.587,1
5905612,2025-12-19T13:51:20Z,1,-24.51932,156.48726,1,1611.7,1,34.588,1,2.96,1,1611.7,1,2.96,1,34.588,1
5905612,2025-12-19T13:51:20Z,1,-24.51932,156.48726,1,1613.7,1,34.588,1,2.957,1,1613.7,1,2.957,1,34.588,1
5905612,2025-12-19T13:51:20Z,1,-24.51932,156.48726,1,1615.7,1,34.588,1,2.954,1,1615.7,1,2.954,1,34.588,1
5905612,2025-12-19T13:51:20Z,1,-24.51932,156.48726,1,1617.7,1,34.589,1,2.951,1,1617.7,1,2.951,1,34.589,1
5905612,2025-12-19T13:51:20Z,1,-24.51932,156.48726,1,1619.7,1,34.589,1,2.949,1,1619.7,1,2.949,1,34.589,1
5905612,2025-12-19T13:51:20Z,1,-24.51932,156.48726,1,1621.8,1,34.589,1,2.95,1,1621.8,1,2.95,1,34.589,1
5905612,2025-12-19T13:51:20Z,1,-24.51932,156.48726,1,1623.8,1,34.589,1,2.949,1,1623.8,1,2.949,1,34.589,1
5905612,2025-12-19T13:51:20Z,1,-24.51932,156.48726,1,1625.9,1,34.589,1,2.947,1,1625.9,1,2.947,1,34.589,1
5905612,2025-12-19T13:51:20Z,1,-24.51932,156.48726,1,1627.9,1,34.589,1,2.945,1,1627.9,1,2.945,1,34.589,1
5905612,2025-12-19T13:51:20Z,1,-24.51932,156.48726,1,1629.9,1,34.59,1,2.942,1,1629.9,1,2.942,1,34.59,1
5905612,2025-12-19T13:51:20Z,1,-24.51932,156.48726,1,1631.9,1,34.59,1,2.939,1,1631.9,1,2.939,1,34.59,1
5905612,2025-12-19T13:51:20Z,1,-24.51932,156.48726,1,1633.9,1,34.59,1,2.936,1,1633.9,1,2.936,1,34.59,1
5905612,2025-12-19T13:51:20Z,1,-24.51932,156.48726,1,1635.9,1,34.591,1,2.933,1,1635.9,1,2.933,1,34.591,1
5905612,2025-12-19T13:51:20Z,1,-24.51932,156.48726,1,1637.5,1,34.591,1,2.932,1,1637.5,1,2.932,1,34.591,1
5905612,2025-12-19T13:51:20Z,1,-24.51932,156.48726,1,1639.0,1,34.591,1,2.929,1,1639.0,1,2.929,1,34.591,1
5905612,2025-12-19T13:51:20Z,1,-24.51932,156.48726,1,1641.0,1,34.591,1,2.925,1,1641.0,1,2.925,1,34.591,1
5905612,2025-12-19T13:51:20Z,1,-24.51932,156.48726,1,1643.4,1,34.592,1,2.922,1,1643.4,1,2.922,1,34.592,1
5905612,2025-12-19T13:51:20Z,1,-24.51932,156.48726,1,1645.5,1,34.592,1,2.919,1,1645.5,1,2.919,1,34.592,1
5905612,2025-12-19T13:51:20Z,1,-24.51932,156.48726,1,1647.5,1,34.593,1,2.916,1,1647.5,1,2.916,1,34.593,1
5905612,2025-12-19T13:51:20Z,1,-24.51932,156.48726,1,1649.5,1,34.592,1,2.913,1,1649.5,1,2.913,1,34.592,1
5905612,2025-12-19T13:51:20Z,1,-24.51932,156.48726,1,1651.6,1,34.593,1,2.911,1,1651.6,1,2.911,1,34.593,1
5905612,2025-12-19T13:51:20Z,1,-24.51932,156.48726,1,1653.6,1,34.593,1,2.907,1,1653.6,1,2.907,1,34.593,1
5905612,2025-12-19T13:51:20Z,1,-24.51932,156.48726,1,1655.2,1,34.593,1,2.902,1,1655.2,1,2.902,1,34.593,1
5905612,2025-12-19T13:51:20Z,1,-24.51932,156.48726,1,1657.3,1,34.594,1,2.9,1,1657.3,1,2.9,1,34.594,1
5905612,2025-12-19T13:51:20Z,1,-24.51932,156.48726,1,1659.4,1,34.594,1,2.897,1,1659.4,1,2.897,1,34.594,1
5905612,2025-12-19T13:51:20Z,1,-24.51932,156.48726,1,1661.5,1,34.594,1,2.893,1,1661.5,1,2.893,1,34.594,1
5905612,2025-12-19T13:51:20Z,1,-24.51932,156.48726,1,1663.7,1,34.594,1,2.891,1,1663.7,1,2.891,1,34.594,1
5905612,2025-12-19T13:51:20Z,1,-24.51932,156.48726,1,1665.4,1,34.595,1,2.887,1,1665.4,1,2.887,1,34.595,1
5905612,2025-12-19T13:51:20Z,1,-24.51932,156.48726,1,1667.4,1,34.595,1,2.884,1,1667.4,1,2.884,1,34.595,1
5905612,2025-12-19T13:51:20Z,1,-24.51932,156.48726,1,1669.5,1,34.595,1,2.882,1,1669.5,1,2.882,1,34.595,1
5905612,2025-12-19T13:51:20Z,1,-24.51932,156.48726,1,1671.6,1,34.596,1,2.879,1,1671.6,1,2.879,1,34.596,1
5905612,2025-12-19T13:51:20Z,1,-24.51932,156.48726,1,1673.7,1,34.596,1,2.876,1,1673.7,1,2.876,1,34.596,1
5905612,2025-12-19T13:51:20Z,1,-24.51932,156.48726,1,1675.3,1,34.596,1,2.873,1,1675.3,1,2.873,1,34.596,1
5905612,2025-12-19T13:51:20Z,1,-24.51932,156.48726,1,1677.4,1,34.596,1,2.869,1,1677.4,1,2.869,1,34.596,1
5905612,2025-12-19T13:51:20Z,1,-24.51932,156.48726,1,1679.6,1,34.597,1,2.865,1,1679.6,1,2.865,1,34.597,1
5905612,2025-12-19T13:51:20Z,1,-24.51932,156.48726,1,1681.3,1,34.597,1,2.863,1,1681.3,1,2.863,1,34.597,1
5905612,2025-12-19T13:51:20Z,1,-24.51932,156.48726,1,1683.4,1,34.598,1,2.858,1,1683.4,1,2.858,1,34.598,1
5905612,2025-12-19T13:51:20Z,1,-24.51932,156.48726,1,1685.5,1,34.598,1,2.85,1,1685.5,1,2.85,1,34.598,1
5905612,2025-12-19T13:51:20Z,1,-24.51932,156.48726,1,1687.2,1,34.599,1,2.843,1,1687.2,1,2.843,1,34.599,1
5905612,2025-12-19T13:51:20Z,1,-24.51932,156.48726,1,1689.3,1,34.599,1,2.84,1,1689.3,1,2.84,1,34.599,1
5905612,2025-12-19T13:51:20Z,1,-24.51932,156.48726,1,1691.4,1,34.6,1,2.837,1,1691.4,1,2.837,1,34.6,1
5905612,2025-12-19T13:51:20Z,1,-24.51932,156.48726,1,1693.5,1,34.6,1,2.837,1,1693.5,1,2.837,1,34.6,1
5905612,2025-12-19T13:51:20Z,1,-24.51932,156.48726,1,1695.7,1,34.6,1,2.836,1,1695.7,1,2.836,1,34.6,1
5905612,2025-12-19T13:51:20Z,1,-24.51932,156.48726,1,1697.4,1,34.6,1,2.835,1,1697.4,1,2.835,1,34.6,1
5905612,2025-12-19T13:51:20Z,1,-24.51932,156.48726,1,1699.5,1,34.6,1,2.834,1,1699.5,1,2.834,1,34.6,1
5905612,2025-12-19T13:51:20Z,1,-24.51932,156.48726,1,1701.7,1,34.6,1,2.832,1,1701.7,1,2.832,1,34.6,1
5905612,2025-12-19T13:51:20Z,1,-24.51932,156.48726,1,1703.4,1,34.6,1,2.829,1,1703.4,1,2.829,1,34.6,1
5905612,2025-12-19T13:51:20Z,1,-24.51932,156.48726,1,1705.1,1,34.601,1,2.827,1,1705.1,1,2.827,1,34.601,1
5905612,2025-12-19T13:51:20Z,1,-24.51932,156.48726,1,1707.3,1,34.601,1,2.823,1,1707.3,1,2.823,1,34.601,1
5905612,2025-12-19T13:51:20Z,1,-24.51932,156.48726,1,1709.5,1,34.602,1,2.818,1,1709.5,1,2.818,1,34.602,1
5905612,2025-12-19T13:51:20Z,1,-24.51932,156.48726,1,1711.3,1,34.601,1,2.817,1,1711.3,1,2.817,1,34.601,1
5905612,2025-12-19T13:51:20Z,1,-24.51932,156.48726,1,1713.5,1,34.602,1,2.81,1,1713.5,1,2.81,1,34.602,1
5905612,2025-12-19T13:51:20Z,1,-24.51932,156.48726,1,1715.6,1,34.603,1,2.803,1,1715.6,1,2.803,1,34.603,1
5905612,2025-12-19T13:51:20Z,1,-24.51932,156.48726,1,1717.3,1,34.604,1,2.797,1,1717.3,1,2.797,1,34.604,1
5905612,2025-12-19T13:51:20Z,1,-24.51932,156.48726,1,1719.5,1,34.604,1,2.791,1,1719.5,1,2.791,1,34.604,1
5905612,2025-12-19T13:51:20Z,1,-24.51932,156.48726,1,1721.7,1,34.604,1,2.789,1,1721.7,1,2.789,1,34.604,1
5905612,2025-12-19T13:51:20Z,1,-24.51932,156.48726,1,1723.4,1,34.604,1,2.786,1,1723.4,1,2.786,1,34.604,1
5905612,2025-12-19T13:51:20Z,1,-24.51932,156.48726,1,1725.1,1,34.605,1,2.783,1,1725.1,1,2.783,1,34.605,1
5905612,2025-12-19T13:51:20Z,1,-24.51932,156.48726,1,1727.3,1,34.605,1,2.78,1,1727.3,1,2.78,1,34.605,1
5905612,2025-12-19T13:51:20Z,1,-24.51932,156.48726,1,1729.5,1,34.605,1,2.78,1,1729.5,1,2.78,1,34.605,1
5905612,2025-12-19T13:51:20Z,1,-24.51932,156.48726,1,1731.3,1,34.605,1,2.779,1,1731.3,1,2.779,1,34.605,1
5905612,2025-12-19T13:51:20Z,1,-24.51932,156.48726,1,1733.5,1,34.605,1,2.776,1,1733.5,1,2.776,1,34.605,1
5905612,2025-12-19T13:51:20Z,1,-24.51932,156.48726,1,1735.7,1,34.605,1,2.772,1,1735.7,1,2.772,1,34.605,1
5905612,2025-12-19T13:51:20Z,1,-24.51932,156.48726,1,1737.5,1,34.606,1,2.771,1,1737.5,1,2.771,1,34.606,1
5905612,2025-12-19T13:51:20Z,1,-24.51932,156.48726,1,1739.2,1,34.606,1,2.768,1,1739.2,1,2.768,1,34.606,1
5905612,2025-12-19T13:51:20Z,1,-24.51932,156.48726,1,1741.5,1,34.606,1,2.766,1,1741.5,1,2.766,1,34.606,1
5905612,2025-12-19T13:51:20Z,1,-24.51932,156.48726,1,1743.6,1,34.607,1,2.756,1,1743.6,1,2.756,1,34.607,1
5905612,2025-12-19T13:51:20Z,1,-24.51932,156.48726,1,1745.4,1,34.608,1,2.752,1,1745.4,1,2.752,1,34.608,1
5905612,2025-12-19T13:51:20Z,1,-24.51932,156.48726,1,1747.2,1,34.608,1,2.751,1,1747.2,1,2.751,1,34.608,1
5905612,2025-12-19T13:51:20Z,1,-24.51932,156.48726,1,1749.4,1,34.608,1,2.748,1,1749.4,1,2.748,1,34.608,1
5905612,2025-12-19T13:51:20Z,1,-24.51932,156.48726,1,1751.6,1,34.608,1,2.747,1,1751.6,1,2.747,1,34.608,1
5905612,2025-12-19T13:51:20Z,1,-24.51932,156.48726,1,1753.4,1,34.608,1,2.747,1,1753.4,1,2.747,1,34.608,1
5905612,2025-12-19T13:51:20Z,1,-24.51932,156.48726,1,1755.2,1,34.608,1,2.747,1,1755.2,1,2.747,1,34.608,1
5905612,2025-12-19T13:51:20Z,1,-24.51932,156.48726,1,1757.4,1,34.608,1,2.747,1,1757.4,1,2.747,1,34.608,1
5905612,2025-12-19T13:51:20Z,1,-24.51932,156.48726,1,1759.6,1,34.608,1,2.745,1,1759.6,1,2.745,1,34.608,1
5905612,2025-12-19T13:51:20Z,1,-24.51932,156.48726,1,1761.4,1,34.609,1,2.743,1,1761.4,1,2.743,1,34.609,1
5905612,2025-12-19T13:51:20Z,1,-24.51932,156.48726,1,1763.2,1,34.608,1,2.741,1,1763.2,1,2.741,1,34.608,1
5905612,2025-12-19T13:51:20Z,1,-24.51932,156.48726,1,1765.5,1,34.609,1,2.739,1,1765.5,1,2.739,1,34.609,1
5905612,2025-12-19T13:51:20Z,1,-24.51932,156.48726,1,1767.7,1,34.609,1,2.737,1,1767.7,1,2.737,1,34.609,1
5905612,2025-12-19T13:51:20Z,1,-24.51932,156.48726,1,1769.5,1,34.609,1,2.735,1,1769.5,1,2.735,1,34.609,1
5905612,2025-12-19T13:51:20Z,1,-24.51932,156.48726,1,1771.3,1,34.61,1,2.729,1,1771.3,1,2.729,1,34.61,1
5905612,2025-12-19T13:51:20Z,1,-24.51932,156.48726,1,1773.1,1,34.611,1,2.726,1,1773.1,1,2.726,1,34.611,1
5905612,2025-12-19T13:51:20Z,1,-24.51932,156.48726,1,1775.4,1,34.611,1,2.719,1,1775.4,1,2.719,1,34.611,1
5905612,2025-12-19T13:51:20Z,1,-24.51932,156.48726,1,1777.7,1,34.611,1,2.714,1,1777.7,1,2.714,1,34.611,1
5905612,2025-12-19T13:51:20Z,1,-24.51932,156.48726,1,1779.5,1,34.612,1,2.705,1,1779.5,1,2.705,1,34.612,1
5905612,2025-12-19T13:51:20Z,1,-24.51932,156.48726,1,1781.3,1,34.613,1,2.7,1,1781.3,1,2.7,1,34.613,1
5905612,2025-12-19T13:51:20Z,1,-24.51932,156.48726,1,1783.1,1,34.613,1,2.701,1,1783.1,1,2.701,1,34.613,1
5905612,2025-12-19T13:51:20Z,1,-24.51932,156.48726,1,1785.5,1,34.613,1,2.698,1,1785.5,1,2.698,1,34.613,1
5905612,2025-12-19T13:51:20Z,1,-24.51932,156.48726,1,1787.8,1,34.614,1,2.698,1,1787.8,1,2.698,1,34.614,1
5905612,2025-12-19T13:51:20Z,1,-24.51932,156.48726,1,1789.6,1,34.613,1,2.695,1,1789.6,1,2.695,1,34.613,1
5905612,2025-12-19T13:51:20Z,1,-24.51932,156.48726,1,1791.5,1,34.614,1,2.691,1,1791.5,1,2.691,1,34.614,1
5905612,2025-12-19T13:51:20Z,1,-24.51932,156.48726,1,1793.2,1,34.614,1,2.687,1,1793.2,1,2.687,1,34.614,1
5905612,2025-12-19T13:51:20Z,1,-24.51932,156.48726,1,1795.0,1,34.615,1,2.684,1,1795.0,1,2.684,1,34.615,1
5905612,2025-12-19T13:51:20Z,1,-24.51932,156.48726,1,1797.4,1,34.615,1,2.677,1,1797.4,1,2.677,1,34.615,1
5905612,2025-12-19T13:51:20Z,1,-24.51932,156.48726,1,1799.6,1,34.615,1,2.674,1,1799.6,1,2.674,1,34.615,1
5905612,2025-12-19T13:51:20Z,1,-24.51932,156.48726,1,1801.4,1,34.616,1,2.671,1,1801.4,1,2.671,1,34.616,1
5905612,2025-12-19T13:51:20Z,1,-24.51932,156.48726,1,1803.3,1,34.616,1,2.669,1,1803.3,1,2.669,1,34.616,1
5905612,2025-12-19T13:51:20Z,1,-24.51932,156.48726,1,1805.1,1,34.616,1,2.667,1,1805.1,1,2.667,1,34.616,1
5905612,2025-12-19T13:51:20Z,1,-24.51932,156.48726,1,1807.4,1,34.617,1,2.662,1,1807.4,1,2.662,1,34.617,1
5905612,2025-12-19T13:51:20Z,1,-24.51932,156.48726,1,1809.7,1,34.618,1,2.655,1,1809.7,1,2.655,1,34.618,1
5905612,2025-12-19T13:51:20Z,1,-24.51932,156.48726,1,1811.6,1,34.619,1,2.65,1,1811.6,1,2.65,1,34.619,1
5905612,2025-12-19T13:51:20Z,1,-24.51932,156.48726,1,1813.5,1,34.618,1,2.647,1,1813.5,1,2.647,1,34.618,1
5905612,2025-12-19T13:51:20Z,1,-24.51932,156.48726,1,1815.4,1,34.618,1,2.644,1,1815.4,1,2.644,1,34.618,1
5905612,2025-12-19T13:51:20Z,1,-24.51932,156.48726,1,1817.2,1,34.619,1,2.641,1,1817.2,1,2.641,1,34.619,1
5905612,2025-12-19T13:51:20Z,1,-24.51932,156.48726,1,1819.1,1,34.62,1,2.638,1,1819.1,1,2.638,1,34.62,1
5905612,2025-12-19T13:51:20Z,1,-24.51932,156.48726,1,1821.0,1,34.62,1,2.635,1,1821.0,1,2.635,1,34.62,1
5905612,2025-12-19T13:51:20Z,1,-24.51932,156.48726,1,1823.4,1,34.62,1,2.632,1,1823.4,1,2.632,1,34.62,1
5905612,2025-12-19T13:51:20Z,1,-24.51932,156.48726,1,1825.9,1,34.62,1,2.63,1,1825.9,1,2.63,1,34.62,1
5905612,2025-12-19T13:51:20Z,1,-24.51932,156.48726,1,1827.8,1,34.62,1,2.626,1,1827.8,1,2.626,1,34.62,1
5905612,2025-12-19T13:51:20Z,1,-24.51932,156.48726,1,1829.8,1,34.621,1,2.619,1,1829.8,1,2.619,1,34.621,1
5905612,2025-12-19T13:51:20Z,1,-24.51932,156.48726,1,1831.7,1,34.621,1,2.617,1,1831.7,1,2.617,1,34.621,1
5905612,2025-12-19T13:51:20Z,1,-24.51932,156.48726,1,1833.6,1,34.622,1,2.615,1,1833.6,1,2.615,1,34.622,1
5905612,2025-12-19T13:51:20Z,1,-24.51932,156.48726,1,1835.5,1,34.622,1,2.613,1,1835.5,1,2.613,1,34.622,1
5905612,2025-12-19T13:51:20Z,1,-24.51932,156.48726,1,1837.4,1,34.622,1,2.612,1,1837.4,1,2.612,1,34.622,1
5905612,2025-12-19T13:51:20Z,1,-24.51932,156.48726,1,1839.3,1,34.622,1,2.611,1,1839.3,1,2.611,1,34.622,1
5905612,2025-12-19T13:51:20Z,1,-24.51932,156.48726,1,1841.3,1,34.622,1,2.612,1,1841.3,1,2.612,1,34.622,1
5905612,2025-12-19T13:51:20Z,1,-24.51932,156.48726,1,1843.2,1,34.622,1,2.611,1,1843.2,1,2.611,1,34.622,1
5905612,2025-12-19T13:51:20Z,1,-24.51932,156.48726,1,1845.1,1,34.622,1,2.61,1,1845.1,1,2.61,1,34.622,1
5905612,2025-12-19T13:51:20Z,1,-24.51932,156.48726,1,1847.1,1,34.622,1,2.61,1,1847.1,1,2.61,1,34.622,1
5905612,2025-12-19T13:51:20Z,1,-24.51932,156.48726,1,1849.0,1,34.622,1,2.61,1,1849.0,1,2.61,1,34.622,1
5905612,2025-12-19T13:51:20Z,1,-24.51932,156.48726,1,1851.0,1,34.622,1,2.609,1,1851.0,1,2.609,1,34.622,1
5905612,2025-12-19T13:51:20Z,1,-24.51932,156.48726,1,1853.0,1,34.623,1,2.607,1,1853.0,1,2.607,1,34.623,1
5905612,2025-12-19T13:51:20Z,1,-24.51932,156.48726,1,1855.0,1,34.623,1,2.601,1,1855.0,1,2.601,1,34.623,1
5905612,2025-12-19T13:51:20Z,1,-24.51932,156.48726,1,1857.4,1,34.624,1,2.592,1,1857.4,1,2.592,1,34.624,1
5905612,2025-12-19T13:51:20Z,1,-24.51932,156.48726,1,1859.9,1,34.624,1,2.589,1,1859.9,1,2.589,1,34.624,1
5905612,2025-12-19T13:51:20Z,1,-24.51932,156.48726,1,1861.9,1,34.625,1,2.588,1,1861.9,1,2.588,1,34.625,1
5905612,2025-12-19T13:51:20Z,1,-24.51932,156.48726,1,1863.9,1,34.624,1,2.588,1,1863.9,1,2.588,1,34.624,1
5905612,2025-12-19T13:51:20Z,1,-24.51932,156.48726,1,1865.9,1,34.625,1,2.587,1,1865.9,1,2.587,1,34.625,1
5905612,2025-12-19T13:51:20Z,1,-24.51932,156.48726,1,1867.9,1,34.625,1,2.586,1,1867.9,1,2.586,1,34.625,1
5905612,2025-12-19T13:51:20Z,1,-24.51932,156.48726,1,1869.9,1,34.625,1,2.584,1,1869.9,1,2.584,1,34.625,1
5905612,2025-12-19T13:51:20Z,1,-24.51932,156.48726,1,1871.9,1,34.625,1,2.582,1,1871.9,1,2.582,1,34.625,1
5905612,2025-12-19T13:51:20Z,1,-24.51932,156.48726,1,1873.8,1,34.627,1,2.572,1,1873.8,1,2.572,1,34.627,1
5905612,2025-12-19T13:51:20Z,1,-24.51932,156.48726,1,1875.8,1,34.627,1,2.569,1,1875.8,1,2.569,1,34.627,1
5905612,2025-12-19T13:51:20Z,1,-24.51932,156.48726,1,1877.8,1,34.627,1,2.566,1,1877.8,1,2.566,1,34.627,1
5905612,2025-12-19T13:51:20Z,1,-24.51932,156.48726,1,1879.9,1,34.628,1,2.564,1,1879.9,1,2.564,1,34.628,1
5905612,2025-12-19T13:51:20Z,1,-24.51932,156.48726,1,1881.9,1,34.628,1,2.562,1,1881.9,1,2.562,1,34.628,1
5905612,2025-12-19T13:51:20Z,1,-24.51932,156.48726,1,1883.9,1,34.628,1,2.561,1,1883.9,1,2.561,1,34.628,1
5905612,2025-12-19T13:51:20Z,1,-24.51932,156.48726,1,1885.9,1,34.628,1,2.56,1,1885.9,1,2.56,1,34.628,1
5905612,2025-12-19T13:51:20Z,1,-24.51932,156.48726,1,1887.4,1,34.628,1,2.559,1,1887.4,1,2.559,1,34.628,1
5905612,2025-12-19T13:51:20Z,1,-24.51932,156.48726,1,1889.0,1,34.629,1,2.557,1,1889.0,1,2.557,1,34.629,1
5905612,2025-12-19T13:51:20Z,1,-24.51932,156.48726,1,1891.0,1,34.628,1,2.557,1,1891.0,1,2.557,1,34.628,1
5905612,2025-12-19T13:51:20Z,1,-24.51932,156.48726,1,1893.0,1,34.629,1,2.551,1,1893.0,1,2.551,1,34.629,1
5905612,2025-12-19T13:51:20Z,1,-24.51932,156.48726,1,1895.1,1,34.629,1,2.549,1,1895.1,1,2.549,1,34.629,1
5905612,2025-12-19T13:51:20Z,1,-24.51932,156.48726,1,1897.1,1,34.63,1,2.545,1,1897.1,1,2.545,1,34.63,1
5905612,2025-12-19T13:51:20Z,1,-24.51932,156.48726,1,1899.1,1,34.63,1,2.541,1,1899.1,1,2.541,1,34.63,1
5905612,2025-12-19T13:51:20Z,1,-24.51932,156.48726,1,1901.1,1,34.631,1,2.54,1,1901.1,1,2.54,1,34.631,1
5905612,2025-12-19T13:51:20Z,1,-24.51932,156.48726,1,1903.2,1,34.63,1,2.54,1,1903.2,1,2.54,1,34.63,1
5905612,2025-12-19T13:51:20Z,1,-24.51932,156.48726,1,1905.5,1,34.631,1,2.539,1,1905.5,1,2.539,1,34.631,1
5905612,2025-12-19T13:51:20Z,1,-24.51932,156.48726,1,1907.6,1,34.631,1,2.538,1,1907.6,1,2.538,1,34.631,1
5905612,2025-12-19T13:51:20Z,1,-24.51932,156.48726,1,1909.5,1,34.631,1,2.536,1,1909.5,1,2.536,1,34.631,1
5905612,2025-12-19T13:51:20Z,1,-24.51932,156.48726,1,1911.6,1,34.631,1,2.533,1,1911.6,1,2.533,1,34.631,1
5905612,2025-12-19T13:51:20Z,1,-24.51932,156.48726,1,1913.6,1,34.631,1,2.53,1,1913.6,1,2.53,1,34.631,1
5905612,2025-12-19T13:51:20Z,1,-24.51932,156.48726,1,1915.6,1,34.632,1,2.53,1,1915.6,1,2.53,1,34.632,1
5905612,2025-12-19T13:51:20Z,1,-24.51932,156.48726,1,1917.2,1,34.632,1,2.529,1,1917.2,1,2.529,1,34.632,1
5905612,2025-12-19T13:51:20Z,1,-24.51932,156.48726,1,1919.3,1,34.632,1,2.529,1,1919.3,1,2.529,1,34.632,1
5905612,2025-12-19T13:51:20Z,1,-24.51932,156.48726,1,1921.3,1,34.632,1,2.528,1,1921.3,1,2.528,1,34.632,1
5905612,2025-12-19T13:51:20Z,1,-24.51932,156.48726,1,1923.3,1,34.633,1,2.521,1,1923.3,1,2.521,1,34.633,1
5905612,2025-12-19T13:51:20Z,1,-24.51932,156.48726,1,1925.3,1,34.633,1,2.512,1,1925.3,1,2.512,1,34.633,1
5905612,2025-12-19T13:51:20Z,1,-24.51932,156.48726,1,1927.3,1,34.634,1,2.509,1,1927.3,1,2.509,1,34.634,1
5905612,2025-12-19T13:51:20Z,1,-24.51932,156.48726,1,1929.4,1,34.635,1,2.506,1,1929.4,1,2.506,1,34.635,1
5905612,2025-12-19T13:51:20Z,1,-24.51932,156.48726,1,1931.4,1,34.634,1,2.504,1,1931.4,1,2.504,1,34.634,1
5905612,2025-12-19T13:51:20Z,1,-24.51932,156.48726,1,1933.4,1,34.635,1,2.504,1,1933.4,1,2.504,1,34.635,1
5905612,2025-12-19T13:51:20Z,1,-24.51932,156.48726,1,1935.4,1,34.634,1,2.504,1,1935.4,1,2.504,1,34.634,1
5905612,2025-12-19T13:51:20Z,1,-24.51932,156.48726,1,1937.5,1,34.635,1,2.503,1,1937.5,1,2.503,1,34.635,1
5905612,2025-12-19T13:51:20Z,1,-24.51932,156.48726,1,1939.6,1,34.635,1,2.503,1,1939.6,1,2.503,1,34.635,1
5905612,2025-12-19T13:51:20Z,1,-24.51932,156.48726,1,1941.6,1,34.635,1,2.501,1,1941.6,1,2.501,1,34.635,1
5905612,2025-12-19T13:51:20Z,1,-24.51932,156.48726,1,1943.3,1,34.636,1,2.495,1,1943.3,1,2.495,1,34.636,1
5905612,2025-12-19T13:51:20Z,1,-24.51932,156.48726,1,1945.4,1,34.636,1,2.494,1,1945.4,1,2.494,1,34.636,1
5905612,2025-12-19T13:51:20Z,1,-24.51932,156.48726,1,1947.5,1,34.636,1,2.492,1,1947.5,1,2.492,1,34.636,1
5905612,2025-12-19T13:51:20Z,1,-24.51932,156.48726,1,1949.2,1,34.636,1,2.492,1,1949.2,1,2.492,1,34.636,1
5905612,2025-12-19T13:51:20Z,1,-24.51932,156.48726,1,1951.3,1,34.636,1,2.491,1,1951.3,1,2.491,1,34.636,1
5905612,2025-12-19T13:51:20Z,1,-24.51932,156.48726,1,1953.5,1,34.636,1,2.49,1,1953.5,1,2.49,1,34.636,1
5905612,2025-12-19T13:51:20Z,1,-24.51932,156.48726,1,1955.2,1,34.636,1,2.49,1,1955.2,1,2.49,1,34.636,1
5905612,2025-12-19T13:51:20Z,1,-24.51932,156.48726,1,1957.4,1,34.636,1,2.489,1,1957.4,1,2.489,1,34.636,1
5905612,2025-12-19T13:51:20Z,1,-24.51932,156.48726,1,1959.6,1,34.637,1,2.487,1,1959.6,1,2.487,1,34.637,1
5905612,2025-12-19T13:51:20Z,1,-24.51932,156.48726,1,1961.3,1,34.636,1,2.483,1,1961.3,1,2.483,1,34.636,1
5905612,2025-12-19T13:51:20Z,1,-24.51932,156.48726,1,1963.5,1,34.637,1,2.48,1,1963.5,1,2.48,1,34.637,1
5905612,2025-12-19T13:51:20Z,1,-24.51932,156.48726,1,1965.7,1,34.637,1,2.48,1,1965.7,1,2.48,1,34.637,1
5905612,2025-12-19T13:51:20Z,1,-24.51932,156.48726,1,1967.4,1,34.637,1,2.479,1,1967.4,1,2.479,1,34.637,1
5905612,2025-12-19T13:51:20Z,1,-24.51932,156.48726,1,1969.2,1,34.638,1,2.474,1,1969.2,1,2.474,1,34.638,1
5905612,2025-12-19T13:51:20Z,1,-24.51932,156.48726,1,1971.4,1,34.638,1,2.466,1,1971.4,1,2.466,1,34.638,1
5905612,2025-12-19T13:51:20Z,1,-24.51932,156.48726,1,1973.6,1,34.639,1,2.462,1,1973.6,1,2.462,1,34.639,1
5905612,2025-12-19T13:51:20Z,1,-24.51932,156.48726,1,1975.4,1,34.64,1,2.457,1,1975.4,1,2.457,1,34.64,1
5905612,2025-12-19T13:51:20Z,1,-24.51932,156.48726,1,1977.1,1,34.64,1,2.454,1,1977.1,1,2.454,1,34.64,1
5905612,2025-12-19T13:51:20Z,1,-24.51932,156.48726,1,1979.3,1,34.64,1,2.452,1,1979.3,1,2.452,1,34.64,1
5905612,2025-12-19T13:51:20Z,1,-24.51932,156.48726,1,1981.5,1,34.64,1,2.45,1,1981.5,1,2.45,1,34.64,1
5905612,2025-12-19T13:51:20Z,1,-24.51932,156.48726,1,1983.3,1,34.641,1,2.446,1,1983.3,1,2.446,1,34.641,1
5905612,2025-12-19T13:51:20Z,1,-24.51932,156.48726,1,1985.5,1,34.641,1,2.446,1,1985.5,1,2.446,1,34.641,1
5905612,2025-12-19T13:51:20Z,1,-24.51932,156.48726,1,1987.7,1,34.641,1,2.445,1,1987.7,1,2.445,1,34.641,1
5905612,2025-12-19T13:51:20Z,1,-24.51932,156.48726,1,1989.5,1,34.642,1,2.445,1,1989.5,1,2.445,1,34.642,1
5905612,2025-12-19T13:51:20Z,1,-24.51932,156.48726,1,1991.2,1,34.641,1,2.445,1,1991.2,1,2.445,1,34.641,1
5905612,2025-12-19T13:51:20Z,1,-24.51932,156.48726,1,1993.4,1,34.641,1,2.445,1,1993.4,1,2.445,1,34.641,1
5905612,2025-12-19T13:51:20Z,1,-24.51932,156.48726,1,1995.5,1,34.642,1,2.444,1,1995.5,1,2.444,1,34.642,1
5905612,2025-12-19T13:51:20Z,1,-24.51932,156.48726,1,1997.3,1,34.642,1,2.442,1,1997.3,1,2.442,1,34.642,1
5905612,2025-12-19T13:51:20Z,1,-24.51932,156.48726,1,1999.2,1,34.642,1,2.44,1,1999.2,1,2.44,1,34.642,1
5905612,2025-12-19T13:51:20Z,1,-24.51932,156.48726,1,2001.3,1,34.642,1,2.439,1,2001.3,1,2.439,1,34.642,1
5905612,2025-12-19T13:51:20Z,1,-24.51932,156.48726,1,2003.5,1,34.642,1,2.436,1,2003.5,1,2.436,1,34.642,1
