PLATFORM_CODE,DATE (YYYY-MM-DDTHH:MI:SSZ),DATE_QC,LATITUDE (degree_north),LONGITUDE (degree_east),POSITION_QC,PRES (decibar),PRES_QC,PSAL (psu),PSAL_QC,TEMP (degree_Celsius),TEMP_QC,PRES_ADJUSTED (decibar),PRES_ADJUSTED_QC,TEMP_ADJUSTED (degree_Celsius),TEMP_ADJUSTED_QC,PSAL_ADJUSTED (psu),PSAL_ADJUSTED_QC
5905614,2025-09-30T16:07:51Z,1,-57.00518,130.66818,1,0.0,1,33.84,1,2.177,1,0.0,1,2.177,1,33.84,1
5905614,2025-09-30T16:07:51Z,1,-57.00518,130.66818,1,0.9,1,33.839,1,2.172,1,0.9,1,2.172,1,33.839,1
5905614,2025-09-30T16:07:51Z,1,-57.00518,130.66818,1,2.0,1,33.84,1,2.173,1,2.0,1,2.173,1,33.84,1
5905614,2025-09-30T16:07:51Z,1,-57.00518,130.66818,1,2.3,1,33.839,1,2.174,1,2.3,1,2.174,1,33.839,1
5905614,2025-09-30T16:07:51Z,1,-57.00518,130.66818,1,2.5,1,33.84,1,2.173,1,2.5,1,2.173,1,33.84,1
5905614,2025-09-30T16:07:51Z,1,-57.00518,130.66818,1,2.7,1,33.84,1,2.173,1,2.7,1,2.173,1,33.84,1
5905614,2025-09-30T16:07:51Z,1,-57.00518,130.66818,1,2.9,1,33.84,1,2.174,1,2.9,1,2.174,1,33.84,1
5905614,2025-09-30T16:07:51Z,1,-57.00518,130.66818,1,3.0,1,33.84,1,2.174,1,3.0,1,2.174,1,33.84,1
5905614,2025-09-30T16:07:51Z,1,-57.00518,130.66818,1,3.1,1,33.839,1,2.175,1,3.1,1,2.175,1,33.839,1
5905614,2025-09-30T16:07:51Z,1,-57.00518,130.66818,1,3.3,1,33.84,1,2.175,1,3.3,1,2.175,1,33.84,1
5905614,2025-09-30T16:07:51Z,1,-57.00518,130.66818,1,3.4,1,33.839,1,2.175,1,3.4,1,2.175,1,33.839,1
5905614,2025-09-30T16:07:51Z,1,-57.00518,130.66818,1,3.7,1,33.839,1,2.174,1,3.7,1,2.174,1,33.839,1
5905614,2025-09-30T16:07:51Z,1,-57.00518,130.66818,1,4.0,1,33.84,1,2.174,1,4.0,1,2.174,1,33.84,1
5905614,2025-09-30T16:07:51Z,1,-57.00518,130.66818,1,4.1,1,33.84,1,2.175,1,4.1,1,2.175,1,33.84,1
5905614,2025-09-30T16:07:51Z,1,-57.00518,130.66818,1,4.4,1,33.84,1,2.176,1,4.4,1,2.176,1,33.84,1
5905614,2025-09-30T16:07:51Z,1,-57.00518,130.66818,1,4.6,1,33.839,1,2.176,1,4.6,1,2.176,1,33.839,1
5905614,2025-09-30T16:07:51Z,1,-57.00518,130.66818,1,4.9,1,33.839,1,2.177,1,4.9,1,2.177,1,33.839,1
5905614,2025-09-30T16:07:51Z,1,-57.00518,130.66818,1,5.1,1,33.84,1,2.177,1,5.1,1,2.177,1,33.84,1
5905614,2025-09-30T16:07:51Z,1,-57.00518,130.66818,1,5.5,1,33.84,1,2.177,1,5.5,1,2.177,1,33.84,1
5905614,2025-09-30T16:07:51Z,1,-57.00518,130.66818,1,5.8,1,33.84,1,2.178,1,5.8,1,2.178,1,33.84,1
5905614,2025-09-30T16:07:51Z,1,-57.00518,130.66818,1,5.9,1,33.84,1,2.178,1,5.9,1,2.178,1,33.84,1
5905614,2025-09-30T16:07:51Z,1,-57.00518,130.66818,1,6.0,1,33.84,1,2.179,1,6.0,1,2.179,1,33.84,1
5905614,2025-09-30T16:07:51Z,1,-57.00518,130.66818,1,6.4,1,33.84,1,2.179,1,6.4,1,2.179,1,33.84,1
5905614,2025-09-30T16:07:51Z,1,-57.00518,130.66818,1,6.7,1,33.84,1,2.179,1,6.7,1,2.179,1,33.84,1
5905614,2025-09-30T16:07:51Z,1,-57.00518,130.66818,1,6.9,1,33.84,1,2.179,1,6.9,1,2.179,1,33.84,1
5905614,2025-09-30T16:07:51Z,1,-57.00518,130.66818,1,7.2,1,33.84,1,2.179,1,7.2,1,2.179,1,33.84,1
5905614,2025-09-30T16:07:51Z,1,-57.00518,130.66818,1,7.6,1,33.84,1,2.179,1,7.6,1,2.179,1,33.84,1
5905614,2025-09-30T16:07:51Z,1,-57.00518,130.66818,1,7.8,1,33.84,1,2.178,1,7.8,1,2.178,1,33.84,1
5905614,2025-09-30T16:07:51Z,1,-57.00518,130.66818,1,8.0,1,33.84,1,2.177,1,8.0,1,2.177,1,33.84,1
5905614,2025-09-30T16:07:51Z,1,-57.00518,130.66818,1,8.1,1,33.84,1,2.177,1,8.1,1,2.177,1,33.84,1
5905614,2025-09-30T16:07:51Z,1,-57.00518,130.66818,1,8.3,1,33.84,1,2.175,1,8.3,1,2.175,1,33.84,1
5905614,2025-09-30T16:07:51Z,1,-57.00518,130.66818,1,8.6,1,33.84,1,2.175,1,8.6,1,2.175,1,33.84,1
5905614,2025-09-30T16:07:51Z,1,-57.00518,130.66818,1,8.8,1,33.84,1,2.176,1,8.8,1,2.176,1,33.84,1
5905614,2025-09-30T16:07:51Z,1,-57.00518,130.66818,1,9.0,1,33.84,1,2.176,1,9.0,1,2.176,1,33.84,1
5905614,2025-09-30T16:07:51Z,1,-57.00518,130.66818,1,9.1,1,33.84,1,2.176,1,9.1,1,2.176,1,33.84,1
5905614,2025-09-30T16:07:51Z,1,-57.00518,130.66818,1,9.4,1,33.84,1,2.176,1,9.4,1,2.176,1,33.84,1
5905614,2025-09-30T16:07:51Z,1,-57.00518,130.66818,1,9.7,1,33.84,1,2.176,1,9.7,1,2.176,1,33.84,1
5905614,2025-09-30T16:07:51Z,1,-57.00518,130.66818,1,9.9,1,33.84,1,2.175,1,9.9,1,2.175,1,33.84,1
5905614,2025-09-30T16:07:51Z,1,-57.00518,130.66818,1,10.3,1,33.84,1,2.175,1,10.3,1,2.175,1,33.84,1
5905614,2025-09-30T16:07:51Z,1,-57.00518,130.66818,1,10.6,1,33.84,1,2.175,1,10.6,1,2.175,1,33.84,1
5905614,2025-09-30T16:07:51Z,1,-57.00518,130.66818,1,10.9,1,33.84,1,2.175,1,10.9,1,2.175,1,33.84,1
5905614,2025-09-30T16:07:51Z,1,-57.00518,130.66818,1,11.2,1,33.839,1,2.176,1,11.2,1,2.176,1,33.839,1
5905614,2025-09-30T16:07:51Z,1,-57.00518,130.66818,1,11.5,1,33.84,1,2.176,1,11.5,1,2.176,1,33.84,1
5905614,2025-09-30T16:07:51Z,1,-57.00518,130.66818,1,11.8,1,33.84,1,2.176,1,11.8,1,2.176,1,33.84,1
5905614,2025-09-30T16:07:51Z,1,-57.00518,130.66818,1,12.0,1,33.84,1,2.176,1,12.0,1,2.176,1,33.84,1
5905614,2025-09-30T16:07:51Z,1,-57.00518,130.66818,1,12.2,1,33.84,1,2.175,1,12.2,1,2.175,1,33.84,1
5905614,2025-09-30T16:07:51Z,1,-57.00518,130.66818,1,12.4,1,33.84,1,2.175,1,12.4,1,2.175,1,33.84,1
5905614,2025-09-30T16:07:51Z,1,-57.00518,130.66818,1,12.7,1,33.84,1,2.175,1,12.7,1,2.175,1,33.84,1
5905614,2025-09-30T16:07:51Z,1,-57.00518,130.66818,1,13.2,1,33.84,1,2.175,1,13.2,1,2.175,1,33.84,1
5905614,2025-09-30T16:07:51Z,1,-57.00518,130.66818,1,13.5,1,33.84,1,2.175,1,13.5,1,2.175,1,33.84,1
5905614,2025-09-30T16:07:51Z,1,-57.00518,130.66818,1,13.8,1,33.84,1,2.175,1,13.8,1,2.175,1,33.84,1
5905614,2025-09-30T16:07:51Z,1,-57.00518,130.66818,1,14.0,1,33.84,1,2.175,1,14.0,1,2.175,1,33.84,1
5905614,2025-09-30T16:07:51Z,1,-57.00518,130.66818,1,14.1,1,33.84,1,2.175,1,14.1,1,2.175,1,33.84,1
5905614,2025-09-30T16:07:51Z,1,-57.00518,130.66818,1,14.5,1,33.84,1,2.174,1,14.5,1,2.174,1,33.84,1
5905614,2025-09-30T16:07:51Z,1,-57.00518,130.66818,1,14.8,1,33.84,1,2.175,1,14.8,1,2.175,1,33.84,1
5905614,2025-09-30T16:07:51Z,1,-57.00518,130.66818,1,15.2,1,33.839,1,2.175,1,15.2,1,2.175,1,33.839,1
5905614,2025-09-30T16:07:51Z,1,-57.00518,130.66818,1,15.5,1,33.84,1,2.175,1,15.5,1,2.175,1,33.84,1
5905614,2025-09-30T16:07:51Z,1,-57.00518,130.66818,1,15.9,1,33.84,1,2.174,1,15.9,1,2.174,1,33.84,1
5905614,2025-09-30T16:07:51Z,1,-57.00518,130.66818,1,16.3,1,33.84,1,2.174,1,16.3,1,2.174,1,33.84,1
5905614,2025-09-30T16:07:51Z,1,-57.00518,130.66818,1,16.6,1,33.841,1,2.174,1,16.6,1,2.174,1,33.841,1
5905614,2025-09-30T16:07:51Z,1,-57.00518,130.66818,1,17.0,1,33.84,1,2.175,1,17.0,1,2.175,1,33.84,1
5905614,2025-09-30T16:07:51Z,1,-57.00518,130.66818,1,17.5,1,33.84,1,2.175,1,17.5,1,2.175,1,33.84,1
5905614,2025-09-30T16:07:51Z,1,-57.00518,130.66818,1,17.7,1,33.84,1,2.175,1,17.7,1,2.175,1,33.84,1
5905614,2025-09-30T16:07:51Z,1,-57.00518,130.66818,1,18.0,1,33.84,1,2.175,1,18.0,1,2.175,1,33.84,1
5905614,2025-09-30T16:07:51Z,1,-57.00518,130.66818,1,18.1,1,33.84,1,2.175,1,18.1,1,2.175,1,33.84,1
5905614,2025-09-30T16:07:51Z,1,-57.00518,130.66818,1,18.5,1,33.84,1,2.174,1,18.5,1,2.174,1,33.84,1
5905614,2025-09-30T16:07:51Z,1,-57.00518,130.66818,1,18.9,1,33.84,1,2.174,1,18.9,1,2.174,1,33.84,1
5905614,2025-09-30T16:07:51Z,1,-57.00518,130.66818,1,19.3,1,33.84,1,2.174,1,19.3,1,2.174,1,33.84,1
5905614,2025-09-30T16:07:51Z,1,-57.00518,130.66818,1,19.6,1,33.84,1,2.175,1,19.6,1,2.175,1,33.84,1
5905614,2025-09-30T16:07:51Z,1,-57.00518,130.66818,1,19.9,1,33.84,1,2.175,1,19.9,1,2.175,1,33.84,1
5905614,2025-09-30T16:07:51Z,1,-57.00518,130.66818,1,20.0,1,33.84,1,2.175,1,20.0,1,2.175,1,33.84,1
5905614,2025-09-30T16:07:51Z,1,-57.00518,130.66818,1,21.9,1,33.84,1,2.175,1,21.9,1,2.175,1,33.84,1
5905614,2025-09-30T16:07:51Z,1,-57.00518,130.66818,1,23.9,1,33.84,1,2.175,1,23.9,1,2.175,1,33.84,1
5905614,2025-09-30T16:07:51Z,1,-57.00518,130.66818,1,26.1,1,33.84,1,2.175,1,26.1,1,2.175,1,33.84,1
5905614,2025-09-30T16:07:51Z,1,-57.00518,130.66818,1,28.1,1,33.84,1,2.175,1,28.1,1,2.175,1,33.84,1
5905614,2025-09-30T16:07:51Z,1,-57.00518,130.66818,1,29.9,1,33.84,1,2.175,1,29.9,1,2.175,1,33.84,1
5905614,2025-09-30T16:07:51Z,1,-57.00518,130.66818,1,31.7,1,33.84,1,2.176,1,31.7,1,2.176,1,33.84,1
5905614,2025-09-30T16:07:51Z,1,-57.00518,130.66818,1,33.9,1,33.84,1,2.176,1,33.9,1,2.176,1,33.84,1
5905614,2025-09-30T16:07:51Z,1,-57.00518,130.66818,1,36.0,1,33.84,1,2.176,1,36.0,1,2.176,1,33.84,1
5905614,2025-09-30T16:07:51Z,1,-57.00518,130.66818,1,38.0,1,33.84,1,2.176,1,38.0,1,2.176,1,33.84,1
5905614,2025-09-30T16:07:51Z,1,-57.00518,130.66818,1,40.0,1,33.84,1,2.176,1,40.0,1,2.176,1,33.84,1
5905614,2025-09-30T16:07:51Z,1,-57.00518,130.66818,1,42.0,1,33.84,1,2.175,1,42.0,1,2.175,1,33.84,1
5905614,2025-09-30T16:07:51Z,1,-57.00518,130.66818,1,43.9,1,33.84,1,2.175,1,43.9,1,2.175,1,33.84,1
5905614,2025-09-30T16:07:51Z,1,-57.00518,130.66818,1,45.9,1,33.84,1,2.175,1,45.9,1,2.175,1,33.84,1
5905614,2025-09-30T16:07:51Z,1,-57.00518,130.66818,1,47.9,1,33.84,1,2.176,1,47.9,1,2.176,1,33.84,1
5905614,2025-09-30T16:07:51Z,1,-57.00518,130.66818,1,49.9,1,33.84,1,2.177,1,49.9,1,2.177,1,33.84,1
5905614,2025-09-30T16:07:51Z,1,-57.00518,130.66818,1,52.0,1,33.84,1,2.178,1,52.0,1,2.178,1,33.84,1
5905614,2025-09-30T16:07:51Z,1,-57.00518,130.66818,1,54.0,1,33.84,1,2.178,1,54.0,1,2.178,1,33.84,1
5905614,2025-09-30T16:07:51Z,1,-57.00518,130.66818,1,55.9,1,33.84,1,2.178,1,55.9,1,2.178,1,33.84,1
5905614,2025-09-30T16:07:51Z,1,-57.00518,130.66818,1,58.0,1,33.84,1,2.178,1,58.0,1,2.178,1,33.84,1
5905614,2025-09-30T16:07:51Z,1,-57.00518,130.66818,1,60.1,1,33.84,1,2.178,1,60.1,1,2.178,1,33.84,1
5905614,2025-09-30T16:07:51Z,1,-57.00518,130.66818,1,62.0,1,33.84,1,2.178,1,62.0,1,2.178,1,33.84,1
5905614,2025-09-30T16:07:51Z,1,-57.00518,130.66818,1,63.9,1,33.84,1,2.178,1,63.9,1,2.178,1,33.84,1
5905614,2025-09-30T16:07:51Z,1,-57.00518,130.66818,1,66.0,1,33.84,1,2.178,1,66.0,1,2.178,1,33.8401,1
5905614,2025-09-30T16:07:51Z,1,-57.00518,130.66818,1,68.0,1,33.84,1,2.178,1,68.0,1,2.178,1,33.84,1
5905614,2025-09-30T16:07:51Z,1,-57.00518,130.66818,1,70.0,1,33.84,1,2.179,1,70.0,1,2.179,1,33.8401,1
5905614,2025-09-30T16:07:51Z,1,-57.00518,130.66818,1,72.0,1,33.84,1,2.179,1,72.0,1,2.179,1,33.8401,1
5905614,2025-09-30T16:07:51Z,1,-57.00518,130.66818,1,74.2,1,33.84,1,2.177,1,74.2,1,2.177,1,33.8401,1
5905614,2025-09-30T16:07:51Z,1,-57.00518,130.66818,1,76.0,1,33.84,1,2.173,1,76.0,1,2.173,1,33.8401,1
5905614,2025-09-30T16:07:51Z,1,-57.00518,130.66818,1,77.9,1,33.84,1,2.173,1,77.9,1,2.173,1,33.8401,1
5905614,2025-09-30T16:07:51Z,1,-57.00518,130.66818,1,79.9,1,33.84,1,2.174,1,79.9,1,2.174,1,33.8401,1
5905614,2025-09-30T16:07:51Z,1,-57.00518,130.66818,1,81.9,1,33.84,1,2.175,1,81.9,1,2.175,1,33.8401,1
5905614,2025-09-30T16:07:51Z,1,-57.00518,130.66818,1,83.8,1,33.84,1,2.176,1,83.8,1,2.176,1,33.8401,1
5905614,2025-09-30T16:07:51Z,1,-57.00518,130.66818,1,85.9,1,33.84,1,2.176,1,85.9,1,2.176,1,33.8401,1
5905614,2025-09-30T16:07:51Z,1,-57.00518,130.66818,1,88.0,1,33.839,1,2.169,1,88.0,1,2.169,1,33.8391,1
5905614,2025-09-30T16:07:51Z,1,-57.00518,130.66818,1,90.0,1,33.84,1,2.161,1,90.0,1,2.161,1,33.8401,1
5905614,2025-09-30T16:07:51Z,1,-57.00518,130.66818,1,91.9,1,33.84,1,2.161,1,91.9,1,2.161,1,33.8401,1
5905614,2025-09-30T16:07:51Z,1,-57.00518,130.66818,1,94.0,1,33.839,1,2.159,1,94.0,1,2.159,1,33.8391,1
5905614,2025-09-30T16:07:51Z,1,-57.00518,130.66818,1,96.0,1,33.839,1,2.157,1,96.0,1,2.157,1,33.8391,1
5905614,2025-09-30T16:07:51Z,1,-57.00518,130.66818,1,98.1,1,33.839,1,2.154,1,98.1,1,2.154,1,33.8391,1
5905614,2025-09-30T16:07:51Z,1,-57.00518,130.66818,1,99.8,1,33.839,1,2.151,1,99.8,1,2.151,1,33.8391,1
5905614,2025-09-30T16:07:51Z,1,-57.00518,130.66818,1,101.9,1,33.838,1,2.145,1,101.9,1,2.145,1,33.8381,1
5905614,2025-09-30T16:07:51Z,1,-57.00518,130.66818,1,104.1,1,33.839,1,2.146,1,104.1,1,2.146,1,33.8391,1
5905614,2025-09-30T16:07:51Z,1,-57.00518,130.66818,1,106.0,1,33.838,1,2.146,1,106.0,1,2.146,1,33.8381,1
5905614,2025-09-30T16:07:51Z,1,-57.00518,130.66818,1,107.9,1,33.838,1,2.143,1,107.9,1,2.143,1,33.8381,1
5905614,2025-09-30T16:07:51Z,1,-57.00518,130.66818,1,109.8,1,33.838,1,2.138,1,109.8,1,2.138,1,33.8381,1
5905614,2025-09-30T16:07:51Z,1,-57.00518,130.66818,1,112.0,1,33.838,1,2.135,1,112.0,1,2.135,1,33.8381,1
5905614,2025-09-30T16:07:51Z,1,-57.00518,130.66818,1,114.0,1,33.838,1,2.132,1,114.0,1,2.132,1,33.8381,1
5905614,2025-09-30T16:07:51Z,1,-57.00518,130.66818,1,115.8,1,33.838,1,2.129,1,115.8,1,2.129,1,33.8381,1
5905614,2025-09-30T16:07:51Z,1,-57.00518,130.66818,1,117.9,1,33.838,1,2.125,1,117.9,1,2.125,1,33.8381,1
5905614,2025-09-30T16:07:51Z,1,-57.00518,130.66818,1,119.9,1,33.837,1,2.122,1,119.9,1,2.122,1,33.8371,1
5905614,2025-09-30T16:07:51Z,1,-57.00518,130.66818,1,121.9,1,33.838,1,2.121,1,121.9,1,2.121,1,33.8381,1
5905614,2025-09-30T16:07:51Z,1,-57.00518,130.66818,1,124.0,1,33.838,1,2.119,1,124.0,1,2.119,1,33.8381,1
5905614,2025-09-30T16:07:51Z,1,-57.00518,130.66818,1,126.0,1,33.837,1,2.117,1,126.0,1,2.117,1,33.8371,1
5905614,2025-09-30T16:07:51Z,1,-57.00518,130.66818,1,128.0,1,33.837,1,2.116,1,128.0,1,2.116,1,33.8371,1
5905614,2025-09-30T16:07:51Z,1,-57.00518,130.66818,1,129.9,1,33.838,1,2.115,1,129.9,1,2.115,1,33.8381,1
5905614,2025-09-30T16:07:51Z,1,-57.00518,130.66818,1,131.9,1,33.838,1,2.113,1,131.9,1,2.113,1,33.8381,1
5905614,2025-09-30T16:07:51Z,1,-57.00518,130.66818,1,134.0,1,33.838,1,2.113,1,134.0,1,2.113,1,33.8381,1
5905614,2025-09-30T16:07:51Z,1,-57.00518,130.66818,1,136.1,1,33.838,1,2.113,1,136.1,1,2.113,1,33.8381,1
5905614,2025-09-30T16:07:51Z,1,-57.00518,130.66818,1,138.0,1,33.838,1,2.112,1,138.0,1,2.112,1,33.8381,1
5905614,2025-09-30T16:07:51Z,1,-57.00518,130.66818,1,139.9,1,33.838,1,2.111,1,139.9,1,2.111,1,33.8381,1
5905614,2025-09-30T16:07:51Z,1,-57.00518,130.66818,1,142.0,1,33.838,1,2.11,1,142.0,1,2.11,1,33.8381,1
5905614,2025-09-30T16:07:51Z,1,-57.00518,130.66818,1,144.0,1,33.839,1,2.11,1,144.0,1,2.11,1,33.8391,1
5905614,2025-09-30T16:07:51Z,1,-57.00518,130.66818,1,145.9,1,33.839,1,2.112,1,145.9,1,2.112,1,33.8391,1
5905614,2025-09-30T16:07:51Z,1,-57.00518,130.66818,1,148.0,1,33.84,1,2.115,1,148.0,1,2.115,1,33.8401,1
5905614,2025-09-30T16:07:51Z,1,-57.00518,130.66818,1,150.0,1,33.842,1,2.123,1,150.0,1,2.123,1,33.8421,1
5905614,2025-09-30T16:07:51Z,1,-57.00518,130.66818,1,152.0,1,33.842,1,2.127,1,152.0,1,2.127,1,33.8421,1
5905614,2025-09-30T16:07:51Z,1,-57.00518,130.66818,1,154.0,1,33.844,1,2.133,1,154.0,1,2.133,1,33.8441,1
5905614,2025-09-30T16:07:51Z,1,-57.00518,130.66818,1,155.9,1,33.845,1,2.14,1,155.9,1,2.14,1,33.8451,1
5905614,2025-09-30T16:07:51Z,1,-57.00518,130.66818,1,157.9,1,33.846,1,2.144,1,157.9,1,2.144,1,33.8461,1
5905614,2025-09-30T16:07:51Z,1,-57.00518,130.66818,1,159.9,1,33.847,1,2.152,1,159.9,1,2.152,1,33.8471,1
5905614,2025-09-30T16:07:51Z,1,-57.00518,130.66818,1,161.9,1,33.85,1,2.167,1,161.9,1,2.167,1,33.8501,1
5905614,2025-09-30T16:07:51Z,1,-57.00518,130.66818,1,163.9,1,33.852,1,2.173,1,163.9,1,2.173,1,33.8521,1
5905614,2025-09-30T16:07:51Z,1,-57.00518,130.66818,1,165.9,1,33.854,1,2.18,1,165.9,1,2.18,1,33.8541,1
5905614,2025-09-30T16:07:51Z,1,-57.00518,130.66818,1,167.9,1,33.857,1,2.198,1,167.9,1,2.198,1,33.8571,1
5905614,2025-09-30T16:07:51Z,1,-57.00518,130.66818,1,169.9,1,33.866,1,2.221,1,169.9,1,2.221,1,33.8661,1
5905614,2025-09-30T16:07:51Z,1,-57.00518,130.66818,1,171.8,1,33.865,1,2.238,1,171.8,1,2.238,1,33.8651,1
5905614,2025-09-30T16:07:51Z,1,-57.00518,130.66818,1,174.0,1,33.867,1,2.244,1,174.0,1,2.244,1,33.8671,1
5905614,2025-09-30T16:07:51Z,1,-57.00518,130.66818,1,175.9,1,33.868,1,2.248,1,175.9,1,2.248,1,33.8681,1
5905614,2025-09-30T16:07:51Z,1,-57.00518,130.66818,1,177.9,1,33.876,1,2.277,1,177.9,1,2.277,1,33.8761,1
5905614,2025-09-30T16:07:51Z,1,-57.00518,130.66818,1,180.0,1,33.889,1,2.344,1,180.0,1,2.344,1,33.8891,1
5905614,2025-09-30T16:07:51Z,1,-57.00518,130.66818,1,182.0,1,33.916,1,2.437,1,182.0,1,2.437,1,33.9161,1
5905614,2025-09-30T16:07:51Z,1,-57.00518,130.66818,1,183.9,1,33.93,1,2.497,1,183.9,1,2.497,1,33.9301,1
5905614,2025-09-30T16:07:51Z,1,-57.00518,130.66818,1,185.9,1,33.937,1,2.5,1,185.9,1,2.5,1,33.9371,1
5905614,2025-09-30T16:07:51Z,1,-57.00518,130.66818,1,188.0,1,33.954,1,2.4,1,188.0,1,2.4,1,33.9541,1
5905614,2025-09-30T16:07:51Z,1,-57.00518,130.66818,1,190.0,1,33.981,1,2.511,1,190.0,1,2.511,1,33.9812,1
5905614,2025-09-30T16:07:51Z,1,-57.00518,130.66818,1,192.0,1,34.0,1,2.542,1,192.0,1,2.542,1,34.0002,1
5905614,2025-09-30T16:07:51Z,1,-57.00518,130.66818,1,194.0,1,34.04,1,2.645,1,194.0,1,2.645,1,34.0402,1
5905614,2025-09-30T16:07:51Z,1,-57.00518,130.66818,1,196.0,1,34.058,1,2.789,1,196.0,1,2.789,1,34.0582,1
5905614,2025-09-30T16:07:51Z,1,-57.00518,130.66818,1,198.0,1,34.081,1,2.912,1,198.0,1,2.912,1,34.0812,1
5905614,2025-09-30T16:07:51Z,1,-57.00518,130.66818,1,200.0,1,34.085,1,2.945,1,200.0,1,2.945,1,34.0852,1
5905614,2025-09-30T16:07:51Z,1,-57.00518,130.66818,1,202.0,1,34.092,1,2.984,1,202.0,1,2.984,1,34.0922,1
5905614,2025-09-30T16:07:51Z,1,-57.00518,130.66818,1,203.9,1,34.091,1,2.953,1,203.9,1,2.953,1,34.0912,1
5905614,2025-09-30T16:07:51Z,1,-57.00518,130.66818,1,205.9,1,34.09,1,2.918,1,205.9,1,2.918,1,34.0902,1
5905614,2025-09-30T16:07:51Z,1,-57.00518,130.66818,1,207.8,1,34.1,1,2.966,1,207.8,1,2.966,1,34.1002,1
5905614,2025-09-30T16:07:51Z,1,-57.00518,130.66818,1,210.0,1,34.107,1,2.987,1,210.0,1,2.987,1,34.1072,1
5905614,2025-09-30T16:07:51Z,1,-57.00518,130.66818,1,212.1,1,34.108,1,2.972,1,212.1,1,2.972,1,34.1082,1
5905614,2025-09-30T16:07:51Z,1,-57.00518,130.66818,1,214.1,1,34.11,1,2.968,1,214.1,1,2.968,1,34.1102,1
5905614,2025-09-30T16:07:51Z,1,-57.00518,130.66818,1,216.0,1,34.111,1,2.967,1,216.0,1,2.967,1,34.1112,1
5905614,2025-09-30T16:07:51Z,1,-57.00518,130.66818,1,217.9,1,34.112,1,2.951,1,217.9,1,2.951,1,34.1122,1
5905614,2025-09-30T16:07:51Z,1,-57.00518,130.66818,1,219.8,1,34.111,1,2.928,1,219.8,1,2.928,1,34.1112,1
5905614,2025-09-30T16:07:51Z,1,-57.00518,130.66818,1,221.8,1,34.112,1,2.91,1,221.8,1,2.91,1,34.1122,1
5905614,2025-09-30T16:07:51Z,1,-57.00518,130.66818,1,223.9,1,34.114,1,2.89,1,223.9,1,2.89,1,34.1142,1
5905614,2025-09-30T16:07:51Z,1,-57.00518,130.66818,1,226.0,1,34.114,1,2.87,1,226.0,1,2.87,1,34.1142,1
5905614,2025-09-30T16:07:51Z,1,-57.00518,130.66818,1,227.9,1,34.116,1,2.861,1,227.9,1,2.861,1,34.1162,1
5905614,2025-09-30T16:07:51Z,1,-57.00518,130.66818,1,229.8,1,34.116,1,2.856,1,229.8,1,2.856,1,34.1162,1
5905614,2025-09-30T16:07:51Z,1,-57.00518,130.66818,1,231.9,1,34.116,1,2.843,1,231.9,1,2.843,1,34.1162,1
5905614,2025-09-30T16:07:51Z,1,-57.00518,130.66818,1,234.0,1,34.114,1,2.81,1,234.0,1,2.81,1,34.1142,1
5905614,2025-09-30T16:07:51Z,1,-57.00518,130.66818,1,235.9,1,34.118,1,2.785,1,235.9,1,2.785,1,34.1182,1
5905614,2025-09-30T16:07:51Z,1,-57.00518,130.66818,1,238.0,1,34.12,1,2.781,1,238.0,1,2.781,1,34.1202,1
5905614,2025-09-30T16:07:51Z,1,-57.00518,130.66818,1,240.0,1,34.124,1,2.785,1,240.0,1,2.785,1,34.1242,1
5905614,2025-09-30T16:07:51Z,1,-57.00518,130.66818,1,241.9,1,34.126,1,2.787,1,241.9,1,2.787,1,34.1262,1
5905614,2025-09-30T16:07:51Z,1,-57.00518,130.66818,1,244.0,1,34.128,1,2.792,1,244.0,1,2.792,1,34.1282,1
5905614,2025-09-30T16:07:51Z,1,-57.00518,130.66818,1,245.9,1,34.13,1,2.785,1,245.9,1,2.785,1,34.1302,1
5905614,2025-09-30T16:07:51Z,1,-57.00518,130.66818,1,247.9,1,34.132,1,2.78,1,247.9,1,2.78,1,34.1322,1
5905614,2025-09-30T16:07:51Z,1,-57.00518,130.66818,1,249.7,1,34.132,1,2.768,1,249.7,1,2.768,1,34.1322,1
5905614,2025-09-30T16:07:51Z,1,-57.00518,130.66818,1,251.9,1,34.135,1,2.763,1,251.9,1,2.763,1,34.1352,1
5905614,2025-09-30T16:07:51Z,1,-57.00518,130.66818,1,253.9,1,34.137,1,2.755,1,253.9,1,2.755,1,34.1372,1
5905614,2025-09-30T16:07:51Z,1,-57.00518,130.66818,1,256.0,1,34.14,1,2.745,1,256.0,1,2.745,1,34.1402,1
5905614,2025-09-30T16:07:51Z,1,-57.00518,130.66818,1,258.1,1,34.143,1,2.742,1,258.1,1,2.742,1,34.1432,1
5905614,2025-09-30T16:07:51Z,1,-57.00518,130.66818,1,260.0,1,34.144,1,2.743,1,260.0,1,2.743,1,34.1442,1
5905614,2025-09-30T16:07:51Z,1,-57.00518,130.66818,1,261.9,1,34.147,1,2.746,1,261.9,1,2.746,1,34.1472,1
5905614,2025-09-30T16:07:51Z,1,-57.00518,130.66818,1,264.0,1,34.149,1,2.75,1,264.0,1,2.75,1,34.1492,1
5905614,2025-09-30T16:07:51Z,1,-57.00518,130.66818,1,266.0,1,34.153,1,2.757,1,266.0,1,2.757,1,34.1532,1
5905614,2025-09-30T16:07:51Z,1,-57.00518,130.66818,1,267.9,1,34.156,1,2.758,1,267.9,1,2.758,1,34.1562,1
5905614,2025-09-30T16:07:51Z,1,-57.00518,130.66818,1,269.9,1,34.157,1,2.75,1,269.9,1,2.75,1,34.1572,1
5905614,2025-09-30T16:07:51Z,1,-57.00518,130.66818,1,271.9,1,34.156,1,2.706,1,271.9,1,2.706,1,34.1562,1
5905614,2025-09-30T16:07:51Z,1,-57.00518,130.66818,1,273.9,1,34.153,1,2.668,1,273.9,1,2.668,1,34.1532,1
5905614,2025-09-30T16:07:51Z,1,-57.00518,130.66818,1,275.9,1,34.151,1,2.618,1,275.9,1,2.618,1,34.1512,1
5905614,2025-09-30T16:07:51Z,1,-57.00518,130.66818,1,277.9,1,34.146,1,2.574,1,277.9,1,2.574,1,34.1462,1
5905614,2025-09-30T16:07:51Z,1,-57.00518,130.66818,1,279.9,1,34.149,1,2.602,1,279.9,1,2.602,1,34.1492,1
5905614,2025-09-30T16:07:51Z,1,-57.00518,130.66818,1,281.9,1,34.156,1,2.622,1,281.9,1,2.622,1,34.1562,1
5905614,2025-09-30T16:07:51Z,1,-57.00518,130.66818,1,284.0,1,34.161,1,2.649,1,284.0,1,2.649,1,34.1612,1
5905614,2025-09-30T16:07:51Z,1,-57.00518,130.66818,1,286.0,1,34.161,1,2.63,1,286.0,1,2.63,1,34.1612,1
5905614,2025-09-30T16:07:51Z,1,-57.00518,130.66818,1,288.0,1,34.159,1,2.591,1,288.0,1,2.591,1,34.1592,1
5905614,2025-09-30T16:07:51Z,1,-57.00518,130.66818,1,289.9,1,34.158,1,2.551,1,289.9,1,2.551,1,34.1582,1
5905614,2025-09-30T16:07:51Z,1,-57.00518,130.66818,1,291.8,1,34.156,1,2.526,1,291.8,1,2.526,1,34.1562,1
5905614,2025-09-30T16:07:51Z,1,-57.00518,130.66818,1,293.9,1,34.154,1,2.515,1,293.9,1,2.515,1,34.1542,1
5905614,2025-09-30T16:07:51Z,1,-57.00518,130.66818,1,296.0,1,34.155,1,2.492,1,296.0,1,2.492,1,34.1552,1
5905614,2025-09-30T16:07:51Z,1,-57.00518,130.66818,1,298.0,1,34.157,1,2.468,1,298.0,1,2.468,1,34.1572,1
5905614,2025-09-30T16:07:51Z,1,-57.00518,130.66818,1,299.9,1,34.161,1,2.466,1,299.9,1,2.466,1,34.1612,1
5905614,2025-09-30T16:07:51Z,1,-57.00518,130.66818,1,302.0,1,34.173,1,2.514,1,302.0,1,2.514,1,34.1732,1
5905614,2025-09-30T16:07:51Z,1,-57.00518,130.66818,1,304.0,1,34.177,1,2.557,1,304.0,1,2.557,1,34.1772,1
5905614,2025-09-30T16:07:51Z,1,-57.00518,130.66818,1,306.0,1,34.181,1,2.584,1,306.0,1,2.584,1,34.1812,1
5905614,2025-09-30T16:07:51Z,1,-57.00518,130.66818,1,308.0,1,34.186,1,2.599,1,308.0,1,2.599,1,34.1862,1
5905614,2025-09-30T16:07:51Z,1,-57.00518,130.66818,1,310.0,1,34.193,1,2.607,1,310.0,1,2.607,1,34.1933,1
5905614,2025-09-30T16:07:51Z,1,-57.00518,130.66818,1,311.9,1,34.196,1,2.604,1,311.9,1,2.604,1,34.1963,1
5905614,2025-09-30T16:07:51Z,1,-57.00518,130.66818,1,314.0,1,34.198,1,2.602,1,314.0,1,2.602,1,34.1983,1
5905614,2025-09-30T16:07:51Z,1,-57.00518,130.66818,1,316.0,1,34.199,1,2.592,1,316.0,1,2.592,1,34.1993,1
5905614,2025-09-30T16:07:51Z,1,-57.00518,130.66818,1,318.1,1,34.204,1,2.6,1,318.1,1,2.6,1,34.2043,1
5905614,2025-09-30T16:07:51Z,1,-57.00518,130.66818,1,320.1,1,34.217,1,2.649,1,320.1,1,2.649,1,34.2173,1
5905614,2025-09-30T16:07:51Z,1,-57.00518,130.66818,1,321.9,1,34.221,1,2.669,1,321.9,1,2.669,1,34.2213,1
5905614,2025-09-30T16:07:51Z,1,-57.00518,130.66818,1,323.8,1,34.225,1,2.683,1,323.8,1,2.683,1,34.2253,1
5905614,2025-09-30T16:07:51Z,1,-57.00518,130.66818,1,325.9,1,34.232,1,2.698,1,325.9,1,2.698,1,34.2323,1
5905614,2025-09-30T16:07:51Z,1,-57.00518,130.66818,1,327.9,1,34.234,1,2.703,1,327.9,1,2.703,1,34.2343,1
5905614,2025-09-30T16:07:51Z,1,-57.00518,130.66818,1,330.0,1,34.234,1,2.705,1,330.0,1,2.705,1,34.2343,1
5905614,2025-09-30T16:07:51Z,1,-57.00518,130.66818,1,332.0,1,34.236,1,2.707,1,332.0,1,2.707,1,34.2363,1
5905614,2025-09-30T16:07:51Z,1,-57.00518,130.66818,1,334.0,1,34.241,1,2.71,1,334.0,1,2.71,1,34.2413,1
5905614,2025-09-30T16:07:51Z,1,-57.00518,130.66818,1,336.1,1,34.248,1,2.724,1,336.1,1,2.724,1,34.2483,1
5905614,2025-09-30T16:07:51Z,1,-57.00518,130.66818,1,338.1,1,34.252,1,2.736,1,338.1,1,2.736,1,34.2523,1
5905614,2025-09-30T16:07:51Z,1,-57.00518,130.66818,1,340.0,1,34.255,1,2.743,1,340.0,1,2.743,1,34.2553,1
5905614,2025-09-30T16:07:51Z,1,-57.00518,130.66818,1,341.8,1,34.257,1,2.744,1,341.8,1,2.744,1,34.2573,1
5905614,2025-09-30T16:07:51Z,1,-57.00518,130.66818,1,343.9,1,34.257,1,2.747,1,343.9,1,2.747,1,34.2573,1
5905614,2025-09-30T16:07:51Z,1,-57.00518,130.66818,1,346.0,1,34.258,1,2.748,1,346.0,1,2.748,1,34.2583,1
5905614,2025-09-30T16:07:51Z,1,-57.00518,130.66818,1,348.1,1,34.258,1,2.745,1,348.1,1,2.745,1,34.2583,1
5905614,2025-09-30T16:07:51Z,1,-57.00518,130.66818,1,350.0,1,34.258,1,2.733,1,350.0,1,2.733,1,34.2583,1
5905614,2025-09-30T16:07:51Z,1,-57.00518,130.66818,1,351.9,1,34.258,1,2.727,1,351.9,1,2.727,1,34.2583,1
5905614,2025-09-30T16:07:51Z,1,-57.00518,130.66818,1,354.1,1,34.264,1,2.745,1,354.1,1,2.745,1,34.2643,1
5905614,2025-09-30T16:07:51Z,1,-57.00518,130.66818,1,356.0,1,34.266,1,2.752,1,356.0,1,2.752,1,34.2663,1
5905614,2025-09-30T16:07:51Z,1,-57.00518,130.66818,1,358.0,1,34.269,1,2.758,1,358.0,1,2.758,1,34.2693,1
5905614,2025-09-30T16:07:51Z,1,-57.00518,130.66818,1,360.0,1,34.269,1,2.755,1,360.0,1,2.755,1,34.2693,1
5905614,2025-09-30T16:07:51Z,1,-57.00518,130.66818,1,362.0,1,34.27,1,2.747,1,362.0,1,2.747,1,34.2703,1
5905614,2025-09-30T16:07:51Z,1,-57.00518,130.66818,1,364.0,1,34.273,1,2.748,1,364.0,1,2.748,1,34.2733,1
5905614,2025-09-30T16:07:51Z,1,-57.00518,130.66818,1,365.9,1,34.274,1,2.743,1,365.9,1,2.743,1,34.2743,1
5905614,2025-09-30T16:07:51Z,1,-57.00518,130.66818,1,367.9,1,34.276,1,2.744,1,367.9,1,2.744,1,34.2763,1
5905614,2025-09-30T16:07:51Z,1,-57.00518,130.66818,1,370.0,1,34.276,1,2.733,1,370.0,1,2.733,1,34.2763,1
5905614,2025-09-30T16:07:51Z,1,-57.00518,130.66818,1,372.0,1,34.276,1,2.714,1,372.0,1,2.714,1,34.2763,1
5905614,2025-09-30T16:07:51Z,1,-57.00518,130.66818,1,373.9,1,34.278,1,2.702,1,373.9,1,2.702,1,34.2783,1
5905614,2025-09-30T16:07:51Z,1,-57.00518,130.66818,1,375.9,1,34.279,1,2.698,1,375.9,1,2.698,1,34.2793,1
5905614,2025-09-30T16:07:51Z,1,-57.00518,130.66818,1,377.8,1,34.281,1,2.696,1,377.8,1,2.696,1,34.2813,1
5905614,2025-09-30T16:07:51Z,1,-57.00518,130.66818,1,380.0,1,34.282,1,2.694,1,380.0,1,2.694,1,34.2823,1
5905614,2025-09-30T16:07:51Z,1,-57.00518,130.66818,1,382.0,1,34.283,1,2.693,1,382.0,1,2.693,1,34.2833,1
5905614,2025-09-30T16:07:51Z,1,-57.00518,130.66818,1,384.0,1,34.284,1,2.695,1,384.0,1,2.695,1,34.2843,1
5905614,2025-09-30T16:07:51Z,1,-57.00518,130.66818,1,386.0,1,34.286,1,2.699,1,386.0,1,2.699,1,34.2863,1
5905614,2025-09-30T16:07:51Z,1,-57.00518,130.66818,1,388.0,1,34.289,1,2.698,1,388.0,1,2.698,1,34.2893,1
5905614,2025-09-30T16:07:51Z,1,-57.00518,130.66818,1,390.1,1,34.293,1,2.709,1,390.1,1,2.709,1,34.2933,1
5905614,2025-09-30T16:07:51Z,1,-57.00518,130.66818,1,391.9,1,34.294,1,2.714,1,391.9,1,2.714,1,34.2943,1
5905614,2025-09-30T16:07:51Z,1,-57.00518,130.66818,1,394.0,1,34.295,1,2.72,1,394.0,1,2.72,1,34.2953,1
5905614,2025-09-30T16:07:51Z,1,-57.00518,130.66818,1,396.0,1,34.298,1,2.725,1,396.0,1,2.725,1,34.2983,1
5905614,2025-09-30T16:07:51Z,1,-57.00518,130.66818,1,397.9,1,34.299,1,2.728,1,397.9,1,2.728,1,34.2993,1
5905614,2025-09-30T16:07:51Z,1,-57.00518,130.66818,1,400.0,1,34.299,1,2.727,1,400.0,1,2.727,1,34.2993,1
5905614,2025-09-30T16:07:51Z,1,-57.00518,130.66818,1,402.0,1,34.3,1,2.726,1,402.0,1,2.726,1,34.3003,1
5905614,2025-09-30T16:07:51Z,1,-57.00518,130.66818,1,404.1,1,34.301,1,2.722,1,404.1,1,2.722,1,34.3013,1
5905614,2025-09-30T16:07:51Z,1,-57.00518,130.66818,1,406.1,1,34.302,1,2.715,1,406.1,1,2.715,1,34.3023,1
5905614,2025-09-30T16:07:51Z,1,-57.00518,130.66818,1,407.9,1,34.304,1,2.709,1,407.9,1,2.709,1,34.3043,1
5905614,2025-09-30T16:07:51Z,1,-57.00518,130.66818,1,410.0,1,34.306,1,2.707,1,410.0,1,2.707,1,34.3063,1
5905614,2025-09-30T16:07:51Z,1,-57.00518,130.66818,1,412.0,1,34.307,1,2.709,1,412.0,1,2.709,1,34.3073,1
5905614,2025-09-30T16:07:51Z,1,-57.00518,130.66818,1,413.8,1,34.309,1,2.708,1,413.8,1,2.708,1,34.3093,1
5905614,2025-09-30T16:07:51Z,1,-57.00518,130.66818,1,415.9,1,34.311,1,2.707,1,415.9,1,2.707,1,34.3113,1
5905614,2025-09-30T16:07:51Z,1,-57.00518,130.66818,1,418.1,1,34.313,1,2.704,1,418.1,1,2.704,1,34.3133,1
5905614,2025-09-30T16:07:51Z,1,-57.00518,130.66818,1,420.0,1,34.315,1,2.697,1,420.0,1,2.697,1,34.3153,1
5905614,2025-09-30T16:07:51Z,1,-57.00518,130.66818,1,422.0,1,34.316,1,2.693,1,422.0,1,2.693,1,34.3163,1
5905614,2025-09-30T16:07:51Z,1,-57.00518,130.66818,1,423.9,1,34.318,1,2.691,1,423.9,1,2.691,1,34.3183,1
5905614,2025-09-30T16:07:51Z,1,-57.00518,130.66818,1,425.9,1,34.321,1,2.69,1,425.9,1,2.69,1,34.3213,1
5905614,2025-09-30T16:07:51Z,1,-57.00518,130.66818,1,427.9,1,34.322,1,2.691,1,427.9,1,2.691,1,34.3223,1
5905614,2025-09-30T16:07:51Z,1,-57.00518,130.66818,1,430.0,1,34.322,1,2.69,1,430.0,1,2.69,1,34.3223,1
5905614,2025-09-30T16:07:51Z,1,-57.00518,130.66818,1,431.9,1,34.323,1,2.687,1,431.9,1,2.687,1,34.3234,1
5905614,2025-09-30T16:07:51Z,1,-57.00518,130.66818,1,433.9,1,34.327,1,2.694,1,433.9,1,2.694,1,34.3274,1
5905614,2025-09-30T16:07:51Z,1,-57.00518,130.66818,1,435.9,1,34.33,1,2.699,1,435.9,1,2.699,1,34.3304,1
5905614,2025-09-30T16:07:51Z,1,-57.00518,130.66818,1,437.9,1,34.333,1,2.699,1,437.9,1,2.699,1,34.3334,1
5905614,2025-09-30T16:07:51Z,1,-57.00518,130.66818,1,439.9,1,34.335,1,2.698,1,439.9,1,2.698,1,34.3354,1
5905614,2025-09-30T16:07:51Z,1,-57.00518,130.66818,1,441.9,1,34.337,1,2.694,1,441.9,1,2.694,1,34.3374,1
5905614,2025-09-30T16:07:51Z,1,-57.00518,130.66818,1,444.0,1,34.339,1,2.691,1,444.0,1,2.691,1,34.3394,1
5905614,2025-09-30T16:07:51Z,1,-57.00518,130.66818,1,446.0,1,34.341,1,2.692,1,446.0,1,2.692,1,34.3414,1
5905614,2025-09-30T16:07:51Z,1,-57.00518,130.66818,1,448.1,1,34.342,1,2.691,1,448.1,1,2.691,1,34.3424,1
5905614,2025-09-30T16:07:51Z,1,-57.00518,130.66818,1,450.1,1,34.342,1,2.691,1,450.1,1,2.691,1,34.3424,1
5905614,2025-09-30T16:07:51Z,1,-57.00518,130.66818,1,452.0,1,34.343,1,2.69,1,452.0,1,2.69,1,34.3434,1
5905614,2025-09-30T16:07:51Z,1,-57.00518,130.66818,1,453.8,1,34.344,1,2.689,1,453.8,1,2.689,1,34.3444,1
5905614,2025-09-30T16:07:51Z,1,-57.00518,130.66818,1,455.9,1,34.346,1,2.688,1,455.9,1,2.688,1,34.3464,1
5905614,2025-09-30T16:07:51Z,1,-57.00518,130.66818,1,458.0,1,34.347,1,2.688,1,458.0,1,2.688,1,34.3474,1
5905614,2025-09-30T16:07:51Z,1,-57.00518,130.66818,1,460.0,1,34.348,1,2.69,1,460.0,1,2.69,1,34.3484,1
5905614,2025-09-30T16:07:51Z,1,-57.00518,130.66818,1,462.0,1,34.35,1,2.692,1,462.0,1,2.692,1,34.3504,1
5905614,2025-09-30T16:07:51Z,1,-57.00518,130.66818,1,464.1,1,34.351,1,2.696,1,464.1,1,2.696,1,34.3514,1
5905614,2025-09-30T16:07:51Z,1,-57.00518,130.66818,1,466.2,1,34.352,1,2.7,1,466.2,1,2.7,1,34.3524,1
5905614,2025-09-30T16:07:51Z,1,-57.00518,130.66818,1,468.0,1,34.354,1,2.702,1,468.0,1,2.702,1,34.3544,1
5905614,2025-09-30T16:07:51Z,1,-57.00518,130.66818,1,469.8,1,34.355,1,2.702,1,469.8,1,2.702,1,34.3554,1
5905614,2025-09-30T16:07:51Z,1,-57.00518,130.66818,1,471.9,1,34.356,1,2.701,1,471.9,1,2.701,1,34.3564,1
5905614,2025-09-30T16:07:51Z,1,-57.00518,130.66818,1,473.9,1,34.358,1,2.699,1,473.9,1,2.699,1,34.3584,1
5905614,2025-09-30T16:07:51Z,1,-57.00518,130.66818,1,475.9,1,34.359,1,2.696,1,475.9,1,2.696,1,34.3594,1
5905614,2025-09-30T16:07:51Z,1,-57.00518,130.66818,1,477.9,1,34.361,1,2.691,1,477.9,1,2.691,1,34.3614,1
5905614,2025-09-30T16:07:51Z,1,-57.00518,130.66818,1,479.9,1,34.362,1,2.685,1,479.9,1,2.685,1,34.3624,1
5905614,2025-09-30T16:07:51Z,1,-57.00518,130.66818,1,481.9,1,34.363,1,2.68,1,481.9,1,2.68,1,34.3634,1
5905614,2025-09-30T16:07:51Z,1,-57.00518,130.66818,1,483.9,1,34.364,1,2.678,1,483.9,1,2.678,1,34.3644,1
5905614,2025-09-30T16:07:51Z,1,-57.00518,130.66818,1,485.9,1,34.367,1,2.675,1,485.9,1,2.675,1,34.3674,1
5905614,2025-09-30T16:07:51Z,1,-57.00518,130.66818,1,488.0,1,34.369,1,2.675,1,488.0,1,2.675,1,34.3694,1
5905614,2025-09-30T16:07:51Z,1,-57.00518,130.66818,1,490.0,1,34.37,1,2.675,1,490.0,1,2.675,1,34.3704,1
5905614,2025-09-30T16:07:51Z,1,-57.00518,130.66818,1,492.0,1,34.371,1,2.675,1,492.0,1,2.675,1,34.3714,1
5905614,2025-09-30T16:07:51Z,1,-57.00518,130.66818,1,494.1,1,34.373,1,2.677,1,494.1,1,2.677,1,34.3734,1
5905614,2025-09-30T16:07:51Z,1,-57.00518,130.66818,1,496.1,1,34.375,1,2.677,1,496.1,1,2.677,1,34.3754,1
5905614,2025-09-30T16:07:51Z,1,-57.00518,130.66818,1,498.0,1,34.377,1,2.676,1,498.0,1,2.676,1,34.3774,1
5905614,2025-09-30T16:07:51Z,1,-57.00518,130.66818,1,499.7,1,34.377,1,2.676,1,499.7,1,2.676,1,34.3774,1
5905614,2025-09-30T16:07:51Z,1,-57.00518,130.66818,1,507.2,1,34.383,1,2.67,1,507.2,1,2.67,1,34.3834,1
5905614,2025-09-30T16:07:51Z,1,-57.00518,130.66818,1,513.2,1,34.386,1,2.665,1,513.2,1,2.665,1,34.3864,1
5905614,2025-09-30T16:07:51Z,1,-57.00518,130.66818,1,519.2,1,34.387,1,2.654,1,519.2,1,2.654,1,34.3874,1
5905614,2025-09-30T16:07:51Z,1,-57.00518,130.66818,1,525.7,1,34.392,1,2.656,1,525.7,1,2.656,1,34.3924,1
5905614,2025-09-30T16:07:51Z,1,-57.00518,130.66818,1,532.2,1,34.4,1,2.652,1,532.2,1,2.652,1,34.4004,1
5905614,2025-09-30T16:07:51Z,1,-57.00518,130.66818,1,538.6,1,34.405,1,2.618,1,538.6,1,2.618,1,34.4054,1
5905614,2025-09-30T16:07:51Z,1,-57.00518,130.66818,1,545.1,1,34.411,1,2.603,1,545.1,1,2.603,1,34.4114,1
5905614,2025-09-30T16:07:51Z,1,-57.00518,130.66818,1,551.6,1,34.417,1,2.6,1,551.6,1,2.6,1,34.4174,1
5905614,2025-09-30T16:07:51Z,1,-57.00518,130.66818,1,558.0,1,34.424,1,2.595,1,558.0,1,2.595,1,34.4245,1
5905614,2025-09-30T16:07:51Z,1,-57.00518,130.66818,1,564.2,1,34.427,1,2.589,1,564.2,1,2.589,1,34.4275,1
5905614,2025-09-30T16:07:51Z,1,-57.00518,130.66818,1,570.2,1,34.43,1,2.586,1,570.2,1,2.586,1,34.4305,1
5905614,2025-09-30T16:07:51Z,1,-57.00518,130.66818,1,576.2,1,34.434,1,2.586,1,576.2,1,2.586,1,34.4345,1
5905614,2025-09-30T16:07:51Z,1,-57.00518,130.66818,1,582.1,1,34.435,1,2.583,1,582.1,1,2.583,1,34.4355,1
5905614,2025-09-30T16:07:51Z,1,-57.00518,130.66818,1,587.8,1,34.441,1,2.582,1,587.8,1,2.582,1,34.4415,1
5905614,2025-09-30T16:07:51Z,1,-57.00518,130.66818,1,593.3,1,34.444,1,2.575,1,593.3,1,2.575,1,34.4445,1
5905614,2025-09-30T16:07:51Z,1,-57.00518,130.66818,1,598.7,1,34.45,1,2.571,1,598.7,1,2.571,1,34.4505,1
5905614,2025-09-30T16:07:51Z,1,-57.00518,130.66818,1,604.0,1,34.453,1,2.562,1,604.0,1,2.562,1,34.4535,1
5905614,2025-09-30T16:07:51Z,1,-57.00518,130.66818,1,609.0,1,34.456,1,2.554,1,609.0,1,2.554,1,34.4565,1
5905614,2025-09-30T16:07:51Z,1,-57.00518,130.66818,1,614.0,1,34.46,1,2.542,1,614.0,1,2.542,1,34.4605,1
5905614,2025-09-30T16:07:51Z,1,-57.00518,130.66818,1,618.8,1,34.465,1,2.537,1,618.8,1,2.537,1,34.4655,1
5905614,2025-09-30T16:07:51Z,1,-57.00518,130.66818,1,623.6,1,34.468,1,2.534,1,623.6,1,2.534,1,34.4685,1
5905614,2025-09-30T16:07:51Z,1,-57.00518,130.66818,1,628.2,1,34.472,1,2.535,1,628.2,1,2.535,1,34.4725,1
5905614,2025-09-30T16:07:51Z,1,-57.00518,130.66818,1,632.9,1,34.478,1,2.548,1,632.9,1,2.548,1,34.4785,1
5905614,2025-09-30T16:07:51Z,1,-57.00518,130.66818,1,637.5,1,34.487,1,2.563,1,637.5,1,2.563,1,34.4875,1
5905614,2025-09-30T16:07:51Z,1,-57.00518,130.66818,1,642.2,1,34.493,1,2.564,1,642.2,1,2.564,1,34.4935,1
5905614,2025-09-30T16:07:51Z,1,-57.00518,130.66818,1,646.8,1,34.499,1,2.565,1,646.8,1,2.565,1,34.4995,1
5905614,2025-09-30T16:07:51Z,1,-57.00518,130.66818,1,651.3,1,34.502,1,2.56,1,651.3,1,2.56,1,34.5025,1
5905614,2025-09-30T16:07:51Z,1,-57.00518,130.66818,1,656.0,1,34.508,1,2.553,1,656.0,1,2.553,1,34.5085,1
5905614,2025-09-30T16:07:51Z,1,-57.00518,130.66818,1,660.6,1,34.511,1,2.549,1,660.6,1,2.549,1,34.5115,1
5905614,2025-09-30T16:07:51Z,1,-57.00518,130.66818,1,665.3,1,34.512,1,2.546,1,665.3,1,2.546,1,34.5125,1
5905614,2025-09-30T16:07:51Z,1,-57.00518,130.66818,1,670.1,1,34.515,1,2.539,1,670.1,1,2.539,1,34.5155,1
5905614,2025-09-30T16:07:51Z,1,-57.00518,130.66818,1,675.3,1,34.516,1,2.536,1,675.3,1,2.536,1,34.5166,1
5905614,2025-09-30T16:07:51Z,1,-57.00518,130.66818,1,680.6,1,34.516,1,2.522,1,680.6,1,2.522,1,34.5166,1
5905614,2025-09-30T16:07:51Z,1,-57.00518,130.66818,1,686.0,1,34.521,1,2.501,1,686.0,1,2.501,1,34.5216,1
5905614,2025-09-30T16:07:51Z,1,-57.00518,130.66818,1,691.7,1,34.527,1,2.501,1,691.7,1,2.501,1,34.5276,1
5905614,2025-09-30T16:07:51Z,1,-57.00518,130.66818,1,697.3,1,34.531,1,2.497,1,697.3,1,2.497,1,34.5316,1
5905614,2025-09-30T16:07:51Z,1,-57.00518,130.66818,1,703.2,1,34.537,1,2.51,1,703.2,1,2.51,1,34.5376,1
5905614,2025-09-30T16:07:51Z,1,-57.00518,130.66818,1,709.2,1,34.539,1,2.505,1,709.2,1,2.505,1,34.5396,1
5905614,2025-09-30T16:07:51Z,1,-57.00518,130.66818,1,715.6,1,34.54,1,2.486,1,715.6,1,2.486,1,34.5406,1
5905614,2025-09-30T16:07:51Z,1,-57.00518,130.66818,1,721.9,1,34.543,1,2.469,1,721.9,1,2.469,1,34.5436,1
5905614,2025-09-30T16:07:51Z,1,-57.00518,130.66818,1,728.3,1,34.544,1,2.459,1,728.3,1,2.459,1,34.5446,1
5905614,2025-09-30T16:07:51Z,1,-57.00518,130.66818,1,734.8,1,34.548,1,2.463,1,734.8,1,2.463,1,34.5486,1
5905614,2025-09-30T16:07:51Z,1,-57.00518,130.66818,1,741.7,1,34.553,1,2.459,1,741.7,1,2.459,1,34.5536,1
5905614,2025-09-30T16:07:51Z,1,-57.00518,130.66818,1,748.3,1,34.556,1,2.461,1,748.3,1,2.461,1,34.5566,1
5905614,2025-09-30T16:07:51Z,1,-57.00518,130.66818,1,754.9,1,34.562,1,2.474,1,754.9,1,2.474,1,34.5626,1
5905614,2025-09-30T16:07:51Z,1,-57.00518,130.66818,1,761.5,1,34.566,1,2.475,1,761.5,1,2.475,1,34.5666,1
5905614,2025-09-30T16:07:51Z,1,-57.00518,130.66818,1,768.2,1,34.572,1,2.473,1,768.2,1,2.473,1,34.5726,1
5905614,2025-09-30T16:07:51Z,1,-57.00518,130.66818,1,774.8,1,34.571,1,2.472,1,774.8,1,2.472,1,34.5716,1
5905614,2025-09-30T16:07:51Z,1,-57.00518,130.66818,1,781.3,1,34.575,1,2.474,1,781.3,1,2.474,1,34.5756,1
5905614,2025-09-30T16:07:51Z,1,-57.00518,130.66818,1,787.7,1,34.576,1,2.475,1,787.7,1,2.475,1,34.5766,1
5905614,2025-09-30T16:07:51Z,1,-57.00518,130.66818,1,794.3,1,34.579,1,2.475,1,794.3,1,2.475,1,34.5796,1
5905614,2025-09-30T16:07:51Z,1,-57.00518,130.66818,1,800.5,1,34.581,1,2.475,1,800.5,1,2.475,1,34.5817,1
5905614,2025-09-30T16:07:51Z,1,-57.00518,130.66818,1,806.8,1,34.584,1,2.473,1,806.8,1,2.473,1,34.5847,1
5905614,2025-09-30T16:07:51Z,1,-57.00518,130.66818,1,813.1,1,34.585,1,2.472,1,813.1,1,2.472,1,34.5857,1
5905614,2025-09-30T16:07:51Z,1,-57.00518,130.66818,1,819.2,1,34.587,1,2.472,1,819.2,1,2.472,1,34.5877,1
5905614,2025-09-30T16:07:51Z,1,-57.00518,130.66818,1,825.0,1,34.588,1,2.472,1,825.0,1,2.472,1,34.5887,1
5905614,2025-09-30T16:07:51Z,1,-57.00518,130.66818,1,830.7,1,34.59,1,2.474,1,830.7,1,2.474,1,34.5907,1
5905614,2025-09-30T16:07:51Z,1,-57.00518,130.66818,1,836.2,1,34.591,1,2.469,1,836.2,1,2.469,1,34.5917,1
5905614,2025-09-30T16:07:51Z,1,-57.00518,130.66818,1,841.9,1,34.594,1,2.464,1,841.9,1,2.464,1,34.5947,1
5905614,2025-09-30T16:07:51Z,1,-57.00518,130.66818,1,847.0,1,34.597,1,2.46,1,847.0,1,2.46,1,34.5977,1
5905614,2025-09-30T16:07:51Z,1,-57.00518,130.66818,1,852.2,1,34.6,1,2.458,1,852.2,1,2.458,1,34.6007,1
5905614,2025-09-30T16:07:51Z,1,-57.00518,130.66818,1,857.3,1,34.602,1,2.456,1,857.3,1,2.456,1,34.6027,1
5905614,2025-09-30T16:07:51Z,1,-57.00518,130.66818,1,862.6,1,34.606,1,2.455,1,862.6,1,2.455,1,34.6067,1
5905614,2025-09-30T16:07:51Z,1,-57.00518,130.66818,1,867.3,1,34.607,1,2.454,1,867.3,1,2.454,1,34.6077,1
5905614,2025-09-30T16:07:51Z,1,-57.00518,130.66818,1,872.2,1,34.607,1,2.452,1,872.2,1,2.452,1,34.6077,1
5905614,2025-09-30T16:07:51Z,1,-57.00518,130.66818,1,876.9,1,34.613,1,2.457,1,876.9,1,2.457,1,34.6137,1
5905614,2025-09-30T16:07:51Z,1,-57.00518,130.66818,1,881.5,1,34.614,1,2.454,1,881.5,1,2.454,1,34.6147,1
5905614,2025-09-30T16:07:51Z,1,-57.00518,130.66818,1,885.8,1,34.619,1,2.45,1,885.8,1,2.45,1,34.6197,1
5905614,2025-09-30T16:07:51Z,1,-57.00518,130.66818,1,890.2,1,34.621,1,2.448,1,890.2,1,2.448,1,34.6217,1
5905614,2025-09-30T16:07:51Z,1,-57.00518,130.66818,1,894.5,1,34.624,1,2.443,1,894.5,1,2.443,1,34.6247,1
5905614,2025-09-30T16:07:51Z,1,-57.00518,130.66818,1,898.8,1,34.624,1,2.44,1,898.8,1,2.44,1,34.6247,1
5905614,2025-09-30T16:07:51Z,1,-57.00518,130.66818,1,903.0,1,34.626,1,2.436,1,903.0,1,2.436,1,34.6267,1
5905614,2025-09-30T16:07:51Z,1,-57.00518,130.66818,1,907.3,1,34.628,1,2.432,1,907.3,1,2.432,1,34.6287,1
5905614,2025-09-30T16:07:51Z,1,-57.00518,130.66818,1,911.4,1,34.629,1,2.426,1,911.4,1,2.426,1,34.6297,1
5905614,2025-09-30T16:07:51Z,1,-57.00518,130.66818,1,915.5,1,34.632,1,2.417,1,915.5,1,2.417,1,34.6327,1
5905614,2025-09-30T16:07:51Z,1,-57.00518,130.66818,1,919.5,1,34.633,1,2.422,1,919.5,1,2.422,1,34.6338,1
5905614,2025-09-30T16:07:51Z,1,-57.00518,130.66818,1,923.6,1,34.635,1,2.42,1,923.6,1,2.42,1,34.6358,1
5905614,2025-09-30T16:07:51Z,1,-57.00518,130.66818,1,927.7,1,34.638,1,2.412,1,927.7,1,2.412,1,34.6388,1
5905614,2025-09-30T16:07:51Z,1,-57.00518,130.66818,1,931.7,1,34.642,1,2.404,1,931.7,1,2.404,1,34.6428,1
5905614,2025-09-30T16:07:51Z,1,-57.00518,130.66818,1,935.7,1,34.641,1,2.393,1,935.7,1,2.393,1,34.6418,1
5905614,2025-09-30T16:07:51Z,1,-57.00518,130.66818,1,939.8,1,34.642,1,2.382,1,939.8,1,2.382,1,34.6428,1
5905614,2025-09-30T16:07:51Z,1,-57.00518,130.66818,1,944.0,1,34.645,1,2.378,1,944.0,1,2.378,1,34.6458,1
5905614,2025-09-30T16:07:51Z,1,-57.00518,130.66818,1,948.3,1,34.647,1,2.388,1,948.3,1,2.388,1,34.6478,1
5905614,2025-09-30T16:07:51Z,1,-57.00518,130.66818,1,952.6,1,34.648,1,2.39,1,952.6,1,2.39,1,34.6488,1
5905614,2025-09-30T16:07:51Z,1,-57.00518,130.66818,1,956.9,1,34.65,1,2.38,1,956.9,1,2.38,1,34.6508,1
5905614,2025-09-30T16:07:51Z,1,-57.00518,130.66818,1,961.3,1,34.651,1,2.375,1,961.3,1,2.375,1,34.6518,1
5905614,2025-09-30T16:07:51Z,1,-57.00518,130.66818,1,965.6,1,34.652,1,2.371,1,965.6,1,2.371,1,34.6528,1
5905614,2025-09-30T16:07:51Z,1,-57.00518,130.66818,1,970.1,1,34.653,1,2.369,1,970.1,1,2.369,1,34.6538,1
5905614,2025-09-30T16:07:51Z,1,-57.00518,130.66818,1,974.5,1,34.655,1,2.367,1,974.5,1,2.367,1,34.6558,1
5905614,2025-09-30T16:07:51Z,1,-57.00518,130.66818,1,978.9,1,34.655,1,2.367,1,978.9,1,2.367,1,34.6558,1
5905614,2025-09-30T16:07:51Z,1,-57.00518,130.66818,1,983.3,1,34.658,1,2.363,1,983.3,1,2.363,1,34.6588,1
5905614,2025-09-30T16:07:51Z,1,-57.00518,130.66818,1,987.9,1,34.661,1,2.36,1,987.9,1,2.36,1,34.6618,1
5905614,2025-09-30T16:07:51Z,1,-57.00518,130.66818,1,992.4,1,34.663,1,2.359,1,992.4,1,2.359,1,34.6638,1
5905614,2025-09-30T16:07:51Z,1,-57.00518,130.66818,1,996.8,1,34.664,1,2.362,1,996.8,1,2.362,1,34.6648,1
5905614,2025-09-30T16:07:51Z,1,-57.00518,130.66818,1,1001.2,1,34.664,1,2.359,1,1001.2,1,2.359,1,34.6648,1
5905614,2025-09-30T16:07:51Z,1,-57.00518,130.66818,1,1005.1,1,34.664,1,2.357,1,1005.1,1,2.357,1,34.6648,1
5905614,2025-09-30T16:07:51Z,1,-57.00518,130.66818,1,1008.4,1,34.665,1,2.356,1,1008.4,1,2.356,1,34.6658,1
5905614,2025-10-01T02:26:54Z,1,-57.04038,130.68885,1,0.0,1,33.847,1,2.399,1,0.0,1,2.399,1,33.847,1
5905614,2025-10-01T02:26:54Z,1,-57.04038,130.68885,1,0.8,1,33.847,1,2.402,1,0.8,1,2.402,1,33.847,1
5905614,2025-10-01T02:26:54Z,1,-57.04038,130.68885,1,1.9,1,33.847,1,2.4,1,1.9,1,2.4,1,33.847,1
5905614,2025-10-01T02:26:54Z,1,-57.04038,130.68885,1,2.1,1,33.847,1,2.399,1,2.1,1,2.399,1,33.847,1
5905614,2025-10-01T02:26:54Z,1,-57.04038,130.68885,1,2.3,1,33.848,1,2.399,1,2.3,1,2.399,1,33.848,1
5905614,2025-10-01T02:26:54Z,1,-57.04038,130.68885,1,2.5,1,33.845,1,2.4,1,2.5,1,2.4,1,33.845,1
5905614,2025-10-01T02:26:54Z,1,-57.04038,130.68885,1,2.6,1,33.848,1,2.398,1,2.6,1,2.398,1,33.848,1
5905614,2025-10-01T02:26:54Z,1,-57.04038,130.68885,1,2.9,1,33.847,1,2.399,1,2.9,1,2.399,1,33.847,1
5905614,2025-10-01T02:26:54Z,1,-57.04038,130.68885,1,3.0,1,33.847,1,2.398,1,3.0,1,2.398,1,33.847,1
5905614,2025-10-01T02:26:54Z,1,-57.04038,130.68885,1,3.3,1,33.847,1,2.399,1,3.3,1,2.399,1,33.847,1
5905614,2025-10-01T02:26:54Z,1,-57.04038,130.68885,1,3.5,1,33.847,1,2.399,1,3.5,1,2.399,1,33.847,1
5905614,2025-10-01T02:26:54Z,1,-57.04038,130.68885,1,3.7,1,33.848,1,2.397,1,3.7,1,2.397,1,33.848,1
5905614,2025-10-01T02:26:54Z,1,-57.04038,130.68885,1,3.9,1,33.847,1,2.398,1,3.9,1,2.398,1,33.847,1
5905614,2025-10-01T02:26:54Z,1,-57.04038,130.68885,1,4.1,1,33.847,1,2.397,1,4.1,1,2.397,1,33.847,1
5905614,2025-10-01T02:26:54Z,1,-57.04038,130.68885,1,4.3,1,33.847,1,2.398,1,4.3,1,2.398,1,33.847,1
5905614,2025-10-01T02:26:54Z,1,-57.04038,130.68885,1,4.6,1,33.847,1,2.397,1,4.6,1,2.397,1,33.847,1
5905614,2025-10-01T02:26:54Z,1,-57.04038,130.68885,1,4.9,1,33.847,1,2.396,1,4.9,1,2.396,1,33.847,1
5905614,2025-10-01T02:26:54Z,1,-57.04038,130.68885,1,5.2,1,33.847,1,2.396,1,5.2,1,2.396,1,33.847,1
5905614,2025-10-01T02:26:54Z,1,-57.04038,130.68885,1,5.6,1,33.848,1,2.396,1,5.6,1,2.396,1,33.848,1
5905614,2025-10-01T02:26:54Z,1,-57.04038,130.68885,1,5.9,1,33.848,1,2.395,1,5.9,1,2.395,1,33.848,1
5905614,2025-10-01T02:26:54Z,1,-57.04038,130.68885,1,6.0,1,33.848,1,2.396,1,6.0,1,2.396,1,33.848,1
5905614,2025-10-01T02:26:54Z,1,-57.04038,130.68885,1,6.1,1,33.848,1,2.395,1,6.1,1,2.395,1,33.848,1
5905614,2025-10-01T02:26:54Z,1,-57.04038,130.68885,1,6.4,1,33.848,1,2.396,1,6.4,1,2.396,1,33.848,1
5905614,2025-10-01T02:26:54Z,1,-57.04038,130.68885,1,6.6,1,33.848,1,2.395,1,6.6,1,2.395,1,33.848,1
5905614,2025-10-01T02:26:54Z,1,-57.04038,130.68885,1,6.9,1,33.848,1,2.395,1,6.9,1,2.395,1,33.848,1
5905614,2025-10-01T02:26:54Z,1,-57.04038,130.68885,1,7.1,1,33.848,1,2.394,1,7.1,1,2.394,1,33.848,1
5905614,2025-10-01T02:26:54Z,1,-57.04038,130.68885,1,7.5,1,33.847,1,2.395,1,7.5,1,2.395,1,33.847,1
5905614,2025-10-01T02:26:54Z,1,-57.04038,130.68885,1,7.8,1,33.847,1,2.395,1,7.8,1,2.395,1,33.847,1
5905614,2025-10-01T02:26:54Z,1,-57.04038,130.68885,1,8.0,1,33.848,1,2.395,1,8.0,1,2.395,1,33.848,1
5905614,2025-10-01T02:26:54Z,1,-57.04038,130.68885,1,8.1,1,33.848,1,2.395,1,8.1,1,2.395,1,33.848,1
5905614,2025-10-01T02:26:54Z,1,-57.04038,130.68885,1,8.4,1,33.848,1,2.395,1,8.4,1,2.395,1,33.848,1
5905614,2025-10-01T02:26:54Z,1,-57.04038,130.68885,1,8.6,1,33.848,1,2.395,1,8.6,1,2.395,1,33.848,1
5905614,2025-10-01T02:26:54Z,1,-57.04038,130.68885,1,8.9,1,33.848,1,2.396,1,8.9,1,2.396,1,33.848,1
5905614,2025-10-01T02:26:54Z,1,-57.04038,130.68885,1,9.1,1,33.848,1,2.396,1,9.1,1,2.396,1,33.848,1
5905614,2025-10-01T02:26:54Z,1,-57.04038,130.68885,1,9.5,1,33.848,1,2.397,1,9.5,1,2.397,1,33.848,1
5905614,2025-10-01T02:26:54Z,1,-57.04038,130.68885,1,9.9,1,33.847,1,2.397,1,9.9,1,2.397,1,33.847,1
5905614,2025-10-01T02:26:54Z,1,-57.04038,130.68885,1,10.2,1,33.848,1,2.397,1,10.2,1,2.397,1,33.848,1
5905614,2025-10-01T02:26:54Z,1,-57.04038,130.68885,1,10.5,1,33.848,1,2.397,1,10.5,1,2.397,1,33.848,1
5905614,2025-10-01T02:26:54Z,1,-57.04038,130.68885,1,10.9,1,33.848,1,2.396,1,10.9,1,2.396,1,33.848,1
5905614,2025-10-01T02:26:54Z,1,-57.04038,130.68885,1,11.0,1,33.848,1,2.397,1,11.0,1,2.397,1,33.848,1
5905614,2025-10-01T02:26:54Z,1,-57.04038,130.68885,1,11.5,1,33.847,1,2.396,1,11.5,1,2.396,1,33.847,1
5905614,2025-10-01T02:26:54Z,1,-57.04038,130.68885,1,11.7,1,33.847,1,2.396,1,11.7,1,2.396,1,33.847,1
5905614,2025-10-01T02:26:54Z,1,-57.04038,130.68885,1,11.9,1,33.847,1,2.396,1,11.9,1,2.396,1,33.847,1
5905614,2025-10-01T02:26:54Z,1,-57.04038,130.68885,1,12.1,1,33.847,1,2.396,1,12.1,1,2.396,1,33.847,1
5905614,2025-10-01T02:26:54Z,1,-57.04038,130.68885,1,12.5,1,33.847,1,2.395,1,12.5,1,2.395,1,33.847,1
5905614,2025-10-01T02:26:54Z,1,-57.04038,130.68885,1,12.8,1,33.847,1,2.393,1,12.8,1,2.393,1,33.847,1
5905614,2025-10-01T02:26:54Z,1,-57.04038,130.68885,1,13.1,1,33.848,1,2.39,1,13.1,1,2.39,1,33.848,1
5905614,2025-10-01T02:26:54Z,1,-57.04038,130.68885,1,13.6,1,33.849,1,2.392,1,13.6,1,2.392,1,33.849,1
5905614,2025-10-01T02:26:54Z,1,-57.04038,130.68885,1,13.9,1,33.848,1,2.391,1,13.9,1,2.391,1,33.848,1
5905614,2025-10-01T02:26:54Z,1,-57.04038,130.68885,1,14.1,1,33.848,1,2.393,1,14.1,1,2.393,1,33.848,1
5905614,2025-10-01T02:26:54Z,1,-57.04038,130.68885,1,14.6,1,33.848,1,2.389,1,14.6,1,2.389,1,33.848,1
5905614,2025-10-01T02:26:54Z,1,-57.04038,130.68885,1,15.0,1,33.848,1,2.388,1,15.0,1,2.388,1,33.848,1
5905614,2025-10-01T02:26:54Z,1,-57.04038,130.68885,1,15.4,1,33.848,1,2.387,1,15.4,1,2.387,1,33.848,1
5905614,2025-10-01T02:26:54Z,1,-57.04038,130.68885,1,15.7,1,33.848,1,2.386,1,15.7,1,2.386,1,33.848,1
5905614,2025-10-01T02:26:54Z,1,-57.04038,130.68885,1,15.9,1,33.848,1,2.386,1,15.9,1,2.386,1,33.848,1
5905614,2025-10-01T02:26:54Z,1,-57.04038,130.68885,1,16.0,1,33.848,1,2.386,1,16.0,1,2.386,1,33.848,1
5905614,2025-10-01T02:26:54Z,1,-57.04038,130.68885,1,16.4,1,33.848,1,2.385,1,16.4,1,2.385,1,33.848,1
5905614,2025-10-01T02:26:54Z,1,-57.04038,130.68885,1,16.8,1,33.849,1,2.385,1,16.8,1,2.385,1,33.849,1
5905614,2025-10-01T02:26:54Z,1,-57.04038,130.68885,1,17.0,1,33.848,1,2.386,1,17.0,1,2.386,1,33.848,1
5905614,2025-10-01T02:26:54Z,1,-57.04038,130.68885,1,17.5,1,33.848,1,2.386,1,17.5,1,2.386,1,33.848,1
5905614,2025-10-01T02:26:54Z,1,-57.04038,130.68885,1,17.8,1,33.848,1,2.386,1,17.8,1,2.386,1,33.848,1
5905614,2025-10-01T02:26:54Z,1,-57.04038,130.68885,1,17.9,1,33.848,1,2.386,1,17.9,1,2.386,1,33.848,1
5905614,2025-10-01T02:26:54Z,1,-57.04038,130.68885,1,18.3,1,33.848,1,2.387,1,18.3,1,2.387,1,33.848,1
5905614,2025-10-01T02:26:54Z,1,-57.04038,130.68885,1,18.5,1,33.848,1,2.386,1,18.5,1,2.386,1,33.848,1
5905614,2025-10-01T02:26:54Z,1,-57.04038,130.68885,1,19.0,1,33.848,1,2.386,1,19.0,1,2.386,1,33.848,1
5905614,2025-10-01T02:26:54Z,1,-57.04038,130.68885,1,19.3,1,33.848,1,2.386,1,19.3,1,2.386,1,33.848,1
5905614,2025-10-01T02:26:54Z,1,-57.04038,130.68885,1,19.6,1,33.848,1,2.388,1,19.6,1,2.388,1,33.848,1
5905614,2025-10-01T02:26:54Z,1,-57.04038,130.68885,1,19.8,1,33.848,1,2.388,1,19.8,1,2.388,1,33.848,1
5905614,2025-10-01T02:26:54Z,1,-57.04038,130.68885,1,19.9,1,33.847,1,2.389,1,19.9,1,2.389,1,33.847,1
5905614,2025-10-01T02:26:54Z,1,-57.04038,130.68885,1,21.9,1,33.847,1,2.389,1,21.9,1,2.389,1,33.847,1
5905614,2025-10-01T02:26:54Z,1,-57.04038,130.68885,1,24.0,1,33.848,1,2.385,1,24.0,1,2.385,1,33.848,1
5905614,2025-10-01T02:26:54Z,1,-57.04038,130.68885,1,25.9,1,33.848,1,2.387,1,25.9,1,2.387,1,33.848,1
5905614,2025-10-01T02:26:54Z,1,-57.04038,130.68885,1,27.8,1,33.848,1,2.382,1,27.8,1,2.382,1,33.848,1
5905614,2025-10-01T02:26:54Z,1,-57.04038,130.68885,1,29.8,1,33.848,1,2.379,1,29.8,1,2.379,1,33.848,1
5905614,2025-10-01T02:26:54Z,1,-57.04038,130.68885,1,32.0,1,33.848,1,2.379,1,32.0,1,2.379,1,33.848,1
5905614,2025-10-01T02:26:54Z,1,-57.04038,130.68885,1,34.1,1,33.848,1,2.384,1,34.1,1,2.384,1,33.848,1
5905614,2025-10-01T02:26:54Z,1,-57.04038,130.68885,1,35.9,1,33.848,1,2.385,1,35.9,1,2.385,1,33.848,1
5905614,2025-10-01T02:26:54Z,1,-57.04038,130.68885,1,38.0,1,33.848,1,2.383,1,38.0,1,2.383,1,33.848,1
5905614,2025-10-01T02:26:54Z,1,-57.04038,130.68885,1,40.0,1,33.848,1,2.384,1,40.0,1,2.384,1,33.848,1
5905614,2025-10-01T02:26:54Z,1,-57.04038,130.68885,1,41.9,1,33.848,1,2.384,1,41.9,1,2.384,1,33.848,1
5905614,2025-10-01T02:26:54Z,1,-57.04038,130.68885,1,44.0,1,33.848,1,2.385,1,44.0,1,2.385,1,33.848,1
5905614,2025-10-01T02:26:54Z,1,-57.04038,130.68885,1,46.0,1,33.848,1,2.384,1,46.0,1,2.384,1,33.848,1
5905614,2025-10-01T02:26:54Z,1,-57.04038,130.68885,1,48.0,1,33.848,1,2.384,1,48.0,1,2.384,1,33.848,1
5905614,2025-10-01T02:26:54Z,1,-57.04038,130.68885,1,50.1,1,33.847,1,2.383,1,50.1,1,2.383,1,33.847,1
5905614,2025-10-01T02:26:54Z,1,-57.04038,130.68885,1,51.9,1,33.848,1,2.38,1,51.9,1,2.38,1,33.848,1
5905614,2025-10-01T02:26:54Z,1,-57.04038,130.68885,1,53.9,1,33.848,1,2.382,1,53.9,1,2.382,1,33.848,1
5905614,2025-10-01T02:26:54Z,1,-57.04038,130.68885,1,56.1,1,33.847,1,2.382,1,56.1,1,2.382,1,33.847,1
5905614,2025-10-01T02:26:54Z,1,-57.04038,130.68885,1,58.0,1,33.848,1,2.382,1,58.0,1,2.382,1,33.848,1
5905614,2025-10-01T02:26:54Z,1,-57.04038,130.68885,1,60.0,1,33.848,1,2.382,1,60.0,1,2.382,1,33.848,1
5905614,2025-10-01T02:26:54Z,1,-57.04038,130.68885,1,62.2,1,33.848,1,2.382,1,62.2,1,2.382,1,33.848,1
5905614,2025-10-01T02:26:54Z,1,-57.04038,130.68885,1,64.1,1,33.847,1,2.382,1,64.1,1,2.382,1,33.8471,1
5905614,2025-10-01T02:26:54Z,1,-57.04038,130.68885,1,66.0,1,33.848,1,2.381,1,66.0,1,2.381,1,33.8481,1
5905614,2025-10-01T02:26:54Z,1,-57.04038,130.68885,1,68.0,1,33.847,1,2.381,1,68.0,1,2.381,1,33.847,1
5905614,2025-10-01T02:26:54Z,1,-57.04038,130.68885,1,70.0,1,33.848,1,2.378,1,70.0,1,2.378,1,33.8481,1
5905614,2025-10-01T02:26:54Z,1,-57.04038,130.68885,1,72.1,1,33.847,1,2.377,1,72.1,1,2.377,1,33.8471,1
5905614,2025-10-01T02:26:54Z,1,-57.04038,130.68885,1,74.1,1,33.848,1,2.372,1,74.1,1,2.372,1,33.8481,1
5905614,2025-10-01T02:26:54Z,1,-57.04038,130.68885,1,76.0,1,33.847,1,2.36,1,76.0,1,2.36,1,33.8471,1
5905614,2025-10-01T02:26:54Z,1,-57.04038,130.68885,1,77.9,1,33.847,1,2.363,1,77.9,1,2.363,1,33.8471,1
5905614,2025-10-01T02:26:54Z,1,-57.04038,130.68885,1,80.0,1,33.847,1,2.363,1,80.0,1,2.363,1,33.8471,1
5905614,2025-10-01T02:26:54Z,1,-57.04038,130.68885,1,82.0,1,33.847,1,2.358,1,82.0,1,2.358,1,33.8471,1
5905614,2025-10-01T02:26:54Z,1,-57.04038,130.68885,1,83.9,1,33.847,1,2.356,1,83.9,1,2.356,1,33.8471,1
5905614,2025-10-01T02:26:54Z,1,-57.04038,130.68885,1,85.8,1,33.847,1,2.353,1,85.8,1,2.353,1,33.8471,1
5905614,2025-10-01T02:26:54Z,1,-57.04038,130.68885,1,87.9,1,33.847,1,2.347,1,87.9,1,2.347,1,33.8471,1
5905614,2025-10-01T02:26:54Z,1,-57.04038,130.68885,1,89.9,1,33.846,1,2.34,1,89.9,1,2.34,1,33.8461,1
5905614,2025-10-01T02:26:54Z,1,-57.04038,130.68885,1,92.1,1,33.846,1,2.323,1,92.1,1,2.323,1,33.8461,1
5905614,2025-10-01T02:26:54Z,1,-57.04038,130.68885,1,94.0,1,33.846,1,2.323,1,94.0,1,2.323,1,33.8461,1
5905614,2025-10-01T02:26:54Z,1,-57.04038,130.68885,1,96.0,1,33.845,1,2.294,1,96.0,1,2.294,1,33.8451,1
5905614,2025-10-01T02:26:54Z,1,-57.04038,130.68885,1,98.1,1,33.844,1,2.281,1,98.1,1,2.281,1,33.8441,1
5905614,2025-10-01T02:26:54Z,1,-57.04038,130.68885,1,99.9,1,33.845,1,2.275,1,99.9,1,2.275,1,33.8451,1
5905614,2025-10-01T02:26:54Z,1,-57.04038,130.68885,1,102.1,1,33.841,1,2.271,1,102.1,1,2.271,1,33.8411,1
5905614,2025-10-01T02:26:54Z,1,-57.04038,130.68885,1,104.2,1,33.845,1,2.214,1,104.2,1,2.214,1,33.8451,1
5905614,2025-10-01T02:26:54Z,1,-57.04038,130.68885,1,106.1,1,33.842,1,2.198,1,106.1,1,2.198,1,33.8421,1
5905614,2025-10-01T02:26:54Z,1,-57.04038,130.68885,1,108.0,1,33.843,1,2.192,1,108.0,1,2.192,1,33.8431,1
5905614,2025-10-01T02:26:54Z,1,-57.04038,130.68885,1,109.8,1,33.84,1,2.172,1,109.8,1,2.172,1,33.8401,1
5905614,2025-10-01T02:26:54Z,1,-57.04038,130.68885,1,112.0,1,33.838,1,2.155,1,112.0,1,2.155,1,33.8381,1
5905614,2025-10-01T02:26:54Z,1,-57.04038,130.68885,1,114.0,1,33.838,1,2.148,1,114.0,1,2.148,1,33.8381,1
5905614,2025-10-01T02:26:54Z,1,-57.04038,130.68885,1,116.0,1,33.839,1,2.142,1,116.0,1,2.142,1,33.8391,1
5905614,2025-10-01T02:26:54Z,1,-57.04038,130.68885,1,118.0,1,33.839,1,2.135,1,118.0,1,2.135,1,33.8391,1
5905614,2025-10-01T02:26:54Z,1,-57.04038,130.68885,1,120.0,1,33.839,1,2.134,1,120.0,1,2.134,1,33.8391,1
5905614,2025-10-01T02:26:54Z,1,-57.04038,130.68885,1,122.0,1,33.838,1,2.133,1,122.0,1,2.133,1,33.8381,1
5905614,2025-10-01T02:26:54Z,1,-57.04038,130.68885,1,123.9,1,33.839,1,2.132,1,123.9,1,2.132,1,33.8391,1
5905614,2025-10-01T02:26:54Z,1,-57.04038,130.68885,1,125.9,1,33.839,1,2.132,1,125.9,1,2.132,1,33.8391,1
5905614,2025-10-01T02:26:54Z,1,-57.04038,130.68885,1,127.9,1,33.839,1,2.133,1,127.9,1,2.133,1,33.8391,1
5905614,2025-10-01T02:26:54Z,1,-57.04038,130.68885,1,130.0,1,33.838,1,2.13,1,130.0,1,2.13,1,33.8381,1
5905614,2025-10-01T02:26:54Z,1,-57.04038,130.68885,1,132.0,1,33.838,1,2.123,1,132.0,1,2.123,1,33.8381,1
5905614,2025-10-01T02:26:54Z,1,-57.04038,130.68885,1,134.0,1,33.838,1,2.123,1,134.0,1,2.123,1,33.8381,1
5905614,2025-10-01T02:26:54Z,1,-57.04038,130.68885,1,135.9,1,33.838,1,2.122,1,135.9,1,2.122,1,33.8381,1
5905614,2025-10-01T02:26:54Z,1,-57.04038,130.68885,1,137.9,1,33.838,1,2.122,1,137.9,1,2.122,1,33.8381,1
5905614,2025-10-01T02:26:54Z,1,-57.04038,130.68885,1,139.9,1,33.837,1,2.119,1,139.9,1,2.119,1,33.8371,1
5905614,2025-10-01T02:26:54Z,1,-57.04038,130.68885,1,142.0,1,33.838,1,2.114,1,142.0,1,2.114,1,33.8381,1
5905614,2025-10-01T02:26:54Z,1,-57.04038,130.68885,1,144.0,1,33.837,1,2.109,1,144.0,1,2.109,1,33.8371,1
5905614,2025-10-01T02:26:54Z,1,-57.04038,130.68885,1,146.0,1,33.837,1,2.103,1,146.0,1,2.103,1,33.8371,1
5905614,2025-10-01T02:26:54Z,1,-57.04038,130.68885,1,147.9,1,33.837,1,2.1,1,147.9,1,2.1,1,33.8371,1
5905614,2025-10-01T02:26:54Z,1,-57.04038,130.68885,1,149.9,1,33.838,1,2.099,1,149.9,1,2.099,1,33.8381,1
5905614,2025-10-01T02:26:54Z,1,-57.04038,130.68885,1,151.9,1,33.838,1,2.098,1,151.9,1,2.098,1,33.8381,1
5905614,2025-10-01T02:26:54Z,1,-57.04038,130.68885,1,153.9,1,33.838,1,2.097,1,153.9,1,2.097,1,33.8381,1
5905614,2025-10-01T02:26:54Z,1,-57.04038,130.68885,1,156.1,1,33.838,1,2.094,1,156.1,1,2.094,1,33.8381,1
5905614,2025-10-01T02:26:54Z,1,-57.04038,130.68885,1,158.1,1,33.837,1,2.093,1,158.1,1,2.093,1,33.8371,1
5905614,2025-10-01T02:26:54Z,1,-57.04038,130.68885,1,160.0,1,33.838,1,2.091,1,160.0,1,2.091,1,33.8381,1
5905614,2025-10-01T02:26:54Z,1,-57.04038,130.68885,1,162.0,1,33.838,1,2.089,1,162.0,1,2.089,1,33.8381,1
5905614,2025-10-01T02:26:54Z,1,-57.04038,130.68885,1,163.9,1,33.838,1,2.091,1,163.9,1,2.091,1,33.8381,1
5905614,2025-10-01T02:26:54Z,1,-57.04038,130.68885,1,165.9,1,33.838,1,2.092,1,165.9,1,2.092,1,33.8381,1
5905614,2025-10-01T02:26:54Z,1,-57.04038,130.68885,1,167.9,1,33.839,1,2.093,1,167.9,1,2.093,1,33.8391,1
5905614,2025-10-01T02:26:54Z,1,-57.04038,130.68885,1,169.9,1,33.839,1,2.095,1,169.9,1,2.095,1,33.8391,1
5905614,2025-10-01T02:26:54Z,1,-57.04038,130.68885,1,172.0,1,33.84,1,2.098,1,172.0,1,2.098,1,33.8401,1
5905614,2025-10-01T02:26:54Z,1,-57.04038,130.68885,1,173.9,1,33.844,1,2.11,1,173.9,1,2.11,1,33.8441,1
5905614,2025-10-01T02:26:54Z,1,-57.04038,130.68885,1,176.0,1,33.847,1,2.145,1,176.0,1,2.145,1,33.8471,1
5905614,2025-10-01T02:26:54Z,1,-57.04038,130.68885,1,178.0,1,33.852,1,2.174,1,178.0,1,2.174,1,33.8521,1
5905614,2025-10-01T02:26:54Z,1,-57.04038,130.68885,1,180.0,1,33.864,1,2.237,1,180.0,1,2.237,1,33.8641,1
5905614,2025-10-01T02:26:54Z,1,-57.04038,130.68885,1,182.0,1,33.885,1,2.354,1,182.0,1,2.354,1,33.8851,1
5905614,2025-10-01T02:26:54Z,1,-57.04038,130.68885,1,184.0,1,33.912,1,2.452,1,184.0,1,2.452,1,33.9121,1
5905614,2025-10-01T02:26:54Z,1,-57.04038,130.68885,1,186.1,1,33.939,1,2.516,1,186.1,1,2.516,1,33.9391,1
5905614,2025-10-01T02:26:54Z,1,-57.04038,130.68885,1,188.0,1,33.975,1,2.574,1,188.0,1,2.574,1,33.9751,1
5905614,2025-10-01T02:26:54Z,1,-57.04038,130.68885,1,189.9,1,34.0,1,2.618,1,189.9,1,2.618,1,34.0002,1
5905614,2025-10-01T02:26:54Z,1,-57.04038,130.68885,1,191.8,1,34.008,1,2.625,1,191.8,1,2.625,1,34.0082,1
5905614,2025-10-01T02:26:54Z,1,-57.04038,130.68885,1,194.0,1,34.051,1,2.804,1,194.0,1,2.804,1,34.0512,1
5905614,2025-10-01T02:26:54Z,1,-57.04038,130.68885,1,195.9,1,34.091,1,3.049,1,195.9,1,3.049,1,34.0912,1
5905614,2025-10-01T02:26:54Z,1,-57.04038,130.68885,1,197.8,1,34.095,1,3.104,1,197.8,1,3.104,1,34.0952,1
5905614,2025-10-01T02:26:54Z,1,-57.04038,130.68885,1,199.9,1,34.099,1,3.133,1,199.9,1,3.133,1,34.0992,1
5905614,2025-10-01T02:26:54Z,1,-57.04038,130.68885,1,202.0,1,34.103,1,3.151,1,202.0,1,3.151,1,34.1032,1
5905614,2025-10-01T02:26:54Z,1,-57.04038,130.68885,1,203.9,1,34.104,1,3.161,1,203.9,1,3.161,1,34.1042,1
5905614,2025-10-01T02:26:54Z,1,-57.04038,130.68885,1,205.9,1,34.105,1,3.159,1,205.9,1,3.159,1,34.1052,1
5905614,2025-10-01T02:26:54Z,1,-57.04038,130.68885,1,208.0,1,34.105,1,3.152,1,208.0,1,3.152,1,34.1052,1
5905614,2025-10-01T02:26:54Z,1,-57.04038,130.68885,1,210.1,1,34.105,1,3.135,1,210.1,1,3.135,1,34.1052,1
5905614,2025-10-01T02:26:54Z,1,-57.04038,130.68885,1,212.0,1,34.105,1,3.125,1,212.0,1,3.125,1,34.1052,1
5905614,2025-10-01T02:26:54Z,1,-57.04038,130.68885,1,213.9,1,34.105,1,3.112,1,213.9,1,3.112,1,34.1052,1
5905614,2025-10-01T02:26:54Z,1,-57.04038,130.68885,1,216.0,1,34.106,1,3.077,1,216.0,1,3.077,1,34.1062,1
5905614,2025-10-01T02:26:54Z,1,-57.04038,130.68885,1,218.0,1,34.11,1,3.038,1,218.0,1,3.038,1,34.1102,1
5905614,2025-10-01T02:26:54Z,1,-57.04038,130.68885,1,220.0,1,34.11,1,3.01,1,220.0,1,3.01,1,34.1102,1
5905614,2025-10-01T02:26:54Z,1,-57.04038,130.68885,1,222.1,1,34.11,1,2.98,1,222.1,1,2.98,1,34.1102,1
5905614,2025-10-01T02:26:54Z,1,-57.04038,130.68885,1,223.9,1,34.11,1,2.971,1,223.9,1,2.971,1,34.1102,1
5905614,2025-10-01T02:26:54Z,1,-57.04038,130.68885,1,225.8,1,34.109,1,2.944,1,225.8,1,2.944,1,34.1092,1
5905614,2025-10-01T02:26:54Z,1,-57.04038,130.68885,1,227.9,1,34.109,1,2.924,1,227.9,1,2.924,1,34.1092,1
5905614,2025-10-01T02:26:54Z,1,-57.04038,130.68885,1,230.0,1,34.108,1,2.897,1,230.0,1,2.897,1,34.1082,1
5905614,2025-10-01T02:26:54Z,1,-57.04038,130.68885,1,232.0,1,34.107,1,2.879,1,232.0,1,2.879,1,34.1072,1
5905614,2025-10-01T02:26:54Z,1,-57.04038,130.68885,1,234.0,1,34.108,1,2.87,1,234.0,1,2.87,1,34.1082,1
5905614,2025-10-01T02:26:54Z,1,-57.04038,130.68885,1,235.9,1,34.107,1,2.856,1,235.9,1,2.856,1,34.1072,1
5905614,2025-10-01T02:26:54Z,1,-57.04038,130.68885,1,237.9,1,34.107,1,2.836,1,237.9,1,2.836,1,34.1072,1
5905614,2025-10-01T02:26:54Z,1,-57.04038,130.68885,1,239.8,1,34.107,1,2.828,1,239.8,1,2.828,1,34.1072,1
5905614,2025-10-01T02:26:54Z,1,-57.04038,130.68885,1,241.9,1,34.116,1,2.815,1,241.9,1,2.815,1,34.1162,1
5905614,2025-10-01T02:26:54Z,1,-57.04038,130.68885,1,244.0,1,34.121,1,2.812,1,244.0,1,2.812,1,34.1212,1
5905614,2025-10-01T02:26:54Z,1,-57.04038,130.68885,1,245.9,1,34.123,1,2.814,1,245.9,1,2.814,1,34.1232,1
5905614,2025-10-01T02:26:54Z,1,-57.04038,130.68885,1,247.9,1,34.124,1,2.816,1,247.9,1,2.816,1,34.1242,1
5905614,2025-10-01T02:26:54Z,1,-57.04038,130.68885,1,250.1,1,34.126,1,2.817,1,250.1,1,2.817,1,34.1262,1
5905614,2025-10-01T02:26:54Z,1,-57.04038,130.68885,1,252.0,1,34.13,1,2.813,1,252.0,1,2.813,1,34.1302,1
5905614,2025-10-01T02:26:54Z,1,-57.04038,130.68885,1,253.9,1,34.135,1,2.823,1,253.9,1,2.823,1,34.1352,1
5905614,2025-10-01T02:26:54Z,1,-57.04038,130.68885,1,256.0,1,34.14,1,2.841,1,256.0,1,2.841,1,34.1402,1
5905614,2025-10-01T02:26:54Z,1,-57.04038,130.68885,1,258.0,1,34.143,1,2.857,1,258.0,1,2.857,1,34.1432,1
5905614,2025-10-01T02:26:54Z,1,-57.04038,130.68885,1,259.8,1,34.147,1,2.853,1,259.8,1,2.853,1,34.1472,1
5905614,2025-10-01T02:26:54Z,1,-57.04038,130.68885,1,262.0,1,34.137,1,2.791,1,262.0,1,2.791,1,34.1372,1
5905614,2025-10-01T02:26:54Z,1,-57.04038,130.68885,1,264.2,1,34.133,1,2.687,1,264.2,1,2.687,1,34.1332,1
5905614,2025-10-01T02:26:54Z,1,-57.04038,130.68885,1,266.1,1,34.141,1,2.662,1,266.1,1,2.662,1,34.1412,1
5905614,2025-10-01T02:26:54Z,1,-57.04038,130.68885,1,268.0,1,34.14,1,2.64,1,268.0,1,2.64,1,34.1402,1
5905614,2025-10-01T02:26:54Z,1,-57.04038,130.68885,1,270.0,1,34.142,1,2.634,1,270.0,1,2.634,1,34.1422,1
5905614,2025-10-01T02:26:54Z,1,-57.04038,130.68885,1,271.9,1,34.144,1,2.622,1,271.9,1,2.622,1,34.1442,1
5905614,2025-10-01T02:26:54Z,1,-57.04038,130.68885,1,273.8,1,34.15,1,2.616,1,273.8,1,2.616,1,34.1502,1
5905614,2025-10-01T02:26:54Z,1,-57.04038,130.68885,1,276.0,1,34.152,1,2.623,1,276.0,1,2.623,1,34.1522,1
5905614,2025-10-01T02:26:54Z,1,-57.04038,130.68885,1,278.0,1,34.152,1,2.62,1,278.0,1,2.62,1,34.1522,1
5905614,2025-10-01T02:26:54Z,1,-57.04038,130.68885,1,279.9,1,34.161,1,2.639,1,279.9,1,2.639,1,34.1612,1
5905614,2025-10-01T02:26:54Z,1,-57.04038,130.68885,1,281.9,1,34.155,1,2.619,1,281.9,1,2.619,1,34.1552,1
5905614,2025-10-01T02:26:54Z,1,-57.04038,130.68885,1,283.9,1,34.152,1,2.584,1,283.9,1,2.584,1,34.1522,1
5905614,2025-10-01T02:26:54Z,1,-57.04038,130.68885,1,285.8,1,34.154,1,2.546,1,285.8,1,2.546,1,34.1542,1
5905614,2025-10-01T02:26:54Z,1,-57.04038,130.68885,1,288.0,1,34.155,1,2.534,1,288.0,1,2.534,1,34.1552,1
5905614,2025-10-01T02:26:54Z,1,-57.04038,130.68885,1,289.9,1,34.172,1,2.626,1,289.9,1,2.626,1,34.1722,1
5905614,2025-10-01T02:26:54Z,1,-57.04038,130.68885,1,291.9,1,34.174,1,2.643,1,291.9,1,2.643,1,34.1742,1
5905614,2025-10-01T02:26:54Z,1,-57.04038,130.68885,1,294.0,1,34.168,1,2.606,1,294.0,1,2.606,1,34.1682,1
5905614,2025-10-01T02:26:54Z,1,-57.04038,130.68885,1,295.9,1,34.16,1,2.524,1,295.9,1,2.524,1,34.1602,1
5905614,2025-10-01T02:26:54Z,1,-57.04038,130.68885,1,297.9,1,34.164,1,2.487,1,297.9,1,2.487,1,34.1642,1
5905614,2025-10-01T02:26:54Z,1,-57.04038,130.68885,1,299.9,1,34.175,1,2.515,1,299.9,1,2.515,1,34.1752,1
5905614,2025-10-01T02:26:54Z,1,-57.04038,130.68885,1,302.0,1,34.175,1,2.522,1,302.0,1,2.522,1,34.1752,1
5905614,2025-10-01T02:26:54Z,1,-57.04038,130.68885,1,303.9,1,34.172,1,2.507,1,303.9,1,2.507,1,34.1722,1
5905614,2025-10-01T02:26:54Z,1,-57.04038,130.68885,1,305.9,1,34.17,1,2.489,1,305.9,1,2.489,1,34.1702,1
5905614,2025-10-01T02:26:54Z,1,-57.04038,130.68885,1,307.9,1,34.175,1,2.475,1,307.9,1,2.475,1,34.1752,1
5905614,2025-10-01T02:26:54Z,1,-57.04038,130.68885,1,310.1,1,34.195,1,2.525,1,310.1,1,2.525,1,34.1953,1
5905614,2025-10-01T02:26:54Z,1,-57.04038,130.68885,1,311.9,1,34.198,1,2.601,1,311.9,1,2.601,1,34.1983,1
5905614,2025-10-01T02:26:54Z,1,-57.04038,130.68885,1,314.0,1,34.204,1,2.637,1,314.0,1,2.637,1,34.2043,1
5905614,2025-10-01T02:26:54Z,1,-57.04038,130.68885,1,316.0,1,34.212,1,2.672,1,316.0,1,2.672,1,34.2123,1
5905614,2025-10-01T02:26:54Z,1,-57.04038,130.68885,1,317.8,1,34.21,1,2.676,1,317.8,1,2.676,1,34.2103,1
5905614,2025-10-01T02:26:54Z,1,-57.04038,130.68885,1,319.9,1,34.214,1,2.68,1,319.9,1,2.68,1,34.2143,1
5905614,2025-10-01T02:26:54Z,1,-57.04038,130.68885,1,321.9,1,34.212,1,2.662,1,321.9,1,2.662,1,34.2123,1
5905614,2025-10-01T02:26:54Z,1,-57.04038,130.68885,1,323.9,1,34.212,1,2.646,1,323.9,1,2.646,1,34.2123,1
5905614,2025-10-01T02:26:54Z,1,-57.04038,130.68885,1,325.9,1,34.214,1,2.639,1,325.9,1,2.639,1,34.2143,1
5905614,2025-10-01T02:26:54Z,1,-57.04038,130.68885,1,327.9,1,34.218,1,2.663,1,327.9,1,2.663,1,34.2183,1
5905614,2025-10-01T02:26:54Z,1,-57.04038,130.68885,1,330.0,1,34.221,1,2.67,1,330.0,1,2.67,1,34.2213,1
5905614,2025-10-01T02:26:54Z,1,-57.04038,130.68885,1,332.0,1,34.221,1,2.671,1,332.0,1,2.671,1,34.2213,1
5905614,2025-10-01T02:26:54Z,1,-57.04038,130.68885,1,334.0,1,34.223,1,2.673,1,334.0,1,2.673,1,34.2233,1
5905614,2025-10-01T02:26:54Z,1,-57.04038,130.68885,1,335.9,1,34.227,1,2.681,1,335.9,1,2.681,1,34.2273,1
5905614,2025-10-01T02:26:54Z,1,-57.04038,130.68885,1,337.9,1,34.23,1,2.686,1,337.9,1,2.686,1,34.2303,1
5905614,2025-10-01T02:26:54Z,1,-57.04038,130.68885,1,339.9,1,34.23,1,2.672,1,339.9,1,2.672,1,34.2303,1
5905614,2025-10-01T02:26:54Z,1,-57.04038,130.68885,1,341.9,1,34.235,1,2.677,1,341.9,1,2.677,1,34.2353,1
5905614,2025-10-01T02:26:54Z,1,-57.04038,130.68885,1,343.9,1,34.237,1,2.691,1,343.9,1,2.691,1,34.2373,1
5905614,2025-10-01T02:26:54Z,1,-57.04038,130.68885,1,345.9,1,34.239,1,2.689,1,345.9,1,2.689,1,34.2393,1
5905614,2025-10-01T02:26:54Z,1,-57.04038,130.68885,1,348.0,1,34.241,1,2.683,1,348.0,1,2.683,1,34.2413,1
5905614,2025-10-01T02:26:54Z,1,-57.04038,130.68885,1,350.0,1,34.246,1,2.687,1,350.0,1,2.687,1,34.2463,1
5905614,2025-10-01T02:26:54Z,1,-57.04038,130.68885,1,351.9,1,34.253,1,2.694,1,351.9,1,2.694,1,34.2533,1
5905614,2025-10-01T02:26:54Z,1,-57.04038,130.68885,1,354.0,1,34.258,1,2.705,1,354.0,1,2.705,1,34.2583,1
5905614,2025-10-01T02:26:54Z,1,-57.04038,130.68885,1,356.0,1,34.265,1,2.727,1,356.0,1,2.727,1,34.2653,1
5905614,2025-10-01T02:26:54Z,1,-57.04038,130.68885,1,358.0,1,34.268,1,2.743,1,358.0,1,2.743,1,34.2683,1
5905614,2025-10-01T02:26:54Z,1,-57.04038,130.68885,1,360.0,1,34.273,1,2.756,1,360.0,1,2.756,1,34.2733,1
5905614,2025-10-01T02:26:54Z,1,-57.04038,130.68885,1,362.0,1,34.274,1,2.752,1,362.0,1,2.752,1,34.2743,1
5905614,2025-10-01T02:26:54Z,1,-57.04038,130.68885,1,364.0,1,34.275,1,2.744,1,364.0,1,2.744,1,34.2753,1
5905614,2025-10-01T02:26:54Z,1,-57.04038,130.68885,1,366.0,1,34.276,1,2.739,1,366.0,1,2.739,1,34.2763,1
5905614,2025-10-01T02:26:54Z,1,-57.04038,130.68885,1,368.0,1,34.28,1,2.74,1,368.0,1,2.74,1,34.2803,1
5905614,2025-10-01T02:26:54Z,1,-57.04038,130.68885,1,370.0,1,34.281,1,2.736,1,370.0,1,2.736,1,34.2813,1
5905614,2025-10-01T02:26:54Z,1,-57.04038,130.68885,1,372.0,1,34.285,1,2.73,1,372.0,1,2.73,1,34.2853,1
5905614,2025-10-01T02:26:54Z,1,-57.04038,130.68885,1,373.9,1,34.288,1,2.731,1,373.9,1,2.731,1,34.2883,1
5905614,2025-10-01T02:26:54Z,1,-57.04038,130.68885,1,375.9,1,34.289,1,2.734,1,375.9,1,2.734,1,34.2893,1
5905614,2025-10-01T02:26:54Z,1,-57.04038,130.68885,1,378.0,1,34.291,1,2.732,1,378.0,1,2.732,1,34.2913,1
5905614,2025-10-01T02:26:54Z,1,-57.04038,130.68885,1,379.8,1,34.29,1,2.729,1,379.8,1,2.729,1,34.2903,1
5905614,2025-10-01T02:26:54Z,1,-57.04038,130.68885,1,381.8,1,34.29,1,2.728,1,381.8,1,2.728,1,34.2903,1
5905614,2025-10-01T02:26:54Z,1,-57.04038,130.68885,1,383.8,1,34.292,1,2.726,1,383.8,1,2.726,1,34.2923,1
5905614,2025-10-01T02:26:54Z,1,-57.04038,130.68885,1,385.8,1,34.292,1,2.726,1,385.8,1,2.726,1,34.2923,1
5905614,2025-10-01T02:26:54Z,1,-57.04038,130.68885,1,388.0,1,34.294,1,2.727,1,388.0,1,2.727,1,34.2943,1
5905614,2025-10-01T02:26:54Z,1,-57.04038,130.68885,1,390.1,1,34.295,1,2.729,1,390.1,1,2.729,1,34.2953,1
5905614,2025-10-01T02:26:54Z,1,-57.04038,130.68885,1,391.9,1,34.297,1,2.729,1,391.9,1,2.729,1,34.2973,1
5905614,2025-10-01T02:26:54Z,1,-57.04038,130.68885,1,393.8,1,34.3,1,2.727,1,393.8,1,2.727,1,34.3003,1
5905614,2025-10-01T02:26:54Z,1,-57.04038,130.68885,1,395.9,1,34.302,1,2.727,1,395.9,1,2.727,1,34.3023,1
5905614,2025-10-01T02:26:54Z,1,-57.04038,130.68885,1,397.9,1,34.303,1,2.726,1,397.9,1,2.726,1,34.3033,1
5905614,2025-10-01T02:26:54Z,1,-57.04038,130.68885,1,399.9,1,34.304,1,2.726,1,399.9,1,2.726,1,34.3043,1
5905614,2025-10-01T02:26:54Z,1,-57.04038,130.68885,1,401.9,1,34.306,1,2.726,1,401.9,1,2.726,1,34.3063,1
5905614,2025-10-01T02:26:54Z,1,-57.04038,130.68885,1,404.0,1,34.307,1,2.725,1,404.0,1,2.725,1,34.3073,1
5905614,2025-10-01T02:26:54Z,1,-57.04038,130.68885,1,406.0,1,34.308,1,2.724,1,406.0,1,2.724,1,34.3083,1
5905614,2025-10-01T02:26:54Z,1,-57.04038,130.68885,1,407.9,1,34.31,1,2.724,1,407.9,1,2.724,1,34.3103,1
5905614,2025-10-01T02:26:54Z,1,-57.04038,130.68885,1,410.0,1,34.313,1,2.722,1,410.0,1,2.722,1,34.3133,1
5905614,2025-10-01T02:26:54Z,1,-57.04038,130.68885,1,412.0,1,34.317,1,2.72,1,412.0,1,2.72,1,34.3173,1
5905614,2025-10-01T02:26:54Z,1,-57.04038,130.68885,1,414.0,1,34.32,1,2.72,1,414.0,1,2.72,1,34.3203,1
5905614,2025-10-01T02:26:54Z,1,-57.04038,130.68885,1,416.1,1,34.322,1,2.72,1,416.1,1,2.72,1,34.3223,1
5905614,2025-10-01T02:26:54Z,1,-57.04038,130.68885,1,418.0,1,34.324,1,2.721,1,418.0,1,2.721,1,34.3243,1
5905614,2025-10-01T02:26:54Z,1,-57.04038,130.68885,1,420.0,1,34.325,1,2.723,1,420.0,1,2.723,1,34.3253,1
5905614,2025-10-01T02:26:54Z,1,-57.04038,130.68885,1,421.9,1,34.326,1,2.723,1,421.9,1,2.723,1,34.3263,1
5905614,2025-10-01T02:26:54Z,1,-57.04038,130.68885,1,424.1,1,34.329,1,2.724,1,424.1,1,2.724,1,34.3293,1
5905614,2025-10-01T02:26:54Z,1,-57.04038,130.68885,1,426.0,1,34.331,1,2.726,1,426.0,1,2.726,1,34.3313,1
5905614,2025-10-01T02:26:54Z,1,-57.04038,130.68885,1,428.0,1,34.332,1,2.726,1,428.0,1,2.726,1,34.3323,1
5905614,2025-10-01T02:26:54Z,1,-57.04038,130.68885,1,430.1,1,34.336,1,2.721,1,430.1,1,2.721,1,34.3363,1
5905614,2025-10-01T02:26:54Z,1,-57.04038,130.68885,1,431.9,1,34.337,1,2.716,1,431.9,1,2.716,1,34.3374,1
5905614,2025-10-01T02:26:54Z,1,-57.04038,130.68885,1,433.9,1,34.337,1,2.713,1,433.9,1,2.713,1,34.3374,1
5905614,2025-10-01T02:26:54Z,1,-57.04038,130.68885,1,436.0,1,34.338,1,2.703,1,436.0,1,2.703,1,34.3384,1
5905614,2025-10-01T02:26:54Z,1,-57.04038,130.68885,1,438.0,1,34.34,1,2.698,1,438.0,1,2.698,1,34.3404,1
5905614,2025-10-01T02:26:54Z,1,-57.04038,130.68885,1,440.0,1,34.343,1,2.699,1,440.0,1,2.699,1,34.3434,1
5905614,2025-10-01T02:26:54Z,1,-57.04038,130.68885,1,442.0,1,34.347,1,2.703,1,442.0,1,2.703,1,34.3474,1
5905614,2025-10-01T02:26:54Z,1,-57.04038,130.68885,1,444.0,1,34.348,1,2.705,1,444.0,1,2.705,1,34.3484,1
5905614,2025-10-01T02:26:54Z,1,-57.04038,130.68885,1,445.9,1,34.349,1,2.707,1,445.9,1,2.707,1,34.3494,1
5905614,2025-10-01T02:26:54Z,1,-57.04038,130.68885,1,447.8,1,34.351,1,2.708,1,447.8,1,2.708,1,34.3514,1
5905614,2025-10-01T02:26:54Z,1,-57.04038,130.68885,1,449.8,1,34.351,1,2.708,1,449.8,1,2.708,1,34.3514,1
5905614,2025-10-01T02:26:54Z,1,-57.04038,130.68885,1,451.9,1,34.35,1,2.705,1,451.9,1,2.705,1,34.3504,1
5905614,2025-10-01T02:26:54Z,1,-57.04038,130.68885,1,454.0,1,34.352,1,2.702,1,454.0,1,2.702,1,34.3524,1
5905614,2025-10-01T02:26:54Z,1,-57.04038,130.68885,1,456.0,1,34.353,1,2.702,1,456.0,1,2.702,1,34.3534,1
5905614,2025-10-01T02:26:54Z,1,-57.04038,130.68885,1,457.9,1,34.355,1,2.703,1,457.9,1,2.703,1,34.3554,1
5905614,2025-10-01T02:26:54Z,1,-57.04038,130.68885,1,460.0,1,34.356,1,2.705,1,460.0,1,2.705,1,34.3564,1
5905614,2025-10-01T02:26:54Z,1,-57.04038,130.68885,1,462.0,1,34.358,1,2.706,1,462.0,1,2.706,1,34.3584,1
5905614,2025-10-01T02:26:54Z,1,-57.04038,130.68885,1,464.1,1,34.359,1,2.704,1,464.1,1,2.704,1,34.3594,1
5905614,2025-10-01T02:26:54Z,1,-57.04038,130.68885,1,466.0,1,34.361,1,2.701,1,466.0,1,2.701,1,34.3614,1
5905614,2025-10-01T02:26:54Z,1,-57.04038,130.68885,1,468.0,1,34.362,1,2.699,1,468.0,1,2.699,1,34.3624,1
5905614,2025-10-01T02:26:54Z,1,-57.04038,130.68885,1,469.9,1,34.363,1,2.699,1,469.9,1,2.699,1,34.3634,1
5905614,2025-10-01T02:26:54Z,1,-57.04038,130.68885,1,471.9,1,34.365,1,2.697,1,471.9,1,2.697,1,34.3654,1
5905614,2025-10-01T02:26:54Z,1,-57.04038,130.68885,1,473.9,1,34.367,1,2.696,1,473.9,1,2.696,1,34.3674,1
5905614,2025-10-01T02:26:54Z,1,-57.04038,130.68885,1,476.0,1,34.368,1,2.692,1,476.0,1,2.692,1,34.3684,1
5905614,2025-10-01T02:26:54Z,1,-57.04038,130.68885,1,478.0,1,34.369,1,2.689,1,478.0,1,2.689,1,34.3694,1
5905614,2025-10-01T02:26:54Z,1,-57.04038,130.68885,1,479.9,1,34.372,1,2.685,1,479.9,1,2.685,1,34.3724,1
5905614,2025-10-01T02:26:54Z,1,-57.04038,130.68885,1,481.9,1,34.373,1,2.684,1,481.9,1,2.684,1,34.3734,1
5905614,2025-10-01T02:26:54Z,1,-57.04038,130.68885,1,483.9,1,34.374,1,2.683,1,483.9,1,2.683,1,34.3744,1
5905614,2025-10-01T02:26:54Z,1,-57.04038,130.68885,1,485.9,1,34.376,1,2.682,1,485.9,1,2.682,1,34.3764,1
5905614,2025-10-01T02:26:54Z,1,-57.04038,130.68885,1,487.9,1,34.378,1,2.682,1,487.9,1,2.682,1,34.3784,1
5905614,2025-10-01T02:26:54Z,1,-57.04038,130.68885,1,490.0,1,34.379,1,2.681,1,490.0,1,2.681,1,34.3794,1
5905614,2025-10-01T02:26:54Z,1,-57.04038,130.68885,1,492.0,1,34.38,1,2.679,1,492.0,1,2.679,1,34.3804,1
5905614,2025-10-01T02:26:54Z,1,-57.04038,130.68885,1,494.0,1,34.38,1,2.678,1,494.0,1,2.678,1,34.3804,1
5905614,2025-10-01T02:26:54Z,1,-57.04038,130.68885,1,496.0,1,34.383,1,2.673,1,496.0,1,2.673,1,34.3834,1
5905614,2025-10-01T02:26:54Z,1,-57.04038,130.68885,1,498.1,1,34.384,1,2.669,1,498.1,1,2.669,1,34.3844,1
5905614,2025-10-01T02:26:54Z,1,-57.04038,130.68885,1,499.8,1,34.385,1,2.666,1,499.8,1,2.666,1,34.3854,1
5905614,2025-10-01T02:26:54Z,1,-57.04038,130.68885,1,501.9,1,34.387,1,2.661,1,501.9,1,2.661,1,34.3874,1
5905614,2025-10-01T02:26:54Z,1,-57.04038,130.68885,1,503.9,1,34.391,1,2.656,1,503.9,1,2.656,1,34.3914,1
5905614,2025-10-01T02:26:54Z,1,-57.04038,130.68885,1,505.4,1,34.392,1,2.655,1,505.4,1,2.655,1,34.3924,1
5905614,2025-10-01T02:26:54Z,1,-57.04038,130.68885,1,509.7,1,34.394,1,2.652,1,509.7,1,2.652,1,34.3944,1
5905614,2025-10-01T02:26:54Z,1,-57.04038,130.68885,1,513.3,1,34.397,1,2.649,1,513.3,1,2.649,1,34.3974,1
5905614,2025-10-01T02:26:54Z,1,-57.04038,130.68885,1,516.9,1,34.4,1,2.646,1,516.9,1,2.646,1,34.4004,1
5905614,2025-10-01T02:26:54Z,1,-57.04038,130.68885,1,520.5,1,34.402,1,2.645,1,520.5,1,2.645,1,34.4024,1
5905614,2025-10-01T02:26:54Z,1,-57.04038,130.68885,1,524.2,1,34.406,1,2.64,1,524.2,1,2.64,1,34.4064,1
5905614,2025-10-01T02:26:54Z,1,-57.04038,130.68885,1,531.5,1,34.408,1,2.637,1,531.5,1,2.637,1,34.4084,1
5905614,2025-10-01T02:26:54Z,1,-57.04038,130.68885,1,535.1,1,34.41,1,2.637,1,535.1,1,2.637,1,34.4104,1
5905614,2025-10-01T02:26:54Z,1,-57.04038,130.68885,1,542.3,1,34.415,1,2.629,1,542.3,1,2.629,1,34.4154,1
5905614,2025-10-01T02:26:54Z,1,-57.04038,130.68885,1,545.8,1,34.417,1,2.625,1,545.8,1,2.625,1,34.4174,1
5905614,2025-10-01T02:26:54Z,1,-57.04038,130.68885,1,549.6,1,34.419,1,2.622,1,549.6,1,2.622,1,34.4194,1
5905614,2025-10-01T02:26:54Z,1,-57.04038,130.68885,1,557.0,1,34.425,1,2.595,1,557.0,1,2.595,1,34.4255,1
5905614,2025-10-01T02:26:54Z,1,-57.04038,130.68885,1,560.6,1,34.429,1,2.589,1,560.6,1,2.589,1,34.4295,1
5905614,2025-10-01T02:26:54Z,1,-57.04038,130.68885,1,564.2,1,34.43,1,2.588,1,564.2,1,2.588,1,34.4305,1
5905614,2025-10-01T02:26:54Z,1,-57.04038,130.68885,1,571.6,1,34.434,1,2.579,1,571.6,1,2.579,1,34.4345,1
5905614,2025-10-01T02:26:54Z,1,-57.04038,130.68885,1,575.2,1,34.44,1,2.583,1,575.2,1,2.583,1,34.4405,1
5905614,2025-10-01T02:26:54Z,1,-57.04038,130.68885,1,578.7,1,34.442,1,2.574,1,578.7,1,2.574,1,34.4425,1
5905614,2025-10-01T02:26:54Z,1,-57.04038,130.68885,1,585.4,1,34.448,1,2.567,1,585.4,1,2.567,1,34.4485,1
5905614,2025-10-01T02:26:54Z,1,-57.04038,130.68885,1,588.8,1,34.451,1,2.567,1,588.8,1,2.567,1,34.4515,1
5905614,2025-10-01T02:26:54Z,1,-57.04038,130.68885,1,595.3,1,34.458,1,2.574,1,595.3,1,2.574,1,34.4585,1
5905614,2025-10-01T02:26:54Z,1,-57.04038,130.68885,1,598.3,1,34.458,1,2.588,1,598.3,1,2.588,1,34.4585,1
5905614,2025-10-01T02:26:54Z,1,-57.04038,130.68885,1,604.4,1,34.465,1,2.58,1,604.4,1,2.58,1,34.4655,1
5905614,2025-10-01T02:26:54Z,1,-57.04038,130.68885,1,610.4,1,34.466,1,2.567,1,610.4,1,2.567,1,34.4665,1
5905614,2025-10-01T02:26:54Z,1,-57.04038,130.68885,1,613.5,1,34.468,1,2.57,1,613.5,1,2.57,1,34.4685,1
5905614,2025-10-01T02:26:54Z,1,-57.04038,130.68885,1,619.8,1,34.472,1,2.567,1,619.8,1,2.567,1,34.4725,1
5905614,2025-10-01T02:26:54Z,1,-57.04038,130.68885,1,625.6,1,34.476,1,2.569,1,625.6,1,2.569,1,34.4765,1
5905614,2025-10-01T02:26:54Z,1,-57.04038,130.68885,1,628.5,1,34.479,1,2.573,1,628.5,1,2.573,1,34.4795,1
5905614,2025-10-01T02:26:54Z,1,-57.04038,130.68885,1,634.7,1,34.481,1,2.57,1,634.7,1,2.57,1,34.4815,1
5905614,2025-10-01T02:26:54Z,1,-57.04038,130.68885,1,641.1,1,34.486,1,2.568,1,641.1,1,2.568,1,34.4865,1
5905614,2025-10-01T02:26:54Z,1,-57.04038,130.68885,1,644.2,1,34.487,1,2.569,1,644.2,1,2.569,1,34.4875,1
5905614,2025-10-01T02:26:54Z,1,-57.04038,130.68885,1,650.7,1,34.492,1,2.565,1,650.7,1,2.565,1,34.4925,1
5905614,2025-10-01T02:26:54Z,1,-57.04038,130.68885,1,653.9,1,34.495,1,2.562,1,653.9,1,2.562,1,34.4955,1
5905614,2025-10-01T02:26:54Z,1,-57.04038,130.68885,1,660.8,1,34.501,1,2.556,1,660.8,1,2.556,1,34.5015,1
5905614,2025-10-01T02:26:54Z,1,-57.04038,130.68885,1,664.1,1,34.502,1,2.554,1,664.1,1,2.554,1,34.5025,1
5905614,2025-10-01T02:26:54Z,1,-57.04038,130.68885,1,671.3,1,34.505,1,2.544,1,671.3,1,2.544,1,34.5056,1
5905614,2025-10-01T02:26:54Z,1,-57.04038,130.68885,1,674.9,1,34.507,1,2.543,1,674.9,1,2.543,1,34.5075,1
5905614,2025-10-01T02:26:54Z,1,-57.04038,130.68885,1,682.5,1,34.511,1,2.543,1,682.5,1,2.543,1,34.5116,1
5905614,2025-10-01T02:26:54Z,1,-57.04038,130.68885,1,686.0,1,34.511,1,2.542,1,686.0,1,2.542,1,34.5116,1
5905614,2025-10-01T02:26:54Z,1,-57.04038,130.68885,1,689.7,1,34.513,1,2.539,1,689.7,1,2.539,1,34.5136,1
5905614,2025-10-01T02:26:54Z,1,-57.04038,130.68885,1,697.1,1,34.516,1,2.533,1,697.1,1,2.533,1,34.5166,1
5905614,2025-10-01T02:26:54Z,1,-57.04038,130.68885,1,700.8,1,34.52,1,2.533,1,700.8,1,2.533,1,34.5206,1
5905614,2025-10-01T02:26:54Z,1,-57.04038,130.68885,1,704.2,1,34.521,1,2.538,1,704.2,1,2.538,1,34.5216,1
5905614,2025-10-01T02:26:54Z,1,-57.04038,130.68885,1,711.5,1,34.525,1,2.533,1,711.5,1,2.533,1,34.5256,1
5905614,2025-10-01T02:26:54Z,1,-57.04038,130.68885,1,714.9,1,34.528,1,2.528,1,714.9,1,2.528,1,34.5286,1
5905614,2025-10-01T02:26:54Z,1,-57.04038,130.68885,1,721.4,1,34.535,1,2.52,1,721.4,1,2.52,1,34.5356,1
5905614,2025-10-01T02:26:54Z,1,-57.04038,130.68885,1,724.5,1,34.534,1,2.52,1,724.5,1,2.52,1,34.5346,1
5905614,2025-10-01T02:26:54Z,1,-57.04038,130.68885,1,730.6,1,34.54,1,2.506,1,730.6,1,2.506,1,34.5406,1
5905614,2025-10-01T02:26:54Z,1,-57.04038,130.68885,1,733.5,1,34.541,1,2.505,1,733.5,1,2.505,1,34.5416,1
5905614,2025-10-01T02:26:54Z,1,-57.04038,130.68885,1,738.9,1,34.544,1,2.498,1,738.9,1,2.498,1,34.5446,1
5905614,2025-10-01T02:26:54Z,1,-57.04038,130.68885,1,744.2,1,34.544,1,2.497,1,744.2,1,2.497,1,34.5446,1
5905614,2025-10-01T02:26:54Z,1,-57.04038,130.68885,1,749.5,1,34.549,1,2.481,1,749.5,1,2.481,1,34.5496,1
5905614,2025-10-01T02:26:54Z,1,-57.04038,130.68885,1,754.5,1,34.552,1,2.473,1,754.5,1,2.473,1,34.5526,1
5905614,2025-10-01T02:26:54Z,1,-57.04038,130.68885,1,759.5,1,34.557,1,2.477,1,759.5,1,2.477,1,34.5576,1
5905614,2025-10-01T02:26:54Z,1,-57.04038,130.68885,1,764.2,1,34.558,1,2.48,1,764.2,1,2.48,1,34.5586,1
5905614,2025-10-01T02:26:54Z,1,-57.04038,130.68885,1,768.7,1,34.562,1,2.477,1,768.7,1,2.477,1,34.5626,1
5905614,2025-10-01T02:26:54Z,1,-57.04038,130.68885,1,773.5,1,34.567,1,2.476,1,773.5,1,2.476,1,34.5676,1
5905614,2025-10-01T02:26:54Z,1,-57.04038,130.68885,1,777.9,1,34.571,1,2.481,1,777.9,1,2.481,1,34.5716,1
5905614,2025-10-01T02:26:54Z,1,-57.04038,130.68885,1,784.7,1,34.575,1,2.481,1,784.7,1,2.481,1,34.5756,1
5905614,2025-10-01T02:26:54Z,1,-57.04038,130.68885,1,789.7,1,34.576,1,2.481,1,789.7,1,2.481,1,34.5766,1
5905614,2025-10-01T02:26:54Z,1,-57.04038,130.68885,1,794.7,1,34.578,1,2.479,1,794.7,1,2.479,1,34.5786,1
5905614,2025-10-01T02:26:54Z,1,-57.04038,130.68885,1,799.6,1,34.58,1,2.478,1,799.6,1,2.478,1,34.5807,1
5905614,2025-10-01T02:26:54Z,1,-57.04038,130.68885,1,804.6,1,34.58,1,2.477,1,804.6,1,2.477,1,34.5807,1
5905614,2025-10-01T02:26:54Z,1,-57.04038,130.68885,1,809.7,1,34.581,1,2.476,1,809.7,1,2.476,1,34.5817,1
5905614,2025-10-01T02:26:54Z,1,-57.04038,130.68885,1,815.0,1,34.586,1,2.478,1,815.0,1,2.478,1,34.5867,1
5905614,2025-10-01T02:26:54Z,1,-57.04038,130.68885,1,820.5,1,34.587,1,2.477,1,820.5,1,2.477,1,34.5877,1
5905614,2025-10-01T02:26:54Z,1,-57.04038,130.68885,1,823.3,1,34.589,1,2.474,1,823.3,1,2.474,1,34.5897,1
5905614,2025-10-01T02:26:54Z,1,-57.04038,130.68885,1,828.7,1,34.589,1,2.471,1,828.7,1,2.471,1,34.5897,1
5905614,2025-10-01T02:26:54Z,1,-57.04038,130.68885,1,834.1,1,34.593,1,2.469,1,834.1,1,2.469,1,34.5937,1
5905614,2025-10-01T02:26:54Z,1,-57.04038,130.68885,1,839.3,1,34.597,1,2.462,1,839.3,1,2.462,1,34.5977,1
5905614,2025-10-01T02:26:54Z,1,-57.04038,130.68885,1,844.4,1,34.6,1,2.458,1,844.4,1,2.458,1,34.6007,1
5905614,2025-10-01T02:26:54Z,1,-57.04038,130.68885,1,849.5,1,34.601,1,2.457,1,849.5,1,2.457,1,34.6017,1
5905614,2025-10-01T02:26:54Z,1,-57.04038,130.68885,1,854.5,1,34.604,1,2.454,1,854.5,1,2.454,1,34.6047,1
5905614,2025-10-01T02:26:54Z,1,-57.04038,130.68885,1,859.6,1,34.605,1,2.453,1,859.6,1,2.453,1,34.6057,1
5905614,2025-10-01T02:26:54Z,1,-57.04038,130.68885,1,864.6,1,34.607,1,2.451,1,864.6,1,2.451,1,34.6077,1
5905614,2025-10-01T02:26:54Z,1,-57.04038,130.68885,1,869.8,1,34.608,1,2.449,1,869.8,1,2.449,1,34.6087,1
5905614,2025-10-01T02:26:54Z,1,-57.04038,130.68885,1,874.4,1,34.609,1,2.448,1,874.4,1,2.448,1,34.6097,1
5905614,2025-10-01T02:26:54Z,1,-57.04038,130.68885,1,879.2,1,34.612,1,2.452,1,879.2,1,2.452,1,34.6127,1
5905614,2025-10-01T02:26:54Z,1,-57.04038,130.68885,1,883.6,1,34.614,1,2.456,1,883.6,1,2.456,1,34.6147,1
5905614,2025-10-01T02:26:54Z,1,-57.04038,130.68885,1,887.9,1,34.617,1,2.456,1,887.9,1,2.456,1,34.6177,1
5905614,2025-10-01T02:26:54Z,1,-57.04038,130.68885,1,894.2,1,34.619,1,2.453,1,894.2,1,2.453,1,34.6197,1
5905614,2025-10-01T02:26:54Z,1,-57.04038,130.68885,1,898.5,1,34.621,1,2.451,1,898.5,1,2.451,1,34.6217,1
5905614,2025-10-01T02:26:54Z,1,-57.04038,130.68885,1,904.4,1,34.624,1,2.445,1,904.4,1,2.445,1,34.6247,1
5905614,2025-10-01T02:26:54Z,1,-57.04038,130.68885,1,908.3,1,34.625,1,2.441,1,908.3,1,2.441,1,34.6257,1
5905614,2025-10-01T02:26:54Z,1,-57.04038,130.68885,1,913.5,1,34.627,1,2.435,1,913.5,1,2.435,1,34.6277,1
5905614,2025-10-01T02:26:54Z,1,-57.04038,130.68885,1,918.4,1,34.629,1,2.429,1,918.4,1,2.429,1,34.6298,1
5905614,2025-10-01T02:26:54Z,1,-57.04038,130.68885,1,922.5,1,34.631,1,2.417,1,922.5,1,2.417,1,34.6318,1
5905614,2025-10-01T02:26:54Z,1,-57.04038,130.68885,1,927.5,1,34.634,1,2.405,1,927.5,1,2.405,1,34.6348,1
5905614,2025-10-01T02:26:54Z,1,-57.04038,130.68885,1,932.1,1,34.634,1,2.393,1,932.1,1,2.393,1,34.6348,1
5905614,2025-10-01T02:26:54Z,1,-57.04038,130.68885,1,937.6,1,34.635,1,2.388,1,937.6,1,2.388,1,34.6358,1
5905614,2025-10-01T02:26:54Z,1,-57.04038,130.68885,1,942.0,1,34.64,1,2.386,1,942.0,1,2.386,1,34.6408,1
5905614,2025-10-01T02:26:54Z,1,-57.04038,130.68885,1,948.2,1,34.643,1,2.378,1,948.2,1,2.378,1,34.6438,1
5905614,2025-10-01T02:26:54Z,1,-57.04038,130.68885,1,952.4,1,34.647,1,2.376,1,952.4,1,2.376,1,34.6478,1
5905614,2025-10-01T02:26:54Z,1,-57.04038,130.68885,1,958.8,1,34.651,1,2.378,1,958.8,1,2.378,1,34.6518,1
5905614,2025-10-01T02:26:54Z,1,-57.04038,130.68885,1,964.1,1,34.653,1,2.374,1,964.1,1,2.374,1,34.6538,1
5905614,2025-10-01T02:26:54Z,1,-57.04038,130.68885,1,967.8,1,34.653,1,2.373,1,967.8,1,2.373,1,34.6538,1
5905614,2025-10-01T02:26:54Z,1,-57.04038,130.68885,1,973.4,1,34.654,1,2.37,1,973.4,1,2.37,1,34.6548,1
5905614,2025-10-01T02:26:54Z,1,-57.04038,130.68885,1,979.2,1,34.655,1,2.369,1,979.2,1,2.369,1,34.6558,1
5905614,2025-10-01T02:26:54Z,1,-57.04038,130.68885,1,982.8,1,34.656,1,2.367,1,982.8,1,2.367,1,34.6568,1
5905614,2025-10-01T02:26:54Z,1,-57.04038,130.68885,1,988.1,1,34.656,1,2.368,1,988.1,1,2.368,1,34.6568,1
5905614,2025-10-01T02:26:54Z,1,-57.04038,130.68885,1,993.2,1,34.657,1,2.367,1,993.2,1,2.367,1,34.6578,1
5905614,2025-10-01T02:26:54Z,1,-57.04038,130.68885,1,997.8,1,34.659,1,2.364,1,997.8,1,2.364,1,34.6598,1
5905614,2025-10-01T02:26:54Z,1,-57.04038,130.68885,1,1001.1,1,34.658,1,2.363,1,1001.1,1,2.363,1,34.6588,1
5905614,2025-10-01T14:26:43Z,1,-57.08816,130.74705,1,0.0,1,33.844,1,2.354,1,0.0,1,2.354,1,33.844,1
5905614,2025-10-01T14:26:43Z,1,-57.08816,130.74705,1,0.8,1,33.844,1,2.356,1,0.8,1,2.356,1,33.844,1
5905614,2025-10-01T14:26:43Z,1,-57.08816,130.74705,1,1.9,1,33.844,1,2.358,1,1.9,1,2.358,1,33.844,1
5905614,2025-10-01T14:26:43Z,1,-57.08816,130.74705,1,2.4,1,33.844,1,2.359,1,2.4,1,2.359,1,33.844,1
5905614,2025-10-01T14:26:43Z,1,-57.08816,130.74705,1,2.6,1,33.844,1,2.359,1,2.6,1,2.359,1,33.844,1
5905614,2025-10-01T14:26:43Z,1,-57.08816,130.74705,1,2.7,1,33.844,1,2.358,1,2.7,1,2.358,1,33.844,1
5905614,2025-10-01T14:26:43Z,1,-57.08816,130.74705,1,3.0,1,33.844,1,2.358,1,3.0,1,2.358,1,33.844,1
5905614,2025-10-01T14:26:43Z,1,-57.08816,130.74705,1,3.3,1,33.844,1,2.358,1,3.3,1,2.358,1,33.844,1
5905614,2025-10-01T14:26:43Z,1,-57.08816,130.74705,1,3.6,1,33.844,1,2.359,1,3.6,1,2.359,1,33.844,1
5905614,2025-10-01T14:26:43Z,1,-57.08816,130.74705,1,3.7,1,33.844,1,2.358,1,3.7,1,2.358,1,33.844,1
5905614,2025-10-01T14:26:43Z,1,-57.08816,130.74705,1,3.9,1,33.844,1,2.359,1,3.9,1,2.359,1,33.844,1
5905614,2025-10-01T14:26:43Z,1,-57.08816,130.74705,1,4.1,1,33.844,1,2.359,1,4.1,1,2.359,1,33.844,1
5905614,2025-10-01T14:26:43Z,1,-57.08816,130.74705,1,4.3,1,33.844,1,2.358,1,4.3,1,2.358,1,33.844,1
5905614,2025-10-01T14:26:43Z,1,-57.08816,130.74705,1,4.5,1,33.844,1,2.358,1,4.5,1,2.358,1,33.844,1
5905614,2025-10-01T14:26:43Z,1,-57.08816,130.74705,1,4.8,1,33.844,1,2.359,1,4.8,1,2.359,1,33.844,1
5905614,2025-10-01T14:26:43Z,1,-57.08816,130.74705,1,4.9,1,33.844,1,2.359,1,4.9,1,2.359,1,33.844,1
5905614,2025-10-01T14:26:43Z,1,-57.08816,130.74705,1,5.0,1,33.844,1,2.359,1,5.0,1,2.359,1,33.844,1
5905614,2025-10-01T14:26:43Z,1,-57.08816,130.74705,1,5.2,1,33.845,1,2.359,1,5.2,1,2.359,1,33.845,1
5905614,2025-10-01T14:26:43Z,1,-57.08816,130.74705,1,5.4,1,33.844,1,2.359,1,5.4,1,2.359,1,33.844,1
5905614,2025-10-01T14:26:43Z,1,-57.08816,130.74705,1,5.7,1,33.844,1,2.359,1,5.7,1,2.359,1,33.844,1
5905614,2025-10-01T14:26:43Z,1,-57.08816,130.74705,1,6.0,1,33.844,1,2.359,1,6.0,1,2.359,1,33.844,1
5905614,2025-10-01T14:26:43Z,1,-57.08816,130.74705,1,6.1,1,33.845,1,2.359,1,6.1,1,2.359,1,33.845,1
5905614,2025-10-01T14:26:43Z,1,-57.08816,130.74705,1,6.3,1,33.844,1,2.359,1,6.3,1,2.359,1,33.844,1
5905614,2025-10-01T14:26:43Z,1,-57.08816,130.74705,1,6.6,1,33.844,1,2.36,1,6.6,1,2.36,1,33.844,1
5905614,2025-10-01T14:26:43Z,1,-57.08816,130.74705,1,6.8,1,33.844,1,2.36,1,6.8,1,2.36,1,33.844,1
5905614,2025-10-01T14:26:43Z,1,-57.08816,130.74705,1,6.9,1,33.844,1,2.36,1,6.9,1,2.36,1,33.844,1
5905614,2025-10-01T14:26:43Z,1,-57.08816,130.74705,1,7.2,1,33.844,1,2.36,1,7.2,1,2.36,1,33.844,1
5905614,2025-10-01T14:26:43Z,1,-57.08816,130.74705,1,7.5,1,33.844,1,2.36,1,7.5,1,2.36,1,33.844,1
5905614,2025-10-01T14:26:43Z,1,-57.08816,130.74705,1,7.8,1,33.844,1,2.36,1,7.8,1,2.36,1,33.844,1
5905614,2025-10-01T14:26:43Z,1,-57.08816,130.74705,1,7.9,1,33.844,1,2.36,1,7.9,1,2.36,1,33.844,1
5905614,2025-10-01T14:26:43Z,1,-57.08816,130.74705,1,8.3,1,33.845,1,2.36,1,8.3,1,2.36,1,33.845,1
5905614,2025-10-01T14:26:43Z,1,-57.08816,130.74705,1,8.5,1,33.844,1,2.36,1,8.5,1,2.36,1,33.844,1
5905614,2025-10-01T14:26:43Z,1,-57.08816,130.74705,1,8.9,1,33.844,1,2.36,1,8.9,1,2.36,1,33.844,1
5905614,2025-10-01T14:26:43Z,1,-57.08816,130.74705,1,9.2,1,33.844,1,2.361,1,9.2,1,2.361,1,33.844,1
5905614,2025-10-01T14:26:43Z,1,-57.08816,130.74705,1,9.5,1,33.844,1,2.361,1,9.5,1,2.361,1,33.844,1
5905614,2025-10-01T14:26:43Z,1,-57.08816,130.74705,1,9.8,1,33.844,1,2.36,1,9.8,1,2.36,1,33.844,1
5905614,2025-10-01T14:26:43Z,1,-57.08816,130.74705,1,10.1,1,33.844,1,2.361,1,10.1,1,2.361,1,33.844,1
5905614,2025-10-01T14:26:43Z,1,-57.08816,130.74705,1,10.5,1,33.844,1,2.361,1,10.5,1,2.361,1,33.844,1
5905614,2025-10-01T14:26:43Z,1,-57.08816,130.74705,1,10.7,1,33.844,1,2.361,1,10.7,1,2.361,1,33.844,1
5905614,2025-10-01T14:26:43Z,1,-57.08816,130.74705,1,11.0,1,33.844,1,2.361,1,11.0,1,2.361,1,33.844,1
5905614,2025-10-01T14:26:43Z,1,-57.08816,130.74705,1,11.4,1,33.844,1,2.361,1,11.4,1,2.361,1,33.844,1
5905614,2025-10-01T14:26:43Z,1,-57.08816,130.74705,1,11.7,1,33.844,1,2.361,1,11.7,1,2.361,1,33.844,1
5905614,2025-10-01T14:26:43Z,1,-57.08816,130.74705,1,11.9,1,33.844,1,2.361,1,11.9,1,2.361,1,33.844,1
5905614,2025-10-01T14:26:43Z,1,-57.08816,130.74705,1,12.0,1,33.844,1,2.361,1,12.0,1,2.361,1,33.844,1
5905614,2025-10-01T14:26:43Z,1,-57.08816,130.74705,1,12.3,1,33.845,1,2.36,1,12.3,1,2.36,1,33.845,1
5905614,2025-10-01T14:26:43Z,1,-57.08816,130.74705,1,12.7,1,33.844,1,2.361,1,12.7,1,2.361,1,33.844,1
5905614,2025-10-01T14:26:43Z,1,-57.08816,130.74705,1,13.0,1,33.844,1,2.361,1,13.0,1,2.361,1,33.844,1
5905614,2025-10-01T14:26:43Z,1,-57.08816,130.74705,1,13.4,1,33.844,1,2.361,1,13.4,1,2.361,1,33.844,1
5905614,2025-10-01T14:26:43Z,1,-57.08816,130.74705,1,13.8,1,33.844,1,2.361,1,13.8,1,2.361,1,33.844,1
5905614,2025-10-01T14:26:43Z,1,-57.08816,130.74705,1,13.9,1,33.844,1,2.361,1,13.9,1,2.361,1,33.844,1
5905614,2025-10-01T14:26:43Z,1,-57.08816,130.74705,1,14.0,1,33.844,1,2.361,1,14.0,1,2.361,1,33.844,1
5905614,2025-10-01T14:26:43Z,1,-57.08816,130.74705,1,14.4,1,33.844,1,2.361,1,14.4,1,2.361,1,33.844,1
5905614,2025-10-01T14:26:43Z,1,-57.08816,130.74705,1,14.7,1,33.844,1,2.362,1,14.7,1,2.362,1,33.844,1
5905614,2025-10-01T14:26:43Z,1,-57.08816,130.74705,1,15.1,1,33.844,1,2.361,1,15.1,1,2.361,1,33.844,1
5905614,2025-10-01T14:26:43Z,1,-57.08816,130.74705,1,15.3,1,33.844,1,2.361,1,15.3,1,2.361,1,33.844,1
5905614,2025-10-01T14:26:43Z,1,-57.08816,130.74705,1,15.7,1,33.844,1,2.361,1,15.7,1,2.361,1,33.844,1
5905614,2025-10-01T14:26:43Z,1,-57.08816,130.74705,1,15.9,1,33.844,1,2.361,1,15.9,1,2.361,1,33.844,1
5905614,2025-10-01T14:26:43Z,1,-57.08816,130.74705,1,16.0,1,33.844,1,2.361,1,16.0,1,2.361,1,33.844,1
5905614,2025-10-01T14:26:43Z,1,-57.08816,130.74705,1,16.4,1,33.844,1,2.361,1,16.4,1,2.361,1,33.844,1
5905614,2025-10-01T14:26:43Z,1,-57.08816,130.74705,1,16.8,1,33.844,1,2.362,1,16.8,1,2.362,1,33.844,1
5905614,2025-10-01T14:26:43Z,1,-57.08816,130.74705,1,17.1,1,33.845,1,2.361,1,17.1,1,2.361,1,33.845,1
5905614,2025-10-01T14:26:43Z,1,-57.08816,130.74705,1,17.4,1,33.845,1,2.361,1,17.4,1,2.361,1,33.845,1
5905614,2025-10-01T14:26:43Z,1,-57.08816,130.74705,1,17.8,1,33.844,1,2.362,1,17.8,1,2.362,1,33.844,1
5905614,2025-10-01T14:26:43Z,1,-57.08816,130.74705,1,18.0,1,33.845,1,2.362,1,18.0,1,2.362,1,33.845,1
5905614,2025-10-01T14:26:43Z,1,-57.08816,130.74705,1,18.2,1,33.844,1,2.362,1,18.2,1,2.362,1,33.844,1
5905614,2025-10-01T14:26:43Z,1,-57.08816,130.74705,1,18.5,1,33.844,1,2.362,1,18.5,1,2.362,1,33.844,1
5905614,2025-10-01T14:26:43Z,1,-57.08816,130.74705,1,18.9,1,33.845,1,2.362,1,18.9,1,2.362,1,33.845,1
5905614,2025-10-01T14:26:43Z,1,-57.08816,130.74705,1,19.4,1,33.845,1,2.361,1,19.4,1,2.361,1,33.845,1
5905614,2025-10-01T14:26:43Z,1,-57.08816,130.74705,1,19.7,1,33.845,1,2.361,1,19.7,1,2.361,1,33.845,1
5905614,2025-10-01T14:26:43Z,1,-57.08816,130.74705,1,20.1,1,33.845,1,2.361,1,20.1,1,2.361,1,33.845,1
5905614,2025-10-01T14:26:43Z,1,-57.08816,130.74705,1,22.0,1,33.845,1,2.361,1,22.0,1,2.361,1,33.845,1
5905614,2025-10-01T14:26:43Z,1,-57.08816,130.74705,1,24.0,1,33.845,1,2.361,1,24.0,1,2.361,1,33.845,1
5905614,2025-10-01T14:26:43Z,1,-57.08816,130.74705,1,26.0,1,33.844,1,2.361,1,26.0,1,2.361,1,33.844,1
5905614,2025-10-01T14:26:43Z,1,-57.08816,130.74705,1,27.8,1,33.844,1,2.362,1,27.8,1,2.362,1,33.844,1
5905614,2025-10-01T14:26:43Z,1,-57.08816,130.74705,1,29.9,1,33.844,1,2.362,1,29.9,1,2.362,1,33.844,1
5905614,2025-10-01T14:26:43Z,1,-57.08816,130.74705,1,31.9,1,33.845,1,2.362,1,31.9,1,2.362,1,33.845,1
5905614,2025-10-01T14:26:43Z,1,-57.08816,130.74705,1,34.0,1,33.845,1,2.362,1,34.0,1,2.362,1,33.845,1
5905614,2025-10-01T14:26:43Z,1,-57.08816,130.74705,1,35.9,1,33.844,1,2.362,1,35.9,1,2.362,1,33.844,1
5905614,2025-10-01T14:26:43Z,1,-57.08816,130.74705,1,37.9,1,33.844,1,2.362,1,37.9,1,2.362,1,33.844,1
5905614,2025-10-01T14:26:43Z,1,-57.08816,130.74705,1,39.8,1,33.845,1,2.362,1,39.8,1,2.362,1,33.845,1
5905614,2025-10-01T14:26:43Z,1,-57.08816,130.74705,1,41.9,1,33.845,1,2.362,1,41.9,1,2.362,1,33.845,1
5905614,2025-10-01T14:26:43Z,1,-57.08816,130.74705,1,44.0,1,33.845,1,2.362,1,44.0,1,2.362,1,33.845,1
5905614,2025-10-01T14:26:43Z,1,-57.08816,130.74705,1,45.9,1,33.845,1,2.362,1,45.9,1,2.362,1,33.845,1
5905614,2025-10-01T14:26:43Z,1,-57.08816,130.74705,1,47.8,1,33.845,1,2.362,1,47.8,1,2.362,1,33.845,1
5905614,2025-10-01T14:26:43Z,1,-57.08816,130.74705,1,50.0,1,33.845,1,2.362,1,50.0,1,2.362,1,33.845,1
5905614,2025-10-01T14:26:43Z,1,-57.08816,130.74705,1,52.0,1,33.845,1,2.362,1,52.0,1,2.362,1,33.845,1
5905614,2025-10-01T14:26:43Z,1,-57.08816,130.74705,1,54.0,1,33.845,1,2.362,1,54.0,1,2.362,1,33.845,1
5905614,2025-10-01T14:26:43Z,1,-57.08816,130.74705,1,55.9,1,33.844,1,2.363,1,55.9,1,2.363,1,33.844,1
5905614,2025-10-01T14:26:43Z,1,-57.08816,130.74705,1,57.9,1,33.844,1,2.363,1,57.9,1,2.363,1,33.8441,1
5905614,2025-10-01T14:26:43Z,1,-57.08816,130.74705,1,60.0,1,33.844,1,2.363,1,60.0,1,2.363,1,33.8441,1
5905614,2025-10-01T14:26:43Z,1,-57.08816,130.74705,1,62.1,1,33.845,1,2.363,1,62.1,1,2.363,1,33.8451,1
5905614,2025-10-01T14:26:43Z,1,-57.08816,130.74705,1,64.1,1,33.845,1,2.363,1,64.1,1,2.363,1,33.8451,1
5905614,2025-10-01T14:26:43Z,1,-57.08816,130.74705,1,66.1,1,33.846,1,2.363,1,66.1,1,2.363,1,33.8461,1
5905614,2025-10-01T14:26:43Z,1,-57.08816,130.74705,1,68.0,1,33.846,1,2.358,1,68.0,1,2.358,1,33.8461,1
5905614,2025-10-01T14:26:43Z,1,-57.08816,130.74705,1,70.1,1,33.848,1,2.349,1,70.1,1,2.349,1,33.8481,1
5905614,2025-10-01T14:26:43Z,1,-57.08816,130.74705,1,72.1,1,33.848,1,2.348,1,72.1,1,2.348,1,33.8481,1
5905614,2025-10-01T14:26:43Z,1,-57.08816,130.74705,1,73.9,1,33.848,1,2.345,1,73.9,1,2.345,1,33.8481,1
5905614,2025-10-01T14:26:43Z,1,-57.08816,130.74705,1,76.0,1,33.848,1,2.342,1,76.0,1,2.342,1,33.8481,1
5905614,2025-10-01T14:26:43Z,1,-57.08816,130.74705,1,78.1,1,33.848,1,2.339,1,78.1,1,2.339,1,33.8481,1
5905614,2025-10-01T14:26:43Z,1,-57.08816,130.74705,1,80.1,1,33.848,1,2.337,1,80.1,1,2.337,1,33.8481,1
5905614,2025-10-01T14:26:43Z,1,-57.08816,130.74705,1,82.1,1,33.848,1,2.332,1,82.1,1,2.332,1,33.8481,1
5905614,2025-10-01T14:26:43Z,1,-57.08816,130.74705,1,84.0,1,33.849,1,2.32,1,84.0,1,2.32,1,33.8491,1
5905614,2025-10-01T14:26:43Z,1,-57.08816,130.74705,1,85.9,1,33.849,1,2.319,1,85.9,1,2.319,1,33.8491,1
5905614,2025-10-01T14:26:43Z,1,-57.08816,130.74705,1,88.0,1,33.849,1,2.316,1,88.0,1,2.316,1,33.8491,1
5905614,2025-10-01T14:26:43Z,1,-57.08816,130.74705,1,89.9,1,33.849,1,2.315,1,89.9,1,2.315,1,33.8491,1
5905614,2025-10-01T14:26:43Z,1,-57.08816,130.74705,1,91.9,1,33.849,1,2.307,1,91.9,1,2.307,1,33.8491,1
5905614,2025-10-01T14:26:43Z,1,-57.08816,130.74705,1,94.0,1,33.849,1,2.303,1,94.0,1,2.303,1,33.8491,1
5905614,2025-10-01T14:26:43Z,1,-57.08816,130.74705,1,95.9,1,33.848,1,2.3,1,95.9,1,2.3,1,33.8481,1
5905614,2025-10-01T14:26:43Z,1,-57.08816,130.74705,1,97.9,1,33.849,1,2.289,1,97.9,1,2.289,1,33.8491,1
5905614,2025-10-01T14:26:43Z,1,-57.08816,130.74705,1,99.8,1,33.849,1,2.286,1,99.8,1,2.286,1,33.8491,1
5905614,2025-10-01T14:26:43Z,1,-57.08816,130.74705,1,101.8,1,33.848,1,2.283,1,101.8,1,2.283,1,33.8481,1
5905614,2025-10-01T14:26:43Z,1,-57.08816,130.74705,1,104.0,1,33.848,1,2.279,1,104.0,1,2.279,1,33.8481,1
5905614,2025-10-01T14:26:43Z,1,-57.08816,130.74705,1,106.1,1,33.849,1,2.276,1,106.1,1,2.276,1,33.8491,1
5905614,2025-10-01T14:26:43Z,1,-57.08816,130.74705,1,107.9,1,33.848,1,2.272,1,107.9,1,2.272,1,33.8481,1
5905614,2025-10-01T14:26:43Z,1,-57.08816,130.74705,1,109.9,1,33.849,1,2.269,1,109.9,1,2.269,1,33.8491,1
5905614,2025-10-01T14:26:43Z,1,-57.08816,130.74705,1,112.0,1,33.849,1,2.269,1,112.0,1,2.269,1,33.8491,1
5905614,2025-10-01T14:26:43Z,1,-57.08816,130.74705,1,114.1,1,33.849,1,2.269,1,114.1,1,2.269,1,33.8491,1
5905614,2025-10-01T14:26:43Z,1,-57.08816,130.74705,1,116.0,1,33.849,1,2.269,1,116.0,1,2.269,1,33.8491,1
5905614,2025-10-01T14:26:43Z,1,-57.08816,130.74705,1,118.0,1,33.849,1,2.269,1,118.0,1,2.269,1,33.8491,1
5905614,2025-10-01T14:26:43Z,1,-57.08816,130.74705,1,119.9,1,33.849,1,2.269,1,119.9,1,2.269,1,33.8491,1
5905614,2025-10-01T14:26:43Z,1,-57.08816,130.74705,1,121.9,1,33.849,1,2.269,1,121.9,1,2.269,1,33.8491,1
5905614,2025-10-01T14:26:43Z,1,-57.08816,130.74705,1,124.0,1,33.851,1,2.269,1,124.0,1,2.269,1,33.8511,1
5905614,2025-10-01T14:26:43Z,1,-57.08816,130.74705,1,126.0,1,33.852,1,2.272,1,126.0,1,2.272,1,33.8521,1
5905614,2025-10-01T14:26:43Z,1,-57.08816,130.74705,1,127.9,1,33.853,1,2.273,1,127.9,1,2.273,1,33.8531,1
5905614,2025-10-01T14:26:43Z,1,-57.08816,130.74705,1,129.8,1,33.854,1,2.274,1,129.8,1,2.274,1,33.8541,1
5905614,2025-10-01T14:26:43Z,1,-57.08816,130.74705,1,131.9,1,33.854,1,2.275,1,131.9,1,2.275,1,33.8541,1
5905614,2025-10-01T14:26:43Z,1,-57.08816,130.74705,1,133.8,1,33.854,1,2.276,1,133.8,1,2.276,1,33.8541,1
5905614,2025-10-01T14:26:43Z,1,-57.08816,130.74705,1,135.8,1,33.854,1,2.277,1,135.8,1,2.277,1,33.8541,1
5905614,2025-10-01T14:26:43Z,1,-57.08816,130.74705,1,137.9,1,33.855,1,2.278,1,137.9,1,2.278,1,33.8551,1
5905614,2025-10-01T14:26:43Z,1,-57.08816,130.74705,1,140.0,1,33.855,1,2.28,1,140.0,1,2.28,1,33.8551,1
5905614,2025-10-01T14:26:43Z,1,-57.08816,130.74705,1,141.9,1,33.857,1,2.283,1,141.9,1,2.283,1,33.8571,1
5905614,2025-10-01T14:26:43Z,1,-57.08816,130.74705,1,143.9,1,33.864,1,2.294,1,143.9,1,2.294,1,33.8641,1
5905614,2025-10-01T14:26:43Z,1,-57.08816,130.74705,1,146.0,1,33.871,1,2.335,1,146.0,1,2.335,1,33.8711,1
5905614,2025-10-01T14:26:43Z,1,-57.08816,130.74705,1,148.0,1,33.878,1,2.358,1,148.0,1,2.358,1,33.8781,1
5905614,2025-10-01T14:26:43Z,1,-57.08816,130.74705,1,150.0,1,33.888,1,2.389,1,150.0,1,2.389,1,33.8881,1
5905614,2025-10-01T14:26:43Z,1,-57.08816,130.74705,1,152.0,1,33.889,1,2.421,1,152.0,1,2.421,1,33.8891,1
5905614,2025-10-01T14:26:43Z,1,-57.08816,130.74705,1,153.9,1,33.895,1,2.444,1,153.9,1,2.444,1,33.8951,1
5905614,2025-10-01T14:26:43Z,1,-57.08816,130.74705,1,156.0,1,33.912,1,2.509,1,156.0,1,2.509,1,33.9121,1
5905614,2025-10-01T14:26:43Z,1,-57.08816,130.74705,1,158.1,1,33.936,1,2.586,1,158.1,1,2.586,1,33.9361,1
5905614,2025-10-01T14:26:43Z,1,-57.08816,130.74705,1,160.0,1,33.945,1,2.595,1,160.0,1,2.595,1,33.9451,1
5905614,2025-10-01T14:26:43Z,1,-57.08816,130.74705,1,162.0,1,33.952,1,2.59,1,162.0,1,2.59,1,33.9521,1
5905614,2025-10-01T14:26:43Z,1,-57.08816,130.74705,1,163.8,1,33.955,1,2.597,1,163.8,1,2.597,1,33.9551,1
5905614,2025-10-01T14:26:43Z,1,-57.08816,130.74705,1,165.9,1,33.972,1,2.707,1,165.9,1,2.707,1,33.9721,1
5905614,2025-10-01T14:26:43Z,1,-57.08816,130.74705,1,167.9,1,33.969,1,2.6,1,167.9,1,2.6,1,33.9691,1
5905614,2025-10-01T14:26:43Z,1,-57.08816,130.74705,1,170.0,1,33.997,1,2.651,1,170.0,1,2.651,1,33.9971,1
5905614,2025-10-01T14:26:43Z,1,-57.08816,130.74705,1,172.1,1,34.002,1,2.651,1,172.1,1,2.651,1,34.0021,1
5905614,2025-10-01T14:26:43Z,1,-57.08816,130.74705,1,173.9,1,34.027,1,2.696,1,173.9,1,2.696,1,34.0271,1
5905614,2025-10-01T14:26:43Z,1,-57.08816,130.74705,1,175.9,1,34.05,1,2.938,1,175.9,1,2.938,1,34.0501,1
5905614,2025-10-01T14:26:43Z,1,-57.08816,130.74705,1,177.9,1,34.061,1,3.065,1,177.9,1,3.065,1,34.0611,1
5905614,2025-10-01T14:26:43Z,1,-57.08816,130.74705,1,180.0,1,34.063,1,3.027,1,180.0,1,3.027,1,34.0631,1
5905614,2025-10-01T14:26:43Z,1,-57.08816,130.74705,1,181.9,1,34.045,1,2.908,1,181.9,1,2.908,1,34.0451,1
5905614,2025-10-01T14:26:43Z,1,-57.08816,130.74705,1,184.0,1,34.03,1,2.684,1,184.0,1,2.684,1,34.0301,1
5905614,2025-10-01T14:26:43Z,1,-57.08816,130.74705,1,185.9,1,34.034,1,2.622,1,185.9,1,2.622,1,34.0341,1
5905614,2025-10-01T14:26:43Z,1,-57.08816,130.74705,1,187.9,1,34.043,1,2.677,1,187.9,1,2.677,1,34.0431,1
5905614,2025-10-01T14:26:43Z,1,-57.08816,130.74705,1,189.9,1,34.056,1,2.752,1,189.9,1,2.752,1,34.0562,1
5905614,2025-10-01T14:26:43Z,1,-57.08816,130.74705,1,191.9,1,34.042,1,2.674,1,191.9,1,2.674,1,34.0422,1
5905614,2025-10-01T14:26:43Z,1,-57.08816,130.74705,1,193.9,1,34.025,1,2.533,1,193.9,1,2.533,1,34.0252,1
5905614,2025-10-01T14:26:43Z,1,-57.08816,130.74705,1,195.9,1,34.036,1,2.533,1,195.9,1,2.533,1,34.0362,1
5905614,2025-10-01T14:26:43Z,1,-57.08816,130.74705,1,198.0,1,34.034,1,2.464,1,198.0,1,2.464,1,34.0342,1
5905614,2025-10-01T14:26:43Z,1,-57.08816,130.74705,1,200.0,1,34.037,1,2.463,1,200.0,1,2.463,1,34.0372,1
5905614,2025-10-01T14:26:43Z,1,-57.08816,130.74705,1,202.0,1,34.04,1,2.475,1,202.0,1,2.475,1,34.0402,1
5905614,2025-10-01T14:26:43Z,1,-57.08816,130.74705,1,203.9,1,34.049,1,2.508,1,203.9,1,2.508,1,34.0492,1
5905614,2025-10-01T14:26:43Z,1,-57.08816,130.74705,1,206.0,1,34.059,1,2.554,1,206.0,1,2.554,1,34.0592,1
5905614,2025-10-01T14:26:43Z,1,-57.08816,130.74705,1,207.9,1,34.063,1,2.578,1,207.9,1,2.578,1,34.0632,1
5905614,2025-10-01T14:26:43Z,1,-57.08816,130.74705,1,209.9,1,34.072,1,2.606,1,209.9,1,2.606,1,34.0722,1
5905614,2025-10-01T14:26:43Z,1,-57.08816,130.74705,1,212.1,1,34.077,1,2.616,1,212.1,1,2.616,1,34.0772,1
5905614,2025-10-01T14:26:43Z,1,-57.08816,130.74705,1,214.1,1,34.078,1,2.612,1,214.1,1,2.612,1,34.0782,1
5905614,2025-10-01T14:26:43Z,1,-57.08816,130.74705,1,216.0,1,34.083,1,2.629,1,216.0,1,2.629,1,34.0832,1
5905614,2025-10-01T14:26:43Z,1,-57.08816,130.74705,1,218.0,1,34.092,1,2.65,1,218.0,1,2.65,1,34.0922,1
5905614,2025-10-01T14:26:43Z,1,-57.08816,130.74705,1,220.0,1,34.095,1,2.672,1,220.0,1,2.672,1,34.0952,1
5905614,2025-10-01T14:26:43Z,1,-57.08816,130.74705,1,222.0,1,34.103,1,2.699,1,222.0,1,2.699,1,34.1032,1
5905614,2025-10-01T14:26:43Z,1,-57.08816,130.74705,1,223.9,1,34.101,1,2.696,1,223.9,1,2.696,1,34.1012,1
5905614,2025-10-01T14:26:43Z,1,-57.08816,130.74705,1,225.9,1,34.103,1,2.687,1,225.9,1,2.687,1,34.1032,1
5905614,2025-10-01T14:26:43Z,1,-57.08816,130.74705,1,228.0,1,34.104,1,2.685,1,228.0,1,2.685,1,34.1042,1
5905614,2025-10-01T14:26:43Z,1,-57.08816,130.74705,1,229.9,1,34.106,1,2.678,1,229.9,1,2.678,1,34.1062,1
5905614,2025-10-01T14:26:43Z,1,-57.08816,130.74705,1,231.9,1,34.107,1,2.666,1,231.9,1,2.666,1,34.1072,1
5905614,2025-10-01T14:26:43Z,1,-57.08816,130.74705,1,234.0,1,34.111,1,2.688,1,234.0,1,2.688,1,34.1112,1
5905614,2025-10-01T14:26:43Z,1,-57.08816,130.74705,1,236.0,1,34.108,1,2.651,1,236.0,1,2.651,1,34.1082,1
5905614,2025-10-01T14:26:43Z,1,-57.08816,130.74705,1,238.1,1,34.105,1,2.588,1,238.1,1,2.588,1,34.1052,1
5905614,2025-10-01T14:26:43Z,1,-57.08816,130.74705,1,239.9,1,34.108,1,2.583,1,239.9,1,2.583,1,34.1082,1
5905614,2025-10-01T14:26:43Z,1,-57.08816,130.74705,1,241.9,1,34.118,1,2.606,1,241.9,1,2.606,1,34.1182,1
5905614,2025-10-01T14:26:43Z,1,-57.08816,130.74705,1,244.0,1,34.123,1,2.618,1,244.0,1,2.618,1,34.1232,1
5905614,2025-10-01T14:26:43Z,1,-57.08816,130.74705,1,246.0,1,34.125,1,2.625,1,246.0,1,2.625,1,34.1252,1
5905614,2025-10-01T14:26:43Z,1,-57.08816,130.74705,1,248.0,1,34.126,1,2.637,1,248.0,1,2.637,1,34.1262,1
5905614,2025-10-01T14:26:43Z,1,-57.08816,130.74705,1,250.0,1,34.133,1,2.657,1,250.0,1,2.657,1,34.1332,1
5905614,2025-10-01T14:26:43Z,1,-57.08816,130.74705,1,252.0,1,34.136,1,2.675,1,252.0,1,2.675,1,34.1362,1
5905614,2025-10-01T14:26:43Z,1,-57.08816,130.74705,1,254.1,1,34.136,1,2.653,1,254.1,1,2.653,1,34.1362,1
5905614,2025-10-01T14:26:43Z,1,-57.08816,130.74705,1,256.0,1,34.135,1,2.637,1,256.0,1,2.637,1,34.1352,1
5905614,2025-10-01T14:26:43Z,1,-57.08816,130.74705,1,257.9,1,34.136,1,2.629,1,257.9,1,2.629,1,34.1362,1
5905614,2025-10-01T14:26:43Z,1,-57.08816,130.74705,1,259.8,1,34.134,1,2.627,1,259.8,1,2.627,1,34.1342,1
5905614,2025-10-01T14:26:43Z,1,-57.08816,130.74705,1,261.9,1,34.136,1,2.612,1,261.9,1,2.612,1,34.1362,1
5905614,2025-10-01T14:26:43Z,1,-57.08816,130.74705,1,264.1,1,34.146,1,2.641,1,264.1,1,2.641,1,34.1462,1
5905614,2025-10-01T14:26:43Z,1,-57.08816,130.74705,1,265.9,1,34.148,1,2.652,1,265.9,1,2.652,1,34.1482,1
5905614,2025-10-01T14:26:43Z,1,-57.08816,130.74705,1,267.8,1,34.148,1,2.641,1,267.8,1,2.641,1,34.1482,1
5905614,2025-10-01T14:26:43Z,1,-57.08816,130.74705,1,270.0,1,34.145,1,2.632,1,270.0,1,2.632,1,34.1452,1
5905614,2025-10-01T14:26:43Z,1,-57.08816,130.74705,1,272.1,1,34.15,1,2.633,1,272.1,1,2.633,1,34.1502,1
5905614,2025-10-01T14:26:43Z,1,-57.08816,130.74705,1,274.1,1,34.151,1,2.636,1,274.1,1,2.636,1,34.1512,1
5905614,2025-10-01T14:26:43Z,1,-57.08816,130.74705,1,276.0,1,34.149,1,2.619,1,276.0,1,2.619,1,34.1492,1
5905614,2025-10-01T14:26:43Z,1,-57.08816,130.74705,1,277.9,1,34.148,1,2.596,1,277.9,1,2.596,1,34.1482,1
5905614,2025-10-01T14:26:43Z,1,-57.08816,130.74705,1,279.9,1,34.151,1,2.605,1,279.9,1,2.605,1,34.1512,1
5905614,2025-10-01T14:26:43Z,1,-57.08816,130.74705,1,281.9,1,34.161,1,2.644,1,281.9,1,2.644,1,34.1612,1
5905614,2025-10-01T14:26:43Z,1,-57.08816,130.74705,1,283.9,1,34.162,1,2.66,1,283.9,1,2.66,1,34.1622,1
5905614,2025-10-01T14:26:43Z,1,-57.08816,130.74705,1,285.9,1,34.163,1,2.621,1,285.9,1,2.621,1,34.1632,1
5905614,2025-10-01T14:26:43Z,1,-57.08816,130.74705,1,287.8,1,34.161,1,2.598,1,287.8,1,2.598,1,34.1612,1
5905614,2025-10-01T14:26:43Z,1,-57.08816,130.74705,1,289.9,1,34.161,1,2.581,1,289.9,1,2.581,1,34.1612,1
5905614,2025-10-01T14:26:43Z,1,-57.08816,130.74705,1,292.1,1,34.161,1,2.573,1,292.1,1,2.573,1,34.1612,1
5905614,2025-10-01T14:26:43Z,1,-57.08816,130.74705,1,294.0,1,34.162,1,2.554,1,294.0,1,2.554,1,34.1622,1
5905614,2025-10-01T14:26:43Z,1,-57.08816,130.74705,1,295.9,1,34.173,1,2.564,1,295.9,1,2.564,1,34.1732,1
5905614,2025-10-01T14:26:43Z,1,-57.08816,130.74705,1,298.0,1,34.173,1,2.591,1,298.0,1,2.591,1,34.1732,1
5905614,2025-10-01T14:26:43Z,1,-57.08816,130.74705,1,300.1,1,34.177,1,2.587,1,300.1,1,2.587,1,34.1772,1
5905614,2025-10-01T14:26:43Z,1,-57.08816,130.74705,1,302.0,1,34.174,1,2.553,1,302.0,1,2.553,1,34.1742,1
5905614,2025-10-01T14:26:43Z,1,-57.08816,130.74705,1,304.0,1,34.169,1,2.505,1,304.0,1,2.505,1,34.1692,1
5905614,2025-10-01T14:26:43Z,1,-57.08816,130.74705,1,306.0,1,34.181,1,2.503,1,306.0,1,2.503,1,34.1812,1
5905614,2025-10-01T14:26:43Z,1,-57.08816,130.74705,1,307.8,1,34.202,1,2.599,1,307.8,1,2.599,1,34.2022,1
5905614,2025-10-01T14:26:43Z,1,-57.08816,130.74705,1,309.8,1,34.201,1,2.629,1,309.8,1,2.629,1,34.2013,1
5905614,2025-10-01T14:26:43Z,1,-57.08816,130.74705,1,311.9,1,34.213,1,2.664,1,311.9,1,2.664,1,34.2133,1
5905614,2025-10-01T14:26:43Z,1,-57.08816,130.74705,1,314.0,1,34.209,1,2.656,1,314.0,1,2.656,1,34.2093,1
5905614,2025-10-01T14:26:43Z,1,-57.08816,130.74705,1,316.0,1,34.211,1,2.649,1,316.0,1,2.649,1,34.2113,1
5905614,2025-10-01T14:26:43Z,1,-57.08816,130.74705,1,317.9,1,34.214,1,2.649,1,317.9,1,2.649,1,34.2143,1
5905614,2025-10-01T14:26:43Z,1,-57.08816,130.74705,1,320.0,1,34.215,1,2.646,1,320.0,1,2.646,1,34.2153,1
5905614,2025-10-01T14:26:43Z,1,-57.08816,130.74705,1,322.1,1,34.215,1,2.644,1,322.1,1,2.644,1,34.2153,1
5905614,2025-10-01T14:26:43Z,1,-57.08816,130.74705,1,324.0,1,34.216,1,2.645,1,324.0,1,2.645,1,34.2163,1
5905614,2025-10-01T14:26:43Z,1,-57.08816,130.74705,1,326.1,1,34.219,1,2.651,1,326.1,1,2.651,1,34.2193,1
5905614,2025-10-01T14:26:43Z,1,-57.08816,130.74705,1,328.0,1,34.219,1,2.653,1,328.0,1,2.653,1,34.2193,1
5905614,2025-10-01T14:26:43Z,1,-57.08816,130.74705,1,329.9,1,34.222,1,2.658,1,329.9,1,2.658,1,34.2223,1
5905614,2025-10-01T14:26:43Z,1,-57.08816,130.74705,1,331.9,1,34.223,1,2.664,1,331.9,1,2.664,1,34.2233,1
5905614,2025-10-01T14:26:43Z,1,-57.08816,130.74705,1,334.0,1,34.225,1,2.668,1,334.0,1,2.668,1,34.2253,1
5905614,2025-10-01T14:26:43Z,1,-57.08816,130.74705,1,336.0,1,34.232,1,2.688,1,336.0,1,2.688,1,34.2323,1
5905614,2025-10-01T14:26:43Z,1,-57.08816,130.74705,1,337.9,1,34.237,1,2.701,1,337.9,1,2.701,1,34.2373,1
5905614,2025-10-01T14:26:43Z,1,-57.08816,130.74705,1,339.9,1,34.24,1,2.705,1,339.9,1,2.705,1,34.2403,1
5905614,2025-10-01T14:26:43Z,1,-57.08816,130.74705,1,341.9,1,34.242,1,2.705,1,341.9,1,2.705,1,34.2423,1
5905614,2025-10-01T14:26:43Z,1,-57.08816,130.74705,1,343.8,1,34.243,1,2.703,1,343.8,1,2.703,1,34.2433,1
5905614,2025-10-01T14:26:43Z,1,-57.08816,130.74705,1,346.0,1,34.244,1,2.704,1,346.0,1,2.704,1,34.2443,1
5905614,2025-10-01T14:26:43Z,1,-57.08816,130.74705,1,347.9,1,34.246,1,2.701,1,347.9,1,2.701,1,34.2463,1
5905614,2025-10-01T14:26:43Z,1,-57.08816,130.74705,1,349.9,1,34.249,1,2.696,1,349.9,1,2.696,1,34.2493,1
5905614,2025-10-01T14:26:43Z,1,-57.08816,130.74705,1,352.1,1,34.253,1,2.7,1,352.1,1,2.7,1,34.2533,1
5905614,2025-10-01T14:26:43Z,1,-57.08816,130.74705,1,354.0,1,34.258,1,2.717,1,354.0,1,2.717,1,34.2583,1
5905614,2025-10-01T14:26:43Z,1,-57.08816,130.74705,1,356.1,1,34.262,1,2.723,1,356.1,1,2.723,1,34.2623,1
5905614,2025-10-01T14:26:43Z,1,-57.08816,130.74705,1,358.1,1,34.266,1,2.724,1,358.1,1,2.724,1,34.2663,1
5905614,2025-10-01T14:26:43Z,1,-57.08816,130.74705,1,360.1,1,34.267,1,2.727,1,360.1,1,2.727,1,34.2673,1
5905614,2025-10-01T14:26:43Z,1,-57.08816,130.74705,1,362.1,1,34.269,1,2.729,1,362.1,1,2.729,1,34.2693,1
5905614,2025-10-01T14:26:43Z,1,-57.08816,130.74705,1,364.0,1,34.271,1,2.723,1,364.0,1,2.723,1,34.2713,1
5905614,2025-10-01T14:26:43Z,1,-57.08816,130.74705,1,365.9,1,34.273,1,2.718,1,365.9,1,2.718,1,34.2733,1
5905614,2025-10-01T14:26:43Z,1,-57.08816,130.74705,1,367.9,1,34.278,1,2.729,1,367.9,1,2.729,1,34.2783,1
5905614,2025-10-01T14:26:43Z,1,-57.08816,130.74705,1,369.9,1,34.282,1,2.743,1,369.9,1,2.743,1,34.2823,1
5905614,2025-10-01T14:26:43Z,1,-57.08816,130.74705,1,371.9,1,34.283,1,2.749,1,371.9,1,2.749,1,34.2833,1
5905614,2025-10-01T14:26:43Z,1,-57.08816,130.74705,1,373.9,1,34.283,1,2.749,1,373.9,1,2.749,1,34.2833,1
5905614,2025-10-01T14:26:43Z,1,-57.08816,130.74705,1,375.9,1,34.285,1,2.745,1,375.9,1,2.745,1,34.2853,1
5905614,2025-10-01T14:26:43Z,1,-57.08816,130.74705,1,378.0,1,34.285,1,2.74,1,378.0,1,2.74,1,34.2853,1
5905614,2025-10-01T14:26:43Z,1,-57.08816,130.74705,1,379.9,1,34.288,1,2.733,1,379.9,1,2.733,1,34.2883,1
5905614,2025-10-01T14:26:43Z,1,-57.08816,130.74705,1,381.9,1,34.289,1,2.73,1,381.9,1,2.73,1,34.2893,1
5905614,2025-10-01T14:26:43Z,1,-57.08816,130.74705,1,383.9,1,34.289,1,2.728,1,383.9,1,2.728,1,34.2893,1
5905614,2025-10-01T14:26:43Z,1,-57.08816,130.74705,1,385.8,1,34.292,1,2.727,1,385.8,1,2.727,1,34.2923,1
5905614,2025-10-01T14:26:43Z,1,-57.08816,130.74705,1,387.9,1,34.294,1,2.726,1,387.9,1,2.726,1,34.2943,1
5905614,2025-10-01T14:26:43Z,1,-57.08816,130.74705,1,389.9,1,34.295,1,2.723,1,389.9,1,2.723,1,34.2953,1
5905614,2025-10-01T14:26:43Z,1,-57.08816,130.74705,1,391.8,1,34.296,1,2.717,1,391.8,1,2.717,1,34.2963,1
5905614,2025-10-01T14:26:43Z,1,-57.08816,130.74705,1,394.0,1,34.297,1,2.715,1,394.0,1,2.715,1,34.2973,1
5905614,2025-10-01T14:26:43Z,1,-57.08816,130.74705,1,396.1,1,34.299,1,2.717,1,396.1,1,2.717,1,34.2993,1
5905614,2025-10-01T14:26:43Z,1,-57.08816,130.74705,1,398.0,1,34.301,1,2.716,1,398.0,1,2.716,1,34.3013,1
5905614,2025-10-01T14:26:43Z,1,-57.08816,130.74705,1,400.0,1,34.302,1,2.714,1,400.0,1,2.714,1,34.3023,1
5905614,2025-10-01T14:26:43Z,1,-57.08816,130.74705,1,401.9,1,34.304,1,2.71,1,401.9,1,2.71,1,34.3043,1
5905614,2025-10-01T14:26:43Z,1,-57.08816,130.74705,1,404.0,1,34.305,1,2.704,1,404.0,1,2.704,1,34.3053,1
5905614,2025-10-01T14:26:43Z,1,-57.08816,130.74705,1,406.1,1,34.31,1,2.702,1,406.1,1,2.702,1,34.3103,1
5905614,2025-10-01T14:26:43Z,1,-57.08816,130.74705,1,408.0,1,34.311,1,2.706,1,408.0,1,2.706,1,34.3113,1
5905614,2025-10-01T14:26:43Z,1,-57.08816,130.74705,1,409.9,1,34.313,1,2.7,1,409.9,1,2.7,1,34.3133,1
5905614,2025-10-01T14:26:43Z,1,-57.08816,130.74705,1,411.9,1,34.313,1,2.698,1,411.9,1,2.698,1,34.3133,1
5905614,2025-10-01T14:26:43Z,1,-57.08816,130.74705,1,413.9,1,34.315,1,2.694,1,413.9,1,2.694,1,34.3153,1
5905614,2025-10-01T14:26:43Z,1,-57.08816,130.74705,1,415.9,1,34.319,1,2.694,1,415.9,1,2.694,1,34.3193,1
5905614,2025-10-01T14:26:43Z,1,-57.08816,130.74705,1,418.1,1,34.323,1,2.697,1,418.1,1,2.697,1,34.3233,1
5905614,2025-10-01T14:26:43Z,1,-57.08816,130.74705,1,420.0,1,34.327,1,2.699,1,420.0,1,2.699,1,34.3273,1
5905614,2025-10-01T14:26:43Z,1,-57.08816,130.74705,1,422.0,1,34.331,1,2.698,1,422.0,1,2.698,1,34.3313,1
5905614,2025-10-01T14:26:43Z,1,-57.08816,130.74705,1,424.0,1,34.336,1,2.695,1,424.0,1,2.695,1,34.3363,1
5905614,2025-10-01T14:26:43Z,1,-57.08816,130.74705,1,426.0,1,34.338,1,2.695,1,426.0,1,2.695,1,34.3383,1
5905614,2025-10-01T14:26:43Z,1,-57.08816,130.74705,1,427.9,1,34.341,1,2.697,1,427.9,1,2.697,1,34.3413,1
5905614,2025-10-01T14:26:43Z,1,-57.08816,130.74705,1,429.9,1,34.342,1,2.698,1,429.9,1,2.698,1,34.3424,1
5905614,2025-10-01T14:26:43Z,1,-57.08816,130.74705,1,431.9,1,34.343,1,2.699,1,431.9,1,2.699,1,34.3433,1
5905614,2025-10-01T14:26:43Z,1,-57.08816,130.74705,1,433.9,1,34.345,1,2.702,1,433.9,1,2.702,1,34.3454,1
5905614,2025-10-01T14:26:43Z,1,-57.08816,130.74705,1,435.9,1,34.346,1,2.705,1,435.9,1,2.705,1,34.3464,1
5905614,2025-10-01T14:26:43Z,1,-57.08816,130.74705,1,438.0,1,34.349,1,2.708,1,438.0,1,2.708,1,34.3494,1
5905614,2025-10-01T14:26:43Z,1,-57.08816,130.74705,1,440.1,1,34.351,1,2.709,1,440.1,1,2.709,1,34.3514,1
5905614,2025-10-01T14:26:43Z,1,-57.08816,130.74705,1,442.0,1,34.352,1,2.715,1,442.0,1,2.715,1,34.3524,1
5905614,2025-10-01T14:26:43Z,1,-57.08816,130.74705,1,443.9,1,34.352,1,2.716,1,443.9,1,2.716,1,34.3524,1
5905614,2025-10-01T14:26:43Z,1,-57.08816,130.74705,1,446.0,1,34.352,1,2.715,1,446.0,1,2.715,1,34.3524,1
5905614,2025-10-01T14:26:43Z,1,-57.08816,130.74705,1,448.0,1,34.355,1,2.717,1,448.0,1,2.717,1,34.3554,1
5905614,2025-10-01T14:26:43Z,1,-57.08816,130.74705,1,449.9,1,34.356,1,2.721,1,449.9,1,2.721,1,34.3564,1
5905614,2025-10-01T14:26:43Z,1,-57.08816,130.74705,1,452.0,1,34.356,1,2.706,1,452.0,1,2.706,1,34.3564,1
5905614,2025-10-01T14:26:43Z,1,-57.08816,130.74705,1,454.0,1,34.358,1,2.694,1,454.0,1,2.694,1,34.3584,1
5905614,2025-10-01T14:26:43Z,1,-57.08816,130.74705,1,455.9,1,34.36,1,2.695,1,455.9,1,2.695,1,34.3604,1
5905614,2025-10-01T14:26:43Z,1,-57.08816,130.74705,1,457.9,1,34.362,1,2.699,1,457.9,1,2.699,1,34.3624,1
5905614,2025-10-01T14:26:43Z,1,-57.08816,130.74705,1,460.0,1,34.363,1,2.698,1,460.0,1,2.698,1,34.3634,1
5905614,2025-10-01T14:26:43Z,1,-57.08816,130.74705,1,461.9,1,34.366,1,2.694,1,461.9,1,2.694,1,34.3664,1
5905614,2025-10-01T14:26:43Z,1,-57.08816,130.74705,1,463.9,1,34.368,1,2.687,1,463.9,1,2.687,1,34.3684,1
5905614,2025-10-01T14:26:43Z,1,-57.08816,130.74705,1,465.8,1,34.368,1,2.685,1,465.8,1,2.685,1,34.3684,1
5905614,2025-10-01T14:26:43Z,1,-57.08816,130.74705,1,467.9,1,34.37,1,2.682,1,467.9,1,2.682,1,34.3704,1
5905614,2025-10-01T14:26:43Z,1,-57.08816,130.74705,1,470.0,1,34.372,1,2.679,1,470.0,1,2.679,1,34.3724,1
5905614,2025-10-01T14:26:43Z,1,-57.08816,130.74705,1,472.0,1,34.373,1,2.678,1,472.0,1,2.678,1,34.3734,1
5905614,2025-10-01T14:26:43Z,1,-57.08816,130.74705,1,474.0,1,34.376,1,2.674,1,474.0,1,2.674,1,34.3764,1
5905614,2025-10-01T14:26:43Z,1,-57.08816,130.74705,1,476.0,1,34.378,1,2.669,1,476.0,1,2.669,1,34.3784,1
5905614,2025-10-01T14:26:43Z,1,-57.08816,130.74705,1,477.9,1,34.379,1,2.667,1,477.9,1,2.667,1,34.3794,1
5905614,2025-10-01T14:26:43Z,1,-57.08816,130.74705,1,479.9,1,34.382,1,2.664,1,479.9,1,2.664,1,34.3824,1
5905614,2025-10-01T14:26:43Z,1,-57.08816,130.74705,1,482.0,1,34.383,1,2.659,1,482.0,1,2.659,1,34.3834,1
5905614,2025-10-01T14:26:43Z,1,-57.08816,130.74705,1,483.8,1,34.385,1,2.658,1,483.8,1,2.658,1,34.3854,1
5905614,2025-10-01T14:26:43Z,1,-57.08816,130.74705,1,485.9,1,34.385,1,2.656,1,485.9,1,2.656,1,34.3854,1
5905614,2025-10-01T14:26:43Z,1,-57.08816,130.74705,1,488.1,1,34.386,1,2.652,1,488.1,1,2.652,1,34.3864,1
5905614,2025-10-01T14:26:43Z,1,-57.08816,130.74705,1,490.0,1,34.387,1,2.652,1,490.0,1,2.652,1,34.3874,1
5905614,2025-10-01T14:26:43Z,1,-57.08816,130.74705,1,491.9,1,34.388,1,2.653,1,491.9,1,2.653,1,34.3884,1
5905614,2025-10-01T14:26:43Z,1,-57.08816,130.74705,1,494.0,1,34.39,1,2.656,1,494.0,1,2.656,1,34.3904,1
5905614,2025-10-01T14:26:43Z,1,-57.08816,130.74705,1,496.0,1,34.391,1,2.657,1,496.0,1,2.657,1,34.3914,1
5905614,2025-10-01T14:26:43Z,1,-57.08816,130.74705,1,498.0,1,34.392,1,2.657,1,498.0,1,2.657,1,34.3924,1
5905614,2025-10-01T14:26:43Z,1,-57.08816,130.74705,1,499.7,1,34.392,1,2.657,1,499.7,1,2.657,1,34.3924,1
5905614,2025-10-01T14:26:43Z,1,-57.08816,130.74705,1,501.8,1,34.393,1,2.658,1,501.8,1,2.658,1,34.3934,1
5905614,2025-10-01T14:26:43Z,1,-57.08816,130.74705,1,503.7,1,34.394,1,2.658,1,503.7,1,2.658,1,34.3944,1
5905614,2025-10-01T14:26:43Z,1,-57.08816,130.74705,1,505.7,1,34.395,1,2.658,1,505.7,1,2.658,1,34.3954,1
5905614,2025-10-01T14:26:43Z,1,-57.08816,130.74705,1,507.7,1,34.396,1,2.657,1,507.7,1,2.657,1,34.3964,1
5905614,2025-10-01T14:26:43Z,1,-57.08816,130.74705,1,513.9,1,34.398,1,2.651,1,513.9,1,2.651,1,34.3984,1
5905614,2025-10-01T14:26:43Z,1,-57.08816,130.74705,1,518.9,1,34.401,1,2.645,1,518.9,1,2.645,1,34.4014,1
5905614,2025-10-01T14:26:43Z,1,-57.08816,130.74705,1,524.0,1,34.404,1,2.64,1,524.0,1,2.64,1,34.4044,1
5905614,2025-10-01T14:26:43Z,1,-57.08816,130.74705,1,529.2,1,34.409,1,2.632,1,529.2,1,2.632,1,34.4094,1
5905614,2025-10-01T14:26:43Z,1,-57.08816,130.74705,1,534.2,1,34.413,1,2.622,1,534.2,1,2.622,1,34.4134,1
5905614,2025-10-01T14:26:43Z,1,-57.08816,130.74705,1,539.3,1,34.415,1,2.615,1,539.3,1,2.615,1,34.4154,1
5905614,2025-10-01T14:26:43Z,1,-57.08816,130.74705,1,544.2,1,34.418,1,2.612,1,544.2,1,2.612,1,34.4184,1
5905614,2025-10-01T14:26:43Z,1,-57.08816,130.74705,1,548.9,1,34.421,1,2.607,1,548.9,1,2.607,1,34.4214,1
5905614,2025-10-01T14:26:43Z,1,-57.08816,130.74705,1,553.5,1,34.427,1,2.596,1,553.5,1,2.596,1,34.4274,1
5905614,2025-10-01T14:26:43Z,1,-57.08816,130.74705,1,558.2,1,34.43,1,2.594,1,558.2,1,2.594,1,34.4305,1
5905614,2025-10-01T14:26:43Z,1,-57.08816,130.74705,1,562.8,1,34.432,1,2.591,1,562.8,1,2.591,1,34.4325,1
5905614,2025-10-01T14:26:43Z,1,-57.08816,130.74705,1,567.3,1,34.436,1,2.582,1,567.3,1,2.582,1,34.4365,1
5905614,2025-10-01T14:26:43Z,1,-57.08816,130.74705,1,571.7,1,34.44,1,2.573,1,571.7,1,2.573,1,34.4405,1
5905614,2025-10-01T14:26:43Z,1,-57.08816,130.74705,1,576.0,1,34.444,1,2.571,1,576.0,1,2.571,1,34.4445,1
5905614,2025-10-01T14:26:43Z,1,-57.08816,130.74705,1,580.4,1,34.449,1,2.57,1,580.4,1,2.57,1,34.4495,1
5905614,2025-10-01T14:26:43Z,1,-57.08816,130.74705,1,584.7,1,34.459,1,2.581,1,584.7,1,2.581,1,34.4595,1
5905614,2025-10-01T14:26:43Z,1,-57.08816,130.74705,1,589.1,1,34.462,1,2.59,1,589.1,1,2.59,1,34.4625,1
5905614,2025-10-01T14:26:43Z,1,-57.08816,130.74705,1,593.4,1,34.464,1,2.589,1,593.4,1,2.589,1,34.4645,1
5905614,2025-10-01T14:26:43Z,1,-57.08816,130.74705,1,597.7,1,34.466,1,2.586,1,597.7,1,2.586,1,34.4665,1
5905614,2025-10-01T14:26:43Z,1,-57.08816,130.74705,1,601.9,1,34.465,1,2.58,1,601.9,1,2.58,1,34.4655,1
5905614,2025-10-01T14:26:43Z,1,-57.08816,130.74705,1,606.3,1,34.468,1,2.577,1,606.3,1,2.577,1,34.4685,1
5905614,2025-10-01T14:26:43Z,1,-57.08816,130.74705,1,610.7,1,34.472,1,2.57,1,610.7,1,2.57,1,34.4725,1
5905614,2025-10-01T14:26:43Z,1,-57.08816,130.74705,1,614.9,1,34.475,1,2.556,1,614.9,1,2.556,1,34.4755,1
5905614,2025-10-01T14:26:43Z,1,-57.08816,130.74705,1,619.2,1,34.477,1,2.545,1,619.2,1,2.545,1,34.4775,1
5905614,2025-10-01T14:26:43Z,1,-57.08816,130.74705,1,627.8,1,34.486,1,2.558,1,627.8,1,2.558,1,34.4865,1
5905614,2025-10-01T14:26:43Z,1,-57.08816,130.74705,1,631.9,1,34.489,1,2.564,1,631.9,1,2.564,1,34.4895,1
5905614,2025-10-01T14:26:43Z,1,-57.08816,130.74705,1,636.3,1,34.492,1,2.57,1,636.3,1,2.57,1,34.4925,1
5905614,2025-10-01T14:26:43Z,1,-57.08816,130.74705,1,640.5,1,34.494,1,2.568,1,640.5,1,2.568,1,34.4945,1
5905614,2025-10-01T14:26:43Z,1,-57.08816,130.74705,1,644.7,1,34.498,1,2.564,1,644.7,1,2.564,1,34.4985,1
5905614,2025-10-01T14:26:43Z,1,-57.08816,130.74705,1,653.0,1,34.503,1,2.557,1,653.0,1,2.557,1,34.5035,1
5905614,2025-10-01T14:26:43Z,1,-57.08816,130.74705,1,657.0,1,34.504,1,2.555,1,657.0,1,2.555,1,34.5045,1
5905614,2025-10-01T14:26:43Z,1,-57.08816,130.74705,1,661.0,1,34.506,1,2.548,1,661.0,1,2.548,1,34.5065,1
5905614,2025-10-01T14:26:43Z,1,-57.08816,130.74705,1,665.0,1,34.507,1,2.544,1,665.0,1,2.544,1,34.5075,1
5905614,2025-10-01T14:26:43Z,1,-57.08816,130.74705,1,672.5,1,34.514,1,2.535,1,672.5,1,2.535,1,34.5145,1
5905614,2025-10-01T14:26:43Z,1,-57.08816,130.74705,1,676.1,1,34.514,1,2.519,1,676.1,1,2.519,1,34.5145,1
5905614,2025-10-01T14:26:43Z,1,-57.08816,130.74705,1,679.7,1,34.519,1,2.514,1,679.7,1,2.514,1,34.5196,1
5905614,2025-10-01T14:26:43Z,1,-57.08816,130.74705,1,686.8,1,34.524,1,2.516,1,686.8,1,2.516,1,34.5246,1
5905614,2025-10-01T14:26:43Z,1,-57.08816,130.74705,1,690.4,1,34.525,1,2.517,1,690.4,1,2.517,1,34.5256,1
5905614,2025-10-01T14:26:43Z,1,-57.08816,130.74705,1,693.8,1,34.527,1,2.513,1,693.8,1,2.513,1,34.5276,1
5905614,2025-10-01T14:26:43Z,1,-57.08816,130.74705,1,700.9,1,34.531,1,2.497,1,700.9,1,2.497,1,34.5316,1
5905614,2025-10-01T14:26:43Z,1,-57.08816,130.74705,1,704.2,1,34.537,1,2.488,1,704.2,1,2.488,1,34.5376,1
5905614,2025-10-01T14:26:43Z,1,-57.08816,130.74705,1,711.2,1,34.539,1,2.495,1,711.2,1,2.495,1,34.5396,1
5905614,2025-10-01T14:26:43Z,1,-57.08816,130.74705,1,714.6,1,34.542,1,2.492,1,714.6,1,2.492,1,34.5426,1
5905614,2025-10-01T14:26:43Z,1,-57.08816,130.74705,1,721.3,1,34.542,1,2.488,1,721.3,1,2.488,1,34.5426,1
5905614,2025-10-01T14:26:43Z,1,-57.08816,130.74705,1,724.6,1,34.543,1,2.482,1,724.6,1,2.482,1,34.5436,1
5905614,2025-10-01T14:26:43Z,1,-57.08816,130.74705,1,731.7,1,34.547,1,2.476,1,731.7,1,2.476,1,34.5476,1
5905614,2025-10-01T14:26:43Z,1,-57.08816,130.74705,1,735.0,1,34.546,1,2.476,1,735.0,1,2.476,1,34.5466,1
5905614,2025-10-01T14:26:43Z,1,-57.08816,130.74705,1,741.9,1,34.552,1,2.473,1,741.9,1,2.473,1,34.5526,1
5905614,2025-10-01T14:26:43Z,1,-57.08816,130.74705,1,745.2,1,34.552,1,2.47,1,745.2,1,2.47,1,34.5526,1
5905614,2025-10-01T14:26:43Z,1,-57.08816,130.74705,1,748.7,1,34.554,1,2.471,1,748.7,1,2.471,1,34.5546,1
5905614,2025-10-01T14:26:43Z,1,-57.08816,130.74705,1,755.6,1,34.558,1,2.475,1,755.6,1,2.475,1,34.5586,1
5905614,2025-10-01T14:26:43Z,1,-57.08816,130.74705,1,759.0,1,34.56,1,2.473,1,759.0,1,2.473,1,34.5606,1
5905614,2025-10-01T14:26:43Z,1,-57.08816,130.74705,1,766.1,1,34.564,1,2.477,1,766.1,1,2.477,1,34.5646,1
5905614,2025-10-01T14:26:43Z,1,-57.08816,130.74705,1,769.6,1,34.567,1,2.479,1,769.6,1,2.479,1,34.5676,1
5905614,2025-10-01T14:26:43Z,1,-57.08816,130.74705,1,776.6,1,34.57,1,2.48,1,776.6,1,2.48,1,34.5706,1
5905614,2025-10-01T14:26:43Z,1,-57.08816,130.74705,1,780.0,1,34.572,1,2.481,1,780.0,1,2.481,1,34.5726,1
5905614,2025-10-01T14:26:43Z,1,-57.08816,130.74705,1,787.0,1,34.574,1,2.48,1,787.0,1,2.48,1,34.5746,1
5905614,2025-10-01T14:26:43Z,1,-57.08816,130.74705,1,790.5,1,34.575,1,2.481,1,790.5,1,2.481,1,34.5756,1
5905614,2025-10-01T14:26:43Z,1,-57.08816,130.74705,1,793.8,1,34.577,1,2.479,1,793.8,1,2.479,1,34.5776,1
5905614,2025-10-01T14:26:43Z,1,-57.08816,130.74705,1,800.6,1,34.577,1,2.478,1,800.6,1,2.478,1,34.5777,1
5905614,2025-10-01T14:26:43Z,1,-57.08816,130.74705,1,803.7,1,34.577,1,2.478,1,803.7,1,2.478,1,34.5777,1
5905614,2025-10-01T14:26:43Z,1,-57.08816,130.74705,1,809.6,1,34.579,1,2.477,1,809.6,1,2.477,1,34.5797,1
5905614,2025-10-01T14:26:43Z,1,-57.08816,130.74705,1,815.6,1,34.583,1,2.473,1,815.6,1,2.473,1,34.5837,1
5905614,2025-10-01T14:26:43Z,1,-57.08816,130.74705,1,818.5,1,34.585,1,2.472,1,818.5,1,2.472,1,34.5857,1
5905614,2025-10-01T14:26:43Z,1,-57.08816,130.74705,1,824.4,1,34.589,1,2.469,1,824.4,1,2.469,1,34.5897,1
5905614,2025-10-01T14:26:43Z,1,-57.08816,130.74705,1,830.2,1,34.591,1,2.467,1,830.2,1,2.467,1,34.5917,1
5905614,2025-10-01T14:26:43Z,1,-57.08816,130.74705,1,835.7,1,34.595,1,2.462,1,835.7,1,2.462,1,34.5957,1
5905614,2025-10-01T14:26:43Z,1,-57.08816,130.74705,1,838.3,1,34.597,1,2.46,1,838.3,1,2.46,1,34.5977,1
5905614,2025-10-01T14:26:43Z,1,-57.08816,130.74705,1,843.7,1,34.599,1,2.458,1,843.7,1,2.458,1,34.5997,1
5905614,2025-10-01T14:26:43Z,1,-57.08816,130.74705,1,849.1,1,34.6,1,2.456,1,849.1,1,2.456,1,34.6007,1
5905614,2025-10-01T14:26:43Z,1,-57.08816,130.74705,1,854.2,1,34.602,1,2.454,1,854.2,1,2.454,1,34.6027,1
5905614,2025-10-01T14:26:43Z,1,-57.08816,130.74705,1,859.1,1,34.605,1,2.45,1,859.1,1,2.45,1,34.6057,1
5905614,2025-10-01T14:26:43Z,1,-57.08816,130.74705,1,864.2,1,34.608,1,2.448,1,864.2,1,2.448,1,34.6087,1
5905614,2025-10-01T14:26:43Z,1,-57.08816,130.74705,1,869.6,1,34.61,1,2.444,1,869.6,1,2.444,1,34.6107,1
5905614,2025-10-01T14:26:43Z,1,-57.08816,130.74705,1,875.1,1,34.612,1,2.441,1,875.1,1,2.441,1,34.6127,1
5905614,2025-10-01T14:26:43Z,1,-57.08816,130.74705,1,880.7,1,34.614,1,2.439,1,880.7,1,2.439,1,34.6147,1
5905614,2025-10-01T14:26:43Z,1,-57.08816,130.74705,1,883.5,1,34.614,1,2.439,1,883.5,1,2.439,1,34.6147,1
5905614,2025-10-01T14:26:43Z,1,-57.08816,130.74705,1,889.3,1,34.618,1,2.434,1,889.3,1,2.434,1,34.6187,1
5905614,2025-10-01T14:26:43Z,1,-57.08816,130.74705,1,895.1,1,34.619,1,2.433,1,895.1,1,2.433,1,34.6197,1
5905614,2025-10-01T14:26:43Z,1,-57.08816,130.74705,1,900.8,1,34.622,1,2.426,1,900.8,1,2.426,1,34.6227,1
5905614,2025-10-01T14:26:43Z,1,-57.08816,130.74705,1,903.7,1,34.624,1,2.422,1,903.7,1,2.422,1,34.6247,1
5905614,2025-10-01T14:26:43Z,1,-57.08816,130.74705,1,909.4,1,34.625,1,2.419,1,909.4,1,2.419,1,34.6257,1
5905614,2025-10-01T14:26:43Z,1,-57.08816,130.74705,1,915.1,1,34.627,1,2.413,1,915.1,1,2.413,1,34.6277,1
5905614,2025-10-01T14:26:43Z,1,-57.08816,130.74705,1,920.6,1,34.629,1,2.407,1,920.6,1,2.407,1,34.6298,1
5905614,2025-10-01T14:26:43Z,1,-57.08816,130.74705,1,923.3,1,34.631,1,2.402,1,923.3,1,2.402,1,34.6318,1
5905614,2025-10-01T14:26:43Z,1,-57.08816,130.74705,1,928.7,1,34.634,1,2.391,1,928.7,1,2.391,1,34.6348,1
5905614,2025-10-01T14:26:43Z,1,-57.08816,130.74705,1,934.2,1,34.635,1,2.383,1,934.2,1,2.383,1,34.6358,1
5905614,2025-10-01T14:26:43Z,1,-57.08816,130.74705,1,939.8,1,34.637,1,2.376,1,939.8,1,2.376,1,34.6378,1
5905614,2025-10-01T14:26:43Z,1,-57.08816,130.74705,1,945.4,1,34.641,1,2.37,1,945.4,1,2.37,1,34.6418,1
5905614,2025-10-01T14:26:43Z,1,-57.08816,130.74705,1,950.9,1,34.643,1,2.368,1,950.9,1,2.368,1,34.6438,1
5905614,2025-10-01T14:26:43Z,1,-57.08816,130.74705,1,953.7,1,34.646,1,2.369,1,953.7,1,2.369,1,34.6468,1
5905614,2025-10-01T14:26:43Z,1,-57.08816,130.74705,1,959.1,1,34.649,1,2.377,1,959.1,1,2.377,1,34.6498,1
5905614,2025-10-01T14:26:43Z,1,-57.08816,130.74705,1,964.6,1,34.65,1,2.378,1,964.6,1,2.378,1,34.6508,1
5905614,2025-10-01T14:26:43Z,1,-57.08816,130.74705,1,970.1,1,34.651,1,2.377,1,970.1,1,2.377,1,34.6518,1
5905614,2025-10-01T14:26:43Z,1,-57.08816,130.74705,1,975.6,1,34.653,1,2.372,1,975.6,1,2.372,1,34.6538,1
5905614,2025-10-01T14:26:43Z,1,-57.08816,130.74705,1,978.2,1,34.654,1,2.37,1,978.2,1,2.37,1,34.6548,1
5905614,2025-10-01T14:26:43Z,1,-57.08816,130.74705,1,983.8,1,34.654,1,2.367,1,983.8,1,2.367,1,34.6548,1
5905614,2025-10-01T14:26:43Z,1,-57.08816,130.74705,1,989.3,1,34.655,1,2.367,1,989.3,1,2.367,1,34.6558,1
5905614,2025-10-01T14:26:43Z,1,-57.08816,130.74705,1,994.9,1,34.657,1,2.363,1,994.9,1,2.363,1,34.6578,1
5905614,2025-10-01T14:26:43Z,1,-57.08816,130.74705,1,1000.5,1,34.66,1,2.36,1,1000.5,1,2.36,1,34.6608,1
5905614,2025-10-01T14:26:43Z,1,-57.08816,130.74705,1,1002.6,1,34.661,1,2.36,1,1002.6,1,2.36,1,34.6618,1
5905614,2025-10-01T14:26:43Z,1,-57.08816,130.74705,1,1004.6,1,34.663,1,2.358,1,1004.6,1,2.358,1,34.6638,1
5905614,2025-10-02T01:29:49Z,1,-57.14131,130.80619,1,3.3,1,33.837,1,2.421,1,3.3,1,2.421,1,33.837,1
5905614,2025-10-02T01:29:49Z,1,-57.14131,130.80619,1,3.7,1,33.839,1,2.421,1,3.7,1,2.421,1,33.839,1
5905614,2025-10-02T01:29:49Z,1,-57.14131,130.80619,1,3.8,1,33.837,1,2.422,1,3.8,1,2.422,1,33.837,1
5905614,2025-10-02T01:29:49Z,1,-57.14131,130.80619,1,4.0,1,33.837,1,2.422,1,4.0,1,2.422,1,33.837,1
5905614,2025-10-02T01:29:49Z,1,-57.14131,130.80619,1,4.2,1,33.837,1,2.422,1,4.2,1,2.422,1,33.837,1
5905614,2025-10-02T01:29:49Z,1,-57.14131,130.80619,1,4.4,1,33.837,1,2.422,1,4.4,1,2.422,1,33.837,1
5905614,2025-10-02T01:29:49Z,1,-57.14131,130.80619,1,4.5,1,33.838,1,2.421,1,4.5,1,2.421,1,33.838,1
5905614,2025-10-02T01:29:49Z,1,-57.14131,130.80619,1,4.8,1,33.838,1,2.421,1,4.8,1,2.421,1,33.838,1
5905614,2025-10-02T01:29:49Z,1,-57.14131,130.80619,1,4.9,1,33.838,1,2.421,1,4.9,1,2.421,1,33.838,1
5905614,2025-10-02T01:29:49Z,1,-57.14131,130.80619,1,5.1,1,33.838,1,2.421,1,5.1,1,2.421,1,33.838,1
5905614,2025-10-02T01:29:49Z,1,-57.14131,130.80619,1,5.3,1,33.838,1,2.422,1,5.3,1,2.422,1,33.838,1
5905614,2025-10-02T01:29:49Z,1,-57.14131,130.80619,1,5.6,1,33.838,1,2.422,1,5.6,1,2.422,1,33.838,1
5905614,2025-10-02T01:29:49Z,1,-57.14131,130.80619,1,5.8,1,33.838,1,2.422,1,5.8,1,2.422,1,33.838,1
5905614,2025-10-02T01:29:49Z,1,-57.14131,130.80619,1,5.9,1,33.839,1,2.422,1,5.9,1,2.422,1,33.839,1
5905614,2025-10-02T01:29:49Z,1,-57.14131,130.80619,1,6.0,1,33.839,1,2.421,1,6.0,1,2.421,1,33.839,1
5905614,2025-10-02T01:29:49Z,1,-57.14131,130.80619,1,6.3,1,33.839,1,2.421,1,6.3,1,2.421,1,33.839,1
5905614,2025-10-02T01:29:49Z,1,-57.14131,130.80619,1,6.6,1,33.839,1,2.421,1,6.6,1,2.421,1,33.839,1
5905614,2025-10-02T01:29:49Z,1,-57.14131,130.80619,1,6.8,1,33.84,1,2.421,1,6.8,1,2.421,1,33.84,1
5905614,2025-10-02T01:29:49Z,1,-57.14131,130.80619,1,6.9,1,33.839,1,2.421,1,6.9,1,2.421,1,33.839,1
5905614,2025-10-02T01:29:49Z,1,-57.14131,130.80619,1,7.2,1,33.839,1,2.422,1,7.2,1,2.422,1,33.839,1
5905614,2025-10-02T01:29:49Z,1,-57.14131,130.80619,1,7.6,1,33.84,1,2.42,1,7.6,1,2.42,1,33.84,1
5905614,2025-10-02T01:29:49Z,1,-57.14131,130.80619,1,7.8,1,33.841,1,2.42,1,7.8,1,2.42,1,33.841,1
5905614,2025-10-02T01:29:49Z,1,-57.14131,130.80619,1,8.0,1,33.84,1,2.42,1,8.0,1,2.42,1,33.84,1
5905614,2025-10-02T01:29:49Z,1,-57.14131,130.80619,1,8.1,1,33.84,1,2.421,1,8.1,1,2.421,1,33.84,1
5905614,2025-10-02T01:29:49Z,1,-57.14131,130.80619,1,8.4,1,33.84,1,2.42,1,8.4,1,2.42,1,33.84,1
5905614,2025-10-02T01:29:49Z,1,-57.14131,130.80619,1,8.7,1,33.841,1,2.42,1,8.7,1,2.42,1,33.841,1
5905614,2025-10-02T01:29:49Z,1,-57.14131,130.80619,1,9.0,1,33.841,1,2.42,1,9.0,1,2.42,1,33.841,1
5905614,2025-10-02T01:29:49Z,1,-57.14131,130.80619,1,9.1,1,33.84,1,2.421,1,9.1,1,2.421,1,33.84,1
5905614,2025-10-02T01:29:49Z,1,-57.14131,130.80619,1,9.3,1,33.841,1,2.42,1,9.3,1,2.42,1,33.841,1
5905614,2025-10-02T01:29:49Z,1,-57.14131,130.80619,1,9.6,1,33.841,1,2.42,1,9.6,1,2.42,1,33.841,1
5905614,2025-10-02T01:29:49Z,1,-57.14131,130.80619,1,10.0,1,33.841,1,2.421,1,10.0,1,2.421,1,33.841,1
5905614,2025-10-02T01:29:49Z,1,-57.14131,130.80619,1,10.3,1,33.841,1,2.421,1,10.3,1,2.421,1,33.841,1
5905614,2025-10-02T01:29:49Z,1,-57.14131,130.80619,1,10.6,1,33.842,1,2.421,1,10.6,1,2.421,1,33.842,1
5905614,2025-10-02T01:29:49Z,1,-57.14131,130.80619,1,10.8,1,33.842,1,2.421,1,10.8,1,2.421,1,33.842,1
5905614,2025-10-02T01:29:49Z,1,-57.14131,130.80619,1,11.0,1,33.842,1,2.421,1,11.0,1,2.421,1,33.842,1
5905614,2025-10-02T01:29:49Z,1,-57.14131,130.80619,1,11.2,1,33.842,1,2.421,1,11.2,1,2.421,1,33.842,1
5905614,2025-10-02T01:29:49Z,1,-57.14131,130.80619,1,11.4,1,33.842,1,2.421,1,11.4,1,2.421,1,33.842,1
5905614,2025-10-02T01:29:49Z,1,-57.14131,130.80619,1,11.7,1,33.843,1,2.421,1,11.7,1,2.421,1,33.843,1
5905614,2025-10-02T01:29:49Z,1,-57.14131,130.80619,1,11.8,1,33.842,1,2.421,1,11.8,1,2.421,1,33.842,1
5905614,2025-10-02T01:29:49Z,1,-57.14131,130.80619,1,12.2,1,33.842,1,2.421,1,12.2,1,2.421,1,33.842,1
5905614,2025-10-02T01:29:49Z,1,-57.14131,130.80619,1,12.5,1,33.842,1,2.421,1,12.5,1,2.421,1,33.842,1
5905614,2025-10-02T01:29:49Z,1,-57.14131,130.80619,1,12.8,1,33.843,1,2.421,1,12.8,1,2.421,1,33.843,1
5905614,2025-10-02T01:29:49Z,1,-57.14131,130.80619,1,13.1,1,33.843,1,2.421,1,13.1,1,2.421,1,33.843,1
5905614,2025-10-02T01:29:49Z,1,-57.14131,130.80619,1,13.2,1,33.842,1,2.421,1,13.2,1,2.421,1,33.842,1
5905614,2025-10-02T01:29:49Z,1,-57.14131,130.80619,1,13.5,1,33.842,1,2.421,1,13.5,1,2.421,1,33.842,1
5905614,2025-10-02T01:29:49Z,1,-57.14131,130.80619,1,13.9,1,33.843,1,2.421,1,13.9,1,2.421,1,33.843,1
5905614,2025-10-02T01:29:49Z,1,-57.14131,130.80619,1,14.1,1,33.843,1,2.42,1,14.1,1,2.42,1,33.843,1
5905614,2025-10-02T01:29:49Z,1,-57.14131,130.80619,1,14.2,1,33.843,1,2.421,1,14.2,1,2.421,1,33.843,1
5905614,2025-10-02T01:29:49Z,1,-57.14131,130.80619,1,14.6,1,33.843,1,2.421,1,14.6,1,2.421,1,33.843,1
5905614,2025-10-02T01:29:49Z,1,-57.14131,130.80619,1,14.9,1,33.843,1,2.42,1,14.9,1,2.42,1,33.843,1
5905614,2025-10-02T01:29:49Z,1,-57.14131,130.80619,1,15.2,1,33.843,1,2.42,1,15.2,1,2.42,1,33.843,1
5905614,2025-10-02T01:29:49Z,1,-57.14131,130.80619,1,15.6,1,33.843,1,2.421,1,15.6,1,2.421,1,33.843,1
5905614,2025-10-02T01:29:49Z,1,-57.14131,130.80619,1,15.9,1,33.842,1,2.419,1,15.9,1,2.419,1,33.842,1
5905614,2025-10-02T01:29:49Z,1,-57.14131,130.80619,1,16.1,1,33.843,1,2.419,1,16.1,1,2.419,1,33.843,1
5905614,2025-10-02T01:29:49Z,1,-57.14131,130.80619,1,16.2,1,33.844,1,2.418,1,16.2,1,2.418,1,33.844,1
5905614,2025-10-02T01:29:49Z,1,-57.14131,130.80619,1,16.6,1,33.844,1,2.419,1,16.6,1,2.419,1,33.844,1
5905614,2025-10-02T01:29:49Z,1,-57.14131,130.80619,1,16.8,1,33.84,1,2.418,1,16.8,1,2.418,1,33.84,1
5905614,2025-10-02T01:29:49Z,1,-57.14131,130.80619,1,17.2,1,33.844,1,2.418,1,17.2,1,2.418,1,33.844,1
5905614,2025-10-02T01:29:49Z,1,-57.14131,130.80619,1,17.6,1,33.843,1,2.419,1,17.6,1,2.419,1,33.843,1
5905614,2025-10-02T01:29:49Z,1,-57.14131,130.80619,1,17.9,1,33.844,1,2.419,1,17.9,1,2.419,1,33.844,1
5905614,2025-10-02T01:29:49Z,1,-57.14131,130.80619,1,18.1,1,33.843,1,2.419,1,18.1,1,2.419,1,33.843,1
5905614,2025-10-02T01:29:49Z,1,-57.14131,130.80619,1,18.2,1,33.843,1,2.419,1,18.2,1,2.419,1,33.843,1
5905614,2025-10-02T01:29:49Z,1,-57.14131,130.80619,1,18.3,1,33.844,1,2.419,1,18.3,1,2.419,1,33.844,1
5905614,2025-10-02T01:29:49Z,1,-57.14131,130.80619,1,18.7,1,33.843,1,2.419,1,18.7,1,2.419,1,33.843,1
5905614,2025-10-02T01:29:49Z,1,-57.14131,130.80619,1,18.9,1,33.843,1,2.419,1,18.9,1,2.419,1,33.843,1
5905614,2025-10-02T01:29:49Z,1,-57.14131,130.80619,1,19.3,1,33.843,1,2.42,1,19.3,1,2.42,1,33.843,1
5905614,2025-10-02T01:29:49Z,1,-57.14131,130.80619,1,19.5,1,33.843,1,2.419,1,19.5,1,2.419,1,33.843,1
5905614,2025-10-02T01:29:49Z,1,-57.14131,130.80619,1,19.8,1,33.844,1,2.419,1,19.8,1,2.419,1,33.844,1
5905614,2025-10-02T01:29:49Z,1,-57.14131,130.80619,1,20.0,1,33.843,1,2.42,1,20.0,1,2.42,1,33.843,1
5905614,2025-10-02T01:29:49Z,1,-57.14131,130.80619,1,22.0,1,33.843,1,2.421,1,22.0,1,2.421,1,33.843,1
5905614,2025-10-02T01:29:49Z,1,-57.14131,130.80619,1,24.1,1,33.844,1,2.421,1,24.1,1,2.421,1,33.844,1
5905614,2025-10-02T01:29:49Z,1,-57.14131,130.80619,1,26.1,1,33.844,1,2.418,1,26.1,1,2.418,1,33.844,1
5905614,2025-10-02T01:29:49Z,1,-57.14131,130.80619,1,28.0,1,33.844,1,2.42,1,28.0,1,2.42,1,33.844,1
5905614,2025-10-02T01:29:49Z,1,-57.14131,130.80619,1,30.0,1,33.844,1,2.421,1,30.0,1,2.421,1,33.844,1
5905614,2025-10-02T01:29:49Z,1,-57.14131,130.80619,1,32.0,1,33.843,1,2.422,1,32.0,1,2.422,1,33.843,1
5905614,2025-10-02T01:29:49Z,1,-57.14131,130.80619,1,33.8,1,33.843,1,2.422,1,33.8,1,2.422,1,33.843,1
5905614,2025-10-02T01:29:49Z,1,-57.14131,130.80619,1,35.9,1,33.844,1,2.422,1,35.9,1,2.422,1,33.844,1
5905614,2025-10-02T01:29:49Z,1,-57.14131,130.80619,1,38.1,1,33.844,1,2.421,1,38.1,1,2.421,1,33.844,1
5905614,2025-10-02T01:29:49Z,1,-57.14131,130.80619,1,39.9,1,33.844,1,2.418,1,39.9,1,2.418,1,33.844,1
5905614,2025-10-02T01:29:49Z,1,-57.14131,130.80619,1,41.9,1,33.845,1,2.415,1,41.9,1,2.415,1,33.845,1
5905614,2025-10-02T01:29:49Z,1,-57.14131,130.80619,1,44.0,1,33.844,1,2.413,1,44.0,1,2.413,1,33.844,1
5905614,2025-10-02T01:29:49Z,1,-57.14131,130.80619,1,45.9,1,33.845,1,2.409,1,45.9,1,2.409,1,33.845,1
5905614,2025-10-02T01:29:49Z,1,-57.14131,130.80619,1,47.9,1,33.844,1,2.404,1,47.9,1,2.404,1,33.844,1
5905614,2025-10-02T01:29:49Z,1,-57.14131,130.80619,1,49.8,1,33.845,1,2.403,1,49.8,1,2.403,1,33.845,1
5905614,2025-10-02T01:29:49Z,1,-57.14131,130.80619,1,51.8,1,33.845,1,2.403,1,51.8,1,2.403,1,33.845,1
5905614,2025-10-02T01:29:49Z,1,-57.14131,130.80619,1,53.9,1,33.845,1,2.4,1,53.9,1,2.4,1,33.845,1
5905614,2025-10-02T01:29:49Z,1,-57.14131,130.80619,1,55.9,1,33.845,1,2.4,1,55.9,1,2.4,1,33.845,1
5905614,2025-10-02T01:29:49Z,1,-57.14131,130.80619,1,57.9,1,33.844,1,2.408,1,57.9,1,2.408,1,33.8441,1
5905614,2025-10-02T01:29:49Z,1,-57.14131,130.80619,1,59.9,1,33.845,1,2.409,1,59.9,1,2.409,1,33.8451,1
5905614,2025-10-02T01:29:49Z,1,-57.14131,130.80619,1,61.9,1,33.844,1,2.406,1,61.9,1,2.406,1,33.8441,1
5905614,2025-10-02T01:29:49Z,1,-57.14131,130.80619,1,63.9,1,33.846,1,2.392,1,63.9,1,2.392,1,33.8461,1
5905614,2025-10-02T01:29:49Z,1,-57.14131,130.80619,1,66.0,1,33.846,1,2.384,1,66.0,1,2.384,1,33.8461,1
5905614,2025-10-02T01:29:49Z,1,-57.14131,130.80619,1,68.0,1,33.846,1,2.386,1,68.0,1,2.386,1,33.8461,1
5905614,2025-10-02T01:29:49Z,1,-57.14131,130.80619,1,70.0,1,33.845,1,2.383,1,70.0,1,2.383,1,33.8451,1
5905614,2025-10-02T01:29:49Z,1,-57.14131,130.80619,1,72.0,1,33.846,1,2.379,1,72.0,1,2.379,1,33.8461,1
5905614,2025-10-02T01:29:49Z,1,-57.14131,130.80619,1,73.9,1,33.846,1,2.381,1,73.9,1,2.381,1,33.8461,1
5905614,2025-10-02T01:29:49Z,1,-57.14131,130.80619,1,76.1,1,33.845,1,2.378,1,76.1,1,2.378,1,33.8451,1
5905614,2025-10-02T01:29:49Z,1,-57.14131,130.80619,1,78.1,1,33.846,1,2.379,1,78.1,1,2.379,1,33.8461,1
5905614,2025-10-02T01:29:49Z,1,-57.14131,130.80619,1,80.0,1,33.845,1,2.379,1,80.0,1,2.379,1,33.8451,1
5905614,2025-10-02T01:29:49Z,1,-57.14131,130.80619,1,82.0,1,33.846,1,2.377,1,82.0,1,2.377,1,33.8461,1
5905614,2025-10-02T01:29:49Z,1,-57.14131,130.80619,1,84.0,1,33.846,1,2.374,1,84.0,1,2.374,1,33.8461,1
5905614,2025-10-02T01:29:49Z,1,-57.14131,130.80619,1,86.0,1,33.846,1,2.373,1,86.0,1,2.373,1,33.8461,1
5905614,2025-10-02T01:29:49Z,1,-57.14131,130.80619,1,88.0,1,33.845,1,2.369,1,88.0,1,2.369,1,33.8451,1
5905614,2025-10-02T01:29:49Z,1,-57.14131,130.80619,1,89.9,1,33.846,1,2.364,1,89.9,1,2.364,1,33.8461,1
5905614,2025-10-02T01:29:49Z,1,-57.14131,130.80619,1,92.0,1,33.845,1,2.362,1,92.0,1,2.362,1,33.8451,1
5905614,2025-10-02T01:29:49Z,1,-57.14131,130.80619,1,94.0,1,33.846,1,2.362,1,94.0,1,2.362,1,33.8461,1
5905614,2025-10-02T01:29:49Z,1,-57.14131,130.80619,1,96.0,1,33.846,1,2.361,1,96.0,1,2.361,1,33.8461,1
5905614,2025-10-02T01:29:49Z,1,-57.14131,130.80619,1,98.0,1,33.846,1,2.322,1,98.0,1,2.322,1,33.8461,1
5905614,2025-10-02T01:29:49Z,1,-57.14131,130.80619,1,99.8,1,33.845,1,2.32,1,99.8,1,2.32,1,33.8451,1
5905614,2025-10-02T01:29:49Z,1,-57.14131,130.80619,1,101.9,1,33.847,1,2.297,1,101.9,1,2.297,1,33.8471,1
5905614,2025-10-02T01:29:49Z,1,-57.14131,130.80619,1,104.1,1,33.847,1,2.286,1,104.1,1,2.286,1,33.8471,1
5905614,2025-10-02T01:29:49Z,1,-57.14131,130.80619,1,106.0,1,33.846,1,2.276,1,106.0,1,2.276,1,33.8461,1
5905614,2025-10-02T01:29:49Z,1,-57.14131,130.80619,1,107.9,1,33.846,1,2.272,1,107.9,1,2.272,1,33.8461,1
5905614,2025-10-02T01:29:49Z,1,-57.14131,130.80619,1,109.9,1,33.846,1,2.27,1,109.9,1,2.27,1,33.8461,1
5905614,2025-10-02T01:29:49Z,1,-57.14131,130.80619,1,111.8,1,33.846,1,2.269,1,111.8,1,2.269,1,33.8461,1
5905614,2025-10-02T01:29:49Z,1,-57.14131,130.80619,1,113.9,1,33.846,1,2.268,1,113.9,1,2.268,1,33.8461,1
5905614,2025-10-02T01:29:49Z,1,-57.14131,130.80619,1,116.0,1,33.846,1,2.266,1,116.0,1,2.266,1,33.8461,1
5905614,2025-10-02T01:29:49Z,1,-57.14131,130.80619,1,118.0,1,33.847,1,2.268,1,118.0,1,2.268,1,33.8471,1
5905614,2025-10-02T01:29:49Z,1,-57.14131,130.80619,1,120.0,1,33.847,1,2.268,1,120.0,1,2.268,1,33.8471,1
5905614,2025-10-02T01:29:49Z,1,-57.14131,130.80619,1,122.1,1,33.846,1,2.265,1,122.1,1,2.265,1,33.8461,1
5905614,2025-10-02T01:29:49Z,1,-57.14131,130.80619,1,123.9,1,33.846,1,2.264,1,123.9,1,2.264,1,33.8461,1
5905614,2025-10-02T01:29:49Z,1,-57.14131,130.80619,1,125.9,1,33.846,1,2.255,1,125.9,1,2.255,1,33.8461,1
5905614,2025-10-02T01:29:49Z,1,-57.14131,130.80619,1,128.0,1,33.845,1,2.247,1,128.0,1,2.247,1,33.8451,1
5905614,2025-10-02T01:29:49Z,1,-57.14131,130.80619,1,129.9,1,33.845,1,2.244,1,129.9,1,2.244,1,33.8451,1
5905614,2025-10-02T01:29:49Z,1,-57.14131,130.80619,1,131.9,1,33.845,1,2.239,1,131.9,1,2.239,1,33.8451,1
5905614,2025-10-02T01:29:49Z,1,-57.14131,130.80619,1,133.7,1,33.846,1,2.236,1,133.7,1,2.236,1,33.8461,1
5905614,2025-10-02T01:29:49Z,1,-57.14131,130.80619,1,135.8,1,33.845,1,2.235,1,135.8,1,2.235,1,33.8451,1
5905614,2025-10-02T01:29:49Z,1,-57.14131,130.80619,1,137.8,1,33.846,1,2.235,1,137.8,1,2.235,1,33.8461,1
5905614,2025-10-02T01:29:49Z,1,-57.14131,130.80619,1,139.8,1,33.847,1,2.236,1,139.8,1,2.236,1,33.8471,1
5905614,2025-10-02T01:29:49Z,1,-57.14131,130.80619,1,141.9,1,33.848,1,2.237,1,141.9,1,2.237,1,33.8481,1
5905614,2025-10-02T01:29:49Z,1,-57.14131,130.80619,1,143.9,1,33.848,1,2.237,1,143.9,1,2.237,1,33.8481,1
5905614,2025-10-02T01:29:49Z,1,-57.14131,130.80619,1,145.9,1,33.849,1,2.239,1,145.9,1,2.239,1,33.8491,1
5905614,2025-10-02T01:29:49Z,1,-57.14131,130.80619,1,147.9,1,33.848,1,2.24,1,147.9,1,2.24,1,33.8481,1
5905614,2025-10-02T01:29:49Z,1,-57.14131,130.80619,1,150.0,1,33.85,1,2.242,1,150.0,1,2.242,1,33.8501,1
5905614,2025-10-02T01:29:49Z,1,-57.14131,130.80619,1,151.9,1,33.851,1,2.25,1,151.9,1,2.25,1,33.8511,1
5905614,2025-10-02T01:29:49Z,1,-57.14131,130.80619,1,153.8,1,33.853,1,2.256,1,153.8,1,2.256,1,33.8531,1
5905614,2025-10-02T01:29:49Z,1,-57.14131,130.80619,1,156.0,1,33.855,1,2.264,1,156.0,1,2.264,1,33.8551,1
5905614,2025-10-02T01:29:49Z,1,-57.14131,130.80619,1,158.1,1,33.863,1,2.281,1,158.1,1,2.281,1,33.8631,1
5905614,2025-10-02T01:29:49Z,1,-57.14131,130.80619,1,159.9,1,33.891,1,2.335,1,159.9,1,2.335,1,33.8911,1
5905614,2025-10-02T01:29:49Z,1,-57.14131,130.80619,1,162.0,1,33.906,1,2.441,1,162.0,1,2.441,1,33.9061,1
5905614,2025-10-02T01:29:49Z,1,-57.14131,130.80619,1,164.1,1,33.915,1,2.495,1,164.1,1,2.495,1,33.9151,1
5905614,2025-10-02T01:29:49Z,1,-57.14131,130.80619,1,166.0,1,33.929,1,2.509,1,166.0,1,2.509,1,33.9291,1
5905614,2025-10-02T01:29:49Z,1,-57.14131,130.80619,1,167.9,1,33.934,1,2.505,1,167.9,1,2.505,1,33.9341,1
5905614,2025-10-02T01:29:49Z,1,-57.14131,130.80619,1,169.9,1,33.945,1,2.524,1,169.9,1,2.524,1,33.9451,1
5905614,2025-10-02T01:29:49Z,1,-57.14131,130.80619,1,171.8,1,33.971,1,2.58,1,171.8,1,2.58,1,33.9711,1
5905614,2025-10-02T01:29:49Z,1,-57.14131,130.80619,1,174.0,1,33.971,1,2.611,1,174.0,1,2.611,1,33.9711,1
5905614,2025-10-02T01:29:49Z,1,-57.14131,130.80619,1,175.9,1,33.981,1,2.65,1,175.9,1,2.65,1,33.9811,1
5905614,2025-10-02T01:29:49Z,1,-57.14131,130.80619,1,177.9,1,33.999,1,2.692,1,177.9,1,2.692,1,33.9991,1
5905614,2025-10-02T01:29:49Z,1,-57.14131,130.80619,1,180.1,1,34.015,1,2.738,1,180.1,1,2.738,1,34.0151,1
5905614,2025-10-02T01:29:49Z,1,-57.14131,130.80619,1,182.0,1,34.024,1,2.764,1,182.0,1,2.764,1,34.0241,1
5905614,2025-10-02T01:29:49Z,1,-57.14131,130.80619,1,184.0,1,34.046,1,2.817,1,184.0,1,2.817,1,34.0462,1
5905614,2025-10-02T01:29:49Z,1,-57.14131,130.80619,1,186.0,1,34.062,1,2.892,1,186.0,1,2.892,1,34.0621,1
5905614,2025-10-02T01:29:49Z,1,-57.14131,130.80619,1,188.0,1,34.078,1,2.977,1,188.0,1,2.977,1,34.0782,1
5905614,2025-10-02T01:29:49Z,1,-57.14131,130.80619,1,190.0,1,34.08,1,3.08,1,190.0,1,3.08,1,34.0802,1
5905614,2025-10-02T01:29:49Z,1,-57.14131,130.80619,1,192.0,1,34.072,1,3.088,1,192.0,1,3.088,1,34.0722,1
5905614,2025-10-02T01:29:49Z,1,-57.14131,130.80619,1,194.0,1,34.071,1,3.048,1,194.0,1,3.048,1,34.0712,1
5905614,2025-10-02T01:29:49Z,1,-57.14131,130.80619,1,195.9,1,34.058,1,2.971,1,195.9,1,2.971,1,34.0582,1
5905614,2025-10-02T01:29:49Z,1,-57.14131,130.80619,1,197.9,1,34.055,1,2.829,1,197.9,1,2.829,1,34.0552,1
5905614,2025-10-02T01:29:49Z,1,-57.14131,130.80619,1,199.9,1,34.056,1,2.766,1,199.9,1,2.766,1,34.0562,1
5905614,2025-10-02T01:29:49Z,1,-57.14131,130.80619,1,201.9,1,34.046,1,2.735,1,201.9,1,2.735,1,34.0462,1
5905614,2025-10-02T01:29:49Z,1,-57.14131,130.80619,1,204.0,1,34.038,1,2.638,1,204.0,1,2.638,1,34.0382,1
5905614,2025-10-02T01:29:49Z,1,-57.14131,130.80619,1,206.0,1,34.03,1,2.551,1,206.0,1,2.551,1,34.0302,1
5905614,2025-10-02T01:29:49Z,1,-57.14131,130.80619,1,208.0,1,34.029,1,2.47,1,208.0,1,2.47,1,34.0292,1
5905614,2025-10-02T01:29:49Z,1,-57.14131,130.80619,1,210.0,1,34.036,1,2.463,1,210.0,1,2.463,1,34.0362,1
5905614,2025-10-02T01:29:49Z,1,-57.14131,130.80619,1,211.9,1,34.049,1,2.504,1,211.9,1,2.504,1,34.0492,1
5905614,2025-10-02T01:29:49Z,1,-57.14131,130.80619,1,213.9,1,34.059,1,2.531,1,213.9,1,2.531,1,34.0592,1
5905614,2025-10-02T01:29:49Z,1,-57.14131,130.80619,1,215.9,1,34.057,1,2.534,1,215.9,1,2.534,1,34.0572,1
5905614,2025-10-02T01:29:49Z,1,-57.14131,130.80619,1,217.9,1,34.059,1,2.53,1,217.9,1,2.53,1,34.0592,1
5905614,2025-10-02T01:29:49Z,1,-57.14131,130.80619,1,220.0,1,34.065,1,2.531,1,220.0,1,2.531,1,34.0652,1
5905614,2025-10-02T01:29:49Z,1,-57.14131,130.80619,1,221.9,1,34.074,1,2.571,1,221.9,1,2.571,1,34.0742,1
5905614,2025-10-02T01:29:49Z,1,-57.14131,130.80619,1,223.9,1,34.077,1,2.584,1,223.9,1,2.584,1,34.0772,1
5905614,2025-10-02T01:29:49Z,1,-57.14131,130.80619,1,225.9,1,34.084,1,2.594,1,225.9,1,2.594,1,34.0842,1
5905614,2025-10-02T01:29:49Z,1,-57.14131,130.80619,1,227.9,1,34.087,1,2.611,1,227.9,1,2.611,1,34.0872,1
5905614,2025-10-02T01:29:49Z,1,-57.14131,130.80619,1,230.0,1,34.091,1,2.621,1,230.0,1,2.621,1,34.0912,1
5905614,2025-10-02T01:29:49Z,1,-57.14131,130.80619,1,232.0,1,34.099,1,2.659,1,232.0,1,2.659,1,34.0992,1
5905614,2025-10-02T01:29:49Z,1,-57.14131,130.80619,1,234.1,1,34.104,1,2.686,1,234.1,1,2.686,1,34.1042,1
5905614,2025-10-02T01:29:49Z,1,-57.14131,130.80619,1,235.9,1,34.102,1,2.688,1,235.9,1,2.688,1,34.1022,1
5905614,2025-10-02T01:29:49Z,1,-57.14131,130.80619,1,237.8,1,34.091,1,2.667,1,237.8,1,2.667,1,34.0912,1
5905614,2025-10-02T01:29:49Z,1,-57.14131,130.80619,1,239.9,1,34.093,1,2.632,1,239.9,1,2.632,1,34.0932,1
5905614,2025-10-02T01:29:49Z,1,-57.14131,130.80619,1,242.1,1,34.104,1,2.628,1,242.1,1,2.628,1,34.1042,1
5905614,2025-10-02T01:29:49Z,1,-57.14131,130.80619,1,244.0,1,34.115,1,2.661,1,244.0,1,2.661,1,34.1152,1
5905614,2025-10-02T01:29:49Z,1,-57.14131,130.80619,1,245.9,1,34.107,1,2.657,1,245.9,1,2.657,1,34.1072,1
5905614,2025-10-02T01:29:49Z,1,-57.14131,130.80619,1,247.8,1,34.106,1,2.636,1,247.8,1,2.636,1,34.1062,1
5905614,2025-10-02T01:29:49Z,1,-57.14131,130.80619,1,249.9,1,34.108,1,2.624,1,249.9,1,2.624,1,34.1082,1
5905614,2025-10-02T01:29:49Z,1,-57.14131,130.80619,1,252.0,1,34.107,1,2.591,1,252.0,1,2.591,1,34.1072,1
5905614,2025-10-02T01:29:49Z,1,-57.14131,130.80619,1,253.9,1,34.104,1,2.566,1,253.9,1,2.566,1,34.1042,1
5905614,2025-10-02T01:29:49Z,1,-57.14131,130.80619,1,255.9,1,34.113,1,2.567,1,255.9,1,2.567,1,34.1132,1
5905614,2025-10-02T01:29:49Z,1,-57.14131,130.80619,1,257.9,1,34.119,1,2.577,1,257.9,1,2.577,1,34.1192,1
5905614,2025-10-02T01:29:49Z,1,-57.14131,130.80619,1,260.0,1,34.127,1,2.599,1,260.0,1,2.599,1,34.1272,1
5905614,2025-10-02T01:29:49Z,1,-57.14131,130.80619,1,262.1,1,34.125,1,2.622,1,262.1,1,2.622,1,34.1252,1
5905614,2025-10-02T01:29:49Z,1,-57.14131,130.80619,1,264.0,1,34.127,1,2.63,1,264.0,1,2.63,1,34.1272,1
5905614,2025-10-02T01:29:49Z,1,-57.14131,130.80619,1,266.0,1,34.127,1,2.629,1,266.0,1,2.629,1,34.1272,1
5905614,2025-10-02T01:29:49Z,1,-57.14131,130.80619,1,268.0,1,34.128,1,2.626,1,268.0,1,2.626,1,34.1282,1
5905614,2025-10-02T01:29:49Z,1,-57.14131,130.80619,1,270.1,1,34.13,1,2.626,1,270.1,1,2.626,1,34.1302,1
5905614,2025-10-02T01:29:49Z,1,-57.14131,130.80619,1,272.0,1,34.13,1,2.625,1,272.0,1,2.625,1,34.1302,1
5905614,2025-10-02T01:29:49Z,1,-57.14131,130.80619,1,273.9,1,34.131,1,2.623,1,273.9,1,2.623,1,34.1312,1
5905614,2025-10-02T01:29:49Z,1,-57.14131,130.80619,1,275.9,1,34.133,1,2.606,1,275.9,1,2.606,1,34.1332,1
5905614,2025-10-02T01:29:49Z,1,-57.14131,130.80619,1,277.9,1,34.135,1,2.586,1,277.9,1,2.586,1,34.1352,1
5905614,2025-10-02T01:29:49Z,1,-57.14131,130.80619,1,280.0,1,34.136,1,2.569,1,280.0,1,2.569,1,34.1362,1
5905614,2025-10-02T01:29:49Z,1,-57.14131,130.80619,1,281.9,1,34.147,1,2.587,1,281.9,1,2.587,1,34.1472,1
5905614,2025-10-02T01:29:49Z,1,-57.14131,130.80619,1,283.9,1,34.147,1,2.601,1,283.9,1,2.601,1,34.1472,1
5905614,2025-10-02T01:29:49Z,1,-57.14131,130.80619,1,285.9,1,34.157,1,2.613,1,285.9,1,2.613,1,34.1572,1
5905614,2025-10-02T01:29:49Z,1,-57.14131,130.80619,1,287.9,1,34.163,1,2.624,1,287.9,1,2.624,1,34.1632,1
5905614,2025-10-02T01:29:49Z,1,-57.14131,130.80619,1,289.9,1,34.166,1,2.623,1,289.9,1,2.623,1,34.1662,1
5905614,2025-10-02T01:29:49Z,1,-57.14131,130.80619,1,292.0,1,34.172,1,2.641,1,292.0,1,2.641,1,34.1722,1
5905614,2025-10-02T01:29:49Z,1,-57.14131,130.80619,1,293.9,1,34.181,1,2.686,1,293.9,1,2.686,1,34.1812,1
5905614,2025-10-02T01:29:49Z,1,-57.14131,130.80619,1,295.9,1,34.18,1,2.69,1,295.9,1,2.69,1,34.1802,1
5905614,2025-10-02T01:29:49Z,1,-57.14131,130.80619,1,298.0,1,34.186,1,2.675,1,298.0,1,2.675,1,34.1862,1
5905614,2025-10-02T01:29:49Z,1,-57.14131,130.80619,1,300.0,1,34.19,1,2.681,1,300.0,1,2.681,1,34.1902,1
5905614,2025-10-02T01:29:49Z,1,-57.14131,130.80619,1,301.9,1,34.19,1,2.663,1,301.9,1,2.663,1,34.1902,1
5905614,2025-10-02T01:29:49Z,1,-57.14131,130.80619,1,303.9,1,34.189,1,2.649,1,303.9,1,2.649,1,34.1892,1
5905614,2025-10-02T01:29:49Z,1,-57.14131,130.80619,1,305.9,1,34.19,1,2.638,1,305.9,1,2.638,1,34.1902,1
5905614,2025-10-02T01:29:49Z,1,-57.14131,130.80619,1,308.0,1,34.189,1,2.629,1,308.0,1,2.629,1,34.1892,1
5905614,2025-10-02T01:29:49Z,1,-57.14131,130.80619,1,309.9,1,34.194,1,2.624,1,309.9,1,2.624,1,34.1942,1
5905614,2025-10-02T01:29:49Z,1,-57.14131,130.80619,1,311.9,1,34.2,1,2.633,1,311.9,1,2.633,1,34.2003,1
5905614,2025-10-02T01:29:49Z,1,-57.14131,130.80619,1,314.0,1,34.196,1,2.622,1,314.0,1,2.622,1,34.1963,1
5905614,2025-10-02T01:29:49Z,1,-57.14131,130.80619,1,316.0,1,34.195,1,2.605,1,316.0,1,2.605,1,34.1953,1
5905614,2025-10-02T01:29:49Z,1,-57.14131,130.80619,1,318.0,1,34.192,1,2.585,1,318.0,1,2.585,1,34.1923,1
5905614,2025-10-02T01:29:49Z,1,-57.14131,130.80619,1,320.0,1,34.194,1,2.561,1,320.0,1,2.561,1,34.1943,1
5905614,2025-10-02T01:29:49Z,1,-57.14131,130.80619,1,322.0,1,34.197,1,2.558,1,322.0,1,2.558,1,34.1973,1
5905614,2025-10-02T01:29:49Z,1,-57.14131,130.80619,1,323.9,1,34.198,1,2.557,1,323.9,1,2.557,1,34.1983,1
5905614,2025-10-02T01:29:49Z,1,-57.14131,130.80619,1,326.0,1,34.2,1,2.555,1,326.0,1,2.555,1,34.2003,1
5905614,2025-10-02T01:29:49Z,1,-57.14131,130.80619,1,328.0,1,34.206,1,2.561,1,328.0,1,2.561,1,34.2063,1
5905614,2025-10-02T01:29:49Z,1,-57.14131,130.80619,1,329.9,1,34.211,1,2.575,1,329.9,1,2.575,1,34.2113,1
5905614,2025-10-02T01:29:49Z,1,-57.14131,130.80619,1,331.8,1,34.224,1,2.625,1,331.8,1,2.625,1,34.2243,1
5905614,2025-10-02T01:29:49Z,1,-57.14131,130.80619,1,333.8,1,34.227,1,2.669,1,333.8,1,2.669,1,34.2273,1
5905614,2025-10-02T01:29:49Z,1,-57.14131,130.80619,1,335.8,1,34.228,1,2.681,1,335.8,1,2.681,1,34.2283,1
5905614,2025-10-02T01:29:49Z,1,-57.14131,130.80619,1,337.9,1,34.232,1,2.692,1,337.9,1,2.692,1,34.2323,1
5905614,2025-10-02T01:29:49Z,1,-57.14131,130.80619,1,339.9,1,34.242,1,2.716,1,339.9,1,2.716,1,34.2423,1
5905614,2025-10-02T01:29:49Z,1,-57.14131,130.80619,1,341.9,1,34.24,1,2.722,1,341.9,1,2.722,1,34.2403,1
5905614,2025-10-02T01:29:49Z,1,-57.14131,130.80619,1,343.8,1,34.242,1,2.721,1,343.8,1,2.721,1,34.2423,1
5905614,2025-10-02T01:29:49Z,1,-57.14131,130.80619,1,345.8,1,34.243,1,2.723,1,345.8,1,2.723,1,34.2433,1
5905614,2025-10-02T01:29:49Z,1,-57.14131,130.80619,1,348.0,1,34.245,1,2.722,1,348.0,1,2.722,1,34.2453,1
5905614,2025-10-02T01:29:49Z,1,-57.14131,130.80619,1,350.1,1,34.25,1,2.725,1,350.1,1,2.725,1,34.2503,1
5905614,2025-10-02T01:29:49Z,1,-57.14131,130.80619,1,352.0,1,34.254,1,2.732,1,352.0,1,2.732,1,34.2543,1
5905614,2025-10-02T01:29:49Z,1,-57.14131,130.80619,1,353.9,1,34.258,1,2.74,1,353.9,1,2.74,1,34.2583,1
5905614,2025-10-02T01:29:49Z,1,-57.14131,130.80619,1,356.0,1,34.261,1,2.744,1,356.0,1,2.744,1,34.2613,1
5905614,2025-10-02T01:29:49Z,1,-57.14131,130.80619,1,358.1,1,34.264,1,2.75,1,358.1,1,2.75,1,34.2643,1
5905614,2025-10-02T01:29:49Z,1,-57.14131,130.80619,1,360.0,1,34.266,1,2.753,1,360.0,1,2.753,1,34.2663,1
5905614,2025-10-02T01:29:49Z,1,-57.14131,130.80619,1,362.0,1,34.269,1,2.757,1,362.0,1,2.757,1,34.2693,1
5905614,2025-10-02T01:29:49Z,1,-57.14131,130.80619,1,363.9,1,34.272,1,2.758,1,363.9,1,2.758,1,34.2723,1
5905614,2025-10-02T01:29:49Z,1,-57.14131,130.80619,1,365.9,1,34.271,1,2.75,1,365.9,1,2.75,1,34.2713,1
5905614,2025-10-02T01:29:49Z,1,-57.14131,130.80619,1,367.9,1,34.276,1,2.746,1,367.9,1,2.746,1,34.2763,1
5905614,2025-10-02T01:29:49Z,1,-57.14131,130.80619,1,370.1,1,34.277,1,2.748,1,370.1,1,2.748,1,34.2773,1
5905614,2025-10-02T01:29:49Z,1,-57.14131,130.80619,1,372.0,1,34.278,1,2.746,1,372.0,1,2.746,1,34.2783,1
5905614,2025-10-02T01:29:49Z,1,-57.14131,130.80619,1,373.9,1,34.278,1,2.741,1,373.9,1,2.741,1,34.2783,1
5905614,2025-10-02T01:29:49Z,1,-57.14131,130.80619,1,376.0,1,34.28,1,2.733,1,376.0,1,2.733,1,34.2803,1
5905614,2025-10-02T01:29:49Z,1,-57.14131,130.80619,1,378.0,1,34.284,1,2.73,1,378.0,1,2.73,1,34.2843,1
5905614,2025-10-02T01:29:49Z,1,-57.14131,130.80619,1,379.9,1,34.284,1,2.73,1,379.9,1,2.73,1,34.2843,1
5905614,2025-10-02T01:29:49Z,1,-57.14131,130.80619,1,382.0,1,34.284,1,2.719,1,382.0,1,2.719,1,34.2843,1
5905614,2025-10-02T01:29:49Z,1,-57.14131,130.80619,1,384.0,1,34.29,1,2.715,1,384.0,1,2.715,1,34.2903,1
5905614,2025-10-02T01:29:49Z,1,-57.14131,130.80619,1,385.9,1,34.291,1,2.714,1,385.9,1,2.714,1,34.2913,1
5905614,2025-10-02T01:29:49Z,1,-57.14131,130.80619,1,387.9,1,34.293,1,2.713,1,387.9,1,2.713,1,34.2933,1
5905614,2025-10-02T01:29:49Z,1,-57.14131,130.80619,1,389.9,1,34.295,1,2.715,1,389.9,1,2.715,1,34.2953,1
5905614,2025-10-02T01:29:49Z,1,-57.14131,130.80619,1,391.9,1,34.296,1,2.716,1,391.9,1,2.716,1,34.2963,1
5905614,2025-10-02T01:29:49Z,1,-57.14131,130.80619,1,394.1,1,34.298,1,2.715,1,394.1,1,2.715,1,34.2983,1
5905614,2025-10-02T01:29:49Z,1,-57.14131,130.80619,1,396.0,1,34.299,1,2.715,1,396.0,1,2.715,1,34.2993,1
5905614,2025-10-02T01:29:49Z,1,-57.14131,130.80619,1,397.9,1,34.3,1,2.714,1,397.9,1,2.714,1,34.3003,1
5905614,2025-10-02T01:29:49Z,1,-57.14131,130.80619,1,400.0,1,34.302,1,2.707,1,400.0,1,2.707,1,34.3023,1
5905614,2025-10-02T01:29:49Z,1,-57.14131,130.80619,1,402.0,1,34.304,1,2.692,1,402.0,1,2.692,1,34.3043,1
5905614,2025-10-02T01:29:49Z,1,-57.14131,130.80619,1,404.0,1,34.304,1,2.688,1,404.0,1,2.688,1,34.3043,1
5905614,2025-10-02T01:29:49Z,1,-57.14131,130.80619,1,406.0,1,34.306,1,2.682,1,406.0,1,2.682,1,34.3063,1
5905614,2025-10-02T01:29:49Z,1,-57.14131,130.80619,1,407.9,1,34.31,1,2.68,1,407.9,1,2.68,1,34.3103,1
5905614,2025-10-02T01:29:49Z,1,-57.14131,130.80619,1,410.0,1,34.314,1,2.683,1,410.0,1,2.683,1,34.3143,1
5905614,2025-10-02T01:29:49Z,1,-57.14131,130.80619,1,412.0,1,34.318,1,2.688,1,412.0,1,2.688,1,34.3183,1
5905614,2025-10-02T01:29:49Z,1,-57.14131,130.80619,1,414.0,1,34.32,1,2.69,1,414.0,1,2.69,1,34.3203,1
5905614,2025-10-02T01:29:49Z,1,-57.14131,130.80619,1,416.0,1,34.322,1,2.689,1,416.0,1,2.689,1,34.3223,1
5905614,2025-10-02T01:29:49Z,1,-57.14131,130.80619,1,418.0,1,34.324,1,2.689,1,418.0,1,2.689,1,34.3243,1
5905614,2025-10-02T01:29:49Z,1,-57.14131,130.80619,1,419.9,1,34.324,1,2.689,1,419.9,1,2.689,1,34.3243,1
5905614,2025-10-02T01:29:49Z,1,-57.14131,130.80619,1,421.8,1,34.326,1,2.691,1,421.8,1,2.691,1,34.3263,1
5905614,2025-10-02T01:29:49Z,1,-57.14131,130.80619,1,423.9,1,34.329,1,2.698,1,423.9,1,2.698,1,34.3293,1
5905614,2025-10-02T01:29:49Z,1,-57.14131,130.80619,1,426.0,1,34.33,1,2.693,1,426.0,1,2.693,1,34.3303,1
5905614,2025-10-02T01:29:49Z,1,-57.14131,130.80619,1,428.0,1,34.332,1,2.688,1,428.0,1,2.688,1,34.3323,1
5905614,2025-10-02T01:29:49Z,1,-57.14131,130.80619,1,430.0,1,34.337,1,2.685,1,430.0,1,2.685,1,34.3374,1
5905614,2025-10-02T01:29:49Z,1,-57.14131,130.80619,1,432.0,1,34.339,1,2.684,1,432.0,1,2.684,1,34.3394,1
5905614,2025-10-02T01:29:49Z,1,-57.14131,130.80619,1,434.1,1,34.339,1,2.684,1,434.1,1,2.684,1,34.3394,1
5905614,2025-10-02T01:29:49Z,1,-57.14131,130.80619,1,436.0,1,34.34,1,2.684,1,436.0,1,2.684,1,34.3404,1
5905614,2025-10-02T01:29:49Z,1,-57.14131,130.80619,1,438.0,1,34.344,1,2.684,1,438.0,1,2.684,1,34.3444,1
5905614,2025-10-02T01:29:49Z,1,-57.14131,130.80619,1,440.0,1,34.345,1,2.684,1,440.0,1,2.684,1,34.3454,1
5905614,2025-10-02T01:29:49Z,1,-57.14131,130.80619,1,442.0,1,34.347,1,2.685,1,442.0,1,2.685,1,34.3474,1
5905614,2025-10-02T01:29:49Z,1,-57.14131,130.80619,1,444.0,1,34.348,1,2.686,1,444.0,1,2.686,1,34.3484,1
5905614,2025-10-02T01:29:49Z,1,-57.14131,130.80619,1,445.9,1,34.348,1,2.687,1,445.9,1,2.687,1,34.3484,1
5905614,2025-10-02T01:29:49Z,1,-57.14131,130.80619,1,448.0,1,34.351,1,2.689,1,448.0,1,2.689,1,34.3514,1
5905614,2025-10-02T01:29:49Z,1,-57.14131,130.80619,1,450.0,1,34.354,1,2.692,1,450.0,1,2.692,1,34.3544,1
5905614,2025-10-02T01:29:49Z,1,-57.14131,130.80619,1,452.0,1,34.355,1,2.694,1,452.0,1,2.694,1,34.3554,1
5905614,2025-10-02T01:29:49Z,1,-57.14131,130.80619,1,453.9,1,34.356,1,2.695,1,453.9,1,2.695,1,34.3564,1
5905614,2025-10-02T01:29:49Z,1,-57.14131,130.80619,1,455.8,1,34.358,1,2.696,1,455.8,1,2.696,1,34.3584,1
5905614,2025-10-02T01:29:49Z,1,-57.14131,130.80619,1,457.9,1,34.359,1,2.696,1,457.9,1,2.696,1,34.3594,1
5905614,2025-10-02T01:29:49Z,1,-57.14131,130.80619,1,460.0,1,34.362,1,2.698,1,460.0,1,2.698,1,34.3624,1
5905614,2025-10-02T01:29:49Z,1,-57.14131,130.80619,1,462.0,1,34.361,1,2.697,1,462.0,1,2.697,1,34.3614,1
5905614,2025-10-02T01:29:49Z,1,-57.14131,130.80619,1,464.0,1,34.362,1,2.693,1,464.0,1,2.693,1,34.3624,1
5905614,2025-10-02T01:29:49Z,1,-57.14131,130.80619,1,466.0,1,34.362,1,2.69,1,466.0,1,2.69,1,34.3624,1
5905614,2025-10-02T01:29:49Z,1,-57.14131,130.80619,1,468.1,1,34.363,1,2.687,1,468.1,1,2.687,1,34.3634,1
5905614,2025-10-02T01:29:49Z,1,-57.14131,130.80619,1,470.0,1,34.363,1,2.687,1,470.0,1,2.687,1,34.3634,1
5905614,2025-10-02T01:29:49Z,1,-57.14131,130.80619,1,471.9,1,34.364,1,2.686,1,471.9,1,2.686,1,34.3644,1
5905614,2025-10-02T01:29:49Z,1,-57.14131,130.80619,1,473.9,1,34.366,1,2.685,1,473.9,1,2.685,1,34.3664,1
5905614,2025-10-02T01:29:49Z,1,-57.14131,130.80619,1,476.1,1,34.366,1,2.681,1,476.1,1,2.681,1,34.3664,1
5905614,2025-10-02T01:29:49Z,1,-57.14131,130.80619,1,478.1,1,34.368,1,2.677,1,478.1,1,2.677,1,34.3684,1
5905614,2025-10-02T01:29:49Z,1,-57.14131,130.80619,1,480.1,1,34.371,1,2.675,1,480.1,1,2.675,1,34.3714,1
5905614,2025-10-02T01:29:49Z,1,-57.14131,130.80619,1,482.0,1,34.372,1,2.673,1,482.0,1,2.673,1,34.3724,1
5905614,2025-10-02T01:29:49Z,1,-57.14131,130.80619,1,483.9,1,34.374,1,2.674,1,483.9,1,2.674,1,34.3744,1
5905614,2025-10-02T01:29:49Z,1,-57.14131,130.80619,1,485.9,1,34.376,1,2.675,1,485.9,1,2.675,1,34.3764,1
5905614,2025-10-02T01:29:49Z,1,-57.14131,130.80619,1,487.9,1,34.377,1,2.676,1,487.9,1,2.676,1,34.3774,1
5905614,2025-10-02T01:29:49Z,1,-57.14131,130.80619,1,489.9,1,34.379,1,2.678,1,489.9,1,2.678,1,34.3794,1
5905614,2025-10-02T01:29:49Z,1,-57.14131,130.80619,1,492.0,1,34.382,1,2.679,1,492.0,1,2.679,1,34.3824,1
5905614,2025-10-02T01:29:49Z,1,-57.14131,130.80619,1,493.9,1,34.382,1,2.677,1,493.9,1,2.677,1,34.3824,1
5905614,2025-10-02T01:29:49Z,1,-57.14131,130.80619,1,496.0,1,34.382,1,2.675,1,496.0,1,2.675,1,34.3824,1
5905614,2025-10-02T01:29:49Z,1,-57.14131,130.80619,1,498.0,1,34.385,1,2.675,1,498.0,1,2.675,1,34.3854,1
5905614,2025-10-02T01:29:49Z,1,-57.14131,130.80619,1,499.9,1,34.386,1,2.677,1,499.9,1,2.677,1,34.3864,1
5905614,2025-10-02T01:29:49Z,1,-57.14131,130.80619,1,501.9,1,34.388,1,2.678,1,501.9,1,2.678,1,34.3884,1
5905614,2025-10-02T01:29:49Z,1,-57.14131,130.80619,1,503.9,1,34.388,1,2.678,1,503.9,1,2.678,1,34.3884,1
5905614,2025-10-02T01:29:49Z,1,-57.14131,130.80619,1,509.7,1,34.392,1,2.672,1,509.7,1,2.672,1,34.3924,1
5905614,2025-10-02T01:29:49Z,1,-57.14131,130.80619,1,514.0,1,34.393,1,2.668,1,514.0,1,2.668,1,34.3934,1
5905614,2025-10-02T01:29:49Z,1,-57.14131,130.80619,1,518.5,1,34.396,1,2.656,1,518.5,1,2.656,1,34.3964,1
5905614,2025-10-02T01:29:49Z,1,-57.14131,130.80619,1,522.8,1,34.397,1,2.638,1,522.8,1,2.638,1,34.3974,1
5905614,2025-10-02T01:29:49Z,1,-57.14131,130.80619,1,527.0,1,34.401,1,2.631,1,527.0,1,2.631,1,34.4014,1
5905614,2025-10-02T01:29:49Z,1,-57.14131,130.80619,1,530.9,1,34.403,1,2.624,1,530.9,1,2.624,1,34.4034,1
5905614,2025-10-02T01:29:49Z,1,-57.14131,130.80619,1,534.7,1,34.405,1,2.621,1,534.7,1,2.621,1,34.4054,1
5905614,2025-10-02T01:29:49Z,1,-57.14131,130.80619,1,541.9,1,34.405,1,2.613,1,541.9,1,2.613,1,34.4054,1
5905614,2025-10-02T01:29:49Z,1,-57.14131,130.80619,1,544.7,1,34.407,1,2.604,1,544.7,1,2.604,1,34.4074,1
5905614,2025-10-02T01:29:49Z,1,-57.14131,130.80619,1,551.1,1,34.413,1,2.601,1,551.1,1,2.601,1,34.4134,1
5905614,2025-10-02T01:29:49Z,1,-57.14131,130.80619,1,553.5,1,34.415,1,2.603,1,553.5,1,2.603,1,34.4154,1
5905614,2025-10-02T01:29:49Z,1,-57.14131,130.80619,1,558.8,1,34.424,1,2.601,1,558.8,1,2.601,1,34.4245,1
5905614,2025-10-02T01:29:49Z,1,-57.14131,130.80619,1,563.8,1,34.429,1,2.594,1,563.8,1,2.594,1,34.4295,1
5905614,2025-10-02T01:29:49Z,1,-57.14131,130.80619,1,568.5,1,34.436,1,2.589,1,568.5,1,2.589,1,34.4365,1
5905614,2025-10-02T01:29:49Z,1,-57.14131,130.80619,1,573.7,1,34.446,1,2.575,1,573.7,1,2.575,1,34.4465,1
5905614,2025-10-02T01:29:49Z,1,-57.14131,130.80619,1,579.2,1,34.455,1,2.564,1,579.2,1,2.564,1,34.4555,1
5905614,2025-10-02T01:29:49Z,1,-57.14131,130.80619,1,585.4,1,34.458,1,2.558,1,585.4,1,2.558,1,34.4585,1
5905614,2025-10-02T01:29:49Z,1,-57.14131,130.80619,1,591.8,1,34.467,1,2.529,1,591.8,1,2.529,1,34.4675,1
5905614,2025-10-02T01:29:49Z,1,-57.14131,130.80619,1,594.6,1,34.468,1,2.528,1,594.6,1,2.528,1,34.4685,1
5905614,2025-10-02T01:29:49Z,1,-57.14131,130.80619,1,601.9,1,34.47,1,2.519,1,601.9,1,2.519,1,34.4705,1
5905614,2025-10-02T01:29:49Z,1,-57.14131,130.80619,1,605.3,1,34.472,1,2.517,1,605.3,1,2.517,1,34.4725,1
5905614,2025-10-02T01:29:49Z,1,-57.14131,130.80619,1,609.1,1,34.479,1,2.516,1,609.1,1,2.516,1,34.4795,1
5905614,2025-10-02T01:29:49Z,1,-57.14131,130.80619,1,617.8,1,34.481,1,2.522,1,617.8,1,2.522,1,34.4815,1
5905614,2025-10-02T01:29:49Z,1,-57.14131,130.80619,1,621.8,1,34.484,1,2.517,1,621.8,1,2.517,1,34.4845,1
5905614,2025-10-02T01:29:49Z,1,-57.14131,130.80619,1,626.1,1,34.486,1,2.516,1,626.1,1,2.516,1,34.4865,1
5905614,2025-10-02T01:29:49Z,1,-57.14131,130.80619,1,630.3,1,34.49,1,2.519,1,630.3,1,2.519,1,34.4905,1
5905614,2025-10-02T01:29:49Z,1,-57.14131,130.80619,1,634.7,1,34.496,1,2.528,1,634.7,1,2.528,1,34.4965,1
5905614,2025-10-02T01:29:49Z,1,-57.14131,130.80619,1,644.0,1,34.5,1,2.548,1,644.0,1,2.548,1,34.5005,1
5905614,2025-10-02T01:29:49Z,1,-57.14131,130.80619,1,648.2,1,34.503,1,2.555,1,648.2,1,2.555,1,34.5035,1
5905614,2025-10-02T01:29:49Z,1,-57.14131,130.80619,1,652.6,1,34.507,1,2.545,1,652.6,1,2.545,1,34.5075,1
5905614,2025-10-02T01:29:49Z,1,-57.14131,130.80619,1,656.8,1,34.51,1,2.544,1,656.8,1,2.544,1,34.5105,1
5905614,2025-10-02T01:29:49Z,1,-57.14131,130.80619,1,661.2,1,34.512,1,2.54,1,661.2,1,2.54,1,34.5125,1
5905614,2025-10-02T01:29:49Z,1,-57.14131,130.80619,1,665.5,1,34.514,1,2.534,1,665.5,1,2.534,1,34.5145,1
5905614,2025-10-02T01:29:49Z,1,-57.14131,130.80619,1,669.9,1,34.516,1,2.532,1,669.9,1,2.532,1,34.5165,1
5905614,2025-10-02T01:29:49Z,1,-57.14131,130.80619,1,678.8,1,34.519,1,2.527,1,678.8,1,2.527,1,34.5196,1
5905614,2025-10-02T01:29:49Z,1,-57.14131,130.80619,1,682.4,1,34.52,1,2.526,1,682.4,1,2.526,1,34.5206,1
5905614,2025-10-02T01:29:49Z,1,-57.14131,130.80619,1,686.2,1,34.522,1,2.524,1,686.2,1,2.524,1,34.5226,1
5905614,2025-10-02T01:29:49Z,1,-57.14131,130.80619,1,689.9,1,34.525,1,2.521,1,689.9,1,2.521,1,34.5256,1
5905614,2025-10-02T01:29:49Z,1,-57.14131,130.80619,1,697.6,1,34.526,1,2.519,1,697.6,1,2.519,1,34.5266,1
5905614,2025-10-02T01:29:49Z,1,-57.14131,130.80619,1,700.7,1,34.528,1,2.517,1,700.7,1,2.517,1,34.5286,1
5905614,2025-10-02T01:29:49Z,1,-57.14131,130.80619,1,704.2,1,34.529,1,2.512,1,704.2,1,2.512,1,34.5296,1
5905614,2025-10-02T01:29:49Z,1,-57.14131,130.80619,1,711.3,1,34.532,1,2.505,1,711.3,1,2.505,1,34.5326,1
5905614,2025-10-02T01:29:49Z,1,-57.14131,130.80619,1,714.5,1,34.535,1,2.504,1,714.5,1,2.504,1,34.5356,1
5905614,2025-10-02T01:29:49Z,1,-57.14131,130.80619,1,721.6,1,34.536,1,2.503,1,721.6,1,2.503,1,34.5366,1
5905614,2025-10-02T01:29:49Z,1,-57.14131,130.80619,1,724.7,1,34.54,1,2.504,1,724.7,1,2.504,1,34.5406,1
5905614,2025-10-02T01:29:49Z,1,-57.14131,130.80619,1,731.3,1,34.549,1,2.506,1,731.3,1,2.506,1,34.5496,1
5905614,2025-10-02T01:29:49Z,1,-57.14131,130.80619,1,733.9,1,34.55,1,2.507,1,733.9,1,2.507,1,34.5506,1
5905614,2025-10-02T01:29:49Z,1,-57.14131,130.80619,1,739.7,1,34.554,1,2.494,1,739.7,1,2.494,1,34.5546,1
5905614,2025-10-02T01:29:49Z,1,-57.14131,130.80619,1,745.0,1,34.558,1,2.488,1,745.0,1,2.488,1,34.5586,1
5905614,2025-10-02T01:29:49Z,1,-57.14131,130.80619,1,749.9,1,34.56,1,2.487,1,749.9,1,2.487,1,34.5606,1
5905614,2025-10-02T01:29:49Z,1,-57.14131,130.80619,1,754.8,1,34.563,1,2.486,1,754.8,1,2.486,1,34.5636,1
5905614,2025-10-02T01:29:49Z,1,-57.14131,130.80619,1,759.5,1,34.564,1,2.486,1,759.5,1,2.486,1,34.5646,1
5905614,2025-10-02T01:29:49Z,1,-57.14131,130.80619,1,764.3,1,34.567,1,2.482,1,764.3,1,2.482,1,34.5676,1
5905614,2025-10-02T01:29:49Z,1,-57.14131,130.80619,1,769.3,1,34.569,1,2.48,1,769.3,1,2.48,1,34.5696,1
5905614,2025-10-02T01:29:49Z,1,-57.14131,130.80619,1,774.4,1,34.573,1,2.478,1,774.4,1,2.478,1,34.5736,1
5905614,2025-10-02T01:29:49Z,1,-57.14131,130.80619,1,779.7,1,34.576,1,2.476,1,779.7,1,2.476,1,34.5766,1
5905614,2025-10-02T01:29:49Z,1,-57.14131,130.80619,1,785.3,1,34.579,1,2.472,1,785.3,1,2.472,1,34.5796,1
5905614,2025-10-02T01:29:49Z,1,-57.14131,130.80619,1,790.7,1,34.583,1,2.469,1,790.7,1,2.469,1,34.5836,1
5905614,2025-10-02T01:29:49Z,1,-57.14131,130.80619,1,793.2,1,34.583,1,2.469,1,793.2,1,2.469,1,34.5836,1
5905614,2025-10-02T01:29:49Z,1,-57.14131,130.80619,1,799.3,1,34.584,1,2.47,1,799.3,1,2.47,1,34.5847,1
5905614,2025-10-02T01:29:49Z,1,-57.14131,130.80619,1,806.0,1,34.585,1,2.47,1,806.0,1,2.47,1,34.5857,1
5905614,2025-10-02T01:29:49Z,1,-57.14131,130.80619,1,808.7,1,34.587,1,2.468,1,808.7,1,2.468,1,34.5877,1
5905614,2025-10-02T01:29:49Z,1,-57.14131,130.80619,1,815.5,1,34.588,1,2.467,1,815.5,1,2.467,1,34.5887,1
5905614,2025-10-02T01:29:49Z,1,-57.14131,130.80619,1,818.3,1,34.589,1,2.467,1,818.3,1,2.467,1,34.5897,1
5905614,2025-10-02T01:29:49Z,1,-57.14131,130.80619,1,825.0,1,34.59,1,2.466,1,825.0,1,2.466,1,34.5907,1
5905614,2025-10-02T01:29:49Z,1,-57.14131,130.80619,1,831.6,1,34.593,1,2.463,1,831.6,1,2.463,1,34.5937,1
5905614,2025-10-02T01:29:49Z,1,-57.14131,130.80619,1,834.3,1,34.595,1,2.461,1,834.3,1,2.461,1,34.5957,1
5905614,2025-10-02T01:29:49Z,1,-57.14131,130.80619,1,841.0,1,34.596,1,2.459,1,841.0,1,2.459,1,34.5967,1
5905614,2025-10-02T01:29:49Z,1,-57.14131,130.80619,1,843.6,1,34.597,1,2.459,1,843.6,1,2.459,1,34.5977,1
5905614,2025-10-02T01:29:49Z,1,-57.14131,130.80619,1,850.0,1,34.603,1,2.45,1,850.0,1,2.45,1,34.6037,1
5905614,2025-10-02T01:29:49Z,1,-57.14131,130.80619,1,855.9,1,34.606,1,2.447,1,855.9,1,2.447,1,34.6067,1
5905614,2025-10-02T01:29:49Z,1,-57.14131,130.80619,1,858.4,1,34.605,1,2.442,1,858.4,1,2.442,1,34.6057,1
5905614,2025-10-02T01:29:49Z,1,-57.14131,130.80619,1,864.5,1,34.609,1,2.437,1,864.5,1,2.437,1,34.6097,1
5905614,2025-10-02T01:29:49Z,1,-57.14131,130.80619,1,870.1,1,34.611,1,2.435,1,870.1,1,2.435,1,34.6117,1
5905614,2025-10-02T01:29:49Z,1,-57.14131,130.80619,1,875.6,1,34.613,1,2.436,1,875.6,1,2.436,1,34.6137,1
5905614,2025-10-02T01:29:49Z,1,-57.14131,130.80619,1,878.0,1,34.615,1,2.435,1,878.0,1,2.435,1,34.6157,1
5905614,2025-10-02T01:29:49Z,1,-57.14131,130.80619,1,884.0,1,34.617,1,2.432,1,884.0,1,2.432,1,34.6177,1
5905614,2025-10-02T01:29:49Z,1,-57.14131,130.80619,1,889.8,1,34.618,1,2.429,1,889.8,1,2.429,1,34.6187,1
5905614,2025-10-02T01:29:49Z,1,-57.14131,130.80619,1,895.5,1,34.619,1,2.427,1,895.5,1,2.427,1,34.6197,1
5905614,2025-10-02T01:29:49Z,1,-57.14131,130.80619,1,901.1,1,34.621,1,2.423,1,901.1,1,2.423,1,34.6217,1
5905614,2025-10-02T01:29:49Z,1,-57.14131,130.80619,1,903.1,1,34.623,1,2.422,1,903.1,1,2.422,1,34.6237,1
5905614,2025-10-02T01:29:49Z,1,-57.14131,130.80619,1,908.6,1,34.624,1,2.418,1,908.6,1,2.418,1,34.6247,1
5905614,2025-10-02T01:29:49Z,1,-57.14131,130.80619,1,913.5,1,34.625,1,2.415,1,913.5,1,2.415,1,34.6257,1
5905614,2025-10-02T01:29:49Z,1,-57.14131,130.80619,1,918.4,1,34.626,1,2.413,1,918.4,1,2.413,1,34.6268,1
5905614,2025-10-02T01:29:49Z,1,-57.14131,130.80619,1,922.9,1,34.627,1,2.41,1,922.9,1,2.41,1,34.6278,1
5905614,2025-10-02T01:29:49Z,1,-57.14131,130.80619,1,925.0,1,34.627,1,2.41,1,925.0,1,2.41,1,34.6278,1
5905614,2025-10-02T12:23:17Z,1,-57.19673,130.86137,1,18.8,1,33.834,1,2.43,1,18.8,1,2.43,1,33.834,1
5905614,2025-10-02T12:23:17Z,1,-57.19673,130.86137,1,18.9,1,33.835,1,2.43,1,18.9,1,2.43,1,33.835,1
5905614,2025-10-02T12:23:17Z,1,-57.19673,130.86137,1,19.0,1,33.835,1,2.43,1,19.0,1,2.43,1,33.835,1
5905614,2025-10-02T12:23:17Z,1,-57.19673,130.86137,1,19.1,1,33.835,1,2.429,1,19.1,1,2.429,1,33.835,1
5905614,2025-10-02T12:23:17Z,1,-57.19673,130.86137,1,19.2,1,33.835,1,2.43,1,19.2,1,2.43,1,33.835,1
5905614,2025-10-02T12:23:17Z,1,-57.19673,130.86137,1,19.3,1,33.834,1,2.43,1,19.3,1,2.43,1,33.834,1
5905614,2025-10-02T12:23:17Z,1,-57.19673,130.86137,1,19.4,1,33.835,1,2.429,1,19.4,1,2.429,1,33.835,1
5905614,2025-10-02T12:23:17Z,1,-57.19673,130.86137,1,19.5,1,33.835,1,2.43,1,19.5,1,2.43,1,33.835,1
5905614,2025-10-02T12:23:17Z,1,-57.19673,130.86137,1,19.6,1,33.836,1,2.429,1,19.6,1,2.429,1,33.836,1
5905614,2025-10-02T12:23:17Z,1,-57.19673,130.86137,1,19.7,1,33.835,1,2.429,1,19.7,1,2.429,1,33.835,1
5905614,2025-10-02T12:23:17Z,1,-57.19673,130.86137,1,19.8,1,33.835,1,2.429,1,19.8,1,2.429,1,33.835,1
5905614,2025-10-02T12:23:17Z,1,-57.19673,130.86137,1,19.9,1,33.835,1,2.43,1,19.9,1,2.43,1,33.835,1
5905614,2025-10-02T12:23:17Z,1,-57.19673,130.86137,1,21.8,1,33.835,1,2.43,1,21.8,1,2.43,1,33.835,1
5905614,2025-10-02T12:23:17Z,1,-57.19673,130.86137,1,24.1,1,33.836,1,2.43,1,24.1,1,2.43,1,33.836,1
5905614,2025-10-02T12:23:17Z,1,-57.19673,130.86137,1,26.1,1,33.836,1,2.432,1,26.1,1,2.432,1,33.836,1
5905614,2025-10-02T12:23:17Z,1,-57.19673,130.86137,1,27.8,1,33.836,1,2.432,1,27.8,1,2.432,1,33.836,1
5905614,2025-10-02T12:23:17Z,1,-57.19673,130.86137,1,29.9,1,33.836,1,2.431,1,29.9,1,2.431,1,33.836,1
5905614,2025-10-02T12:23:17Z,1,-57.19673,130.86137,1,32.0,1,33.836,1,2.431,1,32.0,1,2.431,1,33.836,1
5905614,2025-10-02T12:23:17Z,1,-57.19673,130.86137,1,33.9,1,33.836,1,2.431,1,33.9,1,2.431,1,33.836,1
5905614,2025-10-02T12:23:17Z,1,-57.19673,130.86137,1,36.0,1,33.836,1,2.431,1,36.0,1,2.431,1,33.836,1
5905614,2025-10-02T12:23:17Z,1,-57.19673,130.86137,1,37.9,1,33.836,1,2.431,1,37.9,1,2.431,1,33.836,1
5905614,2025-10-02T12:23:17Z,1,-57.19673,130.86137,1,39.9,1,33.836,1,2.431,1,39.9,1,2.431,1,33.836,1
5905614,2025-10-02T12:23:17Z,1,-57.19673,130.86137,1,42.0,1,33.836,1,2.431,1,42.0,1,2.431,1,33.836,1
5905614,2025-10-02T12:23:17Z,1,-57.19673,130.86137,1,44.0,1,33.836,1,2.432,1,44.0,1,2.432,1,33.836,1
5905614,2025-10-02T12:23:17Z,1,-57.19673,130.86137,1,46.0,1,33.836,1,2.433,1,46.0,1,2.433,1,33.836,1
5905614,2025-10-02T12:23:17Z,1,-57.19673,130.86137,1,48.0,1,33.836,1,2.431,1,48.0,1,2.431,1,33.836,1
5905614,2025-10-02T12:23:17Z,1,-57.19673,130.86137,1,49.9,1,33.837,1,2.43,1,49.9,1,2.43,1,33.837,1
5905614,2025-10-02T12:23:17Z,1,-57.19673,130.86137,1,51.9,1,33.836,1,2.43,1,51.9,1,2.43,1,33.836,1
5905614,2025-10-02T12:23:17Z,1,-57.19673,130.86137,1,54.0,1,33.837,1,2.43,1,54.0,1,2.43,1,33.837,1
5905614,2025-10-02T12:23:17Z,1,-57.19673,130.86137,1,56.0,1,33.836,1,2.431,1,56.0,1,2.431,1,33.836,1
5905614,2025-10-02T12:23:17Z,1,-57.19673,130.86137,1,58.0,1,33.836,1,2.431,1,58.0,1,2.431,1,33.836,1
5905614,2025-10-02T12:23:17Z,1,-57.19673,130.86137,1,60.0,1,33.836,1,2.43,1,60.0,1,2.43,1,33.836,1
5905614,2025-10-02T12:23:17Z,1,-57.19673,130.86137,1,62.0,1,33.837,1,2.43,1,62.0,1,2.43,1,33.8371,1
5905614,2025-10-02T12:23:17Z,1,-57.19673,130.86137,1,63.9,1,33.836,1,2.422,1,63.9,1,2.422,1,33.8361,1
5905614,2025-10-02T12:23:17Z,1,-57.19673,130.86137,1,65.9,1,33.837,1,2.423,1,65.9,1,2.423,1,33.8371,1
5905614,2025-10-02T12:23:17Z,1,-57.19673,130.86137,1,67.9,1,33.836,1,2.425,1,67.9,1,2.425,1,33.836,1
5905614,2025-10-02T12:23:17Z,1,-57.19673,130.86137,1,69.8,1,33.837,1,2.422,1,69.8,1,2.422,1,33.8371,1
5905614,2025-10-02T12:23:17Z,1,-57.19673,130.86137,1,71.9,1,33.837,1,2.424,1,71.9,1,2.424,1,33.8371,1
5905614,2025-10-02T12:23:17Z,1,-57.19673,130.86137,1,73.9,1,33.837,1,2.426,1,73.9,1,2.426,1,33.8371,1
5905614,2025-10-02T12:23:17Z,1,-57.19673,130.86137,1,76.0,1,33.837,1,2.424,1,76.0,1,2.424,1,33.8371,1
5905614,2025-10-02T12:23:17Z,1,-57.19673,130.86137,1,77.9,1,33.837,1,2.417,1,77.9,1,2.417,1,33.8371,1
5905614,2025-10-02T12:23:17Z,1,-57.19673,130.86137,1,79.9,1,33.837,1,2.405,1,79.9,1,2.405,1,33.8371,1
5905614,2025-10-02T12:23:17Z,1,-57.19673,130.86137,1,81.9,1,33.837,1,2.389,1,81.9,1,2.389,1,33.8371,1
5905614,2025-10-02T12:23:17Z,1,-57.19673,130.86137,1,84.1,1,33.838,1,2.374,1,84.1,1,2.374,1,33.8381,1
5905614,2025-10-02T12:23:17Z,1,-57.19673,130.86137,1,86.1,1,33.837,1,2.37,1,86.1,1,2.37,1,33.8371,1
5905614,2025-10-02T12:23:17Z,1,-57.19673,130.86137,1,88.2,1,33.837,1,2.368,1,88.2,1,2.368,1,33.8371,1
5905614,2025-10-02T12:23:17Z,1,-57.19673,130.86137,1,90.0,1,33.837,1,2.363,1,90.0,1,2.363,1,33.8371,1
5905614,2025-10-02T12:23:17Z,1,-57.19673,130.86137,1,91.9,1,33.837,1,2.353,1,91.9,1,2.353,1,33.8371,1
5905614,2025-10-02T12:23:17Z,1,-57.19673,130.86137,1,93.9,1,33.837,1,2.348,1,93.9,1,2.348,1,33.8371,1
5905614,2025-10-02T12:23:17Z,1,-57.19673,130.86137,1,96.1,1,33.836,1,2.344,1,96.1,1,2.344,1,33.8361,1
5905614,2025-10-02T12:23:17Z,1,-57.19673,130.86137,1,98.0,1,33.837,1,2.303,1,98.0,1,2.303,1,33.8371,1
5905614,2025-10-02T12:23:17Z,1,-57.19673,130.86137,1,99.8,1,33.837,1,2.285,1,99.8,1,2.285,1,33.8371,1
5905614,2025-10-02T12:23:17Z,1,-57.19673,130.86137,1,102.0,1,33.835,1,2.274,1,102.0,1,2.274,1,33.8351,1
5905614,2025-10-02T12:23:17Z,1,-57.19673,130.86137,1,104.0,1,33.835,1,2.257,1,104.0,1,2.257,1,33.8351,1
5905614,2025-10-02T12:23:17Z,1,-57.19673,130.86137,1,106.1,1,33.835,1,2.24,1,106.1,1,2.24,1,33.8351,1
5905614,2025-10-02T12:23:17Z,1,-57.19673,130.86137,1,107.9,1,33.834,1,2.203,1,107.9,1,2.203,1,33.8341,1
5905614,2025-10-02T12:23:17Z,1,-57.19673,130.86137,1,109.9,1,33.833,1,2.17,1,109.9,1,2.17,1,33.8331,1
5905614,2025-10-02T12:23:17Z,1,-57.19673,130.86137,1,111.9,1,33.832,1,2.143,1,111.9,1,2.143,1,33.8321,1
5905614,2025-10-02T12:23:17Z,1,-57.19673,130.86137,1,113.9,1,33.83,1,2.124,1,113.9,1,2.124,1,33.8301,1
5905614,2025-10-02T12:23:17Z,1,-57.19673,130.86137,1,115.9,1,33.83,1,2.106,1,115.9,1,2.106,1,33.8301,1
5905614,2025-10-02T12:23:17Z,1,-57.19673,130.86137,1,118.0,1,33.831,1,2.097,1,118.0,1,2.097,1,33.8311,1
5905614,2025-10-02T12:23:17Z,1,-57.19673,130.86137,1,120.0,1,33.83,1,2.087,1,120.0,1,2.087,1,33.8301,1
5905614,2025-10-02T12:23:17Z,1,-57.19673,130.86137,1,121.8,1,33.83,1,2.084,1,121.8,1,2.084,1,33.8301,1
5905614,2025-10-02T12:23:17Z,1,-57.19673,130.86137,1,123.9,1,33.831,1,2.082,1,123.9,1,2.082,1,33.8311,1
5905614,2025-10-02T12:23:17Z,1,-57.19673,130.86137,1,125.9,1,33.83,1,2.08,1,125.9,1,2.08,1,33.8301,1
5905614,2025-10-02T12:23:17Z,1,-57.19673,130.86137,1,127.9,1,33.831,1,2.078,1,127.9,1,2.078,1,33.8311,1
5905614,2025-10-02T12:23:17Z,1,-57.19673,130.86137,1,130.0,1,33.831,1,2.077,1,130.0,1,2.077,1,33.8311,1
5905614,2025-10-02T12:23:17Z,1,-57.19673,130.86137,1,132.0,1,33.831,1,2.075,1,132.0,1,2.075,1,33.8311,1
5905614,2025-10-02T12:23:17Z,1,-57.19673,130.86137,1,133.9,1,33.831,1,2.074,1,133.9,1,2.074,1,33.8311,1
5905614,2025-10-02T12:23:17Z,1,-57.19673,130.86137,1,135.8,1,33.831,1,2.075,1,135.8,1,2.075,1,33.8311,1
5905614,2025-10-02T12:23:17Z,1,-57.19673,130.86137,1,137.8,1,33.831,1,2.074,1,137.8,1,2.074,1,33.8311,1
5905614,2025-10-02T12:23:17Z,1,-57.19673,130.86137,1,139.9,1,33.831,1,2.074,1,139.9,1,2.074,1,33.8311,1
5905614,2025-10-02T12:23:17Z,1,-57.19673,130.86137,1,141.9,1,33.831,1,2.074,1,141.9,1,2.074,1,33.8311,1
5905614,2025-10-02T12:23:17Z,1,-57.19673,130.86137,1,143.9,1,33.831,1,2.074,1,143.9,1,2.074,1,33.8311,1
5905614,2025-10-02T12:23:17Z,1,-57.19673,130.86137,1,146.0,1,33.831,1,2.074,1,146.0,1,2.074,1,33.8311,1
5905614,2025-10-02T12:23:17Z,1,-57.19673,130.86137,1,148.1,1,33.832,1,2.074,1,148.1,1,2.074,1,33.8321,1
5905614,2025-10-02T12:23:17Z,1,-57.19673,130.86137,1,150.1,1,33.832,1,2.074,1,150.1,1,2.074,1,33.8321,1
5905614,2025-10-02T12:23:17Z,1,-57.19673,130.86137,1,152.0,1,33.832,1,2.074,1,152.0,1,2.074,1,33.8321,1
5905614,2025-10-02T12:23:17Z,1,-57.19673,130.86137,1,153.9,1,33.832,1,2.074,1,153.9,1,2.074,1,33.8321,1
5905614,2025-10-02T12:23:17Z,1,-57.19673,130.86137,1,155.9,1,33.832,1,2.074,1,155.9,1,2.074,1,33.8321,1
5905614,2025-10-02T12:23:17Z,1,-57.19673,130.86137,1,157.9,1,33.832,1,2.075,1,157.9,1,2.075,1,33.8321,1
5905614,2025-10-02T12:23:17Z,1,-57.19673,130.86137,1,159.8,1,33.832,1,2.077,1,159.8,1,2.077,1,33.8321,1
5905614,2025-10-02T12:23:17Z,1,-57.19673,130.86137,1,161.8,1,33.832,1,2.077,1,161.8,1,2.077,1,33.8321,1
5905614,2025-10-02T12:23:17Z,1,-57.19673,130.86137,1,163.9,1,33.832,1,2.077,1,163.9,1,2.077,1,33.8321,1
5905614,2025-10-02T12:23:17Z,1,-57.19673,130.86137,1,166.0,1,33.833,1,2.078,1,166.0,1,2.078,1,33.8331,1
5905614,2025-10-02T12:23:17Z,1,-57.19673,130.86137,1,167.9,1,33.833,1,2.082,1,167.9,1,2.082,1,33.8331,1
5905614,2025-10-02T12:23:17Z,1,-57.19673,130.86137,1,169.8,1,33.834,1,2.084,1,169.8,1,2.084,1,33.8341,1
5905614,2025-10-02T12:23:17Z,1,-57.19673,130.86137,1,171.9,1,33.838,1,2.097,1,171.9,1,2.097,1,33.8381,1
5905614,2025-10-02T12:23:17Z,1,-57.19673,130.86137,1,174.0,1,33.84,1,2.117,1,174.0,1,2.117,1,33.8401,1
5905614,2025-10-02T12:23:17Z,1,-57.19673,130.86137,1,176.0,1,33.843,1,2.128,1,176.0,1,2.128,1,33.8431,1
5905614,2025-10-02T12:23:17Z,1,-57.19673,130.86137,1,177.9,1,33.846,1,2.144,1,177.9,1,2.144,1,33.8461,1
5905614,2025-10-02T12:23:17Z,1,-57.19673,130.86137,1,179.9,1,33.851,1,2.166,1,179.9,1,2.166,1,33.8511,1
5905614,2025-10-02T12:23:17Z,1,-57.19673,130.86137,1,182.0,1,33.861,1,2.195,1,182.0,1,2.195,1,33.8611,1
5905614,2025-10-02T12:23:17Z,1,-57.19673,130.86137,1,184.1,1,33.877,1,2.254,1,184.1,1,2.254,1,33.8771,1
5905614,2025-10-02T12:23:17Z,1,-57.19673,130.86137,1,186.0,1,33.888,1,2.306,1,186.0,1,2.306,1,33.8881,1
5905614,2025-10-02T12:23:17Z,1,-57.19673,130.86137,1,187.9,1,33.889,1,2.301,1,187.9,1,2.301,1,33.8891,1
5905614,2025-10-02T12:23:17Z,1,-57.19673,130.86137,1,189.9,1,33.929,1,2.374,1,189.9,1,2.374,1,33.9292,1
5905614,2025-10-02T12:23:17Z,1,-57.19673,130.86137,1,191.8,1,33.962,1,2.565,1,191.8,1,2.565,1,33.9622,1
5905614,2025-10-02T12:23:17Z,1,-57.19673,130.86137,1,193.9,1,33.967,1,2.616,1,193.9,1,2.616,1,33.9672,1
5905614,2025-10-02T12:23:17Z,1,-57.19673,130.86137,1,196.0,1,33.998,1,2.791,1,196.0,1,2.791,1,33.9982,1
5905614,2025-10-02T12:23:17Z,1,-57.19673,130.86137,1,198.0,1,34.082,1,3.083,1,198.0,1,3.083,1,34.0822,1
5905614,2025-10-02T12:23:17Z,1,-57.19673,130.86137,1,200.0,1,34.083,1,3.117,1,200.0,1,3.117,1,34.0832,1
5905614,2025-10-02T12:23:17Z,1,-57.19673,130.86137,1,202.0,1,34.084,1,3.104,1,202.0,1,3.104,1,34.0842,1
5905614,2025-10-02T12:23:17Z,1,-57.19673,130.86137,1,204.0,1,34.085,1,3.085,1,204.0,1,3.085,1,34.0852,1
5905614,2025-10-02T12:23:17Z,1,-57.19673,130.86137,1,206.0,1,34.086,1,3.078,1,206.0,1,3.078,1,34.0862,1
5905614,2025-10-02T12:23:17Z,1,-57.19673,130.86137,1,208.1,1,34.091,1,3.092,1,208.1,1,3.092,1,34.0912,1
5905614,2025-10-02T12:23:17Z,1,-57.19673,130.86137,1,210.1,1,34.093,1,3.099,1,210.1,1,3.099,1,34.0932,1
5905614,2025-10-02T12:23:17Z,1,-57.19673,130.86137,1,212.0,1,34.093,1,3.095,1,212.0,1,3.095,1,34.0932,1
5905614,2025-10-02T12:23:17Z,1,-57.19673,130.86137,1,213.9,1,34.083,1,3.026,1,213.9,1,3.026,1,34.0832,1
5905614,2025-10-02T12:23:17Z,1,-57.19673,130.86137,1,215.9,1,34.076,1,2.903,1,215.9,1,2.903,1,34.0762,1
5905614,2025-10-02T12:23:17Z,1,-57.19673,130.86137,1,217.9,1,34.078,1,2.909,1,217.9,1,2.909,1,34.0782,1
5905614,2025-10-02T12:23:17Z,1,-57.19673,130.86137,1,219.9,1,34.034,1,2.641,1,219.9,1,2.641,1,34.0342,1
5905614,2025-10-02T12:23:17Z,1,-57.19673,130.86137,1,222.0,1,34.037,1,2.499,1,222.0,1,2.499,1,34.0372,1
5905614,2025-10-02T12:23:17Z,1,-57.19673,130.86137,1,224.1,1,34.04,1,2.486,1,224.1,1,2.486,1,34.0402,1
5905614,2025-10-02T12:23:17Z,1,-57.19673,130.86137,1,226.0,1,34.048,1,2.492,1,226.0,1,2.492,1,34.0482,1
5905614,2025-10-02T12:23:17Z,1,-57.19673,130.86137,1,228.1,1,34.052,1,2.496,1,228.1,1,2.496,1,34.0522,1
5905614,2025-10-02T12:23:17Z,1,-57.19673,130.86137,1,230.0,1,34.07,1,2.547,1,230.0,1,2.547,1,34.0702,1
5905614,2025-10-02T12:23:17Z,1,-57.19673,130.86137,1,232.0,1,34.087,1,2.679,1,232.0,1,2.679,1,34.0872,1
5905614,2025-10-02T12:23:17Z,1,-57.19673,130.86137,1,234.0,1,34.085,1,2.695,1,234.0,1,2.695,1,34.0852,1
5905614,2025-10-02T12:23:17Z,1,-57.19673,130.86137,1,236.0,1,34.093,1,2.697,1,236.0,1,2.697,1,34.0932,1
5905614,2025-10-02T12:23:17Z,1,-57.19673,130.86137,1,237.9,1,34.102,1,2.735,1,237.9,1,2.735,1,34.1022,1
5905614,2025-10-02T12:23:17Z,1,-57.19673,130.86137,1,239.9,1,34.099,1,2.731,1,239.9,1,2.731,1,34.0992,1
5905614,2025-10-02T12:23:17Z,1,-57.19673,130.86137,1,241.9,1,34.094,1,2.696,1,241.9,1,2.696,1,34.0942,1
5905614,2025-10-02T12:23:17Z,1,-57.19673,130.86137,1,243.9,1,34.088,1,2.602,1,243.9,1,2.602,1,34.0882,1
5905614,2025-10-02T12:23:17Z,1,-57.19673,130.86137,1,245.9,1,34.093,1,2.578,1,245.9,1,2.578,1,34.0932,1
5905614,2025-10-02T12:23:17Z,1,-57.19673,130.86137,1,247.9,1,34.104,1,2.605,1,247.9,1,2.605,1,34.1042,1
5905614,2025-10-02T12:23:17Z,1,-57.19673,130.86137,1,250.0,1,34.111,1,2.669,1,250.0,1,2.669,1,34.1112,1
5905614,2025-10-02T12:23:17Z,1,-57.19673,130.86137,1,252.0,1,34.113,1,2.666,1,252.0,1,2.666,1,34.1132,1
5905614,2025-10-02T12:23:17Z,1,-57.19673,130.86137,1,254.0,1,34.131,1,2.697,1,254.0,1,2.697,1,34.1312,1
5905614,2025-10-02T12:23:17Z,1,-57.19673,130.86137,1,256.0,1,34.133,1,2.738,1,256.0,1,2.738,1,34.1332,1
5905614,2025-10-02T12:23:17Z,1,-57.19673,130.86137,1,258.1,1,34.134,1,2.738,1,258.1,1,2.738,1,34.1342,1
5905614,2025-10-02T12:23:17Z,1,-57.19673,130.86137,1,259.9,1,34.131,1,2.715,1,259.9,1,2.715,1,34.1312,1
5905614,2025-10-02T12:23:17Z,1,-57.19673,130.86137,1,262.0,1,34.13,1,2.687,1,262.0,1,2.687,1,34.1302,1
5905614,2025-10-02T12:23:17Z,1,-57.19673,130.86137,1,264.1,1,34.125,1,2.656,1,264.1,1,2.656,1,34.1252,1
5905614,2025-10-02T12:23:17Z,1,-57.19673,130.86137,1,266.0,1,34.121,1,2.61,1,266.0,1,2.61,1,34.1212,1
5905614,2025-10-02T12:23:17Z,1,-57.19673,130.86137,1,267.9,1,34.119,1,2.573,1,267.9,1,2.573,1,34.1192,1
5905614,2025-10-02T12:23:17Z,1,-57.19673,130.86137,1,269.8,1,34.121,1,2.552,1,269.8,1,2.552,1,34.1212,1
5905614,2025-10-02T12:23:17Z,1,-57.19673,130.86137,1,271.9,1,34.12,1,2.539,1,271.9,1,2.539,1,34.1202,1
5905614,2025-10-02T12:23:17Z,1,-57.19673,130.86137,1,274.0,1,34.122,1,2.535,1,274.0,1,2.535,1,34.1222,1
5905614,2025-10-02T12:23:17Z,1,-57.19673,130.86137,1,276.0,1,34.131,1,2.553,1,276.0,1,2.553,1,34.1312,1
5905614,2025-10-02T12:23:17Z,1,-57.19673,130.86137,1,278.0,1,34.136,1,2.559,1,278.0,1,2.559,1,34.1362,1
5905614,2025-10-02T12:23:17Z,1,-57.19673,130.86137,1,280.0,1,34.146,1,2.585,1,280.0,1,2.585,1,34.1462,1
5905614,2025-10-02T12:23:17Z,1,-57.19673,130.86137,1,282.1,1,34.146,1,2.575,1,282.1,1,2.575,1,34.1462,1
5905614,2025-10-02T12:23:17Z,1,-57.19673,130.86137,1,284.1,1,34.148,1,2.568,1,284.1,1,2.568,1,34.1482,1
5905614,2025-10-02T12:23:17Z,1,-57.19673,130.86137,1,286.0,1,34.15,1,2.565,1,286.0,1,2.565,1,34.1502,1
5905614,2025-10-02T12:23:17Z,1,-57.19673,130.86137,1,288.0,1,34.153,1,2.565,1,288.0,1,2.565,1,34.1532,1
5905614,2025-10-02T12:23:17Z,1,-57.19673,130.86137,1,290.0,1,34.155,1,2.559,1,290.0,1,2.559,1,34.1552,1
5905614,2025-10-02T12:23:17Z,1,-57.19673,130.86137,1,292.0,1,34.157,1,2.555,1,292.0,1,2.555,1,34.1572,1
5905614,2025-10-02T12:23:17Z,1,-57.19673,130.86137,1,294.0,1,34.157,1,2.555,1,294.0,1,2.555,1,34.1572,1
5905614,2025-10-02T12:23:17Z,1,-57.19673,130.86137,1,296.1,1,34.158,1,2.551,1,296.1,1,2.551,1,34.1582,1
5905614,2025-10-02T12:23:17Z,1,-57.19673,130.86137,1,298.1,1,34.163,1,2.552,1,298.1,1,2.552,1,34.1632,1
5905614,2025-10-02T12:23:17Z,1,-57.19673,130.86137,1,300.1,1,34.17,1,2.571,1,300.1,1,2.571,1,34.1702,1
5905614,2025-10-02T12:23:17Z,1,-57.19673,130.86137,1,302.0,1,34.171,1,2.578,1,302.0,1,2.578,1,34.1712,1
5905614,2025-10-02T12:23:17Z,1,-57.19673,130.86137,1,304.0,1,34.175,1,2.596,1,304.0,1,2.596,1,34.1752,1
5905614,2025-10-02T12:23:17Z,1,-57.19673,130.86137,1,306.1,1,34.181,1,2.616,1,306.1,1,2.616,1,34.1812,1
5905614,2025-10-02T12:23:17Z,1,-57.19673,130.86137,1,307.9,1,34.18,1,2.623,1,307.9,1,2.623,1,34.1802,1
5905614,2025-10-02T12:23:17Z,1,-57.19673,130.86137,1,309.8,1,34.182,1,2.627,1,309.8,1,2.627,1,34.1823,1
5905614,2025-10-02T12:23:17Z,1,-57.19673,130.86137,1,311.9,1,34.186,1,2.632,1,311.9,1,2.632,1,34.1863,1
5905614,2025-10-02T12:23:17Z,1,-57.19673,130.86137,1,314.0,1,34.188,1,2.633,1,314.0,1,2.633,1,34.1883,1
5905614,2025-10-02T12:23:17Z,1,-57.19673,130.86137,1,316.0,1,34.189,1,2.633,1,316.0,1,2.633,1,34.1893,1
5905614,2025-10-02T12:23:17Z,1,-57.19673,130.86137,1,318.0,1,34.196,1,2.647,1,318.0,1,2.647,1,34.1963,1
5905614,2025-10-02T12:23:17Z,1,-57.19673,130.86137,1,320.0,1,34.2,1,2.655,1,320.0,1,2.655,1,34.2003,1
5905614,2025-10-02T12:23:17Z,1,-57.19673,130.86137,1,322.0,1,34.204,1,2.653,1,322.0,1,2.653,1,34.2043,1
5905614,2025-10-02T12:23:17Z,1,-57.19673,130.86137,1,324.0,1,34.207,1,2.65,1,324.0,1,2.65,1,34.2073,1
5905614,2025-10-02T12:23:17Z,1,-57.19673,130.86137,1,325.9,1,34.208,1,2.649,1,325.9,1,2.649,1,34.2083,1
5905614,2025-10-02T12:23:17Z,1,-57.19673,130.86137,1,328.0,1,34.21,1,2.65,1,328.0,1,2.65,1,34.2103,1
5905614,2025-10-02T12:23:17Z,1,-57.19673,130.86137,1,330.0,1,34.212,1,2.653,1,330.0,1,2.653,1,34.2123,1
5905614,2025-10-02T12:23:17Z,1,-57.19673,130.86137,1,331.9,1,34.216,1,2.661,1,331.9,1,2.661,1,34.2163,1
5905614,2025-10-02T12:23:17Z,1,-57.19673,130.86137,1,334.1,1,34.22,1,2.67,1,334.1,1,2.67,1,34.2203,1
5905614,2025-10-02T12:23:17Z,1,-57.19673,130.86137,1,335.9,1,34.226,1,2.688,1,335.9,1,2.688,1,34.2263,1
5905614,2025-10-02T12:23:17Z,1,-57.19673,130.86137,1,337.9,1,34.227,1,2.696,1,337.9,1,2.696,1,34.2273,1
5905614,2025-10-02T12:23:17Z,1,-57.19673,130.86137,1,339.9,1,34.23,1,2.7,1,339.9,1,2.7,1,34.2303,1
5905614,2025-10-02T12:23:17Z,1,-57.19673,130.86137,1,341.9,1,34.23,1,2.698,1,341.9,1,2.698,1,34.2303,1
5905614,2025-10-02T12:23:17Z,1,-57.19673,130.86137,1,343.9,1,34.232,1,2.7,1,343.9,1,2.7,1,34.2323,1
5905614,2025-10-02T12:23:17Z,1,-57.19673,130.86137,1,346.0,1,34.234,1,2.704,1,346.0,1,2.704,1,34.2343,1
5905614,2025-10-02T12:23:17Z,1,-57.19673,130.86137,1,348.1,1,34.234,1,2.704,1,348.1,1,2.704,1,34.2343,1
5905614,2025-10-02T12:23:17Z,1,-57.19673,130.86137,1,349.9,1,34.238,1,2.705,1,349.9,1,2.705,1,34.2383,1
5905614,2025-10-02T12:23:17Z,1,-57.19673,130.86137,1,352.0,1,34.239,1,2.712,1,352.0,1,2.712,1,34.2393,1
5905614,2025-10-02T12:23:17Z,1,-57.19673,130.86137,1,354.1,1,34.24,1,2.713,1,354.1,1,2.713,1,34.2403,1
5905614,2025-10-02T12:23:17Z,1,-57.19673,130.86137,1,356.0,1,34.241,1,2.714,1,356.0,1,2.714,1,34.2413,1
5905614,2025-10-02T12:23:17Z,1,-57.19673,130.86137,1,357.9,1,34.242,1,2.715,1,357.9,1,2.715,1,34.2423,1
5905614,2025-10-02T12:23:17Z,1,-57.19673,130.86137,1,360.0,1,34.245,1,2.714,1,360.0,1,2.714,1,34.2453,1
5905614,2025-10-02T12:23:17Z,1,-57.19673,130.86137,1,362.0,1,34.248,1,2.718,1,362.0,1,2.718,1,34.2483,1
5905614,2025-10-02T12:23:17Z,1,-57.19673,130.86137,1,363.9,1,34.252,1,2.726,1,363.9,1,2.726,1,34.2523,1
5905614,2025-10-02T12:23:17Z,1,-57.19673,130.86137,1,366.0,1,34.256,1,2.734,1,366.0,1,2.734,1,34.2563,1
5905614,2025-10-02T12:23:17Z,1,-57.19673,130.86137,1,368.1,1,34.262,1,2.749,1,368.1,1,2.749,1,34.2623,1
5905614,2025-10-02T12:23:17Z,1,-57.19673,130.86137,1,369.9,1,34.263,1,2.754,1,369.9,1,2.754,1,34.2633,1
5905614,2025-10-02T12:23:17Z,1,-57.19673,130.86137,1,371.9,1,34.264,1,2.756,1,371.9,1,2.756,1,34.2643,1
5905614,2025-10-02T12:23:17Z,1,-57.19673,130.86137,1,374.0,1,34.266,1,2.759,1,374.0,1,2.759,1,34.2663,1
5905614,2025-10-02T12:23:17Z,1,-57.19673,130.86137,1,376.0,1,34.267,1,2.76,1,376.0,1,2.76,1,34.2673,1
5905614,2025-10-02T12:23:17Z,1,-57.19673,130.86137,1,378.0,1,34.268,1,2.759,1,378.0,1,2.759,1,34.2683,1
5905614,2025-10-02T12:23:17Z,1,-57.19673,130.86137,1,380.0,1,34.27,1,2.758,1,380.0,1,2.758,1,34.2703,1
5905614,2025-10-02T12:23:17Z,1,-57.19673,130.86137,1,382.1,1,34.272,1,2.749,1,382.1,1,2.749,1,34.2723,1
5905614,2025-10-02T12:23:17Z,1,-57.19673,130.86137,1,383.9,1,34.274,1,2.745,1,383.9,1,2.745,1,34.2743,1
5905614,2025-10-02T12:23:17Z,1,-57.19673,130.86137,1,386.0,1,34.276,1,2.741,1,386.0,1,2.741,1,34.2763,1
5905614,2025-10-02T12:23:17Z,1,-57.19673,130.86137,1,388.0,1,34.278,1,2.736,1,388.0,1,2.736,1,34.2783,1
5905614,2025-10-02T12:23:17Z,1,-57.19673,130.86137,1,389.9,1,34.28,1,2.732,1,389.9,1,2.732,1,34.2803,1
5905614,2025-10-02T12:23:17Z,1,-57.19673,130.86137,1,391.9,1,34.284,1,2.728,1,391.9,1,2.728,1,34.2843,1
5905614,2025-10-02T12:23:17Z,1,-57.19673,130.86137,1,394.0,1,34.287,1,2.726,1,394.0,1,2.726,1,34.2873,1
5905614,2025-10-02T12:23:17Z,1,-57.19673,130.86137,1,395.9,1,34.291,1,2.727,1,395.9,1,2.727,1,34.2913,1
5905614,2025-10-02T12:23:17Z,1,-57.19673,130.86137,1,397.8,1,34.292,1,2.727,1,397.8,1,2.727,1,34.2923,1
5905614,2025-10-02T12:23:17Z,1,-57.19673,130.86137,1,399.9,1,34.293,1,2.725,1,399.9,1,2.725,1,34.2933,1
5905614,2025-10-02T12:23:17Z,1,-57.19673,130.86137,1,401.9,1,34.294,1,2.72,1,401.9,1,2.72,1,34.2943,1
5905614,2025-10-02T12:23:17Z,1,-57.19673,130.86137,1,403.9,1,34.295,1,2.715,1,403.9,1,2.715,1,34.2953,1
5905614,2025-10-02T12:23:17Z,1,-57.19673,130.86137,1,405.9,1,34.298,1,2.71,1,405.9,1,2.71,1,34.2983,1
5905614,2025-10-02T12:23:17Z,1,-57.19673,130.86137,1,408.0,1,34.299,1,2.701,1,408.0,1,2.701,1,34.2993,1
5905614,2025-10-02T12:23:17Z,1,-57.19673,130.86137,1,410.0,1,34.3,1,2.692,1,410.0,1,2.692,1,34.3003,1
5905614,2025-10-02T12:23:17Z,1,-57.19673,130.86137,1,411.8,1,34.302,1,2.688,1,411.8,1,2.688,1,34.3023,1
5905614,2025-10-02T12:23:17Z,1,-57.19673,130.86137,1,414.0,1,34.303,1,2.685,1,414.0,1,2.685,1,34.3033,1
5905614,2025-10-02T12:23:17Z,1,-57.19673,130.86137,1,415.9,1,34.308,1,2.685,1,415.9,1,2.685,1,34.3083,1
5905614,2025-10-02T12:23:17Z,1,-57.19673,130.86137,1,417.9,1,34.314,1,2.689,1,417.9,1,2.689,1,34.3143,1
5905614,2025-10-02T12:23:17Z,1,-57.19673,130.86137,1,420.0,1,34.316,1,2.691,1,420.0,1,2.691,1,34.3163,1
5905614,2025-10-02T12:23:17Z,1,-57.19673,130.86137,1,422.0,1,34.316,1,2.692,1,422.0,1,2.692,1,34.3163,1
5905614,2025-10-02T12:23:17Z,1,-57.19673,130.86137,1,424.0,1,34.317,1,2.693,1,424.0,1,2.693,1,34.3173,1
5905614,2025-10-02T12:23:17Z,1,-57.19673,130.86137,1,426.0,1,34.318,1,2.695,1,426.0,1,2.695,1,34.3183,1
5905614,2025-10-02T12:23:17Z,1,-57.19673,130.86137,1,427.9,1,34.322,1,2.698,1,427.9,1,2.698,1,34.3223,1
5905614,2025-10-02T12:23:17Z,1,-57.19673,130.86137,1,429.9,1,34.325,1,2.697,1,429.9,1,2.697,1,34.3254,1
5905614,2025-10-02T12:23:17Z,1,-57.19673,130.86137,1,431.9,1,34.327,1,2.695,1,431.9,1,2.695,1,34.3274,1
5905614,2025-10-02T12:23:17Z,1,-57.19673,130.86137,1,433.9,1,34.328,1,2.694,1,433.9,1,2.694,1,34.3284,1
5905614,2025-10-02T12:23:17Z,1,-57.19673,130.86137,1,435.9,1,34.328,1,2.694,1,435.9,1,2.694,1,34.3284,1
5905614,2025-10-02T12:23:17Z,1,-57.19673,130.86137,1,438.0,1,34.33,1,2.692,1,438.0,1,2.692,1,34.3304,1
5905614,2025-10-02T12:23:17Z,1,-57.19673,130.86137,1,440.0,1,34.333,1,2.69,1,440.0,1,2.69,1,34.3334,1
5905614,2025-10-02T12:23:17Z,1,-57.19673,130.86137,1,441.9,1,34.335,1,2.69,1,441.9,1,2.69,1,34.3354,1
5905614,2025-10-02T12:23:17Z,1,-57.19673,130.86137,1,443.8,1,34.337,1,2.69,1,443.8,1,2.69,1,34.3374,1
5905614,2025-10-02T12:23:17Z,1,-57.19673,130.86137,1,445.9,1,34.34,1,2.691,1,445.9,1,2.691,1,34.3404,1
5905614,2025-10-02T12:23:17Z,1,-57.19673,130.86137,1,448.1,1,34.343,1,2.694,1,448.1,1,2.694,1,34.3434,1
5905614,2025-10-02T12:23:17Z,1,-57.19673,130.86137,1,450.1,1,34.343,1,2.695,1,450.1,1,2.695,1,34.3434,1
5905614,2025-10-02T12:23:17Z,1,-57.19673,130.86137,1,452.0,1,34.345,1,2.695,1,452.0,1,2.695,1,34.3454,1
5905614,2025-10-02T12:23:17Z,1,-57.19673,130.86137,1,453.9,1,34.347,1,2.694,1,453.9,1,2.694,1,34.3474,1
5905614,2025-10-02T12:23:17Z,1,-57.19673,130.86137,1,455.9,1,34.35,1,2.697,1,455.9,1,2.697,1,34.3504,1
5905614,2025-10-02T12:23:17Z,1,-57.19673,130.86137,1,457.9,1,34.351,1,2.698,1,457.9,1,2.698,1,34.3514,1
5905614,2025-10-02T12:23:17Z,1,-57.19673,130.86137,1,459.9,1,34.351,1,2.696,1,459.9,1,2.696,1,34.3514,1
5905614,2025-10-02T12:23:17Z,1,-57.19673,130.86137,1,462.1,1,34.352,1,2.696,1,462.1,1,2.696,1,34.3524,1
5905614,2025-10-02T12:23:17Z,1,-57.19673,130.86137,1,464.1,1,34.352,1,2.696,1,464.1,1,2.696,1,34.3524,1
5905614,2025-10-02T12:23:17Z,1,-57.19673,130.86137,1,466.0,1,34.353,1,2.696,1,466.0,1,2.696,1,34.3534,1
5905614,2025-10-02T12:23:17Z,1,-57.19673,130.86137,1,468.0,1,34.354,1,2.696,1,468.0,1,2.696,1,34.3544,1
5905614,2025-10-02T12:23:17Z,1,-57.19673,130.86137,1,470.0,1,34.356,1,2.698,1,470.0,1,2.698,1,34.3564,1
5905614,2025-10-02T12:23:17Z,1,-57.19673,130.86137,1,471.9,1,34.356,1,2.697,1,471.9,1,2.697,1,34.3564,1
5905614,2025-10-02T12:23:17Z,1,-57.19673,130.86137,1,474.0,1,34.358,1,2.693,1,474.0,1,2.693,1,34.3584,1
5905614,2025-10-02T12:23:17Z,1,-57.19673,130.86137,1,475.9,1,34.359,1,2.689,1,475.9,1,2.689,1,34.3594,1
5905614,2025-10-02T12:23:17Z,1,-57.19673,130.86137,1,477.9,1,34.36,1,2.687,1,477.9,1,2.687,1,34.3604,1
5905614,2025-10-02T12:23:17Z,1,-57.19673,130.86137,1,479.9,1,34.362,1,2.684,1,479.9,1,2.684,1,34.3624,1
5905614,2025-10-02T12:23:17Z,1,-57.19673,130.86137,1,482.0,1,34.364,1,2.681,1,482.0,1,2.681,1,34.3644,1
5905614,2025-10-02T12:23:17Z,1,-57.19673,130.86137,1,484.0,1,34.365,1,2.678,1,484.0,1,2.678,1,34.3654,1
5905614,2025-10-02T12:23:17Z,1,-57.19673,130.86137,1,486.1,1,34.366,1,2.677,1,486.1,1,2.677,1,34.3664,1
5905614,2025-10-02T12:23:17Z,1,-57.19673,130.86137,1,488.0,1,34.369,1,2.682,1,488.0,1,2.682,1,34.3694,1
5905614,2025-10-02T12:23:17Z,1,-57.19673,130.86137,1,490.0,1,34.371,1,2.687,1,490.0,1,2.687,1,34.3714,1
5905614,2025-10-02T12:23:17Z,1,-57.19673,130.86137,1,492.1,1,34.371,1,2.685,1,492.1,1,2.685,1,34.3714,1
5905614,2025-10-02T12:23:17Z,1,-57.19673,130.86137,1,494.0,1,34.373,1,2.682,1,494.0,1,2.682,1,34.3734,1
5905614,2025-10-02T12:23:17Z,1,-57.19673,130.86137,1,495.9,1,34.375,1,2.68,1,495.9,1,2.68,1,34.3754,1
5905614,2025-10-02T12:23:17Z,1,-57.19673,130.86137,1,497.8,1,34.378,1,2.68,1,497.8,1,2.68,1,34.3784,1
5905614,2025-10-02T12:23:17Z,1,-57.19673,130.86137,1,499.7,1,34.38,1,2.68,1,499.7,1,2.68,1,34.3804,1
5905614,2025-10-02T12:23:17Z,1,-57.19673,130.86137,1,501.7,1,34.384,1,2.677,1,501.7,1,2.677,1,34.3844,1
5905614,2025-10-02T12:23:17Z,1,-57.19673,130.86137,1,503.9,1,34.386,1,2.675,1,503.9,1,2.675,1,34.3864,1
5905614,2025-10-02T12:23:17Z,1,-57.19673,130.86137,1,506.0,1,34.386,1,2.674,1,506.0,1,2.674,1,34.3864,1
5905614,2025-10-02T12:23:17Z,1,-57.19673,130.86137,1,507.8,1,34.387,1,2.674,1,507.8,1,2.674,1,34.3874,1
5905614,2025-10-02T12:23:17Z,1,-57.19673,130.86137,1,509.1,1,34.389,1,2.672,1,509.1,1,2.672,1,34.3894,1
5905614,2025-10-02T12:23:17Z,1,-57.19673,130.86137,1,514.2,1,34.391,1,2.661,1,514.2,1,2.661,1,34.3914,1
5905614,2025-10-02T12:23:17Z,1,-57.19673,130.86137,1,518.3,1,34.395,1,2.641,1,518.3,1,2.641,1,34.3954,1
5905614,2025-10-02T12:23:17Z,1,-57.19673,130.86137,1,522.5,1,34.399,1,2.636,1,522.5,1,2.636,1,34.3994,1
5905614,2025-10-02T12:23:17Z,1,-57.19673,130.86137,1,526.9,1,34.399,1,2.628,1,526.9,1,2.628,1,34.3994,1
5905614,2025-10-02T12:23:17Z,1,-57.19673,130.86137,1,531.0,1,34.402,1,2.62,1,531.0,1,2.62,1,34.4024,1
5905614,2025-10-02T12:23:17Z,1,-57.19673,130.86137,1,535.0,1,34.403,1,2.613,1,535.0,1,2.613,1,34.4034,1
5905614,2025-10-02T12:23:17Z,1,-57.19673,130.86137,1,538.9,1,34.406,1,2.604,1,538.9,1,2.604,1,34.4064,1
5905614,2025-10-02T12:23:17Z,1,-57.19673,130.86137,1,542.9,1,34.412,1,2.6,1,542.9,1,2.6,1,34.4124,1
5905614,2025-10-02T12:23:17Z,1,-57.19673,130.86137,1,546.8,1,34.418,1,2.601,1,546.8,1,2.601,1,34.4184,1
5905614,2025-10-02T12:23:17Z,1,-57.19673,130.86137,1,550.9,1,34.42,1,2.599,1,550.9,1,2.599,1,34.4204,1
5905614,2025-10-02T12:23:17Z,1,-57.19673,130.86137,1,554.9,1,34.422,1,2.597,1,554.9,1,2.597,1,34.4225,1
5905614,2025-10-02T12:23:17Z,1,-57.19673,130.86137,1,565.3,1,34.426,1,2.589,1,565.3,1,2.589,1,34.4265,1
5905614,2025-10-02T12:23:17Z,1,-57.19673,130.86137,1,568.9,1,34.429,1,2.588,1,568.9,1,2.588,1,34.4295,1
5905614,2025-10-06T11:01:22Z,1,-57.33002,131.98255,1,7.3,1,33.723,1,2.107,1,7.3,1,2.107,1,33.723,1
5905614,2025-10-06T11:01:22Z,1,-57.33002,131.98255,1,7.4,1,33.717,1,2.108,1,7.4,1,2.108,1,33.717,1
5905614,2025-10-06T11:01:22Z,1,-57.33002,131.98255,1,7.5,1,33.704,1,2.107,1,7.5,1,2.107,1,33.704,1
5905614,2025-10-06T11:01:22Z,1,-57.33002,131.98255,1,7.6,1,33.721,1,2.107,1,7.6,1,2.107,1,33.721,1
5905614,2025-10-06T11:01:22Z,1,-57.33002,131.98255,1,8.0,1,33.72,1,2.113,1,8.0,1,2.113,1,33.72,1
5905614,2025-10-06T11:01:22Z,1,-57.33002,131.98255,1,8.6,4,33.708,1,2.108,1,,,2.108,1,33.708,1
5905614,2025-10-06T11:01:22Z,1,-57.33002,131.98255,1,8.7,4,33.703,1,2.107,1,,,2.107,1,33.703,1
5905614,2025-10-06T11:01:22Z,1,-57.33002,131.98255,1,9.0,1,33.716,1,2.122,1,9.0,1,2.122,1,33.716,1
5905614,2025-10-06T11:01:22Z,1,-57.33002,131.98255,1,10.3,1,33.723,1,2.126,1,10.3,1,2.126,1,33.723,1
5905614,2025-10-06T11:01:22Z,1,-57.33002,131.98255,1,12.0,1,33.704,1,2.13,1,12.0,1,2.13,1,33.704,1
5905614,2025-10-06T11:01:22Z,1,-57.33002,131.98255,1,13.9,1,33.72,1,2.13,1,13.9,1,2.13,1,33.72,1
5905614,2025-10-06T11:01:22Z,1,-57.33002,131.98255,1,16.0,1,33.723,1,2.13,1,16.0,1,2.13,1,33.723,1
5905614,2025-10-06T11:01:22Z,1,-57.33002,131.98255,1,17.9,1,33.724,1,2.127,1,17.9,1,2.127,1,33.724,1
5905614,2025-10-06T11:01:22Z,1,-57.33002,131.98255,1,19.9,1,33.725,1,2.126,1,19.9,1,2.126,1,33.725,1
5905614,2025-10-06T11:01:22Z,1,-57.33002,131.98255,1,22.0,1,33.72,1,2.125,1,22.0,1,2.125,1,33.72,1
5905614,2025-10-06T11:01:22Z,1,-57.33002,131.98255,1,23.9,1,33.719,1,2.127,1,23.9,1,2.127,1,33.719,1
5905614,2025-10-06T11:01:22Z,1,-57.33002,131.98255,1,25.9,1,33.72,1,2.13,1,25.9,1,2.13,1,33.72,1
5905614,2025-10-06T11:01:22Z,1,-57.33002,131.98255,1,27.9,1,33.718,1,2.128,1,27.9,1,2.128,1,33.718,1
5905614,2025-10-06T11:01:22Z,1,-57.33002,131.98255,1,30.0,1,33.717,1,2.124,1,30.0,1,2.124,1,33.717,1
5905614,2025-10-06T11:01:22Z,1,-57.33002,131.98255,1,32.1,1,33.713,1,2.123,1,32.1,1,2.123,1,33.713,1
5905614,2025-10-06T11:01:22Z,1,-57.33002,131.98255,1,34.0,1,33.713,1,2.123,1,34.0,1,2.123,1,33.713,1
5905614,2025-10-06T11:01:22Z,1,-57.33002,131.98255,1,36.1,1,33.71,1,2.123,1,36.1,1,2.123,1,33.71,1
5905614,2025-10-06T11:01:22Z,1,-57.33002,131.98255,1,37.9,1,33.713,1,2.124,1,37.9,1,2.124,1,33.713,1
5905614,2025-10-06T11:01:22Z,1,-57.33002,131.98255,1,39.9,1,33.712,1,2.124,1,39.9,1,2.124,1,33.712,1
5905614,2025-10-06T11:01:22Z,1,-57.33002,131.98255,1,41.9,1,33.712,1,2.124,1,41.9,1,2.124,1,33.712,1
5905614,2025-10-06T11:01:22Z,1,-57.33002,131.98255,1,44.1,1,33.711,1,2.125,1,44.1,1,2.125,1,33.711,1
5905614,2025-10-06T11:01:22Z,1,-57.33002,131.98255,1,46.2,1,33.71,1,2.125,1,46.2,1,2.125,1,33.71,1
5905614,2025-10-06T11:01:22Z,1,-57.33002,131.98255,1,47.8,1,33.712,1,2.125,1,47.8,1,2.125,1,33.712,1
5905614,2025-10-06T11:01:22Z,1,-57.33002,131.98255,1,50.9,1,33.712,1,2.124,1,50.9,1,2.124,1,33.712,1
5905614,2025-10-06T11:01:22Z,1,-57.33002,131.98255,1,51.7,1,33.71,1,2.124,1,51.7,1,2.124,1,33.71,1
5905614,2025-10-06T11:01:22Z,1,-57.33002,131.98255,1,54.3,1,33.709,1,2.124,1,54.3,1,2.124,1,33.709,1
5905614,2025-10-06T11:01:22Z,1,-57.33002,131.98255,1,56.0,1,33.712,1,2.124,1,56.0,1,2.124,1,33.712,1
5905614,2025-10-06T11:01:22Z,1,-57.33002,131.98255,1,58.0,1,33.709,1,2.123,1,58.0,1,2.123,1,33.709,1
5905614,2025-10-06T11:01:22Z,1,-57.33002,131.98255,1,60.0,1,33.71,1,2.123,1,60.0,1,2.123,1,33.71,1
5905614,2025-10-06T11:01:22Z,1,-57.33002,131.98255,1,62.0,1,33.712,1,2.123,1,62.0,1,2.123,1,33.7121,1
5905614,2025-10-06T11:01:22Z,1,-57.33002,131.98255,1,63.8,1,33.71,1,2.123,1,63.8,1,2.123,1,33.71,1
5905614,2025-10-06T11:01:22Z,1,-57.33002,131.98255,1,65.7,1,33.707,1,2.123,1,65.7,1,2.123,1,33.7071,1
5905614,2025-10-06T11:01:22Z,1,-57.33002,131.98255,1,68.0,1,33.703,1,2.124,1,68.0,1,2.124,1,33.703,1
5905614,2025-10-06T11:01:22Z,1,-57.33002,131.98255,1,69.5,1,33.704,1,2.123,1,69.5,1,2.123,1,33.7041,1
5905614,2025-10-08T22:52:40Z,1,-57.25683,132.53191,1,5.8,1,33.774,1,2.302,1,5.8,1,2.302,1,33.774,1
5905614,2025-10-08T22:52:40Z,1,-57.25683,132.53191,1,5.9,1,33.771,1,2.3,1,5.9,1,2.3,1,33.771,1
5905614,2025-10-08T22:52:40Z,1,-57.25683,132.53191,1,6.0,1,33.772,1,2.3,1,6.0,1,2.3,1,33.772,1
5905614,2025-10-08T22:52:40Z,1,-57.25683,132.53191,1,6.1,1,33.775,1,2.329,1,6.1,1,2.329,1,33.775,1
5905614,2025-10-08T22:52:40Z,1,-57.25683,132.53191,1,6.2,1,33.775,1,2.305,1,6.2,1,2.305,1,33.775,1
5905614,2025-10-08T22:52:40Z,1,-57.25683,132.53191,1,6.3,1,33.776,1,2.307,1,6.3,1,2.307,1,33.776,1
5905614,2025-10-08T22:52:40Z,1,-57.25683,132.53191,1,6.4,1,33.772,1,2.314,1,6.4,1,2.314,1,33.772,1
5905614,2025-10-08T22:52:40Z,1,-57.25683,132.53191,1,7.0,1,33.774,1,2.366,1,7.0,1,2.366,1,33.774,1
5905614,2025-10-08T22:52:40Z,1,-57.25683,132.53191,1,7.6,4,33.776,1,2.31,1,,,2.31,1,33.776,1
5905614,2025-10-08T22:52:40Z,1,-57.25683,132.53191,1,7.7,4,33.777,1,2.311,1,,,2.311,1,33.777,1
5905614,2025-10-08T22:52:40Z,1,-57.25683,132.53191,1,7.8,1,33.772,1,2.358,1,7.8,1,2.358,1,33.772,1
5905614,2025-10-08T22:52:40Z,1,-57.25683,132.53191,1,9.0,1,33.768,1,2.355,1,9.0,1,2.355,1,33.768,1
5905614,2025-10-08T22:52:40Z,1,-57.25683,132.53191,1,10.1,1,33.764,1,2.355,1,10.1,1,2.355,1,33.764,1
5905614,2025-10-08T22:52:40Z,1,-57.25683,132.53191,1,12.1,1,33.761,1,2.356,1,12.1,1,2.356,1,33.761,1
5905614,2025-10-08T22:52:40Z,1,-57.25683,132.53191,1,13.9,1,33.758,1,2.354,1,13.9,1,2.354,1,33.758,1
5905614,2025-10-08T22:52:40Z,1,-57.25683,132.53191,1,16.0,1,33.756,1,2.353,1,16.0,1,2.353,1,33.756,1
5905614,2025-10-08T22:52:40Z,1,-57.25683,132.53191,1,18.0,1,33.754,1,2.355,1,18.0,1,2.355,1,33.754,1
5905614,2025-10-08T22:52:40Z,1,-57.25683,132.53191,1,19.8,1,33.748,1,2.356,1,19.8,1,2.356,1,33.748,1
5905614,2025-10-08T22:52:40Z,1,-57.25683,132.53191,1,21.9,1,33.75,1,2.354,1,21.9,1,2.354,1,33.75,1
5905614,2025-10-08T22:52:40Z,1,-57.25683,132.53191,1,24.0,1,33.749,1,2.354,1,24.0,1,2.354,1,33.749,1
5905614,2025-10-08T22:52:40Z,1,-57.25683,132.53191,1,26.0,1,33.747,1,2.356,1,26.0,1,2.356,1,33.747,1
5905614,2025-10-08T22:52:40Z,1,-57.25683,132.53191,1,28.0,1,33.745,1,2.355,1,28.0,1,2.355,1,33.745,1
5905614,2025-10-08T22:52:40Z,1,-57.25683,132.53191,1,30.0,1,33.743,1,2.355,1,30.0,1,2.355,1,33.743,1
5905614,2025-10-08T22:52:40Z,1,-57.25683,132.53191,1,31.5,1,33.74,1,2.355,1,31.5,1,2.355,1,33.74,1
5905614,2025-10-08T22:52:40Z,1,-57.25683,132.53191,1,33.9,1,33.737,1,2.355,1,33.9,1,2.355,1,33.737,1
5905614,2025-10-08T22:52:40Z,1,-57.25683,132.53191,1,36.2,1,33.737,1,2.355,1,36.2,1,2.355,1,33.737,1
5905614,2025-10-08T22:52:40Z,1,-57.25683,132.53191,1,38.1,1,33.736,1,2.355,1,38.1,1,2.355,1,33.736,1
5905614,2025-10-08T22:52:40Z,1,-57.25683,132.53191,1,40.4,1,33.736,1,2.352,1,40.4,1,2.352,1,33.736,1
5905614,2025-10-08T22:52:40Z,1,-57.25683,132.53191,1,41.7,1,33.727,1,2.352,1,41.7,1,2.352,1,33.727,1
5905614,2025-10-08T22:52:40Z,1,-57.25683,132.53191,1,44.2,1,33.724,1,2.352,1,44.2,1,2.352,1,33.724,1
5905614,2025-10-08T22:52:40Z,1,-57.25683,132.53191,1,46.5,1,33.721,1,2.353,1,46.5,1,2.353,1,33.721,1
5905614,2025-10-08T22:52:40Z,1,-57.25683,132.53191,1,47.8,1,33.72,1,2.352,1,47.8,1,2.352,1,33.72,1
5905614,2025-10-08T22:52:40Z,1,-57.25683,132.53191,1,50.2,1,33.72,1,2.35,1,50.2,1,2.35,1,33.72,1
5905614,2025-10-08T22:52:40Z,1,-57.25683,132.53191,1,52.4,1,33.716,1,2.351,1,52.4,1,2.351,1,33.716,1
5905614,2025-10-08T22:52:40Z,1,-57.25683,132.53191,1,53.9,1,33.709,1,2.354,1,53.9,1,2.354,1,33.709,1
5905614,2025-10-08T22:52:40Z,1,-57.25683,132.53191,1,56.1,1,33.706,1,2.354,1,56.1,1,2.354,1,33.706,1
5905614,2025-10-08T22:52:40Z,1,-57.25683,132.53191,1,57.9,1,33.707,1,2.355,1,57.9,1,2.355,1,33.7071,1
5905614,2025-10-08T22:52:40Z,1,-57.25683,132.53191,1,59.9,1,33.707,1,2.355,1,59.9,1,2.355,1,33.7071,1
5905614,2025-10-08T22:52:40Z,1,-57.25683,132.53191,1,61.9,1,33.705,1,2.356,1,61.9,1,2.356,1,33.7051,1
5905614,2025-10-08T22:52:40Z,1,-57.25683,132.53191,1,63.8,1,33.701,1,2.355,1,63.8,1,2.355,1,33.7011,1
