PLATFORM_CODE,DATE (YYYY-MM-DDTHH:MI:SSZ),DATE_QC,LATITUDE (degree_north),LONGITUDE (degree_east),POSITION_QC,PRES (decibar),PRES_QC,PSAL (psu),PSAL_QC,TEMP (degree_Celsius),TEMP_QC,PRES_ADJUSTED (decibar),PRES_ADJUSTED_QC,TEMP_ADJUSTED (degree_Celsius),TEMP_ADJUSTED_QC,PSAL_ADJUSTED (psu),PSAL_ADJUSTED_QC
5905611,2025-10-01T06:09:20Z,1,-27.16246,159.51097,1,0.2,1,35.591,1,21.101,1,0.2,1,21.101,1,35.591,1
5905611,2025-10-01T06:09:20Z,1,-27.16246,159.51097,1,1.4,1,35.661,1,21.104,1,1.4,1,21.104,1,35.661,1
5905611,2025-10-01T06:09:20Z,1,-27.16246,159.51097,1,3.5,1,35.684,1,21.107,1,3.5,1,21.107,1,35.684,1
5905611,2025-10-01T06:09:20Z,1,-27.16246,159.51097,1,4.7,1,35.689,1,21.109,1,4.7,1,21.109,1,35.689,1
5905611,2025-10-01T06:09:20Z,1,-27.16246,159.51097,1,5.9,1,35.697,1,21.109,1,5.9,1,21.109,1,35.697,1
5905611,2025-10-01T06:09:20Z,1,-27.16246,159.51097,1,7.5,1,35.703,1,21.112,1,7.5,1,21.112,1,35.703,1
5905611,2025-10-01T06:09:20Z,1,-27.16246,159.51097,1,9.3,1,35.711,1,21.098,1,9.3,1,21.098,1,35.711,1
5905611,2025-10-01T06:09:20Z,1,-27.16246,159.51097,1,11.1,1,35.709,1,21.073,1,11.1,1,21.073,1,35.709,1
5905611,2025-10-01T06:09:20Z,1,-27.16246,159.51097,1,13.4,1,35.712,1,20.977,1,13.4,1,20.977,1,35.712,1
5905611,2025-10-01T06:09:20Z,1,-27.16246,159.51097,1,15.8,1,35.714,1,20.784,1,15.8,1,20.784,1,35.714,1
5905611,2025-10-01T06:09:20Z,1,-27.16246,159.51097,1,17.8,1,35.71,1,20.713,1,17.8,1,20.713,1,35.71,1
5905611,2025-10-01T06:09:20Z,1,-27.16246,159.51097,1,19.9,1,35.706,1,20.684,1,19.9,1,20.684,1,35.706,1
5905611,2025-10-01T06:09:20Z,1,-27.16246,159.51097,1,21.5,1,35.708,1,20.682,1,21.5,1,20.682,1,35.708,1
5905611,2025-10-01T06:09:20Z,1,-27.16246,159.51097,1,23.0,1,35.708,1,20.676,1,23.0,1,20.676,1,35.708,1
5905611,2025-10-01T06:09:20Z,1,-27.16246,159.51097,1,25.1,1,35.706,1,20.669,1,25.1,1,20.669,1,35.706,1
5905611,2025-10-01T06:09:20Z,1,-27.16246,159.51097,1,27.2,1,35.707,1,20.653,1,27.2,1,20.653,1,35.707,1
5905611,2025-10-01T06:09:20Z,1,-27.16246,159.51097,1,29.3,1,35.705,1,20.638,1,29.3,1,20.638,1,35.705,1
5905611,2025-10-01T06:09:20Z,1,-27.16246,159.51097,1,31.4,1,35.705,1,20.628,1,31.4,1,20.628,1,35.705,1
5905611,2025-10-01T06:09:20Z,1,-27.16246,159.51097,1,33.6,1,35.705,1,20.619,1,33.6,1,20.619,1,35.705,1
5905611,2025-10-01T06:09:20Z,1,-27.16246,159.51097,1,35.8,1,35.704,1,20.597,1,35.8,1,20.597,1,35.704,1
5905611,2025-10-01T06:09:20Z,1,-27.16246,159.51097,1,37.5,1,35.703,1,20.579,1,37.5,1,20.579,1,35.703,1
5905611,2025-10-01T06:09:20Z,1,-27.16246,159.51097,1,39.1,1,35.701,1,20.564,1,39.1,1,20.564,1,35.701,1
5905611,2025-10-01T06:09:20Z,1,-27.16246,159.51097,1,41.4,1,35.7,1,20.556,1,41.4,1,20.556,1,35.7,1
5905611,2025-10-01T06:09:20Z,1,-27.16246,159.51097,1,43.7,1,35.7,1,20.549,1,43.7,1,20.549,1,35.7,1
5905611,2025-10-01T06:09:20Z,1,-27.16246,159.51097,1,45.4,1,35.701,1,20.546,1,45.4,1,20.546,1,35.701,1
5905611,2025-10-01T06:09:20Z,1,-27.16246,159.51097,1,47.0,1,35.701,1,20.543,1,47.0,1,20.543,1,35.701,1
5905611,2025-10-01T06:09:20Z,1,-27.16246,159.51097,1,49.2,1,35.699,1,20.54,1,49.2,1,20.54,1,35.699,1
5905611,2025-10-01T06:09:20Z,1,-27.16246,159.51097,1,51.5,1,35.698,1,20.529,1,51.5,1,20.529,1,35.698,1
5905611,2025-10-01T06:09:20Z,1,-27.16246,159.51097,1,53.7,1,35.698,1,20.482,1,53.7,1,20.482,1,35.698,1
5905611,2025-10-01T06:09:20Z,1,-27.16246,159.51097,1,55.4,1,35.695,1,20.46,1,55.4,1,20.46,1,35.695,1
5905611,2025-10-01T06:09:20Z,1,-27.16246,159.51097,1,57.1,1,35.694,1,20.46,1,57.1,1,20.46,1,35.694,1
5905611,2025-10-01T06:09:20Z,1,-27.16246,159.51097,1,59.2,1,35.694,1,20.456,1,59.2,1,20.456,1,35.694,1
5905611,2025-10-01T06:09:20Z,1,-27.16246,159.51097,1,61.4,1,35.694,1,20.454,1,61.4,1,20.454,1,35.694,1
5905611,2025-10-01T06:09:20Z,1,-27.16246,159.51097,1,63.4,1,35.693,1,20.428,1,63.4,1,20.428,1,35.693,1
5905611,2025-10-01T06:09:20Z,1,-27.16246,159.51097,1,65.5,1,35.692,1,20.398,1,65.5,1,20.398,1,35.692,1
5905611,2025-10-01T06:09:20Z,1,-27.16246,159.51097,1,67.5,1,35.692,1,20.356,1,67.5,1,20.356,1,35.692,1
5905611,2025-10-01T06:09:20Z,1,-27.16246,159.51097,1,69.4,1,35.69,1,20.344,1,69.4,1,20.344,1,35.69,1
5905611,2025-10-01T06:09:20Z,1,-27.16246,159.51097,1,71.4,1,35.687,1,20.312,1,71.4,1,20.312,1,35.687,1
5905611,2025-10-01T06:09:20Z,1,-27.16246,159.51097,1,73.4,1,35.686,1,20.294,1,73.4,1,20.294,1,35.686,1
5905611,2025-10-01T06:09:20Z,1,-27.16246,159.51097,1,75.5,1,35.685,1,20.271,1,75.5,1,20.271,1,35.685,1
5905611,2025-10-01T06:09:20Z,1,-27.16246,159.51097,1,77.6,1,35.682,1,20.251,1,77.6,1,20.251,1,35.682,1
5905611,2025-10-01T06:09:20Z,1,-27.16246,159.51097,1,79.7,1,35.682,1,20.243,1,79.7,1,20.243,1,35.682,1
5905611,2025-10-01T06:09:20Z,1,-27.16246,159.51097,1,81.4,1,35.682,1,20.241,1,81.4,1,20.241,1,35.682,1
5905611,2025-10-01T06:09:20Z,1,-27.16246,159.51097,1,83.2,1,35.681,1,20.24,1,83.2,1,20.24,1,35.681,1
5905611,2025-10-01T06:09:20Z,1,-27.16246,159.51097,1,85.5,1,35.682,1,20.237,1,85.5,1,20.237,1,35.682,1
5905611,2025-10-01T06:09:20Z,1,-27.16246,159.51097,1,87.7,1,35.68,1,20.236,1,87.7,1,20.236,1,35.68,1
5905611,2025-10-01T06:09:20Z,1,-27.16246,159.51097,1,89.5,1,35.679,1,20.236,1,89.5,1,20.236,1,35.679,1
5905611,2025-10-01T06:09:20Z,1,-27.16246,159.51097,1,91.3,1,35.681,1,20.234,1,91.3,1,20.234,1,35.681,1
5905611,2025-10-01T06:09:20Z,1,-27.16246,159.51097,1,93.5,1,35.681,1,20.231,1,93.5,1,20.231,1,35.681,1
5905611,2025-10-01T06:09:20Z,1,-27.16246,159.51097,1,95.7,1,35.681,1,20.228,1,95.7,1,20.228,1,35.681,1
5905611,2025-10-01T06:09:20Z,1,-27.16246,159.51097,1,97.5,1,35.68,1,20.227,1,97.5,1,20.227,1,35.68,1
5905611,2025-10-01T06:09:20Z,1,-27.16246,159.51097,1,99.3,1,35.679,1,20.225,1,99.3,1,20.225,1,35.679,1
5905611,2025-10-01T06:09:20Z,1,-27.16246,159.51097,1,101.2,1,35.679,1,20.218,1,101.2,1,20.218,1,35.679,1
5905611,2025-10-01T06:09:20Z,1,-27.16246,159.51097,1,103.5,1,35.677,1,20.205,1,103.5,1,20.205,1,35.677,1
5905611,2025-10-01T06:09:20Z,1,-27.16246,159.51097,1,105.7,1,35.677,1,20.209,1,105.7,1,20.209,1,35.677,1
5905611,2025-10-01T06:09:20Z,1,-27.16246,159.51097,1,107.6,1,35.678,1,20.207,1,107.6,1,20.207,1,35.678,1
5905611,2025-10-01T06:09:20Z,1,-27.16246,159.51097,1,109.5,1,35.68,1,20.211,1,109.5,1,20.211,1,35.68,1
5905611,2025-10-01T06:09:20Z,1,-27.16246,159.51097,1,111.3,1,35.681,1,20.21,1,111.3,1,20.21,1,35.681,1
5905611,2025-10-01T06:09:20Z,1,-27.16246,159.51097,1,113.1,1,35.68,1,20.209,1,113.1,1,20.209,1,35.68,1
5905611,2025-10-01T06:09:20Z,1,-27.16246,159.51097,1,115.5,1,35.679,1,20.208,1,115.5,1,20.208,1,35.679,1
5905611,2025-10-01T06:09:20Z,1,-27.16246,159.51097,1,117.8,1,35.679,1,20.203,1,117.8,1,20.203,1,35.679,1
5905611,2025-10-01T06:09:20Z,1,-27.16246,159.51097,1,119.6,1,35.678,1,20.201,1,119.6,1,20.201,1,35.678,1
5905611,2025-10-01T06:09:20Z,1,-27.16246,159.51097,1,121.5,1,35.678,1,20.202,1,121.5,1,20.202,1,35.678,1
5905611,2025-10-01T06:09:20Z,1,-27.16246,159.51097,1,123.3,1,35.678,1,20.201,1,123.3,1,20.201,1,35.678,1
5905611,2025-10-01T06:09:20Z,1,-27.16246,159.51097,1,125.1,1,35.677,1,20.197,1,125.1,1,20.197,1,35.677,1
5905611,2025-10-01T06:09:20Z,1,-27.16246,159.51097,1,127.4,1,35.677,1,20.193,1,127.4,1,20.193,1,35.677,1
5905611,2025-10-01T06:09:20Z,1,-27.16246,159.51097,1,129.6,1,35.678,1,20.186,1,129.6,1,20.186,1,35.678,1
5905611,2025-10-01T06:09:20Z,1,-27.16246,159.51097,1,131.4,1,35.678,1,20.183,1,131.4,1,20.183,1,35.678,1
5905611,2025-10-01T06:09:20Z,1,-27.16246,159.51097,1,133.2,1,35.678,1,20.181,1,133.2,1,20.181,1,35.678,1
5905611,2025-10-01T06:09:20Z,1,-27.16246,159.51097,1,135.4,1,35.679,1,20.18,1,135.4,1,20.18,1,35.679,1
5905611,2025-10-01T06:09:20Z,1,-27.16246,159.51097,1,137.6,1,35.679,1,20.183,1,137.6,1,20.183,1,35.679,1
5905611,2025-10-01T06:09:20Z,1,-27.16246,159.51097,1,139.4,1,35.681,1,20.186,1,139.4,1,20.186,1,35.681,1
5905611,2025-10-01T06:09:20Z,1,-27.16246,159.51097,1,141.1,1,35.682,1,20.19,1,141.1,1,20.19,1,35.682,1
5905611,2025-10-01T06:09:20Z,1,-27.16246,159.51097,1,143.4,1,35.683,1,20.19,1,143.4,1,20.19,1,35.683,1
5905611,2025-10-01T06:09:20Z,1,-27.16246,159.51097,1,145.5,1,35.679,1,20.167,1,145.5,1,20.167,1,35.679,1
5905611,2025-10-01T06:09:20Z,1,-27.16246,159.51097,1,147.3,1,35.676,1,20.151,1,147.3,1,20.151,1,35.676,1
5905611,2025-10-01T06:09:20Z,1,-27.16246,159.51097,1,149.4,1,35.675,1,20.144,1,149.4,1,20.144,1,35.675,1
5905611,2025-10-01T06:09:20Z,1,-27.16246,159.51097,1,151.6,1,35.674,1,20.134,1,151.6,1,20.134,1,35.674,1
5905611,2025-10-01T06:09:20Z,1,-27.16246,159.51097,1,153.3,1,35.673,1,20.126,1,153.3,1,20.126,1,35.673,1
5905611,2025-10-01T06:09:20Z,1,-27.16246,159.51097,1,155.5,1,35.668,1,20.102,1,155.5,1,20.102,1,35.668,1
5905611,2025-10-01T06:09:20Z,1,-27.16246,159.51097,1,157.6,1,35.666,1,20.087,1,157.6,1,20.087,1,35.666,1
5905611,2025-10-01T06:09:20Z,1,-27.16246,159.51097,1,159.3,1,35.665,1,20.076,1,159.3,1,20.076,1,35.665,1
5905611,2025-10-01T06:09:20Z,1,-27.16246,159.51097,1,161.4,1,35.662,1,20.058,1,161.4,1,20.058,1,35.662,1
5905611,2025-10-01T06:09:20Z,1,-27.16246,159.51097,1,163.6,1,35.659,1,20.034,1,163.6,1,20.034,1,35.659,1
5905611,2025-10-01T06:09:20Z,1,-27.16246,159.51097,1,165.3,1,35.659,1,20.012,1,165.3,1,20.012,1,35.659,1
5905611,2025-10-01T06:09:20Z,1,-27.16246,159.51097,1,167.4,1,35.654,1,19.98,1,167.4,1,19.98,1,35.654,1
5905611,2025-10-01T06:09:20Z,1,-27.16246,159.51097,1,169.6,1,35.651,1,19.942,1,169.6,1,19.942,1,35.651,1
5905611,2025-10-01T06:09:20Z,1,-27.16246,159.51097,1,171.3,1,35.65,1,19.919,1,171.3,1,19.919,1,35.65,1
5905611,2025-10-01T06:09:20Z,1,-27.16246,159.51097,1,173.4,1,35.647,1,19.865,1,173.4,1,19.865,1,35.647,1
5905611,2025-10-01T06:09:20Z,1,-27.16246,159.51097,1,175.6,1,35.644,1,19.846,1,175.6,1,19.846,1,35.644,1
5905611,2025-10-01T06:09:20Z,1,-27.16246,159.51097,1,177.4,1,35.645,1,19.829,1,177.4,1,19.829,1,35.645,1
5905611,2025-10-01T06:09:20Z,1,-27.16246,159.51097,1,179.5,1,35.647,1,19.824,1,179.5,1,19.824,1,35.647,1
5905611,2025-10-01T06:09:20Z,1,-27.16246,159.51097,1,181.7,1,35.646,1,19.829,1,181.7,1,19.829,1,35.646,1
5905611,2025-10-01T06:09:20Z,1,-27.16246,159.51097,1,183.3,1,35.649,1,19.834,1,183.3,1,19.834,1,35.649,1
5905611,2025-10-01T06:09:20Z,1,-27.16246,159.51097,1,185.4,1,35.648,1,19.79,1,185.4,1,19.79,1,35.648,1
5905611,2025-10-01T06:09:20Z,1,-27.16246,159.51097,1,187.6,1,35.643,1,19.693,1,187.6,1,19.693,1,35.643,1
5905611,2025-10-01T06:09:20Z,1,-27.16246,159.51097,1,189.5,1,35.642,1,19.676,1,189.5,1,19.676,1,35.642,1
5905611,2025-10-01T06:09:20Z,1,-27.16246,159.51097,1,191.3,1,35.64,1,19.654,1,191.3,1,19.654,1,35.64,1
5905611,2025-10-01T06:09:20Z,1,-27.16246,159.51097,1,193.2,1,35.639,1,19.637,1,193.2,1,19.637,1,35.639,1
5905611,2025-10-01T06:09:20Z,1,-27.16246,159.51097,1,195.0,1,35.638,1,19.622,1,195.0,1,19.622,1,35.638,1
5905611,2025-10-01T06:09:20Z,1,-27.16246,159.51097,1,197.4,1,35.636,1,19.6,1,197.4,1,19.6,1,35.636,1
5905611,2025-10-01T06:09:20Z,1,-27.16246,159.51097,1,199.7,1,35.636,1,19.576,1,199.7,1,19.576,1,35.636,1
5905611,2025-10-01T06:09:20Z,1,-27.16246,159.51097,1,201.6,1,35.637,1,19.563,1,201.6,1,19.563,1,35.637,1
5905611,2025-10-01T06:09:20Z,1,-27.16246,159.51097,1,203.6,1,35.634,1,19.543,1,203.6,1,19.543,1,35.634,1
5905611,2025-10-01T06:09:20Z,1,-27.16246,159.51097,1,205.5,1,35.635,1,19.531,1,205.5,1,19.531,1,35.635,1
5905611,2025-10-01T06:09:20Z,1,-27.16246,159.51097,1,207.4,1,35.634,1,19.528,1,207.4,1,19.528,1,35.634,1
5905611,2025-10-01T06:09:20Z,1,-27.16246,159.51097,1,209.2,1,35.635,1,19.499,1,209.2,1,19.499,1,35.635,1
5905611,2025-10-01T06:09:20Z,1,-27.16246,159.51097,1,211.1,1,35.632,1,19.489,1,211.1,1,19.489,1,35.632,1
5905611,2025-10-01T06:09:20Z,1,-27.16246,159.51097,1,213.4,1,35.632,1,19.465,1,213.4,1,19.465,1,35.632,1
5905611,2025-10-01T06:09:20Z,1,-27.16246,159.51097,1,215.8,1,35.632,1,19.433,1,215.8,1,19.433,1,35.632,1
5905611,2025-10-01T06:09:20Z,1,-27.16246,159.51097,1,217.7,1,35.629,1,19.401,1,217.7,1,19.401,1,35.629,1
5905611,2025-10-01T06:09:20Z,1,-27.16246,159.51097,1,219.7,1,35.63,1,19.376,1,219.7,1,19.376,1,35.63,1
5905611,2025-10-01T06:09:20Z,1,-27.16246,159.51097,1,221.6,1,35.627,1,19.342,1,221.6,1,19.342,1,35.627,1
5905611,2025-10-01T06:09:20Z,1,-27.16246,159.51097,1,223.6,1,35.625,1,19.335,1,223.6,1,19.335,1,35.625,1
5905611,2025-10-01T06:09:20Z,1,-27.16246,159.51097,1,225.5,1,35.625,1,19.33,1,225.5,1,19.33,1,35.625,1
5905611,2025-10-01T06:09:20Z,1,-27.16246,159.51097,1,227.5,1,35.622,1,19.258,1,227.5,1,19.258,1,35.622,1
5905611,2025-10-01T06:09:20Z,1,-27.16246,159.51097,1,229.4,1,35.618,1,19.201,1,229.4,1,19.201,1,35.618,1
5905611,2025-10-01T06:09:20Z,1,-27.16246,159.51097,1,231.3,1,35.618,1,19.177,1,231.3,1,19.177,1,35.618,1
5905611,2025-10-01T06:09:20Z,1,-27.16246,159.51097,1,233.3,1,35.616,1,19.128,1,233.3,1,19.128,1,35.616,1
5905611,2025-10-01T06:09:20Z,1,-27.16246,159.51097,1,235.2,1,35.615,1,19.117,1,235.2,1,19.117,1,35.615,1
5905611,2025-10-01T06:09:20Z,1,-27.16246,159.51097,1,237.1,1,35.619,1,19.079,1,237.1,1,19.079,1,35.619,1
5905611,2025-10-01T06:09:20Z,1,-27.16246,159.51097,1,239.4,1,35.618,1,19.043,1,239.4,1,19.043,1,35.618,1
5905611,2025-10-01T06:09:20Z,1,-27.16246,159.51097,1,241.8,1,35.617,1,18.996,1,241.8,1,18.996,1,35.617,1
5905611,2025-10-01T06:09:20Z,1,-27.16246,159.51097,1,243.7,1,35.614,1,18.944,1,243.7,1,18.944,1,35.614,1
5905611,2025-10-01T06:09:20Z,1,-27.16246,159.51097,1,245.6,1,35.609,1,18.895,1,245.6,1,18.895,1,35.609,1
5905611,2025-10-01T06:09:20Z,1,-27.16246,159.51097,1,247.4,1,35.606,1,18.83,1,247.4,1,18.83,1,35.606,1
5905611,2025-10-01T06:09:20Z,1,-27.16246,159.51097,1,249.3,1,35.605,1,18.802,1,249.3,1,18.802,1,35.605,1
5905611,2025-10-01T06:09:20Z,1,-27.16246,159.51097,1,251.3,1,35.604,1,18.796,1,251.3,1,18.796,1,35.604,1
5905611,2025-10-01T06:09:20Z,1,-27.16246,159.51097,1,253.2,1,35.605,1,18.776,1,253.2,1,18.776,1,35.605,1
5905611,2025-10-01T06:09:20Z,1,-27.16246,159.51097,1,255.2,1,35.604,1,18.708,1,255.2,1,18.708,1,35.604,1
5905611,2025-10-01T06:09:20Z,1,-27.16246,159.51097,1,257.2,1,35.605,1,18.689,1,257.2,1,18.689,1,35.605,1
5905611,2025-10-01T06:09:20Z,1,-27.16246,159.51097,1,259.2,1,35.604,1,18.679,1,259.2,1,18.679,1,35.604,1
5905611,2025-10-01T06:09:20Z,1,-27.16246,159.51097,1,261.1,1,35.606,1,18.638,1,261.1,1,18.638,1,35.606,1
5905611,2025-10-01T06:09:20Z,1,-27.16246,159.51097,1,263.1,1,35.599,1,18.569,1,263.1,1,18.569,1,35.599,1
5905611,2025-10-01T06:09:20Z,1,-27.16246,159.51097,1,265.4,1,35.592,1,18.542,1,265.4,1,18.542,1,35.592,1
5905611,2025-10-01T06:09:20Z,1,-27.16246,159.51097,1,267.8,1,35.584,1,18.496,1,267.8,1,18.496,1,35.584,1
5905611,2025-10-01T06:09:20Z,1,-27.16246,159.51097,1,269.7,1,35.581,1,18.447,1,269.7,1,18.447,1,35.581,1
5905611,2025-10-01T06:09:20Z,1,-27.16246,159.51097,1,271.6,1,35.569,1,18.314,1,271.6,1,18.314,1,35.569,1
5905611,2025-10-01T06:09:20Z,1,-27.16246,159.51097,1,273.4,1,35.567,1,18.271,1,273.4,1,18.271,1,35.567,1
5905611,2025-10-01T06:09:20Z,1,-27.16246,159.51097,1,275.2,1,35.564,1,18.185,1,275.2,1,18.185,1,35.564,1
5905611,2025-10-01T06:09:20Z,1,-27.16246,159.51097,1,277.3,1,35.558,1,18.097,1,277.3,1,18.097,1,35.558,1
5905611,2025-10-01T06:09:20Z,1,-27.16246,159.51097,1,279.5,1,35.553,1,18.044,1,279.5,1,18.044,1,35.553,1
5905611,2025-10-01T06:09:20Z,1,-27.16246,159.51097,1,281.3,1,35.544,1,17.972,1,281.3,1,17.972,1,35.544,1
5905611,2025-10-01T06:09:20Z,1,-27.16246,159.51097,1,283.2,1,35.537,1,17.809,1,283.2,1,17.809,1,35.537,1
5905611,2025-10-01T06:09:20Z,1,-27.16246,159.51097,1,285.2,1,35.532,1,17.734,1,285.2,1,17.734,1,35.532,1
5905611,2025-10-01T06:09:20Z,1,-27.16246,159.51097,1,287.2,1,35.528,1,17.728,1,287.2,1,17.728,1,35.528,1
5905611,2025-10-01T06:09:20Z,1,-27.16246,159.51097,1,289.1,1,35.528,1,17.616,1,289.1,1,17.616,1,35.528,1
5905611,2025-10-01T06:09:20Z,1,-27.16246,159.51097,1,291.3,1,35.517,1,17.502,1,291.3,1,17.502,1,35.517,1
5905611,2025-10-01T06:09:20Z,1,-27.16246,159.51097,1,293.6,1,35.506,1,17.358,1,293.6,1,17.358,1,35.506,1
5905611,2025-10-01T06:09:20Z,1,-27.16246,159.51097,1,295.4,1,35.503,1,17.303,1,295.4,1,17.303,1,35.503,1
5905611,2025-10-01T06:09:20Z,1,-27.16246,159.51097,1,297.3,1,35.501,1,17.266,1,297.3,1,17.266,1,35.501,1
5905611,2025-10-01T06:09:20Z,1,-27.16246,159.51097,1,299.3,1,35.496,1,17.233,1,299.3,1,17.233,1,35.496,1
5905611,2025-10-01T06:09:20Z,1,-27.16246,159.51097,1,301.3,1,35.496,1,17.168,1,301.3,1,17.168,1,35.496,1
5905611,2025-10-01T06:09:20Z,1,-27.16246,159.51097,1,303.4,1,35.495,1,17.135,1,303.4,1,17.135,1,35.495,1
5905611,2025-10-01T06:09:20Z,1,-27.16246,159.51097,1,305.5,1,35.489,1,17.057,1,305.5,1,17.057,1,35.489,1
5905611,2025-10-01T06:09:20Z,1,-27.16246,159.51097,1,307.6,1,35.482,1,16.999,1,307.6,1,16.999,1,35.482,1
5905611,2025-10-01T06:09:20Z,1,-27.16246,159.51097,1,309.3,1,35.475,1,16.904,1,309.3,1,16.904,1,35.475,1
5905611,2025-10-01T06:09:20Z,1,-27.16246,159.51097,1,311.5,1,35.468,1,16.828,1,311.5,1,16.828,1,35.468,1
5905611,2025-10-01T06:09:20Z,1,-27.16246,159.51097,1,313.7,1,35.465,1,16.792,1,313.7,1,16.792,1,35.465,1
5905611,2025-10-01T06:09:20Z,1,-27.16246,159.51097,1,315.5,1,35.461,1,16.756,1,315.5,1,16.756,1,35.461,1
5905611,2025-10-01T06:09:20Z,1,-27.16246,159.51097,1,317.4,1,35.458,1,16.733,1,317.4,1,16.733,1,35.458,1
5905611,2025-10-01T06:09:20Z,1,-27.16246,159.51097,1,319.5,1,35.457,1,16.717,1,319.5,1,16.717,1,35.457,1
5905611,2025-10-01T06:09:20Z,1,-27.16246,159.51097,1,321.3,1,35.454,1,16.659,1,321.3,1,16.659,1,35.454,1
5905611,2025-10-01T06:09:20Z,1,-27.16246,159.51097,1,323.2,1,35.451,1,16.636,1,323.2,1,16.636,1,35.451,1
5905611,2025-10-01T06:09:20Z,1,-27.16246,159.51097,1,325.1,1,35.447,1,16.575,1,325.1,1,16.575,1,35.447,1
5905611,2025-10-01T06:09:20Z,1,-27.16246,159.51097,1,327.0,1,35.443,1,16.488,1,327.0,1,16.488,1,35.443,1
5905611,2025-10-01T06:09:20Z,1,-27.16246,159.51097,1,329.0,1,35.437,1,16.477,1,329.0,1,16.477,1,35.437,1
5905611,2025-10-01T06:09:20Z,1,-27.16246,159.51097,1,331.4,1,35.437,1,16.475,1,331.4,1,16.475,1,35.437,1
5905611,2025-10-01T06:09:20Z,1,-27.16246,159.51097,1,333.7,1,35.435,1,16.471,1,333.7,1,16.471,1,35.435,1
5905611,2025-10-01T06:09:20Z,1,-27.16246,159.51097,1,335.5,1,35.434,1,16.413,1,335.5,1,16.413,1,35.434,1
5905611,2025-10-01T06:09:20Z,1,-27.16246,159.51097,1,337.4,1,35.424,1,16.329,1,337.4,1,16.329,1,35.424,1
5905611,2025-10-01T06:09:20Z,1,-27.16246,159.51097,1,339.3,1,35.42,1,16.283,1,339.3,1,16.283,1,35.42,1
5905611,2025-10-01T06:09:20Z,1,-27.16246,159.51097,1,341.1,1,35.414,1,16.233,1,341.1,1,16.233,1,35.414,1
5905611,2025-10-01T06:09:20Z,1,-27.16246,159.51097,1,343.5,1,35.407,1,16.14,1,343.5,1,16.14,1,35.407,1
5905611,2025-10-01T06:09:20Z,1,-27.16246,159.51097,1,345.8,1,35.396,1,16.018,1,345.8,1,16.018,1,35.396,1
5905611,2025-10-01T06:09:20Z,1,-27.16246,159.51097,1,347.5,1,35.384,1,15.891,1,347.5,1,15.891,1,35.384,1
5905611,2025-10-01T06:09:20Z,1,-27.16246,159.51097,1,349.6,1,35.376,1,15.808,1,349.6,1,15.808,1,35.376,1
5905611,2025-10-01T06:09:20Z,1,-27.16246,159.51097,1,351.7,1,35.373,1,15.768,1,351.7,1,15.768,1,35.373,1
5905611,2025-10-01T06:09:20Z,1,-27.16246,159.51097,1,353.4,1,35.373,1,15.717,1,353.4,1,15.717,1,35.373,1
5905611,2025-10-01T06:09:20Z,1,-27.16246,159.51097,1,355.2,1,35.371,1,15.703,1,355.2,1,15.703,1,35.371,1
5905611,2025-10-01T06:09:20Z,1,-27.16246,159.51097,1,357.4,1,35.372,1,15.685,1,357.4,1,15.685,1,35.372,1
5905611,2025-10-01T06:09:20Z,1,-27.16246,159.51097,1,359.5,1,35.369,1,15.678,1,359.5,1,15.678,1,35.369,1
5905611,2025-10-01T06:09:20Z,1,-27.16246,159.51097,1,361.3,1,35.369,1,15.67,1,361.3,1,15.67,1,35.369,1
5905611,2025-10-01T06:09:20Z,1,-27.16246,159.51097,1,363.4,1,35.369,1,15.665,1,363.4,1,15.665,1,35.369,1
5905611,2025-10-01T06:09:20Z,1,-27.16246,159.51097,1,365.5,1,35.368,1,15.66,1,365.5,1,15.66,1,35.368,1
5905611,2025-10-01T06:09:20Z,1,-27.16246,159.51097,1,367.5,1,35.364,1,15.572,1,367.5,1,15.572,1,35.364,1
5905611,2025-10-01T06:09:20Z,1,-27.16246,159.51097,1,369.7,1,35.355,1,15.468,1,369.7,1,15.468,1,35.355,1
5905611,2025-10-01T06:09:20Z,1,-27.16246,159.51097,1,371.4,1,35.353,1,15.411,1,371.4,1,15.411,1,35.353,1
5905611,2025-10-01T06:09:20Z,1,-27.16246,159.51097,1,373.1,1,35.342,1,15.321,1,373.1,1,15.321,1,35.342,1
5905611,2025-10-01T06:09:20Z,1,-27.16246,159.51097,1,375.3,1,35.329,1,15.235,1,375.3,1,15.235,1,35.329,1
5905611,2025-10-01T06:09:20Z,1,-27.16246,159.51097,1,377.5,1,35.318,1,15.11,1,377.5,1,15.11,1,35.318,1
5905611,2025-10-01T06:09:20Z,1,-27.16246,159.51097,1,379.2,1,35.301,1,15.014,1,379.2,1,15.014,1,35.301,1
5905611,2025-10-01T06:09:20Z,1,-27.16246,159.51097,1,381.4,1,35.292,1,14.937,1,381.4,1,14.937,1,35.292,1
5905611,2025-10-01T06:09:20Z,1,-27.16246,159.51097,1,383.6,1,35.289,1,14.845,1,383.6,1,14.845,1,35.289,1
5905611,2025-10-01T06:09:20Z,1,-27.16246,159.51097,1,385.3,1,35.277,1,14.76,1,385.3,1,14.76,1,35.277,1
5905611,2025-10-01T06:09:20Z,1,-27.16246,159.51097,1,387.5,1,35.269,1,14.685,1,387.5,1,14.685,1,35.269,1
5905611,2025-10-01T06:09:20Z,1,-27.16246,159.51097,1,389.7,1,35.261,1,14.609,1,389.7,1,14.609,1,35.261,1
5905611,2025-10-01T06:09:20Z,1,-27.16246,159.51097,1,391.5,1,35.249,1,14.467,1,391.5,1,14.467,1,35.249,1
5905611,2025-10-01T06:09:20Z,1,-27.16246,159.51097,1,393.4,1,35.245,1,14.421,1,393.4,1,14.421,1,35.245,1
5905611,2025-10-01T06:09:20Z,1,-27.16246,159.51097,1,395.2,1,35.238,1,14.364,1,395.2,1,14.364,1,35.238,1
5905611,2025-10-01T06:09:20Z,1,-27.16246,159.51097,1,397.4,1,35.231,1,14.263,1,397.4,1,14.263,1,35.231,1
5905611,2025-10-01T06:09:20Z,1,-27.16246,159.51097,1,399.6,1,35.228,1,14.216,1,399.6,1,14.216,1,35.228,1
5905611,2025-10-01T06:09:20Z,1,-27.16246,159.51097,1,401.5,1,35.221,1,14.182,1,401.5,1,14.182,1,35.221,1
5905611,2025-10-01T06:09:20Z,1,-27.16246,159.51097,1,403.3,1,35.22,1,14.14,1,403.3,1,14.14,1,35.22,1
5905611,2025-10-01T06:09:20Z,1,-27.16246,159.51097,1,405.1,1,35.209,1,14.046,1,405.1,1,14.046,1,35.209,1
5905611,2025-10-01T06:09:20Z,1,-27.16246,159.51097,1,407.4,1,35.194,1,13.893,1,407.4,1,13.893,1,35.194,1
5905611,2025-10-01T06:09:20Z,1,-27.16246,159.51097,1,409.8,1,35.186,1,13.805,1,409.8,1,13.805,1,35.186,1
5905611,2025-10-01T06:09:20Z,1,-27.16246,159.51097,1,411.7,1,35.182,1,13.776,1,411.7,1,13.776,1,35.182,1
5905611,2025-10-01T06:09:20Z,1,-27.16246,159.51097,1,413.6,1,35.181,1,13.71,1,413.6,1,13.71,1,35.181,1
5905611,2025-10-01T06:09:20Z,1,-27.16246,159.51097,1,415.6,1,35.167,1,13.61,1,415.6,1,13.61,1,35.167,1
5905611,2025-10-01T06:09:20Z,1,-27.16246,159.51097,1,417.5,1,35.166,1,13.599,1,417.5,1,13.599,1,35.166,1
5905611,2025-10-01T06:09:20Z,1,-27.16246,159.51097,1,419.5,1,35.164,1,13.582,1,419.5,1,13.582,1,35.164,1
5905611,2025-10-01T06:09:20Z,1,-27.16246,159.51097,1,421.4,1,35.16,1,13.534,1,421.4,1,13.534,1,35.16,1
5905611,2025-10-01T06:09:20Z,1,-27.16246,159.51097,1,423.3,1,35.151,1,13.434,1,423.3,1,13.434,1,35.151,1
5905611,2025-10-01T06:09:20Z,1,-27.16246,159.51097,1,425.2,1,35.142,1,13.361,1,425.2,1,13.361,1,35.142,1
5905611,2025-10-01T06:09:20Z,1,-27.16246,159.51097,1,427.2,1,35.139,1,13.341,1,427.2,1,13.341,1,35.139,1
5905611,2025-10-01T06:09:20Z,1,-27.16246,159.51097,1,429.2,1,35.132,1,13.248,1,429.2,1,13.248,1,35.132,1
5905611,2025-10-01T06:09:20Z,1,-27.16246,159.51097,1,431.2,1,35.127,1,13.202,1,431.2,1,13.202,1,35.127,1
5905611,2025-10-01T06:09:20Z,1,-27.16246,159.51097,1,433.2,1,35.125,1,13.174,1,433.2,1,13.174,1,35.125,1
5905611,2025-10-01T06:09:20Z,1,-27.16246,159.51097,1,435.3,1,35.124,1,13.17,1,435.3,1,13.17,1,35.124,1
5905611,2025-10-01T06:09:20Z,1,-27.16246,159.51097,1,437.3,1,35.123,1,13.142,1,437.3,1,13.142,1,35.123,1
5905611,2025-10-01T06:09:20Z,1,-27.16246,159.51097,1,439.3,1,35.122,1,13.122,1,439.3,1,13.122,1,35.122,1
5905611,2025-10-01T06:09:20Z,1,-27.16246,159.51097,1,441.4,1,35.123,1,13.093,1,441.4,1,13.093,1,35.123,1
5905611,2025-10-01T06:09:20Z,1,-27.16246,159.51097,1,443.4,1,35.116,1,13.026,1,443.4,1,13.026,1,35.116,1
5905611,2025-10-01T06:09:20Z,1,-27.16246,159.51097,1,445.5,1,35.11,1,12.962,1,445.5,1,12.962,1,35.11,1
5905611,2025-10-01T06:09:20Z,1,-27.16246,159.51097,1,447.5,1,35.103,1,12.907,1,447.5,1,12.907,1,35.103,1
5905611,2025-10-01T06:09:20Z,1,-27.16246,159.51097,1,449.6,1,35.098,1,12.859,1,449.6,1,12.859,1,35.098,1
5905611,2025-10-01T06:09:20Z,1,-27.16246,159.51097,1,451.7,1,35.1,1,12.853,1,451.7,1,12.853,1,35.1,1
5905611,2025-10-01T06:09:20Z,1,-27.16246,159.51097,1,453.8,1,35.102,1,12.848,1,453.8,1,12.848,1,35.102,1
5905611,2025-10-01T06:09:20Z,1,-27.16246,159.51097,1,455.8,1,35.102,1,12.843,1,455.8,1,12.843,1,35.102,1
5905611,2025-10-01T06:09:20Z,1,-27.16246,159.51097,1,457.8,1,35.103,1,12.818,1,457.8,1,12.818,1,35.103,1
5905611,2025-10-01T06:09:20Z,1,-27.16246,159.51097,1,459.9,1,35.099,1,12.749,1,459.9,1,12.749,1,35.099,1
5905611,2025-10-01T06:09:20Z,1,-27.16246,159.51097,1,461.5,1,35.093,1,12.703,1,461.5,1,12.703,1,35.093,1
5905611,2025-10-01T06:09:20Z,1,-27.16246,159.51097,1,463.0,1,35.09,1,12.649,1,463.0,1,12.649,1,35.09,1
5905611,2025-10-01T06:09:20Z,1,-27.16246,159.51097,1,465.2,1,35.081,1,12.582,1,465.2,1,12.582,1,35.081,1
5905611,2025-10-01T06:09:20Z,1,-27.16246,159.51097,1,467.3,1,35.066,1,12.486,1,467.3,1,12.486,1,35.066,1
5905611,2025-10-01T06:09:20Z,1,-27.16246,159.51097,1,469.5,1,35.057,1,12.414,1,469.5,1,12.414,1,35.057,1
5905611,2025-10-01T06:09:20Z,1,-27.16246,159.51097,1,471.7,1,35.052,1,12.374,1,471.7,1,12.374,1,35.052,1
5905611,2025-10-01T06:09:20Z,1,-27.16246,159.51097,1,473.8,1,35.048,1,12.346,1,473.8,1,12.346,1,35.048,1
5905611,2025-10-01T06:09:20Z,1,-27.16246,159.51097,1,475.4,1,35.046,1,12.33,1,475.4,1,12.33,1,35.046,1
5905611,2025-10-01T06:09:20Z,1,-27.16246,159.51097,1,477.0,1,35.042,1,12.322,1,477.0,1,12.322,1,35.042,1
5905611,2025-10-01T06:09:20Z,1,-27.16246,159.51097,1,479.1,1,35.03,1,12.217,1,479.1,1,12.217,1,35.03,1
5905611,2025-10-01T06:09:20Z,1,-27.16246,159.51097,1,481.3,1,35.021,1,12.153,1,481.3,1,12.153,1,35.021,1
5905611,2025-10-01T06:09:20Z,1,-27.16246,159.51097,1,483.5,1,35.014,1,12.129,1,483.5,1,12.129,1,35.014,1
5905611,2025-10-01T06:09:20Z,1,-27.16246,159.51097,1,485.6,1,35.0,1,12.016,1,485.6,1,12.016,1,35.0,1
5905611,2025-10-01T06:09:20Z,1,-27.16246,159.51097,1,487.8,1,34.987,1,11.91,1,487.8,1,11.91,1,34.987,1
5905611,2025-10-01T06:09:20Z,1,-27.16246,159.51097,1,489.5,1,34.974,1,11.836,1,489.5,1,11.836,1,34.974,1
5905611,2025-10-01T06:09:20Z,1,-27.16246,159.51097,1,491.0,1,34.972,1,11.82,1,491.0,1,11.82,1,34.972,1
5905611,2025-10-01T06:09:20Z,1,-27.16246,159.51097,1,493.2,1,34.969,1,11.797,1,493.2,1,11.797,1,34.969,1
5905611,2025-10-01T06:09:20Z,1,-27.16246,159.51097,1,495.4,1,34.966,1,11.77,1,495.4,1,11.77,1,34.966,1
5905611,2025-10-01T06:09:20Z,1,-27.16246,159.51097,1,497.5,1,34.955,1,11.68,1,497.5,1,11.68,1,34.955,1
5905611,2025-10-01T06:09:20Z,1,-27.16246,159.51097,1,499.6,1,34.952,1,11.655,1,499.6,1,11.655,1,34.952,1
5905611,2025-10-01T06:09:20Z,1,-27.16246,159.51097,1,501.8,1,34.948,1,11.64,1,501.8,1,11.64,1,34.948,1
5905611,2025-10-01T06:09:20Z,1,-27.16246,159.51097,1,503.4,1,34.944,1,11.577,1,503.4,1,11.577,1,34.944,1
5905611,2025-10-01T06:09:20Z,1,-27.16246,159.51097,1,505.0,1,34.938,1,11.525,1,505.0,1,11.525,1,34.938,1
5905611,2025-10-01T06:09:20Z,1,-27.16246,159.51097,1,507.1,1,34.931,1,11.475,1,507.1,1,11.475,1,34.931,1
5905611,2025-10-01T06:09:20Z,1,-27.16246,159.51097,1,509.3,1,34.929,1,11.432,1,509.3,1,11.432,1,34.929,1
5905611,2025-10-01T06:09:20Z,1,-27.16246,159.51097,1,511.5,1,34.918,1,11.367,1,511.5,1,11.367,1,34.918,1
5905611,2025-10-01T06:09:20Z,1,-27.16246,159.51097,1,513.7,1,34.916,1,11.356,1,513.7,1,11.356,1,34.916,1
5905611,2025-10-01T06:09:20Z,1,-27.16246,159.51097,1,515.4,1,34.909,1,11.326,1,515.4,1,11.326,1,34.909,1
5905611,2025-10-01T06:09:20Z,1,-27.16246,159.51097,1,517.0,1,34.913,1,11.29,1,517.0,1,11.29,1,34.913,1
5905611,2025-10-01T06:09:20Z,1,-27.16246,159.51097,1,519.3,1,34.889,1,11.13,1,519.3,1,11.13,1,34.889,1
5905611,2025-10-01T06:09:20Z,1,-27.16246,159.51097,1,521.4,1,34.883,1,11.106,1,521.4,1,11.106,1,34.883,1
5905611,2025-10-01T06:09:20Z,1,-27.16246,159.51097,1,523.6,1,34.879,1,11.072,1,523.6,1,11.072,1,34.879,1
5905611,2025-10-01T06:09:20Z,1,-27.16246,159.51097,1,525.3,1,34.869,1,10.978,1,525.3,1,10.978,1,34.869,1
5905611,2025-10-01T06:09:20Z,1,-27.16246,159.51097,1,527.0,1,34.866,1,10.956,1,527.0,1,10.956,1,34.866,1
5905611,2025-10-01T06:09:20Z,1,-27.16246,159.51097,1,529.2,1,34.858,1,10.889,1,529.2,1,10.889,1,34.858,1
5905611,2025-10-01T06:09:20Z,1,-27.16246,159.51097,1,531.4,1,34.851,1,10.838,1,531.4,1,10.838,1,34.851,1
5905611,2025-10-01T06:09:20Z,1,-27.16246,159.51097,1,533.6,1,34.848,1,10.804,1,533.6,1,10.804,1,34.848,1
5905611,2025-10-01T06:09:20Z,1,-27.16246,159.51097,1,535.8,1,34.844,1,10.773,1,535.8,1,10.773,1,34.844,1
5905611,2025-10-01T06:09:20Z,1,-27.16246,159.51097,1,537.5,1,34.842,1,10.753,1,537.5,1,10.753,1,34.842,1
5905611,2025-10-01T06:09:20Z,1,-27.16246,159.51097,1,539.0,1,34.841,1,10.714,1,539.0,1,10.714,1,34.841,1
5905611,2025-10-01T06:09:20Z,1,-27.16246,159.51097,1,541.2,1,34.834,1,10.686,1,541.2,1,10.686,1,34.834,1
5905611,2025-10-01T06:09:20Z,1,-27.16246,159.51097,1,543.3,1,34.83,1,10.654,1,543.3,1,10.654,1,34.83,1
5905611,2025-10-01T06:09:20Z,1,-27.16246,159.51097,1,545.5,1,34.826,1,10.617,1,545.5,1,10.617,1,34.826,1
5905611,2025-10-01T06:09:20Z,1,-27.16246,159.51097,1,547.6,1,34.82,1,10.575,1,547.6,1,10.575,1,34.82,1
5905611,2025-10-01T06:09:20Z,1,-27.16246,159.51097,1,549.6,1,34.817,1,10.548,1,549.6,1,10.548,1,34.817,1
5905611,2025-10-01T06:09:20Z,1,-27.16246,159.51097,1,551.6,1,34.813,1,10.518,1,551.6,1,10.518,1,34.813,1
5905611,2025-10-01T06:09:20Z,1,-27.16246,159.51097,1,553.7,1,34.81,1,10.474,1,553.7,1,10.474,1,34.81,1
5905611,2025-10-01T06:09:20Z,1,-27.16246,159.51097,1,555.7,1,34.803,1,10.407,1,555.7,1,10.407,1,34.803,1
5905611,2025-10-01T06:09:20Z,1,-27.16246,159.51097,1,557.8,1,34.799,1,10.39,1,557.8,1,10.39,1,34.799,1
5905611,2025-10-01T06:09:20Z,1,-27.16246,159.51097,1,559.8,1,34.794,1,10.316,1,559.8,1,10.316,1,34.794,1
5905611,2025-10-01T06:09:20Z,1,-27.16246,159.51097,1,561.8,1,34.788,1,10.266,1,561.8,1,10.266,1,34.788,1
5905611,2025-10-01T06:09:20Z,1,-27.16246,159.51097,1,563.9,1,34.784,1,10.227,1,563.9,1,10.227,1,34.784,1
5905611,2025-10-01T06:09:20Z,1,-27.16246,159.51097,1,565.5,1,34.781,1,10.185,1,565.5,1,10.185,1,34.781,1
5905611,2025-10-01T06:09:20Z,1,-27.16246,159.51097,1,567.0,1,34.781,1,10.182,1,567.0,1,10.182,1,34.781,1
5905611,2025-10-01T06:09:20Z,1,-27.16246,159.51097,1,569.0,1,34.78,1,10.161,1,569.0,1,10.161,1,34.78,1
5905611,2025-10-01T06:09:20Z,1,-27.16246,159.51097,1,571.0,1,34.777,1,10.12,1,571.0,1,10.12,1,34.777,1
5905611,2025-10-01T06:09:20Z,1,-27.16246,159.51097,1,573.1,1,34.776,1,10.098,1,573.1,1,10.098,1,34.776,1
5905611,2025-10-01T06:09:20Z,1,-27.16246,159.51097,1,575.1,1,34.775,1,10.088,1,575.1,1,10.088,1,34.775,1
5905611,2025-10-01T06:09:20Z,1,-27.16246,159.51097,1,577.2,1,34.773,1,10.062,1,577.2,1,10.062,1,34.773,1
5905611,2025-10-01T06:09:20Z,1,-27.16246,159.51097,1,579.2,1,34.763,1,9.993,1,579.2,1,9.993,1,34.763,1
5905611,2025-10-01T06:09:20Z,1,-27.16246,159.51097,1,581.2,1,34.76,1,9.955,1,581.2,1,9.955,1,34.76,1
5905611,2025-10-01T06:09:20Z,1,-27.16246,159.51097,1,583.3,1,34.756,1,9.911,1,583.3,1,9.911,1,34.756,1
5905611,2025-10-01T06:09:20Z,1,-27.16246,159.51097,1,585.3,1,34.75,1,9.871,1,585.3,1,9.871,1,34.75,1
5905611,2025-10-01T06:09:20Z,1,-27.16246,159.51097,1,587.3,1,34.746,1,9.816,1,587.3,1,9.816,1,34.746,1
5905611,2025-10-01T06:09:20Z,1,-27.16246,159.51097,1,589.3,1,34.738,1,9.771,1,589.3,1,9.771,1,34.738,1
5905611,2025-10-01T06:09:20Z,1,-27.16246,159.51097,1,591.3,1,34.737,1,9.755,1,591.3,1,9.755,1,34.737,1
5905611,2025-10-01T06:09:20Z,1,-27.16246,159.51097,1,593.4,1,34.733,1,9.699,1,593.4,1,9.699,1,34.733,1
5905611,2025-10-01T06:09:20Z,1,-27.16246,159.51097,1,595.3,1,34.722,1,9.645,1,595.3,1,9.645,1,34.722,1
5905611,2025-10-01T06:09:20Z,1,-27.16246,159.51097,1,597.3,1,34.722,1,9.616,1,597.3,1,9.616,1,34.722,1
5905611,2025-10-01T06:09:20Z,1,-27.16246,159.51097,1,599.6,1,34.715,1,9.574,1,599.6,1,9.574,1,34.715,1
5905611,2025-10-01T06:09:20Z,1,-27.16246,159.51097,1,601.6,1,34.71,1,9.533,1,601.6,1,9.533,1,34.71,1
5905611,2025-10-01T06:09:20Z,1,-27.16246,159.51097,1,603.6,1,34.707,1,9.506,1,603.6,1,9.506,1,34.707,1
5905611,2025-10-01T06:09:20Z,1,-27.16246,159.51097,1,605.6,1,34.703,1,9.486,1,605.6,1,9.486,1,34.703,1
5905611,2025-10-01T06:09:20Z,1,-27.16246,159.51097,1,607.6,1,34.695,1,9.406,1,607.6,1,9.406,1,34.695,1
5905611,2025-10-01T06:09:20Z,1,-27.16246,159.51097,1,609.6,1,34.683,1,9.287,1,609.6,1,9.287,1,34.683,1
5905611,2025-10-01T06:09:20Z,1,-27.16246,159.51097,1,611.6,1,34.664,1,9.171,1,611.6,1,9.171,1,34.664,1
5905611,2025-10-01T06:09:20Z,1,-27.16246,159.51097,1,613.6,1,34.656,1,9.084,1,613.6,1,9.084,1,34.656,1
5905611,2025-10-01T06:09:20Z,1,-27.16246,159.51097,1,615.3,1,34.652,1,9.056,1,615.3,1,9.056,1,34.652,1
5905611,2025-10-01T06:09:20Z,1,-27.16246,159.51097,1,617.4,1,34.651,1,9.039,1,617.4,1,9.039,1,34.651,1
5905611,2025-10-01T06:09:20Z,1,-27.16246,159.51097,1,619.4,1,34.647,1,9.011,1,619.4,1,9.011,1,34.647,1
5905611,2025-10-01T06:09:20Z,1,-27.16246,159.51097,1,621.5,1,34.641,1,8.954,1,621.5,1,8.954,1,34.641,1
5905611,2025-10-01T06:09:20Z,1,-27.16246,159.51097,1,623.6,1,34.635,1,8.899,1,623.6,1,8.899,1,34.635,1
5905611,2025-10-01T06:09:20Z,1,-27.16246,159.51097,1,625.3,1,34.633,1,8.886,1,625.3,1,8.886,1,34.633,1
5905611,2025-10-01T06:09:20Z,1,-27.16246,159.51097,1,627.5,1,34.633,1,8.878,1,627.5,1,8.878,1,34.633,1
5905611,2025-10-01T06:09:20Z,1,-27.16246,159.51097,1,629.7,1,34.631,1,8.867,1,629.7,1,8.867,1,34.631,1
5905611,2025-10-01T06:09:20Z,1,-27.16246,159.51097,1,631.4,1,34.631,1,8.865,1,631.4,1,8.865,1,34.631,1
5905611,2025-10-01T06:09:20Z,1,-27.16246,159.51097,1,633.2,1,34.631,1,8.862,1,633.2,1,8.862,1,34.631,1
5905611,2025-10-01T06:09:20Z,1,-27.16246,159.51097,1,635.4,1,34.63,1,8.854,1,635.4,1,8.854,1,34.63,1
5905611,2025-10-01T06:09:20Z,1,-27.16246,159.51097,1,637.6,1,34.628,1,8.841,1,637.6,1,8.841,1,34.628,1
5905611,2025-10-01T06:09:20Z,1,-27.16246,159.51097,1,639.5,1,34.627,1,8.828,1,639.5,1,8.828,1,34.627,1
5905611,2025-10-01T06:09:20Z,1,-27.16246,159.51097,1,641.3,1,34.625,1,8.807,1,641.3,1,8.807,1,34.625,1
5905611,2025-10-01T06:09:20Z,1,-27.16246,159.51097,1,643.4,1,34.623,1,8.785,1,643.4,1,8.785,1,34.623,1
5905611,2025-10-01T06:09:20Z,1,-27.16246,159.51097,1,645.6,1,34.619,1,8.761,1,645.6,1,8.761,1,34.619,1
5905611,2025-10-01T06:09:20Z,1,-27.16246,159.51097,1,647.4,1,34.611,1,8.724,1,647.4,1,8.724,1,34.611,1
5905611,2025-10-01T06:09:20Z,1,-27.16246,159.51097,1,649.2,1,34.604,1,8.595,1,649.2,1,8.595,1,34.604,1
5905611,2025-10-01T06:09:20Z,1,-27.16246,159.51097,1,651.5,1,34.599,1,8.541,1,651.5,1,8.541,1,34.599,1
5905611,2025-10-01T06:09:20Z,1,-27.16246,159.51097,1,653.8,1,34.594,1,8.492,1,653.8,1,8.492,1,34.594,1
5905611,2025-10-01T06:09:20Z,1,-27.16246,159.51097,1,655.5,1,34.592,1,8.479,1,655.5,1,8.479,1,34.592,1
5905611,2025-10-01T06:09:20Z,1,-27.16246,159.51097,1,657.4,1,34.591,1,8.473,1,657.4,1,8.473,1,34.591,1
5905611,2025-10-01T06:09:20Z,1,-27.16246,159.51097,1,659.2,1,34.59,1,8.466,1,659.2,1,8.466,1,34.59,1
5905611,2025-10-01T06:09:20Z,1,-27.16246,159.51097,1,661.5,1,34.59,1,8.449,1,661.5,1,8.449,1,34.59,1
5905611,2025-10-01T06:09:20Z,1,-27.16246,159.51097,1,663.8,1,34.585,1,8.39,1,663.8,1,8.39,1,34.585,1
5905611,2025-10-01T06:09:20Z,1,-27.16246,159.51097,1,665.6,1,34.58,1,8.317,1,665.6,1,8.317,1,34.58,1
5905611,2025-10-01T06:09:20Z,1,-27.16246,159.51097,1,667.5,1,34.577,1,8.298,1,667.5,1,8.298,1,34.577,1
5905611,2025-10-01T06:09:20Z,1,-27.16246,159.51097,1,669.4,1,34.575,1,8.289,1,669.4,1,8.289,1,34.575,1
5905611,2025-10-01T06:09:20Z,1,-27.16246,159.51097,1,671.2,1,34.576,1,8.287,1,671.2,1,8.287,1,34.576,1
5905611,2025-10-01T06:09:20Z,1,-27.16246,159.51097,1,673.5,1,34.575,1,8.281,1,673.5,1,8.281,1,34.575,1
5905611,2025-10-01T06:09:20Z,1,-27.16246,159.51097,1,675.7,1,34.575,1,8.273,1,675.7,1,8.273,1,34.575,1
5905611,2025-10-01T06:09:20Z,1,-27.16246,159.51097,1,677.5,1,34.574,1,8.244,1,677.5,1,8.244,1,34.574,1
5905611,2025-10-01T06:09:20Z,1,-27.16246,159.51097,1,679.3,1,34.569,1,8.227,1,679.3,1,8.227,1,34.569,1
5905611,2025-10-01T06:09:20Z,1,-27.16246,159.51097,1,681.1,1,34.569,1,8.215,1,681.1,1,8.215,1,34.569,1
5905611,2025-10-01T06:09:20Z,1,-27.16246,159.51097,1,683.4,1,34.568,1,8.207,1,683.4,1,8.207,1,34.568,1
5905611,2025-10-01T06:09:20Z,1,-27.16246,159.51097,1,685.6,1,34.567,1,8.2,1,685.6,1,8.2,1,34.567,1
5905611,2025-10-01T06:09:20Z,1,-27.16246,159.51097,1,687.3,1,34.565,1,8.181,1,687.3,1,8.181,1,34.565,1
5905611,2025-10-01T06:09:20Z,1,-27.16246,159.51097,1,689.5,1,34.557,1,8.109,1,689.5,1,8.109,1,34.557,1
5905611,2025-10-01T06:09:20Z,1,-27.16246,159.51097,1,691.7,1,34.555,1,8.07,1,691.7,1,8.07,1,34.555,1
5905611,2025-10-01T06:09:20Z,1,-27.16246,159.51097,1,693.4,1,34.554,1,8.064,1,693.4,1,8.064,1,34.554,1
5905611,2025-10-01T06:09:20Z,1,-27.16246,159.51097,1,695.1,1,34.552,1,8.06,1,695.1,1,8.06,1,34.552,1
5905611,2025-10-01T06:09:20Z,1,-27.16246,159.51097,1,697.3,1,34.551,1,8.035,1,697.3,1,8.035,1,34.551,1
5905611,2025-10-01T06:09:20Z,1,-27.16246,159.51097,1,699.5,1,34.547,1,8.001,1,699.5,1,8.001,1,34.547,1
5905611,2025-10-01T06:09:20Z,1,-27.16246,159.51097,1,701.6,1,34.545,1,7.984,1,701.6,1,7.984,1,34.545,1
5905611,2025-10-01T06:09:20Z,1,-27.16246,159.51097,1,703.7,1,34.543,1,7.952,1,703.7,1,7.952,1,34.543,1
5905611,2025-10-01T06:09:20Z,1,-27.16246,159.51097,1,705.3,1,34.545,1,7.922,1,705.3,1,7.922,1,34.545,1
5905611,2025-10-01T06:09:20Z,1,-27.16246,159.51097,1,707.3,1,34.54,1,7.915,1,707.3,1,7.915,1,34.54,1
5905611,2025-10-01T06:09:20Z,1,-27.16246,159.51097,1,709.4,1,34.538,1,7.9,1,709.4,1,7.9,1,34.538,1
5905611,2025-10-01T06:09:20Z,1,-27.16246,159.51097,1,711.5,1,34.536,1,7.88,1,711.5,1,7.88,1,34.536,1
5905611,2025-10-01T06:09:20Z,1,-27.16246,159.51097,1,713.5,1,34.531,1,7.817,1,713.5,1,7.817,1,34.531,1
5905611,2025-10-01T06:09:20Z,1,-27.16246,159.51097,1,715.5,1,34.528,1,7.771,1,715.5,1,7.771,1,34.528,1
5905611,2025-10-01T06:09:20Z,1,-27.16246,159.51097,1,717.5,1,34.525,1,7.7,1,717.5,1,7.7,1,34.525,1
5905611,2025-10-01T06:09:20Z,1,-27.16246,159.51097,1,719.6,1,34.52,1,7.656,1,719.6,1,7.656,1,34.52,1
5905611,2025-10-01T06:09:20Z,1,-27.16246,159.51097,1,721.6,1,34.519,1,7.631,1,721.6,1,7.631,1,34.519,1
5905611,2025-10-01T06:09:20Z,1,-27.16246,159.51097,1,723.3,1,34.518,1,7.618,1,723.3,1,7.618,1,34.518,1
5905611,2025-10-01T06:09:20Z,1,-27.16246,159.51097,1,725.4,1,34.517,1,7.601,1,725.4,1,7.601,1,34.517,1
5905611,2025-10-01T06:09:20Z,1,-27.16246,159.51097,1,727.4,1,34.516,1,7.581,1,727.4,1,7.581,1,34.516,1
5905611,2025-10-01T06:09:20Z,1,-27.16246,159.51097,1,729.5,1,34.516,1,7.561,1,729.5,1,7.561,1,34.516,1
5905611,2025-10-01T06:09:20Z,1,-27.16246,159.51097,1,731.6,1,34.512,1,7.54,1,731.6,1,7.54,1,34.512,1
5905611,2025-10-01T06:09:20Z,1,-27.16246,159.51097,1,733.2,1,34.511,1,7.517,1,733.2,1,7.517,1,34.511,1
5905611,2025-10-01T06:09:20Z,1,-27.16246,159.51097,1,735.4,1,34.509,1,7.494,1,735.4,1,7.494,1,34.509,1
5905611,2025-10-01T06:09:20Z,1,-27.16246,159.51097,1,737.5,1,34.508,1,7.476,1,737.5,1,7.476,1,34.508,1
5905611,2025-10-01T06:09:20Z,1,-27.16246,159.51097,1,739.2,1,34.506,1,7.455,1,739.2,1,7.455,1,34.506,1
5905611,2025-10-01T06:09:20Z,1,-27.16246,159.51097,1,741.4,1,34.505,1,7.442,1,741.4,1,7.442,1,34.505,1
5905611,2025-10-01T06:09:20Z,1,-27.16246,159.51097,1,743.5,1,34.504,1,7.428,1,743.5,1,7.428,1,34.504,1
5905611,2025-10-01T06:09:20Z,1,-27.16246,159.51097,1,745.2,1,34.501,1,7.405,1,745.2,1,7.405,1,34.501,1
5905611,2025-10-01T06:09:20Z,1,-27.16246,159.51097,1,747.5,1,34.498,1,7.346,1,747.5,1,7.346,1,34.498,1
5905611,2025-10-01T06:09:20Z,1,-27.16246,159.51097,1,749.7,1,34.496,1,7.335,1,749.7,1,7.335,1,34.496,1
5905611,2025-10-01T06:09:20Z,1,-27.16246,159.51097,1,751.4,1,34.496,1,7.327,1,751.4,1,7.327,1,34.496,1
5905611,2025-10-01T06:09:20Z,1,-27.16246,159.51097,1,753.1,1,34.495,1,7.321,1,753.1,1,7.321,1,34.495,1
5905611,2025-10-01T06:09:20Z,1,-27.16246,159.51097,1,755.4,1,34.493,1,7.265,1,755.4,1,7.265,1,34.493,1
5905611,2025-10-01T06:09:20Z,1,-27.16246,159.51097,1,757.6,1,34.49,1,7.239,1,757.6,1,7.239,1,34.49,1
5905611,2025-10-01T06:09:20Z,1,-27.16246,159.51097,1,759.4,1,34.489,1,7.234,1,759.4,1,7.234,1,34.489,1
5905611,2025-10-01T06:09:20Z,1,-27.16246,159.51097,1,761.2,1,34.489,1,7.231,1,761.2,1,7.231,1,34.489,1
5905611,2025-10-01T06:09:20Z,1,-27.16246,159.51097,1,763.0,1,34.489,1,7.213,1,763.0,1,7.213,1,34.489,1
5905611,2025-10-01T06:09:20Z,1,-27.16246,159.51097,1,765.4,1,34.486,1,7.189,1,765.4,1,7.189,1,34.486,1
5905611,2025-10-01T06:09:20Z,1,-27.16246,159.51097,1,767.6,1,34.485,1,7.165,1,767.6,1,7.165,1,34.485,1
5905611,2025-10-01T06:09:20Z,1,-27.16246,159.51097,1,769.4,1,34.484,1,7.135,1,769.4,1,7.135,1,34.484,1
5905611,2025-10-01T06:09:20Z,1,-27.16246,159.51097,1,771.3,1,34.483,1,7.129,1,771.3,1,7.129,1,34.483,1
5905611,2025-10-01T06:09:20Z,1,-27.16246,159.51097,1,773.1,1,34.482,1,7.129,1,773.1,1,7.129,1,34.482,1
5905611,2025-10-01T06:09:20Z,1,-27.16246,159.51097,1,775.3,1,34.483,1,7.118,1,775.3,1,7.118,1,34.483,1
5905611,2025-10-01T06:09:20Z,1,-27.16246,159.51097,1,777.5,1,34.481,1,7.102,1,777.5,1,7.102,1,34.481,1
5905611,2025-10-01T06:09:20Z,1,-27.16246,159.51097,1,779.3,1,34.479,1,7.085,1,779.3,1,7.085,1,34.479,1
5905611,2025-10-01T06:09:20Z,1,-27.16246,159.51097,1,781.1,1,34.479,1,7.069,1,781.1,1,7.069,1,34.479,1
5905611,2025-10-01T06:09:20Z,1,-27.16246,159.51097,1,783.5,1,34.477,1,7.041,1,783.5,1,7.041,1,34.477,1
5905611,2025-10-01T06:09:20Z,1,-27.16246,159.51097,1,785.8,1,34.476,1,7.01,1,785.8,1,7.01,1,34.476,1
5905611,2025-10-01T06:09:20Z,1,-27.16246,159.51097,1,787.7,1,34.475,1,6.986,1,787.7,1,6.986,1,34.475,1
5905611,2025-10-01T06:09:20Z,1,-27.16246,159.51097,1,789.5,1,34.474,1,6.98,1,789.5,1,6.98,1,34.474,1
5905611,2025-10-01T06:09:20Z,1,-27.16246,159.51097,1,791.4,1,34.474,1,6.975,1,791.4,1,6.975,1,34.474,1
5905611,2025-10-01T06:09:20Z,1,-27.16246,159.51097,1,793.2,1,34.473,1,6.959,1,793.2,1,6.959,1,34.473,1
5905611,2025-10-01T06:09:20Z,1,-27.16246,159.51097,1,795.1,1,34.471,1,6.913,1,795.1,1,6.913,1,34.471,1
5905611,2025-10-01T06:09:20Z,1,-27.16246,159.51097,1,797.5,1,34.468,1,6.868,1,797.5,1,6.868,1,34.468,1
5905611,2025-10-01T06:09:20Z,1,-27.16246,159.51097,1,799.8,1,34.466,1,6.835,1,799.8,1,6.835,1,34.466,1
5905611,2025-10-01T06:09:20Z,1,-27.16246,159.51097,1,801.7,1,34.465,1,6.831,1,801.7,1,6.831,1,34.465,1
5905611,2025-10-01T06:09:20Z,1,-27.16246,159.51097,1,803.5,1,34.466,1,6.821,1,803.5,1,6.821,1,34.466,1
5905611,2025-10-01T06:09:20Z,1,-27.16246,159.51097,1,805.3,1,34.465,1,6.818,1,805.3,1,6.818,1,34.465,1
5905611,2025-10-01T06:09:20Z,1,-27.16246,159.51097,1,807.2,1,34.465,1,6.816,1,807.2,1,6.816,1,34.465,1
5905611,2025-10-01T06:09:20Z,1,-27.16246,159.51097,1,809.1,1,34.465,1,6.805,1,809.1,1,6.805,1,34.465,1
5905611,2025-10-01T06:09:20Z,1,-27.16246,159.51097,1,811.4,1,34.463,1,6.783,1,811.4,1,6.783,1,34.463,1
5905611,2025-10-01T06:09:20Z,1,-27.16246,159.51097,1,813.7,1,34.463,1,6.767,1,813.7,1,6.767,1,34.463,1
5905611,2025-10-01T06:09:20Z,1,-27.16246,159.51097,1,815.6,1,34.461,1,6.751,1,815.6,1,6.751,1,34.461,1
5905611,2025-10-01T06:09:20Z,1,-27.16246,159.51097,1,817.4,1,34.461,1,6.742,1,817.4,1,6.742,1,34.461,1
5905611,2025-10-01T06:09:20Z,1,-27.16246,159.51097,1,819.3,1,34.46,1,6.73,1,819.3,1,6.73,1,34.46,1
5905611,2025-10-01T06:09:20Z,1,-27.16246,159.51097,1,821.2,1,34.46,1,6.72,1,821.2,1,6.72,1,34.46,1
5905611,2025-10-01T06:09:20Z,1,-27.16246,159.51097,1,823.5,1,34.458,1,6.701,1,823.5,1,6.701,1,34.458,1
5905611,2025-10-01T06:09:20Z,1,-27.16246,159.51097,1,825.7,1,34.453,1,6.667,1,825.7,1,6.667,1,34.453,1
5905611,2025-10-01T06:09:20Z,1,-27.16246,159.51097,1,827.6,1,34.456,1,6.638,1,827.6,1,6.638,1,34.456,1
5905611,2025-10-01T06:09:20Z,1,-27.16246,159.51097,1,829.5,1,34.455,1,6.636,1,829.5,1,6.636,1,34.455,1
5905611,2025-10-01T06:09:20Z,1,-27.16246,159.51097,1,831.3,1,34.454,1,6.629,1,831.3,1,6.629,1,34.454,1
5905611,2025-10-01T06:09:20Z,1,-27.16246,159.51097,1,833.2,1,34.455,1,6.601,1,833.2,1,6.601,1,34.455,1
5905611,2025-10-01T06:09:20Z,1,-27.16246,159.51097,1,835.1,1,34.453,1,6.59,1,835.1,1,6.59,1,34.453,1
5905611,2025-10-01T06:09:20Z,1,-27.16246,159.51097,1,837.4,1,34.453,1,6.572,1,837.4,1,6.572,1,34.453,1
5905611,2025-10-01T06:09:20Z,1,-27.16246,159.51097,1,839.7,1,34.451,1,6.526,1,839.7,1,6.526,1,34.451,1
5905611,2025-10-01T06:09:20Z,1,-27.16246,159.51097,1,841.5,1,34.451,1,6.518,1,841.5,1,6.518,1,34.451,1
5905611,2025-10-01T06:09:20Z,1,-27.16246,159.51097,1,843.3,1,34.45,1,6.502,1,843.3,1,6.502,1,34.45,1
5905611,2025-10-01T06:09:20Z,1,-27.16246,159.51097,1,845.2,1,34.451,1,6.481,1,845.2,1,6.481,1,34.451,1
5905611,2025-10-01T06:09:20Z,1,-27.16246,159.51097,1,847.1,1,34.45,1,6.464,1,847.1,1,6.464,1,34.45,1
5905611,2025-10-01T06:09:20Z,1,-27.16246,159.51097,1,849.0,1,34.449,1,6.461,1,849.0,1,6.461,1,34.449,1
5905611,2025-10-01T06:09:20Z,1,-27.16246,159.51097,1,851.4,1,34.449,1,6.444,1,851.4,1,6.444,1,34.449,1
5905611,2025-10-01T06:09:20Z,1,-27.16246,159.51097,1,853.8,1,34.448,1,6.429,1,853.8,1,6.429,1,34.448,1
5905611,2025-10-01T06:09:20Z,1,-27.16246,159.51097,1,855.7,1,34.448,1,6.401,1,855.7,1,6.401,1,34.448,1
5905611,2025-10-01T06:09:20Z,1,-27.16246,159.51097,1,857.6,1,34.448,1,6.382,1,857.6,1,6.382,1,34.448,1
5905611,2025-10-01T06:09:20Z,1,-27.16246,159.51097,1,859.5,1,34.447,1,6.378,1,859.5,1,6.378,1,34.447,1
5905611,2025-10-01T06:09:20Z,1,-27.16246,159.51097,1,861.4,1,34.448,1,6.358,1,861.4,1,6.358,1,34.448,1
5905611,2025-10-01T06:09:20Z,1,-27.16246,159.51097,1,863.3,1,34.447,1,6.342,1,863.3,1,6.342,1,34.447,1
5905611,2025-10-01T06:09:20Z,1,-27.16246,159.51097,1,865.2,1,34.447,1,6.329,1,865.2,1,6.329,1,34.447,1
5905611,2025-10-01T06:09:20Z,1,-27.16246,159.51097,1,867.2,1,34.447,1,6.309,1,867.2,1,6.309,1,34.447,1
5905611,2025-10-01T06:09:20Z,1,-27.16246,159.51097,1,869.1,1,34.444,1,6.289,1,869.1,1,6.289,1,34.444,1
5905611,2025-10-01T06:09:20Z,1,-27.16246,159.51097,1,871.0,1,34.444,1,6.284,1,871.0,1,6.284,1,34.444,1
5905611,2025-10-01T06:09:20Z,1,-27.16246,159.51097,1,873.1,1,34.442,1,6.275,1,873.1,1,6.275,1,34.442,1
5905611,2025-10-01T06:09:20Z,1,-27.16246,159.51097,1,875.0,1,34.442,1,6.264,1,875.0,1,6.264,1,34.442,1
5905611,2025-10-01T06:09:20Z,1,-27.16246,159.51097,1,877.1,1,34.441,1,6.254,1,877.1,1,6.254,1,34.441,1
5905611,2025-10-01T06:09:20Z,1,-27.16246,159.51097,1,879.1,1,34.441,1,6.237,1,879.1,1,6.237,1,34.441,1
5905611,2025-10-01T06:09:20Z,1,-27.16246,159.51097,1,881.1,1,34.441,1,6.198,1,881.1,1,6.198,1,34.441,1
5905611,2025-10-01T06:09:20Z,1,-27.16246,159.51097,1,883.0,1,34.441,1,6.174,1,883.0,1,6.174,1,34.441,1
5905611,2025-10-01T06:09:20Z,1,-27.16246,159.51097,1,885.3,1,34.44,1,6.161,1,885.3,1,6.161,1,34.44,1
5905611,2025-10-01T06:09:20Z,1,-27.16246,159.51097,1,887.3,1,34.438,1,6.156,1,887.3,1,6.156,1,34.438,1
5905611,2025-10-01T06:09:20Z,1,-27.16246,159.51097,1,889.3,1,34.44,1,6.134,1,889.3,1,6.134,1,34.44,1
5905611,2025-10-01T06:09:20Z,1,-27.16246,159.51097,1,891.4,1,34.438,1,6.098,1,891.4,1,6.098,1,34.438,1
5905611,2025-10-01T06:09:20Z,1,-27.16246,159.51097,1,893.5,1,34.438,1,6.07,1,893.5,1,6.07,1,34.438,1
5905611,2025-10-01T06:09:20Z,1,-27.16246,159.51097,1,895.6,1,34.437,1,6.056,1,895.6,1,6.056,1,34.437,1
5905611,2025-10-01T06:09:20Z,1,-27.16246,159.51097,1,897.3,1,34.437,1,6.054,1,897.3,1,6.054,1,34.437,1
5905611,2025-10-01T06:09:20Z,1,-27.16246,159.51097,1,899.4,1,34.436,1,6.036,1,899.4,1,6.036,1,34.436,1
5905611,2025-10-01T06:09:20Z,1,-27.16246,159.51097,1,901.5,1,34.437,1,6.018,1,901.5,1,6.018,1,34.437,1
5905611,2025-10-01T06:09:20Z,1,-27.16246,159.51097,1,903.3,1,34.438,1,6.003,1,903.3,1,6.003,1,34.438,1
5905611,2025-10-01T06:09:20Z,1,-27.16246,159.51097,1,905.5,1,34.436,1,5.983,1,905.5,1,5.983,1,34.436,1
5905611,2025-10-01T06:09:20Z,1,-27.16246,159.51097,1,907.7,1,34.436,1,5.964,1,907.7,1,5.964,1,34.436,1
5905611,2025-10-01T06:09:20Z,1,-27.16246,159.51097,1,909.4,1,34.435,1,5.951,1,909.4,1,5.951,1,34.435,1
5905611,2025-10-01T06:09:20Z,1,-27.16246,159.51097,1,911.2,1,34.434,1,5.93,1,911.2,1,5.93,1,34.434,1
5905611,2025-10-01T06:09:20Z,1,-27.16246,159.51097,1,913.5,1,34.434,1,5.908,1,913.5,1,5.908,1,34.434,1
5905611,2025-10-01T06:09:20Z,1,-27.16246,159.51097,1,915.6,1,34.434,1,5.878,1,915.6,1,5.878,1,34.434,1
5905611,2025-10-01T06:09:20Z,1,-27.16246,159.51097,1,917.4,1,34.433,1,5.859,1,917.4,1,5.859,1,34.433,1
5905611,2025-10-01T06:09:20Z,1,-27.16246,159.51097,1,919.2,1,34.433,1,5.85,1,919.2,1,5.85,1,34.433,1
5905611,2025-10-01T06:09:20Z,1,-27.16246,159.51097,1,921.4,1,34.433,1,5.839,1,921.4,1,5.839,1,34.433,1
5905611,2025-10-01T06:09:20Z,1,-27.16246,159.51097,1,923.6,1,34.432,1,5.83,1,923.6,1,5.83,1,34.432,1
5905611,2025-10-01T06:09:20Z,1,-27.16246,159.51097,1,925.4,1,34.432,1,5.826,1,925.4,1,5.826,1,34.432,1
5905611,2025-10-01T06:09:20Z,1,-27.16246,159.51097,1,927.1,1,34.432,1,5.818,1,927.1,1,5.818,1,34.432,1
5905611,2025-10-01T06:09:20Z,1,-27.16246,159.51097,1,929.3,1,34.431,1,5.797,1,929.3,1,5.797,1,34.431,1
5905611,2025-10-01T06:09:20Z,1,-27.16246,159.51097,1,931.6,1,34.431,1,5.776,1,931.6,1,5.776,1,34.431,1
5905611,2025-10-01T06:09:20Z,1,-27.16246,159.51097,1,933.4,1,34.431,1,5.768,1,933.4,1,5.768,1,34.431,1
5905611,2025-10-01T06:09:20Z,1,-27.16246,159.51097,1,935.2,1,34.431,1,5.761,1,935.2,1,5.761,1,34.431,1
5905611,2025-10-01T06:09:20Z,1,-27.16246,159.51097,1,937.5,1,34.43,1,5.75,1,937.5,1,5.75,1,34.43,1
5905611,2025-10-01T06:09:20Z,1,-27.16246,159.51097,1,939.8,1,34.43,1,5.745,1,939.8,1,5.745,1,34.43,1
5905611,2025-10-01T06:09:20Z,1,-27.16246,159.51097,1,941.5,1,34.431,1,5.74,1,941.5,1,5.74,1,34.431,1
5905611,2025-10-01T06:09:20Z,1,-27.16246,159.51097,1,943.3,1,34.433,1,5.734,1,943.3,1,5.734,1,34.433,1
5905611,2025-10-01T06:09:20Z,1,-27.16246,159.51097,1,945.4,1,34.434,1,5.729,1,945.4,1,5.729,1,34.434,1
5905611,2025-10-01T06:09:20Z,1,-27.16246,159.51097,1,947.6,1,34.435,1,5.709,1,947.6,1,5.709,1,34.435,1
5905611,2025-10-01T06:09:20Z,1,-27.16246,159.51097,1,949.4,1,34.434,1,5.689,1,949.4,1,5.689,1,34.434,1
5905611,2025-10-01T06:09:20Z,1,-27.16246,159.51097,1,951.5,1,34.434,1,5.666,1,951.5,1,5.666,1,34.434,1
5905611,2025-10-01T06:09:20Z,1,-27.16246,159.51097,1,953.7,1,34.433,1,5.64,1,953.7,1,5.64,1,34.433,1
5905611,2025-10-01T06:09:20Z,1,-27.16246,159.51097,1,955.5,1,34.435,1,5.628,1,955.5,1,5.628,1,34.435,1
5905611,2025-10-01T06:09:20Z,1,-27.16246,159.51097,1,957.2,1,34.434,1,5.615,1,957.2,1,5.615,1,34.434,1
5905611,2025-10-01T06:09:20Z,1,-27.16246,159.51097,1,959.4,1,34.434,1,5.598,1,959.4,1,5.598,1,34.434,1
5905611,2025-10-01T06:09:20Z,1,-27.16246,159.51097,1,961.6,1,34.434,1,5.586,1,961.6,1,5.586,1,34.434,1
5905611,2025-10-01T06:09:20Z,1,-27.16246,159.51097,1,963.4,1,34.435,1,5.576,1,963.4,1,5.576,1,34.435,1
5905611,2025-10-01T06:09:20Z,1,-27.16246,159.51097,1,965.5,1,34.437,1,5.569,1,965.5,1,5.569,1,34.437,1
5905611,2025-10-01T06:09:20Z,1,-27.16246,159.51097,1,967.7,1,34.439,1,5.555,1,967.7,1,5.555,1,34.439,1
5905611,2025-10-01T06:09:20Z,1,-27.16246,159.51097,1,969.3,1,34.44,1,5.54,1,969.3,1,5.54,1,34.44,1
5905611,2025-10-01T06:09:20Z,1,-27.16246,159.51097,1,971.4,1,34.44,1,5.533,1,971.4,1,5.533,1,34.44,1
5905611,2025-10-01T06:09:20Z,1,-27.16246,159.51097,1,973.4,1,34.441,1,5.521,1,973.4,1,5.521,1,34.441,1
5905611,2025-10-01T06:09:20Z,1,-27.16246,159.51097,1,975.5,1,34.442,1,5.516,1,975.5,1,5.516,1,34.442,1
5905611,2025-10-01T06:09:20Z,1,-27.16246,159.51097,1,977.6,1,34.441,1,5.512,1,977.6,1,5.512,1,34.441,1
5905611,2025-10-01T06:09:20Z,1,-27.16246,159.51097,1,979.3,1,34.441,1,5.504,1,979.3,1,5.504,1,34.441,1
5905611,2025-10-01T06:09:20Z,1,-27.16246,159.51097,1,981.3,1,34.442,1,5.49,1,981.3,1,5.49,1,34.442,1
5905611,2025-10-01T06:09:20Z,1,-27.16246,159.51097,1,983.4,1,34.443,1,5.467,1,983.4,1,5.467,1,34.443,1
5905611,2025-10-01T06:09:20Z,1,-27.16246,159.51097,1,985.4,1,34.443,1,5.449,1,985.4,1,5.449,1,34.443,1
5905611,2025-10-01T06:09:20Z,1,-27.16246,159.51097,1,987.5,1,34.443,1,5.443,1,987.5,1,5.443,1,34.443,1
5905611,2025-10-01T06:09:20Z,1,-27.16246,159.51097,1,989.5,1,34.443,1,5.437,1,989.5,1,5.437,1,34.443,1
5905611,2025-10-01T06:09:20Z,1,-27.16246,159.51097,1,991.6,1,34.443,1,5.432,1,991.6,1,5.432,1,34.443,1
5905611,2025-10-01T06:09:20Z,1,-27.16246,159.51097,1,993.3,1,34.441,1,5.412,1,993.3,1,5.412,1,34.441,1
5905611,2025-10-01T06:09:20Z,1,-27.16246,159.51097,1,995.4,1,34.443,1,5.383,1,995.4,1,5.383,1,34.443,1
5905611,2025-10-01T06:09:20Z,1,-27.16246,159.51097,1,997.4,1,34.444,1,5.376,1,997.4,1,5.376,1,34.444,1
5905611,2025-10-01T06:09:20Z,1,-27.16246,159.51097,1,999.4,1,34.444,1,5.366,1,999.4,1,5.366,1,34.444,1
5905611,2025-10-01T06:09:20Z,1,-27.16246,159.51097,1,1001.4,1,34.444,1,5.347,1,1001.4,1,5.347,1,34.444,1
5905611,2025-10-01T06:09:20Z,1,-27.16246,159.51097,1,1003.4,1,34.443,1,5.324,1,1003.4,1,5.324,1,34.443,1
5905611,2025-10-01T06:09:20Z,1,-27.16246,159.51097,1,1005.5,1,34.445,1,5.297,1,1005.5,1,5.297,1,34.445,1
5905611,2025-10-01T06:09:20Z,1,-27.16246,159.51097,1,1007.6,1,34.446,1,5.296,1,1007.6,1,5.296,1,34.446,1
5905611,2025-10-01T06:09:20Z,1,-27.16246,159.51097,1,1009.6,1,34.448,1,5.276,1,1009.6,1,5.276,1,34.448,1
5905611,2025-10-01T06:09:20Z,1,-27.16246,159.51097,1,1011.3,1,34.449,1,5.253,1,1011.3,1,5.253,1,34.449,1
5905611,2025-10-01T06:09:20Z,1,-27.16246,159.51097,1,1013.4,1,34.449,1,5.229,1,1013.4,1,5.229,1,34.449,1
5905611,2025-10-01T06:09:20Z,1,-27.16246,159.51097,1,1015.5,1,34.449,1,5.221,1,1015.5,1,5.221,1,34.449,1
5905611,2025-10-01T06:09:20Z,1,-27.16246,159.51097,1,1017.2,1,34.449,1,5.218,1,1017.2,1,5.218,1,34.449,1
5905611,2025-10-01T06:09:20Z,1,-27.16246,159.51097,1,1019.3,1,34.451,1,5.195,1,1019.3,1,5.195,1,34.451,1
5905611,2025-10-01T06:09:20Z,1,-27.16246,159.51097,1,1021.5,1,34.451,1,5.183,1,1021.5,1,5.183,1,34.451,1
5905611,2025-10-01T06:09:20Z,1,-27.16246,159.51097,1,1023.1,1,34.452,1,5.175,1,1023.1,1,5.175,1,34.452,1
5905611,2025-10-01T06:09:20Z,1,-27.16246,159.51097,1,1025.3,1,34.452,1,5.161,1,1025.3,1,5.161,1,34.452,1
5905611,2025-10-01T06:09:20Z,1,-27.16246,159.51097,1,1027.5,1,34.451,1,5.147,1,1027.5,1,5.147,1,34.451,1
5905611,2025-10-01T06:09:20Z,1,-27.16246,159.51097,1,1029.2,1,34.451,1,5.139,1,1029.2,1,5.139,1,34.451,1
5905611,2025-10-01T06:09:20Z,1,-27.16246,159.51097,1,1031.4,1,34.451,1,5.132,1,1031.4,1,5.132,1,34.451,1
5905611,2025-10-01T06:09:20Z,1,-27.16246,159.51097,1,1033.6,1,34.451,1,5.125,1,1033.6,1,5.125,1,34.451,1
5905611,2025-10-01T06:09:20Z,1,-27.16246,159.51097,1,1035.4,1,34.451,1,5.12,1,1035.4,1,5.12,1,34.451,1
5905611,2025-10-01T06:09:20Z,1,-27.16246,159.51097,1,1037.2,1,34.452,1,5.11,1,1037.2,1,5.11,1,34.452,1
5905611,2025-10-01T06:09:20Z,1,-27.16246,159.51097,1,1039.1,1,34.452,1,5.095,1,1039.1,1,5.095,1,34.452,1
5905611,2025-10-01T06:09:20Z,1,-27.16246,159.51097,1,1041.4,1,34.453,1,5.086,1,1041.4,1,5.086,1,34.453,1
5905611,2025-10-01T06:09:20Z,1,-27.16246,159.51097,1,1043.6,1,34.453,1,5.067,1,1043.6,1,5.067,1,34.453,1
5905611,2025-10-01T06:09:20Z,1,-27.16246,159.51097,1,1045.5,1,34.453,1,5.062,1,1045.5,1,5.062,1,34.453,1
5905611,2025-10-01T06:09:20Z,1,-27.16246,159.51097,1,1047.3,1,34.452,1,5.059,1,1047.3,1,5.059,1,34.452,1
5905611,2025-10-01T06:09:20Z,1,-27.16246,159.51097,1,1049.5,1,34.454,1,5.033,1,1049.5,1,5.033,1,34.454,1
5905611,2025-10-01T06:09:20Z,1,-27.16246,159.51097,1,1051.5,1,34.454,1,5.003,1,1051.5,1,5.003,1,34.454,1
5905611,2025-10-01T06:09:20Z,1,-27.16246,159.51097,1,1053.4,1,34.454,1,4.998,1,1053.4,1,4.998,1,34.454,1
5905611,2025-10-01T06:09:20Z,1,-27.16246,159.51097,1,1055.3,1,34.455,1,4.997,1,1055.3,1,4.997,1,34.455,1
5905611,2025-10-01T06:09:20Z,1,-27.16246,159.51097,1,1057.2,1,34.454,1,4.991,1,1057.2,1,4.991,1,34.454,1
5905611,2025-10-01T06:09:20Z,1,-27.16246,159.51097,1,1059.6,1,34.456,1,4.97,1,1059.6,1,4.97,1,34.456,1
5905611,2025-10-01T06:09:20Z,1,-27.16246,159.51097,1,1061.7,1,34.457,1,4.948,1,1061.7,1,4.948,1,34.457,1
5905611,2025-10-01T06:09:20Z,1,-27.16246,159.51097,1,1063.3,1,34.457,1,4.943,1,1063.3,1,4.943,1,34.457,1
5905611,2025-10-01T06:09:20Z,1,-27.16246,159.51097,1,1065.3,1,34.457,1,4.936,1,1065.3,1,4.936,1,34.457,1
5905611,2025-10-01T06:09:20Z,1,-27.16246,159.51097,1,1067.4,1,34.457,1,4.925,1,1067.4,1,4.925,1,34.457,1
5905611,2025-10-01T06:09:20Z,1,-27.16246,159.51097,1,1069.5,1,34.458,1,4.915,1,1069.5,1,4.915,1,34.458,1
5905611,2025-10-01T06:09:20Z,1,-27.16246,159.51097,1,1071.6,1,34.457,1,4.902,1,1071.6,1,4.902,1,34.457,1
5905611,2025-10-01T06:09:20Z,1,-27.16246,159.51097,1,1073.3,1,34.458,1,4.889,1,1073.3,1,4.889,1,34.458,1
5905611,2025-10-01T06:09:20Z,1,-27.16246,159.51097,1,1075.4,1,34.459,1,4.88,1,1075.4,1,4.88,1,34.459,1
5905611,2025-10-01T06:09:20Z,1,-27.16246,159.51097,1,1077.5,1,34.459,1,4.868,1,1077.5,1,4.868,1,34.459,1
5905611,2025-10-01T06:09:20Z,1,-27.16246,159.51097,1,1079.3,1,34.46,1,4.858,1,1079.3,1,4.858,1,34.46,1
5905611,2025-10-01T06:09:20Z,1,-27.16246,159.51097,1,1081.5,1,34.46,1,4.851,1,1081.5,1,4.851,1,34.46,1
5905611,2025-10-01T06:09:20Z,1,-27.16246,159.51097,1,1083.6,1,34.46,1,4.836,1,1083.6,1,4.836,1,34.46,1
5905611,2025-10-01T06:09:20Z,1,-27.16246,159.51097,1,1085.3,1,34.46,1,4.824,1,1085.3,1,4.824,1,34.46,1
5905611,2025-10-01T06:09:20Z,1,-27.16246,159.51097,1,1087.4,1,34.461,1,4.818,1,1087.4,1,4.818,1,34.461,1
5905611,2025-10-01T06:09:20Z,1,-27.16246,159.51097,1,1089.7,1,34.461,1,4.81,1,1089.7,1,4.81,1,34.461,1
5905611,2025-10-01T06:09:20Z,1,-27.16246,159.51097,1,1091.4,1,34.462,1,4.806,1,1091.4,1,4.806,1,34.462,1
5905611,2025-10-01T06:09:20Z,1,-27.16246,159.51097,1,1093.2,1,34.462,1,4.803,1,1093.2,1,4.803,1,34.462,1
5905611,2025-10-01T06:09:20Z,1,-27.16246,159.51097,1,1095.5,1,34.462,1,4.794,1,1095.5,1,4.794,1,34.462,1
5905611,2025-10-01T06:09:20Z,1,-27.16246,159.51097,1,1097.7,1,34.463,1,4.778,1,1097.7,1,4.778,1,34.463,1
5905611,2025-10-01T06:09:20Z,1,-27.16246,159.51097,1,1099.4,1,34.464,1,4.767,1,1099.4,1,4.767,1,34.464,1
5905611,2025-10-01T06:09:20Z,1,-27.16246,159.51097,1,1101.2,1,34.465,1,4.757,1,1101.2,1,4.757,1,34.465,1
5905611,2025-10-01T06:09:20Z,1,-27.16246,159.51097,1,1103.5,1,34.465,1,4.739,1,1103.5,1,4.739,1,34.465,1
5905611,2025-10-01T06:09:20Z,1,-27.16246,159.51097,1,1105.7,1,34.465,1,4.732,1,1105.7,1,4.732,1,34.465,1
5905611,2025-10-01T06:09:20Z,1,-27.16246,159.51097,1,1107.5,1,34.465,1,4.726,1,1107.5,1,4.726,1,34.465,1
5905611,2025-10-01T06:09:20Z,1,-27.16246,159.51097,1,1109.3,1,34.467,1,4.718,1,1109.3,1,4.718,1,34.467,1
5905611,2025-10-01T06:09:20Z,1,-27.16246,159.51097,1,1111.1,1,34.467,1,4.71,1,1111.1,1,4.71,1,34.467,1
5905611,2025-10-01T06:09:20Z,1,-27.16246,159.51097,1,1113.4,1,34.467,1,4.702,1,1113.4,1,4.702,1,34.467,1
5905611,2025-10-01T06:09:20Z,1,-27.16246,159.51097,1,1115.5,1,34.468,1,4.691,1,1115.5,1,4.691,1,34.468,1
5905611,2025-10-01T06:09:20Z,1,-27.16246,159.51097,1,1117.3,1,34.467,1,4.675,1,1117.3,1,4.675,1,34.467,1
5905611,2025-10-01T06:09:20Z,1,-27.16246,159.51097,1,1119.5,1,34.468,1,4.663,1,1119.5,1,4.663,1,34.468,1
5905611,2025-10-01T06:09:20Z,1,-27.16246,159.51097,1,1121.7,1,34.468,1,4.65,1,1121.7,1,4.65,1,34.468,1
5905611,2025-10-01T06:09:20Z,1,-27.16246,159.51097,1,1123.5,1,34.469,1,4.643,1,1123.5,1,4.643,1,34.469,1
5905611,2025-10-01T06:09:20Z,1,-27.16246,159.51097,1,1125.3,1,34.47,1,4.639,1,1125.3,1,4.639,1,34.47,1
5905611,2025-10-01T06:09:20Z,1,-27.16246,159.51097,1,1127.5,1,34.469,1,4.632,1,1127.5,1,4.632,1,34.469,1
5905611,2025-10-01T06:09:20Z,1,-27.16246,159.51097,1,1129.7,1,34.471,1,4.607,1,1129.7,1,4.607,1,34.471,1
5905611,2025-10-01T06:09:20Z,1,-27.16246,159.51097,1,1131.4,1,34.473,1,4.586,1,1131.4,1,4.586,1,34.473,1
5905611,2025-10-01T06:09:20Z,1,-27.16246,159.51097,1,1133.2,1,34.472,1,4.58,1,1133.2,1,4.58,1,34.472,1
5905611,2025-10-01T06:09:20Z,1,-27.16246,159.51097,1,1135.3,1,34.473,1,4.569,1,1135.3,1,4.569,1,34.473,1
5905611,2025-10-01T06:09:20Z,1,-27.16246,159.51097,1,1137.5,1,34.473,1,4.546,1,1137.5,1,4.546,1,34.473,1
5905611,2025-10-01T06:09:20Z,1,-27.16246,159.51097,1,1139.3,1,34.474,1,4.537,1,1139.3,1,4.537,1,34.474,1
5905611,2025-10-01T06:09:20Z,1,-27.16246,159.51097,1,1141.5,1,34.475,1,4.517,1,1141.5,1,4.517,1,34.475,1
5905611,2025-10-01T06:09:20Z,1,-27.16246,159.51097,1,1143.7,1,34.477,1,4.509,1,1143.7,1,4.509,1,34.477,1
5905611,2025-10-01T06:09:20Z,1,-27.16246,159.51097,1,1145.4,1,34.477,1,4.501,1,1145.4,1,4.501,1,34.477,1
5905611,2025-10-01T06:09:20Z,1,-27.16246,159.51097,1,1147.2,1,34.477,1,4.498,1,1147.2,1,4.498,1,34.477,1
5905611,2025-10-01T06:09:20Z,1,-27.16246,159.51097,1,1149.4,1,34.478,1,4.494,1,1149.4,1,4.494,1,34.478,1
5905611,2025-10-01T06:09:20Z,1,-27.16246,159.51097,1,1151.6,1,34.478,1,4.488,1,1151.6,1,4.488,1,34.478,1
5905611,2025-10-01T06:09:20Z,1,-27.16246,159.51097,1,1153.3,1,34.477,1,4.486,1,1153.3,1,4.486,1,34.477,1
5905611,2025-10-01T06:09:20Z,1,-27.16246,159.51097,1,1155.5,1,34.478,1,4.481,1,1155.5,1,4.481,1,34.478,1
5905611,2025-10-01T06:09:20Z,1,-27.16246,159.51097,1,1157.6,1,34.479,1,4.465,1,1157.6,1,4.465,1,34.479,1
5905611,2025-10-01T06:09:20Z,1,-27.16246,159.51097,1,1159.3,1,34.48,1,4.454,1,1159.3,1,4.454,1,34.48,1
5905611,2025-10-01T06:09:20Z,1,-27.16246,159.51097,1,1161.4,1,34.48,1,4.443,1,1161.4,1,4.443,1,34.48,1
5905611,2025-10-01T06:09:20Z,1,-27.16246,159.51097,1,1163.6,1,34.481,1,4.432,1,1163.6,1,4.432,1,34.481,1
5905611,2025-10-01T06:09:20Z,1,-27.16246,159.51097,1,1165.3,1,34.482,1,4.424,1,1165.3,1,4.424,1,34.482,1
5905611,2025-10-01T06:09:20Z,1,-27.16246,159.51097,1,1167.4,1,34.482,1,4.416,1,1167.4,1,4.416,1,34.482,1
5905611,2025-10-01T06:09:20Z,1,-27.16246,159.51097,1,1169.5,1,34.483,1,4.407,1,1169.5,1,4.407,1,34.483,1
5905611,2025-10-01T06:09:20Z,1,-27.16246,159.51097,1,1171.5,1,34.483,1,4.407,1,1171.5,1,4.407,1,34.483,1
5905611,2025-10-01T06:09:20Z,1,-27.16246,159.51097,1,1173.7,1,34.484,1,4.403,1,1173.7,1,4.403,1,34.484,1
5905611,2025-10-01T06:09:20Z,1,-27.16246,159.51097,1,1175.4,1,34.483,1,4.399,1,1175.4,1,4.399,1,34.483,1
5905611,2025-10-01T06:09:20Z,1,-27.16246,159.51097,1,1177.5,1,34.484,1,4.391,1,1177.5,1,4.391,1,34.484,1
5905611,2025-10-01T06:09:20Z,1,-27.16246,159.51097,1,1179.6,1,34.484,1,4.378,1,1179.6,1,4.378,1,34.484,1
5905611,2025-10-01T06:09:20Z,1,-27.16246,159.51097,1,1181.2,1,34.485,1,4.371,1,1181.2,1,4.371,1,34.485,1
5905611,2025-10-01T06:09:20Z,1,-27.16246,159.51097,1,1183.3,1,34.486,1,4.358,1,1183.3,1,4.358,1,34.486,1
5905611,2025-10-01T06:09:20Z,1,-27.16246,159.51097,1,1185.3,1,34.486,1,4.341,1,1185.3,1,4.341,1,34.486,1
5905611,2025-10-01T06:09:20Z,1,-27.16246,159.51097,1,1187.4,1,34.487,1,4.326,1,1187.4,1,4.326,1,34.487,1
5905611,2025-10-01T06:09:20Z,1,-27.16246,159.51097,1,1189.5,1,34.488,1,4.313,1,1189.5,1,4.313,1,34.488,1
5905611,2025-10-01T06:09:20Z,1,-27.16246,159.51097,1,1191.5,1,34.488,1,4.302,1,1191.5,1,4.302,1,34.488,1
5905611,2025-10-01T06:09:20Z,1,-27.16246,159.51097,1,1193.6,1,34.489,1,4.292,1,1193.6,1,4.292,1,34.489,1
5905611,2025-10-01T06:09:20Z,1,-27.16246,159.51097,1,1195.3,1,34.489,1,4.284,1,1195.3,1,4.284,1,34.489,1
5905611,2025-10-01T06:09:20Z,1,-27.16246,159.51097,1,1197.4,1,34.489,1,4.278,1,1197.4,1,4.278,1,34.489,1
5905611,2025-10-01T06:09:20Z,1,-27.16246,159.51097,1,1199.5,1,34.49,1,4.266,1,1199.5,1,4.266,1,34.49,1
5905611,2025-10-01T06:09:20Z,1,-27.16246,159.51097,1,1201.5,1,34.49,1,4.26,1,1201.5,1,4.26,1,34.49,1
5905611,2025-10-01T06:09:20Z,1,-27.16246,159.51097,1,1203.7,1,34.491,1,4.245,1,1203.7,1,4.245,1,34.491,1
5905611,2025-10-01T06:09:20Z,1,-27.16246,159.51097,1,1205.4,1,34.493,1,4.221,1,1205.4,1,4.221,1,34.493,1
5905611,2025-10-01T06:09:20Z,1,-27.16246,159.51097,1,1207.1,1,34.494,1,4.205,1,1207.1,1,4.205,1,34.494,1
5905611,2025-10-01T06:09:20Z,1,-27.16246,159.51097,1,1209.3,1,34.494,1,4.19,1,1209.3,1,4.19,1,34.494,1
5905611,2025-10-01T06:09:20Z,1,-27.16246,159.51097,1,1211.5,1,34.494,1,4.189,1,1211.5,1,4.189,1,34.494,1
5905611,2025-10-01T06:09:20Z,1,-27.16246,159.51097,1,1213.3,1,34.495,1,4.185,1,1213.3,1,4.185,1,34.495,1
5905611,2025-10-01T06:09:20Z,1,-27.16246,159.51097,1,1215.5,1,34.495,1,4.178,1,1215.5,1,4.178,1,34.495,1
5905611,2025-10-01T06:09:20Z,1,-27.16246,159.51097,1,1217.7,1,34.497,1,4.157,1,1217.7,1,4.157,1,34.497,1
5905611,2025-10-01T06:09:20Z,1,-27.16246,159.51097,1,1219.5,1,34.498,1,4.141,1,1219.5,1,4.141,1,34.498,1
5905611,2025-10-01T06:09:20Z,1,-27.16246,159.51097,1,1221.3,1,34.498,1,4.137,1,1221.3,1,4.137,1,34.498,1
5905611,2025-10-01T06:09:20Z,1,-27.16246,159.51097,1,1223.1,1,34.498,1,4.125,1,1223.1,1,4.125,1,34.498,1
5905611,2025-10-01T06:09:20Z,1,-27.16246,159.51097,1,1225.4,1,34.499,1,4.115,1,1225.4,1,4.115,1,34.499,1
5905611,2025-10-01T06:09:20Z,1,-27.16246,159.51097,1,1227.7,1,34.5,1,4.108,1,1227.7,1,4.108,1,34.5,1
5905611,2025-10-01T06:09:20Z,1,-27.16246,159.51097,1,1229.5,1,34.502,1,4.087,1,1229.5,1,4.087,1,34.502,1
5905611,2025-10-01T06:09:20Z,1,-27.16246,159.51097,1,1231.4,1,34.502,1,4.07,1,1231.4,1,4.07,1,34.502,1
5905611,2025-10-01T06:09:20Z,1,-27.16246,159.51097,1,1233.2,1,34.505,1,4.049,1,1233.2,1,4.049,1,34.505,1
5905611,2025-10-01T06:09:20Z,1,-27.16246,159.51097,1,1235.5,1,34.506,1,4.029,1,1235.5,1,4.029,1,34.506,1
5905611,2025-10-01T06:09:20Z,1,-27.16246,159.51097,1,1237.8,1,34.506,1,4.025,1,1237.8,1,4.025,1,34.506,1
5905611,2025-10-01T06:09:20Z,1,-27.16246,159.51097,1,1239.7,1,34.506,1,4.017,1,1239.7,1,4.017,1,34.506,1
5905611,2025-10-01T06:09:20Z,1,-27.16246,159.51097,1,1241.5,1,34.507,1,4.006,1,1241.5,1,4.006,1,34.507,1
5905611,2025-10-01T06:09:20Z,1,-27.16246,159.51097,1,1243.4,1,34.508,1,4.002,1,1243.4,1,4.002,1,34.508,1
5905611,2025-10-01T06:09:20Z,1,-27.16246,159.51097,1,1245.2,1,34.508,1,3.995,1,1245.2,1,3.995,1,34.508,1
5905611,2025-10-01T06:09:20Z,1,-27.16246,159.51097,1,1247.5,1,34.508,1,3.986,1,1247.5,1,3.986,1,34.508,1
5905611,2025-10-01T06:09:20Z,1,-27.16246,159.51097,1,1249.8,1,34.509,1,3.985,1,1249.8,1,3.985,1,34.509,1
5905611,2025-10-01T06:09:20Z,1,-27.16246,159.51097,1,1251.6,1,34.509,1,3.981,1,1251.6,1,3.981,1,34.509,1
5905611,2025-10-01T06:09:20Z,1,-27.16246,159.51097,1,1253.5,1,34.511,1,3.965,1,1253.5,1,3.965,1,34.511,1
5905611,2025-10-01T06:09:20Z,1,-27.16246,159.51097,1,1255.4,1,34.511,1,3.956,1,1255.4,1,3.956,1,34.511,1
5905611,2025-10-01T06:09:20Z,1,-27.16246,159.51097,1,1257.2,1,34.511,1,3.953,1,1257.2,1,3.953,1,34.511,1
5905611,2025-10-01T06:09:20Z,1,-27.16246,159.51097,1,1259.1,1,34.511,1,3.952,1,1259.1,1,3.952,1,34.511,1
5905611,2025-10-01T06:09:20Z,1,-27.16246,159.51097,1,1261.0,1,34.512,1,3.95,1,1261.0,1,3.95,1,34.512,1
5905611,2025-10-01T06:09:20Z,1,-27.16246,159.51097,1,1263.4,1,34.513,1,3.941,1,1263.4,1,3.941,1,34.513,1
5905611,2025-10-01T06:09:20Z,1,-27.16246,159.51097,1,1265.7,1,34.514,1,3.931,1,1265.7,1,3.931,1,34.514,1
5905611,2025-10-01T06:09:20Z,1,-27.16246,159.51097,1,1267.6,1,34.514,1,3.925,1,1267.6,1,3.925,1,34.514,1
5905611,2025-10-01T06:09:20Z,1,-27.16246,159.51097,1,1269.5,1,34.515,1,3.909,1,1269.5,1,3.909,1,34.515,1
5905611,2025-10-01T06:09:20Z,1,-27.16246,159.51097,1,1271.4,1,34.515,1,3.905,1,1271.4,1,3.905,1,34.515,1
5905611,2025-10-01T06:09:20Z,1,-27.16246,159.51097,1,1273.3,1,34.516,1,3.899,1,1273.3,1,3.899,1,34.516,1
5905611,2025-10-01T06:09:20Z,1,-27.16246,159.51097,1,1275.2,1,34.517,1,3.894,1,1275.2,1,3.894,1,34.517,1
5905611,2025-10-01T06:09:20Z,1,-27.16246,159.51097,1,1277.0,1,34.517,1,3.892,1,1277.0,1,3.892,1,34.517,1
5905611,2025-10-01T06:09:20Z,1,-27.16246,159.51097,1,1279.4,1,34.517,1,3.886,1,1279.4,1,3.886,1,34.517,1
5905611,2025-10-01T06:09:20Z,1,-27.16246,159.51097,1,1281.8,1,34.518,1,3.876,1,1281.8,1,3.876,1,34.518,1
5905611,2025-10-01T06:09:20Z,1,-27.16246,159.51097,1,1283.7,1,34.518,1,3.87,1,1283.7,1,3.87,1,34.518,1
5905611,2025-10-01T06:09:20Z,1,-27.16246,159.51097,1,1285.6,1,34.522,1,3.847,1,1285.6,1,3.847,1,34.522,1
5905611,2025-10-01T06:09:20Z,1,-27.16246,159.51097,1,1287.5,1,34.521,1,3.832,1,1287.5,1,3.832,1,34.521,1
5905611,2025-10-01T06:09:20Z,1,-27.16246,159.51097,1,1289.5,1,34.522,1,3.827,1,1289.5,1,3.827,1,34.522,1
5905611,2025-10-01T06:09:20Z,1,-27.16246,159.51097,1,1291.4,1,34.522,1,3.823,1,1291.4,1,3.823,1,34.522,1
5905611,2025-10-01T06:09:20Z,1,-27.16246,159.51097,1,1293.3,1,34.523,1,3.819,1,1293.3,1,3.819,1,34.523,1
5905611,2025-10-01T06:09:20Z,1,-27.16246,159.51097,1,1295.3,1,34.523,1,3.818,1,1295.3,1,3.818,1,34.523,1
5905611,2025-10-01T06:09:20Z,1,-27.16246,159.51097,1,1297.2,1,34.523,1,3.813,1,1297.2,1,3.813,1,34.523,1
5905611,2025-10-01T06:09:20Z,1,-27.16246,159.51097,1,1299.2,1,34.523,1,3.804,1,1299.2,1,3.804,1,34.523,1
5905611,2025-10-01T06:09:20Z,1,-27.16246,159.51097,1,1301.1,1,34.524,1,3.79,1,1301.1,1,3.79,1,34.524,1
5905611,2025-10-01T06:09:20Z,1,-27.16246,159.51097,1,1303.0,1,34.525,1,3.783,1,1303.0,1,3.783,1,34.525,1
5905611,2025-10-01T06:09:20Z,1,-27.16246,159.51097,1,1305.0,1,34.525,1,3.78,1,1305.0,1,3.78,1,34.525,1
5905611,2025-10-01T06:09:20Z,1,-27.16246,159.51097,1,1307.0,1,34.526,1,3.776,1,1307.0,1,3.776,1,34.526,1
5905611,2025-10-01T06:09:20Z,1,-27.16246,159.51097,1,1309.4,1,34.527,1,3.758,1,1309.4,1,3.758,1,34.527,1
5905611,2025-10-01T06:09:20Z,1,-27.16246,159.51097,1,1311.9,1,34.527,1,3.748,1,1311.9,1,3.748,1,34.527,1
5905611,2025-10-01T06:09:20Z,1,-27.16246,159.51097,1,1313.9,1,34.528,1,3.744,1,1313.9,1,3.744,1,34.528,1
5905611,2025-10-01T06:09:20Z,1,-27.16246,159.51097,1,1315.4,1,34.528,1,3.742,1,1315.4,1,3.742,1,34.528,1
5905611,2025-10-01T06:09:20Z,1,-27.16246,159.51097,1,1316.9,1,34.529,1,3.739,1,1316.9,1,3.739,1,34.529,1
5905611,2025-10-01T06:09:20Z,1,-27.16246,159.51097,1,1319.0,1,34.529,1,3.734,1,1319.0,1,3.734,1,34.529,1
5905611,2025-10-01T06:09:20Z,1,-27.16246,159.51097,1,1321.0,1,34.529,1,3.731,1,1321.0,1,3.731,1,34.529,1
5905611,2025-10-01T06:09:20Z,1,-27.16246,159.51097,1,1323.0,1,34.53,1,3.723,1,1323.0,1,3.723,1,34.53,1
5905611,2025-10-01T06:09:20Z,1,-27.16246,159.51097,1,1325.0,1,34.531,1,3.719,1,1325.0,1,3.719,1,34.531,1
5905611,2025-10-01T06:09:20Z,1,-27.16246,159.51097,1,1327.0,1,34.531,1,3.704,1,1327.0,1,3.704,1,34.531,1
5905611,2025-10-01T06:09:20Z,1,-27.16246,159.51097,1,1329.0,1,34.532,1,3.698,1,1329.0,1,3.698,1,34.532,1
5905611,2025-10-01T06:09:20Z,1,-27.16246,159.51097,1,1331.1,1,34.532,1,3.695,1,1331.1,1,3.695,1,34.532,1
5905611,2025-10-01T06:09:20Z,1,-27.16246,159.51097,1,1333.1,1,34.532,1,3.693,1,1333.1,1,3.693,1,34.532,1
5905611,2025-10-01T06:09:20Z,1,-27.16246,159.51097,1,1335.2,1,34.532,1,3.691,1,1335.2,1,3.691,1,34.532,1
5905611,2025-10-01T06:09:20Z,1,-27.16246,159.51097,1,1337.3,1,34.532,1,3.689,1,1337.3,1,3.689,1,34.532,1
5905611,2025-10-01T06:09:20Z,1,-27.16246,159.51097,1,1339.2,1,34.533,1,3.686,1,1339.2,1,3.686,1,34.533,1
5905611,2025-10-01T06:09:20Z,1,-27.16246,159.51097,1,1341.3,1,34.533,1,3.681,1,1341.3,1,3.681,1,34.533,1
5905611,2025-10-01T06:09:20Z,1,-27.16246,159.51097,1,1343.3,1,34.533,1,3.678,1,1343.3,1,3.678,1,34.533,1
5905611,2025-10-01T06:09:20Z,1,-27.16246,159.51097,1,1345.3,1,34.533,1,3.674,1,1345.3,1,3.674,1,34.533,1
5905611,2025-10-01T06:09:20Z,1,-27.16246,159.51097,1,1347.3,1,34.534,1,3.664,1,1347.3,1,3.664,1,34.534,1
5905611,2025-10-01T06:09:20Z,1,-27.16246,159.51097,1,1349.3,1,34.535,1,3.658,1,1349.3,1,3.658,1,34.535,1
5905611,2025-10-01T06:09:20Z,1,-27.16246,159.51097,1,1351.4,1,34.536,1,3.651,1,1351.4,1,3.651,1,34.536,1
5905611,2025-10-01T06:09:20Z,1,-27.16246,159.51097,1,1353.4,1,34.535,1,3.649,1,1353.4,1,3.649,1,34.535,1
5905611,2025-10-01T06:09:20Z,1,-27.16246,159.51097,1,1355.5,1,34.536,1,3.643,1,1355.5,1,3.643,1,34.536,1
5905611,2025-10-01T06:09:20Z,1,-27.16246,159.51097,1,1357.5,1,34.537,1,3.638,1,1357.5,1,3.638,1,34.537,1
5905611,2025-10-01T06:09:20Z,1,-27.16246,159.51097,1,1359.6,1,34.536,1,3.633,1,1359.6,1,3.633,1,34.536,1
5905611,2025-10-01T06:09:20Z,1,-27.16246,159.51097,1,1361.3,1,34.537,1,3.625,1,1361.3,1,3.625,1,34.537,1
5905611,2025-10-01T06:09:20Z,1,-27.16246,159.51097,1,1363.3,1,34.539,1,3.606,1,1363.3,1,3.606,1,34.539,1
5905611,2025-10-01T06:09:20Z,1,-27.16246,159.51097,1,1365.4,1,34.54,1,3.595,1,1365.4,1,3.595,1,34.54,1
5905611,2025-10-01T06:09:20Z,1,-27.16246,159.51097,1,1367.5,1,34.54,1,3.585,1,1367.5,1,3.585,1,34.54,1
5905611,2025-10-01T06:09:20Z,1,-27.16246,159.51097,1,1369.6,1,34.541,1,3.579,1,1369.6,1,3.579,1,34.541,1
5905611,2025-10-01T06:09:20Z,1,-27.16246,159.51097,1,1371.3,1,34.541,1,3.576,1,1371.3,1,3.576,1,34.541,1
5905611,2025-10-01T06:09:20Z,1,-27.16246,159.51097,1,1373.4,1,34.542,1,3.569,1,1373.4,1,3.569,1,34.542,1
5905611,2025-10-01T06:09:20Z,1,-27.16246,159.51097,1,1375.5,1,34.542,1,3.566,1,1375.5,1,3.566,1,34.542,1
5905611,2025-10-01T06:09:20Z,1,-27.16246,159.51097,1,1377.2,1,34.542,1,3.561,1,1377.2,1,3.561,1,34.542,1
5905611,2025-10-01T06:09:20Z,1,-27.16246,159.51097,1,1379.3,1,34.542,1,3.557,1,1379.3,1,3.557,1,34.542,1
5905611,2025-10-01T06:09:20Z,1,-27.16246,159.51097,1,1381.5,1,34.543,1,3.548,1,1381.5,1,3.548,1,34.543,1
5905611,2025-10-01T06:09:20Z,1,-27.16246,159.51097,1,1383.2,1,34.544,1,3.535,1,1383.2,1,3.535,1,34.544,1
5905611,2025-10-01T06:09:20Z,1,-27.16246,159.51097,1,1385.3,1,34.545,1,3.522,1,1385.3,1,3.522,1,34.545,1
5905611,2025-10-01T06:09:20Z,1,-27.16246,159.51097,1,1387.5,1,34.547,1,3.508,1,1387.5,1,3.508,1,34.547,1
5905611,2025-10-01T06:09:20Z,1,-27.16246,159.51097,1,1389.3,1,34.547,1,3.506,1,1389.3,1,3.506,1,34.547,1
5905611,2025-10-01T06:09:20Z,1,-27.16246,159.51097,1,1391.4,1,34.547,1,3.503,1,1391.4,1,3.503,1,34.547,1
5905611,2025-10-01T06:09:20Z,1,-27.16246,159.51097,1,1393.6,1,34.547,1,3.503,1,1393.6,1,3.503,1,34.547,1
5905611,2025-10-01T06:09:20Z,1,-27.16246,159.51097,1,1395.3,1,34.547,1,3.5,1,1395.3,1,3.5,1,34.547,1
5905611,2025-10-01T06:09:20Z,1,-27.16246,159.51097,1,1397.1,1,34.549,1,3.49,1,1397.1,1,3.49,1,34.549,1
5905611,2025-10-01T06:09:20Z,1,-27.16246,159.51097,1,1399.3,1,34.549,1,3.479,1,1399.3,1,3.479,1,34.549,1
5905611,2025-10-01T06:09:20Z,1,-27.16246,159.51097,1,1401.5,1,34.55,1,3.475,1,1401.5,1,3.475,1,34.55,1
5905611,2025-10-01T06:09:20Z,1,-27.16246,159.51097,1,1403.3,1,34.551,1,3.465,1,1403.3,1,3.465,1,34.551,1
5905611,2025-10-01T06:09:20Z,1,-27.16246,159.51097,1,1405.1,1,34.553,1,3.452,1,1405.1,1,3.452,1,34.553,1
5905611,2025-10-01T06:09:20Z,1,-27.16246,159.51097,1,1407.4,1,34.552,1,3.449,1,1407.4,1,3.449,1,34.552,1
5905611,2025-10-01T06:09:20Z,1,-27.16246,159.51097,1,1409.6,1,34.553,1,3.443,1,1409.6,1,3.443,1,34.553,1
5905611,2025-10-01T06:09:20Z,1,-27.16246,159.51097,1,1411.3,1,34.553,1,3.439,1,1411.3,1,3.439,1,34.553,1
5905611,2025-10-01T06:09:20Z,1,-27.16246,159.51097,1,1413.2,1,34.554,1,3.426,1,1413.2,1,3.426,1,34.554,1
5905611,2025-10-01T06:09:20Z,1,-27.16246,159.51097,1,1415.0,1,34.556,1,3.414,1,1415.0,1,3.414,1,34.556,1
5905611,2025-10-01T06:09:20Z,1,-27.16246,159.51097,1,1417.4,1,34.556,1,3.412,1,1417.4,1,3.412,1,34.556,1
5905611,2025-10-01T06:09:20Z,1,-27.16246,159.51097,1,1419.6,1,34.556,1,3.411,1,1419.6,1,3.411,1,34.556,1
5905611,2025-10-01T06:09:20Z,1,-27.16246,159.51097,1,1421.4,1,34.556,1,3.407,1,1421.4,1,3.407,1,34.556,1
5905611,2025-10-01T06:09:20Z,1,-27.16246,159.51097,1,1423.4,1,34.556,1,3.4,1,1423.4,1,3.4,1,34.556,1
5905611,2025-10-01T06:09:20Z,1,-27.16246,159.51097,1,1425.4,1,34.557,1,3.397,1,1425.4,1,3.397,1,34.557,1
5905611,2025-10-01T06:09:20Z,1,-27.16246,159.51097,1,1427.3,1,34.557,1,3.392,1,1427.3,1,3.392,1,34.557,1
5905611,2025-10-01T06:09:20Z,1,-27.16246,159.51097,1,1429.3,1,34.557,1,3.385,1,1429.3,1,3.385,1,34.557,1
5905611,2025-10-01T06:09:20Z,1,-27.16246,159.51097,1,1431.3,1,34.558,1,3.382,1,1431.3,1,3.382,1,34.558,1
5905611,2025-10-01T06:09:20Z,1,-27.16246,159.51097,1,1433.3,1,34.558,1,3.378,1,1433.3,1,3.378,1,34.558,1
5905611,2025-10-01T06:09:20Z,1,-27.16246,159.51097,1,1435.3,1,34.558,1,3.376,1,1435.3,1,3.376,1,34.558,1
5905611,2025-10-01T06:09:20Z,1,-27.16246,159.51097,1,1437.3,1,34.558,1,3.374,1,1437.3,1,3.374,1,34.558,1
5905611,2025-10-01T06:09:20Z,1,-27.16246,159.51097,1,1439.3,1,34.558,1,3.369,1,1439.3,1,3.369,1,34.558,1
5905611,2025-10-01T06:09:20Z,1,-27.16246,159.51097,1,1441.3,1,34.559,1,3.362,1,1441.3,1,3.362,1,34.559,1
5905611,2025-10-01T06:09:20Z,1,-27.16246,159.51097,1,1443.3,1,34.56,1,3.354,1,1443.3,1,3.354,1,34.56,1
5905611,2025-10-01T06:09:20Z,1,-27.16246,159.51097,1,1445.4,1,34.56,1,3.353,1,1445.4,1,3.353,1,34.56,1
5905611,2025-10-01T06:09:20Z,1,-27.16246,159.51097,1,1447.4,1,34.56,1,3.346,1,1447.4,1,3.346,1,34.56,1
5905611,2025-10-01T06:09:20Z,1,-27.16246,159.51097,1,1449.5,1,34.561,1,3.343,1,1449.5,1,3.343,1,34.561,1
5905611,2025-10-01T06:09:20Z,1,-27.16246,159.51097,1,1451.5,1,34.561,1,3.342,1,1451.5,1,3.342,1,34.561,1
5905611,2025-10-01T06:09:20Z,1,-27.16246,159.51097,1,1453.6,1,34.561,1,3.341,1,1453.6,1,3.341,1,34.561,1
5905611,2025-10-01T06:09:20Z,1,-27.16246,159.51097,1,1455.2,1,34.561,1,3.339,1,1455.2,1,3.339,1,34.561,1
5905611,2025-10-01T06:09:20Z,1,-27.16246,159.51097,1,1457.3,1,34.561,1,3.329,1,1457.3,1,3.329,1,34.561,1
5905611,2025-10-01T06:09:20Z,1,-27.16246,159.51097,1,1459.3,1,34.563,1,3.319,1,1459.3,1,3.319,1,34.563,1
5905611,2025-10-01T06:09:20Z,1,-27.16246,159.51097,1,1461.4,1,34.563,1,3.315,1,1461.4,1,3.315,1,34.563,1
5905611,2025-10-01T06:09:20Z,1,-27.16246,159.51097,1,1463.5,1,34.564,1,3.303,1,1463.5,1,3.303,1,34.564,1
5905611,2025-10-01T06:09:20Z,1,-27.16246,159.51097,1,1465.6,1,34.564,1,3.3,1,1465.6,1,3.3,1,34.564,1
5905611,2025-10-01T06:09:20Z,1,-27.16246,159.51097,1,1467.6,1,34.565,1,3.298,1,1467.6,1,3.298,1,34.565,1
5905611,2025-10-01T06:09:20Z,1,-27.16246,159.51097,1,1469.2,1,34.564,1,3.297,1,1469.2,1,3.297,1,34.564,1
5905611,2025-10-01T06:09:20Z,1,-27.16246,159.51097,1,1471.3,1,34.565,1,3.289,1,1471.3,1,3.289,1,34.565,1
5905611,2025-10-01T06:09:20Z,1,-27.16246,159.51097,1,1473.4,1,34.565,1,3.287,1,1473.4,1,3.287,1,34.565,1
5905611,2025-10-01T06:09:20Z,1,-27.16246,159.51097,1,1475.4,1,34.565,1,3.285,1,1475.4,1,3.285,1,34.565,1
5905611,2025-10-01T06:09:20Z,1,-27.16246,159.51097,1,1477.6,1,34.566,1,3.279,1,1477.6,1,3.279,1,34.566,1
5905611,2025-10-01T06:09:20Z,1,-27.16246,159.51097,1,1479.3,1,34.566,1,3.271,1,1479.3,1,3.271,1,34.566,1
5905611,2025-10-01T06:09:20Z,1,-27.16246,159.51097,1,1481.4,1,34.569,1,3.245,1,1481.4,1,3.245,1,34.569,1
5905611,2025-10-01T06:09:20Z,1,-27.16246,159.51097,1,1483.5,1,34.57,1,3.235,1,1483.5,1,3.235,1,34.57,1
5905611,2025-10-01T06:09:20Z,1,-27.16246,159.51097,1,1485.2,1,34.57,1,3.233,1,1485.2,1,3.233,1,34.57,1
5905611,2025-10-01T06:09:20Z,1,-27.16246,159.51097,1,1487.3,1,34.57,1,3.232,1,1487.3,1,3.232,1,34.57,1
5905611,2025-10-01T06:09:20Z,1,-27.16246,159.51097,1,1489.5,1,34.57,1,3.231,1,1489.5,1,3.231,1,34.57,1
5905611,2025-10-01T06:09:20Z,1,-27.16246,159.51097,1,1491.2,1,34.571,1,3.23,1,1491.2,1,3.23,1,34.571,1
5905611,2025-10-01T06:09:20Z,1,-27.16246,159.51097,1,1493.3,1,34.571,1,3.225,1,1493.3,1,3.225,1,34.571,1
5905611,2025-10-01T06:09:20Z,1,-27.16246,159.51097,1,1495.5,1,34.572,1,3.215,1,1495.5,1,3.215,1,34.572,1
5905611,2025-10-01T06:09:20Z,1,-27.16246,159.51097,1,1497.2,1,34.572,1,3.207,1,1497.2,1,3.207,1,34.572,1
5905611,2025-10-01T06:09:20Z,1,-27.16246,159.51097,1,1499.3,1,34.574,1,3.199,1,1499.3,1,3.199,1,34.574,1
5905611,2025-10-01T06:09:20Z,1,-27.16246,159.51097,1,1501.5,1,34.574,1,3.191,1,1501.5,1,3.191,1,34.574,1
5905611,2025-10-01T06:09:20Z,1,-27.16246,159.51097,1,1503.2,1,34.574,1,3.189,1,1503.2,1,3.189,1,34.574,1
5905611,2025-10-01T06:09:20Z,1,-27.16246,159.51097,1,1505.5,1,34.575,1,3.188,1,1505.5,1,3.188,1,34.575,1
5905611,2025-10-01T06:09:20Z,1,-27.16246,159.51097,1,1507.7,1,34.575,1,3.188,1,1507.7,1,3.188,1,34.575,1
5905611,2025-10-01T06:09:20Z,1,-27.16246,159.51097,1,1509.4,1,34.575,1,3.183,1,1509.4,1,3.183,1,34.575,1
5905611,2025-10-01T06:09:20Z,1,-27.16246,159.51097,1,1511.2,1,34.575,1,3.177,1,1511.2,1,3.177,1,34.575,1
5905611,2025-10-01T06:09:20Z,1,-27.16246,159.51097,1,1513.4,1,34.576,1,3.171,1,1513.4,1,3.171,1,34.576,1
5905611,2025-10-01T06:09:20Z,1,-27.16246,159.51097,1,1515.6,1,34.576,1,3.166,1,1515.6,1,3.166,1,34.576,1
5905611,2025-10-01T06:09:20Z,1,-27.16246,159.51097,1,1517.3,1,34.577,1,3.155,1,1517.3,1,3.155,1,34.577,1
5905611,2025-10-01T06:09:20Z,1,-27.16246,159.51097,1,1519.5,1,34.578,1,3.14,1,1519.5,1,3.14,1,34.578,1
5905611,2025-10-01T06:09:20Z,1,-27.16246,159.51097,1,1521.7,1,34.579,1,3.134,1,1521.7,1,3.134,1,34.579,1
5905611,2025-10-01T06:09:20Z,1,-27.16246,159.51097,1,1523.5,1,34.579,1,3.129,1,1523.5,1,3.129,1,34.579,1
5905611,2025-10-01T06:09:20Z,1,-27.16246,159.51097,1,1525.3,1,34.579,1,3.124,1,1525.3,1,3.124,1,34.579,1
5905611,2025-10-01T06:09:20Z,1,-27.16246,159.51097,1,1527.1,1,34.58,1,3.112,1,1527.1,1,3.112,1,34.58,1
5905611,2025-10-01T06:09:20Z,1,-27.16246,159.51097,1,1529.3,1,34.58,1,3.106,1,1529.3,1,3.106,1,34.58,1
5905611,2025-10-01T06:09:20Z,1,-27.16246,159.51097,1,1531.6,1,34.582,1,3.098,1,1531.6,1,3.098,1,34.582,1
5905611,2025-10-01T06:09:20Z,1,-27.16246,159.51097,1,1533.4,1,34.582,1,3.095,1,1533.4,1,3.095,1,34.582,1
5905611,2025-10-01T06:09:20Z,1,-27.16246,159.51097,1,1535.2,1,34.583,1,3.09,1,1535.2,1,3.09,1,34.583,1
5905611,2025-10-01T06:09:20Z,1,-27.16246,159.51097,1,1537.4,1,34.583,1,3.083,1,1537.4,1,3.083,1,34.583,1
5905611,2025-10-01T06:09:20Z,1,-27.16246,159.51097,1,1539.6,1,34.584,1,3.076,1,1539.6,1,3.076,1,34.584,1
5905611,2025-10-01T06:09:20Z,1,-27.16246,159.51097,1,1541.4,1,34.584,1,3.074,1,1541.4,1,3.074,1,34.584,1
5905611,2025-10-01T06:09:20Z,1,-27.16246,159.51097,1,1543.2,1,34.584,1,3.071,1,1543.2,1,3.071,1,34.584,1
5905611,2025-10-01T06:09:20Z,1,-27.16246,159.51097,1,1545.5,1,34.585,1,3.061,1,1545.5,1,3.061,1,34.585,1
5905611,2025-10-01T06:09:20Z,1,-27.16246,159.51097,1,1547.7,1,34.585,1,3.056,1,1547.7,1,3.056,1,34.585,1
5905611,2025-10-01T06:09:20Z,1,-27.16246,159.51097,1,1549.4,1,34.586,1,3.047,1,1549.4,1,3.047,1,34.586,1
5905611,2025-10-01T06:09:20Z,1,-27.16246,159.51097,1,1551.2,1,34.586,1,3.041,1,1551.2,1,3.041,1,34.586,1
5905611,2025-10-01T06:09:20Z,1,-27.16246,159.51097,1,1553.4,1,34.587,1,3.037,1,1553.4,1,3.037,1,34.587,1
5905611,2025-10-01T06:09:20Z,1,-27.16246,159.51097,1,1555.6,1,34.587,1,3.034,1,1555.6,1,3.034,1,34.587,1
5905611,2025-10-01T06:09:20Z,1,-27.16246,159.51097,1,1557.4,1,34.588,1,3.028,1,1557.4,1,3.028,1,34.588,1
5905611,2025-10-01T06:09:20Z,1,-27.16246,159.51097,1,1559.1,1,34.588,1,3.028,1,1559.1,1,3.028,1,34.588,1
5905611,2025-10-01T06:09:20Z,1,-27.16246,159.51097,1,1561.4,1,34.588,1,3.026,1,1561.4,1,3.026,1,34.588,1
5905611,2025-10-01T06:09:20Z,1,-27.16246,159.51097,1,1563.6,1,34.589,1,3.021,1,1563.6,1,3.021,1,34.589,1
5905611,2025-10-01T06:09:20Z,1,-27.16246,159.51097,1,1565.3,1,34.589,1,3.014,1,1565.3,1,3.014,1,34.589,1
5905611,2025-10-01T06:09:20Z,1,-27.16246,159.51097,1,1567.1,1,34.59,1,3.008,1,1567.1,1,3.008,1,34.59,1
5905611,2025-10-01T06:09:20Z,1,-27.16246,159.51097,1,1569.3,1,34.59,1,3.002,1,1569.3,1,3.002,1,34.59,1
5905611,2025-10-01T06:09:20Z,1,-27.16246,159.51097,1,1571.5,1,34.591,1,3.002,1,1571.5,1,3.002,1,34.591,1
5905611,2025-10-01T06:09:20Z,1,-27.16246,159.51097,1,1573.3,1,34.591,1,3.001,1,1573.3,1,3.001,1,34.591,1
5905611,2025-10-01T06:09:20Z,1,-27.16246,159.51097,1,1575.1,1,34.591,1,2.999,1,1575.1,1,2.999,1,34.591,1
5905611,2025-10-01T06:09:20Z,1,-27.16246,159.51097,1,1577.3,1,34.591,1,2.994,1,1577.3,1,2.994,1,34.591,1
5905611,2025-10-01T06:09:20Z,1,-27.16246,159.51097,1,1579.5,1,34.591,1,2.992,1,1579.5,1,2.992,1,34.591,1
5905611,2025-10-01T06:09:20Z,1,-27.16246,159.51097,1,1581.2,1,34.591,1,2.987,1,1581.2,1,2.987,1,34.591,1
5905611,2025-10-01T06:09:20Z,1,-27.16246,159.51097,1,1583.4,1,34.593,1,2.98,1,1583.4,1,2.98,1,34.593,1
5905611,2025-10-01T06:09:20Z,1,-27.16246,159.51097,1,1585.7,1,34.593,1,2.977,1,1585.7,1,2.977,1,34.593,1
5905611,2025-10-01T06:09:20Z,1,-27.16246,159.51097,1,1587.4,1,34.593,1,2.968,1,1587.4,1,2.968,1,34.593,1
5905611,2025-10-01T06:09:20Z,1,-27.16246,159.51097,1,1589.5,1,34.594,1,2.959,1,1589.5,1,2.959,1,34.594,1
5905611,2025-10-01T06:09:20Z,1,-27.16246,159.51097,1,1591.7,1,34.595,1,2.958,1,1591.7,1,2.958,1,34.595,1
5905611,2025-10-01T06:09:20Z,1,-27.16246,159.51097,1,1593.4,1,34.595,1,2.958,1,1593.4,1,2.958,1,34.595,1
5905611,2025-10-01T06:09:20Z,1,-27.16246,159.51097,1,1595.2,1,34.595,1,2.957,1,1595.2,1,2.957,1,34.595,1
5905611,2025-10-01T06:09:20Z,1,-27.16246,159.51097,1,1597.4,1,34.595,1,2.951,1,1597.4,1,2.951,1,34.595,1
5905611,2025-10-01T06:09:20Z,1,-27.16246,159.51097,1,1599.6,1,34.595,1,2.949,1,1599.6,1,2.949,1,34.595,1
5905611,2025-10-01T06:09:20Z,1,-27.16246,159.51097,1,1601.4,1,34.596,1,2.943,1,1601.4,1,2.943,1,34.596,1
5905611,2025-10-01T06:09:20Z,1,-27.16246,159.51097,1,1603.5,1,34.596,1,2.941,1,1603.5,1,2.941,1,34.596,1
5905611,2025-10-01T06:09:20Z,1,-27.16246,159.51097,1,1605.7,1,34.597,1,2.933,1,1605.7,1,2.933,1,34.597,1
5905611,2025-10-01T06:09:20Z,1,-27.16246,159.51097,1,1607.4,1,34.597,1,2.93,1,1607.4,1,2.93,1,34.597,1
5905611,2025-10-01T06:09:20Z,1,-27.16246,159.51097,1,1609.2,1,34.597,1,2.929,1,1609.2,1,2.929,1,34.597,1
5905611,2025-10-01T06:09:20Z,1,-27.16246,159.51097,1,1611.4,1,34.597,1,2.927,1,1611.4,1,2.927,1,34.597,1
5905611,2025-10-01T06:09:20Z,1,-27.16246,159.51097,1,1613.6,1,34.597,1,2.925,1,1613.6,1,2.925,1,34.597,1
5905611,2025-10-01T06:09:20Z,1,-27.16246,159.51097,1,1615.3,1,34.598,1,2.92,1,1615.3,1,2.92,1,34.598,1
5905611,2025-10-01T06:09:20Z,1,-27.16246,159.51097,1,1617.5,1,34.599,1,2.909,1,1617.5,1,2.909,1,34.599,1
5905611,2025-10-01T06:09:20Z,1,-27.16246,159.51097,1,1619.7,1,34.6,1,2.901,1,1619.7,1,2.901,1,34.6,1
5905611,2025-10-01T06:09:20Z,1,-27.16246,159.51097,1,1621.4,1,34.6,1,2.901,1,1621.4,1,2.901,1,34.6,1
5905611,2025-10-01T06:09:20Z,1,-27.16246,159.51097,1,1623.2,1,34.6,1,2.896,1,1623.2,1,2.896,1,34.6,1
5905611,2025-10-01T06:09:20Z,1,-27.16246,159.51097,1,1625.4,1,34.601,1,2.891,1,1625.4,1,2.891,1,34.601,1
5905611,2025-10-01T06:09:20Z,1,-27.16246,159.51097,1,1627.5,1,34.601,1,2.887,1,1627.5,1,2.887,1,34.601,1
5905611,2025-10-01T06:09:20Z,1,-27.16246,159.51097,1,1629.3,1,34.603,1,2.874,1,1629.3,1,2.874,1,34.603,1
5905611,2025-10-01T06:09:20Z,1,-27.16246,159.51097,1,1631.1,1,34.603,1,2.87,1,1631.1,1,2.87,1,34.603,1
5905611,2025-10-01T06:09:20Z,1,-27.16246,159.51097,1,1633.4,1,34.603,1,2.87,1,1633.4,1,2.87,1,34.603,1
5905611,2025-10-01T06:09:20Z,1,-27.16246,159.51097,1,1635.5,1,34.603,1,2.866,1,1635.5,1,2.866,1,34.603,1
5905611,2025-10-01T06:09:20Z,1,-27.16246,159.51097,1,1637.3,1,34.604,1,2.862,1,1637.3,1,2.862,1,34.604,1
5905611,2025-10-01T06:09:20Z,1,-27.16246,159.51097,1,1639.5,1,34.604,1,2.859,1,1639.5,1,2.859,1,34.604,1
5905611,2025-10-01T06:09:20Z,1,-27.16246,159.51097,1,1641.4,1,34.604,1,2.854,1,1641.4,1,2.854,1,34.604,1
5905611,2025-10-01T06:09:20Z,1,-27.16246,159.51097,1,1643.4,1,34.605,1,2.851,1,1643.4,1,2.851,1,34.605,1
5905611,2025-10-01T06:09:20Z,1,-27.16246,159.51097,1,1645.5,1,34.605,1,2.851,1,1645.5,1,2.851,1,34.605,1
5905611,2025-10-01T06:09:20Z,1,-27.16246,159.51097,1,1647.5,1,34.606,1,2.84,1,1647.5,1,2.84,1,34.606,1
5905611,2025-10-01T06:09:20Z,1,-27.16246,159.51097,1,1649.5,1,34.606,1,2.834,1,1649.5,1,2.834,1,34.606,1
5905611,2025-10-01T06:09:20Z,1,-27.16246,159.51097,1,1651.6,1,34.607,1,2.83,1,1651.6,1,2.83,1,34.607,1
5905611,2025-10-01T06:09:20Z,1,-27.16246,159.51097,1,1653.6,1,34.607,1,2.828,1,1653.6,1,2.828,1,34.607,1
5905611,2025-10-01T06:09:20Z,1,-27.16246,159.51097,1,1655.2,1,34.609,1,2.816,1,1655.2,1,2.816,1,34.609,1
5905611,2025-10-01T06:09:20Z,1,-27.16246,159.51097,1,1657.3,1,34.609,1,2.806,1,1657.3,1,2.806,1,34.609,1
5905611,2025-10-01T06:09:20Z,1,-27.16246,159.51097,1,1659.3,1,34.609,1,2.804,1,1659.3,1,2.804,1,34.609,1
5905611,2025-10-01T06:09:20Z,1,-27.16246,159.51097,1,1661.4,1,34.61,1,2.802,1,1661.4,1,2.802,1,34.61,1
5905611,2025-10-01T06:09:20Z,1,-27.16246,159.51097,1,1663.5,1,34.61,1,2.8,1,1663.5,1,2.8,1,34.61,1
5905611,2025-10-01T06:09:20Z,1,-27.16246,159.51097,1,1665.5,1,34.61,1,2.799,1,1665.5,1,2.799,1,34.61,1
5905611,2025-10-01T06:09:20Z,1,-27.16246,159.51097,1,1667.6,1,34.61,1,2.798,1,1667.6,1,2.798,1,34.61,1
5905611,2025-10-01T06:09:20Z,1,-27.16246,159.51097,1,1669.3,1,34.61,1,2.794,1,1669.3,1,2.794,1,34.61,1
5905611,2025-10-01T06:09:20Z,1,-27.16246,159.51097,1,1671.4,1,34.612,1,2.785,1,1671.4,1,2.785,1,34.612,1
5905611,2025-10-01T06:09:20Z,1,-27.16246,159.51097,1,1673.6,1,34.612,1,2.78,1,1673.6,1,2.78,1,34.612,1
5905611,2025-10-01T06:09:20Z,1,-27.16246,159.51097,1,1675.2,1,34.613,1,2.775,1,1675.2,1,2.775,1,34.613,1
5905611,2025-10-01T06:09:20Z,1,-27.16246,159.51097,1,1677.3,1,34.613,1,2.77,1,1677.3,1,2.77,1,34.613,1
5905611,2025-10-01T06:09:20Z,1,-27.16246,159.51097,1,1679.4,1,34.613,1,2.769,1,1679.4,1,2.769,1,34.613,1
5905611,2025-10-01T06:09:20Z,1,-27.16246,159.51097,1,1681.2,1,34.613,1,2.768,1,1681.2,1,2.768,1,34.613,1
5905611,2025-10-01T06:09:20Z,1,-27.16246,159.51097,1,1683.3,1,34.613,1,2.764,1,1683.3,1,2.764,1,34.613,1
5905611,2025-10-01T06:09:20Z,1,-27.16246,159.51097,1,1685.4,1,34.614,1,2.759,1,1685.4,1,2.759,1,34.614,1
5905611,2025-10-01T06:09:20Z,1,-27.16246,159.51097,1,1687.2,1,34.614,1,2.755,1,1687.2,1,2.755,1,34.614,1
5905611,2025-10-01T06:09:20Z,1,-27.16246,159.51097,1,1689.3,1,34.615,1,2.751,1,1689.3,1,2.751,1,34.615,1
5905611,2025-10-01T06:09:20Z,1,-27.16246,159.51097,1,1691.5,1,34.615,1,2.75,1,1691.5,1,2.75,1,34.615,1
5905611,2025-10-01T06:09:20Z,1,-27.16246,159.51097,1,1693.2,1,34.615,1,2.748,1,1693.2,1,2.748,1,34.615,1
5905611,2025-10-01T06:09:20Z,1,-27.16246,159.51097,1,1695.3,1,34.615,1,2.747,1,1695.3,1,2.747,1,34.615,1
5905611,2025-10-01T06:09:20Z,1,-27.16246,159.51097,1,1697.5,1,34.615,1,2.743,1,1697.5,1,2.743,1,34.615,1
5905611,2025-10-01T06:09:20Z,1,-27.16246,159.51097,1,1699.2,1,34.616,1,2.741,1,1699.2,1,2.741,1,34.616,1
5905611,2025-10-01T06:09:20Z,1,-27.16246,159.51097,1,1701.4,1,34.616,1,2.739,1,1701.4,1,2.739,1,34.616,1
5905611,2025-10-01T06:09:20Z,1,-27.16246,159.51097,1,1703.6,1,34.616,1,2.737,1,1703.6,1,2.737,1,34.616,1
5905611,2025-10-01T06:09:20Z,1,-27.16246,159.51097,1,1705.4,1,34.616,1,2.736,1,1705.4,1,2.736,1,34.616,1
5905611,2025-10-01T06:09:20Z,1,-27.16246,159.51097,1,1707.1,1,34.616,1,2.735,1,1707.1,1,2.735,1,34.616,1
5905611,2025-10-01T06:09:20Z,1,-27.16246,159.51097,1,1709.3,1,34.617,1,2.733,1,1709.3,1,2.733,1,34.617,1
5905611,2025-10-01T06:09:20Z,1,-27.16246,159.51097,1,1711.5,1,34.617,1,2.732,1,1711.5,1,2.732,1,34.617,1
5905611,2025-10-01T06:09:20Z,1,-27.16246,159.51097,1,1713.3,1,34.617,1,2.73,1,1713.3,1,2.73,1,34.617,1
5905611,2025-10-01T06:09:20Z,1,-27.16246,159.51097,1,1715.1,1,34.617,1,2.727,1,1715.1,1,2.727,1,34.617,1
5905611,2025-10-01T06:09:20Z,1,-27.16246,159.51097,1,1717.4,1,34.618,1,2.72,1,1717.4,1,2.72,1,34.618,1
5905611,2025-10-01T06:09:20Z,1,-27.16246,159.51097,1,1719.6,1,34.618,1,2.717,1,1719.6,1,2.717,1,34.618,1
5905611,2025-10-01T06:09:20Z,1,-27.16246,159.51097,1,1721.4,1,34.618,1,2.714,1,1721.4,1,2.714,1,34.618,1
5905611,2025-10-01T06:09:20Z,1,-27.16246,159.51097,1,1723.2,1,34.619,1,2.711,1,1723.2,1,2.711,1,34.619,1
5905611,2025-10-01T06:09:20Z,1,-27.16246,159.51097,1,1725.5,1,34.619,1,2.706,1,1725.5,1,2.706,1,34.619,1
5905611,2025-10-01T06:09:20Z,1,-27.16246,159.51097,1,1727.7,1,34.619,1,2.702,1,1727.7,1,2.702,1,34.619,1
5905611,2025-10-01T06:09:20Z,1,-27.16246,159.51097,1,1729.5,1,34.62,1,2.698,1,1729.5,1,2.698,1,34.62,1
5905611,2025-10-01T06:09:20Z,1,-27.16246,159.51097,1,1731.3,1,34.621,1,2.69,1,1731.3,1,2.69,1,34.621,1
5905611,2025-10-01T06:09:20Z,1,-27.16246,159.51097,1,1733.3,1,34.621,1,2.687,1,1733.3,1,2.687,1,34.621,1
5905611,2025-10-01T06:09:20Z,1,-27.16246,159.51097,1,1735.6,1,34.622,1,2.679,1,1735.6,1,2.679,1,34.622,1
5905611,2025-10-01T06:09:20Z,1,-27.16246,159.51097,1,1737.6,1,34.623,1,2.669,1,1737.6,1,2.669,1,34.623,1
5905611,2025-10-01T06:09:20Z,1,-27.16246,159.51097,1,1739.6,1,34.623,1,2.666,1,1739.6,1,2.666,1,34.623,1
5905611,2025-10-01T06:09:20Z,1,-27.16246,159.51097,1,1741.6,1,34.624,1,2.665,1,1741.6,1,2.665,1,34.624,1
5905611,2025-10-01T06:09:20Z,1,-27.16246,159.51097,1,1743.5,1,34.624,1,2.662,1,1743.5,1,2.662,1,34.624,1
5905611,2025-10-01T06:09:20Z,1,-27.16246,159.51097,1,1745.5,1,34.625,1,2.655,1,1745.5,1,2.655,1,34.625,1
5905611,2025-10-01T06:09:20Z,1,-27.16246,159.51097,1,1747.2,1,34.625,1,2.651,1,1747.2,1,2.651,1,34.625,1
5905611,2025-10-01T06:09:20Z,1,-27.16246,159.51097,1,1749.3,1,34.625,1,2.649,1,1749.3,1,2.649,1,34.625,1
5905611,2025-10-01T06:09:20Z,1,-27.16246,159.51097,1,1751.3,1,34.626,1,2.647,1,1751.3,1,2.647,1,34.626,1
5905611,2025-10-01T06:09:20Z,1,-27.16246,159.51097,1,1753.4,1,34.626,1,2.643,1,1753.4,1,2.643,1,34.626,1
5905611,2025-10-01T06:09:20Z,1,-27.16246,159.51097,1,1755.5,1,34.626,1,2.64,1,1755.5,1,2.64,1,34.626,1
5905611,2025-10-01T06:09:20Z,1,-27.16246,159.51097,1,1757.5,1,34.626,1,2.637,1,1757.5,1,2.637,1,34.626,1
5905611,2025-10-01T06:09:20Z,1,-27.16246,159.51097,1,1759.6,1,34.627,1,2.631,1,1759.6,1,2.631,1,34.627,1
5905611,2025-10-01T06:09:20Z,1,-27.16246,159.51097,1,1761.3,1,34.627,1,2.629,1,1761.3,1,2.629,1,34.627,1
5905611,2025-10-01T06:09:20Z,1,-27.16246,159.51097,1,1763.4,1,34.628,1,2.625,1,1763.4,1,2.625,1,34.628,1
5905611,2025-10-01T06:09:20Z,1,-27.16246,159.51097,1,1765.5,1,34.628,1,2.618,1,1765.5,1,2.618,1,34.628,1
5905611,2025-10-01T06:09:20Z,1,-27.16246,159.51097,1,1767.2,1,34.629,1,2.617,1,1767.2,1,2.617,1,34.629,1
5905611,2025-10-01T06:09:20Z,1,-27.16246,159.51097,1,1769.4,1,34.629,1,2.617,1,1769.4,1,2.617,1,34.629,1
5905611,2025-10-01T06:09:20Z,1,-27.16246,159.51097,1,1771.5,1,34.629,1,2.615,1,1771.5,1,2.615,1,34.629,1
5905611,2025-10-01T06:09:20Z,1,-27.16246,159.51097,1,1773.2,1,34.629,1,2.614,1,1773.2,1,2.614,1,34.629,1
5905611,2025-10-01T06:09:20Z,1,-27.16246,159.51097,1,1775.4,1,34.629,1,2.613,1,1775.4,1,2.613,1,34.629,1
5905611,2025-10-01T06:09:20Z,1,-27.16246,159.51097,1,1777.5,1,34.629,1,2.612,1,1777.5,1,2.612,1,34.629,1
5905611,2025-10-01T06:09:20Z,1,-27.16246,159.51097,1,1779.2,1,34.63,1,2.609,1,1779.2,1,2.609,1,34.63,1
5905611,2025-10-01T06:09:20Z,1,-27.16246,159.51097,1,1781.3,1,34.631,1,2.604,1,1781.3,1,2.604,1,34.631,1
5905611,2025-10-01T06:09:20Z,1,-27.16246,159.51097,1,1783.5,1,34.631,1,2.602,1,1783.5,1,2.602,1,34.631,1
5905611,2025-10-01T06:09:20Z,1,-27.16246,159.51097,1,1785.2,1,34.631,1,2.6,1,1785.2,1,2.6,1,34.631,1
5905611,2025-10-01T06:09:20Z,1,-27.16246,159.51097,1,1787.4,1,34.631,1,2.598,1,1787.4,1,2.598,1,34.631,1
5905611,2025-10-01T06:09:20Z,1,-27.16246,159.51097,1,1789.6,1,34.631,1,2.596,1,1789.6,1,2.596,1,34.631,1
5905611,2025-10-01T06:09:20Z,1,-27.16246,159.51097,1,1791.3,1,34.632,1,2.595,1,1791.3,1,2.595,1,34.632,1
5905611,2025-10-01T06:09:20Z,1,-27.16246,159.51097,1,1793.5,1,34.631,1,2.595,1,1793.5,1,2.595,1,34.631,1
5905611,2025-10-01T06:09:20Z,1,-27.16246,159.51097,1,1795.7,1,34.631,1,2.593,1,1795.7,1,2.593,1,34.631,1
5905611,2025-10-01T06:09:20Z,1,-27.16246,159.51097,1,1797.4,1,34.632,1,2.592,1,1797.4,1,2.592,1,34.632,1
5905611,2025-10-01T06:09:20Z,1,-27.16246,159.51097,1,1799.2,1,34.632,1,2.59,1,1799.2,1,2.59,1,34.632,1
5905611,2025-10-01T06:09:20Z,1,-27.16246,159.51097,1,1801.5,1,34.632,1,2.585,1,1801.5,1,2.585,1,34.632,1
5905611,2025-10-01T06:09:20Z,1,-27.16246,159.51097,1,1803.7,1,34.633,1,2.579,1,1803.7,1,2.579,1,34.633,1
5905611,2025-10-01T06:09:20Z,1,-27.16246,159.51097,1,1805.5,1,34.634,1,2.574,1,1805.5,1,2.574,1,34.634,1
5905611,2025-10-01T06:09:20Z,1,-27.16246,159.51097,1,1807.3,1,34.634,1,2.573,1,1807.3,1,2.573,1,34.634,1
5905611,2025-10-01T06:09:20Z,1,-27.16246,159.51097,1,1809.2,1,34.634,1,2.571,1,1809.2,1,2.571,1,34.634,1
5905611,2025-10-01T06:09:20Z,1,-27.16246,159.51097,1,1811.1,1,34.634,1,2.569,1,1811.1,1,2.569,1,34.634,1
5905611,2025-10-01T06:09:20Z,1,-27.16246,159.51097,1,1813.3,1,34.634,1,2.567,1,1813.3,1,2.567,1,34.634,1
5905611,2025-10-01T06:09:20Z,1,-27.16246,159.51097,1,1815.3,1,34.635,1,2.564,1,1815.3,1,2.564,1,34.635,1
5905611,2025-10-01T06:09:20Z,1,-27.16246,159.51097,1,1817.2,1,34.635,1,2.561,1,1817.2,1,2.561,1,34.635,1
5905611,2025-10-01T06:09:20Z,1,-27.16246,159.51097,1,1819.6,1,34.635,1,2.559,1,1819.6,1,2.559,1,34.635,1
5905611,2025-10-01T06:09:20Z,1,-27.16246,159.51097,1,1821.6,1,34.636,1,2.556,1,1821.6,1,2.556,1,34.636,1
5905611,2025-10-01T06:09:20Z,1,-27.16246,159.51097,1,1823.6,1,34.636,1,2.554,1,1823.6,1,2.554,1,34.636,1
5905611,2025-10-01T06:09:20Z,1,-27.16246,159.51097,1,1825.6,1,34.637,1,2.551,1,1825.6,1,2.551,1,34.637,1
5905611,2025-10-01T06:09:20Z,1,-27.16246,159.51097,1,1827.4,1,34.637,1,2.546,1,1827.4,1,2.546,1,34.637,1
5905611,2025-10-01T06:09:20Z,1,-27.16246,159.51097,1,1829.4,1,34.637,1,2.544,1,1829.4,1,2.544,1,34.637,1
5905611,2025-10-01T06:09:20Z,1,-27.16246,159.51097,1,1831.4,1,34.637,1,2.543,1,1831.4,1,2.543,1,34.637,1
5905611,2025-10-01T06:09:20Z,1,-27.16246,159.51097,1,1833.5,1,34.637,1,2.541,1,1833.5,1,2.541,1,34.637,1
5905611,2025-10-01T06:09:20Z,1,-27.16246,159.51097,1,1835.5,1,34.638,1,2.54,1,1835.5,1,2.54,1,34.638,1
5905611,2025-10-01T06:09:20Z,1,-27.16246,159.51097,1,1837.5,1,34.638,1,2.538,1,1837.5,1,2.538,1,34.638,1
5905611,2025-10-01T06:09:20Z,1,-27.16246,159.51097,1,1839.6,1,34.638,1,2.535,1,1839.6,1,2.535,1,34.638,1
5905611,2025-10-01T06:09:20Z,1,-27.16246,159.51097,1,1841.6,1,34.639,1,2.533,1,1841.6,1,2.533,1,34.639,1
5905611,2025-10-01T06:09:20Z,1,-27.16246,159.51097,1,1843.7,1,34.638,1,2.531,1,1843.7,1,2.531,1,34.638,1
5905611,2025-10-01T06:09:20Z,1,-27.16246,159.51097,1,1845.3,1,34.639,1,2.531,1,1845.3,1,2.531,1,34.639,1
5905611,2025-10-01T06:09:20Z,1,-27.16246,159.51097,1,1847.4,1,34.639,1,2.529,1,1847.4,1,2.529,1,34.639,1
5905611,2025-10-01T06:09:20Z,1,-27.16246,159.51097,1,1849.5,1,34.639,1,2.527,1,1849.5,1,2.527,1,34.639,1
5905611,2025-10-01T06:09:20Z,1,-27.16246,159.51097,1,1851.2,1,34.639,1,2.524,1,1851.2,1,2.524,1,34.639,1
5905611,2025-10-01T06:09:20Z,1,-27.16246,159.51097,1,1853.3,1,34.64,1,2.522,1,1853.3,1,2.522,1,34.64,1
5905611,2025-10-01T06:09:20Z,1,-27.16246,159.51097,1,1855.4,1,34.64,1,2.519,1,1855.4,1,2.519,1,34.64,1
5905611,2025-10-01T06:09:20Z,1,-27.16246,159.51097,1,1857.5,1,34.64,1,2.517,1,1857.5,1,2.517,1,34.64,1
5905611,2025-10-01T06:09:20Z,1,-27.16246,159.51097,1,1859.6,1,34.64,1,2.515,1,1859.6,1,2.515,1,34.64,1
5905611,2025-10-01T06:09:20Z,1,-27.16246,159.51097,1,1861.2,1,34.641,1,2.512,1,1861.2,1,2.512,1,34.641,1
5905611,2025-10-01T06:09:20Z,1,-27.16246,159.51097,1,1863.3,1,34.641,1,2.51,1,1863.3,1,2.51,1,34.641,1
5905611,2025-10-01T06:09:20Z,1,-27.16246,159.51097,1,1865.5,1,34.642,1,2.507,1,1865.5,1,2.507,1,34.642,1
5905611,2025-10-01T06:09:20Z,1,-27.16246,159.51097,1,1867.2,1,34.642,1,2.507,1,1867.2,1,2.507,1,34.642,1
5905611,2025-10-01T06:09:20Z,1,-27.16246,159.51097,1,1869.3,1,34.642,1,2.505,1,1869.3,1,2.505,1,34.642,1
5905611,2025-10-01T06:09:20Z,1,-27.16246,159.51097,1,1871.4,1,34.642,1,2.504,1,1871.4,1,2.504,1,34.642,1
5905611,2025-10-01T06:09:20Z,1,-27.16246,159.51097,1,1873.5,1,34.642,1,2.502,1,1873.5,1,2.502,1,34.642,1
5905611,2025-10-01T06:09:20Z,1,-27.16246,159.51097,1,1875.6,1,34.642,1,2.501,1,1875.6,1,2.501,1,34.642,1
5905611,2025-10-01T06:09:20Z,1,-27.16246,159.51097,1,1877.3,1,34.642,1,2.499,1,1877.3,1,2.499,1,34.642,1
5905611,2025-10-01T06:09:20Z,1,-27.16246,159.51097,1,1879.5,1,34.643,1,2.499,1,1879.5,1,2.499,1,34.643,1
5905611,2025-10-01T06:09:20Z,1,-27.16246,159.51097,1,1881.7,1,34.643,1,2.496,1,1881.7,1,2.496,1,34.643,1
5905611,2025-10-01T06:09:20Z,1,-27.16246,159.51097,1,1883.4,1,34.644,1,2.494,1,1883.4,1,2.494,1,34.644,1
5905611,2025-10-01T06:09:20Z,1,-27.16246,159.51097,1,1885.2,1,34.644,1,2.491,1,1885.2,1,2.491,1,34.644,1
5905611,2025-10-01T06:09:20Z,1,-27.16246,159.51097,1,1887.4,1,34.644,1,2.489,1,1887.4,1,2.489,1,34.644,1
5905611,2025-10-01T06:09:20Z,1,-27.16246,159.51097,1,1889.6,1,34.644,1,2.486,1,1889.6,1,2.486,1,34.644,1
5905611,2025-10-01T06:09:20Z,1,-27.16246,159.51097,1,1891.4,1,34.644,1,2.486,1,1891.4,1,2.486,1,34.644,1
5905611,2025-10-01T06:09:20Z,1,-27.16246,159.51097,1,1893.2,1,34.645,1,2.484,1,1893.2,1,2.484,1,34.645,1
5905611,2025-10-01T06:09:20Z,1,-27.16246,159.51097,1,1895.4,1,34.645,1,2.482,1,1895.4,1,2.482,1,34.645,1
5905611,2025-10-01T06:09:20Z,1,-27.16246,159.51097,1,1897.6,1,34.645,1,2.48,1,1897.6,1,2.48,1,34.645,1
5905611,2025-10-01T06:09:20Z,1,-27.16246,159.51097,1,1899.4,1,34.645,1,2.476,1,1899.4,1,2.476,1,34.645,1
5905611,2025-10-01T06:09:20Z,1,-27.16246,159.51097,1,1901.2,1,34.645,1,2.474,1,1901.2,1,2.474,1,34.645,1
5905611,2025-10-01T06:09:20Z,1,-27.16246,159.51097,1,1903.5,1,34.646,1,2.474,1,1903.5,1,2.474,1,34.646,1
5905611,2025-10-01T06:09:20Z,1,-27.16246,159.51097,1,1905.7,1,34.646,1,2.473,1,1905.7,1,2.473,1,34.646,1
5905611,2025-10-01T06:09:20Z,1,-27.16246,159.51097,1,1907.4,1,34.646,1,2.47,1,1907.4,1,2.47,1,34.646,1
5905611,2025-10-01T06:09:20Z,1,-27.16246,159.51097,1,1909.2,1,34.646,1,2.47,1,1909.2,1,2.47,1,34.646,1
5905611,2025-10-01T06:09:20Z,1,-27.16246,159.51097,1,1911.5,1,34.646,1,2.468,1,1911.5,1,2.468,1,34.646,1
5905611,2025-10-01T06:09:20Z,1,-27.16246,159.51097,1,1913.7,1,34.646,1,2.465,1,1913.7,1,2.465,1,34.646,1
5905611,2025-10-01T06:09:20Z,1,-27.16246,159.51097,1,1915.4,1,34.646,1,2.462,1,1915.4,1,2.462,1,34.646,1
5905611,2025-10-01T06:09:20Z,1,-27.16246,159.51097,1,1917.2,1,34.647,1,2.458,1,1917.2,1,2.458,1,34.647,1
5905611,2025-10-01T06:09:20Z,1,-27.16246,159.51097,1,1919.5,1,34.647,1,2.456,1,1919.5,1,2.456,1,34.647,1
5905611,2025-10-01T06:09:20Z,1,-27.16246,159.51097,1,1921.7,1,34.647,1,2.454,1,1921.7,1,2.454,1,34.647,1
5905611,2025-10-01T06:09:20Z,1,-27.16246,159.51097,1,1923.4,1,34.647,1,2.454,1,1923.4,1,2.454,1,34.647,1
5905611,2025-10-01T06:09:20Z,1,-27.16246,159.51097,1,1925.2,1,34.647,1,2.454,1,1925.2,1,2.454,1,34.647,1
5905611,2025-10-01T06:09:20Z,1,-27.16246,159.51097,1,1927.4,1,34.647,1,2.453,1,1927.4,1,2.453,1,34.647,1
5905611,2025-10-01T06:09:20Z,1,-27.16246,159.51097,1,1929.6,1,34.648,1,2.451,1,1929.6,1,2.451,1,34.648,1
5905611,2025-10-01T06:09:20Z,1,-27.16246,159.51097,1,1931.3,1,34.648,1,2.45,1,1931.3,1,2.45,1,34.648,1
5905611,2025-10-01T06:09:20Z,1,-27.16246,159.51097,1,1933.1,1,34.648,1,2.45,1,1933.1,1,2.45,1,34.648,1
5905611,2025-10-01T06:09:20Z,1,-27.16246,159.51097,1,1935.3,1,34.648,1,2.448,1,1935.3,1,2.448,1,34.648,1
5905611,2025-10-01T06:09:20Z,1,-27.16246,159.51097,1,1937.5,1,34.648,1,2.447,1,1937.5,1,2.447,1,34.648,1
5905611,2025-10-01T06:09:20Z,1,-27.16246,159.51097,1,1939.3,1,34.648,1,2.446,1,1939.3,1,2.446,1,34.648,1
5905611,2025-10-01T06:09:20Z,1,-27.16246,159.51097,1,1941.5,1,34.648,1,2.443,1,1941.5,1,2.443,1,34.648,1
5905611,2025-10-01T06:09:20Z,1,-27.16246,159.51097,1,1943.7,1,34.649,1,2.439,1,1943.7,1,2.439,1,34.649,1
5905611,2025-10-01T06:09:20Z,1,-27.16246,159.51097,1,1945.5,1,34.649,1,2.439,1,1945.5,1,2.439,1,34.649,1
5905611,2025-10-01T06:09:20Z,1,-27.16246,159.51097,1,1947.2,1,34.649,1,2.438,1,1947.2,1,2.438,1,34.649,1
5905611,2025-10-01T06:09:20Z,1,-27.16246,159.51097,1,1949.5,1,34.649,1,2.437,1,1949.5,1,2.437,1,34.649,1
5905611,2025-10-01T06:09:20Z,1,-27.16246,159.51097,1,1951.7,1,34.65,1,2.435,1,1951.7,1,2.435,1,34.65,1
5905611,2025-10-01T06:09:20Z,1,-27.16246,159.51097,1,1953.5,1,34.65,1,2.432,1,1953.5,1,2.432,1,34.65,1
5905611,2025-10-01T06:09:20Z,1,-27.16246,159.51097,1,1955.2,1,34.65,1,2.43,1,1955.2,1,2.43,1,34.65,1
5905611,2025-10-01T06:09:20Z,1,-27.16246,159.51097,1,1957.5,1,34.651,1,2.427,1,1957.5,1,2.427,1,34.651,1
5905611,2025-10-01T06:09:20Z,1,-27.16246,159.51097,1,1959.7,1,34.651,1,2.425,1,1959.7,1,2.425,1,34.651,1
5905611,2025-10-01T06:09:20Z,1,-27.16246,159.51097,1,1961.4,1,34.651,1,2.422,1,1961.4,1,2.422,1,34.651,1
5905611,2025-10-01T06:09:20Z,1,-27.16246,159.51097,1,1963.5,1,34.652,1,2.42,1,1963.5,1,2.42,1,34.652,1
5905611,2025-10-01T06:09:20Z,1,-27.16246,159.51097,1,1965.7,1,34.652,1,2.418,1,1965.7,1,2.418,1,34.652,1
5905611,2025-10-01T06:09:20Z,1,-27.16246,159.51097,1,1967.4,1,34.653,1,2.416,1,1967.4,1,2.416,1,34.653,1
5905611,2025-10-01T06:09:20Z,1,-27.16246,159.51097,1,1969.5,1,34.653,1,2.414,1,1969.5,1,2.414,1,34.653,1
5905611,2025-10-01T06:09:20Z,1,-27.16246,159.51097,1,1971.7,1,34.653,1,2.412,1,1971.7,1,2.412,1,34.653,1
5905611,2025-10-01T06:09:20Z,1,-27.16246,159.51097,1,1973.4,1,34.653,1,2.41,1,1973.4,1,2.41,1,34.653,1
5905611,2025-10-01T06:09:20Z,1,-27.16246,159.51097,1,1975.1,1,34.653,1,2.41,1,1975.1,1,2.41,1,34.653,1
5905611,2025-10-01T06:09:20Z,1,-27.16246,159.51097,1,1977.3,1,34.653,1,2.407,1,1977.3,1,2.407,1,34.653,1
5905611,2025-10-01T06:09:20Z,1,-27.16246,159.51097,1,1979.5,1,34.654,1,2.406,1,1979.5,1,2.406,1,34.654,1
5905611,2025-10-01T06:09:20Z,1,-27.16246,159.51097,1,1981.2,1,34.654,1,2.405,1,1981.2,1,2.405,1,34.654,1
5905611,2025-10-01T06:09:20Z,1,-27.16246,159.51097,1,1983.4,1,34.654,1,2.404,1,1983.4,1,2.404,1,34.654,1
5905611,2025-10-01T06:09:20Z,1,-27.16246,159.51097,1,1985.6,1,34.655,1,2.4,1,1985.6,1,2.4,1,34.655,1
5905611,2025-10-01T06:09:20Z,1,-27.16246,159.51097,1,1987.3,1,34.655,1,2.399,1,1987.3,1,2.399,1,34.655,1
5905611,2025-10-01T06:09:20Z,1,-27.16246,159.51097,1,1989.5,1,34.656,1,2.397,1,1989.5,1,2.397,1,34.656,1
5905611,2025-10-01T06:09:20Z,1,-27.16246,159.51097,1,1991.7,1,34.655,1,2.397,1,1991.7,1,2.397,1,34.655,1
5905611,2025-10-01T06:09:20Z,1,-27.16246,159.51097,1,1993.4,1,34.655,1,2.396,1,1993.4,1,2.396,1,34.655,1
5905611,2025-10-01T06:09:20Z,1,-27.16246,159.51097,1,1995.2,1,34.657,1,2.391,1,1995.2,1,2.391,1,34.657,1
5905611,2025-10-01T06:09:20Z,1,-27.16246,159.51097,1,1997.4,1,34.656,1,2.388,1,1997.4,1,2.388,1,34.656,1
5905611,2025-10-01T06:09:20Z,1,-27.16246,159.51097,1,1999.4,1,34.657,1,2.384,1,1999.4,1,2.384,1,34.657,1
5905611,2025-10-01T06:09:20Z,1,-27.16246,159.51097,1,2001.3,1,34.657,1,2.382,1,2001.3,1,2.382,1,34.657,1
5905611,2025-10-01T06:09:20Z,1,-27.16246,159.51097,1,2003.6,1,34.657,1,2.382,1,2003.6,1,2.382,1,34.657,1
5905611,2025-10-01T06:09:20Z,1,-27.16246,159.51097,1,2005.5,1,34.658,1,2.379,1,2005.5,1,2.379,1,34.658,1
5905611,2025-10-01T06:09:20Z,1,-27.16246,159.51097,1,2007.3,1,34.658,1,2.378,1,2007.3,1,2.378,1,34.658,1
5905611,2025-10-01T06:09:20Z,1,-27.16246,159.51097,1,2009.2,1,34.658,1,2.377,1,2009.2,1,2.377,1,34.658,1
5905611,2025-10-01T06:09:20Z,1,-27.16246,159.51097,1,2011.4,1,34.658,1,2.375,1,2011.4,1,2.375,1,34.658,1
5905611,2025-10-01T06:09:20Z,1,-27.16246,159.51097,1,2013.5,1,34.658,1,2.374,1,2013.5,1,2.374,1,34.658,1
5905611,2025-10-01T06:09:20Z,1,-27.16246,159.51097,1,2015.3,1,34.658,1,2.372,1,2015.3,1,2.372,1,34.658,1
5905611,2025-10-01T06:09:20Z,1,-27.16246,159.51097,1,2017.5,1,34.658,1,2.37,1,2017.5,1,2.37,1,34.658,1
5905611,2025-10-01T06:09:20Z,1,-27.16246,159.51097,1,2019.7,1,34.659,1,2.369,1,2019.7,1,2.369,1,34.659,1
5905611,2025-10-01T06:09:20Z,1,-27.16246,159.51097,1,2021.4,1,34.658,1,2.368,1,2021.4,1,2.368,1,34.658,1
5905611,2025-10-01T06:09:20Z,1,-27.16246,159.51097,1,2023.5,1,34.659,1,2.365,1,2023.5,1,2.365,1,34.659,1
5905611,2025-10-11T00:42:20Z,1,-27.19956,159.28151,1,0.3,1,35.659,1,22.52,1,0.3,1,22.52,1,35.659,1
5905611,2025-10-11T00:42:20Z,1,-27.19956,159.28151,1,1.4,1,35.663,1,22.499,1,1.4,1,22.499,1,35.663,1
5905611,2025-10-11T00:42:20Z,1,-27.19956,159.28151,1,3.3,1,35.664,1,22.47,1,3.3,1,22.47,1,35.664,1
5905611,2025-10-11T00:42:20Z,1,-27.19956,159.28151,1,4.6,1,35.692,1,22.413,1,4.6,1,22.413,1,35.692,1
5905611,2025-10-11T00:42:20Z,1,-27.19956,159.28151,1,5.6,1,35.69,1,22.406,1,5.6,1,22.406,1,35.69,1
5905611,2025-10-11T00:42:20Z,1,-27.19956,159.28151,1,7.0,1,35.693,1,22.388,1,7.0,1,22.388,1,35.693,1
5905611,2025-10-11T00:42:20Z,1,-27.19956,159.28151,1,9.0,1,35.691,1,22.372,1,9.0,1,22.372,1,35.691,1
5905611,2025-10-11T00:42:20Z,1,-27.19956,159.28151,1,11.1,1,35.691,1,22.35,1,11.1,1,22.35,1,35.691,1
5905611,2025-10-11T00:42:20Z,1,-27.19956,159.28151,1,13.2,1,35.691,1,22.336,1,13.2,1,22.336,1,35.691,1
5905611,2025-10-11T00:42:20Z,1,-27.19956,159.28151,1,15.4,1,35.69,1,22.317,1,15.4,1,22.317,1,35.69,1
5905611,2025-10-11T00:42:20Z,1,-27.19956,159.28151,1,17.6,1,35.688,1,22.306,1,17.6,1,22.306,1,35.688,1
5905611,2025-10-11T00:42:20Z,1,-27.19956,159.28151,1,19.3,1,35.689,1,22.299,1,19.3,1,22.299,1,35.689,1
5905611,2025-10-11T00:42:20Z,1,-27.19956,159.28151,1,21.0,1,35.687,1,22.294,1,21.0,1,22.294,1,35.687,1
5905611,2025-10-11T00:42:20Z,1,-27.19956,159.28151,1,23.2,1,35.686,1,22.288,1,23.2,1,22.288,1,35.686,1
5905611,2025-10-11T00:42:20Z,1,-27.19956,159.28151,1,25.5,1,35.682,1,22.268,1,25.5,1,22.268,1,35.682,1
5905611,2025-10-11T00:42:20Z,1,-27.19956,159.28151,1,27.7,1,35.68,1,22.238,1,27.7,1,22.238,1,35.68,1
5905611,2025-10-11T00:42:20Z,1,-27.19956,159.28151,1,29.4,1,35.676,1,22.208,1,29.4,1,22.208,1,35.676,1
5905611,2025-10-11T00:42:20Z,1,-27.19956,159.28151,1,31.0,1,35.675,1,22.172,1,31.0,1,22.172,1,35.675,1
5905611,2025-10-11T00:42:20Z,1,-27.19956,159.28151,1,33.3,1,35.676,1,22.159,1,33.3,1,22.159,1,35.676,1
5905611,2025-10-11T00:42:20Z,1,-27.19956,159.28151,1,35.5,1,35.675,1,22.147,1,35.5,1,22.147,1,35.675,1
5905611,2025-10-11T00:42:20Z,1,-27.19956,159.28151,1,37.7,1,35.673,1,22.135,1,37.7,1,22.135,1,35.673,1
5905611,2025-10-11T00:42:20Z,1,-27.19956,159.28151,1,39.4,1,35.672,1,22.127,1,39.4,1,22.127,1,35.672,1
5905611,2025-10-11T00:42:20Z,1,-27.19956,159.28151,1,41.0,1,35.671,1,22.103,1,41.0,1,22.103,1,35.671,1
5905611,2025-10-11T00:42:20Z,1,-27.19956,159.28151,1,43.2,1,35.663,1,22.049,1,43.2,1,22.049,1,35.663,1
5905611,2025-10-11T00:42:20Z,1,-27.19956,159.28151,1,45.3,1,35.661,1,22.025,1,45.3,1,22.025,1,35.661,1
5905611,2025-10-11T00:42:20Z,1,-27.19956,159.28151,1,47.5,1,35.665,1,21.914,1,47.5,1,21.914,1,35.665,1
5905611,2025-10-11T00:42:20Z,1,-27.19956,159.28151,1,49.4,1,35.664,1,21.785,1,49.4,1,21.785,1,35.664,1
5905611,2025-10-11T00:42:20Z,1,-27.19956,159.28151,1,51.4,1,35.672,1,21.676,1,51.4,1,21.676,1,35.672,1
5905611,2025-10-11T00:42:20Z,1,-27.19956,159.28151,1,53.4,1,35.687,1,21.602,1,53.4,1,21.602,1,35.687,1
5905611,2025-10-11T00:42:20Z,1,-27.19956,159.28151,1,55.4,1,35.695,1,21.568,1,55.4,1,21.568,1,35.695,1
5905611,2025-10-11T00:42:20Z,1,-27.19956,159.28151,1,57.5,1,35.708,1,21.49,1,57.5,1,21.49,1,35.708,1
5905611,2025-10-11T00:42:20Z,1,-27.19956,159.28151,1,59.2,1,35.711,1,21.46,1,59.2,1,21.46,1,35.711,1
5905611,2025-10-11T00:42:20Z,1,-27.19956,159.28151,1,61.5,1,35.712,1,21.422,1,61.5,1,21.422,1,35.712,1
5905611,2025-10-11T00:42:20Z,1,-27.19956,159.28151,1,63.7,1,35.718,1,21.399,1,63.7,1,21.399,1,35.718,1
5905611,2025-10-11T00:42:20Z,1,-27.19956,159.28151,1,65.5,1,35.714,1,21.38,1,65.5,1,21.38,1,35.714,1
5905611,2025-10-11T00:42:20Z,1,-27.19956,159.28151,1,67.3,1,35.711,1,21.364,1,67.3,1,21.364,1,35.711,1
5905611,2025-10-11T00:42:20Z,1,-27.19956,159.28151,1,69.1,1,35.709,1,21.347,1,69.1,1,21.347,1,35.709,1
5905611,2025-10-11T00:42:20Z,1,-27.19956,159.28151,1,71.5,1,35.708,1,21.302,1,71.5,1,21.302,1,35.708,1
5905611,2025-10-11T00:42:20Z,1,-27.19956,159.28151,1,73.7,1,35.703,1,21.222,1,73.7,1,21.222,1,35.703,1
5905611,2025-10-11T00:42:20Z,1,-27.19956,159.28151,1,75.4,1,35.701,1,21.167,1,75.4,1,21.167,1,35.701,1
5905611,2025-10-11T00:42:20Z,1,-27.19956,159.28151,1,77.2,1,35.699,1,21.129,1,77.2,1,21.129,1,35.699,1
5905611,2025-10-11T00:42:20Z,1,-27.19956,159.28151,1,79.1,1,35.7,1,21.111,1,79.1,1,21.111,1,35.7,1
5905611,2025-10-11T00:42:20Z,1,-27.19956,159.28151,1,81.3,1,35.7,1,21.09,1,81.3,1,21.09,1,35.7,1
5905611,2025-10-11T00:42:20Z,1,-27.19956,159.28151,1,83.6,1,35.702,1,21.002,1,83.6,1,21.002,1,35.702,1
5905611,2025-10-11T00:42:20Z,1,-27.19956,159.28151,1,85.6,1,35.698,1,20.914,1,85.6,1,20.914,1,35.698,1
5905611,2025-10-11T00:42:20Z,1,-27.19956,159.28151,1,87.6,1,35.696,1,20.88,1,87.6,1,20.88,1,35.696,1
5905611,2025-10-11T00:42:20Z,1,-27.19956,159.28151,1,89.4,1,35.695,1,20.844,1,89.4,1,20.844,1,35.695,1
5905611,2025-10-11T00:42:20Z,1,-27.19956,159.28151,1,91.4,1,35.697,1,20.79,1,91.4,1,20.79,1,35.697,1
5905611,2025-10-11T00:42:20Z,1,-27.19956,159.28151,1,93.3,1,35.694,1,20.745,1,93.3,1,20.745,1,35.694,1
5905611,2025-10-11T00:42:20Z,1,-27.19956,159.28151,1,95.3,1,35.7,1,20.701,1,95.3,1,20.701,1,35.7,1
5905611,2025-10-11T00:42:20Z,1,-27.19956,159.28151,1,97.3,1,35.698,1,20.643,1,97.3,1,20.643,1,35.698,1
5905611,2025-10-11T00:42:20Z,1,-27.19956,159.28151,1,99.2,1,35.693,1,20.612,1,99.2,1,20.612,1,35.693,1
5905611,2025-10-11T00:42:20Z,1,-27.19956,159.28151,1,101.1,1,35.692,1,20.59,1,101.1,1,20.59,1,35.692,1
5905611,2025-10-11T00:42:20Z,1,-27.19956,159.28151,1,103.4,1,35.693,1,20.561,1,103.4,1,20.561,1,35.693,1
5905611,2025-10-11T00:42:20Z,1,-27.19956,159.28151,1,105.8,1,35.69,1,20.504,1,105.8,1,20.504,1,35.69,1
5905611,2025-10-11T00:42:20Z,1,-27.19956,159.28151,1,107.6,1,35.689,1,20.468,1,107.6,1,20.468,1,35.689,1
5905611,2025-10-11T00:42:20Z,1,-27.19956,159.28151,1,109.5,1,35.69,1,20.442,1,109.5,1,20.442,1,35.69,1
5905611,2025-10-11T00:42:20Z,1,-27.19956,159.28151,1,111.5,1,35.689,1,20.402,1,111.5,1,20.402,1,35.689,1
5905611,2025-10-11T00:42:20Z,1,-27.19956,159.28151,1,113.5,1,35.689,1,20.377,1,113.5,1,20.377,1,35.689,1
5905611,2025-10-11T00:42:20Z,1,-27.19956,159.28151,1,115.4,1,35.687,1,20.334,1,115.4,1,20.334,1,35.687,1
5905611,2025-10-11T00:42:20Z,1,-27.19956,159.28151,1,117.4,1,35.684,1,20.322,1,117.4,1,20.322,1,35.684,1
5905611,2025-10-11T00:42:20Z,1,-27.19956,159.28151,1,119.3,1,35.681,1,20.309,1,119.3,1,20.309,1,35.681,1
5905611,2025-10-11T00:42:20Z,1,-27.19956,159.28151,1,121.3,1,35.678,1,20.299,1,121.3,1,20.299,1,35.678,1
5905611,2025-10-11T00:42:20Z,1,-27.19956,159.28151,1,123.3,1,35.676,1,20.272,1,123.3,1,20.272,1,35.676,1
5905611,2025-10-11T00:42:20Z,1,-27.19956,159.28151,1,125.3,1,35.676,1,20.257,1,125.3,1,20.257,1,35.676,1
5905611,2025-10-11T00:42:20Z,1,-27.19956,159.28151,1,127.3,1,35.676,1,20.244,1,127.3,1,20.244,1,35.676,1
5905611,2025-10-11T00:42:20Z,1,-27.19956,159.28151,1,129.4,1,35.673,1,20.228,1,129.4,1,20.228,1,35.673,1
5905611,2025-10-11T00:42:20Z,1,-27.19956,159.28151,1,131.5,1,35.674,1,20.214,1,131.5,1,20.214,1,35.674,1
5905611,2025-10-11T00:42:20Z,1,-27.19956,159.28151,1,133.5,1,35.674,1,20.199,1,133.5,1,20.199,1,35.674,1
5905611,2025-10-11T00:42:20Z,1,-27.19956,159.28151,1,135.5,1,35.672,1,20.196,1,135.5,1,20.196,1,35.672,1
5905611,2025-10-11T00:42:20Z,1,-27.19956,159.28151,1,137.6,1,35.672,1,20.186,1,137.6,1,20.186,1,35.672,1
5905611,2025-10-11T00:42:20Z,1,-27.19956,159.28151,1,139.6,1,35.672,1,20.172,1,139.6,1,20.172,1,35.672,1
5905611,2025-10-11T00:42:20Z,1,-27.19956,159.28151,1,141.7,1,35.673,1,20.15,1,141.7,1,20.15,1,35.673,1
5905611,2025-10-11T00:42:20Z,1,-27.19956,159.28151,1,143.7,1,35.672,1,20.122,1,143.7,1,20.122,1,35.672,1
5905611,2025-10-11T00:42:20Z,1,-27.19956,159.28151,1,145.6,1,35.673,1,20.112,1,145.6,1,20.112,1,35.673,1
5905611,2025-10-11T00:42:20Z,1,-27.19956,159.28151,1,147.7,1,35.673,1,20.106,1,147.7,1,20.106,1,35.673,1
5905611,2025-10-11T00:42:20Z,1,-27.19956,159.28151,1,149.4,1,35.671,1,20.092,1,149.4,1,20.092,1,35.671,1
5905611,2025-10-11T00:42:20Z,1,-27.19956,159.28151,1,151.0,1,35.67,1,20.088,1,151.0,1,20.088,1,35.67,1
5905611,2025-10-11T00:42:20Z,1,-27.19956,159.28151,1,153.2,1,35.671,1,20.079,1,153.2,1,20.079,1,35.671,1
5905611,2025-10-11T00:42:20Z,1,-27.19956,159.28151,1,155.4,1,35.672,1,20.07,1,155.4,1,20.07,1,35.672,1
5905611,2025-10-11T00:42:20Z,1,-27.19956,159.28151,1,157.6,1,35.672,1,20.067,1,157.6,1,20.067,1,35.672,1
5905611,2025-10-11T00:42:20Z,1,-27.19956,159.28151,1,159.6,1,35.672,1,20.062,1,159.6,1,20.062,1,35.672,1
5905611,2025-10-11T00:42:20Z,1,-27.19956,159.28151,1,161.7,1,35.67,1,20.057,1,161.7,1,20.057,1,35.67,1
5905611,2025-10-11T00:42:20Z,1,-27.19956,159.28151,1,163.8,1,35.668,1,20.027,1,163.8,1,20.027,1,35.668,1
5905611,2025-10-11T00:42:20Z,1,-27.19956,159.28151,1,165.5,1,35.667,1,20.01,1,165.5,1,20.01,1,35.667,1
5905611,2025-10-11T00:42:20Z,1,-27.19956,159.28151,1,167.0,1,35.667,1,19.996,1,167.0,1,19.996,1,35.667,1
5905611,2025-10-11T00:42:20Z,1,-27.19956,159.28151,1,169.2,1,35.668,1,19.982,1,169.2,1,19.982,1,35.668,1
5905611,2025-10-11T00:42:20Z,1,-27.19956,159.28151,1,171.3,1,35.667,1,19.974,1,171.3,1,19.974,1,35.667,1
5905611,2025-10-11T00:42:20Z,1,-27.19956,159.28151,1,173.6,1,35.666,1,19.967,1,173.6,1,19.967,1,35.666,1
5905611,2025-10-11T00:42:20Z,1,-27.19956,159.28151,1,175.8,1,35.666,1,19.952,1,175.8,1,19.952,1,35.666,1
5905611,2025-10-11T00:42:20Z,1,-27.19956,159.28151,1,177.5,1,35.665,1,19.941,1,177.5,1,19.941,1,35.665,1
5905611,2025-10-11T00:42:20Z,1,-27.19956,159.28151,1,179.1,1,35.663,1,19.931,1,179.1,1,19.931,1,35.663,1
5905611,2025-10-11T00:42:20Z,1,-27.19956,159.28151,1,181.2,1,35.663,1,19.906,1,181.2,1,19.906,1,35.663,1
5905611,2025-10-11T00:42:20Z,1,-27.19956,159.28151,1,183.3,1,35.663,1,19.883,1,183.3,1,19.883,1,35.663,1
5905611,2025-10-11T00:42:20Z,1,-27.19956,159.28151,1,185.5,1,35.661,1,19.835,1,185.5,1,19.835,1,35.661,1
5905611,2025-10-11T00:42:20Z,1,-27.19956,159.28151,1,187.7,1,35.662,1,19.797,1,187.7,1,19.797,1,35.662,1
5905611,2025-10-11T00:42:20Z,1,-27.19956,159.28151,1,189.4,1,35.665,1,19.799,1,189.4,1,19.799,1,35.665,1
5905611,2025-10-11T00:42:20Z,1,-27.19956,159.28151,1,191.0,1,35.67,1,19.797,1,191.0,1,19.797,1,35.67,1
5905611,2025-10-11T00:42:20Z,1,-27.19956,159.28151,1,193.3,1,35.675,1,19.776,1,193.3,1,19.776,1,35.675,1
5905611,2025-10-11T00:42:20Z,1,-27.19956,159.28151,1,195.6,1,35.678,1,19.765,1,195.6,1,19.765,1,35.678,1
5905611,2025-10-11T00:42:20Z,1,-27.19956,159.28151,1,197.8,1,35.676,1,19.754,1,197.8,1,19.754,1,35.676,1
5905611,2025-10-11T00:42:20Z,1,-27.19956,159.28151,1,199.5,1,35.676,1,19.75,1,199.5,1,19.75,1,35.676,1
5905611,2025-10-11T00:42:20Z,1,-27.19956,159.28151,1,201.1,1,35.676,1,19.744,1,201.1,1,19.744,1,35.676,1
5905611,2025-10-11T00:42:20Z,1,-27.19956,159.28151,1,203.3,1,35.674,1,19.725,1,203.3,1,19.725,1,35.674,1
5905611,2025-10-11T00:42:20Z,1,-27.19956,159.28151,1,205.5,1,35.669,1,19.692,1,205.5,1,19.692,1,35.669,1
5905611,2025-10-11T00:42:20Z,1,-27.19956,159.28151,1,207.7,1,35.666,1,19.675,1,207.7,1,19.675,1,35.666,1
5905611,2025-10-11T00:42:20Z,1,-27.19956,159.28151,1,209.8,1,35.662,1,19.659,1,209.8,1,19.659,1,35.662,1
5905611,2025-10-11T00:42:20Z,1,-27.19956,159.28151,1,211.9,1,35.659,1,19.598,1,211.9,1,19.598,1,35.659,1
5905611,2025-10-11T00:42:20Z,1,-27.19956,159.28151,1,213.5,1,35.652,1,19.543,1,213.5,1,19.543,1,35.652,1
5905611,2025-10-11T00:42:20Z,1,-27.19956,159.28151,1,215.0,1,35.634,1,19.444,1,215.0,1,19.444,1,35.634,1
5905611,2025-10-11T00:42:20Z,1,-27.19956,159.28151,1,217.2,1,35.625,1,19.382,1,217.2,1,19.382,1,35.625,1
5905611,2025-10-11T00:42:20Z,1,-27.19956,159.28151,1,219.4,1,35.616,1,19.325,1,219.4,1,19.325,1,35.616,1
5905611,2025-10-11T00:42:20Z,1,-27.19956,159.28151,1,221.5,1,35.61,1,19.285,1,221.5,1,19.285,1,35.61,1
5905611,2025-10-11T00:42:20Z,1,-27.19956,159.28151,1,223.6,1,35.604,1,19.227,1,223.6,1,19.227,1,35.604,1
5905611,2025-10-11T00:42:20Z,1,-27.19956,159.28151,1,225.5,1,35.596,1,19.185,1,225.5,1,19.185,1,35.596,1
5905611,2025-10-11T00:42:20Z,1,-27.19956,159.28151,1,227.4,1,35.587,1,19.093,1,227.4,1,19.093,1,35.587,1
5905611,2025-10-11T00:42:20Z,1,-27.19956,159.28151,1,229.3,1,35.582,1,19.03,1,229.3,1,19.03,1,35.582,1
5905611,2025-10-11T00:42:20Z,1,-27.19956,159.28151,1,231.3,1,35.578,1,19.007,1,231.3,1,19.007,1,35.578,1
5905611,2025-10-11T00:42:20Z,1,-27.19956,159.28151,1,233.6,1,35.574,1,18.974,1,233.6,1,18.974,1,35.574,1
5905611,2025-10-11T00:42:20Z,1,-27.19956,159.28151,1,235.7,1,35.568,1,18.883,1,235.7,1,18.883,1,35.568,1
5905611,2025-10-11T00:42:20Z,1,-27.19956,159.28151,1,237.2,1,35.563,1,18.781,1,237.2,1,18.781,1,35.563,1
5905611,2025-10-11T00:42:20Z,1,-27.19956,159.28151,1,239.3,1,35.554,1,18.667,1,239.3,1,18.667,1,35.554,1
5905611,2025-10-11T00:42:20Z,1,-27.19956,159.28151,1,241.3,1,35.55,1,18.619,1,241.3,1,18.619,1,35.55,1
5905611,2025-10-11T00:42:20Z,1,-27.19956,159.28151,1,243.3,1,35.544,1,18.493,1,243.3,1,18.493,1,35.544,1
5905611,2025-10-11T00:42:20Z,1,-27.19956,159.28151,1,245.3,1,35.541,1,18.456,1,245.3,1,18.456,1,35.541,1
5905611,2025-10-11T00:42:20Z,1,-27.19956,159.28151,1,247.5,1,35.541,1,18.415,1,247.5,1,18.415,1,35.541,1
5905611,2025-10-11T00:42:20Z,1,-27.19956,159.28151,1,249.6,1,35.545,1,18.389,1,249.6,1,18.389,1,35.545,1
5905611,2025-10-11T00:42:20Z,1,-27.19956,159.28151,1,251.4,1,35.542,1,18.35,1,251.4,1,18.35,1,35.542,1
5905611,2025-10-11T00:42:20Z,1,-27.19956,159.28151,1,253.2,1,35.543,1,18.336,1,253.2,1,18.336,1,35.543,1
5905611,2025-10-11T00:42:20Z,1,-27.19956,159.28151,1,255.1,1,35.543,1,18.332,1,255.1,1,18.332,1,35.543,1
5905611,2025-10-11T00:42:20Z,1,-27.19956,159.28151,1,257.4,1,35.542,1,18.321,1,257.4,1,18.321,1,35.542,1
5905611,2025-10-11T00:42:20Z,1,-27.19956,159.28151,1,259.7,1,35.542,1,18.312,1,259.7,1,18.312,1,35.542,1
5905611,2025-10-11T00:42:20Z,1,-27.19956,159.28151,1,261.5,1,35.539,1,18.268,1,261.5,1,18.268,1,35.539,1
5905611,2025-10-11T00:42:20Z,1,-27.19956,159.28151,1,263.2,1,35.533,1,18.218,1,263.2,1,18.218,1,35.533,1
5905611,2025-10-11T00:42:20Z,1,-27.19956,159.28151,1,265.5,1,35.531,1,18.185,1,265.5,1,18.185,1,35.531,1
5905611,2025-10-11T00:42:20Z,1,-27.19956,159.28151,1,267.7,1,35.533,1,18.152,1,267.7,1,18.152,1,35.533,1
5905611,2025-10-11T00:42:20Z,1,-27.19956,159.28151,1,269.5,1,35.535,1,18.139,1,269.5,1,18.139,1,35.535,1
5905611,2025-10-11T00:42:20Z,1,-27.19956,159.28151,1,271.3,1,35.539,1,18.137,1,271.3,1,18.137,1,35.539,1
5905611,2025-10-11T00:42:20Z,1,-27.19956,159.28151,1,273.5,1,35.542,1,18.128,1,273.5,1,18.128,1,35.542,1
5905611,2025-10-11T00:42:20Z,1,-27.19956,159.28151,1,275.6,1,35.534,1,18.085,1,275.6,1,18.085,1,35.534,1
5905611,2025-10-11T00:42:20Z,1,-27.19956,159.28151,1,277.2,1,35.531,1,18.057,1,277.2,1,18.057,1,35.531,1
5905611,2025-10-11T00:42:20Z,1,-27.19956,159.28151,1,279.4,1,35.516,1,17.932,1,279.4,1,17.932,1,35.516,1
5905611,2025-10-11T00:42:20Z,1,-27.19956,159.28151,1,281.6,1,35.51,1,17.816,1,281.6,1,17.816,1,35.51,1
5905611,2025-10-11T00:42:20Z,1,-27.19956,159.28151,1,283.4,1,35.514,1,17.802,1,283.4,1,17.802,1,35.514,1
5905611,2025-10-11T00:42:20Z,1,-27.19956,159.28151,1,285.2,1,35.516,1,17.761,1,285.2,1,17.761,1,35.516,1
5905611,2025-10-11T00:42:20Z,1,-27.19956,159.28151,1,287.4,1,35.503,1,17.657,1,287.4,1,17.657,1,35.503,1
5905611,2025-10-11T00:42:20Z,1,-27.19956,159.28151,1,289.7,1,35.5,1,17.623,1,289.7,1,17.623,1,35.5,1
5905611,2025-10-11T00:42:20Z,1,-27.19956,159.28151,1,291.6,1,35.5,1,17.621,1,291.6,1,17.621,1,35.5,1
5905611,2025-10-11T00:42:20Z,1,-27.19956,159.28151,1,293.4,1,35.504,1,17.57,1,293.4,1,17.57,1,35.504,1
5905611,2025-10-11T00:42:20Z,1,-27.19956,159.28151,1,295.3,1,35.504,1,17.561,1,295.3,1,17.561,1,35.504,1
5905611,2025-10-11T00:42:20Z,1,-27.19956,159.28151,1,297.5,1,35.502,1,17.544,1,297.5,1,17.544,1,35.502,1
5905611,2025-10-11T00:42:20Z,1,-27.19956,159.28151,1,299.7,1,35.498,1,17.492,1,299.7,1,17.492,1,35.498,1
5905611,2025-10-11T00:42:20Z,1,-27.19956,159.28151,1,301.5,1,35.492,1,17.443,1,301.5,1,17.443,1,35.492,1
5905611,2025-10-11T00:42:20Z,1,-27.19956,159.28151,1,303.3,1,35.489,1,17.415,1,303.3,1,17.415,1,35.489,1
5905611,2025-10-11T00:42:20Z,1,-27.19956,159.28151,1,305.1,1,35.489,1,17.397,1,305.1,1,17.397,1,35.489,1
5905611,2025-10-11T00:42:20Z,1,-27.19956,159.28151,1,307.0,1,35.489,1,17.362,1,307.0,1,17.362,1,35.489,1
5905611,2025-10-11T00:42:20Z,1,-27.19956,159.28151,1,309.0,1,35.485,1,17.306,1,309.0,1,17.306,1,35.485,1
5905611,2025-10-11T00:42:20Z,1,-27.19956,159.28151,1,311.1,1,35.484,1,17.278,1,311.1,1,17.278,1,35.484,1
5905611,2025-10-11T00:42:20Z,1,-27.19956,159.28151,1,313.1,1,35.478,1,17.201,1,313.1,1,17.201,1,35.478,1
5905611,2025-10-11T00:42:20Z,1,-27.19956,159.28151,1,315.1,1,35.473,1,17.122,1,315.1,1,17.122,1,35.473,1
5905611,2025-10-11T00:42:20Z,1,-27.19956,159.28151,1,317.0,1,35.466,1,17.017,1,317.0,1,17.017,1,35.466,1
5905611,2025-10-11T00:42:20Z,1,-27.19956,159.28151,1,319.4,1,35.457,1,16.933,1,319.4,1,16.933,1,35.457,1
5905611,2025-10-11T00:42:20Z,1,-27.19956,159.28151,1,321.8,1,35.45,1,16.862,1,321.8,1,16.862,1,35.45,1
5905611,2025-10-11T00:42:20Z,1,-27.19956,159.28151,1,323.8,1,35.449,1,16.833,1,323.8,1,16.833,1,35.449,1
5905611,2025-10-11T00:42:20Z,1,-27.19956,159.28151,1,325.8,1,35.445,1,16.815,1,325.8,1,16.815,1,35.445,1
5905611,2025-10-11T00:42:20Z,1,-27.19956,159.28151,1,327.7,1,35.441,1,16.784,1,327.7,1,16.784,1,35.441,1
5905611,2025-10-11T00:42:20Z,1,-27.19956,159.28151,1,329.7,1,35.446,1,16.621,1,329.7,1,16.621,1,35.446,1
5905611,2025-10-11T00:42:20Z,1,-27.19956,159.28151,1,331.6,1,35.42,1,16.504,1,331.6,1,16.504,1,35.42,1
5905611,2025-10-11T00:42:20Z,1,-27.19956,159.28151,1,333.7,1,35.415,1,16.423,1,333.7,1,16.423,1,35.415,1
5905611,2025-10-11T00:42:20Z,1,-27.19956,159.28151,1,335.8,1,35.411,1,16.415,1,335.8,1,16.415,1,35.411,1
5905611,2025-10-11T00:42:20Z,1,-27.19956,159.28151,1,337.5,1,35.41,1,16.417,1,337.5,1,16.417,1,35.41,1
5905611,2025-10-11T00:42:20Z,1,-27.19956,159.28151,1,339.0,1,35.413,1,16.385,1,339.0,1,16.385,1,35.413,1
5905611,2025-10-11T00:42:20Z,1,-27.19956,159.28151,1,341.2,1,35.407,1,16.347,1,341.2,1,16.347,1,35.407,1
5905611,2025-10-11T00:42:20Z,1,-27.19956,159.28151,1,343.3,1,35.405,1,16.329,1,343.3,1,16.329,1,35.405,1
5905611,2025-10-11T00:42:20Z,1,-27.19956,159.28151,1,345.4,1,35.404,1,16.297,1,345.4,1,16.297,1,35.404,1
5905611,2025-10-11T00:42:20Z,1,-27.19956,159.28151,1,347.4,1,35.399,1,16.249,1,347.4,1,16.249,1,35.399,1
5905611,2025-10-11T00:42:20Z,1,-27.19956,159.28151,1,349.5,1,35.392,1,16.104,1,349.5,1,16.104,1,35.392,1
5905611,2025-10-11T00:42:20Z,1,-27.19956,159.28151,1,351.6,1,35.387,1,16.018,1,351.6,1,16.018,1,35.387,1
5905611,2025-10-11T00:42:20Z,1,-27.19956,159.28151,1,353.7,1,35.381,1,15.972,1,353.7,1,15.972,1,35.381,1
5905611,2025-10-11T00:42:20Z,1,-27.19956,159.28151,1,355.7,1,35.38,1,15.945,1,355.7,1,15.945,1,35.38,1
5905611,2025-10-11T00:42:20Z,1,-27.19956,159.28151,1,357.7,1,35.377,1,15.91,1,357.7,1,15.91,1,35.377,1
5905611,2025-10-11T00:42:20Z,1,-27.19956,159.28151,1,359.7,1,35.371,1,15.711,1,359.7,1,15.711,1,35.371,1
5905611,2025-10-11T00:42:20Z,1,-27.19956,159.28151,1,361.7,1,35.347,1,15.599,1,361.7,1,15.599,1,35.347,1
5905611,2025-10-11T00:42:20Z,1,-27.19956,159.28151,1,363.8,1,35.342,1,15.572,1,363.8,1,15.572,1,35.342,1
5905611,2025-10-11T00:42:20Z,1,-27.19956,159.28151,1,365.4,1,35.341,1,15.547,1,365.4,1,15.547,1,35.341,1
5905611,2025-10-11T00:42:20Z,1,-27.19956,159.28151,1,367.0,1,35.334,1,15.502,1,367.0,1,15.502,1,35.334,1
5905611,2025-10-11T00:42:20Z,1,-27.19956,159.28151,1,369.1,1,35.326,1,15.416,1,369.1,1,15.416,1,35.326,1
5905611,2025-10-11T00:42:20Z,1,-27.19956,159.28151,1,371.3,1,35.315,1,15.337,1,371.3,1,15.337,1,35.315,1
5905611,2025-10-11T00:42:20Z,1,-27.19956,159.28151,1,373.3,1,35.301,1,15.161,1,373.3,1,15.161,1,35.301,1
5905611,2025-10-11T00:42:20Z,1,-27.19956,159.28151,1,375.3,1,35.297,1,15.093,1,375.3,1,15.093,1,35.297,1
5905611,2025-10-11T00:42:20Z,1,-27.19956,159.28151,1,377.4,1,35.294,1,15.054,1,377.4,1,15.054,1,35.294,1
5905611,2025-10-11T00:42:20Z,1,-27.19956,159.28151,1,379.5,1,35.292,1,15.049,1,379.5,1,15.049,1,35.292,1
5905611,2025-10-11T00:42:20Z,1,-27.19956,159.28151,1,381.7,1,35.292,1,15.045,1,381.7,1,15.045,1,35.292,1
5905611,2025-10-11T00:42:20Z,1,-27.19956,159.28151,1,383.4,1,35.292,1,15.043,1,383.4,1,15.043,1,35.292,1
5905611,2025-10-11T00:42:20Z,1,-27.19956,159.28151,1,385.2,1,35.292,1,15.028,1,385.2,1,15.028,1,35.292,1
5905611,2025-10-11T00:42:20Z,1,-27.19956,159.28151,1,387.4,1,35.291,1,15.016,1,387.4,1,15.016,1,35.291,1
5905611,2025-10-11T00:42:20Z,1,-27.19956,159.28151,1,389.6,1,35.288,1,14.998,1,389.6,1,14.998,1,35.288,1
5905611,2025-10-11T00:42:20Z,1,-27.19956,159.28151,1,391.4,1,35.292,1,15.018,1,391.4,1,15.018,1,35.292,1
5905611,2025-10-11T00:42:20Z,1,-27.19956,159.28151,1,393.2,1,35.294,1,15.017,1,393.2,1,15.017,1,35.294,1
5905611,2025-10-11T00:42:20Z,1,-27.19956,159.28151,1,395.1,1,35.292,1,14.993,1,395.1,1,14.993,1,35.292,1
5905611,2025-10-11T00:42:20Z,1,-27.19956,159.28151,1,397.4,1,35.294,1,14.982,1,397.4,1,14.982,1,35.294,1
5905611,2025-10-11T00:42:20Z,1,-27.19956,159.28151,1,399.7,1,35.288,1,14.944,1,399.7,1,14.944,1,35.288,1
5905611,2025-10-11T00:42:20Z,1,-27.19956,159.28151,1,401.6,1,35.27,1,14.837,1,401.6,1,14.837,1,35.27,1
5905611,2025-10-11T00:42:20Z,1,-27.19956,159.28151,1,403.3,1,35.252,1,14.699,1,403.3,1,14.699,1,35.252,1
5905611,2025-10-11T00:42:20Z,1,-27.19956,159.28151,1,405.1,1,35.251,1,14.651,1,405.1,1,14.651,1,35.251,1
5905611,2025-10-11T00:42:20Z,1,-27.19956,159.28151,1,407.4,1,35.236,1,14.535,1,407.4,1,14.535,1,35.236,1
5905611,2025-10-11T00:42:20Z,1,-27.19956,159.28151,1,409.8,1,35.221,1,14.444,1,409.8,1,14.444,1,35.221,1
5905611,2025-10-11T00:42:20Z,1,-27.19956,159.28151,1,411.7,1,35.217,1,14.426,1,411.7,1,14.426,1,35.217,1
5905611,2025-10-11T00:42:20Z,1,-27.19956,159.28151,1,413.6,1,35.213,1,14.404,1,413.6,1,14.404,1,35.213,1
5905611,2025-10-11T00:42:20Z,1,-27.19956,159.28151,1,415.5,1,35.211,1,14.374,1,415.5,1,14.374,1,35.211,1
5905611,2025-10-11T00:42:20Z,1,-27.19956,159.28151,1,417.4,1,35.204,1,14.331,1,417.4,1,14.331,1,35.204,1
5905611,2025-10-11T00:42:20Z,1,-27.19956,159.28151,1,419.2,1,35.202,1,14.304,1,419.2,1,14.304,1,35.202,1
5905611,2025-10-11T00:42:20Z,1,-27.19956,159.28151,1,421.5,1,35.203,1,14.264,1,421.5,1,14.264,1,35.203,1
5905611,2025-10-11T00:42:20Z,1,-27.19956,159.28151,1,423.7,1,35.215,1,14.26,1,423.7,1,14.26,1,35.215,1
5905611,2025-10-11T00:42:20Z,1,-27.19956,159.28151,1,425.5,1,35.218,1,14.261,1,425.5,1,14.261,1,35.218,1
5905611,2025-10-11T00:42:20Z,1,-27.19956,159.28151,1,427.3,1,35.226,1,14.226,1,427.3,1,14.226,1,35.226,1
5905611,2025-10-11T00:42:20Z,1,-27.19956,159.28151,1,429.2,1,35.227,1,14.181,1,429.2,1,14.181,1,35.227,1
5905611,2025-10-11T00:42:20Z,1,-27.19956,159.28151,1,431.4,1,35.225,1,14.094,1,431.4,1,14.094,1,35.225,1
5905611,2025-10-11T00:42:20Z,1,-27.19956,159.28151,1,433.7,1,35.218,1,14.001,1,433.7,1,14.001,1,35.218,1
5905611,2025-10-11T00:42:20Z,1,-27.19956,159.28151,1,435.5,1,35.216,1,13.962,1,435.5,1,13.962,1,35.216,1
5905611,2025-10-11T00:42:20Z,1,-27.19956,159.28151,1,437.2,1,35.209,1,13.911,1,437.2,1,13.911,1,35.209,1
5905611,2025-10-11T00:42:20Z,1,-27.19956,159.28151,1,439.4,1,35.204,1,13.849,1,439.4,1,13.849,1,35.204,1
5905611,2025-10-11T00:42:20Z,1,-27.19956,159.28151,1,441.5,1,35.199,1,13.805,1,441.5,1,13.805,1,35.199,1
5905611,2025-10-11T00:42:20Z,1,-27.19956,159.28151,1,443.6,1,35.194,1,13.78,1,443.6,1,13.78,1,35.194,1
5905611,2025-10-11T00:42:20Z,1,-27.19956,159.28151,1,445.6,1,35.187,1,13.719,1,445.6,1,13.719,1,35.187,1
5905611,2025-10-11T00:42:20Z,1,-27.19956,159.28151,1,447.3,1,35.185,1,13.686,1,447.3,1,13.686,1,35.185,1
5905611,2025-10-11T00:42:20Z,1,-27.19956,159.28151,1,449.4,1,35.179,1,13.643,1,449.4,1,13.643,1,35.179,1
5905611,2025-10-11T00:42:20Z,1,-27.19956,159.28151,1,451.4,1,35.177,1,13.615,1,451.4,1,13.615,1,35.177,1
5905611,2025-10-11T00:42:20Z,1,-27.19956,159.28151,1,453.4,1,35.162,1,13.484,1,453.4,1,13.484,1,35.162,1
5905611,2025-10-11T00:42:20Z,1,-27.19956,159.28151,1,455.5,1,35.144,1,13.279,1,455.5,1,13.279,1,35.144,1
5905611,2025-10-11T00:42:20Z,1,-27.19956,159.28151,1,457.2,1,35.131,1,13.177,1,457.2,1,13.177,1,35.131,1
5905611,2025-10-11T00:42:20Z,1,-27.19956,159.28151,1,459.3,1,35.126,1,13.113,1,459.3,1,13.113,1,35.126,1
5905611,2025-10-11T00:42:20Z,1,-27.19956,159.28151,1,461.5,1,35.117,1,13.031,1,461.5,1,13.031,1,35.117,1
5905611,2025-10-11T00:42:20Z,1,-27.19956,159.28151,1,463.2,1,35.116,1,12.988,1,463.2,1,12.988,1,35.116,1
5905611,2025-10-11T00:42:20Z,1,-27.19956,159.28151,1,465.3,1,35.106,1,12.935,1,465.3,1,12.935,1,35.106,1
5905611,2025-10-11T00:42:20Z,1,-27.19956,159.28151,1,467.4,1,35.106,1,12.927,1,467.4,1,12.927,1,35.106,1
5905611,2025-10-11T00:42:20Z,1,-27.19956,159.28151,1,469.1,1,35.106,1,12.924,1,469.1,1,12.924,1,35.106,1
5905611,2025-10-11T00:42:20Z,1,-27.19956,159.28151,1,471.4,1,35.101,1,12.876,1,471.4,1,12.876,1,35.101,1
5905611,2025-10-11T00:42:20Z,1,-27.19956,159.28151,1,473.5,1,35.091,1,12.809,1,473.5,1,12.809,1,35.091,1
5905611,2025-10-11T00:42:20Z,1,-27.19956,159.28151,1,475.2,1,35.089,1,12.762,1,475.2,1,12.762,1,35.089,1
5905611,2025-10-11T00:42:20Z,1,-27.19956,159.28151,1,477.5,1,35.086,1,12.721,1,477.5,1,12.721,1,35.086,1
5905611,2025-10-11T00:42:20Z,1,-27.19956,159.28151,1,479.7,1,35.089,1,12.676,1,479.7,1,12.676,1,35.089,1
5905611,2025-10-11T00:42:20Z,1,-27.19956,159.28151,1,481.5,1,35.074,1,12.608,1,481.5,1,12.608,1,35.074,1
5905611,2025-10-11T00:42:20Z,1,-27.19956,159.28151,1,483.4,1,35.067,1,12.564,1,483.4,1,12.564,1,35.067,1
5905611,2025-10-11T00:42:20Z,1,-27.19956,159.28151,1,485.2,1,35.059,1,12.476,1,485.2,1,12.476,1,35.059,1
5905611,2025-10-11T00:42:20Z,1,-27.19956,159.28151,1,487.1,1,35.05,1,12.389,1,487.1,1,12.389,1,35.05,1
5905611,2025-10-11T00:42:20Z,1,-27.19956,159.28151,1,489.4,1,35.042,1,12.338,1,489.4,1,12.338,1,35.042,1
5905611,2025-10-11T00:42:20Z,1,-27.19956,159.28151,1,491.7,1,35.036,1,12.311,1,491.7,1,12.311,1,35.036,1
5905611,2025-10-11T00:42:20Z,1,-27.19956,159.28151,1,493.6,1,35.034,1,12.296,1,493.6,1,12.296,1,35.034,1
5905611,2025-10-11T00:42:20Z,1,-27.19956,159.28151,1,495.4,1,35.032,1,12.272,1,495.4,1,12.272,1,35.032,1
5905611,2025-10-11T00:42:20Z,1,-27.19956,159.28151,1,497.3,1,35.023,1,12.194,1,497.3,1,12.194,1,35.023,1
5905611,2025-10-11T00:42:20Z,1,-27.19956,159.28151,1,499.2,1,35.014,1,12.123,1,499.2,1,12.123,1,35.014,1
5905611,2025-10-11T00:42:20Z,1,-27.19956,159.28151,1,501.1,1,35.007,1,12.065,1,501.1,1,12.065,1,35.007,1
5905611,2025-10-11T00:42:20Z,1,-27.19956,159.28151,1,503.0,1,35.006,1,12.025,1,503.0,1,12.025,1,35.006,1
5905611,2025-10-11T00:42:20Z,1,-27.19956,159.28151,1,505.0,1,34.99,1,11.917,1,505.0,1,11.917,1,34.99,1
5905611,2025-10-11T00:42:20Z,1,-27.19956,159.28151,1,507.4,1,34.982,1,11.825,1,507.4,1,11.825,1,34.982,1
5905611,2025-10-11T00:42:20Z,1,-27.19956,159.28151,1,509.9,1,34.976,1,11.801,1,509.9,1,11.801,1,34.976,1
5905611,2025-10-11T00:42:20Z,1,-27.19956,159.28151,1,511.8,1,34.974,1,11.778,1,511.8,1,11.778,1,34.974,1
5905611,2025-10-11T00:42:20Z,1,-27.19956,159.28151,1,513.7,1,34.975,1,11.726,1,513.7,1,11.726,1,34.975,1
5905611,2025-10-11T00:42:20Z,1,-27.19956,159.28151,1,515.7,1,34.96,1,11.653,1,515.7,1,11.653,1,34.96,1
5905611,2025-10-11T00:42:20Z,1,-27.19956,159.28151,1,517.7,1,34.964,1,11.615,1,517.7,1,11.615,1,34.964,1
5905611,2025-10-11T00:42:20Z,1,-27.19956,159.28151,1,519.7,1,34.951,1,11.575,1,519.7,1,11.575,1,34.951,1
5905611,2025-10-11T00:42:20Z,1,-27.19956,159.28151,1,521.8,1,34.95,1,11.552,1,521.8,1,11.552,1,34.95,1
5905611,2025-10-11T00:42:20Z,1,-27.19956,159.28151,1,523.8,1,34.949,1,11.537,1,523.8,1,11.537,1,34.949,1
5905611,2025-10-11T00:42:20Z,1,-27.19956,159.28151,1,525.8,1,34.946,1,11.51,1,525.8,1,11.51,1,34.946,1
5905611,2025-10-11T00:42:20Z,1,-27.19956,159.28151,1,527.8,1,34.941,1,11.479,1,527.8,1,11.479,1,34.941,1
5905611,2025-10-11T00:42:20Z,1,-27.19956,159.28151,1,529.8,1,34.935,1,11.444,1,529.8,1,11.444,1,34.935,1
5905611,2025-10-11T00:42:20Z,1,-27.19956,159.28151,1,531.8,1,34.933,1,11.38,1,531.8,1,11.38,1,34.933,1
5905611,2025-10-11T00:42:20Z,1,-27.19956,159.28151,1,533.7,1,34.915,1,11.308,1,533.7,1,11.308,1,34.915,1
5905611,2025-10-11T00:42:20Z,1,-27.19956,159.28151,1,535.6,1,34.91,1,11.242,1,535.6,1,11.242,1,34.91,1
5905611,2025-10-11T00:42:20Z,1,-27.19956,159.28151,1,537.5,1,34.908,1,11.223,1,537.5,1,11.223,1,34.908,1
5905611,2025-10-11T00:42:20Z,1,-27.19956,159.28151,1,539.4,1,34.902,1,11.173,1,539.4,1,11.173,1,34.902,1
5905611,2025-10-11T00:42:20Z,1,-27.19956,159.28151,1,541.4,1,34.896,1,11.136,1,541.4,1,11.136,1,34.896,1
5905611,2025-10-11T00:42:20Z,1,-27.19956,159.28151,1,543.3,1,34.891,1,11.107,1,543.3,1,11.107,1,34.891,1
5905611,2025-10-11T00:42:20Z,1,-27.19956,159.28151,1,545.3,1,34.879,1,11.015,1,545.3,1,11.015,1,34.879,1
5905611,2025-10-11T00:42:20Z,1,-27.19956,159.28151,1,547.2,1,34.872,1,10.975,1,547.2,1,10.975,1,34.872,1
5905611,2025-10-11T00:42:20Z,1,-27.19956,159.28151,1,549.1,1,34.872,1,10.939,1,549.1,1,10.939,1,34.872,1
5905611,2025-10-11T00:42:20Z,1,-27.19956,159.28151,1,551.4,1,34.863,1,10.888,1,551.4,1,10.888,1,34.863,1
5905611,2025-10-11T00:42:20Z,1,-27.19956,159.28151,1,553.9,1,34.856,1,10.835,1,553.9,1,10.835,1,34.856,1
5905611,2025-10-11T00:42:20Z,1,-27.19956,159.28151,1,555.8,1,34.851,1,10.793,1,555.8,1,10.793,1,34.851,1
5905611,2025-10-11T00:42:20Z,1,-27.19956,159.28151,1,557.8,1,34.849,1,10.774,1,557.8,1,10.774,1,34.849,1
5905611,2025-10-11T00:42:20Z,1,-27.19956,159.28151,1,559.8,1,34.845,1,10.746,1,559.8,1,10.746,1,34.845,1
5905611,2025-10-11T00:42:20Z,1,-27.19956,159.28151,1,561.7,1,34.841,1,10.687,1,561.7,1,10.687,1,34.841,1
5905611,2025-10-11T00:42:20Z,1,-27.19956,159.28151,1,563.7,1,34.833,1,10.627,1,563.7,1,10.627,1,34.833,1
5905611,2025-10-11T00:42:20Z,1,-27.19956,159.28151,1,565.7,1,34.828,1,10.602,1,565.7,1,10.602,1,34.828,1
5905611,2025-10-11T00:42:20Z,1,-27.19956,159.28151,1,567.7,1,34.823,1,10.547,1,567.7,1,10.547,1,34.823,1
5905611,2025-10-11T00:42:20Z,1,-27.19956,159.28151,1,569.7,1,34.807,1,10.428,1,569.7,1,10.428,1,34.807,1
5905611,2025-10-11T00:42:20Z,1,-27.19956,159.28151,1,571.7,1,34.8,1,10.364,1,571.7,1,10.364,1,34.8,1
5905611,2025-10-11T00:42:20Z,1,-27.19956,159.28151,1,573.8,1,34.794,1,10.301,1,573.8,1,10.301,1,34.794,1
5905611,2025-10-11T00:42:20Z,1,-27.19956,159.28151,1,575.8,1,34.789,1,10.285,1,575.8,1,10.285,1,34.789,1
5905611,2025-10-11T00:42:20Z,1,-27.19956,159.28151,1,577.9,1,34.789,1,10.271,1,577.9,1,10.271,1,34.789,1
5905611,2025-10-11T00:42:20Z,1,-27.19956,159.28151,1,579.5,1,34.786,1,10.248,1,579.5,1,10.248,1,34.786,1
5905611,2025-10-11T00:42:20Z,1,-27.19956,159.28151,1,581.0,1,34.782,1,10.21,1,581.0,1,10.21,1,34.782,1
5905611,2025-10-11T00:42:20Z,1,-27.19956,159.28151,1,583.0,1,34.771,1,10.132,1,583.0,1,10.132,1,34.771,1
5905611,2025-10-11T00:42:20Z,1,-27.19956,159.28151,1,585.1,1,34.762,1,10.074,1,585.1,1,10.074,1,34.762,1
5905611,2025-10-11T00:42:20Z,1,-27.19956,159.28151,1,587.2,1,34.758,1,10.049,1,587.2,1,10.049,1,34.758,1
5905611,2025-10-11T00:42:20Z,1,-27.19956,159.28151,1,589.3,1,34.755,1,9.997,1,589.3,1,9.997,1,34.755,1
5905611,2025-10-11T00:42:20Z,1,-27.19956,159.28151,1,591.3,1,34.75,1,9.973,1,591.3,1,9.973,1,34.75,1
5905611,2025-10-11T00:42:20Z,1,-27.19956,159.28151,1,593.4,1,34.744,1,9.925,1,593.4,1,9.925,1,34.744,1
5905611,2025-10-11T00:42:20Z,1,-27.19956,159.28151,1,595.5,1,34.739,1,9.893,1,595.5,1,9.893,1,34.739,1
5905611,2025-10-11T00:42:20Z,1,-27.19956,159.28151,1,597.6,1,34.735,1,9.846,1,597.6,1,9.846,1,34.735,1
5905611,2025-10-11T00:42:20Z,1,-27.19956,159.28151,1,599.8,1,34.729,1,9.805,1,599.8,1,9.805,1,34.729,1
5905611,2025-10-11T00:42:20Z,1,-27.19956,159.28151,1,601.4,1,34.728,1,9.807,1,601.4,1,9.807,1,34.728,1
5905611,2025-10-11T00:42:20Z,1,-27.19956,159.28151,1,603.0,1,34.731,1,9.775,1,603.0,1,9.775,1,34.731,1
5905611,2025-10-11T00:42:20Z,1,-27.19956,159.28151,1,605.1,1,34.717,1,9.698,1,605.1,1,9.698,1,34.717,1
5905611,2025-10-11T00:42:20Z,1,-27.19956,159.28151,1,607.2,1,34.712,1,9.68,1,607.2,1,9.68,1,34.712,1
5905611,2025-10-11T00:42:20Z,1,-27.19956,159.28151,1,609.4,1,34.708,1,9.624,1,609.4,1,9.624,1,34.708,1
5905611,2025-10-11T00:42:20Z,1,-27.19956,159.28151,1,611.6,1,34.702,1,9.567,1,611.6,1,9.567,1,34.702,1
5905611,2025-10-11T00:42:20Z,1,-27.19956,159.28151,1,613.8,1,34.699,1,9.545,1,613.8,1,9.545,1,34.699,1
5905611,2025-10-11T00:42:20Z,1,-27.19956,159.28151,1,615.5,1,34.698,1,9.534,1,615.5,1,9.534,1,34.698,1
5905611,2025-10-11T00:42:20Z,1,-27.19956,159.28151,1,617.1,1,34.697,1,9.522,1,617.1,1,9.522,1,34.697,1
5905611,2025-10-11T00:42:20Z,1,-27.19956,159.28151,1,619.2,1,34.695,1,9.513,1,619.2,1,9.513,1,34.695,1
5905611,2025-10-11T00:42:20Z,1,-27.19956,159.28151,1,621.4,1,34.692,1,9.493,1,621.4,1,9.493,1,34.692,1
5905611,2025-10-11T00:42:20Z,1,-27.19956,159.28151,1,623.5,1,34.687,1,9.449,1,623.5,1,9.449,1,34.687,1
5905611,2025-10-11T00:42:20Z,1,-27.19956,159.28151,1,625.6,1,34.681,1,9.385,1,625.6,1,9.385,1,34.681,1
5905611,2025-10-11T00:42:20Z,1,-27.19956,159.28151,1,627.7,1,34.677,1,9.332,1,627.7,1,9.332,1,34.677,1
5905611,2025-10-11T00:42:20Z,1,-27.19956,159.28151,1,629.8,1,34.673,1,9.31,1,629.8,1,9.31,1,34.673,1
5905611,2025-10-11T00:42:20Z,1,-27.19956,159.28151,1,631.4,1,34.671,1,9.3,1,631.4,1,9.3,1,34.671,1
5905611,2025-10-11T00:42:20Z,1,-27.19956,159.28151,1,633.0,1,34.667,1,9.238,1,633.0,1,9.238,1,34.667,1
5905611,2025-10-11T00:42:20Z,1,-27.19956,159.28151,1,635.2,1,34.666,1,9.225,1,635.2,1,9.225,1,34.666,1
5905611,2025-10-11T00:42:20Z,1,-27.19956,159.28151,1,637.4,1,34.664,1,9.217,1,637.4,1,9.217,1,34.664,1
5905611,2025-10-11T00:42:20Z,1,-27.19956,159.28151,1,639.6,1,34.659,1,9.173,1,639.6,1,9.173,1,34.659,1
5905611,2025-10-11T00:42:20Z,1,-27.19956,159.28151,1,641.8,1,34.654,1,9.125,1,641.8,1,9.125,1,34.654,1
5905611,2025-10-11T00:42:20Z,1,-27.19956,159.28151,1,643.5,1,34.652,1,9.118,1,643.5,1,9.118,1,34.652,1
5905611,2025-10-11T00:42:20Z,1,-27.19956,159.28151,1,645.1,1,34.651,1,9.102,1,645.1,1,9.102,1,34.651,1
5905611,2025-10-11T00:42:20Z,1,-27.19956,159.28151,1,647.3,1,34.648,1,9.029,1,647.3,1,9.029,1,34.648,1
5905611,2025-10-11T00:42:20Z,1,-27.19956,159.28151,1,649.5,1,34.637,1,8.953,1,649.5,1,8.953,1,34.637,1
5905611,2025-10-11T00:42:20Z,1,-27.19956,159.28151,1,651.8,1,34.635,1,8.923,1,651.8,1,8.923,1,34.635,1
5905611,2025-10-11T00:42:20Z,1,-27.19956,159.28151,1,653.5,1,34.634,1,8.898,1,653.5,1,8.898,1,34.634,1
5905611,2025-10-11T00:42:20Z,1,-27.19956,159.28151,1,655.2,1,34.63,1,8.89,1,655.2,1,8.89,1,34.63,1
5905611,2025-10-11T00:42:20Z,1,-27.19956,159.28151,1,657.4,1,34.63,1,8.854,1,657.4,1,8.854,1,34.63,1
5905611,2025-10-11T00:42:20Z,1,-27.19956,159.28151,1,659.7,1,34.625,1,8.817,1,659.7,1,8.817,1,34.625,1
5905611,2025-10-11T00:42:20Z,1,-27.19956,159.28151,1,661.4,1,34.624,1,8.811,1,661.4,1,8.811,1,34.624,1
5905611,2025-10-11T00:42:20Z,1,-27.19956,159.28151,1,663.1,1,34.623,1,8.781,1,663.1,1,8.781,1,34.623,1
5905611,2025-10-11T00:42:20Z,1,-27.19956,159.28151,1,665.3,1,34.622,1,8.764,1,665.3,1,8.764,1,34.622,1
5905611,2025-10-11T00:42:20Z,1,-27.19956,159.28151,1,667.6,1,34.62,1,8.761,1,667.6,1,8.761,1,34.62,1
5905611,2025-10-11T00:42:20Z,1,-27.19956,159.28151,1,669.8,1,34.619,1,8.751,1,669.8,1,8.751,1,34.619,1
5905611,2025-10-11T00:42:20Z,1,-27.19956,159.28151,1,671.5,1,34.615,1,8.714,1,671.5,1,8.714,1,34.615,1
5905611,2025-10-11T00:42:20Z,1,-27.19956,159.28151,1,673.1,1,34.614,1,8.698,1,673.1,1,8.698,1,34.614,1
5905611,2025-10-11T00:42:20Z,1,-27.19956,159.28151,1,675.3,1,34.612,1,8.689,1,675.3,1,8.689,1,34.612,1
5905611,2025-10-11T00:42:20Z,1,-27.19956,159.28151,1,677.5,1,34.61,1,8.684,1,677.5,1,8.684,1,34.61,1
5905611,2025-10-11T00:42:20Z,1,-27.19956,159.28151,1,679.6,1,34.609,1,8.675,1,679.6,1,8.675,1,34.609,1
5905611,2025-10-11T00:42:20Z,1,-27.19956,159.28151,1,681.7,1,34.606,1,8.615,1,681.7,1,8.615,1,34.606,1
5905611,2025-10-11T00:42:20Z,1,-27.19956,159.28151,1,683.8,1,34.605,1,8.573,1,683.8,1,8.573,1,34.605,1
5905611,2025-10-11T00:42:20Z,1,-27.19956,159.28151,1,685.4,1,34.6,1,8.558,1,685.4,1,8.558,1,34.6,1
5905611,2025-10-11T00:42:20Z,1,-27.19956,159.28151,1,687.0,1,34.597,1,8.543,1,687.0,1,8.543,1,34.597,1
5905611,2025-10-11T00:42:20Z,1,-27.19956,159.28151,1,689.1,1,34.596,1,8.522,1,689.1,1,8.522,1,34.596,1
5905611,2025-10-11T00:42:20Z,1,-27.19956,159.28151,1,691.2,1,34.592,1,8.476,1,691.2,1,8.476,1,34.592,1
5905611,2025-10-11T00:42:20Z,1,-27.19956,159.28151,1,693.3,1,34.59,1,8.45,1,693.3,1,8.45,1,34.59,1
5905611,2025-10-11T00:42:20Z,1,-27.19956,159.28151,1,695.4,1,34.589,1,8.446,1,695.4,1,8.446,1,34.589,1
5905611,2025-10-11T00:42:20Z,1,-27.19956,159.28151,1,697.4,1,34.589,1,8.43,1,697.4,1,8.43,1,34.589,1
5905611,2025-10-11T00:42:20Z,1,-27.19956,159.28151,1,699.5,1,34.586,1,8.391,1,699.5,1,8.391,1,34.586,1
5905611,2025-10-11T00:42:20Z,1,-27.19956,159.28151,1,701.6,1,34.584,1,8.364,1,701.6,1,8.364,1,34.584,1
5905611,2025-10-11T00:42:20Z,1,-27.19956,159.28151,1,703.7,1,34.577,1,8.313,1,703.7,1,8.313,1,34.577,1
5905611,2025-10-11T00:42:20Z,1,-27.19956,159.28151,1,705.8,1,34.569,1,8.228,1,705.8,1,8.228,1,34.569,1
5905611,2025-10-11T00:42:20Z,1,-27.19956,159.28151,1,707.4,1,34.57,1,8.183,1,707.4,1,8.183,1,34.57,1
5905611,2025-10-11T00:42:20Z,1,-27.19956,159.28151,1,709.0,1,34.562,1,8.143,1,709.0,1,8.143,1,34.562,1
5905611,2025-10-11T00:42:20Z,1,-27.19956,159.28151,1,711.1,1,34.564,1,8.121,1,711.1,1,8.121,1,34.564,1
5905611,2025-10-11T00:42:20Z,1,-27.19956,159.28151,1,713.2,1,34.56,1,8.096,1,713.2,1,8.096,1,34.56,1
5905611,2025-10-11T00:42:20Z,1,-27.19956,159.28151,1,715.2,1,34.556,1,8.055,1,715.2,1,8.055,1,34.556,1
5905611,2025-10-11T00:42:20Z,1,-27.19956,159.28151,1,717.2,1,34.555,1,8.041,1,717.2,1,8.041,1,34.555,1
5905611,2025-10-11T00:42:20Z,1,-27.19956,159.28151,1,719.3,1,34.555,1,8.035,1,719.3,1,8.035,1,34.555,1
5905611,2025-10-11T00:42:20Z,1,-27.19956,159.28151,1,721.2,1,34.555,1,8.029,1,721.2,1,8.029,1,34.555,1
5905611,2025-10-11T00:42:20Z,1,-27.19956,159.28151,1,723.4,1,34.553,1,8.029,1,723.4,1,8.029,1,34.553,1
5905611,2025-10-11T00:42:20Z,1,-27.19956,159.28151,1,725.3,1,34.554,1,8.025,1,725.3,1,8.025,1,34.554,1
5905611,2025-10-11T00:42:20Z,1,-27.19956,159.28151,1,727.3,1,34.553,1,8.024,1,727.3,1,8.024,1,34.553,1
5905611,2025-10-11T00:42:20Z,1,-27.19956,159.28151,1,729.6,1,34.55,1,7.999,1,729.6,1,7.999,1,34.55,1
5905611,2025-10-11T00:42:20Z,1,-27.19956,159.28151,1,731.6,1,34.548,1,7.966,1,731.6,1,7.966,1,34.548,1
5905611,2025-10-11T00:42:20Z,1,-27.19956,159.28151,1,733.5,1,34.544,1,7.938,1,733.5,1,7.938,1,34.544,1
5905611,2025-10-11T00:42:20Z,1,-27.19956,159.28151,1,735.5,1,34.542,1,7.905,1,735.5,1,7.905,1,34.542,1
5905611,2025-10-11T00:42:20Z,1,-27.19956,159.28151,1,737.5,1,34.54,1,7.867,1,737.5,1,7.867,1,34.54,1
5905611,2025-10-11T00:42:20Z,1,-27.19956,159.28151,1,739.6,1,34.54,1,7.861,1,739.6,1,7.861,1,34.54,1
5905611,2025-10-11T00:42:20Z,1,-27.19956,159.28151,1,741.2,1,34.539,1,7.851,1,741.2,1,7.851,1,34.539,1
5905611,2025-10-11T00:42:20Z,1,-27.19956,159.28151,1,743.3,1,34.536,1,7.82,1,743.3,1,7.82,1,34.536,1
5905611,2025-10-11T00:42:20Z,1,-27.19956,159.28151,1,745.3,1,34.535,1,7.807,1,745.3,1,7.807,1,34.535,1
5905611,2025-10-11T00:42:20Z,1,-27.19956,159.28151,1,747.4,1,34.536,1,7.756,1,747.4,1,7.756,1,34.536,1
5905611,2025-10-11T00:42:20Z,1,-27.19956,159.28151,1,749.5,1,34.527,1,7.721,1,749.5,1,7.721,1,34.527,1
5905611,2025-10-11T00:42:20Z,1,-27.19956,159.28151,1,751.5,1,34.526,1,7.696,1,751.5,1,7.696,1,34.526,1
5905611,2025-10-11T00:42:20Z,1,-27.19956,159.28151,1,753.6,1,34.524,1,7.676,1,753.6,1,7.676,1,34.524,1
5905611,2025-10-11T00:42:20Z,1,-27.19956,159.28151,1,755.3,1,34.522,1,7.654,1,755.3,1,7.654,1,34.522,1
5905611,2025-10-11T00:42:20Z,1,-27.19956,159.28151,1,757.5,1,34.52,1,7.619,1,757.5,1,7.619,1,34.52,1
5905611,2025-10-11T00:42:20Z,1,-27.19956,159.28151,1,759.7,1,34.519,1,7.576,1,759.7,1,7.576,1,34.519,1
5905611,2025-10-11T00:42:20Z,1,-27.19956,159.28151,1,761.5,1,34.515,1,7.547,1,761.5,1,7.547,1,34.515,1
5905611,2025-10-11T00:42:20Z,1,-27.19956,159.28151,1,763.3,1,34.514,1,7.535,1,763.3,1,7.535,1,34.514,1
5905611,2025-10-11T00:42:20Z,1,-27.19956,159.28151,1,765.1,1,34.513,1,7.527,1,765.1,1,7.527,1,34.513,1
5905611,2025-10-11T00:42:20Z,1,-27.19956,159.28151,1,767.4,1,34.512,1,7.515,1,767.4,1,7.515,1,34.512,1
5905611,2025-10-11T00:42:20Z,1,-27.19956,159.28151,1,769.7,1,34.511,1,7.506,1,769.7,1,7.506,1,34.511,1
5905611,2025-10-11T00:42:20Z,1,-27.19956,159.28151,1,771.5,1,34.51,1,7.493,1,771.5,1,7.493,1,34.51,1
5905611,2025-10-11T00:42:20Z,1,-27.19956,159.28151,1,773.3,1,34.508,1,7.476,1,773.3,1,7.476,1,34.508,1
5905611,2025-10-11T00:42:20Z,1,-27.19956,159.28151,1,775.1,1,34.506,1,7.455,1,775.1,1,7.455,1,34.506,1
5905611,2025-10-11T00:42:20Z,1,-27.19956,159.28151,1,777.4,1,34.503,1,7.408,1,777.4,1,7.408,1,34.503,1
5905611,2025-10-11T00:42:20Z,1,-27.19956,159.28151,1,779.7,1,34.502,1,7.374,1,779.7,1,7.374,1,34.502,1
5905611,2025-10-11T00:42:20Z,1,-27.19956,159.28151,1,781.5,1,34.497,1,7.353,1,781.5,1,7.353,1,34.497,1
5905611,2025-10-11T00:42:20Z,1,-27.19956,159.28151,1,783.4,1,34.497,1,7.315,1,783.4,1,7.315,1,34.497,1
5905611,2025-10-11T00:42:20Z,1,-27.19956,159.28151,1,785.2,1,34.494,1,7.269,1,785.2,1,7.269,1,34.494,1
5905611,2025-10-11T00:42:20Z,1,-27.19956,159.28151,1,787.1,1,34.493,1,7.241,1,787.1,1,7.241,1,34.493,1
5905611,2025-10-11T00:42:20Z,1,-27.19956,159.28151,1,789.4,1,34.493,1,7.233,1,789.4,1,7.233,1,34.493,1
5905611,2025-10-11T00:42:20Z,1,-27.19956,159.28151,1,791.8,1,34.492,1,7.231,1,791.8,1,7.231,1,34.492,1
5905611,2025-10-11T00:42:20Z,1,-27.19956,159.28151,1,793.6,1,34.492,1,7.23,1,793.6,1,7.23,1,34.492,1
5905611,2025-10-11T00:42:20Z,1,-27.19956,159.28151,1,795.5,1,34.491,1,7.223,1,795.5,1,7.223,1,34.491,1
5905611,2025-10-11T00:42:20Z,1,-27.19956,159.28151,1,797.4,1,34.491,1,7.197,1,797.4,1,7.197,1,34.491,1
5905611,2025-10-11T00:42:20Z,1,-27.19956,159.28151,1,799.2,1,34.489,1,7.174,1,799.2,1,7.174,1,34.489,1
5905611,2025-10-11T00:42:20Z,1,-27.19956,159.28151,1,801.1,1,34.488,1,7.167,1,801.1,1,7.167,1,34.488,1
5905611,2025-10-11T00:42:20Z,1,-27.19956,159.28151,1,803.4,1,34.488,1,7.154,1,803.4,1,7.154,1,34.488,1
5905611,2025-10-11T00:42:20Z,1,-27.19956,159.28151,1,805.8,1,34.487,1,7.149,1,805.8,1,7.149,1,34.487,1
5905611,2025-10-11T00:42:20Z,1,-27.19956,159.28151,1,807.6,1,34.488,1,7.142,1,807.6,1,7.142,1,34.488,1
5905611,2025-10-11T00:42:20Z,1,-27.19956,159.28151,1,809.5,1,34.485,1,7.135,1,809.5,1,7.135,1,34.485,1
5905611,2025-10-11T00:42:20Z,1,-27.19956,159.28151,1,811.4,1,34.486,1,7.118,1,811.4,1,7.118,1,34.486,1
5905611,2025-10-11T00:42:20Z,1,-27.19956,159.28151,1,813.2,1,34.485,1,7.108,1,813.2,1,7.108,1,34.485,1
5905611,2025-10-11T00:42:20Z,1,-27.19956,159.28151,1,815.5,1,34.485,1,7.1,1,815.5,1,7.1,1,34.485,1
5905611,2025-10-11T00:42:20Z,1,-27.19956,159.28151,1,817.7,1,34.484,1,7.096,1,817.7,1,7.096,1,34.484,1
5905611,2025-10-11T00:42:20Z,1,-27.19956,159.28151,1,819.5,1,34.483,1,7.085,1,819.5,1,7.085,1,34.483,1
5905611,2025-10-11T00:42:20Z,1,-27.19956,159.28151,1,821.3,1,34.481,1,7.074,1,821.3,1,7.074,1,34.481,1
5905611,2025-10-11T00:42:20Z,1,-27.19956,159.28151,1,823.1,1,34.481,1,7.071,1,823.1,1,7.071,1,34.481,1
5905611,2025-10-11T00:42:20Z,1,-27.19956,159.28151,1,825.4,1,34.482,1,7.039,1,825.4,1,7.039,1,34.482,1
5905611,2025-10-11T00:42:20Z,1,-27.19956,159.28151,1,827.6,1,34.479,1,7.003,1,827.6,1,7.003,1,34.479,1
5905611,2025-10-11T00:42:20Z,1,-27.19956,159.28151,1,829.4,1,34.48,1,6.96,1,829.4,1,6.96,1,34.48,1
5905611,2025-10-11T00:42:20Z,1,-27.19956,159.28151,1,831.1,1,34.476,1,6.938,1,831.1,1,6.938,1,34.476,1
5905611,2025-10-11T00:42:20Z,1,-27.19956,159.28151,1,833.4,1,34.476,1,6.933,1,833.4,1,6.933,1,34.476,1
5905611,2025-10-11T00:42:20Z,1,-27.19956,159.28151,1,835.6,1,34.475,1,6.929,1,835.6,1,6.929,1,34.475,1
5905611,2025-10-11T00:42:20Z,1,-27.19956,159.28151,1,837.4,1,34.475,1,6.924,1,837.4,1,6.924,1,34.475,1
5905611,2025-10-11T00:42:20Z,1,-27.19956,159.28151,1,839.2,1,34.474,1,6.911,1,839.2,1,6.911,1,34.474,1
5905611,2025-10-11T00:42:20Z,1,-27.19956,159.28151,1,841.5,1,34.472,1,6.882,1,841.5,1,6.882,1,34.472,1
5905611,2025-10-11T00:42:20Z,1,-27.19956,159.28151,1,843.7,1,34.471,1,6.844,1,843.7,1,6.844,1,34.471,1
5905611,2025-10-11T00:42:20Z,1,-27.19956,159.28151,1,845.6,1,34.469,1,6.832,1,845.6,1,6.832,1,34.469,1
5905611,2025-10-11T00:42:20Z,1,-27.19956,159.28151,1,847.3,1,34.469,1,6.824,1,847.3,1,6.824,1,34.469,1
5905611,2025-10-11T00:42:20Z,1,-27.19956,159.28151,1,849.1,1,34.467,1,6.785,1,849.1,1,6.785,1,34.467,1
5905611,2025-10-11T00:42:20Z,1,-27.19956,159.28151,1,851.3,1,34.466,1,6.766,1,851.3,1,6.766,1,34.466,1
5905611,2025-10-11T00:42:20Z,1,-27.19956,159.28151,1,853.5,1,34.464,1,6.741,1,853.5,1,6.741,1,34.464,1
5905611,2025-10-11T00:42:20Z,1,-27.19956,159.28151,1,855.2,1,34.463,1,6.73,1,855.2,1,6.73,1,34.463,1
5905611,2025-10-11T00:42:20Z,1,-27.19956,159.28151,1,857.5,1,34.463,1,6.709,1,857.5,1,6.709,1,34.463,1
5905611,2025-10-11T00:42:20Z,1,-27.19956,159.28151,1,859.6,1,34.462,1,6.7,1,859.6,1,6.7,1,34.462,1
5905611,2025-10-11T00:42:20Z,1,-27.19956,159.28151,1,861.4,1,34.462,1,6.69,1,861.4,1,6.69,1,34.462,1
5905611,2025-10-11T00:42:20Z,1,-27.19956,159.28151,1,863.5,1,34.461,1,6.68,1,863.5,1,6.68,1,34.461,1
5905611,2025-10-11T00:42:20Z,1,-27.19956,159.28151,1,865.7,1,34.462,1,6.666,1,865.7,1,6.666,1,34.462,1
5905611,2025-10-11T00:42:20Z,1,-27.19956,159.28151,1,867.5,1,34.46,1,6.637,1,867.5,1,6.637,1,34.46,1
5905611,2025-10-11T00:42:20Z,1,-27.19956,159.28151,1,869.3,1,34.458,1,6.626,1,869.3,1,6.626,1,34.458,1
5905611,2025-10-11T00:42:20Z,1,-27.19956,159.28151,1,871.1,1,34.458,1,6.618,1,871.1,1,6.618,1,34.458,1
5905611,2025-10-11T00:42:20Z,1,-27.19956,159.28151,1,873.4,1,34.457,1,6.583,1,873.4,1,6.583,1,34.457,1
5905611,2025-10-11T00:42:20Z,1,-27.19956,159.28151,1,875.6,1,34.455,1,6.555,1,875.6,1,6.555,1,34.455,1
5905611,2025-10-11T00:42:20Z,1,-27.19956,159.28151,1,877.4,1,34.457,1,6.549,1,877.4,1,6.549,1,34.457,1
5905611,2025-10-11T00:42:20Z,1,-27.19956,159.28151,1,879.2,1,34.455,1,6.529,1,879.2,1,6.529,1,34.455,1
5905611,2025-10-11T00:42:20Z,1,-27.19956,159.28151,1,881.5,1,34.455,1,6.52,1,881.5,1,6.52,1,34.455,1
5905611,2025-10-11T00:42:20Z,1,-27.19956,159.28151,1,883.8,1,34.454,1,6.509,1,883.8,1,6.509,1,34.454,1
5905611,2025-10-11T00:42:20Z,1,-27.19956,159.28151,1,885.6,1,34.454,1,6.503,1,885.6,1,6.503,1,34.454,1
5905611,2025-10-11T00:42:20Z,1,-27.19956,159.28151,1,887.4,1,34.454,1,6.503,1,887.4,1,6.503,1,34.454,1
5905611,2025-10-11T00:42:20Z,1,-27.19956,159.28151,1,889.2,1,34.454,1,6.498,1,889.2,1,6.498,1,34.454,1
5905611,2025-10-11T00:42:20Z,1,-27.19956,159.28151,1,891.4,1,34.454,1,6.482,1,891.4,1,6.482,1,34.454,1
5905611,2025-10-11T00:42:20Z,1,-27.19956,159.28151,1,893.6,1,34.454,1,6.464,1,893.6,1,6.464,1,34.454,1
5905611,2025-10-11T00:42:20Z,1,-27.19956,159.28151,1,895.4,1,34.452,1,6.455,1,895.4,1,6.455,1,34.452,1
5905611,2025-10-11T00:42:20Z,1,-27.19956,159.28151,1,897.2,1,34.453,1,6.434,1,897.2,1,6.434,1,34.453,1
5905611,2025-10-11T00:42:20Z,1,-27.19956,159.28151,1,899.5,1,34.451,1,6.398,1,899.5,1,6.398,1,34.451,1
5905611,2025-10-11T00:42:20Z,1,-27.19956,159.28151,1,901.7,1,34.449,1,6.38,1,901.7,1,6.38,1,34.449,1
5905611,2025-10-11T00:42:20Z,1,-27.19956,159.28151,1,903.5,1,34.449,1,6.36,1,903.5,1,6.36,1,34.449,1
5905611,2025-10-11T00:42:20Z,1,-27.19956,159.28151,1,905.3,1,34.449,1,6.33,1,905.3,1,6.33,1,34.449,1
5905611,2025-10-11T00:42:20Z,1,-27.19956,159.28151,1,907.2,1,34.449,1,6.318,1,907.2,1,6.318,1,34.449,1
5905611,2025-10-11T00:42:20Z,1,-27.19956,159.28151,1,909.5,1,34.449,1,6.314,1,909.5,1,6.314,1,34.449,1
5905611,2025-10-11T00:42:20Z,1,-27.19956,159.28151,1,911.8,1,34.449,1,6.311,1,911.8,1,6.311,1,34.449,1
5905611,2025-10-11T00:42:20Z,1,-27.19956,159.28151,1,913.5,1,34.449,1,6.307,1,913.5,1,6.307,1,34.449,1
5905611,2025-10-11T00:42:20Z,1,-27.19956,159.28151,1,915.4,1,34.449,1,6.299,1,915.4,1,6.299,1,34.449,1
5905611,2025-10-11T00:42:20Z,1,-27.19956,159.28151,1,917.2,1,34.448,1,6.296,1,917.2,1,6.296,1,34.448,1
5905611,2025-10-11T00:42:20Z,1,-27.19956,159.28151,1,919.1,1,34.448,1,6.25,1,919.1,1,6.25,1,34.448,1
5905611,2025-10-11T00:42:20Z,1,-27.19956,159.28151,1,921.4,1,34.447,1,6.223,1,921.4,1,6.223,1,34.447,1
5905611,2025-10-11T00:42:20Z,1,-27.19956,159.28151,1,923.7,1,34.447,1,6.216,1,923.7,1,6.216,1,34.447,1
5905611,2025-10-11T00:42:20Z,1,-27.19956,159.28151,1,925.6,1,34.446,1,6.212,1,925.6,1,6.212,1,34.446,1
5905611,2025-10-11T00:42:20Z,1,-27.19956,159.28151,1,927.4,1,34.447,1,6.205,1,927.4,1,6.205,1,34.447,1
5905611,2025-10-11T00:42:20Z,1,-27.19956,159.28151,1,929.3,1,34.447,1,6.199,1,929.3,1,6.199,1,34.447,1
5905611,2025-10-11T00:42:20Z,1,-27.19956,159.28151,1,931.2,1,34.448,1,6.153,1,931.2,1,6.153,1,34.448,1
5905611,2025-10-11T00:42:20Z,1,-27.19956,159.28151,1,933.0,1,34.446,1,6.128,1,933.0,1,6.128,1,34.446,1
5905611,2025-10-11T00:42:20Z,1,-27.19956,159.28151,1,935.4,1,34.446,1,6.104,1,935.4,1,6.104,1,34.446,1
5905611,2025-10-11T00:42:20Z,1,-27.19956,159.28151,1,937.8,1,34.445,1,6.089,1,937.8,1,6.089,1,34.445,1
5905611,2025-10-11T00:42:20Z,1,-27.19956,159.28151,1,939.7,1,34.445,1,6.073,1,939.7,1,6.073,1,34.445,1
5905611,2025-10-11T00:42:20Z,1,-27.19956,159.28151,1,941.6,1,34.446,1,6.058,1,941.6,1,6.058,1,34.446,1
5905611,2025-10-11T00:42:20Z,1,-27.19956,159.28151,1,943.5,1,34.444,1,6.05,1,943.5,1,6.05,1,34.444,1
5905611,2025-10-11T00:42:20Z,1,-27.19956,159.28151,1,945.5,1,34.444,1,6.038,1,945.5,1,6.038,1,34.444,1
5905611,2025-10-11T00:42:20Z,1,-27.19956,159.28151,1,947.4,1,34.442,1,6.026,1,947.4,1,6.026,1,34.442,1
5905611,2025-10-11T00:42:20Z,1,-27.19956,159.28151,1,949.3,1,34.443,1,6.006,1,949.3,1,6.006,1,34.443,1
5905611,2025-10-11T00:42:20Z,1,-27.19956,159.28151,1,951.3,1,34.442,1,5.991,1,951.3,1,5.991,1,34.442,1
5905611,2025-10-11T00:42:20Z,1,-27.19956,159.28151,1,953.3,1,34.442,1,5.966,1,953.3,1,5.966,1,34.442,1
5905611,2025-10-11T00:42:20Z,1,-27.19956,159.28151,1,955.3,1,34.442,1,5.954,1,955.3,1,5.954,1,34.442,1
5905611,2025-10-11T00:42:20Z,1,-27.19956,159.28151,1,957.3,1,34.442,1,5.946,1,957.3,1,5.946,1,34.442,1
5905611,2025-10-11T00:42:20Z,1,-27.19956,159.28151,1,959.3,1,34.442,1,5.942,1,959.3,1,5.942,1,34.442,1
5905611,2025-10-11T00:42:20Z,1,-27.19956,159.28151,1,961.3,1,34.442,1,5.932,1,961.3,1,5.932,1,34.442,1
5905611,2025-10-11T00:42:20Z,1,-27.19956,159.28151,1,963.3,1,34.441,1,5.924,1,963.3,1,5.924,1,34.441,1
5905611,2025-10-11T00:42:20Z,1,-27.19956,159.28151,1,965.3,1,34.442,1,5.906,1,965.3,1,5.906,1,34.442,1
5905611,2025-10-11T00:42:20Z,1,-27.19956,159.28151,1,967.4,1,34.441,1,5.899,1,967.4,1,5.899,1,34.441,1
5905611,2025-10-11T00:42:20Z,1,-27.19956,159.28151,1,969.4,1,34.441,1,5.886,1,969.4,1,5.886,1,34.441,1
5905611,2025-10-11T00:42:20Z,1,-27.19956,159.28151,1,971.5,1,34.442,1,5.862,1,971.5,1,5.862,1,34.442,1
5905611,2025-10-11T00:42:20Z,1,-27.19956,159.28151,1,973.6,1,34.442,1,5.847,1,973.6,1,5.847,1,34.442,1
5905611,2025-10-11T00:42:20Z,1,-27.19956,159.28151,1,975.7,1,34.442,1,5.84,1,975.7,1,5.84,1,34.442,1
5905611,2025-10-11T00:42:20Z,1,-27.19956,159.28151,1,977.7,1,34.442,1,5.834,1,977.7,1,5.834,1,34.442,1
5905611,2025-10-11T00:42:20Z,1,-27.19956,159.28151,1,979.8,1,34.443,1,5.823,1,979.8,1,5.823,1,34.443,1
5905611,2025-10-11T00:42:20Z,1,-27.19956,159.28151,1,981.9,1,34.443,1,5.804,1,981.9,1,5.804,1,34.443,1
5905611,2025-10-11T00:42:20Z,1,-27.19956,159.28151,1,983.5,1,34.442,1,5.795,1,983.5,1,5.795,1,34.442,1
5905611,2025-10-11T00:42:20Z,1,-27.19956,159.28151,1,985.1,1,34.443,1,5.792,1,985.1,1,5.792,1,34.443,1
5905611,2025-10-11T00:42:20Z,1,-27.19956,159.28151,1,987.2,1,34.444,1,5.791,1,987.2,1,5.791,1,34.444,1
5905611,2025-10-11T00:42:20Z,1,-27.19956,159.28151,1,989.4,1,34.443,1,5.773,1,989.4,1,5.773,1,34.443,1
5905611,2025-10-11T00:42:20Z,1,-27.19956,159.28151,1,991.5,1,34.442,1,5.76,1,991.5,1,5.76,1,34.442,1
5905611,2025-10-11T00:42:20Z,1,-27.19956,159.28151,1,993.7,1,34.442,1,5.749,1,993.7,1,5.749,1,34.442,1
5905611,2025-10-11T00:42:20Z,1,-27.19956,159.28151,1,995.9,1,34.443,1,5.736,1,995.9,1,5.736,1,34.443,1
5905611,2025-10-11T00:42:20Z,1,-27.19956,159.28151,1,997.5,1,34.442,1,5.731,1,997.5,1,5.731,1,34.442,1
5905611,2025-10-11T00:42:20Z,1,-27.19956,159.28151,1,999.1,1,34.443,1,5.728,1,999.1,1,5.728,1,34.443,1
5905611,2025-10-11T00:42:20Z,1,-27.19956,159.28151,1,1001.3,1,34.442,1,5.724,1,1001.3,1,5.724,1,34.442,1
5905611,2025-10-11T00:42:20Z,1,-27.19956,159.28151,1,1003.5,1,34.442,1,5.712,1,1003.5,1,5.712,1,34.442,1
5905611,2025-10-11T00:42:20Z,1,-27.19956,159.28151,1,1005.7,1,34.443,1,5.687,1,1005.7,1,5.687,1,34.443,1
5905611,2025-10-11T00:42:20Z,1,-27.19956,159.28151,1,1007.4,1,34.443,1,5.662,1,1007.4,1,5.662,1,34.443,1
5905611,2025-10-11T00:42:20Z,1,-27.19956,159.28151,1,1009.0,1,34.444,1,5.657,1,1009.0,1,5.657,1,34.444,1
5905611,2025-10-11T00:42:20Z,1,-27.19956,159.28151,1,1011.2,1,34.443,1,5.651,1,1011.2,1,5.651,1,34.443,1
5905611,2025-10-11T00:42:20Z,1,-27.19956,159.28151,1,1013.4,1,34.442,1,5.645,1,1013.4,1,5.645,1,34.442,1
5905611,2025-10-11T00:42:20Z,1,-27.19956,159.28151,1,1015.6,1,34.443,1,5.611,1,1015.6,1,5.611,1,34.443,1
5905611,2025-10-11T00:42:20Z,1,-27.19956,159.28151,1,1017.8,1,34.441,1,5.596,1,1017.8,1,5.596,1,34.441,1
5905611,2025-10-11T00:42:20Z,1,-27.19956,159.28151,1,1019.4,1,34.442,1,5.588,1,1019.4,1,5.588,1,34.442,1
5905611,2025-10-11T00:42:20Z,1,-27.19956,159.28151,1,1021.0,1,34.443,1,5.578,1,1021.0,1,5.578,1,34.443,1
5905611,2025-10-11T00:42:20Z,1,-27.19956,159.28151,1,1023.2,1,34.443,1,5.572,1,1023.2,1,5.572,1,34.443,1
5905611,2025-10-11T00:42:20Z,1,-27.19956,159.28151,1,1025.4,1,34.443,1,5.566,1,1025.4,1,5.566,1,34.443,1
5905611,2025-10-11T00:42:20Z,1,-27.19956,159.28151,1,1027.6,1,34.442,1,5.557,1,1027.6,1,5.557,1,34.442,1
5905611,2025-10-11T00:42:20Z,1,-27.19956,159.28151,1,1029.7,1,34.443,1,5.525,1,1029.7,1,5.525,1,34.443,1
5905611,2025-10-11T00:42:20Z,1,-27.19956,159.28151,1,1031.8,1,34.443,1,5.508,1,1031.8,1,5.508,1,34.443,1
5905611,2025-10-11T00:42:20Z,1,-27.19956,159.28151,1,1033.5,1,34.442,1,5.471,1,1033.5,1,5.471,1,34.442,1
5905611,2025-10-11T00:42:20Z,1,-27.19956,159.28151,1,1035.1,1,34.442,1,5.446,1,1035.1,1,5.446,1,34.442,1
5905611,2025-10-11T00:42:20Z,1,-27.19956,159.28151,1,1037.3,1,34.441,1,5.418,1,1037.3,1,5.418,1,34.441,1
5905611,2025-10-11T00:42:20Z,1,-27.19956,159.28151,1,1039.5,1,34.442,1,5.414,1,1039.5,1,5.414,1,34.442,1
5905611,2025-10-11T00:42:20Z,1,-27.19956,159.28151,1,1041.8,1,34.443,1,5.406,1,1041.8,1,5.406,1,34.443,1
5905611,2025-10-11T00:42:20Z,1,-27.19956,159.28151,1,1043.5,1,34.444,1,5.393,1,1043.5,1,5.393,1,34.444,1
5905611,2025-10-11T00:42:20Z,1,-27.19956,159.28151,1,1045.1,1,34.444,1,5.385,1,1045.1,1,5.385,1,34.444,1
5905611,2025-10-11T00:42:20Z,1,-27.19956,159.28151,1,1047.3,1,34.444,1,5.378,1,1047.3,1,5.378,1,34.444,1
5905611,2025-10-11T00:42:20Z,1,-27.19956,159.28151,1,1049.5,1,34.443,1,5.365,1,1049.5,1,5.365,1,34.443,1
5905611,2025-10-11T00:42:20Z,1,-27.19956,159.28151,1,1051.7,1,34.443,1,5.354,1,1051.7,1,5.354,1,34.443,1
5905611,2025-10-11T00:42:20Z,1,-27.19956,159.28151,1,1053.4,1,34.445,1,5.344,1,1053.4,1,5.344,1,34.445,1
5905611,2025-10-11T00:42:20Z,1,-27.19956,159.28151,1,1055.0,1,34.447,1,5.312,1,1055.0,1,5.312,1,34.447,1
5905611,2025-10-11T00:42:20Z,1,-27.19956,159.28151,1,1057.2,1,34.448,1,5.295,1,1057.2,1,5.295,1,34.448,1
5905611,2025-10-11T00:42:20Z,1,-27.19956,159.28151,1,1059.4,1,34.448,1,5.27,1,1059.4,1,5.27,1,34.448,1
5905611,2025-10-11T00:42:20Z,1,-27.19956,159.28151,1,1061.5,1,34.448,1,5.262,1,1061.5,1,5.262,1,34.448,1
5905611,2025-10-11T00:42:20Z,1,-27.19956,159.28151,1,1063.7,1,34.447,1,5.259,1,1063.7,1,5.259,1,34.447,1
5905611,2025-10-11T00:42:20Z,1,-27.19956,159.28151,1,1065.8,1,34.448,1,5.25,1,1065.8,1,5.25,1,34.448,1
5905611,2025-10-11T00:42:20Z,1,-27.19956,159.28151,1,1067.4,1,34.448,1,5.245,1,1067.4,1,5.245,1,34.448,1
5905611,2025-10-11T00:42:20Z,1,-27.19956,159.28151,1,1069.0,1,34.448,1,5.236,1,1069.0,1,5.236,1,34.448,1
5905611,2025-10-11T00:42:20Z,1,-27.19956,159.28151,1,1071.1,1,34.448,1,5.226,1,1071.1,1,5.226,1,34.448,1
5905611,2025-10-11T00:42:20Z,1,-27.19956,159.28151,1,1073.2,1,34.448,1,5.213,1,1073.2,1,5.213,1,34.448,1
5905611,2025-10-11T00:42:20Z,1,-27.19956,159.28151,1,1075.3,1,34.449,1,5.191,1,1075.3,1,5.191,1,34.449,1
5905611,2025-10-11T00:42:20Z,1,-27.19956,159.28151,1,1077.5,1,34.45,1,5.174,1,1077.5,1,5.174,1,34.45,1
5905611,2025-10-11T00:42:20Z,1,-27.19956,159.28151,1,1079.6,1,34.449,1,5.165,1,1079.6,1,5.165,1,34.449,1
5905611,2025-10-11T00:42:20Z,1,-27.19956,159.28151,1,1081.7,1,34.449,1,5.151,1,1081.7,1,5.151,1,34.449,1
5905611,2025-10-11T00:42:20Z,1,-27.19956,159.28151,1,1083.9,1,34.45,1,5.117,1,1083.9,1,5.117,1,34.45,1
5905611,2025-10-11T00:42:20Z,1,-27.19956,159.28151,1,1085.5,1,34.451,1,5.099,1,1085.5,1,5.099,1,34.451,1
5905611,2025-10-11T00:42:20Z,1,-27.19956,159.28151,1,1087.4,1,34.45,1,5.094,1,1087.4,1,5.094,1,34.45,1
5905611,2025-10-11T00:42:20Z,1,-27.19956,159.28151,1,1089.5,1,34.451,1,5.083,1,1089.5,1,5.083,1,34.451,1
5905611,2025-10-11T00:42:20Z,1,-27.19956,159.28151,1,1091.5,1,34.453,1,5.044,1,1091.5,1,5.044,1,34.453,1
5905611,2025-10-11T00:42:20Z,1,-27.19956,159.28151,1,1093.5,1,34.454,1,5.019,1,1093.5,1,5.019,1,34.454,1
5905611,2025-10-11T00:42:20Z,1,-27.19956,159.28151,1,1095.6,1,34.454,1,5.009,1,1095.6,1,5.009,1,34.454,1
5905611,2025-10-11T00:42:20Z,1,-27.19956,159.28151,1,1097.6,1,34.454,1,4.998,1,1097.6,1,4.998,1,34.454,1
5905611,2025-10-11T00:42:20Z,1,-27.19956,159.28151,1,1099.6,1,34.455,1,4.969,1,1099.6,1,4.969,1,34.455,1
5905611,2025-10-11T00:42:20Z,1,-27.19956,159.28151,1,1101.6,1,34.456,1,4.952,1,1101.6,1,4.952,1,34.456,1
5905611,2025-10-11T00:42:20Z,1,-27.19956,159.28151,1,1103.6,1,34.456,1,4.947,1,1103.6,1,4.947,1,34.456,1
5905611,2025-10-11T00:42:20Z,1,-27.19956,159.28151,1,1105.6,1,34.457,1,4.938,1,1105.6,1,4.938,1,34.457,1
5905611,2025-10-11T00:42:20Z,1,-27.19956,159.28151,1,1107.3,1,34.458,1,4.911,1,1107.3,1,4.911,1,34.458,1
5905611,2025-10-11T00:42:20Z,1,-27.19956,159.28151,1,1109.3,1,34.46,1,4.88,1,1109.3,1,4.88,1,34.46,1
5905611,2025-10-11T00:42:20Z,1,-27.19956,159.28151,1,1111.4,1,34.461,1,4.859,1,1111.4,1,4.859,1,34.461,1
5905611,2025-10-11T00:42:20Z,1,-27.19956,159.28151,1,1113.5,1,34.461,1,4.849,1,1113.5,1,4.849,1,34.461,1
5905611,2025-10-11T00:42:20Z,1,-27.19956,159.28151,1,1115.6,1,34.461,1,4.845,1,1115.6,1,4.845,1,34.461,1
5905611,2025-10-11T00:42:20Z,1,-27.19956,159.28151,1,1117.2,1,34.463,1,4.827,1,1117.2,1,4.827,1,34.463,1
5905611,2025-10-11T00:42:20Z,1,-27.19956,159.28151,1,1119.3,1,34.463,1,4.82,1,1119.3,1,4.82,1,34.463,1
5905611,2025-10-11T00:42:20Z,1,-27.19956,159.28151,1,1121.4,1,34.463,1,4.818,1,1121.4,1,4.818,1,34.463,1
5905611,2025-10-11T00:42:20Z,1,-27.19956,159.28151,1,1123.5,1,34.463,1,4.816,1,1123.5,1,4.816,1,34.463,1
5905611,2025-10-11T00:42:20Z,1,-27.19956,159.28151,1,1125.6,1,34.463,1,4.81,1,1125.6,1,4.81,1,34.463,1
5905611,2025-10-11T00:42:20Z,1,-27.19956,159.28151,1,1127.3,1,34.463,1,4.806,1,1127.3,1,4.806,1,34.463,1
5905611,2025-10-11T00:42:20Z,1,-27.19956,159.28151,1,1129.5,1,34.464,1,4.799,1,1129.5,1,4.799,1,34.464,1
5905611,2025-10-11T00:42:20Z,1,-27.19956,159.28151,1,1131.6,1,34.464,1,4.787,1,1131.6,1,4.787,1,34.464,1
5905611,2025-10-11T00:42:20Z,1,-27.19956,159.28151,1,1133.4,1,34.464,1,4.775,1,1133.4,1,4.775,1,34.464,1
5905611,2025-10-11T00:42:20Z,1,-27.19956,159.28151,1,1135.5,1,34.465,1,4.766,1,1135.5,1,4.766,1,34.465,1
5905611,2025-10-11T00:42:20Z,1,-27.19956,159.28151,1,1137.7,1,34.465,1,4.761,1,1137.7,1,4.761,1,34.465,1
5905611,2025-10-11T00:42:20Z,1,-27.19956,159.28151,1,1139.4,1,34.465,1,4.755,1,1139.4,1,4.755,1,34.465,1
5905611,2025-10-11T00:42:20Z,1,-27.19956,159.28151,1,1141.5,1,34.465,1,4.751,1,1141.5,1,4.751,1,34.465,1
5905611,2025-10-11T00:42:20Z,1,-27.19956,159.28151,1,1143.7,1,34.466,1,4.743,1,1143.7,1,4.743,1,34.466,1
5905611,2025-10-11T00:42:20Z,1,-27.19956,159.28151,1,1145.4,1,34.465,1,4.734,1,1145.4,1,4.734,1,34.465,1
5905611,2025-10-11T00:42:20Z,1,-27.19956,159.28151,1,1147.1,1,34.467,1,4.726,1,1147.1,1,4.726,1,34.467,1
5905611,2025-10-11T00:42:20Z,1,-27.19956,159.28151,1,1149.4,1,34.466,1,4.716,1,1149.4,1,4.716,1,34.466,1
5905611,2025-10-11T00:42:20Z,1,-27.19956,159.28151,1,1151.6,1,34.467,1,4.702,1,1151.6,1,4.702,1,34.467,1
5905611,2025-10-11T00:42:20Z,1,-27.19956,159.28151,1,1153.4,1,34.468,1,4.684,1,1153.4,1,4.684,1,34.468,1
5905611,2025-10-11T00:42:20Z,1,-27.19956,159.28151,1,1155.2,1,34.468,1,4.671,1,1155.2,1,4.671,1,34.468,1
5905611,2025-10-11T00:42:20Z,1,-27.19956,159.28151,1,1157.4,1,34.47,1,4.64,1,1157.4,1,4.64,1,34.47,1
5905611,2025-10-11T00:42:20Z,1,-27.19956,159.28151,1,1159.7,1,34.471,1,4.623,1,1159.7,1,4.623,1,34.471,1
5905611,2025-10-11T00:42:20Z,1,-27.19956,159.28151,1,1161.5,1,34.471,1,4.617,1,1161.5,1,4.617,1,34.471,1
5905611,2025-10-11T00:42:20Z,1,-27.19956,159.28151,1,1163.2,1,34.472,1,4.614,1,1163.2,1,4.614,1,34.472,1
5905611,2025-10-11T00:42:20Z,1,-27.19956,159.28151,1,1165.1,1,34.472,1,4.605,1,1165.1,1,4.605,1,34.472,1
5905611,2025-10-11T00:42:20Z,1,-27.19956,159.28151,1,1167.4,1,34.473,1,4.584,1,1167.4,1,4.584,1,34.473,1
5905611,2025-10-11T00:42:20Z,1,-27.19956,159.28151,1,1169.9,1,34.474,1,4.573,1,1169.9,1,4.573,1,34.474,1
5905611,2025-10-11T00:42:20Z,1,-27.19956,159.28151,1,1171.8,1,34.474,1,4.564,1,1171.8,1,4.564,1,34.474,1
5905611,2025-10-11T00:42:20Z,1,-27.19956,159.28151,1,1173.8,1,34.474,1,4.561,1,1173.8,1,4.561,1,34.474,1
5905611,2025-10-11T00:42:20Z,1,-27.19956,159.28151,1,1175.7,1,34.475,1,4.558,1,1175.7,1,4.558,1,34.475,1
5905611,2025-10-11T00:42:20Z,1,-27.19956,159.28151,1,1177.6,1,34.475,1,4.554,1,1177.6,1,4.554,1,34.475,1
5905611,2025-10-11T00:42:20Z,1,-27.19956,159.28151,1,1179.7,1,34.474,1,4.551,1,1179.7,1,4.551,1,34.474,1
5905611,2025-10-11T00:42:20Z,1,-27.19956,159.28151,1,1181.7,1,34.476,1,4.538,1,1181.7,1,4.538,1,34.476,1
5905611,2025-10-11T00:42:20Z,1,-27.19956,159.28151,1,1183.7,1,34.476,1,4.536,1,1183.7,1,4.536,1,34.476,1
5905611,2025-10-11T00:42:20Z,1,-27.19956,159.28151,1,1185.7,1,34.476,1,4.531,1,1185.7,1,4.531,1,34.476,1
5905611,2025-10-11T00:42:20Z,1,-27.19956,159.28151,1,1187.7,1,34.476,1,4.513,1,1187.7,1,4.513,1,34.476,1
5905611,2025-10-11T00:42:20Z,1,-27.19956,159.28151,1,1189.7,1,34.477,1,4.5,1,1189.7,1,4.5,1,34.477,1
5905611,2025-10-11T00:42:20Z,1,-27.19956,159.28151,1,1191.6,1,34.479,1,4.466,1,1191.6,1,4.466,1,34.479,1
5905611,2025-10-11T00:42:20Z,1,-27.19956,159.28151,1,1193.6,1,34.48,1,4.449,1,1193.6,1,4.449,1,34.48,1
5905611,2025-10-11T00:42:20Z,1,-27.19956,159.28151,1,1195.5,1,34.481,1,4.438,1,1195.5,1,4.438,1,34.481,1
5905611,2025-10-11T00:42:20Z,1,-27.19956,159.28151,1,1197.6,1,34.482,1,4.434,1,1197.6,1,4.434,1,34.482,1
5905611,2025-10-11T00:42:20Z,1,-27.19956,159.28151,1,1199.6,1,34.481,1,4.432,1,1199.6,1,4.432,1,34.481,1
5905611,2025-10-11T00:42:20Z,1,-27.19956,159.28151,1,1201.6,1,34.482,1,4.426,1,1201.6,1,4.426,1,34.482,1
5905611,2025-10-11T00:42:20Z,1,-27.19956,159.28151,1,1203.6,1,34.484,1,4.416,1,1203.6,1,4.416,1,34.484,1
5905611,2025-10-11T00:42:20Z,1,-27.19956,159.28151,1,1205.7,1,34.483,1,4.409,1,1205.7,1,4.409,1,34.483,1
5905611,2025-10-11T00:42:20Z,1,-27.19956,159.28151,1,1207.7,1,34.484,1,4.397,1,1207.7,1,4.397,1,34.484,1
5905611,2025-10-11T00:42:20Z,1,-27.19956,159.28151,1,1209.7,1,34.485,1,4.384,1,1209.7,1,4.384,1,34.485,1
5905611,2025-10-11T00:42:20Z,1,-27.19956,159.28151,1,1211.7,1,34.486,1,4.375,1,1211.7,1,4.375,1,34.486,1
5905611,2025-10-11T00:42:20Z,1,-27.19956,159.28151,1,1213.8,1,34.486,1,4.366,1,1213.8,1,4.366,1,34.486,1
5905611,2025-10-11T00:42:20Z,1,-27.19956,159.28151,1,1215.8,1,34.486,1,4.364,1,1215.8,1,4.364,1,34.486,1
5905611,2025-10-11T00:42:20Z,1,-27.19956,159.28151,1,1217.8,1,34.487,1,4.36,1,1217.8,1,4.36,1,34.487,1
5905611,2025-10-11T00:42:20Z,1,-27.19956,159.28151,1,1219.4,1,34.487,1,4.358,1,1219.4,1,4.358,1,34.487,1
5905611,2025-10-11T00:42:20Z,1,-27.19956,159.28151,1,1221.0,1,34.487,1,4.357,1,1221.0,1,4.357,1,34.487,1
5905611,2025-10-11T00:42:20Z,1,-27.19956,159.28151,1,1223.0,1,34.487,1,4.354,1,1223.0,1,4.354,1,34.487,1
5905611,2025-10-11T00:42:20Z,1,-27.19956,159.28151,1,1225.1,1,34.487,1,4.347,1,1225.1,1,4.347,1,34.487,1
5905611,2025-10-11T00:42:20Z,1,-27.19956,159.28151,1,1227.1,1,34.489,1,4.331,1,1227.1,1,4.331,1,34.489,1
5905611,2025-10-11T00:42:20Z,1,-27.19956,159.28151,1,1229.2,1,34.488,1,4.327,1,1229.2,1,4.327,1,34.488,1
5905611,2025-10-11T00:42:20Z,1,-27.19956,159.28151,1,1231.2,1,34.488,1,4.317,1,1231.2,1,4.317,1,34.488,1
5905611,2025-10-11T00:42:20Z,1,-27.19956,159.28151,1,1233.1,1,34.491,1,4.298,1,1233.1,1,4.298,1,34.491,1
5905611,2025-10-11T00:42:20Z,1,-27.19956,159.28151,1,1235.2,1,34.49,1,4.284,1,1235.2,1,4.284,1,34.49,1
5905611,2025-10-11T00:42:20Z,1,-27.19956,159.28151,1,1237.2,1,34.492,1,4.268,1,1237.2,1,4.268,1,34.492,1
5905611,2025-10-11T00:42:20Z,1,-27.19956,159.28151,1,1239.2,1,34.492,1,4.262,1,1239.2,1,4.262,1,34.492,1
5905611,2025-10-11T00:42:20Z,1,-27.19956,159.28151,1,1241.3,1,34.492,1,4.251,1,1241.3,1,4.251,1,34.492,1
5905611,2025-10-11T00:42:20Z,1,-27.19956,159.28151,1,1243.3,1,34.494,1,4.235,1,1243.3,1,4.235,1,34.494,1
5905611,2025-10-11T00:42:20Z,1,-27.19956,159.28151,1,1245.3,1,34.493,1,4.232,1,1245.3,1,4.232,1,34.493,1
5905611,2025-10-11T00:42:20Z,1,-27.19956,159.28151,1,1247.4,1,34.494,1,4.227,1,1247.4,1,4.227,1,34.494,1
5905611,2025-10-11T00:42:20Z,1,-27.19956,159.28151,1,1249.4,1,34.494,1,4.216,1,1249.4,1,4.216,1,34.494,1
5905611,2025-10-11T00:42:20Z,1,-27.19956,159.28151,1,1251.4,1,34.495,1,4.208,1,1251.4,1,4.208,1,34.495,1
5905611,2025-10-11T00:42:20Z,1,-27.19956,159.28151,1,1253.4,1,34.496,1,4.192,1,1253.4,1,4.192,1,34.496,1
5905611,2025-10-11T00:42:20Z,1,-27.19956,159.28151,1,1255.4,1,34.499,1,4.174,1,1255.4,1,4.174,1,34.499,1
5905611,2025-10-11T00:42:20Z,1,-27.19956,159.28151,1,1257.4,1,34.498,1,4.169,1,1257.4,1,4.169,1,34.498,1
5905611,2025-10-11T00:42:20Z,1,-27.19956,159.28151,1,1259.4,1,34.499,1,4.164,1,1259.4,1,4.164,1,34.499,1
5905611,2025-10-11T00:42:20Z,1,-27.19956,159.28151,1,1261.4,1,34.498,1,4.162,1,1261.4,1,4.162,1,34.498,1
5905611,2025-10-11T00:42:20Z,1,-27.19956,159.28151,1,1263.4,1,34.498,1,4.162,1,1263.4,1,4.162,1,34.498,1
5905611,2025-10-11T00:42:20Z,1,-27.19956,159.28151,1,1265.3,1,34.498,1,4.157,1,1265.3,1,4.157,1,34.498,1
5905611,2025-10-11T00:42:20Z,1,-27.19956,159.28151,1,1267.3,1,34.499,1,4.143,1,1267.3,1,4.143,1,34.499,1
5905611,2025-10-11T00:42:20Z,1,-27.19956,159.28151,1,1269.2,1,34.5,1,4.123,1,1269.2,1,4.123,1,34.5,1
5905611,2025-10-11T00:42:20Z,1,-27.19956,159.28151,1,1271.2,1,34.501,1,4.115,1,1271.2,1,4.115,1,34.501,1
5905611,2025-10-11T00:42:20Z,1,-27.19956,159.28151,1,1273.1,1,34.502,1,4.104,1,1273.1,1,4.104,1,34.502,1
5905611,2025-10-11T00:42:20Z,1,-27.19956,159.28151,1,1275.1,1,34.502,1,4.097,1,1275.1,1,4.097,1,34.502,1
5905611,2025-10-11T00:42:20Z,1,-27.19956,159.28151,1,1277.0,1,34.503,1,4.09,1,1277.0,1,4.09,1,34.503,1
5905611,2025-10-11T00:42:20Z,1,-27.19956,159.28151,1,1279.0,1,34.503,1,4.085,1,1279.0,1,4.085,1,34.503,1
5905611,2025-10-11T00:42:20Z,1,-27.19956,159.28151,1,1281.0,1,34.505,1,4.064,1,1281.0,1,4.064,1,34.505,1
5905611,2025-10-11T00:42:20Z,1,-27.19956,159.28151,1,1283.4,1,34.506,1,4.045,1,1283.4,1,4.045,1,34.506,1
5905611,2025-10-11T00:42:20Z,1,-27.19956,159.28151,1,1285.7,1,34.508,1,4.026,1,1285.7,1,4.026,1,34.508,1
5905611,2025-10-11T00:42:20Z,1,-27.19956,159.28151,1,1287.7,1,34.51,1,4.008,1,1287.7,1,4.008,1,34.51,1
5905611,2025-10-11T00:42:20Z,1,-27.19956,159.28151,1,1289.7,1,34.511,1,3.994,1,1289.7,1,3.994,1,34.511,1
5905611,2025-10-11T00:42:20Z,1,-27.19956,159.28151,1,1291.7,1,34.511,1,3.993,1,1291.7,1,3.993,1,34.511,1
5905611,2025-10-11T00:42:20Z,1,-27.19956,159.28151,1,1293.7,1,34.511,1,3.99,1,1293.7,1,3.99,1,34.511,1
5905611,2025-10-11T00:42:20Z,1,-27.19956,159.28151,1,1295.6,1,34.511,1,3.987,1,1295.6,1,3.987,1,34.511,1
5905611,2025-10-11T00:42:20Z,1,-27.19956,159.28151,1,1297.6,1,34.511,1,3.987,1,1297.6,1,3.987,1,34.511,1
5905611,2025-10-11T00:42:20Z,1,-27.19956,159.28151,1,1299.6,1,34.512,1,3.98,1,1299.6,1,3.98,1,34.512,1
5905611,2025-10-11T00:42:20Z,1,-27.19956,159.28151,1,1301.6,1,34.512,1,3.975,1,1301.6,1,3.975,1,34.512,1
5905611,2025-10-11T00:42:20Z,1,-27.19956,159.28151,1,1303.6,1,34.513,1,3.968,1,1303.6,1,3.968,1,34.513,1
5905611,2025-10-11T00:42:20Z,1,-27.19956,159.28151,1,1305.6,1,34.513,1,3.956,1,1305.6,1,3.956,1,34.513,1
5905611,2025-10-11T00:42:20Z,1,-27.19956,159.28151,1,1307.6,1,34.514,1,3.951,1,1307.6,1,3.951,1,34.514,1
5905611,2025-10-11T00:42:20Z,1,-27.19956,159.28151,1,1309.6,1,34.514,1,3.94,1,1309.6,1,3.94,1,34.514,1
5905611,2025-10-11T00:42:20Z,1,-27.19956,159.28151,1,1311.6,1,34.516,1,3.916,1,1311.6,1,3.916,1,34.516,1
5905611,2025-10-11T00:42:20Z,1,-27.19956,159.28151,1,1313.6,1,34.517,1,3.908,1,1313.6,1,3.908,1,34.517,1
5905611,2025-10-11T00:42:20Z,1,-27.19956,159.28151,1,1315.6,1,34.517,1,3.902,1,1315.6,1,3.902,1,34.517,1
5905611,2025-10-11T00:42:20Z,1,-27.19956,159.28151,1,1317.6,1,34.517,1,3.897,1,1317.6,1,3.897,1,34.517,1
5905611,2025-10-11T00:42:20Z,1,-27.19956,159.28151,1,1319.7,1,34.518,1,3.89,1,1319.7,1,3.89,1,34.518,1
5905611,2025-10-11T00:42:20Z,1,-27.19956,159.28151,1,1321.7,1,34.519,1,3.883,1,1321.7,1,3.883,1,34.519,1
5905611,2025-10-11T00:42:20Z,1,-27.19956,159.28151,1,1323.7,1,34.519,1,3.88,1,1323.7,1,3.88,1,34.519,1
5905611,2025-10-11T00:42:20Z,1,-27.19956,159.28151,1,1325.7,1,34.52,1,3.874,1,1325.7,1,3.874,1,34.52,1
5905611,2025-10-11T00:42:20Z,1,-27.19956,159.28151,1,1327.7,1,34.52,1,3.869,1,1327.7,1,3.869,1,34.52,1
5905611,2025-10-11T00:42:20Z,1,-27.19956,159.28151,1,1329.8,1,34.52,1,3.864,1,1329.8,1,3.864,1,34.52,1
5905611,2025-10-11T00:42:20Z,1,-27.19956,159.28151,1,1331.8,1,34.521,1,3.856,1,1331.8,1,3.856,1,34.521,1
5905611,2025-10-11T00:42:20Z,1,-27.19956,159.28151,1,1333.8,1,34.521,1,3.854,1,1333.8,1,3.854,1,34.521,1
5905611,2025-10-11T00:42:20Z,1,-27.19956,159.28151,1,1335.9,1,34.521,1,3.848,1,1335.9,1,3.848,1,34.521,1
5905611,2025-10-11T00:42:20Z,1,-27.19956,159.28151,1,1337.9,1,34.522,1,3.843,1,1337.9,1,3.843,1,34.522,1
5905611,2025-10-11T00:42:20Z,1,-27.19956,159.28151,1,1339.5,1,34.521,1,3.842,1,1339.5,1,3.842,1,34.521,1
5905611,2025-10-11T00:42:20Z,1,-27.19956,159.28151,1,1341.0,1,34.523,1,3.83,1,1341.0,1,3.83,1,34.523,1
5905611,2025-10-11T00:42:20Z,1,-27.19956,159.28151,1,1343.1,1,34.525,1,3.81,1,1343.1,1,3.81,1,34.525,1
5905611,2025-10-11T00:42:20Z,1,-27.19956,159.28151,1,1345.1,1,34.525,1,3.808,1,1345.1,1,3.808,1,34.525,1
5905611,2025-10-11T00:42:20Z,1,-27.19956,159.28151,1,1347.2,1,34.525,1,3.806,1,1347.2,1,3.806,1,34.525,1
5905611,2025-10-11T00:42:20Z,1,-27.19956,159.28151,1,1349.5,1,34.525,1,3.802,1,1349.5,1,3.802,1,34.525,1
5905611,2025-10-11T00:42:20Z,1,-27.19956,159.28151,1,1351.6,1,34.526,1,3.792,1,1351.6,1,3.792,1,34.526,1
5905611,2025-10-11T00:42:20Z,1,-27.19956,159.28151,1,1353.6,1,34.526,1,3.785,1,1353.6,1,3.785,1,34.526,1
5905611,2025-10-11T00:42:20Z,1,-27.19956,159.28151,1,1355.6,1,34.528,1,3.781,1,1355.6,1,3.781,1,34.528,1
5905611,2025-10-11T00:42:20Z,1,-27.19956,159.28151,1,1357.6,1,34.528,1,3.765,1,1357.6,1,3.765,1,34.528,1
5905611,2025-10-11T00:42:20Z,1,-27.19956,159.28151,1,1359.6,1,34.529,1,3.755,1,1359.6,1,3.755,1,34.529,1
5905611,2025-10-11T00:42:20Z,1,-27.19956,159.28151,1,1361.5,1,34.529,1,3.744,1,1361.5,1,3.744,1,34.529,1
5905611,2025-10-11T00:42:20Z,1,-27.19956,159.28151,1,1363.6,1,34.53,1,3.739,1,1363.6,1,3.739,1,34.53,1
5905611,2025-10-11T00:42:20Z,1,-27.19956,159.28151,1,1365.6,1,34.53,1,3.729,1,1365.6,1,3.729,1,34.53,1
5905611,2025-10-11T00:42:20Z,1,-27.19956,159.28151,1,1367.5,1,34.531,1,3.719,1,1367.5,1,3.719,1,34.531,1
5905611,2025-10-11T00:42:20Z,1,-27.19956,159.28151,1,1369.6,1,34.533,1,3.704,1,1369.6,1,3.704,1,34.533,1
5905611,2025-10-11T00:42:20Z,1,-27.19956,159.28151,1,1371.6,1,34.533,1,3.694,1,1371.6,1,3.694,1,34.533,1
5905611,2025-10-11T00:42:20Z,1,-27.19956,159.28151,1,1373.3,1,34.534,1,3.685,1,1373.3,1,3.685,1,34.534,1
5905611,2025-10-11T00:42:20Z,1,-27.19956,159.28151,1,1375.3,1,34.535,1,3.677,1,1375.3,1,3.677,1,34.535,1
5905611,2025-10-11T00:42:20Z,1,-27.19956,159.28151,1,1377.4,1,34.535,1,3.676,1,1377.4,1,3.676,1,34.535,1
5905611,2025-10-11T00:42:20Z,1,-27.19956,159.28151,1,1379.4,1,34.535,1,3.669,1,1379.4,1,3.669,1,34.535,1
5905611,2025-10-11T00:42:20Z,1,-27.19956,159.28151,1,1381.4,1,34.536,1,3.661,1,1381.4,1,3.661,1,34.536,1
5905611,2025-10-11T00:42:20Z,1,-27.19956,159.28151,1,1383.5,1,34.536,1,3.652,1,1383.5,1,3.652,1,34.536,1
5905611,2025-10-11T00:42:20Z,1,-27.19956,159.28151,1,1385.6,1,34.537,1,3.646,1,1385.6,1,3.646,1,34.537,1
5905611,2025-10-11T00:42:20Z,1,-27.19956,159.28151,1,1387.2,1,34.537,1,3.637,1,1387.2,1,3.637,1,34.537,1
5905611,2025-10-11T00:42:20Z,1,-27.19956,159.28151,1,1389.3,1,34.538,1,3.621,1,1389.3,1,3.621,1,34.538,1
5905611,2025-10-11T00:42:20Z,1,-27.19956,159.28151,1,1391.4,1,34.54,1,3.607,1,1391.4,1,3.607,1,34.54,1
5905611,2025-10-11T00:42:20Z,1,-27.19956,159.28151,1,1393.5,1,34.54,1,3.606,1,1393.5,1,3.606,1,34.54,1
5905611,2025-10-11T00:42:20Z,1,-27.19956,159.28151,1,1395.7,1,34.541,1,3.598,1,1395.7,1,3.598,1,34.541,1
5905611,2025-10-11T00:42:20Z,1,-27.19956,159.28151,1,1397.4,1,34.541,1,3.594,1,1397.4,1,3.594,1,34.541,1
5905611,2025-10-11T00:42:20Z,1,-27.19956,159.28151,1,1399.5,1,34.542,1,3.584,1,1399.5,1,3.584,1,34.542,1
5905611,2025-10-11T00:42:20Z,1,-27.19956,159.28151,1,1401.7,1,34.542,1,3.579,1,1401.7,1,3.579,1,34.542,1
5905611,2025-10-11T00:42:20Z,1,-27.19956,159.28151,1,1403.4,1,34.542,1,3.576,1,1403.4,1,3.576,1,34.542,1
5905611,2025-10-11T00:42:20Z,1,-27.19956,159.28151,1,1405.2,1,34.543,1,3.571,1,1405.2,1,3.571,1,34.543,1
5905611,2025-10-11T00:42:20Z,1,-27.19956,159.28151,1,1407.3,1,34.543,1,3.562,1,1407.3,1,3.562,1,34.543,1
5905611,2025-10-11T00:42:20Z,1,-27.19956,159.28151,1,1409.5,1,34.545,1,3.544,1,1409.5,1,3.544,1,34.545,1
5905611,2025-10-11T00:42:20Z,1,-27.19956,159.28151,1,1411.2,1,34.545,1,3.539,1,1411.2,1,3.539,1,34.545,1
5905611,2025-10-11T00:42:20Z,1,-27.19956,159.28151,1,1413.5,1,34.545,1,3.537,1,1413.5,1,3.537,1,34.545,1
5905611,2025-10-11T00:42:20Z,1,-27.19956,159.28151,1,1415.6,1,34.546,1,3.526,1,1415.6,1,3.526,1,34.546,1
5905611,2025-10-11T00:42:20Z,1,-27.19956,159.28151,1,1417.4,1,34.547,1,3.519,1,1417.4,1,3.519,1,34.547,1
5905611,2025-10-11T00:42:20Z,1,-27.19956,159.28151,1,1419.2,1,34.548,1,3.513,1,1419.2,1,3.513,1,34.548,1
5905611,2025-10-11T00:42:20Z,1,-27.19956,159.28151,1,1421.5,1,34.548,1,3.506,1,1421.5,1,3.506,1,34.548,1
5905611,2025-10-11T00:42:20Z,1,-27.19956,159.28151,1,1423.7,1,34.549,1,3.499,1,1423.7,1,3.499,1,34.549,1
5905611,2025-10-11T00:42:20Z,1,-27.19956,159.28151,1,1425.5,1,34.549,1,3.496,1,1425.5,1,3.496,1,34.549,1
5905611,2025-10-11T00:42:20Z,1,-27.19956,159.28151,1,1427.3,1,34.549,1,3.496,1,1427.3,1,3.496,1,34.549,1
5905611,2025-10-11T00:42:20Z,1,-27.19956,159.28151,1,1429.5,1,34.549,1,3.488,1,1429.5,1,3.488,1,34.549,1
5905611,2025-10-11T00:42:20Z,1,-27.19956,159.28151,1,1431.7,1,34.55,1,3.479,1,1431.7,1,3.479,1,34.55,1
5905611,2025-10-11T00:42:20Z,1,-27.19956,159.28151,1,1433.5,1,34.55,1,3.467,1,1433.5,1,3.467,1,34.55,1
5905611,2025-10-11T00:42:20Z,1,-27.19956,159.28151,1,1435.4,1,34.551,1,3.46,1,1435.4,1,3.46,1,34.551,1
5905611,2025-10-11T00:42:20Z,1,-27.19956,159.28151,1,1437.2,1,34.553,1,3.447,1,1437.2,1,3.447,1,34.553,1
5905611,2025-10-11T00:42:20Z,1,-27.19956,159.28151,1,1439.5,1,34.553,1,3.442,1,1439.5,1,3.442,1,34.553,1
5905611,2025-10-11T00:42:20Z,1,-27.19956,159.28151,1,1441.8,1,34.553,1,3.439,1,1441.8,1,3.439,1,34.553,1
5905611,2025-10-11T00:42:20Z,1,-27.19956,159.28151,1,1443.6,1,34.554,1,3.433,1,1443.6,1,3.433,1,34.554,1
5905611,2025-10-11T00:42:20Z,1,-27.19956,159.28151,1,1445.5,1,34.555,1,3.421,1,1445.5,1,3.421,1,34.555,1
5905611,2025-10-11T00:42:20Z,1,-27.19956,159.28151,1,1447.4,1,34.555,1,3.414,1,1447.4,1,3.414,1,34.555,1
5905611,2025-10-11T00:42:20Z,1,-27.19956,159.28151,1,1449.2,1,34.556,1,3.409,1,1449.2,1,3.409,1,34.556,1
5905611,2025-10-11T00:42:20Z,1,-27.19956,159.28151,1,1451.1,1,34.556,1,3.403,1,1451.1,1,3.403,1,34.556,1
5905611,2025-10-11T00:42:20Z,1,-27.19956,159.28151,1,1453.4,1,34.557,1,3.394,1,1453.4,1,3.394,1,34.557,1
5905611,2025-10-11T00:42:20Z,1,-27.19956,159.28151,1,1455.7,1,34.558,1,3.385,1,1455.7,1,3.385,1,34.558,1
5905611,2025-10-11T00:42:20Z,1,-27.19956,159.28151,1,1457.6,1,34.558,1,3.381,1,1457.6,1,3.381,1,34.558,1
5905611,2025-10-11T00:42:20Z,1,-27.19956,159.28151,1,1459.5,1,34.558,1,3.377,1,1459.5,1,3.377,1,34.558,1
5905611,2025-10-11T00:42:20Z,1,-27.19956,159.28151,1,1461.3,1,34.559,1,3.371,1,1461.3,1,3.371,1,34.559,1
5905611,2025-10-11T00:42:20Z,1,-27.19956,159.28151,1,1463.1,1,34.559,1,3.369,1,1463.1,1,3.369,1,34.559,1
5905611,2025-10-11T00:42:20Z,1,-27.19956,159.28151,1,1465.4,1,34.559,1,3.362,1,1465.4,1,3.362,1,34.559,1
5905611,2025-10-11T00:42:20Z,1,-27.19956,159.28151,1,1467.8,1,34.56,1,3.355,1,1467.8,1,3.355,1,34.56,1
5905611,2025-10-11T00:42:20Z,1,-27.19956,159.28151,1,1469.6,1,34.561,1,3.344,1,1469.6,1,3.344,1,34.561,1
5905611,2025-10-11T00:42:20Z,1,-27.19956,159.28151,1,1471.5,1,34.562,1,3.334,1,1471.5,1,3.334,1,34.562,1
5905611,2025-10-11T00:42:20Z,1,-27.19956,159.28151,1,1473.4,1,34.563,1,3.322,1,1473.4,1,3.322,1,34.563,1
5905611,2025-10-11T00:42:20Z,1,-27.19956,159.28151,1,1475.3,1,34.564,1,3.318,1,1475.3,1,3.318,1,34.564,1
5905611,2025-10-11T00:42:20Z,1,-27.19956,159.28151,1,1477.2,1,34.564,1,3.314,1,1477.2,1,3.314,1,34.564,1
5905611,2025-10-11T00:42:20Z,1,-27.19956,159.28151,1,1479.1,1,34.564,1,3.311,1,1479.1,1,3.311,1,34.564,1
5905611,2025-10-11T00:42:20Z,1,-27.19956,159.28151,1,1481.4,1,34.565,1,3.305,1,1481.4,1,3.305,1,34.565,1
5905611,2025-10-11T00:42:20Z,1,-27.19956,159.28151,1,1483.8,1,34.566,1,3.292,1,1483.8,1,3.292,1,34.566,1
5905611,2025-10-11T00:42:20Z,1,-27.19956,159.28151,1,1485.7,1,34.566,1,3.283,1,1485.7,1,3.283,1,34.566,1
5905611,2025-10-11T00:42:20Z,1,-27.19956,159.28151,1,1487.5,1,34.568,1,3.273,1,1487.5,1,3.273,1,34.568,1
5905611,2025-10-11T00:42:20Z,1,-27.19956,159.28151,1,1489.5,1,34.568,1,3.266,1,1489.5,1,3.266,1,34.568,1
5905611,2025-10-11T00:42:20Z,1,-27.19956,159.28151,1,1491.4,1,34.568,1,3.265,1,1491.4,1,3.265,1,34.568,1
5905611,2025-10-11T00:42:20Z,1,-27.19956,159.28151,1,1493.3,1,34.568,1,3.264,1,1493.3,1,3.264,1,34.568,1
5905611,2025-10-11T00:42:20Z,1,-27.19956,159.28151,1,1495.2,1,34.568,1,3.263,1,1495.2,1,3.263,1,34.568,1
5905611,2025-10-11T00:42:20Z,1,-27.19956,159.28151,1,1497.2,1,34.568,1,3.261,1,1497.2,1,3.261,1,34.568,1
5905611,2025-10-11T00:42:20Z,1,-27.19956,159.28151,1,1499.1,1,34.569,1,3.256,1,1499.1,1,3.256,1,34.569,1
5905611,2025-10-11T00:42:20Z,1,-27.19956,159.28151,1,1501.4,1,34.571,1,3.24,1,1501.4,1,3.24,1,34.571,1
5905611,2025-10-11T00:42:20Z,1,-27.19956,159.28151,1,1503.7,1,34.572,1,3.224,1,1503.7,1,3.224,1,34.572,1
5905611,2025-10-11T00:42:20Z,1,-27.19956,159.28151,1,1505.6,1,34.573,1,3.218,1,1505.6,1,3.218,1,34.573,1
5905611,2025-10-11T00:42:20Z,1,-27.19956,159.28151,1,1507.5,1,34.573,1,3.217,1,1507.5,1,3.217,1,34.573,1
5905611,2025-10-11T00:42:20Z,1,-27.19956,159.28151,1,1509.5,1,34.573,1,3.215,1,1509.5,1,3.215,1,34.573,1
5905611,2025-10-11T00:42:20Z,1,-27.19956,159.28151,1,1511.4,1,34.574,1,3.214,1,1511.4,1,3.214,1,34.574,1
5905611,2025-10-11T00:42:20Z,1,-27.19956,159.28151,1,1513.3,1,34.573,1,3.213,1,1513.3,1,3.213,1,34.573,1
5905611,2025-10-11T00:42:20Z,1,-27.19956,159.28151,1,1515.2,1,34.574,1,3.207,1,1515.2,1,3.207,1,34.574,1
5905611,2025-10-11T00:42:20Z,1,-27.19956,159.28151,1,1517.1,1,34.575,1,3.2,1,1517.1,1,3.2,1,34.575,1
5905611,2025-10-11T00:42:20Z,1,-27.19956,159.28151,1,1519.0,1,34.575,1,3.196,1,1519.0,1,3.196,1,34.575,1
5905611,2025-10-11T00:42:20Z,1,-27.19956,159.28151,1,1521.4,1,34.575,1,3.188,1,1521.4,1,3.188,1,34.575,1
5905611,2025-10-11T00:42:20Z,1,-27.19956,159.28151,1,1523.9,1,34.576,1,3.183,1,1523.9,1,3.183,1,34.576,1
5905611,2025-10-11T00:42:20Z,1,-27.19956,159.28151,1,1525.8,1,34.577,1,3.177,1,1525.8,1,3.177,1,34.577,1
5905611,2025-10-11T00:42:20Z,1,-27.19956,159.28151,1,1527.8,1,34.577,1,3.174,1,1527.8,1,3.174,1,34.577,1
5905611,2025-10-11T00:42:20Z,1,-27.19956,159.28151,1,1529.8,1,34.577,1,3.168,1,1529.8,1,3.168,1,34.577,1
5905611,2025-10-11T00:42:20Z,1,-27.19956,159.28151,1,1531.8,1,34.578,1,3.163,1,1531.8,1,3.163,1,34.578,1
5905611,2025-10-11T00:42:20Z,1,-27.19956,159.28151,1,1533.8,1,34.578,1,3.16,1,1533.8,1,3.16,1,34.578,1
5905611,2025-10-11T00:42:20Z,1,-27.19956,159.28151,1,1535.8,1,34.578,1,3.154,1,1535.8,1,3.154,1,34.578,1
5905611,2025-10-11T00:42:20Z,1,-27.19956,159.28151,1,1537.8,1,34.58,1,3.149,1,1537.8,1,3.149,1,34.58,1
5905611,2025-10-11T00:42:20Z,1,-27.19956,159.28151,1,1539.8,1,34.58,1,3.139,1,1539.8,1,3.139,1,34.58,1
5905611,2025-10-11T00:42:20Z,1,-27.19956,159.28151,1,1541.9,1,34.581,1,3.128,1,1541.9,1,3.128,1,34.581,1
5905611,2025-10-11T00:42:20Z,1,-27.19956,159.28151,1,1543.4,1,34.582,1,3.123,1,1543.4,1,3.123,1,34.582,1
5905611,2025-10-11T00:42:20Z,1,-27.19956,159.28151,1,1545.0,1,34.581,1,3.12,1,1545.0,1,3.12,1,34.581,1
5905611,2025-10-11T00:42:20Z,1,-27.19956,159.28151,1,1547.0,1,34.582,1,3.113,1,1547.0,1,3.113,1,34.582,1
5905611,2025-10-11T00:42:20Z,1,-27.19956,159.28151,1,1549.1,1,34.583,1,3.102,1,1549.1,1,3.102,1,34.583,1
5905611,2025-10-11T00:42:20Z,1,-27.19956,159.28151,1,1551.1,1,34.584,1,3.096,1,1551.1,1,3.096,1,34.584,1
5905611,2025-10-11T00:42:20Z,1,-27.19956,159.28151,1,1553.1,1,34.584,1,3.089,1,1553.1,1,3.089,1,34.584,1
5905611,2025-10-11T00:42:20Z,1,-27.19956,159.28151,1,1555.2,1,34.584,1,3.089,1,1555.2,1,3.089,1,34.584,1
5905611,2025-10-11T00:42:20Z,1,-27.19956,159.28151,1,1557.3,1,34.585,1,3.084,1,1557.3,1,3.084,1,34.585,1
5905611,2025-10-11T00:42:20Z,1,-27.19956,159.28151,1,1559.3,1,34.585,1,3.08,1,1559.3,1,3.08,1,34.585,1
5905611,2025-10-11T00:42:20Z,1,-27.19956,159.28151,1,1561.4,1,34.585,1,3.077,1,1561.4,1,3.077,1,34.585,1
5905611,2025-10-11T00:42:20Z,1,-27.19956,159.28151,1,1563.7,1,34.585,1,3.076,1,1563.7,1,3.076,1,34.585,1
5905611,2025-10-11T00:42:20Z,1,-27.19956,159.28151,1,1565.7,1,34.585,1,3.073,1,1565.7,1,3.073,1,34.585,1
5905611,2025-10-11T00:42:20Z,1,-27.19956,159.28151,1,1567.8,1,34.586,1,3.069,1,1567.8,1,3.069,1,34.586,1
5905611,2025-10-11T00:42:20Z,1,-27.19956,159.28151,1,1569.8,1,34.587,1,3.064,1,1569.8,1,3.064,1,34.587,1
5905611,2025-10-11T00:42:20Z,1,-27.19956,159.28151,1,1571.9,1,34.586,1,3.061,1,1571.9,1,3.061,1,34.586,1
5905611,2025-10-11T00:42:20Z,1,-27.19956,159.28151,1,1573.5,1,34.586,1,3.059,1,1573.5,1,3.059,1,34.586,1
5905611,2025-10-11T00:42:20Z,1,-27.19956,159.28151,1,1575.0,1,34.588,1,3.051,1,1575.0,1,3.051,1,34.588,1
5905611,2025-10-11T00:42:20Z,1,-27.19956,159.28151,1,1577.0,1,34.588,1,3.044,1,1577.0,1,3.044,1,34.588,1
5905611,2025-10-11T00:42:20Z,1,-27.19956,159.28151,1,1579.0,1,34.589,1,3.034,1,1579.0,1,3.034,1,34.589,1
5905611,2025-10-11T00:42:20Z,1,-27.19956,159.28151,1,1581.0,1,34.59,1,3.024,1,1581.0,1,3.024,1,34.59,1
5905611,2025-10-11T00:42:20Z,1,-27.19956,159.28151,1,1583.0,1,34.59,1,3.018,1,1583.0,1,3.018,1,34.59,1
5905611,2025-10-11T00:42:20Z,1,-27.19956,159.28151,1,1585.0,1,34.591,1,3.015,1,1585.0,1,3.015,1,34.591,1
5905611,2025-10-11T00:42:20Z,1,-27.19956,159.28151,1,1587.4,1,34.591,1,3.014,1,1587.4,1,3.014,1,34.591,1
5905611,2025-10-11T00:42:20Z,1,-27.19956,159.28151,1,1589.9,1,34.591,1,3.011,1,1589.9,1,3.011,1,34.591,1
5905611,2025-10-11T00:42:20Z,1,-27.19956,159.28151,1,1591.8,1,34.592,1,3.009,1,1591.8,1,3.009,1,34.592,1
5905611,2025-10-11T00:42:20Z,1,-27.19956,159.28151,1,1593.9,1,34.591,1,3.008,1,1593.9,1,3.008,1,34.591,1
5905611,2025-10-11T00:42:20Z,1,-27.19956,159.28151,1,1595.8,1,34.592,1,3.004,1,1595.8,1,3.004,1,34.592,1
5905611,2025-10-11T00:42:20Z,1,-27.19956,159.28151,1,1597.8,1,34.592,1,3.003,1,1597.8,1,3.003,1,34.592,1
5905611,2025-10-11T00:42:20Z,1,-27.19956,159.28151,1,1599.8,1,34.593,1,2.999,1,1599.8,1,2.999,1,34.593,1
5905611,2025-10-11T00:42:20Z,1,-27.19956,159.28151,1,1601.8,1,34.593,1,2.998,1,1601.8,1,2.998,1,34.593,1
5905611,2025-10-11T00:42:20Z,1,-27.19956,159.28151,1,1603.8,1,34.593,1,2.997,1,1603.8,1,2.997,1,34.593,1
5905611,2025-10-11T00:42:20Z,1,-27.19956,159.28151,1,1605.9,1,34.592,1,2.996,1,1605.9,1,2.996,1,34.592,1
5905611,2025-10-11T00:42:20Z,1,-27.19956,159.28151,1,1607.9,1,34.592,1,2.993,1,1607.9,1,2.993,1,34.592,1
5905611,2025-10-11T00:42:20Z,1,-27.19956,159.28151,1,1609.5,1,34.593,1,2.991,1,1609.5,1,2.991,1,34.593,1
5905611,2025-10-11T00:42:20Z,1,-27.19956,159.28151,1,1611.0,1,34.593,1,2.989,1,1611.0,1,2.989,1,34.593,1
5905611,2025-10-11T00:42:20Z,1,-27.19956,159.28151,1,1613.0,1,34.593,1,2.987,1,1613.0,1,2.987,1,34.593,1
5905611,2025-10-11T00:42:20Z,1,-27.19956,159.28151,1,1615.1,1,34.594,1,2.979,1,1615.1,1,2.979,1,34.594,1
5905611,2025-10-11T00:42:20Z,1,-27.19956,159.28151,1,1617.1,1,34.595,1,2.973,1,1617.1,1,2.973,1,34.595,1
5905611,2025-10-11T00:42:20Z,1,-27.19956,159.28151,1,1619.2,1,34.595,1,2.969,1,1619.2,1,2.969,1,34.595,1
5905611,2025-10-11T00:42:20Z,1,-27.19956,159.28151,1,1621.2,1,34.596,1,2.966,1,1621.2,1,2.966,1,34.596,1
5905611,2025-10-11T00:42:20Z,1,-27.19956,159.28151,1,1623.3,1,34.595,1,2.963,1,1623.3,1,2.963,1,34.595,1
5905611,2025-10-11T00:42:20Z,1,-27.19956,159.28151,1,1625.3,1,34.596,1,2.956,1,1625.3,1,2.956,1,34.596,1
5905611,2025-10-11T00:42:20Z,1,-27.19956,159.28151,1,1627.3,1,34.597,1,2.951,1,1627.3,1,2.951,1,34.597,1
5905611,2025-10-11T00:42:20Z,1,-27.19956,159.28151,1,1629.4,1,34.597,1,2.947,1,1629.4,1,2.947,1,34.597,1
5905611,2025-10-11T00:42:20Z,1,-27.19956,159.28151,1,1631.5,1,34.597,1,2.943,1,1631.5,1,2.943,1,34.597,1
5905611,2025-10-11T00:42:20Z,1,-27.19956,159.28151,1,1633.6,1,34.598,1,2.94,1,1633.6,1,2.94,1,34.598,1
5905611,2025-10-11T00:42:20Z,1,-27.19956,159.28151,1,1635.6,1,34.598,1,2.937,1,1635.6,1,2.937,1,34.598,1
5905611,2025-10-11T00:42:20Z,1,-27.19956,159.28151,1,1637.6,1,34.598,1,2.934,1,1637.6,1,2.934,1,34.598,1
5905611,2025-10-11T00:42:20Z,1,-27.19956,159.28151,1,1639.7,1,34.598,1,2.928,1,1639.7,1,2.928,1,34.598,1
5905611,2025-10-11T00:42:20Z,1,-27.19956,159.28151,1,1641.7,1,34.599,1,2.922,1,1641.7,1,2.922,1,34.599,1
5905611,2025-10-11T00:42:20Z,1,-27.19956,159.28151,1,1643.8,1,34.599,1,2.92,1,1643.8,1,2.92,1,34.599,1
5905611,2025-10-11T00:42:20Z,1,-27.19956,159.28151,1,1645.8,1,34.6,1,2.917,1,1645.8,1,2.917,1,34.6,1
5905611,2025-10-11T00:42:20Z,1,-27.19956,159.28151,1,1647.9,1,34.6,1,2.913,1,1647.9,1,2.913,1,34.6,1
5905611,2025-10-11T00:42:20Z,1,-27.19956,159.28151,1,1649.4,1,34.6,1,2.914,1,1649.4,1,2.914,1,34.6,1
5905611,2025-10-11T00:42:20Z,1,-27.19956,159.28151,1,1651.0,1,34.6,1,2.912,1,1651.0,1,2.912,1,34.6,1
5905611,2025-10-11T00:42:20Z,1,-27.19956,159.28151,1,1653.0,1,34.601,1,2.902,1,1653.0,1,2.902,1,34.601,1
5905611,2025-10-11T00:42:20Z,1,-27.19956,159.28151,1,1655.0,1,34.602,1,2.894,1,1655.0,1,2.894,1,34.602,1
5905611,2025-10-11T00:42:20Z,1,-27.19956,159.28151,1,1657.1,1,34.603,1,2.882,1,1657.1,1,2.882,1,34.603,1
5905611,2025-10-11T00:42:20Z,1,-27.19956,159.28151,1,1659.1,1,34.604,1,2.878,1,1659.1,1,2.878,1,34.604,1
5905611,2025-10-11T00:42:20Z,1,-27.19956,159.28151,1,1661.1,1,34.604,1,2.874,1,1661.1,1,2.874,1,34.604,1
5905611,2025-10-11T00:42:20Z,1,-27.19956,159.28151,1,1663.1,1,34.604,1,2.872,1,1663.1,1,2.872,1,34.604,1
5905611,2025-10-11T00:42:20Z,1,-27.19956,159.28151,1,1665.1,1,34.605,1,2.865,1,1665.1,1,2.865,1,34.605,1
5905611,2025-10-11T00:42:20Z,1,-27.19956,159.28151,1,1667.5,1,34.606,1,2.856,1,1667.5,1,2.856,1,34.606,1
5905611,2025-10-11T00:42:20Z,1,-27.19956,159.28151,1,1669.5,1,34.606,1,2.847,1,1669.5,1,2.847,1,34.606,1
5905611,2025-10-11T00:42:20Z,1,-27.19956,159.28151,1,1671.5,1,34.607,1,2.845,1,1671.5,1,2.845,1,34.607,1
5905611,2025-10-11T00:42:20Z,1,-27.19956,159.28151,1,1673.5,1,34.606,1,2.844,1,1673.5,1,2.844,1,34.606,1
5905611,2025-10-11T00:42:20Z,1,-27.19956,159.28151,1,1675.5,1,34.607,1,2.841,1,1675.5,1,2.841,1,34.607,1
5905611,2025-10-11T00:42:20Z,1,-27.19956,159.28151,1,1677.5,1,34.608,1,2.833,1,1677.5,1,2.833,1,34.608,1
5905611,2025-10-11T00:42:20Z,1,-27.19956,159.28151,1,1679.5,1,34.608,1,2.831,1,1679.5,1,2.831,1,34.608,1
5905611,2025-10-11T00:42:20Z,1,-27.19956,159.28151,1,1681.5,1,34.608,1,2.829,1,1681.5,1,2.829,1,34.608,1
5905611,2025-10-11T00:42:20Z,1,-27.19956,159.28151,1,1683.4,1,34.608,1,2.822,1,1683.4,1,2.822,1,34.608,1
5905611,2025-10-11T00:42:20Z,1,-27.19956,159.28151,1,1685.5,1,34.61,1,2.814,1,1685.5,1,2.814,1,34.61,1
5905611,2025-10-11T00:42:20Z,1,-27.19956,159.28151,1,1687.5,1,34.61,1,2.812,1,1687.5,1,2.812,1,34.61,1
5905611,2025-10-11T00:42:20Z,1,-27.19956,159.28151,1,1689.6,1,34.611,1,2.809,1,1689.6,1,2.809,1,34.611,1
5905611,2025-10-11T00:42:20Z,1,-27.19956,159.28151,1,1691.6,1,34.61,1,2.808,1,1691.6,1,2.808,1,34.61,1
5905611,2025-10-11T00:42:20Z,1,-27.19956,159.28151,1,1693.7,1,34.611,1,2.806,1,1693.7,1,2.806,1,34.611,1
5905611,2025-10-11T00:42:20Z,1,-27.19956,159.28151,1,1695.3,1,34.61,1,2.805,1,1695.3,1,2.805,1,34.61,1
5905611,2025-10-11T00:42:20Z,1,-27.19956,159.28151,1,1697.3,1,34.612,1,2.795,1,1697.3,1,2.795,1,34.612,1
5905611,2025-10-11T00:42:20Z,1,-27.19956,159.28151,1,1699.4,1,34.613,1,2.784,1,1699.4,1,2.784,1,34.613,1
5905611,2025-10-11T00:42:20Z,1,-27.19956,159.28151,1,1701.4,1,34.613,1,2.777,1,1701.4,1,2.777,1,34.613,1
5905611,2025-10-11T00:42:20Z,1,-27.19956,159.28151,1,1703.5,1,34.614,1,2.773,1,1703.5,1,2.773,1,34.614,1
5905611,2025-10-11T00:42:20Z,1,-27.19956,159.28151,1,1705.2,1,34.614,1,2.769,1,1705.2,1,2.769,1,34.614,1
5905611,2025-10-11T00:42:20Z,1,-27.19956,159.28151,1,1707.3,1,34.615,1,2.762,1,1707.3,1,2.762,1,34.615,1
5905611,2025-10-11T00:42:20Z,1,-27.19956,159.28151,1,1709.4,1,34.616,1,2.756,1,1709.4,1,2.756,1,34.616,1
5905611,2025-10-11T00:42:20Z,1,-27.19956,159.28151,1,1711.5,1,34.616,1,2.753,1,1711.5,1,2.753,1,34.616,1
5905611,2025-10-11T00:42:20Z,1,-27.19956,159.28151,1,1713.6,1,34.616,1,2.751,1,1713.6,1,2.751,1,34.616,1
5905611,2025-10-11T00:42:20Z,1,-27.19956,159.28151,1,1715.3,1,34.617,1,2.748,1,1715.3,1,2.748,1,34.617,1
5905611,2025-10-11T00:42:20Z,1,-27.19956,159.28151,1,1717.4,1,34.616,1,2.743,1,1717.4,1,2.743,1,34.616,1
5905611,2025-10-11T00:42:20Z,1,-27.19956,159.28151,1,1719.5,1,34.618,1,2.734,1,1719.5,1,2.734,1,34.618,1
5905611,2025-10-11T00:42:20Z,1,-27.19956,159.28151,1,1721.2,1,34.618,1,2.731,1,1721.2,1,2.731,1,34.618,1
5905611,2025-10-11T00:42:20Z,1,-27.19956,159.28151,1,1723.3,1,34.618,1,2.729,1,1723.3,1,2.729,1,34.618,1
5905611,2025-10-11T00:42:20Z,1,-27.19956,159.28151,1,1725.4,1,34.618,1,2.728,1,1725.4,1,2.728,1,34.618,1
5905611,2025-10-11T00:42:20Z,1,-27.19956,159.28151,1,1727.2,1,34.619,1,2.727,1,1727.2,1,2.727,1,34.619,1
5905611,2025-10-11T00:42:20Z,1,-27.19956,159.28151,1,1729.3,1,34.619,1,2.725,1,1729.3,1,2.725,1,34.619,1
5905611,2025-10-11T00:42:20Z,1,-27.19956,159.28151,1,1731.5,1,34.619,1,2.724,1,1731.5,1,2.724,1,34.619,1
5905611,2025-10-11T00:42:20Z,1,-27.19956,159.28151,1,1733.2,1,34.619,1,2.721,1,1733.2,1,2.721,1,34.619,1
5905611,2025-10-11T00:42:20Z,1,-27.19956,159.28151,1,1735.3,1,34.62,1,2.72,1,1735.3,1,2.72,1,34.62,1
5905611,2025-10-11T00:42:20Z,1,-27.19956,159.28151,1,1737.5,1,34.619,1,2.72,1,1737.5,1,2.72,1,34.619,1
5905611,2025-10-11T00:42:20Z,1,-27.19956,159.28151,1,1739.1,1,34.619,1,2.719,1,1739.1,1,2.719,1,34.619,1
5905611,2025-10-11T00:42:20Z,1,-27.19956,159.28151,1,1741.3,1,34.62,1,2.715,1,1741.3,1,2.715,1,34.62,1
5905611,2025-10-11T00:42:20Z,1,-27.19956,159.28151,1,1743.5,1,34.621,1,2.705,1,1743.5,1,2.705,1,34.621,1
5905611,2025-10-11T00:42:20Z,1,-27.19956,159.28151,1,1745.2,1,34.622,1,2.696,1,1745.2,1,2.696,1,34.622,1
5905611,2025-10-11T00:42:20Z,1,-27.19956,159.28151,1,1747.4,1,34.622,1,2.689,1,1747.4,1,2.689,1,34.622,1
5905611,2025-10-11T00:42:20Z,1,-27.19956,159.28151,1,1749.6,1,34.624,1,2.678,1,1749.6,1,2.678,1,34.624,1
5905611,2025-10-11T00:42:20Z,1,-27.19956,159.28151,1,1751.4,1,34.624,1,2.676,1,1751.4,1,2.676,1,34.624,1
5905611,2025-10-11T00:42:20Z,1,-27.19956,159.28151,1,1753.2,1,34.624,1,2.675,1,1753.2,1,2.675,1,34.624,1
5905611,2025-10-11T00:42:20Z,1,-27.19956,159.28151,1,1755.4,1,34.624,1,2.675,1,1755.4,1,2.675,1,34.624,1
5905611,2025-10-11T00:42:20Z,1,-27.19956,159.28151,1,1757.6,1,34.624,1,2.673,1,1757.6,1,2.673,1,34.624,1
5905611,2025-10-11T00:42:20Z,1,-27.19956,159.28151,1,1759.5,1,34.625,1,2.668,1,1759.5,1,2.668,1,34.625,1
5905611,2025-10-11T00:42:20Z,1,-27.19956,159.28151,1,1761.4,1,34.625,1,2.667,1,1761.4,1,2.667,1,34.625,1
5905611,2025-10-11T00:42:20Z,1,-27.19956,159.28151,1,1763.2,1,34.625,1,2.664,1,1763.2,1,2.664,1,34.625,1
5905611,2025-10-11T00:42:20Z,1,-27.19956,159.28151,1,1765.1,1,34.626,1,2.658,1,1765.1,1,2.658,1,34.626,1
5905611,2025-10-11T00:42:20Z,1,-27.19956,159.28151,1,1767.4,1,34.626,1,2.654,1,1767.4,1,2.654,1,34.626,1
5905611,2025-10-11T00:42:20Z,1,-27.19956,159.28151,1,1769.8,1,34.627,1,2.647,1,1769.8,1,2.647,1,34.627,1
5905611,2025-10-11T00:42:20Z,1,-27.19956,159.28151,1,1771.7,1,34.627,1,2.645,1,1771.7,1,2.645,1,34.627,1
5905611,2025-10-11T00:42:20Z,1,-27.19956,159.28151,1,1773.5,1,34.627,1,2.644,1,1773.5,1,2.644,1,34.627,1
5905611,2025-10-11T00:42:20Z,1,-27.19956,159.28151,1,1775.4,1,34.628,1,2.643,1,1775.4,1,2.643,1,34.628,1
5905611,2025-10-11T00:42:20Z,1,-27.19956,159.28151,1,1777.3,1,34.628,1,2.64,1,1777.3,1,2.64,1,34.628,1
5905611,2025-10-11T00:42:20Z,1,-27.19956,159.28151,1,1779.3,1,34.628,1,2.634,1,1779.3,1,2.634,1,34.628,1
5905611,2025-10-11T00:42:20Z,1,-27.19956,159.28151,1,1781.2,1,34.629,1,2.629,1,1781.2,1,2.629,1,34.629,1
5905611,2025-10-11T00:42:20Z,1,-27.19956,159.28151,1,1783.2,1,34.629,1,2.626,1,1783.2,1,2.626,1,34.629,1
5905611,2025-10-11T00:42:20Z,1,-27.19956,159.28151,1,1785.2,1,34.629,1,2.624,1,1785.2,1,2.624,1,34.629,1
5905611,2025-10-11T00:42:20Z,1,-27.19956,159.28151,1,1787.1,1,34.629,1,2.624,1,1787.1,1,2.624,1,34.629,1
5905611,2025-10-11T00:42:20Z,1,-27.19956,159.28151,1,1789.1,1,34.63,1,2.618,1,1789.1,1,2.618,1,34.63,1
5905611,2025-10-11T00:42:20Z,1,-27.19956,159.28151,1,1791.1,1,34.631,1,2.612,1,1791.1,1,2.612,1,34.631,1
5905611,2025-10-11T00:42:20Z,1,-27.19956,159.28151,1,1793.1,1,34.631,1,2.608,1,1793.1,1,2.608,1,34.631,1
5905611,2025-10-11T00:42:20Z,1,-27.19956,159.28151,1,1795.1,1,34.632,1,2.603,1,1795.1,1,2.603,1,34.632,1
5905611,2025-10-11T00:42:20Z,1,-27.19956,159.28151,1,1797.2,1,34.632,1,2.602,1,1797.2,1,2.602,1,34.632,1
5905611,2025-10-11T00:42:20Z,1,-27.19956,159.28151,1,1799.1,1,34.632,1,2.601,1,1799.1,1,2.601,1,34.632,1
5905611,2025-10-11T00:42:20Z,1,-27.19956,159.28151,1,1801.1,1,34.633,1,2.597,1,1801.1,1,2.597,1,34.633,1
5905611,2025-10-11T00:42:20Z,1,-27.19956,159.28151,1,1803.4,1,34.633,1,2.595,1,1803.4,1,2.595,1,34.633,1
5905611,2025-10-11T00:42:20Z,1,-27.19956,159.28151,1,1805.5,1,34.633,1,2.591,1,1805.5,1,2.591,1,34.633,1
5905611,2025-10-11T00:42:20Z,1,-27.19956,159.28151,1,1807.4,1,34.634,1,2.586,1,1807.4,1,2.586,1,34.634,1
5905611,2025-10-11T00:42:20Z,1,-27.19956,159.28151,1,1809.4,1,34.635,1,2.583,1,1809.4,1,2.583,1,34.635,1
5905611,2025-10-11T00:42:20Z,1,-27.19956,159.28151,1,1811.3,1,34.634,1,2.581,1,1811.3,1,2.581,1,34.634,1
5905611,2025-10-11T00:42:20Z,1,-27.19956,159.28151,1,1813.3,1,34.634,1,2.579,1,1813.3,1,2.579,1,34.634,1
5905611,2025-10-11T00:42:20Z,1,-27.19956,159.28151,1,1815.3,1,34.634,1,2.579,1,1815.3,1,2.579,1,34.634,1
5905611,2025-10-11T00:42:20Z,1,-27.19956,159.28151,1,1817.4,1,34.635,1,2.577,1,1817.4,1,2.577,1,34.635,1
5905611,2025-10-11T00:42:20Z,1,-27.19956,159.28151,1,1819.4,1,34.635,1,2.574,1,1819.4,1,2.574,1,34.635,1
5905611,2025-10-11T00:42:20Z,1,-27.19956,159.28151,1,1821.5,1,34.635,1,2.571,1,1821.5,1,2.571,1,34.635,1
5905611,2025-10-11T00:42:20Z,1,-27.19956,159.28151,1,1823.5,1,34.635,1,2.565,1,1823.5,1,2.565,1,34.635,1
5905611,2025-10-11T00:42:20Z,1,-27.19956,159.28151,1,1825.7,1,34.637,1,2.559,1,1825.7,1,2.559,1,34.637,1
5905611,2025-10-11T00:42:20Z,1,-27.19956,159.28151,1,1827.4,1,34.636,1,2.559,1,1827.4,1,2.559,1,34.636,1
5905611,2025-10-11T00:42:20Z,1,-27.19956,159.28151,1,1829.5,1,34.637,1,2.557,1,1829.5,1,2.557,1,34.637,1
5905611,2025-10-11T00:42:20Z,1,-27.19956,159.28151,1,1831.6,1,34.636,1,2.556,1,1831.6,1,2.556,1,34.636,1
5905611,2025-10-11T00:42:20Z,1,-27.19956,159.28151,1,1833.2,1,34.638,1,2.553,1,1833.2,1,2.553,1,34.638,1
5905611,2025-10-11T00:42:20Z,1,-27.19956,159.28151,1,1835.3,1,34.637,1,2.552,1,1835.3,1,2.552,1,34.637,1
5905611,2025-10-11T00:42:20Z,1,-27.19956,159.28151,1,1837.5,1,34.637,1,2.551,1,1837.5,1,2.551,1,34.637,1
5905611,2025-10-11T00:42:20Z,1,-27.19956,159.28151,1,1839.2,1,34.637,1,2.55,1,1839.2,1,2.55,1,34.637,1
5905611,2025-10-11T00:42:20Z,1,-27.19956,159.28151,1,1841.4,1,34.637,1,2.546,1,1841.4,1,2.546,1,34.637,1
5905611,2025-10-11T00:42:20Z,1,-27.19956,159.28151,1,1843.5,1,34.638,1,2.543,1,1843.5,1,2.543,1,34.638,1
5905611,2025-10-11T00:42:20Z,1,-27.19956,159.28151,1,1845.3,1,34.638,1,2.54,1,1845.3,1,2.54,1,34.638,1
5905611,2025-10-11T00:42:20Z,1,-27.19956,159.28151,1,1847.5,1,34.638,1,2.54,1,1847.5,1,2.54,1,34.638,1
5905611,2025-10-11T00:42:20Z,1,-27.19956,159.28151,1,1849.6,1,34.639,1,2.54,1,1849.6,1,2.54,1,34.639,1
5905611,2025-10-11T00:42:20Z,1,-27.19956,159.28151,1,1851.4,1,34.639,1,2.538,1,1851.4,1,2.538,1,34.639,1
5905611,2025-10-11T00:42:20Z,1,-27.19956,159.28151,1,1853.5,1,34.639,1,2.532,1,1853.5,1,2.532,1,34.639,1
5905611,2025-10-11T00:42:20Z,1,-27.19956,159.28151,1,1855.7,1,34.64,1,2.529,1,1855.7,1,2.529,1,34.64,1
5905611,2025-10-11T00:42:20Z,1,-27.19956,159.28151,1,1857.5,1,34.64,1,2.525,1,1857.5,1,2.525,1,34.64,1
5905611,2025-10-11T00:42:20Z,1,-27.19956,159.28151,1,1859.2,1,34.641,1,2.524,1,1859.2,1,2.524,1,34.641,1
5905611,2025-10-11T00:42:20Z,1,-27.19956,159.28151,1,1861.4,1,34.64,1,2.522,1,1861.4,1,2.522,1,34.64,1
5905611,2025-10-11T00:42:20Z,1,-27.19956,159.28151,1,1863.5,1,34.641,1,2.521,1,1863.5,1,2.521,1,34.641,1
5905611,2025-10-11T00:42:20Z,1,-27.19956,159.28151,1,1865.3,1,34.641,1,2.52,1,1865.3,1,2.52,1,34.641,1
5905611,2025-10-11T00:42:20Z,1,-27.19956,159.28151,1,1867.4,1,34.641,1,2.519,1,1867.4,1,2.519,1,34.641,1
5905611,2025-10-11T00:42:20Z,1,-27.19956,159.28151,1,1869.6,1,34.641,1,2.517,1,1869.6,1,2.517,1,34.641,1
5905611,2025-10-11T00:42:20Z,1,-27.19956,159.28151,1,1871.4,1,34.642,1,2.513,1,1871.4,1,2.513,1,34.642,1
5905611,2025-10-11T00:42:20Z,1,-27.19956,159.28151,1,1873.5,1,34.642,1,2.512,1,1873.5,1,2.512,1,34.642,1
5905611,2025-10-11T00:42:20Z,1,-27.19956,159.28151,1,1875.7,1,34.642,1,2.51,1,1875.7,1,2.51,1,34.642,1
5905611,2025-10-11T00:42:20Z,1,-27.19956,159.28151,1,1877.4,1,34.642,1,2.51,1,1877.4,1,2.51,1,34.642,1
5905611,2025-10-11T00:42:20Z,1,-27.19956,159.28151,1,1879.5,1,34.642,1,2.506,1,1879.5,1,2.506,1,34.642,1
5905611,2025-10-11T00:42:20Z,1,-27.19956,159.28151,1,1881.7,1,34.643,1,2.502,1,1881.7,1,2.502,1,34.643,1
5905611,2025-10-11T00:42:20Z,1,-27.19956,159.28151,1,1883.4,1,34.642,1,2.501,1,1883.4,1,2.501,1,34.642,1
5905611,2025-10-11T00:42:20Z,1,-27.19956,159.28151,1,1885.5,1,34.644,1,2.497,1,1885.5,1,2.497,1,34.644,1
5905611,2025-10-11T00:42:20Z,1,-27.19956,159.28151,1,1887.6,1,34.644,1,2.494,1,1887.6,1,2.494,1,34.644,1
5905611,2025-10-11T00:42:20Z,1,-27.19956,159.28151,1,1889.3,1,34.644,1,2.491,1,1889.3,1,2.491,1,34.644,1
5905611,2025-10-11T00:42:20Z,1,-27.19956,159.28151,1,1891.4,1,34.645,1,2.488,1,1891.4,1,2.488,1,34.645,1
5905611,2025-10-11T00:42:20Z,1,-27.19956,159.28151,1,1893.6,1,34.645,1,2.486,1,1893.6,1,2.486,1,34.645,1
5905611,2025-10-11T00:42:20Z,1,-27.19956,159.28151,1,1895.4,1,34.645,1,2.485,1,1895.4,1,2.485,1,34.645,1
5905611,2025-10-11T00:42:20Z,1,-27.19956,159.28151,1,1897.5,1,34.646,1,2.482,1,1897.5,1,2.482,1,34.646,1
5905611,2025-10-11T00:42:20Z,1,-27.19956,159.28151,1,1899.7,1,34.645,1,2.48,1,1899.7,1,2.48,1,34.645,1
5905611,2025-10-11T00:42:20Z,1,-27.19956,159.28151,1,1901.4,1,34.646,1,2.477,1,1901.4,1,2.477,1,34.646,1
5905611,2025-10-11T00:42:20Z,1,-27.19956,159.28151,1,1903.5,1,34.647,1,2.475,1,1903.5,1,2.475,1,34.647,1
5905611,2025-10-11T00:42:20Z,1,-27.19956,159.28151,1,1905.7,1,34.646,1,2.475,1,1905.7,1,2.475,1,34.646,1
5905611,2025-10-11T00:42:20Z,1,-27.19956,159.28151,1,1907.4,1,34.646,1,2.474,1,1907.4,1,2.474,1,34.646,1
5905611,2025-10-11T00:42:20Z,1,-27.19956,159.28151,1,1909.5,1,34.647,1,2.472,1,1909.5,1,2.472,1,34.647,1
5905611,2025-10-11T00:42:20Z,1,-27.19956,159.28151,1,1911.7,1,34.647,1,2.472,1,1911.7,1,2.472,1,34.647,1
5905611,2025-10-11T00:42:20Z,1,-27.19956,159.28151,1,1913.5,1,34.647,1,2.471,1,1913.5,1,2.471,1,34.647,1
5905611,2025-10-11T00:42:20Z,1,-27.19956,159.28151,1,1915.2,1,34.647,1,2.471,1,1915.2,1,2.471,1,34.647,1
5905611,2025-10-11T00:42:20Z,1,-27.19956,159.28151,1,1917.4,1,34.647,1,2.47,1,1917.4,1,2.47,1,34.647,1
5905611,2025-10-11T00:42:20Z,1,-27.19956,159.28151,1,1919.6,1,34.648,1,2.468,1,1919.6,1,2.468,1,34.648,1
5905611,2025-10-11T00:42:20Z,1,-27.19956,159.28151,1,1921.3,1,34.648,1,2.468,1,1921.3,1,2.468,1,34.648,1
5905611,2025-10-11T00:42:20Z,1,-27.19956,159.28151,1,1923.5,1,34.647,1,2.468,1,1923.5,1,2.468,1,34.647,1
5905611,2025-10-11T00:42:20Z,1,-27.19956,159.28151,1,1925.7,1,34.647,1,2.466,1,1925.7,1,2.466,1,34.647,1
5905611,2025-10-11T00:42:20Z,1,-27.19956,159.28151,1,1927.4,1,34.648,1,2.464,1,1927.4,1,2.464,1,34.648,1
5905611,2025-10-11T00:42:20Z,1,-27.19956,159.28151,1,1929.1,1,34.648,1,2.464,1,1929.1,1,2.464,1,34.648,1
5905611,2025-10-11T00:42:20Z,1,-27.19956,159.28151,1,1931.3,1,34.648,1,2.462,1,1931.3,1,2.462,1,34.648,1
5905611,2025-10-11T00:42:20Z,1,-27.19956,159.28151,1,1933.5,1,34.648,1,2.462,1,1933.5,1,2.462,1,34.648,1
5905611,2025-10-11T00:42:20Z,1,-27.19956,159.28151,1,1935.3,1,34.648,1,2.461,1,1935.3,1,2.461,1,34.648,1
5905611,2025-10-11T00:42:20Z,1,-27.19956,159.28151,1,1937.5,1,34.649,1,2.456,1,1937.5,1,2.456,1,34.649,1
5905611,2025-10-11T00:42:20Z,1,-27.19956,159.28151,1,1939.6,1,34.649,1,2.455,1,1939.6,1,2.455,1,34.649,1
5905611,2025-10-11T00:42:20Z,1,-27.19956,159.28151,1,1941.4,1,34.649,1,2.452,1,1941.4,1,2.452,1,34.649,1
5905611,2025-10-11T00:42:20Z,1,-27.19956,159.28151,1,1943.2,1,34.65,1,2.449,1,1943.2,1,2.449,1,34.65,1
5905611,2025-10-11T00:42:20Z,1,-27.19956,159.28151,1,1945.3,1,34.65,1,2.445,1,1945.3,1,2.445,1,34.65,1
5905611,2025-10-11T00:42:20Z,1,-27.19956,159.28151,1,1947.5,1,34.651,1,2.441,1,1947.5,1,2.441,1,34.651,1
5905611,2025-10-11T00:42:20Z,1,-27.19956,159.28151,1,1949.3,1,34.651,1,2.439,1,1949.3,1,2.439,1,34.651,1
5905611,2025-10-11T00:42:20Z,1,-27.19956,159.28151,1,1951.5,1,34.651,1,2.438,1,1951.5,1,2.438,1,34.651,1
5905611,2025-10-11T00:42:20Z,1,-27.19956,159.28151,1,1953.7,1,34.652,1,2.436,1,1953.7,1,2.436,1,34.652,1
5905611,2025-10-11T00:42:20Z,1,-27.19956,159.28151,1,1955.4,1,34.652,1,2.435,1,1955.4,1,2.435,1,34.652,1
5905611,2025-10-11T00:42:20Z,1,-27.19956,159.28151,1,1957.2,1,34.652,1,2.431,1,1957.2,1,2.431,1,34.652,1
5905611,2025-10-11T00:42:20Z,1,-27.19956,159.28151,1,1959.4,1,34.652,1,2.428,1,1959.4,1,2.428,1,34.652,1
5905611,2025-10-11T00:42:20Z,1,-27.19956,159.28151,1,1961.5,1,34.653,1,2.425,1,1961.5,1,2.425,1,34.653,1
5905611,2025-10-11T00:42:20Z,1,-27.19956,159.28151,1,1963.3,1,34.653,1,2.425,1,1963.3,1,2.425,1,34.653,1
5905611,2025-10-11T00:42:20Z,1,-27.19956,159.28151,1,1965.1,1,34.653,1,2.422,1,1965.1,1,2.422,1,34.653,1
5905611,2025-10-11T00:42:20Z,1,-27.19956,159.28151,1,1967.4,1,34.654,1,2.419,1,1967.4,1,2.419,1,34.654,1
5905611,2025-10-11T00:42:20Z,1,-27.19956,159.28151,1,1969.6,1,34.653,1,2.418,1,1969.6,1,2.418,1,34.653,1
5905611,2025-10-11T00:42:20Z,1,-27.19956,159.28151,1,1971.4,1,34.653,1,2.418,1,1971.4,1,2.418,1,34.653,1
5905611,2025-10-11T00:42:20Z,1,-27.19956,159.28151,1,1973.2,1,34.654,1,2.415,1,1973.2,1,2.415,1,34.654,1
5905611,2025-10-11T00:42:20Z,1,-27.19956,159.28151,1,1975.4,1,34.654,1,2.414,1,1975.4,1,2.414,1,34.654,1
5905611,2025-10-11T00:42:20Z,1,-27.19956,159.28151,1,1977.6,1,34.654,1,2.412,1,1977.6,1,2.412,1,34.654,1
5905611,2025-10-11T00:42:20Z,1,-27.19956,159.28151,1,1979.4,1,34.654,1,2.411,1,1979.4,1,2.411,1,34.654,1
5905611,2025-10-11T00:42:20Z,1,-27.19956,159.28151,1,1981.2,1,34.654,1,2.411,1,1981.2,1,2.411,1,34.654,1
5905611,2025-10-11T00:42:20Z,1,-27.19956,159.28151,1,1983.4,1,34.655,1,2.406,1,1983.4,1,2.406,1,34.655,1
5905611,2025-10-11T00:42:20Z,1,-27.19956,159.28151,1,1985.6,1,34.656,1,2.403,1,1985.6,1,2.403,1,34.656,1
5905611,2025-10-11T00:42:20Z,1,-27.19956,159.28151,1,1987.3,1,34.656,1,2.402,1,1987.3,1,2.402,1,34.656,1
5905611,2025-10-11T00:42:20Z,1,-27.19956,159.28151,1,1989.3,1,34.656,1,2.402,1,1989.3,1,2.402,1,34.656,1
5905611,2025-10-11T00:42:20Z,1,-27.19956,159.28151,1,1991.5,1,34.656,1,2.402,1,1991.5,1,2.402,1,34.656,1
5905611,2025-10-11T00:42:20Z,1,-27.19956,159.28151,1,1993.6,1,34.655,1,2.401,1,1993.6,1,2.401,1,34.655,1
5905611,2025-10-11T00:42:20Z,1,-27.19956,159.28151,1,1995.6,1,34.656,1,2.399,1,1995.6,1,2.399,1,34.656,1
5905611,2025-10-20T19:49:20Z,1,-27.11334,158.94311,1,0.3,1,35.745,1,22.034,1,0.3,1,22.034,1,35.745,1
5905611,2025-10-20T19:49:20Z,1,-27.11334,158.94311,1,1.2,1,35.746,1,22.033,1,1.2,1,22.033,1,35.746,1
5905611,2025-10-20T19:49:20Z,1,-27.11334,158.94311,1,3.2,1,35.744,1,22.035,1,3.2,1,22.035,1,35.744,1
5905611,2025-10-20T19:49:20Z,1,-27.11334,158.94311,1,4.5,1,35.746,1,22.033,1,4.5,1,22.033,1,35.746,1
5905611,2025-10-20T19:49:20Z,1,-27.11334,158.94311,1,5.5,1,35.746,1,22.032,1,5.5,1,22.032,1,35.746,1
5905611,2025-10-20T19:49:20Z,1,-27.11334,158.94311,1,7.0,1,35.746,1,22.033,1,7.0,1,22.033,1,35.746,1
5905611,2025-10-20T19:49:20Z,1,-27.11334,158.94311,1,9.0,1,35.746,1,22.035,1,9.0,1,22.035,1,35.746,1
5905611,2025-10-20T19:49:20Z,1,-27.11334,158.94311,1,11.1,1,35.746,1,22.034,1,11.1,1,22.034,1,35.746,1
5905611,2025-10-20T19:49:20Z,1,-27.11334,158.94311,1,13.1,1,35.746,1,22.035,1,13.1,1,22.035,1,35.746,1
5905611,2025-10-20T19:49:20Z,1,-27.11334,158.94311,1,15.2,1,35.746,1,22.033,1,15.2,1,22.033,1,35.746,1
5905611,2025-10-20T19:49:20Z,1,-27.11334,158.94311,1,17.3,1,35.746,1,22.031,1,17.3,1,22.031,1,35.746,1
5905611,2025-10-20T19:49:20Z,1,-27.11334,158.94311,1,19.4,1,35.745,1,22.03,1,19.4,1,22.03,1,35.745,1
5905611,2025-10-20T19:49:20Z,1,-27.11334,158.94311,1,21.5,1,35.745,1,22.018,1,21.5,1,22.018,1,35.745,1
5905611,2025-10-20T19:49:20Z,1,-27.11334,158.94311,1,23.7,1,35.744,1,22.015,1,23.7,1,22.015,1,35.744,1
5905611,2025-10-20T19:49:20Z,1,-27.11334,158.94311,1,25.4,1,35.745,1,21.985,1,25.4,1,21.985,1,35.745,1
5905611,2025-10-20T19:49:20Z,1,-27.11334,158.94311,1,27.0,1,35.742,1,21.975,1,27.0,1,21.975,1,35.742,1
5905611,2025-10-20T19:49:20Z,1,-27.11334,158.94311,1,29.1,1,35.742,1,21.961,1,29.1,1,21.961,1,35.742,1
5905611,2025-10-20T19:49:20Z,1,-27.11334,158.94311,1,31.2,1,35.741,1,21.944,1,31.2,1,21.944,1,35.741,1
5905611,2025-10-20T19:49:20Z,1,-27.11334,158.94311,1,33.3,1,35.743,1,21.91,1,33.3,1,21.91,1,35.743,1
5905611,2025-10-20T19:49:20Z,1,-27.11334,158.94311,1,35.3,1,35.742,1,21.884,1,35.3,1,21.884,1,35.742,1
5905611,2025-10-20T19:49:20Z,1,-27.11334,158.94311,1,37.3,1,35.742,1,21.865,1,37.3,1,21.865,1,35.742,1
5905611,2025-10-20T19:49:20Z,1,-27.11334,158.94311,1,39.3,1,35.726,1,21.732,1,39.3,1,21.732,1,35.726,1
5905611,2025-10-20T19:49:20Z,1,-27.11334,158.94311,1,41.4,1,35.707,1,21.602,1,41.4,1,21.602,1,35.707,1
5905611,2025-10-20T19:49:20Z,1,-27.11334,158.94311,1,43.5,1,35.71,1,21.538,1,43.5,1,21.538,1,35.71,1
5905611,2025-10-20T19:49:20Z,1,-27.11334,158.94311,1,45.5,1,35.718,1,21.336,1,45.5,1,21.336,1,35.718,1
5905611,2025-10-20T19:49:20Z,1,-27.11334,158.94311,1,47.2,1,35.703,1,21.205,1,47.2,1,21.205,1,35.703,1
5905611,2025-10-20T19:49:20Z,1,-27.11334,158.94311,1,49.3,1,35.701,1,21.176,1,49.3,1,21.176,1,35.701,1
5905611,2025-10-20T19:49:20Z,1,-27.11334,158.94311,1,51.4,1,35.698,1,21.137,1,51.4,1,21.137,1,35.698,1
5905611,2025-10-20T19:49:20Z,1,-27.11334,158.94311,1,53.3,1,35.699,1,21.089,1,53.3,1,21.089,1,35.699,1
5905611,2025-10-20T19:49:20Z,1,-27.11334,158.94311,1,55.2,1,35.692,1,21.055,1,55.2,1,21.055,1,35.692,1
5905611,2025-10-20T19:49:20Z,1,-27.11334,158.94311,1,57.1,1,35.69,1,21.038,1,57.1,1,21.038,1,35.69,1
5905611,2025-10-20T19:49:20Z,1,-27.11334,158.94311,1,59.4,1,35.691,1,21.036,1,59.4,1,21.036,1,35.691,1
5905611,2025-10-20T19:49:20Z,1,-27.11334,158.94311,1,61.6,1,35.699,1,21.02,1,61.6,1,21.02,1,35.699,1
5905611,2025-10-20T19:49:20Z,1,-27.11334,158.94311,1,63.4,1,35.702,1,20.986,1,63.4,1,20.986,1,35.702,1
5905611,2025-10-20T19:49:20Z,1,-27.11334,158.94311,1,65.2,1,35.705,1,20.967,1,65.2,1,20.967,1,35.705,1
5905611,2025-10-20T19:49:20Z,1,-27.11334,158.94311,1,67.4,1,35.704,1,20.919,1,67.4,1,20.919,1,35.704,1
5905611,2025-10-20T19:49:20Z,1,-27.11334,158.94311,1,69.8,1,35.701,1,20.821,1,69.8,1,20.821,1,35.701,1
5905611,2025-10-20T19:49:20Z,1,-27.11334,158.94311,1,71.7,1,35.699,1,20.784,1,71.7,1,20.784,1,35.699,1
5905611,2025-10-20T19:49:20Z,1,-27.11334,158.94311,1,73.6,1,35.701,1,20.772,1,73.6,1,20.772,1,35.701,1
5905611,2025-10-20T19:49:20Z,1,-27.11334,158.94311,1,75.4,1,35.699,1,20.748,1,75.4,1,20.748,1,35.699,1
5905611,2025-10-20T19:49:20Z,1,-27.11334,158.94311,1,77.4,1,35.698,1,20.734,1,77.4,1,20.734,1,35.698,1
5905611,2025-10-20T19:49:20Z,1,-27.11334,158.94311,1,79.3,1,35.698,1,20.73,1,79.3,1,20.73,1,35.698,1
5905611,2025-10-20T19:49:20Z,1,-27.11334,158.94311,1,81.2,1,35.697,1,20.699,1,81.2,1,20.699,1,35.697,1
5905611,2025-10-20T19:49:20Z,1,-27.11334,158.94311,1,83.0,1,35.698,1,20.66,1,83.0,1,20.66,1,35.698,1
5905611,2025-10-20T19:49:20Z,1,-27.11334,158.94311,1,85.4,1,35.698,1,20.602,1,85.4,1,20.602,1,35.698,1
5905611,2025-10-20T19:49:20Z,1,-27.11334,158.94311,1,87.9,1,35.696,1,20.563,1,87.9,1,20.563,1,35.696,1
5905611,2025-10-20T19:49:20Z,1,-27.11334,158.94311,1,89.9,1,35.696,1,20.538,1,89.9,1,20.538,1,35.696,1
5905611,2025-10-20T19:49:20Z,1,-27.11334,158.94311,1,91.8,1,35.695,1,20.503,1,91.8,1,20.503,1,35.695,1
5905611,2025-10-20T19:49:20Z,1,-27.11334,158.94311,1,93.7,1,35.695,1,20.476,1,93.7,1,20.476,1,35.695,1
5905611,2025-10-20T19:49:20Z,1,-27.11334,158.94311,1,95.6,1,35.695,1,20.453,1,95.6,1,20.453,1,35.695,1
5905611,2025-10-20T19:49:20Z,1,-27.11334,158.94311,1,97.5,1,35.692,1,20.43,1,97.5,1,20.43,1,35.692,1
5905611,2025-10-20T19:49:20Z,1,-27.11334,158.94311,1,99.5,1,35.691,1,20.374,1,99.5,1,20.374,1,35.691,1
5905611,2025-10-20T19:49:20Z,1,-27.11334,158.94311,1,101.5,1,35.69,1,20.353,1,101.5,1,20.353,1,35.69,1
5905611,2025-10-20T19:49:20Z,1,-27.11334,158.94311,1,103.4,1,35.688,1,20.343,1,103.4,1,20.343,1,35.688,1
5905611,2025-10-20T19:49:20Z,1,-27.11334,158.94311,1,105.3,1,35.687,1,20.332,1,105.3,1,20.332,1,35.687,1
5905611,2025-10-20T19:49:20Z,1,-27.11334,158.94311,1,107.2,1,35.685,1,20.323,1,107.2,1,20.323,1,35.685,1
5905611,2025-10-20T19:49:20Z,1,-27.11334,158.94311,1,109.3,1,35.683,1,20.266,1,109.3,1,20.266,1,35.683,1
5905611,2025-10-20T19:49:20Z,1,-27.11334,158.94311,1,111.3,1,35.683,1,20.238,1,111.3,1,20.238,1,35.683,1
5905611,2025-10-20T19:49:20Z,1,-27.11334,158.94311,1,113.3,1,35.678,1,20.195,1,113.3,1,20.195,1,35.678,1
5905611,2025-10-20T19:49:20Z,1,-27.11334,158.94311,1,115.3,1,35.675,1,20.182,1,115.3,1,20.182,1,35.675,1
5905611,2025-10-20T19:49:20Z,1,-27.11334,158.94311,1,117.3,1,35.677,1,20.17,1,117.3,1,20.17,1,35.677,1
5905611,2025-10-20T19:49:20Z,1,-27.11334,158.94311,1,119.4,1,35.675,1,20.153,1,119.4,1,20.153,1,35.675,1
5905611,2025-10-20T19:49:20Z,1,-27.11334,158.94311,1,121.5,1,35.673,1,20.137,1,121.5,1,20.137,1,35.673,1
5905611,2025-10-20T19:49:20Z,1,-27.11334,158.94311,1,123.7,1,35.674,1,20.106,1,123.7,1,20.106,1,35.674,1
5905611,2025-10-20T19:49:20Z,1,-27.11334,158.94311,1,125.8,1,35.674,1,20.096,1,125.8,1,20.096,1,35.674,1
5905611,2025-10-20T19:49:20Z,1,-27.11334,158.94311,1,127.4,1,35.674,1,20.086,1,127.4,1,20.086,1,35.674,1
5905611,2025-10-20T19:49:20Z,1,-27.11334,158.94311,1,129.0,1,35.673,1,20.082,1,129.0,1,20.082,1,35.673,1
5905611,2025-10-20T19:49:20Z,1,-27.11334,158.94311,1,131.2,1,35.672,1,20.076,1,131.2,1,20.076,1,35.672,1
5905611,2025-10-20T19:49:20Z,1,-27.11334,158.94311,1,133.4,1,35.672,1,20.058,1,133.4,1,20.058,1,35.672,1
5905611,2025-10-20T19:49:20Z,1,-27.11334,158.94311,1,135.7,1,35.672,1,20.041,1,135.7,1,20.041,1,35.672,1
5905611,2025-10-20T19:49:20Z,1,-27.11334,158.94311,1,137.4,1,35.671,1,20.029,1,137.4,1,20.029,1,35.671,1
5905611,2025-10-20T19:49:20Z,1,-27.11334,158.94311,1,139.0,1,35.67,1,20.026,1,139.0,1,20.026,1,35.67,1
5905611,2025-10-20T19:49:20Z,1,-27.11334,158.94311,1,141.3,1,35.67,1,20.023,1,141.3,1,20.023,1,35.67,1
5905611,2025-10-20T19:49:20Z,1,-27.11334,158.94311,1,143.6,1,35.668,1,19.993,1,143.6,1,19.993,1,35.668,1
5905611,2025-10-20T19:49:20Z,1,-27.11334,158.94311,1,145.3,1,35.67,1,19.968,1,145.3,1,19.968,1,35.67,1
5905611,2025-10-20T19:49:20Z,1,-27.11334,158.94311,1,147.0,1,35.67,1,19.955,1,147.0,1,19.955,1,35.67,1
5905611,2025-10-20T19:49:20Z,1,-27.11334,158.94311,1,149.3,1,35.671,1,19.951,1,149.3,1,19.951,1,35.671,1
5905611,2025-10-20T19:49:20Z,1,-27.11334,158.94311,1,151.5,1,35.671,1,19.939,1,151.5,1,19.939,1,35.671,1
5905611,2025-10-20T19:49:20Z,1,-27.11334,158.94311,1,153.8,1,35.669,1,19.921,1,153.8,1,19.921,1,35.669,1
5905611,2025-10-20T19:49:20Z,1,-27.11334,158.94311,1,155.6,1,35.668,1,19.917,1,155.6,1,19.917,1,35.668,1
5905611,2025-10-20T19:49:20Z,1,-27.11334,158.94311,1,157.3,1,35.667,1,19.912,1,157.3,1,19.912,1,35.667,1
5905611,2025-10-20T19:49:20Z,1,-27.11334,158.94311,1,159.6,1,35.67,1,19.902,1,159.6,1,19.902,1,35.67,1
5905611,2025-10-20T19:49:20Z,1,-27.11334,158.94311,1,161.4,1,35.672,1,19.897,1,161.4,1,19.897,1,35.672,1
5905611,2025-10-20T19:49:20Z,1,-27.11334,158.94311,1,163.0,1,35.672,1,19.891,1,163.0,1,19.891,1,35.672,1
5905611,2025-10-20T19:49:20Z,1,-27.11334,158.94311,1,165.3,1,35.67,1,19.881,1,165.3,1,19.881,1,35.67,1
5905611,2025-10-20T19:49:20Z,1,-27.11334,158.94311,1,167.5,1,35.668,1,19.869,1,167.5,1,19.869,1,35.668,1
5905611,2025-10-20T19:49:20Z,1,-27.11334,158.94311,1,169.6,1,35.67,1,19.86,1,169.6,1,19.86,1,35.67,1
5905611,2025-10-20T19:49:20Z,1,-27.11334,158.94311,1,171.4,1,35.671,1,19.859,1,171.4,1,19.859,1,35.671,1
5905611,2025-10-20T19:49:20Z,1,-27.11334,158.94311,1,173.0,1,35.67,1,19.842,1,173.0,1,19.842,1,35.67,1
5905611,2025-10-20T19:49:20Z,1,-27.11334,158.94311,1,175.2,1,35.669,1,19.822,1,175.2,1,19.822,1,35.669,1
5905611,2025-10-20T19:49:20Z,1,-27.11334,158.94311,1,177.4,1,35.667,1,19.814,1,177.4,1,19.814,1,35.667,1
5905611,2025-10-20T19:49:20Z,1,-27.11334,158.94311,1,179.5,1,35.668,1,19.803,1,179.5,1,19.803,1,35.668,1
5905611,2025-10-20T19:49:20Z,1,-27.11334,158.94311,1,181.7,1,35.673,1,19.806,1,181.7,1,19.806,1,35.673,1
5905611,2025-10-20T19:49:20Z,1,-27.11334,158.94311,1,183.7,1,35.674,1,19.802,1,183.7,1,19.802,1,35.674,1
5905611,2025-10-20T19:49:20Z,1,-27.11334,158.94311,1,185.8,1,35.675,1,19.798,1,185.8,1,19.798,1,35.675,1
5905611,2025-10-20T19:49:20Z,1,-27.11334,158.94311,1,187.4,1,35.675,1,19.795,1,187.4,1,19.795,1,35.675,1
5905611,2025-10-20T19:49:20Z,1,-27.11334,158.94311,1,189.0,1,35.673,1,19.791,1,189.0,1,19.791,1,35.673,1
5905611,2025-10-20T19:49:20Z,1,-27.11334,158.94311,1,191.0,1,35.672,1,19.787,1,191.0,1,19.787,1,35.672,1
5905611,2025-10-20T19:49:20Z,1,-27.11334,158.94311,1,193.1,1,35.671,1,19.784,1,193.1,1,19.784,1,35.671,1
5905611,2025-10-20T19:49:20Z,1,-27.11334,158.94311,1,195.1,1,35.672,1,19.766,1,195.1,1,19.766,1,35.672,1
5905611,2025-10-20T19:49:20Z,1,-27.11334,158.94311,1,197.1,1,35.669,1,19.756,1,197.1,1,19.756,1,35.669,1
5905611,2025-10-20T19:49:20Z,1,-27.11334,158.94311,1,199.1,1,35.669,1,19.748,1,199.1,1,19.748,1,35.669,1
5905611,2025-10-20T19:49:20Z,1,-27.11334,158.94311,1,201.0,1,35.667,1,19.729,1,201.0,1,19.729,1,35.667,1
5905611,2025-10-20T19:49:20Z,1,-27.11334,158.94311,1,203.0,1,35.663,1,19.715,1,203.0,1,19.715,1,35.663,1
5905611,2025-10-20T19:49:20Z,1,-27.11334,158.94311,1,205.4,1,35.66,1,19.661,1,205.4,1,19.661,1,35.66,1
5905611,2025-10-20T19:49:20Z,1,-27.11334,158.94311,1,207.7,1,35.653,1,19.6,1,207.7,1,19.6,1,35.653,1
5905611,2025-10-20T19:49:20Z,1,-27.11334,158.94311,1,209.6,1,35.652,1,19.584,1,209.6,1,19.584,1,35.652,1
5905611,2025-10-20T19:49:20Z,1,-27.11334,158.94311,1,211.4,1,35.647,1,19.525,1,211.4,1,19.525,1,35.647,1
5905611,2025-10-20T19:49:20Z,1,-27.11334,158.94311,1,213.3,1,35.644,1,19.482,1,213.3,1,19.482,1,35.644,1
5905611,2025-10-20T19:49:20Z,1,-27.11334,158.94311,1,215.1,1,35.641,1,19.429,1,215.1,1,19.429,1,35.641,1
5905611,2025-10-20T19:49:20Z,1,-27.11334,158.94311,1,217.4,1,35.64,1,19.385,1,217.4,1,19.385,1,35.64,1
5905611,2025-10-20T19:49:20Z,1,-27.11334,158.94311,1,219.8,1,35.642,1,19.371,1,219.8,1,19.371,1,35.642,1
5905611,2025-10-20T19:49:20Z,1,-27.11334,158.94311,1,221.7,1,35.642,1,19.372,1,221.7,1,19.372,1,35.642,1
5905611,2025-10-20T19:49:20Z,1,-27.11334,158.94311,1,223.5,1,35.643,1,19.372,1,223.5,1,19.372,1,35.643,1
5905611,2025-10-20T19:49:20Z,1,-27.11334,158.94311,1,225.4,1,35.645,1,19.289,1,225.4,1,19.289,1,35.645,1
5905611,2025-10-20T19:49:20Z,1,-27.11334,158.94311,1,227.3,1,35.642,1,19.267,1,227.3,1,19.267,1,35.642,1
5905611,2025-10-20T19:49:20Z,1,-27.11334,158.94311,1,229.2,1,35.637,1,19.249,1,229.2,1,19.249,1,35.637,1
5905611,2025-10-20T19:49:20Z,1,-27.11334,158.94311,1,231.5,1,35.638,1,19.184,1,231.5,1,19.184,1,35.638,1
5905611,2025-10-20T19:49:20Z,1,-27.11334,158.94311,1,233.7,1,35.636,1,19.157,1,233.7,1,19.157,1,35.636,1
5905611,2025-10-20T19:49:20Z,1,-27.11334,158.94311,1,235.6,1,35.636,1,19.127,1,235.6,1,19.127,1,35.636,1
5905611,2025-10-20T19:49:20Z,1,-27.11334,158.94311,1,237.5,1,35.633,1,19.1,1,237.5,1,19.1,1,35.633,1
5905611,2025-10-20T19:49:20Z,1,-27.11334,158.94311,1,239.4,1,35.633,1,19.093,1,239.4,1,19.093,1,35.633,1
5905611,2025-10-20T19:49:20Z,1,-27.11334,158.94311,1,241.4,1,35.63,1,19.056,1,241.4,1,19.056,1,35.63,1
5905611,2025-10-20T19:49:20Z,1,-27.11334,158.94311,1,243.4,1,35.628,1,18.973,1,243.4,1,18.973,1,35.628,1
5905611,2025-10-20T19:49:20Z,1,-27.11334,158.94311,1,245.4,1,35.619,1,18.889,1,245.4,1,18.889,1,35.619,1
5905611,2025-10-20T19:49:20Z,1,-27.11334,158.94311,1,247.4,1,35.614,1,18.806,1,247.4,1,18.806,1,35.614,1
5905611,2025-10-20T19:49:20Z,1,-27.11334,158.94311,1,249.2,1,35.608,1,18.757,1,249.2,1,18.757,1,35.608,1
5905611,2025-10-20T19:49:20Z,1,-27.11334,158.94311,1,251.5,1,35.607,1,18.731,1,251.5,1,18.731,1,35.607,1
5905611,2025-10-20T19:49:20Z,1,-27.11334,158.94311,1,253.7,1,35.605,1,18.725,1,253.7,1,18.725,1,35.605,1
5905611,2025-10-20T19:49:20Z,1,-27.11334,158.94311,1,255.5,1,35.605,1,18.711,1,255.5,1,18.711,1,35.605,1
5905611,2025-10-20T19:49:20Z,1,-27.11334,158.94311,1,257.4,1,35.603,1,18.695,1,257.4,1,18.695,1,35.603,1
5905611,2025-10-20T19:49:20Z,1,-27.11334,158.94311,1,259.4,1,35.604,1,18.664,1,259.4,1,18.664,1,35.604,1
5905611,2025-10-20T19:49:20Z,1,-27.11334,158.94311,1,261.4,1,35.6,1,18.589,1,261.4,1,18.589,1,35.6,1
5905611,2025-10-20T19:49:20Z,1,-27.11334,158.94311,1,263.5,1,35.598,1,18.576,1,263.5,1,18.576,1,35.598,1
5905611,2025-10-20T19:49:20Z,1,-27.11334,158.94311,1,265.4,1,35.594,1,18.552,1,265.4,1,18.552,1,35.594,1
5905611,2025-10-20T19:49:20Z,1,-27.11334,158.94311,1,267.4,1,35.589,1,18.431,1,267.4,1,18.431,1,35.589,1
5905611,2025-10-20T19:49:20Z,1,-27.11334,158.94311,1,269.5,1,35.584,1,18.373,1,269.5,1,18.373,1,35.584,1
5905611,2025-10-20T19:49:20Z,1,-27.11334,158.94311,1,271.5,1,35.583,1,18.35,1,271.5,1,18.35,1,35.583,1
5905611,2025-10-20T19:49:20Z,1,-27.11334,158.94311,1,273.5,1,35.582,1,18.336,1,273.5,1,18.336,1,35.582,1
5905611,2025-10-20T19:49:20Z,1,-27.11334,158.94311,1,275.6,1,35.58,1,18.317,1,275.6,1,18.317,1,35.58,1
5905611,2025-10-20T19:49:20Z,1,-27.11334,158.94311,1,277.6,1,35.58,1,18.303,1,277.6,1,18.303,1,35.58,1
5905611,2025-10-20T19:49:20Z,1,-27.11334,158.94311,1,279.6,1,35.577,1,18.288,1,279.6,1,18.288,1,35.577,1
5905611,2025-10-20T19:49:20Z,1,-27.11334,158.94311,1,281.7,1,35.577,1,18.269,1,281.7,1,18.269,1,35.577,1
5905611,2025-10-20T19:49:20Z,1,-27.11334,158.94311,1,283.8,1,35.573,1,18.236,1,283.8,1,18.236,1,35.573,1
5905611,2025-10-20T19:49:20Z,1,-27.11334,158.94311,1,285.8,1,35.57,1,18.182,1,285.8,1,18.182,1,35.57,1
5905611,2025-10-20T19:49:20Z,1,-27.11334,158.94311,1,287.8,1,35.567,1,18.143,1,287.8,1,18.143,1,35.567,1
5905611,2025-10-20T19:49:20Z,1,-27.11334,158.94311,1,289.8,1,35.564,1,18.086,1,289.8,1,18.086,1,35.564,1
5905611,2025-10-20T19:49:20Z,1,-27.11334,158.94311,1,291.8,1,35.559,1,18.049,1,291.8,1,18.049,1,35.559,1
5905611,2025-10-20T19:49:20Z,1,-27.11334,158.94311,1,293.8,1,35.557,1,18.006,1,293.8,1,18.006,1,35.557,1
5905611,2025-10-20T19:49:20Z,1,-27.11334,158.94311,1,295.8,1,35.551,1,17.929,1,295.8,1,17.929,1,35.551,1
5905611,2025-10-20T19:49:20Z,1,-27.11334,158.94311,1,297.7,1,35.546,1,17.873,1,297.7,1,17.873,1,35.546,1
5905611,2025-10-20T19:49:20Z,1,-27.11334,158.94311,1,299.6,1,35.542,1,17.817,1,299.6,1,17.817,1,35.542,1
5905611,2025-10-20T19:49:20Z,1,-27.11334,158.94311,1,301.5,1,35.54,1,17.789,1,301.5,1,17.789,1,35.54,1
5905611,2025-10-20T19:49:20Z,1,-27.11334,158.94311,1,303.3,1,35.536,1,17.751,1,303.3,1,17.751,1,35.536,1
5905611,2025-10-20T19:49:20Z,1,-27.11334,158.94311,1,305.2,1,35.528,1,17.647,1,305.2,1,17.647,1,35.528,1
5905611,2025-10-20T19:49:20Z,1,-27.11334,158.94311,1,307.1,1,35.522,1,17.571,1,307.1,1,17.571,1,35.522,1
5905611,2025-10-20T19:49:20Z,1,-27.11334,158.94311,1,309.0,1,35.518,1,17.511,1,309.0,1,17.511,1,35.518,1
5905611,2025-10-20T19:49:20Z,1,-27.11334,158.94311,1,311.4,1,35.508,1,17.354,1,311.4,1,17.354,1,35.508,1
5905611,2025-10-20T19:49:20Z,1,-27.11334,158.94311,1,313.6,1,35.5,1,17.272,1,313.6,1,17.272,1,35.5,1
5905611,2025-10-20T19:49:20Z,1,-27.11334,158.94311,1,315.5,1,35.5,1,17.251,1,315.5,1,17.251,1,35.5,1
5905611,2025-10-20T19:49:20Z,1,-27.11334,158.94311,1,317.3,1,35.499,1,17.231,1,317.3,1,17.231,1,35.499,1
5905611,2025-10-20T19:49:20Z,1,-27.11334,158.94311,1,319.2,1,35.497,1,17.215,1,319.2,1,17.215,1,35.497,1
5905611,2025-10-20T19:49:20Z,1,-27.11334,158.94311,1,321.1,1,35.495,1,17.188,1,321.1,1,17.188,1,35.495,1
5905611,2025-10-20T19:49:20Z,1,-27.11334,158.94311,1,323.4,1,35.49,1,17.147,1,323.4,1,17.147,1,35.49,1
5905611,2025-10-20T19:49:20Z,1,-27.11334,158.94311,1,325.7,1,35.484,1,17.081,1,325.7,1,17.081,1,35.484,1
5905611,2025-10-20T19:49:20Z,1,-27.11334,158.94311,1,327.7,1,35.479,1,17.037,1,327.7,1,17.037,1,35.479,1
5905611,2025-10-20T19:49:20Z,1,-27.11334,158.94311,1,329.6,1,35.474,1,16.948,1,329.6,1,16.948,1,35.474,1
5905611,2025-10-20T19:49:20Z,1,-27.11334,158.94311,1,331.6,1,35.472,1,16.881,1,331.6,1,16.881,1,35.472,1
5905611,2025-10-20T19:49:20Z,1,-27.11334,158.94311,1,333.6,1,35.459,1,16.752,1,333.6,1,16.752,1,35.459,1
5905611,2025-10-20T19:49:20Z,1,-27.11334,158.94311,1,335.5,1,35.451,1,16.678,1,335.5,1,16.678,1,35.451,1
5905611,2025-10-20T19:49:20Z,1,-27.11334,158.94311,1,337.5,1,35.445,1,16.628,1,337.5,1,16.628,1,35.445,1
5905611,2025-10-20T19:49:20Z,1,-27.11334,158.94311,1,339.5,1,35.442,1,16.597,1,339.5,1,16.597,1,35.442,1
5905611,2025-10-20T19:49:20Z,1,-27.11334,158.94311,1,341.5,1,35.433,1,16.532,1,341.5,1,16.532,1,35.433,1
5905611,2025-10-20T19:49:20Z,1,-27.11334,158.94311,1,343.4,1,35.433,1,16.518,1,343.4,1,16.518,1,35.433,1
5905611,2025-10-20T19:49:20Z,1,-27.11334,158.94311,1,345.3,1,35.427,1,16.464,1,345.3,1,16.464,1,35.427,1
5905611,2025-10-20T19:49:20Z,1,-27.11334,158.94311,1,347.2,1,35.428,1,16.44,1,347.2,1,16.44,1,35.428,1
5905611,2025-10-20T19:49:20Z,1,-27.11334,158.94311,1,349.1,1,35.423,1,16.368,1,349.1,1,16.368,1,35.423,1
5905611,2025-10-20T19:49:20Z,1,-27.11334,158.94311,1,351.1,1,35.422,1,16.319,1,351.1,1,16.319,1,35.422,1
5905611,2025-10-20T19:49:20Z,1,-27.11334,158.94311,1,353.5,1,35.421,1,16.275,1,353.5,1,16.275,1,35.421,1
5905611,2025-10-20T19:49:20Z,1,-27.11334,158.94311,1,355.9,1,35.415,1,16.201,1,355.9,1,16.201,1,35.415,1
5905611,2025-10-20T19:49:20Z,1,-27.11334,158.94311,1,357.9,1,35.409,1,16.145,1,357.9,1,16.145,1,35.409,1
5905611,2025-10-20T19:49:20Z,1,-27.11334,158.94311,1,359.9,1,35.407,1,16.095,1,359.9,1,16.095,1,35.407,1
5905611,2025-10-20T19:49:20Z,1,-27.11334,158.94311,1,361.8,1,35.4,1,16.055,1,361.8,1,16.055,1,35.4,1
5905611,2025-10-20T19:49:20Z,1,-27.11334,158.94311,1,363.8,1,35.392,1,15.965,1,363.8,1,15.965,1,35.392,1
5905611,2025-10-20T19:49:20Z,1,-27.11334,158.94311,1,365.7,1,35.39,1,15.946,1,365.7,1,15.946,1,35.39,1
5905611,2025-10-20T19:49:20Z,1,-27.11334,158.94311,1,367.7,1,35.388,1,15.907,1,367.7,1,15.907,1,35.388,1
5905611,2025-10-20T19:49:20Z,1,-27.11334,158.94311,1,369.6,1,35.382,1,15.802,1,369.6,1,15.802,1,35.382,1
5905611,2025-10-20T19:49:20Z,1,-27.11334,158.94311,1,371.5,1,35.375,1,15.769,1,371.5,1,15.769,1,35.375,1
5905611,2025-10-20T19:49:20Z,1,-27.11334,158.94311,1,373.4,1,35.37,1,15.71,1,373.4,1,15.71,1,35.37,1
5905611,2025-10-20T19:49:20Z,1,-27.11334,158.94311,1,375.3,1,35.365,1,15.671,1,375.3,1,15.671,1,35.365,1
5905611,2025-10-20T19:49:20Z,1,-27.11334,158.94311,1,377.3,1,35.363,1,15.663,1,377.3,1,15.663,1,35.363,1
5905611,2025-10-20T19:49:20Z,1,-27.11334,158.94311,1,379.2,1,35.357,1,15.597,1,379.2,1,15.597,1,35.357,1
5905611,2025-10-20T19:49:20Z,1,-27.11334,158.94311,1,381.1,1,35.341,1,15.492,1,381.1,1,15.492,1,35.341,1
5905611,2025-10-20T19:49:20Z,1,-27.11334,158.94311,1,383.4,1,35.34,1,15.456,1,383.4,1,15.456,1,35.34,1
5905611,2025-10-20T19:49:20Z,1,-27.11334,158.94311,1,385.7,1,35.333,1,15.325,1,385.7,1,15.325,1,35.333,1
5905611,2025-10-20T19:49:20Z,1,-27.11334,158.94311,1,387.7,1,35.322,1,15.236,1,387.7,1,15.236,1,35.322,1
5905611,2025-10-20T19:49:20Z,1,-27.11334,158.94311,1,389.6,1,35.321,1,15.219,1,389.6,1,15.219,1,35.321,1
5905611,2025-10-20T19:49:20Z,1,-27.11334,158.94311,1,391.6,1,35.318,1,15.203,1,391.6,1,15.203,1,35.318,1
5905611,2025-10-20T19:49:20Z,1,-27.11334,158.94311,1,393.4,1,35.323,1,15.176,1,393.4,1,15.176,1,35.323,1
5905611,2025-10-20T19:49:20Z,1,-27.11334,158.94311,1,395.2,1,35.301,1,15.116,1,395.2,1,15.116,1,35.301,1
5905611,2025-10-20T19:49:20Z,1,-27.11334,158.94311,1,397.1,1,35.275,1,14.936,1,397.1,1,14.936,1,35.275,1
5905611,2025-10-20T19:49:20Z,1,-27.11334,158.94311,1,399.1,1,35.252,1,14.823,1,399.1,1,14.823,1,35.252,1
5905611,2025-10-20T19:49:20Z,1,-27.11334,158.94311,1,401.5,1,35.244,1,14.779,1,401.5,1,14.779,1,35.244,1
5905611,2025-10-20T19:49:20Z,1,-27.11334,158.94311,1,403.8,1,35.234,1,14.728,1,403.8,1,14.728,1,35.234,1
5905611,2025-10-20T19:49:20Z,1,-27.11334,158.94311,1,405.7,1,35.237,1,14.69,1,405.7,1,14.69,1,35.237,1
5905611,2025-10-20T19:49:20Z,1,-27.11334,158.94311,1,407.5,1,35.249,1,14.72,1,407.5,1,14.72,1,35.249,1
5905611,2025-10-20T19:49:20Z,1,-27.11334,158.94311,1,409.3,1,35.245,1,14.656,1,409.3,1,14.656,1,35.245,1
5905611,2025-10-20T19:49:20Z,1,-27.11334,158.94311,1,411.2,1,35.239,1,14.611,1,411.2,1,14.611,1,35.239,1
5905611,2025-10-20T19:49:20Z,1,-27.11334,158.94311,1,413.1,1,35.241,1,14.6,1,413.1,1,14.6,1,35.241,1
5905611,2025-10-20T19:49:20Z,1,-27.11334,158.94311,1,415.1,1,35.241,1,14.586,1,415.1,1,14.586,1,35.241,1
5905611,2025-10-20T19:49:20Z,1,-27.11334,158.94311,1,417.0,1,35.241,1,14.586,1,417.0,1,14.586,1,35.241,1
5905611,2025-10-20T19:49:20Z,1,-27.11334,158.94311,1,419.0,1,35.241,1,14.576,1,419.0,1,14.576,1,35.241,1
5905611,2025-10-20T19:49:20Z,1,-27.11334,158.94311,1,421.4,1,35.234,1,14.506,1,421.4,1,14.506,1,35.234,1
5905611,2025-10-20T19:49:20Z,1,-27.11334,158.94311,1,423.9,1,35.217,1,14.329,1,423.9,1,14.329,1,35.217,1
5905611,2025-10-20T19:49:20Z,1,-27.11334,158.94311,1,425.4,1,35.219,1,14.312,1,425.4,1,14.312,1,35.219,1
5905611,2025-10-20T19:49:20Z,1,-27.11334,158.94311,1,427.0,1,35.22,1,14.293,1,427.0,1,14.293,1,35.22,1
5905611,2025-10-20T19:49:20Z,1,-27.11334,158.94311,1,429.0,1,35.222,1,14.233,1,429.0,1,14.233,1,35.222,1
5905611,2025-10-20T19:49:20Z,1,-27.11334,158.94311,1,431.1,1,35.208,1,14.121,1,431.1,1,14.121,1,35.208,1
5905611,2025-10-20T19:49:20Z,1,-27.11334,158.94311,1,433.2,1,35.207,1,14.094,1,433.2,1,14.094,1,35.207,1
5905611,2025-10-20T19:49:20Z,1,-27.11334,158.94311,1,435.2,1,35.214,1,14.082,1,435.2,1,14.082,1,35.214,1
5905611,2025-10-20T19:49:20Z,1,-27.11334,158.94311,1,437.5,1,35.207,1,14.034,1,437.5,1,14.034,1,35.207,1
5905611,2025-10-20T19:49:20Z,1,-27.11334,158.94311,1,439.5,1,35.188,1,13.9,1,439.5,1,13.9,1,35.188,1
5905611,2025-10-20T19:49:20Z,1,-27.11334,158.94311,1,441.5,1,35.184,1,13.851,1,441.5,1,13.851,1,35.184,1
5905611,2025-10-20T19:49:20Z,1,-27.11334,158.94311,1,443.5,1,35.183,1,13.791,1,443.5,1,13.791,1,35.183,1
5905611,2025-10-20T19:49:20Z,1,-27.11334,158.94311,1,445.4,1,35.173,1,13.693,1,445.4,1,13.693,1,35.173,1
5905611,2025-10-20T19:49:20Z,1,-27.11334,158.94311,1,447.4,1,35.154,1,13.571,1,447.4,1,13.571,1,35.154,1
5905611,2025-10-20T19:49:20Z,1,-27.11334,158.94311,1,449.4,1,35.104,1,13.341,1,449.4,1,13.341,1,35.104,1
5905611,2025-10-20T19:49:20Z,1,-27.11334,158.94311,1,451.5,1,35.076,1,13.194,1,451.5,1,13.194,1,35.076,1
5905611,2025-10-20T19:49:20Z,1,-27.11334,158.94311,1,453.2,1,35.073,1,13.151,1,453.2,1,13.151,1,35.073,1
5905611,2025-10-20T19:49:20Z,1,-27.11334,158.94311,1,455.3,1,35.066,1,13.074,1,455.3,1,13.074,1,35.066,1
5905611,2025-10-20T19:49:20Z,1,-27.11334,158.94311,1,457.5,1,35.063,1,13.042,1,457.5,1,13.042,1,35.063,1
5905611,2025-10-20T19:49:20Z,1,-27.11334,158.94311,1,459.3,1,35.062,1,13.033,1,459.3,1,13.033,1,35.062,1
5905611,2025-10-20T19:49:20Z,1,-27.11334,158.94311,1,461.4,1,35.064,1,13.017,1,461.4,1,13.017,1,35.064,1
5905611,2025-10-20T19:49:20Z,1,-27.11334,158.94311,1,463.7,1,35.087,1,13.004,1,463.7,1,13.004,1,35.087,1
5905611,2025-10-20T19:49:20Z,1,-27.11334,158.94311,1,465.5,1,35.099,1,12.997,1,465.5,1,12.997,1,35.099,1
5905611,2025-10-20T19:49:20Z,1,-27.11334,158.94311,1,467.3,1,35.095,1,12.962,1,467.3,1,12.962,1,35.095,1
5905611,2025-10-20T19:49:20Z,1,-27.11334,158.94311,1,469.2,1,35.091,1,12.911,1,469.2,1,12.911,1,35.091,1
5905611,2025-10-20T19:49:20Z,1,-27.11334,158.94311,1,471.5,1,35.1,1,12.923,1,471.5,1,12.923,1,35.1,1
5905611,2025-10-20T19:49:20Z,1,-27.11334,158.94311,1,473.8,1,35.106,1,12.923,1,473.8,1,12.923,1,35.106,1
5905611,2025-10-20T19:49:20Z,1,-27.11334,158.94311,1,475.6,1,35.105,1,12.894,1,475.6,1,12.894,1,35.105,1
5905611,2025-10-20T19:49:20Z,1,-27.11334,158.94311,1,477.5,1,35.104,1,12.866,1,477.5,1,12.866,1,35.104,1
5905611,2025-10-20T19:49:20Z,1,-27.11334,158.94311,1,479.3,1,35.102,1,12.856,1,479.3,1,12.856,1,35.102,1
5905611,2025-10-20T19:49:20Z,1,-27.11334,158.94311,1,481.1,1,35.101,1,12.854,1,481.1,1,12.854,1,35.101,1
5905611,2025-10-20T19:49:20Z,1,-27.11334,158.94311,1,483.4,1,35.099,1,12.84,1,483.4,1,12.84,1,35.099,1
5905611,2025-10-20T19:49:20Z,1,-27.11334,158.94311,1,485.8,1,35.098,1,12.823,1,485.8,1,12.823,1,35.098,1
5905611,2025-10-20T19:49:20Z,1,-27.11334,158.94311,1,487.6,1,35.095,1,12.806,1,487.6,1,12.806,1,35.095,1
5905611,2025-10-20T19:49:20Z,1,-27.11334,158.94311,1,489.5,1,35.093,1,12.79,1,489.5,1,12.79,1,35.093,1
5905611,2025-10-20T19:49:20Z,1,-27.11334,158.94311,1,491.3,1,35.091,1,12.766,1,491.3,1,12.766,1,35.091,1
5905611,2025-10-20T19:49:20Z,1,-27.11334,158.94311,1,493.1,1,35.087,1,12.721,1,493.1,1,12.721,1,35.087,1
5905611,2025-10-20T19:49:20Z,1,-27.11334,158.94311,1,495.4,1,35.072,1,12.625,1,495.4,1,12.625,1,35.072,1
5905611,2025-10-20T19:49:20Z,1,-27.11334,158.94311,1,497.8,1,35.062,1,12.52,1,497.8,1,12.52,1,35.062,1
5905611,2025-10-20T19:49:20Z,1,-27.11334,158.94311,1,499.6,1,35.052,1,12.456,1,499.6,1,12.456,1,35.052,1
5905611,2025-10-20T19:49:20Z,1,-27.11334,158.94311,1,501.5,1,35.049,1,12.427,1,501.5,1,12.427,1,35.049,1
5905611,2025-10-20T19:49:20Z,1,-27.11334,158.94311,1,503.3,1,35.046,1,12.421,1,503.3,1,12.421,1,35.046,1
5905611,2025-10-20T19:49:20Z,1,-27.11334,158.94311,1,505.2,1,35.045,1,12.422,1,505.2,1,12.422,1,35.045,1
5905611,2025-10-20T19:49:20Z,1,-27.11334,158.94311,1,507.0,1,35.042,1,12.395,1,507.0,1,12.395,1,35.042,1
5905611,2025-10-20T19:49:20Z,1,-27.11334,158.94311,1,509.4,1,35.036,1,12.354,1,509.4,1,12.354,1,35.036,1
5905611,2025-10-20T19:49:20Z,1,-27.11334,158.94311,1,511.6,1,35.032,1,12.288,1,511.6,1,12.288,1,35.032,1
5905611,2025-10-20T19:49:20Z,1,-27.11334,158.94311,1,513.4,1,35.024,1,12.221,1,513.4,1,12.221,1,35.024,1
5905611,2025-10-20T19:49:20Z,1,-27.11334,158.94311,1,515.1,1,35.01,1,12.147,1,515.1,1,12.147,1,35.01,1
5905611,2025-10-20T19:49:20Z,1,-27.11334,158.94311,1,517.3,1,35.004,1,12.087,1,517.3,1,12.087,1,35.004,1
5905611,2025-10-20T19:49:20Z,1,-27.11334,158.94311,1,519.5,1,34.992,1,12.006,1,519.5,1,12.006,1,34.992,1
5905611,2025-10-20T19:49:20Z,1,-27.11334,158.94311,1,521.4,1,34.988,1,11.967,1,521.4,1,11.967,1,34.988,1
5905611,2025-10-20T19:49:20Z,1,-27.11334,158.94311,1,523.2,1,34.986,1,11.966,1,523.2,1,11.966,1,34.986,1
5905611,2025-10-20T19:49:20Z,1,-27.11334,158.94311,1,525.5,1,34.972,1,11.838,1,525.5,1,11.838,1,34.972,1
5905611,2025-10-20T19:49:20Z,1,-27.11334,158.94311,1,527.7,1,34.963,1,11.773,1,527.7,1,11.773,1,34.963,1
5905611,2025-10-20T19:49:20Z,1,-27.11334,158.94311,1,529.5,1,34.959,1,11.747,1,529.5,1,11.747,1,34.959,1
5905611,2025-10-20T19:49:20Z,1,-27.11334,158.94311,1,531.3,1,34.962,1,11.702,1,531.3,1,11.702,1,34.962,1
5905611,2025-10-20T19:49:20Z,1,-27.11334,158.94311,1,533.2,1,34.952,1,11.686,1,533.2,1,11.686,1,34.952,1
5905611,2025-10-20T19:49:20Z,1,-27.11334,158.94311,1,535.1,1,34.944,1,11.558,1,535.1,1,11.558,1,34.944,1
5905611,2025-10-20T19:49:20Z,1,-27.11334,158.94311,1,537.4,1,34.927,1,11.435,1,537.4,1,11.435,1,34.927,1
5905611,2025-10-20T19:49:20Z,1,-27.11334,158.94311,1,539.7,1,34.921,1,11.373,1,539.7,1,11.373,1,34.921,1
5905611,2025-10-20T19:49:20Z,1,-27.11334,158.94311,1,541.5,1,34.921,1,11.343,1,541.5,1,11.343,1,34.921,1
5905611,2025-10-20T19:49:20Z,1,-27.11334,158.94311,1,543.3,1,34.917,1,11.324,1,543.3,1,11.324,1,34.917,1
5905611,2025-10-20T19:49:20Z,1,-27.11334,158.94311,1,545.1,1,34.912,1,11.288,1,545.1,1,11.288,1,34.912,1
5905611,2025-10-20T19:49:20Z,1,-27.11334,158.94311,1,547.4,1,34.905,1,11.245,1,547.4,1,11.245,1,34.905,1
5905611,2025-10-20T19:49:20Z,1,-27.11334,158.94311,1,549.8,1,34.902,1,11.194,1,549.8,1,11.194,1,34.902,1
5905611,2025-10-20T19:49:20Z,1,-27.11334,158.94311,1,551.6,1,34.892,1,11.122,1,551.6,1,11.122,1,34.892,1
5905611,2025-10-20T19:49:20Z,1,-27.11334,158.94311,1,553.5,1,34.887,1,11.095,1,553.5,1,11.095,1,34.887,1
5905611,2025-10-20T19:49:20Z,1,-27.11334,158.94311,1,555.3,1,34.885,1,11.071,1,555.3,1,11.071,1,34.885,1
5905611,2025-10-20T19:49:20Z,1,-27.11334,158.94311,1,557.2,1,34.881,1,11.03,1,557.2,1,11.03,1,34.881,1
5905611,2025-10-20T19:49:20Z,1,-27.11334,158.94311,1,559.0,1,34.876,1,10.989,1,559.0,1,10.989,1,34.876,1
5905611,2025-10-20T19:49:20Z,1,-27.11334,158.94311,1,561.4,1,34.876,1,10.963,1,561.4,1,10.963,1,34.876,1
5905611,2025-10-20T19:49:20Z,1,-27.11334,158.94311,1,563.7,1,34.876,1,10.918,1,563.7,1,10.918,1,34.876,1
5905611,2025-10-20T19:49:20Z,1,-27.11334,158.94311,1,565.5,1,34.872,1,10.885,1,565.5,1,10.885,1,34.872,1
5905611,2025-10-20T19:49:20Z,1,-27.11334,158.94311,1,567.4,1,34.868,1,10.843,1,567.4,1,10.843,1,34.868,1
5905611,2025-10-20T19:49:20Z,1,-27.11334,158.94311,1,569.3,1,34.862,1,10.79,1,569.3,1,10.79,1,34.862,1
5905611,2025-10-20T19:49:20Z,1,-27.11334,158.94311,1,571.1,1,34.855,1,10.744,1,571.1,1,10.744,1,34.855,1
5905611,2025-10-20T19:49:20Z,1,-27.11334,158.94311,1,573.4,1,34.851,1,10.698,1,573.4,1,10.698,1,34.851,1
5905611,2025-10-20T19:49:20Z,1,-27.11334,158.94311,1,575.7,1,34.845,1,10.648,1,575.7,1,10.648,1,34.845,1
5905611,2025-10-20T19:49:20Z,1,-27.11334,158.94311,1,577.6,1,34.84,1,10.605,1,577.6,1,10.605,1,34.84,1
5905611,2025-10-20T19:49:20Z,1,-27.11334,158.94311,1,579.4,1,34.832,1,10.556,1,579.4,1,10.556,1,34.832,1
5905611,2025-10-20T19:49:20Z,1,-27.11334,158.94311,1,581.2,1,34.824,1,10.45,1,581.2,1,10.45,1,34.824,1
5905611,2025-10-20T19:49:20Z,1,-27.11334,158.94311,1,583.1,1,34.806,1,10.353,1,583.1,1,10.353,1,34.806,1
5905611,2025-10-20T19:49:20Z,1,-27.11334,158.94311,1,585.4,1,34.79,1,10.246,1,585.4,1,10.246,1,34.79,1
5905611,2025-10-20T19:49:20Z,1,-27.11334,158.94311,1,587.8,1,34.78,1,10.179,1,587.8,1,10.179,1,34.78,1
5905611,2025-10-20T19:49:20Z,1,-27.11334,158.94311,1,589.7,1,34.773,1,10.134,1,589.7,1,10.134,1,34.773,1
5905611,2025-10-20T19:49:20Z,1,-27.11334,158.94311,1,591.5,1,34.765,1,10.074,1,591.5,1,10.074,1,34.765,1
5905611,2025-10-20T19:49:20Z,1,-27.11334,158.94311,1,593.4,1,34.759,1,10.011,1,593.4,1,10.011,1,34.759,1
5905611,2025-10-20T19:49:20Z,1,-27.11334,158.94311,1,595.3,1,34.754,1,9.991,1,595.3,1,9.991,1,34.754,1
5905611,2025-10-20T19:49:20Z,1,-27.11334,158.94311,1,597.2,1,34.754,1,9.978,1,597.2,1,9.978,1,34.754,1
5905611,2025-10-20T19:49:20Z,1,-27.11334,158.94311,1,599.1,1,34.747,1,9.938,1,599.1,1,9.938,1,34.747,1
5905611,2025-10-20T19:49:20Z,1,-27.11334,158.94311,1,601.0,1,34.739,1,9.869,1,601.0,1,9.869,1,34.739,1
5905611,2025-10-20T19:49:20Z,1,-27.11334,158.94311,1,603.1,1,34.732,1,9.809,1,603.1,1,9.809,1,34.732,1
5905611,2025-10-20T19:49:20Z,1,-27.11334,158.94311,1,605.0,1,34.727,1,9.76,1,605.0,1,9.76,1,34.727,1
5905611,2025-10-20T19:49:20Z,1,-27.11334,158.94311,1,607.4,1,34.717,1,9.679,1,607.4,1,9.679,1,34.717,1
5905611,2025-10-20T19:49:20Z,1,-27.11334,158.94311,1,609.8,1,34.711,1,9.637,1,609.8,1,9.637,1,34.711,1
5905611,2025-10-20T19:49:20Z,1,-27.11334,158.94311,1,611.6,1,34.709,1,9.61,1,611.6,1,9.61,1,34.709,1
5905611,2025-10-20T19:49:20Z,1,-27.11334,158.94311,1,613.5,1,34.701,1,9.533,1,613.5,1,9.533,1,34.701,1
5905611,2025-10-20T19:49:20Z,1,-27.11334,158.94311,1,615.4,1,34.696,1,9.487,1,615.4,1,9.487,1,34.696,1
5905611,2025-10-20T19:49:20Z,1,-27.11334,158.94311,1,617.4,1,34.696,1,9.473,1,617.4,1,9.473,1,34.696,1
5905611,2025-10-20T19:49:20Z,1,-27.11334,158.94311,1,619.3,1,34.692,1,9.444,1,619.3,1,9.444,1,34.692,1
5905611,2025-10-20T19:49:20Z,1,-27.11334,158.94311,1,621.2,1,34.689,1,9.398,1,621.2,1,9.398,1,34.689,1
5905611,2025-10-20T19:49:20Z,1,-27.11334,158.94311,1,623.1,1,34.684,1,9.37,1,623.1,1,9.37,1,34.684,1
5905611,2025-10-20T19:49:20Z,1,-27.11334,158.94311,1,625.1,1,34.68,1,9.32,1,625.1,1,9.32,1,34.68,1
5905611,2025-10-20T19:49:20Z,1,-27.11334,158.94311,1,627.0,1,34.677,1,9.303,1,627.0,1,9.303,1,34.677,1
5905611,2025-10-20T19:49:20Z,1,-27.11334,158.94311,1,629.4,1,34.678,1,9.301,1,629.4,1,9.301,1,34.678,1
5905611,2025-10-20T19:49:20Z,1,-27.11334,158.94311,1,631.9,1,34.676,1,9.298,1,631.9,1,9.298,1,34.676,1
5905611,2025-10-20T19:49:20Z,1,-27.11334,158.94311,1,633.8,1,34.676,1,9.293,1,633.8,1,9.293,1,34.676,1
5905611,2025-10-20T19:49:20Z,1,-27.11334,158.94311,1,635.7,1,34.674,1,9.277,1,635.7,1,9.277,1,34.674,1
5905611,2025-10-20T19:49:20Z,1,-27.11334,158.94311,1,637.6,1,34.668,1,9.229,1,637.6,1,9.229,1,34.668,1
5905611,2025-10-20T19:49:20Z,1,-27.11334,158.94311,1,639.6,1,34.665,1,9.191,1,639.6,1,9.191,1,34.665,1
5905611,2025-10-20T19:49:20Z,1,-27.11334,158.94311,1,641.6,1,34.663,1,9.178,1,641.6,1,9.178,1,34.663,1
5905611,2025-10-20T19:49:20Z,1,-27.11334,158.94311,1,643.6,1,34.662,1,9.167,1,643.6,1,9.167,1,34.662,1
5905611,2025-10-20T19:49:20Z,1,-27.11334,158.94311,1,645.6,1,34.661,1,9.141,1,645.6,1,9.141,1,34.661,1
5905611,2025-10-20T19:49:20Z,1,-27.11334,158.94311,1,647.6,1,34.659,1,9.126,1,647.6,1,9.126,1,34.659,1
5905611,2025-10-20T19:49:20Z,1,-27.11334,158.94311,1,649.6,1,34.655,1,9.095,1,649.6,1,9.095,1,34.655,1
5905611,2025-10-20T19:49:20Z,1,-27.11334,158.94311,1,651.6,1,34.648,1,9.041,1,651.6,1,9.041,1,34.648,1
5905611,2025-10-20T19:49:20Z,1,-27.11334,158.94311,1,653.7,1,34.646,1,9.008,1,653.7,1,9.008,1,34.646,1
5905611,2025-10-20T19:49:20Z,1,-27.11334,158.94311,1,655.7,1,34.644,1,8.98,1,655.7,1,8.98,1,34.644,1
5905611,2025-10-20T19:49:20Z,1,-27.11334,158.94311,1,657.8,1,34.642,1,8.956,1,657.8,1,8.956,1,34.642,1
5905611,2025-10-20T19:49:20Z,1,-27.11334,158.94311,1,659.8,1,34.638,1,8.935,1,659.8,1,8.935,1,34.638,1
5905611,2025-10-20T19:49:20Z,1,-27.11334,158.94311,1,661.9,1,34.638,1,8.927,1,661.9,1,8.927,1,34.638,1
5905611,2025-10-20T19:49:20Z,1,-27.11334,158.94311,1,663.9,1,34.635,1,8.894,1,663.9,1,8.894,1,34.635,1
5905611,2025-10-20T19:49:20Z,1,-27.11334,158.94311,1,665.9,1,34.634,1,8.885,1,665.9,1,8.885,1,34.634,1
5905611,2025-10-20T19:49:20Z,1,-27.11334,158.94311,1,667.5,1,34.632,1,8.862,1,667.5,1,8.862,1,34.632,1
5905611,2025-10-20T19:49:20Z,1,-27.11334,158.94311,1,669.0,1,34.632,1,8.842,1,669.0,1,8.842,1,34.632,1
5905611,2025-10-20T19:49:20Z,1,-27.11334,158.94311,1,671.1,1,34.63,1,8.826,1,671.1,1,8.826,1,34.63,1
5905611,2025-10-20T19:49:20Z,1,-27.11334,158.94311,1,673.2,1,34.629,1,8.813,1,673.2,1,8.813,1,34.629,1
5905611,2025-10-20T19:49:20Z,1,-27.11334,158.94311,1,675.2,1,34.628,1,8.806,1,675.2,1,8.806,1,34.628,1
5905611,2025-10-20T19:49:20Z,1,-27.11334,158.94311,1,677.3,1,34.624,1,8.797,1,677.3,1,8.797,1,34.624,1
5905611,2025-10-20T19:49:20Z,1,-27.11334,158.94311,1,679.4,1,34.623,1,8.775,1,679.4,1,8.775,1,34.623,1
5905611,2025-10-20T19:49:20Z,1,-27.11334,158.94311,1,681.5,1,34.621,1,8.75,1,681.5,1,8.75,1,34.621,1
5905611,2025-10-20T19:49:20Z,1,-27.11334,158.94311,1,683.5,1,34.62,1,8.742,1,683.5,1,8.742,1,34.62,1
5905611,2025-10-20T19:49:20Z,1,-27.11334,158.94311,1,685.6,1,34.617,1,8.719,1,685.6,1,8.719,1,34.617,1
5905611,2025-10-20T19:49:20Z,1,-27.11334,158.94311,1,687.7,1,34.614,1,8.66,1,687.7,1,8.66,1,34.614,1
5905611,2025-10-20T19:49:20Z,1,-27.11334,158.94311,1,689.7,1,34.608,1,8.611,1,689.7,1,8.611,1,34.608,1
5905611,2025-10-20T19:49:20Z,1,-27.11334,158.94311,1,691.8,1,34.604,1,8.567,1,691.8,1,8.567,1,34.604,1
5905611,2025-10-20T19:49:20Z,1,-27.11334,158.94311,1,693.8,1,34.598,1,8.526,1,693.8,1,8.526,1,34.598,1
5905611,2025-10-20T19:49:20Z,1,-27.11334,158.94311,1,695.4,1,34.598,1,8.501,1,695.4,1,8.501,1,34.598,1
5905611,2025-10-20T19:49:20Z,1,-27.11334,158.94311,1,697.0,1,34.591,1,8.466,1,697.0,1,8.466,1,34.591,1
5905611,2025-10-20T19:49:20Z,1,-27.11334,158.94311,1,699.1,1,34.588,1,8.436,1,699.1,1,8.436,1,34.588,1
5905611,2025-10-20T19:49:20Z,1,-27.11334,158.94311,1,701.1,1,34.587,1,8.425,1,701.1,1,8.425,1,34.587,1
5905611,2025-10-20T19:49:20Z,1,-27.11334,158.94311,1,703.2,1,34.585,1,8.396,1,703.2,1,8.396,1,34.585,1
5905611,2025-10-20T19:49:20Z,1,-27.11334,158.94311,1,705.3,1,34.581,1,8.371,1,705.3,1,8.371,1,34.581,1
5905611,2025-10-20T19:49:20Z,1,-27.11334,158.94311,1,707.4,1,34.581,1,8.319,1,707.4,1,8.319,1,34.581,1
5905611,2025-10-20T19:49:20Z,1,-27.11334,158.94311,1,709.4,1,34.575,1,8.291,1,709.4,1,8.291,1,34.575,1
5905611,2025-10-20T19:49:20Z,1,-27.11334,158.94311,1,711.4,1,34.572,1,8.25,1,711.4,1,8.25,1,34.572,1
5905611,2025-10-20T19:49:20Z,1,-27.11334,158.94311,1,713.5,1,34.571,1,8.232,1,713.5,1,8.232,1,34.571,1
5905611,2025-10-20T19:49:20Z,1,-27.11334,158.94311,1,715.6,1,34.571,1,8.226,1,715.6,1,8.226,1,34.571,1
5905611,2025-10-20T19:49:20Z,1,-27.11334,158.94311,1,717.7,1,34.571,1,8.217,1,717.7,1,8.217,1,34.571,1
5905611,2025-10-20T19:49:20Z,1,-27.11334,158.94311,1,719.8,1,34.569,1,8.203,1,719.8,1,8.203,1,34.569,1
5905611,2025-10-20T19:49:20Z,1,-27.11334,158.94311,1,721.8,1,34.568,1,8.194,1,721.8,1,8.194,1,34.568,1
5905611,2025-10-20T19:49:20Z,1,-27.11334,158.94311,1,723.8,1,34.565,1,8.174,1,723.8,1,8.174,1,34.565,1
5905611,2025-10-20T19:49:20Z,1,-27.11334,158.94311,1,725.8,1,34.564,1,8.151,1,725.8,1,8.151,1,34.564,1
5905611,2025-10-20T19:49:20Z,1,-27.11334,158.94311,1,727.9,1,34.564,1,8.14,1,727.9,1,8.14,1,34.564,1
5905611,2025-10-20T19:49:20Z,1,-27.11334,158.94311,1,729.9,1,34.567,1,8.128,1,729.9,1,8.128,1,34.567,1
5905611,2025-10-20T19:49:20Z,1,-27.11334,158.94311,1,731.9,1,34.565,1,8.111,1,731.9,1,8.111,1,34.565,1
5905611,2025-10-20T19:49:20Z,1,-27.11334,158.94311,1,733.9,1,34.562,1,8.082,1,733.9,1,8.082,1,34.562,1
5905611,2025-10-20T19:49:20Z,1,-27.11334,158.94311,1,735.8,1,34.56,1,8.064,1,735.8,1,8.064,1,34.56,1
5905611,2025-10-20T19:49:20Z,1,-27.11334,158.94311,1,737.8,1,34.556,1,8.038,1,737.8,1,8.038,1,34.556,1
5905611,2025-10-20T19:49:20Z,1,-27.11334,158.94311,1,739.8,1,34.556,1,8.019,1,739.8,1,8.019,1,34.556,1
5905611,2025-10-20T19:49:20Z,1,-27.11334,158.94311,1,741.8,1,34.554,1,7.989,1,741.8,1,7.989,1,34.554,1
5905611,2025-10-20T19:49:20Z,1,-27.11334,158.94311,1,743.7,1,34.55,1,7.957,1,743.7,1,7.957,1,34.55,1
5905611,2025-10-20T19:49:20Z,1,-27.11334,158.94311,1,745.6,1,34.546,1,7.942,1,745.6,1,7.942,1,34.546,1
5905611,2025-10-20T19:49:20Z,1,-27.11334,158.94311,1,747.6,1,34.545,1,7.914,1,747.6,1,7.914,1,34.545,1
5905611,2025-10-20T19:49:20Z,1,-27.11334,158.94311,1,749.5,1,34.541,1,7.856,1,749.5,1,7.856,1,34.541,1
5905611,2025-10-20T19:49:20Z,1,-27.11334,158.94311,1,751.5,1,34.537,1,7.831,1,751.5,1,7.831,1,34.537,1
5905611,2025-10-20T19:49:20Z,1,-27.11334,158.94311,1,753.4,1,34.535,1,7.813,1,753.4,1,7.813,1,34.535,1
5905611,2025-10-20T19:49:20Z,1,-27.11334,158.94311,1,755.3,1,34.535,1,7.795,1,755.3,1,7.795,1,34.535,1
5905611,2025-10-20T19:49:20Z,1,-27.11334,158.94311,1,757.2,1,34.533,1,7.769,1,757.2,1,7.769,1,34.533,1
5905611,2025-10-20T19:49:20Z,1,-27.11334,158.94311,1,759.1,1,34.531,1,7.757,1,759.1,1,7.757,1,34.531,1
5905611,2025-10-20T19:49:20Z,1,-27.11334,158.94311,1,761.4,1,34.527,1,7.718,1,761.4,1,7.718,1,34.527,1
5905611,2025-10-20T19:49:20Z,1,-27.11334,158.94311,1,763.9,1,34.524,1,7.623,1,763.9,1,7.623,1,34.524,1
5905611,2025-10-20T19:49:20Z,1,-27.11334,158.94311,1,765.8,1,34.517,1,7.59,1,765.8,1,7.59,1,34.517,1
5905611,2025-10-20T19:49:20Z,1,-27.11334,158.94311,1,767.7,1,34.519,1,7.585,1,767.7,1,7.585,1,34.519,1
5905611,2025-10-20T19:49:20Z,1,-27.11334,158.94311,1,769.6,1,34.516,1,7.569,1,769.6,1,7.569,1,34.516,1
5905611,2025-10-20T19:49:20Z,1,-27.11334,158.94311,1,771.5,1,34.515,1,7.563,1,771.5,1,7.563,1,34.515,1
5905611,2025-10-20T19:49:20Z,1,-27.11334,158.94311,1,773.3,1,34.514,1,7.53,1,773.3,1,7.53,1,34.514,1
5905611,2025-10-20T19:49:20Z,1,-27.11334,158.94311,1,775.3,1,34.511,1,7.507,1,775.3,1,7.507,1,34.511,1
5905611,2025-10-20T19:49:20Z,1,-27.11334,158.94311,1,777.2,1,34.51,1,7.484,1,777.2,1,7.484,1,34.51,1
5905611,2025-10-20T19:49:20Z,1,-27.11334,158.94311,1,779.1,1,34.51,1,7.452,1,779.1,1,7.452,1,34.51,1
5905611,2025-10-20T19:49:20Z,1,-27.11334,158.94311,1,781.1,1,34.509,1,7.411,1,781.1,1,7.411,1,34.509,1
5905611,2025-10-20T19:49:20Z,1,-27.11334,158.94311,1,783.0,1,34.508,1,7.379,1,783.0,1,7.379,1,34.508,1
5905611,2025-10-20T19:49:20Z,1,-27.11334,158.94311,1,785.4,1,34.503,1,7.332,1,785.4,1,7.332,1,34.503,1
5905611,2025-10-20T19:49:20Z,1,-27.11334,158.94311,1,787.9,1,34.502,1,7.29,1,787.9,1,7.29,1,34.502,1
5905611,2025-10-20T19:49:20Z,1,-27.11334,158.94311,1,789.8,1,34.501,1,7.282,1,789.8,1,7.282,1,34.501,1
5905611,2025-10-20T19:49:20Z,1,-27.11334,158.94311,1,791.8,1,34.5,1,7.265,1,791.8,1,7.265,1,34.5,1
5905611,2025-10-20T19:49:20Z,1,-27.11334,158.94311,1,793.7,1,34.497,1,7.251,1,793.7,1,7.251,1,34.497,1
5905611,2025-10-20T19:49:20Z,1,-27.11334,158.94311,1,795.7,1,34.496,1,7.228,1,795.7,1,7.228,1,34.496,1
5905611,2025-10-20T19:49:20Z,1,-27.11334,158.94311,1,797.7,1,34.493,1,7.162,1,797.7,1,7.162,1,34.493,1
5905611,2025-10-20T19:49:20Z,1,-27.11334,158.94311,1,799.7,1,34.491,1,7.143,1,799.7,1,7.143,1,34.491,1
5905611,2025-10-20T19:49:20Z,1,-27.11334,158.94311,1,801.6,1,34.49,1,7.131,1,801.6,1,7.131,1,34.49,1
5905611,2025-10-20T19:49:20Z,1,-27.11334,158.94311,1,803.3,1,34.49,1,7.12,1,803.3,1,7.12,1,34.49,1
5905611,2025-10-20T19:49:20Z,1,-27.11334,158.94311,1,805.2,1,34.489,1,7.112,1,805.2,1,7.112,1,34.489,1
5905611,2025-10-20T19:49:20Z,1,-27.11334,158.94311,1,807.5,1,34.487,1,7.088,1,807.5,1,7.088,1,34.487,1
5905611,2025-10-20T19:49:20Z,1,-27.11334,158.94311,1,809.5,1,34.483,1,7.068,1,809.5,1,7.068,1,34.483,1
5905611,2025-10-20T19:49:20Z,1,-27.11334,158.94311,1,811.4,1,34.479,1,6.997,1,811.4,1,6.997,1,34.479,1
5905611,2025-10-20T19:49:20Z,1,-27.11334,158.94311,1,813.4,1,34.477,1,6.97,1,813.4,1,6.97,1,34.477,1
5905611,2025-10-20T19:49:20Z,1,-27.11334,158.94311,1,815.5,1,34.476,1,6.965,1,815.5,1,6.965,1,34.476,1
5905611,2025-10-20T19:49:20Z,1,-27.11334,158.94311,1,817.5,1,34.475,1,6.955,1,817.5,1,6.955,1,34.475,1
5905611,2025-10-20T19:49:20Z,1,-27.11334,158.94311,1,819.5,1,34.475,1,6.934,1,819.5,1,6.934,1,34.475,1
5905611,2025-10-20T19:49:20Z,1,-27.11334,158.94311,1,821.6,1,34.475,1,6.919,1,821.6,1,6.919,1,34.475,1
5905611,2025-10-20T19:49:20Z,1,-27.11334,158.94311,1,823.3,1,34.473,1,6.897,1,823.3,1,6.897,1,34.473,1
5905611,2025-10-20T19:49:20Z,1,-27.11334,158.94311,1,825.3,1,34.473,1,6.888,1,825.3,1,6.888,1,34.473,1
5905611,2025-10-20T19:49:20Z,1,-27.11334,158.94311,1,827.4,1,34.472,1,6.872,1,827.4,1,6.872,1,34.472,1
5905611,2025-10-20T19:49:20Z,1,-27.11334,158.94311,1,829.5,1,34.472,1,6.866,1,829.5,1,6.866,1,34.472,1
5905611,2025-10-20T19:49:20Z,1,-27.11334,158.94311,1,831.7,1,34.471,1,6.859,1,831.7,1,6.859,1,34.471,1
5905611,2025-10-20T19:49:20Z,1,-27.11334,158.94311,1,833.4,1,34.471,1,6.851,1,833.4,1,6.851,1,34.471,1
5905611,2025-10-20T19:49:20Z,1,-27.11334,158.94311,1,835.5,1,34.47,1,6.805,1,835.5,1,6.805,1,34.47,1
5905611,2025-10-20T19:49:20Z,1,-27.11334,158.94311,1,837.7,1,34.467,1,6.771,1,837.7,1,6.771,1,34.467,1
5905611,2025-10-20T19:49:20Z,1,-27.11334,158.94311,1,839.4,1,34.466,1,6.768,1,839.4,1,6.768,1,34.466,1
5905611,2025-10-20T19:49:20Z,1,-27.11334,158.94311,1,841.1,1,34.466,1,6.76,1,841.1,1,6.76,1,34.466,1
5905611,2025-10-20T19:49:20Z,1,-27.11334,158.94311,1,843.4,1,34.465,1,6.733,1,843.4,1,6.733,1,34.465,1
5905611,2025-10-20T19:49:20Z,1,-27.11334,158.94311,1,845.6,1,34.464,1,6.719,1,845.6,1,6.719,1,34.464,1
5905611,2025-10-20T19:49:20Z,1,-27.11334,158.94311,1,847.4,1,34.464,1,6.706,1,847.4,1,6.706,1,34.464,1
5905611,2025-10-20T19:49:20Z,1,-27.11334,158.94311,1,849.2,1,34.464,1,6.696,1,849.2,1,6.696,1,34.464,1
5905611,2025-10-20T19:49:20Z,1,-27.11334,158.94311,1,851.4,1,34.462,1,6.662,1,851.4,1,6.662,1,34.462,1
5905611,2025-10-20T19:49:20Z,1,-27.11334,158.94311,1,853.7,1,34.462,1,6.632,1,853.7,1,6.632,1,34.462,1
5905611,2025-10-20T19:49:20Z,1,-27.11334,158.94311,1,855.5,1,34.462,1,6.621,1,855.5,1,6.621,1,34.462,1
5905611,2025-10-20T19:49:20Z,1,-27.11334,158.94311,1,857.3,1,34.461,1,6.611,1,857.3,1,6.611,1,34.461,1
5905611,2025-10-20T19:49:20Z,1,-27.11334,158.94311,1,859.2,1,34.46,1,6.594,1,859.2,1,6.594,1,34.46,1
5905611,2025-10-20T19:49:20Z,1,-27.11334,158.94311,1,861.5,1,34.461,1,6.571,1,861.5,1,6.571,1,34.461,1
5905611,2025-10-20T19:49:20Z,1,-27.11334,158.94311,1,863.8,1,34.459,1,6.53,1,863.8,1,6.53,1,34.459,1
5905611,2025-10-20T19:49:20Z,1,-27.11334,158.94311,1,865.7,1,34.459,1,6.5,1,865.7,1,6.5,1,34.459,1
5905611,2025-10-20T19:49:20Z,1,-27.11334,158.94311,1,867.6,1,34.457,1,6.485,1,867.6,1,6.485,1,34.457,1
5905611,2025-10-20T19:49:20Z,1,-27.11334,158.94311,1,869.6,1,34.457,1,6.481,1,869.6,1,6.481,1,34.457,1
5905611,2025-10-20T19:49:20Z,1,-27.11334,158.94311,1,871.5,1,34.457,1,6.468,1,871.5,1,6.468,1,34.457,1
5905611,2025-10-20T19:49:20Z,1,-27.11334,158.94311,1,873.3,1,34.456,1,6.461,1,873.3,1,6.461,1,34.456,1
5905611,2025-10-20T19:49:20Z,1,-27.11334,158.94311,1,875.2,1,34.456,1,6.455,1,875.2,1,6.455,1,34.456,1
5905611,2025-10-20T19:49:20Z,1,-27.11334,158.94311,1,877.1,1,34.456,1,6.446,1,877.1,1,6.446,1,34.456,1
5905611,2025-10-20T19:49:20Z,1,-27.11334,158.94311,1,879.0,1,34.456,1,6.436,1,879.0,1,6.436,1,34.456,1
5905611,2025-10-20T19:49:20Z,1,-27.11334,158.94311,1,881.4,1,34.454,1,6.428,1,881.4,1,6.428,1,34.454,1
5905611,2025-10-20T19:49:20Z,1,-27.11334,158.94311,1,883.8,1,34.453,1,6.425,1,883.8,1,6.425,1,34.453,1
5905611,2025-10-20T19:49:20Z,1,-27.11334,158.94311,1,885.8,1,34.455,1,6.402,1,885.8,1,6.402,1,34.455,1
5905611,2025-10-20T19:49:20Z,1,-27.11334,158.94311,1,887.7,1,34.452,1,6.389,1,887.7,1,6.389,1,34.452,1
5905611,2025-10-20T19:49:20Z,1,-27.11334,158.94311,1,889.7,1,34.452,1,6.377,1,889.7,1,6.377,1,34.452,1
5905611,2025-10-20T19:49:20Z,1,-27.11334,158.94311,1,891.6,1,34.451,1,6.366,1,891.6,1,6.366,1,34.451,1
5905611,2025-10-20T19:49:20Z,1,-27.11334,158.94311,1,893.6,1,34.451,1,6.344,1,893.6,1,6.344,1,34.451,1
5905611,2025-10-20T19:49:20Z,1,-27.11334,158.94311,1,895.6,1,34.45,1,6.331,1,895.6,1,6.331,1,34.45,1
5905611,2025-10-20T19:49:20Z,1,-27.11334,158.94311,1,897.5,1,34.45,1,6.331,1,897.5,1,6.331,1,34.45,1
5905611,2025-10-20T19:49:20Z,1,-27.11334,158.94311,1,899.5,1,34.45,1,6.325,1,899.5,1,6.325,1,34.45,1
5905611,2025-10-20T19:49:20Z,1,-27.11334,158.94311,1,901.5,1,34.45,1,6.313,1,901.5,1,6.313,1,34.45,1
5905611,2025-10-20T19:49:20Z,1,-27.11334,158.94311,1,903.5,1,34.449,1,6.303,1,903.5,1,6.303,1,34.449,1
5905611,2025-10-20T19:49:20Z,1,-27.11334,158.94311,1,905.4,1,34.449,1,6.282,1,905.4,1,6.282,1,34.449,1
5905611,2025-10-20T19:49:20Z,1,-27.11334,158.94311,1,907.4,1,34.447,1,6.272,1,907.4,1,6.272,1,34.447,1
5905611,2025-10-20T19:49:20Z,1,-27.11334,158.94311,1,909.4,1,34.447,1,6.263,1,909.4,1,6.263,1,34.447,1
5905611,2025-10-20T19:49:20Z,1,-27.11334,158.94311,1,911.3,1,34.446,1,6.227,1,911.3,1,6.227,1,34.446,1
5905611,2025-10-20T19:49:20Z,1,-27.11334,158.94311,1,913.3,1,34.447,1,6.196,1,913.3,1,6.196,1,34.447,1
5905611,2025-10-20T19:49:20Z,1,-27.11334,158.94311,1,915.3,1,34.447,1,6.166,1,915.3,1,6.166,1,34.447,1
5905611,2025-10-20T19:49:20Z,1,-27.11334,158.94311,1,917.2,1,34.445,1,6.156,1,917.2,1,6.156,1,34.445,1
5905611,2025-10-20T19:49:20Z,1,-27.11334,158.94311,1,919.2,1,34.447,1,6.151,1,919.2,1,6.151,1,34.447,1
5905611,2025-10-20T19:49:20Z,1,-27.11334,158.94311,1,921.3,1,34.447,1,6.141,1,921.3,1,6.141,1,34.447,1
5905611,2025-10-20T19:49:20Z,1,-27.11334,158.94311,1,923.2,1,34.447,1,6.131,1,923.2,1,6.131,1,34.447,1
5905611,2025-10-20T19:49:20Z,1,-27.11334,158.94311,1,925.2,1,34.445,1,6.121,1,925.2,1,6.121,1,34.445,1
5905611,2025-10-20T19:49:20Z,1,-27.11334,158.94311,1,927.2,1,34.446,1,6.106,1,927.2,1,6.106,1,34.446,1
5905611,2025-10-20T19:49:20Z,1,-27.11334,158.94311,1,929.1,1,34.443,1,6.088,1,929.1,1,6.088,1,34.443,1
5905611,2025-10-20T19:49:20Z,1,-27.11334,158.94311,1,931.0,1,34.442,1,6.062,1,931.0,1,6.062,1,34.442,1
5905611,2025-10-20T19:49:20Z,1,-27.11334,158.94311,1,933.0,1,34.441,1,6.024,1,933.0,1,6.024,1,34.441,1
5905611,2025-10-20T19:49:20Z,1,-27.11334,158.94311,1,935.0,1,34.441,1,6.008,1,935.0,1,6.008,1,34.441,1
5905611,2025-10-20T19:49:20Z,1,-27.11334,158.94311,1,937.4,1,34.442,1,5.997,1,937.4,1,5.997,1,34.442,1
5905611,2025-10-20T19:49:20Z,1,-27.11334,158.94311,1,939.8,1,34.44,1,5.991,1,939.8,1,5.991,1,34.44,1
5905611,2025-10-20T19:49:20Z,1,-27.11334,158.94311,1,941.7,1,34.441,1,5.98,1,941.7,1,5.98,1,34.441,1
5905611,2025-10-20T19:49:20Z,1,-27.11334,158.94311,1,943.7,1,34.442,1,5.961,1,943.7,1,5.961,1,34.442,1
5905611,2025-10-20T19:49:20Z,1,-27.11334,158.94311,1,945.6,1,34.443,1,5.929,1,945.6,1,5.929,1,34.443,1
5905611,2025-10-20T19:49:20Z,1,-27.11334,158.94311,1,947.5,1,34.442,1,5.909,1,947.5,1,5.909,1,34.442,1
5905611,2025-10-20T19:49:20Z,1,-27.11334,158.94311,1,949.5,1,34.442,1,5.903,1,949.5,1,5.903,1,34.442,1
5905611,2025-10-20T19:49:20Z,1,-27.11334,158.94311,1,951.4,1,34.442,1,5.893,1,951.4,1,5.893,1,34.442,1
5905611,2025-10-20T19:49:20Z,1,-27.11334,158.94311,1,953.4,1,34.442,1,5.887,1,953.4,1,5.887,1,34.442,1
5905611,2025-10-20T19:49:20Z,1,-27.11334,158.94311,1,955.3,1,34.441,1,5.884,1,955.3,1,5.884,1,34.441,1
5905611,2025-10-20T19:49:20Z,1,-27.11334,158.94311,1,957.2,1,34.441,1,5.876,1,957.2,1,5.876,1,34.441,1
5905611,2025-10-20T19:49:20Z,1,-27.11334,158.94311,1,959.1,1,34.442,1,5.855,1,959.1,1,5.855,1,34.442,1
5905611,2025-10-20T19:49:20Z,1,-27.11334,158.94311,1,961.4,1,34.441,1,5.846,1,961.4,1,5.846,1,34.441,1
5905611,2025-10-20T19:49:20Z,1,-27.11334,158.94311,1,963.8,1,34.442,1,5.831,1,963.8,1,5.831,1,34.442,1
5905611,2025-10-20T19:49:20Z,1,-27.11334,158.94311,1,965.7,1,34.441,1,5.819,1,965.7,1,5.819,1,34.441,1
5905611,2025-10-20T19:49:20Z,1,-27.11334,158.94311,1,967.5,1,34.441,1,5.813,1,967.5,1,5.813,1,34.441,1
5905611,2025-10-20T19:49:20Z,1,-27.11334,158.94311,1,969.4,1,34.442,1,5.797,1,969.4,1,5.797,1,34.442,1
5905611,2025-10-20T19:49:20Z,1,-27.11334,158.94311,1,971.2,1,34.441,1,5.773,1,971.2,1,5.773,1,34.441,1
5905611,2025-10-20T19:49:20Z,1,-27.11334,158.94311,1,973.0,1,34.439,1,5.756,1,973.0,1,5.756,1,34.439,1
5905611,2025-10-20T19:49:20Z,1,-27.11334,158.94311,1,975.4,1,34.44,1,5.74,1,975.4,1,5.74,1,34.44,1
5905611,2025-10-20T19:49:20Z,1,-27.11334,158.94311,1,977.7,1,34.44,1,5.719,1,977.7,1,5.719,1,34.44,1
5905611,2025-10-20T19:49:20Z,1,-27.11334,158.94311,1,979.5,1,34.439,1,5.706,1,979.5,1,5.706,1,34.439,1
5905611,2025-10-20T19:49:20Z,1,-27.11334,158.94311,1,981.4,1,34.439,1,5.702,1,981.4,1,5.702,1,34.439,1
5905611,2025-10-20T19:49:20Z,1,-27.11334,158.94311,1,983.2,1,34.439,1,5.699,1,983.2,1,5.699,1,34.439,1
5905611,2025-10-20T19:49:20Z,1,-27.11334,158.94311,1,985.1,1,34.439,1,5.689,1,985.1,1,5.689,1,34.439,1
5905611,2025-10-20T19:49:20Z,1,-27.11334,158.94311,1,987.4,1,34.441,1,5.659,1,987.4,1,5.659,1,34.441,1
5905611,2025-10-20T19:49:20Z,1,-27.11334,158.94311,1,989.8,1,34.443,1,5.635,1,989.8,1,5.635,1,34.443,1
5905611,2025-10-20T19:49:20Z,1,-27.11334,158.94311,1,991.7,1,34.443,1,5.622,1,991.7,1,5.622,1,34.443,1
5905611,2025-10-20T19:49:20Z,1,-27.11334,158.94311,1,993.5,1,34.443,1,5.616,1,993.5,1,5.616,1,34.443,1
5905611,2025-10-20T19:49:20Z,1,-27.11334,158.94311,1,995.5,1,34.444,1,5.602,1,995.5,1,5.602,1,34.444,1
5905611,2025-10-20T19:49:20Z,1,-27.11334,158.94311,1,997.4,1,34.442,1,5.585,1,997.4,1,5.585,1,34.442,1
5905611,2025-10-20T19:49:20Z,1,-27.11334,158.94311,1,999.3,1,34.442,1,5.568,1,999.3,1,5.568,1,34.442,1
5905611,2025-10-20T19:49:20Z,1,-27.11334,158.94311,1,1001.2,1,34.442,1,5.551,1,1001.2,1,5.551,1,34.442,1
5905611,2025-10-20T19:49:20Z,1,-27.11334,158.94311,1,1003.1,1,34.443,1,5.527,1,1003.1,1,5.527,1,34.443,1
5905611,2025-10-20T19:49:20Z,1,-27.11334,158.94311,1,1005.4,1,34.443,1,5.497,1,1005.4,1,5.497,1,34.443,1
5905611,2025-10-20T19:49:20Z,1,-27.11334,158.94311,1,1007.8,1,34.444,1,5.488,1,1007.8,1,5.488,1,34.444,1
5905611,2025-10-20T19:49:20Z,1,-27.11334,158.94311,1,1009.8,1,34.444,1,5.476,1,1009.8,1,5.476,1,34.444,1
5905611,2025-10-20T19:49:20Z,1,-27.11334,158.94311,1,1011.7,1,34.444,1,5.462,1,1011.7,1,5.462,1,34.444,1
5905611,2025-10-20T19:49:20Z,1,-27.11334,158.94311,1,1013.6,1,34.445,1,5.433,1,1013.6,1,5.433,1,34.445,1
5905611,2025-10-20T19:49:20Z,1,-27.11334,158.94311,1,1015.6,1,34.445,1,5.398,1,1015.6,1,5.398,1,34.445,1
5905611,2025-10-20T19:49:20Z,1,-27.11334,158.94311,1,1017.5,1,34.444,1,5.385,1,1017.5,1,5.385,1,34.444,1
5905611,2025-10-20T19:49:20Z,1,-27.11334,158.94311,1,1019.4,1,34.444,1,5.382,1,1019.4,1,5.382,1,34.444,1
5905611,2025-10-20T19:49:20Z,1,-27.11334,158.94311,1,1021.4,1,34.444,1,5.361,1,1021.4,1,5.361,1,34.444,1
5905611,2025-10-20T19:49:20Z,1,-27.11334,158.94311,1,1023.3,1,34.446,1,5.334,1,1023.3,1,5.334,1,34.446,1
5905611,2025-10-20T19:49:20Z,1,-27.11334,158.94311,1,1025.3,1,34.446,1,5.321,1,1025.3,1,5.321,1,34.446,1
5905611,2025-10-20T19:49:20Z,1,-27.11334,158.94311,1,1027.2,1,34.446,1,5.313,1,1027.2,1,5.313,1,34.446,1
5905611,2025-10-20T19:49:20Z,1,-27.11334,158.94311,1,1029.2,1,34.446,1,5.298,1,1029.2,1,5.298,1,34.446,1
5905611,2025-10-20T19:49:20Z,1,-27.11334,158.94311,1,1031.2,1,34.447,1,5.277,1,1031.2,1,5.277,1,34.447,1
5905611,2025-10-20T19:49:20Z,1,-27.11334,158.94311,1,1033.1,1,34.448,1,5.261,1,1033.1,1,5.261,1,34.448,1
5905611,2025-10-20T19:49:20Z,1,-27.11334,158.94311,1,1035.1,1,34.449,1,5.246,1,1035.1,1,5.246,1,34.449,1
5905611,2025-10-20T19:49:20Z,1,-27.11334,158.94311,1,1037.1,1,34.449,1,5.227,1,1037.1,1,5.227,1,34.449,1
5905611,2025-10-20T19:49:20Z,1,-27.11334,158.94311,1,1039.1,1,34.45,1,5.219,1,1039.1,1,5.219,1,34.45,1
5905611,2025-10-20T19:49:20Z,1,-27.11334,158.94311,1,1041.1,1,34.452,1,5.213,1,1041.1,1,5.213,1,34.452,1
5905611,2025-10-20T19:49:20Z,1,-27.11334,158.94311,1,1043.1,1,34.451,1,5.206,1,1043.1,1,5.206,1,34.451,1
5905611,2025-10-20T19:49:20Z,1,-27.11334,158.94311,1,1045.1,1,34.452,1,5.196,1,1045.1,1,5.196,1,34.452,1
5905611,2025-10-20T19:49:20Z,1,-27.11334,158.94311,1,1047.1,1,34.452,1,5.172,1,1047.1,1,5.172,1,34.452,1
5905611,2025-10-20T19:49:20Z,1,-27.11334,158.94311,1,1049.1,1,34.452,1,5.162,1,1049.1,1,5.162,1,34.452,1
5905611,2025-10-20T19:49:20Z,1,-27.11334,158.94311,1,1051.2,1,34.453,1,5.153,1,1051.2,1,5.153,1,34.453,1
5905611,2025-10-20T19:49:20Z,1,-27.11334,158.94311,1,1053.3,1,34.453,1,5.144,1,1053.3,1,5.144,1,34.453,1
5905611,2025-10-20T19:49:20Z,1,-27.11334,158.94311,1,1055.4,1,34.453,1,5.136,1,1055.4,1,5.136,1,34.453,1
5905611,2025-10-20T19:49:20Z,1,-27.11334,158.94311,1,1057.4,1,34.453,1,5.121,1,1057.4,1,5.121,1,34.453,1
5905611,2025-10-20T19:49:20Z,1,-27.11334,158.94311,1,1059.3,1,34.454,1,5.104,1,1059.3,1,5.104,1,34.454,1
5905611,2025-10-20T19:49:20Z,1,-27.11334,158.94311,1,1061.5,1,34.453,1,5.089,1,1061.5,1,5.089,1,34.453,1
5905611,2025-10-20T19:49:20Z,1,-27.11334,158.94311,1,1063.5,1,34.453,1,5.073,1,1063.5,1,5.073,1,34.453,1
5905611,2025-10-20T19:49:20Z,1,-27.11334,158.94311,1,1065.5,1,34.454,1,5.059,1,1065.5,1,5.059,1,34.454,1
5905611,2025-10-20T19:49:20Z,1,-27.11334,158.94311,1,1067.5,1,34.454,1,5.055,1,1067.5,1,5.055,1,34.454,1
5905611,2025-10-20T19:49:20Z,1,-27.11334,158.94311,1,1069.5,1,34.454,1,5.047,1,1069.5,1,5.047,1,34.454,1
5905611,2025-10-20T19:49:20Z,1,-27.11334,158.94311,1,1071.5,1,34.455,1,5.033,1,1071.5,1,5.033,1,34.455,1
5905611,2025-10-20T19:49:20Z,1,-27.11334,158.94311,1,1073.6,1,34.455,1,5.024,1,1073.6,1,5.024,1,34.455,1
5905611,2025-10-20T19:49:20Z,1,-27.11334,158.94311,1,1075.7,1,34.455,1,5.019,1,1075.7,1,5.019,1,34.455,1
5905611,2025-10-20T19:49:20Z,1,-27.11334,158.94311,1,1077.3,1,34.456,1,5.001,1,1077.3,1,5.001,1,34.456,1
5905611,2025-10-20T19:49:20Z,1,-27.11334,158.94311,1,1079.4,1,34.456,1,4.982,1,1079.4,1,4.982,1,34.456,1
5905611,2025-10-20T19:49:20Z,1,-27.11334,158.94311,1,1081.5,1,34.457,1,4.969,1,1081.5,1,4.969,1,34.457,1
5905611,2025-10-20T19:49:20Z,1,-27.11334,158.94311,1,1083.5,1,34.457,1,4.96,1,1083.5,1,4.96,1,34.457,1
5905611,2025-10-20T19:49:20Z,1,-27.11334,158.94311,1,1085.6,1,34.457,1,4.949,1,1085.6,1,4.949,1,34.457,1
5905611,2025-10-20T19:49:20Z,1,-27.11334,158.94311,1,1087.2,1,34.458,1,4.935,1,1087.2,1,4.935,1,34.458,1
5905611,2025-10-20T19:49:20Z,1,-27.11334,158.94311,1,1089.3,1,34.457,1,4.917,1,1089.3,1,4.917,1,34.457,1
5905611,2025-10-20T19:49:20Z,1,-27.11334,158.94311,1,1091.4,1,34.458,1,4.904,1,1091.4,1,4.904,1,34.458,1
5905611,2025-10-20T19:49:20Z,1,-27.11334,158.94311,1,1093.5,1,34.458,1,4.893,1,1093.5,1,4.893,1,34.458,1
5905611,2025-10-20T19:49:20Z,1,-27.11334,158.94311,1,1095.7,1,34.459,1,4.878,1,1095.7,1,4.878,1,34.459,1
5905611,2025-10-20T19:49:20Z,1,-27.11334,158.94311,1,1097.4,1,34.46,1,4.87,1,1097.4,1,4.87,1,34.46,1
5905611,2025-10-20T19:49:20Z,1,-27.11334,158.94311,1,1099.5,1,34.46,1,4.859,1,1099.5,1,4.859,1,34.46,1
5905611,2025-10-20T19:49:20Z,1,-27.11334,158.94311,1,1101.7,1,34.46,1,4.855,1,1101.7,1,4.855,1,34.46,1
5905611,2025-10-20T19:49:20Z,1,-27.11334,158.94311,1,1103.5,1,34.461,1,4.847,1,1103.5,1,4.847,1,34.461,1
5905611,2025-10-20T19:49:20Z,1,-27.11334,158.94311,1,1105.2,1,34.462,1,4.831,1,1105.2,1,4.831,1,34.462,1
5905611,2025-10-20T19:49:20Z,1,-27.11334,158.94311,1,1107.4,1,34.462,1,4.827,1,1107.4,1,4.827,1,34.462,1
5905611,2025-10-20T19:49:20Z,1,-27.11334,158.94311,1,1109.5,1,34.462,1,4.819,1,1109.5,1,4.819,1,34.462,1
5905611,2025-10-20T19:49:20Z,1,-27.11334,158.94311,1,1111.3,1,34.463,1,4.817,1,1111.3,1,4.817,1,34.463,1
5905611,2025-10-20T19:49:20Z,1,-27.11334,158.94311,1,1113.5,1,34.463,1,4.805,1,1113.5,1,4.805,1,34.463,1
5905611,2025-10-20T19:49:20Z,1,-27.11334,158.94311,1,1115.6,1,34.464,1,4.788,1,1115.6,1,4.788,1,34.464,1
5905611,2025-10-20T19:49:20Z,1,-27.11334,158.94311,1,1117.4,1,34.464,1,4.78,1,1117.4,1,4.78,1,34.464,1
5905611,2025-10-20T19:49:20Z,1,-27.11334,158.94311,1,1119.1,1,34.465,1,4.775,1,1119.1,1,4.775,1,34.465,1
5905611,2025-10-20T19:49:20Z,1,-27.11334,158.94311,1,1121.3,1,34.466,1,4.764,1,1121.3,1,4.764,1,34.466,1
5905611,2025-10-20T19:49:20Z,1,-27.11334,158.94311,1,1123.5,1,34.466,1,4.752,1,1123.5,1,4.752,1,34.466,1
5905611,2025-10-20T19:49:20Z,1,-27.11334,158.94311,1,1125.2,1,34.466,1,4.749,1,1125.2,1,4.749,1,34.466,1
5905611,2025-10-20T19:49:20Z,1,-27.11334,158.94311,1,1127.3,1,34.466,1,4.746,1,1127.3,1,4.746,1,34.466,1
5905611,2025-10-20T19:49:20Z,1,-27.11334,158.94311,1,1129.4,1,34.466,1,4.74,1,1129.4,1,4.74,1,34.466,1
5905611,2025-10-20T19:49:20Z,1,-27.11334,158.94311,1,1131.5,1,34.468,1,4.727,1,1131.5,1,4.727,1,34.468,1
5905611,2025-10-20T19:49:20Z,1,-27.11334,158.94311,1,1133.7,1,34.468,1,4.72,1,1133.7,1,4.72,1,34.468,1
5905611,2025-10-20T19:49:20Z,1,-27.11334,158.94311,1,1135.3,1,34.467,1,4.715,1,1135.3,1,4.715,1,34.467,1
5905611,2025-10-20T19:49:20Z,1,-27.11334,158.94311,1,1137.5,1,34.467,1,4.708,1,1137.5,1,4.708,1,34.467,1
5905611,2025-10-20T19:49:20Z,1,-27.11334,158.94311,1,1139.5,1,34.468,1,4.697,1,1139.5,1,4.697,1,34.468,1
5905611,2025-10-20T19:49:20Z,1,-27.11334,158.94311,1,1141.2,1,34.471,1,4.673,1,1141.2,1,4.673,1,34.471,1
5905611,2025-10-20T19:49:20Z,1,-27.11334,158.94311,1,1143.4,1,34.471,1,4.659,1,1143.4,1,4.659,1,34.471,1
5905611,2025-10-20T19:49:20Z,1,-27.11334,158.94311,1,1145.5,1,34.47,1,4.649,1,1145.5,1,4.649,1,34.47,1
5905611,2025-10-20T19:49:20Z,1,-27.11334,158.94311,1,1147.3,1,34.472,1,4.64,1,1147.3,1,4.64,1,34.472,1
5905611,2025-10-20T19:49:20Z,1,-27.11334,158.94311,1,1149.4,1,34.472,1,4.619,1,1149.4,1,4.619,1,34.472,1
5905611,2025-10-20T19:49:20Z,1,-27.11334,158.94311,1,1151.5,1,34.472,1,4.613,1,1151.5,1,4.613,1,34.472,1
5905611,2025-10-20T19:49:20Z,1,-27.11334,158.94311,1,1153.2,1,34.472,1,4.61,1,1153.2,1,4.61,1,34.472,1
5905611,2025-10-20T19:49:20Z,1,-27.11334,158.94311,1,1155.3,1,34.473,1,4.601,1,1155.3,1,4.601,1,34.473,1
5905611,2025-10-20T19:49:20Z,1,-27.11334,158.94311,1,1157.4,1,34.474,1,4.59,1,1157.4,1,4.59,1,34.474,1
5905611,2025-10-20T19:49:20Z,1,-27.11334,158.94311,1,1159.2,1,34.473,1,4.583,1,1159.2,1,4.583,1,34.473,1
5905611,2025-10-20T19:49:20Z,1,-27.11334,158.94311,1,1161.3,1,34.474,1,4.568,1,1161.3,1,4.568,1,34.474,1
5905611,2025-10-20T19:49:20Z,1,-27.11334,158.94311,1,1163.4,1,34.476,1,4.554,1,1163.4,1,4.554,1,34.476,1
5905611,2025-10-20T19:49:20Z,1,-27.11334,158.94311,1,1165.1,1,34.476,1,4.549,1,1165.1,1,4.549,1,34.476,1
5905611,2025-10-20T19:49:20Z,1,-27.11334,158.94311,1,1167.3,1,34.475,1,4.546,1,1167.3,1,4.546,1,34.475,1
5905611,2025-10-20T19:49:20Z,1,-27.11334,158.94311,1,1169.4,1,34.477,1,4.534,1,1169.4,1,4.534,1,34.477,1
5905611,2025-10-20T19:49:20Z,1,-27.11334,158.94311,1,1171.5,1,34.476,1,4.526,1,1171.5,1,4.526,1,34.476,1
5905611,2025-10-20T19:49:20Z,1,-27.11334,158.94311,1,1173.6,1,34.477,1,4.514,1,1173.6,1,4.514,1,34.477,1
5905611,2025-10-20T19:49:20Z,1,-27.11334,158.94311,1,1175.3,1,34.477,1,4.501,1,1175.3,1,4.501,1,34.477,1
5905611,2025-10-20T19:49:20Z,1,-27.11334,158.94311,1,1177.3,1,34.477,1,4.487,1,1177.3,1,4.487,1,34.477,1
5905611,2025-10-20T19:49:20Z,1,-27.11334,158.94311,1,1179.4,1,34.479,1,4.47,1,1179.4,1,4.47,1,34.479,1
5905611,2025-10-20T19:49:20Z,1,-27.11334,158.94311,1,1181.5,1,34.479,1,4.455,1,1181.5,1,4.455,1,34.479,1
5905611,2025-10-20T19:49:20Z,1,-27.11334,158.94311,1,1183.6,1,34.481,1,4.439,1,1183.6,1,4.439,1,34.481,1
5905611,2025-10-20T19:49:20Z,1,-27.11334,158.94311,1,1185.3,1,34.481,1,4.436,1,1185.3,1,4.436,1,34.481,1
5905611,2025-10-20T19:49:20Z,1,-27.11334,158.94311,1,1187.3,1,34.481,1,4.43,1,1187.3,1,4.43,1,34.481,1
5905611,2025-10-20T19:49:20Z,1,-27.11334,158.94311,1,1189.4,1,34.482,1,4.414,1,1189.4,1,4.414,1,34.482,1
5905611,2025-10-20T19:49:20Z,1,-27.11334,158.94311,1,1191.5,1,34.483,1,4.401,1,1191.5,1,4.401,1,34.483,1
5905611,2025-10-20T19:49:20Z,1,-27.11334,158.94311,1,1193.6,1,34.482,1,4.398,1,1193.6,1,4.398,1,34.482,1
5905611,2025-10-20T19:49:20Z,1,-27.11334,158.94311,1,1195.3,1,34.484,1,4.386,1,1195.3,1,4.386,1,34.484,1
5905611,2025-10-20T19:49:20Z,1,-27.11334,158.94311,1,1197.3,1,34.485,1,4.365,1,1197.3,1,4.365,1,34.485,1
5905611,2025-10-20T19:49:20Z,1,-27.11334,158.94311,1,1199.4,1,34.486,1,4.36,1,1199.4,1,4.36,1,34.486,1
5905611,2025-10-20T19:49:20Z,1,-27.11334,158.94311,1,1201.5,1,34.487,1,4.349,1,1201.5,1,4.349,1,34.487,1
5905611,2025-10-20T19:49:20Z,1,-27.11334,158.94311,1,1203.7,1,34.488,1,4.339,1,1203.7,1,4.339,1,34.488,1
5905611,2025-10-20T19:49:20Z,1,-27.11334,158.94311,1,1205.4,1,34.487,1,4.336,1,1205.4,1,4.336,1,34.487,1
5905611,2025-10-20T19:49:20Z,1,-27.11334,158.94311,1,1207.2,1,34.488,1,4.328,1,1207.2,1,4.328,1,34.488,1
5905611,2025-10-20T19:49:20Z,1,-27.11334,158.94311,1,1209.4,1,34.488,1,4.324,1,1209.4,1,4.324,1,34.488,1
5905611,2025-10-20T19:49:20Z,1,-27.11334,158.94311,1,1211.6,1,34.489,1,4.318,1,1211.6,1,4.318,1,34.489,1
5905611,2025-10-20T19:49:20Z,1,-27.11334,158.94311,1,1213.3,1,34.489,1,4.311,1,1213.3,1,4.311,1,34.489,1
5905611,2025-10-20T19:49:20Z,1,-27.11334,158.94311,1,1215.1,1,34.489,1,4.302,1,1215.1,1,4.302,1,34.489,1
5905611,2025-10-20T19:49:20Z,1,-27.11334,158.94311,1,1217.4,1,34.489,1,4.298,1,1217.4,1,4.298,1,34.489,1
5905611,2025-10-20T19:49:20Z,1,-27.11334,158.94311,1,1219.7,1,34.491,1,4.287,1,1219.7,1,4.287,1,34.491,1
5905611,2025-10-20T19:49:20Z,1,-27.11334,158.94311,1,1221.5,1,34.491,1,4.277,1,1221.5,1,4.277,1,34.491,1
5905611,2025-10-20T19:49:20Z,1,-27.11334,158.94311,1,1223.3,1,34.493,1,4.256,1,1223.3,1,4.256,1,34.493,1
5905611,2025-10-20T19:49:20Z,1,-27.11334,158.94311,1,1225.2,1,34.493,1,4.254,1,1225.2,1,4.254,1,34.493,1
5905611,2025-10-20T19:49:20Z,1,-27.11334,158.94311,1,1227.0,1,34.493,1,4.251,1,1227.0,1,4.251,1,34.493,1
5905611,2025-10-20T19:49:20Z,1,-27.11334,158.94311,1,1229.4,1,34.494,1,4.247,1,1229.4,1,4.247,1,34.494,1
5905611,2025-10-20T19:49:20Z,1,-27.11334,158.94311,1,1231.8,1,34.493,1,4.242,1,1231.8,1,4.242,1,34.493,1
5905611,2025-10-20T19:49:20Z,1,-27.11334,158.94311,1,1233.7,1,34.494,1,4.237,1,1233.7,1,4.237,1,34.494,1
5905611,2025-10-20T19:49:20Z,1,-27.11334,158.94311,1,1235.5,1,34.495,1,4.225,1,1235.5,1,4.225,1,34.495,1
5905611,2025-10-20T19:49:20Z,1,-27.11334,158.94311,1,1237.4,1,34.495,1,4.213,1,1237.4,1,4.213,1,34.495,1
5905611,2025-10-20T19:49:20Z,1,-27.11334,158.94311,1,1239.3,1,34.497,1,4.198,1,1239.3,1,4.198,1,34.497,1
5905611,2025-10-20T19:49:20Z,1,-27.11334,158.94311,1,1241.3,1,34.497,1,4.187,1,1241.3,1,4.187,1,34.497,1
5905611,2025-10-20T19:49:20Z,1,-27.11334,158.94311,1,1243.3,1,34.498,1,4.169,1,1243.3,1,4.169,1,34.498,1
5905611,2025-10-20T19:49:20Z,1,-27.11334,158.94311,1,1245.2,1,34.499,1,4.157,1,1245.2,1,4.157,1,34.499,1
5905611,2025-10-20T19:49:20Z,1,-27.11334,158.94311,1,1247.2,1,34.5,1,4.148,1,1247.2,1,4.148,1,34.5,1
5905611,2025-10-20T19:49:20Z,1,-27.11334,158.94311,1,1249.2,1,34.5,1,4.143,1,1249.2,1,4.143,1,34.5,1
5905611,2025-10-20T19:49:20Z,1,-27.11334,158.94311,1,1251.1,1,34.5,1,4.141,1,1251.1,1,4.141,1,34.5,1
5905611,2025-10-20T19:49:20Z,1,-27.11334,158.94311,1,1253.1,1,34.5,1,4.137,1,1253.1,1,4.137,1,34.5,1
5905611,2025-10-20T19:49:20Z,1,-27.11334,158.94311,1,1255.2,1,34.501,1,4.13,1,1255.2,1,4.13,1,34.501,1
5905611,2025-10-20T19:49:20Z,1,-27.11334,158.94311,1,1257.2,1,34.501,1,4.126,1,1257.2,1,4.126,1,34.501,1
5905611,2025-10-20T19:49:20Z,1,-27.11334,158.94311,1,1259.3,1,34.501,1,4.122,1,1259.3,1,4.122,1,34.501,1
5905611,2025-10-20T19:49:20Z,1,-27.11334,158.94311,1,1261.4,1,34.501,1,4.115,1,1261.4,1,4.115,1,34.501,1
5905611,2025-10-20T19:49:20Z,1,-27.11334,158.94311,1,1263.5,1,34.503,1,4.104,1,1263.5,1,4.104,1,34.503,1
5905611,2025-10-20T19:49:20Z,1,-27.11334,158.94311,1,1265.7,1,34.503,1,4.092,1,1265.7,1,4.092,1,34.503,1
5905611,2025-10-20T19:49:20Z,1,-27.11334,158.94311,1,1267.8,1,34.504,1,4.08,1,1267.8,1,4.08,1,34.504,1
5905611,2025-10-20T19:49:20Z,1,-27.11334,158.94311,1,1269.4,1,34.505,1,4.077,1,1269.4,1,4.077,1,34.505,1
5905611,2025-10-20T19:49:20Z,1,-27.11334,158.94311,1,1271.0,1,34.504,1,4.072,1,1271.0,1,4.072,1,34.504,1
5905611,2025-10-20T19:49:20Z,1,-27.11334,158.94311,1,1273.1,1,34.505,1,4.066,1,1273.1,1,4.066,1,34.505,1
5905611,2025-10-20T19:49:20Z,1,-27.11334,158.94311,1,1275.3,1,34.507,1,4.057,1,1275.3,1,4.057,1,34.507,1
5905611,2025-10-20T19:49:20Z,1,-27.11334,158.94311,1,1277.4,1,34.506,1,4.05,1,1277.4,1,4.05,1,34.506,1
5905611,2025-10-20T19:49:20Z,1,-27.11334,158.94311,1,1279.6,1,34.507,1,4.041,1,1279.6,1,4.041,1,34.507,1
5905611,2025-10-20T19:49:20Z,1,-27.11334,158.94311,1,1281.7,1,34.508,1,4.028,1,1281.7,1,4.028,1,34.508,1
5905611,2025-10-20T19:49:20Z,1,-27.11334,158.94311,1,1283.4,1,34.51,1,4.019,1,1283.4,1,4.019,1,34.51,1
5905611,2025-10-20T19:49:20Z,1,-27.11334,158.94311,1,1285.0,1,34.509,1,4.015,1,1285.0,1,4.015,1,34.509,1
5905611,2025-10-20T19:49:20Z,1,-27.11334,158.94311,1,1287.2,1,34.51,1,4.011,1,1287.2,1,4.011,1,34.51,1
5905611,2025-10-20T19:49:20Z,1,-27.11334,158.94311,1,1289.4,1,34.509,1,4.009,1,1289.4,1,4.009,1,34.509,1
5905611,2025-10-20T19:49:20Z,1,-27.11334,158.94311,1,1291.6,1,34.51,1,4.007,1,1291.6,1,4.007,1,34.51,1
5905611,2025-10-20T19:49:20Z,1,-27.11334,158.94311,1,1293.8,1,34.51,1,4.002,1,1293.8,1,4.002,1,34.51,1
5905611,2025-10-20T19:49:20Z,1,-27.11334,158.94311,1,1295.5,1,34.51,1,4.0,1,1295.5,1,4.0,1,34.51,1
5905611,2025-10-20T19:49:20Z,1,-27.11334,158.94311,1,1297.1,1,34.511,1,3.995,1,1297.1,1,3.995,1,34.511,1
5905611,2025-10-20T19:49:20Z,1,-27.11334,158.94311,1,1299.3,1,34.512,1,3.987,1,1299.3,1,3.987,1,34.512,1
5905611,2025-10-20T19:49:20Z,1,-27.11334,158.94311,1,1301.4,1,34.513,1,3.97,1,1301.4,1,3.97,1,34.513,1
5905611,2025-10-20T19:49:20Z,1,-27.11334,158.94311,1,1303.6,1,34.514,1,3.957,1,1303.6,1,3.957,1,34.514,1
5905611,2025-10-20T19:49:20Z,1,-27.11334,158.94311,1,1305.7,1,34.515,1,3.946,1,1305.7,1,3.946,1,34.515,1
5905611,2025-10-20T19:49:20Z,1,-27.11334,158.94311,1,1307.9,1,34.516,1,3.937,1,1307.9,1,3.937,1,34.516,1
5905611,2025-10-20T19:49:20Z,1,-27.11334,158.94311,1,1309.5,1,34.515,1,3.935,1,1309.5,1,3.935,1,34.515,1
5905611,2025-10-20T19:49:20Z,1,-27.11334,158.94311,1,1311.1,1,34.516,1,3.924,1,1311.1,1,3.924,1,34.516,1
5905611,2025-10-20T19:49:20Z,1,-27.11334,158.94311,1,1313.3,1,34.517,1,3.92,1,1313.3,1,3.92,1,34.517,1
5905611,2025-10-20T19:49:20Z,1,-27.11334,158.94311,1,1315.5,1,34.516,1,3.919,1,1315.5,1,3.919,1,34.516,1
5905611,2025-10-20T19:49:20Z,1,-27.11334,158.94311,1,1317.7,1,34.516,1,3.917,1,1317.7,1,3.917,1,34.516,1
5905611,2025-10-20T19:49:20Z,1,-27.11334,158.94311,1,1319.4,1,34.518,1,3.91,1,1319.4,1,3.91,1,34.518,1
5905611,2025-10-20T19:49:20Z,1,-27.11334,158.94311,1,1321.0,1,34.517,1,3.906,1,1321.0,1,3.906,1,34.517,1
5905611,2025-10-20T19:49:20Z,1,-27.11334,158.94311,1,1323.2,1,34.518,1,3.902,1,1323.2,1,3.902,1,34.518,1
5905611,2025-10-20T19:49:20Z,1,-27.11334,158.94311,1,1325.4,1,34.519,1,3.881,1,1325.4,1,3.881,1,34.519,1
5905611,2025-10-20T19:49:20Z,1,-27.11334,158.94311,1,1327.6,1,34.521,1,3.866,1,1327.6,1,3.866,1,34.521,1
5905611,2025-10-20T19:49:20Z,1,-27.11334,158.94311,1,1329.8,1,34.521,1,3.858,1,1329.8,1,3.858,1,34.521,1
5905611,2025-10-20T19:49:20Z,1,-27.11334,158.94311,1,1331.5,1,34.523,1,3.847,1,1331.5,1,3.847,1,34.523,1
5905611,2025-10-20T19:49:20Z,1,-27.11334,158.94311,1,1333.1,1,34.522,1,3.841,1,1333.1,1,3.841,1,34.522,1
5905611,2025-10-20T19:49:20Z,1,-27.11334,158.94311,1,1335.2,1,34.523,1,3.837,1,1335.2,1,3.837,1,34.523,1
5905611,2025-10-20T19:49:20Z,1,-27.11334,158.94311,1,1337.4,1,34.524,1,3.83,1,1337.4,1,3.83,1,34.524,1
5905611,2025-10-20T19:49:20Z,1,-27.11334,158.94311,1,1339.6,1,34.524,1,3.824,1,1339.6,1,3.824,1,34.524,1
5905611,2025-10-20T19:49:20Z,1,-27.11334,158.94311,1,1341.8,1,34.525,1,3.812,1,1341.8,1,3.812,1,34.525,1
5905611,2025-10-20T19:49:20Z,1,-27.11334,158.94311,1,1343.4,1,34.527,1,3.801,1,1343.4,1,3.801,1,34.527,1
5905611,2025-10-20T19:49:20Z,1,-27.11334,158.94311,1,1345.0,1,34.527,1,3.786,1,1345.0,1,3.786,1,34.527,1
5905611,2025-10-20T19:49:20Z,1,-27.11334,158.94311,1,1347.2,1,34.528,1,3.779,1,1347.2,1,3.779,1,34.528,1
5905611,2025-10-20T19:49:20Z,1,-27.11334,158.94311,1,1349.4,1,34.528,1,3.778,1,1349.4,1,3.778,1,34.528,1
5905611,2025-10-20T19:49:20Z,1,-27.11334,158.94311,1,1351.5,1,34.528,1,3.772,1,1351.5,1,3.772,1,34.528,1
5905611,2025-10-20T19:49:20Z,1,-27.11334,158.94311,1,1353.7,1,34.529,1,3.757,1,1353.7,1,3.757,1,34.529,1
5905611,2025-10-20T19:49:20Z,1,-27.11334,158.94311,1,1355.8,1,34.529,1,3.749,1,1355.8,1,3.749,1,34.529,1
5905611,2025-10-20T19:49:20Z,1,-27.11334,158.94311,1,1357.5,1,34.53,1,3.743,1,1357.5,1,3.743,1,34.53,1
5905611,2025-10-20T19:49:20Z,1,-27.11334,158.94311,1,1359.0,1,34.53,1,3.738,1,1359.0,1,3.738,1,34.53,1
5905611,2025-10-20T19:49:20Z,1,-27.11334,158.94311,1,1361.2,1,34.531,1,3.725,1,1361.2,1,3.725,1,34.531,1
5905611,2025-10-20T19:49:20Z,1,-27.11334,158.94311,1,1363.3,1,34.532,1,3.714,1,1363.3,1,3.714,1,34.532,1
5905611,2025-10-20T19:49:20Z,1,-27.11334,158.94311,1,1365.4,1,34.534,1,3.699,1,1365.4,1,3.699,1,34.534,1
5905611,2025-10-20T19:49:20Z,1,-27.11334,158.94311,1,1367.5,1,34.534,1,3.691,1,1367.5,1,3.691,1,34.534,1
5905611,2025-10-20T19:49:20Z,1,-27.11334,158.94311,1,1369.6,1,34.536,1,3.675,1,1369.6,1,3.675,1,34.536,1
5905611,2025-10-20T19:49:20Z,1,-27.11334,158.94311,1,1371.8,1,34.536,1,3.669,1,1371.8,1,3.669,1,34.536,1
5905611,2025-10-20T19:49:20Z,1,-27.11334,158.94311,1,1373.4,1,34.536,1,3.668,1,1373.4,1,3.668,1,34.536,1
5905611,2025-10-20T19:49:20Z,1,-27.11334,158.94311,1,1375.0,1,34.537,1,3.658,1,1375.0,1,3.658,1,34.537,1
5905611,2025-10-20T19:49:20Z,1,-27.11334,158.94311,1,1377.1,1,34.538,1,3.645,1,1377.1,1,3.645,1,34.538,1
5905611,2025-10-20T19:49:20Z,1,-27.11334,158.94311,1,1379.2,1,34.54,1,3.629,1,1379.2,1,3.629,1,34.54,1
5905611,2025-10-20T19:49:20Z,1,-27.11334,158.94311,1,1381.3,1,34.539,1,3.622,1,1381.3,1,3.622,1,34.539,1
5905611,2025-10-20T19:49:20Z,1,-27.11334,158.94311,1,1383.5,1,34.539,1,3.619,1,1383.5,1,3.619,1,34.539,1
5905611,2025-10-20T19:49:20Z,1,-27.11334,158.94311,1,1385.6,1,34.54,1,3.613,1,1385.6,1,3.613,1,34.54,1
5905611,2025-10-20T19:49:20Z,1,-27.11334,158.94311,1,1387.8,1,34.541,1,3.597,1,1387.8,1,3.597,1,34.541,1
5905611,2025-10-20T19:49:20Z,1,-27.11334,158.94311,1,1389.4,1,34.542,1,3.587,1,1389.4,1,3.587,1,34.542,1
5905611,2025-10-20T19:49:20Z,1,-27.11334,158.94311,1,1391.0,1,34.542,1,3.581,1,1391.0,1,3.581,1,34.542,1
5905611,2025-10-20T19:49:20Z,1,-27.11334,158.94311,1,1393.1,1,34.544,1,3.567,1,1393.1,1,3.567,1,34.544,1
5905611,2025-10-20T19:49:20Z,1,-27.11334,158.94311,1,1395.2,1,34.546,1,3.551,1,1395.2,1,3.551,1,34.546,1
5905611,2025-10-20T19:49:20Z,1,-27.11334,158.94311,1,1397.4,1,34.545,1,3.546,1,1397.4,1,3.546,1,34.545,1
5905611,2025-10-20T19:49:20Z,1,-27.11334,158.94311,1,1399.5,1,34.546,1,3.54,1,1399.5,1,3.54,1,34.546,1
5905611,2025-10-20T19:49:20Z,1,-27.11334,158.94311,1,1401.7,1,34.547,1,3.533,1,1401.7,1,3.533,1,34.547,1
5905611,2025-10-20T19:49:20Z,1,-27.11334,158.94311,1,1403.8,1,34.547,1,3.525,1,1403.8,1,3.525,1,34.547,1
5905611,2025-10-20T19:49:20Z,1,-27.11334,158.94311,1,1405.5,1,34.548,1,3.521,1,1405.5,1,3.521,1,34.548,1
5905611,2025-10-20T19:49:20Z,1,-27.11334,158.94311,1,1407.0,1,34.548,1,3.518,1,1407.0,1,3.518,1,34.548,1
5905611,2025-10-20T19:49:20Z,1,-27.11334,158.94311,1,1409.2,1,34.548,1,3.514,1,1409.2,1,3.514,1,34.548,1
5905611,2025-10-20T19:49:20Z,1,-27.11334,158.94311,1,1411.2,1,34.549,1,3.505,1,1411.2,1,3.505,1,34.549,1
5905611,2025-10-20T19:49:20Z,1,-27.11334,158.94311,1,1413.4,1,34.549,1,3.501,1,1413.4,1,3.501,1,34.549,1
5905611,2025-10-20T19:49:20Z,1,-27.11334,158.94311,1,1415.5,1,34.549,1,3.496,1,1415.5,1,3.496,1,34.549,1
5905611,2025-10-20T19:49:20Z,1,-27.11334,158.94311,1,1417.6,1,34.551,1,3.485,1,1417.6,1,3.485,1,34.551,1
5905611,2025-10-20T19:49:20Z,1,-27.11334,158.94311,1,1419.7,1,34.551,1,3.48,1,1419.7,1,3.48,1,34.551,1
5905611,2025-10-20T19:49:20Z,1,-27.11334,158.94311,1,1421.4,1,34.551,1,3.476,1,1421.4,1,3.476,1,34.551,1
5905611,2025-10-20T19:49:20Z,1,-27.11334,158.94311,1,1423.0,1,34.552,1,3.471,1,1423.0,1,3.471,1,34.552,1
5905611,2025-10-20T19:49:20Z,1,-27.11334,158.94311,1,1425.1,1,34.552,1,3.467,1,1425.1,1,3.467,1,34.552,1
5905611,2025-10-20T19:49:20Z,1,-27.11334,158.94311,1,1427.2,1,34.552,1,3.462,1,1427.2,1,3.462,1,34.552,1
5905611,2025-10-20T19:49:20Z,1,-27.11334,158.94311,1,1429.4,1,34.553,1,3.453,1,1429.4,1,3.453,1,34.553,1
5905611,2025-10-20T19:49:20Z,1,-27.11334,158.94311,1,1431.5,1,34.555,1,3.43,1,1431.5,1,3.43,1,34.555,1
5905611,2025-10-20T19:49:20Z,1,-27.11334,158.94311,1,1433.7,1,34.556,1,3.42,1,1433.7,1,3.42,1,34.556,1
5905611,2025-10-20T19:49:20Z,1,-27.11334,158.94311,1,1435.8,1,34.556,1,3.412,1,1435.8,1,3.412,1,34.556,1
5905611,2025-10-20T19:49:20Z,1,-27.11334,158.94311,1,1437.9,1,34.557,1,3.409,1,1437.9,1,3.409,1,34.557,1
5905611,2025-10-20T19:49:20Z,1,-27.11334,158.94311,1,1439.9,1,34.557,1,3.407,1,1439.9,1,3.407,1,34.557,1
5905611,2025-10-20T19:49:20Z,1,-27.11334,158.94311,1,1441.5,1,34.556,1,3.408,1,1441.5,1,3.408,1,34.556,1
5905611,2025-10-20T19:49:20Z,1,-27.11334,158.94311,1,1443.2,1,34.557,1,3.402,1,1443.2,1,3.402,1,34.557,1
5905611,2025-10-20T19:49:20Z,1,-27.11334,158.94311,1,1445.3,1,34.558,1,3.39,1,1445.3,1,3.39,1,34.558,1
5905611,2025-10-20T19:49:20Z,1,-27.11334,158.94311,1,1447.3,1,34.559,1,3.377,1,1447.3,1,3.377,1,34.559,1
5905611,2025-10-20T19:49:20Z,1,-27.11334,158.94311,1,1449.3,1,34.56,1,3.365,1,1449.3,1,3.365,1,34.56,1
5905611,2025-10-20T19:49:20Z,1,-27.11334,158.94311,1,1451.4,1,34.561,1,3.361,1,1451.4,1,3.361,1,34.561,1
5905611,2025-10-20T19:49:20Z,1,-27.11334,158.94311,1,1453.5,1,34.561,1,3.359,1,1453.5,1,3.359,1,34.561,1
5905611,2025-10-20T19:49:20Z,1,-27.11334,158.94311,1,1455.6,1,34.561,1,3.358,1,1455.6,1,3.358,1,34.561,1
5905611,2025-10-20T19:49:20Z,1,-27.11334,158.94311,1,1457.3,1,34.561,1,3.351,1,1457.3,1,3.351,1,34.561,1
5905611,2025-10-20T19:49:20Z,1,-27.11334,158.94311,1,1459.3,1,34.562,1,3.337,1,1459.3,1,3.337,1,34.562,1
5905611,2025-10-20T19:49:20Z,1,-27.11334,158.94311,1,1461.4,1,34.564,1,3.319,1,1461.4,1,3.319,1,34.564,1
5905611,2025-10-20T19:49:20Z,1,-27.11334,158.94311,1,1463.5,1,34.564,1,3.312,1,1463.5,1,3.312,1,34.564,1
5905611,2025-10-20T19:49:20Z,1,-27.11334,158.94311,1,1465.7,1,34.565,1,3.304,1,1465.7,1,3.304,1,34.565,1
5905611,2025-10-20T19:49:20Z,1,-27.11334,158.94311,1,1467.4,1,34.566,1,3.303,1,1467.4,1,3.303,1,34.566,1
5905611,2025-10-20T19:49:20Z,1,-27.11334,158.94311,1,1469.5,1,34.565,1,3.301,1,1469.5,1,3.301,1,34.565,1
5905611,2025-10-20T19:49:20Z,1,-27.11334,158.94311,1,1471.7,1,34.565,1,3.3,1,1471.7,1,3.3,1,34.565,1
5905611,2025-10-20T19:49:20Z,1,-27.11334,158.94311,1,1473.4,1,34.566,1,3.297,1,1473.4,1,3.297,1,34.566,1
5905611,2025-10-20T19:49:20Z,1,-27.11334,158.94311,1,1475.5,1,34.566,1,3.296,1,1475.5,1,3.296,1,34.566,1
5905611,2025-10-20T19:49:20Z,1,-27.11334,158.94311,1,1477.6,1,34.566,1,3.295,1,1477.6,1,3.295,1,34.566,1
5905611,2025-10-20T19:49:20Z,1,-27.11334,158.94311,1,1479.3,1,34.566,1,3.294,1,1479.3,1,3.294,1,34.566,1
5905611,2025-10-20T19:49:20Z,1,-27.11334,158.94311,1,1481.4,1,34.567,1,3.288,1,1481.4,1,3.288,1,34.567,1
5905611,2025-10-20T19:49:20Z,1,-27.11334,158.94311,1,1483.6,1,34.568,1,3.277,1,1483.6,1,3.277,1,34.568,1
5905611,2025-10-20T19:49:20Z,1,-27.11334,158.94311,1,1485.3,1,34.568,1,3.274,1,1485.3,1,3.274,1,34.568,1
5905611,2025-10-20T19:49:20Z,1,-27.11334,158.94311,1,1487.1,1,34.568,1,3.271,1,1487.1,1,3.271,1,34.568,1
5905611,2025-10-20T19:49:20Z,1,-27.11334,158.94311,1,1489.3,1,34.568,1,3.27,1,1489.3,1,3.27,1,34.568,1
5905611,2025-10-20T19:49:20Z,1,-27.11334,158.94311,1,1491.5,1,34.568,1,3.267,1,1491.5,1,3.267,1,34.568,1
5905611,2025-10-20T19:49:20Z,1,-27.11334,158.94311,1,1493.3,1,34.568,1,3.265,1,1493.3,1,3.265,1,34.568,1
5905611,2025-10-20T19:49:20Z,1,-27.11334,158.94311,1,1495.1,1,34.569,1,3.254,1,1495.1,1,3.254,1,34.569,1
5905611,2025-10-20T19:49:20Z,1,-27.11334,158.94311,1,1497.4,1,34.57,1,3.249,1,1497.4,1,3.249,1,34.57,1
5905611,2025-10-20T19:49:20Z,1,-27.11334,158.94311,1,1499.7,1,34.571,1,3.236,1,1499.7,1,3.236,1,34.571,1
5905611,2025-10-20T19:49:20Z,1,-27.11334,158.94311,1,1501.5,1,34.572,1,3.229,1,1501.5,1,3.229,1,34.572,1
5905611,2025-10-20T19:49:20Z,1,-27.11334,158.94311,1,1503.3,1,34.572,1,3.224,1,1503.3,1,3.224,1,34.572,1
5905611,2025-10-20T19:49:20Z,1,-27.11334,158.94311,1,1505.1,1,34.572,1,3.222,1,1505.1,1,3.222,1,34.572,1
5905611,2025-10-20T19:49:20Z,1,-27.11334,158.94311,1,1507.4,1,34.574,1,3.207,1,1507.4,1,3.207,1,34.574,1
5905611,2025-10-20T19:49:20Z,1,-27.11334,158.94311,1,1509.7,1,34.574,1,3.202,1,1509.7,1,3.202,1,34.574,1
5905611,2025-10-20T19:49:20Z,1,-27.11334,158.94311,1,1511.6,1,34.575,1,3.197,1,1511.6,1,3.197,1,34.575,1
5905611,2025-10-20T19:49:20Z,1,-27.11334,158.94311,1,1513.5,1,34.576,1,3.192,1,1513.5,1,3.192,1,34.576,1
5905611,2025-10-20T19:49:20Z,1,-27.11334,158.94311,1,1515.3,1,34.575,1,3.188,1,1515.3,1,3.188,1,34.575,1
5905611,2025-10-20T19:49:20Z,1,-27.11334,158.94311,1,1517.2,1,34.576,1,3.182,1,1517.2,1,3.182,1,34.576,1
5905611,2025-10-20T19:49:20Z,1,-27.11334,158.94311,1,1519.1,1,34.577,1,3.174,1,1519.1,1,3.174,1,34.577,1
5905611,2025-10-20T19:49:20Z,1,-27.11334,158.94311,1,1521.4,1,34.578,1,3.162,1,1521.4,1,3.162,1,34.578,1
5905611,2025-10-20T19:49:20Z,1,-27.11334,158.94311,1,1523.9,1,34.578,1,3.155,1,1523.9,1,3.155,1,34.578,1
5905611,2025-10-20T19:49:20Z,1,-27.11334,158.94311,1,1525.8,1,34.579,1,3.147,1,1525.8,1,3.147,1,34.579,1
5905611,2025-10-20T19:49:20Z,1,-27.11334,158.94311,1,1527.7,1,34.58,1,3.136,1,1527.7,1,3.136,1,34.58,1
5905611,2025-10-20T19:49:20Z,1,-27.11334,158.94311,1,1529.6,1,34.581,1,3.131,1,1529.6,1,3.131,1,34.581,1
5905611,2025-10-20T19:49:20Z,1,-27.11334,158.94311,1,1531.5,1,34.581,1,3.126,1,1531.5,1,3.126,1,34.581,1
5905611,2025-10-20T19:49:20Z,1,-27.11334,158.94311,1,1533.4,1,34.582,1,3.123,1,1533.4,1,3.123,1,34.582,1
5905611,2025-10-20T19:49:20Z,1,-27.11334,158.94311,1,1535.4,1,34.582,1,3.116,1,1535.4,1,3.116,1,34.582,1
5905611,2025-10-20T19:49:20Z,1,-27.11334,158.94311,1,1537.3,1,34.582,1,3.11,1,1537.3,1,3.11,1,34.582,1
5905611,2025-10-20T19:49:20Z,1,-27.11334,158.94311,1,1539.2,1,34.583,1,3.102,1,1539.2,1,3.102,1,34.583,1
5905611,2025-10-20T19:49:20Z,1,-27.11334,158.94311,1,1541.2,1,34.584,1,3.096,1,1541.2,1,3.096,1,34.584,1
5905611,2025-10-20T19:49:20Z,1,-27.11334,158.94311,1,1543.1,1,34.584,1,3.092,1,1543.1,1,3.092,1,34.584,1
5905611,2025-10-20T19:49:20Z,1,-27.11334,158.94311,1,1545.1,1,34.584,1,3.087,1,1545.1,1,3.087,1,34.584,1
5905611,2025-10-20T19:49:20Z,1,-27.11334,158.94311,1,1547.0,1,34.585,1,3.083,1,1547.0,1,3.083,1,34.585,1
5905611,2025-10-20T19:49:20Z,1,-27.11334,158.94311,1,1549.0,1,34.585,1,3.069,1,1549.0,1,3.069,1,34.585,1
5905611,2025-10-20T19:49:20Z,1,-27.11334,158.94311,1,1551.0,1,34.587,1,3.05,1,1551.0,1,3.05,1,34.587,1
5905611,2025-10-20T19:49:20Z,1,-27.11334,158.94311,1,1553.0,1,34.589,1,3.038,1,1553.0,1,3.038,1,34.589,1
5905611,2025-10-20T19:49:20Z,1,-27.11334,158.94311,1,1555.1,1,34.59,1,3.028,1,1555.1,1,3.028,1,34.59,1
5905611,2025-10-20T19:49:20Z,1,-27.11334,158.94311,1,1557.1,1,34.591,1,3.025,1,1557.1,1,3.025,1,34.591,1
5905611,2025-10-20T19:49:20Z,1,-27.11334,158.94311,1,1559.1,1,34.591,1,3.019,1,1559.1,1,3.019,1,34.591,1
5905611,2025-10-20T19:49:20Z,1,-27.11334,158.94311,1,1561.1,1,34.591,1,3.017,1,1561.1,1,3.017,1,34.591,1
5905611,2025-10-20T19:49:20Z,1,-27.11334,158.94311,1,1563.1,1,34.591,1,3.014,1,1563.1,1,3.014,1,34.591,1
5905611,2025-10-20T19:49:20Z,1,-27.11334,158.94311,1,1565.1,1,34.592,1,3.011,1,1565.1,1,3.011,1,34.592,1
5905611,2025-10-20T19:49:20Z,1,-27.11334,158.94311,1,1567.2,1,34.591,1,3.01,1,1567.2,1,3.01,1,34.591,1
5905611,2025-10-20T19:49:20Z,1,-27.11334,158.94311,1,1569.1,1,34.592,1,3.007,1,1569.1,1,3.007,1,34.592,1
5905611,2025-10-20T19:49:20Z,1,-27.11334,158.94311,1,1571.4,1,34.592,1,3.003,1,1571.4,1,3.003,1,34.592,1
5905611,2025-10-20T19:49:20Z,1,-27.11334,158.94311,1,1573.3,1,34.592,1,3.0,1,1573.3,1,3.0,1,34.592,1
5905611,2025-10-20T19:49:20Z,1,-27.11334,158.94311,1,1575.3,1,34.594,1,2.989,1,1575.3,1,2.989,1,34.594,1
5905611,2025-10-20T19:49:20Z,1,-27.11334,158.94311,1,1577.6,1,34.594,1,2.983,1,1577.6,1,2.983,1,34.594,1
5905611,2025-10-20T19:49:20Z,1,-27.11334,158.94311,1,1579.6,1,34.594,1,2.981,1,1579.6,1,2.981,1,34.594,1
5905611,2025-10-20T19:49:20Z,1,-27.11334,158.94311,1,1581.3,1,34.595,1,2.976,1,1581.3,1,2.976,1,34.595,1
5905611,2025-10-20T19:49:20Z,1,-27.11334,158.94311,1,1583.3,1,34.595,1,2.971,1,1583.3,1,2.971,1,34.595,1
5905611,2025-10-20T19:49:20Z,1,-27.11334,158.94311,1,1585.3,1,34.595,1,2.968,1,1585.3,1,2.968,1,34.595,1
5905611,2025-10-20T19:49:20Z,1,-27.11334,158.94311,1,1587.3,1,34.596,1,2.961,1,1587.3,1,2.961,1,34.596,1
5905611,2025-10-20T19:49:20Z,1,-27.11334,158.94311,1,1589.3,1,34.597,1,2.955,1,1589.3,1,2.955,1,34.597,1
5905611,2025-10-20T19:49:20Z,1,-27.11334,158.94311,1,1591.3,1,34.597,1,2.949,1,1591.3,1,2.949,1,34.597,1
5905611,2025-10-20T19:49:20Z,1,-27.11334,158.94311,1,1593.4,1,34.598,1,2.944,1,1593.4,1,2.944,1,34.598,1
5905611,2025-10-20T19:49:20Z,1,-27.11334,158.94311,1,1595.5,1,34.598,1,2.938,1,1595.5,1,2.938,1,34.598,1
5905611,2025-10-20T19:49:20Z,1,-27.11334,158.94311,1,1597.7,1,34.599,1,2.935,1,1597.7,1,2.935,1,34.599,1
5905611,2025-10-20T19:49:20Z,1,-27.11334,158.94311,1,1599.4,1,34.599,1,2.934,1,1599.4,1,2.934,1,34.599,1
5905611,2025-10-20T19:49:20Z,1,-27.11334,158.94311,1,1601.5,1,34.599,1,2.932,1,1601.5,1,2.932,1,34.599,1
5905611,2025-10-20T19:49:20Z,1,-27.11334,158.94311,1,1603.7,1,34.599,1,2.926,1,1603.7,1,2.926,1,34.599,1
5905611,2025-10-20T19:49:20Z,1,-27.11334,158.94311,1,1605.3,1,34.6,1,2.924,1,1605.3,1,2.924,1,34.6,1
5905611,2025-10-20T19:49:20Z,1,-27.11334,158.94311,1,1607.5,1,34.6,1,2.92,1,1607.5,1,2.92,1,34.6,1
5905611,2025-10-20T19:49:20Z,1,-27.11334,158.94311,1,1609.7,1,34.6,1,2.919,1,1609.7,1,2.919,1,34.6,1
5905611,2025-10-20T19:49:20Z,1,-27.11334,158.94311,1,1611.4,1,34.6,1,2.919,1,1611.4,1,2.919,1,34.6,1
5905611,2025-10-20T19:49:20Z,1,-27.11334,158.94311,1,1613.2,1,34.6,1,2.919,1,1613.2,1,2.919,1,34.6,1
5905611,2025-10-20T19:49:20Z,1,-27.11334,158.94311,1,1615.4,1,34.6,1,2.915,1,1615.4,1,2.915,1,34.6,1
5905611,2025-10-20T19:49:20Z,1,-27.11334,158.94311,1,1617.6,1,34.601,1,2.912,1,1617.6,1,2.912,1,34.601,1
5905611,2025-10-20T19:49:20Z,1,-27.11334,158.94311,1,1619.4,1,34.601,1,2.905,1,1619.4,1,2.905,1,34.601,1
5905611,2025-10-20T19:49:20Z,1,-27.11334,158.94311,1,1621.1,1,34.602,1,2.903,1,1621.1,1,2.903,1,34.602,1
5905611,2025-10-20T19:49:20Z,1,-27.11334,158.94311,1,1623.3,1,34.602,1,2.901,1,1623.3,1,2.901,1,34.602,1
5905611,2025-10-20T19:49:20Z,1,-27.11334,158.94311,1,1625.5,1,34.603,1,2.893,1,1625.5,1,2.893,1,34.603,1
5905611,2025-10-20T19:49:20Z,1,-27.11334,158.94311,1,1627.2,1,34.604,1,2.88,1,1627.2,1,2.88,1,34.604,1
5905611,2025-10-20T19:49:20Z,1,-27.11334,158.94311,1,1629.5,1,34.605,1,2.873,1,1629.5,1,2.873,1,34.605,1
5905611,2025-10-20T19:49:20Z,1,-27.11334,158.94311,1,1631.7,1,34.605,1,2.87,1,1631.7,1,2.87,1,34.605,1
5905611,2025-10-20T19:49:20Z,1,-27.11334,158.94311,1,1633.5,1,34.605,1,2.869,1,1633.5,1,2.869,1,34.605,1
5905611,2025-10-20T19:49:20Z,1,-27.11334,158.94311,1,1635.4,1,34.605,1,2.865,1,1635.4,1,2.865,1,34.605,1
5905611,2025-10-20T19:49:20Z,1,-27.11334,158.94311,1,1637.2,1,34.606,1,2.861,1,1637.2,1,2.861,1,34.606,1
5905611,2025-10-20T19:49:20Z,1,-27.11334,158.94311,1,1639.1,1,34.606,1,2.858,1,1639.1,1,2.858,1,34.606,1
5905611,2025-10-20T19:49:20Z,1,-27.11334,158.94311,1,1641.4,1,34.606,1,2.857,1,1641.4,1,2.857,1,34.606,1
5905611,2025-10-20T19:49:20Z,1,-27.11334,158.94311,1,1643.7,1,34.606,1,2.855,1,1643.7,1,2.855,1,34.606,1
5905611,2025-10-20T19:49:20Z,1,-27.11334,158.94311,1,1645.5,1,34.607,1,2.852,1,1645.5,1,2.852,1,34.607,1
5905611,2025-10-20T19:49:20Z,1,-27.11334,158.94311,1,1647.4,1,34.607,1,2.848,1,1647.4,1,2.848,1,34.607,1
5905611,2025-10-20T19:49:20Z,1,-27.11334,158.94311,1,1649.2,1,34.607,1,2.846,1,1649.2,1,2.846,1,34.607,1
5905611,2025-10-20T19:49:20Z,1,-27.11334,158.94311,1,1651.0,1,34.607,1,2.846,1,1651.0,1,2.846,1,34.607,1
5905611,2025-10-20T19:49:20Z,1,-27.11334,158.94311,1,1653.4,1,34.607,1,2.845,1,1653.4,1,2.845,1,34.607,1
5905611,2025-10-20T19:49:20Z,1,-27.11334,158.94311,1,1655.7,1,34.607,1,2.842,1,1655.7,1,2.842,1,34.607,1
5905611,2025-10-20T19:49:20Z,1,-27.11334,158.94311,1,1657.5,1,34.608,1,2.837,1,1657.5,1,2.837,1,34.608,1
5905611,2025-10-20T19:49:20Z,1,-27.11334,158.94311,1,1659.4,1,34.608,1,2.834,1,1659.4,1,2.834,1,34.608,1
5905611,2025-10-20T19:49:20Z,1,-27.11334,158.94311,1,1661.3,1,34.609,1,2.831,1,1661.3,1,2.831,1,34.609,1
5905611,2025-10-20T19:49:20Z,1,-27.11334,158.94311,1,1663.2,1,34.609,1,2.83,1,1663.2,1,2.83,1,34.609,1
5905611,2025-10-20T19:49:20Z,1,-27.11334,158.94311,1,1665.5,1,34.609,1,2.825,1,1665.5,1,2.825,1,34.609,1
5905611,2025-10-20T19:49:20Z,1,-27.11334,158.94311,1,1667.8,1,34.61,1,2.822,1,1667.8,1,2.822,1,34.61,1
5905611,2025-10-20T19:49:20Z,1,-27.11334,158.94311,1,1669.7,1,34.61,1,2.818,1,1669.7,1,2.818,1,34.61,1
5905611,2025-10-20T19:49:20Z,1,-27.11334,158.94311,1,1671.5,1,34.61,1,2.815,1,1671.5,1,2.815,1,34.61,1
5905611,2025-10-20T19:49:20Z,1,-27.11334,158.94311,1,1673.4,1,34.61,1,2.813,1,1673.4,1,2.813,1,34.61,1
5905611,2025-10-20T19:49:20Z,1,-27.11334,158.94311,1,1675.3,1,34.611,1,2.812,1,1675.3,1,2.812,1,34.611,1
5905611,2025-10-20T19:49:20Z,1,-27.11334,158.94311,1,1677.1,1,34.61,1,2.811,1,1677.1,1,2.811,1,34.61,1
5905611,2025-10-20T19:49:20Z,1,-27.11334,158.94311,1,1679.0,1,34.611,1,2.809,1,1679.0,1,2.809,1,34.611,1
5905611,2025-10-20T19:49:20Z,1,-27.11334,158.94311,1,1681.4,1,34.611,1,2.806,1,1681.4,1,2.806,1,34.611,1
5905611,2025-10-20T19:49:20Z,1,-27.11334,158.94311,1,1683.6,1,34.611,1,2.801,1,1683.6,1,2.801,1,34.611,1
5905611,2025-10-20T19:49:20Z,1,-27.11334,158.94311,1,1685.5,1,34.612,1,2.792,1,1685.5,1,2.792,1,34.612,1
5905611,2025-10-20T19:49:20Z,1,-27.11334,158.94311,1,1687.5,1,34.612,1,2.789,1,1687.5,1,2.789,1,34.612,1
5905611,2025-10-20T19:49:20Z,1,-27.11334,158.94311,1,1689.5,1,34.613,1,2.785,1,1689.5,1,2.785,1,34.613,1
5905611,2025-10-20T19:49:20Z,1,-27.11334,158.94311,1,1691.4,1,34.614,1,2.781,1,1691.4,1,2.781,1,34.614,1
5905611,2025-10-20T19:49:20Z,1,-27.11334,158.94311,1,1693.4,1,34.613,1,2.781,1,1693.4,1,2.781,1,34.613,1
5905611,2025-10-20T19:49:20Z,1,-27.11334,158.94311,1,1695.3,1,34.614,1,2.779,1,1695.3,1,2.779,1,34.614,1
5905611,2025-10-20T19:49:20Z,1,-27.11334,158.94311,1,1697.3,1,34.614,1,2.775,1,1697.3,1,2.775,1,34.614,1
5905611,2025-10-20T19:49:20Z,1,-27.11334,158.94311,1,1699.2,1,34.615,1,2.77,1,1699.2,1,2.77,1,34.615,1
5905611,2025-10-20T19:49:20Z,1,-27.11334,158.94311,1,1701.2,1,34.616,1,2.76,1,1701.2,1,2.76,1,34.616,1
5905611,2025-10-20T19:49:20Z,1,-27.11334,158.94311,1,1703.1,1,34.616,1,2.759,1,1703.1,1,2.759,1,34.616,1
5905611,2025-10-20T19:49:20Z,1,-27.11334,158.94311,1,1705.1,1,34.616,1,2.757,1,1705.1,1,2.757,1,34.616,1
5905611,2025-10-20T19:49:20Z,1,-27.11334,158.94311,1,1707.0,1,34.617,1,2.753,1,1707.0,1,2.753,1,34.617,1
5905611,2025-10-20T19:49:20Z,1,-27.11334,158.94311,1,1708.9,1,34.617,1,2.746,1,1708.9,1,2.746,1,34.617,1
5905611,2025-10-20T19:49:20Z,1,-27.11334,158.94311,1,1711.0,1,34.619,1,2.736,1,1711.0,1,2.736,1,34.619,1
5905611,2025-10-20T19:49:20Z,1,-27.11334,158.94311,1,1713.0,1,34.618,1,2.733,1,1713.0,1,2.733,1,34.618,1
5905611,2025-10-20T19:49:20Z,1,-27.11334,158.94311,1,1715.4,1,34.619,1,2.731,1,1715.4,1,2.731,1,34.619,1
5905611,2025-10-20T19:49:20Z,1,-27.11334,158.94311,1,1717.9,1,34.619,1,2.73,1,1717.9,1,2.73,1,34.619,1
5905611,2025-10-20T19:49:20Z,1,-27.11334,158.94311,1,1719.5,1,34.619,1,2.729,1,1719.5,1,2.729,1,34.619,1
5905611,2025-10-20T19:49:20Z,1,-27.11334,158.94311,1,1721.0,1,34.619,1,2.725,1,1721.0,1,2.725,1,34.619,1
5905611,2025-10-20T19:49:20Z,1,-27.11334,158.94311,1,1723.0,1,34.62,1,2.723,1,1723.0,1,2.723,1,34.62,1
5905611,2025-10-20T19:49:20Z,1,-27.11334,158.94311,1,1725.0,1,34.62,1,2.722,1,1725.0,1,2.722,1,34.62,1
5905611,2025-10-20T19:49:20Z,1,-27.11334,158.94311,1,1727.0,1,34.62,1,2.72,1,1727.0,1,2.72,1,34.62,1
5905611,2025-10-20T19:49:20Z,1,-27.11334,158.94311,1,1729.0,1,34.62,1,2.718,1,1729.0,1,2.718,1,34.62,1
5905611,2025-10-20T19:49:20Z,1,-27.11334,158.94311,1,1731.0,1,34.621,1,2.716,1,1731.0,1,2.716,1,34.621,1
5905611,2025-10-20T19:49:20Z,1,-27.11334,158.94311,1,1733.0,1,34.62,1,2.715,1,1733.0,1,2.715,1,34.62,1
5905611,2025-10-20T19:49:20Z,1,-27.11334,158.94311,1,1735.0,1,34.621,1,2.712,1,1735.0,1,2.712,1,34.621,1
5905611,2025-10-20T19:49:20Z,1,-27.11334,158.94311,1,1737.0,1,34.621,1,2.71,1,1737.0,1,2.71,1,34.621,1
5905611,2025-10-20T19:49:20Z,1,-27.11334,158.94311,1,1739.0,1,34.621,1,2.708,1,1739.0,1,2.708,1,34.621,1
5905611,2025-10-20T19:49:20Z,1,-27.11334,158.94311,1,1741.0,1,34.621,1,2.704,1,1741.0,1,2.704,1,34.621,1
5905611,2025-10-20T19:49:20Z,1,-27.11334,158.94311,1,1743.0,1,34.622,1,2.701,1,1743.0,1,2.701,1,34.622,1
5905611,2025-10-20T19:49:20Z,1,-27.11334,158.94311,1,1745.0,1,34.622,1,2.699,1,1745.0,1,2.699,1,34.622,1
5905611,2025-10-20T19:49:20Z,1,-27.11334,158.94311,1,1747.0,1,34.622,1,2.696,1,1747.0,1,2.696,1,34.622,1
5905611,2025-10-20T19:49:20Z,1,-27.11334,158.94311,1,1749.0,1,34.623,1,2.694,1,1749.0,1,2.694,1,34.623,1
5905611,2025-10-20T19:49:20Z,1,-27.11334,158.94311,1,1751.4,1,34.623,1,2.689,1,1751.4,1,2.689,1,34.623,1
5905611,2025-10-20T19:49:20Z,1,-27.11334,158.94311,1,1753.9,1,34.624,1,2.684,1,1753.9,1,2.684,1,34.624,1
5905611,2025-10-20T19:49:20Z,1,-27.11334,158.94311,1,1755.9,1,34.624,1,2.681,1,1755.9,1,2.681,1,34.624,1
5905611,2025-10-20T19:49:20Z,1,-27.11334,158.94311,1,1757.9,1,34.625,1,2.678,1,1757.9,1,2.678,1,34.625,1
5905611,2025-10-20T19:49:20Z,1,-27.11334,158.94311,1,1759.9,1,34.624,1,2.678,1,1759.9,1,2.678,1,34.624,1
5905611,2025-10-20T19:49:20Z,1,-27.11334,158.94311,1,1761.9,1,34.625,1,2.677,1,1761.9,1,2.677,1,34.625,1
5905611,2025-10-20T19:49:20Z,1,-27.11334,158.94311,1,1763.9,1,34.624,1,2.675,1,1763.9,1,2.675,1,34.624,1
5905611,2025-10-20T19:49:20Z,1,-27.11334,158.94311,1,1765.9,1,34.625,1,2.669,1,1765.9,1,2.669,1,34.625,1
5905611,2025-10-20T19:49:20Z,1,-27.11334,158.94311,1,1767.9,1,34.625,1,2.667,1,1767.9,1,2.667,1,34.625,1
5905611,2025-10-20T19:49:20Z,1,-27.11334,158.94311,1,1769.9,1,34.626,1,2.664,1,1769.9,1,2.664,1,34.626,1
5905611,2025-10-20T19:49:20Z,1,-27.11334,158.94311,1,1771.9,1,34.627,1,2.661,1,1771.9,1,2.661,1,34.627,1
5905611,2025-10-20T19:49:20Z,1,-27.11334,158.94311,1,1773.9,1,34.626,1,2.657,1,1773.9,1,2.657,1,34.626,1
5905611,2025-10-20T19:49:20Z,1,-27.11334,158.94311,1,1775.5,1,34.627,1,2.657,1,1775.5,1,2.657,1,34.627,1
5905611,2025-10-20T19:49:20Z,1,-27.11334,158.94311,1,1777.0,1,34.627,1,2.656,1,1777.0,1,2.656,1,34.627,1
5905611,2025-10-20T19:49:20Z,1,-27.11334,158.94311,1,1779.4,1,34.627,1,2.654,1,1779.4,1,2.654,1,34.627,1
5905611,2025-10-20T19:49:20Z,1,-27.11334,158.94311,1,1781.4,1,34.626,1,2.652,1,1781.4,1,2.652,1,34.626,1
5905611,2025-10-20T19:49:20Z,1,-27.11334,158.94311,1,1782.9,1,34.627,1,2.648,1,1782.9,1,2.648,1,34.627,1
5905611,2025-10-20T19:49:20Z,1,-27.11334,158.94311,1,1785.4,1,34.628,1,2.646,1,1785.4,1,2.646,1,34.628,1
5905611,2025-10-20T19:49:20Z,1,-27.11334,158.94311,1,1787.9,1,34.628,1,2.645,1,1787.9,1,2.645,1,34.628,1
5905611,2025-10-20T19:49:20Z,1,-27.11334,158.94311,1,1789.4,1,34.628,1,2.644,1,1789.4,1,2.644,1,34.628,1
5905611,2025-10-20T19:49:20Z,1,-27.11334,158.94311,1,1791.0,1,34.628,1,2.642,1,1791.0,1,2.642,1,34.628,1
5905611,2025-10-20T19:49:20Z,1,-27.11334,158.94311,1,1793.0,1,34.629,1,2.635,1,1793.0,1,2.635,1,34.629,1
5905611,2025-10-20T19:49:20Z,1,-27.11334,158.94311,1,1795.0,1,34.629,1,2.631,1,1795.0,1,2.631,1,34.629,1
5905611,2025-10-20T19:49:20Z,1,-27.11334,158.94311,1,1797.0,1,34.63,1,2.628,1,1797.0,1,2.628,1,34.63,1
5905611,2025-10-20T19:49:20Z,1,-27.11334,158.94311,1,1799.0,1,34.631,1,2.623,1,1799.0,1,2.623,1,34.631,1
5905611,2025-10-20T19:49:20Z,1,-27.11334,158.94311,1,1801.1,1,34.631,1,2.62,1,1801.1,1,2.62,1,34.631,1
5905611,2025-10-20T19:49:20Z,1,-27.11334,158.94311,1,1803.1,1,34.631,1,2.616,1,1803.1,1,2.616,1,34.631,1
5905611,2025-10-20T19:49:20Z,1,-27.11334,158.94311,1,1805.1,1,34.631,1,2.614,1,1805.1,1,2.614,1,34.631,1
5905611,2025-10-20T19:49:20Z,1,-27.11334,158.94311,1,1807.1,1,34.632,1,2.613,1,1807.1,1,2.613,1,34.632,1
5905611,2025-10-20T19:49:20Z,1,-27.11334,158.94311,1,1809.2,1,34.631,1,2.613,1,1809.2,1,2.613,1,34.631,1
5905611,2025-10-20T19:49:20Z,1,-27.11334,158.94311,1,1811.2,1,34.631,1,2.613,1,1811.2,1,2.613,1,34.631,1
5905611,2025-10-20T19:49:20Z,1,-27.11334,158.94311,1,1813.2,1,34.632,1,2.609,1,1813.2,1,2.609,1,34.632,1
5905611,2025-10-20T19:49:20Z,1,-27.11334,158.94311,1,1815.3,1,34.632,1,2.603,1,1815.3,1,2.603,1,34.632,1
5905611,2025-10-20T19:49:20Z,1,-27.11334,158.94311,1,1817.3,1,34.632,1,2.6,1,1817.3,1,2.6,1,34.632,1
5905611,2025-10-20T19:49:20Z,1,-27.11334,158.94311,1,1819.4,1,34.633,1,2.596,1,1819.4,1,2.596,1,34.633,1
5905611,2025-10-20T19:49:20Z,1,-27.11334,158.94311,1,1821.5,1,34.633,1,2.595,1,1821.5,1,2.595,1,34.633,1
5905611,2025-10-20T19:49:20Z,1,-27.11334,158.94311,1,1823.6,1,34.634,1,2.592,1,1823.6,1,2.592,1,34.634,1
5905611,2025-10-20T19:49:20Z,1,-27.11334,158.94311,1,1825.7,1,34.633,1,2.591,1,1825.7,1,2.591,1,34.633,1
5905611,2025-10-20T19:49:20Z,1,-27.11334,158.94311,1,1827.7,1,34.634,1,2.588,1,1827.7,1,2.588,1,34.634,1
5905611,2025-10-20T19:49:20Z,1,-27.11334,158.94311,1,1829.8,1,34.634,1,2.589,1,1829.8,1,2.589,1,34.634,1
5905611,2025-10-20T19:49:20Z,1,-27.11334,158.94311,1,1831.8,1,34.635,1,2.584,1,1831.8,1,2.584,1,34.635,1
5905611,2025-10-20T19:49:20Z,1,-27.11334,158.94311,1,1833.8,1,34.635,1,2.583,1,1833.8,1,2.583,1,34.635,1
5905611,2025-10-20T19:49:20Z,1,-27.11334,158.94311,1,1835.9,1,34.635,1,2.582,1,1835.9,1,2.582,1,34.635,1
5905611,2025-10-20T19:49:20Z,1,-27.11334,158.94311,1,1837.5,1,34.635,1,2.582,1,1837.5,1,2.582,1,34.635,1
5905611,2025-10-20T19:49:20Z,1,-27.11334,158.94311,1,1839.0,1,34.635,1,2.58,1,1839.0,1,2.58,1,34.635,1
5905611,2025-10-20T19:49:20Z,1,-27.11334,158.94311,1,1841.1,1,34.636,1,2.574,1,1841.1,1,2.574,1,34.636,1
5905611,2025-10-20T19:49:20Z,1,-27.11334,158.94311,1,1843.2,1,34.636,1,2.57,1,1843.2,1,2.57,1,34.636,1
5905611,2025-10-20T19:49:20Z,1,-27.11334,158.94311,1,1845.2,1,34.637,1,2.567,1,1845.2,1,2.567,1,34.637,1
5905611,2025-10-20T19:49:20Z,1,-27.11334,158.94311,1,1847.4,1,34.637,1,2.564,1,1847.4,1,2.564,1,34.637,1
5905611,2025-10-20T19:49:20Z,1,-27.11334,158.94311,1,1849.4,1,34.637,1,2.563,1,1849.4,1,2.563,1,34.637,1
5905611,2025-10-20T19:49:20Z,1,-27.11334,158.94311,1,1851.4,1,34.638,1,2.562,1,1851.4,1,2.562,1,34.638,1
5905611,2025-10-20T19:49:20Z,1,-27.11334,158.94311,1,1853.5,1,34.638,1,2.561,1,1853.5,1,2.561,1,34.638,1
5905611,2025-10-20T19:49:20Z,1,-27.11334,158.94311,1,1855.5,1,34.637,1,2.561,1,1855.5,1,2.561,1,34.637,1
5905611,2025-10-20T19:49:20Z,1,-27.11334,158.94311,1,1857.6,1,34.637,1,2.559,1,1857.6,1,2.559,1,34.637,1
5905611,2025-10-20T19:49:20Z,1,-27.11334,158.94311,1,1859.6,1,34.638,1,2.556,1,1859.6,1,2.556,1,34.638,1
5905611,2025-10-20T19:49:20Z,1,-27.11334,158.94311,1,1861.7,1,34.637,1,2.553,1,1861.7,1,2.553,1,34.637,1
5905611,2025-10-20T19:49:20Z,1,-27.11334,158.94311,1,1863.7,1,34.639,1,2.548,1,1863.7,1,2.548,1,34.639,1
5905611,2025-10-20T19:49:20Z,1,-27.11334,158.94311,1,1865.8,1,34.639,1,2.542,1,1865.8,1,2.542,1,34.639,1
5905611,2025-10-20T19:49:20Z,1,-27.11334,158.94311,1,1867.9,1,34.639,1,2.54,1,1867.9,1,2.54,1,34.639,1
5905611,2025-10-20T19:49:20Z,1,-27.11334,158.94311,1,1869.9,1,34.64,1,2.537,1,1869.9,1,2.537,1,34.64,1
5905611,2025-10-20T19:49:20Z,1,-27.11334,158.94311,1,1871.4,1,34.64,1,2.535,1,1871.4,1,2.535,1,34.64,1
5905611,2025-10-20T19:49:20Z,1,-27.11334,158.94311,1,1873.0,1,34.64,1,2.533,1,1873.0,1,2.533,1,34.64,1
5905611,2025-10-20T19:49:20Z,1,-27.11334,158.94311,1,1875.1,1,34.64,1,2.531,1,1875.1,1,2.531,1,34.64,1
5905611,2025-10-20T19:49:20Z,1,-27.11334,158.94311,1,1877.2,1,34.641,1,2.526,1,1877.2,1,2.526,1,34.641,1
5905611,2025-10-20T19:49:20Z,1,-27.11334,158.94311,1,1879.3,1,34.641,1,2.522,1,1879.3,1,2.522,1,34.641,1
5905611,2025-10-20T19:49:20Z,1,-27.11334,158.94311,1,1881.3,1,34.641,1,2.522,1,1881.3,1,2.522,1,34.641,1
5905611,2025-10-20T19:49:20Z,1,-27.11334,158.94311,1,1883.4,1,34.642,1,2.521,1,1883.4,1,2.521,1,34.642,1
5905611,2025-10-20T19:49:20Z,1,-27.11334,158.94311,1,1885.5,1,34.641,1,2.521,1,1885.5,1,2.521,1,34.641,1
5905611,2025-10-20T19:49:20Z,1,-27.11334,158.94311,1,1887.6,1,34.641,1,2.519,1,1887.6,1,2.519,1,34.641,1
5905611,2025-10-20T19:49:20Z,1,-27.11334,158.94311,1,1889.7,1,34.642,1,2.512,1,1889.7,1,2.512,1,34.642,1
5905611,2025-10-20T19:49:20Z,1,-27.11334,158.94311,1,1891.8,1,34.643,1,2.508,1,1891.8,1,2.508,1,34.643,1
5905611,2025-10-20T19:49:20Z,1,-27.11334,158.94311,1,1893.9,1,34.643,1,2.507,1,1893.9,1,2.507,1,34.643,1
5905611,2025-10-20T19:49:20Z,1,-27.11334,158.94311,1,1895.5,1,34.643,1,2.505,1,1895.5,1,2.505,1,34.643,1
5905611,2025-10-20T19:49:20Z,1,-27.11334,158.94311,1,1897.0,1,34.644,1,2.503,1,1897.0,1,2.503,1,34.644,1
5905611,2025-10-20T19:49:20Z,1,-27.11334,158.94311,1,1899.1,1,34.644,1,2.501,1,1899.1,1,2.501,1,34.644,1
5905611,2025-10-20T19:49:20Z,1,-27.11334,158.94311,1,1901.2,1,34.644,1,2.498,1,1901.2,1,2.498,1,34.644,1
5905611,2025-10-20T19:49:20Z,1,-27.11334,158.94311,1,1903.3,1,34.645,1,2.496,1,1903.3,1,2.496,1,34.645,1
5905611,2025-10-20T19:49:20Z,1,-27.11334,158.94311,1,1905.4,1,34.645,1,2.496,1,1905.4,1,2.496,1,34.645,1
5905611,2025-10-20T19:49:20Z,1,-27.11334,158.94311,1,1907.5,1,34.645,1,2.493,1,1907.5,1,2.493,1,34.645,1
5905611,2025-10-20T19:49:20Z,1,-27.11334,158.94311,1,1909.6,1,34.645,1,2.489,1,1909.6,1,2.489,1,34.645,1
5905611,2025-10-20T19:49:20Z,1,-27.11334,158.94311,1,1911.7,1,34.645,1,2.488,1,1911.7,1,2.488,1,34.645,1
5905611,2025-10-20T19:49:20Z,1,-27.11334,158.94311,1,1913.8,1,34.645,1,2.487,1,1913.8,1,2.487,1,34.645,1
5905611,2025-10-20T19:49:20Z,1,-27.11334,158.94311,1,1915.9,1,34.646,1,2.485,1,1915.9,1,2.485,1,34.646,1
5905611,2025-10-20T19:49:20Z,1,-27.11334,158.94311,1,1917.4,1,34.646,1,2.483,1,1917.4,1,2.483,1,34.646,1
5905611,2025-10-20T19:49:20Z,1,-27.11334,158.94311,1,1919.3,1,34.646,1,2.479,1,1919.3,1,2.479,1,34.646,1
5905611,2025-10-20T19:49:20Z,1,-27.11334,158.94311,1,1921.3,1,34.647,1,2.478,1,1921.3,1,2.478,1,34.647,1
5905611,2025-10-20T19:49:20Z,1,-27.11334,158.94311,1,1923.4,1,34.647,1,2.477,1,1923.4,1,2.477,1,34.647,1
5905611,2025-10-20T19:49:20Z,1,-27.11334,158.94311,1,1925.5,1,34.647,1,2.476,1,1925.5,1,2.476,1,34.647,1
5905611,2025-10-20T19:49:20Z,1,-27.11334,158.94311,1,1927.5,1,34.647,1,2.471,1,1927.5,1,2.471,1,34.647,1
5905611,2025-10-20T19:49:20Z,1,-27.11334,158.94311,1,1929.6,1,34.647,1,2.47,1,1929.6,1,2.47,1,34.647,1
5905611,2025-10-20T19:49:20Z,1,-27.11334,158.94311,1,1931.3,1,34.648,1,2.469,1,1931.3,1,2.469,1,34.648,1
5905611,2025-10-20T19:49:20Z,1,-27.11334,158.94311,1,1933.3,1,34.647,1,2.468,1,1933.3,1,2.468,1,34.647,1
5905611,2025-10-20T19:49:20Z,1,-27.11334,158.94311,1,1935.4,1,34.648,1,2.463,1,1935.4,1,2.463,1,34.648,1
5905611,2025-10-20T19:49:20Z,1,-27.11334,158.94311,1,1937.5,1,34.649,1,2.459,1,1937.5,1,2.459,1,34.649,1
5905611,2025-10-20T19:49:20Z,1,-27.11334,158.94311,1,1939.5,1,34.65,1,2.457,1,1939.5,1,2.457,1,34.65,1
5905611,2025-10-20T19:49:20Z,1,-27.11334,158.94311,1,1941.2,1,34.65,1,2.453,1,1941.2,1,2.453,1,34.65,1
5905611,2025-10-20T19:49:20Z,1,-27.11334,158.94311,1,1943.3,1,34.65,1,2.451,1,1943.3,1,2.451,1,34.65,1
5905611,2025-10-20T19:49:20Z,1,-27.11334,158.94311,1,1945.4,1,34.651,1,2.449,1,1945.4,1,2.449,1,34.651,1
5905611,2025-10-20T19:49:20Z,1,-27.11334,158.94311,1,1947.2,1,34.651,1,2.45,1,1947.2,1,2.45,1,34.651,1
5905611,2025-10-20T19:49:20Z,1,-27.11334,158.94311,1,1949.3,1,34.65,1,2.45,1,1949.3,1,2.45,1,34.65,1
5905611,2025-10-20T19:49:20Z,1,-27.11334,158.94311,1,1951.4,1,34.65,1,2.449,1,1951.4,1,2.449,1,34.65,1
5905611,2025-10-20T19:49:20Z,1,-27.11334,158.94311,1,1953.2,1,34.651,1,2.448,1,1953.2,1,2.448,1,34.651,1
5905611,2025-10-20T19:49:20Z,1,-27.11334,158.94311,1,1955.3,1,34.652,1,2.443,1,1955.3,1,2.443,1,34.652,1
5905611,2025-10-20T19:49:20Z,1,-27.11334,158.94311,1,1957.4,1,34.652,1,2.441,1,1957.4,1,2.441,1,34.652,1
5905611,2025-10-20T19:49:20Z,1,-27.11334,158.94311,1,1959.2,1,34.652,1,2.439,1,1959.2,1,2.439,1,34.652,1
5905611,2025-10-20T19:49:20Z,1,-27.11334,158.94311,1,1961.3,1,34.653,1,2.437,1,1961.3,1,2.437,1,34.653,1
5905611,2025-10-20T19:49:20Z,1,-27.11334,158.94311,1,1963.4,1,34.653,1,2.435,1,1963.4,1,2.435,1,34.653,1
5905611,2025-10-20T19:49:20Z,1,-27.11334,158.94311,1,1965.5,1,34.653,1,2.429,1,1965.5,1,2.429,1,34.653,1
5905611,2025-10-20T19:49:20Z,1,-27.11334,158.94311,1,1967.7,1,34.654,1,2.424,1,1967.7,1,2.424,1,34.654,1
5905611,2025-10-20T19:49:20Z,1,-27.11334,158.94311,1,1969.4,1,34.655,1,2.42,1,1969.4,1,2.42,1,34.655,1
5905611,2025-10-20T19:49:20Z,1,-27.11334,158.94311,1,1971.2,1,34.655,1,2.416,1,1971.2,1,2.416,1,34.655,1
5905611,2025-10-20T19:49:20Z,1,-27.11334,158.94311,1,1973.4,1,34.655,1,2.414,1,1973.4,1,2.414,1,34.655,1
5905611,2025-10-20T19:49:20Z,1,-27.11334,158.94311,1,1975.6,1,34.656,1,2.412,1,1975.6,1,2.412,1,34.656,1
5905611,2025-10-20T19:49:20Z,1,-27.11334,158.94311,1,1977.4,1,34.656,1,2.41,1,1977.4,1,2.41,1,34.656,1
5905611,2025-10-20T19:49:20Z,1,-27.11334,158.94311,1,1979.2,1,34.656,1,2.409,1,1979.2,1,2.409,1,34.656,1
5905611,2025-10-20T19:49:20Z,1,-27.11334,158.94311,1,1981.5,1,34.656,1,2.404,1,1981.5,1,2.404,1,34.656,1
5905611,2025-10-20T19:49:20Z,1,-27.11334,158.94311,1,1983.7,1,34.657,1,2.401,1,1983.7,1,2.401,1,34.657,1
5905611,2025-10-20T19:49:20Z,1,-27.11334,158.94311,1,1985.5,1,34.657,1,2.4,1,1985.5,1,2.4,1,34.657,1
5905611,2025-10-20T19:49:20Z,1,-27.11334,158.94311,1,1987.3,1,34.658,1,2.396,1,1987.3,1,2.396,1,34.658,1
5905611,2025-10-20T19:49:20Z,1,-27.11334,158.94311,1,1989.1,1,34.658,1,2.394,1,1989.1,1,2.394,1,34.658,1
5905611,2025-10-20T19:49:20Z,1,-27.11334,158.94311,1,1991.4,1,34.658,1,2.393,1,1991.4,1,2.393,1,34.658,1
5905611,2025-10-20T19:49:20Z,1,-27.11334,158.94311,1,1993.6,1,34.659,1,2.388,1,1993.6,1,2.388,1,34.659,1
5905611,2025-10-20T19:49:20Z,1,-27.11334,158.94311,1,1995.5,1,34.66,1,2.386,1,1995.5,1,2.386,1,34.66,1
5905611,2025-10-20T19:49:20Z,1,-27.11334,158.94311,1,1997.3,1,34.66,1,2.383,1,1997.3,1,2.383,1,34.66,1
5905611,2025-10-20T19:49:20Z,1,-27.11334,158.94311,1,1999.1,1,34.66,1,2.381,1,1999.1,1,2.381,1,34.66,1
5905611,2025-10-20T19:49:20Z,1,-27.11334,158.94311,1,2001.5,1,34.661,1,2.379,1,2001.5,1,2.379,1,34.661,1
5905611,2025-10-20T19:49:20Z,1,-27.11334,158.94311,1,2003.8,1,34.66,1,2.377,1,2003.8,1,2.377,1,34.66,1
5905611,2025-10-20T19:49:20Z,1,-27.11334,158.94311,1,2005.6,1,34.66,1,2.375,1,2005.6,1,2.375,1,34.66,1
5905611,2025-10-20T19:49:20Z,1,-27.11334,158.94311,1,2007.5,1,34.661,1,2.373,1,2007.5,1,2.373,1,34.661,1
5905611,2025-10-20T19:49:20Z,1,-27.11334,158.94311,1,2009.3,1,34.661,1,2.373,1,2009.3,1,2.373,1,34.661,1
5905611,2025-10-20T19:49:20Z,1,-27.11334,158.94311,1,2011.5,1,34.66,1,2.373,1,2011.5,1,2.373,1,34.66,1
5905611,2025-10-20T19:49:20Z,1,-27.11334,158.94311,1,2013.7,1,34.661,1,2.372,1,2013.7,1,2.372,1,34.661,1
5905611,2025-10-20T19:49:20Z,1,-27.11334,158.94311,1,2015.6,1,34.661,1,2.369,1,2015.6,1,2.369,1,34.661,1
5905611,2025-10-20T19:49:20Z,1,-27.11334,158.94311,1,2017.6,1,34.661,1,2.369,1,2017.6,1,2.369,1,34.661,1
5905611,2025-10-20T19:49:20Z,1,-27.11334,158.94311,1,2019.4,1,34.661,1,2.367,1,2019.4,1,2.367,1,34.661,1
5905611,2025-10-20T19:49:20Z,1,-27.11334,158.94311,1,2021.4,1,34.662,1,2.365,1,2021.4,1,2.365,1,34.662,1
5905611,2025-10-20T19:49:20Z,1,-27.11334,158.94311,1,2023.4,1,34.662,1,2.361,1,2023.4,1,2.361,1,34.662,1
5905611,2025-10-30T14:45:20Z,1,-27.03341,158.65832,1,0.4,1,35.664,1,22.904,1,0.4,1,22.904,1,35.664,1
5905611,2025-10-30T14:45:20Z,1,-27.03341,158.65832,1,1.1,1,35.658,1,22.912,1,1.1,1,22.912,1,35.658,1
5905611,2025-10-30T14:45:20Z,1,-27.03341,158.65832,1,3.3,1,35.657,1,22.915,1,3.3,1,22.915,1,35.657,1
5905611,2025-10-30T14:45:20Z,1,-27.03341,158.65832,1,4.8,1,35.658,1,22.916,1,4.8,1,22.916,1,35.658,1
5905611,2025-10-30T14:45:20Z,1,-27.03341,158.65832,1,5.8,1,35.659,1,22.913,1,5.8,1,22.913,1,35.659,1
5905611,2025-10-30T14:45:20Z,1,-27.03341,158.65832,1,7.5,1,35.659,1,22.912,1,7.5,1,22.912,1,35.659,1
5905611,2025-10-30T14:45:20Z,1,-27.03341,158.65832,1,9.2,1,35.654,1,22.911,1,9.2,1,22.911,1,35.654,1
5905611,2025-10-30T14:45:20Z,1,-27.03341,158.65832,1,11.0,1,35.662,1,22.847,1,11.0,1,22.847,1,35.662,1
5905611,2025-10-30T14:45:20Z,1,-27.03341,158.65832,1,13.0,1,35.666,1,22.764,1,13.0,1,22.764,1,35.666,1
5905611,2025-10-30T14:45:20Z,1,-27.03341,158.65832,1,15.0,1,35.669,1,22.733,1,15.0,1,22.733,1,35.669,1
5905611,2025-10-30T14:45:20Z,1,-27.03341,158.65832,1,17.2,1,35.67,1,22.728,1,17.2,1,22.728,1,35.67,1
5905611,2025-10-30T14:45:20Z,1,-27.03341,158.65832,1,19.3,1,35.675,1,22.725,1,19.3,1,22.725,1,35.675,1
5905611,2025-10-30T14:45:20Z,1,-27.03341,158.65832,1,21.4,1,35.676,1,22.713,1,21.4,1,22.713,1,35.676,1
5905611,2025-10-30T14:45:20Z,1,-27.03341,158.65832,1,23.6,1,35.678,1,22.704,1,23.6,1,22.704,1,35.678,1
5905611,2025-10-30T14:45:20Z,1,-27.03341,158.65832,1,25.7,1,35.679,1,22.701,1,25.7,1,22.701,1,35.679,1
5905611,2025-10-30T14:45:20Z,1,-27.03341,158.65832,1,27.7,1,35.678,1,22.696,1,27.7,1,22.696,1,35.678,1
5905611,2025-10-30T14:45:20Z,1,-27.03341,158.65832,1,29.7,1,35.679,1,22.687,1,29.7,1,22.687,1,35.679,1
5905611,2025-10-30T14:45:20Z,1,-27.03341,158.65832,1,31.6,1,35.7,1,22.59,1,31.6,1,22.59,1,35.7,1
5905611,2025-10-30T14:45:20Z,1,-27.03341,158.65832,1,33.5,1,35.728,1,22.344,1,33.5,1,22.344,1,35.728,1
5905611,2025-10-30T14:45:20Z,1,-27.03341,158.65832,1,35.5,1,35.742,1,22.027,1,35.5,1,22.027,1,35.742,1
5905611,2025-10-30T14:45:20Z,1,-27.03341,158.65832,1,37.7,1,35.742,1,21.901,1,37.7,1,21.901,1,35.742,1
5905611,2025-10-30T14:45:20Z,1,-27.03341,158.65832,1,39.8,1,35.734,1,21.832,1,39.8,1,21.832,1,35.734,1
5905611,2025-10-30T14:45:20Z,1,-27.03341,158.65832,1,41.5,1,35.731,1,21.762,1,41.5,1,21.762,1,35.731,1
5905611,2025-10-30T14:45:20Z,1,-27.03341,158.65832,1,43.0,1,35.726,1,21.681,1,43.0,1,21.681,1,35.726,1
5905611,2025-10-30T14:45:20Z,1,-27.03341,158.65832,1,45.3,1,35.718,1,21.586,1,45.3,1,21.586,1,35.718,1
5905611,2025-10-30T14:45:20Z,1,-27.03341,158.65832,1,47.4,1,35.702,1,21.449,1,47.4,1,21.449,1,35.702,1
5905611,2025-10-30T14:45:20Z,1,-27.03341,158.65832,1,49.4,1,35.683,1,21.321,1,49.4,1,21.321,1,35.683,1
5905611,2025-10-30T14:45:20Z,1,-27.03341,158.65832,1,51.5,1,35.675,1,21.284,1,51.5,1,21.284,1,35.675,1
5905611,2025-10-30T14:45:20Z,1,-27.03341,158.65832,1,53.5,1,35.671,1,21.242,1,53.5,1,21.242,1,35.671,1
5905611,2025-10-30T14:45:20Z,1,-27.03341,158.65832,1,55.7,1,35.668,1,21.207,1,55.7,1,21.207,1,35.668,1
5905611,2025-10-30T14:45:20Z,1,-27.03341,158.65832,1,57.3,1,35.67,1,21.156,1,57.3,1,21.156,1,35.67,1
5905611,2025-10-30T14:45:20Z,1,-27.03341,158.65832,1,59.4,1,35.669,1,21.123,1,59.4,1,21.123,1,35.669,1
5905611,2025-10-30T14:45:20Z,1,-27.03341,158.65832,1,61.5,1,35.67,1,21.039,1,61.5,1,21.039,1,35.67,1
5905611,2025-10-30T14:45:20Z,1,-27.03341,158.65832,1,63.2,1,35.671,1,21.007,1,63.2,1,21.007,1,35.671,1
5905611,2025-10-30T14:45:20Z,1,-27.03341,158.65832,1,65.3,1,35.672,1,20.954,1,65.3,1,20.954,1,35.672,1
5905611,2025-10-30T14:45:20Z,1,-27.03341,158.65832,1,67.5,1,35.677,1,20.859,1,67.5,1,20.859,1,35.677,1
5905611,2025-10-30T14:45:20Z,1,-27.03341,158.65832,1,69.2,1,35.675,1,20.806,1,69.2,1,20.806,1,35.675,1
5905611,2025-10-30T14:45:20Z,1,-27.03341,158.65832,1,71.3,1,35.675,1,20.759,1,71.3,1,20.759,1,35.675,1
5905611,2025-10-30T14:45:20Z,1,-27.03341,158.65832,1,73.5,1,35.677,1,20.715,1,73.5,1,20.715,1,35.677,1
5905611,2025-10-30T14:45:20Z,1,-27.03341,158.65832,1,75.2,1,35.674,1,20.705,1,75.2,1,20.705,1,35.674,1
5905611,2025-10-30T14:45:20Z,1,-27.03341,158.65832,1,77.5,1,35.675,1,20.641,1,77.5,1,20.641,1,35.675,1
5905611,2025-10-30T14:45:20Z,1,-27.03341,158.65832,1,79.7,1,35.673,1,20.615,1,79.7,1,20.615,1,35.673,1
5905611,2025-10-30T14:45:20Z,1,-27.03341,158.65832,1,81.5,1,35.674,1,20.594,1,81.5,1,20.594,1,35.674,1
5905611,2025-10-30T14:45:20Z,1,-27.03341,158.65832,1,83.4,1,35.672,1,20.572,1,83.4,1,20.572,1,35.672,1
5905611,2025-10-30T14:45:20Z,1,-27.03341,158.65832,1,85.2,1,35.672,1,20.559,1,85.2,1,20.559,1,35.672,1
5905611,2025-10-30T14:45:20Z,1,-27.03341,158.65832,1,87.1,1,35.673,1,20.539,1,87.1,1,20.539,1,35.673,1
5905611,2025-10-30T14:45:20Z,1,-27.03341,158.65832,1,89.4,1,35.674,1,20.522,1,89.4,1,20.522,1,35.674,1
5905611,2025-10-30T14:45:20Z,1,-27.03341,158.65832,1,91.7,1,35.673,1,20.499,1,91.7,1,20.499,1,35.673,1
5905611,2025-10-30T14:45:20Z,1,-27.03341,158.65832,1,93.6,1,35.674,1,20.476,1,93.6,1,20.476,1,35.674,1
5905611,2025-10-30T14:45:20Z,1,-27.03341,158.65832,1,95.6,1,35.676,1,20.449,1,95.6,1,20.449,1,35.676,1
5905611,2025-10-30T14:45:20Z,1,-27.03341,158.65832,1,97.5,1,35.676,1,20.425,1,97.5,1,20.425,1,35.676,1
5905611,2025-10-30T14:45:20Z,1,-27.03341,158.65832,1,99.6,1,35.674,1,20.36,1,99.6,1,20.36,1,35.674,1
5905611,2025-10-30T14:45:20Z,1,-27.03341,158.65832,1,101.6,1,35.678,1,20.314,1,101.6,1,20.314,1,35.678,1
5905611,2025-10-30T14:45:20Z,1,-27.03341,158.65832,1,103.6,1,35.679,1,20.302,1,103.6,1,20.302,1,35.679,1
5905611,2025-10-30T14:45:20Z,1,-27.03341,158.65832,1,105.6,1,35.679,1,20.295,1,105.6,1,20.295,1,35.679,1
5905611,2025-10-30T14:45:20Z,1,-27.03341,158.65832,1,107.6,1,35.681,1,20.28,1,107.6,1,20.28,1,35.681,1
5905611,2025-10-30T14:45:20Z,1,-27.03341,158.65832,1,109.6,1,35.681,1,20.27,1,109.6,1,20.27,1,35.681,1
5905611,2025-10-30T14:45:20Z,1,-27.03341,158.65832,1,111.6,1,35.681,1,20.264,1,111.6,1,20.264,1,35.681,1
5905611,2025-10-30T14:45:20Z,1,-27.03341,158.65832,1,113.7,1,35.681,1,20.264,1,113.7,1,20.264,1,35.681,1
5905611,2025-10-30T14:45:20Z,1,-27.03341,158.65832,1,115.8,1,35.679,1,20.251,1,115.8,1,20.251,1,35.679,1
5905611,2025-10-30T14:45:20Z,1,-27.03341,158.65832,1,117.9,1,35.679,1,20.225,1,117.9,1,20.225,1,35.679,1
5905611,2025-10-30T14:45:20Z,1,-27.03341,158.65832,1,119.5,1,35.678,1,20.214,1,119.5,1,20.214,1,35.678,1
5905611,2025-10-30T14:45:20Z,1,-27.03341,158.65832,1,121.0,1,35.679,1,20.204,1,121.0,1,20.204,1,35.679,1
5905611,2025-10-30T14:45:20Z,1,-27.03341,158.65832,1,123.1,1,35.679,1,20.185,1,123.1,1,20.185,1,35.679,1
5905611,2025-10-30T14:45:20Z,1,-27.03341,158.65832,1,125.1,1,35.676,1,20.161,1,125.1,1,20.161,1,35.676,1
5905611,2025-10-30T14:45:20Z,1,-27.03341,158.65832,1,127.1,1,35.678,1,20.153,1,127.1,1,20.153,1,35.678,1
5905611,2025-10-30T14:45:20Z,1,-27.03341,158.65832,1,129.2,1,35.674,1,20.127,1,129.2,1,20.127,1,35.674,1
5905611,2025-10-30T14:45:20Z,1,-27.03341,158.65832,1,131.3,1,35.674,1,20.113,1,131.3,1,20.113,1,35.674,1
5905611,2025-10-30T14:45:20Z,1,-27.03341,158.65832,1,133.4,1,35.673,1,20.099,1,133.4,1,20.099,1,35.673,1
5905611,2025-10-30T14:45:20Z,1,-27.03341,158.65832,1,135.5,1,35.672,1,20.093,1,135.5,1,20.093,1,35.672,1
5905611,2025-10-30T14:45:20Z,1,-27.03341,158.65832,1,137.6,1,35.672,1,20.08,1,137.6,1,20.08,1,35.672,1
5905611,2025-10-30T14:45:20Z,1,-27.03341,158.65832,1,139.7,1,35.671,1,20.073,1,139.7,1,20.073,1,35.671,1
5905611,2025-10-30T14:45:20Z,1,-27.03341,158.65832,1,141.8,1,35.671,1,20.056,1,141.8,1,20.056,1,35.671,1
5905611,2025-10-30T14:45:20Z,1,-27.03341,158.65832,1,143.4,1,35.67,1,20.046,1,143.4,1,20.046,1,35.67,1
5905611,2025-10-30T14:45:20Z,1,-27.03341,158.65832,1,145.0,1,35.666,1,20.017,1,145.0,1,20.017,1,35.666,1
5905611,2025-10-30T14:45:20Z,1,-27.03341,158.65832,1,147.1,1,35.666,1,19.969,1,147.1,1,19.969,1,35.666,1
5905611,2025-10-30T14:45:20Z,1,-27.03341,158.65832,1,149.2,1,35.663,1,19.895,1,149.2,1,19.895,1,35.663,1
5905611,2025-10-30T14:45:20Z,1,-27.03341,158.65832,1,151.3,1,35.658,1,19.836,1,151.3,1,19.836,1,35.658,1
5905611,2025-10-30T14:45:20Z,1,-27.03341,158.65832,1,153.4,1,35.66,1,19.81,1,153.4,1,19.81,1,35.66,1
5905611,2025-10-30T14:45:20Z,1,-27.03341,158.65832,1,155.5,1,35.667,1,19.807,1,155.5,1,19.807,1,35.667,1
5905611,2025-10-30T14:45:20Z,1,-27.03341,158.65832,1,157.7,1,35.678,1,19.811,1,157.7,1,19.811,1,35.678,1
5905611,2025-10-30T14:45:20Z,1,-27.03341,158.65832,1,159.4,1,35.677,1,19.813,1,159.4,1,19.813,1,35.677,1
5905611,2025-10-30T14:45:20Z,1,-27.03341,158.65832,1,161.0,1,35.677,1,19.812,1,161.0,1,19.812,1,35.677,1
5905611,2025-10-30T14:45:20Z,1,-27.03341,158.65832,1,163.2,1,35.677,1,19.813,1,163.2,1,19.813,1,35.677,1
5905611,2025-10-30T14:45:20Z,1,-27.03341,158.65832,1,165.4,1,35.678,1,19.813,1,165.4,1,19.813,1,35.678,1
5905611,2025-10-30T14:45:20Z,1,-27.03341,158.65832,1,167.6,1,35.678,1,19.813,1,167.6,1,19.813,1,35.678,1
5905611,2025-10-30T14:45:20Z,1,-27.03341,158.65832,1,169.8,1,35.678,1,19.814,1,169.8,1,19.814,1,35.678,1
5905611,2025-10-30T14:45:20Z,1,-27.03341,158.65832,1,171.5,1,35.679,1,19.812,1,171.5,1,19.812,1,35.679,1
5905611,2025-10-30T14:45:20Z,1,-27.03341,158.65832,1,173.1,1,35.678,1,19.813,1,173.1,1,19.813,1,35.678,1
5905611,2025-10-30T14:45:20Z,1,-27.03341,158.65832,1,175.3,1,35.678,1,19.797,1,175.3,1,19.797,1,35.678,1
5905611,2025-10-30T14:45:20Z,1,-27.03341,158.65832,1,177.4,1,35.677,1,19.784,1,177.4,1,19.784,1,35.677,1
5905611,2025-10-30T14:45:20Z,1,-27.03341,158.65832,1,179.5,1,35.677,1,19.782,1,179.5,1,19.782,1,35.677,1
5905611,2025-10-30T14:45:20Z,1,-27.03341,158.65832,1,181.7,1,35.677,1,19.776,1,181.7,1,19.776,1,35.677,1
5905611,2025-10-30T14:45:20Z,1,-27.03341,158.65832,1,183.8,1,35.677,1,19.773,1,183.8,1,19.773,1,35.677,1
5905611,2025-10-30T14:45:20Z,1,-27.03341,158.65832,1,185.5,1,35.677,1,19.772,1,185.5,1,19.772,1,35.677,1
5905611,2025-10-30T14:45:20Z,1,-27.03341,158.65832,1,187.1,1,35.677,1,19.764,1,187.1,1,19.764,1,35.677,1
5905611,2025-10-30T14:45:20Z,1,-27.03341,158.65832,1,189.3,1,35.676,1,19.753,1,189.3,1,19.753,1,35.676,1
5905611,2025-10-30T14:45:20Z,1,-27.03341,158.65832,1,191.6,1,35.675,1,19.744,1,191.6,1,19.744,1,35.675,1
5905611,2025-10-30T14:45:20Z,1,-27.03341,158.65832,1,193.8,1,35.676,1,19.74,1,193.8,1,19.74,1,35.676,1
5905611,2025-10-30T14:45:20Z,1,-27.03341,158.65832,1,195.5,1,35.674,1,19.736,1,195.5,1,19.736,1,35.674,1
5905611,2025-10-30T14:45:20Z,1,-27.03341,158.65832,1,197.1,1,35.674,1,19.727,1,197.1,1,19.727,1,35.674,1
5905611,2025-10-30T14:45:20Z,1,-27.03341,158.65832,1,199.3,1,35.673,1,19.688,1,199.3,1,19.688,1,35.673,1
5905611,2025-10-30T14:45:20Z,1,-27.03341,158.65832,1,201.5,1,35.671,1,19.653,1,201.5,1,19.653,1,35.671,1
5905611,2025-10-30T14:45:20Z,1,-27.03341,158.65832,1,203.8,1,35.674,1,19.628,1,203.8,1,19.628,1,35.674,1
5905611,2025-10-30T14:45:20Z,1,-27.03341,158.65832,1,205.5,1,35.676,1,19.618,1,205.5,1,19.618,1,35.676,1
5905611,2025-10-30T14:45:20Z,1,-27.03341,158.65832,1,207.1,1,35.678,1,19.602,1,207.1,1,19.602,1,35.678,1
5905611,2025-10-30T14:45:20Z,1,-27.03341,158.65832,1,209.4,1,35.681,1,19.591,1,209.4,1,19.591,1,35.681,1
5905611,2025-10-30T14:45:20Z,1,-27.03341,158.65832,1,211.6,1,35.685,1,19.579,1,211.6,1,19.579,1,35.685,1
5905611,2025-10-30T14:45:20Z,1,-27.03341,158.65832,1,213.8,1,35.686,1,19.573,1,213.8,1,19.573,1,35.686,1
5905611,2025-10-30T14:45:20Z,1,-27.03341,158.65832,1,215.5,1,35.684,1,19.555,1,215.5,1,19.555,1,35.684,1
5905611,2025-10-30T14:45:20Z,1,-27.03341,158.65832,1,217.2,1,35.683,1,19.548,1,217.2,1,19.548,1,35.683,1
5905611,2025-10-30T14:45:20Z,1,-27.03341,158.65832,1,219.4,1,35.682,1,19.537,1,219.4,1,19.537,1,35.682,1
5905611,2025-10-30T14:45:20Z,1,-27.03341,158.65832,1,221.6,1,35.679,1,19.519,1,221.6,1,19.519,1,35.679,1
5905611,2025-10-30T14:45:20Z,1,-27.03341,158.65832,1,223.3,1,35.677,1,19.503,1,223.3,1,19.503,1,35.677,1
5905611,2025-10-30T14:45:20Z,1,-27.03341,158.65832,1,225.0,1,35.678,1,19.496,1,225.0,1,19.496,1,35.678,1
5905611,2025-10-30T14:45:20Z,1,-27.03341,158.65832,1,227.2,1,35.678,1,19.478,1,227.2,1,19.478,1,35.678,1
5905611,2025-10-30T14:45:20Z,1,-27.03341,158.65832,1,229.4,1,35.68,1,19.477,1,229.4,1,19.477,1,35.68,1
5905611,2025-10-30T14:45:20Z,1,-27.03341,158.65832,1,231.6,1,35.679,1,19.454,1,231.6,1,19.454,1,35.679,1
5905611,2025-10-30T14:45:20Z,1,-27.03341,158.65832,1,233.8,1,35.678,1,19.439,1,233.8,1,19.439,1,35.678,1
5905611,2025-10-30T14:45:20Z,1,-27.03341,158.65832,1,235.4,1,35.681,1,19.413,1,235.4,1,19.413,1,35.681,1
5905611,2025-10-30T14:45:20Z,1,-27.03341,158.65832,1,237.0,1,35.677,1,19.381,1,237.0,1,19.381,1,35.677,1
5905611,2025-10-30T14:45:20Z,1,-27.03341,158.65832,1,239.2,1,35.668,1,19.305,1,239.2,1,19.305,1,35.668,1
5905611,2025-10-30T14:45:20Z,1,-27.03341,158.65832,1,241.3,1,35.649,1,19.183,1,241.3,1,19.183,1,35.649,1
5905611,2025-10-30T14:45:20Z,1,-27.03341,158.65832,1,243.4,1,35.648,1,19.162,1,243.4,1,19.162,1,35.648,1
5905611,2025-10-30T14:45:20Z,1,-27.03341,158.65832,1,245.7,1,35.647,1,19.138,1,245.7,1,19.138,1,35.647,1
5905611,2025-10-30T14:45:20Z,1,-27.03341,158.65832,1,247.8,1,35.646,1,19.128,1,247.8,1,19.128,1,35.646,1
5905611,2025-10-30T14:45:20Z,1,-27.03341,158.65832,1,249.5,1,35.647,1,19.103,1,249.5,1,19.103,1,35.647,1
5905611,2025-10-30T14:45:20Z,1,-27.03341,158.65832,1,251.5,1,35.642,1,19.086,1,251.5,1,19.086,1,35.642,1
5905611,2025-10-30T14:45:20Z,1,-27.03341,158.65832,1,253.6,1,35.642,1,19.06,1,253.6,1,19.06,1,35.642,1
5905611,2025-10-30T14:45:20Z,1,-27.03341,158.65832,1,255.6,1,35.64,1,19.03,1,255.6,1,19.03,1,35.64,1
5905611,2025-10-30T14:45:20Z,1,-27.03341,158.65832,1,257.6,1,35.637,1,19.005,1,257.6,1,19.005,1,35.637,1
5905611,2025-10-30T14:45:20Z,1,-27.03341,158.65832,1,259.3,1,35.629,1,18.968,1,259.3,1,18.968,1,35.629,1
5905611,2025-10-30T14:45:20Z,1,-27.03341,158.65832,1,261.4,1,35.612,1,18.897,1,261.4,1,18.897,1,35.612,1
5905611,2025-10-30T14:45:20Z,1,-27.03341,158.65832,1,263.4,1,35.604,1,18.847,1,263.4,1,18.847,1,35.604,1
5905611,2025-10-30T14:45:20Z,1,-27.03341,158.65832,1,265.4,1,35.6,1,18.755,1,265.4,1,18.755,1,35.6,1
5905611,2025-10-30T14:45:20Z,1,-27.03341,158.65832,1,267.5,1,35.597,1,18.717,1,267.5,1,18.717,1,35.597,1
5905611,2025-10-30T14:45:20Z,1,-27.03341,158.65832,1,269.6,1,35.595,1,18.67,1,269.6,1,18.67,1,35.595,1
5905611,2025-10-30T14:45:20Z,1,-27.03341,158.65832,1,271.6,1,35.59,1,18.556,1,271.6,1,18.556,1,35.59,1
5905611,2025-10-30T14:45:20Z,1,-27.03341,158.65832,1,273.2,1,35.586,1,18.498,1,273.2,1,18.498,1,35.586,1
5905611,2025-10-30T14:45:20Z,1,-27.03341,158.65832,1,275.4,1,35.581,1,18.344,1,275.4,1,18.344,1,35.581,1
5905611,2025-10-30T14:45:20Z,1,-27.03341,158.65832,1,277.6,1,35.577,1,18.254,1,277.6,1,18.254,1,35.577,1
5905611,2025-10-30T14:45:20Z,1,-27.03341,158.65832,1,279.5,1,35.572,1,18.227,1,279.5,1,18.227,1,35.572,1
5905611,2025-10-30T14:45:20Z,1,-27.03341,158.65832,1,281.2,1,35.572,1,18.203,1,281.2,1,18.203,1,35.572,1
5905611,2025-10-30T14:45:20Z,1,-27.03341,158.65832,1,283.5,1,35.569,1,18.191,1,283.5,1,18.191,1,35.569,1
5905611,2025-10-30T14:45:20Z,1,-27.03341,158.65832,1,285.7,1,35.568,1,18.178,1,285.7,1,18.178,1,35.568,1
5905611,2025-10-30T14:45:20Z,1,-27.03341,158.65832,1,287.4,1,35.563,1,18.125,1,287.4,1,18.125,1,35.563,1
5905611,2025-10-30T14:45:20Z,1,-27.03341,158.65832,1,289.1,1,35.556,1,17.999,1,289.1,1,17.999,1,35.556,1
5905611,2025-10-30T14:45:20Z,1,-27.03341,158.65832,1,291.4,1,35.547,1,17.871,1,291.4,1,17.871,1,35.547,1
5905611,2025-10-30T14:45:20Z,1,-27.03341,158.65832,1,293.6,1,35.537,1,17.735,1,293.6,1,17.735,1,35.537,1
5905611,2025-10-30T14:45:20Z,1,-27.03341,158.65832,1,295.3,1,35.535,1,17.721,1,295.3,1,17.721,1,35.535,1
5905611,2025-10-30T14:45:20Z,1,-27.03341,158.65832,1,297.5,1,35.531,1,17.652,1,297.5,1,17.652,1,35.531,1
5905611,2025-10-30T14:45:20Z,1,-27.03341,158.65832,1,299.7,1,35.522,1,17.499,1,299.7,1,17.499,1,35.522,1
5905611,2025-10-30T14:45:20Z,1,-27.03341,158.65832,1,301.5,1,35.517,1,17.464,1,301.5,1,17.464,1,35.517,1
5905611,2025-10-30T14:45:20Z,1,-27.03341,158.65832,1,303.3,1,35.516,1,17.442,1,303.3,1,17.442,1,35.516,1
5905611,2025-10-30T14:45:20Z,1,-27.03341,158.65832,1,305.5,1,35.507,1,17.31,1,305.5,1,17.31,1,35.507,1
5905611,2025-10-30T14:45:20Z,1,-27.03341,158.65832,1,307.8,1,35.49,1,17.097,1,307.8,1,17.097,1,35.49,1
5905611,2025-10-30T14:45:20Z,1,-27.03341,158.65832,1,309.6,1,35.486,1,17.059,1,309.6,1,17.059,1,35.486,1
5905611,2025-10-30T14:45:20Z,1,-27.03341,158.65832,1,311.5,1,35.485,1,17.03,1,311.5,1,17.03,1,35.485,1
5905611,2025-10-30T14:45:20Z,1,-27.03341,158.65832,1,313.3,1,35.477,1,16.98,1,313.3,1,16.98,1,35.477,1
5905611,2025-10-30T14:45:20Z,1,-27.03341,158.65832,1,315.2,1,35.468,1,16.833,1,315.2,1,16.833,1,35.468,1
5905611,2025-10-30T14:45:20Z,1,-27.03341,158.65832,1,317.1,1,35.457,1,16.708,1,317.1,1,16.708,1,35.457,1
5905611,2025-10-30T14:45:20Z,1,-27.03341,158.65832,1,319.1,1,35.456,1,16.699,1,319.1,1,16.699,1,35.456,1
5905611,2025-10-30T14:45:20Z,1,-27.03341,158.65832,1,321.1,1,35.455,1,16.686,1,321.1,1,16.686,1,35.455,1
5905611,2025-10-30T14:45:20Z,1,-27.03341,158.65832,1,323.4,1,35.453,1,16.676,1,323.4,1,16.676,1,35.453,1
5905611,2025-10-30T14:45:20Z,1,-27.03341,158.65832,1,325.8,1,35.443,1,16.537,1,325.8,1,16.537,1,35.443,1
5905611,2025-10-30T14:45:20Z,1,-27.03341,158.65832,1,327.8,1,35.435,1,16.466,1,327.8,1,16.466,1,35.435,1
5905611,2025-10-30T14:45:20Z,1,-27.03341,158.65832,1,329.8,1,35.434,1,16.407,1,329.8,1,16.407,1,35.434,1
5905611,2025-10-30T14:45:20Z,1,-27.03341,158.65832,1,331.8,1,35.427,1,16.357,1,331.8,1,16.357,1,35.427,1
5905611,2025-10-30T14:45:20Z,1,-27.03341,158.65832,1,333.8,1,35.424,1,16.323,1,333.8,1,16.323,1,35.424,1
5905611,2025-10-30T14:45:20Z,1,-27.03341,158.65832,1,335.8,1,35.42,1,16.273,1,335.8,1,16.273,1,35.42,1
5905611,2025-10-30T14:45:20Z,1,-27.03341,158.65832,1,337.8,1,35.414,1,16.203,1,337.8,1,16.203,1,35.414,1
5905611,2025-10-30T14:45:20Z,1,-27.03341,158.65832,1,339.9,1,35.41,1,16.161,1,339.9,1,16.161,1,35.41,1
5905611,2025-10-30T14:45:20Z,1,-27.03341,158.65832,1,341.4,1,35.41,1,16.134,1,341.4,1,16.134,1,35.41,1
5905611,2025-10-30T14:45:20Z,1,-27.03341,158.65832,1,343.0,1,35.403,1,16.058,1,343.0,1,16.058,1,35.403,1
5905611,2025-10-30T14:45:20Z,1,-27.03341,158.65832,1,345.1,1,35.397,1,15.997,1,345.1,1,15.997,1,35.397,1
5905611,2025-10-30T14:45:20Z,1,-27.03341,158.65832,1,347.2,1,35.394,1,15.968,1,347.2,1,15.968,1,35.394,1
5905611,2025-10-30T14:45:20Z,1,-27.03341,158.65832,1,349.3,1,35.389,1,15.914,1,349.3,1,15.914,1,35.389,1
5905611,2025-10-30T14:45:20Z,1,-27.03341,158.65832,1,351.3,1,35.383,1,15.852,1,351.3,1,15.852,1,35.383,1
5905611,2025-10-30T14:45:20Z,1,-27.03341,158.65832,1,353.4,1,35.378,1,15.777,1,353.4,1,15.777,1,35.378,1
5905611,2025-10-30T14:45:20Z,1,-27.03341,158.65832,1,355.4,1,35.375,1,15.738,1,355.4,1,15.738,1,35.375,1
5905611,2025-10-30T14:45:20Z,1,-27.03341,158.65832,1,357.6,1,35.37,1,15.681,1,357.6,1,15.681,1,35.37,1
5905611,2025-10-30T14:45:20Z,1,-27.03341,158.65832,1,359.7,1,35.366,1,15.661,1,359.7,1,15.661,1,35.366,1
5905611,2025-10-30T14:45:20Z,1,-27.03341,158.65832,1,361.8,1,35.364,1,15.627,1,361.8,1,15.627,1,35.364,1
5905611,2025-10-30T14:45:20Z,1,-27.03341,158.65832,1,363.8,1,35.36,1,15.56,1,363.8,1,15.56,1,35.36,1
5905611,2025-10-30T14:45:20Z,1,-27.03341,158.65832,1,365.9,1,35.354,1,15.473,1,365.9,1,15.473,1,35.354,1
5905611,2025-10-30T14:45:20Z,1,-27.03341,158.65832,1,367.5,1,35.351,1,15.448,1,367.5,1,15.448,1,35.351,1
5905611,2025-10-30T14:45:20Z,1,-27.03341,158.65832,1,369.0,1,35.346,1,15.419,1,369.0,1,15.419,1,35.346,1
5905611,2025-10-30T14:45:20Z,1,-27.03341,158.65832,1,371.1,1,35.342,1,15.368,1,371.1,1,15.368,1,35.342,1
5905611,2025-10-30T14:45:20Z,1,-27.03341,158.65832,1,373.1,1,35.337,1,15.316,1,373.1,1,15.316,1,35.337,1
5905611,2025-10-30T14:45:20Z,1,-27.03341,158.65832,1,375.1,1,35.325,1,15.213,1,375.1,1,15.213,1,35.325,1
5905611,2025-10-30T14:45:20Z,1,-27.03341,158.65832,1,377.1,1,35.317,1,15.117,1,377.1,1,15.117,1,35.317,1
5905611,2025-10-30T14:45:20Z,1,-27.03341,158.65832,1,379.1,1,35.312,1,15.068,1,379.1,1,15.068,1,35.312,1
5905611,2025-10-30T14:45:20Z,1,-27.03341,158.65832,1,381.1,1,35.308,1,15.024,1,381.1,1,15.024,1,35.308,1
5905611,2025-10-30T14:45:20Z,1,-27.03341,158.65832,1,383.3,1,35.305,1,14.993,1,383.3,1,14.993,1,35.305,1
5905611,2025-10-30T14:45:20Z,1,-27.03341,158.65832,1,385.3,1,35.301,1,14.958,1,385.3,1,14.958,1,35.301,1
5905611,2025-10-30T14:45:20Z,1,-27.03341,158.65832,1,387.5,1,35.299,1,14.93,1,387.5,1,14.93,1,35.299,1
5905611,2025-10-30T14:45:20Z,1,-27.03341,158.65832,1,389.6,1,35.297,1,14.906,1,389.6,1,14.906,1,35.297,1
5905611,2025-10-30T14:45:20Z,1,-27.03341,158.65832,1,391.6,1,35.299,1,14.865,1,391.6,1,14.865,1,35.299,1
5905611,2025-10-30T14:45:20Z,1,-27.03341,158.65832,1,393.7,1,35.286,1,14.79,1,393.7,1,14.79,1,35.286,1
5905611,2025-10-30T14:45:20Z,1,-27.03341,158.65832,1,395.7,1,35.282,1,14.776,1,395.7,1,14.776,1,35.282,1
5905611,2025-10-30T14:45:20Z,1,-27.03341,158.65832,1,397.8,1,35.28,1,14.751,1,397.8,1,14.751,1,35.28,1
5905611,2025-10-30T14:45:20Z,1,-27.03341,158.65832,1,399.9,1,35.279,1,14.719,1,399.9,1,14.719,1,35.279,1
5905611,2025-10-30T14:45:20Z,1,-27.03341,158.65832,1,401.5,1,35.275,1,14.683,1,401.5,1,14.683,1,35.275,1
5905611,2025-10-30T14:45:20Z,1,-27.03341,158.65832,1,403.0,1,35.272,1,14.664,1,403.0,1,14.664,1,35.272,1
5905611,2025-10-30T14:45:20Z,1,-27.03341,158.65832,1,405.1,1,35.27,1,14.638,1,405.1,1,14.638,1,35.27,1
5905611,2025-10-30T14:45:20Z,1,-27.03341,158.65832,1,407.1,1,35.268,1,14.595,1,407.1,1,14.595,1,35.268,1
5905611,2025-10-30T14:45:20Z,1,-27.03341,158.65832,1,409.1,1,35.262,1,14.566,1,409.1,1,14.566,1,35.262,1
5905611,2025-10-30T14:45:20Z,1,-27.03341,158.65832,1,411.1,1,35.259,1,14.556,1,411.1,1,14.556,1,35.259,1
5905611,2025-10-30T14:45:20Z,1,-27.03341,158.65832,1,413.1,1,35.256,1,14.553,1,413.1,1,14.553,1,35.256,1
5905611,2025-10-30T14:45:20Z,1,-27.03341,158.65832,1,415.1,1,35.25,1,14.489,1,415.1,1,14.489,1,35.25,1
5905611,2025-10-30T14:45:20Z,1,-27.03341,158.65832,1,417.1,1,35.248,1,14.477,1,417.1,1,14.477,1,35.248,1
5905611,2025-10-30T14:45:20Z,1,-27.03341,158.65832,1,419.0,1,35.248,1,14.383,1,419.0,1,14.383,1,35.248,1
5905611,2025-10-30T14:45:20Z,1,-27.03341,158.65832,1,421.0,1,35.239,1,14.248,1,421.0,1,14.248,1,35.239,1
5905611,2025-10-30T14:45:20Z,1,-27.03341,158.65832,1,423.0,1,35.23,1,14.162,1,423.0,1,14.162,1,35.23,1
5905611,2025-10-30T14:45:20Z,1,-27.03341,158.65832,1,425.1,1,35.217,1,14.08,1,425.1,1,14.08,1,35.217,1
5905611,2025-10-30T14:45:20Z,1,-27.03341,158.65832,1,427.1,1,35.209,1,13.967,1,427.1,1,13.967,1,35.209,1
5905611,2025-10-30T14:45:20Z,1,-27.03341,158.65832,1,429.2,1,35.207,1,13.947,1,429.2,1,13.947,1,35.207,1
5905611,2025-10-30T14:45:20Z,1,-27.03341,158.65832,1,431.3,1,35.21,1,13.933,1,431.3,1,13.933,1,35.21,1
5905611,2025-10-30T14:45:20Z,1,-27.03341,158.65832,1,433.4,1,35.211,1,13.904,1,433.4,1,13.904,1,35.211,1
5905611,2025-10-30T14:45:20Z,1,-27.03341,158.65832,1,435.3,1,35.198,1,13.824,1,435.3,1,13.824,1,35.198,1
5905611,2025-10-30T14:45:20Z,1,-27.03341,158.65832,1,437.3,1,35.195,1,13.775,1,437.3,1,13.775,1,35.195,1
5905611,2025-10-30T14:45:20Z,1,-27.03341,158.65832,1,439.6,1,35.191,1,13.747,1,439.6,1,13.747,1,35.191,1
5905611,2025-10-30T14:45:20Z,1,-27.03341,158.65832,1,441.5,1,35.183,1,13.708,1,441.5,1,13.708,1,35.183,1
5905611,2025-10-30T14:45:20Z,1,-27.03341,158.65832,1,443.5,1,35.178,1,13.665,1,443.5,1,13.665,1,35.178,1
5905611,2025-10-30T14:45:20Z,1,-27.03341,158.65832,1,445.6,1,35.176,1,13.651,1,445.6,1,13.651,1,35.176,1
5905611,2025-10-30T14:45:20Z,1,-27.03341,158.65832,1,447.6,1,35.169,1,13.555,1,447.6,1,13.555,1,35.169,1
5905611,2025-10-30T14:45:20Z,1,-27.03341,158.65832,1,449.6,1,35.156,1,13.467,1,449.6,1,13.467,1,35.156,1
5905611,2025-10-30T14:45:20Z,1,-27.03341,158.65832,1,451.5,1,35.149,1,13.426,1,451.5,1,13.426,1,35.149,1
5905611,2025-10-30T14:45:20Z,1,-27.03341,158.65832,1,453.6,1,35.138,1,13.338,1,453.6,1,13.338,1,35.138,1
5905611,2025-10-30T14:45:20Z,1,-27.03341,158.65832,1,455.6,1,35.11,1,13.159,1,455.6,1,13.159,1,35.11,1
5905611,2025-10-30T14:45:20Z,1,-27.03341,158.65832,1,457.7,1,35.059,1,12.922,1,457.7,1,12.922,1,35.059,1
5905611,2025-10-30T14:45:20Z,1,-27.03341,158.65832,1,459.4,1,35.038,1,12.805,1,459.4,1,12.805,1,35.038,1
5905611,2025-10-30T14:45:20Z,1,-27.03341,158.65832,1,461.4,1,35.033,1,12.768,1,461.4,1,12.768,1,35.033,1
5905611,2025-10-30T14:45:20Z,1,-27.03341,158.65832,1,463.6,1,35.032,1,12.75,1,463.6,1,12.75,1,35.032,1
5905611,2025-10-30T14:45:20Z,1,-27.03341,158.65832,1,465.3,1,35.031,1,12.744,1,465.3,1,12.744,1,35.031,1
5905611,2025-10-30T14:45:20Z,1,-27.03341,158.65832,1,467.4,1,35.026,1,12.706,1,467.4,1,12.706,1,35.026,1
5905611,2025-10-30T14:45:20Z,1,-27.03341,158.65832,1,469.6,1,35.017,1,12.63,1,469.6,1,12.63,1,35.017,1
5905611,2025-10-30T14:45:20Z,1,-27.03341,158.65832,1,471.3,1,35.009,1,12.58,1,471.3,1,12.58,1,35.009,1
5905611,2025-10-30T14:45:20Z,1,-27.03341,158.65832,1,473.4,1,35.023,1,12.597,1,473.4,1,12.597,1,35.023,1
5905611,2025-10-30T14:45:20Z,1,-27.03341,158.65832,1,475.5,1,35.022,1,12.532,1,475.5,1,12.532,1,35.022,1
5905611,2025-10-30T14:45:20Z,1,-27.03341,158.65832,1,477.2,1,35.03,1,12.535,1,477.2,1,12.535,1,35.03,1
5905611,2025-10-30T14:45:20Z,1,-27.03341,158.65832,1,479.3,1,35.047,1,12.504,1,479.3,1,12.504,1,35.047,1
5905611,2025-10-30T14:45:20Z,1,-27.03341,158.65832,1,481.4,1,35.055,1,12.511,1,481.4,1,12.511,1,35.055,1
5905611,2025-10-30T14:45:20Z,1,-27.03341,158.65832,1,483.1,1,35.051,1,12.412,1,483.1,1,12.412,1,35.051,1
5905611,2025-10-30T14:45:20Z,1,-27.03341,158.65832,1,485.4,1,35.039,1,12.331,1,485.4,1,12.331,1,35.039,1
5905611,2025-10-30T14:45:20Z,1,-27.03341,158.65832,1,487.6,1,35.035,1,12.302,1,487.6,1,12.302,1,35.035,1
5905611,2025-10-30T14:45:20Z,1,-27.03341,158.65832,1,489.4,1,35.032,1,12.28,1,489.4,1,12.28,1,35.032,1
5905611,2025-10-30T14:45:20Z,1,-27.03341,158.65832,1,491.2,1,35.026,1,12.243,1,491.2,1,12.243,1,35.026,1
5905611,2025-10-30T14:45:20Z,1,-27.03341,158.65832,1,493.5,1,35.019,1,12.188,1,493.5,1,12.188,1,35.019,1
5905611,2025-10-30T14:45:20Z,1,-27.03341,158.65832,1,495.8,1,35.014,1,12.134,1,495.8,1,12.134,1,35.014,1
5905611,2025-10-30T14:45:20Z,1,-27.03341,158.65832,1,497.7,1,35.01,1,12.107,1,497.7,1,12.107,1,35.01,1
5905611,2025-10-30T14:45:20Z,1,-27.03341,158.65832,1,499.6,1,35.005,1,12.051,1,499.6,1,12.051,1,35.005,1
5905611,2025-10-30T14:45:20Z,1,-27.03341,158.65832,1,501.5,1,35.0,1,12.012,1,501.5,1,12.012,1,35.0,1
5905611,2025-10-30T14:45:20Z,1,-27.03341,158.65832,1,503.4,1,34.997,1,11.995,1,503.4,1,11.995,1,34.997,1
5905611,2025-10-30T14:45:20Z,1,-27.03341,158.65832,1,505.4,1,34.991,1,11.933,1,505.4,1,11.933,1,34.991,1
5905611,2025-10-30T14:45:20Z,1,-27.03341,158.65832,1,507.4,1,34.988,1,11.922,1,507.4,1,11.922,1,34.988,1
5905611,2025-10-30T14:45:20Z,1,-27.03341,158.65832,1,509.4,1,34.988,1,11.921,1,509.4,1,11.921,1,34.988,1
5905611,2025-10-30T14:45:20Z,1,-27.03341,158.65832,1,511.3,1,34.987,1,11.862,1,511.3,1,11.862,1,34.987,1
5905611,2025-10-30T14:45:20Z,1,-27.03341,158.65832,1,513.2,1,34.98,1,11.811,1,513.2,1,11.811,1,34.98,1
5905611,2025-10-30T14:45:20Z,1,-27.03341,158.65832,1,515.2,1,34.975,1,11.788,1,515.2,1,11.788,1,34.975,1
5905611,2025-10-30T14:45:20Z,1,-27.03341,158.65832,1,517.2,1,34.972,1,11.761,1,517.2,1,11.761,1,34.972,1
5905611,2025-10-30T14:45:20Z,1,-27.03341,158.65832,1,519.2,1,34.969,1,11.73,1,519.2,1,11.73,1,34.969,1
5905611,2025-10-30T14:45:20Z,1,-27.03341,158.65832,1,521.3,1,34.966,1,11.71,1,521.3,1,11.71,1,34.966,1
5905611,2025-10-30T14:45:20Z,1,-27.03341,158.65832,1,523.4,1,34.961,1,11.659,1,523.4,1,11.659,1,34.961,1
5905611,2025-10-30T14:45:20Z,1,-27.03341,158.65832,1,525.4,1,34.957,1,11.638,1,525.4,1,11.638,1,34.957,1
5905611,2025-10-30T14:45:20Z,1,-27.03341,158.65832,1,527.5,1,34.953,1,11.574,1,527.5,1,11.574,1,34.953,1
5905611,2025-10-30T14:45:20Z,1,-27.03341,158.65832,1,529.5,1,34.944,1,11.516,1,529.5,1,11.516,1,34.944,1
5905611,2025-10-30T14:45:20Z,1,-27.03341,158.65832,1,531.5,1,34.939,1,11.488,1,531.5,1,11.488,1,34.939,1
5905611,2025-10-30T14:45:20Z,1,-27.03341,158.65832,1,533.5,1,34.933,1,11.43,1,533.5,1,11.43,1,34.933,1
5905611,2025-10-30T14:45:20Z,1,-27.03341,158.65832,1,535.6,1,34.927,1,11.388,1,535.6,1,11.388,1,34.927,1
5905611,2025-10-30T14:45:20Z,1,-27.03341,158.65832,1,537.6,1,34.923,1,11.352,1,537.6,1,11.352,1,34.923,1
5905611,2025-10-30T14:45:20Z,1,-27.03341,158.65832,1,539.6,1,34.914,1,11.29,1,539.6,1,11.29,1,34.914,1
5905611,2025-10-30T14:45:20Z,1,-27.03341,158.65832,1,541.7,1,34.911,1,11.256,1,541.7,1,11.256,1,34.911,1
5905611,2025-10-30T14:45:20Z,1,-27.03341,158.65832,1,543.8,1,34.902,1,11.189,1,543.8,1,11.189,1,34.902,1
5905611,2025-10-30T14:45:20Z,1,-27.03341,158.65832,1,545.9,1,34.894,1,11.118,1,545.9,1,11.118,1,34.894,1
5905611,2025-10-30T14:45:20Z,1,-27.03341,158.65832,1,547.5,1,34.891,1,11.077,1,547.5,1,11.077,1,34.891,1
5905611,2025-10-30T14:45:20Z,1,-27.03341,158.65832,1,549.0,1,34.882,1,11.031,1,549.0,1,11.031,1,34.882,1
5905611,2025-10-30T14:45:20Z,1,-27.03341,158.65832,1,551.0,1,34.875,1,10.983,1,551.0,1,10.983,1,34.875,1
5905611,2025-10-30T14:45:20Z,1,-27.03341,158.65832,1,553.0,1,34.87,1,10.919,1,553.0,1,10.919,1,34.87,1
5905611,2025-10-30T14:45:20Z,1,-27.03341,158.65832,1,555.1,1,34.865,1,10.883,1,555.1,1,10.883,1,34.865,1
5905611,2025-10-30T14:45:20Z,1,-27.03341,158.65832,1,557.2,1,34.86,1,10.851,1,557.2,1,10.851,1,34.86,1
5905611,2025-10-30T14:45:20Z,1,-27.03341,158.65832,1,559.2,1,34.854,1,10.812,1,559.2,1,10.812,1,34.854,1
5905611,2025-10-30T14:45:20Z,1,-27.03341,158.65832,1,561.1,1,34.851,1,10.785,1,561.1,1,10.785,1,34.851,1
5905611,2025-10-30T14:45:20Z,1,-27.03341,158.65832,1,563.1,1,34.833,1,10.659,1,563.1,1,10.659,1,34.833,1
5905611,2025-10-30T14:45:20Z,1,-27.03341,158.65832,1,565.1,1,34.828,1,10.616,1,565.1,1,10.616,1,34.828,1
5905611,2025-10-30T14:45:20Z,1,-27.03341,158.65832,1,567.1,1,34.816,1,10.485,1,567.1,1,10.485,1,34.816,1
5905611,2025-10-30T14:45:20Z,1,-27.03341,158.65832,1,569.1,1,34.803,1,10.377,1,569.1,1,10.377,1,34.803,1
5905611,2025-10-30T14:45:20Z,1,-27.03341,158.65832,1,571.2,1,34.796,1,10.33,1,571.2,1,10.33,1,34.796,1
5905611,2025-10-30T14:45:20Z,1,-27.03341,158.65832,1,573.2,1,34.791,1,10.271,1,573.2,1,10.271,1,34.791,1
5905611,2025-10-30T14:45:20Z,1,-27.03341,158.65832,1,575.3,1,34.784,1,10.23,1,575.3,1,10.23,1,34.784,1
5905611,2025-10-30T14:45:20Z,1,-27.03341,158.65832,1,577.5,1,34.776,1,10.179,1,577.5,1,10.179,1,34.776,1
5905611,2025-10-30T14:45:20Z,1,-27.03341,158.65832,1,579.5,1,34.77,1,10.127,1,579.5,1,10.127,1,34.77,1
5905611,2025-10-30T14:45:20Z,1,-27.03341,158.65832,1,581.6,1,34.766,1,10.066,1,581.6,1,10.066,1,34.766,1
5905611,2025-10-30T14:45:20Z,1,-27.03341,158.65832,1,583.7,1,34.765,1,10.06,1,583.7,1,10.06,1,34.765,1
5905611,2025-10-30T14:45:20Z,1,-27.03341,158.65832,1,585.7,1,34.764,1,10.054,1,585.7,1,10.054,1,34.764,1
5905611,2025-10-30T14:45:20Z,1,-27.03341,158.65832,1,587.7,1,34.762,1,10.024,1,587.7,1,10.024,1,34.762,1
5905611,2025-10-30T14:45:20Z,1,-27.03341,158.65832,1,589.7,1,34.754,1,9.962,1,589.7,1,9.962,1,34.754,1
5905611,2025-10-30T14:45:20Z,1,-27.03341,158.65832,1,591.7,1,34.751,1,9.931,1,591.7,1,9.931,1,34.751,1
5905611,2025-10-30T14:45:20Z,1,-27.03341,158.65832,1,593.7,1,34.746,1,9.9,1,593.7,1,9.9,1,34.746,1
5905611,2025-10-30T14:45:20Z,1,-27.03341,158.65832,1,595.6,1,34.744,1,9.88,1,595.6,1,9.88,1,34.744,1
5905611,2025-10-30T14:45:20Z,1,-27.03341,158.65832,1,597.6,1,34.74,1,9.844,1,597.6,1,9.844,1,34.74,1
5905611,2025-10-30T14:45:20Z,1,-27.03341,158.65832,1,599.5,1,34.729,1,9.75,1,599.5,1,9.75,1,34.729,1
5905611,2025-10-30T14:45:20Z,1,-27.03341,158.65832,1,601.4,1,34.716,1,9.659,1,601.4,1,9.659,1,34.716,1
5905611,2025-10-30T14:45:20Z,1,-27.03341,158.65832,1,603.5,1,34.704,1,9.589,1,603.5,1,9.589,1,34.704,1
5905611,2025-10-30T14:45:20Z,1,-27.03341,158.65832,1,605.5,1,34.705,1,9.514,1,605.5,1,9.514,1,34.705,1
5905611,2025-10-30T14:45:20Z,1,-27.03341,158.65832,1,607.6,1,34.702,1,9.483,1,607.6,1,9.483,1,34.702,1
5905611,2025-10-30T14:45:20Z,1,-27.03341,158.65832,1,609.7,1,34.701,1,9.476,1,609.7,1,9.476,1,34.701,1
5905611,2025-10-30T14:45:20Z,1,-27.03341,158.65832,1,611.8,1,34.7,1,9.467,1,611.8,1,9.467,1,34.7,1
5905611,2025-10-30T14:45:20Z,1,-27.03341,158.65832,1,613.8,1,34.7,1,9.468,1,613.8,1,9.468,1,34.7,1
5905611,2025-10-30T14:45:20Z,1,-27.03341,158.65832,1,615.4,1,34.7,1,9.462,1,615.4,1,9.462,1,34.7,1
5905611,2025-10-30T14:45:20Z,1,-27.03341,158.65832,1,617.0,1,34.698,1,9.429,1,617.0,1,9.429,1,34.698,1
5905611,2025-10-30T14:45:20Z,1,-27.03341,158.65832,1,619.1,1,34.691,1,9.376,1,619.1,1,9.376,1,34.691,1
5905611,2025-10-30T14:45:20Z,1,-27.03341,158.65832,1,621.2,1,34.69,1,9.358,1,621.2,1,9.358,1,34.69,1
5905611,2025-10-30T14:45:20Z,1,-27.03341,158.65832,1,623.3,1,34.685,1,9.323,1,623.3,1,9.323,1,34.685,1
5905611,2025-10-30T14:45:20Z,1,-27.03341,158.65832,1,625.3,1,34.68,1,9.272,1,625.3,1,9.272,1,34.68,1
5905611,2025-10-30T14:45:20Z,1,-27.03341,158.65832,1,627.4,1,34.674,1,9.222,1,627.4,1,9.222,1,34.674,1
5905611,2025-10-30T14:45:20Z,1,-27.03341,158.65832,1,629.3,1,34.666,1,9.171,1,629.3,1,9.171,1,34.666,1
5905611,2025-10-30T14:45:20Z,1,-27.03341,158.65832,1,631.3,1,34.662,1,9.13,1,631.3,1,9.13,1,34.662,1
5905611,2025-10-30T14:45:20Z,1,-27.03341,158.65832,1,633.3,1,34.658,1,9.1,1,633.3,1,9.1,1,34.658,1
5905611,2025-10-30T14:45:20Z,1,-27.03341,158.65832,1,635.2,1,34.656,1,9.084,1,635.2,1,9.084,1,34.656,1
5905611,2025-10-30T14:45:20Z,1,-27.03341,158.65832,1,637.2,1,34.651,1,9.038,1,637.2,1,9.038,1,34.651,1
5905611,2025-10-30T14:45:20Z,1,-27.03341,158.65832,1,639.1,1,34.648,1,9.017,1,639.1,1,9.017,1,34.648,1
5905611,2025-10-30T14:45:20Z,1,-27.03341,158.65832,1,641.5,1,34.641,1,8.973,1,641.5,1,8.973,1,34.641,1
5905611,2025-10-30T14:45:20Z,1,-27.03341,158.65832,1,643.9,1,34.639,1,8.908,1,643.9,1,8.908,1,34.639,1
5905611,2025-10-30T14:45:20Z,1,-27.03341,158.65832,1,645.9,1,34.634,1,8.882,1,645.9,1,8.882,1,34.634,1
5905611,2025-10-30T14:45:20Z,1,-27.03341,158.65832,1,647.9,1,34.634,1,8.876,1,647.9,1,8.876,1,34.634,1
5905611,2025-10-30T14:45:20Z,1,-27.03341,158.65832,1,649.9,1,34.634,1,8.87,1,649.9,1,8.87,1,34.634,1
5905611,2025-10-30T14:45:20Z,1,-27.03341,158.65832,1,651.9,1,34.632,1,8.868,1,651.9,1,8.868,1,34.632,1
5905611,2025-10-30T14:45:20Z,1,-27.03341,158.65832,1,653.9,1,34.631,1,8.859,1,653.9,1,8.859,1,34.631,1
5905611,2025-10-30T14:45:20Z,1,-27.03341,158.65832,1,655.9,1,34.629,1,8.849,1,655.9,1,8.849,1,34.629,1
5905611,2025-10-30T14:45:20Z,1,-27.03341,158.65832,1,657.9,1,34.624,1,8.788,1,657.9,1,8.788,1,34.624,1
5905611,2025-10-30T14:45:20Z,1,-27.03341,158.65832,1,659.9,1,34.616,1,8.732,1,659.9,1,8.732,1,34.616,1
5905611,2025-10-30T14:45:20Z,1,-27.03341,158.65832,1,661.9,1,34.612,1,8.701,1,661.9,1,8.701,1,34.612,1
5905611,2025-10-30T14:45:20Z,1,-27.03341,158.65832,1,663.9,1,34.609,1,8.652,1,663.9,1,8.652,1,34.609,1
5905611,2025-10-30T14:45:20Z,1,-27.03341,158.65832,1,665.9,1,34.606,1,8.616,1,665.9,1,8.616,1,34.606,1
5905611,2025-10-30T14:45:20Z,1,-27.03341,158.65832,1,667.9,1,34.6,1,8.578,1,667.9,1,8.578,1,34.6,1
5905611,2025-10-30T14:45:20Z,1,-27.03341,158.65832,1,669.4,1,34.601,1,8.567,1,669.4,1,8.567,1,34.601,1
5905611,2025-10-30T14:45:20Z,1,-27.03341,158.65832,1,671.0,1,34.597,1,8.552,1,671.0,1,8.552,1,34.597,1
5905611,2025-10-30T14:45:20Z,1,-27.03341,158.65832,1,673.0,1,34.598,1,8.545,1,673.0,1,8.545,1,34.598,1
5905611,2025-10-30T14:45:20Z,1,-27.03341,158.65832,1,675.0,1,34.596,1,8.528,1,675.0,1,8.528,1,34.596,1
5905611,2025-10-30T14:45:20Z,1,-27.03341,158.65832,1,677.0,1,34.591,1,8.489,1,677.0,1,8.489,1,34.591,1
5905611,2025-10-30T14:45:20Z,1,-27.03341,158.65832,1,679.0,1,34.589,1,8.467,1,679.0,1,8.467,1,34.589,1
5905611,2025-10-30T14:45:20Z,1,-27.03341,158.65832,1,681.0,1,34.586,1,8.422,1,681.0,1,8.422,1,34.586,1
5905611,2025-10-30T14:45:20Z,1,-27.03341,158.65832,1,683.0,1,34.583,1,8.386,1,683.0,1,8.386,1,34.583,1
5905611,2025-10-30T14:45:20Z,1,-27.03341,158.65832,1,685.0,1,34.58,1,8.356,1,685.0,1,8.356,1,34.58,1
5905611,2025-10-30T14:45:20Z,1,-27.03341,158.65832,1,687.1,1,34.575,1,8.292,1,687.1,1,8.292,1,34.575,1
5905611,2025-10-30T14:45:20Z,1,-27.03341,158.65832,1,689.1,1,34.572,1,8.274,1,689.1,1,8.274,1,34.572,1
5905611,2025-10-30T14:45:20Z,1,-27.03341,158.65832,1,691.1,1,34.57,1,8.251,1,691.1,1,8.251,1,34.57,1
5905611,2025-10-30T14:45:20Z,1,-27.03341,158.65832,1,693.2,1,34.576,1,8.266,1,693.2,1,8.266,1,34.576,1
5905611,2025-10-30T14:45:20Z,1,-27.03341,158.65832,1,695.2,1,34.578,1,8.266,1,695.2,1,8.266,1,34.578,1
5905611,2025-10-30T14:45:20Z,1,-27.03341,158.65832,1,697.2,1,34.576,1,8.221,1,697.2,1,8.221,1,34.576,1
5905611,2025-10-30T14:45:20Z,1,-27.03341,158.65832,1,699.2,1,34.574,1,8.201,1,699.2,1,8.201,1,34.574,1
5905611,2025-10-30T14:45:20Z,1,-27.03341,158.65832,1,701.1,1,34.572,1,8.187,1,701.1,1,8.187,1,34.572,1
5905611,2025-10-30T14:45:20Z,1,-27.03341,158.65832,1,703.1,1,34.572,1,8.177,1,703.1,1,8.177,1,34.572,1
5905611,2025-10-30T14:45:20Z,1,-27.03341,158.65832,1,705.2,1,34.569,1,8.149,1,705.2,1,8.149,1,34.569,1
5905611,2025-10-30T14:45:20Z,1,-27.03341,158.65832,1,707.2,1,34.566,1,8.121,1,707.2,1,8.121,1,34.566,1
5905611,2025-10-30T14:45:20Z,1,-27.03341,158.65832,1,709.3,1,34.562,1,8.068,1,709.3,1,8.068,1,34.562,1
5905611,2025-10-30T14:45:20Z,1,-27.03341,158.65832,1,711.3,1,34.557,1,8.016,1,711.3,1,8.016,1,34.557,1
5905611,2025-10-30T14:45:20Z,1,-27.03341,158.65832,1,713.4,1,34.554,1,7.973,1,713.4,1,7.973,1,34.554,1
5905611,2025-10-30T14:45:20Z,1,-27.03341,158.65832,1,715.5,1,34.548,1,7.917,1,715.5,1,7.917,1,34.548,1
5905611,2025-10-30T14:45:20Z,1,-27.03341,158.65832,1,717.5,1,34.546,1,7.905,1,717.5,1,7.905,1,34.546,1
5905611,2025-10-30T14:45:20Z,1,-27.03341,158.65832,1,719.6,1,34.545,1,7.892,1,719.6,1,7.892,1,34.545,1
5905611,2025-10-30T14:45:20Z,1,-27.03341,158.65832,1,721.6,1,34.543,1,7.874,1,721.6,1,7.874,1,34.543,1
5905611,2025-10-30T14:45:20Z,1,-27.03341,158.65832,1,723.7,1,34.543,1,7.845,1,723.7,1,7.845,1,34.543,1
5905611,2025-10-30T14:45:20Z,1,-27.03341,158.65832,1,725.8,1,34.54,1,7.83,1,725.8,1,7.83,1,34.54,1
5905611,2025-10-30T14:45:20Z,1,-27.03341,158.65832,1,727.8,1,34.539,1,7.826,1,727.8,1,7.826,1,34.539,1
5905611,2025-10-30T14:45:20Z,1,-27.03341,158.65832,1,729.8,1,34.541,1,7.798,1,729.8,1,7.798,1,34.541,1
5905611,2025-10-30T14:45:20Z,1,-27.03341,158.65832,1,731.9,1,34.534,1,7.741,1,731.9,1,7.741,1,34.534,1
5905611,2025-10-30T14:45:20Z,1,-27.03341,158.65832,1,733.5,1,34.531,1,7.688,1,733.5,1,7.688,1,34.531,1
5905611,2025-10-30T14:45:20Z,1,-27.03341,158.65832,1,735.0,1,34.526,1,7.638,1,735.0,1,7.638,1,34.526,1
5905611,2025-10-30T14:45:20Z,1,-27.03341,158.65832,1,737.1,1,34.524,1,7.616,1,737.1,1,7.616,1,34.524,1
5905611,2025-10-30T14:45:20Z,1,-27.03341,158.65832,1,739.2,1,34.523,1,7.601,1,739.2,1,7.601,1,34.523,1
5905611,2025-10-30T14:45:20Z,1,-27.03341,158.65832,1,741.2,1,34.523,1,7.575,1,741.2,1,7.575,1,34.523,1
5905611,2025-10-30T14:45:20Z,1,-27.03341,158.65832,1,743.2,1,34.52,1,7.546,1,743.2,1,7.546,1,34.52,1
5905611,2025-10-30T14:45:20Z,1,-27.03341,158.65832,1,745.3,1,34.517,1,7.531,1,745.3,1,7.531,1,34.517,1
5905611,2025-10-30T14:45:20Z,1,-27.03341,158.65832,1,747.3,1,34.517,1,7.51,1,747.3,1,7.51,1,34.517,1
5905611,2025-10-30T14:45:20Z,1,-27.03341,158.65832,1,749.3,1,34.514,1,7.491,1,749.3,1,7.491,1,34.514,1
5905611,2025-10-30T14:45:20Z,1,-27.03341,158.65832,1,751.3,1,34.513,1,7.471,1,751.3,1,7.471,1,34.513,1
5905611,2025-10-30T14:45:20Z,1,-27.03341,158.65832,1,753.2,1,34.511,1,7.447,1,753.2,1,7.447,1,34.511,1
5905611,2025-10-30T14:45:20Z,1,-27.03341,158.65832,1,755.2,1,34.508,1,7.413,1,755.2,1,7.413,1,34.508,1
5905611,2025-10-30T14:45:20Z,1,-27.03341,158.65832,1,757.2,1,34.509,1,7.4,1,757.2,1,7.4,1,34.509,1
5905611,2025-10-30T14:45:20Z,1,-27.03341,158.65832,1,759.3,1,34.505,1,7.385,1,759.3,1,7.385,1,34.505,1
5905611,2025-10-30T14:45:20Z,1,-27.03341,158.65832,1,761.3,1,34.505,1,7.334,1,761.3,1,7.334,1,34.505,1
5905611,2025-10-30T14:45:20Z,1,-27.03341,158.65832,1,763.3,1,34.499,1,7.292,1,763.3,1,7.292,1,34.499,1
5905611,2025-10-30T14:45:20Z,1,-27.03341,158.65832,1,765.3,1,34.498,1,7.274,1,765.3,1,7.274,1,34.498,1
5905611,2025-10-30T14:45:20Z,1,-27.03341,158.65832,1,767.4,1,34.497,1,7.266,1,767.4,1,7.266,1,34.497,1
5905611,2025-10-30T14:45:20Z,1,-27.03341,158.65832,1,769.4,1,34.495,1,7.233,1,769.4,1,7.233,1,34.495,1
5905611,2025-10-30T14:45:20Z,1,-27.03341,158.65832,1,771.4,1,34.493,1,7.214,1,771.4,1,7.214,1,34.493,1
5905611,2025-10-30T14:45:20Z,1,-27.03341,158.65832,1,773.4,1,34.491,1,7.175,1,773.4,1,7.175,1,34.491,1
5905611,2025-10-30T14:45:20Z,1,-27.03341,158.65832,1,775.3,1,34.489,1,7.15,1,775.3,1,7.15,1,34.489,1
5905611,2025-10-30T14:45:20Z,1,-27.03341,158.65832,1,777.3,1,34.488,1,7.142,1,777.3,1,7.142,1,34.488,1
5905611,2025-10-30T14:45:20Z,1,-27.03341,158.65832,1,779.3,1,34.487,1,7.138,1,779.3,1,7.138,1,34.487,1
5905611,2025-10-30T14:45:20Z,1,-27.03341,158.65832,1,781.3,1,34.486,1,7.119,1,781.3,1,7.119,1,34.486,1
5905611,2025-10-30T14:45:20Z,1,-27.03341,158.65832,1,783.2,1,34.485,1,7.104,1,783.2,1,7.104,1,34.485,1
5905611,2025-10-30T14:45:20Z,1,-27.03341,158.65832,1,785.2,1,34.484,1,7.078,1,785.2,1,7.078,1,34.484,1
5905611,2025-10-30T14:45:20Z,1,-27.03341,158.65832,1,787.2,1,34.483,1,7.071,1,787.2,1,7.071,1,34.483,1
5905611,2025-10-30T14:45:20Z,1,-27.03341,158.65832,1,789.2,1,34.482,1,7.053,1,789.2,1,7.053,1,34.482,1
5905611,2025-10-30T14:45:20Z,1,-27.03341,158.65832,1,791.1,1,34.48,1,7.01,1,791.1,1,7.01,1,34.48,1
5905611,2025-10-30T14:45:20Z,1,-27.03341,158.65832,1,793.1,1,34.479,1,6.985,1,793.1,1,6.985,1,34.479,1
5905611,2025-10-30T14:45:20Z,1,-27.03341,158.65832,1,795.1,1,34.478,1,6.958,1,795.1,1,6.958,1,34.478,1
5905611,2025-10-30T14:45:20Z,1,-27.03341,158.65832,1,797.2,1,34.475,1,6.928,1,797.2,1,6.928,1,34.475,1
5905611,2025-10-30T14:45:20Z,1,-27.03341,158.65832,1,799.2,1,34.474,1,6.91,1,799.2,1,6.91,1,34.474,1
5905611,2025-10-30T14:45:20Z,1,-27.03341,158.65832,1,801.2,1,34.473,1,6.885,1,801.2,1,6.885,1,34.473,1
5905611,2025-10-30T14:45:20Z,1,-27.03341,158.65832,1,803.2,1,34.471,1,6.849,1,803.2,1,6.849,1,34.471,1
5905611,2025-10-30T14:45:20Z,1,-27.03341,158.65832,1,805.2,1,34.469,1,6.818,1,805.2,1,6.818,1,34.469,1
5905611,2025-10-30T14:45:20Z,1,-27.03341,158.65832,1,807.3,1,34.468,1,6.81,1,807.3,1,6.81,1,34.468,1
5905611,2025-10-30T14:45:20Z,1,-27.03341,158.65832,1,809.3,1,34.468,1,6.807,1,809.3,1,6.807,1,34.468,1
5905611,2025-10-30T14:45:20Z,1,-27.03341,158.65832,1,811.6,1,34.466,1,6.779,1,811.6,1,6.779,1,34.466,1
5905611,2025-10-30T14:45:20Z,1,-27.03341,158.65832,1,813.6,1,34.466,1,6.771,1,813.6,1,6.771,1,34.466,1
5905611,2025-10-30T14:45:20Z,1,-27.03341,158.65832,1,815.6,1,34.466,1,6.765,1,815.6,1,6.765,1,34.466,1
5905611,2025-10-30T14:45:20Z,1,-27.03341,158.65832,1,817.6,1,34.465,1,6.755,1,817.6,1,6.755,1,34.465,1
5905611,2025-10-30T14:45:20Z,1,-27.03341,158.65832,1,819.6,1,34.465,1,6.754,1,819.6,1,6.754,1,34.465,1
5905611,2025-10-30T14:45:20Z,1,-27.03341,158.65832,1,821.7,1,34.465,1,6.744,1,821.7,1,6.744,1,34.465,1
5905611,2025-10-30T14:45:20Z,1,-27.03341,158.65832,1,823.3,1,34.464,1,6.732,1,823.3,1,6.732,1,34.464,1
5905611,2025-10-30T14:45:20Z,1,-27.03341,158.65832,1,825.4,1,34.463,1,6.72,1,825.4,1,6.72,1,34.463,1
5905611,2025-10-30T14:45:20Z,1,-27.03341,158.65832,1,827.5,1,34.462,1,6.701,1,827.5,1,6.701,1,34.462,1
5905611,2025-10-30T14:45:20Z,1,-27.03341,158.65832,1,829.5,1,34.461,1,6.672,1,829.5,1,6.672,1,34.461,1
5905611,2025-10-30T14:45:20Z,1,-27.03341,158.65832,1,831.6,1,34.461,1,6.653,1,831.6,1,6.653,1,34.461,1
5905611,2025-10-30T14:45:20Z,1,-27.03341,158.65832,1,833.2,1,34.46,1,6.619,1,833.2,1,6.619,1,34.46,1
5905611,2025-10-30T14:45:20Z,1,-27.03341,158.65832,1,835.4,1,34.458,1,6.584,1,835.4,1,6.584,1,34.458,1
5905611,2025-10-30T14:45:20Z,1,-27.03341,158.65832,1,837.6,1,34.457,1,6.58,1,837.6,1,6.58,1,34.457,1
5905611,2025-10-30T14:45:20Z,1,-27.03341,158.65832,1,839.4,1,34.458,1,6.579,1,839.4,1,6.579,1,34.458,1
5905611,2025-10-30T14:45:20Z,1,-27.03341,158.65832,1,841.2,1,34.457,1,6.579,1,841.2,1,6.579,1,34.457,1
5905611,2025-10-30T14:45:20Z,1,-27.03341,158.65832,1,843.0,1,34.457,1,6.567,1,843.0,1,6.567,1,34.457,1
5905611,2025-10-30T14:45:20Z,1,-27.03341,158.65832,1,845.4,1,34.456,1,6.545,1,845.4,1,6.545,1,34.456,1
5905611,2025-10-30T14:45:20Z,1,-27.03341,158.65832,1,847.6,1,34.455,1,6.521,1,847.6,1,6.521,1,34.455,1
5905611,2025-10-30T14:45:20Z,1,-27.03341,158.65832,1,849.5,1,34.455,1,6.515,1,849.5,1,6.515,1,34.455,1
5905611,2025-10-30T14:45:20Z,1,-27.03341,158.65832,1,851.3,1,34.455,1,6.513,1,851.3,1,6.513,1,34.455,1
5905611,2025-10-30T14:45:20Z,1,-27.03341,158.65832,1,853.1,1,34.455,1,6.509,1,853.1,1,6.509,1,34.455,1
5905611,2025-10-30T14:45:20Z,1,-27.03341,158.65832,1,855.4,1,34.454,1,6.492,1,855.4,1,6.492,1,34.454,1
5905611,2025-10-30T14:45:20Z,1,-27.03341,158.65832,1,857.7,1,34.453,1,6.475,1,857.7,1,6.475,1,34.453,1
5905611,2025-10-30T14:45:20Z,1,-27.03341,158.65832,1,859.5,1,34.452,1,6.45,1,859.5,1,6.45,1,34.452,1
5905611,2025-10-30T14:45:20Z,1,-27.03341,158.65832,1,861.4,1,34.45,1,6.441,1,861.4,1,6.441,1,34.45,1
5905611,2025-10-30T14:45:20Z,1,-27.03341,158.65832,1,863.2,1,34.45,1,6.434,1,863.2,1,6.434,1,34.45,1
5905611,2025-10-30T14:45:20Z,1,-27.03341,158.65832,1,865.0,1,34.451,1,6.419,1,865.0,1,6.419,1,34.451,1
5905611,2025-10-30T14:45:20Z,1,-27.03341,158.65832,1,867.4,1,34.449,1,6.405,1,867.4,1,6.405,1,34.449,1
5905611,2025-10-30T14:45:20Z,1,-27.03341,158.65832,1,869.7,1,34.45,1,6.39,1,869.7,1,6.39,1,34.45,1
5905611,2025-10-30T14:45:20Z,1,-27.03341,158.65832,1,871.5,1,34.448,1,6.376,1,871.5,1,6.376,1,34.448,1
5905611,2025-10-30T14:45:20Z,1,-27.03341,158.65832,1,873.4,1,34.448,1,6.368,1,873.4,1,6.368,1,34.448,1
5905611,2025-10-30T14:45:20Z,1,-27.03341,158.65832,1,875.3,1,34.449,1,6.366,1,875.3,1,6.366,1,34.449,1
5905611,2025-10-30T14:45:20Z,1,-27.03341,158.65832,1,877.1,1,34.448,1,6.349,1,877.1,1,6.349,1,34.448,1
5905611,2025-10-30T14:45:20Z,1,-27.03341,158.65832,1,879.5,1,34.446,1,6.331,1,879.5,1,6.331,1,34.446,1
5905611,2025-10-30T14:45:20Z,1,-27.03341,158.65832,1,881.8,1,34.447,1,6.323,1,881.8,1,6.323,1,34.447,1
5905611,2025-10-30T14:45:20Z,1,-27.03341,158.65832,1,883.5,1,34.446,1,6.313,1,883.5,1,6.313,1,34.446,1
5905611,2025-10-30T14:45:20Z,1,-27.03341,158.65832,1,885.4,1,34.445,1,6.308,1,885.4,1,6.308,1,34.445,1
5905611,2025-10-30T14:45:20Z,1,-27.03341,158.65832,1,887.2,1,34.444,1,6.294,1,887.2,1,6.294,1,34.444,1
5905611,2025-10-30T14:45:20Z,1,-27.03341,158.65832,1,889.1,1,34.446,1,6.276,1,889.1,1,6.276,1,34.446,1
5905611,2025-10-30T14:45:20Z,1,-27.03341,158.65832,1,891.4,1,34.444,1,6.261,1,891.4,1,6.261,1,34.444,1
5905611,2025-10-30T14:45:20Z,1,-27.03341,158.65832,1,893.7,1,34.444,1,6.239,1,893.7,1,6.239,1,34.444,1
5905611,2025-10-30T14:45:20Z,1,-27.03341,158.65832,1,895.6,1,34.443,1,6.222,1,895.6,1,6.222,1,34.443,1
5905611,2025-10-30T14:45:20Z,1,-27.03341,158.65832,1,897.5,1,34.443,1,6.2,1,897.5,1,6.2,1,34.443,1
5905611,2025-10-30T14:45:20Z,1,-27.03341,158.65832,1,899.4,1,34.443,1,6.185,1,899.4,1,6.185,1,34.443,1
5905611,2025-10-30T14:45:20Z,1,-27.03341,158.65832,1,901.3,1,34.442,1,6.176,1,901.3,1,6.176,1,34.442,1
5905611,2025-10-30T14:45:20Z,1,-27.03341,158.65832,1,903.1,1,34.443,1,6.16,1,903.1,1,6.16,1,34.443,1
5905611,2025-10-30T14:45:20Z,1,-27.03341,158.65832,1,905.0,1,34.442,1,6.151,1,905.0,1,6.151,1,34.442,1
5905611,2025-10-30T14:45:20Z,1,-27.03341,158.65832,1,907.4,1,34.443,1,6.135,1,907.4,1,6.135,1,34.443,1
5905611,2025-10-30T14:45:20Z,1,-27.03341,158.65832,1,909.7,1,34.442,1,6.123,1,909.7,1,6.123,1,34.442,1
5905611,2025-10-30T14:45:20Z,1,-27.03341,158.65832,1,911.6,1,34.443,1,6.11,1,911.6,1,6.11,1,34.443,1
5905611,2025-10-30T14:45:20Z,1,-27.03341,158.65832,1,913.5,1,34.441,1,6.102,1,913.5,1,6.102,1,34.441,1
5905611,2025-10-30T14:45:20Z,1,-27.03341,158.65832,1,915.4,1,34.441,1,6.093,1,915.4,1,6.093,1,34.441,1
5905611,2025-10-30T14:45:20Z,1,-27.03341,158.65832,1,917.2,1,34.442,1,6.073,1,917.2,1,6.073,1,34.442,1
5905611,2025-10-30T14:45:20Z,1,-27.03341,158.65832,1,919.1,1,34.442,1,6.054,1,919.1,1,6.054,1,34.442,1
5905611,2025-10-30T14:45:20Z,1,-27.03341,158.65832,1,921.0,1,34.442,1,6.038,1,921.0,1,6.038,1,34.442,1
5905611,2025-10-30T14:45:20Z,1,-27.03341,158.65832,1,923.4,1,34.442,1,6.033,1,923.4,1,6.033,1,34.442,1
5905611,2025-10-30T14:45:20Z,1,-27.03341,158.65832,1,925.7,1,34.442,1,6.026,1,925.7,1,6.026,1,34.442,1
5905611,2025-10-30T14:45:20Z,1,-27.03341,158.65832,1,927.5,1,34.442,1,6.018,1,927.5,1,6.018,1,34.442,1
5905611,2025-10-30T14:45:20Z,1,-27.03341,158.65832,1,929.4,1,34.442,1,6.009,1,929.4,1,6.009,1,34.442,1
5905611,2025-10-30T14:45:20Z,1,-27.03341,158.65832,1,931.3,1,34.441,1,5.999,1,931.3,1,5.999,1,34.441,1
5905611,2025-10-30T14:45:20Z,1,-27.03341,158.65832,1,933.1,1,34.441,1,5.988,1,933.1,1,5.988,1,34.441,1
5905611,2025-10-30T14:45:20Z,1,-27.03341,158.65832,1,935.0,1,34.441,1,5.981,1,935.0,1,5.981,1,34.441,1
5905611,2025-10-30T14:45:20Z,1,-27.03341,158.65832,1,937.4,1,34.442,1,5.963,1,937.4,1,5.963,1,34.442,1
5905611,2025-10-30T14:45:20Z,1,-27.03341,158.65832,1,939.6,1,34.442,1,5.939,1,939.6,1,5.939,1,34.442,1
5905611,2025-10-30T14:45:20Z,1,-27.03341,158.65832,1,941.4,1,34.442,1,5.914,1,941.4,1,5.914,1,34.442,1
5905611,2025-10-30T14:45:20Z,1,-27.03341,158.65832,1,943.2,1,34.44,1,5.904,1,943.2,1,5.904,1,34.44,1
5905611,2025-10-30T14:45:20Z,1,-27.03341,158.65832,1,945.5,1,34.44,1,5.884,1,945.5,1,5.884,1,34.44,1
5905611,2025-10-30T14:45:20Z,1,-27.03341,158.65832,1,947.7,1,34.44,1,5.848,1,947.7,1,5.848,1,34.44,1
5905611,2025-10-30T14:45:20Z,1,-27.03341,158.65832,1,949.5,1,34.439,1,5.838,1,949.5,1,5.838,1,34.439,1
5905611,2025-10-30T14:45:20Z,1,-27.03341,158.65832,1,951.3,1,34.44,1,5.828,1,951.3,1,5.828,1,34.44,1
5905611,2025-10-30T14:45:20Z,1,-27.03341,158.65832,1,953.1,1,34.439,1,5.823,1,953.1,1,5.823,1,34.439,1
5905611,2025-10-30T14:45:20Z,1,-27.03341,158.65832,1,955.5,1,34.44,1,5.808,1,955.5,1,5.808,1,34.44,1
5905611,2025-10-30T14:45:20Z,1,-27.03341,158.65832,1,957.7,1,34.441,1,5.789,1,957.7,1,5.789,1,34.441,1
5905611,2025-10-30T14:45:20Z,1,-27.03341,158.65832,1,959.6,1,34.44,1,5.779,1,959.6,1,5.779,1,34.44,1
5905611,2025-10-30T14:45:20Z,1,-27.03341,158.65832,1,961.4,1,34.44,1,5.76,1,961.4,1,5.76,1,34.44,1
5905611,2025-10-30T14:45:20Z,1,-27.03341,158.65832,1,963.1,1,34.44,1,5.738,1,963.1,1,5.738,1,34.44,1
5905611,2025-10-30T14:45:20Z,1,-27.03341,158.65832,1,965.3,1,34.44,1,5.711,1,965.3,1,5.711,1,34.44,1
5905611,2025-10-30T14:45:20Z,1,-27.03341,158.65832,1,967.5,1,34.441,1,5.693,1,967.5,1,5.693,1,34.441,1
5905611,2025-10-30T14:45:20Z,1,-27.03341,158.65832,1,969.3,1,34.44,1,5.691,1,969.3,1,5.691,1,34.44,1
5905611,2025-10-30T14:45:20Z,1,-27.03341,158.65832,1,971.5,1,34.44,1,5.678,1,971.5,1,5.678,1,34.44,1
5905611,2025-10-30T14:45:20Z,1,-27.03341,158.65832,1,973.7,1,34.441,1,5.668,1,973.7,1,5.668,1,34.441,1
5905611,2025-10-30T14:45:20Z,1,-27.03341,158.65832,1,975.6,1,34.441,1,5.632,1,975.6,1,5.632,1,34.441,1
5905611,2025-10-30T14:45:20Z,1,-27.03341,158.65832,1,977.3,1,34.44,1,5.624,1,977.3,1,5.624,1,34.44,1
5905611,2025-10-30T14:45:20Z,1,-27.03341,158.65832,1,979.5,1,34.441,1,5.603,1,979.5,1,5.603,1,34.441,1
5905611,2025-10-30T14:45:20Z,1,-27.03341,158.65832,1,981.7,1,34.44,1,5.586,1,981.7,1,5.586,1,34.44,1
5905611,2025-10-30T14:45:20Z,1,-27.03341,158.65832,1,983.5,1,34.44,1,5.581,1,983.5,1,5.581,1,34.44,1
5905611,2025-10-30T14:45:20Z,1,-27.03341,158.65832,1,985.3,1,34.44,1,5.576,1,985.3,1,5.576,1,34.44,1
5905611,2025-10-30T14:45:20Z,1,-27.03341,158.65832,1,987.5,1,34.441,1,5.567,1,987.5,1,5.567,1,34.441,1
5905611,2025-10-30T14:45:20Z,1,-27.03341,158.65832,1,989.8,1,34.441,1,5.56,1,989.8,1,5.56,1,34.441,1
5905611,2025-10-30T14:45:20Z,1,-27.03341,158.65832,1,991.6,1,34.441,1,5.554,1,991.6,1,5.554,1,34.441,1
5905611,2025-10-30T14:45:20Z,1,-27.03341,158.65832,1,993.4,1,34.44,1,5.538,1,993.4,1,5.538,1,34.44,1
5905611,2025-10-30T14:45:20Z,1,-27.03341,158.65832,1,995.3,1,34.442,1,5.503,1,995.3,1,5.503,1,34.442,1
5905611,2025-10-30T14:45:20Z,1,-27.03341,158.65832,1,997.1,1,34.442,1,5.48,1,997.1,1,5.48,1,34.442,1
5905611,2025-10-30T14:45:20Z,1,-27.03341,158.65832,1,999.5,1,34.443,1,5.452,1,999.5,1,5.452,1,34.443,1
5905611,2025-10-30T14:45:20Z,1,-27.03341,158.65832,1,1001.8,1,34.443,1,5.439,1,1001.8,1,5.439,1,34.443,1
5905611,2025-10-30T14:45:20Z,1,-27.03341,158.65832,1,1003.6,1,34.443,1,5.432,1,1003.6,1,5.432,1,34.443,1
5905611,2025-10-30T14:45:20Z,1,-27.03341,158.65832,1,1005.5,1,34.443,1,5.413,1,1005.5,1,5.413,1,34.443,1
5905611,2025-10-30T14:45:20Z,1,-27.03341,158.65832,1,1007.5,1,34.445,1,5.398,1,1007.5,1,5.398,1,34.445,1
5905611,2025-10-30T14:45:20Z,1,-27.03341,158.65832,1,1009.3,1,34.444,1,5.39,1,1009.3,1,5.39,1,34.444,1
5905611,2025-10-30T14:45:20Z,1,-27.03341,158.65832,1,1011.3,1,34.444,1,5.384,1,1011.3,1,5.384,1,34.444,1
5905611,2025-10-30T14:45:20Z,1,-27.03341,158.65832,1,1013.4,1,34.445,1,5.371,1,1013.4,1,5.371,1,34.445,1
5905611,2025-10-30T14:45:20Z,1,-27.03341,158.65832,1,1015.4,1,34.445,1,5.359,1,1015.4,1,5.359,1,34.445,1
5905611,2025-10-30T14:45:20Z,1,-27.03341,158.65832,1,1017.5,1,34.446,1,5.336,1,1017.5,1,5.336,1,34.446,1
5905611,2025-10-30T14:45:20Z,1,-27.03341,158.65832,1,1019.5,1,34.446,1,5.325,1,1019.5,1,5.325,1,34.446,1
5905611,2025-10-30T14:45:20Z,1,-27.03341,158.65832,1,1021.5,1,34.447,1,5.306,1,1021.5,1,5.306,1,34.447,1
5905611,2025-10-30T14:45:20Z,1,-27.03341,158.65832,1,1023.5,1,34.447,1,5.294,1,1023.5,1,5.294,1,34.447,1
5905611,2025-10-30T14:45:20Z,1,-27.03341,158.65832,1,1025.4,1,34.448,1,5.279,1,1025.4,1,5.279,1,34.448,1
5905611,2025-10-30T14:45:20Z,1,-27.03341,158.65832,1,1027.4,1,34.449,1,5.268,1,1027.4,1,5.268,1,34.449,1
5905611,2025-10-30T14:45:20Z,1,-27.03341,158.65832,1,1029.3,1,34.449,1,5.254,1,1029.3,1,5.254,1,34.449,1
5905611,2025-10-30T14:45:20Z,1,-27.03341,158.65832,1,1031.4,1,34.45,1,5.237,1,1031.4,1,5.237,1,34.45,1
5905611,2025-10-30T14:45:20Z,1,-27.03341,158.65832,1,1033.3,1,34.451,1,5.215,1,1033.3,1,5.215,1,34.451,1
5905611,2025-10-30T14:45:20Z,1,-27.03341,158.65832,1,1035.2,1,34.452,1,5.2,1,1035.2,1,5.2,1,34.452,1
5905611,2025-10-30T14:45:20Z,1,-27.03341,158.65832,1,1037.5,1,34.451,1,5.19,1,1037.5,1,5.19,1,34.451,1
5905611,2025-10-30T14:45:20Z,1,-27.03341,158.65832,1,1039.5,1,34.452,1,5.165,1,1039.5,1,5.165,1,34.452,1
5905611,2025-10-30T14:45:20Z,1,-27.03341,158.65832,1,1041.5,1,34.452,1,5.152,1,1041.5,1,5.152,1,34.452,1
5905611,2025-10-30T14:45:20Z,1,-27.03341,158.65832,1,1043.6,1,34.453,1,5.128,1,1043.6,1,5.128,1,34.453,1
5905611,2025-10-30T14:45:20Z,1,-27.03341,158.65832,1,1045.2,1,34.453,1,5.121,1,1045.2,1,5.121,1,34.453,1
5905611,2025-10-30T14:45:20Z,1,-27.03341,158.65832,1,1047.3,1,34.453,1,5.115,1,1047.3,1,5.115,1,34.453,1
5905611,2025-10-30T14:45:20Z,1,-27.03341,158.65832,1,1049.3,1,34.454,1,5.1,1,1049.3,1,5.1,1,34.454,1
5905611,2025-10-30T14:45:20Z,1,-27.03341,158.65832,1,1051.4,1,34.454,1,5.093,1,1051.4,1,5.093,1,34.454,1
5905611,2025-10-30T14:45:20Z,1,-27.03341,158.65832,1,1053.6,1,34.454,1,5.091,1,1053.6,1,5.091,1,34.454,1
5905611,2025-10-30T14:45:20Z,1,-27.03341,158.65832,1,1055.3,1,34.454,1,5.084,1,1055.3,1,5.084,1,34.454,1
5905611,2025-10-30T14:45:20Z,1,-27.03341,158.65832,1,1057.4,1,34.455,1,5.068,1,1057.4,1,5.068,1,34.455,1
5905611,2025-10-30T14:45:20Z,1,-27.03341,158.65832,1,1059.6,1,34.455,1,5.059,1,1059.6,1,5.059,1,34.455,1
5905611,2025-10-30T14:45:20Z,1,-27.03341,158.65832,1,1061.3,1,34.457,1,5.046,1,1061.3,1,5.046,1,34.457,1
5905611,2025-10-30T14:45:20Z,1,-27.03341,158.65832,1,1063.1,1,34.456,1,5.042,1,1063.1,1,5.042,1,34.456,1
5905611,2025-10-30T14:45:20Z,1,-27.03341,158.65832,1,1065.3,1,34.456,1,5.035,1,1065.3,1,5.035,1,34.456,1
5905611,2025-10-30T14:45:20Z,1,-27.03341,158.65832,1,1067.5,1,34.456,1,5.031,1,1067.5,1,5.031,1,34.456,1
5905611,2025-10-30T14:45:20Z,1,-27.03341,158.65832,1,1069.2,1,34.456,1,5.028,1,1069.2,1,5.028,1,34.456,1
5905611,2025-10-30T14:45:20Z,1,-27.03341,158.65832,1,1071.4,1,34.456,1,5.025,1,1071.4,1,5.025,1,34.456,1
5905611,2025-10-30T14:45:20Z,1,-27.03341,158.65832,1,1073.6,1,34.455,1,5.022,1,1073.6,1,5.022,1,34.455,1
5905611,2025-10-30T14:45:20Z,1,-27.03341,158.65832,1,1075.3,1,34.459,1,5.0,1,1075.3,1,5.0,1,34.459,1
5905611,2025-10-30T14:45:20Z,1,-27.03341,158.65832,1,1077.1,1,34.457,1,4.995,1,1077.1,1,4.995,1,34.457,1
5905611,2025-10-30T14:45:20Z,1,-27.03341,158.65832,1,1079.4,1,34.458,1,4.966,1,1079.4,1,4.966,1,34.458,1
5905611,2025-10-30T14:45:20Z,1,-27.03341,158.65832,1,1081.7,1,34.459,1,4.96,1,1081.7,1,4.96,1,34.459,1
5905611,2025-10-30T14:45:20Z,1,-27.03341,158.65832,1,1083.6,1,34.459,1,4.957,1,1083.6,1,4.957,1,34.459,1
5905611,2025-10-30T14:45:20Z,1,-27.03341,158.65832,1,1085.4,1,34.459,1,4.955,1,1085.4,1,4.955,1,34.459,1
5905611,2025-10-30T14:45:20Z,1,-27.03341,158.65832,1,1087.2,1,34.458,1,4.95,1,1087.2,1,4.95,1,34.458,1
5905611,2025-10-30T14:45:20Z,1,-27.03341,158.65832,1,1089.5,1,34.459,1,4.935,1,1089.5,1,4.935,1,34.459,1
5905611,2025-10-30T14:45:20Z,1,-27.03341,158.65832,1,1091.7,1,34.459,1,4.922,1,1091.7,1,4.922,1,34.459,1
5905611,2025-10-30T14:45:20Z,1,-27.03341,158.65832,1,1093.4,1,34.461,1,4.895,1,1093.4,1,4.895,1,34.461,1
5905611,2025-10-30T14:45:20Z,1,-27.03341,158.65832,1,1095.2,1,34.461,1,4.88,1,1095.2,1,4.88,1,34.461,1
5905611,2025-10-30T14:45:20Z,1,-27.03341,158.65832,1,1097.5,1,34.462,1,4.865,1,1097.5,1,4.865,1,34.462,1
5905611,2025-10-30T14:45:20Z,1,-27.03341,158.65832,1,1099.7,1,34.463,1,4.862,1,1099.7,1,4.862,1,34.463,1
5905611,2025-10-30T14:45:20Z,1,-27.03341,158.65832,1,1101.5,1,34.463,1,4.862,1,1101.5,1,4.862,1,34.463,1
5905611,2025-10-30T14:45:20Z,1,-27.03341,158.65832,1,1103.3,1,34.462,1,4.862,1,1103.3,1,4.862,1,34.462,1
5905611,2025-10-30T14:45:20Z,1,-27.03341,158.65832,1,1105.5,1,34.462,1,4.854,1,1105.5,1,4.854,1,34.462,1
5905611,2025-10-30T14:45:20Z,1,-27.03341,158.65832,1,1107.7,1,34.463,1,4.84,1,1107.7,1,4.84,1,34.463,1
5905611,2025-10-30T14:45:20Z,1,-27.03341,158.65832,1,1109.5,1,34.463,1,4.831,1,1109.5,1,4.831,1,34.463,1
5905611,2025-10-30T14:45:20Z,1,-27.03341,158.65832,1,1111.2,1,34.464,1,4.824,1,1111.2,1,4.824,1,34.464,1
5905611,2025-10-30T14:45:20Z,1,-27.03341,158.65832,1,1113.3,1,34.465,1,4.81,1,1113.3,1,4.81,1,34.465,1
5905611,2025-10-30T14:45:20Z,1,-27.03341,158.65832,1,1115.5,1,34.466,1,4.796,1,1115.5,1,4.796,1,34.466,1
5905611,2025-10-30T14:45:20Z,1,-27.03341,158.65832,1,1117.2,1,34.466,1,4.786,1,1117.2,1,4.786,1,34.466,1
5905611,2025-10-30T14:45:20Z,1,-27.03341,158.65832,1,1119.3,1,34.467,1,4.778,1,1119.3,1,4.778,1,34.467,1
5905611,2025-10-30T14:45:20Z,1,-27.03341,158.65832,1,1121.5,1,34.466,1,4.771,1,1121.5,1,4.771,1,34.466,1
5905611,2025-10-30T14:45:20Z,1,-27.03341,158.65832,1,1123.2,1,34.466,1,4.767,1,1123.2,1,4.767,1,34.466,1
5905611,2025-10-30T14:45:20Z,1,-27.03341,158.65832,1,1125.3,1,34.467,1,4.759,1,1125.3,1,4.759,1,34.467,1
5905611,2025-10-30T14:45:20Z,1,-27.03341,158.65832,1,1127.4,1,34.467,1,4.752,1,1127.4,1,4.752,1,34.467,1
5905611,2025-10-30T14:45:20Z,1,-27.03341,158.65832,1,1129.5,1,34.469,1,4.722,1,1129.5,1,4.722,1,34.469,1
5905611,2025-10-30T14:45:20Z,1,-27.03341,158.65832,1,1131.6,1,34.469,1,4.712,1,1131.6,1,4.712,1,34.469,1
5905611,2025-10-30T14:45:20Z,1,-27.03341,158.65832,1,1133.3,1,34.47,1,4.7,1,1133.3,1,4.7,1,34.47,1
5905611,2025-10-30T14:45:20Z,1,-27.03341,158.65832,1,1135.4,1,34.47,1,4.698,1,1135.4,1,4.698,1,34.47,1
5905611,2025-10-30T14:45:20Z,1,-27.03341,158.65832,1,1137.6,1,34.47,1,4.693,1,1137.6,1,4.693,1,34.47,1
5905611,2025-10-30T14:45:20Z,1,-27.03341,158.65832,1,1139.3,1,34.47,1,4.687,1,1139.3,1,4.687,1,34.47,1
5905611,2025-10-30T14:45:20Z,1,-27.03341,158.65832,1,1141.3,1,34.473,1,4.662,1,1141.3,1,4.662,1,34.473,1
5905611,2025-10-30T14:45:20Z,1,-27.03341,158.65832,1,1143.5,1,34.472,1,4.64,1,1143.5,1,4.64,1,34.472,1
5905611,2025-10-30T14:45:20Z,1,-27.03341,158.65832,1,1145.5,1,34.472,1,4.632,1,1145.5,1,4.632,1,34.472,1
5905611,2025-10-30T14:45:20Z,1,-27.03341,158.65832,1,1147.5,1,34.473,1,4.623,1,1147.5,1,4.623,1,34.473,1
5905611,2025-10-30T14:45:20Z,1,-27.03341,158.65832,1,1149.5,1,34.473,1,4.609,1,1149.5,1,4.609,1,34.473,1
5905611,2025-10-30T14:45:20Z,1,-27.03341,158.65832,1,1151.6,1,34.475,1,4.589,1,1151.6,1,4.589,1,34.475,1
5905611,2025-10-30T14:45:20Z,1,-27.03341,158.65832,1,1153.6,1,34.475,1,4.583,1,1153.6,1,4.583,1,34.475,1
5905611,2025-10-30T14:45:20Z,1,-27.03341,158.65832,1,1155.6,1,34.475,1,4.578,1,1155.6,1,4.578,1,34.475,1
5905611,2025-10-30T14:45:20Z,1,-27.03341,158.65832,1,1157.2,1,34.475,1,4.565,1,1157.2,1,4.565,1,34.475,1
5905611,2025-10-30T14:45:20Z,1,-27.03341,158.65832,1,1159.3,1,34.477,1,4.54,1,1159.3,1,4.54,1,34.477,1
5905611,2025-10-30T14:45:20Z,1,-27.03341,158.65832,1,1161.3,1,34.476,1,4.538,1,1161.3,1,4.538,1,34.476,1
5905611,2025-10-30T14:45:20Z,1,-27.03341,158.65832,1,1163.4,1,34.477,1,4.536,1,1163.4,1,4.536,1,34.477,1
5905611,2025-10-30T14:45:20Z,1,-27.03341,158.65832,1,1165.5,1,34.477,1,4.534,1,1165.5,1,4.534,1,34.477,1
5905611,2025-10-30T14:45:20Z,1,-27.03341,158.65832,1,1167.2,1,34.477,1,4.532,1,1167.2,1,4.532,1,34.477,1
5905611,2025-10-30T14:45:20Z,1,-27.03341,158.65832,1,1169.3,1,34.477,1,4.516,1,1169.3,1,4.516,1,34.477,1
5905611,2025-10-30T14:45:20Z,1,-27.03341,158.65832,1,1171.4,1,34.479,1,4.482,1,1171.4,1,4.482,1,34.479,1
5905611,2025-10-30T14:45:20Z,1,-27.03341,158.65832,1,1173.4,1,34.479,1,4.462,1,1173.4,1,4.462,1,34.479,1
5905611,2025-10-30T14:45:20Z,1,-27.03341,158.65832,1,1175.6,1,34.482,1,4.437,1,1175.6,1,4.437,1,34.482,1
5905611,2025-10-30T14:45:20Z,1,-27.03341,158.65832,1,1177.2,1,34.483,1,4.427,1,1177.2,1,4.427,1,34.483,1
5905611,2025-10-30T14:45:20Z,1,-27.03341,158.65832,1,1179.3,1,34.484,1,4.414,1,1179.3,1,4.414,1,34.484,1
5905611,2025-10-30T14:45:20Z,1,-27.03341,158.65832,1,1181.4,1,34.483,1,4.41,1,1181.4,1,4.41,1,34.483,1
5905611,2025-10-30T14:45:20Z,1,-27.03341,158.65832,1,1183.5,1,34.484,1,4.397,1,1183.5,1,4.397,1,34.484,1
5905611,2025-10-30T14:45:20Z,1,-27.03341,158.65832,1,1185.6,1,34.485,1,4.39,1,1185.6,1,4.39,1,34.485,1
5905611,2025-10-30T14:45:20Z,1,-27.03341,158.65832,1,1187.3,1,34.486,1,4.382,1,1187.3,1,4.382,1,34.486,1
5905611,2025-10-30T14:45:20Z,1,-27.03341,158.65832,1,1189.4,1,34.485,1,4.371,1,1189.4,1,4.371,1,34.485,1
5905611,2025-10-30T14:45:20Z,1,-27.03341,158.65832,1,1191.6,1,34.487,1,4.355,1,1191.6,1,4.355,1,34.487,1
5905611,2025-10-30T14:45:20Z,1,-27.03341,158.65832,1,1193.3,1,34.487,1,4.341,1,1193.3,1,4.341,1,34.487,1
5905611,2025-10-30T14:45:20Z,1,-27.03341,158.65832,1,1195.5,1,34.488,1,4.33,1,1195.5,1,4.33,1,34.488,1
5905611,2025-10-30T14:45:20Z,1,-27.03341,158.65832,1,1197.7,1,34.489,1,4.322,1,1197.7,1,4.322,1,34.489,1
5905611,2025-10-30T14:45:20Z,1,-27.03341,158.65832,1,1199.4,1,34.489,1,4.311,1,1199.4,1,4.311,1,34.489,1
5905611,2025-10-30T14:45:20Z,1,-27.03341,158.65832,1,1201.2,1,34.49,1,4.307,1,1201.2,1,4.307,1,34.49,1
5905611,2025-10-30T14:45:20Z,1,-27.03341,158.65832,1,1203.4,1,34.49,1,4.301,1,1203.4,1,4.301,1,34.49,1
5905611,2025-10-30T14:45:20Z,1,-27.03341,158.65832,1,1205.7,1,34.491,1,4.285,1,1205.7,1,4.285,1,34.491,1
5905611,2025-10-30T14:45:20Z,1,-27.03341,158.65832,1,1207.6,1,34.491,1,4.282,1,1207.6,1,4.282,1,34.491,1
5905611,2025-10-30T14:45:20Z,1,-27.03341,158.65832,1,1209.4,1,34.491,1,4.278,1,1209.4,1,4.278,1,34.491,1
5905611,2025-10-30T14:45:20Z,1,-27.03341,158.65832,1,1211.3,1,34.493,1,4.264,1,1211.3,1,4.264,1,34.493,1
5905611,2025-10-30T14:45:20Z,1,-27.03341,158.65832,1,1213.2,1,34.493,1,4.244,1,1213.2,1,4.244,1,34.493,1
5905611,2025-10-30T14:45:20Z,1,-27.03341,158.65832,1,1215.1,1,34.494,1,4.236,1,1215.1,1,4.236,1,34.494,1
5905611,2025-10-30T14:45:20Z,1,-27.03341,158.65832,1,1217.0,1,34.495,1,4.233,1,1217.0,1,4.233,1,34.495,1
5905611,2025-10-30T14:45:20Z,1,-27.03341,158.65832,1,1219.4,1,34.494,1,4.23,1,1219.4,1,4.23,1,34.494,1
5905611,2025-10-30T14:45:20Z,1,-27.03341,158.65832,1,1221.8,1,34.495,1,4.218,1,1221.8,1,4.218,1,34.495,1
5905611,2025-10-30T14:45:20Z,1,-27.03341,158.65832,1,1223.7,1,34.497,1,4.192,1,1223.7,1,4.192,1,34.497,1
5905611,2025-10-30T14:45:20Z,1,-27.03341,158.65832,1,1225.7,1,34.497,1,4.184,1,1225.7,1,4.184,1,34.497,1
5905611,2025-10-30T14:45:20Z,1,-27.03341,158.65832,1,1227.7,1,34.498,1,4.17,1,1227.7,1,4.17,1,34.498,1
5905611,2025-10-30T14:45:20Z,1,-27.03341,158.65832,1,1229.6,1,34.499,1,4.154,1,1229.6,1,4.154,1,34.499,1
5905611,2025-10-30T14:45:20Z,1,-27.03341,158.65832,1,1231.5,1,34.5,1,4.148,1,1231.5,1,4.148,1,34.5,1
5905611,2025-10-30T14:45:20Z,1,-27.03341,158.65832,1,1233.5,1,34.5,1,4.14,1,1233.5,1,4.14,1,34.5,1
5905611,2025-10-30T14:45:20Z,1,-27.03341,158.65832,1,1235.5,1,34.503,1,4.12,1,1235.5,1,4.12,1,34.503,1
5905611,2025-10-30T14:45:20Z,1,-27.03341,158.65832,1,1237.5,1,34.502,1,4.112,1,1237.5,1,4.112,1,34.502,1
5905611,2025-10-30T14:45:20Z,1,-27.03341,158.65832,1,1239.5,1,34.503,1,4.105,1,1239.5,1,4.105,1,34.503,1
5905611,2025-10-30T14:45:20Z,1,-27.03341,158.65832,1,1241.5,1,34.503,1,4.097,1,1241.5,1,4.097,1,34.503,1
5905611,2025-10-30T14:45:20Z,1,-27.03341,158.65832,1,1243.6,1,34.503,1,4.095,1,1243.6,1,4.095,1,34.503,1
5905611,2025-10-30T14:45:20Z,1,-27.03341,158.65832,1,1245.7,1,34.503,1,4.088,1,1245.7,1,4.088,1,34.503,1
5905611,2025-10-30T14:45:20Z,1,-27.03341,158.65832,1,1247.7,1,34.506,1,4.069,1,1247.7,1,4.069,1,34.506,1
5905611,2025-10-30T14:45:20Z,1,-27.03341,158.65832,1,1249.8,1,34.507,1,4.057,1,1249.8,1,4.057,1,34.507,1
5905611,2025-10-30T14:45:20Z,1,-27.03341,158.65832,1,1251.9,1,34.507,1,4.044,1,1251.9,1,4.044,1,34.507,1
5905611,2025-10-30T14:45:20Z,1,-27.03341,158.65832,1,1253.9,1,34.507,1,4.04,1,1253.9,1,4.04,1,34.507,1
5905611,2025-10-30T14:45:20Z,1,-27.03341,158.65832,1,1255.9,1,34.508,1,4.031,1,1255.9,1,4.031,1,34.508,1
5905611,2025-10-30T14:45:20Z,1,-27.03341,158.65832,1,1257.9,1,34.508,1,4.023,1,1257.9,1,4.023,1,34.508,1
5905611,2025-10-30T14:45:20Z,1,-27.03341,158.65832,1,1259.4,1,34.509,1,4.013,1,1259.4,1,4.013,1,34.509,1
5905611,2025-10-30T14:45:20Z,1,-27.03341,158.65832,1,1261.0,1,34.51,1,3.996,1,1261.0,1,3.996,1,34.51,1
5905611,2025-10-30T14:45:20Z,1,-27.03341,158.65832,1,1263.1,1,34.512,1,3.976,1,1263.1,1,3.976,1,34.512,1
5905611,2025-10-30T14:45:20Z,1,-27.03341,158.65832,1,1265.2,1,34.512,1,3.966,1,1265.2,1,3.966,1,34.512,1
5905611,2025-10-30T14:45:20Z,1,-27.03341,158.65832,1,1267.3,1,34.514,1,3.952,1,1267.3,1,3.952,1,34.514,1
5905611,2025-10-30T14:45:20Z,1,-27.03341,158.65832,1,1269.3,1,34.514,1,3.948,1,1269.3,1,3.948,1,34.514,1
5905611,2025-10-30T14:45:20Z,1,-27.03341,158.65832,1,1271.4,1,34.514,1,3.946,1,1271.4,1,3.946,1,34.514,1
5905611,2025-10-30T14:45:20Z,1,-27.03341,158.65832,1,1273.5,1,34.515,1,3.946,1,1273.5,1,3.946,1,34.515,1
5905611,2025-10-30T14:45:20Z,1,-27.03341,158.65832,1,1275.7,1,34.514,1,3.944,1,1275.7,1,3.944,1,34.514,1
5905611,2025-10-30T14:45:20Z,1,-27.03341,158.65832,1,1277.7,1,34.515,1,3.942,1,1277.7,1,3.942,1,34.515,1
5905611,2025-10-30T14:45:20Z,1,-27.03341,158.65832,1,1279.8,1,34.514,1,3.943,1,1279.8,1,3.943,1,34.514,1
5905611,2025-10-30T14:45:20Z,1,-27.03341,158.65832,1,1281.4,1,34.515,1,3.94,1,1281.4,1,3.94,1,34.515,1
5905611,2025-10-30T14:45:20Z,1,-27.03341,158.65832,1,1283.0,1,34.516,1,3.929,1,1283.0,1,3.929,1,34.516,1
5905611,2025-10-30T14:45:20Z,1,-27.03341,158.65832,1,1285.1,1,34.517,1,3.926,1,1285.1,1,3.926,1,34.517,1
5905611,2025-10-30T14:45:20Z,1,-27.03341,158.65832,1,1287.2,1,34.516,1,3.924,1,1287.2,1,3.924,1,34.516,1
5905611,2025-10-30T14:45:20Z,1,-27.03341,158.65832,1,1289.3,1,34.516,1,3.921,1,1289.3,1,3.921,1,34.516,1
5905611,2025-10-30T14:45:20Z,1,-27.03341,158.65832,1,1291.4,1,34.517,1,3.917,1,1291.4,1,3.917,1,34.517,1
5905611,2025-10-30T14:45:20Z,1,-27.03341,158.65832,1,1293.4,1,34.516,1,3.916,1,1293.4,1,3.916,1,34.516,1
5905611,2025-10-30T14:45:20Z,1,-27.03341,158.65832,1,1295.5,1,34.518,1,3.907,1,1295.5,1,3.907,1,34.518,1
5905611,2025-10-30T14:45:20Z,1,-27.03341,158.65832,1,1297.6,1,34.519,1,3.888,1,1297.6,1,3.888,1,34.519,1
5905611,2025-10-30T14:45:20Z,1,-27.03341,158.65832,1,1299.7,1,34.52,1,3.878,1,1299.7,1,3.878,1,34.52,1
5905611,2025-10-30T14:45:20Z,1,-27.03341,158.65832,1,1301.7,1,34.52,1,3.872,1,1301.7,1,3.872,1,34.52,1
5905611,2025-10-30T14:45:20Z,1,-27.03341,158.65832,1,1303.8,1,34.521,1,3.858,1,1303.8,1,3.858,1,34.521,1
5905611,2025-10-30T14:45:20Z,1,-27.03341,158.65832,1,1305.8,1,34.523,1,3.848,1,1305.8,1,3.848,1,34.523,1
5905611,2025-10-30T14:45:20Z,1,-27.03341,158.65832,1,1307.4,1,34.524,1,3.833,1,1307.4,1,3.833,1,34.524,1
5905611,2025-10-30T14:45:20Z,1,-27.03341,158.65832,1,1309.0,1,34.523,1,3.831,1,1309.0,1,3.831,1,34.523,1
5905611,2025-10-30T14:45:20Z,1,-27.03341,158.65832,1,1311.0,1,34.524,1,3.825,1,1311.0,1,3.825,1,34.524,1
5905611,2025-10-30T14:45:20Z,1,-27.03341,158.65832,1,1313.3,1,34.524,1,3.819,1,1313.3,1,3.819,1,34.524,1
5905611,2025-10-30T14:45:20Z,1,-27.03341,158.65832,1,1315.4,1,34.524,1,3.817,1,1315.4,1,3.817,1,34.524,1
5905611,2025-10-30T14:45:20Z,1,-27.03341,158.65832,1,1317.4,1,34.524,1,3.815,1,1317.4,1,3.815,1,34.524,1
5905611,2025-10-30T14:45:20Z,1,-27.03341,158.65832,1,1319.4,1,34.525,1,3.813,1,1319.4,1,3.813,1,34.525,1
5905611,2025-10-30T14:45:20Z,1,-27.03341,158.65832,1,1321.4,1,34.525,1,3.807,1,1321.4,1,3.807,1,34.525,1
5905611,2025-10-30T14:45:20Z,1,-27.03341,158.65832,1,1323.4,1,34.525,1,3.802,1,1323.4,1,3.802,1,34.525,1
5905611,2025-10-30T14:45:20Z,1,-27.03341,158.65832,1,1325.4,1,34.527,1,3.784,1,1325.4,1,3.784,1,34.527,1
5905611,2025-10-30T14:45:20Z,1,-27.03341,158.65832,1,1327.5,1,34.528,1,3.777,1,1327.5,1,3.777,1,34.528,1
5905611,2025-10-30T14:45:20Z,1,-27.03341,158.65832,1,1329.5,1,34.528,1,3.766,1,1329.5,1,3.766,1,34.528,1
5905611,2025-10-30T14:45:20Z,1,-27.03341,158.65832,1,1331.5,1,34.529,1,3.758,1,1331.5,1,3.758,1,34.529,1
5905611,2025-10-30T14:45:20Z,1,-27.03341,158.65832,1,1333.5,1,34.529,1,3.753,1,1333.5,1,3.753,1,34.529,1
5905611,2025-10-30T14:45:20Z,1,-27.03341,158.65832,1,1335.5,1,34.529,1,3.749,1,1335.5,1,3.749,1,34.529,1
5905611,2025-10-30T14:45:20Z,1,-27.03341,158.65832,1,1337.5,1,34.53,1,3.74,1,1337.5,1,3.74,1,34.53,1
5905611,2025-10-30T14:45:20Z,1,-27.03341,158.65832,1,1339.6,1,34.532,1,3.715,1,1339.6,1,3.715,1,34.532,1
5905611,2025-10-30T14:45:20Z,1,-27.03341,158.65832,1,1341.3,1,34.534,1,3.7,1,1341.3,1,3.7,1,34.534,1
5905611,2025-10-30T14:45:20Z,1,-27.03341,158.65832,1,1343.4,1,34.534,1,3.696,1,1343.4,1,3.696,1,34.534,1
5905611,2025-10-30T14:45:20Z,1,-27.03341,158.65832,1,1345.5,1,34.533,1,3.694,1,1345.5,1,3.694,1,34.533,1
5905611,2025-10-30T14:45:20Z,1,-27.03341,158.65832,1,1347.5,1,34.534,1,3.687,1,1347.5,1,3.687,1,34.534,1
5905611,2025-10-30T14:45:20Z,1,-27.03341,158.65832,1,1349.6,1,34.535,1,3.681,1,1349.6,1,3.681,1,34.535,1
5905611,2025-10-30T14:45:20Z,1,-27.03341,158.65832,1,1351.2,1,34.534,1,3.677,1,1351.2,1,3.677,1,34.534,1
5905611,2025-10-30T14:45:20Z,1,-27.03341,158.65832,1,1353.3,1,34.536,1,3.666,1,1353.3,1,3.666,1,34.536,1
5905611,2025-10-30T14:45:20Z,1,-27.03341,158.65832,1,1355.5,1,34.537,1,3.656,1,1355.5,1,3.656,1,34.537,1
5905611,2025-10-30T14:45:20Z,1,-27.03341,158.65832,1,1357.6,1,34.537,1,3.646,1,1357.6,1,3.646,1,34.537,1
5905611,2025-10-30T14:45:20Z,1,-27.03341,158.65832,1,1359.7,1,34.538,1,3.631,1,1359.7,1,3.631,1,34.538,1
5905611,2025-10-30T14:45:20Z,1,-27.03341,158.65832,1,1361.5,1,34.539,1,3.623,1,1361.5,1,3.623,1,34.539,1
5905611,2025-10-30T14:45:20Z,1,-27.03341,158.65832,1,1363.2,1,34.54,1,3.619,1,1363.2,1,3.619,1,34.54,1
5905611,2025-10-30T14:45:20Z,1,-27.03341,158.65832,1,1365.4,1,34.54,1,3.608,1,1365.4,1,3.608,1,34.54,1
5905611,2025-10-30T14:45:20Z,1,-27.03341,158.65832,1,1367.5,1,34.54,1,3.599,1,1367.5,1,3.599,1,34.54,1
5905611,2025-10-30T14:45:20Z,1,-27.03341,158.65832,1,1369.2,1,34.542,1,3.582,1,1369.2,1,3.582,1,34.542,1
5905611,2025-10-30T14:45:20Z,1,-27.03341,158.65832,1,1371.4,1,34.542,1,3.578,1,1371.4,1,3.578,1,34.542,1
5905611,2025-10-30T14:45:20Z,1,-27.03341,158.65832,1,1373.6,1,34.543,1,3.567,1,1373.6,1,3.567,1,34.543,1
5905611,2025-10-30T14:45:20Z,1,-27.03341,158.65832,1,1375.3,1,34.545,1,3.549,1,1375.3,1,3.549,1,34.545,1
5905611,2025-10-30T14:45:20Z,1,-27.03341,158.65832,1,1377.5,1,34.546,1,3.532,1,1377.5,1,3.532,1,34.546,1
5905611,2025-10-30T14:45:20Z,1,-27.03341,158.65832,1,1379.7,1,34.547,1,3.518,1,1379.7,1,3.518,1,34.547,1
5905611,2025-10-30T14:45:20Z,1,-27.03341,158.65832,1,1381.4,1,34.547,1,3.513,1,1381.4,1,3.513,1,34.547,1
5905611,2025-10-30T14:45:20Z,1,-27.03341,158.65832,1,1383.2,1,34.548,1,3.506,1,1383.2,1,3.506,1,34.548,1
5905611,2025-10-30T14:45:20Z,1,-27.03341,158.65832,1,1385.4,1,34.549,1,3.498,1,1385.4,1,3.498,1,34.549,1
5905611,2025-10-30T14:45:20Z,1,-27.03341,158.65832,1,1387.5,1,34.549,1,3.494,1,1387.5,1,3.494,1,34.549,1
5905611,2025-10-30T14:45:20Z,1,-27.03341,158.65832,1,1389.2,1,34.55,1,3.485,1,1389.2,1,3.485,1,34.55,1
5905611,2025-10-30T14:45:20Z,1,-27.03341,158.65832,1,1391.4,1,34.55,1,3.478,1,1391.4,1,3.478,1,34.55,1
5905611,2025-10-30T14:45:20Z,1,-27.03341,158.65832,1,1393.6,1,34.551,1,3.475,1,1393.6,1,3.475,1,34.551,1
5905611,2025-10-30T14:45:20Z,1,-27.03341,158.65832,1,1395.4,1,34.551,1,3.474,1,1395.4,1,3.474,1,34.551,1
5905611,2025-10-30T14:45:20Z,1,-27.03341,158.65832,1,1397.2,1,34.552,1,3.467,1,1397.2,1,3.467,1,34.552,1
5905611,2025-10-30T14:45:20Z,1,-27.03341,158.65832,1,1399.3,1,34.553,1,3.455,1,1399.3,1,3.455,1,34.553,1
5905611,2025-10-30T14:45:20Z,1,-27.03341,158.65832,1,1401.5,1,34.553,1,3.448,1,1401.5,1,3.448,1,34.553,1
5905611,2025-10-30T14:45:20Z,1,-27.03341,158.65832,1,1403.2,1,34.554,1,3.443,1,1403.2,1,3.443,1,34.554,1
5905611,2025-10-30T14:45:20Z,1,-27.03341,158.65832,1,1405.5,1,34.553,1,3.441,1,1405.5,1,3.441,1,34.553,1
5905611,2025-10-30T14:45:20Z,1,-27.03341,158.65832,1,1407.7,1,34.554,1,3.433,1,1407.7,1,3.433,1,34.554,1
5905611,2025-10-30T14:45:20Z,1,-27.03341,158.65832,1,1409.5,1,34.555,1,3.427,1,1409.5,1,3.427,1,34.555,1
5905611,2025-10-30T14:45:20Z,1,-27.03341,158.65832,1,1411.2,1,34.555,1,3.422,1,1411.2,1,3.422,1,34.555,1
5905611,2025-10-30T14:45:20Z,1,-27.03341,158.65832,1,1413.1,1,34.556,1,3.413,1,1413.1,1,3.413,1,34.556,1
5905611,2025-10-30T14:45:20Z,1,-27.03341,158.65832,1,1415.4,1,34.557,1,3.404,1,1415.4,1,3.404,1,34.557,1
5905611,2025-10-30T14:45:20Z,1,-27.03341,158.65832,1,1417.7,1,34.557,1,3.4,1,1417.7,1,3.4,1,34.557,1
5905611,2025-10-30T14:45:20Z,1,-27.03341,158.65832,1,1419.6,1,34.557,1,3.396,1,1419.6,1,3.396,1,34.557,1
5905611,2025-10-30T14:45:20Z,1,-27.03341,158.65832,1,1421.4,1,34.558,1,3.386,1,1421.4,1,3.386,1,34.558,1
5905611,2025-10-30T14:45:20Z,1,-27.03341,158.65832,1,1423.2,1,34.559,1,3.376,1,1423.2,1,3.376,1,34.559,1
5905611,2025-10-30T14:45:20Z,1,-27.03341,158.65832,1,1425.1,1,34.559,1,3.372,1,1425.1,1,3.372,1,34.559,1
5905611,2025-10-30T14:45:20Z,1,-27.03341,158.65832,1,1427.4,1,34.56,1,3.361,1,1427.4,1,3.361,1,34.56,1
5905611,2025-10-30T14:45:20Z,1,-27.03341,158.65832,1,1429.7,1,34.56,1,3.356,1,1429.7,1,3.356,1,34.56,1
5905611,2025-10-30T14:45:20Z,1,-27.03341,158.65832,1,1431.5,1,34.561,1,3.356,1,1431.5,1,3.356,1,34.561,1
5905611,2025-10-30T14:45:20Z,1,-27.03341,158.65832,1,1433.3,1,34.561,1,3.354,1,1433.3,1,3.354,1,34.561,1
5905611,2025-10-30T14:45:20Z,1,-27.03341,158.65832,1,1435.2,1,34.561,1,3.353,1,1435.2,1,3.353,1,34.561,1
5905611,2025-10-30T14:45:20Z,1,-27.03341,158.65832,1,1437.1,1,34.561,1,3.352,1,1437.1,1,3.352,1,34.561,1
5905611,2025-10-30T14:45:20Z,1,-27.03341,158.65832,1,1439.4,1,34.561,1,3.346,1,1439.4,1,3.346,1,34.561,1
5905611,2025-10-30T14:45:20Z,1,-27.03341,158.65832,1,1441.7,1,34.563,1,3.338,1,1441.7,1,3.338,1,34.563,1
5905611,2025-10-30T14:45:20Z,1,-27.03341,158.65832,1,1443.7,1,34.563,1,3.334,1,1443.7,1,3.334,1,34.563,1
5905611,2025-10-30T14:45:20Z,1,-27.03341,158.65832,1,1445.5,1,34.564,1,3.33,1,1445.5,1,3.33,1,34.564,1
5905611,2025-10-30T14:45:20Z,1,-27.03341,158.65832,1,1447.4,1,34.563,1,3.325,1,1447.4,1,3.325,1,34.563,1
5905611,2025-10-30T14:45:20Z,1,-27.03341,158.65832,1,1449.3,1,34.564,1,3.324,1,1449.3,1,3.324,1,34.564,1
5905611,2025-10-30T14:45:20Z,1,-27.03341,158.65832,1,1451.2,1,34.564,1,3.323,1,1451.2,1,3.323,1,34.564,1
5905611,2025-10-30T14:45:20Z,1,-27.03341,158.65832,1,1453.5,1,34.564,1,3.318,1,1453.5,1,3.318,1,34.564,1
5905611,2025-10-30T14:45:20Z,1,-27.03341,158.65832,1,1455.8,1,34.564,1,3.315,1,1455.8,1,3.315,1,34.564,1
5905611,2025-10-30T14:45:20Z,1,-27.03341,158.65832,1,1457.7,1,34.565,1,3.312,1,1457.7,1,3.312,1,34.565,1
5905611,2025-10-30T14:45:20Z,1,-27.03341,158.65832,1,1459.6,1,34.566,1,3.308,1,1459.6,1,3.308,1,34.566,1
5905611,2025-10-30T14:45:20Z,1,-27.03341,158.65832,1,1461.5,1,34.565,1,3.305,1,1461.5,1,3.305,1,34.565,1
5905611,2025-10-30T14:45:20Z,1,-27.03341,158.65832,1,1463.5,1,34.566,1,3.297,1,1463.5,1,3.297,1,34.566,1
5905611,2025-10-30T14:45:20Z,1,-27.03341,158.65832,1,1465.4,1,34.567,1,3.289,1,1465.4,1,3.289,1,34.567,1
5905611,2025-10-30T14:45:20Z,1,-27.03341,158.65832,1,1467.3,1,34.567,1,3.282,1,1467.3,1,3.282,1,34.567,1
5905611,2025-10-30T14:45:20Z,1,-27.03341,158.65832,1,1469.2,1,34.569,1,3.273,1,1469.2,1,3.273,1,34.569,1
5905611,2025-10-30T14:45:20Z,1,-27.03341,158.65832,1,1471.2,1,34.569,1,3.266,1,1471.2,1,3.266,1,34.569,1
5905611,2025-10-30T14:45:20Z,1,-27.03341,158.65832,1,1473.1,1,34.569,1,3.26,1,1473.1,1,3.26,1,34.569,1
5905611,2025-10-30T14:45:20Z,1,-27.03341,158.65832,1,1475.0,1,34.57,1,3.255,1,1475.0,1,3.255,1,34.57,1
5905611,2025-10-30T14:45:20Z,1,-27.03341,158.65832,1,1477.4,1,34.57,1,3.251,1,1477.4,1,3.251,1,34.57,1
5905611,2025-10-30T14:45:20Z,1,-27.03341,158.65832,1,1479.8,1,34.571,1,3.245,1,1479.8,1,3.245,1,34.571,1
5905611,2025-10-30T14:45:20Z,1,-27.03341,158.65832,1,1481.8,1,34.571,1,3.243,1,1481.8,1,3.243,1,34.571,1
5905611,2025-10-30T14:45:20Z,1,-27.03341,158.65832,1,1483.7,1,34.571,1,3.24,1,1483.7,1,3.24,1,34.571,1
5905611,2025-10-30T14:45:20Z,1,-27.03341,158.65832,1,1485.7,1,34.571,1,3.236,1,1485.7,1,3.236,1,34.571,1
5905611,2025-10-30T14:45:20Z,1,-27.03341,158.65832,1,1487.6,1,34.572,1,3.227,1,1487.6,1,3.227,1,34.572,1
5905611,2025-10-30T14:45:20Z,1,-27.03341,158.65832,1,1489.5,1,34.573,1,3.223,1,1489.5,1,3.223,1,34.573,1
5905611,2025-10-30T14:45:20Z,1,-27.03341,158.65832,1,1491.5,1,34.573,1,3.216,1,1491.5,1,3.216,1,34.573,1
5905611,2025-10-30T14:45:20Z,1,-27.03341,158.65832,1,1493.5,1,34.574,1,3.209,1,1493.5,1,3.209,1,34.574,1
5905611,2025-10-30T14:45:20Z,1,-27.03341,158.65832,1,1495.4,1,34.574,1,3.206,1,1495.4,1,3.206,1,34.574,1
5905611,2025-10-30T14:45:20Z,1,-27.03341,158.65832,1,1497.4,1,34.574,1,3.204,1,1497.4,1,3.204,1,34.574,1
5905611,2025-10-30T14:45:20Z,1,-27.03341,158.65832,1,1499.3,1,34.574,1,3.201,1,1499.3,1,3.201,1,34.574,1
5905611,2025-10-30T14:45:20Z,1,-27.03341,158.65832,1,1501.3,1,34.575,1,3.195,1,1501.3,1,3.195,1,34.575,1
5905611,2025-10-30T14:45:20Z,1,-27.03341,158.65832,1,1503.3,1,34.576,1,3.183,1,1503.3,1,3.183,1,34.576,1
5905611,2025-10-30T14:45:20Z,1,-27.03341,158.65832,1,1505.3,1,34.576,1,3.177,1,1505.3,1,3.177,1,34.576,1
5905611,2025-10-30T14:45:20Z,1,-27.03341,158.65832,1,1507.3,1,34.578,1,3.17,1,1507.3,1,3.17,1,34.578,1
5905611,2025-10-30T14:45:20Z,1,-27.03341,158.65832,1,1509.3,1,34.578,1,3.164,1,1509.3,1,3.164,1,34.578,1
5905611,2025-10-30T14:45:20Z,1,-27.03341,158.65832,1,1511.3,1,34.578,1,3.156,1,1511.3,1,3.156,1,34.578,1
5905611,2025-10-30T14:45:20Z,1,-27.03341,158.65832,1,1513.3,1,34.579,1,3.148,1,1513.3,1,3.148,1,34.579,1
5905611,2025-10-30T14:45:20Z,1,-27.03341,158.65832,1,1515.3,1,34.579,1,3.147,1,1515.3,1,3.147,1,34.579,1
5905611,2025-10-30T14:45:20Z,1,-27.03341,158.65832,1,1517.3,1,34.579,1,3.146,1,1517.3,1,3.146,1,34.579,1
5905611,2025-10-30T14:45:20Z,1,-27.03341,158.65832,1,1519.3,1,34.579,1,3.144,1,1519.3,1,3.144,1,34.579,1
5905611,2025-10-30T14:45:20Z,1,-27.03341,158.65832,1,1521.4,1,34.579,1,3.141,1,1521.4,1,3.141,1,34.579,1
5905611,2025-10-30T14:45:20Z,1,-27.03341,158.65832,1,1523.4,1,34.581,1,3.133,1,1523.4,1,3.133,1,34.581,1
5905611,2025-10-30T14:45:20Z,1,-27.03341,158.65832,1,1525.4,1,34.581,1,3.128,1,1525.4,1,3.128,1,34.581,1
5905611,2025-10-30T14:45:20Z,1,-27.03341,158.65832,1,1527.5,1,34.581,1,3.122,1,1527.5,1,3.122,1,34.581,1
5905611,2025-10-30T14:45:20Z,1,-27.03341,158.65832,1,1529.5,1,34.582,1,3.114,1,1529.5,1,3.114,1,34.582,1
5905611,2025-10-30T14:45:20Z,1,-27.03341,158.65832,1,1531.5,1,34.582,1,3.111,1,1531.5,1,3.111,1,34.582,1
5905611,2025-10-30T14:45:20Z,1,-27.03341,158.65832,1,1533.6,1,34.583,1,3.107,1,1533.6,1,3.107,1,34.583,1
5905611,2025-10-30T14:45:20Z,1,-27.03341,158.65832,1,1535.6,1,34.583,1,3.099,1,1535.6,1,3.099,1,34.583,1
5905611,2025-10-30T14:45:20Z,1,-27.03341,158.65832,1,1537.6,1,34.584,1,3.097,1,1537.6,1,3.097,1,34.584,1
5905611,2025-10-30T14:45:20Z,1,-27.03341,158.65832,1,1539.6,1,34.584,1,3.095,1,1539.6,1,3.095,1,34.584,1
5905611,2025-10-30T14:45:20Z,1,-27.03341,158.65832,1,1541.5,1,34.584,1,3.094,1,1541.5,1,3.094,1,34.584,1
5905611,2025-10-30T14:45:20Z,1,-27.03341,158.65832,1,1543.5,1,34.584,1,3.09,1,1543.5,1,3.09,1,34.584,1
5905611,2025-10-30T14:45:20Z,1,-27.03341,158.65832,1,1545.5,1,34.584,1,3.088,1,1545.5,1,3.088,1,34.584,1
5905611,2025-10-30T14:45:20Z,1,-27.03341,158.65832,1,1547.5,1,34.585,1,3.084,1,1547.5,1,3.084,1,34.585,1
5905611,2025-10-30T14:45:20Z,1,-27.03341,158.65832,1,1549.4,1,34.585,1,3.08,1,1549.4,1,3.08,1,34.585,1
5905611,2025-10-30T14:45:20Z,1,-27.03341,158.65832,1,1551.4,1,34.586,1,3.071,1,1551.4,1,3.071,1,34.586,1
5905611,2025-10-30T14:45:20Z,1,-27.03341,158.65832,1,1553.4,1,34.586,1,3.064,1,1553.4,1,3.064,1,34.586,1
5905611,2025-10-30T14:45:20Z,1,-27.03341,158.65832,1,1555.4,1,34.587,1,3.062,1,1555.4,1,3.062,1,34.587,1
5905611,2025-10-30T14:45:20Z,1,-27.03341,158.65832,1,1557.4,1,34.587,1,3.06,1,1557.4,1,3.06,1,34.587,1
5905611,2025-10-30T14:45:20Z,1,-27.03341,158.65832,1,1559.4,1,34.588,1,3.056,1,1559.4,1,3.056,1,34.588,1
5905611,2025-10-30T14:45:20Z,1,-27.03341,158.65832,1,1561.4,1,34.588,1,3.054,1,1561.4,1,3.054,1,34.588,1
5905611,2025-10-30T14:45:20Z,1,-27.03341,158.65832,1,1563.5,1,34.588,1,3.05,1,1563.5,1,3.05,1,34.588,1
5905611,2025-10-30T14:45:20Z,1,-27.03341,158.65832,1,1565.5,1,34.588,1,3.048,1,1565.5,1,3.048,1,34.588,1
5905611,2025-10-30T14:45:20Z,1,-27.03341,158.65832,1,1567.5,1,34.588,1,3.047,1,1567.5,1,3.047,1,34.588,1
5905611,2025-10-30T14:45:20Z,1,-27.03341,158.65832,1,1569.5,1,34.588,1,3.045,1,1569.5,1,3.045,1,34.588,1
5905611,2025-10-30T14:45:20Z,1,-27.03341,158.65832,1,1571.5,1,34.588,1,3.044,1,1571.5,1,3.044,1,34.588,1
5905611,2025-10-30T14:45:20Z,1,-27.03341,158.65832,1,1573.6,1,34.589,1,3.041,1,1573.6,1,3.041,1,34.589,1
5905611,2025-10-30T14:45:20Z,1,-27.03341,158.65832,1,1575.6,1,34.589,1,3.036,1,1575.6,1,3.036,1,34.589,1
5905611,2025-10-30T14:45:20Z,1,-27.03341,158.65832,1,1577.7,1,34.59,1,3.028,1,1577.7,1,3.028,1,34.59,1
5905611,2025-10-30T14:45:20Z,1,-27.03341,158.65832,1,1579.3,1,34.591,1,3.023,1,1579.3,1,3.023,1,34.591,1
5905611,2025-10-30T14:45:20Z,1,-27.03341,158.65832,1,1581.4,1,34.591,1,3.019,1,1581.4,1,3.019,1,34.591,1
5905611,2025-10-30T14:45:20Z,1,-27.03341,158.65832,1,1583.5,1,34.591,1,3.015,1,1583.5,1,3.015,1,34.591,1
5905611,2025-10-30T14:45:20Z,1,-27.03341,158.65832,1,1585.6,1,34.591,1,3.013,1,1585.6,1,3.013,1,34.591,1
5905611,2025-10-30T14:45:20Z,1,-27.03341,158.65832,1,1587.7,1,34.592,1,3.01,1,1587.7,1,3.01,1,34.592,1
5905611,2025-10-30T14:45:20Z,1,-27.03341,158.65832,1,1589.4,1,34.592,1,3.005,1,1589.4,1,3.005,1,34.592,1
5905611,2025-10-30T14:45:20Z,1,-27.03341,158.65832,1,1591.5,1,34.593,1,2.998,1,1591.5,1,2.998,1,34.593,1
5905611,2025-10-30T14:45:20Z,1,-27.03341,158.65832,1,1593.6,1,34.593,1,2.994,1,1593.6,1,2.994,1,34.593,1
5905611,2025-10-30T14:45:20Z,1,-27.03341,158.65832,1,1595.3,1,34.593,1,2.993,1,1595.3,1,2.993,1,34.593,1
5905611,2025-10-30T14:45:20Z,1,-27.03341,158.65832,1,1597.5,1,34.594,1,2.989,1,1597.5,1,2.989,1,34.594,1
5905611,2025-10-30T14:45:20Z,1,-27.03341,158.65832,1,1599.6,1,34.594,1,2.987,1,1599.6,1,2.987,1,34.594,1
5905611,2025-10-30T14:45:20Z,1,-27.03341,158.65832,1,1601.4,1,34.595,1,2.981,1,1601.4,1,2.981,1,34.595,1
5905611,2025-10-30T14:45:20Z,1,-27.03341,158.65832,1,1603.1,1,34.594,1,2.979,1,1603.1,1,2.979,1,34.594,1
5905611,2025-10-30T14:45:20Z,1,-27.03341,158.65832,1,1605.3,1,34.595,1,2.974,1,1605.3,1,2.974,1,34.595,1
5905611,2025-10-30T14:45:20Z,1,-27.03341,158.65832,1,1607.5,1,34.596,1,2.968,1,1607.5,1,2.968,1,34.596,1
5905611,2025-10-30T14:45:20Z,1,-27.03341,158.65832,1,1609.3,1,34.597,1,2.962,1,1609.3,1,2.962,1,34.597,1
5905611,2025-10-30T14:45:20Z,1,-27.03341,158.65832,1,1611.4,1,34.597,1,2.957,1,1611.4,1,2.957,1,34.597,1
5905611,2025-10-30T14:45:20Z,1,-27.03341,158.65832,1,1613.7,1,34.597,1,2.954,1,1613.7,1,2.954,1,34.597,1
5905611,2025-10-30T14:45:20Z,1,-27.03341,158.65832,1,1615.4,1,34.597,1,2.953,1,1615.4,1,2.953,1,34.597,1
5905611,2025-10-30T14:45:20Z,1,-27.03341,158.65832,1,1617.2,1,34.598,1,2.946,1,1617.2,1,2.946,1,34.598,1
5905611,2025-10-30T14:45:20Z,1,-27.03341,158.65832,1,1619.5,1,34.598,1,2.936,1,1619.5,1,2.936,1,34.598,1
5905611,2025-10-30T14:45:20Z,1,-27.03341,158.65832,1,1621.7,1,34.6,1,2.929,1,1621.7,1,2.929,1,34.6,1
5905611,2025-10-30T14:45:20Z,1,-27.03341,158.65832,1,1623.5,1,34.6,1,2.925,1,1623.5,1,2.925,1,34.6,1
5905611,2025-10-30T14:45:20Z,1,-27.03341,158.65832,1,1625.3,1,34.6,1,2.924,1,1625.3,1,2.924,1,34.6,1
5905611,2025-10-30T14:45:20Z,1,-27.03341,158.65832,1,1627.5,1,34.601,1,2.918,1,1627.5,1,2.918,1,34.601,1
5905611,2025-10-30T14:45:20Z,1,-27.03341,158.65832,1,1629.7,1,34.601,1,2.914,1,1629.7,1,2.914,1,34.601,1
5905611,2025-10-30T14:45:20Z,1,-27.03341,158.65832,1,1631.5,1,34.601,1,2.912,1,1631.5,1,2.912,1,34.601,1
5905611,2025-10-30T14:45:20Z,1,-27.03341,158.65832,1,1633.3,1,34.601,1,2.912,1,1633.3,1,2.912,1,34.601,1
5905611,2025-10-30T14:45:20Z,1,-27.03341,158.65832,1,1635.1,1,34.601,1,2.912,1,1635.1,1,2.912,1,34.601,1
5905611,2025-10-30T14:45:20Z,1,-27.03341,158.65832,1,1637.4,1,34.601,1,2.909,1,1637.4,1,2.909,1,34.601,1
5905611,2025-10-30T14:45:20Z,1,-27.03341,158.65832,1,1639.6,1,34.601,1,2.905,1,1639.6,1,2.905,1,34.601,1
5905611,2025-10-30T14:45:20Z,1,-27.03341,158.65832,1,1641.4,1,34.602,1,2.903,1,1641.4,1,2.903,1,34.602,1
5905611,2025-10-30T14:45:20Z,1,-27.03341,158.65832,1,1643.2,1,34.602,1,2.902,1,1643.2,1,2.902,1,34.602,1
5905611,2025-10-30T14:45:20Z,1,-27.03341,158.65832,1,1645.0,1,34.602,1,2.902,1,1645.0,1,2.902,1,34.602,1
5905611,2025-10-30T14:45:20Z,1,-27.03341,158.65832,1,1647.4,1,34.602,1,2.897,1,1647.4,1,2.897,1,34.602,1
5905611,2025-10-30T14:45:20Z,1,-27.03341,158.65832,1,1649.6,1,34.603,1,2.892,1,1649.6,1,2.892,1,34.603,1
5905611,2025-10-30T14:45:20Z,1,-27.03341,158.65832,1,1651.4,1,34.603,1,2.889,1,1651.4,1,2.889,1,34.603,1
5905611,2025-10-30T14:45:20Z,1,-27.03341,158.65832,1,1653.3,1,34.604,1,2.884,1,1653.3,1,2.884,1,34.604,1
5905611,2025-10-30T14:45:20Z,1,-27.03341,158.65832,1,1655.1,1,34.605,1,2.879,1,1655.1,1,2.879,1,34.605,1
5905611,2025-10-30T14:45:20Z,1,-27.03341,158.65832,1,1657.4,1,34.604,1,2.876,1,1657.4,1,2.876,1,34.604,1
5905611,2025-10-30T14:45:20Z,1,-27.03341,158.65832,1,1659.7,1,34.606,1,2.869,1,1659.7,1,2.869,1,34.606,1
5905611,2025-10-30T14:45:20Z,1,-27.03341,158.65832,1,1661.6,1,34.606,1,2.867,1,1661.6,1,2.867,1,34.606,1
5905611,2025-10-30T14:45:20Z,1,-27.03341,158.65832,1,1663.5,1,34.606,1,2.864,1,1663.5,1,2.864,1,34.606,1
5905611,2025-10-30T14:45:20Z,1,-27.03341,158.65832,1,1665.3,1,34.606,1,2.861,1,1665.3,1,2.861,1,34.606,1
5905611,2025-10-30T14:45:20Z,1,-27.03341,158.65832,1,1667.2,1,34.607,1,2.855,1,1667.2,1,2.855,1,34.607,1
5905611,2025-10-30T14:45:20Z,1,-27.03341,158.65832,1,1669.1,1,34.607,1,2.852,1,1669.1,1,2.852,1,34.607,1
5905611,2025-10-30T14:45:20Z,1,-27.03341,158.65832,1,1671.0,1,34.607,1,2.851,1,1671.0,1,2.851,1,34.607,1
5905611,2025-10-30T14:45:20Z,1,-27.03341,158.65832,1,1673.4,1,34.608,1,2.842,1,1673.4,1,2.842,1,34.608,1
5905611,2025-10-30T14:45:20Z,1,-27.03341,158.65832,1,1675.8,1,34.609,1,2.83,1,1675.8,1,2.83,1,34.609,1
5905611,2025-10-30T14:45:20Z,1,-27.03341,158.65832,1,1677.7,1,34.61,1,2.825,1,1677.7,1,2.825,1,34.61,1
5905611,2025-10-30T14:45:20Z,1,-27.03341,158.65832,1,1679.7,1,34.61,1,2.824,1,1679.7,1,2.824,1,34.61,1
5905611,2025-10-30T14:45:20Z,1,-27.03341,158.65832,1,1681.6,1,34.61,1,2.822,1,1681.6,1,2.822,1,34.61,1
5905611,2025-10-30T14:45:20Z,1,-27.03341,158.65832,1,1683.6,1,34.61,1,2.82,1,1683.6,1,2.82,1,34.61,1
5905611,2025-10-30T14:45:20Z,1,-27.03341,158.65832,1,1685.5,1,34.61,1,2.818,1,1685.5,1,2.818,1,34.61,1
5905611,2025-10-30T14:45:20Z,1,-27.03341,158.65832,1,1687.5,1,34.611,1,2.813,1,1687.5,1,2.813,1,34.611,1
5905611,2025-10-30T14:45:20Z,1,-27.03341,158.65832,1,1689.4,1,34.611,1,2.807,1,1689.4,1,2.807,1,34.611,1
5905611,2025-10-30T14:45:20Z,1,-27.03341,158.65832,1,1691.3,1,34.612,1,2.803,1,1691.3,1,2.803,1,34.612,1
5905611,2025-10-30T14:45:20Z,1,-27.03341,158.65832,1,1693.2,1,34.612,1,2.795,1,1693.2,1,2.795,1,34.612,1
5905611,2025-10-30T14:45:20Z,1,-27.03341,158.65832,1,1695.2,1,34.614,1,2.782,1,1695.2,1,2.782,1,34.614,1
5905611,2025-10-30T14:45:20Z,1,-27.03341,158.65832,1,1697.1,1,34.614,1,2.772,1,1697.1,1,2.772,1,34.614,1
5905611,2025-10-30T14:45:20Z,1,-27.03341,158.65832,1,1699.1,1,34.615,1,2.767,1,1699.1,1,2.767,1,34.615,1
5905611,2025-10-30T14:45:20Z,1,-27.03341,158.65832,1,1701.4,1,34.616,1,2.763,1,1701.4,1,2.763,1,34.616,1
5905611,2025-10-30T14:45:20Z,1,-27.03341,158.65832,1,1703.9,1,34.616,1,2.76,1,1703.9,1,2.76,1,34.616,1
5905611,2025-10-30T14:45:20Z,1,-27.03341,158.65832,1,1705.8,1,34.616,1,2.757,1,1705.8,1,2.757,1,34.616,1
5905611,2025-10-30T14:45:20Z,1,-27.03341,158.65832,1,1707.8,1,34.616,1,2.755,1,1707.8,1,2.755,1,34.616,1
5905611,2025-10-30T14:45:20Z,1,-27.03341,158.65832,1,1709.8,1,34.617,1,2.752,1,1709.8,1,2.752,1,34.617,1
5905611,2025-10-30T14:45:20Z,1,-27.03341,158.65832,1,1711.8,1,34.617,1,2.749,1,1711.8,1,2.749,1,34.617,1
5905611,2025-10-30T14:45:20Z,1,-27.03341,158.65832,1,1713.7,1,34.617,1,2.747,1,1713.7,1,2.747,1,34.617,1
5905611,2025-10-30T14:45:20Z,1,-27.03341,158.65832,1,1715.7,1,34.618,1,2.745,1,1715.7,1,2.745,1,34.618,1
5905611,2025-10-30T14:45:20Z,1,-27.03341,158.65832,1,1717.6,1,34.617,1,2.745,1,1717.6,1,2.745,1,34.617,1
5905611,2025-10-30T14:45:20Z,1,-27.03341,158.65832,1,1719.6,1,34.618,1,2.744,1,1719.6,1,2.744,1,34.618,1
5905611,2025-10-30T14:45:20Z,1,-27.03341,158.65832,1,1721.5,1,34.618,1,2.743,1,1721.5,1,2.743,1,34.618,1
5905611,2025-10-30T14:45:20Z,1,-27.03341,158.65832,1,1723.5,1,34.618,1,2.74,1,1723.5,1,2.74,1,34.618,1
5905611,2025-10-30T14:45:20Z,1,-27.03341,158.65832,1,1725.5,1,34.619,1,2.735,1,1725.5,1,2.735,1,34.619,1
5905611,2025-10-30T14:45:20Z,1,-27.03341,158.65832,1,1727.4,1,34.619,1,2.732,1,1727.4,1,2.732,1,34.619,1
5905611,2025-10-30T14:45:20Z,1,-27.03341,158.65832,1,1729.4,1,34.619,1,2.729,1,1729.4,1,2.729,1,34.619,1
5905611,2025-10-30T14:45:20Z,1,-27.03341,158.65832,1,1731.3,1,34.619,1,2.725,1,1731.3,1,2.725,1,34.619,1
5905611,2025-10-30T14:45:20Z,1,-27.03341,158.65832,1,1733.3,1,34.62,1,2.723,1,1733.3,1,2.723,1,34.62,1
5905611,2025-10-30T14:45:20Z,1,-27.03341,158.65832,1,1735.3,1,34.62,1,2.721,1,1735.3,1,2.721,1,34.62,1
5905611,2025-10-30T14:45:20Z,1,-27.03341,158.65832,1,1737.2,1,34.62,1,2.717,1,1737.2,1,2.717,1,34.62,1
5905611,2025-10-30T14:45:20Z,1,-27.03341,158.65832,1,1739.2,1,34.621,1,2.714,1,1739.2,1,2.714,1,34.621,1
5905611,2025-10-30T14:45:20Z,1,-27.03341,158.65832,1,1741.1,1,34.621,1,2.711,1,1741.1,1,2.711,1,34.621,1
5905611,2025-10-30T14:45:20Z,1,-27.03341,158.65832,1,1743.1,1,34.622,1,2.707,1,1743.1,1,2.707,1,34.622,1
5905611,2025-10-30T14:45:20Z,1,-27.03341,158.65832,1,1745.1,1,34.621,1,2.706,1,1745.1,1,2.706,1,34.621,1
5905611,2025-10-30T14:45:20Z,1,-27.03341,158.65832,1,1747.1,1,34.622,1,2.705,1,1747.1,1,2.705,1,34.622,1
5905611,2025-10-30T14:45:20Z,1,-27.03341,158.65832,1,1749.0,1,34.623,1,2.701,1,1749.0,1,2.701,1,34.623,1
5905611,2025-10-30T14:45:20Z,1,-27.03341,158.65832,1,1751.0,1,34.622,1,2.699,1,1751.0,1,2.699,1,34.622,1
5905611,2025-10-30T14:45:20Z,1,-27.03341,158.65832,1,1753.0,1,34.622,1,2.697,1,1753.0,1,2.697,1,34.622,1
5905611,2025-10-30T14:45:20Z,1,-27.03341,158.65832,1,1755.4,1,34.623,1,2.69,1,1755.4,1,2.69,1,34.623,1
5905611,2025-10-30T14:45:20Z,1,-27.03341,158.65832,1,1757.8,1,34.624,1,2.684,1,1757.8,1,2.684,1,34.624,1
5905611,2025-10-30T14:45:20Z,1,-27.03341,158.65832,1,1759.8,1,34.625,1,2.68,1,1759.8,1,2.68,1,34.625,1
5905611,2025-10-30T14:45:20Z,1,-27.03341,158.65832,1,1761.7,1,34.625,1,2.675,1,1761.7,1,2.675,1,34.625,1
5905611,2025-10-30T14:45:20Z,1,-27.03341,158.65832,1,1763.7,1,34.625,1,2.671,1,1763.7,1,2.671,1,34.625,1
5905611,2025-10-30T14:45:20Z,1,-27.03341,158.65832,1,1765.6,1,34.626,1,2.664,1,1765.6,1,2.664,1,34.626,1
5905611,2025-10-30T14:45:20Z,1,-27.03341,158.65832,1,1767.6,1,34.626,1,2.658,1,1767.6,1,2.658,1,34.626,1
5905611,2025-10-30T14:45:20Z,1,-27.03341,158.65832,1,1769.6,1,34.627,1,2.655,1,1769.6,1,2.655,1,34.627,1
5905611,2025-10-30T14:45:20Z,1,-27.03341,158.65832,1,1771.5,1,34.628,1,2.648,1,1771.5,1,2.648,1,34.628,1
5905611,2025-10-30T14:45:20Z,1,-27.03341,158.65832,1,1773.6,1,34.628,1,2.646,1,1773.6,1,2.646,1,34.628,1
5905611,2025-10-30T14:45:20Z,1,-27.03341,158.65832,1,1775.5,1,34.628,1,2.643,1,1775.5,1,2.643,1,34.628,1
5905611,2025-10-30T14:45:20Z,1,-27.03341,158.65832,1,1777.5,1,34.628,1,2.642,1,1777.5,1,2.642,1,34.628,1
5905611,2025-10-30T14:45:20Z,1,-27.03341,158.65832,1,1779.5,1,34.629,1,2.64,1,1779.5,1,2.64,1,34.629,1
5905611,2025-10-30T14:45:20Z,1,-27.03341,158.65832,1,1781.5,1,34.629,1,2.633,1,1781.5,1,2.633,1,34.629,1
5905611,2025-10-30T14:45:20Z,1,-27.03341,158.65832,1,1783.4,1,34.629,1,2.629,1,1783.4,1,2.629,1,34.629,1
5905611,2025-10-30T14:45:20Z,1,-27.03341,158.65832,1,1785.4,1,34.63,1,2.627,1,1785.4,1,2.627,1,34.63,1
5905611,2025-10-30T14:45:20Z,1,-27.03341,158.65832,1,1787.4,1,34.631,1,2.624,1,1787.4,1,2.624,1,34.631,1
5905611,2025-10-30T14:45:20Z,1,-27.03341,158.65832,1,1789.4,1,34.63,1,2.622,1,1789.4,1,2.622,1,34.63,1
5905611,2025-10-30T14:45:20Z,1,-27.03341,158.65832,1,1791.3,1,34.631,1,2.62,1,1791.3,1,2.62,1,34.631,1
5905611,2025-10-30T14:45:20Z,1,-27.03341,158.65832,1,1793.3,1,34.631,1,2.617,1,1793.3,1,2.617,1,34.631,1
5905611,2025-10-30T14:45:20Z,1,-27.03341,158.65832,1,1795.3,1,34.632,1,2.612,1,1795.3,1,2.612,1,34.632,1
5905611,2025-10-30T14:45:20Z,1,-27.03341,158.65832,1,1797.3,1,34.632,1,2.61,1,1797.3,1,2.61,1,34.632,1
5905611,2025-10-30T14:45:20Z,1,-27.03341,158.65832,1,1799.2,1,34.632,1,2.609,1,1799.2,1,2.609,1,34.632,1
5905611,2025-10-30T14:45:20Z,1,-27.03341,158.65832,1,1801.3,1,34.633,1,2.607,1,1801.3,1,2.607,1,34.633,1
5905611,2025-10-30T14:45:20Z,1,-27.03341,158.65832,1,1803.3,1,34.632,1,2.605,1,1803.3,1,2.605,1,34.632,1
5905611,2025-10-30T14:45:20Z,1,-27.03341,158.65832,1,1805.3,1,34.633,1,2.603,1,1805.3,1,2.603,1,34.633,1
5905611,2025-10-30T14:45:20Z,1,-27.03341,158.65832,1,1807.3,1,34.633,1,2.597,1,1807.3,1,2.597,1,34.633,1
5905611,2025-10-30T14:45:20Z,1,-27.03341,158.65832,1,1809.3,1,34.634,1,2.591,1,1809.3,1,2.591,1,34.634,1
5905611,2025-10-30T14:45:20Z,1,-27.03341,158.65832,1,1811.3,1,34.634,1,2.588,1,1811.3,1,2.588,1,34.634,1
5905611,2025-10-30T14:45:20Z,1,-27.03341,158.65832,1,1813.4,1,34.635,1,2.585,1,1813.4,1,2.585,1,34.635,1
5905611,2025-10-30T14:45:20Z,1,-27.03341,158.65832,1,1815.4,1,34.635,1,2.584,1,1815.4,1,2.584,1,34.635,1
5905611,2025-10-30T14:45:20Z,1,-27.03341,158.65832,1,1817.5,1,34.635,1,2.581,1,1817.5,1,2.581,1,34.635,1
5905611,2025-10-30T14:45:20Z,1,-27.03341,158.65832,1,1819.5,1,34.635,1,2.58,1,1819.5,1,2.58,1,34.635,1
5905611,2025-10-30T14:45:20Z,1,-27.03341,158.65832,1,1821.5,1,34.635,1,2.58,1,1821.5,1,2.58,1,34.635,1
5905611,2025-10-30T14:45:20Z,1,-27.03341,158.65832,1,1823.5,1,34.635,1,2.578,1,1823.5,1,2.578,1,34.635,1
5905611,2025-10-30T14:45:20Z,1,-27.03341,158.65832,1,1825.6,1,34.636,1,2.577,1,1825.6,1,2.577,1,34.636,1
5905611,2025-10-30T14:45:20Z,1,-27.03341,158.65832,1,1827.6,1,34.636,1,2.576,1,1827.6,1,2.576,1,34.636,1
5905611,2025-10-30T14:45:20Z,1,-27.03341,158.65832,1,1829.6,1,34.636,1,2.575,1,1829.6,1,2.575,1,34.636,1
5905611,2025-10-30T14:45:20Z,1,-27.03341,158.65832,1,1831.7,1,34.636,1,2.571,1,1831.7,1,2.571,1,34.636,1
5905611,2025-10-30T14:45:20Z,1,-27.03341,158.65832,1,1833.7,1,34.637,1,2.566,1,1833.7,1,2.566,1,34.637,1
5905611,2025-10-30T14:45:20Z,1,-27.03341,158.65832,1,1835.8,1,34.637,1,2.566,1,1835.8,1,2.566,1,34.637,1
5905611,2025-10-30T14:45:20Z,1,-27.03341,158.65832,1,1837.4,1,34.637,1,2.566,1,1837.4,1,2.566,1,34.637,1
5905611,2025-10-30T14:45:20Z,1,-27.03341,158.65832,1,1839.0,1,34.638,1,2.565,1,1839.0,1,2.565,1,34.638,1
5905611,2025-10-30T14:45:20Z,1,-27.03341,158.65832,1,1841.0,1,34.637,1,2.564,1,1841.0,1,2.564,1,34.637,1
5905611,2025-10-30T14:45:20Z,1,-27.03341,158.65832,1,1843.4,1,34.637,1,2.559,1,1843.4,1,2.559,1,34.637,1
5905611,2025-10-30T14:45:20Z,1,-27.03341,158.65832,1,1845.6,1,34.638,1,2.555,1,1845.6,1,2.555,1,34.638,1
5905611,2025-10-30T14:45:20Z,1,-27.03341,158.65832,1,1847.5,1,34.638,1,2.552,1,1847.5,1,2.552,1,34.638,1
5905611,2025-10-30T14:45:20Z,1,-27.03341,158.65832,1,1849.6,1,34.639,1,2.55,1,1849.6,1,2.55,1,34.639,1
5905611,2025-10-30T14:45:20Z,1,-27.03341,158.65832,1,1851.6,1,34.638,1,2.548,1,1851.6,1,2.548,1,34.638,1
5905611,2025-10-30T14:45:20Z,1,-27.03341,158.65832,1,1853.6,1,34.639,1,2.545,1,1853.6,1,2.545,1,34.639,1
5905611,2025-10-30T14:45:20Z,1,-27.03341,158.65832,1,1855.6,1,34.639,1,2.542,1,1855.6,1,2.542,1,34.639,1
5905611,2025-10-30T14:45:20Z,1,-27.03341,158.65832,1,1857.6,1,34.64,1,2.541,1,1857.6,1,2.541,1,34.64,1
5905611,2025-10-30T14:45:20Z,1,-27.03341,158.65832,1,1859.6,1,34.64,1,2.538,1,1859.6,1,2.538,1,34.64,1
5905611,2025-10-30T14:45:20Z,1,-27.03341,158.65832,1,1861.6,1,34.641,1,2.535,1,1861.6,1,2.535,1,34.641,1
5905611,2025-10-30T14:45:20Z,1,-27.03341,158.65832,1,1863.3,1,34.64,1,2.534,1,1863.3,1,2.534,1,34.64,1
5905611,2025-10-30T14:45:20Z,1,-27.03341,158.65832,1,1865.3,1,34.641,1,2.532,1,1865.3,1,2.532,1,34.641,1
5905611,2025-10-30T14:45:20Z,1,-27.03341,158.65832,1,1867.4,1,34.641,1,2.531,1,1867.4,1,2.531,1,34.641,1
5905611,2025-10-30T14:45:20Z,1,-27.03341,158.65832,1,1869.4,1,34.641,1,2.53,1,1869.4,1,2.53,1,34.641,1
5905611,2025-10-30T14:45:20Z,1,-27.03341,158.65832,1,1871.5,1,34.642,1,2.525,1,1871.5,1,2.525,1,34.642,1
5905611,2025-10-30T14:45:20Z,1,-27.03341,158.65832,1,1873.5,1,34.642,1,2.523,1,1873.5,1,2.523,1,34.642,1
5905611,2025-10-30T14:45:20Z,1,-27.03341,158.65832,1,1875.6,1,34.642,1,2.522,1,1875.6,1,2.522,1,34.642,1
5905611,2025-10-30T14:45:20Z,1,-27.03341,158.65832,1,1877.3,1,34.642,1,2.521,1,1877.3,1,2.521,1,34.642,1
5905611,2025-10-30T14:45:20Z,1,-27.03341,158.65832,1,1879.3,1,34.642,1,2.521,1,1879.3,1,2.521,1,34.642,1
5905611,2025-10-30T14:45:20Z,1,-27.03341,158.65832,1,1881.4,1,34.643,1,2.516,1,1881.4,1,2.516,1,34.643,1
5905611,2025-10-30T14:45:20Z,1,-27.03341,158.65832,1,1883.5,1,34.643,1,2.511,1,1883.5,1,2.511,1,34.643,1
5905611,2025-10-30T14:45:20Z,1,-27.03341,158.65832,1,1885.7,1,34.644,1,2.509,1,1885.7,1,2.509,1,34.644,1
5905611,2025-10-30T14:45:20Z,1,-27.03341,158.65832,1,1887.3,1,34.643,1,2.509,1,1887.3,1,2.509,1,34.643,1
5905611,2025-10-30T14:45:20Z,1,-27.03341,158.65832,1,1889.4,1,34.644,1,2.505,1,1889.4,1,2.505,1,34.644,1
5905611,2025-10-30T14:45:20Z,1,-27.03341,158.65832,1,1891.5,1,34.644,1,2.503,1,1891.5,1,2.503,1,34.644,1
5905611,2025-10-30T14:45:20Z,1,-27.03341,158.65832,1,1893.5,1,34.644,1,2.5,1,1893.5,1,2.5,1,34.644,1
5905611,2025-10-30T14:45:20Z,1,-27.03341,158.65832,1,1895.6,1,34.644,1,2.498,1,1895.6,1,2.498,1,34.644,1
5905611,2025-10-30T14:45:20Z,1,-27.03341,158.65832,1,1897.3,1,34.645,1,2.495,1,1897.3,1,2.495,1,34.645,1
5905611,2025-10-30T14:45:20Z,1,-27.03341,158.65832,1,1899.4,1,34.645,1,2.495,1,1899.4,1,2.495,1,34.645,1
5905611,2025-10-30T14:45:20Z,1,-27.03341,158.65832,1,1901.6,1,34.645,1,2.495,1,1901.6,1,2.495,1,34.645,1
5905611,2025-10-30T14:45:20Z,1,-27.03341,158.65832,1,1903.3,1,34.645,1,2.494,1,1903.3,1,2.494,1,34.645,1
5905611,2025-10-30T14:45:20Z,1,-27.03341,158.65832,1,1905.4,1,34.646,1,2.492,1,1905.4,1,2.492,1,34.646,1
5905611,2025-10-30T14:45:20Z,1,-27.03341,158.65832,1,1907.6,1,34.646,1,2.491,1,1907.6,1,2.491,1,34.646,1
5905611,2025-10-30T14:45:20Z,1,-27.03341,158.65832,1,1909.3,1,34.645,1,2.489,1,1909.3,1,2.489,1,34.645,1
5905611,2025-10-30T14:45:20Z,1,-27.03341,158.65832,1,1911.4,1,34.646,1,2.488,1,1911.4,1,2.488,1,34.646,1
5905611,2025-10-30T14:45:20Z,1,-27.03341,158.65832,1,1913.6,1,34.646,1,2.485,1,1913.6,1,2.485,1,34.646,1
5905611,2025-10-30T14:45:20Z,1,-27.03341,158.65832,1,1915.3,1,34.647,1,2.482,1,1915.3,1,2.482,1,34.647,1
5905611,2025-10-30T14:45:20Z,1,-27.03341,158.65832,1,1917.4,1,34.647,1,2.481,1,1917.4,1,2.481,1,34.647,1
5905611,2025-10-30T14:45:20Z,1,-27.03341,158.65832,1,1919.5,1,34.647,1,2.48,1,1919.5,1,2.48,1,34.647,1
5905611,2025-10-30T14:45:20Z,1,-27.03341,158.65832,1,1921.2,1,34.647,1,2.479,1,1921.2,1,2.479,1,34.647,1
5905611,2025-10-30T14:45:20Z,1,-27.03341,158.65832,1,1923.3,1,34.648,1,2.476,1,1923.3,1,2.476,1,34.648,1
5905611,2025-10-30T14:45:20Z,1,-27.03341,158.65832,1,1925.5,1,34.648,1,2.473,1,1925.5,1,2.473,1,34.648,1
5905611,2025-10-30T14:45:20Z,1,-27.03341,158.65832,1,1927.2,1,34.648,1,2.473,1,1927.2,1,2.473,1,34.648,1
5905611,2025-10-30T14:45:20Z,1,-27.03341,158.65832,1,1929.3,1,34.648,1,2.471,1,1929.3,1,2.471,1,34.648,1
5905611,2025-10-30T14:45:20Z,1,-27.03341,158.65832,1,1931.5,1,34.649,1,2.47,1,1931.5,1,2.47,1,34.649,1
5905611,2025-10-30T14:45:20Z,1,-27.03341,158.65832,1,1933.2,1,34.648,1,2.47,1,1933.2,1,2.47,1,34.648,1
5905611,2025-10-30T14:45:20Z,1,-27.03341,158.65832,1,1935.4,1,34.648,1,2.467,1,1935.4,1,2.467,1,34.648,1
5905611,2025-10-30T14:45:20Z,1,-27.03341,158.65832,1,1937.5,1,34.649,1,2.463,1,1937.5,1,2.463,1,34.649,1
5905611,2025-10-30T14:45:20Z,1,-27.03341,158.65832,1,1939.3,1,34.65,1,2.461,1,1939.3,1,2.461,1,34.65,1
5905611,2025-10-30T14:45:20Z,1,-27.03341,158.65832,1,1941.4,1,34.65,1,2.46,1,1941.4,1,2.46,1,34.65,1
5905611,2025-10-30T14:45:20Z,1,-27.03341,158.65832,1,1943.6,1,34.65,1,2.458,1,1943.6,1,2.458,1,34.65,1
5905611,2025-10-30T14:45:20Z,1,-27.03341,158.65832,1,1945.3,1,34.65,1,2.456,1,1945.3,1,2.456,1,34.65,1
5905611,2025-10-30T14:45:20Z,1,-27.03341,158.65832,1,1947.5,1,34.65,1,2.455,1,1947.5,1,2.455,1,34.65,1
5905611,2025-10-30T14:45:20Z,1,-27.03341,158.65832,1,1949.6,1,34.65,1,2.456,1,1949.6,1,2.456,1,34.65,1
5905611,2025-10-30T14:45:20Z,1,-27.03341,158.65832,1,1951.3,1,34.65,1,2.453,1,1951.3,1,2.453,1,34.65,1
5905611,2025-10-30T14:45:20Z,1,-27.03341,158.65832,1,1953.5,1,34.65,1,2.452,1,1953.5,1,2.452,1,34.65,1
5905611,2025-10-30T14:45:20Z,1,-27.03341,158.65832,1,1955.7,1,34.651,1,2.45,1,1955.7,1,2.45,1,34.651,1
5905611,2025-10-30T14:45:20Z,1,-27.03341,158.65832,1,1957.4,1,34.651,1,2.449,1,1957.4,1,2.449,1,34.651,1
5905611,2025-10-30T14:45:20Z,1,-27.03341,158.65832,1,1959.2,1,34.651,1,2.447,1,1959.2,1,2.447,1,34.651,1
5905611,2025-10-30T14:45:20Z,1,-27.03341,158.65832,1,1961.3,1,34.652,1,2.445,1,1961.3,1,2.445,1,34.652,1
5905611,2025-10-30T14:45:20Z,1,-27.03341,158.65832,1,1963.5,1,34.652,1,2.444,1,1963.5,1,2.444,1,34.652,1
5905611,2025-10-30T14:45:20Z,1,-27.03341,158.65832,1,1965.2,1,34.652,1,2.444,1,1965.2,1,2.444,1,34.652,1
5905611,2025-10-30T14:45:20Z,1,-27.03341,158.65832,1,1967.4,1,34.651,1,2.443,1,1967.4,1,2.443,1,34.651,1
5905611,2025-10-30T14:45:20Z,1,-27.03341,158.65832,1,1969.6,1,34.652,1,2.441,1,1969.6,1,2.441,1,34.652,1
5905611,2025-10-30T14:45:20Z,1,-27.03341,158.65832,1,1971.4,1,34.652,1,2.441,1,1971.4,1,2.441,1,34.652,1
5905611,2025-10-30T14:45:20Z,1,-27.03341,158.65832,1,1973.1,1,34.652,1,2.439,1,1973.1,1,2.439,1,34.652,1
5905611,2025-10-30T14:45:20Z,1,-27.03341,158.65832,1,1975.3,1,34.652,1,2.438,1,1975.3,1,2.438,1,34.652,1
5905611,2025-10-30T14:45:20Z,1,-27.03341,158.65832,1,1977.5,1,34.652,1,2.436,1,1977.5,1,2.436,1,34.652,1
5905611,2025-10-30T14:45:20Z,1,-27.03341,158.65832,1,1979.5,1,34.653,1,2.433,1,1979.5,1,2.433,1,34.653,1
5905611,2025-10-30T14:45:20Z,1,-27.03341,158.65832,1,1981.7,1,34.654,1,2.432,1,1981.7,1,2.432,1,34.654,1
5905611,2025-10-30T14:45:20Z,1,-27.03341,158.65832,1,1983.4,1,34.654,1,2.43,1,1983.4,1,2.43,1,34.654,1
5905611,2025-10-30T14:45:20Z,1,-27.03341,158.65832,1,1985.1,1,34.654,1,2.428,1,1985.1,1,2.428,1,34.654,1
5905611,2025-10-30T14:45:20Z,1,-27.03341,158.65832,1,1987.3,1,34.654,1,2.425,1,1987.3,1,2.425,1,34.654,1
5905611,2025-10-30T14:45:20Z,1,-27.03341,158.65832,1,1989.4,1,34.655,1,2.421,1,1989.4,1,2.421,1,34.655,1
5905611,2025-10-30T14:45:20Z,1,-27.03341,158.65832,1,1991.2,1,34.655,1,2.42,1,1991.2,1,2.42,1,34.655,1
5905611,2025-10-30T14:45:20Z,1,-27.03341,158.65832,1,1993.3,1,34.654,1,2.418,1,1993.3,1,2.418,1,34.654,1
5905611,2025-10-30T14:45:20Z,1,-27.03341,158.65832,1,1995.7,1,34.655,1,2.414,1,1995.7,1,2.414,1,34.655,1
5905611,2025-10-30T14:45:20Z,1,-27.03341,158.65832,1,1997.6,1,34.656,1,2.41,1,1997.6,1,2.41,1,34.656,1
5905611,2025-10-30T14:45:20Z,1,-27.03341,158.65832,1,1999.4,1,34.656,1,2.407,1,1999.4,1,2.407,1,34.656,1
5905611,2025-10-30T14:45:20Z,1,-27.03341,158.65832,1,2000.9,1,34.657,1,2.406,1,2000.9,1,2.406,1,34.657,1
5905611,2025-11-09T09:41:20Z,1,-26.94714,158.47791,1,0.3,1,35.727,1,23.577,1,0.3,1,23.577,1,35.727,1
5905611,2025-11-09T09:41:20Z,1,-26.94714,158.47791,1,1.1,1,35.727,1,23.578,1,1.1,1,23.578,1,35.727,1
5905611,2025-11-09T09:41:20Z,1,-26.94714,158.47791,1,3.4,1,35.727,1,23.579,1,3.4,1,23.579,1,35.727,1
5905611,2025-11-09T09:41:20Z,1,-26.94714,158.47791,1,5.0,1,35.729,1,23.58,1,5.0,1,23.58,1,35.729,1
5905611,2025-11-09T09:41:20Z,1,-26.94714,158.47791,1,5.9,1,35.728,1,23.581,1,5.9,1,23.581,1,35.728,1
5905611,2025-11-09T09:41:20Z,1,-26.94714,158.47791,1,7.5,1,35.727,1,23.58,1,7.5,1,23.58,1,35.727,1
5905611,2025-11-09T09:41:20Z,1,-26.94714,158.47791,1,9.6,1,35.728,1,23.579,1,9.6,1,23.579,1,35.728,1
5905611,2025-11-09T09:41:20Z,1,-26.94714,158.47791,1,11.3,1,35.728,1,23.577,1,11.3,1,23.577,1,35.728,1
5905611,2025-11-09T09:41:20Z,1,-26.94714,158.47791,1,13.2,1,35.728,1,23.573,1,13.2,1,23.573,1,35.728,1
5905611,2025-11-09T09:41:20Z,1,-26.94714,158.47791,1,15.1,1,35.727,1,23.566,1,15.1,1,23.566,1,35.727,1
5905611,2025-11-09T09:41:20Z,1,-26.94714,158.47791,1,17.5,1,35.727,1,23.562,1,17.5,1,23.562,1,35.727,1
5905611,2025-11-09T09:41:20Z,1,-26.94714,158.47791,1,19.7,1,35.726,1,23.56,1,19.7,1,23.56,1,35.726,1
5905611,2025-11-09T09:41:20Z,1,-26.94714,158.47791,1,21.6,1,35.726,1,23.55,1,21.6,1,23.55,1,35.726,1
5905611,2025-11-09T09:41:20Z,1,-26.94714,158.47791,1,23.5,1,35.723,1,23.533,1,23.5,1,23.533,1,35.723,1
5905611,2025-11-09T09:41:20Z,1,-26.94714,158.47791,1,25.2,1,35.724,1,23.498,1,25.2,1,23.498,1,35.724,1
5905611,2025-11-09T09:41:20Z,1,-26.94714,158.47791,1,27.4,1,35.723,1,23.475,1,27.4,1,23.475,1,35.723,1
5905611,2025-11-09T09:41:20Z,1,-26.94714,158.47791,1,29.6,1,35.718,1,23.417,1,29.6,1,23.417,1,35.718,1
5905611,2025-11-09T09:41:20Z,1,-26.94714,158.47791,1,31.6,1,35.71,1,23.268,1,31.6,1,23.268,1,35.71,1
5905611,2025-11-09T09:41:20Z,1,-26.94714,158.47791,1,33.5,1,35.711,1,23.181,1,33.5,1,23.181,1,35.711,1
5905611,2025-11-09T09:41:20Z,1,-26.94714,158.47791,1,35.4,1,35.712,1,23.085,1,35.4,1,23.085,1,35.712,1
5905611,2025-11-09T09:41:20Z,1,-26.94714,158.47791,1,37.2,1,35.706,1,23.002,1,37.2,1,23.002,1,35.706,1
5905611,2025-11-09T09:41:20Z,1,-26.94714,158.47791,1,39.1,1,35.708,1,22.972,1,39.1,1,22.972,1,35.708,1
5905611,2025-11-09T09:41:20Z,1,-26.94714,158.47791,1,41.1,1,35.711,1,22.875,1,41.1,1,22.875,1,35.711,1
5905611,2025-11-09T09:41:20Z,1,-26.94714,158.47791,1,43.1,1,35.711,1,22.802,1,43.1,1,22.802,1,35.711,1
5905611,2025-11-09T09:41:20Z,1,-26.94714,158.47791,1,45.0,1,35.715,1,22.71,1,45.0,1,22.71,1,35.715,1
5905611,2025-11-09T09:41:20Z,1,-26.94714,158.47791,1,47.0,1,35.716,1,22.622,1,47.0,1,22.622,1,35.716,1
5905611,2025-11-09T09:41:20Z,1,-26.94714,158.47791,1,49.5,1,35.717,1,22.527,1,49.5,1,22.527,1,35.717,1
5905611,2025-11-09T09:41:20Z,1,-26.94714,158.47791,1,51.7,1,35.724,1,22.339,1,51.7,1,22.339,1,35.724,1
5905611,2025-11-09T09:41:20Z,1,-26.94714,158.47791,1,53.3,1,35.726,1,22.192,1,53.3,1,22.192,1,35.726,1
5905611,2025-11-09T09:41:20Z,1,-26.94714,158.47791,1,55.2,1,35.726,1,22.03,1,55.2,1,22.03,1,35.726,1
5905611,2025-11-09T09:41:20Z,1,-26.94714,158.47791,1,57.4,1,35.72,1,21.793,1,57.4,1,21.793,1,35.72,1
5905611,2025-11-09T09:41:20Z,1,-26.94714,158.47791,1,59.4,1,35.705,1,21.683,1,59.4,1,21.683,1,35.705,1
5905611,2025-11-09T09:41:20Z,1,-26.94714,158.47791,1,61.3,1,35.706,1,21.52,1,61.3,1,21.52,1,35.706,1
5905611,2025-11-09T09:41:20Z,1,-26.94714,158.47791,1,63.4,1,35.704,1,21.452,1,63.4,1,21.452,1,35.704,1
5905611,2025-11-09T09:41:20Z,1,-26.94714,158.47791,1,65.4,1,35.706,1,21.412,1,65.4,1,21.412,1,35.706,1
5905611,2025-11-09T09:41:20Z,1,-26.94714,158.47791,1,67.5,1,35.711,1,21.316,1,67.5,1,21.316,1,35.711,1
5905611,2025-11-09T09:41:20Z,1,-26.94714,158.47791,1,69.2,1,35.702,1,21.237,1,69.2,1,21.237,1,35.702,1
5905611,2025-11-09T09:41:20Z,1,-26.94714,158.47791,1,71.4,1,35.703,1,21.152,1,71.4,1,21.152,1,35.703,1
5905611,2025-11-09T09:41:20Z,1,-26.94714,158.47791,1,73.6,1,35.7,1,21.097,1,73.6,1,21.097,1,35.7,1
5905611,2025-11-09T09:41:20Z,1,-26.94714,158.47791,1,75.3,1,35.702,1,21.056,1,75.3,1,21.056,1,35.702,1
5905611,2025-11-09T09:41:20Z,1,-26.94714,158.47791,1,77.5,1,35.7,1,20.997,1,77.5,1,20.997,1,35.7,1
5905611,2025-11-09T09:41:20Z,1,-26.94714,158.47791,1,79.6,1,35.696,1,20.885,1,79.6,1,20.885,1,35.696,1
5905611,2025-11-09T09:41:20Z,1,-26.94714,158.47791,1,81.4,1,35.693,1,20.833,1,81.4,1,20.833,1,35.693,1
5905611,2025-11-09T09:41:20Z,1,-26.94714,158.47791,1,83.3,1,35.693,1,20.775,1,83.3,1,20.775,1,35.693,1
5905611,2025-11-09T09:41:20Z,1,-26.94714,158.47791,1,85.1,1,35.69,1,20.759,1,85.1,1,20.759,1,35.69,1
5905611,2025-11-09T09:41:20Z,1,-26.94714,158.47791,1,87.4,1,35.687,1,20.731,1,87.4,1,20.731,1,35.687,1
5905611,2025-11-09T09:41:20Z,1,-26.94714,158.47791,1,89.7,1,35.687,1,20.703,1,89.7,1,20.703,1,35.687,1
5905611,2025-11-09T09:41:20Z,1,-26.94714,158.47791,1,91.6,1,35.684,1,20.656,1,91.6,1,20.656,1,35.684,1
5905611,2025-11-09T09:41:20Z,1,-26.94714,158.47791,1,93.5,1,35.693,1,20.626,1,93.5,1,20.626,1,35.693,1
5905611,2025-11-09T09:41:20Z,1,-26.94714,158.47791,1,95.5,1,35.692,1,20.564,1,95.5,1,20.564,1,35.692,1
5905611,2025-11-09T09:41:20Z,1,-26.94714,158.47791,1,97.5,1,35.686,1,20.529,1,97.5,1,20.529,1,35.686,1
5905611,2025-11-09T09:41:20Z,1,-26.94714,158.47791,1,99.5,1,35.686,1,20.506,1,99.5,1,20.506,1,35.686,1
5905611,2025-11-09T09:41:20Z,1,-26.94714,158.47791,1,101.5,1,35.687,1,20.489,1,101.5,1,20.489,1,35.687,1
5905611,2025-11-09T09:41:20Z,1,-26.94714,158.47791,1,103.5,1,35.689,1,20.464,1,103.5,1,20.464,1,35.689,1
5905611,2025-11-09T09:41:20Z,1,-26.94714,158.47791,1,105.5,1,35.689,1,20.433,1,105.5,1,20.433,1,35.689,1
5905611,2025-11-09T09:41:20Z,1,-26.94714,158.47791,1,107.6,1,35.684,1,20.374,1,107.6,1,20.374,1,35.684,1
5905611,2025-11-09T09:41:20Z,1,-26.94714,158.47791,1,109.7,1,35.676,1,20.322,1,109.7,1,20.322,1,35.676,1
5905611,2025-11-09T09:41:20Z,1,-26.94714,158.47791,1,111.7,1,35.672,1,20.297,1,111.7,1,20.297,1,35.672,1
5905611,2025-11-09T09:41:20Z,1,-26.94714,158.47791,1,113.7,1,35.671,1,20.29,1,113.7,1,20.29,1,35.671,1
5905611,2025-11-09T09:41:20Z,1,-26.94714,158.47791,1,115.7,1,35.675,1,20.273,1,115.7,1,20.273,1,35.675,1
5905611,2025-11-09T09:41:20Z,1,-26.94714,158.47791,1,117.8,1,35.675,1,20.255,1,117.8,1,20.255,1,35.675,1
5905611,2025-11-09T09:41:20Z,1,-26.94714,158.47791,1,119.9,1,35.673,1,20.199,1,119.9,1,20.199,1,35.673,1
5905611,2025-11-09T09:41:20Z,1,-26.94714,158.47791,1,121.5,1,35.665,1,20.143,1,121.5,1,20.143,1,35.665,1
5905611,2025-11-09T09:41:20Z,1,-26.94714,158.47791,1,123.0,1,35.663,1,20.108,1,123.0,1,20.108,1,35.663,1
5905611,2025-11-09T09:41:20Z,1,-26.94714,158.47791,1,125.0,1,35.663,1,20.089,1,125.0,1,20.089,1,35.663,1
5905611,2025-11-09T09:41:20Z,1,-26.94714,158.47791,1,127.1,1,35.661,1,20.033,1,127.1,1,20.033,1,35.661,1
5905611,2025-11-09T09:41:20Z,1,-26.94714,158.47791,1,129.2,1,35.663,1,19.992,1,129.2,1,19.992,1,35.663,1
5905611,2025-11-09T09:41:20Z,1,-26.94714,158.47791,1,131.4,1,35.663,1,19.973,1,131.4,1,19.973,1,35.663,1
5905611,2025-11-09T09:41:20Z,1,-26.94714,158.47791,1,133.5,1,35.661,1,19.936,1,133.5,1,19.936,1,35.661,1
5905611,2025-11-09T09:41:20Z,1,-26.94714,158.47791,1,135.6,1,35.659,1,19.909,1,135.6,1,19.909,1,35.659,1
5905611,2025-11-09T09:41:20Z,1,-26.94714,158.47791,1,137.7,1,35.657,1,19.886,1,137.7,1,19.886,1,35.657,1
5905611,2025-11-09T09:41:20Z,1,-26.94714,158.47791,1,139.7,1,35.658,1,19.873,1,139.7,1,19.873,1,35.658,1
5905611,2025-11-09T09:41:20Z,1,-26.94714,158.47791,1,141.7,1,35.657,1,19.859,1,141.7,1,19.859,1,35.657,1
5905611,2025-11-09T09:41:20Z,1,-26.94714,158.47791,1,143.7,1,35.656,1,19.827,1,143.7,1,19.827,1,35.656,1
5905611,2025-11-09T09:41:20Z,1,-26.94714,158.47791,1,145.8,1,35.66,1,19.811,1,145.8,1,19.811,1,35.66,1
5905611,2025-11-09T09:41:20Z,1,-26.94714,158.47791,1,147.9,1,35.656,1,19.785,1,147.9,1,19.785,1,35.656,1
5905611,2025-11-09T09:41:20Z,1,-26.94714,158.47791,1,149.5,1,35.653,1,19.771,1,149.5,1,19.771,1,35.653,1
5905611,2025-11-09T09:41:20Z,1,-26.94714,158.47791,1,151.0,1,35.653,1,19.759,1,151.0,1,19.759,1,35.653,1
5905611,2025-11-09T09:41:20Z,1,-26.94714,158.47791,1,153.1,1,35.657,1,19.742,1,153.1,1,19.742,1,35.657,1
5905611,2025-11-09T09:41:20Z,1,-26.94714,158.47791,1,155.1,1,35.66,1,19.744,1,155.1,1,19.744,1,35.66,1
5905611,2025-11-09T09:41:20Z,1,-26.94714,158.47791,1,157.2,1,35.668,1,19.751,1,157.2,1,19.751,1,35.668,1
5905611,2025-11-09T09:41:20Z,1,-26.94714,158.47791,1,159.3,1,35.671,1,19.739,1,159.3,1,19.739,1,35.671,1
5905611,2025-11-09T09:41:20Z,1,-26.94714,158.47791,1,161.3,1,35.667,1,19.712,1,161.3,1,19.712,1,35.667,1
5905611,2025-11-09T09:41:20Z,1,-26.94714,158.47791,1,163.4,1,35.659,1,19.666,1,163.4,1,19.666,1,35.659,1
5905611,2025-11-09T09:41:20Z,1,-26.94714,158.47791,1,165.5,1,35.66,1,19.65,1,165.5,1,19.65,1,35.66,1
5905611,2025-11-09T09:41:20Z,1,-26.94714,158.47791,1,167.7,1,35.657,1,19.636,1,167.7,1,19.636,1,35.657,1
5905611,2025-11-09T09:41:20Z,1,-26.94714,158.47791,1,169.8,1,35.654,1,19.597,1,169.8,1,19.597,1,35.654,1
5905611,2025-11-09T09:41:20Z,1,-26.94714,158.47791,1,171.8,1,35.649,1,19.546,1,171.8,1,19.546,1,35.649,1
5905611,2025-11-09T09:41:20Z,1,-26.94714,158.47791,1,173.5,1,35.646,1,19.525,1,173.5,1,19.525,1,35.646,1
5905611,2025-11-09T09:41:20Z,1,-26.94714,158.47791,1,175.0,1,35.644,1,19.488,1,175.0,1,19.488,1,35.644,1
5905611,2025-11-09T09:41:20Z,1,-26.94714,158.47791,1,177.1,1,35.643,1,19.464,1,177.1,1,19.464,1,35.643,1
5905611,2025-11-09T09:41:20Z,1,-26.94714,158.47791,1,179.4,1,35.64,1,19.433,1,179.4,1,19.433,1,35.64,1
5905611,2025-11-09T09:41:20Z,1,-26.94714,158.47791,1,181.4,1,35.635,1,19.41,1,181.4,1,19.41,1,35.635,1
5905611,2025-11-09T09:41:20Z,1,-26.94714,158.47791,1,183.4,1,35.635,1,19.401,1,183.4,1,19.401,1,35.635,1
5905611,2025-11-09T09:41:20Z,1,-26.94714,158.47791,1,185.4,1,35.634,1,19.399,1,185.4,1,19.399,1,35.634,1
5905611,2025-11-09T09:41:20Z,1,-26.94714,158.47791,1,187.4,1,35.634,1,19.393,1,187.4,1,19.393,1,35.634,1
5905611,2025-11-09T09:41:20Z,1,-26.94714,158.47791,1,189.4,1,35.632,1,19.378,1,189.4,1,19.378,1,35.632,1
5905611,2025-11-09T09:41:20Z,1,-26.94714,158.47791,1,191.5,1,35.628,1,19.309,1,191.5,1,19.309,1,35.628,1
5905611,2025-11-09T09:41:20Z,1,-26.94714,158.47791,1,193.6,1,35.624,1,19.271,1,193.6,1,19.271,1,35.624,1
5905611,2025-11-09T09:41:20Z,1,-26.94714,158.47791,1,195.3,1,35.624,1,19.268,1,195.3,1,19.268,1,35.624,1
5905611,2025-11-09T09:41:20Z,1,-26.94714,158.47791,1,197.4,1,35.623,1,19.242,1,197.4,1,19.242,1,35.623,1
5905611,2025-11-09T09:41:20Z,1,-26.94714,158.47791,1,199.5,1,35.622,1,19.237,1,199.5,1,19.237,1,35.622,1
5905611,2025-11-09T09:41:20Z,1,-26.94714,158.47791,1,201.6,1,35.619,1,19.182,1,201.6,1,19.182,1,35.619,1
5905611,2025-11-09T09:41:20Z,1,-26.94714,158.47791,1,203.7,1,35.618,1,19.122,1,203.7,1,19.122,1,35.618,1
5905611,2025-11-09T09:41:20Z,1,-26.94714,158.47791,1,205.4,1,35.617,1,19.109,1,205.4,1,19.109,1,35.617,1
5905611,2025-11-09T09:41:20Z,1,-26.94714,158.47791,1,207.2,1,35.616,1,19.099,1,207.2,1,19.099,1,35.616,1
5905611,2025-11-09T09:41:20Z,1,-26.94714,158.47791,1,209.3,1,35.615,1,19.075,1,209.3,1,19.075,1,35.615,1
5905611,2025-11-09T09:41:20Z,1,-26.94714,158.47791,1,211.5,1,35.611,1,19.047,1,211.5,1,19.047,1,35.611,1
5905611,2025-11-09T09:41:20Z,1,-26.94714,158.47791,1,213.3,1,35.609,1,19.022,1,213.3,1,19.022,1,35.609,1
5905611,2025-11-09T09:41:20Z,1,-26.94714,158.47791,1,215.5,1,35.606,1,18.968,1,215.5,1,18.968,1,35.606,1
5905611,2025-11-09T09:41:20Z,1,-26.94714,158.47791,1,217.7,1,35.603,1,18.91,1,217.7,1,18.91,1,35.603,1
5905611,2025-11-09T09:41:20Z,1,-26.94714,158.47791,1,219.4,1,35.603,1,18.881,1,219.4,1,18.881,1,35.603,1
5905611,2025-11-09T09:41:20Z,1,-26.94714,158.47791,1,221.1,1,35.602,1,18.822,1,221.1,1,18.822,1,35.602,1
5905611,2025-11-09T09:41:20Z,1,-26.94714,158.47791,1,223.3,1,35.6,1,18.796,1,223.3,1,18.796,1,35.6,1
5905611,2025-11-09T09:41:20Z,1,-26.94714,158.47791,1,225.5,1,35.598,1,18.743,1,225.5,1,18.743,1,35.598,1
5905611,2025-11-09T09:41:20Z,1,-26.94714,158.47791,1,227.3,1,35.595,1,18.695,1,227.3,1,18.695,1,35.595,1
5905611,2025-11-09T09:41:20Z,1,-26.94714,158.47791,1,229.5,1,35.592,1,18.655,1,229.5,1,18.655,1,35.592,1
5905611,2025-11-09T09:41:20Z,1,-26.94714,158.47791,1,231.6,1,35.592,1,18.627,1,231.6,1,18.627,1,35.592,1
5905611,2025-11-09T09:41:20Z,1,-26.94714,158.47791,1,233.4,1,35.589,1,18.603,1,233.4,1,18.603,1,35.589,1
5905611,2025-11-09T09:41:20Z,1,-26.94714,158.47791,1,235.2,1,35.589,1,18.553,1,235.2,1,18.553,1,35.589,1
5905611,2025-11-09T09:41:20Z,1,-26.94714,158.47791,1,237.4,1,35.586,1,18.496,1,237.4,1,18.496,1,35.586,1
5905611,2025-11-09T09:41:20Z,1,-26.94714,158.47791,1,239.6,1,35.581,1,18.439,1,239.6,1,18.439,1,35.581,1
5905611,2025-11-09T09:41:20Z,1,-26.94714,158.47791,1,241.4,1,35.581,1,18.407,1,241.4,1,18.407,1,35.581,1
5905611,2025-11-09T09:41:20Z,1,-26.94714,158.47791,1,243.1,1,35.578,1,18.386,1,243.1,1,18.386,1,35.578,1
5905611,2025-11-09T09:41:20Z,1,-26.94714,158.47791,1,245.3,1,35.576,1,18.362,1,245.3,1,18.362,1,35.576,1
5905611,2025-11-09T09:41:20Z,1,-26.94714,158.47791,1,247.4,1,35.575,1,18.331,1,247.4,1,18.331,1,35.575,1
5905611,2025-11-09T09:41:20Z,1,-26.94714,158.47791,1,249.2,1,35.571,1,18.3,1,249.2,1,18.3,1,35.571,1
5905611,2025-11-09T09:41:20Z,1,-26.94714,158.47791,1,251.3,1,35.568,1,18.249,1,251.3,1,18.249,1,35.568,1
5905611,2025-11-09T09:41:20Z,1,-26.94714,158.47791,1,253.5,1,35.565,1,18.22,1,253.5,1,18.22,1,35.565,1
5905611,2025-11-09T09:41:20Z,1,-26.94714,158.47791,1,255.2,1,35.564,1,18.171,1,255.2,1,18.171,1,35.564,1
5905611,2025-11-09T09:41:20Z,1,-26.94714,158.47791,1,257.3,1,35.555,1,18.056,1,257.3,1,18.056,1,35.555,1
5905611,2025-11-09T09:41:20Z,1,-26.94714,158.47791,1,259.5,1,35.551,1,18.0,1,259.5,1,18.0,1,35.551,1
5905611,2025-11-09T09:41:20Z,1,-26.94714,158.47791,1,261.2,1,35.55,1,17.976,1,261.2,1,17.976,1,35.55,1
5905611,2025-11-09T09:41:20Z,1,-26.94714,158.47791,1,263.4,1,35.548,1,17.966,1,263.4,1,17.966,1,35.548,1
5905611,2025-11-09T09:41:20Z,1,-26.94714,158.47791,1,265.5,1,35.547,1,17.948,1,265.5,1,17.948,1,35.547,1
5905611,2025-11-09T09:41:20Z,1,-26.94714,158.47791,1,267.2,1,35.544,1,17.905,1,267.2,1,17.905,1,35.544,1
5905611,2025-11-09T09:41:20Z,1,-26.94714,158.47791,1,269.0,1,35.538,1,17.812,1,269.0,1,17.812,1,35.538,1
5905611,2025-11-09T09:41:20Z,1,-26.94714,158.47791,1,271.4,1,35.534,1,17.722,1,271.4,1,17.722,1,35.534,1
5905611,2025-11-09T09:41:20Z,1,-26.94714,158.47791,1,273.7,1,35.533,1,17.719,1,273.7,1,17.719,1,35.533,1
5905611,2025-11-09T09:41:20Z,1,-26.94714,158.47791,1,275.5,1,35.528,1,17.653,1,275.5,1,17.653,1,35.528,1
5905611,2025-11-09T09:41:20Z,1,-26.94714,158.47791,1,277.4,1,35.517,1,17.552,1,277.4,1,17.552,1,35.517,1
5905611,2025-11-09T09:41:20Z,1,-26.94714,158.47791,1,279.2,1,35.514,1,17.524,1,279.2,1,17.524,1,35.514,1
5905611,2025-11-09T09:41:20Z,1,-26.94714,158.47791,1,281.2,1,35.512,1,17.484,1,281.2,1,17.484,1,35.512,1
5905611,2025-11-09T09:41:20Z,1,-26.94714,158.47791,1,283.1,1,35.506,1,17.42,1,283.1,1,17.42,1,35.506,1
5905611,2025-11-09T09:41:20Z,1,-26.94714,158.47791,1,285.4,1,35.499,1,17.331,1,285.4,1,17.331,1,35.499,1
5905611,2025-11-09T09:41:20Z,1,-26.94714,158.47791,1,287.8,1,35.495,1,17.298,1,287.8,1,17.298,1,35.495,1
5905611,2025-11-09T09:41:20Z,1,-26.94714,158.47791,1,289.6,1,35.493,1,17.276,1,289.6,1,17.276,1,35.493,1
5905611,2025-11-09T09:41:20Z,1,-26.94714,158.47791,1,291.6,1,35.491,1,17.249,1,291.6,1,17.249,1,35.491,1
5905611,2025-11-09T09:41:20Z,1,-26.94714,158.47791,1,293.5,1,35.492,1,17.22,1,293.5,1,17.22,1,35.492,1
5905611,2025-11-09T09:41:20Z,1,-26.94714,158.47791,1,295.4,1,35.49,1,17.18,1,295.4,1,17.18,1,35.49,1
5905611,2025-11-09T09:41:20Z,1,-26.94714,158.47791,1,297.4,1,35.494,1,17.148,1,297.4,1,17.148,1,35.494,1
5905611,2025-11-09T09:41:20Z,1,-26.94714,158.47791,1,299.4,1,35.49,1,17.089,1,299.4,1,17.089,1,35.49,1
5905611,2025-11-09T09:41:20Z,1,-26.94714,158.47791,1,301.5,1,35.482,1,17.026,1,301.5,1,17.026,1,35.482,1
5905611,2025-11-09T09:41:20Z,1,-26.94714,158.47791,1,303.5,1,35.486,1,16.951,1,303.5,1,16.951,1,35.486,1
5905611,2025-11-09T09:41:20Z,1,-26.94714,158.47791,1,305.5,1,35.468,1,16.795,1,305.5,1,16.795,1,35.468,1
5905611,2025-11-09T09:41:20Z,1,-26.94714,158.47791,1,307.5,1,35.457,1,16.745,1,307.5,1,16.745,1,35.457,1
5905611,2025-11-09T09:41:20Z,1,-26.94714,158.47791,1,309.4,1,35.456,1,16.725,1,309.4,1,16.725,1,35.456,1
5905611,2025-11-09T09:41:20Z,1,-26.94714,158.47791,1,311.4,1,35.465,1,16.67,1,311.4,1,16.67,1,35.465,1
5905611,2025-11-09T09:41:20Z,1,-26.94714,158.47791,1,313.3,1,35.453,1,16.582,1,313.3,1,16.582,1,35.453,1
5905611,2025-11-09T09:41:20Z,1,-26.94714,158.47791,1,315.3,1,35.433,1,16.421,1,315.3,1,16.421,1,35.433,1
5905611,2025-11-09T09:41:20Z,1,-26.94714,158.47791,1,317.3,1,35.43,1,16.398,1,317.3,1,16.398,1,35.43,1
5905611,2025-11-09T09:41:20Z,1,-26.94714,158.47791,1,319.4,1,35.428,1,16.364,1,319.4,1,16.364,1,35.428,1
5905611,2025-11-09T09:41:20Z,1,-26.94714,158.47791,1,321.4,1,35.424,1,16.344,1,321.4,1,16.344,1,35.424,1
5905611,2025-11-09T09:41:20Z,1,-26.94714,158.47791,1,323.4,1,35.424,1,16.333,1,323.4,1,16.333,1,35.424,1
5905611,2025-11-09T09:41:20Z,1,-26.94714,158.47791,1,325.4,1,35.423,1,16.313,1,325.4,1,16.313,1,35.423,1
5905611,2025-11-09T09:41:20Z,1,-26.94714,158.47791,1,327.3,1,35.417,1,16.299,1,327.3,1,16.299,1,35.417,1
5905611,2025-11-09T09:41:20Z,1,-26.94714,158.47791,1,329.3,1,35.408,1,16.202,1,329.3,1,16.202,1,35.408,1
5905611,2025-11-09T09:41:20Z,1,-26.94714,158.47791,1,331.3,1,35.407,1,16.143,1,331.3,1,16.143,1,35.407,1
5905611,2025-11-09T09:41:20Z,1,-26.94714,158.47791,1,333.3,1,35.401,1,16.074,1,333.3,1,16.074,1,35.401,1
5905611,2025-11-09T09:41:20Z,1,-26.94714,158.47791,1,335.4,1,35.395,1,16.037,1,335.4,1,16.037,1,35.395,1
5905611,2025-11-09T09:41:20Z,1,-26.94714,158.47791,1,337.4,1,35.396,1,16.007,1,337.4,1,16.007,1,35.396,1
5905611,2025-11-09T09:41:20Z,1,-26.94714,158.47791,1,339.4,1,35.387,1,15.929,1,339.4,1,15.929,1,35.387,1
5905611,2025-11-09T09:41:20Z,1,-26.94714,158.47791,1,341.3,1,35.383,1,15.904,1,341.3,1,15.904,1,35.383,1
5905611,2025-11-09T09:41:20Z,1,-26.94714,158.47791,1,343.2,1,35.38,1,15.876,1,343.2,1,15.876,1,35.38,1
5905611,2025-11-09T09:41:20Z,1,-26.94714,158.47791,1,345.1,1,35.376,1,15.851,1,345.1,1,15.851,1,35.376,1
5905611,2025-11-09T09:41:20Z,1,-26.94714,158.47791,1,347.1,1,35.368,1,15.757,1,347.1,1,15.757,1,35.368,1
5905611,2025-11-09T09:41:20Z,1,-26.94714,158.47791,1,349.1,1,35.361,1,15.673,1,349.1,1,15.673,1,35.361,1
5905611,2025-11-09T09:41:20Z,1,-26.94714,158.47791,1,351.0,1,35.36,1,15.663,1,351.0,1,15.663,1,35.36,1
5905611,2025-11-09T09:41:20Z,1,-26.94714,158.47791,1,353.0,1,35.361,1,15.634,1,353.0,1,15.634,1,35.361,1
5905611,2025-11-09T09:41:20Z,1,-26.94714,158.47791,1,355.0,1,35.348,1,15.499,1,355.0,1,15.499,1,35.348,1
5905611,2025-11-09T09:41:20Z,1,-26.94714,158.47791,1,357.0,1,35.341,1,15.445,1,357.0,1,15.445,1,35.341,1
5905611,2025-11-09T09:41:20Z,1,-26.94714,158.47791,1,359.0,1,35.327,1,15.326,1,359.0,1,15.326,1,35.327,1
5905611,2025-11-09T09:41:20Z,1,-26.94714,158.47791,1,361.1,1,35.313,1,15.214,1,361.1,1,15.214,1,35.313,1
5905611,2025-11-09T09:41:20Z,1,-26.94714,158.47791,1,363.0,1,35.305,1,15.116,1,363.0,1,15.116,1,35.305,1
5905611,2025-11-09T09:41:20Z,1,-26.94714,158.47791,1,365.0,1,35.306,1,15.099,1,365.0,1,15.099,1,35.306,1
5905611,2025-11-09T09:41:20Z,1,-26.94714,158.47791,1,367.4,1,35.303,1,15.052,1,367.4,1,15.052,1,35.303,1
5905611,2025-11-09T09:41:20Z,1,-26.94714,158.47791,1,369.9,1,35.3,1,14.977,1,369.9,1,14.977,1,35.3,1
5905611,2025-11-09T09:41:20Z,1,-26.94714,158.47791,1,371.9,1,35.295,1,14.902,1,371.9,1,14.902,1,35.295,1
5905611,2025-11-09T09:41:20Z,1,-26.94714,158.47791,1,373.9,1,35.282,1,14.806,1,373.9,1,14.806,1,35.282,1
5905611,2025-11-09T09:41:20Z,1,-26.94714,158.47791,1,375.9,1,35.275,1,14.731,1,375.9,1,14.731,1,35.275,1
5905611,2025-11-09T09:41:20Z,1,-26.94714,158.47791,1,377.8,1,35.265,1,14.651,1,377.8,1,14.651,1,35.265,1
5905611,2025-11-09T09:41:20Z,1,-26.94714,158.47791,1,379.8,1,35.261,1,14.609,1,379.8,1,14.609,1,35.261,1
5905611,2025-11-09T09:41:20Z,1,-26.94714,158.47791,1,381.8,1,35.259,1,14.553,1,381.8,1,14.553,1,35.259,1
5905611,2025-11-09T09:41:20Z,1,-26.94714,158.47791,1,383.8,1,35.255,1,14.531,1,383.8,1,14.531,1,35.255,1
5905611,2025-11-09T09:41:20Z,1,-26.94714,158.47791,1,385.9,1,35.249,1,14.465,1,385.9,1,14.465,1,35.249,1
5905611,2025-11-09T09:41:20Z,1,-26.94714,158.47791,1,387.9,1,35.247,1,14.409,1,387.9,1,14.409,1,35.247,1
5905611,2025-11-09T09:41:20Z,1,-26.94714,158.47791,1,389.9,1,35.246,1,14.379,1,389.9,1,14.379,1,35.246,1
5905611,2025-11-09T09:41:20Z,1,-26.94714,158.47791,1,391.4,1,35.247,1,14.372,1,391.4,1,14.372,1,35.247,1
5905611,2025-11-09T09:41:20Z,1,-26.94714,158.47791,1,393.0,1,35.246,1,14.347,1,393.0,1,14.347,1,35.246,1
5905611,2025-11-09T09:41:20Z,1,-26.94714,158.47791,1,395.0,1,35.241,1,14.312,1,395.0,1,14.312,1,35.241,1
5905611,2025-11-09T09:41:20Z,1,-26.94714,158.47791,1,397.4,1,35.236,1,14.272,1,397.4,1,14.272,1,35.236,1
5905611,2025-11-09T09:41:20Z,1,-26.94714,158.47791,1,399.5,1,35.227,1,14.191,1,399.5,1,14.191,1,35.227,1
5905611,2025-11-09T09:41:20Z,1,-26.94714,158.47791,1,401.0,1,35.224,1,14.175,1,401.0,1,14.175,1,35.224,1
5905611,2025-11-09T09:41:20Z,1,-26.94714,158.47791,1,403.1,1,35.223,1,14.137,1,403.1,1,14.137,1,35.223,1
5905611,2025-11-09T09:41:20Z,1,-26.94714,158.47791,1,405.1,1,35.215,1,14.01,1,405.1,1,14.01,1,35.215,1
5905611,2025-11-09T09:41:20Z,1,-26.94714,158.47791,1,407.2,1,35.205,1,13.92,1,407.2,1,13.92,1,35.205,1
5905611,2025-11-09T09:41:20Z,1,-26.94714,158.47791,1,409.3,1,35.2,1,13.895,1,409.3,1,13.895,1,35.2,1
5905611,2025-11-09T09:41:20Z,1,-26.94714,158.47791,1,411.3,1,35.197,1,13.811,1,411.3,1,13.811,1,35.197,1
5905611,2025-11-09T09:41:20Z,1,-26.94714,158.47791,1,413.3,1,35.189,1,13.792,1,413.3,1,13.792,1,35.189,1
5905611,2025-11-09T09:41:20Z,1,-26.94714,158.47791,1,415.4,1,35.183,1,13.693,1,415.4,1,13.693,1,35.183,1
5905611,2025-11-09T09:41:20Z,1,-26.94714,158.47791,1,417.3,1,35.165,1,13.517,1,417.3,1,13.517,1,35.165,1
5905611,2025-11-09T09:41:20Z,1,-26.94714,158.47791,1,419.2,1,35.149,1,13.415,1,419.2,1,13.415,1,35.149,1
5905611,2025-11-09T09:41:20Z,1,-26.94714,158.47791,1,421.5,1,35.143,1,13.336,1,421.5,1,13.336,1,35.143,1
5905611,2025-11-09T09:41:20Z,1,-26.94714,158.47791,1,423.5,1,35.132,1,13.247,1,423.5,1,13.247,1,35.132,1
5905611,2025-11-09T09:41:20Z,1,-26.94714,158.47791,1,425.4,1,35.125,1,13.207,1,425.4,1,13.207,1,35.125,1
5905611,2025-11-09T09:41:20Z,1,-26.94714,158.47791,1,427.4,1,35.116,1,13.129,1,427.4,1,13.129,1,35.116,1
5905611,2025-11-09T09:41:20Z,1,-26.94714,158.47791,1,429.4,1,35.105,1,13.055,1,429.4,1,13.055,1,35.105,1
5905611,2025-11-09T09:41:20Z,1,-26.94714,158.47791,1,431.5,1,35.087,1,12.904,1,431.5,1,12.904,1,35.087,1
5905611,2025-11-09T09:41:20Z,1,-26.94714,158.47791,1,433.5,1,35.079,1,12.8,1,433.5,1,12.8,1,35.079,1
5905611,2025-11-09T09:41:20Z,1,-26.94714,158.47791,1,435.7,1,35.074,1,12.743,1,435.7,1,12.743,1,35.074,1
5905611,2025-11-09T09:41:20Z,1,-26.94714,158.47791,1,437.4,1,35.072,1,12.733,1,437.4,1,12.733,1,35.072,1
5905611,2025-11-09T09:41:20Z,1,-26.94714,158.47791,1,439.5,1,35.071,1,12.726,1,439.5,1,12.726,1,35.071,1
5905611,2025-11-09T09:41:20Z,1,-26.94714,158.47791,1,441.6,1,35.068,1,12.703,1,441.6,1,12.703,1,35.068,1
5905611,2025-11-09T09:41:20Z,1,-26.94714,158.47791,1,443.3,1,35.061,1,12.651,1,443.3,1,12.651,1,35.061,1
5905611,2025-11-09T09:41:20Z,1,-26.94714,158.47791,1,445.5,1,35.053,1,12.56,1,445.5,1,12.56,1,35.053,1
5905611,2025-11-09T09:41:20Z,1,-26.94714,158.47791,1,447.7,1,35.048,1,12.512,1,447.7,1,12.512,1,35.048,1
5905611,2025-11-09T09:41:20Z,1,-26.94714,158.47791,1,449.6,1,35.044,1,12.465,1,449.6,1,12.465,1,35.044,1
5905611,2025-11-09T09:41:20Z,1,-26.94714,158.47791,1,451.4,1,35.041,1,12.451,1,451.4,1,12.451,1,35.041,1
5905611,2025-11-09T09:41:20Z,1,-26.94714,158.47791,1,453.2,1,35.036,1,12.428,1,453.2,1,12.428,1,35.036,1
5905611,2025-11-09T09:41:20Z,1,-26.94714,158.47791,1,455.1,1,35.032,1,12.375,1,455.1,1,12.375,1,35.032,1
5905611,2025-11-09T09:41:20Z,1,-26.94714,158.47791,1,457.4,1,35.021,1,12.275,1,457.4,1,12.275,1,35.021,1
5905611,2025-11-09T09:41:20Z,1,-26.94714,158.47791,1,459.7,1,35.014,1,12.205,1,459.7,1,12.205,1,35.014,1
5905611,2025-11-09T09:41:20Z,1,-26.94714,158.47791,1,461.5,1,35.005,1,12.151,1,461.5,1,12.151,1,35.005,1
5905611,2025-11-09T09:41:20Z,1,-26.94714,158.47791,1,463.4,1,34.998,1,12.072,1,463.4,1,12.072,1,34.998,1
5905611,2025-11-09T09:41:20Z,1,-26.94714,158.47791,1,465.2,1,34.979,1,11.973,1,465.2,1,11.973,1,34.979,1
5905611,2025-11-09T09:41:20Z,1,-26.94714,158.47791,1,467.1,1,34.967,1,11.921,1,467.1,1,11.921,1,34.967,1
5905611,2025-11-09T09:41:20Z,1,-26.94714,158.47791,1,469.4,1,34.951,1,11.793,1,469.4,1,11.793,1,34.951,1
5905611,2025-11-09T09:41:20Z,1,-26.94714,158.47791,1,471.7,1,34.938,1,11.725,1,471.7,1,11.725,1,34.938,1
5905611,2025-11-09T09:41:20Z,1,-26.94714,158.47791,1,473.5,1,34.934,1,11.62,1,473.5,1,11.62,1,34.934,1
5905611,2025-11-09T09:41:20Z,1,-26.94714,158.47791,1,475.3,1,34.929,1,11.625,1,475.3,1,11.625,1,34.929,1
5905611,2025-11-09T09:41:20Z,1,-26.94714,158.47791,1,477.2,1,34.931,1,11.629,1,477.2,1,11.629,1,34.931,1
5905611,2025-11-09T09:41:20Z,1,-26.94714,158.47791,1,479.5,1,34.925,1,11.572,1,479.5,1,11.572,1,34.925,1
5905611,2025-11-09T09:41:20Z,1,-26.94714,158.47791,1,481.7,1,34.923,1,11.555,1,481.7,1,11.555,1,34.923,1
5905611,2025-11-09T09:41:20Z,1,-26.94714,158.47791,1,483.5,1,34.919,1,11.524,1,483.5,1,11.524,1,34.919,1
5905611,2025-11-09T09:41:20Z,1,-26.94714,158.47791,1,485.4,1,34.916,1,11.488,1,485.4,1,11.488,1,34.916,1
5905611,2025-11-09T09:41:20Z,1,-26.94714,158.47791,1,487.2,1,34.904,1,11.438,1,487.2,1,11.438,1,34.904,1
5905611,2025-11-09T09:41:20Z,1,-26.94714,158.47791,1,489.1,1,34.887,1,11.315,1,489.1,1,11.315,1,34.887,1
5905611,2025-11-09T09:41:20Z,1,-26.94714,158.47791,1,491.4,1,34.882,1,11.268,1,491.4,1,11.268,1,34.882,1
5905611,2025-11-09T09:41:20Z,1,-26.94714,158.47791,1,493.8,1,34.877,1,11.236,1,493.8,1,11.236,1,34.877,1
5905611,2025-11-09T09:41:20Z,1,-26.94714,158.47791,1,495.6,1,34.871,1,11.205,1,495.6,1,11.205,1,34.871,1
5905611,2025-11-09T09:41:20Z,1,-26.94714,158.47791,1,497.5,1,34.869,1,11.178,1,497.5,1,11.178,1,34.869,1
5905611,2025-11-09T09:41:20Z,1,-26.94714,158.47791,1,499.3,1,34.865,1,11.156,1,499.3,1,11.156,1,34.865,1
5905611,2025-11-09T09:41:20Z,1,-26.94714,158.47791,1,501.2,1,34.862,1,11.147,1,501.2,1,11.147,1,34.862,1
5905611,2025-11-09T09:41:20Z,1,-26.94714,158.47791,1,503.5,1,34.858,1,11.096,1,503.5,1,11.096,1,34.858,1
5905611,2025-11-09T09:41:20Z,1,-26.94714,158.47791,1,505.7,1,34.849,1,11.021,1,505.7,1,11.021,1,34.849,1
5905611,2025-11-09T09:41:20Z,1,-26.94714,158.47791,1,507.6,1,34.84,1,10.937,1,507.6,1,10.937,1,34.84,1
5905611,2025-11-09T09:41:20Z,1,-26.94714,158.47791,1,509.5,1,34.835,1,10.915,1,509.5,1,10.915,1,34.835,1
5905611,2025-11-09T09:41:20Z,1,-26.94714,158.47791,1,511.3,1,34.833,1,10.847,1,511.3,1,10.847,1,34.833,1
5905611,2025-11-09T09:41:20Z,1,-26.94714,158.47791,1,513.2,1,34.824,1,10.799,1,513.2,1,10.799,1,34.824,1
5905611,2025-11-09T09:41:20Z,1,-26.94714,158.47791,1,515.1,1,34.825,1,10.794,1,515.1,1,10.794,1,34.825,1
5905611,2025-11-09T09:41:20Z,1,-26.94714,158.47791,1,517.4,1,34.824,1,10.789,1,517.4,1,10.789,1,34.824,1
5905611,2025-11-09T09:41:20Z,1,-26.94714,158.47791,1,519.8,1,34.822,1,10.77,1,519.8,1,10.77,1,34.822,1
5905611,2025-11-09T09:41:20Z,1,-26.94714,158.47791,1,521.7,1,34.821,1,10.757,1,521.7,1,10.757,1,34.821,1
5905611,2025-11-09T09:41:20Z,1,-26.94714,158.47791,1,523.6,1,34.812,1,10.654,1,523.6,1,10.654,1,34.812,1
5905611,2025-11-09T09:41:20Z,1,-26.94714,158.47791,1,525.5,1,34.796,1,10.574,1,525.5,1,10.574,1,34.796,1
5905611,2025-11-09T09:41:20Z,1,-26.94714,158.47791,1,527.4,1,34.79,1,10.533,1,527.4,1,10.533,1,34.79,1
5905611,2025-11-09T09:41:20Z,1,-26.94714,158.47791,1,529.3,1,34.783,1,10.487,1,529.3,1,10.487,1,34.783,1
5905611,2025-11-09T09:41:20Z,1,-26.94714,158.47791,1,531.3,1,34.779,1,10.438,1,531.3,1,10.438,1,34.779,1
5905611,2025-11-09T09:41:20Z,1,-26.94714,158.47791,1,533.2,1,34.773,1,10.35,1,533.2,1,10.35,1,34.773,1
5905611,2025-11-09T09:41:20Z,1,-26.94714,158.47791,1,535.2,1,34.769,1,10.324,1,535.2,1,10.324,1,34.769,1
5905611,2025-11-09T09:41:20Z,1,-26.94714,158.47791,1,537.2,1,34.764,1,10.314,1,537.2,1,10.314,1,34.764,1
5905611,2025-11-09T09:41:20Z,1,-26.94714,158.47791,1,539.2,1,34.762,1,10.296,1,539.2,1,10.296,1,34.762,1
5905611,2025-11-09T09:41:20Z,1,-26.94714,158.47791,1,541.1,1,34.761,1,10.286,1,541.1,1,10.286,1,34.761,1
5905611,2025-11-09T09:41:20Z,1,-26.94714,158.47791,1,543.1,1,34.758,1,10.256,1,543.1,1,10.256,1,34.758,1
5905611,2025-11-09T09:41:20Z,1,-26.94714,158.47791,1,545.1,1,34.757,1,10.239,1,545.1,1,10.239,1,34.757,1
5905611,2025-11-09T09:41:20Z,1,-26.94714,158.47791,1,547.1,1,34.756,1,10.226,1,547.1,1,10.226,1,34.756,1
5905611,2025-11-09T09:41:20Z,1,-26.94714,158.47791,1,549.0,1,34.757,1,10.21,1,549.0,1,10.21,1,34.757,1
5905611,2025-11-09T09:41:20Z,1,-26.94714,158.47791,1,551.4,1,34.762,1,10.197,1,551.4,1,10.197,1,34.762,1
5905611,2025-11-09T09:41:20Z,1,-26.94714,158.47791,1,553.9,1,34.76,1,10.184,1,553.9,1,10.184,1,34.76,1
5905611,2025-11-09T09:41:20Z,1,-26.94714,158.47791,1,555.8,1,34.757,1,10.156,1,555.8,1,10.156,1,34.757,1
5905611,2025-11-09T09:41:20Z,1,-26.94714,158.47791,1,557.8,1,34.744,1,10.105,1,557.8,1,10.105,1,34.744,1
5905611,2025-11-09T09:41:20Z,1,-26.94714,158.47791,1,559.8,1,34.735,1,10.037,1,559.8,1,10.037,1,34.735,1
5905611,2025-11-09T09:41:20Z,1,-26.94714,158.47791,1,561.8,1,34.724,1,9.939,1,561.8,1,9.939,1,34.724,1
5905611,2025-11-09T09:41:20Z,1,-26.94714,158.47791,1,563.7,1,34.723,1,9.928,1,563.7,1,9.928,1,34.723,1
5905611,2025-11-09T09:41:20Z,1,-26.94714,158.47791,1,565.6,1,34.724,1,9.937,1,565.6,1,9.937,1,34.724,1
5905611,2025-11-09T09:41:20Z,1,-26.94714,158.47791,1,567.5,1,34.726,1,9.926,1,567.5,1,9.926,1,34.726,1
5905611,2025-11-09T09:41:20Z,1,-26.94714,158.47791,1,569.5,1,34.717,1,9.844,1,569.5,1,9.844,1,34.717,1
5905611,2025-11-09T09:41:20Z,1,-26.94714,158.47791,1,571.4,1,34.712,1,9.769,1,571.4,1,9.769,1,34.712,1
5905611,2025-11-09T09:41:20Z,1,-26.94714,158.47791,1,573.4,1,34.699,1,9.719,1,573.4,1,9.719,1,34.699,1
5905611,2025-11-09T09:41:20Z,1,-26.94714,158.47791,1,575.3,1,34.703,1,9.72,1,575.3,1,9.72,1,34.703,1
5905611,2025-11-09T09:41:20Z,1,-26.94714,158.47791,1,577.3,1,34.694,1,9.663,1,577.3,1,9.663,1,34.694,1
5905611,2025-11-09T09:41:20Z,1,-26.94714,158.47791,1,579.3,1,34.692,1,9.626,1,579.3,1,9.626,1,34.692,1
5905611,2025-11-09T09:41:20Z,1,-26.94714,158.47791,1,581.3,1,34.69,1,9.614,1,581.3,1,9.614,1,34.69,1
5905611,2025-11-09T09:41:20Z,1,-26.94714,158.47791,1,583.2,1,34.689,1,9.614,1,583.2,1,9.614,1,34.689,1
5905611,2025-11-09T09:41:20Z,1,-26.94714,158.47791,1,585.2,1,34.694,1,9.633,1,585.2,1,9.633,1,34.694,1
5905611,2025-11-09T09:41:20Z,1,-26.94714,158.47791,1,587.2,1,34.706,1,9.647,1,587.2,1,9.647,1,34.706,1
5905611,2025-11-09T09:41:20Z,1,-26.94714,158.47791,1,589.2,1,34.706,1,9.642,1,589.2,1,9.642,1,34.706,1
5905611,2025-11-09T09:41:20Z,1,-26.94714,158.47791,1,591.3,1,34.704,1,9.605,1,591.3,1,9.605,1,34.704,1
5905611,2025-11-09T09:41:20Z,1,-26.94714,158.47791,1,593.3,1,34.698,1,9.552,1,593.3,1,9.552,1,34.698,1
5905611,2025-11-09T09:41:20Z,1,-26.94714,158.47791,1,595.2,1,34.701,1,9.555,1,595.2,1,9.555,1,34.701,1
5905611,2025-11-09T09:41:20Z,1,-26.94714,158.47791,1,597.2,1,34.701,1,9.528,1,597.2,1,9.528,1,34.701,1
5905611,2025-11-09T09:41:20Z,1,-26.94714,158.47791,1,599.1,1,34.697,1,9.504,1,599.1,1,9.504,1,34.697,1
5905611,2025-11-09T09:41:20Z,1,-26.94714,158.47791,1,601.1,1,34.694,1,9.459,1,601.1,1,9.459,1,34.694,1
5905611,2025-11-09T09:41:20Z,1,-26.94714,158.47791,1,603.1,1,34.685,1,9.383,1,603.1,1,9.383,1,34.685,1
5905611,2025-11-09T09:41:20Z,1,-26.94714,158.47791,1,605.0,1,34.682,1,9.369,1,605.0,1,9.369,1,34.682,1
5905611,2025-11-09T09:41:20Z,1,-26.94714,158.47791,1,607.4,1,34.679,1,9.327,1,607.4,1,9.327,1,34.679,1
5905611,2025-11-09T09:41:20Z,1,-26.94714,158.47791,1,609.9,1,34.671,1,9.228,1,609.9,1,9.228,1,34.671,1
5905611,2025-11-09T09:41:20Z,1,-26.94714,158.47791,1,611.8,1,34.666,1,9.203,1,611.8,1,9.203,1,34.666,1
5905611,2025-11-09T09:41:20Z,1,-26.94714,158.47791,1,613.8,1,34.666,1,9.199,1,613.8,1,9.199,1,34.666,1
5905611,2025-11-09T09:41:20Z,1,-26.94714,158.47791,1,615.8,1,34.666,1,9.196,1,615.8,1,9.196,1,34.666,1
5905611,2025-11-09T09:41:20Z,1,-26.94714,158.47791,1,617.8,1,34.666,1,9.193,1,617.8,1,9.193,1,34.666,1
5905611,2025-11-09T09:41:20Z,1,-26.94714,158.47791,1,619.8,1,34.665,1,9.191,1,619.8,1,9.191,1,34.665,1
5905611,2025-11-09T09:41:20Z,1,-26.94714,158.47791,1,621.8,1,34.665,1,9.19,1,621.8,1,9.19,1,34.665,1
5905611,2025-11-09T09:41:20Z,1,-26.94714,158.47791,1,623.7,1,34.664,1,9.187,1,623.7,1,9.187,1,34.664,1
5905611,2025-11-09T09:41:20Z,1,-26.94714,158.47791,1,625.6,1,34.661,1,9.161,1,625.6,1,9.161,1,34.661,1
5905611,2025-11-09T09:41:20Z,1,-26.94714,158.47791,1,627.6,1,34.655,1,9.075,1,627.6,1,9.075,1,34.655,1
5905611,2025-11-09T09:41:20Z,1,-26.94714,158.47791,1,629.5,1,34.653,1,9.055,1,629.5,1,9.055,1,34.653,1
5905611,2025-11-09T09:41:20Z,1,-26.94714,158.47791,1,631.5,1,34.65,1,9.032,1,631.5,1,9.032,1,34.65,1
5905611,2025-11-09T09:41:20Z,1,-26.94714,158.47791,1,633.4,1,34.649,1,9.013,1,633.4,1,9.013,1,34.649,1
5905611,2025-11-09T09:41:20Z,1,-26.94714,158.47791,1,635.3,1,34.644,1,8.977,1,635.3,1,8.977,1,34.644,1
5905611,2025-11-09T09:41:20Z,1,-26.94714,158.47791,1,637.1,1,34.639,1,8.924,1,637.1,1,8.924,1,34.639,1
5905611,2025-11-09T09:41:20Z,1,-26.94714,158.47791,1,639.0,1,34.636,1,8.909,1,639.0,1,8.909,1,34.636,1
5905611,2025-11-09T09:41:20Z,1,-26.94714,158.47791,1,641.4,1,34.634,1,8.876,1,641.4,1,8.876,1,34.634,1
5905611,2025-11-09T09:41:20Z,1,-26.94714,158.47791,1,643.8,1,34.628,1,8.82,1,643.8,1,8.82,1,34.628,1
5905611,2025-11-09T09:41:20Z,1,-26.94714,158.47791,1,645.7,1,34.628,1,8.813,1,645.7,1,8.813,1,34.628,1
5905611,2025-11-09T09:41:20Z,1,-26.94714,158.47791,1,647.5,1,34.626,1,8.811,1,647.5,1,8.811,1,34.626,1
5905611,2025-11-09T09:41:20Z,1,-26.94714,158.47791,1,649.4,1,34.624,1,8.776,1,649.4,1,8.776,1,34.624,1
5905611,2025-11-09T09:41:20Z,1,-26.94714,158.47791,1,651.3,1,34.623,1,8.754,1,651.3,1,8.754,1,34.623,1
5905611,2025-11-09T09:41:20Z,1,-26.94714,158.47791,1,653.2,1,34.619,1,8.736,1,653.2,1,8.736,1,34.619,1
5905611,2025-11-09T09:41:20Z,1,-26.94714,158.47791,1,655.2,1,34.618,1,8.723,1,655.2,1,8.723,1,34.618,1
5905611,2025-11-09T09:41:20Z,1,-26.94714,158.47791,1,657.1,1,34.618,1,8.705,1,657.1,1,8.705,1,34.618,1
5905611,2025-11-09T09:41:20Z,1,-26.94714,158.47791,1,659.0,1,34.611,1,8.65,1,659.0,1,8.65,1,34.611,1
5905611,2025-11-09T09:41:20Z,1,-26.94714,158.47791,1,661.4,1,34.606,1,8.608,1,661.4,1,8.608,1,34.606,1
5905611,2025-11-09T09:41:20Z,1,-26.94714,158.47791,1,663.8,1,34.602,1,8.561,1,663.8,1,8.561,1,34.602,1
5905611,2025-11-09T09:41:20Z,1,-26.94714,158.47791,1,665.7,1,34.596,1,8.511,1,665.7,1,8.511,1,34.596,1
5905611,2025-11-09T09:41:20Z,1,-26.94714,158.47791,1,667.7,1,34.592,1,8.474,1,667.7,1,8.474,1,34.592,1
5905611,2025-11-09T09:41:20Z,1,-26.94714,158.47791,1,669.7,1,34.588,1,8.415,1,669.7,1,8.415,1,34.588,1
5905611,2025-11-09T09:41:20Z,1,-26.94714,158.47791,1,671.6,1,34.583,1,8.367,1,671.6,1,8.367,1,34.583,1
5905611,2025-11-09T09:41:20Z,1,-26.94714,158.47791,1,673.6,1,34.579,1,8.339,1,673.6,1,8.339,1,34.579,1
5905611,2025-11-09T09:41:20Z,1,-26.94714,158.47791,1,675.6,1,34.577,1,8.306,1,675.6,1,8.306,1,34.577,1
5905611,2025-11-09T09:41:20Z,1,-26.94714,158.47791,1,677.7,1,34.576,1,8.283,1,677.7,1,8.283,1,34.576,1
5905611,2025-11-09T09:41:20Z,1,-26.94714,158.47791,1,679.7,1,34.571,1,8.252,1,679.7,1,8.252,1,34.571,1
5905611,2025-11-09T09:41:20Z,1,-26.94714,158.47791,1,681.8,1,34.57,1,8.23,1,681.8,1,8.23,1,34.57,1
5905611,2025-11-09T09:41:20Z,1,-26.94714,158.47791,1,683.8,1,34.568,1,8.21,1,683.8,1,8.21,1,34.568,1
5905611,2025-11-09T09:41:20Z,1,-26.94714,158.47791,1,685.8,1,34.566,1,8.175,1,685.8,1,8.175,1,34.566,1
5905611,2025-11-09T09:41:20Z,1,-26.94714,158.47791,1,687.9,1,34.565,1,8.135,1,687.9,1,8.135,1,34.565,1
5905611,2025-11-09T09:41:20Z,1,-26.94714,158.47791,1,689.4,1,34.56,1,8.116,1,689.4,1,8.116,1,34.56,1
5905611,2025-11-09T09:41:20Z,1,-26.94714,158.47791,1,691.0,1,34.559,1,8.101,1,691.0,1,8.101,1,34.559,1
5905611,2025-11-09T09:41:20Z,1,-26.94714,158.47791,1,693.1,1,34.557,1,8.068,1,693.1,1,8.068,1,34.557,1
5905611,2025-11-09T09:41:20Z,1,-26.94714,158.47791,1,695.1,1,34.556,1,8.061,1,695.1,1,8.061,1,34.556,1
5905611,2025-11-09T09:41:20Z,1,-26.94714,158.47791,1,697.2,1,34.556,1,8.061,1,697.2,1,8.061,1,34.556,1
5905611,2025-11-09T09:41:20Z,1,-26.94714,158.47791,1,699.3,1,34.555,1,8.06,1,699.3,1,8.06,1,34.555,1
5905611,2025-11-09T09:41:20Z,1,-26.94714,158.47791,1,701.4,1,34.551,1,8.027,1,701.4,1,8.027,1,34.551,1
5905611,2025-11-09T09:41:20Z,1,-26.94714,158.47791,1,703.5,1,34.548,1,7.972,1,703.5,1,7.972,1,34.548,1
5905611,2025-11-09T09:41:20Z,1,-26.94714,158.47791,1,705.6,1,34.545,1,7.937,1,705.6,1,7.937,1,34.545,1
5905611,2025-11-09T09:41:20Z,1,-26.94714,158.47791,1,707.7,1,34.54,1,7.918,1,707.7,1,7.918,1,34.54,1
5905611,2025-11-09T09:41:20Z,1,-26.94714,158.47791,1,709.8,1,34.54,1,7.871,1,709.8,1,7.871,1,34.54,1
5905611,2025-11-09T09:41:20Z,1,-26.94714,158.47791,1,711.5,1,34.537,1,7.852,1,711.5,1,7.852,1,34.537,1
5905611,2025-11-09T09:41:20Z,1,-26.94714,158.47791,1,713.1,1,34.536,1,7.837,1,713.1,1,7.837,1,34.536,1
5905611,2025-11-09T09:41:20Z,1,-26.94714,158.47791,1,715.2,1,34.533,1,7.808,1,715.2,1,7.808,1,34.533,1
5905611,2025-11-09T09:41:20Z,1,-26.94714,158.47791,1,717.4,1,34.531,1,7.764,1,717.4,1,7.764,1,34.531,1
5905611,2025-11-09T09:41:20Z,1,-26.94714,158.47791,1,719.5,1,34.529,1,7.717,1,719.5,1,7.717,1,34.529,1
5905611,2025-11-09T09:41:20Z,1,-26.94714,158.47791,1,721.6,1,34.525,1,7.698,1,721.6,1,7.698,1,34.525,1
5905611,2025-11-09T09:41:20Z,1,-26.94714,158.47791,1,723.7,1,34.522,1,7.659,1,723.7,1,7.659,1,34.522,1
5905611,2025-11-09T09:41:20Z,1,-26.94714,158.47791,1,725.8,1,34.519,1,7.606,1,725.8,1,7.606,1,34.519,1
5905611,2025-11-09T09:41:20Z,1,-26.94714,158.47791,1,727.4,1,34.519,1,7.601,1,727.4,1,7.601,1,34.519,1
5905611,2025-11-09T09:41:20Z,1,-26.94714,158.47791,1,729.0,1,34.517,1,7.591,1,729.0,1,7.591,1,34.517,1
5905611,2025-11-09T09:41:20Z,1,-26.94714,158.47791,1,731.2,1,34.516,1,7.559,1,731.2,1,7.559,1,34.516,1
5905611,2025-11-09T09:41:20Z,1,-26.94714,158.47791,1,733.3,1,34.513,1,7.528,1,733.3,1,7.528,1,34.513,1
5905611,2025-11-09T09:41:20Z,1,-26.94714,158.47791,1,735.5,1,34.512,1,7.517,1,735.5,1,7.517,1,34.512,1
5905611,2025-11-09T09:41:20Z,1,-26.94714,158.47791,1,737.6,1,34.51,1,7.482,1,737.6,1,7.482,1,34.51,1
5905611,2025-11-09T09:41:20Z,1,-26.94714,158.47791,1,739.7,1,34.507,1,7.438,1,739.7,1,7.438,1,34.507,1
5905611,2025-11-09T09:41:20Z,1,-26.94714,158.47791,1,741.8,1,34.506,1,7.431,1,741.8,1,7.431,1,34.506,1
5905611,2025-11-09T09:41:20Z,1,-26.94714,158.47791,1,743.4,1,34.505,1,7.425,1,743.4,1,7.425,1,34.505,1
5905611,2025-11-09T09:41:20Z,1,-26.94714,158.47791,1,745.0,1,34.504,1,7.393,1,745.0,1,7.393,1,34.504,1
5905611,2025-11-09T09:41:20Z,1,-26.94714,158.47791,1,747.1,1,34.499,1,7.321,1,747.1,1,7.321,1,34.499,1
5905611,2025-11-09T09:41:20Z,1,-26.94714,158.47791,1,749.5,1,34.496,1,7.284,1,749.5,1,7.284,1,34.496,1
5905611,2025-11-09T09:41:20Z,1,-26.94714,158.47791,1,751.5,1,34.495,1,7.273,1,751.5,1,7.273,1,34.495,1
5905611,2025-11-09T09:41:20Z,1,-26.94714,158.47791,1,753.6,1,34.494,1,7.265,1,753.6,1,7.265,1,34.494,1
5905611,2025-11-09T09:41:20Z,1,-26.94714,158.47791,1,755.6,1,34.493,1,7.236,1,755.6,1,7.236,1,34.493,1
5905611,2025-11-09T09:41:20Z,1,-26.94714,158.47791,1,757.5,1,34.492,1,7.221,1,757.5,1,7.221,1,34.492,1
5905611,2025-11-09T09:41:20Z,1,-26.94714,158.47791,1,759.5,1,34.491,1,7.197,1,759.5,1,7.197,1,34.491,1
5905611,2025-11-09T09:41:20Z,1,-26.94714,158.47791,1,761.5,1,34.49,1,7.181,1,761.5,1,7.181,1,34.49,1
5905611,2025-11-09T09:41:20Z,1,-26.94714,158.47791,1,763.5,1,34.487,1,7.161,1,763.5,1,7.161,1,34.487,1
5905611,2025-11-09T09:41:20Z,1,-26.94714,158.47791,1,765.5,1,34.487,1,7.127,1,765.5,1,7.127,1,34.487,1
5905611,2025-11-09T09:41:20Z,1,-26.94714,158.47791,1,767.5,1,34.485,1,7.098,1,767.5,1,7.098,1,34.485,1
5905611,2025-11-09T09:41:20Z,1,-26.94714,158.47791,1,769.2,1,34.483,1,7.07,1,769.2,1,7.07,1,34.483,1
5905611,2025-11-09T09:41:20Z,1,-26.94714,158.47791,1,771.3,1,34.483,1,7.06,1,771.3,1,7.06,1,34.483,1
5905611,2025-11-09T09:41:20Z,1,-26.94714,158.47791,1,773.4,1,34.483,1,7.059,1,773.4,1,7.059,1,34.483,1
5905611,2025-11-09T09:41:20Z,1,-26.94714,158.47791,1,775.5,1,34.482,1,7.059,1,775.5,1,7.059,1,34.482,1
5905611,2025-11-09T09:41:20Z,1,-26.94714,158.47791,1,777.5,1,34.481,1,7.035,1,777.5,1,7.035,1,34.481,1
5905611,2025-11-09T09:41:20Z,1,-26.94714,158.47791,1,779.2,1,34.481,1,7.011,1,779.2,1,7.011,1,34.481,1
5905611,2025-11-09T09:41:20Z,1,-26.94714,158.47791,1,781.3,1,34.48,1,7.007,1,781.3,1,7.007,1,34.48,1
5905611,2025-11-09T09:41:20Z,1,-26.94714,158.47791,1,783.4,1,34.479,1,7.006,1,783.4,1,7.006,1,34.479,1
5905611,2025-11-09T09:41:20Z,1,-26.94714,158.47791,1,785.5,1,34.479,1,7.001,1,785.5,1,7.001,1,34.479,1
5905611,2025-11-09T09:41:20Z,1,-26.94714,158.47791,1,787.7,1,34.479,1,6.986,1,787.7,1,6.986,1,34.479,1
5905611,2025-11-09T09:41:20Z,1,-26.94714,158.47791,1,789.3,1,34.478,1,6.976,1,789.3,1,6.976,1,34.478,1
5905611,2025-11-09T09:41:20Z,1,-26.94714,158.47791,1,791.4,1,34.476,1,6.94,1,791.4,1,6.94,1,34.476,1
5905611,2025-11-09T09:41:20Z,1,-26.94714,158.47791,1,793.6,1,34.474,1,6.919,1,793.6,1,6.919,1,34.474,1
5905611,2025-11-09T09:41:20Z,1,-26.94714,158.47791,1,795.2,1,34.472,1,6.891,1,795.2,1,6.891,1,34.472,1
5905611,2025-11-09T09:41:20Z,1,-26.94714,158.47791,1,797.3,1,34.472,1,6.875,1,797.3,1,6.875,1,34.472,1
5905611,2025-11-09T09:41:20Z,1,-26.94714,158.47791,1,799.4,1,34.472,1,6.868,1,799.4,1,6.868,1,34.472,1
5905611,2025-11-09T09:41:20Z,1,-26.94714,158.47791,1,801.5,1,34.473,1,6.852,1,801.5,1,6.852,1,34.473,1
5905611,2025-11-09T09:41:20Z,1,-26.94714,158.47791,1,803.6,1,34.473,1,6.846,1,803.6,1,6.846,1,34.473,1
5905611,2025-11-09T09:41:20Z,1,-26.94714,158.47791,1,805.3,1,34.473,1,6.841,1,805.3,1,6.841,1,34.473,1
5905611,2025-11-09T09:41:20Z,1,-26.94714,158.47791,1,807.4,1,34.472,1,6.826,1,807.4,1,6.826,1,34.472,1
5905611,2025-11-09T09:41:20Z,1,-26.94714,158.47791,1,809.5,1,34.472,1,6.81,1,809.5,1,6.81,1,34.472,1
5905611,2025-11-09T09:41:20Z,1,-26.94714,158.47791,1,811.2,1,34.471,1,6.811,1,811.2,1,6.811,1,34.471,1
5905611,2025-11-09T09:41:20Z,1,-26.94714,158.47791,1,813.3,1,34.471,1,6.805,1,813.3,1,6.805,1,34.471,1
5905611,2025-11-09T09:41:20Z,1,-26.94714,158.47791,1,815.4,1,34.47,1,6.792,1,815.4,1,6.792,1,34.47,1
5905611,2025-11-09T09:41:20Z,1,-26.94714,158.47791,1,817.5,1,34.468,1,6.758,1,817.5,1,6.758,1,34.468,1
5905611,2025-11-09T09:41:20Z,1,-26.94714,158.47791,1,819.7,1,34.465,1,6.704,1,819.7,1,6.704,1,34.465,1
5905611,2025-11-09T09:41:20Z,1,-26.94714,158.47791,1,821.3,1,34.464,1,6.672,1,821.3,1,6.672,1,34.464,1
5905611,2025-11-09T09:41:20Z,1,-26.94714,158.47791,1,823.4,1,34.462,1,6.666,1,823.4,1,6.666,1,34.462,1
5905611,2025-11-09T09:41:20Z,1,-26.94714,158.47791,1,825.5,1,34.461,1,6.646,1,825.5,1,6.646,1,34.461,1
5905611,2025-11-09T09:41:20Z,1,-26.94714,158.47791,1,827.2,1,34.458,1,6.618,1,827.2,1,6.618,1,34.458,1
5905611,2025-11-09T09:41:20Z,1,-26.94714,158.47791,1,829.3,1,34.457,1,6.603,1,829.3,1,6.603,1,34.457,1
5905611,2025-11-09T09:41:20Z,1,-26.94714,158.47791,1,831.4,1,34.456,1,6.598,1,831.4,1,6.598,1,34.456,1
5905611,2025-11-09T09:41:20Z,1,-26.94714,158.47791,1,833.4,1,34.455,1,6.584,1,833.4,1,6.584,1,34.455,1
5905611,2025-11-09T09:41:20Z,1,-26.94714,158.47791,1,835.6,1,34.453,1,6.563,1,835.6,1,6.563,1,34.453,1
5905611,2025-11-09T09:41:20Z,1,-26.94714,158.47791,1,837.2,1,34.452,1,6.549,1,837.2,1,6.549,1,34.452,1
5905611,2025-11-09T09:41:20Z,1,-26.94714,158.47791,1,839.3,1,34.453,1,6.544,1,839.3,1,6.544,1,34.453,1
5905611,2025-11-09T09:41:20Z,1,-26.94714,158.47791,1,841.5,1,34.453,1,6.537,1,841.5,1,6.537,1,34.453,1
5905611,2025-11-09T09:41:20Z,1,-26.94714,158.47791,1,843.2,1,34.453,1,6.528,1,843.2,1,6.528,1,34.453,1
5905611,2025-11-09T09:41:20Z,1,-26.94714,158.47791,1,845.3,1,34.452,1,6.518,1,845.3,1,6.518,1,34.452,1
5905611,2025-11-09T09:41:20Z,1,-26.94714,158.47791,1,847.4,1,34.453,1,6.515,1,847.4,1,6.515,1,34.453,1
5905611,2025-11-09T09:41:20Z,1,-26.94714,158.47791,1,849.5,1,34.453,1,6.507,1,849.5,1,6.507,1,34.453,1
5905611,2025-11-09T09:41:20Z,1,-26.94714,158.47791,1,851.6,1,34.453,1,6.496,1,851.6,1,6.496,1,34.453,1
5905611,2025-11-09T09:41:20Z,1,-26.94714,158.47791,1,853.3,1,34.451,1,6.479,1,853.3,1,6.479,1,34.451,1
5905611,2025-11-09T09:41:20Z,1,-26.94714,158.47791,1,855.4,1,34.452,1,6.464,1,855.4,1,6.464,1,34.452,1
5905611,2025-11-09T09:41:20Z,1,-26.94714,158.47791,1,857.6,1,34.453,1,6.463,1,857.6,1,6.463,1,34.453,1
5905611,2025-11-09T09:41:20Z,1,-26.94714,158.47791,1,859.3,1,34.454,1,6.459,1,859.3,1,6.459,1,34.454,1
5905611,2025-11-09T09:41:20Z,1,-26.94714,158.47791,1,861.5,1,34.455,1,6.456,1,861.5,1,6.456,1,34.455,1
5905611,2025-11-09T09:41:20Z,1,-26.94714,158.47791,1,863.7,1,34.456,1,6.438,1,863.7,1,6.438,1,34.456,1
5905611,2025-11-09T09:41:20Z,1,-26.94714,158.47791,1,865.4,1,34.455,1,6.418,1,865.4,1,6.418,1,34.455,1
5905611,2025-11-09T09:41:20Z,1,-26.94714,158.47791,1,867.5,1,34.455,1,6.37,1,867.5,1,6.37,1,34.455,1
5905611,2025-11-09T09:41:20Z,1,-26.94714,158.47791,1,869.7,1,34.453,1,6.335,1,869.7,1,6.335,1,34.453,1
5905611,2025-11-09T09:41:20Z,1,-26.94714,158.47791,1,871.5,1,34.453,1,6.296,1,871.5,1,6.296,1,34.453,1
5905611,2025-11-09T09:41:20Z,1,-26.94714,158.47791,1,873.2,1,34.451,1,6.255,1,873.2,1,6.255,1,34.451,1
5905611,2025-11-09T09:41:20Z,1,-26.94714,158.47791,1,875.5,1,34.45,1,6.225,1,875.5,1,6.225,1,34.45,1
5905611,2025-11-09T09:41:20Z,1,-26.94714,158.47791,1,877.6,1,34.45,1,6.195,1,877.6,1,6.195,1,34.45,1
5905611,2025-11-09T09:41:20Z,1,-26.94714,158.47791,1,879.4,1,34.449,1,6.184,1,879.4,1,6.184,1,34.449,1
5905611,2025-11-09T09:41:20Z,1,-26.94714,158.47791,1,881.2,1,34.449,1,6.178,1,881.2,1,6.178,1,34.449,1
5905611,2025-11-09T09:41:20Z,1,-26.94714,158.47791,1,883.4,1,34.448,1,6.152,1,883.4,1,6.152,1,34.448,1
5905611,2025-11-09T09:41:20Z,1,-26.94714,158.47791,1,885.6,1,34.442,1,6.106,1,885.6,1,6.106,1,34.442,1
5905611,2025-11-09T09:41:20Z,1,-26.94714,158.47791,1,887.3,1,34.442,1,6.082,1,887.3,1,6.082,1,34.442,1
5905611,2025-11-09T09:41:20Z,1,-26.94714,158.47791,1,889.1,1,34.442,1,6.071,1,889.1,1,6.071,1,34.442,1
5905611,2025-11-09T09:41:20Z,1,-26.94714,158.47791,1,891.5,1,34.442,1,6.048,1,891.5,1,6.048,1,34.442,1
5905611,2025-11-09T09:41:20Z,1,-26.94714,158.47791,1,893.9,1,34.442,1,6.038,1,893.9,1,6.038,1,34.442,1
5905611,2025-11-09T09:41:20Z,1,-26.94714,158.47791,1,895.8,1,34.441,1,6.028,1,895.8,1,6.028,1,34.441,1
5905611,2025-11-09T09:41:20Z,1,-26.94714,158.47791,1,897.7,1,34.442,1,6.012,1,897.7,1,6.012,1,34.442,1
5905611,2025-11-09T09:41:20Z,1,-26.94714,158.47791,1,899.5,1,34.44,1,5.997,1,899.5,1,5.997,1,34.44,1
5905611,2025-11-09T09:41:20Z,1,-26.94714,158.47791,1,901.4,1,34.441,1,5.98,1,901.4,1,5.98,1,34.441,1
5905611,2025-11-09T09:41:20Z,1,-26.94714,158.47791,1,903.3,1,34.44,1,5.966,1,903.3,1,5.966,1,34.44,1
5905611,2025-11-09T09:41:20Z,1,-26.94714,158.47791,1,905.3,1,34.441,1,5.957,1,905.3,1,5.957,1,34.441,1
5905611,2025-11-09T09:41:20Z,1,-26.94714,158.47791,1,907.2,1,34.44,1,5.948,1,907.2,1,5.948,1,34.44,1
5905611,2025-11-09T09:41:20Z,1,-26.94714,158.47791,1,909.2,1,34.44,1,5.939,1,909.2,1,5.939,1,34.44,1
5905611,2025-11-09T09:41:20Z,1,-26.94714,158.47791,1,911.2,1,34.439,1,5.929,1,911.2,1,5.929,1,34.439,1
5905611,2025-11-09T09:41:20Z,1,-26.94714,158.47791,1,913.2,1,34.44,1,5.908,1,913.2,1,5.908,1,34.44,1
5905611,2025-11-09T09:41:20Z,1,-26.94714,158.47791,1,915.2,1,34.44,1,5.89,1,915.2,1,5.89,1,34.44,1
5905611,2025-11-09T09:41:20Z,1,-26.94714,158.47791,1,917.2,1,34.441,1,5.861,1,917.2,1,5.861,1,34.441,1
5905611,2025-11-09T09:41:20Z,1,-26.94714,158.47791,1,919.2,1,34.441,1,5.834,1,919.2,1,5.834,1,34.441,1
5905611,2025-11-09T09:41:20Z,1,-26.94714,158.47791,1,921.3,1,34.442,1,5.807,1,921.3,1,5.807,1,34.442,1
5905611,2025-11-09T09:41:20Z,1,-26.94714,158.47791,1,923.3,1,34.442,1,5.789,1,923.3,1,5.789,1,34.442,1
5905611,2025-11-09T09:41:20Z,1,-26.94714,158.47791,1,925.4,1,34.442,1,5.775,1,925.4,1,5.775,1,34.442,1
5905611,2025-11-09T09:41:20Z,1,-26.94714,158.47791,1,927.5,1,34.441,1,5.764,1,927.5,1,5.764,1,34.441,1
5905611,2025-11-09T09:41:20Z,1,-26.94714,158.47791,1,929.6,1,34.442,1,5.734,1,929.6,1,5.734,1,34.442,1
5905611,2025-11-09T09:41:20Z,1,-26.94714,158.47791,1,931.6,1,34.441,1,5.733,1,931.6,1,5.733,1,34.441,1
5905611,2025-11-09T09:41:20Z,1,-26.94714,158.47791,1,933.7,1,34.442,1,5.727,1,933.7,1,5.727,1,34.442,1
5905611,2025-11-09T09:41:20Z,1,-26.94714,158.47791,1,935.8,1,34.441,1,5.725,1,935.8,1,5.725,1,34.441,1
5905611,2025-11-09T09:41:20Z,1,-26.94714,158.47791,1,937.9,1,34.441,1,5.722,1,937.9,1,5.722,1,34.441,1
5905611,2025-11-09T09:41:20Z,1,-26.94714,158.47791,1,939.5,1,34.441,1,5.718,1,939.5,1,5.718,1,34.441,1
5905611,2025-11-09T09:41:20Z,1,-26.94714,158.47791,1,941.0,1,34.441,1,5.71,1,941.0,1,5.71,1,34.441,1
5905611,2025-11-09T09:41:20Z,1,-26.94714,158.47791,1,943.1,1,34.442,1,5.694,1,943.1,1,5.694,1,34.442,1
5905611,2025-11-09T09:41:20Z,1,-26.94714,158.47791,1,945.1,1,34.442,1,5.687,1,945.1,1,5.687,1,34.442,1
5905611,2025-11-09T09:41:20Z,1,-26.94714,158.47791,1,947.2,1,34.441,1,5.677,1,947.2,1,5.677,1,34.441,1
5905611,2025-11-09T09:41:20Z,1,-26.94714,158.47791,1,949.3,1,34.442,1,5.659,1,949.3,1,5.659,1,34.442,1
5905611,2025-11-09T09:41:20Z,1,-26.94714,158.47791,1,951.3,1,34.442,1,5.65,1,951.3,1,5.65,1,34.442,1
5905611,2025-11-09T09:41:20Z,1,-26.94714,158.47791,1,953.4,1,34.442,1,5.634,1,953.4,1,5.634,1,34.442,1
5905611,2025-11-09T09:41:20Z,1,-26.94714,158.47791,1,955.4,1,34.442,1,5.62,1,955.4,1,5.62,1,34.442,1
5905611,2025-11-09T09:41:20Z,1,-26.94714,158.47791,1,957.5,1,34.441,1,5.611,1,957.5,1,5.611,1,34.441,1
5905611,2025-11-09T09:41:20Z,1,-26.94714,158.47791,1,959.6,1,34.442,1,5.595,1,959.6,1,5.595,1,34.442,1
5905611,2025-11-09T09:41:20Z,1,-26.94714,158.47791,1,961.7,1,34.442,1,5.579,1,961.7,1,5.579,1,34.442,1
5905611,2025-11-09T09:41:20Z,1,-26.94714,158.47791,1,963.9,1,34.442,1,5.563,1,963.9,1,5.563,1,34.442,1
5905611,2025-11-09T09:41:20Z,1,-26.94714,158.47791,1,965.5,1,34.443,1,5.551,1,965.5,1,5.551,1,34.443,1
5905611,2025-11-09T09:41:20Z,1,-26.94714,158.47791,1,967.0,1,34.443,1,5.542,1,967.0,1,5.542,1,34.443,1
5905611,2025-11-09T09:41:20Z,1,-26.94714,158.47791,1,969.2,1,34.442,1,5.531,1,969.2,1,5.531,1,34.442,1
5905611,2025-11-09T09:41:20Z,1,-26.94714,158.47791,1,971.3,1,34.442,1,5.516,1,971.3,1,5.516,1,34.442,1
5905611,2025-11-09T09:41:20Z,1,-26.94714,158.47791,1,973.5,1,34.443,1,5.515,1,973.5,1,5.515,1,34.443,1
5905611,2025-11-09T09:41:20Z,1,-26.94714,158.47791,1,975.7,1,34.442,1,5.516,1,975.7,1,5.516,1,34.442,1
5905611,2025-11-09T09:41:20Z,1,-26.94714,158.47791,1,977.8,1,34.442,1,5.513,1,977.8,1,5.513,1,34.442,1
5905611,2025-11-09T09:41:20Z,1,-26.94714,158.47791,1,979.9,1,34.444,1,5.498,1,979.9,1,5.498,1,34.444,1
5905611,2025-11-09T09:41:20Z,1,-26.94714,158.47791,1,981.5,1,34.443,1,5.488,1,981.5,1,5.488,1,34.443,1
5905611,2025-11-09T09:41:20Z,1,-26.94714,158.47791,1,983.0,1,34.442,1,5.485,1,983.0,1,5.485,1,34.442,1
5905611,2025-11-09T09:41:20Z,1,-26.94714,158.47791,1,985.1,1,34.442,1,5.479,1,985.1,1,5.479,1,34.442,1
5905611,2025-11-09T09:41:20Z,1,-26.94714,158.47791,1,987.1,1,34.442,1,5.455,1,987.1,1,5.455,1,34.442,1
5905611,2025-11-09T09:41:20Z,1,-26.94714,158.47791,1,989.2,1,34.443,1,5.448,1,989.2,1,5.448,1,34.443,1
5905611,2025-11-09T09:41:20Z,1,-26.94714,158.47791,1,991.3,1,34.443,1,5.44,1,991.3,1,5.44,1,34.443,1
5905611,2025-11-09T09:41:20Z,1,-26.94714,158.47791,1,993.4,1,34.443,1,5.434,1,993.4,1,5.434,1,34.443,1
5905611,2025-11-09T09:41:20Z,1,-26.94714,158.47791,1,995.5,1,34.443,1,5.432,1,995.5,1,5.432,1,34.443,1
5905611,2025-11-09T09:41:20Z,1,-26.94714,158.47791,1,997.6,1,34.443,1,5.415,1,997.6,1,5.415,1,34.443,1
5905611,2025-11-09T09:41:20Z,1,-26.94714,158.47791,1,999.7,1,34.444,1,5.402,1,999.7,1,5.402,1,34.444,1
5905611,2025-11-09T09:41:20Z,1,-26.94714,158.47791,1,1001.8,1,34.445,1,5.393,1,1001.8,1,5.393,1,34.445,1
5905611,2025-11-09T09:41:20Z,1,-26.94714,158.47791,1,1003.9,1,34.445,1,5.386,1,1003.9,1,5.386,1,34.445,1
5905611,2025-11-09T09:41:20Z,1,-26.94714,158.47791,1,1005.5,1,34.445,1,5.383,1,1005.5,1,5.383,1,34.445,1
5905611,2025-11-09T09:41:20Z,1,-26.94714,158.47791,1,1007.0,1,34.445,1,5.379,1,1007.0,1,5.379,1,34.445,1
5905611,2025-11-09T09:41:20Z,1,-26.94714,158.47791,1,1009.1,1,34.445,1,5.375,1,1009.1,1,5.375,1,34.445,1
5905611,2025-11-09T09:41:20Z,1,-26.94714,158.47791,1,1011.2,1,34.444,1,5.375,1,1011.2,1,5.375,1,34.444,1
5905611,2025-11-09T09:41:20Z,1,-26.94714,158.47791,1,1013.3,1,34.445,1,5.363,1,1013.3,1,5.363,1,34.445,1
5905611,2025-11-09T09:41:20Z,1,-26.94714,158.47791,1,1015.4,1,34.446,1,5.353,1,1015.4,1,5.353,1,34.446,1
5905611,2025-11-09T09:41:20Z,1,-26.94714,158.47791,1,1017.4,1,34.446,1,5.34,1,1017.4,1,5.34,1,34.446,1
5905611,2025-11-09T09:41:20Z,1,-26.94714,158.47791,1,1019.5,1,34.446,1,5.329,1,1019.5,1,5.329,1,34.446,1
5905611,2025-11-09T09:41:20Z,1,-26.94714,158.47791,1,1021.6,1,34.447,1,5.308,1,1021.6,1,5.308,1,34.447,1
5905611,2025-11-09T09:41:20Z,1,-26.94714,158.47791,1,1023.7,1,34.446,1,5.304,1,1023.7,1,5.304,1,34.446,1
5905611,2025-11-09T09:41:20Z,1,-26.94714,158.47791,1,1025.8,1,34.447,1,5.303,1,1025.8,1,5.303,1,34.447,1
5905611,2025-11-09T09:41:20Z,1,-26.94714,158.47791,1,1027.8,1,34.447,1,5.297,1,1027.8,1,5.297,1,34.447,1
5905611,2025-11-09T09:41:20Z,1,-26.94714,158.47791,1,1029.8,1,34.447,1,5.286,1,1029.8,1,5.286,1,34.447,1
5905611,2025-11-09T09:41:20Z,1,-26.94714,158.47791,1,1031.8,1,34.449,1,5.262,1,1031.8,1,5.262,1,34.449,1
5905611,2025-11-09T09:41:20Z,1,-26.94714,158.47791,1,1033.9,1,34.448,1,5.242,1,1033.9,1,5.242,1,34.448,1
5905611,2025-11-09T09:41:20Z,1,-26.94714,158.47791,1,1035.9,1,34.448,1,5.229,1,1035.9,1,5.229,1,34.448,1
5905611,2025-11-09T09:41:20Z,1,-26.94714,158.47791,1,1037.5,1,34.45,1,5.22,1,1037.5,1,5.22,1,34.45,1
5905611,2025-11-09T09:41:20Z,1,-26.94714,158.47791,1,1039.0,1,34.45,1,5.203,1,1039.0,1,5.203,1,34.45,1
5905611,2025-11-09T09:41:20Z,1,-26.94714,158.47791,1,1041.0,1,34.45,1,5.191,1,1041.0,1,5.191,1,34.45,1
5905611,2025-11-09T09:41:20Z,1,-26.94714,158.47791,1,1043.0,1,34.45,1,5.176,1,1043.0,1,5.176,1,34.45,1
5905611,2025-11-09T09:41:20Z,1,-26.94714,158.47791,1,1045.0,1,34.45,1,5.161,1,1045.0,1,5.161,1,34.45,1
5905611,2025-11-09T09:41:20Z,1,-26.94714,158.47791,1,1047.0,1,34.45,1,5.153,1,1047.0,1,5.153,1,34.45,1
5905611,2025-11-09T09:41:20Z,1,-26.94714,158.47791,1,1049.0,1,34.45,1,5.146,1,1049.0,1,5.146,1,34.45,1
5905611,2025-11-09T09:41:20Z,1,-26.94714,158.47791,1,1051.0,1,34.451,1,5.139,1,1051.0,1,5.139,1,34.451,1
5905611,2025-11-09T09:41:20Z,1,-26.94714,158.47791,1,1053.1,1,34.452,1,5.132,1,1053.1,1,5.132,1,34.452,1
5905611,2025-11-09T09:41:20Z,1,-26.94714,158.47791,1,1055.1,1,34.453,1,5.129,1,1055.1,1,5.129,1,34.453,1
5905611,2025-11-09T09:41:20Z,1,-26.94714,158.47791,1,1057.1,1,34.453,1,5.126,1,1057.1,1,5.126,1,34.453,1
5905611,2025-11-09T09:41:20Z,1,-26.94714,158.47791,1,1059.0,1,34.453,1,5.116,1,1059.0,1,5.116,1,34.453,1
5905611,2025-11-09T09:41:20Z,1,-26.94714,158.47791,1,1061.0,1,34.453,1,5.105,1,1061.0,1,5.105,1,34.453,1
5905611,2025-11-09T09:41:20Z,1,-26.94714,158.47791,1,1063.0,1,34.455,1,5.086,1,1063.0,1,5.086,1,34.455,1
5905611,2025-11-09T09:41:20Z,1,-26.94714,158.47791,1,1065.0,1,34.455,1,5.068,1,1065.0,1,5.068,1,34.455,1
5905611,2025-11-09T09:41:20Z,1,-26.94714,158.47791,1,1067.4,1,34.455,1,5.043,1,1067.4,1,5.043,1,34.455,1
5905611,2025-11-09T09:41:20Z,1,-26.94714,158.47791,1,1069.9,1,34.456,1,5.026,1,1069.9,1,5.026,1,34.456,1
5905611,2025-11-09T09:41:20Z,1,-26.94714,158.47791,1,1071.9,1,34.457,1,5.023,1,1071.9,1,5.023,1,34.457,1
5905611,2025-11-09T09:41:20Z,1,-26.94714,158.47791,1,1073.8,1,34.457,1,5.017,1,1073.8,1,5.017,1,34.457,1
5905611,2025-11-09T09:41:20Z,1,-26.94714,158.47791,1,1075.7,1,34.457,1,5.004,1,1075.7,1,5.004,1,34.457,1
5905611,2025-11-09T09:41:20Z,1,-26.94714,158.47791,1,1077.7,1,34.457,1,4.981,1,1077.7,1,4.981,1,34.457,1
5905611,2025-11-09T09:41:20Z,1,-26.94714,158.47791,1,1079.6,1,34.459,1,4.966,1,1079.6,1,4.966,1,34.459,1
5905611,2025-11-09T09:41:20Z,1,-26.94714,158.47791,1,1081.6,1,34.459,1,4.95,1,1081.6,1,4.95,1,34.459,1
5905611,2025-11-09T09:41:20Z,1,-26.94714,158.47791,1,1083.6,1,34.459,1,4.937,1,1083.6,1,4.937,1,34.459,1
5905611,2025-11-09T09:41:20Z,1,-26.94714,158.47791,1,1085.6,1,34.459,1,4.926,1,1085.6,1,4.926,1,34.459,1
5905611,2025-11-09T09:41:20Z,1,-26.94714,158.47791,1,1087.6,1,34.46,1,4.916,1,1087.6,1,4.916,1,34.46,1
5905611,2025-11-09T09:41:20Z,1,-26.94714,158.47791,1,1089.6,1,34.461,1,4.9,1,1089.6,1,4.9,1,34.461,1
5905611,2025-11-09T09:41:20Z,1,-26.94714,158.47791,1,1091.7,1,34.461,1,4.877,1,1091.7,1,4.877,1,34.461,1
5905611,2025-11-09T09:41:20Z,1,-26.94714,158.47791,1,1093.7,1,34.462,1,4.86,1,1093.7,1,4.86,1,34.462,1
5905611,2025-11-09T09:41:20Z,1,-26.94714,158.47791,1,1095.7,1,34.462,1,4.854,1,1095.7,1,4.854,1,34.462,1
5905611,2025-11-09T09:41:20Z,1,-26.94714,158.47791,1,1097.7,1,34.462,1,4.842,1,1097.7,1,4.842,1,34.462,1
5905611,2025-11-09T09:41:20Z,1,-26.94714,158.47791,1,1099.7,1,34.463,1,4.821,1,1099.7,1,4.821,1,34.463,1
5905611,2025-11-09T09:41:20Z,1,-26.94714,158.47791,1,1101.8,1,34.464,1,4.801,1,1101.8,1,4.801,1,34.464,1
5905611,2025-11-09T09:41:20Z,1,-26.94714,158.47791,1,1103.9,1,34.466,1,4.777,1,1103.9,1,4.777,1,34.466,1
5905611,2025-11-09T09:41:20Z,1,-26.94714,158.47791,1,1105.4,1,34.465,1,4.772,1,1105.4,1,4.772,1,34.465,1
5905611,2025-11-09T09:41:20Z,1,-26.94714,158.47791,1,1107.0,1,34.467,1,4.756,1,1107.0,1,4.756,1,34.467,1
5905611,2025-11-09T09:41:20Z,1,-26.94714,158.47791,1,1109.0,1,34.467,1,4.751,1,1109.0,1,4.751,1,34.467,1
5905611,2025-11-09T09:41:20Z,1,-26.94714,158.47791,1,1111.3,1,34.468,1,4.736,1,1111.3,1,4.736,1,34.468,1
5905611,2025-11-09T09:41:20Z,1,-26.94714,158.47791,1,1113.3,1,34.468,1,4.719,1,1113.3,1,4.719,1,34.468,1
5905611,2025-11-09T09:41:20Z,1,-26.94714,158.47791,1,1115.2,1,34.468,1,4.707,1,1115.2,1,4.707,1,34.468,1
5905611,2025-11-09T09:41:20Z,1,-26.94714,158.47791,1,1117.3,1,34.469,1,4.694,1,1117.3,1,4.694,1,34.469,1
5905611,2025-11-09T09:41:20Z,1,-26.94714,158.47791,1,1119.3,1,34.47,1,4.685,1,1119.3,1,4.685,1,34.47,1
5905611,2025-11-09T09:41:20Z,1,-26.94714,158.47791,1,1121.3,1,34.471,1,4.675,1,1121.3,1,4.675,1,34.471,1
5905611,2025-11-09T09:41:20Z,1,-26.94714,158.47791,1,1123.3,1,34.471,1,4.671,1,1123.3,1,4.671,1,34.471,1
5905611,2025-11-09T09:41:20Z,1,-26.94714,158.47791,1,1125.4,1,34.471,1,4.666,1,1125.4,1,4.666,1,34.471,1
5905611,2025-11-09T09:41:20Z,1,-26.94714,158.47791,1,1127.4,1,34.472,1,4.656,1,1127.4,1,4.656,1,34.472,1
5905611,2025-11-09T09:41:20Z,1,-26.94714,158.47791,1,1129.4,1,34.473,1,4.631,1,1129.4,1,4.631,1,34.473,1
5905611,2025-11-09T09:41:20Z,1,-26.94714,158.47791,1,1131.5,1,34.473,1,4.622,1,1131.5,1,4.622,1,34.473,1
5905611,2025-11-09T09:41:20Z,1,-26.94714,158.47791,1,1133.6,1,34.473,1,4.611,1,1133.6,1,4.611,1,34.473,1
5905611,2025-11-09T09:41:20Z,1,-26.94714,158.47791,1,1135.3,1,34.474,1,4.602,1,1135.3,1,4.602,1,34.474,1
5905611,2025-11-09T09:41:20Z,1,-26.94714,158.47791,1,1137.4,1,34.475,1,4.595,1,1137.4,1,4.595,1,34.475,1
5905611,2025-11-09T09:41:20Z,1,-26.94714,158.47791,1,1139.5,1,34.475,1,4.59,1,1139.5,1,4.59,1,34.475,1
5905611,2025-11-09T09:41:20Z,1,-26.94714,158.47791,1,1141.3,1,34.475,1,4.579,1,1141.3,1,4.579,1,34.475,1
5905611,2025-11-09T09:41:20Z,1,-26.94714,158.47791,1,1143.4,1,34.476,1,4.569,1,1143.4,1,4.569,1,34.476,1
5905611,2025-11-09T09:41:20Z,1,-26.94714,158.47791,1,1145.6,1,34.476,1,4.56,1,1145.6,1,4.56,1,34.476,1
5905611,2025-11-09T09:41:20Z,1,-26.94714,158.47791,1,1147.3,1,34.478,1,4.539,1,1147.3,1,4.539,1,34.478,1
5905611,2025-11-09T09:41:20Z,1,-26.94714,158.47791,1,1149.1,1,34.478,1,4.523,1,1149.1,1,4.523,1,34.478,1
5905611,2025-11-09T09:41:20Z,1,-26.94714,158.47791,1,1151.4,1,34.479,1,4.513,1,1151.4,1,4.513,1,34.479,1
5905611,2025-11-09T09:41:20Z,1,-26.94714,158.47791,1,1153.6,1,34.48,1,4.497,1,1153.6,1,4.497,1,34.48,1
5905611,2025-11-09T09:41:20Z,1,-26.94714,158.47791,1,1155.4,1,34.48,1,4.491,1,1155.4,1,4.491,1,34.48,1
5905611,2025-11-09T09:41:20Z,1,-26.94714,158.47791,1,1157.2,1,34.479,1,4.484,1,1157.2,1,4.484,1,34.479,1
5905611,2025-11-09T09:41:20Z,1,-26.94714,158.47791,1,1159.5,1,34.481,1,4.469,1,1159.5,1,4.469,1,34.481,1
5905611,2025-11-09T09:41:20Z,1,-26.94714,158.47791,1,1161.8,1,34.483,1,4.449,1,1161.8,1,4.449,1,34.483,1
5905611,2025-11-09T09:41:20Z,1,-26.94714,158.47791,1,1163.6,1,34.482,1,4.44,1,1163.6,1,4.44,1,34.482,1
5905611,2025-11-09T09:41:20Z,1,-26.94714,158.47791,1,1165.6,1,34.484,1,4.42,1,1165.6,1,4.42,1,34.484,1
5905611,2025-11-09T09:41:20Z,1,-26.94714,158.47791,1,1167.4,1,34.484,1,4.409,1,1167.4,1,4.409,1,34.484,1
5905611,2025-11-09T09:41:20Z,1,-26.94714,158.47791,1,1169.3,1,34.485,1,4.402,1,1169.3,1,4.402,1,34.485,1
5905611,2025-11-09T09:41:20Z,1,-26.94714,158.47791,1,1171.2,1,34.485,1,4.394,1,1171.2,1,4.394,1,34.485,1
5905611,2025-11-09T09:41:20Z,1,-26.94714,158.47791,1,1173.1,1,34.486,1,4.375,1,1173.1,1,4.375,1,34.486,1
5905611,2025-11-09T09:41:20Z,1,-26.94714,158.47791,1,1175.0,1,34.487,1,4.355,1,1175.0,1,4.355,1,34.487,1
5905611,2025-11-09T09:41:20Z,1,-26.94714,158.47791,1,1177.4,1,34.488,1,4.336,1,1177.4,1,4.336,1,34.488,1
5905611,2025-11-09T09:41:20Z,1,-26.94714,158.47791,1,1179.8,1,34.489,1,4.33,1,1179.8,1,4.33,1,34.489,1
5905611,2025-11-09T09:41:20Z,1,-26.94714,158.47791,1,1181.7,1,34.489,1,4.328,1,1181.7,1,4.328,1,34.489,1
5905611,2025-11-09T09:41:20Z,1,-26.94714,158.47791,1,1183.6,1,34.489,1,4.325,1,1183.6,1,4.325,1,34.489,1
5905611,2025-11-09T09:41:20Z,1,-26.94714,158.47791,1,1185.6,1,34.49,1,4.319,1,1185.6,1,4.319,1,34.49,1
5905611,2025-11-09T09:41:20Z,1,-26.94714,158.47791,1,1187.5,1,34.491,1,4.31,1,1187.5,1,4.31,1,34.491,1
5905611,2025-11-09T09:41:20Z,1,-26.94714,158.47791,1,1189.4,1,34.49,1,4.307,1,1189.4,1,4.307,1,34.49,1
5905611,2025-11-09T09:41:20Z,1,-26.94714,158.47791,1,1191.4,1,34.49,1,4.305,1,1191.4,1,4.305,1,34.49,1
5905611,2025-11-09T09:41:20Z,1,-26.94714,158.47791,1,1193.4,1,34.491,1,4.303,1,1193.4,1,4.303,1,34.491,1
5905611,2025-11-09T09:41:20Z,1,-26.94714,158.47791,1,1195.3,1,34.491,1,4.303,1,1195.3,1,4.303,1,34.491,1
5905611,2025-11-09T09:41:20Z,1,-26.94714,158.47791,1,1197.3,1,34.49,1,4.301,1,1197.3,1,4.301,1,34.49,1
5905611,2025-11-09T09:41:20Z,1,-26.94714,158.47791,1,1199.3,1,34.492,1,4.284,1,1199.3,1,4.284,1,34.492,1
5905611,2025-11-09T09:41:20Z,1,-26.94714,158.47791,1,1201.3,1,34.492,1,4.272,1,1201.3,1,4.272,1,34.492,1
5905611,2025-11-09T09:41:20Z,1,-26.94714,158.47791,1,1203.3,1,34.493,1,4.265,1,1203.3,1,4.265,1,34.493,1
5905611,2025-11-09T09:41:20Z,1,-26.94714,158.47791,1,1205.3,1,34.493,1,4.262,1,1205.3,1,4.262,1,34.493,1
5905611,2025-11-09T09:41:20Z,1,-26.94714,158.47791,1,1207.3,1,34.494,1,4.25,1,1207.3,1,4.25,1,34.494,1
5905611,2025-11-09T09:41:20Z,1,-26.94714,158.47791,1,1209.2,1,34.494,1,4.245,1,1209.2,1,4.245,1,34.494,1
5905611,2025-11-09T09:41:20Z,1,-26.94714,158.47791,1,1211.2,1,34.495,1,4.24,1,1211.2,1,4.24,1,34.495,1
5905611,2025-11-09T09:41:20Z,1,-26.94714,158.47791,1,1213.2,1,34.494,1,4.234,1,1213.2,1,4.234,1,34.494,1
5905611,2025-11-09T09:41:20Z,1,-26.94714,158.47791,1,1215.2,1,34.495,1,4.228,1,1215.2,1,4.228,1,34.495,1
5905611,2025-11-09T09:41:20Z,1,-26.94714,158.47791,1,1217.2,1,34.496,1,4.222,1,1217.2,1,4.222,1,34.496,1
5905611,2025-11-09T09:41:20Z,1,-26.94714,158.47791,1,1219.2,1,34.496,1,4.214,1,1219.2,1,4.214,1,34.496,1
5905611,2025-11-09T09:41:20Z,1,-26.94714,158.47791,1,1221.2,1,34.496,1,4.205,1,1221.2,1,4.205,1,34.496,1
5905611,2025-11-09T09:41:20Z,1,-26.94714,158.47791,1,1223.2,1,34.498,1,4.197,1,1223.2,1,4.197,1,34.498,1
5905611,2025-11-09T09:41:20Z,1,-26.94714,158.47791,1,1225.2,1,34.498,1,4.184,1,1225.2,1,4.184,1,34.498,1
5905611,2025-11-09T09:41:20Z,1,-26.94714,158.47791,1,1227.2,1,34.499,1,4.176,1,1227.2,1,4.176,1,34.499,1
5905611,2025-11-09T09:41:20Z,1,-26.94714,158.47791,1,1229.2,1,34.499,1,4.167,1,1229.2,1,4.167,1,34.499,1
5905611,2025-11-09T09:41:20Z,1,-26.94714,158.47791,1,1231.1,1,34.5,1,4.157,1,1231.1,1,4.157,1,34.5,1
5905611,2025-11-09T09:41:20Z,1,-26.94714,158.47791,1,1233.1,1,34.5,1,4.15,1,1233.1,1,4.15,1,34.5,1
5905611,2025-11-09T09:41:20Z,1,-26.94714,158.47791,1,1235.1,1,34.501,1,4.134,1,1235.1,1,4.134,1,34.501,1
5905611,2025-11-09T09:41:20Z,1,-26.94714,158.47791,1,1237.1,1,34.502,1,4.12,1,1237.1,1,4.12,1,34.502,1
5905611,2025-11-09T09:41:20Z,1,-26.94714,158.47791,1,1239.1,1,34.503,1,4.109,1,1239.1,1,4.109,1,34.503,1
5905611,2025-11-09T09:41:20Z,1,-26.94714,158.47791,1,1241.2,1,34.503,1,4.103,1,1241.2,1,4.103,1,34.503,1
5905611,2025-11-09T09:41:20Z,1,-26.94714,158.47791,1,1243.2,1,34.503,1,4.099,1,1243.2,1,4.099,1,34.503,1
5905611,2025-11-09T09:41:20Z,1,-26.94714,158.47791,1,1245.2,1,34.503,1,4.094,1,1245.2,1,4.094,1,34.503,1
5905611,2025-11-09T09:41:20Z,1,-26.94714,158.47791,1,1247.2,1,34.506,1,4.074,1,1247.2,1,4.074,1,34.506,1
5905611,2025-11-09T09:41:20Z,1,-26.94714,158.47791,1,1249.2,1,34.506,1,4.062,1,1249.2,1,4.062,1,34.506,1
5905611,2025-11-09T09:41:20Z,1,-26.94714,158.47791,1,1251.3,1,34.507,1,4.056,1,1251.3,1,4.056,1,34.507,1
5905611,2025-11-09T09:41:20Z,1,-26.94714,158.47791,1,1253.3,1,34.507,1,4.048,1,1253.3,1,4.048,1,34.507,1
5905611,2025-11-09T09:41:20Z,1,-26.94714,158.47791,1,1255.3,1,34.508,1,4.041,1,1255.3,1,4.041,1,34.508,1
5905611,2025-11-09T09:41:20Z,1,-26.94714,158.47791,1,1257.3,1,34.508,1,4.034,1,1257.3,1,4.034,1,34.508,1
5905611,2025-11-09T09:41:20Z,1,-26.94714,158.47791,1,1259.3,1,34.509,1,4.03,1,1259.3,1,4.03,1,34.509,1
5905611,2025-11-09T09:41:20Z,1,-26.94714,158.47791,1,1261.3,1,34.509,1,4.021,1,1261.3,1,4.021,1,34.509,1
5905611,2025-11-09T09:41:20Z,1,-26.94714,158.47791,1,1263.4,1,34.51,1,4.013,1,1263.4,1,4.013,1,34.51,1
5905611,2025-11-09T09:41:20Z,1,-26.94714,158.47791,1,1265.4,1,34.51,1,4.007,1,1265.4,1,4.007,1,34.51,1
5905611,2025-11-09T09:41:20Z,1,-26.94714,158.47791,1,1267.5,1,34.51,1,4.001,1,1267.5,1,4.001,1,34.51,1
5905611,2025-11-09T09:41:20Z,1,-26.94714,158.47791,1,1269.5,1,34.51,1,3.996,1,1269.5,1,3.996,1,34.51,1
5905611,2025-11-09T09:41:20Z,1,-26.94714,158.47791,1,1271.5,1,34.511,1,3.99,1,1271.5,1,3.99,1,34.511,1
5905611,2025-11-09T09:41:20Z,1,-26.94714,158.47791,1,1273.5,1,34.511,1,3.986,1,1273.5,1,3.986,1,34.511,1
5905611,2025-11-09T09:41:20Z,1,-26.94714,158.47791,1,1275.5,1,34.511,1,3.979,1,1275.5,1,3.979,1,34.511,1
5905611,2025-11-09T09:41:20Z,1,-26.94714,158.47791,1,1277.6,1,34.513,1,3.97,1,1277.6,1,3.97,1,34.513,1
5905611,2025-11-09T09:41:20Z,1,-26.94714,158.47791,1,1279.6,1,34.513,1,3.961,1,1279.6,1,3.961,1,34.513,1
5905611,2025-11-09T09:41:20Z,1,-26.94714,158.47791,1,1281.6,1,34.514,1,3.948,1,1281.6,1,3.948,1,34.514,1
5905611,2025-11-09T09:41:20Z,1,-26.94714,158.47791,1,1283.6,1,34.515,1,3.94,1,1283.6,1,3.94,1,34.515,1
5905611,2025-11-09T09:41:20Z,1,-26.94714,158.47791,1,1285.6,1,34.516,1,3.928,1,1285.6,1,3.928,1,34.516,1
5905611,2025-11-09T09:41:20Z,1,-26.94714,158.47791,1,1287.6,1,34.516,1,3.921,1,1287.6,1,3.921,1,34.516,1
5905611,2025-11-09T09:41:20Z,1,-26.94714,158.47791,1,1289.7,1,34.517,1,3.916,1,1289.7,1,3.916,1,34.517,1
5905611,2025-11-09T09:41:20Z,1,-26.94714,158.47791,1,1291.6,1,34.517,1,3.907,1,1291.6,1,3.907,1,34.517,1
5905611,2025-11-09T09:41:20Z,1,-26.94714,158.47791,1,1293.6,1,34.518,1,3.892,1,1293.6,1,3.892,1,34.518,1
5905611,2025-11-09T09:41:20Z,1,-26.94714,158.47791,1,1295.6,1,34.52,1,3.878,1,1295.6,1,3.878,1,34.52,1
5905611,2025-11-09T09:41:20Z,1,-26.94714,158.47791,1,1297.6,1,34.521,1,3.861,1,1297.6,1,3.861,1,34.521,1
5905611,2025-11-09T09:41:20Z,1,-26.94714,158.47791,1,1299.7,1,34.521,1,3.858,1,1299.7,1,3.858,1,34.521,1
5905611,2025-11-09T09:41:20Z,1,-26.94714,158.47791,1,1301.7,1,34.521,1,3.856,1,1301.7,1,3.856,1,34.521,1
5905611,2025-11-09T09:41:20Z,1,-26.94714,158.47791,1,1303.7,1,34.522,1,3.854,1,1303.7,1,3.854,1,34.522,1
5905611,2025-11-09T09:41:20Z,1,-26.94714,158.47791,1,1305.8,1,34.521,1,3.851,1,1305.8,1,3.851,1,34.521,1
5905611,2025-11-09T09:41:20Z,1,-26.94714,158.47791,1,1307.8,1,34.522,1,3.848,1,1307.8,1,3.848,1,34.522,1
5905611,2025-11-09T09:41:20Z,1,-26.94714,158.47791,1,1309.7,1,34.522,1,3.846,1,1309.7,1,3.846,1,34.522,1
5905611,2025-11-09T09:41:20Z,1,-26.94714,158.47791,1,1311.7,1,34.522,1,3.845,1,1311.7,1,3.845,1,34.522,1
5905611,2025-11-09T09:41:20Z,1,-26.94714,158.47791,1,1313.7,1,34.522,1,3.839,1,1313.7,1,3.839,1,34.522,1
5905611,2025-11-09T09:41:20Z,1,-26.94714,158.47791,1,1315.7,1,34.523,1,3.836,1,1315.7,1,3.836,1,34.523,1
5905611,2025-11-09T09:41:20Z,1,-26.94714,158.47791,1,1317.6,1,34.523,1,3.831,1,1317.6,1,3.831,1,34.523,1
5905611,2025-11-09T09:41:20Z,1,-26.94714,158.47791,1,1319.6,1,34.523,1,3.827,1,1319.6,1,3.827,1,34.523,1
5905611,2025-11-09T09:41:20Z,1,-26.94714,158.47791,1,1321.5,1,34.524,1,3.82,1,1321.5,1,3.82,1,34.524,1
5905611,2025-11-09T09:41:20Z,1,-26.94714,158.47791,1,1323.5,1,34.524,1,3.816,1,1323.5,1,3.816,1,34.524,1
5905611,2025-11-09T09:41:20Z,1,-26.94714,158.47791,1,1325.5,1,34.525,1,3.808,1,1325.5,1,3.808,1,34.525,1
5905611,2025-11-09T09:41:20Z,1,-26.94714,158.47791,1,1327.5,1,34.525,1,3.8,1,1327.5,1,3.8,1,34.525,1
5905611,2025-11-09T09:41:20Z,1,-26.94714,158.47791,1,1329.5,1,34.526,1,3.79,1,1329.5,1,3.79,1,34.526,1
5905611,2025-11-09T09:41:20Z,1,-26.94714,158.47791,1,1331.5,1,34.526,1,3.782,1,1331.5,1,3.782,1,34.526,1
5905611,2025-11-09T09:41:20Z,1,-26.94714,158.47791,1,1333.5,1,34.528,1,3.774,1,1333.5,1,3.774,1,34.528,1
5905611,2025-11-09T09:41:20Z,1,-26.94714,158.47791,1,1335.5,1,34.528,1,3.771,1,1335.5,1,3.771,1,34.528,1
5905611,2025-11-09T09:41:20Z,1,-26.94714,158.47791,1,1337.5,1,34.528,1,3.77,1,1337.5,1,3.77,1,34.528,1
5905611,2025-11-09T09:41:20Z,1,-26.94714,158.47791,1,1339.5,1,34.528,1,3.769,1,1339.5,1,3.769,1,34.528,1
5905611,2025-11-09T09:41:20Z,1,-26.94714,158.47791,1,1341.5,1,34.528,1,3.767,1,1341.5,1,3.767,1,34.528,1
5905611,2025-11-09T09:41:20Z,1,-26.94714,158.47791,1,1343.5,1,34.528,1,3.766,1,1343.5,1,3.766,1,34.528,1
5905611,2025-11-09T09:41:20Z,1,-26.94714,158.47791,1,1345.5,1,34.528,1,3.765,1,1345.5,1,3.765,1,34.528,1
5905611,2025-11-09T09:41:20Z,1,-26.94714,158.47791,1,1347.5,1,34.528,1,3.757,1,1347.5,1,3.757,1,34.528,1
5905611,2025-11-09T09:41:20Z,1,-26.94714,158.47791,1,1349.4,1,34.531,1,3.738,1,1349.4,1,3.738,1,34.531,1
5905611,2025-11-09T09:41:20Z,1,-26.94714,158.47791,1,1351.4,1,34.53,1,3.737,1,1351.4,1,3.737,1,34.53,1
5905611,2025-11-09T09:41:20Z,1,-26.94714,158.47791,1,1353.4,1,34.531,1,3.734,1,1353.4,1,3.734,1,34.531,1
5905611,2025-11-09T09:41:20Z,1,-26.94714,158.47791,1,1355.4,1,34.53,1,3.733,1,1355.4,1,3.733,1,34.53,1
5905611,2025-11-09T09:41:20Z,1,-26.94714,158.47791,1,1357.4,1,34.532,1,3.719,1,1357.4,1,3.719,1,34.532,1
5905611,2025-11-09T09:41:20Z,1,-26.94714,158.47791,1,1359.4,1,34.532,1,3.712,1,1359.4,1,3.712,1,34.532,1
5905611,2025-11-09T09:41:20Z,1,-26.94714,158.47791,1,1361.4,1,34.533,1,3.706,1,1361.4,1,3.706,1,34.533,1
5905611,2025-11-09T09:41:20Z,1,-26.94714,158.47791,1,1363.4,1,34.533,1,3.695,1,1363.4,1,3.695,1,34.533,1
5905611,2025-11-09T09:41:20Z,1,-26.94714,158.47791,1,1365.4,1,34.535,1,3.685,1,1365.4,1,3.685,1,34.535,1
5905611,2025-11-09T09:41:20Z,1,-26.94714,158.47791,1,1367.5,1,34.535,1,3.679,1,1367.5,1,3.679,1,34.535,1
5905611,2025-11-09T09:41:20Z,1,-26.94714,158.47791,1,1369.6,1,34.535,1,3.67,1,1369.6,1,3.67,1,34.535,1
5905611,2025-11-09T09:41:20Z,1,-26.94714,158.47791,1,1371.7,1,34.537,1,3.654,1,1371.7,1,3.654,1,34.537,1
5905611,2025-11-09T09:41:20Z,1,-26.94714,158.47791,1,1373.5,1,34.537,1,3.644,1,1373.5,1,3.644,1,34.537,1
5905611,2025-11-09T09:41:20Z,1,-26.94714,158.47791,1,1375.2,1,34.539,1,3.615,1,1375.2,1,3.615,1,34.539,1
5905611,2025-11-09T09:41:20Z,1,-26.94714,158.47791,1,1377.3,1,34.541,1,3.6,1,1377.3,1,3.6,1,34.541,1
5905611,2025-11-09T09:41:20Z,1,-26.94714,158.47791,1,1379.5,1,34.541,1,3.594,1,1379.5,1,3.594,1,34.541,1
5905611,2025-11-09T09:41:20Z,1,-26.94714,158.47791,1,1381.1,1,34.542,1,3.585,1,1381.1,1,3.585,1,34.542,1
5905611,2025-11-09T09:41:20Z,1,-26.94714,158.47791,1,1383.3,1,34.543,1,3.571,1,1383.3,1,3.571,1,34.543,1
5905611,2025-11-09T09:41:20Z,1,-26.94714,158.47791,1,1385.4,1,34.545,1,3.555,1,1385.4,1,3.555,1,34.545,1
5905611,2025-11-09T09:41:20Z,1,-26.94714,158.47791,1,1387.2,1,34.545,1,3.544,1,1387.2,1,3.544,1,34.545,1
5905611,2025-11-09T09:41:20Z,1,-26.94714,158.47791,1,1389.4,1,34.546,1,3.533,1,1389.4,1,3.533,1,34.546,1
5905611,2025-11-09T09:41:20Z,1,-26.94714,158.47791,1,1391.6,1,34.547,1,3.524,1,1391.6,1,3.524,1,34.547,1
5905611,2025-11-09T09:41:20Z,1,-26.94714,158.47791,1,1393.4,1,34.547,1,3.523,1,1393.4,1,3.523,1,34.547,1
5905611,2025-11-09T09:41:20Z,1,-26.94714,158.47791,1,1395.2,1,34.547,1,3.521,1,1395.2,1,3.521,1,34.547,1
5905611,2025-11-09T09:41:20Z,1,-26.94714,158.47791,1,1397.5,1,34.548,1,3.513,1,1397.5,1,3.513,1,34.548,1
5905611,2025-11-09T09:41:20Z,1,-26.94714,158.47791,1,1399.8,1,34.548,1,3.506,1,1399.8,1,3.506,1,34.548,1
5905611,2025-11-09T09:41:20Z,1,-26.94714,158.47791,1,1401.7,1,34.549,1,3.5,1,1401.7,1,3.5,1,34.549,1
5905611,2025-11-09T09:41:20Z,1,-26.94714,158.47791,1,1403.5,1,34.549,1,3.497,1,1403.5,1,3.497,1,34.549,1
5905611,2025-11-09T09:41:20Z,1,-26.94714,158.47791,1,1405.4,1,34.55,1,3.486,1,1405.4,1,3.486,1,34.55,1
5905611,2025-11-09T09:41:20Z,1,-26.94714,158.47791,1,1407.2,1,34.551,1,3.484,1,1407.2,1,3.484,1,34.551,1
5905611,2025-11-09T09:41:20Z,1,-26.94714,158.47791,1,1409.1,1,34.55,1,3.484,1,1409.1,1,3.484,1,34.55,1
5905611,2025-11-09T09:41:20Z,1,-26.94714,158.47791,1,1411.4,1,34.551,1,3.478,1,1411.4,1,3.478,1,34.551,1
5905611,2025-11-09T09:41:20Z,1,-26.94714,158.47791,1,1413.7,1,34.551,1,3.471,1,1413.7,1,3.471,1,34.551,1
5905611,2025-11-09T09:41:20Z,1,-26.94714,158.47791,1,1415.5,1,34.551,1,3.468,1,1415.5,1,3.468,1,34.551,1
5905611,2025-11-09T09:41:20Z,1,-26.94714,158.47791,1,1417.3,1,34.552,1,3.465,1,1417.3,1,3.465,1,34.552,1
5905611,2025-11-09T09:41:20Z,1,-26.94714,158.47791,1,1419.2,1,34.553,1,3.456,1,1419.2,1,3.456,1,34.553,1
5905611,2025-11-09T09:41:20Z,1,-26.94714,158.47791,1,1421.0,1,34.553,1,3.451,1,1421.0,1,3.451,1,34.553,1
5905611,2025-11-09T09:41:20Z,1,-26.94714,158.47791,1,1423.4,1,34.554,1,3.44,1,1423.4,1,3.44,1,34.554,1
5905611,2025-11-09T09:41:20Z,1,-26.94714,158.47791,1,1425.8,1,34.554,1,3.434,1,1425.8,1,3.434,1,34.554,1
5905611,2025-11-09T09:41:20Z,1,-26.94714,158.47791,1,1427.7,1,34.555,1,3.429,1,1427.7,1,3.429,1,34.555,1
5905611,2025-11-09T09:41:20Z,1,-26.94714,158.47791,1,1429.6,1,34.556,1,3.424,1,1429.6,1,3.424,1,34.556,1
5905611,2025-11-09T09:41:20Z,1,-26.94714,158.47791,1,1431.5,1,34.556,1,3.418,1,1431.5,1,3.418,1,34.556,1
5905611,2025-11-09T09:41:20Z,1,-26.94714,158.47791,1,1433.4,1,34.556,1,3.416,1,1433.4,1,3.416,1,34.556,1
5905611,2025-11-09T09:41:20Z,1,-26.94714,158.47791,1,1435.3,1,34.557,1,3.409,1,1435.3,1,3.409,1,34.557,1
5905611,2025-11-09T09:41:20Z,1,-26.94714,158.47791,1,1437.2,1,34.557,1,3.402,1,1437.2,1,3.402,1,34.557,1
5905611,2025-11-09T09:41:20Z,1,-26.94714,158.47791,1,1439.1,1,34.557,1,3.398,1,1439.1,1,3.398,1,34.557,1
5905611,2025-11-09T09:41:20Z,1,-26.94714,158.47791,1,1441.0,1,34.558,1,3.385,1,1441.0,1,3.385,1,34.558,1
5905611,2025-11-09T09:41:20Z,1,-26.94714,158.47791,1,1443.4,1,34.559,1,3.373,1,1443.4,1,3.373,1,34.559,1
5905611,2025-11-09T09:41:20Z,1,-26.94714,158.47791,1,1445.8,1,34.56,1,3.365,1,1445.8,1,3.365,1,34.56,1
5905611,2025-11-09T09:41:20Z,1,-26.94714,158.47791,1,1447.8,1,34.561,1,3.363,1,1447.8,1,3.363,1,34.561,1
5905611,2025-11-09T09:41:20Z,1,-26.94714,158.47791,1,1449.7,1,34.561,1,3.356,1,1449.7,1,3.356,1,34.561,1
5905611,2025-11-09T09:41:20Z,1,-26.94714,158.47791,1,1451.7,1,34.561,1,3.348,1,1451.7,1,3.348,1,34.561,1
5905611,2025-11-09T09:41:20Z,1,-26.94714,158.47791,1,1453.6,1,34.562,1,3.345,1,1453.6,1,3.345,1,34.562,1
5905611,2025-11-09T09:41:20Z,1,-26.94714,158.47791,1,1455.6,1,34.563,1,3.339,1,1455.6,1,3.339,1,34.563,1
5905611,2025-11-09T09:41:20Z,1,-26.94714,158.47791,1,1457.5,1,34.563,1,3.327,1,1457.5,1,3.327,1,34.563,1
5905611,2025-11-09T09:41:20Z,1,-26.94714,158.47791,1,1459.5,1,34.564,1,3.32,1,1459.5,1,3.32,1,34.564,1
5905611,2025-11-09T09:41:20Z,1,-26.94714,158.47791,1,1461.4,1,34.565,1,3.311,1,1461.4,1,3.311,1,34.565,1
5905611,2025-11-09T09:41:20Z,1,-26.94714,158.47791,1,1463.3,1,34.566,1,3.302,1,1463.3,1,3.302,1,34.566,1
5905611,2025-11-09T09:41:20Z,1,-26.94714,158.47791,1,1465.3,1,34.567,1,3.292,1,1465.3,1,3.292,1,34.567,1
5905611,2025-11-09T09:41:20Z,1,-26.94714,158.47791,1,1467.3,1,34.566,1,3.289,1,1467.3,1,3.289,1,34.566,1
5905611,2025-11-09T09:41:20Z,1,-26.94714,158.47791,1,1469.2,1,34.568,1,3.28,1,1469.2,1,3.28,1,34.568,1
5905611,2025-11-09T09:41:20Z,1,-26.94714,158.47791,1,1471.2,1,34.568,1,3.273,1,1471.2,1,3.273,1,34.568,1
5905611,2025-11-09T09:41:20Z,1,-26.94714,158.47791,1,1473.1,1,34.568,1,3.272,1,1473.1,1,3.272,1,34.568,1
5905611,2025-11-09T09:41:20Z,1,-26.94714,158.47791,1,1475.1,1,34.568,1,3.271,1,1475.1,1,3.271,1,34.568,1
5905611,2025-11-09T09:41:20Z,1,-26.94714,158.47791,1,1477.0,1,34.568,1,3.267,1,1477.0,1,3.267,1,34.568,1
5905611,2025-11-09T09:41:20Z,1,-26.94714,158.47791,1,1479.4,1,34.57,1,3.251,1,1479.4,1,3.251,1,34.57,1
5905611,2025-11-09T09:41:20Z,1,-26.94714,158.47791,1,1481.9,1,34.572,1,3.235,1,1481.9,1,3.235,1,34.572,1
5905611,2025-11-09T09:41:20Z,1,-26.94714,158.47791,1,1483.8,1,34.572,1,3.227,1,1483.8,1,3.227,1,34.572,1
5905611,2025-11-09T09:41:20Z,1,-26.94714,158.47791,1,1485.8,1,34.572,1,3.225,1,1485.8,1,3.225,1,34.572,1
5905611,2025-11-09T09:41:20Z,1,-26.94714,158.47791,1,1487.7,1,34.573,1,3.219,1,1487.7,1,3.219,1,34.573,1
5905611,2025-11-09T09:41:20Z,1,-26.94714,158.47791,1,1489.7,1,34.573,1,3.211,1,1489.7,1,3.211,1,34.573,1
5905611,2025-11-09T09:41:20Z,1,-26.94714,158.47791,1,1491.6,1,34.574,1,3.207,1,1491.6,1,3.207,1,34.574,1
5905611,2025-11-09T09:41:20Z,1,-26.94714,158.47791,1,1493.5,1,34.574,1,3.203,1,1493.5,1,3.203,1,34.574,1
5905611,2025-11-09T09:41:20Z,1,-26.94714,158.47791,1,1495.5,1,34.575,1,3.193,1,1495.5,1,3.193,1,34.575,1
5905611,2025-11-09T09:41:20Z,1,-26.94714,158.47791,1,1497.4,1,34.576,1,3.188,1,1497.4,1,3.188,1,34.576,1
5905611,2025-11-09T09:41:20Z,1,-26.94714,158.47791,1,1499.4,1,34.576,1,3.182,1,1499.4,1,3.182,1,34.576,1
5905611,2025-11-09T09:41:20Z,1,-26.94714,158.47791,1,1501.3,1,34.577,1,3.177,1,1501.3,1,3.177,1,34.577,1
5905611,2025-11-09T09:41:20Z,1,-26.94714,158.47791,1,1503.2,1,34.577,1,3.171,1,1503.2,1,3.171,1,34.577,1
5905611,2025-11-09T09:41:20Z,1,-26.94714,158.47791,1,1505.2,1,34.578,1,3.164,1,1505.2,1,3.164,1,34.578,1
5905611,2025-11-09T09:41:20Z,1,-26.94714,158.47791,1,1507.1,1,34.579,1,3.159,1,1507.1,1,3.159,1,34.579,1
5905611,2025-11-09T09:41:20Z,1,-26.94714,158.47791,1,1509.1,1,34.579,1,3.156,1,1509.1,1,3.156,1,34.579,1
5905611,2025-11-09T09:41:20Z,1,-26.94714,158.47791,1,1511.1,1,34.579,1,3.154,1,1511.1,1,3.154,1,34.579,1
5905611,2025-11-09T09:41:20Z,1,-26.94714,158.47791,1,1513.4,1,34.579,1,3.152,1,1513.4,1,3.152,1,34.579,1
5905611,2025-11-09T09:41:20Z,1,-26.94714,158.47791,1,1515.8,1,34.58,1,3.146,1,1515.8,1,3.146,1,34.58,1
5905611,2025-11-09T09:41:20Z,1,-26.94714,158.47791,1,1517.8,1,34.58,1,3.137,1,1517.8,1,3.137,1,34.58,1
5905611,2025-11-09T09:41:20Z,1,-26.94714,158.47791,1,1519.8,1,34.582,1,3.127,1,1519.8,1,3.127,1,34.582,1
5905611,2025-11-09T09:41:20Z,1,-26.94714,158.47791,1,1521.8,1,34.582,1,3.118,1,1521.8,1,3.118,1,34.582,1
5905611,2025-11-09T09:41:20Z,1,-26.94714,158.47791,1,1523.8,1,34.582,1,3.113,1,1523.8,1,3.113,1,34.582,1
5905611,2025-11-09T09:41:20Z,1,-26.94714,158.47791,1,1525.8,1,34.582,1,3.112,1,1525.8,1,3.112,1,34.582,1
5905611,2025-11-09T09:41:20Z,1,-26.94714,158.47791,1,1527.8,1,34.583,1,3.111,1,1527.8,1,3.111,1,34.583,1
5905611,2025-11-09T09:41:20Z,1,-26.94714,158.47791,1,1529.8,1,34.583,1,3.111,1,1529.8,1,3.111,1,34.583,1
5905611,2025-11-09T09:41:20Z,1,-26.94714,158.47791,1,1531.7,1,34.583,1,3.105,1,1531.7,1,3.105,1,34.583,1
5905611,2025-11-09T09:41:20Z,1,-26.94714,158.47791,1,1533.7,1,34.584,1,3.095,1,1533.7,1,3.095,1,34.584,1
5905611,2025-11-09T09:41:20Z,1,-26.94714,158.47791,1,1535.7,1,34.584,1,3.092,1,1535.7,1,3.092,1,34.584,1
5905611,2025-11-09T09:41:20Z,1,-26.94714,158.47791,1,1537.6,1,34.585,1,3.087,1,1537.6,1,3.087,1,34.585,1
5905611,2025-11-09T09:41:20Z,1,-26.94714,158.47791,1,1539.6,1,34.585,1,3.082,1,1539.6,1,3.082,1,34.585,1
5905611,2025-11-09T09:41:20Z,1,-26.94714,158.47791,1,1541.5,1,34.586,1,3.078,1,1541.5,1,3.078,1,34.586,1
5905611,2025-11-09T09:41:20Z,1,-26.94714,158.47791,1,1543.5,1,34.586,1,3.072,1,1543.5,1,3.072,1,34.586,1
5905611,2025-11-09T09:41:20Z,1,-26.94714,158.47791,1,1545.5,1,34.586,1,3.067,1,1545.5,1,3.067,1,34.586,1
5905611,2025-11-09T09:41:20Z,1,-26.94714,158.47791,1,1547.5,1,34.588,1,3.052,1,1547.5,1,3.052,1,34.588,1
5905611,2025-11-09T09:41:20Z,1,-26.94714,158.47791,1,1549.5,1,34.589,1,3.045,1,1549.5,1,3.045,1,34.589,1
5905611,2025-11-09T09:41:20Z,1,-26.94714,158.47791,1,1551.4,1,34.59,1,3.037,1,1551.4,1,3.037,1,34.59,1
5905611,2025-11-09T09:41:20Z,1,-26.94714,158.47791,1,1553.5,1,34.59,1,3.031,1,1553.5,1,3.031,1,34.59,1
5905611,2025-11-09T09:41:20Z,1,-26.94714,158.47791,1,1555.4,1,34.59,1,3.027,1,1555.4,1,3.027,1,34.59,1
5905611,2025-11-09T09:41:20Z,1,-26.94714,158.47791,1,1557.4,1,34.591,1,3.019,1,1557.4,1,3.019,1,34.591,1
5905611,2025-11-09T09:41:20Z,1,-26.94714,158.47791,1,1559.4,1,34.591,1,3.018,1,1559.4,1,3.018,1,34.591,1
5905611,2025-11-09T09:41:20Z,1,-26.94714,158.47791,1,1561.4,1,34.591,1,3.015,1,1561.4,1,3.015,1,34.591,1
5905611,2025-11-09T09:41:20Z,1,-26.94714,158.47791,1,1563.4,1,34.592,1,3.011,1,1563.4,1,3.011,1,34.592,1
5905611,2025-11-09T09:41:20Z,1,-26.94714,158.47791,1,1565.4,1,34.592,1,3.007,1,1565.4,1,3.007,1,34.592,1
5905611,2025-11-09T09:41:20Z,1,-26.94714,158.47791,1,1567.4,1,34.593,1,3.004,1,1567.4,1,3.004,1,34.593,1
5905611,2025-11-09T09:41:20Z,1,-26.94714,158.47791,1,1569.4,1,34.593,1,2.999,1,1569.4,1,2.999,1,34.593,1
5905611,2025-11-09T09:41:20Z,1,-26.94714,158.47791,1,1571.4,1,34.593,1,2.996,1,1571.4,1,2.996,1,34.593,1
5905611,2025-11-09T09:41:20Z,1,-26.94714,158.47791,1,1573.4,1,34.594,1,2.992,1,1573.4,1,2.992,1,34.594,1
5905611,2025-11-09T09:41:20Z,1,-26.94714,158.47791,1,1575.4,1,34.594,1,2.985,1,1575.4,1,2.985,1,34.594,1
5905611,2025-11-09T09:41:20Z,1,-26.94714,158.47791,1,1577.4,1,34.596,1,2.968,1,1577.4,1,2.968,1,34.596,1
5905611,2025-11-09T09:41:20Z,1,-26.94714,158.47791,1,1579.4,1,34.596,1,2.963,1,1579.4,1,2.963,1,34.596,1
5905611,2025-11-09T09:41:20Z,1,-26.94714,158.47791,1,1581.4,1,34.596,1,2.962,1,1581.4,1,2.962,1,34.596,1
5905611,2025-11-09T09:41:20Z,1,-26.94714,158.47791,1,1583.4,1,34.596,1,2.961,1,1583.4,1,2.961,1,34.596,1
5905611,2025-11-09T09:41:20Z,1,-26.94714,158.47791,1,1585.4,1,34.596,1,2.96,1,1585.4,1,2.96,1,34.596,1
5905611,2025-11-09T09:41:20Z,1,-26.94714,158.47791,1,1587.4,1,34.597,1,2.954,1,1587.4,1,2.954,1,34.597,1
5905611,2025-11-09T09:41:20Z,1,-26.94714,158.47791,1,1589.5,1,34.598,1,2.944,1,1589.5,1,2.944,1,34.598,1
5905611,2025-11-09T09:41:20Z,1,-26.94714,158.47791,1,1591.6,1,34.599,1,2.936,1,1591.6,1,2.936,1,34.599,1
5905611,2025-11-09T09:41:20Z,1,-26.94714,158.47791,1,1593.6,1,34.599,1,2.931,1,1593.6,1,2.931,1,34.599,1
5905611,2025-11-09T09:41:20Z,1,-26.94714,158.47791,1,1595.6,1,34.6,1,2.925,1,1595.6,1,2.925,1,34.6,1
5905611,2025-11-09T09:41:20Z,1,-26.94714,158.47791,1,1597.7,1,34.6,1,2.92,1,1597.7,1,2.92,1,34.6,1
5905611,2025-11-09T09:41:20Z,1,-26.94714,158.47791,1,1599.7,1,34.601,1,2.914,1,1599.7,1,2.914,1,34.601,1
5905611,2025-11-09T09:41:20Z,1,-26.94714,158.47791,1,1601.7,1,34.601,1,2.912,1,1601.7,1,2.912,1,34.601,1
5905611,2025-11-09T09:41:20Z,1,-26.94714,158.47791,1,1603.8,1,34.601,1,2.91,1,1603.8,1,2.91,1,34.601,1
5905611,2025-11-09T09:41:20Z,1,-26.94714,158.47791,1,1605.9,1,34.601,1,2.908,1,1605.9,1,2.908,1,34.601,1
5905611,2025-11-09T09:41:20Z,1,-26.94714,158.47791,1,1607.9,1,34.601,1,2.905,1,1607.9,1,2.905,1,34.601,1
5905611,2025-11-09T09:41:20Z,1,-26.94714,158.47791,1,1609.5,1,34.602,1,2.901,1,1609.5,1,2.901,1,34.602,1
5905611,2025-11-09T09:41:20Z,1,-26.94714,158.47791,1,1611.0,1,34.602,1,2.898,1,1611.0,1,2.898,1,34.602,1
5905611,2025-11-09T09:41:20Z,1,-26.94714,158.47791,1,1613.0,1,34.602,1,2.897,1,1613.0,1,2.897,1,34.602,1
5905611,2025-11-09T09:41:20Z,1,-26.94714,158.47791,1,1615.3,1,34.602,1,2.893,1,1615.3,1,2.893,1,34.602,1
5905611,2025-11-09T09:41:20Z,1,-26.94714,158.47791,1,1617.4,1,34.603,1,2.89,1,1617.4,1,2.89,1,34.603,1
5905611,2025-11-09T09:41:20Z,1,-26.94714,158.47791,1,1619.4,1,34.603,1,2.887,1,1619.4,1,2.887,1,34.603,1
5905611,2025-11-09T09:41:20Z,1,-26.94714,158.47791,1,1621.5,1,34.604,1,2.882,1,1621.5,1,2.882,1,34.604,1
5905611,2025-11-09T09:41:20Z,1,-26.94714,158.47791,1,1623.5,1,34.604,1,2.878,1,1623.5,1,2.878,1,34.604,1
5905611,2025-11-09T09:41:20Z,1,-26.94714,158.47791,1,1625.7,1,34.604,1,2.875,1,1625.7,1,2.875,1,34.604,1
5905611,2025-11-09T09:41:20Z,1,-26.94714,158.47791,1,1627.3,1,34.604,1,2.871,1,1627.3,1,2.871,1,34.604,1
5905611,2025-11-09T09:41:20Z,1,-26.94714,158.47791,1,1629.4,1,34.604,1,2.867,1,1629.4,1,2.867,1,34.604,1
5905611,2025-11-09T09:41:20Z,1,-26.94714,158.47791,1,1631.5,1,34.606,1,2.858,1,1631.5,1,2.858,1,34.606,1
5905611,2025-11-09T09:41:20Z,1,-26.94714,158.47791,1,1633.2,1,34.607,1,2.851,1,1633.2,1,2.851,1,34.607,1
5905611,2025-11-09T09:41:20Z,1,-26.94714,158.47791,1,1635.3,1,34.606,1,2.848,1,1635.3,1,2.848,1,34.606,1
5905611,2025-11-09T09:41:20Z,1,-26.94714,158.47791,1,1637.4,1,34.607,1,2.843,1,1637.4,1,2.843,1,34.607,1
5905611,2025-11-09T09:41:20Z,1,-26.94714,158.47791,1,1639.5,1,34.607,1,2.842,1,1639.5,1,2.842,1,34.607,1
5905611,2025-11-09T09:41:20Z,1,-26.94714,158.47791,1,1641.6,1,34.607,1,2.84,1,1641.6,1,2.84,1,34.607,1
5905611,2025-11-09T09:41:20Z,1,-26.94714,158.47791,1,1643.3,1,34.607,1,2.841,1,1643.3,1,2.841,1,34.607,1
5905611,2025-11-09T09:41:20Z,1,-26.94714,158.47791,1,1645.5,1,34.607,1,2.84,1,1645.5,1,2.84,1,34.607,1
5905611,2025-11-09T09:41:20Z,1,-26.94714,158.47791,1,1647.6,1,34.607,1,2.839,1,1647.6,1,2.839,1,34.607,1
5905611,2025-11-09T09:41:20Z,1,-26.94714,158.47791,1,1649.4,1,34.608,1,2.837,1,1649.4,1,2.837,1,34.608,1
5905611,2025-11-09T09:41:20Z,1,-26.94714,158.47791,1,1651.1,1,34.608,1,2.833,1,1651.1,1,2.833,1,34.608,1
5905611,2025-11-09T09:41:20Z,1,-26.94714,158.47791,1,1653.5,1,34.608,1,2.827,1,1653.5,1,2.827,1,34.608,1
5905611,2025-11-09T09:41:20Z,1,-26.94714,158.47791,1,1655.7,1,34.61,1,2.822,1,1655.7,1,2.822,1,34.61,1
5905611,2025-11-09T09:41:20Z,1,-26.94714,158.47791,1,1657.5,1,34.609,1,2.819,1,1657.5,1,2.819,1,34.609,1
5905611,2025-11-09T09:41:20Z,1,-26.94714,158.47791,1,1659.3,1,34.61,1,2.817,1,1659.3,1,2.817,1,34.61,1
5905611,2025-11-09T09:41:20Z,1,-26.94714,158.47791,1,1661.1,1,34.61,1,2.814,1,1661.1,1,2.814,1,34.61,1
5905611,2025-11-09T09:41:20Z,1,-26.94714,158.47791,1,1663.3,1,34.61,1,2.81,1,1663.3,1,2.81,1,34.61,1
5905611,2025-11-09T09:41:20Z,1,-26.94714,158.47791,1,1665.5,1,34.611,1,2.808,1,1665.5,1,2.808,1,34.611,1
5905611,2025-11-09T09:41:20Z,1,-26.94714,158.47791,1,1667.2,1,34.611,1,2.806,1,1667.2,1,2.806,1,34.611,1
5905611,2025-11-09T09:41:20Z,1,-26.94714,158.47791,1,1669.5,1,34.611,1,2.803,1,1669.5,1,2.803,1,34.611,1
5905611,2025-11-09T09:41:20Z,1,-26.94714,158.47791,1,1671.7,1,34.612,1,2.801,1,1671.7,1,2.801,1,34.612,1
5905611,2025-11-09T09:41:20Z,1,-26.94714,158.47791,1,1673.5,1,34.611,1,2.799,1,1673.5,1,2.799,1,34.611,1
5905611,2025-11-09T09:41:20Z,1,-26.94714,158.47791,1,1675.3,1,34.612,1,2.794,1,1675.3,1,2.794,1,34.612,1
5905611,2025-11-09T09:41:20Z,1,-26.94714,158.47791,1,1677.1,1,34.612,1,2.792,1,1677.1,1,2.792,1,34.612,1
5905611,2025-11-09T09:41:20Z,1,-26.94714,158.47791,1,1679.4,1,34.613,1,2.788,1,1679.4,1,2.788,1,34.613,1
5905611,2025-11-09T09:41:20Z,1,-26.94714,158.47791,1,1681.6,1,34.613,1,2.78,1,1681.6,1,2.78,1,34.613,1
5905611,2025-11-09T09:41:20Z,1,-26.94714,158.47791,1,1683.5,1,34.614,1,2.778,1,1683.5,1,2.778,1,34.614,1
5905611,2025-11-09T09:41:20Z,1,-26.94714,158.47791,1,1685.4,1,34.614,1,2.774,1,1685.4,1,2.774,1,34.614,1
5905611,2025-11-09T09:41:20Z,1,-26.94714,158.47791,1,1687.3,1,34.614,1,2.773,1,1687.3,1,2.773,1,34.614,1
5905611,2025-11-09T09:41:20Z,1,-26.94714,158.47791,1,1689.2,1,34.614,1,2.772,1,1689.2,1,2.772,1,34.614,1
5905611,2025-11-09T09:41:20Z,1,-26.94714,158.47791,1,1691.1,1,34.615,1,2.769,1,1691.1,1,2.769,1,34.615,1
5905611,2025-11-09T09:41:20Z,1,-26.94714,158.47791,1,1693.4,1,34.615,1,2.767,1,1693.4,1,2.767,1,34.615,1
5905611,2025-11-09T09:41:20Z,1,-26.94714,158.47791,1,1695.9,1,34.615,1,2.764,1,1695.9,1,2.764,1,34.615,1
5905611,2025-11-09T09:41:20Z,1,-26.94714,158.47791,1,1697.8,1,34.616,1,2.761,1,1697.8,1,2.761,1,34.616,1
5905611,2025-11-09T09:41:20Z,1,-26.94714,158.47791,1,1699.7,1,34.616,1,2.758,1,1699.7,1,2.758,1,34.616,1
5905611,2025-11-09T09:41:20Z,1,-26.94714,158.47791,1,1701.7,1,34.616,1,2.756,1,1701.7,1,2.756,1,34.616,1
5905611,2025-11-09T09:41:20Z,1,-26.94714,158.47791,1,1703.6,1,34.616,1,2.756,1,1703.6,1,2.756,1,34.616,1
5905611,2025-11-09T09:41:20Z,1,-26.94714,158.47791,1,1705.6,1,34.616,1,2.755,1,1705.6,1,2.755,1,34.616,1
5905611,2025-11-09T09:41:20Z,1,-26.94714,158.47791,1,1707.6,1,34.617,1,2.751,1,1707.6,1,2.751,1,34.617,1
5905611,2025-11-09T09:41:20Z,1,-26.94714,158.47791,1,1709.6,1,34.617,1,2.747,1,1709.6,1,2.747,1,34.617,1
5905611,2025-11-09T09:41:20Z,1,-26.94714,158.47791,1,1711.5,1,34.617,1,2.747,1,1711.5,1,2.747,1,34.617,1
5905611,2025-11-09T09:41:20Z,1,-26.94714,158.47791,1,1713.5,1,34.617,1,2.747,1,1713.5,1,2.747,1,34.617,1
5905611,2025-11-09T09:41:20Z,1,-26.94714,158.47791,1,1715.6,1,34.617,1,2.743,1,1715.6,1,2.743,1,34.617,1
5905611,2025-11-09T09:41:20Z,1,-26.94714,158.47791,1,1717.6,1,34.618,1,2.739,1,1717.6,1,2.739,1,34.618,1
5905611,2025-11-09T09:41:20Z,1,-26.94714,158.47791,1,1719.6,1,34.618,1,2.734,1,1719.6,1,2.734,1,34.618,1
5905611,2025-11-09T09:41:20Z,1,-26.94714,158.47791,1,1721.6,1,34.618,1,2.732,1,1721.6,1,2.732,1,34.618,1
5905611,2025-11-09T09:41:20Z,1,-26.94714,158.47791,1,1723.6,1,34.618,1,2.73,1,1723.6,1,2.73,1,34.618,1
5905611,2025-11-09T09:41:20Z,1,-26.94714,158.47791,1,1725.5,1,34.619,1,2.728,1,1725.5,1,2.728,1,34.619,1
5905611,2025-11-09T09:41:20Z,1,-26.94714,158.47791,1,1727.5,1,34.619,1,2.72,1,1727.5,1,2.72,1,34.619,1
5905611,2025-11-09T09:41:20Z,1,-26.94714,158.47791,1,1729.5,1,34.62,1,2.712,1,1729.5,1,2.712,1,34.62,1
5905611,2025-11-09T09:41:20Z,1,-26.94714,158.47791,1,1731.6,1,34.62,1,2.71,1,1731.6,1,2.71,1,34.62,1
5905611,2025-11-09T09:41:20Z,1,-26.94714,158.47791,1,1733.6,1,34.621,1,2.707,1,1733.6,1,2.707,1,34.621,1
5905611,2025-11-09T09:41:20Z,1,-26.94714,158.47791,1,1735.6,1,34.621,1,2.706,1,1735.6,1,2.706,1,34.621,1
5905611,2025-11-09T09:41:20Z,1,-26.94714,158.47791,1,1737.6,1,34.621,1,2.704,1,1737.6,1,2.704,1,34.621,1
5905611,2025-11-09T09:41:20Z,1,-26.94714,158.47791,1,1739.5,1,34.621,1,2.702,1,1739.5,1,2.702,1,34.621,1
5905611,2025-11-09T09:41:20Z,1,-26.94714,158.47791,1,1741.5,1,34.622,1,2.696,1,1741.5,1,2.696,1,34.622,1
5905611,2025-11-09T09:41:20Z,1,-26.94714,158.47791,1,1743.5,1,34.623,1,2.686,1,1743.5,1,2.686,1,34.623,1
5905611,2025-11-09T09:41:20Z,1,-26.94714,158.47791,1,1745.4,1,34.623,1,2.684,1,1745.4,1,2.684,1,34.623,1
5905611,2025-11-09T09:41:20Z,1,-26.94714,158.47791,1,1747.4,1,34.624,1,2.678,1,1747.4,1,2.678,1,34.624,1
5905611,2025-11-09T09:41:20Z,1,-26.94714,158.47791,1,1749.4,1,34.624,1,2.674,1,1749.4,1,2.674,1,34.624,1
5905611,2025-11-09T09:41:20Z,1,-26.94714,158.47791,1,1751.4,1,34.625,1,2.668,1,1751.4,1,2.668,1,34.625,1
5905611,2025-11-09T09:41:20Z,1,-26.94714,158.47791,1,1753.4,1,34.626,1,2.665,1,1753.4,1,2.665,1,34.626,1
5905611,2025-11-09T09:41:20Z,1,-26.94714,158.47791,1,1755.3,1,34.626,1,2.665,1,1755.3,1,2.665,1,34.626,1
5905611,2025-11-09T09:41:20Z,1,-26.94714,158.47791,1,1757.3,1,34.625,1,2.665,1,1757.3,1,2.665,1,34.625,1
5905611,2025-11-09T09:41:20Z,1,-26.94714,158.47791,1,1759.2,1,34.625,1,2.665,1,1759.2,1,2.665,1,34.625,1
5905611,2025-11-09T09:41:20Z,1,-26.94714,158.47791,1,1761.2,1,34.626,1,2.665,1,1761.2,1,2.665,1,34.626,1
5905611,2025-11-09T09:41:20Z,1,-26.94714,158.47791,1,1763.1,1,34.625,1,2.663,1,1763.1,1,2.663,1,34.625,1
5905611,2025-11-09T09:41:20Z,1,-26.94714,158.47791,1,1765.1,1,34.626,1,2.661,1,1765.1,1,2.661,1,34.626,1
5905611,2025-11-09T09:41:20Z,1,-26.94714,158.47791,1,1767.0,1,34.626,1,2.657,1,1767.0,1,2.657,1,34.626,1
5905611,2025-11-09T09:41:20Z,1,-26.94714,158.47791,1,1769.4,1,34.627,1,2.651,1,1769.4,1,2.651,1,34.627,1
5905611,2025-11-09T09:41:20Z,1,-26.94714,158.47791,1,1771.9,1,34.627,1,2.649,1,1771.9,1,2.649,1,34.627,1
5905611,2025-11-09T09:41:20Z,1,-26.94714,158.47791,1,1773.9,1,34.627,1,2.645,1,1773.9,1,2.645,1,34.627,1
5905611,2025-11-09T09:41:20Z,1,-26.94714,158.47791,1,1775.8,1,34.627,1,2.644,1,1775.8,1,2.644,1,34.627,1
5905611,2025-11-09T09:41:20Z,1,-26.94714,158.47791,1,1777.8,1,34.628,1,2.639,1,1777.8,1,2.639,1,34.628,1
5905611,2025-11-09T09:41:20Z,1,-26.94714,158.47791,1,1779.7,1,34.629,1,2.636,1,1779.7,1,2.636,1,34.629,1
5905611,2025-11-09T09:41:20Z,1,-26.94714,158.47791,1,1781.7,1,34.629,1,2.634,1,1781.7,1,2.634,1,34.629,1
5905611,2025-11-09T09:41:20Z,1,-26.94714,158.47791,1,1783.6,1,34.629,1,2.633,1,1783.6,1,2.633,1,34.629,1
5905611,2025-11-09T09:41:20Z,1,-26.94714,158.47791,1,1785.6,1,34.629,1,2.633,1,1785.6,1,2.633,1,34.629,1
5905611,2025-11-09T09:41:20Z,1,-26.94714,158.47791,1,1787.5,1,34.629,1,2.632,1,1787.5,1,2.632,1,34.629,1
5905611,2025-11-09T09:41:20Z,1,-26.94714,158.47791,1,1789.5,1,34.629,1,2.631,1,1789.5,1,2.631,1,34.629,1
5905611,2025-11-09T09:41:20Z,1,-26.94714,158.47791,1,1791.5,1,34.629,1,2.628,1,1791.5,1,2.628,1,34.629,1
5905611,2025-11-09T09:41:20Z,1,-26.94714,158.47791,1,1793.4,1,34.63,1,2.625,1,1793.4,1,2.625,1,34.63,1
5905611,2025-11-09T09:41:20Z,1,-26.94714,158.47791,1,1795.4,1,34.63,1,2.624,1,1795.4,1,2.624,1,34.63,1
5905611,2025-11-09T09:41:20Z,1,-26.94714,158.47791,1,1797.3,1,34.63,1,2.621,1,1797.3,1,2.621,1,34.63,1
5905611,2025-11-09T09:41:20Z,1,-26.94714,158.47791,1,1799.2,1,34.632,1,2.61,1,1799.2,1,2.61,1,34.632,1
5905611,2025-11-09T09:41:20Z,1,-26.94714,158.47791,1,1801.2,1,34.632,1,2.608,1,1801.2,1,2.608,1,34.632,1
5905611,2025-11-09T09:41:20Z,1,-26.94714,158.47791,1,1803.2,1,34.632,1,2.604,1,1803.2,1,2.604,1,34.632,1
5905611,2025-11-09T09:41:20Z,1,-26.94714,158.47791,1,1805.2,1,34.632,1,2.603,1,1805.2,1,2.603,1,34.632,1
5905611,2025-11-09T09:41:20Z,1,-26.94714,158.47791,1,1807.2,1,34.633,1,2.602,1,1807.2,1,2.602,1,34.633,1
5905611,2025-11-09T09:41:20Z,1,-26.94714,158.47791,1,1809.2,1,34.632,1,2.602,1,1809.2,1,2.602,1,34.632,1
5905611,2025-11-09T09:41:20Z,1,-26.94714,158.47791,1,1811.2,1,34.633,1,2.602,1,1811.2,1,2.602,1,34.633,1
5905611,2025-11-09T09:41:20Z,1,-26.94714,158.47791,1,1813.1,1,34.633,1,2.598,1,1813.1,1,2.598,1,34.633,1
5905611,2025-11-09T09:41:20Z,1,-26.94714,158.47791,1,1815.1,1,34.634,1,2.59,1,1815.1,1,2.59,1,34.634,1
5905611,2025-11-09T09:41:20Z,1,-26.94714,158.47791,1,1817.1,1,34.634,1,2.586,1,1817.1,1,2.586,1,34.634,1
5905611,2025-11-09T09:41:20Z,1,-26.94714,158.47791,1,1819.0,1,34.634,1,2.584,1,1819.0,1,2.584,1,34.634,1
5905611,2025-11-09T09:41:20Z,1,-26.94714,158.47791,1,1821.0,1,34.635,1,2.584,1,1821.0,1,2.584,1,34.635,1
5905611,2025-11-09T09:41:20Z,1,-26.94714,158.47791,1,1823.4,1,34.634,1,2.584,1,1823.4,1,2.584,1,34.634,1
5905611,2025-11-09T09:41:20Z,1,-26.94714,158.47791,1,1825.9,1,34.634,1,2.583,1,1825.9,1,2.583,1,34.634,1
5905611,2025-11-09T09:41:20Z,1,-26.94714,158.47791,1,1827.9,1,34.634,1,2.583,1,1827.9,1,2.583,1,34.634,1
5905611,2025-11-09T09:41:20Z,1,-26.94714,158.47791,1,1829.9,1,34.635,1,2.58,1,1829.9,1,2.58,1,34.635,1
5905611,2025-11-09T09:41:20Z,1,-26.94714,158.47791,1,1831.9,1,34.636,1,2.575,1,1831.9,1,2.575,1,34.636,1
5905611,2025-11-09T09:41:20Z,1,-26.94714,158.47791,1,1833.9,1,34.636,1,2.572,1,1833.9,1,2.572,1,34.636,1
5905611,2025-11-09T09:41:20Z,1,-26.94714,158.47791,1,1835.9,1,34.636,1,2.57,1,1835.9,1,2.57,1,34.636,1
5905611,2025-11-09T09:41:20Z,1,-26.94714,158.47791,1,1837.4,1,34.637,1,2.568,1,1837.4,1,2.568,1,34.637,1
5905611,2025-11-09T09:41:20Z,1,-26.94714,158.47791,1,1839.0,1,34.636,1,2.566,1,1839.0,1,2.566,1,34.636,1
5905611,2025-11-09T09:41:20Z,1,-26.94714,158.47791,1,1841.0,1,34.637,1,2.564,1,1841.0,1,2.564,1,34.637,1
5905611,2025-11-09T09:41:20Z,1,-26.94714,158.47791,1,1843.0,1,34.637,1,2.557,1,1843.0,1,2.557,1,34.637,1
5905611,2025-11-09T09:41:20Z,1,-26.94714,158.47791,1,1845.0,1,34.638,1,2.553,1,1845.0,1,2.553,1,34.638,1
5905611,2025-11-09T09:41:20Z,1,-26.94714,158.47791,1,1847.0,1,34.638,1,2.55,1,1847.0,1,2.55,1,34.638,1
5905611,2025-11-09T09:41:20Z,1,-26.94714,158.47791,1,1849.1,1,34.638,1,2.548,1,1849.1,1,2.548,1,34.638,1
5905611,2025-11-09T09:41:20Z,1,-26.94714,158.47791,1,1851.1,1,34.639,1,2.545,1,1851.1,1,2.545,1,34.639,1
5905611,2025-11-09T09:41:20Z,1,-26.94714,158.47791,1,1853.5,1,34.639,1,2.541,1,1853.5,1,2.541,1,34.639,1
5905611,2025-11-09T09:41:20Z,1,-26.94714,158.47791,1,1855.5,1,34.64,1,2.536,1,1855.5,1,2.536,1,34.64,1
5905611,2025-11-09T09:41:20Z,1,-26.94714,158.47791,1,1857.5,1,34.64,1,2.533,1,1857.5,1,2.533,1,34.64,1
5905611,2025-11-09T09:41:20Z,1,-26.94714,158.47791,1,1859.6,1,34.641,1,2.532,1,1859.6,1,2.532,1,34.641,1
5905611,2025-11-09T09:41:20Z,1,-26.94714,158.47791,1,1861.6,1,34.64,1,2.529,1,1861.6,1,2.529,1,34.64,1
5905611,2025-11-09T09:41:20Z,1,-26.94714,158.47791,1,1863.6,1,34.641,1,2.528,1,1863.6,1,2.528,1,34.641,1
5905611,2025-11-09T09:41:20Z,1,-26.94714,158.47791,1,1865.6,1,34.641,1,2.526,1,1865.6,1,2.526,1,34.641,1
5905611,2025-11-09T09:41:20Z,1,-26.94714,158.47791,1,1867.6,1,34.641,1,2.525,1,1867.6,1,2.525,1,34.641,1
5905611,2025-11-09T09:41:20Z,1,-26.94714,158.47791,1,1869.3,1,34.641,1,2.525,1,1869.3,1,2.525,1,34.641,1
5905611,2025-11-09T09:41:20Z,1,-26.94714,158.47791,1,1871.3,1,34.642,1,2.522,1,1871.3,1,2.522,1,34.642,1
5905611,2025-11-09T09:41:20Z,1,-26.94714,158.47791,1,1873.4,1,34.642,1,2.519,1,1873.4,1,2.519,1,34.642,1
5905611,2025-11-09T09:41:20Z,1,-26.94714,158.47791,1,1875.5,1,34.643,1,2.51,1,1875.5,1,2.51,1,34.643,1
5905611,2025-11-09T09:41:20Z,1,-26.94714,158.47791,1,1877.6,1,34.643,1,2.509,1,1877.6,1,2.509,1,34.643,1
5905611,2025-11-09T09:41:20Z,1,-26.94714,158.47791,1,1879.2,1,34.643,1,2.507,1,1879.2,1,2.507,1,34.643,1
5905611,2025-11-09T09:41:20Z,1,-26.94714,158.47791,1,1881.3,1,34.644,1,2.504,1,1881.3,1,2.504,1,34.644,1
5905611,2025-11-09T09:41:20Z,1,-26.94714,158.47791,1,1883.3,1,34.644,1,2.502,1,1883.3,1,2.502,1,34.644,1
5905611,2025-11-09T09:41:20Z,1,-26.94714,158.47791,1,1885.4,1,34.644,1,2.501,1,1885.4,1,2.501,1,34.644,1
5905611,2025-11-09T09:41:20Z,1,-26.94714,158.47791,1,1887.4,1,34.644,1,2.501,1,1887.4,1,2.501,1,34.644,1
5905611,2025-11-09T09:41:20Z,1,-26.94714,158.47791,1,1889.4,1,34.644,1,2.5,1,1889.4,1,2.5,1,34.644,1
5905611,2025-11-09T09:41:20Z,1,-26.94714,158.47791,1,1891.5,1,34.644,1,2.499,1,1891.5,1,2.499,1,34.644,1
5905611,2025-11-09T09:41:20Z,1,-26.94714,158.47791,1,1893.2,1,34.645,1,2.497,1,1893.2,1,2.497,1,34.645,1
5905611,2025-11-09T09:41:20Z,1,-26.94714,158.47791,1,1895.3,1,34.645,1,2.494,1,1895.3,1,2.494,1,34.645,1
5905611,2025-11-09T09:41:20Z,1,-26.94714,158.47791,1,1897.4,1,34.646,1,2.491,1,1897.4,1,2.491,1,34.646,1
5905611,2025-11-09T09:41:20Z,1,-26.94714,158.47791,1,1899.4,1,34.646,1,2.486,1,1899.4,1,2.486,1,34.646,1
5905611,2025-11-09T09:41:20Z,1,-26.94714,158.47791,1,1901.6,1,34.647,1,2.483,1,1901.6,1,2.483,1,34.647,1
5905611,2025-11-09T09:41:20Z,1,-26.94714,158.47791,1,1903.3,1,34.646,1,2.483,1,1903.3,1,2.483,1,34.646,1
5905611,2025-11-09T09:41:20Z,1,-26.94714,158.47791,1,1905.4,1,34.647,1,2.481,1,1905.4,1,2.481,1,34.647,1
5905611,2025-11-09T09:41:20Z,1,-26.94714,158.47791,1,1907.6,1,34.648,1,2.477,1,1907.6,1,2.477,1,34.648,1
5905611,2025-11-09T09:41:20Z,1,-26.94714,158.47791,1,1909.3,1,34.648,1,2.474,1,1909.3,1,2.474,1,34.648,1
5905611,2025-11-09T09:41:20Z,1,-26.94714,158.47791,1,1911.5,1,34.648,1,2.474,1,1911.5,1,2.474,1,34.648,1
5905611,2025-11-09T09:41:20Z,1,-26.94714,158.47791,1,1913.7,1,34.647,1,2.473,1,1913.7,1,2.473,1,34.647,1
5905611,2025-11-09T09:41:20Z,1,-26.94714,158.47791,1,1915.5,1,34.648,1,2.472,1,1915.5,1,2.472,1,34.648,1
5905611,2025-11-09T09:41:20Z,1,-26.94714,158.47791,1,1917.3,1,34.648,1,2.47,1,1917.3,1,2.47,1,34.648,1
5905611,2025-11-09T09:41:20Z,1,-26.94714,158.47791,1,1919.1,1,34.649,1,2.467,1,1919.1,1,2.467,1,34.649,1
5905611,2025-11-09T09:41:20Z,1,-26.94714,158.47791,1,1921.4,1,34.649,1,2.463,1,1921.4,1,2.463,1,34.649,1
5905611,2025-11-09T09:41:20Z,1,-26.94714,158.47791,1,1923.7,1,34.649,1,2.461,1,1923.7,1,2.461,1,34.649,1
5905611,2025-11-09T09:41:20Z,1,-26.94714,158.47791,1,1925.5,1,34.65,1,2.458,1,1925.5,1,2.458,1,34.65,1
5905611,2025-11-09T09:41:20Z,1,-26.94714,158.47791,1,1927.3,1,34.65,1,2.456,1,1927.3,1,2.456,1,34.65,1
5905611,2025-11-09T09:41:20Z,1,-26.94714,158.47791,1,1929.1,1,34.65,1,2.455,1,1929.1,1,2.455,1,34.65,1
5905611,2025-11-09T09:41:20Z,1,-26.94714,158.47791,1,1931.5,1,34.65,1,2.455,1,1931.5,1,2.455,1,34.65,1
5905611,2025-11-09T09:41:20Z,1,-26.94714,158.47791,1,1933.8,1,34.65,1,2.454,1,1933.8,1,2.454,1,34.65,1
5905611,2025-11-09T09:41:20Z,1,-26.94714,158.47791,1,1935.6,1,34.651,1,2.452,1,1935.6,1,2.452,1,34.651,1
5905611,2025-11-09T09:41:20Z,1,-26.94714,158.47791,1,1937.5,1,34.65,1,2.451,1,1937.5,1,2.451,1,34.65,1
5905611,2025-11-09T09:41:20Z,1,-26.94714,158.47791,1,1939.3,1,34.651,1,2.451,1,1939.3,1,2.451,1,34.651,1
5905611,2025-11-09T09:41:20Z,1,-26.94714,158.47791,1,1941.2,1,34.65,1,2.45,1,1941.2,1,2.45,1,34.65,1
5905611,2025-11-09T09:41:20Z,1,-26.94714,158.47791,1,1943.5,1,34.651,1,2.448,1,1943.5,1,2.448,1,34.651,1
5905611,2025-11-09T09:41:20Z,1,-26.94714,158.47791,1,1945.8,1,34.652,1,2.445,1,1945.8,1,2.445,1,34.652,1
5905611,2025-11-09T09:41:20Z,1,-26.94714,158.47791,1,1947.7,1,34.652,1,2.444,1,1947.7,1,2.444,1,34.652,1
5905611,2025-11-09T09:41:20Z,1,-26.94714,158.47791,1,1949.6,1,34.652,1,2.444,1,1949.6,1,2.444,1,34.652,1
5905611,2025-11-09T09:41:20Z,1,-26.94714,158.47791,1,1951.5,1,34.652,1,2.442,1,1951.5,1,2.442,1,34.652,1
5905611,2025-11-09T09:41:20Z,1,-26.94714,158.47791,1,1953.4,1,34.652,1,2.44,1,1953.4,1,2.44,1,34.652,1
5905611,2025-11-09T09:41:20Z,1,-26.94714,158.47791,1,1955.3,1,34.653,1,2.434,1,1955.3,1,2.434,1,34.653,1
5905611,2025-11-09T09:41:20Z,1,-26.94714,158.47791,1,1957.2,1,34.654,1,2.432,1,1957.2,1,2.432,1,34.654,1
5905611,2025-11-09T09:41:20Z,1,-26.94714,158.47791,1,1959.1,1,34.653,1,2.433,1,1959.1,1,2.433,1,34.653,1
5905611,2025-11-09T09:41:20Z,1,-26.94714,158.47791,1,1961.0,1,34.653,1,2.43,1,1961.0,1,2.43,1,34.653,1
5905611,2025-11-09T09:41:20Z,1,-26.94714,158.47791,1,1963.4,1,34.653,1,2.43,1,1963.4,1,2.43,1,34.653,1
5905611,2025-11-09T09:41:20Z,1,-26.94714,158.47791,1,1965.7,1,34.654,1,2.427,1,1965.7,1,2.427,1,34.654,1
5905611,2025-11-09T09:41:20Z,1,-26.94714,158.47791,1,1967.7,1,34.654,1,2.426,1,1967.7,1,2.426,1,34.654,1
5905611,2025-11-09T09:41:20Z,1,-26.94714,158.47791,1,1969.5,1,34.654,1,2.425,1,1969.5,1,2.425,1,34.654,1
5905611,2025-11-09T09:41:20Z,1,-26.94714,158.47791,1,1971.4,1,34.654,1,2.425,1,1971.4,1,2.425,1,34.654,1
5905611,2025-11-09T09:41:20Z,1,-26.94714,158.47791,1,1973.4,1,34.655,1,2.419,1,1973.4,1,2.419,1,34.655,1
5905611,2025-11-09T09:41:20Z,1,-26.94714,158.47791,1,1975.3,1,34.656,1,2.414,1,1975.3,1,2.414,1,34.656,1
5905611,2025-11-09T09:41:20Z,1,-26.94714,158.47791,1,1977.2,1,34.656,1,2.41,1,1977.2,1,2.41,1,34.656,1
5905611,2025-11-09T09:41:20Z,1,-26.94714,158.47791,1,1979.1,1,34.657,1,2.408,1,1979.1,1,2.408,1,34.657,1
5905611,2025-11-09T09:41:20Z,1,-26.94714,158.47791,1,1981.0,1,34.657,1,2.408,1,1981.0,1,2.408,1,34.657,1
5905611,2025-11-09T09:41:20Z,1,-26.94714,158.47791,1,1983.4,1,34.656,1,2.407,1,1983.4,1,2.407,1,34.656,1
5905611,2025-11-09T09:41:20Z,1,-26.94714,158.47791,1,1985.8,1,34.657,1,2.405,1,1985.8,1,2.405,1,34.657,1
5905611,2025-11-09T09:41:20Z,1,-26.94714,158.47791,1,1987.7,1,34.657,1,2.404,1,1987.7,1,2.404,1,34.657,1
5905611,2025-11-09T09:41:20Z,1,-26.94714,158.47791,1,1989.6,1,34.657,1,2.403,1,1989.6,1,2.403,1,34.657,1
5905611,2025-11-09T09:41:20Z,1,-26.94714,158.47791,1,1991.3,1,34.657,1,2.401,1,1991.3,1,2.401,1,34.657,1
5905611,2025-11-09T09:41:20Z,1,-26.94714,158.47791,1,1993.1,1,34.658,1,2.4,1,1993.1,1,2.4,1,34.658,1
5905611,2025-11-09T09:41:20Z,1,-26.94714,158.47791,1,1995.2,1,34.658,1,2.398,1,1995.2,1,2.398,1,34.658,1
5905611,2025-11-09T09:41:20Z,1,-26.94714,158.47791,1,1997.4,1,34.658,1,2.393,1,1997.4,1,2.393,1,34.658,1
5905611,2025-11-09T09:41:20Z,1,-26.94714,158.47791,1,1998.6,1,34.659,1,2.392,1,1998.6,1,2.392,1,34.659,1
5905611,2025-11-19T04:49:20Z,1,-26.77464,158.40568,1,0.2,1,35.682,1,23.097,1,0.2,1,23.097,1,35.682,1
5905611,2025-11-19T04:49:20Z,1,-26.77464,158.40568,1,1.5,1,35.698,1,23.098,1,1.5,1,23.098,1,35.698,1
5905611,2025-11-19T04:49:20Z,1,-26.77464,158.40568,1,3.4,1,35.698,1,23.096,1,3.4,1,23.096,1,35.698,1
5905611,2025-11-19T04:49:20Z,1,-26.77464,158.40568,1,4.9,1,35.702,1,23.09,1,4.9,1,23.09,1,35.702,1
5905611,2025-11-19T04:49:20Z,1,-26.77464,158.40568,1,6.2,1,35.703,1,23.089,1,6.2,1,23.089,1,35.703,1
5905611,2025-11-19T04:49:20Z,1,-26.77464,158.40568,1,7.5,1,35.702,1,23.09,1,7.5,1,23.09,1,35.702,1
5905611,2025-11-19T04:49:20Z,1,-26.77464,158.40568,1,9.2,1,35.703,1,23.089,1,9.2,1,23.089,1,35.703,1
5905611,2025-11-19T04:49:20Z,1,-26.77464,158.40568,1,11.4,1,35.703,1,23.091,1,11.4,1,23.091,1,35.703,1
5905611,2025-11-19T04:49:20Z,1,-26.77464,158.40568,1,13.7,1,35.703,1,23.072,1,13.7,1,23.072,1,35.703,1
5905611,2025-11-19T04:49:20Z,1,-26.77464,158.40568,1,15.6,1,35.698,1,23.036,1,15.6,1,23.036,1,35.698,1
5905611,2025-11-19T04:49:20Z,1,-26.77464,158.40568,1,17.6,1,35.697,1,23.008,1,17.6,1,23.008,1,35.697,1
5905611,2025-11-19T04:49:20Z,1,-26.77464,158.40568,1,19.7,1,35.696,1,22.998,1,19.7,1,22.998,1,35.696,1
5905611,2025-11-19T04:49:20Z,1,-26.77464,158.40568,1,21.4,1,35.696,1,22.976,1,21.4,1,22.976,1,35.696,1
5905611,2025-11-19T04:49:20Z,1,-26.77464,158.40568,1,23.4,1,35.698,1,22.946,1,23.4,1,22.946,1,35.698,1
5905611,2025-11-19T04:49:20Z,1,-26.77464,158.40568,1,25.6,1,35.699,1,22.931,1,25.6,1,22.931,1,35.699,1
5905611,2025-11-19T04:49:20Z,1,-26.77464,158.40568,1,27.3,1,35.702,1,22.903,1,27.3,1,22.903,1,35.702,1
5905611,2025-11-19T04:49:20Z,1,-26.77464,158.40568,1,29.1,1,35.698,1,22.88,1,29.1,1,22.88,1,35.698,1
5905611,2025-11-19T04:49:20Z,1,-26.77464,158.40568,1,31.4,1,35.694,1,22.764,1,31.4,1,22.764,1,35.694,1
5905611,2025-11-19T04:49:20Z,1,-26.77464,158.40568,1,33.6,1,35.692,1,22.639,1,33.6,1,22.639,1,35.692,1
5905611,2025-11-19T04:49:20Z,1,-26.77464,158.40568,1,35.4,1,35.689,1,22.544,1,35.4,1,22.544,1,35.689,1
5905611,2025-11-19T04:49:20Z,1,-26.77464,158.40568,1,37.1,1,35.689,1,22.46,1,37.1,1,22.46,1,35.689,1
5905611,2025-11-19T04:49:20Z,1,-26.77464,158.40568,1,39.3,1,35.691,1,22.345,1,39.3,1,22.345,1,35.691,1
5905611,2025-11-19T04:49:20Z,1,-26.77464,158.40568,1,41.8,1,35.679,1,22.155,1,41.8,1,22.155,1,35.679,1
5905611,2025-11-19T04:49:20Z,1,-26.77464,158.40568,1,43.7,1,35.674,1,22.014,1,43.7,1,22.014,1,35.674,1
5905611,2025-11-19T04:49:20Z,1,-26.77464,158.40568,1,45.6,1,35.67,1,21.981,1,45.6,1,21.981,1,35.67,1
5905611,2025-11-19T04:49:20Z,1,-26.77464,158.40568,1,47.5,1,35.671,1,21.807,1,47.5,1,21.807,1,35.671,1
5905611,2025-11-19T04:49:20Z,1,-26.77464,158.40568,1,49.4,1,35.675,1,21.708,1,49.4,1,21.708,1,35.675,1
5905611,2025-11-19T04:49:20Z,1,-26.77464,158.40568,1,51.4,1,35.683,1,21.647,1,51.4,1,21.647,1,35.683,1
5905611,2025-11-19T04:49:20Z,1,-26.77464,158.40568,1,53.4,1,35.685,1,21.568,1,53.4,1,21.568,1,35.685,1
5905611,2025-11-19T04:49:20Z,1,-26.77464,158.40568,1,55.4,1,35.694,1,21.466,1,55.4,1,21.466,1,35.694,1
5905611,2025-11-19T04:49:20Z,1,-26.77464,158.40568,1,57.4,1,35.702,1,21.371,1,57.4,1,21.371,1,35.702,1
5905611,2025-11-19T04:49:20Z,1,-26.77464,158.40568,1,59.5,1,35.701,1,21.309,1,59.5,1,21.309,1,35.701,1
5905611,2025-11-19T04:49:20Z,1,-26.77464,158.40568,1,61.6,1,35.703,1,21.164,1,61.6,1,21.164,1,35.703,1
5905611,2025-11-19T04:49:20Z,1,-26.77464,158.40568,1,63.8,1,35.697,1,21.074,1,63.8,1,21.074,1,35.697,1
5905611,2025-11-19T04:49:20Z,1,-26.77464,158.40568,1,65.5,1,35.695,1,21.013,1,65.5,1,21.013,1,35.695,1
5905611,2025-11-19T04:49:20Z,1,-26.77464,158.40568,1,67.1,1,35.691,1,20.961,1,67.1,1,20.961,1,35.691,1
5905611,2025-11-19T04:49:20Z,1,-26.77464,158.40568,1,69.2,1,35.694,1,20.894,1,69.2,1,20.894,1,35.694,1
5905611,2025-11-19T04:49:20Z,1,-26.77464,158.40568,1,71.3,1,35.696,1,20.812,1,71.3,1,20.812,1,35.696,1
5905611,2025-11-19T04:49:20Z,1,-26.77464,158.40568,1,73.5,1,35.691,1,20.757,1,73.5,1,20.757,1,35.691,1
5905611,2025-11-19T04:49:20Z,1,-26.77464,158.40568,1,75.6,1,35.687,1,20.682,1,75.6,1,20.682,1,35.687,1
5905611,2025-11-19T04:49:20Z,1,-26.77464,158.40568,1,77.8,1,35.685,1,20.612,1,77.8,1,20.612,1,35.685,1
5905611,2025-11-19T04:49:20Z,1,-26.77464,158.40568,1,79.5,1,35.686,1,20.578,1,79.5,1,20.578,1,35.686,1
5905611,2025-11-19T04:49:20Z,1,-26.77464,158.40568,1,81.1,1,35.684,1,20.52,1,81.1,1,20.52,1,35.684,1
5905611,2025-11-19T04:49:20Z,1,-26.77464,158.40568,1,83.3,1,35.685,1,20.455,1,83.3,1,20.455,1,35.685,1
5905611,2025-11-19T04:49:20Z,1,-26.77464,158.40568,1,85.5,1,35.684,1,20.401,1,85.5,1,20.401,1,35.684,1
5905611,2025-11-19T04:49:20Z,1,-26.77464,158.40568,1,87.7,1,35.683,1,20.385,1,87.7,1,20.385,1,35.683,1
5905611,2025-11-19T04:49:20Z,1,-26.77464,158.40568,1,89.4,1,35.683,1,20.379,1,89.4,1,20.379,1,35.683,1
5905611,2025-11-19T04:49:20Z,1,-26.77464,158.40568,1,91.0,1,35.684,1,20.37,1,91.0,1,20.37,1,35.684,1
5905611,2025-11-19T04:49:20Z,1,-26.77464,158.40568,1,93.1,1,35.682,1,20.337,1,93.1,1,20.337,1,35.682,1
5905611,2025-11-19T04:49:20Z,1,-26.77464,158.40568,1,95.2,1,35.681,1,20.331,1,95.2,1,20.331,1,35.681,1
5905611,2025-11-19T04:49:20Z,1,-26.77464,158.40568,1,97.3,1,35.682,1,20.327,1,97.3,1,20.327,1,35.682,1
5905611,2025-11-19T04:49:20Z,1,-26.77464,158.40568,1,99.4,1,35.68,1,20.326,1,99.4,1,20.326,1,35.68,1
5905611,2025-11-19T04:49:20Z,1,-26.77464,158.40568,1,101.4,1,35.679,1,20.316,1,101.4,1,20.316,1,35.679,1
5905611,2025-11-19T04:49:20Z,1,-26.77464,158.40568,1,103.6,1,35.677,1,20.286,1,103.6,1,20.286,1,35.677,1
5905611,2025-11-19T04:49:20Z,1,-26.77464,158.40568,1,105.8,1,35.681,1,20.25,1,105.8,1,20.25,1,35.681,1
5905611,2025-11-19T04:49:20Z,1,-26.77464,158.40568,1,107.4,1,35.68,1,20.222,1,107.4,1,20.222,1,35.68,1
5905611,2025-11-19T04:49:20Z,1,-26.77464,158.40568,1,109.0,1,35.675,1,20.202,1,109.0,1,20.202,1,35.675,1
5905611,2025-11-19T04:49:20Z,1,-26.77464,158.40568,1,111.2,1,35.672,1,20.147,1,111.2,1,20.147,1,35.672,1
5905611,2025-11-19T04:49:20Z,1,-26.77464,158.40568,1,113.4,1,35.666,1,20.101,1,113.4,1,20.101,1,35.666,1
5905611,2025-11-19T04:49:20Z,1,-26.77464,158.40568,1,115.6,1,35.655,1,20.008,1,115.6,1,20.008,1,35.655,1
5905611,2025-11-19T04:49:20Z,1,-26.77464,158.40568,1,117.5,1,35.661,1,19.992,1,117.5,1,19.992,1,35.661,1
5905611,2025-11-19T04:49:20Z,1,-26.77464,158.40568,1,119.2,1,35.661,1,19.984,1,119.2,1,19.984,1,35.661,1
5905611,2025-11-19T04:49:20Z,1,-26.77464,158.40568,1,121.5,1,35.664,1,19.977,1,121.5,1,19.977,1,35.664,1
5905611,2025-11-19T04:49:20Z,1,-26.77464,158.40568,1,123.7,1,35.665,1,19.964,1,123.7,1,19.964,1,35.665,1
5905611,2025-11-19T04:49:20Z,1,-26.77464,158.40568,1,125.8,1,35.664,1,19.944,1,125.8,1,19.944,1,35.664,1
5905611,2025-11-19T04:49:20Z,1,-26.77464,158.40568,1,127.5,1,35.665,1,19.94,1,127.5,1,19.94,1,35.665,1
5905611,2025-11-19T04:49:20Z,1,-26.77464,158.40568,1,129.1,1,35.66,1,19.903,1,129.1,1,19.903,1,35.66,1
5905611,2025-11-19T04:49:20Z,1,-26.77464,158.40568,1,131.2,1,35.662,1,19.89,1,131.2,1,19.89,1,35.662,1
5905611,2025-11-19T04:49:20Z,1,-26.77464,158.40568,1,133.3,1,35.661,1,19.873,1,133.3,1,19.873,1,35.661,1
5905611,2025-11-19T04:49:20Z,1,-26.77464,158.40568,1,135.5,1,35.661,1,19.839,1,135.5,1,19.839,1,35.661,1
5905611,2025-11-19T04:49:20Z,1,-26.77464,158.40568,1,137.4,1,35.66,1,19.818,1,137.4,1,19.818,1,35.66,1
5905611,2025-11-19T04:49:20Z,1,-26.77464,158.40568,1,139.5,1,35.659,1,19.793,1,139.5,1,19.793,1,35.659,1
5905611,2025-11-19T04:49:20Z,1,-26.77464,158.40568,1,141.7,1,35.66,1,19.791,1,141.7,1,19.791,1,35.66,1
5905611,2025-11-19T04:49:20Z,1,-26.77464,158.40568,1,143.6,1,35.658,1,19.788,1,143.6,1,19.788,1,35.658,1
5905611,2025-11-19T04:49:20Z,1,-26.77464,158.40568,1,145.4,1,35.658,1,19.768,1,145.4,1,19.768,1,35.658,1
5905611,2025-11-19T04:49:20Z,1,-26.77464,158.40568,1,147.3,1,35.657,1,19.752,1,147.3,1,19.752,1,35.657,1
5905611,2025-11-19T04:49:20Z,1,-26.77464,158.40568,1,149.1,1,35.656,1,19.721,1,149.1,1,19.721,1,35.656,1
5905611,2025-11-19T04:49:20Z,1,-26.77464,158.40568,1,151.3,1,35.657,1,19.705,1,151.3,1,19.705,1,35.657,1
5905611,2025-11-19T04:49:20Z,1,-26.77464,158.40568,1,153.6,1,35.651,1,19.654,1,153.6,1,19.654,1,35.651,1
5905611,2025-11-19T04:49:20Z,1,-26.77464,158.40568,1,155.5,1,35.648,1,19.634,1,155.5,1,19.634,1,35.648,1
5905611,2025-11-19T04:49:20Z,1,-26.77464,158.40568,1,157.4,1,35.652,1,19.629,1,157.4,1,19.629,1,35.652,1
5905611,2025-11-19T04:49:20Z,1,-26.77464,158.40568,1,159.4,1,35.653,1,19.628,1,159.4,1,19.628,1,35.653,1
5905611,2025-11-19T04:49:20Z,1,-26.77464,158.40568,1,161.3,1,35.652,1,19.621,1,161.3,1,19.621,1,35.652,1
5905611,2025-11-19T04:49:20Z,1,-26.77464,158.40568,1,163.2,1,35.652,1,19.599,1,163.2,1,19.599,1,35.652,1
5905611,2025-11-19T04:49:20Z,1,-26.77464,158.40568,1,165.2,1,35.653,1,19.588,1,165.2,1,19.588,1,35.653,1
5905611,2025-11-19T04:49:20Z,1,-26.77464,158.40568,1,167.2,1,35.652,1,19.58,1,167.2,1,19.58,1,35.652,1
5905611,2025-11-19T04:49:20Z,1,-26.77464,158.40568,1,169.2,1,35.651,1,19.567,1,169.2,1,19.567,1,35.651,1
5905611,2025-11-19T04:49:20Z,1,-26.77464,158.40568,1,171.2,1,35.652,1,19.523,1,171.2,1,19.523,1,35.652,1
5905611,2025-11-19T04:49:20Z,1,-26.77464,158.40568,1,173.2,1,35.648,1,19.498,1,173.2,1,19.498,1,35.648,1
5905611,2025-11-19T04:49:20Z,1,-26.77464,158.40568,1,175.2,1,35.643,1,19.462,1,175.2,1,19.462,1,35.643,1
5905611,2025-11-19T04:49:20Z,1,-26.77464,158.40568,1,177.3,1,35.64,1,19.439,1,177.3,1,19.439,1,35.64,1
5905611,2025-11-19T04:49:20Z,1,-26.77464,158.40568,1,179.4,1,35.637,1,19.418,1,179.4,1,19.418,1,35.637,1
5905611,2025-11-19T04:49:20Z,1,-26.77464,158.40568,1,181.4,1,35.636,1,19.401,1,181.4,1,19.401,1,35.636,1
5905611,2025-11-19T04:49:20Z,1,-26.77464,158.40568,1,183.5,1,35.638,1,19.378,1,183.5,1,19.378,1,35.638,1
5905611,2025-11-19T04:49:20Z,1,-26.77464,158.40568,1,185.6,1,35.647,1,19.375,1,185.6,1,19.375,1,35.647,1
5905611,2025-11-19T04:49:20Z,1,-26.77464,158.40568,1,187.8,1,35.644,1,19.36,1,187.8,1,19.36,1,35.644,1
5905611,2025-11-19T04:49:20Z,1,-26.77464,158.40568,1,189.4,1,35.644,1,19.351,1,189.4,1,19.351,1,35.644,1
5905611,2025-11-19T04:49:20Z,1,-26.77464,158.40568,1,191.0,1,35.645,1,19.357,1,191.0,1,19.357,1,35.645,1
5905611,2025-11-19T04:49:20Z,1,-26.77464,158.40568,1,193.1,1,35.647,1,19.353,1,193.1,1,19.353,1,35.647,1
5905611,2025-11-19T04:49:20Z,1,-26.77464,158.40568,1,195.1,1,35.644,1,19.333,1,195.1,1,19.333,1,35.644,1
5905611,2025-11-19T04:49:20Z,1,-26.77464,158.40568,1,197.1,1,35.643,1,19.299,1,197.1,1,19.299,1,35.643,1
5905611,2025-11-19T04:49:20Z,1,-26.77464,158.40568,1,199.1,1,35.643,1,19.278,1,199.1,1,19.278,1,35.643,1
5905611,2025-11-19T04:49:20Z,1,-26.77464,158.40568,1,201.2,1,35.641,1,19.253,1,201.2,1,19.253,1,35.641,1
5905611,2025-11-19T04:49:20Z,1,-26.77464,158.40568,1,203.3,1,35.634,1,19.194,1,203.3,1,19.194,1,35.634,1
5905611,2025-11-19T04:49:20Z,1,-26.77464,158.40568,1,205.3,1,35.63,1,19.161,1,205.3,1,19.161,1,35.63,1
5905611,2025-11-19T04:49:20Z,1,-26.77464,158.40568,1,207.3,1,35.631,1,19.131,1,207.3,1,19.131,1,35.631,1
5905611,2025-11-19T04:49:20Z,1,-26.77464,158.40568,1,209.3,1,35.627,1,19.089,1,209.3,1,19.089,1,35.627,1
5905611,2025-11-19T04:49:20Z,1,-26.77464,158.40568,1,211.4,1,35.63,1,19.05,1,211.4,1,19.05,1,35.63,1
5905611,2025-11-19T04:49:20Z,1,-26.77464,158.40568,1,213.5,1,35.627,1,19.026,1,213.5,1,19.026,1,35.627,1
5905611,2025-11-19T04:49:20Z,1,-26.77464,158.40568,1,215.6,1,35.625,1,18.998,1,215.6,1,18.998,1,35.625,1
5905611,2025-11-19T04:49:20Z,1,-26.77464,158.40568,1,217.6,1,35.614,1,18.945,1,217.6,1,18.945,1,35.614,1
5905611,2025-11-19T04:49:20Z,1,-26.77464,158.40568,1,219.6,1,35.611,1,18.921,1,219.6,1,18.921,1,35.611,1
5905611,2025-11-19T04:49:20Z,1,-26.77464,158.40568,1,221.6,1,35.602,1,18.863,1,221.6,1,18.863,1,35.602,1
5905611,2025-11-19T04:49:20Z,1,-26.77464,158.40568,1,223.7,1,35.598,1,18.807,1,223.7,1,18.807,1,35.598,1
5905611,2025-11-19T04:49:20Z,1,-26.77464,158.40568,1,225.7,1,35.599,1,18.793,1,225.7,1,18.793,1,35.599,1
5905611,2025-11-19T04:49:20Z,1,-26.77464,158.40568,1,227.7,1,35.602,1,18.787,1,227.7,1,18.787,1,35.602,1
5905611,2025-11-19T04:49:20Z,1,-26.77464,158.40568,1,229.7,1,35.604,1,18.772,1,229.7,1,18.772,1,35.604,1
5905611,2025-11-19T04:49:20Z,1,-26.77464,158.40568,1,231.6,1,35.604,1,18.743,1,231.6,1,18.743,1,35.604,1
5905611,2025-11-19T04:49:20Z,1,-26.77464,158.40568,1,233.6,1,35.601,1,18.688,1,233.6,1,18.688,1,35.601,1
5905611,2025-11-19T04:49:20Z,1,-26.77464,158.40568,1,235.5,1,35.597,1,18.641,1,235.5,1,18.641,1,35.597,1
5905611,2025-11-19T04:49:20Z,1,-26.77464,158.40568,1,237.4,1,35.591,1,18.578,1,237.4,1,18.578,1,35.591,1
5905611,2025-11-19T04:49:20Z,1,-26.77464,158.40568,1,239.3,1,35.587,1,18.49,1,239.3,1,18.49,1,35.587,1
5905611,2025-11-19T04:49:20Z,1,-26.77464,158.40568,1,241.3,1,35.586,1,18.463,1,241.3,1,18.463,1,35.586,1
5905611,2025-11-19T04:49:20Z,1,-26.77464,158.40568,1,243.3,1,35.586,1,18.432,1,243.3,1,18.432,1,35.586,1
5905611,2025-11-19T04:49:20Z,1,-26.77464,158.40568,1,245.2,1,35.587,1,18.408,1,245.2,1,18.408,1,35.587,1
5905611,2025-11-19T04:49:20Z,1,-26.77464,158.40568,1,247.2,1,35.585,1,18.393,1,247.2,1,18.393,1,35.585,1
5905611,2025-11-19T04:49:20Z,1,-26.77464,158.40568,1,249.1,1,35.586,1,18.326,1,249.1,1,18.326,1,35.586,1
5905611,2025-11-19T04:49:20Z,1,-26.77464,158.40568,1,251.1,1,35.576,1,18.287,1,251.1,1,18.287,1,35.576,1
5905611,2025-11-19T04:49:20Z,1,-26.77464,158.40568,1,253.1,1,35.575,1,18.248,1,253.1,1,18.248,1,35.575,1
5905611,2025-11-19T04:49:20Z,1,-26.77464,158.40568,1,255.0,1,35.573,1,18.219,1,255.0,1,18.219,1,35.573,1
5905611,2025-11-19T04:49:20Z,1,-26.77464,158.40568,1,257.0,1,35.572,1,18.203,1,257.0,1,18.203,1,35.572,1
5905611,2025-11-19T04:49:20Z,1,-26.77464,158.40568,1,259.0,1,35.571,1,18.173,1,259.0,1,18.173,1,35.571,1
5905611,2025-11-19T04:49:20Z,1,-26.77464,158.40568,1,261.1,1,35.559,1,18.091,1,261.1,1,18.091,1,35.559,1
5905611,2025-11-19T04:49:20Z,1,-26.77464,158.40568,1,263.1,1,35.556,1,18.041,1,263.1,1,18.041,1,35.556,1
5905611,2025-11-19T04:49:20Z,1,-26.77464,158.40568,1,265.2,1,35.554,1,18.016,1,265.2,1,18.016,1,35.554,1
5905611,2025-11-19T04:49:20Z,1,-26.77464,158.40568,1,267.2,1,35.553,1,17.974,1,267.2,1,17.974,1,35.553,1
5905611,2025-11-19T04:49:20Z,1,-26.77464,158.40568,1,269.2,1,35.548,1,17.934,1,269.2,1,17.934,1,35.548,1
5905611,2025-11-19T04:49:20Z,1,-26.77464,158.40568,1,271.3,1,35.545,1,17.903,1,271.3,1,17.903,1,35.545,1
5905611,2025-11-19T04:49:20Z,1,-26.77464,158.40568,1,273.3,1,35.538,1,17.862,1,273.3,1,17.862,1,35.538,1
5905611,2025-11-19T04:49:20Z,1,-26.77464,158.40568,1,275.4,1,35.537,1,17.8,1,275.4,1,17.8,1,35.537,1
5905611,2025-11-19T04:49:20Z,1,-26.77464,158.40568,1,277.4,1,35.528,1,17.737,1,277.4,1,17.737,1,35.528,1
5905611,2025-11-19T04:49:20Z,1,-26.77464,158.40568,1,279.5,1,35.523,1,17.662,1,279.5,1,17.662,1,35.523,1
5905611,2025-11-19T04:49:20Z,1,-26.77464,158.40568,1,281.6,1,35.522,1,17.632,1,281.6,1,17.632,1,35.522,1
5905611,2025-11-19T04:49:20Z,1,-26.77464,158.40568,1,283.7,1,35.52,1,17.587,1,283.7,1,17.587,1,35.52,1
5905611,2025-11-19T04:49:20Z,1,-26.77464,158.40568,1,285.8,1,35.517,1,17.475,1,285.8,1,17.475,1,35.517,1
5905611,2025-11-19T04:49:20Z,1,-26.77464,158.40568,1,287.9,1,35.509,1,17.41,1,287.9,1,17.41,1,35.509,1
5905611,2025-11-19T04:49:20Z,1,-26.77464,158.40568,1,289.9,1,35.507,1,17.356,1,289.9,1,17.356,1,35.507,1
5905611,2025-11-19T04:49:20Z,1,-26.77464,158.40568,1,291.9,1,35.502,1,17.295,1,291.9,1,17.295,1,35.502,1
5905611,2025-11-19T04:49:20Z,1,-26.77464,158.40568,1,293.4,1,35.499,1,17.251,1,293.4,1,17.251,1,35.499,1
5905611,2025-11-19T04:49:20Z,1,-26.77464,158.40568,1,295.0,1,35.495,1,17.174,1,295.0,1,17.174,1,35.495,1
5905611,2025-11-19T04:49:20Z,1,-26.77464,158.40568,1,297.4,1,35.485,1,17.096,1,297.4,1,17.096,1,35.485,1
5905611,2025-11-19T04:49:20Z,1,-26.77464,158.40568,1,299.5,1,35.481,1,17.032,1,299.5,1,17.032,1,35.481,1
5905611,2025-11-19T04:49:20Z,1,-26.77464,158.40568,1,301.4,1,35.476,1,16.927,1,301.4,1,16.927,1,35.476,1
5905611,2025-11-19T04:49:20Z,1,-26.77464,158.40568,1,303.4,1,35.467,1,16.801,1,303.4,1,16.801,1,35.467,1
5905611,2025-11-19T04:49:20Z,1,-26.77464,158.40568,1,305.5,1,35.459,1,16.736,1,305.5,1,16.736,1,35.459,1
5905611,2025-11-19T04:49:20Z,1,-26.77464,158.40568,1,307.6,1,35.453,1,16.676,1,307.6,1,16.676,1,35.453,1
5905611,2025-11-19T04:49:20Z,1,-26.77464,158.40568,1,309.3,1,35.452,1,16.607,1,309.3,1,16.607,1,35.452,1
5905611,2025-11-19T04:49:20Z,1,-26.77464,158.40568,1,311.3,1,35.436,1,16.508,1,311.3,1,16.508,1,35.436,1
5905611,2025-11-19T04:49:20Z,1,-26.77464,158.40568,1,313.4,1,35.429,1,16.439,1,313.4,1,16.439,1,35.429,1
5905611,2025-11-19T04:49:20Z,1,-26.77464,158.40568,1,315.5,1,35.424,1,16.388,1,315.5,1,16.388,1,35.424,1
5905611,2025-11-19T04:49:20Z,1,-26.77464,158.40568,1,317.5,1,35.422,1,16.368,1,317.5,1,16.368,1,35.422,1
5905611,2025-11-19T04:49:20Z,1,-26.77464,158.40568,1,319.5,1,35.413,1,16.27,1,319.5,1,16.27,1,35.413,1
5905611,2025-11-19T04:49:20Z,1,-26.77464,158.40568,1,321.5,1,35.397,1,16.115,1,321.5,1,16.115,1,35.397,1
5905611,2025-11-19T04:49:20Z,1,-26.77464,158.40568,1,323.2,1,35.394,1,16.034,1,323.2,1,16.034,1,35.394,1
5905611,2025-11-19T04:49:20Z,1,-26.77464,158.40568,1,325.4,1,35.394,1,16.024,1,325.4,1,16.024,1,35.394,1
5905611,2025-11-19T04:49:20Z,1,-26.77464,158.40568,1,327.5,1,35.391,1,16.013,1,327.5,1,16.013,1,35.391,1
5905611,2025-11-19T04:49:20Z,1,-26.77464,158.40568,1,329.5,1,35.387,1,15.97,1,329.5,1,15.97,1,35.387,1
5905611,2025-11-19T04:49:20Z,1,-26.77464,158.40568,1,331.5,1,35.38,1,15.874,1,331.5,1,15.874,1,35.38,1
5905611,2025-11-19T04:49:20Z,1,-26.77464,158.40568,1,333.6,1,35.377,1,15.81,1,333.6,1,15.81,1,35.377,1
5905611,2025-11-19T04:49:20Z,1,-26.77464,158.40568,1,335.7,1,35.369,1,15.747,1,335.7,1,15.747,1,35.369,1
5905611,2025-11-19T04:49:20Z,1,-26.77464,158.40568,1,337.3,1,35.365,1,15.638,1,337.3,1,15.638,1,35.365,1
5905611,2025-11-19T04:49:20Z,1,-26.77464,158.40568,1,339.3,1,35.36,1,15.622,1,339.3,1,15.622,1,35.36,1
5905611,2025-11-19T04:49:20Z,1,-26.77464,158.40568,1,341.3,1,35.363,1,15.6,1,341.3,1,15.6,1,35.363,1
5905611,2025-11-19T04:49:20Z,1,-26.77464,158.40568,1,343.4,1,35.363,1,15.591,1,343.4,1,15.591,1,35.363,1
5905611,2025-11-19T04:49:20Z,1,-26.77464,158.40568,1,345.5,1,35.364,1,15.582,1,345.5,1,15.582,1,35.364,1
5905611,2025-11-19T04:49:20Z,1,-26.77464,158.40568,1,347.5,1,35.363,1,15.574,1,347.5,1,15.574,1,35.363,1
5905611,2025-11-19T04:49:20Z,1,-26.77464,158.40568,1,349.5,1,35.361,1,15.547,1,349.5,1,15.547,1,35.361,1
5905611,2025-11-19T04:49:20Z,1,-26.77464,158.40568,1,351.6,1,35.356,1,15.492,1,351.6,1,15.492,1,35.356,1
5905611,2025-11-19T04:49:20Z,1,-26.77464,158.40568,1,353.7,1,35.346,1,15.391,1,353.7,1,15.391,1,35.346,1
5905611,2025-11-19T04:49:20Z,1,-26.77464,158.40568,1,355.4,1,35.343,1,15.36,1,355.4,1,15.36,1,35.343,1
5905611,2025-11-19T04:49:20Z,1,-26.77464,158.40568,1,357.2,1,35.34,1,15.34,1,357.2,1,15.34,1,35.34,1
5905611,2025-11-19T04:49:20Z,1,-26.77464,158.40568,1,359.5,1,35.338,1,15.316,1,359.5,1,15.316,1,35.338,1
5905611,2025-11-19T04:49:20Z,1,-26.77464,158.40568,1,361.7,1,35.332,1,15.25,1,361.7,1,15.25,1,35.332,1
5905611,2025-11-19T04:49:20Z,1,-26.77464,158.40568,1,363.6,1,35.328,1,15.213,1,363.6,1,15.213,1,35.328,1
5905611,2025-11-19T04:49:20Z,1,-26.77464,158.40568,1,365.5,1,35.323,1,15.172,1,365.5,1,15.172,1,35.323,1
5905611,2025-11-19T04:49:20Z,1,-26.77464,158.40568,1,367.4,1,35.319,1,15.127,1,367.4,1,15.127,1,35.319,1
5905611,2025-11-19T04:49:20Z,1,-26.77464,158.40568,1,369.3,1,35.317,1,15.099,1,369.3,1,15.099,1,35.317,1
5905611,2025-11-19T04:49:20Z,1,-26.77464,158.40568,1,371.2,1,35.315,1,15.079,1,371.2,1,15.079,1,35.315,1
5905611,2025-11-19T04:49:20Z,1,-26.77464,158.40568,1,373.2,1,35.309,1,15.023,1,373.2,1,15.023,1,35.309,1
5905611,2025-11-19T04:49:20Z,1,-26.77464,158.40568,1,375.1,1,35.302,1,14.952,1,375.1,1,14.952,1,35.302,1
5905611,2025-11-19T04:49:20Z,1,-26.77464,158.40568,1,377.1,1,35.292,1,14.844,1,377.1,1,14.844,1,35.292,1
5905611,2025-11-19T04:49:20Z,1,-26.77464,158.40568,1,379.0,1,35.277,1,14.718,1,379.0,1,14.718,1,35.277,1
5905611,2025-11-19T04:49:20Z,1,-26.77464,158.40568,1,381.0,1,35.276,1,14.628,1,381.0,1,14.628,1,35.276,1
5905611,2025-11-19T04:49:20Z,1,-26.77464,158.40568,1,383.0,1,35.266,1,14.596,1,383.0,1,14.596,1,35.266,1
5905611,2025-11-19T04:49:20Z,1,-26.77464,158.40568,1,385.0,1,35.262,1,14.53,1,385.0,1,14.53,1,35.262,1
5905611,2025-11-19T04:49:20Z,1,-26.77464,158.40568,1,386.9,1,35.255,1,14.47,1,386.9,1,14.47,1,35.255,1
5905611,2025-11-19T04:49:20Z,1,-26.77464,158.40568,1,389.4,1,35.249,1,14.425,1,389.4,1,14.425,1,35.249,1
5905611,2025-11-19T04:49:20Z,1,-26.77464,158.40568,1,391.9,1,35.241,1,14.376,1,391.9,1,14.376,1,35.241,1
5905611,2025-11-19T04:49:20Z,1,-26.77464,158.40568,1,393.8,1,35.238,1,14.298,1,393.8,1,14.298,1,35.238,1
5905611,2025-11-19T04:49:20Z,1,-26.77464,158.40568,1,395.7,1,35.226,1,14.162,1,395.7,1,14.162,1,35.226,1
5905611,2025-11-19T04:49:20Z,1,-26.77464,158.40568,1,397.7,1,35.22,1,14.099,1,397.7,1,14.099,1,35.22,1
5905611,2025-11-19T04:49:20Z,1,-26.77464,158.40568,1,399.8,1,35.215,1,14.051,1,399.8,1,14.051,1,35.215,1
5905611,2025-11-19T04:49:20Z,1,-26.77464,158.40568,1,401.8,1,35.21,1,14.012,1,401.8,1,14.012,1,35.21,1
5905611,2025-11-19T04:49:20Z,1,-26.77464,158.40568,1,403.8,1,35.206,1,13.991,1,403.8,1,13.991,1,35.206,1
5905611,2025-11-19T04:49:20Z,1,-26.77464,158.40568,1,405.8,1,35.2,1,13.929,1,405.8,1,13.929,1,35.2,1
5905611,2025-11-19T04:49:20Z,1,-26.77464,158.40568,1,407.8,1,35.183,1,13.771,1,407.8,1,13.771,1,35.183,1
5905611,2025-11-19T04:49:20Z,1,-26.77464,158.40568,1,409.7,1,35.171,1,13.673,1,409.7,1,13.673,1,35.171,1
5905611,2025-11-19T04:49:20Z,1,-26.77464,158.40568,1,411.8,1,35.168,1,13.655,1,411.8,1,13.655,1,35.168,1
5905611,2025-11-19T04:49:20Z,1,-26.77464,158.40568,1,413.8,1,35.166,1,13.628,1,413.8,1,13.628,1,35.166,1
5905611,2025-11-19T04:49:20Z,1,-26.77464,158.40568,1,415.9,1,35.162,1,13.595,1,415.9,1,13.595,1,35.162,1
5905611,2025-11-19T04:49:20Z,1,-26.77464,158.40568,1,417.9,1,35.16,1,13.582,1,417.9,1,13.582,1,35.16,1
5905611,2025-11-19T04:49:20Z,1,-26.77464,158.40568,1,419.9,1,35.149,1,13.514,1,419.9,1,13.514,1,35.149,1
5905611,2025-11-19T04:49:20Z,1,-26.77464,158.40568,1,421.8,1,35.143,1,13.399,1,421.8,1,13.399,1,35.143,1
5905611,2025-11-19T04:49:20Z,1,-26.77464,158.40568,1,423.8,1,35.134,1,13.307,1,423.8,1,13.307,1,35.134,1
5905611,2025-11-19T04:49:20Z,1,-26.77464,158.40568,1,425.8,1,35.128,1,13.258,1,425.8,1,13.258,1,35.128,1
5905611,2025-11-19T04:49:20Z,1,-26.77464,158.40568,1,427.8,1,35.125,1,13.209,1,427.8,1,13.209,1,35.125,1
5905611,2025-11-19T04:49:20Z,1,-26.77464,158.40568,1,429.7,1,35.119,1,13.095,1,429.7,1,13.095,1,35.119,1
5905611,2025-11-19T04:49:20Z,1,-26.77464,158.40568,1,431.8,1,35.105,1,13.003,1,431.8,1,13.003,1,35.105,1
5905611,2025-11-19T04:49:20Z,1,-26.77464,158.40568,1,433.8,1,35.103,1,12.974,1,433.8,1,12.974,1,35.103,1
5905611,2025-11-19T04:49:20Z,1,-26.77464,158.40568,1,435.9,1,35.097,1,12.919,1,435.9,1,12.919,1,35.097,1
5905611,2025-11-19T04:49:20Z,1,-26.77464,158.40568,1,437.9,1,35.086,1,12.859,1,437.9,1,12.859,1,35.086,1
5905611,2025-11-19T04:49:20Z,1,-26.77464,158.40568,1,439.4,1,35.077,1,12.794,1,439.4,1,12.794,1,35.077,1
5905611,2025-11-19T04:49:20Z,1,-26.77464,158.40568,1,441.0,1,35.067,1,12.708,1,441.0,1,12.708,1,35.067,1
5905611,2025-11-19T04:49:20Z,1,-26.77464,158.40568,1,443.1,1,35.065,1,12.686,1,443.1,1,12.686,1,35.065,1
5905611,2025-11-19T04:49:20Z,1,-26.77464,158.40568,1,445.1,1,35.058,1,12.628,1,445.1,1,12.628,1,35.058,1
5905611,2025-11-19T04:49:20Z,1,-26.77464,158.40568,1,447.2,1,35.054,1,12.59,1,447.2,1,12.59,1,35.054,1
5905611,2025-11-19T04:49:20Z,1,-26.77464,158.40568,1,449.3,1,35.049,1,12.557,1,449.3,1,12.557,1,35.049,1
5905611,2025-11-19T04:49:20Z,1,-26.77464,158.40568,1,451.5,1,35.05,1,12.537,1,451.5,1,12.537,1,35.05,1
5905611,2025-11-19T04:49:20Z,1,-26.77464,158.40568,1,453.6,1,35.04,1,12.452,1,453.6,1,12.452,1,35.04,1
5905611,2025-11-19T04:49:20Z,1,-26.77464,158.40568,1,455.7,1,35.03,1,12.395,1,455.7,1,12.395,1,35.03,1
5905611,2025-11-19T04:49:20Z,1,-26.77464,158.40568,1,457.8,1,35.024,1,12.344,1,457.8,1,12.344,1,35.024,1
5905611,2025-11-19T04:49:20Z,1,-26.77464,158.40568,1,459.8,1,35.017,1,12.259,1,459.8,1,12.259,1,35.017,1
5905611,2025-11-19T04:49:20Z,1,-26.77464,158.40568,1,461.4,1,35.019,1,12.217,1,461.4,1,12.217,1,35.019,1
5905611,2025-11-19T04:49:20Z,1,-26.77464,158.40568,1,463.0,1,35.01,1,12.177,1,463.0,1,12.177,1,35.01,1
5905611,2025-11-19T04:49:20Z,1,-26.77464,158.40568,1,465.0,1,35.009,1,12.162,1,465.0,1,12.162,1,35.009,1
5905611,2025-11-19T04:49:20Z,1,-26.77464,158.40568,1,467.1,1,35.001,1,12.099,1,467.1,1,12.099,1,35.001,1
5905611,2025-11-19T04:49:20Z,1,-26.77464,158.40568,1,469.2,1,34.999,1,12.083,1,469.2,1,12.083,1,34.999,1
5905611,2025-11-19T04:49:20Z,1,-26.77464,158.40568,1,471.4,1,34.999,1,12.067,1,471.4,1,12.067,1,34.999,1
5905611,2025-11-19T04:49:20Z,1,-26.77464,158.40568,1,473.5,1,34.993,1,12.042,1,473.5,1,12.042,1,34.993,1
5905611,2025-11-19T04:49:20Z,1,-26.77464,158.40568,1,475.6,1,34.986,1,11.995,1,475.6,1,11.995,1,34.986,1
5905611,2025-11-19T04:49:20Z,1,-26.77464,158.40568,1,477.2,1,34.983,1,11.951,1,477.2,1,11.951,1,34.983,1
5905611,2025-11-19T04:49:20Z,1,-26.77464,158.40568,1,479.0,1,34.979,1,11.915,1,479.0,1,11.915,1,34.979,1
5905611,2025-11-19T04:49:20Z,1,-26.77464,158.40568,1,481.1,1,34.972,1,11.864,1,481.1,1,11.864,1,34.972,1
5905611,2025-11-19T04:49:20Z,1,-26.77464,158.40568,1,483.3,1,34.961,1,11.747,1,483.3,1,11.747,1,34.961,1
5905611,2025-11-19T04:49:20Z,1,-26.77464,158.40568,1,485.6,1,34.955,1,11.721,1,485.6,1,11.721,1,34.955,1
5905611,2025-11-19T04:49:20Z,1,-26.77464,158.40568,1,487.7,1,34.954,1,11.697,1,487.7,1,11.697,1,34.954,1
5905611,2025-11-19T04:49:20Z,1,-26.77464,158.40568,1,489.8,1,34.952,1,11.692,1,489.8,1,11.692,1,34.952,1
5905611,2025-11-19T04:49:20Z,1,-26.77464,158.40568,1,491.4,1,34.953,1,11.687,1,491.4,1,11.687,1,34.953,1
5905611,2025-11-19T04:49:20Z,1,-26.77464,158.40568,1,493.0,1,34.952,1,11.678,1,493.0,1,11.678,1,34.952,1
5905611,2025-11-19T04:49:20Z,1,-26.77464,158.40568,1,495.1,1,34.947,1,11.631,1,495.1,1,11.631,1,34.947,1
5905611,2025-11-19T04:49:20Z,1,-26.77464,158.40568,1,497.2,1,34.94,1,11.59,1,497.2,1,11.59,1,34.94,1
5905611,2025-11-19T04:49:20Z,1,-26.77464,158.40568,1,499.3,1,34.932,1,11.517,1,499.3,1,11.517,1,34.932,1
5905611,2025-11-19T04:49:20Z,1,-26.77464,158.40568,1,501.5,1,34.928,1,11.475,1,501.5,1,11.475,1,34.928,1
5905611,2025-11-19T04:49:20Z,1,-26.77464,158.40568,1,503.5,1,34.919,1,11.439,1,503.5,1,11.439,1,34.919,1
5905611,2025-11-19T04:49:20Z,1,-26.77464,158.40568,1,505.6,1,34.913,1,11.365,1,505.6,1,11.365,1,34.913,1
5905611,2025-11-19T04:49:20Z,1,-26.77464,158.40568,1,507.6,1,34.905,1,11.278,1,507.6,1,11.278,1,34.905,1
5905611,2025-11-19T04:49:20Z,1,-26.77464,158.40568,1,509.8,1,34.899,1,11.242,1,509.8,1,11.242,1,34.899,1
5905611,2025-11-19T04:49:20Z,1,-26.77464,158.40568,1,511.4,1,34.897,1,11.228,1,511.4,1,11.228,1,34.897,1
5905611,2025-11-19T04:49:20Z,1,-26.77464,158.40568,1,513.0,1,34.895,1,11.208,1,513.0,1,11.208,1,34.895,1
5905611,2025-11-19T04:49:20Z,1,-26.77464,158.40568,1,515.4,1,34.885,1,11.129,1,515.4,1,11.129,1,34.885,1
5905611,2025-11-19T04:49:20Z,1,-26.77464,158.40568,1,517.4,1,34.877,1,11.077,1,517.4,1,11.077,1,34.877,1
5905611,2025-11-19T04:49:20Z,1,-26.77464,158.40568,1,519.4,1,34.871,1,11.033,1,519.4,1,11.033,1,34.871,1
5905611,2025-11-19T04:49:20Z,1,-26.77464,158.40568,1,521.4,1,34.865,1,11.001,1,521.4,1,11.001,1,34.865,1
5905611,2025-11-19T04:49:20Z,1,-26.77464,158.40568,1,523.4,1,34.861,1,10.954,1,523.4,1,10.954,1,34.861,1
5905611,2025-11-19T04:49:20Z,1,-26.77464,158.40568,1,525.4,1,34.86,1,10.947,1,525.4,1,10.947,1,34.86,1
5905611,2025-11-19T04:49:20Z,1,-26.77464,158.40568,1,527.4,1,34.853,1,10.88,1,527.4,1,10.88,1,34.853,1
5905611,2025-11-19T04:49:20Z,1,-26.77464,158.40568,1,529.4,1,34.842,1,10.767,1,529.4,1,10.767,1,34.842,1
5905611,2025-11-19T04:49:20Z,1,-26.77464,158.40568,1,531.5,1,34.838,1,10.717,1,531.5,1,10.717,1,34.838,1
5905611,2025-11-19T04:49:20Z,1,-26.77464,158.40568,1,533.7,1,34.831,1,10.686,1,533.7,1,10.686,1,34.831,1
5905611,2025-11-19T04:49:20Z,1,-26.77464,158.40568,1,535.3,1,34.831,1,10.66,1,535.3,1,10.66,1,34.831,1
5905611,2025-11-19T04:49:20Z,1,-26.77464,158.40568,1,537.4,1,34.83,1,10.641,1,537.4,1,10.641,1,34.83,1
5905611,2025-11-19T04:49:20Z,1,-26.77464,158.40568,1,539.5,1,34.821,1,10.626,1,539.5,1,10.626,1,34.821,1
5905611,2025-11-19T04:49:20Z,1,-26.77464,158.40568,1,541.2,1,34.814,1,10.561,1,541.2,1,10.561,1,34.814,1
5905611,2025-11-19T04:49:20Z,1,-26.77464,158.40568,1,543.4,1,34.81,1,10.544,1,543.4,1,10.544,1,34.81,1
5905611,2025-11-19T04:49:20Z,1,-26.77464,158.40568,1,545.6,1,34.808,1,10.529,1,545.6,1,10.529,1,34.808,1
5905611,2025-11-19T04:49:20Z,1,-26.77464,158.40568,1,547.4,1,34.804,1,10.504,1,547.4,1,10.504,1,34.804,1
5905611,2025-11-19T04:49:20Z,1,-26.77464,158.40568,1,549.2,1,34.802,1,10.492,1,549.2,1,10.492,1,34.802,1
5905611,2025-11-19T04:49:20Z,1,-26.77464,158.40568,1,551.4,1,34.798,1,10.47,1,551.4,1,10.47,1,34.798,1
5905611,2025-11-19T04:49:20Z,1,-26.77464,158.40568,1,553.6,1,34.781,1,10.334,1,553.6,1,10.334,1,34.781,1
5905611,2025-11-19T04:49:20Z,1,-26.77464,158.40568,1,555.4,1,34.778,1,10.305,1,555.4,1,10.305,1,34.778,1
5905611,2025-11-19T04:49:20Z,1,-26.77464,158.40568,1,557.1,1,34.777,1,10.293,1,557.1,1,10.293,1,34.777,1
5905611,2025-11-19T04:49:20Z,1,-26.77464,158.40568,1,559.3,1,34.776,1,10.274,1,559.3,1,10.274,1,34.776,1
5905611,2025-11-19T04:49:20Z,1,-26.77464,158.40568,1,561.4,1,34.765,1,10.196,1,561.4,1,10.196,1,34.765,1
5905611,2025-11-19T04:49:20Z,1,-26.77464,158.40568,1,563.2,1,34.76,1,10.155,1,563.2,1,10.155,1,34.76,1
5905611,2025-11-19T04:49:20Z,1,-26.77464,158.40568,1,565.4,1,34.76,1,10.154,1,565.4,1,10.154,1,34.76,1
5905611,2025-11-19T04:49:20Z,1,-26.77464,158.40568,1,567.6,1,34.76,1,10.141,1,567.6,1,10.141,1,34.76,1
5905611,2025-11-19T04:49:20Z,1,-26.77464,158.40568,1,569.4,1,34.757,1,10.097,1,569.4,1,10.097,1,34.757,1
5905611,2025-11-19T04:49:20Z,1,-26.77464,158.40568,1,571.1,1,34.753,1,10.061,1,571.1,1,10.061,1,34.753,1
5905611,2025-11-19T04:49:20Z,1,-26.77464,158.40568,1,573.4,1,34.75,1,10.024,1,573.4,1,10.024,1,34.75,1
5905611,2025-11-19T04:49:20Z,1,-26.77464,158.40568,1,575.6,1,34.745,1,10.0,1,575.6,1,10.0,1,34.745,1
5905611,2025-11-19T04:49:20Z,1,-26.77464,158.40568,1,577.3,1,34.746,1,9.986,1,577.3,1,9.986,1,34.746,1
5905611,2025-11-19T04:49:20Z,1,-26.77464,158.40568,1,579.1,1,34.74,1,9.953,1,579.1,1,9.953,1,34.74,1
5905611,2025-11-19T04:49:20Z,1,-26.77464,158.40568,1,581.3,1,34.738,1,9.925,1,581.3,1,9.925,1,34.738,1
5905611,2025-11-19T04:49:20Z,1,-26.77464,158.40568,1,583.5,1,34.73,1,9.864,1,583.5,1,9.864,1,34.73,1
5905611,2025-11-19T04:49:20Z,1,-26.77464,158.40568,1,585.3,1,34.723,1,9.813,1,585.3,1,9.813,1,34.723,1
5905611,2025-11-19T04:49:20Z,1,-26.77464,158.40568,1,587.5,1,34.716,1,9.732,1,587.5,1,9.732,1,34.716,1
5905611,2025-11-19T04:49:20Z,1,-26.77464,158.40568,1,589.7,1,34.708,1,9.678,1,589.7,1,9.678,1,34.708,1
5905611,2025-11-19T04:49:20Z,1,-26.77464,158.40568,1,591.4,1,34.705,1,9.647,1,591.4,1,9.647,1,34.705,1
5905611,2025-11-19T04:49:20Z,1,-26.77464,158.40568,1,593.2,1,34.702,1,9.637,1,593.2,1,9.637,1,34.702,1
5905611,2025-11-19T04:49:20Z,1,-26.77464,158.40568,1,595.3,1,34.7,1,9.627,1,595.3,1,9.627,1,34.7,1
5905611,2025-11-19T04:49:20Z,1,-26.77464,158.40568,1,597.5,1,34.698,1,9.605,1,597.5,1,9.605,1,34.698,1
5905611,2025-11-19T04:49:20Z,1,-26.77464,158.40568,1,599.2,1,34.694,1,9.558,1,599.2,1,9.558,1,34.694,1
5905611,2025-11-19T04:49:20Z,1,-26.77464,158.40568,1,601.4,1,34.69,1,9.516,1,601.4,1,9.516,1,34.69,1
5905611,2025-11-19T04:49:20Z,1,-26.77464,158.40568,1,603.6,1,34.69,1,9.484,1,603.6,1,9.484,1,34.69,1
5905611,2025-11-19T04:49:20Z,1,-26.77464,158.40568,1,605.2,1,34.689,1,9.465,1,605.2,1,9.465,1,34.689,1
5905611,2025-11-19T04:49:20Z,1,-26.77464,158.40568,1,607.2,1,34.684,1,9.431,1,607.2,1,9.431,1,34.684,1
5905611,2025-11-19T04:49:20Z,1,-26.77464,158.40568,1,609.2,1,34.684,1,9.423,1,609.2,1,9.423,1,34.684,1
5905611,2025-11-19T04:49:20Z,1,-26.77464,158.40568,1,611.2,1,34.682,1,9.417,1,611.2,1,9.417,1,34.682,1
5905611,2025-11-19T04:49:20Z,1,-26.77464,158.40568,1,613.4,1,34.677,1,9.349,1,613.4,1,9.349,1,34.677,1
5905611,2025-11-19T04:49:20Z,1,-26.77464,158.40568,1,615.5,1,34.668,1,9.283,1,615.5,1,9.283,1,34.668,1
5905611,2025-11-19T04:49:20Z,1,-26.77464,158.40568,1,617.2,1,34.666,1,9.255,1,617.2,1,9.255,1,34.666,1
5905611,2025-11-19T04:49:20Z,1,-26.77464,158.40568,1,619.3,1,34.659,1,9.191,1,619.3,1,9.191,1,34.659,1
5905611,2025-11-19T04:49:20Z,1,-26.77464,158.40568,1,621.5,1,34.655,1,9.156,1,621.5,1,9.156,1,34.655,1
5905611,2025-11-19T04:49:20Z,1,-26.77464,158.40568,1,623.1,1,34.652,1,9.138,1,623.1,1,9.138,1,34.652,1
5905611,2025-11-19T04:49:20Z,1,-26.77464,158.40568,1,625.3,1,34.648,1,9.097,1,625.3,1,9.097,1,34.648,1
5905611,2025-11-19T04:49:20Z,1,-26.77464,158.40568,1,627.4,1,34.646,1,9.056,1,627.4,1,9.056,1,34.646,1
5905611,2025-11-19T04:49:20Z,1,-26.77464,158.40568,1,629.5,1,34.64,1,9.018,1,629.5,1,9.018,1,34.64,1
5905611,2025-11-19T04:49:20Z,1,-26.77464,158.40568,1,631.7,1,34.639,1,9.01,1,631.7,1,9.01,1,34.639,1
5905611,2025-11-19T04:49:20Z,1,-26.77464,158.40568,1,633.4,1,34.637,1,8.972,1,633.4,1,8.972,1,34.637,1
5905611,2025-11-19T04:49:20Z,1,-26.77464,158.40568,1,635.1,1,34.632,1,8.944,1,635.1,1,8.944,1,34.632,1
5905611,2025-11-19T04:49:20Z,1,-26.77464,158.40568,1,637.3,1,34.63,1,8.932,1,637.3,1,8.932,1,34.63,1
5905611,2025-11-19T04:49:20Z,1,-26.77464,158.40568,1,639.5,1,34.626,1,8.915,1,639.5,1,8.915,1,34.626,1
5905611,2025-11-19T04:49:20Z,1,-26.77464,158.40568,1,641.2,1,34.625,1,8.903,1,641.2,1,8.903,1,34.625,1
5905611,2025-11-19T04:49:20Z,1,-26.77464,158.40568,1,643.3,1,34.621,1,8.884,1,643.3,1,8.884,1,34.621,1
5905611,2025-11-19T04:49:20Z,1,-26.77464,158.40568,1,645.4,1,34.618,1,8.856,1,645.4,1,8.856,1,34.618,1
5905611,2025-11-19T04:49:20Z,1,-26.77464,158.40568,1,647.4,1,34.613,1,8.788,1,647.4,1,8.788,1,34.613,1
5905611,2025-11-19T04:49:20Z,1,-26.77464,158.40568,1,649.4,1,34.609,1,8.74,1,649.4,1,8.74,1,34.609,1
5905611,2025-11-19T04:49:20Z,1,-26.77464,158.40568,1,651.5,1,34.608,1,8.731,1,651.5,1,8.731,1,34.608,1
5905611,2025-11-19T04:49:20Z,1,-26.77464,158.40568,1,653.6,1,34.607,1,8.712,1,653.6,1,8.712,1,34.607,1
5905611,2025-11-19T04:49:20Z,1,-26.77464,158.40568,1,655.3,1,34.602,1,8.675,1,655.3,1,8.675,1,34.602,1
5905611,2025-11-19T04:49:20Z,1,-26.77464,158.40568,1,657.4,1,34.59,1,8.575,1,657.4,1,8.575,1,34.59,1
5905611,2025-11-19T04:49:20Z,1,-26.77464,158.40568,1,659.5,1,34.585,1,8.529,1,659.5,1,8.529,1,34.585,1
5905611,2025-11-19T04:49:20Z,1,-26.77464,158.40568,1,661.6,1,34.579,1,8.481,1,661.6,1,8.481,1,34.579,1
5905611,2025-11-19T04:49:20Z,1,-26.77464,158.40568,1,663.7,1,34.571,1,8.413,1,663.7,1,8.413,1,34.571,1
5905611,2025-11-19T04:49:20Z,1,-26.77464,158.40568,1,665.3,1,34.569,1,8.4,1,665.3,1,8.4,1,34.569,1
5905611,2025-11-19T04:49:20Z,1,-26.77464,158.40568,1,667.5,1,34.569,1,8.396,1,667.5,1,8.396,1,34.569,1
5905611,2025-11-19T04:49:20Z,1,-26.77464,158.40568,1,669.7,1,34.569,1,8.392,1,669.7,1,8.392,1,34.569,1
5905611,2025-11-19T04:49:20Z,1,-26.77464,158.40568,1,671.4,1,34.568,1,8.388,1,671.4,1,8.388,1,34.568,1
5905611,2025-11-19T04:49:20Z,1,-26.77464,158.40568,1,673.1,1,34.564,1,8.354,1,673.1,1,8.354,1,34.564,1
5905611,2025-11-19T04:49:20Z,1,-26.77464,158.40568,1,675.4,1,34.558,1,8.296,1,675.4,1,8.296,1,34.558,1
5905611,2025-11-19T04:49:20Z,1,-26.77464,158.40568,1,677.5,1,34.554,1,8.256,1,677.5,1,8.256,1,34.554,1
5905611,2025-11-19T04:49:20Z,1,-26.77464,158.40568,1,679.3,1,34.553,1,8.231,1,679.3,1,8.231,1,34.553,1
5905611,2025-11-19T04:49:20Z,1,-26.77464,158.40568,1,681.4,1,34.549,1,8.21,1,681.4,1,8.21,1,34.549,1
5905611,2025-11-19T04:49:20Z,1,-26.77464,158.40568,1,683.6,1,34.548,1,8.194,1,683.6,1,8.194,1,34.548,1
5905611,2025-11-19T04:49:20Z,1,-26.77464,158.40568,1,685.5,1,34.556,1,8.216,1,685.5,1,8.216,1,34.556,1
5905611,2025-11-19T04:49:20Z,1,-26.77464,158.40568,1,687.2,1,34.564,1,8.25,1,687.2,1,8.25,1,34.564,1
5905611,2025-11-19T04:49:20Z,1,-26.77464,158.40568,1,689.5,1,34.569,1,8.227,1,689.5,1,8.227,1,34.569,1
5905611,2025-11-19T04:49:20Z,1,-26.77464,158.40568,1,691.8,1,34.564,1,8.196,1,691.8,1,8.196,1,34.564,1
5905611,2025-11-19T04:49:20Z,1,-26.77464,158.40568,1,693.6,1,34.566,1,8.191,1,693.6,1,8.191,1,34.566,1
5905611,2025-11-19T04:49:20Z,1,-26.77464,158.40568,1,695.4,1,34.565,1,8.173,1,695.4,1,8.173,1,34.565,1
5905611,2025-11-19T04:49:20Z,1,-26.77464,158.40568,1,697.2,1,34.565,1,8.142,1,697.2,1,8.142,1,34.565,1
5905611,2025-11-19T04:49:20Z,1,-26.77464,158.40568,1,699.4,1,34.56,1,8.113,1,699.4,1,8.113,1,34.56,1
5905611,2025-11-19T04:49:20Z,1,-26.77464,158.40568,1,701.6,1,34.559,1,8.093,1,701.6,1,8.093,1,34.559,1
5905611,2025-11-19T04:49:20Z,1,-26.77464,158.40568,1,703.5,1,34.558,1,8.079,1,703.5,1,8.079,1,34.558,1
5905611,2025-11-19T04:49:20Z,1,-26.77464,158.40568,1,705.4,1,34.557,1,8.067,1,705.4,1,8.067,1,34.557,1
5905611,2025-11-19T04:49:20Z,1,-26.77464,158.40568,1,707.2,1,34.557,1,8.063,1,707.2,1,8.063,1,34.557,1
5905611,2025-11-19T04:49:20Z,1,-26.77464,158.40568,1,709.1,1,34.554,1,8.047,1,709.1,1,8.047,1,34.554,1
5905611,2025-11-19T04:49:20Z,1,-26.77464,158.40568,1,711.4,1,34.554,1,8.024,1,711.4,1,8.024,1,34.554,1
5905611,2025-11-19T04:49:20Z,1,-26.77464,158.40568,1,713.8,1,34.552,1,8.004,1,713.8,1,8.004,1,34.552,1
5905611,2025-11-19T04:49:20Z,1,-26.77464,158.40568,1,715.7,1,34.55,1,7.987,1,715.7,1,7.987,1,34.55,1
5905611,2025-11-19T04:49:20Z,1,-26.77464,158.40568,1,717.6,1,34.546,1,7.952,1,717.6,1,7.952,1,34.546,1
5905611,2025-11-19T04:49:20Z,1,-26.77464,158.40568,1,719.5,1,34.544,1,7.938,1,719.5,1,7.938,1,34.544,1
5905611,2025-11-19T04:49:20Z,1,-26.77464,158.40568,1,721.3,1,34.545,1,7.927,1,721.3,1,7.927,1,34.545,1
5905611,2025-11-19T04:49:20Z,1,-26.77464,158.40568,1,723.2,1,34.542,1,7.907,1,723.2,1,7.907,1,34.542,1
5905611,2025-11-19T04:49:20Z,1,-26.77464,158.40568,1,725.1,1,34.539,1,7.881,1,725.1,1,7.881,1,34.539,1
5905611,2025-11-19T04:49:20Z,1,-26.77464,158.40568,1,727.0,1,34.533,1,7.788,1,727.0,1,7.788,1,34.533,1
5905611,2025-11-19T04:49:20Z,1,-26.77464,158.40568,1,729.4,1,34.528,1,7.715,1,729.4,1,7.715,1,34.528,1
5905611,2025-11-19T04:49:20Z,1,-26.77464,158.40568,1,731.8,1,34.524,1,7.672,1,731.8,1,7.672,1,34.524,1
5905611,2025-11-19T04:49:20Z,1,-26.77464,158.40568,1,733.7,1,34.523,1,7.663,1,733.7,1,7.663,1,34.523,1
5905611,2025-11-19T04:49:20Z,1,-26.77464,158.40568,1,735.5,1,34.521,1,7.657,1,735.5,1,7.657,1,34.521,1
5905611,2025-11-19T04:49:20Z,1,-26.77464,158.40568,1,737.4,1,34.521,1,7.642,1,737.4,1,7.642,1,34.521,1
5905611,2025-11-19T04:49:20Z,1,-26.77464,158.40568,1,739.3,1,34.519,1,7.621,1,739.3,1,7.621,1,34.519,1
5905611,2025-11-19T04:49:20Z,1,-26.77464,158.40568,1,741.1,1,34.52,1,7.597,1,741.1,1,7.597,1,34.52,1
5905611,2025-11-19T04:49:20Z,1,-26.77464,158.40568,1,743.4,1,34.516,1,7.563,1,743.4,1,7.563,1,34.516,1
5905611,2025-11-19T04:49:20Z,1,-26.77464,158.40568,1,745.7,1,34.514,1,7.531,1,745.7,1,7.531,1,34.514,1
5905611,2025-11-19T04:49:20Z,1,-26.77464,158.40568,1,747.5,1,34.512,1,7.497,1,747.5,1,7.497,1,34.512,1
5905611,2025-11-19T04:49:20Z,1,-26.77464,158.40568,1,749.3,1,34.511,1,7.485,1,749.3,1,7.485,1,34.511,1
5905611,2025-11-19T04:49:20Z,1,-26.77464,158.40568,1,751.2,1,34.511,1,7.482,1,751.2,1,7.482,1,34.511,1
5905611,2025-11-19T04:49:20Z,1,-26.77464,158.40568,1,753.5,1,34.509,1,7.47,1,753.5,1,7.47,1,34.509,1
5905611,2025-11-19T04:49:20Z,1,-26.77464,158.40568,1,755.7,1,34.509,1,7.464,1,755.7,1,7.464,1,34.509,1
5905611,2025-11-19T04:49:20Z,1,-26.77464,158.40568,1,757.5,1,34.509,1,7.463,1,757.5,1,7.463,1,34.509,1
5905611,2025-11-19T04:49:20Z,1,-26.77464,158.40568,1,759.3,1,34.508,1,7.449,1,759.3,1,7.449,1,34.508,1
5905611,2025-11-19T04:49:20Z,1,-26.77464,158.40568,1,761.2,1,34.508,1,7.444,1,761.2,1,7.444,1,34.508,1
5905611,2025-11-19T04:49:20Z,1,-26.77464,158.40568,1,763.5,1,34.507,1,7.444,1,763.5,1,7.444,1,34.507,1
5905611,2025-11-19T04:49:20Z,1,-26.77464,158.40568,1,765.7,1,34.505,1,7.409,1,765.7,1,7.409,1,34.505,1
5905611,2025-11-19T04:49:20Z,1,-26.77464,158.40568,1,767.5,1,34.503,1,7.392,1,767.5,1,7.392,1,34.503,1
5905611,2025-11-19T04:49:20Z,1,-26.77464,158.40568,1,769.3,1,34.502,1,7.369,1,769.3,1,7.369,1,34.502,1
5905611,2025-11-19T04:49:20Z,1,-26.77464,158.40568,1,771.5,1,34.499,1,7.324,1,771.5,1,7.324,1,34.499,1
5905611,2025-11-19T04:49:20Z,1,-26.77464,158.40568,1,773.7,1,34.497,1,7.304,1,773.7,1,7.304,1,34.497,1
5905611,2025-11-19T04:49:20Z,1,-26.77464,158.40568,1,775.4,1,34.495,1,7.262,1,775.4,1,7.262,1,34.495,1
5905611,2025-11-19T04:49:20Z,1,-26.77464,158.40568,1,777.2,1,34.494,1,7.246,1,777.2,1,7.246,1,34.494,1
5905611,2025-11-19T04:49:20Z,1,-26.77464,158.40568,1,779.4,1,34.492,1,7.23,1,779.4,1,7.23,1,34.492,1
5905611,2025-11-19T04:49:20Z,1,-26.77464,158.40568,1,781.6,1,34.491,1,7.184,1,781.6,1,7.184,1,34.491,1
5905611,2025-11-19T04:49:20Z,1,-26.77464,158.40568,1,783.4,1,34.486,1,7.124,1,783.4,1,7.124,1,34.486,1
5905611,2025-11-19T04:49:20Z,1,-26.77464,158.40568,1,785.2,1,34.485,1,7.094,1,785.2,1,7.094,1,34.485,1
5905611,2025-11-19T04:49:20Z,1,-26.77464,158.40568,1,787.3,1,34.482,1,7.033,1,787.3,1,7.033,1,34.482,1
5905611,2025-11-19T04:49:20Z,1,-26.77464,158.40568,1,789.6,1,34.479,1,6.999,1,789.6,1,6.999,1,34.479,1
5905611,2025-11-19T04:49:20Z,1,-26.77464,158.40568,1,791.3,1,34.478,1,6.949,1,791.3,1,6.949,1,34.478,1
5905611,2025-11-19T04:49:20Z,1,-26.77464,158.40568,1,793.2,1,34.476,1,6.926,1,793.2,1,6.926,1,34.476,1
5905611,2025-11-19T04:49:20Z,1,-26.77464,158.40568,1,795.4,1,34.475,1,6.899,1,795.4,1,6.899,1,34.475,1
5905611,2025-11-19T04:49:20Z,1,-26.77464,158.40568,1,797.6,1,34.472,1,6.85,1,797.6,1,6.85,1,34.472,1
5905611,2025-11-19T04:49:20Z,1,-26.77464,158.40568,1,799.5,1,34.47,1,6.819,1,799.5,1,6.819,1,34.47,1
5905611,2025-11-19T04:49:20Z,1,-26.77464,158.40568,1,801.3,1,34.47,1,6.785,1,801.3,1,6.785,1,34.47,1
5905611,2025-11-19T04:49:20Z,1,-26.77464,158.40568,1,803.2,1,34.467,1,6.773,1,803.2,1,6.773,1,34.467,1
5905611,2025-11-19T04:49:20Z,1,-26.77464,158.40568,1,805.0,1,34.468,1,6.759,1,805.0,1,6.759,1,34.468,1
5905611,2025-11-19T04:49:20Z,1,-26.77464,158.40568,1,807.4,1,34.467,1,6.717,1,807.4,1,6.717,1,34.467,1
5905611,2025-11-19T04:49:20Z,1,-26.77464,158.40568,1,809.7,1,34.462,1,6.673,1,809.7,1,6.673,1,34.462,1
5905611,2025-11-19T04:49:20Z,1,-26.77464,158.40568,1,811.6,1,34.463,1,6.654,1,811.6,1,6.654,1,34.463,1
5905611,2025-11-19T04:49:20Z,1,-26.77464,158.40568,1,813.5,1,34.462,1,6.631,1,813.5,1,6.631,1,34.462,1
5905611,2025-11-19T04:49:20Z,1,-26.77464,158.40568,1,815.4,1,34.46,1,6.622,1,815.4,1,6.622,1,34.46,1
5905611,2025-11-19T04:49:20Z,1,-26.77464,158.40568,1,817.4,1,34.461,1,6.617,1,817.4,1,6.617,1,34.461,1
5905611,2025-11-19T04:49:20Z,1,-26.77464,158.40568,1,819.3,1,34.46,1,6.613,1,819.3,1,6.613,1,34.46,1
5905611,2025-11-19T04:49:20Z,1,-26.77464,158.40568,1,821.3,1,34.46,1,6.611,1,821.3,1,6.611,1,34.46,1
5905611,2025-11-19T04:49:20Z,1,-26.77464,158.40568,1,823.3,1,34.459,1,6.607,1,823.3,1,6.607,1,34.459,1
5905611,2025-11-19T04:49:20Z,1,-26.77464,158.40568,1,825.2,1,34.458,1,6.595,1,825.2,1,6.595,1,34.458,1
5905611,2025-11-19T04:49:20Z,1,-26.77464,158.40568,1,827.2,1,34.458,1,6.551,1,827.2,1,6.551,1,34.458,1
5905611,2025-11-19T04:49:20Z,1,-26.77464,158.40568,1,829.2,1,34.456,1,6.526,1,829.2,1,6.526,1,34.456,1
5905611,2025-11-19T04:49:20Z,1,-26.77464,158.40568,1,831.2,1,34.455,1,6.5,1,831.2,1,6.5,1,34.455,1
5905611,2025-11-19T04:49:20Z,1,-26.77464,158.40568,1,833.2,1,34.455,1,6.482,1,833.2,1,6.482,1,34.455,1
5905611,2025-11-19T04:49:20Z,1,-26.77464,158.40568,1,835.2,1,34.455,1,6.47,1,835.2,1,6.47,1,34.455,1
5905611,2025-11-19T04:49:20Z,1,-26.77464,158.40568,1,837.2,1,34.453,1,6.457,1,837.2,1,6.457,1,34.453,1
5905611,2025-11-19T04:49:20Z,1,-26.77464,158.40568,1,839.2,1,34.453,1,6.436,1,839.2,1,6.436,1,34.453,1
5905611,2025-11-19T04:49:20Z,1,-26.77464,158.40568,1,841.2,1,34.452,1,6.425,1,841.2,1,6.425,1,34.452,1
5905611,2025-11-19T04:49:20Z,1,-26.77464,158.40568,1,843.3,1,34.451,1,6.419,1,843.3,1,6.419,1,34.451,1
5905611,2025-11-19T04:49:20Z,1,-26.77464,158.40568,1,845.3,1,34.451,1,6.403,1,845.3,1,6.403,1,34.451,1
5905611,2025-11-19T04:49:20Z,1,-26.77464,158.40568,1,847.3,1,34.45,1,6.376,1,847.3,1,6.376,1,34.45,1
5905611,2025-11-19T04:49:20Z,1,-26.77464,158.40568,1,849.4,1,34.449,1,6.353,1,849.4,1,6.353,1,34.449,1
5905611,2025-11-19T04:49:20Z,1,-26.77464,158.40568,1,851.5,1,34.449,1,6.326,1,851.5,1,6.326,1,34.449,1
5905611,2025-11-19T04:49:20Z,1,-26.77464,158.40568,1,853.6,1,34.448,1,6.301,1,853.6,1,6.301,1,34.448,1
5905611,2025-11-19T04:49:20Z,1,-26.77464,158.40568,1,855.7,1,34.449,1,6.282,1,855.7,1,6.282,1,34.449,1
5905611,2025-11-19T04:49:20Z,1,-26.77464,158.40568,1,857.7,1,34.448,1,6.257,1,857.7,1,6.257,1,34.448,1
5905611,2025-11-19T04:49:20Z,1,-26.77464,158.40568,1,859.8,1,34.448,1,6.25,1,859.8,1,6.25,1,34.448,1
5905611,2025-11-19T04:49:20Z,1,-26.77464,158.40568,1,861.9,1,34.448,1,6.247,1,861.9,1,6.247,1,34.448,1
5905611,2025-11-19T04:49:20Z,1,-26.77464,158.40568,1,863.5,1,34.45,1,6.233,1,863.5,1,6.233,1,34.45,1
5905611,2025-11-19T04:49:20Z,1,-26.77464,158.40568,1,865.0,1,34.449,1,6.228,1,865.0,1,6.228,1,34.449,1
5905611,2025-11-19T04:49:20Z,1,-26.77464,158.40568,1,867.1,1,34.449,1,6.206,1,867.1,1,6.206,1,34.449,1
5905611,2025-11-19T04:49:20Z,1,-26.77464,158.40568,1,869.1,1,34.448,1,6.188,1,869.1,1,6.188,1,34.448,1
5905611,2025-11-19T04:49:20Z,1,-26.77464,158.40568,1,871.4,1,34.448,1,6.169,1,871.4,1,6.169,1,34.448,1
5905611,2025-11-19T04:49:20Z,1,-26.77464,158.40568,1,873.4,1,34.447,1,6.15,1,873.4,1,6.15,1,34.447,1
5905611,2025-11-19T04:49:20Z,1,-26.77464,158.40568,1,875.3,1,34.446,1,6.115,1,875.3,1,6.115,1,34.446,1
5905611,2025-11-19T04:49:20Z,1,-26.77464,158.40568,1,877.3,1,34.446,1,6.101,1,877.3,1,6.101,1,34.446,1
5905611,2025-11-19T04:49:20Z,1,-26.77464,158.40568,1,879.4,1,34.445,1,6.097,1,879.4,1,6.097,1,34.445,1
5905611,2025-11-19T04:49:20Z,1,-26.77464,158.40568,1,881.4,1,34.444,1,6.095,1,881.4,1,6.095,1,34.444,1
5905611,2025-11-19T04:49:20Z,1,-26.77464,158.40568,1,883.4,1,34.444,1,6.093,1,883.4,1,6.093,1,34.444,1
5905611,2025-11-19T04:49:20Z,1,-26.77464,158.40568,1,885.5,1,34.442,1,6.076,1,885.5,1,6.076,1,34.442,1
5905611,2025-11-19T04:49:20Z,1,-26.77464,158.40568,1,887.5,1,34.443,1,6.066,1,887.5,1,6.066,1,34.443,1
5905611,2025-11-19T04:49:20Z,1,-26.77464,158.40568,1,889.6,1,34.443,1,6.063,1,889.6,1,6.063,1,34.443,1
5905611,2025-11-19T04:49:20Z,1,-26.77464,158.40568,1,891.2,1,34.443,1,6.057,1,891.2,1,6.057,1,34.443,1
5905611,2025-11-19T04:49:20Z,1,-26.77464,158.40568,1,893.3,1,34.443,1,6.044,1,893.3,1,6.044,1,34.443,1
5905611,2025-11-19T04:49:20Z,1,-26.77464,158.40568,1,895.3,1,34.442,1,6.009,1,895.3,1,6.009,1,34.442,1
5905611,2025-11-19T04:49:20Z,1,-26.77464,158.40568,1,897.4,1,34.442,1,5.988,1,897.4,1,5.988,1,34.442,1
5905611,2025-11-19T04:49:20Z,1,-26.77464,158.40568,1,899.5,1,34.442,1,5.967,1,899.5,1,5.967,1,34.442,1
5905611,2025-11-19T04:49:20Z,1,-26.77464,158.40568,1,901.6,1,34.441,1,5.961,1,901.6,1,5.961,1,34.441,1
5905611,2025-11-19T04:49:20Z,1,-26.77464,158.40568,1,903.6,1,34.442,1,5.944,1,903.6,1,5.944,1,34.442,1
5905611,2025-11-19T04:49:20Z,1,-26.77464,158.40568,1,905.3,1,34.441,1,5.926,1,905.3,1,5.926,1,34.441,1
5905611,2025-11-19T04:49:20Z,1,-26.77464,158.40568,1,907.4,1,34.44,1,5.905,1,907.4,1,5.905,1,34.44,1
5905611,2025-11-19T04:49:20Z,1,-26.77464,158.40568,1,909.6,1,34.441,1,5.894,1,909.6,1,5.894,1,34.441,1
5905611,2025-11-19T04:49:20Z,1,-26.77464,158.40568,1,911.2,1,34.441,1,5.89,1,911.2,1,5.89,1,34.441,1
5905611,2025-11-19T04:49:20Z,1,-26.77464,158.40568,1,913.3,1,34.44,1,5.884,1,913.3,1,5.884,1,34.44,1
5905611,2025-11-19T04:49:20Z,1,-26.77464,158.40568,1,915.4,1,34.44,1,5.882,1,915.4,1,5.882,1,34.44,1
5905611,2025-11-19T04:49:20Z,1,-26.77464,158.40568,1,917.4,1,34.44,1,5.86,1,917.4,1,5.86,1,34.44,1
5905611,2025-11-19T04:49:20Z,1,-26.77464,158.40568,1,919.5,1,34.44,1,5.826,1,919.5,1,5.826,1,34.44,1
5905611,2025-11-19T04:49:20Z,1,-26.77464,158.40568,1,921.2,1,34.44,1,5.799,1,921.2,1,5.799,1,34.44,1
5905611,2025-11-19T04:49:20Z,1,-26.77464,158.40568,1,923.3,1,34.441,1,5.773,1,923.3,1,5.773,1,34.441,1
5905611,2025-11-19T04:49:20Z,1,-26.77464,158.40568,1,925.5,1,34.442,1,5.752,1,925.5,1,5.752,1,34.442,1
5905611,2025-11-19T04:49:20Z,1,-26.77464,158.40568,1,927.2,1,34.442,1,5.733,1,927.2,1,5.733,1,34.442,1
5905611,2025-11-19T04:49:20Z,1,-26.77464,158.40568,1,929.4,1,34.442,1,5.729,1,929.4,1,5.729,1,34.442,1
5905611,2025-11-19T04:49:20Z,1,-26.77464,158.40568,1,931.6,1,34.442,1,5.727,1,931.6,1,5.727,1,34.442,1
5905611,2025-11-19T04:49:20Z,1,-26.77464,158.40568,1,933.4,1,34.442,1,5.718,1,933.4,1,5.718,1,34.442,1
5905611,2025-11-19T04:49:20Z,1,-26.77464,158.40568,1,935.1,1,34.443,1,5.7,1,935.1,1,5.7,1,34.443,1
5905611,2025-11-19T04:49:20Z,1,-26.77464,158.40568,1,937.4,1,34.442,1,5.673,1,937.4,1,5.673,1,34.442,1
5905611,2025-11-19T04:49:20Z,1,-26.77464,158.40568,1,939.5,1,34.443,1,5.658,1,939.5,1,5.658,1,34.443,1
5905611,2025-11-19T04:49:20Z,1,-26.77464,158.40568,1,941.3,1,34.442,1,5.656,1,941.3,1,5.656,1,34.442,1
5905611,2025-11-19T04:49:20Z,1,-26.77464,158.40568,1,943.5,1,34.441,1,5.651,1,943.5,1,5.651,1,34.441,1
5905611,2025-11-19T04:49:20Z,1,-26.77464,158.40568,1,945.7,1,34.443,1,5.638,1,945.7,1,5.638,1,34.443,1
5905611,2025-11-19T04:49:20Z,1,-26.77464,158.40568,1,947.5,1,34.442,1,5.633,1,947.5,1,5.633,1,34.442,1
5905611,2025-11-19T04:49:20Z,1,-26.77464,158.40568,1,949.3,1,34.442,1,5.63,1,949.3,1,5.63,1,34.442,1
5905611,2025-11-19T04:49:20Z,1,-26.77464,158.40568,1,951.5,1,34.442,1,5.623,1,951.5,1,5.623,1,34.442,1
5905611,2025-11-19T04:49:20Z,1,-26.77464,158.40568,1,953.7,1,34.442,1,5.62,1,953.7,1,5.62,1,34.442,1
5905611,2025-11-19T04:49:20Z,1,-26.77464,158.40568,1,955.5,1,34.441,1,5.619,1,955.5,1,5.619,1,34.441,1
5905611,2025-11-19T04:49:20Z,1,-26.77464,158.40568,1,957.3,1,34.441,1,5.617,1,957.3,1,5.617,1,34.441,1
5905611,2025-11-19T04:49:20Z,1,-26.77464,158.40568,1,959.1,1,34.441,1,5.616,1,959.1,1,5.616,1,34.441,1
5905611,2025-11-19T04:49:20Z,1,-26.77464,158.40568,1,961.3,1,34.441,1,5.596,1,961.3,1,5.596,1,34.441,1
5905611,2025-11-19T04:49:20Z,1,-26.77464,158.40568,1,963.5,1,34.441,1,5.581,1,963.5,1,5.581,1,34.441,1
5905611,2025-11-19T04:49:20Z,1,-26.77464,158.40568,1,965.3,1,34.442,1,5.567,1,965.3,1,5.567,1,34.442,1
5905611,2025-11-19T04:49:20Z,1,-26.77464,158.40568,1,967.1,1,34.442,1,5.555,1,967.1,1,5.555,1,34.442,1
5905611,2025-11-19T04:49:20Z,1,-26.77464,158.40568,1,969.3,1,34.442,1,5.543,1,969.3,1,5.543,1,34.442,1
5905611,2025-11-19T04:49:20Z,1,-26.77464,158.40568,1,971.5,1,34.442,1,5.532,1,971.5,1,5.532,1,34.442,1
5905611,2025-11-19T04:49:20Z,1,-26.77464,158.40568,1,973.3,1,34.443,1,5.523,1,973.3,1,5.523,1,34.443,1
5905611,2025-11-19T04:49:20Z,1,-26.77464,158.40568,1,975.5,1,34.443,1,5.501,1,975.5,1,5.501,1,34.443,1
5905611,2025-11-19T04:49:20Z,1,-26.77464,158.40568,1,977.7,1,34.443,1,5.493,1,977.7,1,5.493,1,34.443,1
5905611,2025-11-19T04:49:20Z,1,-26.77464,158.40568,1,979.5,1,34.444,1,5.482,1,979.5,1,5.482,1,34.444,1
5905611,2025-11-19T04:49:20Z,1,-26.77464,158.40568,1,981.3,1,34.443,1,5.473,1,981.3,1,5.473,1,34.443,1
5905611,2025-11-19T04:49:20Z,1,-26.77464,158.40568,1,983.1,1,34.444,1,5.445,1,983.1,1,5.445,1,34.444,1
5905611,2025-11-19T04:49:20Z,1,-26.77464,158.40568,1,985.3,1,34.444,1,5.434,1,985.3,1,5.434,1,34.444,1
5905611,2025-11-19T04:49:20Z,1,-26.77464,158.40568,1,987.5,1,34.444,1,5.426,1,987.5,1,5.426,1,34.444,1
5905611,2025-11-19T04:49:20Z,1,-26.77464,158.40568,1,989.3,1,34.444,1,5.413,1,989.3,1,5.413,1,34.444,1
5905611,2025-11-19T04:49:20Z,1,-26.77464,158.40568,1,991.5,1,34.445,1,5.399,1,991.5,1,5.399,1,34.445,1
5905611,2025-11-19T04:49:20Z,1,-26.77464,158.40568,1,993.7,1,34.445,1,5.388,1,993.7,1,5.388,1,34.445,1
5905611,2025-11-19T04:49:20Z,1,-26.77464,158.40568,1,995.6,1,34.445,1,5.38,1,995.6,1,5.38,1,34.445,1
5905611,2025-11-19T04:49:20Z,1,-26.77464,158.40568,1,997.4,1,34.446,1,5.358,1,997.4,1,5.358,1,34.446,1
5905611,2025-11-19T04:49:20Z,1,-26.77464,158.40568,1,999.2,1,34.444,1,5.342,1,999.2,1,5.342,1,34.444,1
5905611,2025-11-19T04:49:20Z,1,-26.77464,158.40568,1,1001.5,1,34.447,1,5.318,1,1001.5,1,5.318,1,34.447,1
5905611,2025-11-19T04:49:20Z,1,-26.77464,158.40568,1,1003.7,1,34.448,1,5.289,1,1003.7,1,5.289,1,34.448,1
5905611,2025-11-19T04:49:20Z,1,-26.77464,158.40568,1,1005.6,1,34.447,1,5.286,1,1005.6,1,5.286,1,34.447,1
5905611,2025-11-19T04:49:20Z,1,-26.77464,158.40568,1,1007.5,1,34.448,1,5.268,1,1007.5,1,5.268,1,34.448,1
5905611,2025-11-19T04:49:20Z,1,-26.77464,158.40568,1,1009.3,1,34.449,1,5.244,1,1009.3,1,5.244,1,34.449,1
5905611,2025-11-19T04:49:20Z,1,-26.77464,158.40568,1,1011.2,1,34.449,1,5.226,1,1011.2,1,5.226,1,34.449,1
5905611,2025-11-19T04:49:20Z,1,-26.77464,158.40568,1,1013.1,1,34.451,1,5.209,1,1013.1,1,5.209,1,34.451,1
5905611,2025-11-19T04:49:20Z,1,-26.77464,158.40568,1,1015.0,1,34.451,1,5.203,1,1015.0,1,5.203,1,34.451,1
5905611,2025-11-19T04:49:20Z,1,-26.77464,158.40568,1,1017.4,1,34.449,1,5.196,1,1017.4,1,5.196,1,34.449,1
5905611,2025-11-19T04:49:20Z,1,-26.77464,158.40568,1,1019.9,1,34.45,1,5.172,1,1019.9,1,5.172,1,34.45,1
5905611,2025-11-19T04:49:20Z,1,-26.77464,158.40568,1,1021.9,1,34.451,1,5.159,1,1021.9,1,5.159,1,34.451,1
5905611,2025-11-19T04:49:20Z,1,-26.77464,158.40568,1,1023.8,1,34.451,1,5.153,1,1023.8,1,5.153,1,34.451,1
5905611,2025-11-19T04:49:20Z,1,-26.77464,158.40568,1,1025.8,1,34.452,1,5.142,1,1025.8,1,5.142,1,34.452,1
5905611,2025-11-19T04:49:20Z,1,-26.77464,158.40568,1,1027.8,1,34.452,1,5.139,1,1027.8,1,5.139,1,34.452,1
5905611,2025-11-19T04:49:20Z,1,-26.77464,158.40568,1,1029.8,1,34.452,1,5.134,1,1029.8,1,5.134,1,34.452,1
5905611,2025-11-19T04:49:20Z,1,-26.77464,158.40568,1,1031.7,1,34.451,1,5.127,1,1031.7,1,5.127,1,34.451,1
5905611,2025-11-19T04:49:20Z,1,-26.77464,158.40568,1,1033.7,1,34.452,1,5.108,1,1033.7,1,5.108,1,34.452,1
5905611,2025-11-19T04:49:20Z,1,-26.77464,158.40568,1,1035.7,1,34.453,1,5.101,1,1035.7,1,5.101,1,34.453,1
5905611,2025-11-19T04:49:20Z,1,-26.77464,158.40568,1,1037.6,1,34.453,1,5.094,1,1037.6,1,5.094,1,34.453,1
5905611,2025-11-19T04:49:20Z,1,-26.77464,158.40568,1,1039.6,1,34.453,1,5.084,1,1039.6,1,5.084,1,34.453,1
5905611,2025-11-19T04:49:20Z,1,-26.77464,158.40568,1,1041.7,1,34.453,1,5.073,1,1041.7,1,5.073,1,34.453,1
5905611,2025-11-19T04:49:20Z,1,-26.77464,158.40568,1,1043.7,1,34.455,1,5.051,1,1043.7,1,5.051,1,34.455,1
5905611,2025-11-19T04:49:20Z,1,-26.77464,158.40568,1,1045.7,1,34.456,1,5.036,1,1045.7,1,5.036,1,34.456,1
5905611,2025-11-19T04:49:20Z,1,-26.77464,158.40568,1,1047.7,1,34.456,1,5.034,1,1047.7,1,5.034,1,34.456,1
5905611,2025-11-19T04:49:20Z,1,-26.77464,158.40568,1,1049.7,1,34.455,1,5.025,1,1049.7,1,5.025,1,34.455,1
5905611,2025-11-19T04:49:20Z,1,-26.77464,158.40568,1,1051.8,1,34.456,1,5.019,1,1051.8,1,5.019,1,34.456,1
5905611,2025-11-19T04:49:20Z,1,-26.77464,158.40568,1,1053.8,1,34.458,1,5.006,1,1053.8,1,5.006,1,34.458,1
5905611,2025-11-19T04:49:20Z,1,-26.77464,158.40568,1,1055.9,1,34.457,1,5.0,1,1055.9,1,5.0,1,34.457,1
5905611,2025-11-19T04:49:20Z,1,-26.77464,158.40568,1,1057.5,1,34.456,1,5.001,1,1057.5,1,5.001,1,34.456,1
5905611,2025-11-19T04:49:20Z,1,-26.77464,158.40568,1,1059.0,1,34.456,1,4.997,1,1059.0,1,4.997,1,34.456,1
5905611,2025-11-19T04:49:20Z,1,-26.77464,158.40568,1,1061.0,1,34.457,1,4.983,1,1061.0,1,4.983,1,34.457,1
5905611,2025-11-19T04:49:20Z,1,-26.77464,158.40568,1,1063.1,1,34.457,1,4.971,1,1063.1,1,4.971,1,34.457,1
5905611,2025-11-19T04:49:20Z,1,-26.77464,158.40568,1,1065.1,1,34.458,1,4.959,1,1065.1,1,4.959,1,34.458,1
5905611,2025-11-19T04:49:20Z,1,-26.77464,158.40568,1,1067.2,1,34.46,1,4.938,1,1067.2,1,4.938,1,34.46,1
5905611,2025-11-19T04:49:20Z,1,-26.77464,158.40568,1,1069.2,1,34.46,1,4.929,1,1069.2,1,4.929,1,34.46,1
5905611,2025-11-19T04:49:20Z,1,-26.77464,158.40568,1,1071.3,1,34.459,1,4.925,1,1071.3,1,4.925,1,34.459,1
5905611,2025-11-19T04:49:20Z,1,-26.77464,158.40568,1,1073.3,1,34.459,1,4.921,1,1073.3,1,4.921,1,34.459,1
5905611,2025-11-19T04:49:20Z,1,-26.77464,158.40568,1,1075.3,1,34.461,1,4.896,1,1075.3,1,4.896,1,34.461,1
5905611,2025-11-19T04:49:20Z,1,-26.77464,158.40568,1,1077.4,1,34.463,1,4.875,1,1077.4,1,4.875,1,34.463,1
5905611,2025-11-19T04:49:20Z,1,-26.77464,158.40568,1,1079.5,1,34.463,1,4.859,1,1079.5,1,4.859,1,34.463,1
5905611,2025-11-19T04:49:20Z,1,-26.77464,158.40568,1,1081.5,1,34.462,1,4.852,1,1081.5,1,4.852,1,34.462,1
5905611,2025-11-19T04:49:20Z,1,-26.77464,158.40568,1,1083.5,1,34.463,1,4.845,1,1083.5,1,4.845,1,34.463,1
5905611,2025-11-19T04:49:20Z,1,-26.77464,158.40568,1,1085.6,1,34.463,1,4.836,1,1085.6,1,4.836,1,34.463,1
5905611,2025-11-19T04:49:20Z,1,-26.77464,158.40568,1,1087.7,1,34.463,1,4.832,1,1087.7,1,4.832,1,34.463,1
5905611,2025-11-19T04:49:20Z,1,-26.77464,158.40568,1,1089.8,1,34.463,1,4.826,1,1089.8,1,4.826,1,34.463,1
5905611,2025-11-19T04:49:20Z,1,-26.77464,158.40568,1,1091.8,1,34.463,1,4.813,1,1091.8,1,4.813,1,34.463,1
5905611,2025-11-19T04:49:20Z,1,-26.77464,158.40568,1,1093.8,1,34.466,1,4.786,1,1093.8,1,4.786,1,34.466,1
5905611,2025-11-19T04:49:20Z,1,-26.77464,158.40568,1,1095.9,1,34.467,1,4.766,1,1095.9,1,4.766,1,34.467,1
5905611,2025-11-19T04:49:20Z,1,-26.77464,158.40568,1,1097.4,1,34.467,1,4.761,1,1097.4,1,4.761,1,34.467,1
5905611,2025-11-19T04:49:20Z,1,-26.77464,158.40568,1,1099.0,1,34.467,1,4.759,1,1099.0,1,4.759,1,34.467,1
5905611,2025-11-19T04:49:20Z,1,-26.77464,158.40568,1,1101.1,1,34.467,1,4.751,1,1101.1,1,4.751,1,34.467,1
5905611,2025-11-19T04:49:20Z,1,-26.77464,158.40568,1,1103.1,1,34.467,1,4.747,1,1103.1,1,4.747,1,34.467,1
5905611,2025-11-19T04:49:20Z,1,-26.77464,158.40568,1,1105.2,1,34.468,1,4.739,1,1105.2,1,4.739,1,34.468,1
5905611,2025-11-19T04:49:20Z,1,-26.77464,158.40568,1,1107.3,1,34.467,1,4.736,1,1107.3,1,4.736,1,34.467,1
5905611,2025-11-19T04:49:20Z,1,-26.77464,158.40568,1,1109.4,1,34.468,1,4.73,1,1109.4,1,4.73,1,34.468,1
5905611,2025-11-19T04:49:20Z,1,-26.77464,158.40568,1,1111.5,1,34.468,1,4.728,1,1111.5,1,4.728,1,34.468,1
5905611,2025-11-19T04:49:20Z,1,-26.77464,158.40568,1,1113.6,1,34.468,1,4.72,1,1113.6,1,4.72,1,34.468,1
5905611,2025-11-19T04:49:20Z,1,-26.77464,158.40568,1,1115.7,1,34.469,1,4.706,1,1115.7,1,4.706,1,34.469,1
5905611,2025-11-19T04:49:20Z,1,-26.77464,158.40568,1,1117.8,1,34.47,1,4.692,1,1117.8,1,4.692,1,34.47,1
5905611,2025-11-19T04:49:20Z,1,-26.77464,158.40568,1,1119.9,1,34.47,1,4.683,1,1119.9,1,4.683,1,34.47,1
5905611,2025-11-19T04:49:20Z,1,-26.77464,158.40568,1,1121.5,1,34.47,1,4.682,1,1121.5,1,4.682,1,34.47,1
5905611,2025-11-19T04:49:20Z,1,-26.77464,158.40568,1,1123.0,1,34.47,1,4.68,1,1123.0,1,4.68,1,34.47,1
5905611,2025-11-19T04:49:20Z,1,-26.77464,158.40568,1,1125.2,1,34.47,1,4.667,1,1125.2,1,4.667,1,34.47,1
5905611,2025-11-19T04:49:20Z,1,-26.77464,158.40568,1,1127.3,1,34.471,1,4.656,1,1127.3,1,4.656,1,34.471,1
5905611,2025-11-19T04:49:20Z,1,-26.77464,158.40568,1,1129.4,1,34.472,1,4.644,1,1129.4,1,4.644,1,34.472,1
5905611,2025-11-19T04:49:20Z,1,-26.77464,158.40568,1,1131.6,1,34.472,1,4.638,1,1131.6,1,4.638,1,34.472,1
5905611,2025-11-19T04:49:20Z,1,-26.77464,158.40568,1,1133.7,1,34.472,1,4.626,1,1133.7,1,4.626,1,34.472,1
5905611,2025-11-19T04:49:20Z,1,-26.77464,158.40568,1,1135.8,1,34.473,1,4.62,1,1135.8,1,4.62,1,34.473,1
5905611,2025-11-19T04:49:20Z,1,-26.77464,158.40568,1,1137.9,1,34.473,1,4.61,1,1137.9,1,4.61,1,34.473,1
5905611,2025-11-19T04:49:20Z,1,-26.77464,158.40568,1,1139.5,1,34.474,1,4.595,1,1139.5,1,4.595,1,34.474,1
5905611,2025-11-19T04:49:20Z,1,-26.77464,158.40568,1,1141.0,1,34.476,1,4.565,1,1141.0,1,4.565,1,34.476,1
5905611,2025-11-19T04:49:20Z,1,-26.77464,158.40568,1,1143.2,1,34.476,1,4.562,1,1143.2,1,4.562,1,34.476,1
5905611,2025-11-19T04:49:20Z,1,-26.77464,158.40568,1,1145.3,1,34.476,1,4.56,1,1145.3,1,4.56,1,34.476,1
5905611,2025-11-19T04:49:20Z,1,-26.77464,158.40568,1,1147.4,1,34.477,1,4.554,1,1147.4,1,4.554,1,34.477,1
5905611,2025-11-19T04:49:20Z,1,-26.77464,158.40568,1,1149.5,1,34.477,1,4.549,1,1149.5,1,4.549,1,34.477,1
5905611,2025-11-19T04:49:20Z,1,-26.77464,158.40568,1,1151.6,1,34.478,1,4.546,1,1151.6,1,4.546,1,34.478,1
5905611,2025-11-19T04:49:20Z,1,-26.77464,158.40568,1,1153.8,1,34.477,1,4.54,1,1153.8,1,4.54,1,34.477,1
5905611,2025-11-19T04:49:20Z,1,-26.77464,158.40568,1,1155.9,1,34.478,1,4.52,1,1155.9,1,4.52,1,34.478,1
5905611,2025-11-19T04:49:20Z,1,-26.77464,158.40568,1,1157.5,1,34.478,1,4.511,1,1157.5,1,4.511,1,34.478,1
5905611,2025-11-19T04:49:20Z,1,-26.77464,158.40568,1,1159.1,1,34.478,1,4.507,1,1159.1,1,4.507,1,34.478,1
5905611,2025-11-19T04:49:20Z,1,-26.77464,158.40568,1,1161.2,1,34.479,1,4.502,1,1161.2,1,4.502,1,34.479,1
5905611,2025-11-19T04:49:20Z,1,-26.77464,158.40568,1,1163.3,1,34.48,1,4.492,1,1163.3,1,4.492,1,34.48,1
5905611,2025-11-19T04:49:20Z,1,-26.77464,158.40568,1,1165.4,1,34.481,1,4.472,1,1165.4,1,4.472,1,34.481,1
5905611,2025-11-19T04:49:20Z,1,-26.77464,158.40568,1,1167.6,1,34.482,1,4.461,1,1167.6,1,4.461,1,34.482,1
5905611,2025-11-19T04:49:20Z,1,-26.77464,158.40568,1,1169.7,1,34.483,1,4.451,1,1169.7,1,4.451,1,34.483,1
5905611,2025-11-19T04:49:20Z,1,-26.77464,158.40568,1,1171.4,1,34.483,1,4.447,1,1171.4,1,4.447,1,34.483,1
5905611,2025-11-19T04:49:20Z,1,-26.77464,158.40568,1,1173.0,1,34.483,1,4.445,1,1173.0,1,4.445,1,34.483,1
5905611,2025-11-19T04:49:20Z,1,-26.77464,158.40568,1,1175.1,1,34.482,1,4.445,1,1175.1,1,4.445,1,34.482,1
5905611,2025-11-19T04:49:20Z,1,-26.77464,158.40568,1,1177.3,1,34.483,1,4.441,1,1177.3,1,4.441,1,34.483,1
5905611,2025-11-19T04:49:20Z,1,-26.77464,158.40568,1,1179.4,1,34.484,1,4.435,1,1179.4,1,4.435,1,34.484,1
5905611,2025-11-19T04:49:20Z,1,-26.77464,158.40568,1,1181.4,1,34.484,1,4.433,1,1181.4,1,4.433,1,34.484,1
5905611,2025-11-19T04:49:20Z,1,-26.77464,158.40568,1,1183.5,1,34.484,1,4.429,1,1183.5,1,4.429,1,34.484,1
5905611,2025-11-19T04:49:20Z,1,-26.77464,158.40568,1,1185.6,1,34.484,1,4.42,1,1185.6,1,4.42,1,34.484,1
5905611,2025-11-19T04:49:20Z,1,-26.77464,158.40568,1,1187.7,1,34.484,1,4.416,1,1187.7,1,4.416,1,34.484,1
5905611,2025-11-19T04:49:20Z,1,-26.77464,158.40568,1,1189.8,1,34.484,1,4.41,1,1189.8,1,4.41,1,34.484,1
5905611,2025-11-19T04:49:20Z,1,-26.77464,158.40568,1,1191.9,1,34.485,1,4.402,1,1191.9,1,4.402,1,34.485,1
5905611,2025-11-19T04:49:20Z,1,-26.77464,158.40568,1,1193.4,1,34.485,1,4.394,1,1193.4,1,4.394,1,34.485,1
5905611,2025-11-19T04:49:20Z,1,-26.77464,158.40568,1,1195.0,1,34.487,1,4.372,1,1195.0,1,4.372,1,34.487,1
5905611,2025-11-19T04:49:20Z,1,-26.77464,158.40568,1,1197.1,1,34.487,1,4.362,1,1197.1,1,4.362,1,34.487,1
5905611,2025-11-19T04:49:20Z,1,-26.77464,158.40568,1,1199.2,1,34.488,1,4.35,1,1199.2,1,4.35,1,34.488,1
5905611,2025-11-19T04:49:20Z,1,-26.77464,158.40568,1,1201.3,1,34.488,1,4.345,1,1201.3,1,4.345,1,34.488,1
5905611,2025-11-19T04:49:20Z,1,-26.77464,158.40568,1,1203.4,1,34.488,1,4.341,1,1203.4,1,4.341,1,34.488,1
5905611,2025-11-19T04:49:20Z,1,-26.77464,158.40568,1,1205.5,1,34.489,1,4.332,1,1205.5,1,4.332,1,34.489,1
5905611,2025-11-19T04:49:20Z,1,-26.77464,158.40568,1,1207.6,1,34.489,1,4.32,1,1207.6,1,4.32,1,34.489,1
5905611,2025-11-19T04:49:20Z,1,-26.77464,158.40568,1,1209.7,1,34.491,1,4.294,1,1209.7,1,4.294,1,34.491,1
5905611,2025-11-19T04:49:20Z,1,-26.77464,158.40568,1,1211.8,1,34.493,1,4.281,1,1211.8,1,4.281,1,34.493,1
5905611,2025-11-19T04:49:20Z,1,-26.77464,158.40568,1,1213.9,1,34.492,1,4.278,1,1213.9,1,4.278,1,34.492,1
5905611,2025-11-19T04:49:20Z,1,-26.77464,158.40568,1,1215.5,1,34.492,1,4.274,1,1215.5,1,4.274,1,34.492,1
5905611,2025-11-19T04:49:20Z,1,-26.77464,158.40568,1,1217.0,1,34.492,1,4.27,1,1217.0,1,4.27,1,34.492,1
5905611,2025-11-19T04:49:20Z,1,-26.77464,158.40568,1,1219.1,1,34.494,1,4.252,1,1219.1,1,4.252,1,34.494,1
5905611,2025-11-19T04:49:20Z,1,-26.77464,158.40568,1,1221.1,1,34.495,1,4.244,1,1221.1,1,4.244,1,34.495,1
5905611,2025-11-19T04:49:20Z,1,-26.77464,158.40568,1,1223.2,1,34.495,1,4.236,1,1223.2,1,4.236,1,34.495,1
5905611,2025-11-19T04:49:20Z,1,-26.77464,158.40568,1,1225.3,1,34.496,1,4.221,1,1225.3,1,4.221,1,34.496,1
5905611,2025-11-19T04:49:20Z,1,-26.77464,158.40568,1,1227.3,1,34.497,1,4.208,1,1227.3,1,4.208,1,34.497,1
5905611,2025-11-19T04:49:20Z,1,-26.77464,158.40568,1,1229.2,1,34.498,1,4.19,1,1229.2,1,4.19,1,34.498,1
5905611,2025-11-19T04:49:20Z,1,-26.77464,158.40568,1,1231.2,1,34.499,1,4.171,1,1231.2,1,4.171,1,34.499,1
5905611,2025-11-19T04:49:20Z,1,-26.77464,158.40568,1,1233.2,1,34.5,1,4.162,1,1233.2,1,4.162,1,34.5,1
5905611,2025-11-19T04:49:20Z,1,-26.77464,158.40568,1,1235.2,1,34.5,1,4.154,1,1235.2,1,4.154,1,34.5,1
5905611,2025-11-19T04:49:20Z,1,-26.77464,158.40568,1,1237.1,1,34.5,1,4.145,1,1237.1,1,4.145,1,34.5,1
5905611,2025-11-19T04:49:20Z,1,-26.77464,158.40568,1,1239.0,1,34.501,1,4.132,1,1239.0,1,4.132,1,34.501,1
5905611,2025-11-19T04:49:20Z,1,-26.77464,158.40568,1,1241.0,1,34.503,1,4.119,1,1241.0,1,4.119,1,34.503,1
5905611,2025-11-19T04:49:20Z,1,-26.77464,158.40568,1,1243.4,1,34.503,1,4.11,1,1243.4,1,4.11,1,34.503,1
5905611,2025-11-19T04:49:20Z,1,-26.77464,158.40568,1,1245.9,1,34.503,1,4.103,1,1245.9,1,4.103,1,34.503,1
5905611,2025-11-19T04:49:20Z,1,-26.77464,158.40568,1,1247.8,1,34.506,1,4.081,1,1247.8,1,4.081,1,34.506,1
5905611,2025-11-19T04:49:20Z,1,-26.77464,158.40568,1,1249.8,1,34.506,1,4.055,1,1249.8,1,4.055,1,34.506,1
5905611,2025-11-19T04:49:20Z,1,-26.77464,158.40568,1,1251.7,1,34.508,1,4.034,1,1251.7,1,4.034,1,34.508,1
5905611,2025-11-19T04:49:20Z,1,-26.77464,158.40568,1,1253.8,1,34.508,1,4.027,1,1253.8,1,4.027,1,34.508,1
5905611,2025-11-19T04:49:20Z,1,-26.77464,158.40568,1,1255.7,1,34.51,1,4.02,1,1255.7,1,4.02,1,34.51,1
5905611,2025-11-19T04:49:20Z,1,-26.77464,158.40568,1,1257.8,1,34.51,1,4.017,1,1257.8,1,4.017,1,34.51,1
5905611,2025-11-19T04:49:20Z,1,-26.77464,158.40568,1,1259.8,1,34.51,1,4.015,1,1259.8,1,4.015,1,34.51,1
5905611,2025-11-19T04:49:20Z,1,-26.77464,158.40568,1,1261.7,1,34.51,1,4.014,1,1261.7,1,4.014,1,34.51,1
5905611,2025-11-19T04:49:20Z,1,-26.77464,158.40568,1,1263.6,1,34.51,1,4.012,1,1263.6,1,4.012,1,34.51,1
5905611,2025-11-19T04:49:20Z,1,-26.77464,158.40568,1,1265.5,1,34.51,1,4.009,1,1265.5,1,4.009,1,34.51,1
5905611,2025-11-19T04:49:20Z,1,-26.77464,158.40568,1,1267.5,1,34.511,1,4.002,1,1267.5,1,4.002,1,34.511,1
5905611,2025-11-19T04:49:20Z,1,-26.77464,158.40568,1,1269.4,1,34.512,1,3.998,1,1269.4,1,3.998,1,34.512,1
5905611,2025-11-19T04:49:20Z,1,-26.77464,158.40568,1,1271.4,1,34.511,1,3.991,1,1271.4,1,3.991,1,34.511,1
5905611,2025-11-19T04:49:20Z,1,-26.77464,158.40568,1,1273.3,1,34.511,1,3.985,1,1273.3,1,3.985,1,34.511,1
5905611,2025-11-19T04:49:20Z,1,-26.77464,158.40568,1,1275.6,1,34.512,1,3.98,1,1275.6,1,3.98,1,34.512,1
5905611,2025-11-19T04:49:20Z,1,-26.77464,158.40568,1,1277.6,1,34.512,1,3.98,1,1277.6,1,3.98,1,34.512,1
5905611,2025-11-19T04:49:20Z,1,-26.77464,158.40568,1,1279.6,1,34.512,1,3.977,1,1279.6,1,3.977,1,34.512,1
5905611,2025-11-19T04:49:20Z,1,-26.77464,158.40568,1,1281.6,1,34.511,1,3.971,1,1281.6,1,3.971,1,34.511,1
5905611,2025-11-19T04:49:20Z,1,-26.77464,158.40568,1,1283.6,1,34.513,1,3.959,1,1283.6,1,3.959,1,34.513,1
5905611,2025-11-19T04:49:20Z,1,-26.77464,158.40568,1,1285.5,1,34.517,1,3.93,1,1285.5,1,3.93,1,34.517,1
5905611,2025-11-19T04:49:20Z,1,-26.77464,158.40568,1,1287.5,1,34.516,1,3.925,1,1287.5,1,3.925,1,34.516,1
5905611,2025-11-19T04:49:20Z,1,-26.77464,158.40568,1,1289.6,1,34.517,1,3.917,1,1289.6,1,3.917,1,34.517,1
5905611,2025-11-19T04:49:20Z,1,-26.77464,158.40568,1,1291.3,1,34.518,1,3.904,1,1291.3,1,3.904,1,34.518,1
5905611,2025-11-19T04:49:20Z,1,-26.77464,158.40568,1,1293.3,1,34.518,1,3.894,1,1293.3,1,3.894,1,34.518,1
5905611,2025-11-19T04:49:20Z,1,-26.77464,158.40568,1,1295.4,1,34.519,1,3.884,1,1295.4,1,3.884,1,34.519,1
5905611,2025-11-19T04:49:20Z,1,-26.77464,158.40568,1,1297.5,1,34.519,1,3.876,1,1297.5,1,3.876,1,34.519,1
5905611,2025-11-19T04:49:20Z,1,-26.77464,158.40568,1,1299.7,1,34.52,1,3.868,1,1299.7,1,3.868,1,34.52,1
5905611,2025-11-19T04:49:20Z,1,-26.77464,158.40568,1,1301.3,1,34.521,1,3.86,1,1301.3,1,3.86,1,34.521,1
5905611,2025-11-19T04:49:20Z,1,-26.77464,158.40568,1,1303.4,1,34.522,1,3.847,1,1303.4,1,3.847,1,34.522,1
5905611,2025-11-19T04:49:20Z,1,-26.77464,158.40568,1,1305.6,1,34.524,1,3.837,1,1305.6,1,3.837,1,34.524,1
5905611,2025-11-19T04:49:20Z,1,-26.77464,158.40568,1,1307.3,1,34.523,1,3.83,1,1307.3,1,3.83,1,34.523,1
5905611,2025-11-19T04:49:20Z,1,-26.77464,158.40568,1,1309.5,1,34.524,1,3.826,1,1309.5,1,3.826,1,34.524,1
5905611,2025-11-19T04:49:20Z,1,-26.77464,158.40568,1,1311.7,1,34.524,1,3.825,1,1311.7,1,3.825,1,34.524,1
5905611,2025-11-19T04:49:20Z,1,-26.77464,158.40568,1,1313.6,1,34.524,1,3.824,1,1313.6,1,3.824,1,34.524,1
5905611,2025-11-19T04:49:20Z,1,-26.77464,158.40568,1,1315.4,1,34.525,1,3.823,1,1315.4,1,3.823,1,34.525,1
5905611,2025-11-19T04:49:20Z,1,-26.77464,158.40568,1,1317.3,1,34.524,1,3.823,1,1317.3,1,3.823,1,34.524,1
5905611,2025-11-19T04:49:20Z,1,-26.77464,158.40568,1,1319.2,1,34.524,1,3.82,1,1319.2,1,3.82,1,34.524,1
5905611,2025-11-19T04:49:20Z,1,-26.77464,158.40568,1,1321.1,1,34.525,1,3.808,1,1321.1,1,3.808,1,34.525,1
5905611,2025-11-19T04:49:20Z,1,-26.77464,158.40568,1,1323.0,1,34.526,1,3.8,1,1323.0,1,3.8,1,34.526,1
5905611,2025-11-19T04:49:20Z,1,-26.77464,158.40568,1,1325.4,1,34.525,1,3.798,1,1325.4,1,3.798,1,34.525,1
5905611,2025-11-19T04:49:20Z,1,-26.77464,158.40568,1,1327.9,1,34.527,1,3.787,1,1327.9,1,3.787,1,34.527,1
5905611,2025-11-19T04:49:20Z,1,-26.77464,158.40568,1,1329.9,1,34.527,1,3.774,1,1329.9,1,3.774,1,34.527,1
5905611,2025-11-19T04:49:20Z,1,-26.77464,158.40568,1,1331.9,1,34.529,1,3.755,1,1331.9,1,3.755,1,34.529,1
5905611,2025-11-19T04:49:20Z,1,-26.77464,158.40568,1,1333.9,1,34.529,1,3.742,1,1333.9,1,3.742,1,34.529,1
5905611,2025-11-19T04:49:20Z,1,-26.77464,158.40568,1,1335.9,1,34.531,1,3.726,1,1335.9,1,3.726,1,34.531,1
5905611,2025-11-19T04:49:20Z,1,-26.77464,158.40568,1,1337.9,1,34.532,1,3.718,1,1337.9,1,3.718,1,34.532,1
5905611,2025-11-19T04:49:20Z,1,-26.77464,158.40568,1,1339.9,1,34.532,1,3.708,1,1339.9,1,3.708,1,34.532,1
5905611,2025-11-19T04:49:20Z,1,-26.77464,158.40568,1,1341.5,1,34.533,1,3.702,1,1341.5,1,3.702,1,34.533,1
5905611,2025-11-19T04:49:20Z,1,-26.77464,158.40568,1,1343.0,1,34.534,1,3.698,1,1343.0,1,3.698,1,34.534,1
5905611,2025-11-19T04:49:20Z,1,-26.77464,158.40568,1,1345.0,1,34.534,1,3.695,1,1345.0,1,3.695,1,34.534,1
5905611,2025-11-19T04:49:20Z,1,-26.77464,158.40568,1,1347.1,1,34.534,1,3.688,1,1347.1,1,3.688,1,34.534,1
5905611,2025-11-19T04:49:20Z,1,-26.77464,158.40568,1,1349.1,1,34.534,1,3.684,1,1349.1,1,3.684,1,34.534,1
5905611,2025-11-19T04:49:20Z,1,-26.77464,158.40568,1,1351.2,1,34.534,1,3.68,1,1351.2,1,3.68,1,34.534,1
5905611,2025-11-19T04:49:20Z,1,-26.77464,158.40568,1,1353.3,1,34.535,1,3.67,1,1353.3,1,3.67,1,34.535,1
5905611,2025-11-19T04:49:20Z,1,-26.77464,158.40568,1,1355.4,1,34.538,1,3.649,1,1355.4,1,3.649,1,34.538,1
5905611,2025-11-19T04:49:20Z,1,-26.77464,158.40568,1,1357.5,1,34.537,1,3.641,1,1357.5,1,3.641,1,34.537,1
5905611,2025-11-19T04:49:20Z,1,-26.77464,158.40568,1,1359.6,1,34.538,1,3.637,1,1359.6,1,3.637,1,34.538,1
5905611,2025-11-19T04:49:20Z,1,-26.77464,158.40568,1,1361.7,1,34.538,1,3.633,1,1361.7,1,3.633,1,34.538,1
5905611,2025-11-19T04:49:20Z,1,-26.77464,158.40568,1,1363.7,1,34.539,1,3.627,1,1363.7,1,3.627,1,34.539,1
5905611,2025-11-19T04:49:20Z,1,-26.77464,158.40568,1,1365.9,1,34.539,1,3.618,1,1365.9,1,3.618,1,34.539,1
5905611,2025-11-19T04:49:20Z,1,-26.77464,158.40568,1,1367.4,1,34.541,1,3.611,1,1367.4,1,3.611,1,34.541,1
5905611,2025-11-19T04:49:20Z,1,-26.77464,158.40568,1,1369.0,1,34.54,1,3.61,1,1369.0,1,3.61,1,34.54,1
5905611,2025-11-19T04:49:20Z,1,-26.77464,158.40568,1,1371.1,1,34.541,1,3.604,1,1371.1,1,3.604,1,34.541,1
5905611,2025-11-19T04:49:20Z,1,-26.77464,158.40568,1,1373.2,1,34.541,1,3.596,1,1373.2,1,3.596,1,34.541,1
5905611,2025-11-19T04:49:20Z,1,-26.77464,158.40568,1,1375.4,1,34.542,1,3.59,1,1375.4,1,3.59,1,34.542,1
5905611,2025-11-19T04:49:20Z,1,-26.77464,158.40568,1,1377.5,1,34.542,1,3.587,1,1377.5,1,3.587,1,34.542,1
5905611,2025-11-19T04:49:20Z,1,-26.77464,158.40568,1,1379.7,1,34.543,1,3.581,1,1379.7,1,3.581,1,34.543,1
5905611,2025-11-19T04:49:20Z,1,-26.77464,158.40568,1,1381.8,1,34.544,1,3.566,1,1381.8,1,3.566,1,34.544,1
5905611,2025-11-19T04:49:20Z,1,-26.77464,158.40568,1,1383.5,1,34.545,1,3.561,1,1383.5,1,3.561,1,34.545,1
5905611,2025-11-19T04:49:20Z,1,-26.77464,158.40568,1,1385.0,1,34.544,1,3.56,1,1385.0,1,3.56,1,34.544,1
5905611,2025-11-19T04:49:20Z,1,-26.77464,158.40568,1,1387.2,1,34.546,1,3.551,1,1387.2,1,3.551,1,34.546,1
5905611,2025-11-19T04:49:20Z,1,-26.77464,158.40568,1,1389.3,1,34.546,1,3.541,1,1389.3,1,3.541,1,34.546,1
5905611,2025-11-19T04:49:20Z,1,-26.77464,158.40568,1,1391.5,1,34.547,1,3.536,1,1391.5,1,3.536,1,34.547,1
5905611,2025-11-19T04:49:20Z,1,-26.77464,158.40568,1,1393.6,1,34.546,1,3.534,1,1393.6,1,3.534,1,34.546,1
5905611,2025-11-19T04:49:20Z,1,-26.77464,158.40568,1,1395.8,1,34.547,1,3.532,1,1395.8,1,3.532,1,34.547,1
5905611,2025-11-19T04:49:20Z,1,-26.77464,158.40568,1,1397.9,1,34.548,1,3.521,1,1397.9,1,3.521,1,34.548,1
5905611,2025-11-19T04:49:20Z,1,-26.77464,158.40568,1,1399.4,1,34.548,1,3.517,1,1399.4,1,3.517,1,34.548,1
5905611,2025-11-19T04:49:20Z,1,-26.77464,158.40568,1,1401.0,1,34.549,1,3.512,1,1401.0,1,3.512,1,34.549,1
5905611,2025-11-19T04:49:20Z,1,-26.77464,158.40568,1,1403.1,1,34.549,1,3.504,1,1403.1,1,3.504,1,34.549,1
5905611,2025-11-19T04:49:20Z,1,-26.77464,158.40568,1,1405.3,1,34.55,1,3.5,1,1405.3,1,3.5,1,34.55,1
5905611,2025-11-19T04:49:20Z,1,-26.77464,158.40568,1,1407.5,1,34.55,1,3.497,1,1407.5,1,3.497,1,34.55,1
5905611,2025-11-19T04:49:20Z,1,-26.77464,158.40568,1,1409.6,1,34.551,1,3.491,1,1409.6,1,3.491,1,34.551,1
5905611,2025-11-19T04:49:20Z,1,-26.77464,158.40568,1,1411.7,1,34.55,1,3.488,1,1411.7,1,3.488,1,34.55,1
5905611,2025-11-19T04:49:20Z,1,-26.77464,158.40568,1,1413.9,1,34.551,1,3.481,1,1413.9,1,3.481,1,34.551,1
5905611,2025-11-19T04:49:20Z,1,-26.77464,158.40568,1,1415.5,1,34.552,1,3.476,1,1415.5,1,3.476,1,34.552,1
5905611,2025-11-19T04:49:20Z,1,-26.77464,158.40568,1,1417.1,1,34.552,1,3.468,1,1417.1,1,3.468,1,34.552,1
5905611,2025-11-19T04:49:20Z,1,-26.77464,158.40568,1,1419.2,1,34.553,1,3.462,1,1419.2,1,3.462,1,34.553,1
5905611,2025-11-19T04:49:20Z,1,-26.77464,158.40568,1,1421.3,1,34.553,1,3.456,1,1421.3,1,3.456,1,34.553,1
5905611,2025-11-19T04:49:20Z,1,-26.77464,158.40568,1,1423.3,1,34.554,1,3.446,1,1423.3,1,3.446,1,34.554,1
5905611,2025-11-19T04:49:20Z,1,-26.77464,158.40568,1,1425.4,1,34.555,1,3.428,1,1425.4,1,3.428,1,34.555,1
5905611,2025-11-19T04:49:20Z,1,-26.77464,158.40568,1,1427.5,1,34.557,1,3.42,1,1427.5,1,3.42,1,34.557,1
5905611,2025-11-19T04:49:20Z,1,-26.77464,158.40568,1,1429.6,1,34.557,1,3.416,1,1429.6,1,3.416,1,34.557,1
5905611,2025-11-19T04:49:20Z,1,-26.77464,158.40568,1,1431.7,1,34.557,1,3.412,1,1431.7,1,3.412,1,34.557,1
5905611,2025-11-19T04:49:20Z,1,-26.77464,158.40568,1,1433.8,1,34.557,1,3.412,1,1433.8,1,3.412,1,34.557,1
5905611,2025-11-19T04:49:20Z,1,-26.77464,158.40568,1,1435.8,1,34.557,1,3.406,1,1435.8,1,3.406,1,34.557,1
5905611,2025-11-19T04:49:20Z,1,-26.77464,158.40568,1,1437.4,1,34.558,1,3.401,1,1437.4,1,3.401,1,34.558,1
5905611,2025-11-19T04:49:20Z,1,-26.77464,158.40568,1,1439.0,1,34.558,1,3.399,1,1439.0,1,3.399,1,34.558,1
5905611,2025-11-19T04:49:20Z,1,-26.77464,158.40568,1,1441.1,1,34.558,1,3.397,1,1441.1,1,3.397,1,34.558,1
5905611,2025-11-19T04:49:20Z,1,-26.77464,158.40568,1,1443.2,1,34.558,1,3.393,1,1443.2,1,3.393,1,34.558,1
5905611,2025-11-19T04:49:20Z,1,-26.77464,158.40568,1,1445.2,1,34.559,1,3.388,1,1445.2,1,3.388,1,34.559,1
5905611,2025-11-19T04:49:20Z,1,-26.77464,158.40568,1,1447.3,1,34.559,1,3.383,1,1447.3,1,3.383,1,34.559,1
5905611,2025-11-19T04:49:20Z,1,-26.77464,158.40568,1,1449.3,1,34.56,1,3.376,1,1449.3,1,3.376,1,34.56,1
5905611,2025-11-19T04:49:20Z,1,-26.77464,158.40568,1,1451.4,1,34.56,1,3.367,1,1451.4,1,3.367,1,34.56,1
5905611,2025-11-19T04:49:20Z,1,-26.77464,158.40568,1,1453.4,1,34.561,1,3.363,1,1453.4,1,3.363,1,34.561,1
5905611,2025-11-19T04:49:20Z,1,-26.77464,158.40568,1,1455.4,1,34.562,1,3.357,1,1455.4,1,3.357,1,34.562,1
5905611,2025-11-19T04:49:20Z,1,-26.77464,158.40568,1,1457.4,1,34.562,1,3.352,1,1457.4,1,3.352,1,34.562,1
5905611,2025-11-19T04:49:20Z,1,-26.77464,158.40568,1,1459.4,1,34.561,1,3.353,1,1459.4,1,3.353,1,34.561,1
5905611,2025-11-19T04:49:20Z,1,-26.77464,158.40568,1,1461.5,1,34.562,1,3.348,1,1461.5,1,3.348,1,34.562,1
5905611,2025-11-19T04:49:20Z,1,-26.77464,158.40568,1,1463.5,1,34.563,1,3.337,1,1463.5,1,3.337,1,34.563,1
5905611,2025-11-19T04:49:20Z,1,-26.77464,158.40568,1,1465.5,1,34.563,1,3.335,1,1465.5,1,3.335,1,34.563,1
5905611,2025-11-19T04:49:20Z,1,-26.77464,158.40568,1,1467.6,1,34.563,1,3.33,1,1467.6,1,3.33,1,34.563,1
5905611,2025-11-19T04:49:20Z,1,-26.77464,158.40568,1,1469.7,1,34.565,1,3.317,1,1469.7,1,3.317,1,34.565,1
5905611,2025-11-19T04:49:20Z,1,-26.77464,158.40568,1,1471.7,1,34.565,1,3.309,1,1471.7,1,3.309,1,34.565,1
5905611,2025-11-19T04:49:20Z,1,-26.77464,158.40568,1,1473.8,1,34.566,1,3.305,1,1473.8,1,3.305,1,34.566,1
5905611,2025-11-19T04:49:20Z,1,-26.77464,158.40568,1,1475.8,1,34.568,1,3.289,1,1475.8,1,3.289,1,34.568,1
5905611,2025-11-19T04:49:20Z,1,-26.77464,158.40568,1,1477.4,1,34.567,1,3.283,1,1477.4,1,3.283,1,34.567,1
5905611,2025-11-19T04:49:20Z,1,-26.77464,158.40568,1,1479.4,1,34.569,1,3.272,1,1479.4,1,3.272,1,34.569,1
5905611,2025-11-19T04:49:20Z,1,-26.77464,158.40568,1,1481.9,1,34.569,1,3.268,1,1481.9,1,3.268,1,34.569,1
5905611,2025-11-19T04:49:20Z,1,-26.77464,158.40568,1,1483.5,1,34.569,1,3.264,1,1483.5,1,3.264,1,34.569,1
5905611,2025-11-19T04:49:20Z,1,-26.77464,158.40568,1,1485.0,1,34.569,1,3.26,1,1485.0,1,3.26,1,34.569,1
5905611,2025-11-19T04:49:20Z,1,-26.77464,158.40568,1,1487.0,1,34.57,1,3.255,1,1487.0,1,3.255,1,34.57,1
5905611,2025-11-19T04:49:20Z,1,-26.77464,158.40568,1,1489.1,1,34.571,1,3.248,1,1489.1,1,3.248,1,34.571,1
5905611,2025-11-19T04:49:20Z,1,-26.77464,158.40568,1,1491.1,1,34.572,1,3.228,1,1491.1,1,3.228,1,34.572,1
5905611,2025-11-19T04:49:20Z,1,-26.77464,158.40568,1,1493.2,1,34.573,1,3.222,1,1493.2,1,3.222,1,34.573,1
5905611,2025-11-19T04:49:20Z,1,-26.77464,158.40568,1,1495.2,1,34.573,1,3.221,1,1495.2,1,3.221,1,34.573,1
5905611,2025-11-19T04:49:20Z,1,-26.77464,158.40568,1,1497.3,1,34.573,1,3.22,1,1497.3,1,3.22,1,34.573,1
5905611,2025-11-19T04:49:20Z,1,-26.77464,158.40568,1,1499.2,1,34.573,1,3.22,1,1499.2,1,3.22,1,34.573,1
5905611,2025-11-19T04:49:20Z,1,-26.77464,158.40568,1,1501.5,1,34.573,1,3.218,1,1501.5,1,3.218,1,34.573,1
5905611,2025-11-19T04:49:20Z,1,-26.77464,158.40568,1,1503.5,1,34.573,1,3.215,1,1503.5,1,3.215,1,34.573,1
5905611,2025-11-19T04:49:20Z,1,-26.77464,158.40568,1,1505.5,1,34.573,1,3.212,1,1505.5,1,3.212,1,34.573,1
5905611,2025-11-19T04:49:20Z,1,-26.77464,158.40568,1,1507.5,1,34.574,1,3.204,1,1507.5,1,3.204,1,34.574,1
5905611,2025-11-19T04:49:20Z,1,-26.77464,158.40568,1,1509.5,1,34.576,1,3.194,1,1509.5,1,3.194,1,34.576,1
5905611,2025-11-19T04:49:20Z,1,-26.77464,158.40568,1,1511.5,1,34.576,1,3.19,1,1511.5,1,3.19,1,34.576,1
5905611,2025-11-19T04:49:20Z,1,-26.77464,158.40568,1,1513.5,1,34.576,1,3.186,1,1513.5,1,3.186,1,34.576,1
5905611,2025-11-19T04:49:20Z,1,-26.77464,158.40568,1,1515.6,1,34.577,1,3.178,1,1515.6,1,3.178,1,34.577,1
5905611,2025-11-19T04:49:20Z,1,-26.77464,158.40568,1,1517.2,1,34.577,1,3.174,1,1517.2,1,3.174,1,34.577,1
5905611,2025-11-19T04:49:20Z,1,-26.77464,158.40568,1,1519.3,1,34.577,1,3.171,1,1519.3,1,3.171,1,34.577,1
5905611,2025-11-19T04:49:20Z,1,-26.77464,158.40568,1,1521.4,1,34.577,1,3.167,1,1521.4,1,3.167,1,34.577,1
5905611,2025-11-19T04:49:20Z,1,-26.77464,158.40568,1,1523.5,1,34.578,1,3.163,1,1523.5,1,3.163,1,34.578,1
5905611,2025-11-19T04:49:20Z,1,-26.77464,158.40568,1,1525.6,1,34.579,1,3.154,1,1525.6,1,3.154,1,34.579,1
5905611,2025-11-19T04:49:20Z,1,-26.77464,158.40568,1,1527.3,1,34.58,1,3.15,1,1527.3,1,3.15,1,34.58,1
5905611,2025-11-19T04:49:20Z,1,-26.77464,158.40568,1,1529.5,1,34.58,1,3.143,1,1529.5,1,3.143,1,34.58,1
5905611,2025-11-19T04:49:20Z,1,-26.77464,158.40568,1,1531.7,1,34.581,1,3.135,1,1531.7,1,3.135,1,34.581,1
5905611,2025-11-19T04:49:20Z,1,-26.77464,158.40568,1,1533.4,1,34.58,1,3.132,1,1533.4,1,3.132,1,34.58,1
5905611,2025-11-19T04:49:20Z,1,-26.77464,158.40568,1,1535.2,1,34.581,1,3.129,1,1535.2,1,3.129,1,34.581,1
5905611,2025-11-19T04:49:20Z,1,-26.77464,158.40568,1,1537.3,1,34.582,1,3.118,1,1537.3,1,3.118,1,34.582,1
5905611,2025-11-19T04:49:20Z,1,-26.77464,158.40568,1,1539.5,1,34.583,1,3.111,1,1539.5,1,3.111,1,34.583,1
5905611,2025-11-19T04:49:20Z,1,-26.77464,158.40568,1,1541.2,1,34.584,1,3.102,1,1541.2,1,3.102,1,34.584,1
5905611,2025-11-19T04:49:20Z,1,-26.77464,158.40568,1,1543.4,1,34.584,1,3.093,1,1543.4,1,3.093,1,34.584,1
5905611,2025-11-19T04:49:20Z,1,-26.77464,158.40568,1,1545.6,1,34.585,1,3.086,1,1545.6,1,3.086,1,34.585,1
5905611,2025-11-19T04:49:20Z,1,-26.77464,158.40568,1,1547.4,1,34.585,1,3.082,1,1547.4,1,3.082,1,34.585,1
5905611,2025-11-19T04:49:20Z,1,-26.77464,158.40568,1,1549.2,1,34.585,1,3.076,1,1549.2,1,3.076,1,34.585,1
5905611,2025-11-19T04:49:20Z,1,-26.77464,158.40568,1,1551.5,1,34.587,1,3.069,1,1551.5,1,3.069,1,34.587,1
5905611,2025-11-19T04:49:20Z,1,-26.77464,158.40568,1,1553.7,1,34.587,1,3.065,1,1553.7,1,3.065,1,34.587,1
5905611,2025-11-19T04:49:20Z,1,-26.77464,158.40568,1,1555.5,1,34.586,1,3.062,1,1555.5,1,3.062,1,34.586,1
5905611,2025-11-19T04:49:20Z,1,-26.77464,158.40568,1,1557.3,1,34.588,1,3.051,1,1557.3,1,3.051,1,34.588,1
5905611,2025-11-19T04:49:20Z,1,-26.77464,158.40568,1,1559.1,1,34.588,1,3.044,1,1559.1,1,3.044,1,34.588,1
5905611,2025-11-19T04:49:20Z,1,-26.77464,158.40568,1,1561.4,1,34.589,1,3.038,1,1561.4,1,3.038,1,34.589,1
5905611,2025-11-19T04:49:20Z,1,-26.77464,158.40568,1,1563.7,1,34.59,1,3.035,1,1563.7,1,3.035,1,34.59,1
5905611,2025-11-19T04:49:20Z,1,-26.77464,158.40568,1,1565.5,1,34.59,1,3.027,1,1565.5,1,3.027,1,34.59,1
5905611,2025-11-19T04:49:20Z,1,-26.77464,158.40568,1,1567.3,1,34.591,1,3.025,1,1567.3,1,3.025,1,34.591,1
5905611,2025-11-19T04:49:20Z,1,-26.77464,158.40568,1,1569.1,1,34.591,1,3.024,1,1569.1,1,3.024,1,34.591,1
5905611,2025-11-19T04:49:20Z,1,-26.77464,158.40568,1,1571.5,1,34.591,1,3.021,1,1571.5,1,3.021,1,34.591,1
5905611,2025-11-19T04:49:20Z,1,-26.77464,158.40568,1,1573.7,1,34.591,1,3.019,1,1573.7,1,3.019,1,34.591,1
5905611,2025-11-19T04:49:20Z,1,-26.77464,158.40568,1,1575.5,1,34.591,1,3.015,1,1575.5,1,3.015,1,34.591,1
5905611,2025-11-19T04:49:20Z,1,-26.77464,158.40568,1,1577.3,1,34.592,1,3.011,1,1577.3,1,3.011,1,34.592,1
5905611,2025-11-19T04:49:20Z,1,-26.77464,158.40568,1,1579.2,1,34.592,1,3.006,1,1579.2,1,3.006,1,34.592,1
5905611,2025-11-19T04:49:20Z,1,-26.77464,158.40568,1,1581.0,1,34.592,1,3.001,1,1581.0,1,3.001,1,34.592,1
5905611,2025-11-19T04:49:20Z,1,-26.77464,158.40568,1,1583.4,1,34.593,1,3.0,1,1583.4,1,3.0,1,34.593,1
5905611,2025-11-19T04:49:20Z,1,-26.77464,158.40568,1,1585.6,1,34.594,1,2.989,1,1585.6,1,2.989,1,34.594,1
5905611,2025-11-19T04:49:20Z,1,-26.77464,158.40568,1,1587.5,1,34.594,1,2.981,1,1587.5,1,2.981,1,34.594,1
5905611,2025-11-19T04:49:20Z,1,-26.77464,158.40568,1,1589.3,1,34.595,1,2.978,1,1589.3,1,2.978,1,34.595,1
5905611,2025-11-19T04:49:20Z,1,-26.77464,158.40568,1,1591.1,1,34.595,1,2.974,1,1591.1,1,2.974,1,34.595,1
5905611,2025-11-19T04:49:20Z,1,-26.77464,158.40568,1,1593.4,1,34.597,1,2.959,1,1593.4,1,2.959,1,34.597,1
5905611,2025-11-19T04:49:20Z,1,-26.77464,158.40568,1,1595.7,1,34.597,1,2.953,1,1595.7,1,2.953,1,34.597,1
5905611,2025-11-19T04:49:20Z,1,-26.77464,158.40568,1,1597.5,1,34.597,1,2.948,1,1597.5,1,2.948,1,34.597,1
5905611,2025-11-19T04:49:20Z,1,-26.77464,158.40568,1,1599.4,1,34.597,1,2.944,1,1599.4,1,2.944,1,34.597,1
5905611,2025-11-19T04:49:20Z,1,-26.77464,158.40568,1,1601.2,1,34.598,1,2.941,1,1601.2,1,2.941,1,34.598,1
5905611,2025-11-19T04:49:20Z,1,-26.77464,158.40568,1,1603.1,1,34.599,1,2.929,1,1603.1,1,2.929,1,34.599,1
5905611,2025-11-19T04:49:20Z,1,-26.77464,158.40568,1,1605.5,1,34.6,1,2.92,1,1605.5,1,2.92,1,34.6,1
5905611,2025-11-19T04:49:20Z,1,-26.77464,158.40568,1,1607.8,1,34.6,1,2.917,1,1607.8,1,2.917,1,34.6,1
5905611,2025-11-19T04:49:20Z,1,-26.77464,158.40568,1,1609.8,1,34.601,1,2.916,1,1609.8,1,2.916,1,34.601,1
5905611,2025-11-19T04:49:20Z,1,-26.77464,158.40568,1,1611.7,1,34.6,1,2.914,1,1611.7,1,2.914,1,34.6,1
5905611,2025-11-19T04:49:20Z,1,-26.77464,158.40568,1,1613.6,1,34.601,1,2.911,1,1613.6,1,2.911,1,34.601,1
5905611,2025-11-19T04:49:20Z,1,-26.77464,158.40568,1,1615.5,1,34.601,1,2.907,1,1615.5,1,2.907,1,34.601,1
5905611,2025-11-19T04:49:20Z,1,-26.77464,158.40568,1,1617.4,1,34.602,1,2.905,1,1617.4,1,2.905,1,34.602,1
5905611,2025-11-19T04:49:20Z,1,-26.77464,158.40568,1,1619.3,1,34.602,1,2.904,1,1619.3,1,2.904,1,34.602,1
5905611,2025-11-19T04:49:20Z,1,-26.77464,158.40568,1,1621.2,1,34.602,1,2.903,1,1621.2,1,2.903,1,34.602,1
5905611,2025-11-19T04:49:20Z,1,-26.77464,158.40568,1,1623.2,1,34.602,1,2.903,1,1623.2,1,2.903,1,34.602,1
5905611,2025-11-19T04:49:20Z,1,-26.77464,158.40568,1,1625.2,1,34.603,1,2.893,1,1625.2,1,2.893,1,34.603,1
5905611,2025-11-19T04:49:20Z,1,-26.77464,158.40568,1,1627.1,1,34.603,1,2.887,1,1627.1,1,2.887,1,34.603,1
5905611,2025-11-19T04:49:20Z,1,-26.77464,158.40568,1,1629.0,1,34.604,1,2.881,1,1629.0,1,2.881,1,34.604,1
5905611,2025-11-19T04:49:20Z,1,-26.77464,158.40568,1,1631.4,1,34.605,1,2.874,1,1631.4,1,2.874,1,34.605,1
5905611,2025-11-19T04:49:20Z,1,-26.77464,158.40568,1,1633.8,1,34.605,1,2.867,1,1633.8,1,2.867,1,34.605,1
5905611,2025-11-19T04:49:20Z,1,-26.77464,158.40568,1,1635.7,1,34.605,1,2.86,1,1635.7,1,2.86,1,34.605,1
5905611,2025-11-19T04:49:20Z,1,-26.77464,158.40568,1,1637.7,1,34.607,1,2.85,1,1637.7,1,2.85,1,34.607,1
5905611,2025-11-19T04:49:20Z,1,-26.77464,158.40568,1,1639.6,1,34.607,1,2.848,1,1639.6,1,2.848,1,34.607,1
5905611,2025-11-19T04:49:20Z,1,-26.77464,158.40568,1,1641.6,1,34.607,1,2.847,1,1641.6,1,2.847,1,34.607,1
5905611,2025-11-19T04:49:20Z,1,-26.77464,158.40568,1,1643.5,1,34.607,1,2.846,1,1643.5,1,2.846,1,34.607,1
5905611,2025-11-19T04:49:20Z,1,-26.77464,158.40568,1,1645.4,1,34.608,1,2.841,1,1645.4,1,2.841,1,34.608,1
5905611,2025-11-19T04:49:20Z,1,-26.77464,158.40568,1,1647.4,1,34.608,1,2.835,1,1647.4,1,2.835,1,34.608,1
5905611,2025-11-19T04:49:20Z,1,-26.77464,158.40568,1,1649.3,1,34.608,1,2.832,1,1649.3,1,2.832,1,34.608,1
5905611,2025-11-19T04:49:20Z,1,-26.77464,158.40568,1,1651.3,1,34.608,1,2.829,1,1651.3,1,2.829,1,34.608,1
5905611,2025-11-19T04:49:20Z,1,-26.77464,158.40568,1,1653.2,1,34.609,1,2.827,1,1653.2,1,2.827,1,34.609,1
5905611,2025-11-19T04:49:20Z,1,-26.77464,158.40568,1,1655.1,1,34.609,1,2.822,1,1655.1,1,2.822,1,34.609,1
5905611,2025-11-19T04:49:20Z,1,-26.77464,158.40568,1,1657.1,1,34.61,1,2.817,1,1657.1,1,2.817,1,34.61,1
5905611,2025-11-19T04:49:20Z,1,-26.77464,158.40568,1,1659.1,1,34.61,1,2.813,1,1659.1,1,2.813,1,34.61,1
5905611,2025-11-19T04:49:20Z,1,-26.77464,158.40568,1,1661.0,1,34.61,1,2.812,1,1661.0,1,2.812,1,34.61,1
5905611,2025-11-19T04:49:20Z,1,-26.77464,158.40568,1,1663.0,1,34.61,1,2.81,1,1663.0,1,2.81,1,34.61,1
5905611,2025-11-19T04:49:20Z,1,-26.77464,158.40568,1,1665.4,1,34.611,1,2.8,1,1665.4,1,2.8,1,34.611,1
5905611,2025-11-19T04:49:20Z,1,-26.77464,158.40568,1,1667.9,1,34.612,1,2.795,1,1667.9,1,2.795,1,34.612,1
5905611,2025-11-19T04:49:20Z,1,-26.77464,158.40568,1,1669.9,1,34.612,1,2.793,1,1669.9,1,2.793,1,34.612,1
5905611,2025-11-19T04:49:20Z,1,-26.77464,158.40568,1,1671.8,1,34.612,1,2.79,1,1671.8,1,2.79,1,34.612,1
5905611,2025-11-19T04:49:20Z,1,-26.77464,158.40568,1,1673.8,1,34.613,1,2.787,1,1673.8,1,2.787,1,34.613,1
5905611,2025-11-19T04:49:20Z,1,-26.77464,158.40568,1,1675.7,1,34.613,1,2.785,1,1675.7,1,2.785,1,34.613,1
5905611,2025-11-19T04:49:20Z,1,-26.77464,158.40568,1,1677.7,1,34.613,1,2.779,1,1677.7,1,2.779,1,34.613,1
5905611,2025-11-19T04:49:20Z,1,-26.77464,158.40568,1,1679.7,1,34.613,1,2.778,1,1679.7,1,2.778,1,34.613,1
5905611,2025-11-19T04:49:20Z,1,-26.77464,158.40568,1,1681.7,1,34.613,1,2.776,1,1681.7,1,2.776,1,34.613,1
5905611,2025-11-19T04:49:20Z,1,-26.77464,158.40568,1,1683.7,1,34.615,1,2.768,1,1683.7,1,2.768,1,34.615,1
5905611,2025-11-19T04:49:20Z,1,-26.77464,158.40568,1,1685.7,1,34.615,1,2.762,1,1685.7,1,2.762,1,34.615,1
5905611,2025-11-19T04:49:20Z,1,-26.77464,158.40568,1,1687.7,1,34.615,1,2.759,1,1687.7,1,2.759,1,34.615,1
5905611,2025-11-19T04:49:20Z,1,-26.77464,158.40568,1,1689.7,1,34.615,1,2.758,1,1689.7,1,2.758,1,34.615,1
5905611,2025-11-19T04:49:20Z,1,-26.77464,158.40568,1,1691.7,1,34.615,1,2.757,1,1691.7,1,2.757,1,34.615,1
5905611,2025-11-19T04:49:20Z,1,-26.77464,158.40568,1,1693.8,1,34.616,1,2.752,1,1693.8,1,2.752,1,34.616,1
5905611,2025-11-19T04:49:20Z,1,-26.77464,158.40568,1,1695.8,1,34.616,1,2.749,1,1695.8,1,2.749,1,34.616,1
5905611,2025-11-19T04:49:20Z,1,-26.77464,158.40568,1,1697.8,1,34.616,1,2.746,1,1697.8,1,2.746,1,34.616,1
5905611,2025-11-19T04:49:20Z,1,-26.77464,158.40568,1,1699.4,1,34.617,1,2.745,1,1699.4,1,2.745,1,34.617,1
5905611,2025-11-19T04:49:20Z,1,-26.77464,158.40568,1,1701.0,1,34.617,1,2.744,1,1701.0,1,2.744,1,34.617,1
5905611,2025-11-19T04:49:20Z,1,-26.77464,158.40568,1,1703.1,1,34.617,1,2.742,1,1703.1,1,2.742,1,34.617,1
5905611,2025-11-19T04:49:20Z,1,-26.77464,158.40568,1,1705.1,1,34.617,1,2.74,1,1705.1,1,2.74,1,34.617,1
5905611,2025-11-19T04:49:20Z,1,-26.77464,158.40568,1,1707.2,1,34.617,1,2.739,1,1707.2,1,2.739,1,34.617,1
5905611,2025-11-19T04:49:20Z,1,-26.77464,158.40568,1,1709.3,1,34.617,1,2.737,1,1709.3,1,2.737,1,34.617,1
5905611,2025-11-19T04:49:20Z,1,-26.77464,158.40568,1,1711.4,1,34.617,1,2.735,1,1711.4,1,2.735,1,34.617,1
5905611,2025-11-19T04:49:20Z,1,-26.77464,158.40568,1,1713.4,1,34.619,1,2.729,1,1713.4,1,2.729,1,34.619,1
5905611,2025-11-19T04:49:20Z,1,-26.77464,158.40568,1,1715.5,1,34.619,1,2.723,1,1715.5,1,2.723,1,34.619,1
5905611,2025-11-19T04:49:20Z,1,-26.77464,158.40568,1,1717.5,1,34.619,1,2.722,1,1717.5,1,2.722,1,34.619,1
5905611,2025-11-19T04:49:20Z,1,-26.77464,158.40568,1,1719.6,1,34.619,1,2.719,1,1719.6,1,2.719,1,34.619,1
5905611,2025-11-19T04:49:20Z,1,-26.77464,158.40568,1,1721.7,1,34.62,1,2.717,1,1721.7,1,2.717,1,34.62,1
5905611,2025-11-19T04:49:20Z,1,-26.77464,158.40568,1,1723.8,1,34.62,1,2.714,1,1723.8,1,2.714,1,34.62,1
5905611,2025-11-19T04:49:20Z,1,-26.77464,158.40568,1,1725.4,1,34.62,1,2.712,1,1725.4,1,2.712,1,34.62,1
5905611,2025-11-19T04:49:20Z,1,-26.77464,158.40568,1,1727.0,1,34.62,1,2.71,1,1727.0,1,2.71,1,34.62,1
5905611,2025-11-19T04:49:20Z,1,-26.77464,158.40568,1,1729.1,1,34.62,1,2.71,1,1729.1,1,2.71,1,34.62,1
5905611,2025-11-19T04:49:20Z,1,-26.77464,158.40568,1,1731.1,1,34.62,1,2.709,1,1731.1,1,2.709,1,34.62,1
5905611,2025-11-19T04:49:20Z,1,-26.77464,158.40568,1,1733.2,1,34.62,1,2.708,1,1733.2,1,2.708,1,34.62,1
5905611,2025-11-19T04:49:20Z,1,-26.77464,158.40568,1,1735.3,1,34.621,1,2.704,1,1735.3,1,2.704,1,34.621,1
5905611,2025-11-19T04:49:20Z,1,-26.77464,158.40568,1,1737.5,1,34.622,1,2.7,1,1737.5,1,2.7,1,34.622,1
5905611,2025-11-19T04:49:20Z,1,-26.77464,158.40568,1,1739.5,1,34.621,1,2.698,1,1739.5,1,2.698,1,34.621,1
5905611,2025-11-19T04:49:20Z,1,-26.77464,158.40568,1,1741.6,1,34.622,1,2.693,1,1741.6,1,2.693,1,34.622,1
5905611,2025-11-19T04:49:20Z,1,-26.77464,158.40568,1,1743.7,1,34.623,1,2.688,1,1743.7,1,2.688,1,34.623,1
5905611,2025-11-19T04:49:20Z,1,-26.77464,158.40568,1,1745.8,1,34.623,1,2.685,1,1745.8,1,2.685,1,34.623,1
5905611,2025-11-19T04:49:20Z,1,-26.77464,158.40568,1,1747.4,1,34.624,1,2.681,1,1747.4,1,2.681,1,34.624,1
5905611,2025-11-19T04:49:20Z,1,-26.77464,158.40568,1,1749.0,1,34.624,1,2.678,1,1749.0,1,2.678,1,34.624,1
5905611,2025-11-19T04:49:20Z,1,-26.77464,158.40568,1,1751.0,1,34.624,1,2.675,1,1751.0,1,2.675,1,34.624,1
5905611,2025-11-19T04:49:20Z,1,-26.77464,158.40568,1,1753.1,1,34.624,1,2.674,1,1753.1,1,2.674,1,34.624,1
5905611,2025-11-19T04:49:20Z,1,-26.77464,158.40568,1,1755.2,1,34.624,1,2.673,1,1755.2,1,2.673,1,34.624,1
5905611,2025-11-19T04:49:20Z,1,-26.77464,158.40568,1,1757.2,1,34.625,1,2.671,1,1757.2,1,2.671,1,34.625,1
5905611,2025-11-19T04:49:20Z,1,-26.77464,158.40568,1,1759.3,1,34.625,1,2.667,1,1759.3,1,2.667,1,34.625,1
5905611,2025-11-19T04:49:20Z,1,-26.77464,158.40568,1,1761.4,1,34.625,1,2.667,1,1761.4,1,2.667,1,34.625,1
5905611,2025-11-19T04:49:20Z,1,-26.77464,158.40568,1,1763.5,1,34.625,1,2.665,1,1763.5,1,2.665,1,34.625,1
5905611,2025-11-19T04:49:20Z,1,-26.77464,158.40568,1,1765.6,1,34.625,1,2.661,1,1765.6,1,2.661,1,34.625,1
5905611,2025-11-19T04:49:20Z,1,-26.77464,158.40568,1,1767.6,1,34.627,1,2.651,1,1767.6,1,2.651,1,34.627,1
5905611,2025-11-19T04:49:20Z,1,-26.77464,158.40568,1,1769.6,1,34.627,1,2.648,1,1769.6,1,2.648,1,34.627,1
5905611,2025-11-19T04:49:20Z,1,-26.77464,158.40568,1,1771.7,1,34.627,1,2.643,1,1771.7,1,2.643,1,34.627,1
5905611,2025-11-19T04:49:20Z,1,-26.77464,158.40568,1,1773.8,1,34.628,1,2.641,1,1773.8,1,2.641,1,34.628,1
5905611,2025-11-19T04:49:20Z,1,-26.77464,158.40568,1,1775.9,1,34.629,1,2.637,1,1775.9,1,2.637,1,34.629,1
5905611,2025-11-19T04:49:20Z,1,-26.77464,158.40568,1,1777.4,1,34.628,1,2.635,1,1777.4,1,2.635,1,34.628,1
5905611,2025-11-19T04:49:20Z,1,-26.77464,158.40568,1,1779.0,1,34.629,1,2.632,1,1779.0,1,2.632,1,34.629,1
5905611,2025-11-19T04:49:20Z,1,-26.77464,158.40568,1,1781.0,1,34.629,1,2.632,1,1781.0,1,2.632,1,34.629,1
5905611,2025-11-19T04:49:20Z,1,-26.77464,158.40568,1,1783.1,1,34.629,1,2.628,1,1783.1,1,2.628,1,34.629,1
5905611,2025-11-19T04:49:20Z,1,-26.77464,158.40568,1,1785.1,1,34.63,1,2.623,1,1785.1,1,2.623,1,34.63,1
5905611,2025-11-19T04:49:20Z,1,-26.77464,158.40568,1,1787.5,1,34.63,1,2.617,1,1787.5,1,2.617,1,34.63,1
5905611,2025-11-19T04:49:20Z,1,-26.77464,158.40568,1,1789.6,1,34.631,1,2.614,1,1789.6,1,2.614,1,34.631,1
5905611,2025-11-19T04:49:20Z,1,-26.77464,158.40568,1,1791.2,1,34.631,1,2.613,1,1791.2,1,2.613,1,34.631,1
5905611,2025-11-19T04:49:20Z,1,-26.77464,158.40568,1,1793.3,1,34.631,1,2.611,1,1793.3,1,2.611,1,34.631,1
5905611,2025-11-19T04:49:20Z,1,-26.77464,158.40568,1,1795.4,1,34.631,1,2.609,1,1795.4,1,2.609,1,34.631,1
5905611,2025-11-19T04:49:20Z,1,-26.77464,158.40568,1,1797.4,1,34.632,1,2.606,1,1797.4,1,2.606,1,34.632,1
5905611,2025-11-19T04:49:20Z,1,-26.77464,158.40568,1,1799.5,1,34.632,1,2.601,1,1799.5,1,2.601,1,34.632,1
5905611,2025-11-19T04:49:20Z,1,-26.77464,158.40568,1,1801.6,1,34.633,1,2.594,1,1801.6,1,2.594,1,34.633,1
5905611,2025-11-19T04:49:20Z,1,-26.77464,158.40568,1,1803.6,1,34.634,1,2.591,1,1803.6,1,2.591,1,34.634,1
5905611,2025-11-19T04:49:20Z,1,-26.77464,158.40568,1,1805.2,1,34.633,1,2.59,1,1805.2,1,2.59,1,34.633,1
5905611,2025-11-19T04:49:20Z,1,-26.77464,158.40568,1,1807.3,1,34.634,1,2.586,1,1807.3,1,2.586,1,34.634,1
5905611,2025-11-19T04:49:20Z,1,-26.77464,158.40568,1,1809.4,1,34.635,1,2.583,1,1809.4,1,2.583,1,34.635,1
5905611,2025-11-19T04:49:20Z,1,-26.77464,158.40568,1,1811.4,1,34.635,1,2.577,1,1811.4,1,2.577,1,34.635,1
5905611,2025-11-19T04:49:20Z,1,-26.77464,158.40568,1,1813.5,1,34.635,1,2.573,1,1813.5,1,2.573,1,34.635,1
5905611,2025-11-19T04:49:20Z,1,-26.77464,158.40568,1,1815.5,1,34.636,1,2.568,1,1815.5,1,2.568,1,34.636,1
5905611,2025-11-19T04:49:20Z,1,-26.77464,158.40568,1,1817.6,1,34.636,1,2.566,1,1817.6,1,2.566,1,34.636,1
5905611,2025-11-19T04:49:20Z,1,-26.77464,158.40568,1,1819.3,1,34.637,1,2.561,1,1819.3,1,2.561,1,34.637,1
5905611,2025-11-19T04:49:20Z,1,-26.77464,158.40568,1,1821.4,1,34.638,1,2.556,1,1821.4,1,2.556,1,34.638,1
5905611,2025-11-19T04:49:20Z,1,-26.77464,158.40568,1,1823.5,1,34.637,1,2.556,1,1823.5,1,2.556,1,34.637,1
5905611,2025-11-19T04:49:20Z,1,-26.77464,158.40568,1,1825.2,1,34.638,1,2.553,1,1825.2,1,2.553,1,34.638,1
5905611,2025-11-19T04:49:20Z,1,-26.77464,158.40568,1,1827.3,1,34.638,1,2.551,1,1827.3,1,2.551,1,34.638,1
5905611,2025-11-19T04:49:20Z,1,-26.77464,158.40568,1,1829.5,1,34.638,1,2.547,1,1829.5,1,2.547,1,34.638,1
5905611,2025-11-19T04:49:20Z,1,-26.77464,158.40568,1,1831.2,1,34.639,1,2.543,1,1831.2,1,2.543,1,34.639,1
5905611,2025-11-19T04:49:20Z,1,-26.77464,158.40568,1,1833.5,1,34.639,1,2.54,1,1833.5,1,2.54,1,34.639,1
5905611,2025-11-19T04:49:20Z,1,-26.77464,158.40568,1,1835.6,1,34.639,1,2.537,1,1835.6,1,2.537,1,34.639,1
5905611,2025-11-19T04:49:20Z,1,-26.77464,158.40568,1,1837.4,1,34.64,1,2.535,1,1837.4,1,2.535,1,34.64,1
5905611,2025-11-19T04:49:20Z,1,-26.77464,158.40568,1,1839.2,1,34.64,1,2.531,1,1839.2,1,2.531,1,34.64,1
5905611,2025-11-19T04:49:20Z,1,-26.77464,158.40568,1,1841.5,1,34.64,1,2.531,1,1841.5,1,2.531,1,34.64,1
5905611,2025-11-19T04:49:20Z,1,-26.77464,158.40568,1,1843.7,1,34.64,1,2.53,1,1843.7,1,2.53,1,34.64,1
5905611,2025-11-19T04:49:20Z,1,-26.77464,158.40568,1,1845.5,1,34.64,1,2.531,1,1845.5,1,2.531,1,34.64,1
5905611,2025-11-19T04:49:20Z,1,-26.77464,158.40568,1,1847.2,1,34.641,1,2.528,1,1847.2,1,2.528,1,34.641,1
5905611,2025-11-19T04:49:20Z,1,-26.77464,158.40568,1,1849.5,1,34.64,1,2.526,1,1849.5,1,2.526,1,34.64,1
5905611,2025-11-19T04:49:20Z,1,-26.77464,158.40568,1,1851.8,1,34.641,1,2.525,1,1851.8,1,2.525,1,34.641,1
5905611,2025-11-19T04:49:20Z,1,-26.77464,158.40568,1,1853.6,1,34.641,1,2.524,1,1853.6,1,2.524,1,34.641,1
5905611,2025-11-19T04:49:20Z,1,-26.77464,158.40568,1,1855.4,1,34.642,1,2.52,1,1855.4,1,2.52,1,34.642,1
5905611,2025-11-19T04:49:20Z,1,-26.77464,158.40568,1,1857.2,1,34.641,1,2.52,1,1857.2,1,2.52,1,34.641,1
5905611,2025-11-19T04:49:20Z,1,-26.77464,158.40568,1,1859.1,1,34.642,1,2.52,1,1859.1,1,2.52,1,34.642,1
5905611,2025-11-19T04:49:20Z,1,-26.77464,158.40568,1,1861.4,1,34.642,1,2.521,1,1861.4,1,2.521,1,34.642,1
5905611,2025-11-19T04:49:20Z,1,-26.77464,158.40568,1,1863.6,1,34.641,1,2.521,1,1863.6,1,2.521,1,34.641,1
5905611,2025-11-19T04:49:20Z,1,-26.77464,158.40568,1,1865.4,1,34.643,1,2.517,1,1865.4,1,2.517,1,34.643,1
5905611,2025-11-19T04:49:20Z,1,-26.77464,158.40568,1,1867.3,1,34.643,1,2.514,1,1867.3,1,2.514,1,34.643,1
5905611,2025-11-19T04:49:20Z,1,-26.77464,158.40568,1,1869.1,1,34.642,1,2.514,1,1869.1,1,2.514,1,34.642,1
5905611,2025-11-19T04:49:20Z,1,-26.77464,158.40568,1,1871.4,1,34.643,1,2.513,1,1871.4,1,2.513,1,34.643,1
5905611,2025-11-19T04:49:20Z,1,-26.77464,158.40568,1,1873.8,1,34.643,1,2.51,1,1873.8,1,2.51,1,34.643,1
5905611,2025-11-19T04:49:20Z,1,-26.77464,158.40568,1,1875.7,1,34.643,1,2.51,1,1875.7,1,2.51,1,34.643,1
5905611,2025-11-19T04:49:20Z,1,-26.77464,158.40568,1,1877.6,1,34.643,1,2.509,1,1877.6,1,2.509,1,34.643,1
5905611,2025-11-19T04:49:20Z,1,-26.77464,158.40568,1,1879.5,1,34.643,1,2.509,1,1879.5,1,2.509,1,34.643,1
5905611,2025-11-19T04:49:20Z,1,-26.77464,158.40568,1,1881.4,1,34.644,1,2.507,1,1881.4,1,2.507,1,34.644,1
5905611,2025-11-19T04:49:20Z,1,-26.77464,158.40568,1,1883.2,1,34.643,1,2.507,1,1883.2,1,2.507,1,34.643,1
5905611,2025-11-19T04:49:20Z,1,-26.77464,158.40568,1,1885.1,1,34.644,1,2.507,1,1885.1,1,2.507,1,34.644,1
5905611,2025-11-19T04:49:20Z,1,-26.77464,158.40568,1,1887.0,1,34.644,1,2.506,1,1887.0,1,2.506,1,34.644,1
5905611,2025-11-19T04:49:20Z,1,-26.77464,158.40568,1,1889.4,1,34.644,1,2.505,1,1889.4,1,2.505,1,34.644,1
5905611,2025-11-19T04:49:20Z,1,-26.77464,158.40568,1,1891.8,1,34.644,1,2.503,1,1891.8,1,2.503,1,34.644,1
5905611,2025-11-19T04:49:20Z,1,-26.77464,158.40568,1,1893.7,1,34.644,1,2.503,1,1893.7,1,2.503,1,34.644,1
5905611,2025-11-19T04:49:20Z,1,-26.77464,158.40568,1,1895.7,1,34.644,1,2.502,1,1895.7,1,2.502,1,34.644,1
5905611,2025-11-19T04:49:20Z,1,-26.77464,158.40568,1,1897.6,1,34.645,1,2.498,1,1897.6,1,2.498,1,34.645,1
5905611,2025-11-19T04:49:20Z,1,-26.77464,158.40568,1,1899.6,1,34.645,1,2.497,1,1899.6,1,2.497,1,34.645,1
5905611,2025-11-19T04:49:20Z,1,-26.77464,158.40568,1,1901.6,1,34.646,1,2.495,1,1901.6,1,2.495,1,34.646,1
5905611,2025-11-19T04:49:20Z,1,-26.77464,158.40568,1,1903.6,1,34.645,1,2.495,1,1903.6,1,2.495,1,34.645,1
5905611,2025-11-19T04:49:20Z,1,-26.77464,158.40568,1,1905.6,1,34.645,1,2.494,1,1905.6,1,2.494,1,34.645,1
5905611,2025-11-19T04:49:20Z,1,-26.77464,158.40568,1,1907.5,1,34.645,1,2.493,1,1907.5,1,2.493,1,34.645,1
5905611,2025-11-19T04:49:20Z,1,-26.77464,158.40568,1,1909.5,1,34.645,1,2.492,1,1909.5,1,2.492,1,34.645,1
5905611,2025-11-19T04:49:20Z,1,-26.77464,158.40568,1,1911.5,1,34.646,1,2.489,1,1911.5,1,2.489,1,34.646,1
5905611,2025-11-19T04:49:20Z,1,-26.77464,158.40568,1,1913.5,1,34.646,1,2.488,1,1913.5,1,2.488,1,34.646,1
5905611,2025-11-19T04:49:20Z,1,-26.77464,158.40568,1,1915.4,1,34.646,1,2.486,1,1915.4,1,2.486,1,34.646,1
5905611,2025-11-19T04:49:20Z,1,-26.77464,158.40568,1,1917.6,1,34.646,1,2.485,1,1917.6,1,2.485,1,34.646,1
5905611,2025-11-19T04:49:20Z,1,-26.77464,158.40568,1,1919.6,1,34.647,1,2.483,1,1919.6,1,2.483,1,34.647,1
5905611,2025-11-19T04:49:20Z,1,-26.77464,158.40568,1,1921.5,1,34.646,1,2.481,1,1921.5,1,2.481,1,34.646,1
5905611,2025-11-19T04:49:20Z,1,-26.77464,158.40568,1,1923.4,1,34.647,1,2.478,1,1923.4,1,2.478,1,34.647,1
5905611,2025-11-19T04:49:20Z,1,-26.77464,158.40568,1,1925.4,1,34.647,1,2.477,1,1925.4,1,2.477,1,34.647,1
5905611,2025-11-19T04:49:20Z,1,-26.77464,158.40568,1,1927.4,1,34.647,1,2.476,1,1927.4,1,2.476,1,34.647,1
5905611,2025-11-19T04:49:20Z,1,-26.77464,158.40568,1,1929.4,1,34.647,1,2.475,1,1929.4,1,2.475,1,34.647,1
5905611,2025-11-19T04:49:20Z,1,-26.77464,158.40568,1,1931.4,1,34.648,1,2.474,1,1931.4,1,2.474,1,34.648,1
5905611,2025-11-19T04:49:20Z,1,-26.77464,158.40568,1,1933.4,1,34.648,1,2.474,1,1933.4,1,2.474,1,34.648,1
5905611,2025-11-19T04:49:20Z,1,-26.77464,158.40568,1,1935.4,1,34.648,1,2.472,1,1935.4,1,2.472,1,34.648,1
5905611,2025-11-19T04:49:20Z,1,-26.77464,158.40568,1,1937.4,1,34.649,1,2.467,1,1937.4,1,2.467,1,34.649,1
5905611,2025-11-19T04:49:20Z,1,-26.77464,158.40568,1,1939.4,1,34.649,1,2.461,1,1939.4,1,2.461,1,34.649,1
5905611,2025-11-19T04:49:20Z,1,-26.77464,158.40568,1,1941.5,1,34.649,1,2.459,1,1941.5,1,2.459,1,34.649,1
5905611,2025-11-19T04:49:20Z,1,-26.77464,158.40568,1,1943.6,1,34.65,1,2.456,1,1943.6,1,2.456,1,34.65,1
5905611,2025-11-19T04:49:20Z,1,-26.77464,158.40568,1,1945.2,1,34.65,1,2.456,1,1945.2,1,2.456,1,34.65,1
5905611,2025-11-19T04:49:20Z,1,-26.77464,158.40568,1,1947.4,1,34.65,1,2.454,1,1947.4,1,2.454,1,34.65,1
5905611,2025-11-19T04:49:20Z,1,-26.77464,158.40568,1,1949.5,1,34.65,1,2.45,1,1949.5,1,2.45,1,34.65,1
5905611,2025-11-19T04:49:20Z,1,-26.77464,158.40568,1,1951.2,1,34.652,1,2.444,1,1951.2,1,2.444,1,34.652,1
5905611,2025-11-19T04:49:20Z,1,-26.77464,158.40568,1,1953.4,1,34.651,1,2.443,1,1953.4,1,2.443,1,34.651,1
5905611,2025-11-19T04:49:20Z,1,-26.77464,158.40568,1,1955.6,1,34.652,1,2.442,1,1955.6,1,2.442,1,34.652,1
5905611,2025-11-19T04:49:20Z,1,-26.77464,158.40568,1,1957.3,1,34.652,1,2.44,1,1957.3,1,2.44,1,34.652,1
5905611,2025-11-19T04:49:20Z,1,-26.77464,158.40568,1,1959.1,1,34.652,1,2.439,1,1959.1,1,2.439,1,34.652,1
5905611,2025-11-19T04:49:20Z,1,-26.77464,158.40568,1,1961.4,1,34.653,1,2.437,1,1961.4,1,2.437,1,34.653,1
5905611,2025-11-19T04:49:20Z,1,-26.77464,158.40568,1,1963.5,1,34.653,1,2.435,1,1963.5,1,2.435,1,34.653,1
5905611,2025-11-19T04:49:20Z,1,-26.77464,158.40568,1,1965.3,1,34.653,1,2.431,1,1965.3,1,2.431,1,34.653,1
5905611,2025-11-19T04:49:20Z,1,-26.77464,158.40568,1,1967.1,1,34.653,1,2.431,1,1967.1,1,2.431,1,34.653,1
5905611,2025-11-19T04:49:20Z,1,-26.77464,158.40568,1,1969.4,1,34.653,1,2.429,1,1969.4,1,2.429,1,34.653,1
5905611,2025-11-19T04:49:20Z,1,-26.77464,158.40568,1,1971.6,1,34.653,1,2.428,1,1971.6,1,2.428,1,34.653,1
5905611,2025-11-19T04:49:20Z,1,-26.77464,158.40568,1,1973.4,1,34.654,1,2.427,1,1973.4,1,2.427,1,34.654,1
5905611,2025-11-19T04:49:20Z,1,-26.77464,158.40568,1,1975.3,1,34.654,1,2.427,1,1975.3,1,2.427,1,34.654,1
5905611,2025-11-19T04:49:20Z,1,-26.77464,158.40568,1,1977.0,1,34.654,1,2.426,1,1977.0,1,2.426,1,34.654,1
5905611,2025-11-19T04:49:20Z,1,-26.77464,158.40568,1,1979.0,1,34.654,1,2.425,1,1979.0,1,2.425,1,34.654,1
5905611,2025-11-19T04:49:20Z,1,-26.77464,158.40568,1,1981.4,1,34.654,1,2.422,1,1981.4,1,2.422,1,34.654,1
5905611,2025-11-19T04:49:20Z,1,-26.77464,158.40568,1,1983.6,1,34.655,1,2.418,1,1983.6,1,2.418,1,34.655,1
5905611,2025-11-19T04:49:20Z,1,-26.77464,158.40568,1,1985.5,1,34.655,1,2.417,1,1985.5,1,2.417,1,34.655,1
5905611,2025-11-19T04:49:20Z,1,-26.77464,158.40568,1,1987.4,1,34.655,1,2.415,1,1987.4,1,2.415,1,34.655,1
5905611,2025-11-19T04:49:20Z,1,-26.77464,158.40568,1,1989.2,1,34.656,1,2.412,1,1989.2,1,2.412,1,34.656,1
5905611,2025-11-19T04:49:20Z,1,-26.77464,158.40568,1,1991.1,1,34.656,1,2.41,1,1991.1,1,2.41,1,34.656,1
5905611,2025-11-19T04:49:20Z,1,-26.77464,158.40568,1,1993.4,1,34.656,1,2.409,1,1993.4,1,2.409,1,34.656,1
5905611,2025-11-19T04:49:20Z,1,-26.77464,158.40568,1,1995.7,1,34.656,1,2.408,1,1995.7,1,2.408,1,34.656,1
5905611,2025-11-19T04:49:20Z,1,-26.77464,158.40568,1,1997.6,1,34.657,1,2.407,1,1997.6,1,2.407,1,34.657,1
5905611,2025-11-19T04:49:20Z,1,-26.77464,158.40568,1,1999.5,1,34.657,1,2.407,1,1999.5,1,2.407,1,34.657,1
5905611,2025-11-19T04:49:20Z,1,-26.77464,158.40568,1,2001.4,1,34.656,1,2.407,1,2001.4,1,2.407,1,34.656,1
5905611,2025-11-19T04:49:20Z,1,-26.77464,158.40568,1,2003.2,1,34.656,1,2.406,1,2003.2,1,2.406,1,34.656,1
5905611,2025-11-19T04:49:20Z,1,-26.77464,158.40568,1,2005.1,1,34.656,1,2.406,1,2005.1,1,2.406,1,34.656,1
5905611,2025-11-19T04:49:20Z,1,-26.77464,158.40568,1,2007.4,1,34.657,1,2.403,1,2007.4,1,2.403,1,34.657,1
5905611,2025-11-19T04:49:20Z,1,-26.77464,158.40568,1,2009.7,1,34.657,1,2.399,1,2009.7,1,2.399,1,34.657,1
5905611,2025-11-19T04:49:20Z,1,-26.77464,158.40568,1,2012.5,1,34.658,1,2.396,1,2012.5,1,2.396,1,34.658,1
5905611,2025-11-28T23:41:20Z,1,-26.61903,158.33145,1,0.2,1,35.65,1,25.192,1,0.2,1,25.192,1,35.65,1
5905611,2025-11-28T23:41:20Z,1,-26.61903,158.33145,1,1.3,1,35.649,1,25.185,1,1.3,1,25.185,1,35.649,1
5905611,2025-11-28T23:41:20Z,1,-26.61903,158.33145,1,3.4,1,35.658,1,25.14,1,3.4,1,25.14,1,35.658,1
5905611,2025-11-28T23:41:20Z,1,-26.61903,158.33145,1,5.0,1,35.683,1,25.112,1,5.0,1,25.112,1,35.683,1
5905611,2025-11-28T23:41:20Z,1,-26.61903,158.33145,1,5.8,1,35.685,1,25.101,1,5.8,1,25.101,1,35.685,1
5905611,2025-11-28T23:41:20Z,1,-26.61903,158.33145,1,7.4,1,35.683,1,25.08,1,7.4,1,25.08,1,35.683,1
5905611,2025-11-28T23:41:20Z,1,-26.61903,158.33145,1,9.5,1,35.682,1,25.046,1,9.5,1,25.046,1,35.682,1
5905611,2025-11-28T23:41:20Z,1,-26.61903,158.33145,1,11.5,1,35.682,1,25.018,1,11.5,1,25.018,1,35.682,1
5905611,2025-11-28T23:41:20Z,1,-26.61903,158.33145,1,13.3,1,35.677,1,24.918,1,13.3,1,24.918,1,35.677,1
5905611,2025-11-28T23:41:20Z,1,-26.61903,158.33145,1,15.2,1,35.681,1,24.332,1,15.2,1,24.332,1,35.681,1
5905611,2025-11-28T23:41:20Z,1,-26.61903,158.33145,1,17.3,1,35.699,1,24.021,1,17.3,1,24.021,1,35.699,1
5905611,2025-11-28T23:41:20Z,1,-26.61903,158.33145,1,19.4,1,35.703,1,23.62,1,19.4,1,23.62,1,35.703,1
5905611,2025-11-28T23:41:20Z,1,-26.61903,158.33145,1,21.4,1,35.699,1,23.466,1,21.4,1,23.466,1,35.699,1
5905611,2025-11-28T23:41:20Z,1,-26.61903,158.33145,1,23.6,1,35.702,1,23.38,1,23.6,1,23.38,1,35.702,1
5905611,2025-11-28T23:41:20Z,1,-26.61903,158.33145,1,25.4,1,35.707,1,23.176,1,25.4,1,23.176,1,35.707,1
5905611,2025-11-28T23:41:20Z,1,-26.61903,158.33145,1,27.4,1,35.711,1,23.017,1,27.4,1,23.017,1,35.711,1
5905611,2025-11-28T23:41:20Z,1,-26.61903,158.33145,1,29.3,1,35.716,1,22.864,1,29.3,1,22.864,1,35.716,1
5905611,2025-11-28T23:41:20Z,1,-26.61903,158.33145,1,31.2,1,35.713,1,22.772,1,31.2,1,22.772,1,35.713,1
5905611,2025-11-28T23:41:20Z,1,-26.61903,158.33145,1,33.1,1,35.715,1,22.66,1,33.1,1,22.66,1,35.715,1
5905611,2025-11-28T23:41:20Z,1,-26.61903,158.33145,1,35.1,1,35.713,1,22.487,1,35.1,1,22.487,1,35.713,1
5905611,2025-11-28T23:41:20Z,1,-26.61903,158.33145,1,37.1,1,35.711,1,22.353,1,37.1,1,22.353,1,35.711,1
5905611,2025-11-28T23:41:20Z,1,-26.61903,158.33145,1,39.0,1,35.709,1,22.231,1,39.0,1,22.231,1,35.709,1
5905611,2025-11-28T23:41:20Z,1,-26.61903,158.33145,1,41.1,1,35.704,1,21.997,1,41.1,1,21.997,1,35.704,1
5905611,2025-11-28T23:41:20Z,1,-26.61903,158.33145,1,43.1,1,35.704,1,21.71,1,43.1,1,21.71,1,35.704,1
5905611,2025-11-28T23:41:20Z,1,-26.61903,158.33145,1,45.3,1,35.703,1,21.606,1,45.3,1,21.606,1,35.703,1
5905611,2025-11-28T23:41:20Z,1,-26.61903,158.33145,1,47.3,1,35.701,1,21.545,1,47.3,1,21.545,1,35.701,1
5905611,2025-11-28T23:41:20Z,1,-26.61903,158.33145,1,49.3,1,35.697,1,21.454,1,49.3,1,21.454,1,35.697,1
5905611,2025-11-28T23:41:20Z,1,-26.61903,158.33145,1,51.3,1,35.696,1,21.267,1,51.3,1,21.267,1,35.696,1
5905611,2025-11-28T23:41:20Z,1,-26.61903,158.33145,1,53.4,1,35.694,1,21.074,1,53.4,1,21.074,1,35.694,1
5905611,2025-11-28T23:41:20Z,1,-26.61903,158.33145,1,55.5,1,35.692,1,20.915,1,55.5,1,20.915,1,35.692,1
5905611,2025-11-28T23:41:20Z,1,-26.61903,158.33145,1,57.2,1,35.689,1,20.845,1,57.2,1,20.845,1,35.689,1
5905611,2025-11-28T23:41:20Z,1,-26.61903,158.33145,1,59.4,1,35.688,1,20.739,1,59.4,1,20.739,1,35.688,1
5905611,2025-11-28T23:41:20Z,1,-26.61903,158.33145,1,61.6,1,35.686,1,20.658,1,61.6,1,20.658,1,35.686,1
5905611,2025-11-28T23:41:20Z,1,-26.61903,158.33145,1,63.3,1,35.684,1,20.651,1,63.3,1,20.651,1,35.684,1
5905611,2025-11-28T23:41:20Z,1,-26.61903,158.33145,1,65.3,1,35.684,1,20.593,1,65.3,1,20.593,1,35.684,1
5905611,2025-11-28T23:41:20Z,1,-26.61903,158.33145,1,67.5,1,35.683,1,20.458,1,67.5,1,20.458,1,35.683,1
5905611,2025-11-28T23:41:20Z,1,-26.61903,158.33145,1,69.3,1,35.68,1,20.415,1,69.3,1,20.415,1,35.68,1
5905611,2025-11-28T23:41:20Z,1,-26.61903,158.33145,1,71.1,1,35.679,1,20.364,1,71.1,1,20.364,1,35.679,1
5905611,2025-11-28T23:41:20Z,1,-26.61903,158.33145,1,73.4,1,35.678,1,20.319,1,73.4,1,20.319,1,35.678,1
5905611,2025-11-28T23:41:20Z,1,-26.61903,158.33145,1,75.6,1,35.676,1,20.297,1,75.6,1,20.297,1,35.676,1
5905611,2025-11-28T23:41:20Z,1,-26.61903,158.33145,1,77.4,1,35.676,1,20.278,1,77.4,1,20.278,1,35.676,1
5905611,2025-11-28T23:41:20Z,1,-26.61903,158.33145,1,79.2,1,35.675,1,20.243,1,79.2,1,20.243,1,35.675,1
5905611,2025-11-28T23:41:20Z,1,-26.61903,158.33145,1,81.4,1,35.675,1,20.22,1,81.4,1,20.22,1,35.675,1
5905611,2025-11-28T23:41:20Z,1,-26.61903,158.33145,1,83.6,1,35.675,1,20.195,1,83.6,1,20.195,1,35.675,1
5905611,2025-11-28T23:41:20Z,1,-26.61903,158.33145,1,85.4,1,35.675,1,20.163,1,85.4,1,20.163,1,35.675,1
5905611,2025-11-28T23:41:20Z,1,-26.61903,158.33145,1,87.2,1,35.671,1,20.131,1,87.2,1,20.131,1,35.671,1
5905611,2025-11-28T23:41:20Z,1,-26.61903,158.33145,1,89.4,1,35.67,1,20.088,1,89.4,1,20.088,1,35.67,1
5905611,2025-11-28T23:41:20Z,1,-26.61903,158.33145,1,91.6,1,35.669,1,20.028,1,91.6,1,20.028,1,35.669,1
5905611,2025-11-28T23:41:20Z,1,-26.61903,158.33145,1,93.4,1,35.667,1,20.02,1,93.4,1,20.02,1,35.667,1
5905611,2025-11-28T23:41:20Z,1,-26.61903,158.33145,1,95.2,1,35.668,1,19.997,1,95.2,1,19.997,1,35.668,1
5905611,2025-11-28T23:41:20Z,1,-26.61903,158.33145,1,97.4,1,35.667,1,19.925,1,97.4,1,19.925,1,35.667,1
5905611,2025-11-28T23:41:20Z,1,-26.61903,158.33145,1,99.6,1,35.664,1,19.901,1,99.6,1,19.901,1,35.664,1
5905611,2025-11-28T23:41:20Z,1,-26.61903,158.33145,1,101.4,1,35.662,1,19.887,1,101.4,1,19.887,1,35.662,1
5905611,2025-11-28T23:41:20Z,1,-26.61903,158.33145,1,103.3,1,35.663,1,19.833,1,103.3,1,19.833,1,35.663,1
5905611,2025-11-28T23:41:20Z,1,-26.61903,158.33145,1,105.1,1,35.663,1,19.811,1,105.1,1,19.811,1,35.663,1
5905611,2025-11-28T23:41:20Z,1,-26.61903,158.33145,1,107.0,1,35.663,1,19.782,1,107.0,1,19.782,1,35.663,1
5905611,2025-11-28T23:41:20Z,1,-26.61903,158.33145,1,109.4,1,35.661,1,19.746,1,109.4,1,19.746,1,35.661,1
5905611,2025-11-28T23:41:20Z,1,-26.61903,158.33145,1,111.8,1,35.66,1,19.715,1,111.8,1,19.715,1,35.66,1
5905611,2025-11-28T23:41:20Z,1,-26.61903,158.33145,1,113.8,1,35.659,1,19.696,1,113.8,1,19.696,1,35.659,1
5905611,2025-11-28T23:41:20Z,1,-26.61903,158.33145,1,115.7,1,35.66,1,19.674,1,115.7,1,19.674,1,35.66,1
5905611,2025-11-28T23:41:20Z,1,-26.61903,158.33145,1,117.6,1,35.657,1,19.645,1,117.6,1,19.645,1,35.657,1
5905611,2025-11-28T23:41:20Z,1,-26.61903,158.33145,1,119.5,1,35.658,1,19.631,1,119.5,1,19.631,1,35.658,1
5905611,2025-11-28T23:41:20Z,1,-26.61903,158.33145,1,121.5,1,35.654,1,19.611,1,121.5,1,19.611,1,35.654,1
5905611,2025-11-28T23:41:20Z,1,-26.61903,158.33145,1,123.5,1,35.65,1,19.579,1,123.5,1,19.579,1,35.65,1
5905611,2025-11-28T23:41:20Z,1,-26.61903,158.33145,1,125.4,1,35.654,1,19.558,1,125.4,1,19.558,1,35.654,1
5905611,2025-11-28T23:41:20Z,1,-26.61903,158.33145,1,127.4,1,35.653,1,19.542,1,127.4,1,19.542,1,35.653,1
5905611,2025-11-28T23:41:20Z,1,-26.61903,158.33145,1,129.4,1,35.653,1,19.532,1,129.4,1,19.532,1,35.653,1
5905611,2025-11-28T23:41:20Z,1,-26.61903,158.33145,1,131.4,1,35.651,1,19.513,1,131.4,1,19.513,1,35.651,1
5905611,2025-11-28T23:41:20Z,1,-26.61903,158.33145,1,133.4,1,35.649,1,19.485,1,133.4,1,19.485,1,35.649,1
5905611,2025-11-28T23:41:20Z,1,-26.61903,158.33145,1,135.4,1,35.648,1,19.462,1,135.4,1,19.462,1,35.648,1
5905611,2025-11-28T23:41:20Z,1,-26.61903,158.33145,1,137.5,1,35.647,1,19.434,1,137.5,1,19.434,1,35.647,1
5905611,2025-11-28T23:41:20Z,1,-26.61903,158.33145,1,139.6,1,35.646,1,19.416,1,139.6,1,19.416,1,35.646,1
5905611,2025-11-28T23:41:20Z,1,-26.61903,158.33145,1,141.6,1,35.644,1,19.406,1,141.6,1,19.406,1,35.644,1
5905611,2025-11-28T23:41:20Z,1,-26.61903,158.33145,1,143.7,1,35.641,1,19.385,1,143.7,1,19.385,1,35.641,1
5905611,2025-11-28T23:41:20Z,1,-26.61903,158.33145,1,145.7,1,35.642,1,19.37,1,145.7,1,19.37,1,35.642,1
5905611,2025-11-28T23:41:20Z,1,-26.61903,158.33145,1,147.8,1,35.643,1,19.354,1,147.8,1,19.354,1,35.643,1
5905611,2025-11-28T23:41:20Z,1,-26.61903,158.33145,1,149.9,1,35.641,1,19.336,1,149.9,1,19.336,1,35.641,1
5905611,2025-11-28T23:41:20Z,1,-26.61903,158.33145,1,151.5,1,35.64,1,19.333,1,151.5,1,19.333,1,35.64,1
5905611,2025-11-28T23:41:20Z,1,-26.61903,158.33145,1,153.0,1,35.638,1,19.303,1,153.0,1,19.303,1,35.638,1
5905611,2025-11-28T23:41:20Z,1,-26.61903,158.33145,1,155.1,1,35.636,1,19.271,1,155.1,1,19.271,1,35.636,1
5905611,2025-11-28T23:41:20Z,1,-26.61903,158.33145,1,157.1,1,35.635,1,19.256,1,157.1,1,19.256,1,35.635,1
5905611,2025-11-28T23:41:20Z,1,-26.61903,158.33145,1,159.1,1,35.634,1,19.235,1,159.1,1,19.235,1,35.634,1
5905611,2025-11-28T23:41:20Z,1,-26.61903,158.33145,1,161.1,1,35.631,1,19.191,1,161.1,1,19.191,1,35.631,1
5905611,2025-11-28T23:41:20Z,1,-26.61903,158.33145,1,163.0,1,35.629,1,19.134,1,163.0,1,19.134,1,35.629,1
5905611,2025-11-28T23:41:20Z,1,-26.61903,158.33145,1,165.0,1,35.626,1,19.107,1,165.0,1,19.107,1,35.626,1
5905611,2025-11-28T23:41:20Z,1,-26.61903,158.33145,1,167.0,1,35.624,1,19.079,1,167.0,1,19.079,1,35.624,1
5905611,2025-11-28T23:41:20Z,1,-26.61903,158.33145,1,169.0,1,35.62,1,19.048,1,169.0,1,19.048,1,35.62,1
5905611,2025-11-28T23:41:20Z,1,-26.61903,158.33145,1,171.1,1,35.619,1,19.01,1,171.1,1,19.01,1,35.619,1
5905611,2025-11-28T23:41:20Z,1,-26.61903,158.33145,1,173.1,1,35.616,1,18.986,1,173.1,1,18.986,1,35.616,1
5905611,2025-11-28T23:41:20Z,1,-26.61903,158.33145,1,175.1,1,35.617,1,18.961,1,175.1,1,18.961,1,35.617,1
5905611,2025-11-28T23:41:20Z,1,-26.61903,158.33145,1,177.1,1,35.616,1,18.926,1,177.1,1,18.926,1,35.616,1
5905611,2025-11-28T23:41:20Z,1,-26.61903,158.33145,1,179.1,1,35.614,1,18.889,1,179.1,1,18.889,1,35.614,1
5905611,2025-11-28T23:41:20Z,1,-26.61903,158.33145,1,181.1,1,35.612,1,18.864,1,181.1,1,18.864,1,35.612,1
5905611,2025-11-28T23:41:20Z,1,-26.61903,158.33145,1,183.2,1,35.611,1,18.832,1,183.2,1,18.832,1,35.611,1
5905611,2025-11-28T23:41:20Z,1,-26.61903,158.33145,1,185.2,1,35.608,1,18.796,1,185.2,1,18.796,1,35.608,1
5905611,2025-11-28T23:41:20Z,1,-26.61903,158.33145,1,187.3,1,35.608,1,18.751,1,187.3,1,18.751,1,35.608,1
5905611,2025-11-28T23:41:20Z,1,-26.61903,158.33145,1,189.4,1,35.601,1,18.701,1,189.4,1,18.701,1,35.601,1
5905611,2025-11-28T23:41:20Z,1,-26.61903,158.33145,1,191.5,1,35.601,1,18.673,1,191.5,1,18.673,1,35.601,1
5905611,2025-11-28T23:41:20Z,1,-26.61903,158.33145,1,193.6,1,35.598,1,18.611,1,193.6,1,18.611,1,35.598,1
5905611,2025-11-28T23:41:20Z,1,-26.61903,158.33145,1,195.7,1,35.596,1,18.589,1,195.7,1,18.589,1,35.596,1
5905611,2025-11-28T23:41:20Z,1,-26.61903,158.33145,1,197.8,1,35.594,1,18.559,1,197.8,1,18.559,1,35.594,1
5905611,2025-11-28T23:41:20Z,1,-26.61903,158.33145,1,199.4,1,35.593,1,18.525,1,199.4,1,18.525,1,35.593,1
5905611,2025-11-28T23:41:20Z,1,-26.61903,158.33145,1,201.0,1,35.59,1,18.465,1,201.0,1,18.465,1,35.59,1
5905611,2025-11-28T23:41:20Z,1,-26.61903,158.33145,1,203.4,1,35.584,1,18.4,1,203.4,1,18.4,1,35.584,1
5905611,2025-11-28T23:41:20Z,1,-26.61903,158.33145,1,205.4,1,35.584,1,18.365,1,205.4,1,18.365,1,35.584,1
5905611,2025-11-28T23:41:20Z,1,-26.61903,158.33145,1,207.4,1,35.581,1,18.331,1,207.4,1,18.331,1,35.581,1
5905611,2025-11-28T23:41:20Z,1,-26.61903,158.33145,1,209.5,1,35.579,1,18.306,1,209.5,1,18.306,1,35.579,1
5905611,2025-11-28T23:41:20Z,1,-26.61903,158.33145,1,211.5,1,35.574,1,18.243,1,211.5,1,18.243,1,35.574,1
5905611,2025-11-28T23:41:20Z,1,-26.61903,158.33145,1,213.5,1,35.57,1,18.206,1,213.5,1,18.206,1,35.57,1
5905611,2025-11-28T23:41:20Z,1,-26.61903,158.33145,1,215.5,1,35.567,1,18.159,1,215.5,1,18.159,1,35.567,1
5905611,2025-11-28T23:41:20Z,1,-26.61903,158.33145,1,217.6,1,35.564,1,18.104,1,217.6,1,18.104,1,35.564,1
5905611,2025-11-28T23:41:20Z,1,-26.61903,158.33145,1,219.6,1,35.561,1,18.062,1,219.6,1,18.062,1,35.561,1
5905611,2025-11-28T23:41:20Z,1,-26.61903,158.33145,1,221.6,1,35.557,1,17.993,1,221.6,1,17.993,1,35.557,1
5905611,2025-11-28T23:41:20Z,1,-26.61903,158.33145,1,223.2,1,35.551,1,17.92,1,223.2,1,17.92,1,35.551,1
5905611,2025-11-28T23:41:20Z,1,-26.61903,158.33145,1,225.4,1,35.547,1,17.857,1,225.4,1,17.857,1,35.547,1
5905611,2025-11-28T23:41:20Z,1,-26.61903,158.33145,1,227.5,1,35.545,1,17.823,1,227.5,1,17.823,1,35.545,1
5905611,2025-11-28T23:41:20Z,1,-26.61903,158.33145,1,229.6,1,35.537,1,17.762,1,229.6,1,17.762,1,35.537,1
5905611,2025-11-28T23:41:20Z,1,-26.61903,158.33145,1,231.7,1,35.532,1,17.719,1,231.7,1,17.719,1,35.532,1
5905611,2025-11-28T23:41:20Z,1,-26.61903,158.33145,1,233.4,1,35.529,1,17.667,1,233.4,1,17.667,1,35.529,1
5905611,2025-11-28T23:41:20Z,1,-26.61903,158.33145,1,235.1,1,35.527,1,17.636,1,235.1,1,17.636,1,35.527,1
5905611,2025-11-28T23:41:20Z,1,-26.61903,158.33145,1,237.3,1,35.524,1,17.602,1,237.3,1,17.602,1,35.524,1
5905611,2025-11-28T23:41:20Z,1,-26.61903,158.33145,1,239.4,1,35.517,1,17.546,1,239.4,1,17.546,1,35.517,1
5905611,2025-11-28T23:41:20Z,1,-26.61903,158.33145,1,241.5,1,35.517,1,17.486,1,241.5,1,17.486,1,35.517,1
5905611,2025-11-28T23:41:20Z,1,-26.61903,158.33145,1,243.7,1,35.512,1,17.425,1,243.7,1,17.425,1,35.512,1
5905611,2025-11-28T23:41:20Z,1,-26.61903,158.33145,1,245.5,1,35.514,1,17.393,1,245.5,1,17.393,1,35.514,1
5905611,2025-11-28T23:41:20Z,1,-26.61903,158.33145,1,247.4,1,35.51,1,17.341,1,247.4,1,17.341,1,35.51,1
5905611,2025-11-28T23:41:20Z,1,-26.61903,158.33145,1,249.2,1,35.504,1,17.297,1,249.2,1,17.297,1,35.504,1
5905611,2025-11-28T23:41:20Z,1,-26.61903,158.33145,1,251.4,1,35.494,1,17.194,1,251.4,1,17.194,1,35.494,1
5905611,2025-11-28T23:41:20Z,1,-26.61903,158.33145,1,253.5,1,35.49,1,17.143,1,253.5,1,17.143,1,35.49,1
5905611,2025-11-28T23:41:20Z,1,-26.61903,158.33145,1,255.5,1,35.491,1,17.076,1,255.5,1,17.076,1,35.491,1
5905611,2025-11-28T23:41:20Z,1,-26.61903,158.33145,1,257.5,1,35.486,1,17.026,1,257.5,1,17.026,1,35.486,1
5905611,2025-11-28T23:41:20Z,1,-26.61903,158.33145,1,259.2,1,35.484,1,16.987,1,259.2,1,16.987,1,35.484,1
5905611,2025-11-28T23:41:20Z,1,-26.61903,158.33145,1,261.5,1,35.478,1,16.939,1,261.5,1,16.939,1,35.478,1
5905611,2025-11-28T23:41:20Z,1,-26.61903,158.33145,1,263.8,1,35.474,1,16.918,1,263.8,1,16.918,1,35.474,1
5905611,2025-11-28T23:41:20Z,1,-26.61903,158.33145,1,265.5,1,35.473,1,16.876,1,265.5,1,16.876,1,35.473,1
5905611,2025-11-28T23:41:20Z,1,-26.61903,158.33145,1,267.3,1,35.464,1,16.774,1,267.3,1,16.774,1,35.464,1
5905611,2025-11-28T23:41:20Z,1,-26.61903,158.33145,1,269.1,1,35.461,1,16.724,1,269.1,1,16.724,1,35.461,1
5905611,2025-11-28T23:41:20Z,1,-26.61903,158.33145,1,271.4,1,35.454,1,16.632,1,271.4,1,16.632,1,35.454,1
5905611,2025-11-28T23:41:20Z,1,-26.61903,158.33145,1,273.6,1,35.446,1,16.546,1,273.6,1,16.546,1,35.446,1
5905611,2025-11-28T23:41:20Z,1,-26.61903,158.33145,1,275.4,1,35.433,1,16.405,1,275.4,1,16.405,1,35.433,1
5905611,2025-11-28T23:41:20Z,1,-26.61903,158.33145,1,277.3,1,35.429,1,16.328,1,277.3,1,16.328,1,35.429,1
5905611,2025-11-28T23:41:20Z,1,-26.61903,158.33145,1,279.1,1,35.424,1,16.292,1,279.1,1,16.292,1,35.424,1
5905611,2025-11-28T23:41:20Z,1,-26.61903,158.33145,1,281.1,1,35.424,1,16.253,1,281.1,1,16.253,1,35.424,1
5905611,2025-11-28T23:41:20Z,1,-26.61903,158.33145,1,283.0,1,35.416,1,16.168,1,283.0,1,16.168,1,35.416,1
5905611,2025-11-28T23:41:20Z,1,-26.61903,158.33145,1,285.4,1,35.415,1,16.148,1,285.4,1,16.148,1,35.415,1
5905611,2025-11-28T23:41:20Z,1,-26.61903,158.33145,1,287.9,1,35.411,1,16.105,1,287.9,1,16.105,1,35.411,1
5905611,2025-11-28T23:41:20Z,1,-26.61903,158.33145,1,289.8,1,35.404,1,16.09,1,289.8,1,16.09,1,35.404,1
5905611,2025-11-28T23:41:20Z,1,-26.61903,158.33145,1,291.8,1,35.4,1,16.058,1,291.8,1,16.058,1,35.4,1
5905611,2025-11-28T23:41:20Z,1,-26.61903,158.33145,1,293.7,1,35.39,1,15.951,1,293.7,1,15.951,1,35.39,1
5905611,2025-11-28T23:41:20Z,1,-26.61903,158.33145,1,295.7,1,35.387,1,15.917,1,295.7,1,15.917,1,35.387,1
5905611,2025-11-28T23:41:20Z,1,-26.61903,158.33145,1,297.6,1,35.384,1,15.847,1,297.6,1,15.847,1,35.384,1
5905611,2025-11-28T23:41:20Z,1,-26.61903,158.33145,1,299.6,1,35.379,1,15.802,1,299.6,1,15.802,1,35.379,1
5905611,2025-11-28T23:41:20Z,1,-26.61903,158.33145,1,301.5,1,35.377,1,15.75,1,301.5,1,15.75,1,35.377,1
5905611,2025-11-28T23:41:20Z,1,-26.61903,158.33145,1,303.4,1,35.373,1,15.685,1,303.4,1,15.685,1,35.373,1
5905611,2025-11-28T23:41:20Z,1,-26.61903,158.33145,1,305.4,1,35.366,1,15.6,1,305.4,1,15.6,1,35.366,1
5905611,2025-11-28T23:41:20Z,1,-26.61903,158.33145,1,307.3,1,35.36,1,15.535,1,307.3,1,15.535,1,35.36,1
5905611,2025-11-28T23:41:20Z,1,-26.61903,158.33145,1,309.2,1,35.353,1,15.496,1,309.2,1,15.496,1,35.353,1
5905611,2025-11-28T23:41:20Z,1,-26.61903,158.33145,1,311.1,1,35.351,1,15.467,1,311.1,1,15.467,1,35.351,1
5905611,2025-11-28T23:41:20Z,1,-26.61903,158.33145,1,313.0,1,35.346,1,15.442,1,313.0,1,15.442,1,35.346,1
5905611,2025-11-28T23:41:20Z,1,-26.61903,158.33145,1,315.4,1,35.339,1,15.353,1,315.4,1,15.353,1,35.339,1
5905611,2025-11-28T23:41:20Z,1,-26.61903,158.33145,1,317.8,1,35.334,1,15.299,1,317.8,1,15.299,1,35.334,1
5905611,2025-11-28T23:41:20Z,1,-26.61903,158.33145,1,319.6,1,35.33,1,15.246,1,319.6,1,15.246,1,35.33,1
5905611,2025-11-28T23:41:20Z,1,-26.61903,158.33145,1,321.4,1,35.324,1,15.171,1,321.4,1,15.171,1,35.324,1
5905611,2025-11-28T23:41:20Z,1,-26.61903,158.33145,1,323.3,1,35.32,1,15.094,1,323.3,1,15.094,1,35.32,1
5905611,2025-11-28T23:41:20Z,1,-26.61903,158.33145,1,325.2,1,35.317,1,15.064,1,325.2,1,15.064,1,35.317,1
5905611,2025-11-28T23:41:20Z,1,-26.61903,158.33145,1,327.5,1,35.312,1,15.0,1,327.5,1,15.0,1,35.312,1
5905611,2025-11-28T23:41:20Z,1,-26.61903,158.33145,1,329.6,1,35.308,1,14.916,1,329.6,1,14.916,1,35.308,1
5905611,2025-11-28T23:41:20Z,1,-26.61903,158.33145,1,331.3,1,35.301,1,14.863,1,331.3,1,14.863,1,35.301,1
5905611,2025-11-28T23:41:20Z,1,-26.61903,158.33145,1,333.1,1,35.297,1,14.82,1,333.1,1,14.82,1,35.297,1
5905611,2025-11-28T23:41:20Z,1,-26.61903,158.33145,1,335.3,1,35.293,1,14.764,1,335.3,1,14.764,1,35.293,1
5905611,2025-11-28T23:41:20Z,1,-26.61903,158.33145,1,337.6,1,35.286,1,14.672,1,337.6,1,14.672,1,35.286,1
5905611,2025-11-28T23:41:20Z,1,-26.61903,158.33145,1,339.4,1,35.281,1,14.595,1,339.4,1,14.595,1,35.281,1
5905611,2025-11-28T23:41:20Z,1,-26.61903,158.33145,1,341.2,1,35.275,1,14.572,1,341.2,1,14.572,1,35.275,1
5905611,2025-11-28T23:41:20Z,1,-26.61903,158.33145,1,343.4,1,35.271,1,14.513,1,343.4,1,14.513,1,35.271,1
5905611,2025-11-28T23:41:20Z,1,-26.61903,158.33145,1,345.8,1,35.264,1,14.48,1,345.8,1,14.48,1,35.264,1
5905611,2025-11-28T23:41:20Z,1,-26.61903,158.33145,1,347.7,1,35.265,1,14.471,1,347.7,1,14.471,1,35.265,1
5905611,2025-11-28T23:41:20Z,1,-26.61903,158.33145,1,349.6,1,35.261,1,14.446,1,349.6,1,14.446,1,35.261,1
5905611,2025-11-28T23:41:20Z,1,-26.61903,158.33145,1,351.4,1,35.257,1,14.423,1,351.4,1,14.423,1,35.257,1
5905611,2025-11-28T23:41:20Z,1,-26.61903,158.33145,1,353.2,1,35.255,1,14.394,1,353.2,1,14.394,1,35.255,1
5905611,2025-11-28T23:41:20Z,1,-26.61903,158.33145,1,355.5,1,35.254,1,14.373,1,355.5,1,14.373,1,35.254,1
5905611,2025-11-28T23:41:20Z,1,-26.61903,158.33145,1,357.8,1,35.25,1,14.35,1,357.8,1,14.35,1,35.25,1
5905611,2025-11-28T23:41:20Z,1,-26.61903,158.33145,1,359.7,1,35.247,1,14.308,1,359.7,1,14.308,1,35.247,1
5905611,2025-11-28T23:41:20Z,1,-26.61903,158.33145,1,361.6,1,35.243,1,14.267,1,361.6,1,14.267,1,35.243,1
5905611,2025-11-28T23:41:20Z,1,-26.61903,158.33145,1,363.6,1,35.24,1,14.244,1,363.6,1,14.244,1,35.24,1
5905611,2025-11-28T23:41:20Z,1,-26.61903,158.33145,1,365.5,1,35.238,1,14.187,1,365.5,1,14.187,1,35.238,1
5905611,2025-11-28T23:41:20Z,1,-26.61903,158.33145,1,367.4,1,35.234,1,14.156,1,367.4,1,14.156,1,35.234,1
5905611,2025-11-28T23:41:20Z,1,-26.61903,158.33145,1,369.4,1,35.228,1,14.045,1,369.4,1,14.045,1,35.228,1
5905611,2025-11-28T23:41:20Z,1,-26.61903,158.33145,1,371.4,1,35.209,1,13.955,1,371.4,1,13.955,1,35.209,1
5905611,2025-11-28T23:41:20Z,1,-26.61903,158.33145,1,373.4,1,35.208,1,13.944,1,373.4,1,13.944,1,35.208,1
5905611,2025-11-28T23:41:20Z,1,-26.61903,158.33145,1,375.5,1,35.209,1,13.922,1,375.5,1,13.922,1,35.209,1
5905611,2025-11-28T23:41:20Z,1,-26.61903,158.33145,1,377.5,1,35.209,1,13.886,1,377.5,1,13.886,1,35.209,1
5905611,2025-11-28T23:41:20Z,1,-26.61903,158.33145,1,379.6,1,35.205,1,13.839,1,379.6,1,13.839,1,35.205,1
5905611,2025-11-28T23:41:20Z,1,-26.61903,158.33145,1,381.7,1,35.199,1,13.76,1,381.7,1,13.76,1,35.199,1
5905611,2025-11-28T23:41:20Z,1,-26.61903,158.33145,1,383.7,1,35.182,1,13.652,1,383.7,1,13.652,1,35.182,1
5905611,2025-11-28T23:41:20Z,1,-26.61903,158.33145,1,385.8,1,35.173,1,13.59,1,385.8,1,13.59,1,35.173,1
5905611,2025-11-28T23:41:20Z,1,-26.61903,158.33145,1,387.4,1,35.168,1,13.547,1,387.4,1,13.547,1,35.168,1
5905611,2025-11-28T23:41:20Z,1,-26.61903,158.33145,1,389.0,1,35.144,1,13.429,1,389.0,1,13.429,1,35.144,1
5905611,2025-11-28T23:41:20Z,1,-26.61903,158.33145,1,391.2,1,35.142,1,13.369,1,391.2,1,13.369,1,35.142,1
5905611,2025-11-28T23:41:20Z,1,-26.61903,158.33145,1,393.4,1,35.148,1,13.361,1,393.4,1,13.361,1,35.148,1
5905611,2025-11-28T23:41:20Z,1,-26.61903,158.33145,1,395.5,1,35.13,1,13.237,1,395.5,1,13.237,1,35.13,1
5905611,2025-11-28T23:41:20Z,1,-26.61903,158.33145,1,397.7,1,35.132,1,13.196,1,397.7,1,13.196,1,35.132,1
5905611,2025-11-28T23:41:20Z,1,-26.61903,158.33145,1,399.4,1,35.126,1,13.133,1,399.4,1,13.133,1,35.126,1
5905611,2025-11-28T23:41:20Z,1,-26.61903,158.33145,1,401.0,1,35.124,1,13.12,1,401.0,1,13.12,1,35.124,1
5905611,2025-11-28T23:41:20Z,1,-26.61903,158.33145,1,403.2,1,35.12,1,13.076,1,403.2,1,13.076,1,35.12,1
5905611,2025-11-28T23:41:20Z,1,-26.61903,158.33145,1,405.5,1,35.114,1,13.031,1,405.5,1,13.031,1,35.114,1
5905611,2025-11-28T23:41:20Z,1,-26.61903,158.33145,1,407.8,1,35.11,1,12.985,1,407.8,1,12.985,1,35.11,1
5905611,2025-11-28T23:41:20Z,1,-26.61903,158.33145,1,409.5,1,35.105,1,12.936,1,409.5,1,12.936,1,35.105,1
5905611,2025-11-28T23:41:20Z,1,-26.61903,158.33145,1,411.2,1,35.101,1,12.913,1,411.2,1,12.913,1,35.101,1
5905611,2025-11-28T23:41:20Z,1,-26.61903,158.33145,1,413.5,1,35.102,1,12.877,1,413.5,1,12.877,1,35.102,1
5905611,2025-11-28T23:41:20Z,1,-26.61903,158.33145,1,415.7,1,35.09,1,12.797,1,415.7,1,12.797,1,35.09,1
5905611,2025-11-28T23:41:20Z,1,-26.61903,158.33145,1,417.4,1,35.084,1,12.763,1,417.4,1,12.763,1,35.084,1
5905611,2025-11-28T23:41:20Z,1,-26.61903,158.33145,1,419.0,1,35.075,1,12.692,1,419.0,1,12.692,1,35.075,1
5905611,2025-11-28T23:41:20Z,1,-26.61903,158.33145,1,421.2,1,35.059,1,12.603,1,421.2,1,12.603,1,35.059,1
5905611,2025-11-28T23:41:20Z,1,-26.61903,158.33145,1,423.5,1,35.048,1,12.523,1,423.5,1,12.523,1,35.048,1
5905611,2025-11-28T23:41:20Z,1,-26.61903,158.33145,1,425.7,1,35.04,1,12.485,1,425.7,1,12.485,1,35.04,1
5905611,2025-11-28T23:41:20Z,1,-26.61903,158.33145,1,427.4,1,35.035,1,12.429,1,427.4,1,12.429,1,35.035,1
5905611,2025-11-28T23:41:20Z,1,-26.61903,158.33145,1,429.1,1,35.028,1,12.403,1,429.1,1,12.403,1,35.028,1
5905611,2025-11-28T23:41:20Z,1,-26.61903,158.33145,1,431.3,1,35.026,1,12.39,1,431.3,1,12.39,1,35.026,1
5905611,2025-11-28T23:41:20Z,1,-26.61903,158.33145,1,433.4,1,35.024,1,12.336,1,433.4,1,12.336,1,35.024,1
5905611,2025-11-28T23:41:20Z,1,-26.61903,158.33145,1,435.6,1,35.017,1,12.27,1,435.6,1,12.27,1,35.017,1
5905611,2025-11-28T23:41:20Z,1,-26.61903,158.33145,1,437.8,1,35.012,1,12.243,1,437.8,1,12.243,1,35.012,1
5905611,2025-11-28T23:41:20Z,1,-26.61903,158.33145,1,439.9,1,35.008,1,12.172,1,439.9,1,12.172,1,35.008,1
5905611,2025-11-28T23:41:20Z,1,-26.61903,158.33145,1,441.5,1,35.0,1,12.142,1,441.5,1,12.142,1,35.0,1
5905611,2025-11-28T23:41:20Z,1,-26.61903,158.33145,1,443.1,1,34.995,1,12.084,1,443.1,1,12.084,1,34.995,1
5905611,2025-11-28T23:41:20Z,1,-26.61903,158.33145,1,445.2,1,34.989,1,12.035,1,445.2,1,12.035,1,34.989,1
5905611,2025-11-28T23:41:20Z,1,-26.61903,158.33145,1,447.4,1,34.986,1,12.014,1,447.4,1,12.014,1,34.986,1
5905611,2025-11-28T23:41:20Z,1,-26.61903,158.33145,1,449.6,1,34.985,1,12.015,1,449.6,1,12.015,1,34.985,1
5905611,2025-11-28T23:41:20Z,1,-26.61903,158.33145,1,451.8,1,34.985,1,12.001,1,451.8,1,12.001,1,34.985,1
5905611,2025-11-28T23:41:20Z,1,-26.61903,158.33145,1,453.9,1,34.977,1,11.943,1,453.9,1,11.943,1,34.977,1
5905611,2025-11-28T23:41:20Z,1,-26.61903,158.33145,1,455.5,1,34.966,1,11.823,1,455.5,1,11.823,1,34.966,1
5905611,2025-11-28T23:41:20Z,1,-26.61903,158.33145,1,457.1,1,34.953,1,11.723,1,457.1,1,11.723,1,34.953,1
5905611,2025-11-28T23:41:20Z,1,-26.61903,158.33145,1,459.2,1,34.94,1,11.642,1,459.2,1,11.642,1,34.94,1
5905611,2025-11-28T23:41:20Z,1,-26.61903,158.33145,1,461.4,1,34.934,1,11.594,1,461.4,1,11.594,1,34.934,1
5905611,2025-11-28T23:41:20Z,1,-26.61903,158.33145,1,463.5,1,34.928,1,11.564,1,463.5,1,11.564,1,34.928,1
5905611,2025-11-28T23:41:20Z,1,-26.61903,158.33145,1,465.6,1,34.921,1,11.523,1,465.6,1,11.523,1,34.921,1
5905611,2025-11-28T23:41:20Z,1,-26.61903,158.33145,1,467.7,1,34.911,1,11.447,1,467.7,1,11.447,1,34.911,1
5905611,2025-11-28T23:41:20Z,1,-26.61903,158.33145,1,469.8,1,34.891,1,11.313,1,469.8,1,11.313,1,34.891,1
5905611,2025-11-28T23:41:20Z,1,-26.61903,158.33145,1,471.4,1,34.877,1,11.212,1,471.4,1,11.212,1,34.877,1
5905611,2025-11-28T23:41:20Z,1,-26.61903,158.33145,1,473.0,1,34.872,1,11.161,1,473.0,1,11.161,1,34.872,1
5905611,2025-11-28T23:41:20Z,1,-26.61903,158.33145,1,475.1,1,34.876,1,11.157,1,475.1,1,11.157,1,34.876,1
5905611,2025-11-28T23:41:20Z,1,-26.61903,158.33145,1,477.2,1,34.874,1,11.133,1,477.2,1,11.133,1,34.874,1
5905611,2025-11-28T23:41:20Z,1,-26.61903,158.33145,1,479.2,1,34.872,1,11.092,1,479.2,1,11.092,1,34.872,1
5905611,2025-11-28T23:41:20Z,1,-26.61903,158.33145,1,481.2,1,34.867,1,11.077,1,481.2,1,11.077,1,34.867,1
5905611,2025-11-28T23:41:20Z,1,-26.61903,158.33145,1,483.2,1,34.868,1,11.019,1,483.2,1,11.019,1,34.868,1
5905611,2025-11-28T23:41:20Z,1,-26.61903,158.33145,1,485.4,1,34.846,1,10.897,1,485.4,1,10.897,1,34.846,1
5905611,2025-11-28T23:41:20Z,1,-26.61903,158.33145,1,487.5,1,34.839,1,10.878,1,487.5,1,10.878,1,34.839,1
5905611,2025-11-28T23:41:20Z,1,-26.61903,158.33145,1,489.6,1,34.839,1,10.857,1,489.6,1,10.857,1,34.839,1
5905611,2025-11-28T23:41:20Z,1,-26.61903,158.33145,1,491.7,1,34.846,1,10.881,1,491.7,1,10.881,1,34.846,1
5905611,2025-11-28T23:41:20Z,1,-26.61903,158.33145,1,493.5,1,34.853,1,10.871,1,493.5,1,10.871,1,34.853,1
5905611,2025-11-28T23:41:20Z,1,-26.61903,158.33145,1,495.3,1,34.844,1,10.821,1,495.3,1,10.821,1,34.844,1
5905611,2025-11-28T23:41:20Z,1,-26.61903,158.33145,1,497.4,1,34.835,1,10.754,1,497.4,1,10.754,1,34.835,1
5905611,2025-11-28T23:41:20Z,1,-26.61903,158.33145,1,499.4,1,34.832,1,10.732,1,499.4,1,10.732,1,34.832,1
5905611,2025-11-28T23:41:20Z,1,-26.61903,158.33145,1,501.5,1,34.818,1,10.618,1,501.5,1,10.618,1,34.818,1
5905611,2025-11-28T23:41:20Z,1,-26.61903,158.33145,1,503.6,1,34.81,1,10.578,1,503.6,1,10.578,1,34.81,1
5905611,2025-11-28T23:41:20Z,1,-26.61903,158.33145,1,505.3,1,34.806,1,10.556,1,505.3,1,10.556,1,34.806,1
5905611,2025-11-28T23:41:20Z,1,-26.61903,158.33145,1,507.4,1,34.794,1,10.475,1,507.4,1,10.475,1,34.794,1
5905611,2025-11-28T23:41:20Z,1,-26.61903,158.33145,1,509.5,1,34.785,1,10.378,1,509.5,1,10.378,1,34.785,1
5905611,2025-11-28T23:41:20Z,1,-26.61903,158.33145,1,511.2,1,34.77,1,10.298,1,511.2,1,10.298,1,34.77,1
5905611,2025-11-28T23:41:20Z,1,-26.61903,158.33145,1,513.3,1,34.756,1,10.251,1,513.3,1,10.251,1,34.756,1
5905611,2025-11-28T23:41:20Z,1,-26.61903,158.33145,1,515.5,1,34.748,1,10.2,1,515.5,1,10.2,1,34.748,1
5905611,2025-11-28T23:41:20Z,1,-26.61903,158.33145,1,517.2,1,34.744,1,10.154,1,517.2,1,10.154,1,34.744,1
5905611,2025-11-28T23:41:20Z,1,-26.61903,158.33145,1,519.3,1,34.743,1,10.149,1,519.3,1,10.149,1,34.743,1
5905611,2025-11-28T23:41:20Z,1,-26.61903,158.33145,1,521.5,1,34.74,1,10.131,1,521.5,1,10.131,1,34.74,1
5905611,2025-11-28T23:41:20Z,1,-26.61903,158.33145,1,523.2,1,34.738,1,10.098,1,523.2,1,10.098,1,34.738,1
5905611,2025-11-28T23:41:20Z,1,-26.61903,158.33145,1,525.3,1,34.728,1,10.052,1,525.3,1,10.052,1,34.728,1
5905611,2025-11-28T23:41:20Z,1,-26.61903,158.33145,1,527.5,1,34.725,1,10.017,1,527.5,1,10.017,1,34.725,1
5905611,2025-11-28T23:41:20Z,1,-26.61903,158.33145,1,529.3,1,34.721,1,10.009,1,529.3,1,10.009,1,34.721,1
5905611,2025-11-28T23:41:20Z,1,-26.61903,158.33145,1,531.4,1,34.716,1,9.924,1,531.4,1,9.924,1,34.716,1
5905611,2025-11-28T23:41:20Z,1,-26.61903,158.33145,1,533.6,1,34.709,1,9.875,1,533.6,1,9.875,1,34.709,1
5905611,2025-11-28T23:41:20Z,1,-26.61903,158.33145,1,535.4,1,34.707,1,9.858,1,535.4,1,9.858,1,34.707,1
5905611,2025-11-28T23:41:20Z,1,-26.61903,158.33145,1,537.5,1,34.706,1,9.827,1,537.5,1,9.827,1,34.706,1
5905611,2025-11-28T23:41:20Z,1,-26.61903,158.33145,1,539.7,1,34.702,1,9.801,1,539.7,1,9.801,1,34.702,1
5905611,2025-11-28T23:41:20Z,1,-26.61903,158.33145,1,541.5,1,34.699,1,9.776,1,541.5,1,9.776,1,34.699,1
5905611,2025-11-28T23:41:20Z,1,-26.61903,158.33145,1,543.2,1,34.691,1,9.656,1,543.2,1,9.656,1,34.691,1
5905611,2025-11-28T23:41:20Z,1,-26.61903,158.33145,1,545.5,1,34.684,1,9.578,1,545.5,1,9.578,1,34.684,1
5905611,2025-11-28T23:41:20Z,1,-26.61903,158.33145,1,547.6,1,34.682,1,9.555,1,547.6,1,9.555,1,34.682,1
5905611,2025-11-28T23:41:20Z,1,-26.61903,158.33145,1,549.4,1,34.68,1,9.547,1,549.4,1,9.547,1,34.68,1
5905611,2025-11-28T23:41:20Z,1,-26.61903,158.33145,1,551.2,1,34.679,1,9.536,1,551.2,1,9.536,1,34.679,1
5905611,2025-11-28T23:41:20Z,1,-26.61903,158.33145,1,553.4,1,34.679,1,9.524,1,553.4,1,9.524,1,34.679,1
5905611,2025-11-28T23:41:20Z,1,-26.61903,158.33145,1,555.6,1,34.678,1,9.518,1,555.6,1,9.518,1,34.678,1
5905611,2025-11-28T23:41:20Z,1,-26.61903,158.33145,1,557.3,1,34.677,1,9.502,1,557.3,1,9.502,1,34.677,1
5905611,2025-11-28T23:41:20Z,1,-26.61903,158.33145,1,559.5,1,34.672,1,9.452,1,559.5,1,9.452,1,34.672,1
5905611,2025-11-28T23:41:20Z,1,-26.61903,158.33145,1,561.7,1,34.667,1,9.409,1,561.7,1,9.409,1,34.667,1
5905611,2025-11-28T23:41:20Z,1,-26.61903,158.33145,1,563.5,1,34.666,1,9.365,1,563.5,1,9.365,1,34.666,1
5905611,2025-11-28T23:41:20Z,1,-26.61903,158.33145,1,565.3,1,34.662,1,9.313,1,565.3,1,9.313,1,34.662,1
5905611,2025-11-28T23:41:20Z,1,-26.61903,158.33145,1,567.5,1,34.66,1,9.289,1,567.5,1,9.289,1,34.66,1
5905611,2025-11-28T23:41:20Z,1,-26.61903,158.33145,1,569.7,1,34.659,1,9.264,1,569.7,1,9.264,1,34.659,1
5905611,2025-11-28T23:41:20Z,1,-26.61903,158.33145,1,571.4,1,34.655,1,9.23,1,571.4,1,9.23,1,34.655,1
5905611,2025-11-28T23:41:20Z,1,-26.61903,158.33145,1,573.2,1,34.652,1,9.199,1,573.2,1,9.199,1,34.652,1
5905611,2025-11-28T23:41:20Z,1,-26.61903,158.33145,1,575.4,1,34.648,1,9.163,1,575.4,1,9.163,1,34.648,1
5905611,2025-11-28T23:41:20Z,1,-26.61903,158.33145,1,577.6,1,34.637,1,9.109,1,577.6,1,9.109,1,34.637,1
5905611,2025-11-28T23:41:20Z,1,-26.61903,158.33145,1,579.4,1,34.632,1,9.066,1,579.4,1,9.066,1,34.632,1
5905611,2025-11-28T23:41:20Z,1,-26.61903,158.33145,1,581.2,1,34.628,1,9.033,1,581.2,1,9.033,1,34.628,1
5905611,2025-11-28T23:41:20Z,1,-26.61903,158.33145,1,583.5,1,34.619,1,8.974,1,583.5,1,8.974,1,34.619,1
5905611,2025-11-28T23:41:20Z,1,-26.61903,158.33145,1,585.8,1,34.615,1,8.916,1,585.8,1,8.916,1,34.615,1
5905611,2025-11-28T23:41:20Z,1,-26.61903,158.33145,1,587.6,1,34.614,1,8.874,1,587.6,1,8.874,1,34.614,1
5905611,2025-11-28T23:41:20Z,1,-26.61903,158.33145,1,589.5,1,34.603,1,8.816,1,589.5,1,8.816,1,34.603,1
5905611,2025-11-28T23:41:20Z,1,-26.61903,158.33145,1,591.3,1,34.601,1,8.791,1,591.3,1,8.791,1,34.601,1
5905611,2025-11-28T23:41:20Z,1,-26.61903,158.33145,1,593.2,1,34.598,1,8.774,1,593.2,1,8.774,1,34.598,1
5905611,2025-11-28T23:41:20Z,1,-26.61903,158.33145,1,595.5,1,34.595,1,8.725,1,595.5,1,8.725,1,34.595,1
5905611,2025-11-28T23:41:20Z,1,-26.61903,158.33145,1,597.9,1,34.588,1,8.665,1,597.9,1,8.665,1,34.588,1
5905611,2025-11-28T23:41:20Z,1,-26.61903,158.33145,1,599.8,1,34.587,1,8.648,1,599.8,1,8.648,1,34.587,1
5905611,2025-11-28T23:41:20Z,1,-26.61903,158.33145,1,601.7,1,34.585,1,8.639,1,601.7,1,8.639,1,34.585,1
5905611,2025-11-28T23:41:20Z,1,-26.61903,158.33145,1,603.6,1,34.584,1,8.621,1,603.6,1,8.621,1,34.584,1
5905611,2025-11-28T23:41:20Z,1,-26.61903,158.33145,1,605.5,1,34.584,1,8.61,1,605.5,1,8.61,1,34.584,1
5905611,2025-11-28T23:41:20Z,1,-26.61903,158.33145,1,607.4,1,34.582,1,8.603,1,607.4,1,8.603,1,34.582,1
5905611,2025-11-28T23:41:20Z,1,-26.61903,158.33145,1,609.3,1,34.581,1,8.589,1,609.3,1,8.589,1,34.581,1
5905611,2025-11-28T23:41:20Z,1,-26.61903,158.33145,1,611.2,1,34.579,1,8.57,1,611.2,1,8.57,1,34.579,1
5905611,2025-11-28T23:41:20Z,1,-26.61903,158.33145,1,613.1,1,34.578,1,8.553,1,613.1,1,8.553,1,34.578,1
5905611,2025-11-28T23:41:20Z,1,-26.61903,158.33145,1,615.0,1,34.575,1,8.529,1,615.0,1,8.529,1,34.575,1
5905611,2025-11-28T23:41:20Z,1,-26.61903,158.33145,1,617.4,1,34.57,1,8.482,1,617.4,1,8.482,1,34.57,1
5905611,2025-11-28T23:41:20Z,1,-26.61903,158.33145,1,619.7,1,34.565,1,8.422,1,619.7,1,8.422,1,34.565,1
5905611,2025-11-28T23:41:20Z,1,-26.61903,158.33145,1,621.6,1,34.562,1,8.384,1,621.6,1,8.384,1,34.562,1
5905611,2025-11-28T23:41:20Z,1,-26.61903,158.33145,1,623.6,1,34.558,1,8.341,1,623.6,1,8.341,1,34.558,1
5905611,2025-11-28T23:41:20Z,1,-26.61903,158.33145,1,625.5,1,34.554,1,8.301,1,625.5,1,8.301,1,34.554,1
5905611,2025-11-28T23:41:20Z,1,-26.61903,158.33145,1,627.4,1,34.554,1,8.294,1,627.4,1,8.294,1,34.554,1
5905611,2025-11-28T23:41:20Z,1,-26.61903,158.33145,1,629.3,1,34.552,1,8.28,1,629.3,1,8.28,1,34.552,1
5905611,2025-11-28T23:41:20Z,1,-26.61903,158.33145,1,631.2,1,34.55,1,8.271,1,631.2,1,8.271,1,34.55,1
5905611,2025-11-28T23:41:20Z,1,-26.61903,158.33145,1,633.0,1,34.551,1,8.257,1,633.0,1,8.257,1,34.551,1
5905611,2025-11-28T23:41:20Z,1,-26.61903,158.33145,1,635.4,1,34.547,1,8.234,1,635.4,1,8.234,1,34.547,1
5905611,2025-11-28T23:41:20Z,1,-26.61903,158.33145,1,637.8,1,34.546,1,8.214,1,637.8,1,8.214,1,34.546,1
5905611,2025-11-28T23:41:20Z,1,-26.61903,158.33145,1,639.6,1,34.544,1,8.207,1,639.6,1,8.207,1,34.544,1
5905611,2025-11-28T23:41:20Z,1,-26.61903,158.33145,1,641.5,1,34.542,1,8.201,1,641.5,1,8.201,1,34.542,1
5905611,2025-11-28T23:41:20Z,1,-26.61903,158.33145,1,643.3,1,34.541,1,8.184,1,643.3,1,8.184,1,34.541,1
5905611,2025-11-28T23:41:20Z,1,-26.61903,158.33145,1,645.2,1,34.538,1,8.131,1,645.2,1,8.131,1,34.538,1
5905611,2025-11-28T23:41:20Z,1,-26.61903,158.33145,1,647.1,1,34.533,1,8.09,1,647.1,1,8.09,1,34.533,1
5905611,2025-11-28T23:41:20Z,1,-26.61903,158.33145,1,649.4,1,34.529,1,8.029,1,649.4,1,8.029,1,34.529,1
5905611,2025-11-28T23:41:20Z,1,-26.61903,158.33145,1,651.7,1,34.524,1,7.989,1,651.7,1,7.989,1,34.524,1
5905611,2025-11-28T23:41:20Z,1,-26.61903,158.33145,1,653.6,1,34.524,1,7.976,1,653.6,1,7.976,1,34.524,1
5905611,2025-11-28T23:41:20Z,1,-26.61903,158.33145,1,655.5,1,34.523,1,7.965,1,655.5,1,7.965,1,34.523,1
5905611,2025-11-28T23:41:20Z,1,-26.61903,158.33145,1,657.4,1,34.521,1,7.947,1,657.4,1,7.947,1,34.521,1
5905611,2025-11-28T23:41:20Z,1,-26.61903,158.33145,1,659.3,1,34.518,1,7.922,1,659.3,1,7.922,1,34.518,1
5905611,2025-11-28T23:41:20Z,1,-26.61903,158.33145,1,661.3,1,34.518,1,7.907,1,661.3,1,7.907,1,34.518,1
5905611,2025-11-28T23:41:20Z,1,-26.61903,158.33145,1,663.2,1,34.516,1,7.886,1,663.2,1,7.886,1,34.516,1
5905611,2025-11-28T23:41:20Z,1,-26.61903,158.33145,1,665.1,1,34.513,1,7.84,1,665.1,1,7.84,1,34.513,1
5905611,2025-11-28T23:41:20Z,1,-26.61903,158.33145,1,667.1,1,34.511,1,7.824,1,667.1,1,7.824,1,34.511,1
5905611,2025-11-28T23:41:20Z,1,-26.61903,158.33145,1,669.1,1,34.51,1,7.816,1,669.1,1,7.816,1,34.51,1
5905611,2025-11-28T23:41:20Z,1,-26.61903,158.33145,1,671.0,1,34.509,1,7.787,1,671.0,1,7.787,1,34.509,1
5905611,2025-11-28T23:41:20Z,1,-26.61903,158.33145,1,673.4,1,34.505,1,7.761,1,673.4,1,7.761,1,34.505,1
5905611,2025-11-28T23:41:20Z,1,-26.61903,158.33145,1,675.8,1,34.503,1,7.741,1,675.8,1,7.741,1,34.503,1
5905611,2025-11-28T23:41:20Z,1,-26.61903,158.33145,1,677.8,1,34.501,1,7.73,1,677.8,1,7.73,1,34.501,1
5905611,2025-11-28T23:41:20Z,1,-26.61903,158.33145,1,679.7,1,34.499,1,7.671,1,679.7,1,7.671,1,34.499,1
5905611,2025-11-28T23:41:20Z,1,-26.61903,158.33145,1,681.6,1,34.493,1,7.622,1,681.6,1,7.622,1,34.493,1
5905611,2025-11-28T23:41:20Z,1,-26.61903,158.33145,1,683.5,1,34.491,1,7.588,1,683.5,1,7.588,1,34.491,1
5905611,2025-11-28T23:41:20Z,1,-26.61903,158.33145,1,685.5,1,34.491,1,7.572,1,685.5,1,7.572,1,34.491,1
5905611,2025-11-28T23:41:20Z,1,-26.61903,158.33145,1,687.4,1,34.49,1,7.561,1,687.4,1,7.561,1,34.49,1
5905611,2025-11-28T23:41:20Z,1,-26.61903,158.33145,1,689.4,1,34.489,1,7.554,1,689.4,1,7.554,1,34.489,1
5905611,2025-11-28T23:41:20Z,1,-26.61903,158.33145,1,691.3,1,34.491,1,7.544,1,691.3,1,7.544,1,34.491,1
5905611,2025-11-28T23:41:20Z,1,-26.61903,158.33145,1,693.1,1,34.486,1,7.478,1,693.1,1,7.478,1,34.486,1
5905611,2025-11-28T23:41:20Z,1,-26.61903,158.33145,1,695.1,1,34.483,1,7.445,1,695.1,1,7.445,1,34.483,1
5905611,2025-11-28T23:41:20Z,1,-26.61903,158.33145,1,697.0,1,34.484,1,7.437,1,697.0,1,7.437,1,34.484,1
5905611,2025-11-28T23:41:20Z,1,-26.61903,158.33145,1,699.0,1,34.482,1,7.424,1,699.0,1,7.424,1,34.482,1
5905611,2025-11-28T23:41:20Z,1,-26.61903,158.33145,1,701.4,1,34.48,1,7.397,1,701.4,1,7.397,1,34.48,1
5905611,2025-11-28T23:41:20Z,1,-26.61903,158.33145,1,703.9,1,34.478,1,7.386,1,703.9,1,7.386,1,34.478,1
5905611,2025-11-28T23:41:20Z,1,-26.61903,158.33145,1,705.8,1,34.478,1,7.374,1,705.8,1,7.374,1,34.478,1
5905611,2025-11-28T23:41:20Z,1,-26.61903,158.33145,1,707.8,1,34.476,1,7.355,1,707.8,1,7.355,1,34.476,1
5905611,2025-11-28T23:41:20Z,1,-26.61903,158.33145,1,709.8,1,34.474,1,7.332,1,709.8,1,7.332,1,34.474,1
5905611,2025-11-28T23:41:20Z,1,-26.61903,158.33145,1,711.8,1,34.477,1,7.326,1,711.8,1,7.326,1,34.477,1
5905611,2025-11-28T23:41:20Z,1,-26.61903,158.33145,1,713.7,1,34.494,1,7.385,1,713.7,1,7.385,1,34.494,1
5905611,2025-11-28T23:41:20Z,1,-26.61903,158.33145,1,715.7,1,34.49,1,7.36,1,715.7,1,7.36,1,34.49,1
5905611,2025-11-28T23:41:20Z,1,-26.61903,158.33145,1,717.8,1,34.491,1,7.354,1,717.8,1,7.354,1,34.491,1
5905611,2025-11-28T23:41:20Z,1,-26.61903,158.33145,1,719.8,1,34.495,1,7.386,1,719.8,1,7.386,1,34.495,1
5905611,2025-11-28T23:41:20Z,1,-26.61903,158.33145,1,721.4,1,34.493,1,7.386,1,721.4,1,7.386,1,34.493,1
5905611,2025-11-28T23:41:20Z,1,-26.61903,158.33145,1,723.0,1,34.481,1,7.304,1,723.0,1,7.304,1,34.481,1
5905611,2025-11-28T23:41:20Z,1,-26.61903,158.33145,1,725.0,1,34.477,1,7.257,1,725.0,1,7.257,1,34.477,1
5905611,2025-11-28T23:41:20Z,1,-26.61903,158.33145,1,727.1,1,34.477,1,7.245,1,727.1,1,7.245,1,34.477,1
5905611,2025-11-28T23:41:20Z,1,-26.61903,158.33145,1,729.2,1,34.476,1,7.209,1,729.2,1,7.209,1,34.476,1
5905611,2025-11-28T23:41:20Z,1,-26.61903,158.33145,1,731.3,1,34.474,1,7.196,1,731.3,1,7.196,1,34.474,1
5905611,2025-11-28T23:41:20Z,1,-26.61903,158.33145,1,733.4,1,34.473,1,7.189,1,733.4,1,7.189,1,34.473,1
5905611,2025-11-28T23:41:20Z,1,-26.61903,158.33145,1,735.5,1,34.474,1,7.186,1,735.5,1,7.186,1,34.474,1
5905611,2025-11-28T23:41:20Z,1,-26.61903,158.33145,1,737.6,1,34.475,1,7.188,1,737.6,1,7.188,1,34.475,1
5905611,2025-11-28T23:41:20Z,1,-26.61903,158.33145,1,739.7,1,34.475,1,7.191,1,739.7,1,7.191,1,34.475,1
5905611,2025-11-28T23:41:20Z,1,-26.61903,158.33145,1,741.8,1,34.475,1,7.186,1,741.8,1,7.186,1,34.475,1
5905611,2025-11-28T23:41:20Z,1,-26.61903,158.33145,1,743.4,1,34.471,1,7.176,1,743.4,1,7.176,1,34.471,1
5905611,2025-11-28T23:41:20Z,1,-26.61903,158.33145,1,745.0,1,34.468,1,7.128,1,745.0,1,7.128,1,34.468,1
5905611,2025-11-28T23:41:20Z,1,-26.61903,158.33145,1,747.1,1,34.461,1,7.085,1,747.1,1,7.085,1,34.461,1
5905611,2025-11-28T23:41:20Z,1,-26.61903,158.33145,1,749.3,1,34.455,1,7.035,1,749.3,1,7.035,1,34.455,1
5905611,2025-11-28T23:41:20Z,1,-26.61903,158.33145,1,751.4,1,34.452,1,7.001,1,751.4,1,7.001,1,34.452,1
5905611,2025-11-28T23:41:20Z,1,-26.61903,158.33145,1,753.6,1,34.451,1,6.974,1,753.6,1,6.974,1,34.451,1
5905611,2025-11-28T23:41:20Z,1,-26.61903,158.33145,1,755.7,1,34.451,1,6.957,1,755.7,1,6.957,1,34.451,1
5905611,2025-11-28T23:41:20Z,1,-26.61903,158.33145,1,757.4,1,34.449,1,6.941,1,757.4,1,6.941,1,34.449,1
5905611,2025-11-28T23:41:20Z,1,-26.61903,158.33145,1,759.0,1,34.454,1,6.948,1,759.0,1,6.948,1,34.454,1
5905611,2025-11-28T23:41:20Z,1,-26.61903,158.33145,1,761.2,1,34.458,1,6.958,1,761.2,1,6.958,1,34.458,1
5905611,2025-11-28T23:41:20Z,1,-26.61903,158.33145,1,763.4,1,34.454,1,6.918,1,763.4,1,6.918,1,34.454,1
5905611,2025-11-28T23:41:20Z,1,-26.61903,158.33145,1,765.6,1,34.45,1,6.885,1,765.6,1,6.885,1,34.45,1
5905611,2025-11-28T23:41:20Z,1,-26.61903,158.33145,1,767.8,1,34.458,1,6.911,1,767.8,1,6.911,1,34.458,1
5905611,2025-11-28T23:41:20Z,1,-26.61903,158.33145,1,769.5,1,34.459,1,6.904,1,769.5,1,6.904,1,34.459,1
5905611,2025-11-28T23:41:20Z,1,-26.61903,158.33145,1,771.1,1,34.458,1,6.88,1,771.1,1,6.88,1,34.458,1
5905611,2025-11-28T23:41:20Z,1,-26.61903,158.33145,1,773.4,1,34.455,1,6.838,1,773.4,1,6.838,1,34.455,1
5905611,2025-11-28T23:41:20Z,1,-26.61903,158.33145,1,775.6,1,34.455,1,6.831,1,775.6,1,6.831,1,34.455,1
5905611,2025-11-28T23:41:20Z,1,-26.61903,158.33145,1,777.8,1,34.461,1,6.847,1,777.8,1,6.847,1,34.461,1
5905611,2025-11-28T23:41:20Z,1,-26.61903,158.33145,1,779.5,1,34.465,1,6.813,1,779.5,1,6.813,1,34.465,1
5905611,2025-11-28T23:41:20Z,1,-26.61903,158.33145,1,781.1,1,34.469,1,6.831,1,781.1,1,6.831,1,34.469,1
5905611,2025-11-28T23:41:20Z,1,-26.61903,158.33145,1,783.3,1,34.467,1,6.817,1,783.3,1,6.817,1,34.467,1
5905611,2025-11-28T23:41:20Z,1,-26.61903,158.33145,1,785.5,1,34.466,1,6.794,1,785.5,1,6.794,1,34.466,1
5905611,2025-11-28T23:41:20Z,1,-26.61903,158.33145,1,787.7,1,34.466,1,6.778,1,787.7,1,6.778,1,34.466,1
5905611,2025-11-28T23:41:20Z,1,-26.61903,158.33145,1,789.4,1,34.467,1,6.766,1,789.4,1,6.766,1,34.467,1
5905611,2025-11-28T23:41:20Z,1,-26.61903,158.33145,1,791.0,1,34.464,1,6.749,1,791.0,1,6.749,1,34.464,1
5905611,2025-11-28T23:41:20Z,1,-26.61903,158.33145,1,793.2,1,34.463,1,6.738,1,793.2,1,6.738,1,34.463,1
5905611,2025-11-28T23:41:20Z,1,-26.61903,158.33145,1,795.4,1,34.462,1,6.721,1,795.4,1,6.721,1,34.462,1
5905611,2025-11-28T23:41:20Z,1,-26.61903,158.33145,1,797.6,1,34.462,1,6.719,1,797.6,1,6.719,1,34.462,1
5905611,2025-11-28T23:41:20Z,1,-26.61903,158.33145,1,799.8,1,34.462,1,6.717,1,799.8,1,6.717,1,34.462,1
5905611,2025-11-28T23:41:20Z,1,-26.61903,158.33145,1,801.5,1,34.462,1,6.716,1,801.5,1,6.716,1,34.462,1
5905611,2025-11-28T23:41:20Z,1,-26.61903,158.33145,1,803.1,1,34.462,1,6.711,1,803.1,1,6.711,1,34.462,1
5905611,2025-11-28T23:41:20Z,1,-26.61903,158.33145,1,805.3,1,34.461,1,6.707,1,805.3,1,6.707,1,34.461,1
5905611,2025-11-28T23:41:20Z,1,-26.61903,158.33145,1,807.4,1,34.46,1,6.695,1,807.4,1,6.695,1,34.46,1
5905611,2025-11-28T23:41:20Z,1,-26.61903,158.33145,1,809.5,1,34.458,1,6.652,1,809.5,1,6.652,1,34.458,1
5905611,2025-11-28T23:41:20Z,1,-26.61903,158.33145,1,811.6,1,34.455,1,6.606,1,811.6,1,6.606,1,34.455,1
5905611,2025-11-28T23:41:20Z,1,-26.61903,158.33145,1,813.8,1,34.453,1,6.573,1,813.8,1,6.573,1,34.453,1
5905611,2025-11-28T23:41:20Z,1,-26.61903,158.33145,1,815.4,1,34.452,1,6.546,1,815.4,1,6.546,1,34.452,1
5905611,2025-11-28T23:41:20Z,1,-26.61903,158.33145,1,817.0,1,34.456,1,6.551,1,817.0,1,6.551,1,34.456,1
5905611,2025-11-28T23:41:20Z,1,-26.61903,158.33145,1,819.1,1,34.455,1,6.545,1,819.1,1,6.545,1,34.455,1
5905611,2025-11-28T23:41:20Z,1,-26.61903,158.33145,1,821.2,1,34.455,1,6.534,1,821.2,1,6.534,1,34.455,1
5905611,2025-11-28T23:41:20Z,1,-26.61903,158.33145,1,823.3,1,34.455,1,6.516,1,823.3,1,6.516,1,34.455,1
5905611,2025-11-28T23:41:20Z,1,-26.61903,158.33145,1,825.5,1,34.455,1,6.505,1,825.5,1,6.505,1,34.455,1
5905611,2025-11-28T23:41:20Z,1,-26.61903,158.33145,1,827.6,1,34.453,1,6.486,1,827.6,1,6.486,1,34.453,1
5905611,2025-11-28T23:41:20Z,1,-26.61903,158.33145,1,829.7,1,34.453,1,6.456,1,829.7,1,6.456,1,34.453,1
5905611,2025-11-28T23:41:20Z,1,-26.61903,158.33145,1,831.9,1,34.451,1,6.414,1,831.9,1,6.414,1,34.451,1
5905611,2025-11-28T23:41:20Z,1,-26.61903,158.33145,1,833.5,1,34.452,1,6.396,1,833.5,1,6.396,1,34.452,1
5905611,2025-11-28T23:41:20Z,1,-26.61903,158.33145,1,835.0,1,34.451,1,6.369,1,835.0,1,6.369,1,34.451,1
5905611,2025-11-28T23:41:20Z,1,-26.61903,158.33145,1,837.1,1,34.451,1,6.351,1,837.1,1,6.351,1,34.451,1
5905611,2025-11-28T23:41:20Z,1,-26.61903,158.33145,1,839.2,1,34.45,1,6.334,1,839.2,1,6.334,1,34.45,1
5905611,2025-11-28T23:41:20Z,1,-26.61903,158.33145,1,841.3,1,34.449,1,6.327,1,841.3,1,6.327,1,34.449,1
5905611,2025-11-28T23:41:20Z,1,-26.61903,158.33145,1,843.4,1,34.448,1,6.294,1,843.4,1,6.294,1,34.448,1
5905611,2025-11-28T23:41:20Z,1,-26.61903,158.33145,1,845.4,1,34.448,1,6.256,1,845.4,1,6.256,1,34.448,1
5905611,2025-11-28T23:41:20Z,1,-26.61903,158.33145,1,847.5,1,34.447,1,6.24,1,847.5,1,6.24,1,34.447,1
5905611,2025-11-28T23:41:20Z,1,-26.61903,158.33145,1,849.6,1,34.449,1,6.217,1,849.6,1,6.217,1,34.449,1
5905611,2025-11-28T23:41:20Z,1,-26.61903,158.33145,1,851.7,1,34.448,1,6.201,1,851.7,1,6.201,1,34.448,1
5905611,2025-11-28T23:41:20Z,1,-26.61903,158.33145,1,853.9,1,34.448,1,6.197,1,853.9,1,6.197,1,34.448,1
5905611,2025-11-28T23:41:20Z,1,-26.61903,158.33145,1,855.5,1,34.448,1,6.198,1,855.5,1,6.198,1,34.448,1
5905611,2025-11-28T23:41:20Z,1,-26.61903,158.33145,1,857.0,1,34.447,1,6.185,1,857.0,1,6.185,1,34.447,1
5905611,2025-11-28T23:41:20Z,1,-26.61903,158.33145,1,859.1,1,34.447,1,6.152,1,859.1,1,6.152,1,34.447,1
5905611,2025-11-28T23:41:20Z,1,-26.61903,158.33145,1,861.3,1,34.446,1,6.134,1,861.3,1,6.134,1,34.446,1
5905611,2025-11-28T23:41:20Z,1,-26.61903,158.33145,1,863.3,1,34.445,1,6.119,1,863.3,1,6.119,1,34.445,1
5905611,2025-11-28T23:41:20Z,1,-26.61903,158.33145,1,865.4,1,34.445,1,6.116,1,865.4,1,6.116,1,34.445,1
5905611,2025-11-28T23:41:20Z,1,-26.61903,158.33145,1,867.5,1,34.445,1,6.108,1,867.5,1,6.108,1,34.445,1
5905611,2025-11-28T23:41:20Z,1,-26.61903,158.33145,1,869.6,1,34.446,1,6.087,1,869.6,1,6.087,1,34.446,1
5905611,2025-11-28T23:41:20Z,1,-26.61903,158.33145,1,871.7,1,34.447,1,6.068,1,871.7,1,6.068,1,34.447,1
5905611,2025-11-28T23:41:20Z,1,-26.61903,158.33145,1,873.8,1,34.445,1,6.049,1,873.8,1,6.049,1,34.445,1
5905611,2025-11-28T23:41:20Z,1,-26.61903,158.33145,1,875.4,1,34.445,1,6.031,1,875.4,1,6.031,1,34.445,1
5905611,2025-11-28T23:41:20Z,1,-26.61903,158.33145,1,876.9,1,34.445,1,6.024,1,876.9,1,6.024,1,34.445,1
5905611,2025-11-28T23:41:20Z,1,-26.61903,158.33145,1,879.2,1,34.445,1,6.002,1,879.2,1,6.002,1,34.445,1
5905611,2025-11-28T23:41:20Z,1,-26.61903,158.33145,1,881.3,1,34.446,1,5.975,1,881.3,1,5.975,1,34.446,1
5905611,2025-11-28T23:41:20Z,1,-26.61903,158.33145,1,883.3,1,34.446,1,5.953,1,883.3,1,5.953,1,34.446,1
5905611,2025-11-28T23:41:20Z,1,-26.61903,158.33145,1,885.4,1,34.445,1,5.944,1,885.4,1,5.944,1,34.445,1
5905611,2025-11-28T23:41:20Z,1,-26.61903,158.33145,1,887.4,1,34.445,1,5.923,1,887.4,1,5.923,1,34.445,1
5905611,2025-11-28T23:41:20Z,1,-26.61903,158.33145,1,889.5,1,34.444,1,5.895,1,889.5,1,5.895,1,34.444,1
5905611,2025-11-28T23:41:20Z,1,-26.61903,158.33145,1,891.5,1,34.443,1,5.889,1,891.5,1,5.889,1,34.443,1
5905611,2025-11-28T23:41:20Z,1,-26.61903,158.33145,1,893.6,1,34.443,1,5.885,1,893.6,1,5.885,1,34.443,1
5905611,2025-11-28T23:41:20Z,1,-26.61903,158.33145,1,895.2,1,34.443,1,5.881,1,895.2,1,5.881,1,34.443,1
5905611,2025-11-28T23:41:20Z,1,-26.61903,158.33145,1,897.3,1,34.443,1,5.87,1,897.3,1,5.87,1,34.443,1
5905611,2025-11-28T23:41:20Z,1,-26.61903,158.33145,1,899.5,1,34.443,1,5.869,1,899.5,1,5.869,1,34.443,1
5905611,2025-11-28T23:41:20Z,1,-26.61903,158.33145,1,901.6,1,34.443,1,5.864,1,901.6,1,5.864,1,34.443,1
5905611,2025-11-28T23:41:20Z,1,-26.61903,158.33145,1,903.7,1,34.444,1,5.848,1,903.7,1,5.848,1,34.444,1
5905611,2025-11-28T23:41:20Z,1,-26.61903,158.33145,1,905.4,1,34.444,1,5.833,1,905.4,1,5.833,1,34.444,1
5905611,2025-11-28T23:41:20Z,1,-26.61903,158.33145,1,907.2,1,34.444,1,5.822,1,907.2,1,5.822,1,34.444,1
5905611,2025-11-28T23:41:20Z,1,-26.61903,158.33145,1,909.4,1,34.444,1,5.785,1,909.4,1,5.785,1,34.444,1
5905611,2025-11-28T23:41:20Z,1,-26.61903,158.33145,1,911.6,1,34.446,1,5.752,1,911.6,1,5.752,1,34.446,1
5905611,2025-11-28T23:41:20Z,1,-26.61903,158.33145,1,913.3,1,34.444,1,5.747,1,913.3,1,5.747,1,34.444,1
5905611,2025-11-28T23:41:20Z,1,-26.61903,158.33145,1,915.4,1,34.444,1,5.742,1,915.4,1,5.742,1,34.444,1
5905611,2025-11-28T23:41:20Z,1,-26.61903,158.33145,1,917.6,1,34.446,1,5.72,1,917.6,1,5.72,1,34.446,1
5905611,2025-11-28T23:41:20Z,1,-26.61903,158.33145,1,919.4,1,34.444,1,5.701,1,919.4,1,5.701,1,34.444,1
5905611,2025-11-28T23:41:20Z,1,-26.61903,158.33145,1,921.1,1,34.444,1,5.692,1,921.1,1,5.692,1,34.444,1
5905611,2025-11-28T23:41:20Z,1,-26.61903,158.33145,1,923.3,1,34.443,1,5.667,1,923.3,1,5.667,1,34.443,1
5905611,2025-11-28T23:41:20Z,1,-26.61903,158.33145,1,925.5,1,34.443,1,5.659,1,925.5,1,5.659,1,34.443,1
5905611,2025-11-28T23:41:20Z,1,-26.61903,158.33145,1,927.3,1,34.443,1,5.651,1,927.3,1,5.651,1,34.443,1
5905611,2025-11-28T23:41:20Z,1,-26.61903,158.33145,1,929.1,1,34.443,1,5.634,1,929.1,1,5.634,1,34.443,1
5905611,2025-11-28T23:41:20Z,1,-26.61903,158.33145,1,931.4,1,34.444,1,5.62,1,931.4,1,5.62,1,34.444,1
5905611,2025-11-28T23:41:20Z,1,-26.61903,158.33145,1,933.6,1,34.445,1,5.608,1,933.6,1,5.608,1,34.445,1
5905611,2025-11-28T23:41:20Z,1,-26.61903,158.33145,1,935.4,1,34.443,1,5.599,1,935.4,1,5.599,1,34.443,1
5905611,2025-11-28T23:41:20Z,1,-26.61903,158.33145,1,937.3,1,34.444,1,5.585,1,937.3,1,5.585,1,34.444,1
5905611,2025-11-28T23:41:20Z,1,-26.61903,158.33145,1,939.1,1,34.444,1,5.58,1,939.1,1,5.58,1,34.444,1
5905611,2025-11-28T23:41:20Z,1,-26.61903,158.33145,1,941.4,1,34.444,1,5.538,1,941.4,1,5.538,1,34.444,1
5905611,2025-11-28T23:41:20Z,1,-26.61903,158.33145,1,943.6,1,34.444,1,5.522,1,943.6,1,5.522,1,34.444,1
5905611,2025-11-28T23:41:20Z,1,-26.61903,158.33145,1,945.4,1,34.444,1,5.515,1,945.4,1,5.515,1,34.444,1
5905611,2025-11-28T23:41:20Z,1,-26.61903,158.33145,1,947.3,1,34.444,1,5.495,1,947.3,1,5.495,1,34.444,1
5905611,2025-11-28T23:41:20Z,1,-26.61903,158.33145,1,949.1,1,34.444,1,5.478,1,949.1,1,5.478,1,34.444,1
5905611,2025-11-28T23:41:20Z,1,-26.61903,158.33145,1,951.4,1,34.444,1,5.467,1,951.4,1,5.467,1,34.444,1
5905611,2025-11-28T23:41:20Z,1,-26.61903,158.33145,1,953.8,1,34.444,1,5.444,1,953.8,1,5.444,1,34.444,1
5905611,2025-11-28T23:41:20Z,1,-26.61903,158.33145,1,955.6,1,34.443,1,5.421,1,955.6,1,5.421,1,34.443,1
5905611,2025-11-28T23:41:20Z,1,-26.61903,158.33145,1,957.5,1,34.445,1,5.399,1,957.5,1,5.399,1,34.445,1
5905611,2025-11-28T23:41:20Z,1,-26.61903,158.33145,1,959.4,1,34.445,1,5.387,1,959.4,1,5.387,1,34.445,1
5905611,2025-11-28T23:41:20Z,1,-26.61903,158.33145,1,961.2,1,34.444,1,5.384,1,961.2,1,5.384,1,34.444,1
5905611,2025-11-28T23:41:20Z,1,-26.61903,158.33145,1,963.1,1,34.446,1,5.372,1,963.1,1,5.372,1,34.446,1
5905611,2025-11-28T23:41:20Z,1,-26.61903,158.33145,1,965.4,1,34.445,1,5.355,1,965.4,1,5.355,1,34.445,1
5905611,2025-11-28T23:41:20Z,1,-26.61903,158.33145,1,967.7,1,34.447,1,5.325,1,967.7,1,5.325,1,34.447,1
5905611,2025-11-28T23:41:20Z,1,-26.61903,158.33145,1,969.6,1,34.446,1,5.306,1,969.6,1,5.306,1,34.446,1
5905611,2025-11-28T23:41:20Z,1,-26.61903,158.33145,1,971.4,1,34.446,1,5.302,1,971.4,1,5.302,1,34.446,1
5905611,2025-11-28T23:41:20Z,1,-26.61903,158.33145,1,973.4,1,34.447,1,5.297,1,973.4,1,5.297,1,34.447,1
5905611,2025-11-28T23:41:20Z,1,-26.61903,158.33145,1,975.2,1,34.446,1,5.294,1,975.2,1,5.294,1,34.446,1
5905611,2025-11-28T23:41:20Z,1,-26.61903,158.33145,1,977.1,1,34.447,1,5.281,1,977.1,1,5.281,1,34.447,1
5905611,2025-11-28T23:41:20Z,1,-26.61903,158.33145,1,979.1,1,34.448,1,5.266,1,979.1,1,5.266,1,34.448,1
5905611,2025-11-28T23:41:20Z,1,-26.61903,158.33145,1,981.0,1,34.449,1,5.245,1,981.0,1,5.245,1,34.449,1
5905611,2025-11-28T23:41:20Z,1,-26.61903,158.33145,1,983.4,1,34.449,1,5.235,1,983.4,1,5.235,1,34.449,1
5905611,2025-11-28T23:41:20Z,1,-26.61903,158.33145,1,985.9,1,34.449,1,5.227,1,985.9,1,5.227,1,34.449,1
5905611,2025-11-28T23:41:20Z,1,-26.61903,158.33145,1,987.9,1,34.45,1,5.218,1,987.9,1,5.218,1,34.45,1
5905611,2025-11-28T23:41:20Z,1,-26.61903,158.33145,1,989.9,1,34.45,1,5.202,1,989.9,1,5.202,1,34.45,1
5905611,2025-11-28T23:41:20Z,1,-26.61903,158.33145,1,991.9,1,34.45,1,5.19,1,991.9,1,5.19,1,34.45,1
5905611,2025-11-28T23:41:20Z,1,-26.61903,158.33145,1,993.9,1,34.45,1,5.184,1,993.9,1,5.184,1,34.45,1
5905611,2025-11-28T23:41:20Z,1,-26.61903,158.33145,1,995.9,1,34.451,1,5.169,1,995.9,1,5.169,1,34.451,1
5905611,2025-11-28T23:41:20Z,1,-26.61903,158.33145,1,997.9,1,34.451,1,5.167,1,997.9,1,5.167,1,34.451,1
5905611,2025-11-28T23:41:20Z,1,-26.61903,158.33145,1,999.6,1,34.452,1,5.157,1,999.6,1,5.157,1,34.452,1
5905611,2025-11-28T23:41:20Z,1,-26.61903,158.33145,1,1001.2,1,34.452,1,5.142,1,1001.2,1,5.142,1,34.452,1
5905611,2025-11-28T23:41:20Z,1,-26.61903,158.33145,1,1003.3,1,34.452,1,5.133,1,1003.3,1,5.133,1,34.452,1
5905611,2025-11-28T23:41:20Z,1,-26.61903,158.33145,1,1005.4,1,34.453,1,5.122,1,1005.4,1,5.122,1,34.453,1
5905611,2025-11-28T23:41:20Z,1,-26.61903,158.33145,1,1007.4,1,34.453,1,5.107,1,1007.4,1,5.107,1,34.453,1
5905611,2025-11-28T23:41:20Z,1,-26.61903,158.33145,1,1009.3,1,34.454,1,5.088,1,1009.3,1,5.088,1,34.454,1
5905611,2025-11-28T23:41:20Z,1,-26.61903,158.33145,1,1011.3,1,34.455,1,5.073,1,1011.3,1,5.073,1,34.455,1
5905611,2025-11-28T23:41:20Z,1,-26.61903,158.33145,1,1013.3,1,34.455,1,5.068,1,1013.3,1,5.068,1,34.455,1
5905611,2025-11-28T23:41:20Z,1,-26.61903,158.33145,1,1015.3,1,34.455,1,5.067,1,1015.3,1,5.067,1,34.455,1
5905611,2025-11-28T23:41:20Z,1,-26.61903,158.33145,1,1017.3,1,34.454,1,5.067,1,1017.3,1,5.067,1,34.454,1
5905611,2025-11-28T23:41:20Z,1,-26.61903,158.33145,1,1019.3,1,34.454,1,5.067,1,1019.3,1,5.067,1,34.454,1
5905611,2025-11-28T23:41:20Z,1,-26.61903,158.33145,1,1021.3,1,34.455,1,5.067,1,1021.3,1,5.067,1,34.455,1
5905611,2025-11-28T23:41:20Z,1,-26.61903,158.33145,1,1023.3,1,34.455,1,5.061,1,1023.3,1,5.061,1,34.455,1
5905611,2025-11-28T23:41:20Z,1,-26.61903,158.33145,1,1025.3,1,34.455,1,5.046,1,1025.3,1,5.046,1,34.455,1
5905611,2025-11-28T23:41:20Z,1,-26.61903,158.33145,1,1027.3,1,34.455,1,5.035,1,1027.3,1,5.035,1,34.455,1
5905611,2025-11-28T23:41:20Z,1,-26.61903,158.33145,1,1029.3,1,34.455,1,5.026,1,1029.3,1,5.026,1,34.455,1
5905611,2025-11-28T23:41:20Z,1,-26.61903,158.33145,1,1031.4,1,34.456,1,5.018,1,1031.4,1,5.018,1,34.456,1
5905611,2025-11-28T23:41:20Z,1,-26.61903,158.33145,1,1033.4,1,34.456,1,5.016,1,1033.4,1,5.016,1,34.456,1
5905611,2025-11-28T23:41:20Z,1,-26.61903,158.33145,1,1035.5,1,34.456,1,5.005,1,1035.5,1,5.005,1,34.456,1
5905611,2025-11-28T23:41:20Z,1,-26.61903,158.33145,1,1037.5,1,34.458,1,4.967,1,1037.5,1,4.967,1,34.458,1
5905611,2025-11-28T23:41:20Z,1,-26.61903,158.33145,1,1039.5,1,34.459,1,4.955,1,1039.5,1,4.955,1,34.459,1
5905611,2025-11-28T23:41:20Z,1,-26.61903,158.33145,1,1041.6,1,34.459,1,4.943,1,1041.6,1,4.943,1,34.459,1
5905611,2025-11-28T23:41:20Z,1,-26.61903,158.33145,1,1043.6,1,34.459,1,4.932,1,1043.6,1,4.932,1,34.459,1
5905611,2025-11-28T23:41:20Z,1,-26.61903,158.33145,1,1045.6,1,34.459,1,4.919,1,1045.6,1,4.919,1,34.459,1
5905611,2025-11-28T23:41:20Z,1,-26.61903,158.33145,1,1047.6,1,34.46,1,4.907,1,1047.6,1,4.907,1,34.46,1
5905611,2025-11-28T23:41:20Z,1,-26.61903,158.33145,1,1049.7,1,34.46,1,4.902,1,1049.7,1,4.902,1,34.46,1
5905611,2025-11-28T23:41:20Z,1,-26.61903,158.33145,1,1051.7,1,34.46,1,4.898,1,1051.7,1,4.898,1,34.46,1
5905611,2025-11-28T23:41:20Z,1,-26.61903,158.33145,1,1053.7,1,34.46,1,4.889,1,1053.7,1,4.889,1,34.46,1
5905611,2025-11-28T23:41:20Z,1,-26.61903,158.33145,1,1055.6,1,34.462,1,4.87,1,1055.6,1,4.87,1,34.462,1
5905611,2025-11-28T23:41:20Z,1,-26.61903,158.33145,1,1057.6,1,34.463,1,4.847,1,1057.6,1,4.847,1,34.463,1
5905611,2025-11-28T23:41:20Z,1,-26.61903,158.33145,1,1059.6,1,34.462,1,4.837,1,1059.6,1,4.837,1,34.462,1
5905611,2025-11-28T23:41:20Z,1,-26.61903,158.33145,1,1061.7,1,34.462,1,4.831,1,1061.7,1,4.831,1,34.462,1
5905611,2025-11-28T23:41:20Z,1,-26.61903,158.33145,1,1063.7,1,34.463,1,4.823,1,1063.7,1,4.823,1,34.463,1
5905611,2025-11-28T23:41:20Z,1,-26.61903,158.33145,1,1065.7,1,34.463,1,4.813,1,1065.7,1,4.813,1,34.463,1
5905611,2025-11-28T23:41:20Z,1,-26.61903,158.33145,1,1067.7,1,34.464,1,4.794,1,1067.7,1,4.794,1,34.464,1
5905611,2025-11-28T23:41:20Z,1,-26.61903,158.33145,1,1069.7,1,34.464,1,4.781,1,1069.7,1,4.781,1,34.464,1
5905611,2025-11-28T23:41:20Z,1,-26.61903,158.33145,1,1071.7,1,34.464,1,4.77,1,1071.7,1,4.77,1,34.464,1
5905611,2025-11-28T23:41:20Z,1,-26.61903,158.33145,1,1073.7,1,34.464,1,4.754,1,1073.7,1,4.754,1,34.464,1
5905611,2025-11-28T23:41:20Z,1,-26.61903,158.33145,1,1075.8,1,34.465,1,4.742,1,1075.8,1,4.742,1,34.465,1
5905611,2025-11-28T23:41:20Z,1,-26.61903,158.33145,1,1077.9,1,34.466,1,4.726,1,1077.9,1,4.726,1,34.466,1
5905611,2025-11-28T23:41:20Z,1,-26.61903,158.33145,1,1079.9,1,34.467,1,4.716,1,1079.9,1,4.716,1,34.467,1
5905611,2025-11-28T23:41:20Z,1,-26.61903,158.33145,1,1081.4,1,34.467,1,4.712,1,1081.4,1,4.712,1,34.467,1
5905611,2025-11-28T23:41:20Z,1,-26.61903,158.33145,1,1083.0,1,34.467,1,4.705,1,1083.0,1,4.705,1,34.467,1
5905611,2025-11-28T23:41:20Z,1,-26.61903,158.33145,1,1085.0,1,34.468,1,4.695,1,1085.0,1,4.695,1,34.468,1
5905611,2025-11-28T23:41:20Z,1,-26.61903,158.33145,1,1087.0,1,34.468,1,4.683,1,1087.0,1,4.683,1,34.468,1
5905611,2025-11-28T23:41:20Z,1,-26.61903,158.33145,1,1089.0,1,34.469,1,4.671,1,1089.0,1,4.671,1,34.469,1
5905611,2025-11-28T23:41:20Z,1,-26.61903,158.33145,1,1091.0,1,34.47,1,4.663,1,1091.0,1,4.663,1,34.47,1
5905611,2025-11-28T23:41:20Z,1,-26.61903,158.33145,1,1093.0,1,34.47,1,4.655,1,1093.0,1,4.655,1,34.47,1
5905611,2025-11-28T23:41:20Z,1,-26.61903,158.33145,1,1095.0,1,34.471,1,4.638,1,1095.0,1,4.638,1,34.471,1
5905611,2025-11-28T23:41:20Z,1,-26.61903,158.33145,1,1097.0,1,34.471,1,4.634,1,1097.0,1,4.634,1,34.471,1
5905611,2025-11-28T23:41:20Z,1,-26.61903,158.33145,1,1099.1,1,34.47,1,4.63,1,1099.1,1,4.63,1,34.47,1
5905611,2025-11-28T23:41:20Z,1,-26.61903,158.33145,1,1101.2,1,34.47,1,4.617,1,1101.2,1,4.617,1,34.47,1
5905611,2025-11-28T23:41:20Z,1,-26.61903,158.33145,1,1103.3,1,34.473,1,4.599,1,1103.3,1,4.599,1,34.473,1
5905611,2025-11-28T23:41:20Z,1,-26.61903,158.33145,1,1105.3,1,34.474,1,4.582,1,1105.3,1,4.582,1,34.474,1
5905611,2025-11-28T23:41:20Z,1,-26.61903,158.33145,1,1107.4,1,34.475,1,4.561,1,1107.4,1,4.561,1,34.475,1
5905611,2025-11-28T23:41:20Z,1,-26.61903,158.33145,1,1109.4,1,34.477,1,4.545,1,1109.4,1,4.545,1,34.477,1
5905611,2025-11-28T23:41:20Z,1,-26.61903,158.33145,1,1111.5,1,34.477,1,4.535,1,1111.5,1,4.535,1,34.477,1
5905611,2025-11-28T23:41:20Z,1,-26.61903,158.33145,1,1113.5,1,34.477,1,4.528,1,1113.5,1,4.528,1,34.477,1
5905611,2025-11-28T23:41:20Z,1,-26.61903,158.33145,1,1115.6,1,34.476,1,4.525,1,1115.6,1,4.525,1,34.476,1
5905611,2025-11-28T23:41:20Z,1,-26.61903,158.33145,1,1117.7,1,34.477,1,4.518,1,1117.7,1,4.518,1,34.477,1
5905611,2025-11-28T23:41:20Z,1,-26.61903,158.33145,1,1119.7,1,34.477,1,4.516,1,1119.7,1,4.516,1,34.477,1
5905611,2025-11-28T23:41:20Z,1,-26.61903,158.33145,1,1121.8,1,34.478,1,4.506,1,1121.8,1,4.506,1,34.478,1
5905611,2025-11-28T23:41:20Z,1,-26.61903,158.33145,1,1123.9,1,34.479,1,4.497,1,1123.9,1,4.497,1,34.479,1
5905611,2025-11-28T23:41:20Z,1,-26.61903,158.33145,1,1125.5,1,34.481,1,4.486,1,1125.5,1,4.486,1,34.481,1
5905611,2025-11-28T23:41:20Z,1,-26.61903,158.33145,1,1127.0,1,34.48,1,4.481,1,1127.0,1,4.481,1,34.48,1
5905611,2025-11-28T23:41:20Z,1,-26.61903,158.33145,1,1129.1,1,34.481,1,4.475,1,1129.1,1,4.475,1,34.481,1
5905611,2025-11-28T23:41:20Z,1,-26.61903,158.33145,1,1131.5,1,34.481,1,4.466,1,1131.5,1,4.466,1,34.481,1
5905611,2025-11-28T23:41:20Z,1,-26.61903,158.33145,1,1133.7,1,34.481,1,4.456,1,1133.7,1,4.456,1,34.481,1
5905611,2025-11-28T23:41:20Z,1,-26.61903,158.33145,1,1135.3,1,34.482,1,4.437,1,1135.3,1,4.437,1,34.482,1
5905611,2025-11-28T23:41:20Z,1,-26.61903,158.33145,1,1137.3,1,34.483,1,4.43,1,1137.3,1,4.43,1,34.483,1
5905611,2025-11-28T23:41:20Z,1,-26.61903,158.33145,1,1139.4,1,34.484,1,4.421,1,1139.4,1,4.421,1,34.484,1
5905611,2025-11-28T23:41:20Z,1,-26.61903,158.33145,1,1141.4,1,34.484,1,4.412,1,1141.4,1,4.412,1,34.484,1
5905611,2025-11-28T23:41:20Z,1,-26.61903,158.33145,1,1143.5,1,34.485,1,4.397,1,1143.5,1,4.397,1,34.485,1
5905611,2025-11-28T23:41:20Z,1,-26.61903,158.33145,1,1145.6,1,34.486,1,4.382,1,1145.6,1,4.382,1,34.486,1
5905611,2025-11-28T23:41:20Z,1,-26.61903,158.33145,1,1147.7,1,34.486,1,4.368,1,1147.7,1,4.368,1,34.486,1
5905611,2025-11-28T23:41:20Z,1,-26.61903,158.33145,1,1149.4,1,34.487,1,4.362,1,1149.4,1,4.362,1,34.487,1
5905611,2025-11-28T23:41:20Z,1,-26.61903,158.33145,1,1151.1,1,34.487,1,4.357,1,1151.1,1,4.357,1,34.487,1
5905611,2025-11-28T23:41:20Z,1,-26.61903,158.33145,1,1153.3,1,34.488,1,4.351,1,1153.3,1,4.351,1,34.488,1
5905611,2025-11-28T23:41:20Z,1,-26.61903,158.33145,1,1155.4,1,34.488,1,4.344,1,1155.4,1,4.344,1,34.488,1
5905611,2025-11-28T23:41:20Z,1,-26.61903,158.33145,1,1157.5,1,34.489,1,4.335,1,1157.5,1,4.335,1,34.489,1
5905611,2025-11-28T23:41:20Z,1,-26.61903,158.33145,1,1159.7,1,34.489,1,4.329,1,1159.7,1,4.329,1,34.489,1
5905611,2025-11-28T23:41:20Z,1,-26.61903,158.33145,1,1161.4,1,34.489,1,4.327,1,1161.4,1,4.327,1,34.489,1
5905611,2025-11-28T23:41:20Z,1,-26.61903,158.33145,1,1163.2,1,34.489,1,4.324,1,1163.2,1,4.324,1,34.489,1
5905611,2025-11-28T23:41:20Z,1,-26.61903,158.33145,1,1165.4,1,34.49,1,4.315,1,1165.4,1,4.315,1,34.49,1
5905611,2025-11-28T23:41:20Z,1,-26.61903,158.33145,1,1167.5,1,34.491,1,4.303,1,1167.5,1,4.303,1,34.491,1
5905611,2025-11-28T23:41:20Z,1,-26.61903,158.33145,1,1169.3,1,34.491,1,4.294,1,1169.3,1,4.294,1,34.491,1
5905611,2025-11-28T23:41:20Z,1,-26.61903,158.33145,1,1171.5,1,34.491,1,4.287,1,1171.5,1,4.287,1,34.491,1
5905611,2025-11-28T23:41:20Z,1,-26.61903,158.33145,1,1173.6,1,34.492,1,4.281,1,1173.6,1,4.281,1,34.492,1
5905611,2025-11-28T23:41:20Z,1,-26.61903,158.33145,1,1175.4,1,34.493,1,4.266,1,1175.4,1,4.266,1,34.493,1
5905611,2025-11-28T23:41:20Z,1,-26.61903,158.33145,1,1177.2,1,34.494,1,4.253,1,1177.2,1,4.253,1,34.494,1
5905611,2025-11-28T23:41:20Z,1,-26.61903,158.33145,1,1179.4,1,34.495,1,4.237,1,1179.4,1,4.237,1,34.495,1
5905611,2025-11-28T23:41:20Z,1,-26.61903,158.33145,1,1181.6,1,34.494,1,4.231,1,1181.6,1,4.231,1,34.494,1
5905611,2025-11-28T23:41:20Z,1,-26.61903,158.33145,1,1183.3,1,34.495,1,4.226,1,1183.3,1,4.226,1,34.495,1
5905611,2025-11-28T23:41:20Z,1,-26.61903,158.33145,1,1185.1,1,34.496,1,4.213,1,1185.1,1,4.213,1,34.496,1
5905611,2025-11-28T23:41:20Z,1,-26.61903,158.33145,1,1187.4,1,34.497,1,4.202,1,1187.4,1,4.202,1,34.497,1
5905611,2025-11-28T23:41:20Z,1,-26.61903,158.33145,1,1189.6,1,34.497,1,4.198,1,1189.6,1,4.198,1,34.497,1
5905611,2025-11-28T23:41:20Z,1,-26.61903,158.33145,1,1191.4,1,34.498,1,4.195,1,1191.4,1,4.195,1,34.498,1
5905611,2025-11-28T23:41:20Z,1,-26.61903,158.33145,1,1193.2,1,34.498,1,4.19,1,1193.2,1,4.19,1,34.498,1
5905611,2025-11-28T23:41:20Z,1,-26.61903,158.33145,1,1195.5,1,34.498,1,4.183,1,1195.5,1,4.183,1,34.498,1
5905611,2025-11-28T23:41:20Z,1,-26.61903,158.33145,1,1197.7,1,34.498,1,4.175,1,1197.7,1,4.175,1,34.498,1
5905611,2025-11-28T23:41:20Z,1,-26.61903,158.33145,1,1199.4,1,34.499,1,4.166,1,1199.4,1,4.166,1,34.499,1
5905611,2025-11-28T23:41:20Z,1,-26.61903,158.33145,1,1201.2,1,34.5,1,4.154,1,1201.2,1,4.154,1,34.5,1
5905611,2025-11-28T23:41:20Z,1,-26.61903,158.33145,1,1203.5,1,34.5,1,4.144,1,1203.5,1,4.144,1,34.5,1
5905611,2025-11-28T23:41:20Z,1,-26.61903,158.33145,1,1205.8,1,34.501,1,4.136,1,1205.8,1,4.136,1,34.501,1
5905611,2025-11-28T23:41:20Z,1,-26.61903,158.33145,1,1207.6,1,34.502,1,4.129,1,1207.6,1,4.129,1,34.502,1
5905611,2025-11-28T23:41:20Z,1,-26.61903,158.33145,1,1209.5,1,34.502,1,4.123,1,1209.5,1,4.123,1,34.502,1
5905611,2025-11-28T23:41:20Z,1,-26.61903,158.33145,1,1211.3,1,34.503,1,4.111,1,1211.3,1,4.111,1,34.503,1
5905611,2025-11-28T23:41:20Z,1,-26.61903,158.33145,1,1213.2,1,34.503,1,4.106,1,1213.2,1,4.106,1,34.503,1
5905611,2025-11-28T23:41:20Z,1,-26.61903,158.33145,1,1215.1,1,34.503,1,4.101,1,1215.1,1,4.101,1,34.503,1
5905611,2025-11-28T23:41:20Z,1,-26.61903,158.33145,1,1217.4,1,34.504,1,4.093,1,1217.4,1,4.093,1,34.504,1
5905611,2025-11-28T23:41:20Z,1,-26.61903,158.33145,1,1219.7,1,34.505,1,4.088,1,1219.7,1,4.088,1,34.505,1
5905611,2025-11-28T23:41:20Z,1,-26.61903,158.33145,1,1221.5,1,34.505,1,4.083,1,1221.5,1,4.083,1,34.505,1
5905611,2025-11-28T23:41:20Z,1,-26.61903,158.33145,1,1223.4,1,34.505,1,4.075,1,1223.4,1,4.075,1,34.505,1
5905611,2025-11-28T23:41:20Z,1,-26.61903,158.33145,1,1225.2,1,34.505,1,4.065,1,1225.2,1,4.065,1,34.505,1
5905611,2025-11-28T23:41:20Z,1,-26.61903,158.33145,1,1227.1,1,34.507,1,4.054,1,1227.1,1,4.054,1,34.507,1
5905611,2025-11-28T23:41:20Z,1,-26.61903,158.33145,1,1229.4,1,34.508,1,4.042,1,1229.4,1,4.042,1,34.508,1
5905611,2025-11-28T23:41:20Z,1,-26.61903,158.33145,1,1231.7,1,34.508,1,4.031,1,1231.7,1,4.031,1,34.508,1
5905611,2025-11-28T23:41:20Z,1,-26.61903,158.33145,1,1233.6,1,34.508,1,4.021,1,1233.6,1,4.021,1,34.508,1
5905611,2025-11-28T23:41:20Z,1,-26.61903,158.33145,1,1235.4,1,34.51,1,4.007,1,1235.4,1,4.007,1,34.51,1
5905611,2025-11-28T23:41:20Z,1,-26.61903,158.33145,1,1237.2,1,34.511,1,3.997,1,1237.2,1,3.997,1,34.511,1
5905611,2025-11-28T23:41:20Z,1,-26.61903,158.33145,1,1239.1,1,34.511,1,3.989,1,1239.1,1,3.989,1,34.511,1
5905611,2025-11-28T23:41:20Z,1,-26.61903,158.33145,1,1241.4,1,34.511,1,3.971,1,1241.4,1,3.971,1,34.511,1
5905611,2025-11-28T23:41:20Z,1,-26.61903,158.33145,1,1243.7,1,34.514,1,3.955,1,1243.7,1,3.955,1,34.514,1
5905611,2025-11-28T23:41:20Z,1,-26.61903,158.33145,1,1245.5,1,34.514,1,3.945,1,1245.5,1,3.945,1,34.514,1
5905611,2025-11-28T23:41:20Z,1,-26.61903,158.33145,1,1247.4,1,34.515,1,3.938,1,1247.4,1,3.938,1,34.515,1
5905611,2025-11-28T23:41:20Z,1,-26.61903,158.33145,1,1249.2,1,34.515,1,3.932,1,1249.2,1,3.932,1,34.515,1
5905611,2025-11-28T23:41:20Z,1,-26.61903,158.33145,1,1251.1,1,34.515,1,3.931,1,1251.1,1,3.931,1,34.515,1
5905611,2025-11-28T23:41:20Z,1,-26.61903,158.33145,1,1253.5,1,34.516,1,3.925,1,1253.5,1,3.925,1,34.516,1
5905611,2025-11-28T23:41:20Z,1,-26.61903,158.33145,1,1255.8,1,34.516,1,3.924,1,1255.8,1,3.924,1,34.516,1
5905611,2025-11-28T23:41:20Z,1,-26.61903,158.33145,1,1257.7,1,34.516,1,3.923,1,1257.7,1,3.923,1,34.516,1
5905611,2025-11-28T23:41:20Z,1,-26.61903,158.33145,1,1259.6,1,34.516,1,3.921,1,1259.6,1,3.921,1,34.516,1
5905611,2025-11-28T23:41:20Z,1,-26.61903,158.33145,1,1261.5,1,34.516,1,3.916,1,1261.5,1,3.916,1,34.516,1
5905611,2025-11-28T23:41:20Z,1,-26.61903,158.33145,1,1263.4,1,34.518,1,3.897,1,1263.4,1,3.897,1,34.518,1
5905611,2025-11-28T23:41:20Z,1,-26.61903,158.33145,1,1265.4,1,34.519,1,3.885,1,1265.4,1,3.885,1,34.519,1
5905611,2025-11-28T23:41:20Z,1,-26.61903,158.33145,1,1267.4,1,34.519,1,3.878,1,1267.4,1,3.878,1,34.519,1
5905611,2025-11-28T23:41:20Z,1,-26.61903,158.33145,1,1269.3,1,34.52,1,3.871,1,1269.3,1,3.871,1,34.52,1
5905611,2025-11-28T23:41:20Z,1,-26.61903,158.33145,1,1271.3,1,34.52,1,3.868,1,1271.3,1,3.868,1,34.52,1
5905611,2025-11-28T23:41:20Z,1,-26.61903,158.33145,1,1273.3,1,34.521,1,3.856,1,1273.3,1,3.856,1,34.521,1
5905611,2025-11-28T23:41:20Z,1,-26.61903,158.33145,1,1275.3,1,34.522,1,3.844,1,1275.3,1,3.844,1,34.522,1
5905611,2025-11-28T23:41:20Z,1,-26.61903,158.33145,1,1277.3,1,34.523,1,3.835,1,1277.3,1,3.835,1,34.523,1
5905611,2025-11-28T23:41:20Z,1,-26.61903,158.33145,1,1279.3,1,34.522,1,3.834,1,1279.3,1,3.834,1,34.522,1
5905611,2025-11-28T23:41:20Z,1,-26.61903,158.33145,1,1281.3,1,34.523,1,3.824,1,1281.3,1,3.824,1,34.523,1
5905611,2025-11-28T23:41:20Z,1,-26.61903,158.33145,1,1283.3,1,34.524,1,3.812,1,1283.3,1,3.812,1,34.524,1
5905611,2025-11-28T23:41:20Z,1,-26.61903,158.33145,1,1285.3,1,34.524,1,3.805,1,1285.3,1,3.805,1,34.524,1
5905611,2025-11-28T23:41:20Z,1,-26.61903,158.33145,1,1287.4,1,34.525,1,3.8,1,1287.4,1,3.8,1,34.525,1
5905611,2025-11-28T23:41:20Z,1,-26.61903,158.33145,1,1289.6,1,34.525,1,3.796,1,1289.6,1,3.796,1,34.525,1
5905611,2025-11-28T23:41:20Z,1,-26.61903,158.33145,1,1291.6,1,34.526,1,3.791,1,1291.6,1,3.791,1,34.526,1
5905611,2025-11-28T23:41:20Z,1,-26.61903,158.33145,1,1293.6,1,34.526,1,3.784,1,1293.6,1,3.784,1,34.526,1
5905611,2025-11-28T23:41:20Z,1,-26.61903,158.33145,1,1295.6,1,34.527,1,3.775,1,1295.6,1,3.775,1,34.527,1
5905611,2025-11-28T23:41:20Z,1,-26.61903,158.33145,1,1297.7,1,34.527,1,3.767,1,1297.7,1,3.767,1,34.527,1
5905611,2025-11-28T23:41:20Z,1,-26.61903,158.33145,1,1299.7,1,34.528,1,3.765,1,1299.7,1,3.765,1,34.528,1
5905611,2025-11-28T23:41:20Z,1,-26.61903,158.33145,1,1301.7,1,34.528,1,3.761,1,1301.7,1,3.761,1,34.528,1
5905611,2025-11-28T23:41:20Z,1,-26.61903,158.33145,1,1303.8,1,34.528,1,3.759,1,1303.8,1,3.759,1,34.528,1
5905611,2025-11-28T23:41:20Z,1,-26.61903,158.33145,1,1305.9,1,34.53,1,3.746,1,1305.9,1,3.746,1,34.53,1
5905611,2025-11-28T23:41:20Z,1,-26.61903,158.33145,1,1307.9,1,34.529,1,3.74,1,1307.9,1,3.74,1,34.529,1
5905611,2025-11-28T23:41:20Z,1,-26.61903,158.33145,1,1309.5,1,34.529,1,3.733,1,1309.5,1,3.733,1,34.529,1
5905611,2025-11-28T23:41:20Z,1,-26.61903,158.33145,1,1311.0,1,34.531,1,3.723,1,1311.0,1,3.723,1,34.531,1
5905611,2025-11-28T23:41:20Z,1,-26.61903,158.33145,1,1313.0,1,34.534,1,3.713,1,1313.0,1,3.713,1,34.534,1
5905611,2025-11-28T23:41:20Z,1,-26.61903,158.33145,1,1315.1,1,34.532,1,3.709,1,1315.1,1,3.709,1,34.532,1
5905611,2025-11-28T23:41:20Z,1,-26.61903,158.33145,1,1317.1,1,34.531,1,3.71,1,1317.1,1,3.71,1,34.531,1
5905611,2025-11-28T23:41:20Z,1,-26.61903,158.33145,1,1319.1,1,34.534,1,3.695,1,1319.1,1,3.695,1,34.534,1
5905611,2025-11-28T23:41:20Z,1,-26.61903,158.33145,1,1321.2,1,34.534,1,3.686,1,1321.2,1,3.686,1,34.534,1
5905611,2025-11-28T23:41:20Z,1,-26.61903,158.33145,1,1323.6,1,34.536,1,3.672,1,1323.6,1,3.672,1,34.536,1
5905611,2025-11-28T23:41:20Z,1,-26.61903,158.33145,1,1325.6,1,34.536,1,3.659,1,1325.6,1,3.659,1,34.536,1
5905611,2025-11-28T23:41:20Z,1,-26.61903,158.33145,1,1327.3,1,34.537,1,3.654,1,1327.3,1,3.654,1,34.537,1
5905611,2025-11-28T23:41:20Z,1,-26.61903,158.33145,1,1329.3,1,34.537,1,3.644,1,1329.3,1,3.644,1,34.537,1
5905611,2025-11-28T23:41:20Z,1,-26.61903,158.33145,1,1331.4,1,34.538,1,3.642,1,1331.4,1,3.642,1,34.538,1
5905611,2025-11-28T23:41:20Z,1,-26.61903,158.33145,1,1333.4,1,34.537,1,3.643,1,1333.4,1,3.643,1,34.537,1
5905611,2025-11-28T23:41:20Z,1,-26.61903,158.33145,1,1335.5,1,34.538,1,3.641,1,1335.5,1,3.641,1,34.538,1
5905611,2025-11-28T23:41:20Z,1,-26.61903,158.33145,1,1337.5,1,34.537,1,3.635,1,1337.5,1,3.635,1,34.537,1
5905611,2025-11-28T23:41:20Z,1,-26.61903,158.33145,1,1339.6,1,34.539,1,3.622,1,1339.6,1,3.622,1,34.539,1
5905611,2025-11-28T23:41:20Z,1,-26.61903,158.33145,1,1341.3,1,34.54,1,3.607,1,1341.3,1,3.607,1,34.54,1
5905611,2025-11-28T23:41:20Z,1,-26.61903,158.33145,1,1343.4,1,34.541,1,3.592,1,1343.4,1,3.592,1,34.541,1
5905611,2025-11-28T23:41:20Z,1,-26.61903,158.33145,1,1345.5,1,34.543,1,3.581,1,1345.5,1,3.581,1,34.543,1
5905611,2025-11-28T23:41:20Z,1,-26.61903,158.33145,1,1347.2,1,34.543,1,3.575,1,1347.2,1,3.575,1,34.543,1
5905611,2025-11-28T23:41:20Z,1,-26.61903,158.33145,1,1349.3,1,34.544,1,3.568,1,1349.3,1,3.568,1,34.544,1
5905611,2025-11-28T23:41:20Z,1,-26.61903,158.33145,1,1351.4,1,34.545,1,3.559,1,1351.4,1,3.559,1,34.545,1
5905611,2025-11-28T23:41:20Z,1,-26.61903,158.33145,1,1353.5,1,34.544,1,3.557,1,1353.5,1,3.557,1,34.544,1
5905611,2025-11-28T23:41:20Z,1,-26.61903,158.33145,1,1355.7,1,34.545,1,3.553,1,1355.7,1,3.553,1,34.545,1
5905611,2025-11-28T23:41:20Z,1,-26.61903,158.33145,1,1357.3,1,34.545,1,3.543,1,1357.3,1,3.543,1,34.545,1
5905611,2025-11-28T23:41:20Z,1,-26.61903,158.33145,1,1359.4,1,34.546,1,3.537,1,1359.4,1,3.537,1,34.546,1
5905611,2025-11-28T23:41:20Z,1,-26.61903,158.33145,1,1361.6,1,34.547,1,3.533,1,1361.6,1,3.533,1,34.547,1
5905611,2025-11-28T23:41:20Z,1,-26.61903,158.33145,1,1363.3,1,34.547,1,3.527,1,1363.3,1,3.527,1,34.547,1
5905611,2025-11-28T23:41:20Z,1,-26.61903,158.33145,1,1365.5,1,34.547,1,3.519,1,1365.5,1,3.519,1,34.547,1
5905611,2025-11-28T23:41:20Z,1,-26.61903,158.33145,1,1367.7,1,34.547,1,3.517,1,1367.7,1,3.517,1,34.547,1
5905611,2025-11-28T23:41:20Z,1,-26.61903,158.33145,1,1369.4,1,34.548,1,3.513,1,1369.4,1,3.513,1,34.548,1
5905611,2025-11-28T23:41:20Z,1,-26.61903,158.33145,1,1371.2,1,34.549,1,3.51,1,1371.2,1,3.51,1,34.549,1
5905611,2025-11-28T23:41:20Z,1,-26.61903,158.33145,1,1373.4,1,34.548,1,3.506,1,1373.4,1,3.506,1,34.548,1
5905611,2025-11-28T23:41:20Z,1,-26.61903,158.33145,1,1375.5,1,34.549,1,3.498,1,1375.5,1,3.498,1,34.549,1
5905611,2025-11-28T23:41:20Z,1,-26.61903,158.33145,1,1377.3,1,34.549,1,3.494,1,1377.3,1,3.494,1,34.549,1
5905611,2025-11-28T23:41:20Z,1,-26.61903,158.33145,1,1379.4,1,34.55,1,3.488,1,1379.4,1,3.488,1,34.55,1
5905611,2025-11-28T23:41:20Z,1,-26.61903,158.33145,1,1381.6,1,34.55,1,3.482,1,1381.6,1,3.482,1,34.55,1
5905611,2025-11-28T23:41:20Z,1,-26.61903,158.33145,1,1383.4,1,34.551,1,3.474,1,1383.4,1,3.474,1,34.551,1
5905611,2025-11-28T23:41:20Z,1,-26.61903,158.33145,1,1385.5,1,34.552,1,3.469,1,1385.5,1,3.469,1,34.552,1
5905611,2025-11-28T23:41:20Z,1,-26.61903,158.33145,1,1387.7,1,34.553,1,3.456,1,1387.7,1,3.456,1,34.553,1
5905611,2025-11-28T23:41:20Z,1,-26.61903,158.33145,1,1389.5,1,34.553,1,3.45,1,1389.5,1,3.45,1,34.553,1
5905611,2025-11-28T23:41:20Z,1,-26.61903,158.33145,1,1391.2,1,34.554,1,3.446,1,1391.2,1,3.446,1,34.554,1
5905611,2025-11-28T23:41:20Z,1,-26.61903,158.33145,1,1393.4,1,34.553,1,3.442,1,1393.4,1,3.442,1,34.553,1
5905611,2025-11-28T23:41:20Z,1,-26.61903,158.33145,1,1395.5,1,34.554,1,3.438,1,1395.5,1,3.438,1,34.554,1
5905611,2025-11-28T23:41:20Z,1,-26.61903,158.33145,1,1397.3,1,34.555,1,3.43,1,1397.3,1,3.43,1,34.555,1
5905611,2025-11-28T23:41:20Z,1,-26.61903,158.33145,1,1399.5,1,34.555,1,3.426,1,1399.5,1,3.426,1,34.555,1
5905611,2025-11-28T23:41:20Z,1,-26.61903,158.33145,1,1401.7,1,34.555,1,3.422,1,1401.7,1,3.422,1,34.555,1
5905611,2025-11-28T23:41:20Z,1,-26.61903,158.33145,1,1403.4,1,34.556,1,3.418,1,1403.4,1,3.418,1,34.556,1
5905611,2025-11-28T23:41:20Z,1,-26.61903,158.33145,1,1405.2,1,34.556,1,3.416,1,1405.2,1,3.416,1,34.556,1
5905611,2025-11-28T23:41:20Z,1,-26.61903,158.33145,1,1407.3,1,34.556,1,3.411,1,1407.3,1,3.411,1,34.556,1
5905611,2025-11-28T23:41:20Z,1,-26.61903,158.33145,1,1409.5,1,34.557,1,3.404,1,1409.5,1,3.404,1,34.557,1
5905611,2025-11-28T23:41:20Z,1,-26.61903,158.33145,1,1411.2,1,34.557,1,3.401,1,1411.2,1,3.401,1,34.557,1
5905611,2025-11-28T23:41:20Z,1,-26.61903,158.33145,1,1413.5,1,34.557,1,3.392,1,1413.5,1,3.392,1,34.557,1
5905611,2025-11-28T23:41:20Z,1,-26.61903,158.33145,1,1415.7,1,34.558,1,3.389,1,1415.7,1,3.389,1,34.558,1
5905611,2025-11-28T23:41:20Z,1,-26.61903,158.33145,1,1417.5,1,34.559,1,3.377,1,1417.5,1,3.377,1,34.559,1
5905611,2025-11-28T23:41:20Z,1,-26.61903,158.33145,1,1419.3,1,34.561,1,3.362,1,1419.3,1,3.362,1,34.561,1
5905611,2025-11-28T23:41:20Z,1,-26.61903,158.33145,1,1421.1,1,34.561,1,3.355,1,1421.1,1,3.355,1,34.561,1
5905611,2025-11-28T23:41:20Z,1,-26.61903,158.33145,1,1423.4,1,34.561,1,3.351,1,1423.4,1,3.351,1,34.561,1
5905611,2025-11-28T23:41:20Z,1,-26.61903,158.33145,1,1425.6,1,34.562,1,3.347,1,1425.6,1,3.347,1,34.562,1
5905611,2025-11-28T23:41:20Z,1,-26.61903,158.33145,1,1427.4,1,34.562,1,3.346,1,1427.4,1,3.346,1,34.562,1
5905611,2025-11-28T23:41:20Z,1,-26.61903,158.33145,1,1429.2,1,34.563,1,3.341,1,1429.2,1,3.341,1,34.563,1
5905611,2025-11-28T23:41:20Z,1,-26.61903,158.33145,1,1431.5,1,34.563,1,3.332,1,1431.5,1,3.332,1,34.563,1
5905611,2025-11-28T23:41:20Z,1,-26.61903,158.33145,1,1433.8,1,34.564,1,3.329,1,1433.8,1,3.329,1,34.564,1
5905611,2025-11-28T23:41:20Z,1,-26.61903,158.33145,1,1435.6,1,34.564,1,3.327,1,1435.6,1,3.327,1,34.564,1
5905611,2025-11-28T23:41:20Z,1,-26.61903,158.33145,1,1437.5,1,34.564,1,3.324,1,1437.5,1,3.324,1,34.564,1
5905611,2025-11-28T23:41:20Z,1,-26.61903,158.33145,1,1439.4,1,34.565,1,3.317,1,1439.4,1,3.317,1,34.565,1
5905611,2025-11-28T23:41:20Z,1,-26.61903,158.33145,1,1441.2,1,34.565,1,3.314,1,1441.2,1,3.314,1,34.565,1
5905611,2025-11-28T23:41:20Z,1,-26.61903,158.33145,1,1443.1,1,34.566,1,3.311,1,1443.1,1,3.311,1,34.566,1
5905611,2025-11-28T23:41:20Z,1,-26.61903,158.33145,1,1445.1,1,34.565,1,3.309,1,1445.1,1,3.309,1,34.565,1
5905611,2025-11-28T23:41:20Z,1,-26.61903,158.33145,1,1447.4,1,34.565,1,3.306,1,1447.4,1,3.306,1,34.565,1
5905611,2025-11-28T23:41:20Z,1,-26.61903,158.33145,1,1449.8,1,34.567,1,3.299,1,1449.8,1,3.299,1,34.567,1
5905611,2025-11-28T23:41:20Z,1,-26.61903,158.33145,1,1451.7,1,34.566,1,3.294,1,1451.7,1,3.294,1,34.566,1
5905611,2025-11-28T23:41:20Z,1,-26.61903,158.33145,1,1453.7,1,34.567,1,3.292,1,1453.7,1,3.292,1,34.567,1
5905611,2025-11-28T23:41:20Z,1,-26.61903,158.33145,1,1455.6,1,34.567,1,3.291,1,1455.6,1,3.291,1,34.567,1
5905611,2025-11-28T23:41:20Z,1,-26.61903,158.33145,1,1457.6,1,34.567,1,3.289,1,1457.6,1,3.289,1,34.567,1
5905611,2025-11-28T23:41:20Z,1,-26.61903,158.33145,1,1459.6,1,34.568,1,3.28,1,1459.6,1,3.28,1,34.568,1
5905611,2025-11-28T23:41:20Z,1,-26.61903,158.33145,1,1461.5,1,34.568,1,3.27,1,1461.5,1,3.27,1,34.568,1
5905611,2025-11-28T23:41:20Z,1,-26.61903,158.33145,1,1463.5,1,34.569,1,3.264,1,1463.5,1,3.264,1,34.569,1
5905611,2025-11-28T23:41:20Z,1,-26.61903,158.33145,1,1465.5,1,34.569,1,3.257,1,1465.5,1,3.257,1,34.569,1
5905611,2025-11-28T23:41:20Z,1,-26.61903,158.33145,1,1467.4,1,34.57,1,3.251,1,1467.4,1,3.251,1,34.57,1
5905611,2025-11-28T23:41:20Z,1,-26.61903,158.33145,1,1469.4,1,34.571,1,3.241,1,1469.4,1,3.241,1,34.571,1
5905611,2025-11-28T23:41:20Z,1,-26.61903,158.33145,1,1471.4,1,34.571,1,3.237,1,1471.4,1,3.237,1,34.571,1
5905611,2025-11-28T23:41:20Z,1,-26.61903,158.33145,1,1473.4,1,34.572,1,3.233,1,1473.4,1,3.233,1,34.572,1
5905611,2025-11-28T23:41:20Z,1,-26.61903,158.33145,1,1475.4,1,34.573,1,3.225,1,1475.4,1,3.225,1,34.573,1
5905611,2025-11-28T23:41:20Z,1,-26.61903,158.33145,1,1477.4,1,34.573,1,3.22,1,1477.4,1,3.22,1,34.573,1
5905611,2025-11-28T23:41:20Z,1,-26.61903,158.33145,1,1479.4,1,34.573,1,3.215,1,1479.4,1,3.215,1,34.573,1
5905611,2025-11-28T23:41:20Z,1,-26.61903,158.33145,1,1481.4,1,34.573,1,3.214,1,1481.4,1,3.214,1,34.573,1
5905611,2025-11-28T23:41:20Z,1,-26.61903,158.33145,1,1483.4,1,34.574,1,3.21,1,1483.4,1,3.21,1,34.574,1
5905611,2025-11-28T23:41:20Z,1,-26.61903,158.33145,1,1485.4,1,34.575,1,3.201,1,1485.4,1,3.201,1,34.575,1
5905611,2025-11-28T23:41:20Z,1,-26.61903,158.33145,1,1487.4,1,34.575,1,3.199,1,1487.4,1,3.199,1,34.575,1
5905611,2025-11-28T23:41:20Z,1,-26.61903,158.33145,1,1489.5,1,34.575,1,3.196,1,1489.5,1,3.196,1,34.575,1
5905611,2025-11-28T23:41:20Z,1,-26.61903,158.33145,1,1491.5,1,34.575,1,3.194,1,1491.5,1,3.194,1,34.575,1
5905611,2025-11-28T23:41:20Z,1,-26.61903,158.33145,1,1493.5,1,34.576,1,3.188,1,1493.5,1,3.188,1,34.576,1
5905611,2025-11-28T23:41:20Z,1,-26.61903,158.33145,1,1495.6,1,34.576,1,3.184,1,1495.6,1,3.184,1,34.576,1
5905611,2025-11-28T23:41:20Z,1,-26.61903,158.33145,1,1497.6,1,34.577,1,3.177,1,1497.6,1,3.177,1,34.577,1
5905611,2025-11-28T23:41:20Z,1,-26.61903,158.33145,1,1499.6,1,34.577,1,3.171,1,1499.6,1,3.171,1,34.577,1
5905611,2025-11-28T23:41:20Z,1,-26.61903,158.33145,1,1501.6,1,34.578,1,3.162,1,1501.6,1,3.162,1,34.578,1
5905611,2025-11-28T23:41:20Z,1,-26.61903,158.33145,1,1503.6,1,34.578,1,3.157,1,1503.6,1,3.157,1,34.578,1
5905611,2025-11-28T23:41:20Z,1,-26.61903,158.33145,1,1505.6,1,34.579,1,3.151,1,1505.6,1,3.151,1,34.579,1
5905611,2025-11-28T23:41:20Z,1,-26.61903,158.33145,1,1507.7,1,34.579,1,3.146,1,1507.7,1,3.146,1,34.579,1
5905611,2025-11-28T23:41:20Z,1,-26.61903,158.33145,1,1509.7,1,34.579,1,3.141,1,1509.7,1,3.141,1,34.579,1
5905611,2025-11-28T23:41:20Z,1,-26.61903,158.33145,1,1511.7,1,34.581,1,3.127,1,1511.7,1,3.127,1,34.581,1
5905611,2025-11-28T23:41:20Z,1,-26.61903,158.33145,1,1513.8,1,34.581,1,3.121,1,1513.8,1,3.121,1,34.581,1
5905611,2025-11-28T23:41:20Z,1,-26.61903,158.33145,1,1515.8,1,34.581,1,3.119,1,1515.8,1,3.119,1,34.581,1
5905611,2025-11-28T23:41:20Z,1,-26.61903,158.33145,1,1517.9,1,34.582,1,3.116,1,1517.9,1,3.116,1,34.582,1
5905611,2025-11-28T23:41:20Z,1,-26.61903,158.33145,1,1519.4,1,34.583,1,3.112,1,1519.4,1,3.112,1,34.583,1
5905611,2025-11-28T23:41:20Z,1,-26.61903,158.33145,1,1521.0,1,34.583,1,3.109,1,1521.0,1,3.109,1,34.583,1
5905611,2025-11-28T23:41:20Z,1,-26.61903,158.33145,1,1523.0,1,34.583,1,3.105,1,1523.0,1,3.105,1,34.583,1
5905611,2025-11-28T23:41:20Z,1,-26.61903,158.33145,1,1525.1,1,34.583,1,3.1,1,1525.1,1,3.1,1,34.583,1
5905611,2025-11-28T23:41:20Z,1,-26.61903,158.33145,1,1527.2,1,34.583,1,3.095,1,1527.2,1,3.095,1,34.583,1
5905611,2025-11-28T23:41:20Z,1,-26.61903,158.33145,1,1529.3,1,34.584,1,3.093,1,1529.3,1,3.093,1,34.584,1
5905611,2025-11-28T23:41:20Z,1,-26.61903,158.33145,1,1531.3,1,34.584,1,3.091,1,1531.3,1,3.091,1,34.584,1
5905611,2025-11-28T23:41:20Z,1,-26.61903,158.33145,1,1533.4,1,34.585,1,3.082,1,1533.4,1,3.082,1,34.585,1
5905611,2025-11-28T23:41:20Z,1,-26.61903,158.33145,1,1535.5,1,34.585,1,3.079,1,1535.5,1,3.079,1,34.585,1
5905611,2025-11-28T23:41:20Z,1,-26.61903,158.33145,1,1537.6,1,34.586,1,3.069,1,1537.6,1,3.069,1,34.586,1
5905611,2025-11-28T23:41:20Z,1,-26.61903,158.33145,1,1539.7,1,34.586,1,3.067,1,1539.7,1,3.067,1,34.586,1
5905611,2025-11-28T23:41:20Z,1,-26.61903,158.33145,1,1541.8,1,34.587,1,3.065,1,1541.8,1,3.065,1,34.587,1
5905611,2025-11-28T23:41:20Z,1,-26.61903,158.33145,1,1543.5,1,34.586,1,3.063,1,1543.5,1,3.063,1,34.586,1
5905611,2025-11-28T23:41:20Z,1,-26.61903,158.33145,1,1545.0,1,34.587,1,3.061,1,1545.0,1,3.061,1,34.587,1
5905611,2025-11-28T23:41:20Z,1,-26.61903,158.33145,1,1547.2,1,34.587,1,3.06,1,1547.2,1,3.06,1,34.587,1
5905611,2025-11-28T23:41:20Z,1,-26.61903,158.33145,1,1549.3,1,34.588,1,3.056,1,1549.3,1,3.056,1,34.588,1
5905611,2025-11-28T23:41:20Z,1,-26.61903,158.33145,1,1551.4,1,34.588,1,3.053,1,1551.4,1,3.053,1,34.588,1
5905611,2025-11-28T23:41:20Z,1,-26.61903,158.33145,1,1553.5,1,34.587,1,3.05,1,1553.5,1,3.05,1,34.587,1
5905611,2025-11-28T23:41:20Z,1,-26.61903,158.33145,1,1555.6,1,34.589,1,3.044,1,1555.6,1,3.044,1,34.589,1
5905611,2025-11-28T23:41:20Z,1,-26.61903,158.33145,1,1557.8,1,34.59,1,3.03,1,1557.8,1,3.03,1,34.59,1
5905611,2025-11-28T23:41:20Z,1,-26.61903,158.33145,1,1559.4,1,34.59,1,3.025,1,1559.4,1,3.025,1,34.59,1
5905611,2025-11-28T23:41:20Z,1,-26.61903,158.33145,1,1561.0,1,34.59,1,3.02,1,1561.0,1,3.02,1,34.59,1
5905611,2025-11-28T23:41:20Z,1,-26.61903,158.33145,1,1563.1,1,34.591,1,3.014,1,1563.1,1,3.014,1,34.591,1
5905611,2025-11-28T23:41:20Z,1,-26.61903,158.33145,1,1565.3,1,34.592,1,3.0,1,1565.3,1,3.0,1,34.592,1
5905611,2025-11-28T23:41:20Z,1,-26.61903,158.33145,1,1567.5,1,34.593,1,2.996,1,1567.5,1,2.996,1,34.593,1
5905611,2025-11-28T23:41:20Z,1,-26.61903,158.33145,1,1569.6,1,34.593,1,2.994,1,1569.6,1,2.994,1,34.593,1
5905611,2025-11-28T23:41:20Z,1,-26.61903,158.33145,1,1571.7,1,34.593,1,2.991,1,1571.7,1,2.991,1,34.593,1
5905611,2025-11-28T23:41:20Z,1,-26.61903,158.33145,1,1573.8,1,34.593,1,2.99,1,1573.8,1,2.99,1,34.593,1
5905611,2025-11-28T23:41:20Z,1,-26.61903,158.33145,1,1575.4,1,34.594,1,2.986,1,1575.4,1,2.986,1,34.594,1
5905611,2025-11-28T23:41:20Z,1,-26.61903,158.33145,1,1577.0,1,34.594,1,2.982,1,1577.0,1,2.982,1,34.594,1
5905611,2025-11-28T23:41:20Z,1,-26.61903,158.33145,1,1579.1,1,34.594,1,2.978,1,1579.1,1,2.978,1,34.594,1
5905611,2025-11-28T23:41:20Z,1,-26.61903,158.33145,1,1581.2,1,34.595,1,2.974,1,1581.2,1,2.974,1,34.595,1
5905611,2025-11-28T23:41:20Z,1,-26.61903,158.33145,1,1583.3,1,34.596,1,2.967,1,1583.3,1,2.967,1,34.596,1
5905611,2025-11-28T23:41:20Z,1,-26.61903,158.33145,1,1585.4,1,34.596,1,2.965,1,1585.4,1,2.965,1,34.596,1
5905611,2025-11-28T23:41:20Z,1,-26.61903,158.33145,1,1587.5,1,34.596,1,2.964,1,1587.5,1,2.964,1,34.596,1
5905611,2025-11-28T23:41:20Z,1,-26.61903,158.33145,1,1589.6,1,34.596,1,2.963,1,1589.6,1,2.963,1,34.596,1
5905611,2025-11-28T23:41:20Z,1,-26.61903,158.33145,1,1591.7,1,34.596,1,2.964,1,1591.7,1,2.964,1,34.596,1
5905611,2025-11-28T23:41:20Z,1,-26.61903,158.33145,1,1593.8,1,34.596,1,2.961,1,1593.8,1,2.961,1,34.596,1
5905611,2025-11-28T23:41:20Z,1,-26.61903,158.33145,1,1595.9,1,34.596,1,2.96,1,1595.9,1,2.96,1,34.596,1
5905611,2025-11-28T23:41:20Z,1,-26.61903,158.33145,1,1597.5,1,34.597,1,2.959,1,1597.5,1,2.959,1,34.597,1
5905611,2025-11-28T23:41:20Z,1,-26.61903,158.33145,1,1599.0,1,34.596,1,2.956,1,1599.0,1,2.956,1,34.596,1
5905611,2025-11-28T23:41:20Z,1,-26.61903,158.33145,1,1601.1,1,34.597,1,2.949,1,1601.1,1,2.949,1,34.597,1
5905611,2025-11-28T23:41:20Z,1,-26.61903,158.33145,1,1603.2,1,34.597,1,2.945,1,1603.2,1,2.945,1,34.597,1
5905611,2025-11-28T23:41:20Z,1,-26.61903,158.33145,1,1605.3,1,34.598,1,2.937,1,1605.3,1,2.937,1,34.598,1
5905611,2025-11-28T23:41:20Z,1,-26.61903,158.33145,1,1607.3,1,34.599,1,2.932,1,1607.3,1,2.932,1,34.599,1
5905611,2025-11-28T23:41:20Z,1,-26.61903,158.33145,1,1609.4,1,34.599,1,2.923,1,1609.4,1,2.923,1,34.599,1
5905611,2025-11-28T23:41:20Z,1,-26.61903,158.33145,1,1611.5,1,34.6,1,2.916,1,1611.5,1,2.916,1,34.6,1
5905611,2025-11-28T23:41:20Z,1,-26.61903,158.33145,1,1613.6,1,34.6,1,2.913,1,1613.6,1,2.913,1,34.6,1
5905611,2025-11-28T23:41:20Z,1,-26.61903,158.33145,1,1615.7,1,34.601,1,2.911,1,1615.7,1,2.911,1,34.601,1
5905611,2025-11-28T23:41:20Z,1,-26.61903,158.33145,1,1617.7,1,34.601,1,2.908,1,1617.7,1,2.908,1,34.601,1
5905611,2025-11-28T23:41:20Z,1,-26.61903,158.33145,1,1619.8,1,34.602,1,2.901,1,1619.8,1,2.901,1,34.602,1
5905611,2025-11-28T23:41:20Z,1,-26.61903,158.33145,1,1621.9,1,34.603,1,2.894,1,1621.9,1,2.894,1,34.603,1
5905611,2025-11-28T23:41:20Z,1,-26.61903,158.33145,1,1623.5,1,34.603,1,2.89,1,1623.5,1,2.89,1,34.603,1
5905611,2025-11-28T23:41:20Z,1,-26.61903,158.33145,1,1625.0,1,34.604,1,2.886,1,1625.0,1,2.886,1,34.604,1
5905611,2025-11-28T23:41:20Z,1,-26.61903,158.33145,1,1627.1,1,34.603,1,2.884,1,1627.1,1,2.884,1,34.603,1
5905611,2025-11-28T23:41:20Z,1,-26.61903,158.33145,1,1629.2,1,34.604,1,2.879,1,1629.2,1,2.879,1,34.604,1
5905611,2025-11-28T23:41:20Z,1,-26.61903,158.33145,1,1631.3,1,34.604,1,2.875,1,1631.3,1,2.875,1,34.604,1
5905611,2025-11-28T23:41:20Z,1,-26.61903,158.33145,1,1633.4,1,34.605,1,2.872,1,1633.4,1,2.872,1,34.605,1
5905611,2025-11-28T23:41:20Z,1,-26.61903,158.33145,1,1635.5,1,34.605,1,2.872,1,1635.5,1,2.872,1,34.605,1
5905611,2025-11-28T23:41:20Z,1,-26.61903,158.33145,1,1637.6,1,34.605,1,2.87,1,1637.6,1,2.87,1,34.605,1
5905611,2025-11-28T23:41:20Z,1,-26.61903,158.33145,1,1639.7,1,34.605,1,2.868,1,1639.7,1,2.868,1,34.605,1
5905611,2025-11-28T23:41:20Z,1,-26.61903,158.33145,1,1641.8,1,34.606,1,2.864,1,1641.8,1,2.864,1,34.606,1
5905611,2025-11-28T23:41:20Z,1,-26.61903,158.33145,1,1643.5,1,34.606,1,2.859,1,1643.5,1,2.859,1,34.606,1
5905611,2025-11-28T23:41:20Z,1,-26.61903,158.33145,1,1645.0,1,34.607,1,2.853,1,1645.0,1,2.853,1,34.607,1
5905611,2025-11-28T23:41:20Z,1,-26.61903,158.33145,1,1647.1,1,34.607,1,2.85,1,1647.1,1,2.85,1,34.607,1
5905611,2025-11-28T23:41:20Z,1,-26.61903,158.33145,1,1649.3,1,34.607,1,2.848,1,1649.3,1,2.848,1,34.607,1
5905611,2025-11-28T23:41:20Z,1,-26.61903,158.33145,1,1651.4,1,34.607,1,2.845,1,1651.4,1,2.845,1,34.607,1
5905611,2025-11-28T23:41:20Z,1,-26.61903,158.33145,1,1653.5,1,34.607,1,2.843,1,1653.5,1,2.843,1,34.607,1
5905611,2025-11-28T23:41:20Z,1,-26.61903,158.33145,1,1655.6,1,34.608,1,2.841,1,1655.6,1,2.841,1,34.608,1
5905611,2025-11-28T23:41:20Z,1,-26.61903,158.33145,1,1657.7,1,34.608,1,2.836,1,1657.7,1,2.836,1,34.608,1
5905611,2025-11-28T23:41:20Z,1,-26.61903,158.33145,1,1659.8,1,34.609,1,2.831,1,1659.8,1,2.831,1,34.609,1
5905611,2025-11-28T23:41:20Z,1,-26.61903,158.33145,1,1661.9,1,34.609,1,2.827,1,1661.9,1,2.827,1,34.609,1
5905611,2025-11-28T23:41:20Z,1,-26.61903,158.33145,1,1663.5,1,34.61,1,2.824,1,1663.5,1,2.824,1,34.61,1
5905611,2025-11-28T23:41:20Z,1,-26.61903,158.33145,1,1665.0,1,34.61,1,2.823,1,1665.0,1,2.823,1,34.61,1
5905611,2025-11-28T23:41:20Z,1,-26.61903,158.33145,1,1667.0,1,34.61,1,2.821,1,1667.0,1,2.821,1,34.61,1
5905611,2025-11-28T23:41:20Z,1,-26.61903,158.33145,1,1669.3,1,34.61,1,2.815,1,1669.3,1,2.815,1,34.61,1
5905611,2025-11-28T23:41:20Z,1,-26.61903,158.33145,1,1671.4,1,34.611,1,2.811,1,1671.4,1,2.811,1,34.611,1
5905611,2025-11-28T23:41:20Z,1,-26.61903,158.33145,1,1673.4,1,34.612,1,2.799,1,1673.4,1,2.799,1,34.612,1
5905611,2025-11-28T23:41:20Z,1,-26.61903,158.33145,1,1675.5,1,34.612,1,2.796,1,1675.5,1,2.796,1,34.612,1
5905611,2025-11-28T23:41:20Z,1,-26.61903,158.33145,1,1677.5,1,34.612,1,2.796,1,1677.5,1,2.796,1,34.612,1
5905611,2025-11-28T23:41:20Z,1,-26.61903,158.33145,1,1679.6,1,34.613,1,2.794,1,1679.6,1,2.794,1,34.613,1
5905611,2025-11-28T23:41:20Z,1,-26.61903,158.33145,1,1681.3,1,34.612,1,2.793,1,1681.3,1,2.793,1,34.612,1
5905611,2025-11-28T23:41:20Z,1,-26.61903,158.33145,1,1683.4,1,34.613,1,2.79,1,1683.4,1,2.79,1,34.613,1
5905611,2025-11-28T23:41:20Z,1,-26.61903,158.33145,1,1685.5,1,34.613,1,2.788,1,1685.5,1,2.788,1,34.613,1
5905611,2025-11-28T23:41:20Z,1,-26.61903,158.33145,1,1687.6,1,34.613,1,2.785,1,1687.6,1,2.785,1,34.613,1
5905611,2025-11-28T23:41:20Z,1,-26.61903,158.33145,1,1689.7,1,34.614,1,2.78,1,1689.7,1,2.78,1,34.614,1
5905611,2025-11-28T23:41:20Z,1,-26.61903,158.33145,1,1691.3,1,34.614,1,2.775,1,1691.3,1,2.775,1,34.614,1
5905611,2025-11-28T23:41:20Z,1,-26.61903,158.33145,1,1693.4,1,34.615,1,2.768,1,1693.4,1,2.768,1,34.615,1
5905611,2025-11-28T23:41:20Z,1,-26.61903,158.33145,1,1695.6,1,34.615,1,2.766,1,1695.6,1,2.766,1,34.615,1
5905611,2025-11-28T23:41:20Z,1,-26.61903,158.33145,1,1697.3,1,34.615,1,2.765,1,1697.3,1,2.765,1,34.615,1
5905611,2025-11-28T23:41:20Z,1,-26.61903,158.33145,1,1699.5,1,34.615,1,2.764,1,1699.5,1,2.764,1,34.615,1
5905611,2025-11-28T23:41:20Z,1,-26.61903,158.33145,1,1701.6,1,34.616,1,2.759,1,1701.6,1,2.759,1,34.616,1
5905611,2025-11-28T23:41:20Z,1,-26.61903,158.33145,1,1703.4,1,34.616,1,2.756,1,1703.4,1,2.756,1,34.616,1
5905611,2025-11-28T23:41:20Z,1,-26.61903,158.33145,1,1705.1,1,34.617,1,2.754,1,1705.1,1,2.754,1,34.617,1
5905611,2025-11-28T23:41:20Z,1,-26.61903,158.33145,1,1707.3,1,34.617,1,2.751,1,1707.3,1,2.751,1,34.617,1
5905611,2025-11-28T23:41:20Z,1,-26.61903,158.33145,1,1709.5,1,34.617,1,2.747,1,1709.5,1,2.747,1,34.617,1
5905611,2025-11-28T23:41:20Z,1,-26.61903,158.33145,1,1711.3,1,34.618,1,2.743,1,1711.3,1,2.743,1,34.618,1
5905611,2025-11-28T23:41:20Z,1,-26.61903,158.33145,1,1713.1,1,34.618,1,2.737,1,1713.1,1,2.737,1,34.618,1
5905611,2025-11-28T23:41:20Z,1,-26.61903,158.33145,1,1715.4,1,34.619,1,2.735,1,1715.4,1,2.735,1,34.619,1
5905611,2025-11-28T23:41:20Z,1,-26.61903,158.33145,1,1717.6,1,34.619,1,2.732,1,1717.6,1,2.732,1,34.619,1
5905611,2025-11-28T23:41:20Z,1,-26.61903,158.33145,1,1719.4,1,34.619,1,2.727,1,1719.4,1,2.727,1,34.619,1
5905611,2025-11-28T23:41:20Z,1,-26.61903,158.33145,1,1721.1,1,34.62,1,2.725,1,1721.1,1,2.725,1,34.62,1
5905611,2025-11-28T23:41:20Z,1,-26.61903,158.33145,1,1723.4,1,34.62,1,2.721,1,1723.4,1,2.721,1,34.62,1
5905611,2025-11-28T23:41:20Z,1,-26.61903,158.33145,1,1725.7,1,34.62,1,2.719,1,1725.7,1,2.719,1,34.62,1
5905611,2025-11-28T23:41:20Z,1,-26.61903,158.33145,1,1727.5,1,34.62,1,2.718,1,1727.5,1,2.718,1,34.62,1
5905611,2025-11-28T23:41:20Z,1,-26.61903,158.33145,1,1729.3,1,34.621,1,2.715,1,1729.3,1,2.715,1,34.621,1
5905611,2025-11-28T23:41:20Z,1,-26.61903,158.33145,1,1731.2,1,34.621,1,2.713,1,1731.2,1,2.713,1,34.621,1
5905611,2025-11-28T23:41:20Z,1,-26.61903,158.33145,1,1733.1,1,34.621,1,2.711,1,1733.1,1,2.711,1,34.621,1
5905611,2025-11-28T23:41:20Z,1,-26.61903,158.33145,1,1735.4,1,34.622,1,2.7,1,1735.4,1,2.7,1,34.622,1
5905611,2025-11-28T23:41:20Z,1,-26.61903,158.33145,1,1737.8,1,34.622,1,2.695,1,1737.8,1,2.695,1,34.622,1
5905611,2025-11-28T23:41:20Z,1,-26.61903,158.33145,1,1739.7,1,34.622,1,2.692,1,1739.7,1,2.692,1,34.622,1
5905611,2025-11-28T23:41:20Z,1,-26.61903,158.33145,1,1741.6,1,34.624,1,2.685,1,1741.6,1,2.685,1,34.624,1
5905611,2025-11-28T23:41:20Z,1,-26.61903,158.33145,1,1743.5,1,34.623,1,2.684,1,1743.5,1,2.684,1,34.623,1
5905611,2025-11-28T23:41:20Z,1,-26.61903,158.33145,1,1745.4,1,34.624,1,2.682,1,1745.4,1,2.682,1,34.624,1
5905611,2025-11-28T23:41:20Z,1,-26.61903,158.33145,1,1747.3,1,34.624,1,2.68,1,1747.3,1,2.68,1,34.624,1
5905611,2025-11-28T23:41:20Z,1,-26.61903,158.33145,1,1749.2,1,34.624,1,2.679,1,1749.2,1,2.679,1,34.624,1
5905611,2025-11-28T23:41:20Z,1,-26.61903,158.33145,1,1751.1,1,34.624,1,2.676,1,1751.1,1,2.676,1,34.624,1
5905611,2025-11-28T23:41:20Z,1,-26.61903,158.33145,1,1753.1,1,34.624,1,2.673,1,1753.1,1,2.673,1,34.624,1
5905611,2025-11-28T23:41:20Z,1,-26.61903,158.33145,1,1755.4,1,34.624,1,2.672,1,1755.4,1,2.672,1,34.624,1
5905611,2025-11-28T23:41:20Z,1,-26.61903,158.33145,1,1757.9,1,34.626,1,2.666,1,1757.9,1,2.666,1,34.626,1
5905611,2025-11-28T23:41:20Z,1,-26.61903,158.33145,1,1759.8,1,34.626,1,2.661,1,1759.8,1,2.661,1,34.626,1
5905611,2025-11-28T23:41:20Z,1,-26.61903,158.33145,1,1761.8,1,34.626,1,2.659,1,1761.8,1,2.659,1,34.626,1
5905611,2025-11-28T23:41:20Z,1,-26.61903,158.33145,1,1763.7,1,34.626,1,2.659,1,1763.7,1,2.659,1,34.626,1
5905611,2025-11-28T23:41:20Z,1,-26.61903,158.33145,1,1765.7,1,34.626,1,2.658,1,1765.7,1,2.658,1,34.626,1
5905611,2025-11-28T23:41:20Z,1,-26.61903,158.33145,1,1767.6,1,34.626,1,2.657,1,1767.6,1,2.657,1,34.626,1
5905611,2025-11-28T23:41:20Z,1,-26.61903,158.33145,1,1769.6,1,34.626,1,2.656,1,1769.6,1,2.656,1,34.626,1
5905611,2025-11-28T23:41:20Z,1,-26.61903,158.33145,1,1771.5,1,34.627,1,2.655,1,1771.5,1,2.655,1,34.627,1
5905611,2025-11-28T23:41:20Z,1,-26.61903,158.33145,1,1773.5,1,34.627,1,2.652,1,1773.5,1,2.652,1,34.627,1
5905611,2025-11-28T23:41:20Z,1,-26.61903,158.33145,1,1775.5,1,34.627,1,2.65,1,1775.5,1,2.65,1,34.627,1
5905611,2025-11-28T23:41:20Z,1,-26.61903,158.33145,1,1777.5,1,34.627,1,2.65,1,1777.5,1,2.65,1,34.627,1
5905611,2025-11-28T23:41:20Z,1,-26.61903,158.33145,1,1779.5,1,34.627,1,2.647,1,1779.5,1,2.647,1,34.627,1
5905611,2025-11-28T23:41:20Z,1,-26.61903,158.33145,1,1781.5,1,34.628,1,2.644,1,1781.5,1,2.644,1,34.628,1
5905611,2025-11-28T23:41:20Z,1,-26.61903,158.33145,1,1783.5,1,34.628,1,2.644,1,1783.5,1,2.644,1,34.628,1
5905611,2025-11-28T23:41:20Z,1,-26.61903,158.33145,1,1785.6,1,34.628,1,2.639,1,1785.6,1,2.639,1,34.628,1
5905611,2025-11-28T23:41:20Z,1,-26.61903,158.33145,1,1787.5,1,34.629,1,2.632,1,1787.5,1,2.632,1,34.629,1
5905611,2025-11-28T23:41:20Z,1,-26.61903,158.33145,1,1789.4,1,34.629,1,2.631,1,1789.4,1,2.631,1,34.629,1
5905611,2025-11-28T23:41:20Z,1,-26.61903,158.33145,1,1791.3,1,34.629,1,2.63,1,1791.3,1,2.63,1,34.629,1
5905611,2025-11-28T23:41:20Z,1,-26.61903,158.33145,1,1793.6,1,34.629,1,2.627,1,1793.6,1,2.627,1,34.629,1
5905611,2025-11-28T23:41:20Z,1,-26.61903,158.33145,1,1795.6,1,34.63,1,2.623,1,1795.6,1,2.623,1,34.63,1
5905611,2025-11-28T23:41:20Z,1,-26.61903,158.33145,1,1797.5,1,34.63,1,2.622,1,1797.5,1,2.622,1,34.63,1
5905611,2025-11-28T23:41:20Z,1,-26.61903,158.33145,1,1799.5,1,34.63,1,2.621,1,1799.5,1,2.621,1,34.63,1
5905611,2025-11-28T23:41:20Z,1,-26.61903,158.33145,1,1801.4,1,34.63,1,2.62,1,1801.4,1,2.62,1,34.63,1
5905611,2025-11-28T23:41:20Z,1,-26.61903,158.33145,1,1803.4,1,34.631,1,2.613,1,1803.4,1,2.613,1,34.631,1
5905611,2025-11-28T23:41:20Z,1,-26.61903,158.33145,1,1805.4,1,34.631,1,2.608,1,1805.4,1,2.608,1,34.631,1
5905611,2025-11-28T23:41:20Z,1,-26.61903,158.33145,1,1807.5,1,34.632,1,2.604,1,1807.5,1,2.604,1,34.632,1
5905611,2025-11-28T23:41:20Z,1,-26.61903,158.33145,1,1809.5,1,34.633,1,2.6,1,1809.5,1,2.6,1,34.633,1
5905611,2025-11-28T23:41:20Z,1,-26.61903,158.33145,1,1811.5,1,34.633,1,2.592,1,1811.5,1,2.592,1,34.633,1
5905611,2025-11-28T23:41:20Z,1,-26.61903,158.33145,1,1813.5,1,34.634,1,2.588,1,1813.5,1,2.588,1,34.634,1
5905611,2025-11-28T23:41:20Z,1,-26.61903,158.33145,1,1815.6,1,34.634,1,2.589,1,1815.6,1,2.589,1,34.634,1
5905611,2025-11-28T23:41:20Z,1,-26.61903,158.33145,1,1817.2,1,34.634,1,2.587,1,1817.2,1,2.587,1,34.634,1
5905611,2025-11-28T23:41:20Z,1,-26.61903,158.33145,1,1819.3,1,34.634,1,2.587,1,1819.3,1,2.587,1,34.634,1
5905611,2025-11-28T23:41:20Z,1,-26.61903,158.33145,1,1821.3,1,34.634,1,2.586,1,1821.3,1,2.586,1,34.634,1
5905611,2025-11-28T23:41:20Z,1,-26.61903,158.33145,1,1823.4,1,34.634,1,2.584,1,1823.4,1,2.584,1,34.634,1
5905611,2025-11-28T23:41:20Z,1,-26.61903,158.33145,1,1825.5,1,34.634,1,2.582,1,1825.5,1,2.582,1,34.634,1
5905611,2025-11-28T23:41:20Z,1,-26.61903,158.33145,1,1827.5,1,34.635,1,2.577,1,1827.5,1,2.577,1,34.635,1
5905611,2025-11-28T23:41:20Z,1,-26.61903,158.33145,1,1829.7,1,34.636,1,2.569,1,1829.7,1,2.569,1,34.636,1
5905611,2025-11-28T23:41:20Z,1,-26.61903,158.33145,1,1831.4,1,34.636,1,2.568,1,1831.4,1,2.568,1,34.636,1
5905611,2025-11-28T23:41:20Z,1,-26.61903,158.33145,1,1833.4,1,34.636,1,2.565,1,1833.4,1,2.565,1,34.636,1
5905611,2025-11-28T23:41:20Z,1,-26.61903,158.33145,1,1835.6,1,34.637,1,2.564,1,1835.6,1,2.564,1,34.637,1
5905611,2025-11-28T23:41:20Z,1,-26.61903,158.33145,1,1837.3,1,34.637,1,2.564,1,1837.3,1,2.564,1,34.637,1
5905611,2025-11-28T23:41:20Z,1,-26.61903,158.33145,1,1839.4,1,34.637,1,2.563,1,1839.4,1,2.563,1,34.637,1
5905611,2025-11-28T23:41:20Z,1,-26.61903,158.33145,1,1841.5,1,34.637,1,2.562,1,1841.5,1,2.562,1,34.637,1
5905611,2025-11-28T23:41:20Z,1,-26.61903,158.33145,1,1843.2,1,34.637,1,2.562,1,1843.2,1,2.562,1,34.637,1
5905611,2025-11-28T23:41:20Z,1,-26.61903,158.33145,1,1845.3,1,34.637,1,2.559,1,1845.3,1,2.559,1,34.637,1
5905611,2025-11-28T23:41:20Z,1,-26.61903,158.33145,1,1847.5,1,34.637,1,2.556,1,1847.5,1,2.556,1,34.637,1
5905611,2025-11-28T23:41:20Z,1,-26.61903,158.33145,1,1849.3,1,34.637,1,2.555,1,1849.3,1,2.555,1,34.637,1
5905611,2025-11-28T23:41:20Z,1,-26.61903,158.33145,1,1851.4,1,34.639,1,2.549,1,1851.4,1,2.549,1,34.639,1
5905611,2025-11-28T23:41:20Z,1,-26.61903,158.33145,1,1853.5,1,34.639,1,2.545,1,1853.5,1,2.545,1,34.639,1
5905611,2025-11-28T23:41:20Z,1,-26.61903,158.33145,1,1855.2,1,34.639,1,2.542,1,1855.2,1,2.542,1,34.639,1
5905611,2025-11-28T23:41:20Z,1,-26.61903,158.33145,1,1857.3,1,34.64,1,2.538,1,1857.3,1,2.538,1,34.64,1
5905611,2025-11-28T23:41:20Z,1,-26.61903,158.33145,1,1859.5,1,34.64,1,2.536,1,1859.5,1,2.536,1,34.64,1
5905611,2025-11-28T23:41:20Z,1,-26.61903,158.33145,1,1861.2,1,34.64,1,2.533,1,1861.2,1,2.533,1,34.64,1
5905611,2025-11-28T23:41:20Z,1,-26.61903,158.33145,1,1863.4,1,34.64,1,2.53,1,1863.4,1,2.53,1,34.64,1
5905611,2025-11-28T23:41:20Z,1,-26.61903,158.33145,1,1865.5,1,34.641,1,2.526,1,1865.5,1,2.526,1,34.641,1
5905611,2025-11-28T23:41:20Z,1,-26.61903,158.33145,1,1867.3,1,34.641,1,2.525,1,1867.3,1,2.525,1,34.641,1
5905611,2025-11-28T23:41:20Z,1,-26.61903,158.33145,1,1869.5,1,34.641,1,2.524,1,1869.5,1,2.524,1,34.641,1
5905611,2025-11-28T23:41:20Z,1,-26.61903,158.33145,1,1871.6,1,34.642,1,2.521,1,1871.6,1,2.521,1,34.642,1
5905611,2025-11-28T23:41:20Z,1,-26.61903,158.33145,1,1873.4,1,34.642,1,2.518,1,1873.4,1,2.518,1,34.642,1
5905611,2025-11-28T23:41:20Z,1,-26.61903,158.33145,1,1875.2,1,34.642,1,2.518,1,1875.2,1,2.518,1,34.642,1
5905611,2025-11-28T23:41:20Z,1,-26.61903,158.33145,1,1877.4,1,34.642,1,2.517,1,1877.4,1,2.517,1,34.642,1
5905611,2025-11-28T23:41:20Z,1,-26.61903,158.33145,1,1879.6,1,34.642,1,2.513,1,1879.6,1,2.513,1,34.642,1
5905611,2025-11-28T23:41:20Z,1,-26.61903,158.33145,1,1881.3,1,34.643,1,2.512,1,1881.3,1,2.512,1,34.643,1
5905611,2025-11-28T23:41:20Z,1,-26.61903,158.33145,1,1883.5,1,34.643,1,2.511,1,1883.5,1,2.511,1,34.643,1
5905611,2025-11-28T23:41:20Z,1,-26.61903,158.33145,1,1885.7,1,34.643,1,2.51,1,1885.7,1,2.51,1,34.643,1
5905611,2025-11-28T23:41:20Z,1,-26.61903,158.33145,1,1887.5,1,34.643,1,2.508,1,1887.5,1,2.508,1,34.643,1
5905611,2025-11-28T23:41:20Z,1,-26.61903,158.33145,1,1889.3,1,34.643,1,2.505,1,1889.3,1,2.505,1,34.643,1
5905611,2025-11-28T23:41:20Z,1,-26.61903,158.33145,1,1891.2,1,34.645,1,2.5,1,1891.2,1,2.5,1,34.645,1
5905611,2025-11-28T23:41:20Z,1,-26.61903,158.33145,1,1893.5,1,34.644,1,2.498,1,1893.5,1,2.498,1,34.644,1
5905611,2025-11-28T23:41:20Z,1,-26.61903,158.33145,1,1895.8,1,34.644,1,2.499,1,1895.8,1,2.499,1,34.644,1
5905611,2025-11-28T23:41:20Z,1,-26.61903,158.33145,1,1897.6,1,34.645,1,2.498,1,1897.6,1,2.498,1,34.645,1
5905611,2025-11-28T23:41:20Z,1,-26.61903,158.33145,1,1899.4,1,34.645,1,2.497,1,1899.4,1,2.497,1,34.645,1
5905611,2025-11-28T23:41:20Z,1,-26.61903,158.33145,1,1901.2,1,34.645,1,2.496,1,1901.2,1,2.496,1,34.645,1
5905611,2025-11-28T23:41:20Z,1,-26.61903,158.33145,1,1903.0,1,34.645,1,2.495,1,1903.0,1,2.495,1,34.645,1
5905611,2025-11-28T23:41:20Z,1,-26.61903,158.33145,1,1905.4,1,34.645,1,2.495,1,1905.4,1,2.495,1,34.645,1
5905611,2025-11-28T23:41:20Z,1,-26.61903,158.33145,1,1907.6,1,34.645,1,2.493,1,1907.6,1,2.493,1,34.645,1
5905611,2025-11-28T23:41:20Z,1,-26.61903,158.33145,1,1909.4,1,34.645,1,2.493,1,1909.4,1,2.493,1,34.645,1
5905611,2025-11-28T23:41:20Z,1,-26.61903,158.33145,1,1911.3,1,34.645,1,2.493,1,1911.3,1,2.493,1,34.645,1
5905611,2025-11-28T23:41:20Z,1,-26.61903,158.33145,1,1913.1,1,34.646,1,2.491,1,1913.1,1,2.491,1,34.646,1
5905611,2025-11-28T23:41:20Z,1,-26.61903,158.33145,1,1915.4,1,34.645,1,2.49,1,1915.4,1,2.49,1,34.645,1
5905611,2025-11-28T23:41:20Z,1,-26.61903,158.33145,1,1917.7,1,34.646,1,2.488,1,1917.7,1,2.488,1,34.646,1
5905611,2025-11-28T23:41:20Z,1,-26.61903,158.33145,1,1919.6,1,34.646,1,2.487,1,1919.6,1,2.487,1,34.646,1
5905611,2025-11-28T23:41:20Z,1,-26.61903,158.33145,1,1921.4,1,34.646,1,2.486,1,1921.4,1,2.486,1,34.646,1
5905611,2025-11-28T23:41:20Z,1,-26.61903,158.33145,1,1923.3,1,34.647,1,2.485,1,1923.3,1,2.485,1,34.647,1
5905611,2025-11-28T23:41:20Z,1,-26.61903,158.33145,1,1925.1,1,34.646,1,2.484,1,1925.1,1,2.484,1,34.646,1
5905611,2025-11-28T23:41:20Z,1,-26.61903,158.33145,1,1927.4,1,34.647,1,2.481,1,1927.4,1,2.481,1,34.647,1
5905611,2025-11-28T23:41:20Z,1,-26.61903,158.33145,1,1929.7,1,34.647,1,2.477,1,1929.7,1,2.477,1,34.647,1
5905611,2025-11-28T23:41:20Z,1,-26.61903,158.33145,1,1931.6,1,34.647,1,2.475,1,1931.6,1,2.475,1,34.647,1
5905611,2025-11-28T23:41:20Z,1,-26.61903,158.33145,1,1933.4,1,34.648,1,2.475,1,1933.4,1,2.475,1,34.648,1
5905611,2025-11-28T23:41:20Z,1,-26.61903,158.33145,1,1935.3,1,34.648,1,2.473,1,1935.3,1,2.473,1,34.648,1
5905611,2025-11-28T23:41:20Z,1,-26.61903,158.33145,1,1937.1,1,34.648,1,2.47,1,1937.1,1,2.47,1,34.648,1
5905611,2025-11-28T23:41:20Z,1,-26.61903,158.33145,1,1939.4,1,34.649,1,2.468,1,1939.4,1,2.468,1,34.649,1
5905611,2025-11-28T23:41:20Z,1,-26.61903,158.33145,1,1941.7,1,34.649,1,2.467,1,1941.7,1,2.467,1,34.649,1
5905611,2025-11-28T23:41:20Z,1,-26.61903,158.33145,1,1943.5,1,34.649,1,2.466,1,1943.5,1,2.466,1,34.649,1
5905611,2025-11-28T23:41:20Z,1,-26.61903,158.33145,1,1945.3,1,34.649,1,2.466,1,1945.3,1,2.466,1,34.649,1
5905611,2025-11-28T23:41:20Z,1,-26.61903,158.33145,1,1947.1,1,34.649,1,2.466,1,1947.1,1,2.466,1,34.649,1
5905611,2025-11-28T23:41:20Z,1,-26.61903,158.33145,1,1949.4,1,34.649,1,2.461,1,1949.4,1,2.461,1,34.649,1
5905611,2025-11-28T23:41:20Z,1,-26.61903,158.33145,1,1951.7,1,34.65,1,2.459,1,1951.7,1,2.459,1,34.65,1
5905611,2025-11-28T23:41:20Z,1,-26.61903,158.33145,1,1953.5,1,34.65,1,2.459,1,1953.5,1,2.459,1,34.65,1
5905611,2025-11-28T23:41:20Z,1,-26.61903,158.33145,1,1955.3,1,34.65,1,2.457,1,1955.3,1,2.457,1,34.65,1
5905611,2025-11-28T23:41:20Z,1,-26.61903,158.33145,1,1957.2,1,34.651,1,2.455,1,1957.2,1,2.455,1,34.651,1
5905611,2025-11-28T23:41:20Z,1,-26.61903,158.33145,1,1959.5,1,34.651,1,2.452,1,1959.5,1,2.452,1,34.651,1
5905611,2025-11-28T23:41:20Z,1,-26.61903,158.33145,1,1961.7,1,34.651,1,2.451,1,1961.7,1,2.451,1,34.651,1
5905611,2025-11-28T23:41:20Z,1,-26.61903,158.33145,1,1963.6,1,34.65,1,2.45,1,1963.6,1,2.45,1,34.65,1
5905611,2025-11-28T23:41:20Z,1,-26.61903,158.33145,1,1965.4,1,34.651,1,2.448,1,1965.4,1,2.448,1,34.651,1
5905611,2025-11-28T23:41:20Z,1,-26.61903,158.33145,1,1967.3,1,34.652,1,2.447,1,1967.3,1,2.447,1,34.652,1
5905611,2025-11-28T23:41:20Z,1,-26.61903,158.33145,1,1969.1,1,34.652,1,2.445,1,1969.1,1,2.445,1,34.652,1
5905611,2025-11-28T23:41:20Z,1,-26.61903,158.33145,1,1971.4,1,34.652,1,2.442,1,1971.4,1,2.442,1,34.652,1
5905611,2025-11-28T23:41:20Z,1,-26.61903,158.33145,1,1973.8,1,34.652,1,2.439,1,1973.8,1,2.439,1,34.652,1
5905611,2025-11-28T23:41:20Z,1,-26.61903,158.33145,1,1975.6,1,34.652,1,2.435,1,1975.6,1,2.435,1,34.652,1
5905611,2025-11-28T23:41:20Z,1,-26.61903,158.33145,1,1977.5,1,34.653,1,2.433,1,1977.5,1,2.433,1,34.653,1
5905611,2025-11-28T23:41:20Z,1,-26.61903,158.33145,1,1979.3,1,34.653,1,2.431,1,1979.3,1,2.431,1,34.653,1
5905611,2025-11-28T23:41:20Z,1,-26.61903,158.33145,1,1981.2,1,34.653,1,2.431,1,1981.2,1,2.431,1,34.653,1
5905611,2025-11-28T23:41:20Z,1,-26.61903,158.33145,1,1983.1,1,34.653,1,2.429,1,1983.1,1,2.429,1,34.653,1
5905611,2025-11-28T23:41:20Z,1,-26.61903,158.33145,1,1985.4,1,34.655,1,2.424,1,1985.4,1,2.424,1,34.655,1
5905611,2025-11-28T23:41:20Z,1,-26.61903,158.33145,1,1987.8,1,34.655,1,2.42,1,1987.8,1,2.42,1,34.655,1
5905611,2025-11-28T23:41:20Z,1,-26.61903,158.33145,1,1989.7,1,34.656,1,2.416,1,1989.7,1,2.416,1,34.656,1
5905611,2025-11-28T23:41:20Z,1,-26.61903,158.33145,1,1991.5,1,34.656,1,2.415,1,1991.5,1,2.415,1,34.656,1
5905611,2025-11-28T23:41:20Z,1,-26.61903,158.33145,1,1993.4,1,34.656,1,2.414,1,1993.4,1,2.414,1,34.656,1
5905611,2025-11-28T23:41:20Z,1,-26.61903,158.33145,1,1995.3,1,34.656,1,2.413,1,1995.3,1,2.413,1,34.656,1
5905611,2025-11-28T23:41:20Z,1,-26.61903,158.33145,1,1997.2,1,34.656,1,2.409,1,1997.2,1,2.409,1,34.656,1
5905611,2025-11-28T23:41:20Z,1,-26.61903,158.33145,1,1999.0,1,34.657,1,2.408,1,1999.0,1,2.408,1,34.657,1
5905611,2025-11-28T23:41:20Z,1,-26.61903,158.33145,1,2001.4,1,34.657,1,2.404,1,2001.4,1,2.404,1,34.657,1
5905611,2025-11-28T23:41:20Z,1,-26.61903,158.33145,1,2003.8,1,34.657,1,2.402,1,2003.8,1,2.402,1,34.657,1
5905611,2025-11-28T23:41:20Z,1,-26.61903,158.33145,1,2005.7,1,34.657,1,2.4,1,2005.7,1,2.4,1,34.657,1
5905611,2025-11-28T23:41:20Z,1,-26.61903,158.33145,1,2007.6,1,34.658,1,2.397,1,2007.6,1,2.397,1,34.658,1
5905611,2025-11-28T23:41:20Z,1,-26.61903,158.33145,1,2009.5,1,34.659,1,2.393,1,2009.5,1,2.393,1,34.659,1
5905611,2025-11-28T23:41:20Z,1,-26.61903,158.33145,1,2011.6,1,34.659,1,2.389,1,2011.6,1,2.389,1,34.659,1
5905611,2025-11-28T23:41:20Z,1,-26.61903,158.33145,1,2013.7,1,34.66,1,2.385,1,2013.7,1,2.385,1,34.66,1
5905611,2025-11-28T23:41:20Z,1,-26.61903,158.33145,1,2015.6,1,34.659,1,2.383,1,2015.6,1,2.383,1,34.659,1
5905611,2025-11-28T23:41:20Z,1,-26.61903,158.33145,1,2017.6,1,34.66,1,2.381,1,2017.6,1,2.381,1,34.66,1
5905611,2025-12-08T18:38:20Z,1,-26.5853,158.47018,1,0.3,1,35.76,1,24.145,1,0.3,1,24.145,1,35.76,1
5905611,2025-12-08T18:38:20Z,1,-26.5853,158.47018,1,1.5,1,35.76,1,24.149,1,1.5,1,24.149,1,35.76,1
5905611,2025-12-08T18:38:20Z,1,-26.5853,158.47018,1,3.4,1,35.761,1,24.147,1,3.4,1,24.147,1,35.761,1
5905611,2025-12-08T18:38:20Z,1,-26.5853,158.47018,1,4.6,1,35.762,1,24.147,1,4.6,1,24.147,1,35.762,1
5905611,2025-12-08T18:38:20Z,1,-26.5853,158.47018,1,5.9,1,35.762,1,24.148,1,5.9,1,24.148,1,35.762,1
5905611,2025-12-08T18:38:20Z,1,-26.5853,158.47018,1,7.6,1,35.762,1,24.147,1,7.6,1,24.147,1,35.762,1
5905611,2025-12-08T18:38:20Z,1,-26.5853,158.47018,1,9.4,1,35.762,1,24.147,1,9.4,1,24.147,1,35.762,1
5905611,2025-12-08T18:38:20Z,1,-26.5853,158.47018,1,11.2,1,35.761,1,24.148,1,11.2,1,24.148,1,35.761,1
5905611,2025-12-08T18:38:20Z,1,-26.5853,158.47018,1,13.4,1,35.76,1,24.149,1,13.4,1,24.149,1,35.76,1
5905611,2025-12-08T18:38:20Z,1,-26.5853,158.47018,1,15.5,1,35.759,1,24.142,1,15.5,1,24.142,1,35.759,1
5905611,2025-12-08T18:38:20Z,1,-26.5853,158.47018,1,17.3,1,35.756,1,24.123,1,17.3,1,24.123,1,35.756,1
5905611,2025-12-08T18:38:20Z,1,-26.5853,158.47018,1,19.4,1,35.75,1,24.08,1,19.4,1,24.08,1,35.75,1
5905611,2025-12-08T18:38:20Z,1,-26.5853,158.47018,1,21.6,1,35.746,1,24.008,1,21.6,1,24.008,1,35.746,1
5905611,2025-12-08T18:38:20Z,1,-26.5853,158.47018,1,23.3,1,35.743,1,23.977,1,23.3,1,23.977,1,35.743,1
5905611,2025-12-08T18:38:20Z,1,-26.5853,158.47018,1,25.0,1,35.737,1,23.922,1,25.0,1,23.922,1,35.737,1
5905611,2025-12-08T18:38:20Z,1,-26.5853,158.47018,1,27.4,1,35.733,1,23.854,1,27.4,1,23.854,1,35.733,1
5905611,2025-12-08T18:38:20Z,1,-26.5853,158.47018,1,29.7,1,35.727,1,23.766,1,29.7,1,23.766,1,35.727,1
5905611,2025-12-08T18:38:20Z,1,-26.5853,158.47018,1,31.5,1,35.727,1,23.726,1,31.5,1,23.726,1,35.727,1
5905611,2025-12-08T18:38:20Z,1,-26.5853,158.47018,1,33.3,1,35.724,1,23.696,1,33.3,1,23.696,1,35.724,1
5905611,2025-12-08T18:38:20Z,1,-26.5853,158.47018,1,35.3,1,35.722,1,23.615,1,35.3,1,23.615,1,35.722,1
5905611,2025-12-08T18:38:20Z,1,-26.5853,158.47018,1,37.4,1,35.721,1,23.522,1,37.4,1,23.522,1,35.721,1
5905611,2025-12-08T18:38:20Z,1,-26.5853,158.47018,1,39.2,1,35.719,1,23.316,1,39.2,1,23.316,1,35.719,1
5905611,2025-12-08T18:38:20Z,1,-26.5853,158.47018,1,41.3,1,35.724,1,22.859,1,41.3,1,22.859,1,35.724,1
5905611,2025-12-08T18:38:20Z,1,-26.5853,158.47018,1,43.4,1,35.716,1,22.442,1,43.4,1,22.442,1,35.716,1
5905611,2025-12-08T18:38:20Z,1,-26.5853,158.47018,1,45.5,1,35.71,1,22.284,1,45.5,1,22.284,1,35.71,1
5905611,2025-12-08T18:38:20Z,1,-26.5853,158.47018,1,47.6,1,35.71,1,22.077,1,47.6,1,22.077,1,35.71,1
5905611,2025-12-08T18:38:20Z,1,-26.5853,158.47018,1,49.6,1,35.704,1,21.79,1,49.6,1,21.79,1,35.704,1
5905611,2025-12-08T18:38:20Z,1,-26.5853,158.47018,1,51.4,1,35.704,1,21.697,1,51.4,1,21.697,1,35.704,1
5905611,2025-12-08T18:38:20Z,1,-26.5853,158.47018,1,53.1,1,35.701,1,21.636,1,53.1,1,21.636,1,35.701,1
5905611,2025-12-08T18:38:20Z,1,-26.5853,158.47018,1,55.2,1,35.701,1,21.558,1,55.2,1,21.558,1,35.701,1
5905611,2025-12-08T18:38:20Z,1,-26.5853,158.47018,1,57.5,1,35.702,1,21.293,1,57.5,1,21.293,1,35.702,1
5905611,2025-12-08T18:38:20Z,1,-26.5853,158.47018,1,59.6,1,35.698,1,21.236,1,59.6,1,21.236,1,35.698,1
5905611,2025-12-08T18:38:20Z,1,-26.5853,158.47018,1,61.2,1,35.697,1,21.199,1,61.2,1,21.199,1,35.697,1
5905611,2025-12-08T18:38:20Z,1,-26.5853,158.47018,1,63.4,1,35.697,1,21.064,1,63.4,1,21.064,1,35.697,1
5905611,2025-12-08T18:38:20Z,1,-26.5853,158.47018,1,65.6,1,35.694,1,20.982,1,65.6,1,20.982,1,35.694,1
5905611,2025-12-08T18:38:20Z,1,-26.5853,158.47018,1,67.4,1,35.694,1,20.873,1,67.4,1,20.873,1,35.694,1
5905611,2025-12-08T18:38:20Z,1,-26.5853,158.47018,1,69.3,1,35.692,1,20.798,1,69.3,1,20.798,1,35.692,1
5905611,2025-12-08T18:38:20Z,1,-26.5853,158.47018,1,71.2,1,35.689,1,20.764,1,71.2,1,20.764,1,35.689,1
5905611,2025-12-08T18:38:20Z,1,-26.5853,158.47018,1,73.2,1,35.69,1,20.712,1,73.2,1,20.712,1,35.69,1
5905611,2025-12-08T18:38:20Z,1,-26.5853,158.47018,1,75.2,1,35.685,1,20.646,1,75.2,1,20.646,1,35.685,1
5905611,2025-12-08T18:38:20Z,1,-26.5853,158.47018,1,77.2,1,35.683,1,20.587,1,77.2,1,20.587,1,35.683,1
5905611,2025-12-08T18:38:20Z,1,-26.5853,158.47018,1,79.2,1,35.682,1,20.534,1,79.2,1,20.534,1,35.682,1
5905611,2025-12-08T18:38:20Z,1,-26.5853,158.47018,1,81.2,1,35.68,1,20.497,1,81.2,1,20.497,1,35.68,1
5905611,2025-12-08T18:38:20Z,1,-26.5853,158.47018,1,83.2,1,35.679,1,20.469,1,83.2,1,20.469,1,35.679,1
5905611,2025-12-08T18:38:20Z,1,-26.5853,158.47018,1,85.2,1,35.679,1,20.437,1,85.2,1,20.437,1,35.679,1
5905611,2025-12-08T18:38:20Z,1,-26.5853,158.47018,1,87.2,1,35.677,1,20.404,1,87.2,1,20.404,1,35.677,1
5905611,2025-12-08T18:38:20Z,1,-26.5853,158.47018,1,89.1,1,35.677,1,20.361,1,89.1,1,20.361,1,35.677,1
5905611,2025-12-08T18:38:20Z,1,-26.5853,158.47018,1,91.1,1,35.675,1,20.332,1,91.1,1,20.332,1,35.675,1
5905611,2025-12-08T18:38:20Z,1,-26.5853,158.47018,1,93.4,1,35.674,1,20.306,1,93.4,1,20.306,1,35.674,1
5905611,2025-12-08T18:38:20Z,1,-26.5853,158.47018,1,95.8,1,35.674,1,20.248,1,95.8,1,20.248,1,35.674,1
5905611,2025-12-08T18:38:20Z,1,-26.5853,158.47018,1,97.7,1,35.672,1,20.215,1,97.7,1,20.215,1,35.672,1
5905611,2025-12-08T18:38:20Z,1,-26.5853,158.47018,1,99.5,1,35.671,1,20.214,1,99.5,1,20.214,1,35.671,1
5905611,2025-12-08T18:38:20Z,1,-26.5853,158.47018,1,101.3,1,35.673,1,20.212,1,101.3,1,20.212,1,35.673,1
5905611,2025-12-08T18:38:20Z,1,-26.5853,158.47018,1,103.2,1,35.675,1,20.191,1,103.2,1,20.191,1,35.675,1
5905611,2025-12-08T18:38:20Z,1,-26.5853,158.47018,1,105.1,1,35.671,1,20.147,1,105.1,1,20.147,1,35.671,1
5905611,2025-12-08T18:38:20Z,1,-26.5853,158.47018,1,107.4,1,35.669,1,20.109,1,107.4,1,20.109,1,35.669,1
5905611,2025-12-08T18:38:20Z,1,-26.5853,158.47018,1,109.7,1,35.668,1,20.075,1,109.7,1,20.075,1,35.668,1
5905611,2025-12-08T18:38:20Z,1,-26.5853,158.47018,1,111.6,1,35.669,1,20.043,1,111.6,1,20.043,1,35.669,1
5905611,2025-12-08T18:38:20Z,1,-26.5853,158.47018,1,113.4,1,35.668,1,20.019,1,113.4,1,20.019,1,35.668,1
5905611,2025-12-08T18:38:20Z,1,-26.5853,158.47018,1,115.3,1,35.666,1,19.993,1,115.3,1,19.993,1,35.666,1
5905611,2025-12-08T18:38:20Z,1,-26.5853,158.47018,1,117.1,1,35.665,1,19.967,1,117.1,1,19.967,1,35.665,1
5905611,2025-12-08T18:38:20Z,1,-26.5853,158.47018,1,119.5,1,35.664,1,19.935,1,119.5,1,19.935,1,35.664,1
5905611,2025-12-08T18:38:20Z,1,-26.5853,158.47018,1,121.7,1,35.663,1,19.908,1,121.7,1,19.908,1,35.663,1
5905611,2025-12-08T18:38:20Z,1,-26.5853,158.47018,1,123.6,1,35.661,1,19.883,1,123.6,1,19.883,1,35.661,1
5905611,2025-12-08T18:38:20Z,1,-26.5853,158.47018,1,125.4,1,35.659,1,19.854,1,125.4,1,19.854,1,35.659,1
5905611,2025-12-08T18:38:20Z,1,-26.5853,158.47018,1,127.3,1,35.66,1,19.836,1,127.3,1,19.836,1,35.66,1
5905611,2025-12-08T18:38:20Z,1,-26.5853,158.47018,1,129.2,1,35.659,1,19.812,1,129.2,1,19.812,1,35.659,1
5905611,2025-12-08T18:38:20Z,1,-26.5853,158.47018,1,131.5,1,35.657,1,19.766,1,131.5,1,19.766,1,35.657,1
5905611,2025-12-08T18:38:20Z,1,-26.5853,158.47018,1,133.7,1,35.657,1,19.73,1,133.7,1,19.73,1,35.657,1
5905611,2025-12-08T18:38:20Z,1,-26.5853,158.47018,1,135.6,1,35.658,1,19.702,1,135.6,1,19.702,1,35.658,1
5905611,2025-12-08T18:38:20Z,1,-26.5853,158.47018,1,137.5,1,35.658,1,19.675,1,137.5,1,19.675,1,35.658,1
5905611,2025-12-08T18:38:20Z,1,-26.5853,158.47018,1,139.4,1,35.662,1,19.667,1,139.4,1,19.667,1,35.662,1
5905611,2025-12-08T18:38:20Z,1,-26.5853,158.47018,1,141.4,1,35.669,1,19.663,1,141.4,1,19.663,1,35.669,1
5905611,2025-12-08T18:38:20Z,1,-26.5853,158.47018,1,143.4,1,35.665,1,19.642,1,143.4,1,19.642,1,35.665,1
5905611,2025-12-08T18:38:20Z,1,-26.5853,158.47018,1,145.4,1,35.66,1,19.604,1,145.4,1,19.604,1,35.66,1
5905611,2025-12-08T18:38:20Z,1,-26.5853,158.47018,1,147.5,1,35.657,1,19.557,1,147.5,1,19.557,1,35.657,1
5905611,2025-12-08T18:38:20Z,1,-26.5853,158.47018,1,149.5,1,35.649,1,19.505,1,149.5,1,19.505,1,35.649,1
5905611,2025-12-08T18:38:20Z,1,-26.5853,158.47018,1,151.7,1,35.645,1,19.485,1,151.7,1,19.485,1,35.645,1
5905611,2025-12-08T18:38:20Z,1,-26.5853,158.47018,1,153.8,1,35.64,1,19.442,1,153.8,1,19.442,1,35.64,1
5905611,2025-12-08T18:38:20Z,1,-26.5853,158.47018,1,155.4,1,35.634,1,19.41,1,155.4,1,19.41,1,35.634,1
5905611,2025-12-08T18:38:20Z,1,-26.5853,158.47018,1,157.0,1,35.635,1,19.394,1,157.0,1,19.394,1,35.635,1
5905611,2025-12-08T18:38:20Z,1,-26.5853,158.47018,1,159.1,1,35.631,1,19.369,1,159.1,1,19.369,1,35.631,1
5905611,2025-12-08T18:38:20Z,1,-26.5853,158.47018,1,161.3,1,35.636,1,19.365,1,161.3,1,19.365,1,35.636,1
5905611,2025-12-08T18:38:20Z,1,-26.5853,158.47018,1,163.5,1,35.638,1,19.354,1,163.5,1,19.354,1,35.638,1
5905611,2025-12-08T18:38:20Z,1,-26.5853,158.47018,1,165.6,1,35.636,1,19.305,1,165.6,1,19.305,1,35.636,1
5905611,2025-12-08T18:38:20Z,1,-26.5853,158.47018,1,167.3,1,35.636,1,19.289,1,167.3,1,19.289,1,35.636,1
5905611,2025-12-08T18:38:20Z,1,-26.5853,158.47018,1,169.0,1,35.636,1,19.278,1,169.0,1,19.278,1,35.636,1
5905611,2025-12-08T18:38:20Z,1,-26.5853,158.47018,1,171.2,1,35.64,1,19.276,1,171.2,1,19.276,1,35.64,1
5905611,2025-12-08T18:38:20Z,1,-26.5853,158.47018,1,173.4,1,35.641,1,19.251,1,173.4,1,19.251,1,35.641,1
5905611,2025-12-08T18:38:20Z,1,-26.5853,158.47018,1,175.7,1,35.629,1,19.189,1,175.7,1,19.189,1,35.629,1
5905611,2025-12-08T18:38:20Z,1,-26.5853,158.47018,1,177.4,1,35.631,1,19.186,1,177.4,1,19.186,1,35.631,1
5905611,2025-12-08T18:38:20Z,1,-26.5853,158.47018,1,179.1,1,35.631,1,19.178,1,179.1,1,19.178,1,35.631,1
5905611,2025-12-08T18:38:20Z,1,-26.5853,158.47018,1,181.3,1,35.64,1,19.175,1,181.3,1,19.175,1,35.64,1
5905611,2025-12-08T18:38:20Z,1,-26.5853,158.47018,1,183.5,1,35.638,1,19.161,1,183.5,1,19.161,1,35.638,1
5905611,2025-12-08T18:38:20Z,1,-26.5853,158.47018,1,185.7,1,35.63,1,19.091,1,185.7,1,19.091,1,35.63,1
5905611,2025-12-08T18:38:20Z,1,-26.5853,158.47018,1,187.5,1,35.625,1,19.069,1,187.5,1,19.069,1,35.625,1
5905611,2025-12-08T18:38:20Z,1,-26.5853,158.47018,1,189.1,1,35.628,1,19.046,1,189.1,1,19.046,1,35.628,1
5905611,2025-12-08T18:38:20Z,1,-26.5853,158.47018,1,191.3,1,35.629,1,19.042,1,191.3,1,19.042,1,35.629,1
5905611,2025-12-08T18:38:20Z,1,-26.5853,158.47018,1,193.5,1,35.636,1,19.05,1,193.5,1,19.05,1,35.636,1
5905611,2025-12-08T18:38:20Z,1,-26.5853,158.47018,1,195.6,1,35.635,1,19.021,1,195.6,1,19.021,1,35.635,1
5905611,2025-12-08T18:38:20Z,1,-26.5853,158.47018,1,197.4,1,35.629,1,18.964,1,197.4,1,18.964,1,35.629,1
5905611,2025-12-08T18:38:20Z,1,-26.5853,158.47018,1,199.0,1,35.628,1,18.936,1,199.0,1,18.936,1,35.628,1
5905611,2025-12-08T18:38:20Z,1,-26.5853,158.47018,1,201.2,1,35.629,1,18.893,1,201.2,1,18.893,1,35.629,1
5905611,2025-12-08T18:38:20Z,1,-26.5853,158.47018,1,203.4,1,35.609,1,18.786,1,203.4,1,18.786,1,35.609,1
5905611,2025-12-08T18:38:20Z,1,-26.5853,158.47018,1,205.6,1,35.606,1,18.768,1,205.6,1,18.768,1,35.606,1
5905611,2025-12-08T18:38:20Z,1,-26.5853,158.47018,1,207.7,1,35.603,1,18.754,1,207.7,1,18.754,1,35.603,1
5905611,2025-12-08T18:38:20Z,1,-26.5853,158.47018,1,209.4,1,35.608,1,18.71,1,209.4,1,18.71,1,35.608,1
5905611,2025-12-08T18:38:20Z,1,-26.5853,158.47018,1,211.0,1,35.604,1,18.675,1,211.0,1,18.675,1,35.604,1
5905611,2025-12-08T18:38:20Z,1,-26.5853,158.47018,1,213.2,1,35.604,1,18.638,1,213.2,1,18.638,1,35.604,1
5905611,2025-12-08T18:38:20Z,1,-26.5853,158.47018,1,215.4,1,35.598,1,18.578,1,215.4,1,18.578,1,35.598,1
5905611,2025-12-08T18:38:20Z,1,-26.5853,158.47018,1,217.5,1,35.594,1,18.552,1,217.5,1,18.552,1,35.594,1
5905611,2025-12-08T18:38:20Z,1,-26.5853,158.47018,1,219.7,1,35.593,1,18.546,1,219.7,1,18.546,1,35.593,1
5905611,2025-12-08T18:38:20Z,1,-26.5853,158.47018,1,221.8,1,35.593,1,18.534,1,221.8,1,18.534,1,35.593,1
5905611,2025-12-08T18:38:20Z,1,-26.5853,158.47018,1,223.4,1,35.594,1,18.513,1,223.4,1,18.513,1,35.594,1
5905611,2025-12-08T18:38:20Z,1,-26.5853,158.47018,1,225.0,1,35.591,1,18.476,1,225.0,1,18.476,1,35.591,1
5905611,2025-12-08T18:38:20Z,1,-26.5853,158.47018,1,227.0,1,35.587,1,18.412,1,227.0,1,18.412,1,35.587,1
5905611,2025-12-08T18:38:20Z,1,-26.5853,158.47018,1,228.9,1,35.58,1,18.31,1,228.9,1,18.31,1,35.58,1
5905611,2025-12-08T18:38:20Z,1,-26.5853,158.47018,1,231.0,1,35.574,1,18.203,1,231.0,1,18.203,1,35.574,1
5905611,2025-12-08T18:38:20Z,1,-26.5853,158.47018,1,233.2,1,35.568,1,18.159,1,233.2,1,18.159,1,35.568,1
5905611,2025-12-08T18:38:20Z,1,-26.5853,158.47018,1,235.3,1,35.564,1,18.124,1,235.3,1,18.124,1,35.564,1
5905611,2025-12-08T18:38:20Z,1,-26.5853,158.47018,1,237.3,1,35.561,1,18.07,1,237.3,1,18.07,1,35.561,1
5905611,2025-12-08T18:38:20Z,1,-26.5853,158.47018,1,239.2,1,35.558,1,18.033,1,239.2,1,18.033,1,35.558,1
5905611,2025-12-08T18:38:20Z,1,-26.5853,158.47018,1,241.3,1,35.555,1,18.008,1,241.3,1,18.008,1,35.555,1
5905611,2025-12-08T18:38:20Z,1,-26.5853,158.47018,1,243.5,1,35.55,1,17.943,1,243.5,1,17.943,1,35.55,1
5905611,2025-12-08T18:38:20Z,1,-26.5853,158.47018,1,245.6,1,35.541,1,17.848,1,245.6,1,17.848,1,35.541,1
5905611,2025-12-08T18:38:20Z,1,-26.5853,158.47018,1,247.2,1,35.53,1,17.65,1,247.2,1,17.65,1,35.53,1
5905611,2025-12-08T18:38:20Z,1,-26.5853,158.47018,1,249.3,1,35.524,1,17.596,1,249.3,1,17.596,1,35.524,1
5905611,2025-12-08T18:38:20Z,1,-26.5853,158.47018,1,251.4,1,35.522,1,17.577,1,251.4,1,17.577,1,35.522,1
5905611,2025-12-08T18:38:20Z,1,-26.5853,158.47018,1,253.5,1,35.519,1,17.501,1,253.5,1,17.501,1,35.519,1
5905611,2025-12-08T18:38:20Z,1,-26.5853,158.47018,1,255.7,1,35.512,1,17.438,1,255.7,1,17.438,1,35.512,1
5905611,2025-12-08T18:38:20Z,1,-26.5853,158.47018,1,257.5,1,35.509,1,17.41,1,257.5,1,17.41,1,35.509,1
5905611,2025-12-08T18:38:20Z,1,-26.5853,158.47018,1,259.3,1,35.505,1,17.371,1,259.3,1,17.371,1,35.505,1
5905611,2025-12-08T18:38:20Z,1,-26.5853,158.47018,1,261.5,1,35.503,1,17.335,1,261.5,1,17.335,1,35.503,1
5905611,2025-12-08T18:38:20Z,1,-26.5853,158.47018,1,263.7,1,35.498,1,17.272,1,263.7,1,17.272,1,35.498,1
5905611,2025-12-08T18:38:20Z,1,-26.5853,158.47018,1,265.5,1,35.493,1,17.248,1,265.5,1,17.248,1,35.493,1
5905611,2025-12-08T18:38:20Z,1,-26.5853,158.47018,1,267.3,1,35.488,1,17.164,1,267.3,1,17.164,1,35.488,1
5905611,2025-12-08T18:38:20Z,1,-26.5853,158.47018,1,269.1,1,35.483,1,17.114,1,269.1,1,17.114,1,35.483,1
5905611,2025-12-08T18:38:20Z,1,-26.5853,158.47018,1,271.4,1,35.479,1,17.075,1,271.4,1,17.075,1,35.479,1
5905611,2025-12-08T18:38:20Z,1,-26.5853,158.47018,1,273.7,1,35.478,1,17.043,1,273.7,1,17.043,1,35.478,1
5905611,2025-12-08T18:38:20Z,1,-26.5853,158.47018,1,275.4,1,35.474,1,17.003,1,275.4,1,17.003,1,35.474,1
5905611,2025-12-08T18:38:20Z,1,-26.5853,158.47018,1,277.3,1,35.469,1,16.955,1,277.3,1,16.955,1,35.469,1
5905611,2025-12-08T18:38:20Z,1,-26.5853,158.47018,1,279.2,1,35.466,1,16.914,1,279.2,1,16.914,1,35.466,1
5905611,2025-12-08T18:38:20Z,1,-26.5853,158.47018,1,281.2,1,35.462,1,16.884,1,281.2,1,16.884,1,35.462,1
5905611,2025-12-08T18:38:20Z,1,-26.5853,158.47018,1,283.1,1,35.456,1,16.829,1,283.1,1,16.829,1,35.456,1
5905611,2025-12-08T18:38:20Z,1,-26.5853,158.47018,1,285.5,1,35.449,1,16.744,1,285.5,1,16.744,1,35.449,1
5905611,2025-12-08T18:38:20Z,1,-26.5853,158.47018,1,287.9,1,35.438,1,16.628,1,287.9,1,16.628,1,35.438,1
5905611,2025-12-08T18:38:20Z,1,-26.5853,158.47018,1,289.8,1,35.436,1,16.581,1,289.8,1,16.581,1,35.436,1
5905611,2025-12-08T18:38:20Z,1,-26.5853,158.47018,1,291.7,1,35.433,1,16.529,1,291.7,1,16.529,1,35.433,1
5905611,2025-12-08T18:38:20Z,1,-26.5853,158.47018,1,293.6,1,35.426,1,16.463,1,293.6,1,16.463,1,35.426,1
5905611,2025-12-08T18:38:20Z,1,-26.5853,158.47018,1,295.5,1,35.423,1,16.438,1,295.5,1,16.438,1,35.423,1
5905611,2025-12-08T18:38:20Z,1,-26.5853,158.47018,1,297.4,1,35.422,1,16.391,1,297.4,1,16.391,1,35.422,1
5905611,2025-12-08T18:38:20Z,1,-26.5853,158.47018,1,299.2,1,35.42,1,16.332,1,299.2,1,16.332,1,35.42,1
5905611,2025-12-08T18:38:20Z,1,-26.5853,158.47018,1,301.1,1,35.415,1,16.265,1,301.1,1,16.265,1,35.415,1
5905611,2025-12-08T18:38:20Z,1,-26.5853,158.47018,1,303.4,1,35.413,1,16.257,1,303.4,1,16.257,1,35.413,1
5905611,2025-12-08T18:38:20Z,1,-26.5853,158.47018,1,305.7,1,35.409,1,16.215,1,305.7,1,16.215,1,35.409,1
5905611,2025-12-08T18:38:20Z,1,-26.5853,158.47018,1,307.5,1,35.406,1,16.153,1,307.5,1,16.153,1,35.406,1
5905611,2025-12-08T18:38:20Z,1,-26.5853,158.47018,1,309.3,1,35.406,1,16.125,1,309.3,1,16.125,1,35.406,1
5905611,2025-12-08T18:38:20Z,1,-26.5853,158.47018,1,311.1,1,35.401,1,16.084,1,311.1,1,16.084,1,35.401,1
5905611,2025-12-08T18:38:20Z,1,-26.5853,158.47018,1,313.4,1,35.397,1,16.028,1,313.4,1,16.028,1,35.397,1
5905611,2025-12-08T18:38:20Z,1,-26.5853,158.47018,1,315.6,1,35.392,1,15.948,1,315.6,1,15.948,1,35.392,1
5905611,2025-12-08T18:38:20Z,1,-26.5853,158.47018,1,317.4,1,35.387,1,15.9,1,317.4,1,15.9,1,35.387,1
5905611,2025-12-08T18:38:20Z,1,-26.5853,158.47018,1,319.6,1,35.383,1,15.875,1,319.6,1,15.875,1,35.383,1
5905611,2025-12-08T18:38:20Z,1,-26.5853,158.47018,1,321.6,1,35.376,1,15.798,1,321.6,1,15.798,1,35.376,1
5905611,2025-12-08T18:38:20Z,1,-26.5853,158.47018,1,323.2,1,35.367,1,15.679,1,323.2,1,15.679,1,35.367,1
5905611,2025-12-08T18:38:20Z,1,-26.5853,158.47018,1,325.4,1,35.352,1,15.569,1,325.4,1,15.569,1,35.352,1
5905611,2025-12-08T18:38:20Z,1,-26.5853,158.47018,1,327.5,1,35.347,1,15.513,1,327.5,1,15.513,1,35.347,1
5905611,2025-12-08T18:38:20Z,1,-26.5853,158.47018,1,329.2,1,35.34,1,15.428,1,329.2,1,15.428,1,35.34,1
5905611,2025-12-08T18:38:20Z,1,-26.5853,158.47018,1,331.3,1,35.334,1,15.358,1,331.3,1,15.358,1,35.334,1
5905611,2025-12-08T18:38:20Z,1,-26.5853,158.47018,1,333.4,1,35.321,1,15.22,1,333.4,1,15.22,1,35.321,1
5905611,2025-12-08T18:38:20Z,1,-26.5853,158.47018,1,335.5,1,35.315,1,15.186,1,335.5,1,15.186,1,35.315,1
5905611,2025-12-08T18:38:20Z,1,-26.5853,158.47018,1,337.6,1,35.311,1,15.131,1,337.6,1,15.131,1,35.311,1
5905611,2025-12-08T18:38:20Z,1,-26.5853,158.47018,1,339.2,1,35.305,1,15.07,1,339.2,1,15.07,1,35.305,1
5905611,2025-12-08T18:38:20Z,1,-26.5853,158.47018,1,341.4,1,35.296,1,15.002,1,341.4,1,15.002,1,35.296,1
5905611,2025-12-08T18:38:20Z,1,-26.5853,158.47018,1,343.5,1,35.293,1,14.968,1,343.5,1,14.968,1,35.293,1
5905611,2025-12-08T18:38:20Z,1,-26.5853,158.47018,1,345.3,1,35.292,1,14.953,1,345.3,1,14.953,1,35.292,1
5905611,2025-12-08T18:38:20Z,1,-26.5853,158.47018,1,347.4,1,35.288,1,14.927,1,347.4,1,14.927,1,35.288,1
5905611,2025-12-08T18:38:20Z,1,-26.5853,158.47018,1,349.6,1,35.286,1,14.905,1,349.6,1,14.905,1,35.286,1
5905611,2025-12-08T18:38:20Z,1,-26.5853,158.47018,1,351.4,1,35.284,1,14.895,1,351.4,1,14.895,1,35.284,1
5905611,2025-12-08T18:38:20Z,1,-26.5853,158.47018,1,353.3,1,35.284,1,14.887,1,353.3,1,14.887,1,35.284,1
5905611,2025-12-08T18:38:20Z,1,-26.5853,158.47018,1,355.1,1,35.281,1,14.875,1,355.1,1,14.875,1,35.281,1
5905611,2025-12-08T18:38:20Z,1,-26.5853,158.47018,1,357.4,1,35.276,1,14.803,1,357.4,1,14.803,1,35.276,1
5905611,2025-12-08T18:38:20Z,1,-26.5853,158.47018,1,359.7,1,35.267,1,14.734,1,359.7,1,14.734,1,35.267,1
5905611,2025-12-08T18:38:20Z,1,-26.5853,158.47018,1,361.7,1,35.258,1,14.64,1,361.7,1,14.64,1,35.258,1
5905611,2025-12-08T18:38:20Z,1,-26.5853,158.47018,1,363.6,1,35.25,1,14.556,1,363.6,1,14.556,1,35.25,1
5905611,2025-12-08T18:38:20Z,1,-26.5853,158.47018,1,365.5,1,35.241,1,14.475,1,365.5,1,14.475,1,35.241,1
5905611,2025-12-08T18:38:20Z,1,-26.5853,158.47018,1,367.4,1,35.235,1,14.357,1,367.4,1,14.357,1,35.235,1
5905611,2025-12-08T18:38:20Z,1,-26.5853,158.47018,1,369.4,1,35.225,1,14.274,1,369.4,1,14.274,1,35.225,1
5905611,2025-12-08T18:38:20Z,1,-26.5853,158.47018,1,371.4,1,35.217,1,14.222,1,371.4,1,14.222,1,35.217,1
5905611,2025-12-08T18:38:20Z,1,-26.5853,158.47018,1,373.4,1,35.213,1,14.158,1,373.4,1,14.158,1,35.213,1
5905611,2025-12-08T18:38:20Z,1,-26.5853,158.47018,1,375.4,1,35.206,1,14.094,1,375.4,1,14.094,1,35.206,1
5905611,2025-12-08T18:38:20Z,1,-26.5853,158.47018,1,377.5,1,35.202,1,14.061,1,377.5,1,14.061,1,35.202,1
5905611,2025-12-08T18:38:20Z,1,-26.5853,158.47018,1,379.6,1,35.198,1,14.032,1,379.6,1,14.032,1,35.198,1
5905611,2025-12-08T18:38:20Z,1,-26.5853,158.47018,1,381.7,1,35.197,1,14.008,1,381.7,1,14.008,1,35.197,1
5905611,2025-12-08T18:38:20Z,1,-26.5853,158.47018,1,383.7,1,35.19,1,13.954,1,383.7,1,13.954,1,35.19,1
5905611,2025-12-08T18:38:20Z,1,-26.5853,158.47018,1,385.8,1,35.18,1,13.836,1,385.8,1,13.836,1,35.18,1
5905611,2025-12-08T18:38:20Z,1,-26.5853,158.47018,1,387.5,1,35.174,1,13.769,1,387.5,1,13.769,1,35.174,1
5905611,2025-12-08T18:38:20Z,1,-26.5853,158.47018,1,389.1,1,35.17,1,13.746,1,389.1,1,13.746,1,35.17,1
5905611,2025-12-08T18:38:20Z,1,-26.5853,158.47018,1,391.3,1,35.167,1,13.704,1,391.3,1,13.704,1,35.167,1
5905611,2025-12-08T18:38:20Z,1,-26.5853,158.47018,1,393.4,1,35.163,1,13.677,1,393.4,1,13.677,1,35.163,1
5905611,2025-12-08T18:38:20Z,1,-26.5853,158.47018,1,395.6,1,35.16,1,13.636,1,395.6,1,13.636,1,35.16,1
5905611,2025-12-08T18:38:20Z,1,-26.5853,158.47018,1,397.8,1,35.16,1,13.607,1,397.8,1,13.607,1,35.16,1
5905611,2025-12-08T18:38:20Z,1,-26.5853,158.47018,1,399.5,1,35.16,1,13.598,1,399.5,1,13.598,1,35.16,1
5905611,2025-12-08T18:38:20Z,1,-26.5853,158.47018,1,401.4,1,35.161,1,13.585,1,401.4,1,13.585,1,35.161,1
5905611,2025-12-08T18:38:20Z,1,-26.5853,158.47018,1,403.9,1,35.149,1,13.533,1,403.9,1,13.533,1,35.149,1
5905611,2025-12-08T18:38:20Z,1,-26.5853,158.47018,1,405.9,1,35.156,1,13.441,1,405.9,1,13.441,1,35.156,1
5905611,2025-12-08T18:38:20Z,1,-26.5853,158.47018,1,407.4,1,35.145,1,13.321,1,407.4,1,13.321,1,35.145,1
5905611,2025-12-08T18:38:20Z,1,-26.5853,158.47018,1,409.0,1,35.138,1,13.286,1,409.0,1,13.286,1,35.138,1
5905611,2025-12-08T18:38:20Z,1,-26.5853,158.47018,1,411.1,1,35.129,1,13.209,1,411.1,1,13.209,1,35.129,1
5905611,2025-12-08T18:38:20Z,1,-26.5853,158.47018,1,413.3,1,35.113,1,13.037,1,413.3,1,13.037,1,35.113,1
5905611,2025-12-08T18:38:20Z,1,-26.5853,158.47018,1,415.4,1,35.094,1,12.926,1,415.4,1,12.926,1,35.094,1
5905611,2025-12-08T18:38:20Z,1,-26.5853,158.47018,1,417.5,1,35.089,1,12.775,1,417.5,1,12.775,1,35.089,1
5905611,2025-12-08T18:38:20Z,1,-26.5853,158.47018,1,419.5,1,35.074,1,12.713,1,419.5,1,12.713,1,35.074,1
5905611,2025-12-08T18:38:20Z,1,-26.5853,158.47018,1,421.4,1,35.072,1,12.686,1,421.4,1,12.686,1,35.072,1
5905611,2025-12-08T18:38:20Z,1,-26.5853,158.47018,1,423.4,1,35.07,1,12.677,1,423.4,1,12.677,1,35.07,1
5905611,2025-12-08T18:38:20Z,1,-26.5853,158.47018,1,425.5,1,35.065,1,12.621,1,425.5,1,12.621,1,35.065,1
5905611,2025-12-08T18:38:20Z,1,-26.5853,158.47018,1,427.5,1,35.06,1,12.577,1,427.5,1,12.577,1,35.06,1
5905611,2025-12-08T18:38:20Z,1,-26.5853,158.47018,1,429.5,1,35.056,1,12.539,1,429.5,1,12.539,1,35.056,1
5905611,2025-12-08T18:38:20Z,1,-26.5853,158.47018,1,431.5,1,35.051,1,12.486,1,431.5,1,12.486,1,35.051,1
5905611,2025-12-08T18:38:20Z,1,-26.5853,158.47018,1,433.4,1,35.045,1,12.451,1,433.4,1,12.451,1,35.045,1
5905611,2025-12-08T18:38:20Z,1,-26.5853,158.47018,1,435.4,1,35.04,1,12.39,1,435.4,1,12.39,1,35.04,1
5905611,2025-12-08T18:38:20Z,1,-26.5853,158.47018,1,437.4,1,35.025,1,12.251,1,437.4,1,12.251,1,35.025,1
5905611,2025-12-08T18:38:20Z,1,-26.5853,158.47018,1,439.4,1,35.008,1,12.124,1,439.4,1,12.124,1,35.008,1
5905611,2025-12-08T18:38:20Z,1,-26.5853,158.47018,1,441.4,1,35.005,1,12.099,1,441.4,1,12.099,1,35.005,1
5905611,2025-12-08T18:38:20Z,1,-26.5853,158.47018,1,443.4,1,34.998,1,12.02,1,443.4,1,12.02,1,34.998,1
5905611,2025-12-08T18:38:20Z,1,-26.5853,158.47018,1,445.4,1,34.993,1,11.981,1,445.4,1,11.981,1,34.993,1
5905611,2025-12-08T18:38:20Z,1,-26.5853,158.47018,1,447.5,1,34.991,1,11.963,1,447.5,1,11.963,1,34.991,1
5905611,2025-12-08T18:38:20Z,1,-26.5853,158.47018,1,449.5,1,34.989,1,11.951,1,449.5,1,11.951,1,34.989,1
5905611,2025-12-08T18:38:20Z,1,-26.5853,158.47018,1,451.5,1,34.988,1,11.938,1,451.5,1,11.938,1,34.988,1
5905611,2025-12-08T18:38:20Z,1,-26.5853,158.47018,1,453.6,1,34.986,1,11.912,1,453.6,1,11.912,1,34.986,1
5905611,2025-12-08T18:38:20Z,1,-26.5853,158.47018,1,455.6,1,34.984,1,11.878,1,455.6,1,11.878,1,34.984,1
5905611,2025-12-08T18:38:20Z,1,-26.5853,158.47018,1,457.5,1,34.978,1,11.864,1,457.5,1,11.864,1,34.978,1
5905611,2025-12-08T18:38:20Z,1,-26.5853,158.47018,1,459.5,1,34.969,1,11.779,1,459.5,1,11.779,1,34.969,1
5905611,2025-12-08T18:38:20Z,1,-26.5853,158.47018,1,461.7,1,34.962,1,11.71,1,461.7,1,11.71,1,34.962,1
5905611,2025-12-08T18:38:20Z,1,-26.5853,158.47018,1,463.8,1,34.954,1,11.639,1,463.8,1,11.639,1,34.954,1
5905611,2025-12-08T18:38:20Z,1,-26.5853,158.47018,1,465.4,1,34.937,1,11.538,1,465.4,1,11.538,1,34.937,1
5905611,2025-12-08T18:38:20Z,1,-26.5853,158.47018,1,467.0,1,34.94,1,11.473,1,467.0,1,11.473,1,34.94,1
5905611,2025-12-08T18:38:20Z,1,-26.5853,158.47018,1,469.2,1,34.911,1,11.37,1,469.2,1,11.37,1,34.911,1
5905611,2025-12-08T18:38:20Z,1,-26.5853,158.47018,1,471.4,1,34.906,1,11.323,1,471.4,1,11.323,1,34.906,1
5905611,2025-12-08T18:38:20Z,1,-26.5853,158.47018,1,473.6,1,34.897,1,11.274,1,473.6,1,11.274,1,34.897,1
5905611,2025-12-08T18:38:20Z,1,-26.5853,158.47018,1,475.8,1,34.89,1,11.236,1,475.8,1,11.236,1,34.89,1
5905611,2025-12-08T18:38:20Z,1,-26.5853,158.47018,1,477.5,1,34.886,1,11.169,1,477.5,1,11.169,1,34.886,1
5905611,2025-12-08T18:38:20Z,1,-26.5853,158.47018,1,479.1,1,34.879,1,11.133,1,479.1,1,11.133,1,34.879,1
5905611,2025-12-08T18:38:20Z,1,-26.5853,158.47018,1,481.4,1,34.879,1,11.084,1,481.4,1,11.084,1,34.879,1
5905611,2025-12-08T18:38:20Z,1,-26.5853,158.47018,1,483.6,1,34.868,1,11.027,1,483.6,1,11.027,1,34.868,1
5905611,2025-12-08T18:38:20Z,1,-26.5853,158.47018,1,485.4,1,34.866,1,11.011,1,485.4,1,11.011,1,34.866,1
5905611,2025-12-08T18:38:20Z,1,-26.5853,158.47018,1,487.1,1,34.859,1,10.931,1,487.1,1,10.931,1,34.859,1
5905611,2025-12-08T18:38:20Z,1,-26.5853,158.47018,1,489.4,1,34.853,1,10.895,1,489.4,1,10.895,1,34.853,1
5905611,2025-12-08T18:38:20Z,1,-26.5853,158.47018,1,491.7,1,34.847,1,10.835,1,491.7,1,10.835,1,34.847,1
5905611,2025-12-08T18:38:20Z,1,-26.5853,158.47018,1,493.5,1,34.842,1,10.778,1,493.5,1,10.778,1,34.842,1
5905611,2025-12-08T18:38:20Z,1,-26.5853,158.47018,1,495.2,1,34.833,1,10.726,1,495.2,1,10.726,1,34.833,1
5905611,2025-12-08T18:38:20Z,1,-26.5853,158.47018,1,497.5,1,34.825,1,10.642,1,497.5,1,10.642,1,34.825,1
5905611,2025-12-08T18:38:20Z,1,-26.5853,158.47018,1,499.8,1,34.817,1,10.547,1,499.8,1,10.547,1,34.817,1
5905611,2025-12-08T18:38:20Z,1,-26.5853,158.47018,1,501.6,1,34.805,1,10.478,1,501.6,1,10.478,1,34.805,1
5905611,2025-12-08T18:38:20Z,1,-26.5853,158.47018,1,503.3,1,34.802,1,10.445,1,503.3,1,10.445,1,34.802,1
5905611,2025-12-08T18:38:20Z,1,-26.5853,158.47018,1,505.6,1,34.801,1,10.404,1,505.6,1,10.404,1,34.801,1
5905611,2025-12-08T18:38:20Z,1,-26.5853,158.47018,1,507.4,1,34.796,1,10.378,1,507.4,1,10.378,1,34.796,1
5905611,2025-12-08T18:38:20Z,1,-26.5853,158.47018,1,509.1,1,34.797,1,10.385,1,509.1,1,10.385,1,34.797,1
5905611,2025-12-08T18:38:20Z,1,-26.5853,158.47018,1,511.4,1,34.796,1,10.372,1,511.4,1,10.372,1,34.796,1
5905611,2025-12-08T18:38:20Z,1,-26.5853,158.47018,1,513.7,1,34.788,1,10.311,1,513.7,1,10.311,1,34.788,1
5905611,2025-12-08T18:38:20Z,1,-26.5853,158.47018,1,515.4,1,34.774,1,10.237,1,515.4,1,10.237,1,34.774,1
5905611,2025-12-08T18:38:20Z,1,-26.5853,158.47018,1,517.1,1,34.769,1,10.169,1,517.1,1,10.169,1,34.769,1
5905611,2025-12-08T18:38:20Z,1,-26.5853,158.47018,1,519.4,1,34.755,1,10.119,1,519.4,1,10.119,1,34.755,1
5905611,2025-12-08T18:38:20Z,1,-26.5853,158.47018,1,521.7,1,34.748,1,10.074,1,521.7,1,10.074,1,34.748,1
5905611,2025-12-08T18:38:20Z,1,-26.5853,158.47018,1,523.4,1,34.743,1,10.047,1,523.4,1,10.047,1,34.743,1
5905611,2025-12-08T18:38:20Z,1,-26.5853,158.47018,1,525.1,1,34.73,1,9.974,1,525.1,1,9.974,1,34.73,1
5905611,2025-12-08T18:38:20Z,1,-26.5853,158.47018,1,527.3,1,34.724,1,9.946,1,527.3,1,9.946,1,34.724,1
5905611,2025-12-08T18:38:20Z,1,-26.5853,158.47018,1,529.5,1,34.722,1,9.931,1,529.5,1,9.931,1,34.722,1
5905611,2025-12-08T18:38:20Z,1,-26.5853,158.47018,1,531.7,1,34.721,1,9.9,1,531.7,1,9.9,1,34.721,1
5905611,2025-12-08T18:38:20Z,1,-26.5853,158.47018,1,533.8,1,34.721,1,9.886,1,533.8,1,9.886,1,34.721,1
5905611,2025-12-08T18:38:20Z,1,-26.5853,158.47018,1,535.4,1,34.724,1,9.894,1,535.4,1,9.894,1,34.724,1
5905611,2025-12-08T18:38:20Z,1,-26.5853,158.47018,1,537.0,1,34.724,1,9.88,1,537.0,1,9.88,1,34.724,1
5905611,2025-12-08T18:38:20Z,1,-26.5853,158.47018,1,539.2,1,34.72,1,9.865,1,539.2,1,9.865,1,34.72,1
5905611,2025-12-08T18:38:20Z,1,-26.5853,158.47018,1,541.3,1,34.717,1,9.83,1,541.3,1,9.83,1,34.717,1
5905611,2025-12-08T18:38:20Z,1,-26.5853,158.47018,1,543.4,1,34.717,1,9.822,1,543.4,1,9.822,1,34.717,1
5905611,2025-12-08T18:38:20Z,1,-26.5853,158.47018,1,545.5,1,34.713,1,9.799,1,545.5,1,9.799,1,34.713,1
5905611,2025-12-08T18:38:20Z,1,-26.5853,158.47018,1,547.6,1,34.713,1,9.785,1,547.6,1,9.785,1,34.713,1
5905611,2025-12-08T18:38:20Z,1,-26.5853,158.47018,1,549.7,1,34.703,1,9.734,1,549.7,1,9.734,1,34.703,1
5905611,2025-12-08T18:38:20Z,1,-26.5853,158.47018,1,551.8,1,34.694,1,9.646,1,551.8,1,9.646,1,34.694,1
5905611,2025-12-08T18:38:20Z,1,-26.5853,158.47018,1,553.9,1,34.684,1,9.549,1,553.9,1,9.549,1,34.684,1
5905611,2025-12-08T18:38:20Z,1,-26.5853,158.47018,1,555.5,1,34.681,1,9.518,1,555.5,1,9.518,1,34.681,1
5905611,2025-12-08T18:38:20Z,1,-26.5853,158.47018,1,557.0,1,34.679,1,9.505,1,557.0,1,9.505,1,34.679,1
5905611,2025-12-08T18:38:20Z,1,-26.5853,158.47018,1,559.5,1,34.674,1,9.454,1,559.5,1,9.454,1,34.674,1
5905611,2025-12-08T18:38:20Z,1,-26.5853,158.47018,1,561.6,1,34.671,1,9.426,1,561.6,1,9.426,1,34.671,1
5905611,2025-12-08T18:38:20Z,1,-26.5853,158.47018,1,563.6,1,34.665,1,9.381,1,563.6,1,9.381,1,34.665,1
5905611,2025-12-08T18:38:20Z,1,-26.5853,158.47018,1,565.6,1,34.659,1,9.335,1,565.6,1,9.335,1,34.659,1
5905611,2025-12-08T18:38:20Z,1,-26.5853,158.47018,1,567.2,1,34.653,1,9.239,1,567.2,1,9.239,1,34.653,1
5905611,2025-12-08T18:38:20Z,1,-26.5853,158.47018,1,569.3,1,34.641,1,9.15,1,569.3,1,9.15,1,34.641,1
5905611,2025-12-08T18:38:20Z,1,-26.5853,158.47018,1,571.5,1,34.639,1,9.105,1,571.5,1,9.105,1,34.639,1
5905611,2025-12-08T18:38:20Z,1,-26.5853,158.47018,1,573.2,1,34.637,1,9.084,1,573.2,1,9.084,1,34.637,1
5905611,2025-12-08T18:38:20Z,1,-26.5853,158.47018,1,575.4,1,34.636,1,9.072,1,575.4,1,9.072,1,34.636,1
5905611,2025-12-08T18:38:20Z,1,-26.5853,158.47018,1,577.6,1,34.635,1,9.052,1,577.6,1,9.052,1,34.635,1
5905611,2025-12-08T18:38:20Z,1,-26.5853,158.47018,1,579.4,1,34.63,1,9.019,1,579.4,1,9.019,1,34.63,1
5905611,2025-12-08T18:38:20Z,1,-26.5853,158.47018,1,581.1,1,34.629,1,9.0,1,581.1,1,9.0,1,34.629,1
5905611,2025-12-08T18:38:20Z,1,-26.5853,158.47018,1,583.4,1,34.623,1,8.955,1,583.4,1,8.955,1,34.623,1
5905611,2025-12-08T18:38:20Z,1,-26.5853,158.47018,1,585.7,1,34.621,1,8.914,1,585.7,1,8.914,1,34.621,1
5905611,2025-12-08T18:38:20Z,1,-26.5853,158.47018,1,587.6,1,34.618,1,8.905,1,587.6,1,8.905,1,34.618,1
5905611,2025-12-08T18:38:20Z,1,-26.5853,158.47018,1,589.5,1,34.618,1,8.904,1,589.5,1,8.904,1,34.618,1
5905611,2025-12-08T18:38:20Z,1,-26.5853,158.47018,1,591.5,1,34.622,1,8.857,1,591.5,1,8.857,1,34.622,1
5905611,2025-12-08T18:38:20Z,1,-26.5853,158.47018,1,593.4,1,34.607,1,8.813,1,593.4,1,8.813,1,34.607,1
5905611,2025-12-08T18:38:20Z,1,-26.5853,158.47018,1,595.4,1,34.611,1,8.825,1,595.4,1,8.825,1,34.611,1
5905611,2025-12-08T18:38:20Z,1,-26.5853,158.47018,1,597.4,1,34.62,1,8.853,1,597.4,1,8.853,1,34.62,1
5905611,2025-12-08T18:38:20Z,1,-26.5853,158.47018,1,599.4,1,34.622,1,8.847,1,599.4,1,8.847,1,34.622,1
5905611,2025-12-08T18:38:20Z,1,-26.5853,158.47018,1,601.4,1,34.622,1,8.833,1,601.4,1,8.833,1,34.622,1
5905611,2025-12-08T18:38:20Z,1,-26.5853,158.47018,1,603.4,1,34.621,1,8.812,1,603.4,1,8.812,1,34.621,1
5905611,2025-12-08T18:38:20Z,1,-26.5853,158.47018,1,605.4,1,34.619,1,8.795,1,605.4,1,8.795,1,34.619,1
5905611,2025-12-08T18:38:20Z,1,-26.5853,158.47018,1,607.5,1,34.62,1,8.775,1,607.5,1,8.775,1,34.62,1
5905611,2025-12-08T18:38:20Z,1,-26.5853,158.47018,1,609.6,1,34.613,1,8.739,1,609.6,1,8.739,1,34.613,1
5905611,2025-12-08T18:38:20Z,1,-26.5853,158.47018,1,611.7,1,34.608,1,8.709,1,611.7,1,8.709,1,34.608,1
5905611,2025-12-08T18:38:20Z,1,-26.5853,158.47018,1,613.8,1,34.608,1,8.714,1,613.8,1,8.714,1,34.608,1
5905611,2025-12-08T18:38:20Z,1,-26.5853,158.47018,1,615.5,1,34.61,1,8.702,1,615.5,1,8.702,1,34.61,1
5905611,2025-12-08T18:38:20Z,1,-26.5853,158.47018,1,617.0,1,34.608,1,8.647,1,617.0,1,8.647,1,34.608,1
5905611,2025-12-08T18:38:20Z,1,-26.5853,158.47018,1,619.2,1,34.603,1,8.628,1,619.2,1,8.628,1,34.603,1
5905611,2025-12-08T18:38:20Z,1,-26.5853,158.47018,1,621.4,1,34.6,1,8.613,1,621.4,1,8.613,1,34.6,1
5905611,2025-12-08T18:38:20Z,1,-26.5853,158.47018,1,623.6,1,34.599,1,8.608,1,623.6,1,8.608,1,34.599,1
5905611,2025-12-08T18:38:20Z,1,-26.5853,158.47018,1,625.7,1,34.598,1,8.591,1,625.7,1,8.591,1,34.598,1
5905611,2025-12-08T18:38:20Z,1,-26.5853,158.47018,1,627.4,1,34.597,1,8.564,1,627.4,1,8.564,1,34.597,1
5905611,2025-12-08T18:38:20Z,1,-26.5853,158.47018,1,629.0,1,34.588,1,8.501,1,629.0,1,8.501,1,34.588,1
5905611,2025-12-08T18:38:20Z,1,-26.5853,158.47018,1,631.2,1,34.583,1,8.416,1,631.2,1,8.416,1,34.583,1
5905611,2025-12-08T18:38:20Z,1,-26.5853,158.47018,1,633.4,1,34.576,1,8.388,1,633.4,1,8.388,1,34.576,1
5905611,2025-12-08T18:38:20Z,1,-26.5853,158.47018,1,635.5,1,34.574,1,8.376,1,635.5,1,8.376,1,34.574,1
5905611,2025-12-08T18:38:20Z,1,-26.5853,158.47018,1,637.7,1,34.574,1,8.355,1,637.7,1,8.355,1,34.574,1
5905611,2025-12-08T18:38:20Z,1,-26.5853,158.47018,1,639.4,1,34.572,1,8.347,1,639.4,1,8.347,1,34.572,1
5905611,2025-12-08T18:38:20Z,1,-26.5853,158.47018,1,641.0,1,34.572,1,8.345,1,641.0,1,8.345,1,34.572,1
5905611,2025-12-08T18:38:20Z,1,-26.5853,158.47018,1,643.2,1,34.576,1,8.355,1,643.2,1,8.355,1,34.576,1
5905611,2025-12-08T18:38:20Z,1,-26.5853,158.47018,1,645.4,1,34.579,1,8.352,1,645.4,1,8.352,1,34.579,1
5905611,2025-12-08T18:38:20Z,1,-26.5853,158.47018,1,647.6,1,34.579,1,8.347,1,647.6,1,8.347,1,34.579,1
5905611,2025-12-08T18:38:20Z,1,-26.5853,158.47018,1,649.8,1,34.575,1,8.314,1,649.8,1,8.314,1,34.575,1
5905611,2025-12-08T18:38:20Z,1,-26.5853,158.47018,1,651.5,1,34.571,1,8.298,1,651.5,1,8.298,1,34.571,1
5905611,2025-12-08T18:38:20Z,1,-26.5853,158.47018,1,653.2,1,34.564,1,8.234,1,653.2,1,8.234,1,34.564,1
5905611,2025-12-08T18:38:20Z,1,-26.5853,158.47018,1,655.4,1,34.545,1,8.14,1,655.4,1,8.14,1,34.545,1
5905611,2025-12-08T18:38:20Z,1,-26.5853,158.47018,1,657.6,1,34.543,1,8.119,1,657.6,1,8.119,1,34.543,1
5905611,2025-12-08T18:38:20Z,1,-26.5853,158.47018,1,659.8,1,34.548,1,8.135,1,659.8,1,8.135,1,34.548,1
5905611,2025-12-08T18:38:20Z,1,-26.5853,158.47018,1,661.5,1,34.549,1,8.139,1,661.5,1,8.139,1,34.549,1
5905611,2025-12-08T18:38:20Z,1,-26.5853,158.47018,1,663.1,1,34.553,1,8.155,1,663.1,1,8.155,1,34.553,1
5905611,2025-12-08T18:38:20Z,1,-26.5853,158.47018,1,665.3,1,34.55,1,8.121,1,665.3,1,8.121,1,34.55,1
5905611,2025-12-08T18:38:20Z,1,-26.5853,158.47018,1,667.6,1,34.547,1,8.099,1,667.6,1,8.099,1,34.547,1
5905611,2025-12-08T18:38:20Z,1,-26.5853,158.47018,1,669.7,1,34.546,1,8.084,1,669.7,1,8.084,1,34.546,1
5905611,2025-12-08T18:38:20Z,1,-26.5853,158.47018,1,671.4,1,34.547,1,8.087,1,671.4,1,8.087,1,34.547,1
5905611,2025-12-08T18:38:20Z,1,-26.5853,158.47018,1,673.0,1,34.56,1,8.137,1,673.0,1,8.137,1,34.56,1
5905611,2025-12-08T18:38:20Z,1,-26.5853,158.47018,1,675.2,1,34.559,1,8.107,1,675.2,1,8.107,1,34.559,1
5905611,2025-12-08T18:38:20Z,1,-26.5853,158.47018,1,677.3,1,34.557,1,8.092,1,677.3,1,8.092,1,34.557,1
5905611,2025-12-08T18:38:20Z,1,-26.5853,158.47018,1,679.5,1,34.551,1,8.042,1,679.5,1,8.042,1,34.551,1
5905611,2025-12-08T18:38:20Z,1,-26.5853,158.47018,1,681.6,1,34.547,1,8.008,1,681.6,1,8.008,1,34.547,1
5905611,2025-12-08T18:38:20Z,1,-26.5853,158.47018,1,683.7,1,34.545,1,7.967,1,683.7,1,7.967,1,34.545,1
5905611,2025-12-08T18:38:20Z,1,-26.5853,158.47018,1,685.8,1,34.539,1,7.934,1,685.8,1,7.934,1,34.539,1
5905611,2025-12-08T18:38:20Z,1,-26.5853,158.47018,1,687.8,1,34.538,1,7.92,1,687.8,1,7.92,1,34.538,1
5905611,2025-12-08T18:38:20Z,1,-26.5853,158.47018,1,689.9,1,34.536,1,7.902,1,689.9,1,7.902,1,34.536,1
5905611,2025-12-08T18:38:20Z,1,-26.5853,158.47018,1,691.9,1,34.536,1,7.887,1,691.9,1,7.887,1,34.536,1
5905611,2025-12-08T18:38:20Z,1,-26.5853,158.47018,1,693.5,1,34.534,1,7.872,1,693.5,1,7.872,1,34.534,1
5905611,2025-12-08T18:38:20Z,1,-26.5853,158.47018,1,695.0,1,34.533,1,7.856,1,695.0,1,7.856,1,34.533,1
5905611,2025-12-08T18:38:20Z,1,-26.5853,158.47018,1,697.0,1,34.532,1,7.821,1,697.0,1,7.821,1,34.532,1
5905611,2025-12-08T18:38:20Z,1,-26.5853,158.47018,1,699.0,1,34.529,1,7.8,1,699.0,1,7.8,1,34.529,1
5905611,2025-12-08T18:38:20Z,1,-26.5853,158.47018,1,701.1,1,34.529,1,7.785,1,701.1,1,7.785,1,34.529,1
5905611,2025-12-08T18:38:20Z,1,-26.5853,158.47018,1,703.1,1,34.527,1,7.765,1,703.1,1,7.765,1,34.527,1
5905611,2025-12-08T18:38:20Z,1,-26.5853,158.47018,1,705.1,1,34.526,1,7.739,1,705.1,1,7.739,1,34.526,1
5905611,2025-12-08T18:38:20Z,1,-26.5853,158.47018,1,707.5,1,34.523,1,7.696,1,707.5,1,7.696,1,34.523,1
5905611,2025-12-08T18:38:20Z,1,-26.5853,158.47018,1,709.8,1,34.521,1,7.651,1,709.8,1,7.651,1,34.521,1
5905611,2025-12-08T18:38:20Z,1,-26.5853,158.47018,1,711.8,1,34.521,1,7.652,1,711.8,1,7.652,1,34.521,1
5905611,2025-12-08T18:38:20Z,1,-26.5853,158.47018,1,713.7,1,34.521,1,7.643,1,713.7,1,7.643,1,34.521,1
5905611,2025-12-08T18:38:20Z,1,-26.5853,158.47018,1,715.6,1,34.518,1,7.627,1,715.6,1,7.627,1,34.518,1
5905611,2025-12-08T18:38:20Z,1,-26.5853,158.47018,1,717.6,1,34.518,1,7.603,1,717.6,1,7.603,1,34.518,1
5905611,2025-12-08T18:38:20Z,1,-26.5853,158.47018,1,719.5,1,34.517,1,7.582,1,719.5,1,7.582,1,34.517,1
5905611,2025-12-08T18:38:20Z,1,-26.5853,158.47018,1,721.3,1,34.516,1,7.575,1,721.3,1,7.575,1,34.516,1
5905611,2025-12-08T18:38:20Z,1,-26.5853,158.47018,1,723.2,1,34.516,1,7.56,1,723.2,1,7.56,1,34.516,1
5905611,2025-12-08T18:38:20Z,1,-26.5853,158.47018,1,725.0,1,34.516,1,7.554,1,725.0,1,7.554,1,34.516,1
5905611,2025-12-08T18:38:20Z,1,-26.5853,158.47018,1,727.4,1,34.515,1,7.534,1,727.4,1,7.534,1,34.515,1
5905611,2025-12-08T18:38:20Z,1,-26.5853,158.47018,1,729.7,1,34.513,1,7.525,1,729.7,1,7.525,1,34.513,1
5905611,2025-12-08T18:38:20Z,1,-26.5853,158.47018,1,731.5,1,34.513,1,7.506,1,731.5,1,7.506,1,34.513,1
5905611,2025-12-08T18:38:20Z,1,-26.5853,158.47018,1,733.4,1,34.513,1,7.487,1,733.4,1,7.487,1,34.513,1
5905611,2025-12-08T18:38:20Z,1,-26.5853,158.47018,1,735.2,1,34.51,1,7.476,1,735.2,1,7.476,1,34.51,1
5905611,2025-12-08T18:38:20Z,1,-26.5853,158.47018,1,737.1,1,34.508,1,7.464,1,737.1,1,7.464,1,34.508,1
5905611,2025-12-08T18:38:20Z,1,-26.5853,158.47018,1,739.3,1,34.505,1,7.449,1,739.3,1,7.449,1,34.505,1
5905611,2025-12-08T18:38:20Z,1,-26.5853,158.47018,1,741.6,1,34.506,1,7.437,1,741.6,1,7.437,1,34.506,1
5905611,2025-12-08T18:38:20Z,1,-26.5853,158.47018,1,743.3,1,34.499,1,7.393,1,743.3,1,7.393,1,34.499,1
5905611,2025-12-08T18:38:20Z,1,-26.5853,158.47018,1,745.2,1,34.489,1,7.34,1,745.2,1,7.34,1,34.489,1
5905611,2025-12-08T18:38:20Z,1,-26.5853,158.47018,1,747.5,1,34.486,1,7.304,1,747.5,1,7.304,1,34.486,1
5905611,2025-12-08T18:38:20Z,1,-26.5853,158.47018,1,749.7,1,34.481,1,7.256,1,749.7,1,7.256,1,34.481,1
5905611,2025-12-08T18:38:20Z,1,-26.5853,158.47018,1,751.5,1,34.472,1,7.156,1,751.5,1,7.156,1,34.472,1
5905611,2025-12-08T18:38:20Z,1,-26.5853,158.47018,1,753.3,1,34.464,1,7.116,1,753.3,1,7.116,1,34.464,1
5905611,2025-12-08T18:38:20Z,1,-26.5853,158.47018,1,755.2,1,34.464,1,7.096,1,755.2,1,7.096,1,34.464,1
5905611,2025-12-08T18:38:20Z,1,-26.5853,158.47018,1,757.5,1,34.465,1,7.084,1,757.5,1,7.084,1,34.465,1
5905611,2025-12-08T18:38:20Z,1,-26.5853,158.47018,1,759.8,1,34.466,1,7.081,1,759.8,1,7.081,1,34.466,1
5905611,2025-12-08T18:38:20Z,1,-26.5853,158.47018,1,761.7,1,34.469,1,7.08,1,761.7,1,7.08,1,34.469,1
5905611,2025-12-08T18:38:20Z,1,-26.5853,158.47018,1,763.6,1,34.467,1,7.058,1,763.6,1,7.058,1,34.467,1
5905611,2025-12-08T18:38:20Z,1,-26.5853,158.47018,1,765.4,1,34.468,1,7.048,1,765.4,1,7.048,1,34.468,1
5905611,2025-12-08T18:38:20Z,1,-26.5853,158.47018,1,767.2,1,34.468,1,7.024,1,767.2,1,7.024,1,34.468,1
5905611,2025-12-08T18:38:20Z,1,-26.5853,158.47018,1,769.1,1,34.467,1,7.013,1,769.1,1,7.013,1,34.467,1
5905611,2025-12-08T18:38:20Z,1,-26.5853,158.47018,1,771.4,1,34.467,1,6.99,1,771.4,1,6.99,1,34.467,1
5905611,2025-12-08T18:38:20Z,1,-26.5853,158.47018,1,773.7,1,34.465,1,6.942,1,773.7,1,6.942,1,34.465,1
5905611,2025-12-08T18:38:20Z,1,-26.5853,158.47018,1,775.5,1,34.461,1,6.899,1,775.5,1,6.899,1,34.461,1
5905611,2025-12-08T18:38:20Z,1,-26.5853,158.47018,1,777.4,1,34.46,1,6.885,1,777.4,1,6.885,1,34.46,1
5905611,2025-12-08T18:38:20Z,1,-26.5853,158.47018,1,779.3,1,34.455,1,6.844,1,779.3,1,6.844,1,34.455,1
5905611,2025-12-08T18:38:20Z,1,-26.5853,158.47018,1,781.2,1,34.455,1,6.838,1,781.2,1,6.838,1,34.455,1
5905611,2025-12-08T18:38:20Z,1,-26.5853,158.47018,1,783.5,1,34.453,1,6.815,1,783.5,1,6.815,1,34.453,1
5905611,2025-12-08T18:38:20Z,1,-26.5853,158.47018,1,785.8,1,34.453,1,6.789,1,785.8,1,6.789,1,34.453,1
5905611,2025-12-08T18:38:20Z,1,-26.5853,158.47018,1,787.7,1,34.45,1,6.759,1,787.7,1,6.759,1,34.45,1
5905611,2025-12-08T18:38:20Z,1,-26.5853,158.47018,1,789.7,1,34.449,1,6.735,1,789.7,1,6.735,1,34.449,1
5905611,2025-12-08T18:38:20Z,1,-26.5853,158.47018,1,791.7,1,34.449,1,6.722,1,791.7,1,6.722,1,34.449,1
5905611,2025-12-08T18:38:20Z,1,-26.5853,158.47018,1,793.6,1,34.447,1,6.704,1,793.6,1,6.704,1,34.447,1
5905611,2025-12-08T18:38:20Z,1,-26.5853,158.47018,1,795.6,1,34.446,1,6.693,1,795.6,1,6.693,1,34.446,1
5905611,2025-12-08T18:38:20Z,1,-26.5853,158.47018,1,797.6,1,34.446,1,6.688,1,797.6,1,6.688,1,34.446,1
5905611,2025-12-08T18:38:20Z,1,-26.5853,158.47018,1,799.6,1,34.445,1,6.679,1,799.6,1,6.679,1,34.445,1
5905611,2025-12-08T18:38:20Z,1,-26.5853,158.47018,1,801.5,1,34.443,1,6.645,1,801.5,1,6.645,1,34.443,1
5905611,2025-12-08T18:38:20Z,1,-26.5853,158.47018,1,803.4,1,34.44,1,6.624,1,803.4,1,6.624,1,34.44,1
5905611,2025-12-08T18:38:20Z,1,-26.5853,158.47018,1,805.4,1,34.438,1,6.578,1,805.4,1,6.578,1,34.438,1
5905611,2025-12-08T18:38:20Z,1,-26.5853,158.47018,1,807.4,1,34.436,1,6.56,1,807.4,1,6.56,1,34.436,1
5905611,2025-12-08T18:38:20Z,1,-26.5853,158.47018,1,809.4,1,34.435,1,6.523,1,809.4,1,6.523,1,34.435,1
5905611,2025-12-08T18:38:20Z,1,-26.5853,158.47018,1,811.5,1,34.431,1,6.49,1,811.5,1,6.49,1,34.431,1
5905611,2025-12-08T18:38:20Z,1,-26.5853,158.47018,1,813.5,1,34.43,1,6.464,1,813.5,1,6.464,1,34.43,1
5905611,2025-12-08T18:38:20Z,1,-26.5853,158.47018,1,815.6,1,34.429,1,6.45,1,815.6,1,6.45,1,34.429,1
5905611,2025-12-08T18:38:20Z,1,-26.5853,158.47018,1,817.5,1,34.429,1,6.438,1,817.5,1,6.438,1,34.429,1
5905611,2025-12-08T18:38:20Z,1,-26.5853,158.47018,1,819.4,1,34.429,1,6.435,1,819.4,1,6.435,1,34.429,1
5905611,2025-12-08T18:38:20Z,1,-26.5853,158.47018,1,821.3,1,34.427,1,6.422,1,821.3,1,6.422,1,34.427,1
5905611,2025-12-08T18:38:20Z,1,-26.5853,158.47018,1,823.6,1,34.428,1,6.422,1,823.6,1,6.422,1,34.428,1
5905611,2025-12-08T18:38:20Z,1,-26.5853,158.47018,1,825.5,1,34.425,1,6.393,1,825.5,1,6.393,1,34.425,1
5905611,2025-12-08T18:38:20Z,1,-26.5853,158.47018,1,827.4,1,34.422,1,6.351,1,827.4,1,6.351,1,34.422,1
5905611,2025-12-08T18:38:20Z,1,-26.5853,158.47018,1,829.4,1,34.421,1,6.325,1,829.4,1,6.325,1,34.421,1
5905611,2025-12-08T18:38:20Z,1,-26.5853,158.47018,1,831.4,1,34.416,1,6.269,1,831.4,1,6.269,1,34.416,1
5905611,2025-12-08T18:38:20Z,1,-26.5853,158.47018,1,833.5,1,34.416,1,6.237,1,833.5,1,6.237,1,34.416,1
5905611,2025-12-08T18:38:20Z,1,-26.5853,158.47018,1,835.5,1,34.417,1,6.228,1,835.5,1,6.228,1,34.417,1
5905611,2025-12-08T18:38:20Z,1,-26.5853,158.47018,1,837.6,1,34.418,1,6.209,1,837.6,1,6.209,1,34.418,1
5905611,2025-12-08T18:38:20Z,1,-26.5853,158.47018,1,839.2,1,34.416,1,6.193,1,839.2,1,6.193,1,34.416,1
5905611,2025-12-08T18:38:20Z,1,-26.5853,158.47018,1,841.3,1,34.415,1,6.191,1,841.3,1,6.191,1,34.415,1
5905611,2025-12-08T18:38:20Z,1,-26.5853,158.47018,1,843.4,1,34.414,1,6.179,1,843.4,1,6.179,1,34.414,1
5905611,2025-12-08T18:38:20Z,1,-26.5853,158.47018,1,845.4,1,34.414,1,6.146,1,845.4,1,6.146,1,34.414,1
5905611,2025-12-08T18:38:20Z,1,-26.5853,158.47018,1,847.5,1,34.413,1,6.116,1,847.5,1,6.116,1,34.413,1
5905611,2025-12-08T18:38:20Z,1,-26.5853,158.47018,1,849.5,1,34.409,1,6.084,1,849.5,1,6.084,1,34.409,1
5905611,2025-12-08T18:38:20Z,1,-26.5853,158.47018,1,851.7,1,34.407,1,6.062,1,851.7,1,6.062,1,34.407,1
5905611,2025-12-08T18:38:20Z,1,-26.5853,158.47018,1,853.3,1,34.406,1,6.033,1,853.3,1,6.033,1,34.406,1
5905611,2025-12-08T18:38:20Z,1,-26.5853,158.47018,1,855.5,1,34.404,1,6.003,1,855.5,1,6.003,1,34.404,1
5905611,2025-12-08T18:38:20Z,1,-26.5853,158.47018,1,857.6,1,34.403,1,5.982,1,857.6,1,5.982,1,34.403,1
5905611,2025-12-08T18:38:20Z,1,-26.5853,158.47018,1,859.3,1,34.403,1,5.958,1,859.3,1,5.958,1,34.403,1
5905611,2025-12-08T18:38:20Z,1,-26.5853,158.47018,1,861.5,1,34.402,1,5.905,1,861.5,1,5.905,1,34.402,1
5905611,2025-12-08T18:38:20Z,1,-26.5853,158.47018,1,863.7,1,34.402,1,5.902,1,863.7,1,5.902,1,34.402,1
5905611,2025-12-08T18:38:20Z,1,-26.5853,158.47018,1,865.5,1,34.402,1,5.9,1,865.5,1,5.9,1,34.402,1
5905611,2025-12-08T18:38:20Z,1,-26.5853,158.47018,1,867.3,1,34.402,1,5.897,1,867.3,1,5.897,1,34.402,1
5905611,2025-12-08T18:38:20Z,1,-26.5853,158.47018,1,869.4,1,34.402,1,5.894,1,869.4,1,5.894,1,34.402,1
5905611,2025-12-08T18:38:20Z,1,-26.5853,158.47018,1,871.6,1,34.403,1,5.889,1,871.6,1,5.889,1,34.403,1
5905611,2025-12-08T18:38:20Z,1,-26.5853,158.47018,1,873.4,1,34.404,1,5.887,1,873.4,1,5.887,1,34.404,1
5905611,2025-12-08T18:38:20Z,1,-26.5853,158.47018,1,875.1,1,34.404,1,5.885,1,875.1,1,5.885,1,34.404,1
5905611,2025-12-08T18:38:20Z,1,-26.5853,158.47018,1,877.4,1,34.404,1,5.862,1,877.4,1,5.862,1,34.404,1
5905611,2025-12-08T18:38:20Z,1,-26.5853,158.47018,1,879.7,1,34.405,1,5.842,1,879.7,1,5.842,1,34.405,1
5905611,2025-12-08T18:38:20Z,1,-26.5853,158.47018,1,881.5,1,34.409,1,5.843,1,881.5,1,5.843,1,34.409,1
5905611,2025-12-08T18:38:20Z,1,-26.5853,158.47018,1,883.3,1,34.408,1,5.82,1,883.3,1,5.82,1,34.408,1
5905611,2025-12-08T18:38:20Z,1,-26.5853,158.47018,1,885.2,1,34.409,1,5.812,1,885.2,1,5.812,1,34.409,1
5905611,2025-12-08T18:38:20Z,1,-26.5853,158.47018,1,887.5,1,34.409,1,5.804,1,887.5,1,5.804,1,34.409,1
5905611,2025-12-08T18:38:20Z,1,-26.5853,158.47018,1,889.8,1,34.408,1,5.78,1,889.8,1,5.78,1,34.408,1
5905611,2025-12-08T18:38:20Z,1,-26.5853,158.47018,1,891.7,1,34.408,1,5.757,1,891.7,1,5.757,1,34.408,1
5905611,2025-12-08T18:38:20Z,1,-26.5853,158.47018,1,893.7,1,34.407,1,5.749,1,893.7,1,5.749,1,34.407,1
5905611,2025-12-08T18:38:20Z,1,-26.5853,158.47018,1,895.6,1,34.408,1,5.734,1,895.6,1,5.734,1,34.408,1
5905611,2025-12-08T18:38:20Z,1,-26.5853,158.47018,1,897.6,1,34.408,1,5.719,1,897.6,1,5.719,1,34.408,1
5905611,2025-12-08T18:38:20Z,1,-26.5853,158.47018,1,899.5,1,34.41,1,5.719,1,899.5,1,5.719,1,34.41,1
5905611,2025-12-08T18:38:20Z,1,-26.5853,158.47018,1,901.4,1,34.41,1,5.71,1,901.4,1,5.71,1,34.41,1
5905611,2025-12-08T18:38:20Z,1,-26.5853,158.47018,1,903.4,1,34.411,1,5.688,1,903.4,1,5.688,1,34.411,1
5905611,2025-12-08T18:38:20Z,1,-26.5853,158.47018,1,905.4,1,34.411,1,5.679,1,905.4,1,5.679,1,34.411,1
5905611,2025-12-08T18:38:20Z,1,-26.5853,158.47018,1,907.4,1,34.412,1,5.671,1,907.4,1,5.671,1,34.412,1
5905611,2025-12-08T18:38:20Z,1,-26.5853,158.47018,1,909.4,1,34.412,1,5.669,1,909.4,1,5.669,1,34.412,1
5905611,2025-12-08T18:38:20Z,1,-26.5853,158.47018,1,911.4,1,34.412,1,5.664,1,911.4,1,5.664,1,34.412,1
5905611,2025-12-08T18:38:20Z,1,-26.5853,158.47018,1,913.3,1,34.411,1,5.658,1,913.3,1,5.658,1,34.411,1
5905611,2025-12-08T18:38:20Z,1,-26.5853,158.47018,1,915.4,1,34.412,1,5.637,1,915.4,1,5.637,1,34.412,1
5905611,2025-12-08T18:38:20Z,1,-26.5853,158.47018,1,917.4,1,34.413,1,5.62,1,917.4,1,5.62,1,34.413,1
5905611,2025-12-08T18:38:20Z,1,-26.5853,158.47018,1,919.4,1,34.414,1,5.611,1,919.4,1,5.611,1,34.414,1
5905611,2025-12-08T18:38:20Z,1,-26.5853,158.47018,1,921.4,1,34.414,1,5.597,1,921.4,1,5.597,1,34.414,1
5905611,2025-12-08T18:38:20Z,1,-26.5853,158.47018,1,923.5,1,34.416,1,5.587,1,923.5,1,5.587,1,34.416,1
5905611,2025-12-08T18:38:20Z,1,-26.5853,158.47018,1,925.5,1,34.417,1,5.583,1,925.5,1,5.583,1,34.417,1
5905611,2025-12-08T18:38:20Z,1,-26.5853,158.47018,1,927.6,1,34.42,1,5.572,1,927.6,1,5.572,1,34.42,1
5905611,2025-12-08T18:38:20Z,1,-26.5853,158.47018,1,929.7,1,34.418,1,5.54,1,929.7,1,5.54,1,34.418,1
5905611,2025-12-08T18:38:20Z,1,-26.5853,158.47018,1,931.7,1,34.418,1,5.527,1,931.7,1,5.527,1,34.418,1
5905611,2025-12-08T18:38:20Z,1,-26.5853,158.47018,1,933.7,1,34.418,1,5.508,1,933.7,1,5.508,1,34.418,1
5905611,2025-12-08T18:38:20Z,1,-26.5853,158.47018,1,935.8,1,34.419,1,5.5,1,935.8,1,5.5,1,34.419,1
5905611,2025-12-08T18:38:20Z,1,-26.5853,158.47018,1,937.8,1,34.422,1,5.497,1,937.8,1,5.497,1,34.422,1
5905611,2025-12-08T18:38:20Z,1,-26.5853,158.47018,1,939.9,1,34.423,1,5.493,1,939.9,1,5.493,1,34.423,1
5905611,2025-12-08T18:38:20Z,1,-26.5853,158.47018,1,941.4,1,34.424,1,5.498,1,941.4,1,5.498,1,34.424,1
5905611,2025-12-08T18:38:20Z,1,-26.5853,158.47018,1,943.0,1,34.426,1,5.501,1,943.0,1,5.501,1,34.426,1
5905611,2025-12-08T18:38:20Z,1,-26.5853,158.47018,1,945.0,1,34.426,1,5.501,1,945.0,1,5.501,1,34.426,1
5905611,2025-12-08T18:38:20Z,1,-26.5853,158.47018,1,947.1,1,34.429,1,5.488,1,947.1,1,5.488,1,34.429,1
5905611,2025-12-08T18:38:20Z,1,-26.5853,158.47018,1,949.2,1,34.431,1,5.485,1,949.2,1,5.485,1,34.431,1
5905611,2025-12-08T18:38:20Z,1,-26.5853,158.47018,1,951.2,1,34.434,1,5.489,1,951.2,1,5.489,1,34.434,1
5905611,2025-12-08T18:38:20Z,1,-26.5853,158.47018,1,953.3,1,34.435,1,5.498,1,953.3,1,5.498,1,34.435,1
5905611,2025-12-08T18:38:20Z,1,-26.5853,158.47018,1,955.3,1,34.439,1,5.506,1,955.3,1,5.506,1,34.439,1
5905611,2025-12-08T18:38:20Z,1,-26.5853,158.47018,1,957.3,1,34.44,1,5.511,1,957.3,1,5.511,1,34.44,1
5905611,2025-12-08T18:38:20Z,1,-26.5853,158.47018,1,959.4,1,34.442,1,5.501,1,959.4,1,5.501,1,34.442,1
5905611,2025-12-08T18:38:20Z,1,-26.5853,158.47018,1,961.4,1,34.44,1,5.457,1,961.4,1,5.457,1,34.44,1
5905611,2025-12-08T18:38:20Z,1,-26.5853,158.47018,1,963.4,1,34.438,1,5.424,1,963.4,1,5.424,1,34.438,1
5905611,2025-12-08T18:38:20Z,1,-26.5853,158.47018,1,965.5,1,34.44,1,5.423,1,965.5,1,5.423,1,34.44,1
5905611,2025-12-08T18:38:20Z,1,-26.5853,158.47018,1,967.5,1,34.442,1,5.421,1,967.5,1,5.421,1,34.442,1
5905611,2025-12-08T18:38:20Z,1,-26.5853,158.47018,1,969.6,1,34.442,1,5.416,1,969.6,1,5.416,1,34.442,1
5905611,2025-12-08T18:38:20Z,1,-26.5853,158.47018,1,971.6,1,34.441,1,5.415,1,971.6,1,5.415,1,34.441,1
5905611,2025-12-08T18:38:20Z,1,-26.5853,158.47018,1,973.6,1,34.442,1,5.407,1,973.6,1,5.407,1,34.442,1
5905611,2025-12-08T18:38:20Z,1,-26.5853,158.47018,1,975.6,1,34.441,1,5.364,1,975.6,1,5.364,1,34.441,1
5905611,2025-12-08T18:38:20Z,1,-26.5853,158.47018,1,977.6,1,34.44,1,5.349,1,977.6,1,5.349,1,34.44,1
5905611,2025-12-08T18:38:20Z,1,-26.5853,158.47018,1,979.6,1,34.44,1,5.347,1,979.6,1,5.347,1,34.44,1
5905611,2025-12-08T18:38:20Z,1,-26.5853,158.47018,1,981.6,1,34.442,1,5.347,1,981.6,1,5.347,1,34.442,1
5905611,2025-12-08T18:38:20Z,1,-26.5853,158.47018,1,983.6,1,34.442,1,5.345,1,983.6,1,5.345,1,34.442,1
5905611,2025-12-08T18:38:20Z,1,-26.5853,158.47018,1,985.6,1,34.445,1,5.343,1,985.6,1,5.343,1,34.445,1
5905611,2025-12-08T18:38:20Z,1,-26.5853,158.47018,1,987.6,1,34.444,1,5.338,1,987.6,1,5.338,1,34.444,1
5905611,2025-12-08T18:38:20Z,1,-26.5853,158.47018,1,989.6,1,34.445,1,5.338,1,989.6,1,5.338,1,34.445,1
5905611,2025-12-08T18:38:20Z,1,-26.5853,158.47018,1,991.6,1,34.445,1,5.337,1,991.6,1,5.337,1,34.445,1
5905611,2025-12-08T18:38:20Z,1,-26.5853,158.47018,1,993.6,1,34.446,1,5.336,1,993.6,1,5.336,1,34.446,1
5905611,2025-12-08T18:38:20Z,1,-26.5853,158.47018,1,995.6,1,34.447,1,5.323,1,995.6,1,5.323,1,34.447,1
5905611,2025-12-08T18:38:20Z,1,-26.5853,158.47018,1,997.6,1,34.448,1,5.311,1,997.6,1,5.311,1,34.448,1
5905611,2025-12-08T18:38:20Z,1,-26.5853,158.47018,1,999.6,1,34.448,1,5.301,1,999.6,1,5.301,1,34.448,1
5905611,2025-12-08T18:38:20Z,1,-26.5853,158.47018,1,1001.7,1,34.447,1,5.296,1,1001.7,1,5.296,1,34.447,1
5905611,2025-12-08T18:38:20Z,1,-26.5853,158.47018,1,1003.7,1,34.448,1,5.283,1,1003.7,1,5.283,1,34.448,1
5905611,2025-12-08T18:38:20Z,1,-26.5853,158.47018,1,1005.7,1,34.448,1,5.271,1,1005.7,1,5.271,1,34.448,1
5905611,2025-12-08T18:38:20Z,1,-26.5853,158.47018,1,1007.7,1,34.448,1,5.262,1,1007.7,1,5.262,1,34.448,1
5905611,2025-12-08T18:38:20Z,1,-26.5853,158.47018,1,1009.7,1,34.448,1,5.25,1,1009.7,1,5.25,1,34.448,1
5905611,2025-12-08T18:38:20Z,1,-26.5853,158.47018,1,1011.7,1,34.449,1,5.227,1,1011.7,1,5.227,1,34.449,1
5905611,2025-12-08T18:38:20Z,1,-26.5853,158.47018,1,1013.7,1,34.45,1,5.217,1,1013.7,1,5.217,1,34.45,1
5905611,2025-12-08T18:38:20Z,1,-26.5853,158.47018,1,1015.8,1,34.45,1,5.21,1,1015.8,1,5.21,1,34.45,1
5905611,2025-12-08T18:38:20Z,1,-26.5853,158.47018,1,1017.8,1,34.449,1,5.207,1,1017.8,1,5.207,1,34.449,1
5905611,2025-12-08T18:38:20Z,1,-26.5853,158.47018,1,1019.4,1,34.448,1,5.206,1,1019.4,1,5.206,1,34.448,1
5905611,2025-12-08T18:38:20Z,1,-26.5853,158.47018,1,1021.0,1,34.45,1,5.183,1,1021.0,1,5.183,1,34.45,1
5905611,2025-12-08T18:38:20Z,1,-26.5853,158.47018,1,1023.0,1,34.451,1,5.17,1,1023.0,1,5.17,1,34.451,1
5905611,2025-12-08T18:38:20Z,1,-26.5853,158.47018,1,1025.1,1,34.452,1,5.148,1,1025.1,1,5.148,1,34.452,1
5905611,2025-12-08T18:38:20Z,1,-26.5853,158.47018,1,1027.2,1,34.452,1,5.131,1,1027.2,1,5.131,1,34.452,1
5905611,2025-12-08T18:38:20Z,1,-26.5853,158.47018,1,1029.3,1,34.453,1,5.126,1,1029.3,1,5.126,1,34.453,1
5905611,2025-12-08T18:38:20Z,1,-26.5853,158.47018,1,1031.4,1,34.453,1,5.118,1,1031.4,1,5.118,1,34.453,1
5905611,2025-12-08T18:38:20Z,1,-26.5853,158.47018,1,1033.5,1,34.453,1,5.113,1,1033.5,1,5.113,1,34.453,1
5905611,2025-12-08T18:38:20Z,1,-26.5853,158.47018,1,1035.6,1,34.453,1,5.111,1,1035.6,1,5.111,1,34.453,1
5905611,2025-12-08T18:38:20Z,1,-26.5853,158.47018,1,1037.6,1,34.453,1,5.112,1,1037.6,1,5.112,1,34.453,1
5905611,2025-12-08T18:38:20Z,1,-26.5853,158.47018,1,1039.6,1,34.453,1,5.11,1,1039.6,1,5.11,1,34.453,1
5905611,2025-12-08T18:38:20Z,1,-26.5853,158.47018,1,1041.6,1,34.453,1,5.107,1,1041.6,1,5.107,1,34.453,1
5905611,2025-12-08T18:38:20Z,1,-26.5853,158.47018,1,1043.6,1,34.454,1,5.095,1,1043.6,1,5.095,1,34.454,1
5905611,2025-12-08T18:38:20Z,1,-26.5853,158.47018,1,1045.6,1,34.453,1,5.084,1,1045.6,1,5.084,1,34.453,1
5905611,2025-12-08T18:38:20Z,1,-26.5853,158.47018,1,1047.5,1,34.454,1,5.074,1,1047.5,1,5.074,1,34.454,1
5905611,2025-12-08T18:38:20Z,1,-26.5853,158.47018,1,1049.4,1,34.454,1,5.067,1,1049.4,1,5.067,1,34.454,1
5905611,2025-12-08T18:38:20Z,1,-26.5853,158.47018,1,1051.3,1,34.456,1,5.031,1,1051.3,1,5.031,1,34.456,1
5905611,2025-12-08T18:38:20Z,1,-26.5853,158.47018,1,1053.2,1,34.456,1,5.017,1,1053.2,1,5.017,1,34.456,1
5905611,2025-12-08T18:38:20Z,1,-26.5853,158.47018,1,1055.6,1,34.457,1,5.001,1,1055.6,1,5.001,1,34.457,1
5905611,2025-12-08T18:38:20Z,1,-26.5853,158.47018,1,1057.6,1,34.458,1,4.999,1,1057.6,1,4.999,1,34.458,1
5905611,2025-12-08T18:38:20Z,1,-26.5853,158.47018,1,1059.6,1,34.457,1,4.997,1,1059.6,1,4.997,1,34.457,1
5905611,2025-12-08T18:38:20Z,1,-26.5853,158.47018,1,1061.6,1,34.457,1,4.987,1,1061.6,1,4.987,1,34.457,1
5905611,2025-12-08T18:38:20Z,1,-26.5853,158.47018,1,1063.6,1,34.458,1,4.966,1,1063.6,1,4.966,1,34.458,1
5905611,2025-12-08T18:38:20Z,1,-26.5853,158.47018,1,1065.6,1,34.459,1,4.952,1,1065.6,1,4.952,1,34.459,1
5905611,2025-12-08T18:38:20Z,1,-26.5853,158.47018,1,1067.6,1,34.458,1,4.941,1,1067.6,1,4.941,1,34.458,1
5905611,2025-12-08T18:38:20Z,1,-26.5853,158.47018,1,1069.6,1,34.459,1,4.93,1,1069.6,1,4.93,1,34.459,1
5905611,2025-12-08T18:38:20Z,1,-26.5853,158.47018,1,1071.6,1,34.46,1,4.911,1,1071.6,1,4.911,1,34.46,1
5905611,2025-12-08T18:38:20Z,1,-26.5853,158.47018,1,1073.6,1,34.461,1,4.884,1,1073.6,1,4.884,1,34.461,1
5905611,2025-12-08T18:38:20Z,1,-26.5853,158.47018,1,1075.2,1,34.461,1,4.868,1,1075.2,1,4.868,1,34.461,1
5905611,2025-12-08T18:38:20Z,1,-26.5853,158.47018,1,1077.3,1,34.462,1,4.847,1,1077.3,1,4.847,1,34.462,1
5905611,2025-12-08T18:38:20Z,1,-26.5853,158.47018,1,1079.4,1,34.462,1,4.837,1,1079.4,1,4.837,1,34.462,1
5905611,2025-12-08T18:38:20Z,1,-26.5853,158.47018,1,1081.5,1,34.463,1,4.829,1,1081.5,1,4.829,1,34.463,1
5905611,2025-12-08T18:38:20Z,1,-26.5853,158.47018,1,1083.6,1,34.464,1,4.809,1,1083.6,1,4.809,1,34.464,1
5905611,2025-12-08T18:38:20Z,1,-26.5853,158.47018,1,1085.3,1,34.465,1,4.8,1,1085.3,1,4.8,1,34.465,1
5905611,2025-12-08T18:38:20Z,1,-26.5853,158.47018,1,1087.4,1,34.465,1,4.789,1,1087.4,1,4.789,1,34.465,1
5905611,2025-12-08T18:38:20Z,1,-26.5853,158.47018,1,1089.5,1,34.466,1,4.785,1,1089.5,1,4.785,1,34.466,1
5905611,2025-12-08T18:38:20Z,1,-26.5853,158.47018,1,1091.5,1,34.465,1,4.775,1,1091.5,1,4.775,1,34.465,1
5905611,2025-12-08T18:38:20Z,1,-26.5853,158.47018,1,1093.6,1,34.466,1,4.762,1,1093.6,1,4.762,1,34.466,1
5905611,2025-12-08T18:38:20Z,1,-26.5853,158.47018,1,1095.2,1,34.466,1,4.761,1,1095.2,1,4.761,1,34.466,1
5905611,2025-12-08T18:38:20Z,1,-26.5853,158.47018,1,1097.3,1,34.466,1,4.753,1,1097.3,1,4.753,1,34.466,1
5905611,2025-12-08T18:38:20Z,1,-26.5853,158.47018,1,1099.5,1,34.467,1,4.739,1,1099.5,1,4.739,1,34.467,1
5905611,2025-12-08T18:38:20Z,1,-26.5853,158.47018,1,1101.2,1,34.467,1,4.73,1,1101.2,1,4.73,1,34.467,1
5905611,2025-12-08T18:38:20Z,1,-26.5853,158.47018,1,1103.3,1,34.467,1,4.726,1,1103.3,1,4.726,1,34.467,1
5905611,2025-12-08T18:38:20Z,1,-26.5853,158.47018,1,1105.4,1,34.467,1,4.727,1,1105.4,1,4.727,1,34.467,1
5905611,2025-12-08T18:38:20Z,1,-26.5853,158.47018,1,1107.5,1,34.467,1,4.726,1,1107.5,1,4.726,1,34.467,1
5905611,2025-12-08T18:38:20Z,1,-26.5853,158.47018,1,1109.6,1,34.468,1,4.712,1,1109.6,1,4.712,1,34.468,1
5905611,2025-12-08T18:38:20Z,1,-26.5853,158.47018,1,1111.3,1,34.469,1,4.695,1,1111.3,1,4.695,1,34.469,1
5905611,2025-12-08T18:38:20Z,1,-26.5853,158.47018,1,1113.5,1,34.469,1,4.69,1,1113.5,1,4.69,1,34.469,1
5905611,2025-12-08T18:38:20Z,1,-26.5853,158.47018,1,1115.6,1,34.469,1,4.69,1,1115.6,1,4.69,1,34.469,1
5905611,2025-12-08T18:38:20Z,1,-26.5853,158.47018,1,1117.4,1,34.469,1,4.689,1,1117.4,1,4.689,1,34.469,1
5905611,2025-12-08T18:38:20Z,1,-26.5853,158.47018,1,1119.5,1,34.469,1,4.68,1,1119.5,1,4.68,1,34.469,1
5905611,2025-12-08T18:38:20Z,1,-26.5853,158.47018,1,1121.7,1,34.469,1,4.668,1,1121.7,1,4.668,1,34.469,1
5905611,2025-12-08T18:38:20Z,1,-26.5853,158.47018,1,1123.4,1,34.471,1,4.638,1,1123.4,1,4.638,1,34.471,1
5905611,2025-12-08T18:38:20Z,1,-26.5853,158.47018,1,1125.1,1,34.47,1,4.635,1,1125.1,1,4.635,1,34.47,1
5905611,2025-12-08T18:38:20Z,1,-26.5853,158.47018,1,1127.3,1,34.471,1,4.626,1,1127.3,1,4.626,1,34.471,1
5905611,2025-12-08T18:38:20Z,1,-26.5853,158.47018,1,1129.5,1,34.472,1,4.618,1,1129.5,1,4.618,1,34.472,1
5905611,2025-12-08T18:38:20Z,1,-26.5853,158.47018,1,1131.4,1,34.473,1,4.614,1,1131.4,1,4.614,1,34.473,1
5905611,2025-12-08T18:38:20Z,1,-26.5853,158.47018,1,1133.2,1,34.473,1,4.61,1,1133.2,1,4.61,1,34.473,1
5905611,2025-12-08T18:38:20Z,1,-26.5853,158.47018,1,1135.5,1,34.473,1,4.606,1,1135.5,1,4.606,1,34.473,1
5905611,2025-12-08T18:38:20Z,1,-26.5853,158.47018,1,1137.7,1,34.473,1,4.599,1,1137.7,1,4.599,1,34.473,1
5905611,2025-12-08T18:38:20Z,1,-26.5853,158.47018,1,1139.5,1,34.474,1,4.594,1,1139.5,1,4.594,1,34.474,1
5905611,2025-12-08T18:38:20Z,1,-26.5853,158.47018,1,1141.3,1,34.474,1,4.588,1,1141.3,1,4.588,1,34.474,1
5905611,2025-12-08T18:38:20Z,1,-26.5853,158.47018,1,1143.2,1,34.475,1,4.577,1,1143.2,1,4.577,1,34.475,1
5905611,2025-12-08T18:38:20Z,1,-26.5853,158.47018,1,1145.0,1,34.476,1,4.557,1,1145.0,1,4.557,1,34.476,1
5905611,2025-12-08T18:38:20Z,1,-26.5853,158.47018,1,1147.4,1,34.476,1,4.553,1,1147.4,1,4.553,1,34.476,1
5905611,2025-12-08T18:38:20Z,1,-26.5853,158.47018,1,1149.8,1,34.477,1,4.537,1,1149.8,1,4.537,1,34.477,1
5905611,2025-12-08T18:38:20Z,1,-26.5853,158.47018,1,1151.6,1,34.478,1,4.523,1,1151.6,1,4.523,1,34.478,1
5905611,2025-12-08T18:38:20Z,1,-26.5853,158.47018,1,1153.5,1,34.479,1,4.509,1,1153.5,1,4.509,1,34.479,1
5905611,2025-12-08T18:38:20Z,1,-26.5853,158.47018,1,1155.3,1,34.479,1,4.495,1,1155.3,1,4.495,1,34.479,1
5905611,2025-12-08T18:38:20Z,1,-26.5853,158.47018,1,1157.2,1,34.479,1,4.491,1,1157.2,1,4.491,1,34.479,1
5905611,2025-12-08T18:38:20Z,1,-26.5853,158.47018,1,1159.1,1,34.48,1,4.481,1,1159.1,1,4.481,1,34.48,1
5905611,2025-12-08T18:38:20Z,1,-26.5853,158.47018,1,1161.4,1,34.48,1,4.466,1,1161.4,1,4.466,1,34.48,1
5905611,2025-12-08T18:38:20Z,1,-26.5853,158.47018,1,1163.8,1,34.481,1,4.455,1,1163.8,1,4.455,1,34.481,1
5905611,2025-12-08T18:38:20Z,1,-26.5853,158.47018,1,1165.7,1,34.482,1,4.451,1,1165.7,1,4.451,1,34.482,1
5905611,2025-12-08T18:38:20Z,1,-26.5853,158.47018,1,1167.6,1,34.481,1,4.449,1,1167.6,1,4.449,1,34.481,1
5905611,2025-12-08T18:38:20Z,1,-26.5853,158.47018,1,1169.5,1,34.482,1,4.442,1,1169.5,1,4.442,1,34.482,1
5905611,2025-12-08T18:38:20Z,1,-26.5853,158.47018,1,1171.5,1,34.483,1,4.434,1,1171.5,1,4.434,1,34.483,1
5905611,2025-12-08T18:38:20Z,1,-26.5853,158.47018,1,1173.4,1,34.484,1,4.421,1,1173.4,1,4.421,1,34.484,1
5905611,2025-12-08T18:38:20Z,1,-26.5853,158.47018,1,1175.3,1,34.483,1,4.415,1,1175.3,1,4.415,1,34.483,1
5905611,2025-12-08T18:38:20Z,1,-26.5853,158.47018,1,1177.3,1,34.484,1,4.411,1,1177.3,1,4.411,1,34.484,1
5905611,2025-12-08T18:38:20Z,1,-26.5853,158.47018,1,1179.2,1,34.484,1,4.402,1,1179.2,1,4.402,1,34.484,1
5905611,2025-12-08T18:38:20Z,1,-26.5853,158.47018,1,1181.1,1,34.484,1,4.394,1,1181.1,1,4.394,1,34.484,1
5905611,2025-12-08T18:38:20Z,1,-26.5853,158.47018,1,1183.0,1,34.485,1,4.385,1,1183.0,1,4.385,1,34.485,1
5905611,2025-12-08T18:38:20Z,1,-26.5853,158.47018,1,1185.4,1,34.486,1,4.374,1,1185.4,1,4.374,1,34.486,1
5905611,2025-12-08T18:38:20Z,1,-26.5853,158.47018,1,1187.9,1,34.486,1,4.355,1,1187.9,1,4.355,1,34.486,1
5905611,2025-12-08T18:38:20Z,1,-26.5853,158.47018,1,1189.8,1,34.487,1,4.353,1,1189.8,1,4.353,1,34.487,1
5905611,2025-12-08T18:38:20Z,1,-26.5853,158.47018,1,1191.8,1,34.487,1,4.344,1,1191.8,1,4.344,1,34.487,1
5905611,2025-12-08T18:38:20Z,1,-26.5853,158.47018,1,1193.7,1,34.488,1,4.335,1,1193.7,1,4.335,1,34.488,1
5905611,2025-12-08T18:38:20Z,1,-26.5853,158.47018,1,1195.5,1,34.488,1,4.328,1,1195.5,1,4.328,1,34.488,1
5905611,2025-12-08T18:38:20Z,1,-26.5853,158.47018,1,1197.4,1,34.49,1,4.323,1,1197.4,1,4.323,1,34.49,1
5905611,2025-12-08T18:38:20Z,1,-26.5853,158.47018,1,1199.3,1,34.489,1,4.316,1,1199.3,1,4.316,1,34.489,1
5905611,2025-12-08T18:38:20Z,1,-26.5853,158.47018,1,1201.2,1,34.49,1,4.305,1,1201.2,1,4.305,1,34.49,1
5905611,2025-12-08T18:38:20Z,1,-26.5853,158.47018,1,1203.2,1,34.49,1,4.299,1,1203.2,1,4.299,1,34.49,1
5905611,2025-12-08T18:38:20Z,1,-26.5853,158.47018,1,1205.2,1,34.492,1,4.281,1,1205.2,1,4.281,1,34.492,1
5905611,2025-12-08T18:38:20Z,1,-26.5853,158.47018,1,1207.1,1,34.493,1,4.271,1,1207.1,1,4.271,1,34.493,1
5905611,2025-12-08T18:38:20Z,1,-26.5853,158.47018,1,1209.1,1,34.493,1,4.26,1,1209.1,1,4.26,1,34.493,1
5905611,2025-12-08T18:38:20Z,1,-26.5853,158.47018,1,1211.0,1,34.493,1,4.248,1,1211.0,1,4.248,1,34.493,1
5905611,2025-12-08T18:38:20Z,1,-26.5853,158.47018,1,1213.4,1,34.494,1,4.237,1,1213.4,1,4.237,1,34.494,1
5905611,2025-12-08T18:38:20Z,1,-26.5853,158.47018,1,1215.9,1,34.495,1,4.229,1,1215.9,1,4.229,1,34.495,1
5905611,2025-12-08T18:38:20Z,1,-26.5853,158.47018,1,1217.8,1,34.494,1,4.225,1,1217.8,1,4.225,1,34.494,1
5905611,2025-12-08T18:38:20Z,1,-26.5853,158.47018,1,1219.8,1,34.495,1,4.213,1,1219.8,1,4.213,1,34.495,1
5905611,2025-12-08T18:38:20Z,1,-26.5853,158.47018,1,1221.8,1,34.496,1,4.198,1,1221.8,1,4.198,1,34.496,1
5905611,2025-12-08T18:38:20Z,1,-26.5853,158.47018,1,1223.7,1,34.497,1,4.188,1,1223.7,1,4.188,1,34.497,1
5905611,2025-12-08T18:38:20Z,1,-26.5853,158.47018,1,1225.7,1,34.498,1,4.179,1,1225.7,1,4.179,1,34.498,1
5905611,2025-12-08T18:38:20Z,1,-26.5853,158.47018,1,1227.6,1,34.498,1,4.176,1,1227.6,1,4.176,1,34.498,1
5905611,2025-12-08T18:38:20Z,1,-26.5853,158.47018,1,1229.5,1,34.498,1,4.169,1,1229.5,1,4.169,1,34.498,1
5905611,2025-12-08T18:38:20Z,1,-26.5853,158.47018,1,1231.4,1,34.499,1,4.166,1,1231.4,1,4.166,1,34.499,1
5905611,2025-12-08T18:38:20Z,1,-26.5853,158.47018,1,1233.4,1,34.499,1,4.163,1,1233.4,1,4.163,1,34.499,1
5905611,2025-12-08T18:38:20Z,1,-26.5853,158.47018,1,1235.3,1,34.499,1,4.161,1,1235.3,1,4.161,1,34.499,1
5905611,2025-12-08T18:38:20Z,1,-26.5853,158.47018,1,1237.2,1,34.5,1,4.149,1,1237.2,1,4.149,1,34.5,1
5905611,2025-12-08T18:38:20Z,1,-26.5853,158.47018,1,1239.2,1,34.501,1,4.138,1,1239.2,1,4.138,1,34.501,1
5905611,2025-12-08T18:38:20Z,1,-26.5853,158.47018,1,1241.2,1,34.502,1,4.13,1,1241.2,1,4.13,1,34.502,1
5905611,2025-12-08T18:38:20Z,1,-26.5853,158.47018,1,1243.1,1,34.502,1,4.12,1,1243.1,1,4.12,1,34.502,1
5905611,2025-12-08T18:38:20Z,1,-26.5853,158.47018,1,1245.1,1,34.502,1,4.114,1,1245.1,1,4.114,1,34.502,1
5905611,2025-12-08T18:38:20Z,1,-26.5853,158.47018,1,1247.0,1,34.505,1,4.098,1,1247.0,1,4.098,1,34.505,1
5905611,2025-12-08T18:38:20Z,1,-26.5853,158.47018,1,1249.0,1,34.505,1,4.093,1,1249.0,1,4.093,1,34.505,1
5905611,2025-12-08T18:38:20Z,1,-26.5853,158.47018,1,1251.0,1,34.504,1,4.09,1,1251.0,1,4.09,1,34.504,1
5905611,2025-12-08T18:38:20Z,1,-26.5853,158.47018,1,1253.4,1,34.505,1,4.076,1,1253.4,1,4.076,1,34.505,1
5905611,2025-12-08T18:38:20Z,1,-26.5853,158.47018,1,1255.9,1,34.506,1,4.064,1,1255.9,1,4.064,1,34.506,1
5905611,2025-12-08T18:38:20Z,1,-26.5853,158.47018,1,1257.9,1,34.507,1,4.059,1,1257.9,1,4.059,1,34.507,1
5905611,2025-12-08T18:38:20Z,1,-26.5853,158.47018,1,1259.8,1,34.507,1,4.053,1,1259.8,1,4.053,1,34.507,1
5905611,2025-12-08T18:38:20Z,1,-26.5853,158.47018,1,1261.8,1,34.508,1,4.038,1,1261.8,1,4.038,1,34.508,1
5905611,2025-12-08T18:38:20Z,1,-26.5853,158.47018,1,1263.8,1,34.509,1,4.023,1,1263.8,1,4.023,1,34.509,1
5905611,2025-12-08T18:38:20Z,1,-26.5853,158.47018,1,1265.7,1,34.509,1,4.017,1,1265.7,1,4.017,1,34.509,1
5905611,2025-12-08T18:38:20Z,1,-26.5853,158.47018,1,1267.7,1,34.51,1,4.013,1,1267.7,1,4.013,1,34.51,1
5905611,2025-12-08T18:38:20Z,1,-26.5853,158.47018,1,1269.6,1,34.51,1,4.007,1,1269.6,1,4.007,1,34.51,1
5905611,2025-12-08T18:38:20Z,1,-26.5853,158.47018,1,1271.6,1,34.511,1,4.003,1,1271.6,1,4.003,1,34.511,1
5905611,2025-12-08T18:38:20Z,1,-26.5853,158.47018,1,1273.6,1,34.512,1,3.993,1,1273.6,1,3.993,1,34.512,1
5905611,2025-12-08T18:38:20Z,1,-26.5853,158.47018,1,1275.6,1,34.512,1,3.982,1,1275.6,1,3.982,1,34.512,1
5905611,2025-12-08T18:38:20Z,1,-26.5853,158.47018,1,1277.6,1,34.513,1,3.975,1,1277.6,1,3.975,1,34.513,1
5905611,2025-12-08T18:38:20Z,1,-26.5853,158.47018,1,1279.5,1,34.513,1,3.966,1,1279.5,1,3.966,1,34.513,1
5905611,2025-12-08T18:38:20Z,1,-26.5853,158.47018,1,1281.5,1,34.514,1,3.955,1,1281.5,1,3.955,1,34.514,1
5905611,2025-12-08T18:38:20Z,1,-26.5853,158.47018,1,1283.5,1,34.514,1,3.946,1,1283.5,1,3.946,1,34.514,1
5905611,2025-12-08T18:38:20Z,1,-26.5853,158.47018,1,1285.5,1,34.515,1,3.935,1,1285.5,1,3.935,1,34.515,1
5905611,2025-12-08T18:38:20Z,1,-26.5853,158.47018,1,1287.4,1,34.515,1,3.931,1,1287.4,1,3.931,1,34.515,1
5905611,2025-12-08T18:38:20Z,1,-26.5853,158.47018,1,1289.4,1,34.517,1,3.921,1,1289.4,1,3.921,1,34.517,1
5905611,2025-12-08T18:38:20Z,1,-26.5853,158.47018,1,1291.4,1,34.516,1,3.912,1,1291.4,1,3.912,1,34.516,1
5905611,2025-12-08T18:38:20Z,1,-26.5853,158.47018,1,1293.3,1,34.517,1,3.904,1,1293.3,1,3.904,1,34.517,1
5905611,2025-12-08T18:38:20Z,1,-26.5853,158.47018,1,1295.3,1,34.519,1,3.893,1,1295.3,1,3.893,1,34.519,1
5905611,2025-12-08T18:38:20Z,1,-26.5853,158.47018,1,1297.3,1,34.518,1,3.887,1,1297.3,1,3.887,1,34.518,1
5905611,2025-12-08T18:38:20Z,1,-26.5853,158.47018,1,1299.3,1,34.52,1,3.88,1,1299.3,1,3.88,1,34.52,1
5905611,2025-12-08T18:38:20Z,1,-26.5853,158.47018,1,1301.3,1,34.52,1,3.878,1,1301.3,1,3.878,1,34.52,1
5905611,2025-12-08T18:38:20Z,1,-26.5853,158.47018,1,1303.2,1,34.52,1,3.873,1,1303.2,1,3.873,1,34.52,1
5905611,2025-12-08T18:38:20Z,1,-26.5853,158.47018,1,1305.2,1,34.519,1,3.867,1,1305.2,1,3.867,1,34.519,1
5905611,2025-12-08T18:38:20Z,1,-26.5853,158.47018,1,1307.2,1,34.522,1,3.852,1,1307.2,1,3.852,1,34.522,1
5905611,2025-12-08T18:38:20Z,1,-26.5853,158.47018,1,1309.2,1,34.522,1,3.845,1,1309.2,1,3.845,1,34.522,1
5905611,2025-12-08T18:38:20Z,1,-26.5853,158.47018,1,1311.2,1,34.522,1,3.84,1,1311.2,1,3.84,1,34.522,1
5905611,2025-12-08T18:38:20Z,1,-26.5853,158.47018,1,1313.2,1,34.523,1,3.834,1,1313.2,1,3.834,1,34.523,1
5905611,2025-12-08T18:38:20Z,1,-26.5853,158.47018,1,1315.1,1,34.523,1,3.833,1,1315.1,1,3.833,1,34.523,1
5905611,2025-12-08T18:38:20Z,1,-26.5853,158.47018,1,1317.1,1,34.524,1,3.827,1,1317.1,1,3.827,1,34.524,1
5905611,2025-12-08T18:38:20Z,1,-26.5853,158.47018,1,1319.2,1,34.524,1,3.818,1,1319.2,1,3.818,1,34.524,1
5905611,2025-12-08T18:38:20Z,1,-26.5853,158.47018,1,1321.2,1,34.526,1,3.804,1,1321.2,1,3.804,1,34.526,1
5905611,2025-12-08T18:38:20Z,1,-26.5853,158.47018,1,1323.2,1,34.526,1,3.795,1,1323.2,1,3.795,1,34.526,1
5905611,2025-12-08T18:38:20Z,1,-26.5853,158.47018,1,1325.4,1,34.528,1,3.775,1,1325.4,1,3.775,1,34.528,1
5905611,2025-12-08T18:38:20Z,1,-26.5853,158.47018,1,1327.4,1,34.528,1,3.761,1,1327.4,1,3.761,1,34.528,1
5905611,2025-12-08T18:38:20Z,1,-26.5853,158.47018,1,1329.4,1,34.529,1,3.754,1,1329.4,1,3.754,1,34.529,1
5905611,2025-12-08T18:38:20Z,1,-26.5853,158.47018,1,1331.3,1,34.53,1,3.744,1,1331.3,1,3.744,1,34.53,1
5905611,2025-12-08T18:38:20Z,1,-26.5853,158.47018,1,1333.3,1,34.531,1,3.734,1,1333.3,1,3.734,1,34.531,1
5905611,2025-12-08T18:38:20Z,1,-26.5853,158.47018,1,1335.3,1,34.531,1,3.726,1,1335.3,1,3.726,1,34.531,1
5905611,2025-12-08T18:38:20Z,1,-26.5853,158.47018,1,1337.4,1,34.532,1,3.722,1,1337.4,1,3.722,1,34.532,1
5905611,2025-12-08T18:38:20Z,1,-26.5853,158.47018,1,1339.4,1,34.532,1,3.716,1,1339.4,1,3.716,1,34.532,1
5905611,2025-12-08T18:38:20Z,1,-26.5853,158.47018,1,1341.5,1,34.532,1,3.709,1,1341.5,1,3.709,1,34.532,1
5905611,2025-12-08T18:38:20Z,1,-26.5853,158.47018,1,1343.6,1,34.535,1,3.69,1,1343.6,1,3.69,1,34.535,1
5905611,2025-12-08T18:38:20Z,1,-26.5853,158.47018,1,1345.3,1,34.535,1,3.685,1,1345.3,1,3.685,1,34.535,1
5905611,2025-12-08T18:38:20Z,1,-26.5853,158.47018,1,1347.5,1,34.535,1,3.682,1,1347.5,1,3.682,1,34.535,1
5905611,2025-12-08T18:38:20Z,1,-26.5853,158.47018,1,1349.7,1,34.536,1,3.673,1,1349.7,1,3.673,1,34.536,1
5905611,2025-12-08T18:38:20Z,1,-26.5853,158.47018,1,1351.4,1,34.536,1,3.671,1,1351.4,1,3.671,1,34.536,1
5905611,2025-12-08T18:38:20Z,1,-26.5853,158.47018,1,1353.1,1,34.536,1,3.668,1,1353.1,1,3.668,1,34.536,1
5905611,2025-12-08T18:38:20Z,1,-26.5853,158.47018,1,1355.3,1,34.536,1,3.664,1,1355.3,1,3.664,1,34.536,1
5905611,2025-12-08T18:38:20Z,1,-26.5853,158.47018,1,1357.5,1,34.537,1,3.661,1,1357.5,1,3.661,1,34.537,1
5905611,2025-12-08T18:38:20Z,1,-26.5853,158.47018,1,1359.2,1,34.537,1,3.658,1,1359.2,1,3.658,1,34.537,1
5905611,2025-12-08T18:38:20Z,1,-26.5853,158.47018,1,1361.4,1,34.537,1,3.651,1,1361.4,1,3.651,1,34.537,1
5905611,2025-12-08T18:38:20Z,1,-26.5853,158.47018,1,1363.6,1,34.538,1,3.644,1,1363.6,1,3.644,1,34.538,1
5905611,2025-12-08T18:38:20Z,1,-26.5853,158.47018,1,1365.4,1,34.538,1,3.642,1,1365.4,1,3.642,1,34.538,1
5905611,2025-12-08T18:38:20Z,1,-26.5853,158.47018,1,1367.2,1,34.538,1,3.641,1,1367.2,1,3.641,1,34.538,1
5905611,2025-12-08T18:38:20Z,1,-26.5853,158.47018,1,1369.5,1,34.538,1,3.638,1,1369.5,1,3.638,1,34.538,1
5905611,2025-12-08T18:38:20Z,1,-26.5853,158.47018,1,1371.7,1,34.539,1,3.627,1,1371.7,1,3.627,1,34.539,1
5905611,2025-12-08T18:38:20Z,1,-26.5853,158.47018,1,1373.5,1,34.54,1,3.618,1,1373.5,1,3.618,1,34.54,1
5905611,2025-12-08T18:38:20Z,1,-26.5853,158.47018,1,1375.4,1,34.54,1,3.614,1,1375.4,1,3.614,1,34.54,1
5905611,2025-12-08T18:38:20Z,1,-26.5853,158.47018,1,1377.2,1,34.541,1,3.608,1,1377.2,1,3.608,1,34.541,1
5905611,2025-12-08T18:38:20Z,1,-26.5853,158.47018,1,1379.1,1,34.541,1,3.606,1,1379.1,1,3.606,1,34.541,1
5905611,2025-12-08T18:38:20Z,1,-26.5853,158.47018,1,1381.4,1,34.541,1,3.603,1,1381.4,1,3.603,1,34.541,1
5905611,2025-12-08T18:38:20Z,1,-26.5853,158.47018,1,1383.8,1,34.542,1,3.588,1,1383.8,1,3.588,1,34.542,1
5905611,2025-12-08T18:38:20Z,1,-26.5853,158.47018,1,1385.6,1,34.543,1,3.577,1,1385.6,1,3.577,1,34.543,1
5905611,2025-12-08T18:38:20Z,1,-26.5853,158.47018,1,1387.5,1,34.543,1,3.571,1,1387.5,1,3.571,1,34.543,1
5905611,2025-12-08T18:38:20Z,1,-26.5853,158.47018,1,1389.5,1,34.545,1,3.561,1,1389.5,1,3.561,1,34.545,1
5905611,2025-12-08T18:38:20Z,1,-26.5853,158.47018,1,1391.4,1,34.545,1,3.553,1,1391.4,1,3.553,1,34.545,1
5905611,2025-12-08T18:38:20Z,1,-26.5853,158.47018,1,1393.3,1,34.545,1,3.549,1,1393.3,1,3.549,1,34.545,1
5905611,2025-12-08T18:38:20Z,1,-26.5853,158.47018,1,1395.2,1,34.545,1,3.543,1,1395.2,1,3.543,1,34.545,1
5905611,2025-12-08T18:38:20Z,1,-26.5853,158.47018,1,1397.2,1,34.546,1,3.539,1,1397.2,1,3.539,1,34.546,1
5905611,2025-12-08T18:38:20Z,1,-26.5853,158.47018,1,1399.1,1,34.546,1,3.535,1,1399.1,1,3.535,1,34.546,1
5905611,2025-12-08T18:38:20Z,1,-26.5853,158.47018,1,1401.0,1,34.547,1,3.534,1,1401.0,1,3.534,1,34.547,1
5905611,2025-12-08T18:38:20Z,1,-26.5853,158.47018,1,1403.4,1,34.547,1,3.533,1,1403.4,1,3.533,1,34.547,1
5905611,2025-12-08T18:38:20Z,1,-26.5853,158.47018,1,1405.7,1,34.547,1,3.528,1,1405.7,1,3.528,1,34.547,1
5905611,2025-12-08T18:38:20Z,1,-26.5853,158.47018,1,1407.6,1,34.548,1,3.522,1,1407.6,1,3.522,1,34.548,1
5905611,2025-12-08T18:38:20Z,1,-26.5853,158.47018,1,1409.5,1,34.547,1,3.519,1,1409.5,1,3.519,1,34.547,1
5905611,2025-12-08T18:38:20Z,1,-26.5853,158.47018,1,1411.4,1,34.549,1,3.511,1,1411.4,1,3.511,1,34.549,1
5905611,2025-12-08T18:38:20Z,1,-26.5853,158.47018,1,1413.3,1,34.548,1,3.508,1,1413.3,1,3.508,1,34.548,1
5905611,2025-12-08T18:38:20Z,1,-26.5853,158.47018,1,1415.2,1,34.549,1,3.501,1,1415.2,1,3.501,1,34.549,1
5905611,2025-12-08T18:38:20Z,1,-26.5853,158.47018,1,1417.1,1,34.55,1,3.493,1,1417.1,1,3.493,1,34.55,1
5905611,2025-12-08T18:38:20Z,1,-26.5853,158.47018,1,1419.0,1,34.551,1,3.487,1,1419.0,1,3.487,1,34.551,1
5905611,2025-12-08T18:38:20Z,1,-26.5853,158.47018,1,1421.4,1,34.551,1,3.476,1,1421.4,1,3.476,1,34.551,1
5905611,2025-12-08T18:38:20Z,1,-26.5853,158.47018,1,1423.9,1,34.551,1,3.472,1,1423.9,1,3.472,1,34.551,1
5905611,2025-12-08T18:38:20Z,1,-26.5853,158.47018,1,1425.8,1,34.552,1,3.467,1,1425.8,1,3.467,1,34.552,1
5905611,2025-12-08T18:38:20Z,1,-26.5853,158.47018,1,1427.7,1,34.553,1,3.46,1,1427.7,1,3.46,1,34.553,1
5905611,2025-12-08T18:38:20Z,1,-26.5853,158.47018,1,1429.7,1,34.553,1,3.452,1,1429.7,1,3.452,1,34.553,1
5905611,2025-12-08T18:38:20Z,1,-26.5853,158.47018,1,1431.7,1,34.554,1,3.448,1,1431.7,1,3.448,1,34.554,1
5905611,2025-12-08T18:38:20Z,1,-26.5853,158.47018,1,1433.6,1,34.554,1,3.444,1,1433.6,1,3.444,1,34.554,1
5905611,2025-12-08T18:38:20Z,1,-26.5853,158.47018,1,1435.6,1,34.555,1,3.439,1,1435.6,1,3.439,1,34.555,1
5905611,2025-12-08T18:38:20Z,1,-26.5853,158.47018,1,1437.6,1,34.555,1,3.43,1,1437.6,1,3.43,1,34.555,1
5905611,2025-12-08T18:38:20Z,1,-26.5853,158.47018,1,1439.6,1,34.556,1,3.42,1,1439.6,1,3.42,1,34.556,1
5905611,2025-12-08T18:38:20Z,1,-26.5853,158.47018,1,1441.6,1,34.556,1,3.414,1,1441.6,1,3.414,1,34.556,1
5905611,2025-12-08T18:38:20Z,1,-26.5853,158.47018,1,1443.6,1,34.557,1,3.408,1,1443.6,1,3.408,1,34.557,1
5905611,2025-12-08T18:38:20Z,1,-26.5853,158.47018,1,1445.6,1,34.557,1,3.404,1,1445.6,1,3.404,1,34.557,1
5905611,2025-12-08T18:38:20Z,1,-26.5853,158.47018,1,1447.6,1,34.557,1,3.404,1,1447.6,1,3.404,1,34.557,1
5905611,2025-12-08T18:38:20Z,1,-26.5853,158.47018,1,1449.6,1,34.558,1,3.4,1,1449.6,1,3.4,1,34.558,1
5905611,2025-12-08T18:38:20Z,1,-26.5853,158.47018,1,1451.6,1,34.558,1,3.396,1,1451.6,1,3.396,1,34.558,1
5905611,2025-12-08T18:38:20Z,1,-26.5853,158.47018,1,1453.6,1,34.558,1,3.393,1,1453.6,1,3.393,1,34.558,1
5905611,2025-12-08T18:38:20Z,1,-26.5853,158.47018,1,1455.6,1,34.558,1,3.388,1,1455.6,1,3.388,1,34.558,1
5905611,2025-12-08T18:38:20Z,1,-26.5853,158.47018,1,1457.6,1,34.559,1,3.383,1,1457.6,1,3.383,1,34.559,1
5905611,2025-12-08T18:38:20Z,1,-26.5853,158.47018,1,1459.6,1,34.559,1,3.376,1,1459.6,1,3.376,1,34.559,1
5905611,2025-12-08T18:38:20Z,1,-26.5853,158.47018,1,1461.6,1,34.561,1,3.364,1,1461.6,1,3.364,1,34.561,1
5905611,2025-12-08T18:38:20Z,1,-26.5853,158.47018,1,1463.7,1,34.561,1,3.357,1,1463.7,1,3.357,1,34.561,1
5905611,2025-12-08T18:38:20Z,1,-26.5853,158.47018,1,1465.7,1,34.561,1,3.355,1,1465.7,1,3.355,1,34.561,1
5905611,2025-12-08T18:38:20Z,1,-26.5853,158.47018,1,1467.7,1,34.562,1,3.353,1,1467.7,1,3.353,1,34.562,1
5905611,2025-12-08T18:38:20Z,1,-26.5853,158.47018,1,1469.8,1,34.561,1,3.353,1,1469.8,1,3.353,1,34.561,1
5905611,2025-12-08T18:38:20Z,1,-26.5853,158.47018,1,1471.8,1,34.562,1,3.352,1,1471.8,1,3.352,1,34.562,1
5905611,2025-12-08T18:38:20Z,1,-26.5853,158.47018,1,1473.9,1,34.562,1,3.347,1,1473.9,1,3.347,1,34.562,1
5905611,2025-12-08T18:38:20Z,1,-26.5853,158.47018,1,1475.5,1,34.563,1,3.344,1,1475.5,1,3.344,1,34.563,1
5905611,2025-12-08T18:38:20Z,1,-26.5853,158.47018,1,1477.0,1,34.562,1,3.343,1,1477.0,1,3.343,1,34.562,1
5905611,2025-12-08T18:38:20Z,1,-26.5853,158.47018,1,1479.1,1,34.562,1,3.343,1,1479.1,1,3.343,1,34.562,1
5905611,2025-12-08T18:38:20Z,1,-26.5853,158.47018,1,1481.2,1,34.563,1,3.341,1,1481.2,1,3.341,1,34.563,1
5905611,2025-12-08T18:38:20Z,1,-26.5853,158.47018,1,1483.3,1,34.563,1,3.338,1,1483.3,1,3.338,1,34.563,1
5905611,2025-12-08T18:38:20Z,1,-26.5853,158.47018,1,1485.3,1,34.564,1,3.33,1,1485.3,1,3.33,1,34.564,1
5905611,2025-12-08T18:38:20Z,1,-26.5853,158.47018,1,1487.3,1,34.563,1,3.328,1,1487.3,1,3.328,1,34.563,1
5905611,2025-12-08T18:38:20Z,1,-26.5853,158.47018,1,1489.3,1,34.565,1,3.32,1,1489.3,1,3.32,1,34.565,1
5905611,2025-12-08T18:38:20Z,1,-26.5853,158.47018,1,1491.4,1,34.564,1,3.319,1,1491.4,1,3.319,1,34.564,1
5905611,2025-12-08T18:38:20Z,1,-26.5853,158.47018,1,1493.5,1,34.565,1,3.319,1,1493.5,1,3.319,1,34.565,1
5905611,2025-12-08T18:38:20Z,1,-26.5853,158.47018,1,1495.6,1,34.565,1,3.318,1,1495.6,1,3.318,1,34.565,1
5905611,2025-12-08T18:38:20Z,1,-26.5853,158.47018,1,1497.6,1,34.566,1,3.309,1,1497.6,1,3.309,1,34.566,1
5905611,2025-12-08T18:38:20Z,1,-26.5853,158.47018,1,1499.7,1,34.566,1,3.308,1,1499.7,1,3.308,1,34.566,1
5905611,2025-12-08T18:38:20Z,1,-26.5853,158.47018,1,1501.8,1,34.566,1,3.306,1,1501.8,1,3.306,1,34.566,1
5905611,2025-12-08T18:38:20Z,1,-26.5853,158.47018,1,1503.8,1,34.566,1,3.306,1,1503.8,1,3.306,1,34.566,1
5905611,2025-12-08T18:38:20Z,1,-26.5853,158.47018,1,1505.8,1,34.566,1,3.305,1,1505.8,1,3.305,1,34.566,1
5905611,2025-12-08T18:38:20Z,1,-26.5853,158.47018,1,1507.8,1,34.566,1,3.305,1,1507.8,1,3.305,1,34.566,1
5905611,2025-12-08T18:38:20Z,1,-26.5853,158.47018,1,1509.9,1,34.567,1,3.298,1,1509.9,1,3.298,1,34.567,1
5905611,2025-12-08T18:38:20Z,1,-26.5853,158.47018,1,1511.9,1,34.568,1,3.281,1,1511.9,1,3.281,1,34.568,1
5905611,2025-12-08T18:38:20Z,1,-26.5853,158.47018,1,1513.9,1,34.569,1,3.277,1,1513.9,1,3.277,1,34.569,1
5905611,2025-12-08T18:38:20Z,1,-26.5853,158.47018,1,1515.5,1,34.569,1,3.275,1,1515.5,1,3.275,1,34.569,1
5905611,2025-12-08T18:38:20Z,1,-26.5853,158.47018,1,1517.0,1,34.569,1,3.266,1,1517.0,1,3.266,1,34.569,1
5905611,2025-12-08T18:38:20Z,1,-26.5853,158.47018,1,1519.0,1,34.569,1,3.261,1,1519.0,1,3.261,1,34.569,1
5905611,2025-12-08T18:38:20Z,1,-26.5853,158.47018,1,1521.1,1,34.57,1,3.25,1,1521.1,1,3.25,1,34.57,1
5905611,2025-12-08T18:38:20Z,1,-26.5853,158.47018,1,1523.1,1,34.572,1,3.233,1,1523.1,1,3.233,1,34.572,1
5905611,2025-12-08T18:38:20Z,1,-26.5853,158.47018,1,1525.1,1,34.573,1,3.222,1,1525.1,1,3.222,1,34.573,1
5905611,2025-12-08T18:38:20Z,1,-26.5853,158.47018,1,1527.1,1,34.575,1,3.204,1,1527.1,1,3.204,1,34.575,1
5905611,2025-12-08T18:38:20Z,1,-26.5853,158.47018,1,1529.2,1,34.575,1,3.199,1,1529.2,1,3.199,1,34.575,1
5905611,2025-12-08T18:38:20Z,1,-26.5853,158.47018,1,1531.2,1,34.576,1,3.194,1,1531.2,1,3.194,1,34.576,1
5905611,2025-12-08T18:38:20Z,1,-26.5853,158.47018,1,1533.3,1,34.576,1,3.187,1,1533.3,1,3.187,1,34.576,1
5905611,2025-12-08T18:38:20Z,1,-26.5853,158.47018,1,1535.3,1,34.576,1,3.184,1,1535.3,1,3.184,1,34.576,1
5905611,2025-12-08T18:38:20Z,1,-26.5853,158.47018,1,1537.3,1,34.576,1,3.183,1,1537.3,1,3.183,1,34.576,1
5905611,2025-12-08T18:38:20Z,1,-26.5853,158.47018,1,1539.3,1,34.577,1,3.177,1,1539.3,1,3.177,1,34.577,1
5905611,2025-12-08T18:38:20Z,1,-26.5853,158.47018,1,1541.4,1,34.577,1,3.176,1,1541.4,1,3.176,1,34.577,1
5905611,2025-12-08T18:38:20Z,1,-26.5853,158.47018,1,1543.4,1,34.577,1,3.174,1,1543.4,1,3.174,1,34.577,1
5905611,2025-12-08T18:38:20Z,1,-26.5853,158.47018,1,1545.3,1,34.577,1,3.169,1,1545.3,1,3.169,1,34.577,1
5905611,2025-12-08T18:38:20Z,1,-26.5853,158.47018,1,1547.4,1,34.579,1,3.157,1,1547.4,1,3.157,1,34.579,1
5905611,2025-12-08T18:38:20Z,1,-26.5853,158.47018,1,1549.4,1,34.58,1,3.146,1,1549.4,1,3.146,1,34.58,1
5905611,2025-12-08T18:38:20Z,1,-26.5853,158.47018,1,1551.4,1,34.58,1,3.143,1,1551.4,1,3.143,1,34.58,1
5905611,2025-12-08T18:38:20Z,1,-26.5853,158.47018,1,1553.3,1,34.58,1,3.139,1,1553.3,1,3.139,1,34.58,1
5905611,2025-12-08T18:38:20Z,1,-26.5853,158.47018,1,1555.3,1,34.581,1,3.127,1,1555.3,1,3.127,1,34.581,1
5905611,2025-12-08T18:38:20Z,1,-26.5853,158.47018,1,1557.3,1,34.581,1,3.124,1,1557.3,1,3.124,1,34.581,1
5905611,2025-12-08T18:38:20Z,1,-26.5853,158.47018,1,1559.2,1,34.582,1,3.121,1,1559.2,1,3.121,1,34.582,1
5905611,2025-12-08T18:38:20Z,1,-26.5853,158.47018,1,1561.1,1,34.582,1,3.117,1,1561.1,1,3.117,1,34.582,1
5905611,2025-12-08T18:38:20Z,1,-26.5853,158.47018,1,1563.1,1,34.583,1,3.112,1,1563.1,1,3.112,1,34.583,1
5905611,2025-12-08T18:38:20Z,1,-26.5853,158.47018,1,1565.1,1,34.583,1,3.111,1,1565.1,1,3.111,1,34.583,1
5905611,2025-12-08T18:38:20Z,1,-26.5853,158.47018,1,1567.1,1,34.583,1,3.106,1,1567.1,1,3.106,1,34.583,1
5905611,2025-12-08T18:38:20Z,1,-26.5853,158.47018,1,1569.0,1,34.584,1,3.099,1,1569.0,1,3.099,1,34.584,1
5905611,2025-12-08T18:38:20Z,1,-26.5853,158.47018,1,1571.0,1,34.585,1,3.093,1,1571.0,1,3.093,1,34.585,1
5905611,2025-12-08T18:38:20Z,1,-26.5853,158.47018,1,1573.4,1,34.585,1,3.087,1,1573.4,1,3.087,1,34.585,1
5905611,2025-12-08T18:38:20Z,1,-26.5853,158.47018,1,1575.8,1,34.586,1,3.081,1,1575.8,1,3.081,1,34.586,1
5905611,2025-12-08T18:38:20Z,1,-26.5853,158.47018,1,1577.7,1,34.586,1,3.08,1,1577.7,1,3.08,1,34.586,1
5905611,2025-12-08T18:38:20Z,1,-26.5853,158.47018,1,1579.6,1,34.586,1,3.078,1,1579.6,1,3.078,1,34.586,1
5905611,2025-12-08T18:38:20Z,1,-26.5853,158.47018,1,1581.4,1,34.587,1,3.07,1,1581.4,1,3.07,1,34.587,1
5905611,2025-12-08T18:38:20Z,1,-26.5853,158.47018,1,1583.3,1,34.587,1,3.065,1,1583.3,1,3.065,1,34.587,1
5905611,2025-12-08T18:38:20Z,1,-26.5853,158.47018,1,1585.2,1,34.587,1,3.061,1,1585.2,1,3.061,1,34.587,1
5905611,2025-12-08T18:38:20Z,1,-26.5853,158.47018,1,1587.1,1,34.588,1,3.059,1,1587.1,1,3.059,1,34.588,1
5905611,2025-12-08T18:38:20Z,1,-26.5853,158.47018,1,1589.4,1,34.588,1,3.056,1,1589.4,1,3.056,1,34.588,1
5905611,2025-12-08T18:38:20Z,1,-26.5853,158.47018,1,1591.9,1,34.588,1,3.052,1,1591.9,1,3.052,1,34.588,1
5905611,2025-12-08T18:38:20Z,1,-26.5853,158.47018,1,1593.8,1,34.588,1,3.048,1,1593.8,1,3.048,1,34.588,1
5905611,2025-12-08T18:38:20Z,1,-26.5853,158.47018,1,1595.7,1,34.589,1,3.042,1,1595.7,1,3.042,1,34.589,1
5905611,2025-12-08T18:38:20Z,1,-26.5853,158.47018,1,1597.6,1,34.59,1,3.036,1,1597.6,1,3.036,1,34.59,1
5905611,2025-12-08T18:38:20Z,1,-26.5853,158.47018,1,1599.5,1,34.59,1,3.033,1,1599.5,1,3.033,1,34.59,1
5905611,2025-12-08T18:38:20Z,1,-26.5853,158.47018,1,1601.5,1,34.591,1,3.03,1,1601.5,1,3.03,1,34.591,1
5905611,2025-12-08T18:38:20Z,1,-26.5853,158.47018,1,1603.5,1,34.59,1,3.029,1,1603.5,1,3.029,1,34.59,1
5905611,2025-12-08T18:38:20Z,1,-26.5853,158.47018,1,1605.5,1,34.59,1,3.026,1,1605.5,1,3.026,1,34.59,1
5905611,2025-12-08T18:38:20Z,1,-26.5853,158.47018,1,1607.4,1,34.591,1,3.02,1,1607.4,1,3.02,1,34.591,1
5905611,2025-12-08T18:38:20Z,1,-26.5853,158.47018,1,1609.3,1,34.591,1,3.019,1,1609.3,1,3.019,1,34.591,1
5905611,2025-12-08T18:38:20Z,1,-26.5853,158.47018,1,1611.2,1,34.592,1,3.014,1,1611.2,1,3.014,1,34.592,1
5905611,2025-12-08T18:38:20Z,1,-26.5853,158.47018,1,1613.1,1,34.592,1,3.012,1,1613.1,1,3.012,1,34.592,1
5905611,2025-12-08T18:38:20Z,1,-26.5853,158.47018,1,1615.1,1,34.592,1,3.01,1,1615.1,1,3.01,1,34.592,1
5905611,2025-12-08T18:38:20Z,1,-26.5853,158.47018,1,1617.0,1,34.593,1,3.006,1,1617.0,1,3.006,1,34.593,1
5905611,2025-12-08T18:38:20Z,1,-26.5853,158.47018,1,1619.0,1,34.593,1,3.002,1,1619.0,1,3.002,1,34.593,1
5905611,2025-12-08T18:38:20Z,1,-26.5853,158.47018,1,1621.4,1,34.593,1,2.998,1,1621.4,1,2.998,1,34.593,1
5905611,2025-12-08T18:38:20Z,1,-26.5853,158.47018,1,1623.9,1,34.595,1,2.992,1,1623.9,1,2.992,1,34.595,1
5905611,2025-12-08T18:38:20Z,1,-26.5853,158.47018,1,1625.7,1,34.594,1,2.992,1,1625.7,1,2.992,1,34.594,1
5905611,2025-12-08T18:38:20Z,1,-26.5853,158.47018,1,1627.6,1,34.594,1,2.992,1,1627.6,1,2.992,1,34.594,1
5905611,2025-12-08T18:38:20Z,1,-26.5853,158.47018,1,1629.5,1,34.594,1,2.991,1,1629.5,1,2.991,1,34.594,1
5905611,2025-12-08T18:38:20Z,1,-26.5853,158.47018,1,1631.4,1,34.594,1,2.99,1,1631.4,1,2.99,1,34.594,1
5905611,2025-12-08T18:38:20Z,1,-26.5853,158.47018,1,1633.3,1,34.595,1,2.983,1,1633.3,1,2.983,1,34.595,1
5905611,2025-12-08T18:38:20Z,1,-26.5853,158.47018,1,1635.2,1,34.596,1,2.976,1,1635.2,1,2.976,1,34.596,1
5905611,2025-12-08T18:38:20Z,1,-26.5853,158.47018,1,1637.1,1,34.596,1,2.974,1,1637.1,1,2.974,1,34.596,1
5905611,2025-12-08T18:38:20Z,1,-26.5853,158.47018,1,1639.0,1,34.596,1,2.97,1,1639.0,1,2.97,1,34.596,1
5905611,2025-12-08T18:38:20Z,1,-26.5853,158.47018,1,1641.4,1,34.597,1,2.962,1,1641.4,1,2.962,1,34.597,1
5905611,2025-12-08T18:38:20Z,1,-26.5853,158.47018,1,1643.9,1,34.597,1,2.961,1,1643.9,1,2.961,1,34.597,1
5905611,2025-12-08T18:38:20Z,1,-26.5853,158.47018,1,1645.8,1,34.598,1,2.953,1,1645.8,1,2.953,1,34.598,1
5905611,2025-12-08T18:38:20Z,1,-26.5853,158.47018,1,1647.7,1,34.598,1,2.948,1,1647.7,1,2.948,1,34.598,1
5905611,2025-12-08T18:38:20Z,1,-26.5853,158.47018,1,1649.7,1,34.598,1,2.945,1,1649.7,1,2.945,1,34.598,1
5905611,2025-12-08T18:38:20Z,1,-26.5853,158.47018,1,1651.6,1,34.598,1,2.942,1,1651.6,1,2.942,1,34.598,1
5905611,2025-12-08T18:38:20Z,1,-26.5853,158.47018,1,1653.6,1,34.6,1,2.931,1,1653.6,1,2.931,1,34.6,1
5905611,2025-12-08T18:38:20Z,1,-26.5853,158.47018,1,1655.5,1,34.6,1,2.926,1,1655.5,1,2.926,1,34.6,1
5905611,2025-12-08T18:38:20Z,1,-26.5853,158.47018,1,1657.4,1,34.6,1,2.925,1,1657.4,1,2.925,1,34.6,1
5905611,2025-12-08T18:38:20Z,1,-26.5853,158.47018,1,1659.3,1,34.6,1,2.924,1,1659.3,1,2.924,1,34.6,1
5905611,2025-12-08T18:38:20Z,1,-26.5853,158.47018,1,1661.2,1,34.6,1,2.924,1,1661.2,1,2.924,1,34.6,1
5905611,2025-12-08T18:38:20Z,1,-26.5853,158.47018,1,1663.6,1,34.601,1,2.922,1,1663.6,1,2.922,1,34.601,1
5905611,2025-12-08T18:38:20Z,1,-26.5853,158.47018,1,1665.5,1,34.601,1,2.915,1,1665.5,1,2.915,1,34.601,1
5905611,2025-12-08T18:38:20Z,1,-26.5853,158.47018,1,1667.5,1,34.602,1,2.906,1,1667.5,1,2.906,1,34.602,1
5905611,2025-12-08T18:38:20Z,1,-26.5853,158.47018,1,1669.5,1,34.602,1,2.899,1,1669.5,1,2.899,1,34.602,1
5905611,2025-12-08T18:38:20Z,1,-26.5853,158.47018,1,1671.5,1,34.603,1,2.893,1,1671.5,1,2.893,1,34.603,1
5905611,2025-12-08T18:38:20Z,1,-26.5853,158.47018,1,1673.6,1,34.603,1,2.888,1,1673.6,1,2.888,1,34.603,1
5905611,2025-12-08T18:38:20Z,1,-26.5853,158.47018,1,1675.2,1,34.604,1,2.881,1,1675.2,1,2.881,1,34.604,1
5905611,2025-12-08T18:38:20Z,1,-26.5853,158.47018,1,1677.3,1,34.605,1,2.876,1,1677.3,1,2.876,1,34.605,1
5905611,2025-12-08T18:38:20Z,1,-26.5853,158.47018,1,1679.4,1,34.605,1,2.875,1,1679.4,1,2.875,1,34.605,1
5905611,2025-12-08T18:38:20Z,1,-26.5853,158.47018,1,1681.5,1,34.605,1,2.87,1,1681.5,1,2.87,1,34.605,1
5905611,2025-12-08T18:38:20Z,1,-26.5853,158.47018,1,1683.7,1,34.606,1,2.865,1,1683.7,1,2.865,1,34.606,1
5905611,2025-12-08T18:38:20Z,1,-26.5853,158.47018,1,1685.4,1,34.606,1,2.86,1,1685.4,1,2.86,1,34.606,1
5905611,2025-12-08T18:38:20Z,1,-26.5853,158.47018,1,1687.5,1,34.606,1,2.856,1,1687.5,1,2.856,1,34.606,1
5905611,2025-12-08T18:38:20Z,1,-26.5853,158.47018,1,1689.7,1,34.607,1,2.848,1,1689.7,1,2.848,1,34.607,1
5905611,2025-12-08T18:38:20Z,1,-26.5853,158.47018,1,1691.4,1,34.608,1,2.841,1,1691.4,1,2.841,1,34.608,1
5905611,2025-12-08T18:38:20Z,1,-26.5853,158.47018,1,1693.2,1,34.609,1,2.835,1,1693.2,1,2.835,1,34.609,1
5905611,2025-12-08T18:38:20Z,1,-26.5853,158.47018,1,1695.5,1,34.609,1,2.83,1,1695.5,1,2.83,1,34.609,1
5905611,2025-12-08T18:38:20Z,1,-26.5853,158.47018,1,1697.7,1,34.61,1,2.821,1,1697.7,1,2.821,1,34.61,1
5905611,2025-12-08T18:38:20Z,1,-26.5853,158.47018,1,1699.5,1,34.611,1,2.817,1,1699.5,1,2.817,1,34.611,1
5905611,2025-12-08T18:38:20Z,1,-26.5853,158.47018,1,1701.3,1,34.611,1,2.812,1,1701.3,1,2.812,1,34.611,1
5905611,2025-12-08T18:38:20Z,1,-26.5853,158.47018,1,1703.1,1,34.611,1,2.808,1,1703.1,1,2.808,1,34.611,1
5905611,2025-12-08T18:38:20Z,1,-26.5853,158.47018,1,1705.4,1,34.612,1,2.803,1,1705.4,1,2.803,1,34.612,1
5905611,2025-12-08T18:38:20Z,1,-26.5853,158.47018,1,1707.8,1,34.612,1,2.801,1,1707.8,1,2.801,1,34.612,1
5905611,2025-12-08T18:38:20Z,1,-26.5853,158.47018,1,1709.6,1,34.612,1,2.799,1,1709.6,1,2.799,1,34.612,1
5905611,2025-12-08T18:38:20Z,1,-26.5853,158.47018,1,1711.5,1,34.612,1,2.798,1,1711.5,1,2.798,1,34.612,1
5905611,2025-12-08T18:38:20Z,1,-26.5853,158.47018,1,1713.3,1,34.612,1,2.797,1,1713.3,1,2.797,1,34.612,1
5905611,2025-12-08T18:38:20Z,1,-26.5853,158.47018,1,1715.2,1,34.613,1,2.794,1,1715.2,1,2.794,1,34.613,1
5905611,2025-12-08T18:38:20Z,1,-26.5853,158.47018,1,1717.1,1,34.613,1,2.792,1,1717.1,1,2.792,1,34.613,1
5905611,2025-12-08T18:38:20Z,1,-26.5853,158.47018,1,1719.4,1,34.613,1,2.787,1,1719.4,1,2.787,1,34.613,1
5905611,2025-12-08T18:38:20Z,1,-26.5853,158.47018,1,1721.7,1,34.614,1,2.78,1,1721.7,1,2.78,1,34.614,1
5905611,2025-12-08T18:38:20Z,1,-26.5853,158.47018,1,1723.6,1,34.615,1,2.769,1,1723.6,1,2.769,1,34.615,1
5905611,2025-12-08T18:38:20Z,1,-26.5853,158.47018,1,1725.5,1,34.615,1,2.768,1,1725.5,1,2.768,1,34.615,1
5905611,2025-12-08T18:38:20Z,1,-26.5853,158.47018,1,1727.4,1,34.615,1,2.766,1,1727.4,1,2.766,1,34.615,1
5905611,2025-12-08T18:38:20Z,1,-26.5853,158.47018,1,1729.3,1,34.616,1,2.761,1,1729.3,1,2.761,1,34.616,1
5905611,2025-12-08T18:38:20Z,1,-26.5853,158.47018,1,1731.2,1,34.616,1,2.759,1,1731.2,1,2.759,1,34.616,1
5905611,2025-12-08T18:38:20Z,1,-26.5853,158.47018,1,1733.1,1,34.616,1,2.757,1,1733.1,1,2.757,1,34.616,1
5905611,2025-12-08T18:38:20Z,1,-26.5853,158.47018,1,1735.1,1,34.616,1,2.754,1,1735.1,1,2.754,1,34.616,1
5905611,2025-12-08T18:38:20Z,1,-26.5853,158.47018,1,1737.0,1,34.617,1,2.747,1,1737.0,1,2.747,1,34.617,1
5905611,2025-12-08T18:38:20Z,1,-26.5853,158.47018,1,1739.4,1,34.617,1,2.743,1,1739.4,1,2.743,1,34.617,1
5905611,2025-12-08T18:38:20Z,1,-26.5853,158.47018,1,1741.8,1,34.618,1,2.741,1,1741.8,1,2.741,1,34.618,1
5905611,2025-12-08T18:38:20Z,1,-26.5853,158.47018,1,1743.8,1,34.618,1,2.737,1,1743.8,1,2.737,1,34.618,1
5905611,2025-12-08T18:38:20Z,1,-26.5853,158.47018,1,1745.7,1,34.618,1,2.735,1,1745.7,1,2.735,1,34.618,1
5905611,2025-12-08T18:38:20Z,1,-26.5853,158.47018,1,1747.6,1,34.618,1,2.732,1,1747.6,1,2.732,1,34.618,1
5905611,2025-12-08T18:38:20Z,1,-26.5853,158.47018,1,1749.5,1,34.619,1,2.723,1,1749.5,1,2.723,1,34.619,1
5905611,2025-12-08T18:38:20Z,1,-26.5853,158.47018,1,1751.5,1,34.62,1,2.716,1,1751.5,1,2.716,1,34.62,1
5905611,2025-12-08T18:38:20Z,1,-26.5853,158.47018,1,1753.4,1,34.62,1,2.714,1,1753.4,1,2.714,1,34.62,1
5905611,2025-12-08T18:38:20Z,1,-26.5853,158.47018,1,1755.3,1,34.62,1,2.713,1,1755.3,1,2.713,1,34.62,1
5905611,2025-12-08T18:38:20Z,1,-26.5853,158.47018,1,1757.3,1,34.62,1,2.712,1,1757.3,1,2.712,1,34.62,1
5905611,2025-12-08T18:38:20Z,1,-26.5853,158.47018,1,1759.2,1,34.621,1,2.71,1,1759.2,1,2.71,1,34.621,1
5905611,2025-12-08T18:38:20Z,1,-26.5853,158.47018,1,1761.2,1,34.621,1,2.702,1,1761.2,1,2.702,1,34.621,1
5905611,2025-12-08T18:38:20Z,1,-26.5853,158.47018,1,1763.1,1,34.622,1,2.695,1,1763.1,1,2.695,1,34.622,1
5905611,2025-12-08T18:38:20Z,1,-26.5853,158.47018,1,1765.1,1,34.622,1,2.693,1,1765.1,1,2.693,1,34.622,1
5905611,2025-12-08T18:38:20Z,1,-26.5853,158.47018,1,1767.0,1,34.623,1,2.693,1,1767.0,1,2.693,1,34.623,1
5905611,2025-12-08T18:38:20Z,1,-26.5853,158.47018,1,1769.4,1,34.622,1,2.692,1,1769.4,1,2.692,1,34.622,1
5905611,2025-12-08T18:38:20Z,1,-26.5853,158.47018,1,1771.9,1,34.622,1,2.691,1,1771.9,1,2.691,1,34.622,1
5905611,2025-12-08T18:38:20Z,1,-26.5853,158.47018,1,1773.8,1,34.623,1,2.687,1,1773.8,1,2.687,1,34.623,1
5905611,2025-12-08T18:38:20Z,1,-26.5853,158.47018,1,1775.7,1,34.623,1,2.682,1,1775.7,1,2.682,1,34.623,1
5905611,2025-12-08T18:38:20Z,1,-26.5853,158.47018,1,1777.7,1,34.624,1,2.68,1,1777.7,1,2.68,1,34.624,1
5905611,2025-12-08T18:38:20Z,1,-26.5853,158.47018,1,1779.5,1,34.624,1,2.679,1,1779.5,1,2.679,1,34.624,1
5905611,2025-12-08T18:38:20Z,1,-26.5853,158.47018,1,1781.4,1,34.624,1,2.677,1,1781.4,1,2.677,1,34.624,1
5905611,2025-12-08T18:38:20Z,1,-26.5853,158.47018,1,1783.4,1,34.624,1,2.674,1,1783.4,1,2.674,1,34.624,1
5905611,2025-12-08T18:38:20Z,1,-26.5853,158.47018,1,1785.3,1,34.625,1,2.668,1,1785.3,1,2.668,1,34.625,1
5905611,2025-12-08T18:38:20Z,1,-26.5853,158.47018,1,1787.3,1,34.625,1,2.663,1,1787.3,1,2.663,1,34.625,1
5905611,2025-12-08T18:38:20Z,1,-26.5853,158.47018,1,1789.2,1,34.626,1,2.661,1,1789.2,1,2.661,1,34.626,1
5905611,2025-12-08T18:38:20Z,1,-26.5853,158.47018,1,1791.1,1,34.626,1,2.657,1,1791.1,1,2.657,1,34.626,1
5905611,2025-12-08T18:38:20Z,1,-26.5853,158.47018,1,1793.0,1,34.626,1,2.651,1,1793.0,1,2.651,1,34.626,1
5905611,2025-12-08T18:38:20Z,1,-26.5853,158.47018,1,1795.4,1,34.627,1,2.646,1,1795.4,1,2.646,1,34.627,1
5905611,2025-12-08T18:38:20Z,1,-26.5853,158.47018,1,1797.9,1,34.628,1,2.643,1,1797.9,1,2.643,1,34.628,1
5905611,2025-12-08T18:38:20Z,1,-26.5853,158.47018,1,1799.8,1,34.628,1,2.642,1,1799.8,1,2.642,1,34.628,1
5905611,2025-12-08T18:38:20Z,1,-26.5853,158.47018,1,1801.7,1,34.628,1,2.641,1,1801.7,1,2.641,1,34.628,1
5905611,2025-12-08T18:38:20Z,1,-26.5853,158.47018,1,1803.6,1,34.628,1,2.637,1,1803.6,1,2.637,1,34.628,1
5905611,2025-12-08T18:38:20Z,1,-26.5853,158.47018,1,1805.6,1,34.629,1,2.632,1,1805.6,1,2.632,1,34.629,1
5905611,2025-12-08T18:38:20Z,1,-26.5853,158.47018,1,1807.5,1,34.629,1,2.63,1,1807.5,1,2.63,1,34.629,1
5905611,2025-12-08T18:38:20Z,1,-26.5853,158.47018,1,1809.5,1,34.629,1,2.628,1,1809.5,1,2.628,1,34.629,1
5905611,2025-12-08T18:38:20Z,1,-26.5853,158.47018,1,1811.4,1,34.63,1,2.625,1,1811.4,1,2.625,1,34.63,1
5905611,2025-12-08T18:38:20Z,1,-26.5853,158.47018,1,1813.3,1,34.631,1,2.62,1,1813.3,1,2.62,1,34.631,1
5905611,2025-12-08T18:38:20Z,1,-26.5853,158.47018,1,1815.2,1,34.63,1,2.619,1,1815.2,1,2.619,1,34.63,1
5905611,2025-12-08T18:38:20Z,1,-26.5853,158.47018,1,1817.1,1,34.631,1,2.613,1,1817.1,1,2.613,1,34.631,1
5905611,2025-12-08T18:38:20Z,1,-26.5853,158.47018,1,1819.1,1,34.632,1,2.608,1,1819.1,1,2.608,1,34.632,1
5905611,2025-12-08T18:38:20Z,1,-26.5853,158.47018,1,1821.0,1,34.632,1,2.605,1,1821.0,1,2.605,1,34.632,1
5905611,2025-12-08T18:38:20Z,1,-26.5853,158.47018,1,1823.4,1,34.632,1,2.602,1,1823.4,1,2.602,1,34.632,1
5905611,2025-12-08T18:38:20Z,1,-26.5853,158.47018,1,1825.8,1,34.632,1,2.6,1,1825.8,1,2.6,1,34.632,1
5905611,2025-12-08T18:38:20Z,1,-26.5853,158.47018,1,1827.8,1,34.633,1,2.597,1,1827.8,1,2.597,1,34.633,1
5905611,2025-12-08T18:38:20Z,1,-26.5853,158.47018,1,1829.8,1,34.633,1,2.594,1,1829.8,1,2.594,1,34.633,1
5905611,2025-12-08T18:38:20Z,1,-26.5853,158.47018,1,1831.7,1,34.633,1,2.591,1,1831.7,1,2.591,1,34.633,1
5905611,2025-12-08T18:38:20Z,1,-26.5853,158.47018,1,1833.6,1,34.634,1,2.589,1,1833.6,1,2.589,1,34.634,1
5905611,2025-12-08T18:38:20Z,1,-26.5853,158.47018,1,1835.6,1,34.634,1,2.588,1,1835.6,1,2.588,1,34.634,1
5905611,2025-12-08T18:38:20Z,1,-26.5853,158.47018,1,1837.6,1,34.635,1,2.583,1,1837.6,1,2.583,1,34.635,1
5905611,2025-12-08T18:38:20Z,1,-26.5853,158.47018,1,1839.5,1,34.634,1,2.581,1,1839.5,1,2.581,1,34.634,1
5905611,2025-12-08T18:38:20Z,1,-26.5853,158.47018,1,1841.4,1,34.635,1,2.581,1,1841.4,1,2.581,1,34.635,1
5905611,2025-12-08T18:38:20Z,1,-26.5853,158.47018,1,1843.4,1,34.635,1,2.578,1,1843.4,1,2.578,1,34.635,1
5905611,2025-12-08T18:38:20Z,1,-26.5853,158.47018,1,1845.2,1,34.635,1,2.576,1,1845.2,1,2.576,1,34.635,1
5905611,2025-12-08T18:38:20Z,1,-26.5853,158.47018,1,1847.1,1,34.636,1,2.574,1,1847.1,1,2.574,1,34.636,1
5905611,2025-12-08T18:38:20Z,1,-26.5853,158.47018,1,1849.1,1,34.636,1,2.571,1,1849.1,1,2.571,1,34.636,1
5905611,2025-12-08T18:38:20Z,1,-26.5853,158.47018,1,1851.4,1,34.636,1,2.57,1,1851.4,1,2.57,1,34.636,1
5905611,2025-12-08T18:38:20Z,1,-26.5853,158.47018,1,1853.8,1,34.636,1,2.567,1,1853.8,1,2.567,1,34.636,1
5905611,2025-12-08T18:38:20Z,1,-26.5853,158.47018,1,1855.6,1,34.637,1,2.562,1,1855.6,1,2.562,1,34.637,1
5905611,2025-12-08T18:38:20Z,1,-26.5853,158.47018,1,1857.5,1,34.637,1,2.559,1,1857.5,1,2.559,1,34.637,1
5905611,2025-12-08T18:38:20Z,1,-26.5853,158.47018,1,1859.4,1,34.638,1,2.553,1,1859.4,1,2.553,1,34.638,1
5905611,2025-12-08T18:38:20Z,1,-26.5853,158.47018,1,1861.2,1,34.638,1,2.551,1,1861.2,1,2.551,1,34.638,1
5905611,2025-12-08T18:38:20Z,1,-26.5853,158.47018,1,1863.1,1,34.638,1,2.548,1,1863.1,1,2.548,1,34.638,1
5905611,2025-12-08T18:38:20Z,1,-26.5853,158.47018,1,1865.4,1,34.639,1,2.541,1,1865.4,1,2.541,1,34.639,1
5905611,2025-12-08T18:38:20Z,1,-26.5853,158.47018,1,1867.8,1,34.64,1,2.537,1,1867.8,1,2.537,1,34.64,1
5905611,2025-12-08T18:38:20Z,1,-26.5853,158.47018,1,1869.6,1,34.64,1,2.536,1,1869.6,1,2.536,1,34.64,1
5905611,2025-12-08T18:38:20Z,1,-26.5853,158.47018,1,1871.5,1,34.64,1,2.534,1,1871.5,1,2.534,1,34.64,1
5905611,2025-12-08T18:38:20Z,1,-26.5853,158.47018,1,1873.4,1,34.64,1,2.531,1,1873.4,1,2.531,1,34.64,1
5905611,2025-12-08T18:38:20Z,1,-26.5853,158.47018,1,1875.2,1,34.641,1,2.53,1,1875.2,1,2.53,1,34.641,1
5905611,2025-12-08T18:38:20Z,1,-26.5853,158.47018,1,1877.0,1,34.64,1,2.528,1,1877.0,1,2.528,1,34.64,1
5905611,2025-12-08T18:38:20Z,1,-26.5853,158.47018,1,1878.9,1,34.642,1,2.521,1,1878.9,1,2.521,1,34.642,1
5905611,2025-12-08T18:38:20Z,1,-26.5853,158.47018,1,1881.4,1,34.642,1,2.519,1,1881.4,1,2.519,1,34.642,1
5905611,2025-12-08T18:38:20Z,1,-26.5853,158.47018,1,1883.7,1,34.642,1,2.515,1,1883.7,1,2.515,1,34.642,1
5905611,2025-12-08T18:38:20Z,1,-26.5853,158.47018,1,1885.6,1,34.643,1,2.512,1,1885.6,1,2.512,1,34.643,1
5905611,2025-12-08T18:38:20Z,1,-26.5853,158.47018,1,1887.4,1,34.643,1,2.508,1,1887.4,1,2.508,1,34.643,1
5905611,2025-12-08T18:38:20Z,1,-26.5853,158.47018,1,1889.3,1,34.644,1,2.507,1,1889.3,1,2.507,1,34.644,1
5905611,2025-12-08T18:38:20Z,1,-26.5853,158.47018,1,1891.1,1,34.644,1,2.505,1,1891.1,1,2.505,1,34.644,1
5905611,2025-12-08T18:38:20Z,1,-26.5853,158.47018,1,1893.5,1,34.644,1,2.502,1,1893.5,1,2.502,1,34.644,1
5905611,2025-12-08T18:38:20Z,1,-26.5853,158.47018,1,1895.8,1,34.645,1,2.496,1,1895.8,1,2.496,1,34.645,1
5905611,2025-12-08T18:38:20Z,1,-26.5853,158.47018,1,1897.7,1,34.645,1,2.494,1,1897.7,1,2.494,1,34.645,1
5905611,2025-12-08T18:38:20Z,1,-26.5853,158.47018,1,1899.6,1,34.646,1,2.492,1,1899.6,1,2.492,1,34.646,1
5905611,2025-12-08T18:38:20Z,1,-26.5853,158.47018,1,1901.5,1,34.645,1,2.491,1,1901.5,1,2.491,1,34.645,1
5905611,2025-12-08T18:38:20Z,1,-26.5853,158.47018,1,1903.4,1,34.646,1,2.488,1,1903.4,1,2.488,1,34.646,1
5905611,2025-12-08T18:38:20Z,1,-26.5853,158.47018,1,1905.3,1,34.646,1,2.486,1,1905.3,1,2.486,1,34.646,1
5905611,2025-12-08T18:38:20Z,1,-26.5853,158.47018,1,1907.2,1,34.646,1,2.483,1,1907.2,1,2.483,1,34.646,1
5905611,2025-12-08T18:38:20Z,1,-26.5853,158.47018,1,1909.1,1,34.647,1,2.48,1,1909.1,1,2.48,1,34.647,1
5905611,2025-12-08T18:38:20Z,1,-26.5853,158.47018,1,1911.0,1,34.647,1,2.478,1,1911.0,1,2.478,1,34.647,1
5905611,2025-12-08T18:38:20Z,1,-26.5853,158.47018,1,1913.4,1,34.647,1,2.476,1,1913.4,1,2.476,1,34.647,1
5905611,2025-12-08T18:38:20Z,1,-26.5853,158.47018,1,1915.8,1,34.648,1,2.471,1,1915.8,1,2.471,1,34.648,1
5905611,2025-12-08T18:38:20Z,1,-26.5853,158.47018,1,1917.7,1,34.648,1,2.469,1,1917.7,1,2.469,1,34.648,1
5905611,2025-12-08T18:38:20Z,1,-26.5853,158.47018,1,1919.7,1,34.649,1,2.464,1,1919.7,1,2.464,1,34.649,1
5905611,2025-12-08T18:38:20Z,1,-26.5853,158.47018,1,1921.5,1,34.65,1,2.46,1,1921.5,1,2.46,1,34.65,1
5905611,2025-12-08T18:38:20Z,1,-26.5853,158.47018,1,1923.5,1,34.649,1,2.459,1,1923.5,1,2.459,1,34.649,1
5905611,2025-12-08T18:38:20Z,1,-26.5853,158.47018,1,1925.4,1,34.649,1,2.456,1,1925.4,1,2.456,1,34.649,1
5905611,2025-12-08T18:38:20Z,1,-26.5853,158.47018,1,1927.3,1,34.651,1,2.45,1,1927.3,1,2.45,1,34.651,1
5905611,2025-12-08T18:38:20Z,1,-26.5853,158.47018,1,1929.3,1,34.651,1,2.444,1,1929.3,1,2.444,1,34.651,1
5905611,2025-12-08T18:38:20Z,1,-26.5853,158.47018,1,1931.2,1,34.652,1,2.441,1,1931.2,1,2.441,1,34.652,1
5905611,2025-12-08T18:38:20Z,1,-26.5853,158.47018,1,1933.2,1,34.652,1,2.44,1,1933.2,1,2.44,1,34.652,1
5905611,2025-12-08T18:38:20Z,1,-26.5853,158.47018,1,1935.2,1,34.652,1,2.438,1,1935.2,1,2.438,1,34.652,1
5905611,2025-12-08T18:38:20Z,1,-26.5853,158.47018,1,1937.1,1,34.652,1,2.436,1,1937.1,1,2.436,1,34.652,1
5905611,2025-12-08T18:38:20Z,1,-26.5853,158.47018,1,1939.1,1,34.653,1,2.434,1,1939.1,1,2.434,1,34.653,1
5905611,2025-12-08T18:38:20Z,1,-26.5853,158.47018,1,1941.0,1,34.653,1,2.434,1,1941.0,1,2.434,1,34.653,1
5905611,2025-12-08T18:38:20Z,1,-26.5853,158.47018,1,1943.0,1,34.653,1,2.432,1,1943.0,1,2.432,1,34.653,1
5905611,2025-12-08T18:38:20Z,1,-26.5853,158.47018,1,1945.0,1,34.654,1,2.43,1,1945.0,1,2.43,1,34.654,1
5905611,2025-12-08T18:38:20Z,1,-26.5853,158.47018,1,1947.1,1,34.653,1,2.429,1,1947.1,1,2.429,1,34.653,1
5905611,2025-12-08T18:38:20Z,1,-26.5853,158.47018,1,1949.0,1,34.653,1,2.426,1,1949.0,1,2.426,1,34.653,1
5905611,2025-12-08T18:38:20Z,1,-26.5853,158.47018,1,1951.4,1,34.654,1,2.424,1,1951.4,1,2.424,1,34.654,1
5905611,2025-12-08T18:38:20Z,1,-26.5853,158.47018,1,1953.4,1,34.654,1,2.423,1,1953.4,1,2.423,1,34.654,1
5905611,2025-12-08T18:38:20Z,1,-26.5853,158.47018,1,1955.4,1,34.654,1,2.422,1,1955.4,1,2.422,1,34.654,1
5905611,2025-12-08T18:38:20Z,1,-26.5853,158.47018,1,1957.4,1,34.655,1,2.421,1,1957.4,1,2.421,1,34.655,1
5905611,2025-12-08T18:38:20Z,1,-26.5853,158.47018,1,1959.4,1,34.654,1,2.42,1,1959.4,1,2.42,1,34.654,1
5905611,2025-12-08T18:38:20Z,1,-26.5853,158.47018,1,1961.4,1,34.655,1,2.418,1,1961.4,1,2.418,1,34.655,1
5905611,2025-12-08T18:38:20Z,1,-26.5853,158.47018,1,1963.4,1,34.655,1,2.417,1,1963.4,1,2.417,1,34.655,1
5905611,2025-12-08T18:38:20Z,1,-26.5853,158.47018,1,1965.4,1,34.655,1,2.416,1,1965.4,1,2.416,1,34.655,1
5905611,2025-12-08T18:38:20Z,1,-26.5853,158.47018,1,1967.4,1,34.655,1,2.415,1,1967.4,1,2.415,1,34.655,1
5905611,2025-12-08T18:38:20Z,1,-26.5853,158.47018,1,1969.5,1,34.655,1,2.414,1,1969.5,1,2.414,1,34.655,1
5905611,2025-12-08T18:38:20Z,1,-26.5853,158.47018,1,1971.5,1,34.655,1,2.413,1,1971.5,1,2.413,1,34.655,1
5905611,2025-12-08T18:38:20Z,1,-26.5853,158.47018,1,1973.6,1,34.656,1,2.412,1,1973.6,1,2.412,1,34.656,1
5905611,2025-12-08T18:38:20Z,1,-26.5853,158.47018,1,1975.2,1,34.656,1,2.408,1,1975.2,1,2.408,1,34.656,1
5905611,2025-12-08T18:38:20Z,1,-26.5853,158.47018,1,1977.3,1,34.656,1,2.408,1,1977.3,1,2.408,1,34.656,1
5905611,2025-12-08T18:38:20Z,1,-26.5853,158.47018,1,1979.5,1,34.656,1,2.407,1,1979.5,1,2.407,1,34.656,1
5905611,2025-12-08T18:38:20Z,1,-26.5853,158.47018,1,1981.5,1,34.656,1,2.404,1,1981.5,1,2.404,1,34.656,1
5905611,2025-12-08T18:38:20Z,1,-26.5853,158.47018,1,1983.6,1,34.656,1,2.404,1,1983.6,1,2.404,1,34.656,1
5905611,2025-12-08T18:38:20Z,1,-26.5853,158.47018,1,1985.3,1,34.657,1,2.402,1,1985.3,1,2.402,1,34.657,1
5905611,2025-12-08T18:38:20Z,1,-26.5853,158.47018,1,1987.4,1,34.657,1,2.399,1,1987.4,1,2.399,1,34.657,1
5905611,2025-12-08T18:38:20Z,1,-26.5853,158.47018,1,1989.5,1,34.658,1,2.398,1,1989.5,1,2.398,1,34.658,1
5905611,2025-12-08T18:38:20Z,1,-26.5853,158.47018,1,1991.3,1,34.658,1,2.397,1,1991.3,1,2.397,1,34.658,1
5905611,2025-12-08T18:38:20Z,1,-26.5853,158.47018,1,1993.4,1,34.658,1,2.394,1,1993.4,1,2.394,1,34.658,1
5905611,2025-12-08T18:38:20Z,1,-26.5853,158.47018,1,1995.6,1,34.659,1,2.39,1,1995.6,1,2.39,1,34.659,1
5905611,2025-12-08T18:38:20Z,1,-26.5853,158.47018,1,1997.3,1,34.659,1,2.388,1,1997.3,1,2.388,1,34.659,1
5905611,2025-12-08T18:38:20Z,1,-26.5853,158.47018,1,1999.4,1,34.659,1,2.387,1,1999.4,1,2.387,1,34.659,1
5905611,2025-12-08T18:38:20Z,1,-26.5853,158.47018,1,2001.6,1,34.659,1,2.386,1,2001.6,1,2.386,1,34.659,1
5905611,2025-12-08T18:38:20Z,1,-26.5853,158.47018,1,2003.5,1,34.659,1,2.385,1,2003.5,1,2.385,1,34.659,1
5905611,2025-12-08T18:38:20Z,1,-26.5853,158.47018,1,2005.3,1,34.66,1,2.384,1,2005.3,1,2.384,1,34.66,1
5905611,2025-12-08T18:38:20Z,1,-26.5853,158.47018,1,2006.5,1,34.659,1,2.385,1,2006.5,1,2.385,1,34.659,1
5905611,2025-12-18T13:43:20Z,1,-26.76789,158.57778,1,0.3,1,35.631,1,25.757,1,0.3,1,25.757,1,35.631,1
5905611,2025-12-18T13:43:20Z,1,-26.76789,158.57778,1,1.6,1,35.632,1,25.758,1,1.6,1,25.758,1,35.632,1
5905611,2025-12-18T13:43:20Z,1,-26.76789,158.57778,1,3.3,1,35.632,1,25.759,1,3.3,1,25.759,1,35.632,1
5905611,2025-12-18T13:43:20Z,1,-26.76789,158.57778,1,4.9,1,35.633,1,25.76,1,4.9,1,25.76,1,35.633,1
5905611,2025-12-18T13:43:20Z,1,-26.76789,158.57778,1,5.9,1,35.632,1,25.764,1,5.9,1,25.764,1,35.632,1
5905611,2025-12-18T13:43:20Z,1,-26.76789,158.57778,1,7.3,1,35.632,1,25.771,1,7.3,1,25.771,1,35.632,1
5905611,2025-12-18T13:43:20Z,1,-26.76789,158.57778,1,9.6,1,35.633,1,25.771,1,9.6,1,25.771,1,35.633,1
5905611,2025-12-18T13:43:20Z,1,-26.76789,158.57778,1,11.4,1,35.632,1,25.773,1,11.4,1,25.773,1,35.632,1
5905611,2025-12-18T13:43:20Z,1,-26.76789,158.57778,1,13.3,1,35.632,1,25.775,1,13.3,1,25.775,1,35.632,1
5905611,2025-12-18T13:43:20Z,1,-26.76789,158.57778,1,15.4,1,35.634,1,25.772,1,15.4,1,25.772,1,35.634,1
5905611,2025-12-18T13:43:20Z,1,-26.76789,158.57778,1,17.3,1,35.635,1,25.755,1,17.3,1,25.755,1,35.635,1
5905611,2025-12-18T13:43:20Z,1,-26.76789,158.57778,1,19.4,1,35.637,1,25.718,1,19.4,1,25.718,1,35.637,1
5905611,2025-12-18T13:43:20Z,1,-26.76789,158.57778,1,21.5,1,35.668,1,25.494,1,21.5,1,25.494,1,35.668,1
5905611,2025-12-18T13:43:20Z,1,-26.76789,158.57778,1,23.5,1,35.688,1,25.33,1,23.5,1,25.33,1,35.688,1
5905611,2025-12-18T13:43:20Z,1,-26.76789,158.57778,1,25.5,1,35.709,1,25.194,1,25.5,1,25.194,1,35.709,1
5905611,2025-12-18T13:43:20Z,1,-26.76789,158.57778,1,27.5,1,35.748,1,24.823,1,27.5,1,24.823,1,35.748,1
5905611,2025-12-18T13:43:20Z,1,-26.76789,158.57778,1,29.2,1,35.746,1,24.651,1,29.2,1,24.651,1,35.746,1
5905611,2025-12-18T13:43:20Z,1,-26.76789,158.57778,1,31.3,1,35.741,1,24.588,1,31.3,1,24.588,1,35.741,1
5905611,2025-12-18T13:43:20Z,1,-26.76789,158.57778,1,33.3,1,35.737,1,24.503,1,33.3,1,24.503,1,35.737,1
5905611,2025-12-18T13:43:20Z,1,-26.76789,158.57778,1,35.3,1,35.732,1,24.393,1,35.3,1,24.393,1,35.732,1
5905611,2025-12-18T13:43:20Z,1,-26.76789,158.57778,1,37.3,1,35.724,1,24.282,1,37.3,1,24.282,1,35.724,1
5905611,2025-12-18T13:43:20Z,1,-26.76789,158.57778,1,39.5,1,35.721,1,23.84,1,39.5,1,23.84,1,35.721,1
5905611,2025-12-18T13:43:20Z,1,-26.76789,158.57778,1,41.7,1,35.709,1,23.697,1,41.7,1,23.697,1,35.709,1
5905611,2025-12-18T13:43:20Z,1,-26.76789,158.57778,1,43.6,1,35.707,1,23.609,1,43.6,1,23.609,1,35.707,1
5905611,2025-12-18T13:43:20Z,1,-26.76789,158.57778,1,45.4,1,35.702,1,23.53,1,45.4,1,23.53,1,35.702,1
5905611,2025-12-18T13:43:20Z,1,-26.76789,158.57778,1,47.2,1,35.697,1,23.426,1,47.2,1,23.426,1,35.697,1
5905611,2025-12-18T13:43:20Z,1,-26.76789,158.57778,1,49.1,1,35.708,1,23.292,1,49.1,1,23.292,1,35.708,1
5905611,2025-12-18T13:43:20Z,1,-26.76789,158.57778,1,51.4,1,35.71,1,22.931,1,51.4,1,22.931,1,35.71,1
5905611,2025-12-18T13:43:20Z,1,-26.76789,158.57778,1,53.8,1,35.701,1,22.512,1,53.8,1,22.512,1,35.701,1
5905611,2025-12-18T13:43:20Z,1,-26.76789,158.57778,1,55.8,1,35.701,1,22.383,1,55.8,1,22.383,1,35.701,1
5905611,2025-12-18T13:43:20Z,1,-26.76789,158.57778,1,57.9,1,35.7,1,22.292,1,57.9,1,22.292,1,35.7,1
5905611,2025-12-18T13:43:20Z,1,-26.76789,158.57778,1,59.9,1,35.701,1,22.241,1,59.9,1,22.241,1,35.701,1
5905611,2025-12-18T13:43:20Z,1,-26.76789,158.57778,1,61.4,1,35.701,1,22.13,1,61.4,1,22.13,1,35.701,1
5905611,2025-12-18T13:43:20Z,1,-26.76789,158.57778,1,63.0,1,35.703,1,21.99,1,63.0,1,21.99,1,35.703,1
5905611,2025-12-18T13:43:20Z,1,-26.76789,158.57778,1,65.1,1,35.704,1,21.919,1,65.1,1,21.919,1,35.704,1
5905611,2025-12-18T13:43:20Z,1,-26.76789,158.57778,1,67.1,1,35.709,1,21.784,1,67.1,1,21.784,1,35.709,1
5905611,2025-12-18T13:43:20Z,1,-26.76789,158.57778,1,69.5,1,35.702,1,21.728,1,69.5,1,21.728,1,35.702,1
5905611,2025-12-18T13:43:20Z,1,-26.76789,158.57778,1,71.4,1,35.701,1,21.676,1,71.4,1,21.676,1,35.701,1
5905611,2025-12-18T13:43:20Z,1,-26.76789,158.57778,1,73.4,1,35.704,1,21.614,1,73.4,1,21.614,1,35.704,1
5905611,2025-12-18T13:43:20Z,1,-26.76789,158.57778,1,75.4,1,35.701,1,21.502,1,75.4,1,21.502,1,35.701,1
5905611,2025-12-18T13:43:20Z,1,-26.76789,158.57778,1,77.4,1,35.7,1,21.467,1,77.4,1,21.467,1,35.7,1
5905611,2025-12-18T13:43:20Z,1,-26.76789,158.57778,1,79.3,1,35.699,1,21.436,1,79.3,1,21.436,1,35.699,1
5905611,2025-12-18T13:43:20Z,1,-26.76789,158.57778,1,81.4,1,35.702,1,21.318,1,81.4,1,21.318,1,35.702,1
5905611,2025-12-18T13:43:20Z,1,-26.76789,158.57778,1,83.5,1,35.699,1,21.254,1,83.5,1,21.254,1,35.699,1
5905611,2025-12-18T13:43:20Z,1,-26.76789,158.57778,1,85.5,1,35.698,1,21.211,1,85.5,1,21.211,1,35.698,1
5905611,2025-12-18T13:43:20Z,1,-26.76789,158.57778,1,87.7,1,35.7,1,21.118,1,87.7,1,21.118,1,35.7,1
5905611,2025-12-18T13:43:20Z,1,-26.76789,158.57778,1,89.6,1,35.694,1,21.025,1,89.6,1,21.025,1,35.694,1
5905611,2025-12-18T13:43:20Z,1,-26.76789,158.57778,1,91.5,1,35.692,1,20.939,1,91.5,1,20.939,1,35.692,1
5905611,2025-12-18T13:43:20Z,1,-26.76789,158.57778,1,93.5,1,35.689,1,20.882,1,93.5,1,20.882,1,35.689,1
5905611,2025-12-18T13:43:20Z,1,-26.76789,158.57778,1,95.5,1,35.69,1,20.808,1,95.5,1,20.808,1,35.69,1
5905611,2025-12-18T13:43:20Z,1,-26.76789,158.57778,1,97.4,1,35.685,1,20.771,1,97.4,1,20.771,1,35.685,1
5905611,2025-12-18T13:43:20Z,1,-26.76789,158.57778,1,99.4,1,35.685,1,20.755,1,99.4,1,20.755,1,35.685,1
5905611,2025-12-18T13:43:20Z,1,-26.76789,158.57778,1,101.5,1,35.684,1,20.731,1,101.5,1,20.731,1,35.684,1
5905611,2025-12-18T13:43:20Z,1,-26.76789,158.57778,1,103.4,1,35.683,1,20.703,1,103.4,1,20.703,1,35.683,1
5905611,2025-12-18T13:43:20Z,1,-26.76789,158.57778,1,105.5,1,35.683,1,20.681,1,105.5,1,20.681,1,35.683,1
5905611,2025-12-18T13:43:20Z,1,-26.76789,158.57778,1,107.5,1,35.683,1,20.664,1,107.5,1,20.664,1,35.683,1
5905611,2025-12-18T13:43:20Z,1,-26.76789,158.57778,1,109.4,1,35.684,1,20.622,1,109.4,1,20.622,1,35.684,1
5905611,2025-12-18T13:43:20Z,1,-26.76789,158.57778,1,111.5,1,35.681,1,20.565,1,111.5,1,20.565,1,35.681,1
5905611,2025-12-18T13:43:20Z,1,-26.76789,158.57778,1,113.5,1,35.681,1,20.531,1,113.5,1,20.531,1,35.681,1
5905611,2025-12-18T13:43:20Z,1,-26.76789,158.57778,1,115.5,1,35.679,1,20.513,1,115.5,1,20.513,1,35.679,1
5905611,2025-12-18T13:43:20Z,1,-26.76789,158.57778,1,117.5,1,35.68,1,20.487,1,117.5,1,20.487,1,35.68,1
5905611,2025-12-18T13:43:20Z,1,-26.76789,158.57778,1,119.6,1,35.678,1,20.44,1,119.6,1,20.44,1,35.678,1
5905611,2025-12-18T13:43:20Z,1,-26.76789,158.57778,1,121.7,1,35.678,1,20.42,1,121.7,1,20.42,1,35.678,1
5905611,2025-12-18T13:43:20Z,1,-26.76789,158.57778,1,123.7,1,35.677,1,20.401,1,123.7,1,20.401,1,35.677,1
5905611,2025-12-18T13:43:20Z,1,-26.76789,158.57778,1,125.7,1,35.676,1,20.357,1,125.7,1,20.357,1,35.676,1
5905611,2025-12-18T13:43:20Z,1,-26.76789,158.57778,1,127.7,1,35.676,1,20.337,1,127.7,1,20.337,1,35.676,1
5905611,2025-12-18T13:43:20Z,1,-26.76789,158.57778,1,129.7,1,35.674,1,20.321,1,129.7,1,20.321,1,35.674,1
5905611,2025-12-18T13:43:20Z,1,-26.76789,158.57778,1,131.8,1,35.674,1,20.292,1,131.8,1,20.292,1,35.674,1
5905611,2025-12-18T13:43:20Z,1,-26.76789,158.57778,1,133.9,1,35.673,1,20.248,1,133.9,1,20.248,1,35.673,1
5905611,2025-12-18T13:43:20Z,1,-26.76789,158.57778,1,135.5,1,35.673,1,20.229,1,135.5,1,20.229,1,35.673,1
5905611,2025-12-18T13:43:20Z,1,-26.76789,158.57778,1,137.0,1,35.671,1,20.196,1,137.0,1,20.196,1,35.671,1
5905611,2025-12-18T13:43:20Z,1,-26.76789,158.57778,1,139.1,1,35.67,1,20.17,1,139.1,1,20.17,1,35.67,1
5905611,2025-12-18T13:43:20Z,1,-26.76789,158.57778,1,141.1,1,35.669,1,20.158,1,141.1,1,20.158,1,35.669,1
5905611,2025-12-18T13:43:20Z,1,-26.76789,158.57778,1,143.1,1,35.669,1,20.15,1,143.1,1,20.15,1,35.669,1
5905611,2025-12-18T13:43:20Z,1,-26.76789,158.57778,1,145.2,1,35.672,1,20.144,1,145.2,1,20.144,1,35.672,1
5905611,2025-12-18T13:43:20Z,1,-26.76789,158.57778,1,147.3,1,35.672,1,20.111,1,147.3,1,20.111,1,35.672,1
5905611,2025-12-18T13:43:20Z,1,-26.76789,158.57778,1,149.4,1,35.671,1,20.09,1,149.4,1,20.09,1,35.671,1
5905611,2025-12-18T13:43:20Z,1,-26.76789,158.57778,1,151.6,1,35.671,1,20.072,1,151.6,1,20.072,1,35.671,1
5905611,2025-12-18T13:43:20Z,1,-26.76789,158.57778,1,153.7,1,35.668,1,20.05,1,153.7,1,20.05,1,35.668,1
5905611,2025-12-18T13:43:20Z,1,-26.76789,158.57778,1,155.4,1,35.668,1,20.039,1,155.4,1,20.039,1,35.668,1
5905611,2025-12-18T13:43:20Z,1,-26.76789,158.57778,1,157.0,1,35.668,1,20.02,1,157.0,1,20.02,1,35.668,1
5905611,2025-12-18T13:43:20Z,1,-26.76789,158.57778,1,159.1,1,35.667,1,19.984,1,159.1,1,19.984,1,35.667,1
5905611,2025-12-18T13:43:20Z,1,-26.76789,158.57778,1,161.3,1,35.668,1,19.955,1,161.3,1,19.955,1,35.668,1
5905611,2025-12-18T13:43:20Z,1,-26.76789,158.57778,1,163.4,1,35.667,1,19.92,1,163.4,1,19.92,1,35.667,1
5905611,2025-12-18T13:43:20Z,1,-26.76789,158.57778,1,165.5,1,35.666,1,19.898,1,165.5,1,19.898,1,35.666,1
5905611,2025-12-18T13:43:20Z,1,-26.76789,158.57778,1,167.6,1,35.665,1,19.869,1,167.6,1,19.869,1,35.665,1
5905611,2025-12-18T13:43:20Z,1,-26.76789,158.57778,1,169.8,1,35.664,1,19.837,1,169.8,1,19.837,1,35.664,1
5905611,2025-12-18T13:43:20Z,1,-26.76789,158.57778,1,171.9,1,35.663,1,19.82,1,171.9,1,19.82,1,35.663,1
5905611,2025-12-18T13:43:20Z,1,-26.76789,158.57778,1,173.5,1,35.661,1,19.777,1,173.5,1,19.777,1,35.661,1
5905611,2025-12-18T13:43:20Z,1,-26.76789,158.57778,1,175.1,1,35.658,1,19.759,1,175.1,1,19.759,1,35.658,1
5905611,2025-12-18T13:43:20Z,1,-26.76789,158.57778,1,177.1,1,35.654,1,19.739,1,177.1,1,19.739,1,35.654,1
5905611,2025-12-18T13:43:20Z,1,-26.76789,158.57778,1,179.2,1,35.655,1,19.698,1,179.2,1,19.698,1,35.655,1
5905611,2025-12-18T13:43:20Z,1,-26.76789,158.57778,1,181.3,1,35.654,1,19.643,1,181.3,1,19.643,1,35.654,1
5905611,2025-12-18T13:43:20Z,1,-26.76789,158.57778,1,183.4,1,35.654,1,19.596,1,183.4,1,19.596,1,35.654,1
5905611,2025-12-18T13:43:20Z,1,-26.76789,158.57778,1,185.4,1,35.648,1,19.535,1,185.4,1,19.535,1,35.648,1
5905611,2025-12-18T13:43:20Z,1,-26.76789,158.57778,1,187.6,1,35.646,1,19.517,1,187.6,1,19.517,1,35.646,1
5905611,2025-12-18T13:43:20Z,1,-26.76789,158.57778,1,189.6,1,35.644,1,19.472,1,189.6,1,19.472,1,35.644,1
5905611,2025-12-18T13:43:20Z,1,-26.76789,158.57778,1,191.8,1,35.64,1,19.425,1,191.8,1,19.425,1,35.64,1
5905611,2025-12-18T13:43:20Z,1,-26.76789,158.57778,1,193.5,1,35.638,1,19.383,1,193.5,1,19.383,1,35.638,1
5905611,2025-12-18T13:43:20Z,1,-26.76789,158.57778,1,195.1,1,35.636,1,19.342,1,195.1,1,19.342,1,35.636,1
5905611,2025-12-18T13:43:20Z,1,-26.76789,158.57778,1,197.2,1,35.635,1,19.315,1,197.2,1,19.315,1,35.635,1
5905611,2025-12-18T13:43:20Z,1,-26.76789,158.57778,1,199.4,1,35.634,1,19.301,1,199.4,1,19.301,1,35.634,1
5905611,2025-12-18T13:43:20Z,1,-26.76789,158.57778,1,201.6,1,35.632,1,19.29,1,201.6,1,19.29,1,35.632,1
5905611,2025-12-18T13:43:20Z,1,-26.76789,158.57778,1,203.8,1,35.63,1,19.237,1,203.8,1,19.237,1,35.63,1
5905611,2025-12-18T13:43:20Z,1,-26.76789,158.57778,1,205.5,1,35.628,1,19.213,1,205.5,1,19.213,1,35.628,1
5905611,2025-12-18T13:43:20Z,1,-26.76789,158.57778,1,207.1,1,35.626,1,19.138,1,207.1,1,19.138,1,35.626,1
5905611,2025-12-18T13:43:20Z,1,-26.76789,158.57778,1,209.2,1,35.623,1,19.109,1,209.2,1,19.109,1,35.623,1
5905611,2025-12-18T13:43:20Z,1,-26.76789,158.57778,1,211.2,1,35.619,1,19.055,1,211.2,1,19.055,1,35.619,1
5905611,2025-12-18T13:43:20Z,1,-26.76789,158.57778,1,213.5,1,35.616,1,19.027,1,213.5,1,19.027,1,35.616,1
5905611,2025-12-18T13:43:20Z,1,-26.76789,158.57778,1,215.4,1,35.613,1,18.996,1,215.4,1,18.996,1,35.613,1
5905611,2025-12-18T13:43:20Z,1,-26.76789,158.57778,1,217.4,1,35.611,1,18.952,1,217.4,1,18.952,1,35.611,1
5905611,2025-12-18T13:43:20Z,1,-26.76789,158.57778,1,219.4,1,35.609,1,18.897,1,219.4,1,18.897,1,35.609,1
5905611,2025-12-18T13:43:20Z,1,-26.76789,158.57778,1,221.4,1,35.604,1,18.827,1,221.4,1,18.827,1,35.604,1
5905611,2025-12-18T13:43:20Z,1,-26.76789,158.57778,1,223.4,1,35.599,1,18.716,1,223.4,1,18.716,1,35.599,1
5905611,2025-12-18T13:43:20Z,1,-26.76789,158.57778,1,225.4,1,35.592,1,18.669,1,225.4,1,18.669,1,35.592,1
5905611,2025-12-18T13:43:20Z,1,-26.76789,158.57778,1,227.5,1,35.591,1,18.631,1,227.5,1,18.631,1,35.591,1
5905611,2025-12-18T13:43:20Z,1,-26.76789,158.57778,1,229.2,1,35.59,1,18.592,1,229.2,1,18.592,1,35.59,1
5905611,2025-12-18T13:43:20Z,1,-26.76789,158.57778,1,231.3,1,35.585,1,18.54,1,231.3,1,18.54,1,35.585,1
5905611,2025-12-18T13:43:20Z,1,-26.76789,158.57778,1,233.4,1,35.584,1,18.475,1,233.4,1,18.475,1,35.584,1
5905611,2025-12-18T13:43:20Z,1,-26.76789,158.57778,1,235.2,1,35.585,1,18.448,1,235.2,1,18.448,1,35.585,1
5905611,2025-12-18T13:43:20Z,1,-26.76789,158.57778,1,237.3,1,35.584,1,18.444,1,237.3,1,18.444,1,35.584,1
5905611,2025-12-18T13:43:20Z,1,-26.76789,158.57778,1,239.5,1,35.586,1,18.42,1,239.5,1,18.42,1,35.586,1
5905611,2025-12-18T13:43:20Z,1,-26.76789,158.57778,1,241.5,1,35.584,1,18.339,1,241.5,1,18.339,1,35.584,1
5905611,2025-12-18T13:43:20Z,1,-26.76789,158.57778,1,243.6,1,35.579,1,18.214,1,243.6,1,18.214,1,35.579,1
5905611,2025-12-18T13:43:20Z,1,-26.76789,158.57778,1,245.3,1,35.573,1,18.154,1,245.3,1,18.154,1,35.573,1
5905611,2025-12-18T13:43:20Z,1,-26.76789,158.57778,1,247.1,1,35.57,1,18.138,1,247.1,1,18.138,1,35.57,1
5905611,2025-12-18T13:43:20Z,1,-26.76789,158.57778,1,249.4,1,35.565,1,18.095,1,249.4,1,18.095,1,35.565,1
5905611,2025-12-18T13:43:20Z,1,-26.76789,158.57778,1,251.6,1,35.558,1,18.036,1,251.6,1,18.036,1,35.558,1
5905611,2025-12-18T13:43:20Z,1,-26.76789,158.57778,1,253.4,1,35.553,1,17.982,1,253.4,1,17.982,1,35.553,1
5905611,2025-12-18T13:43:20Z,1,-26.76789,158.57778,1,255.1,1,35.55,1,17.958,1,255.1,1,17.958,1,35.55,1
5905611,2025-12-18T13:43:20Z,1,-26.76789,158.57778,1,257.3,1,35.54,1,17.839,1,257.3,1,17.839,1,35.54,1
5905611,2025-12-18T13:43:20Z,1,-26.76789,158.57778,1,259.5,1,35.531,1,17.72,1,259.5,1,17.72,1,35.531,1
5905611,2025-12-18T13:43:20Z,1,-26.76789,158.57778,1,261.4,1,35.527,1,17.669,1,261.4,1,17.669,1,35.527,1
5905611,2025-12-18T13:43:20Z,1,-26.76789,158.57778,1,263.3,1,35.526,1,17.631,1,263.3,1,17.631,1,35.526,1
5905611,2025-12-18T13:43:20Z,1,-26.76789,158.57778,1,265.5,1,35.517,1,17.521,1,265.5,1,17.521,1,35.517,1
5905611,2025-12-18T13:43:20Z,1,-26.76789,158.57778,1,267.7,1,35.514,1,17.493,1,267.7,1,17.493,1,35.514,1
5905611,2025-12-18T13:43:20Z,1,-26.76789,158.57778,1,269.5,1,35.508,1,17.433,1,269.5,1,17.433,1,35.508,1
5905611,2025-12-18T13:43:20Z,1,-26.76789,158.57778,1,271.4,1,35.507,1,17.393,1,271.4,1,17.393,1,35.507,1
5905611,2025-12-18T13:43:20Z,1,-26.76789,158.57778,1,273.1,1,35.505,1,17.383,1,273.1,1,17.383,1,35.505,1
5905611,2025-12-18T13:43:20Z,1,-26.76789,158.57778,1,275.4,1,35.499,1,17.285,1,275.4,1,17.285,1,35.499,1
5905611,2025-12-18T13:43:20Z,1,-26.76789,158.57778,1,277.6,1,35.49,1,17.204,1,277.6,1,17.204,1,35.49,1
5905611,2025-12-18T13:43:20Z,1,-26.76789,158.57778,1,279.4,1,35.485,1,17.135,1,279.4,1,17.135,1,35.485,1
5905611,2025-12-18T13:43:20Z,1,-26.76789,158.57778,1,281.2,1,35.481,1,17.108,1,281.2,1,17.108,1,35.481,1
5905611,2025-12-18T13:43:20Z,1,-26.76789,158.57778,1,283.5,1,35.478,1,17.076,1,283.5,1,17.076,1,35.478,1
5905611,2025-12-18T13:43:20Z,1,-26.76789,158.57778,1,285.8,1,35.475,1,17.036,1,285.8,1,17.036,1,35.475,1
5905611,2025-12-18T13:43:20Z,1,-26.76789,158.57778,1,287.6,1,35.472,1,16.987,1,287.6,1,16.987,1,35.472,1
5905611,2025-12-18T13:43:20Z,1,-26.76789,158.57778,1,289.5,1,35.469,1,16.951,1,289.5,1,16.951,1,35.469,1
5905611,2025-12-18T13:43:20Z,1,-26.76789,158.57778,1,291.3,1,35.47,1,16.935,1,291.3,1,16.935,1,35.47,1
5905611,2025-12-18T13:43:20Z,1,-26.76789,158.57778,1,293.5,1,35.465,1,16.864,1,293.5,1,16.864,1,35.465,1
5905611,2025-12-18T13:43:20Z,1,-26.76789,158.57778,1,295.8,1,35.456,1,16.8,1,295.8,1,16.8,1,35.456,1
5905611,2025-12-18T13:43:20Z,1,-26.76789,158.57778,1,297.6,1,35.455,1,16.786,1,297.6,1,16.786,1,35.455,1
5905611,2025-12-18T13:43:20Z,1,-26.76789,158.57778,1,299.4,1,35.453,1,16.773,1,299.4,1,16.773,1,35.453,1
5905611,2025-12-18T13:43:20Z,1,-26.76789,158.57778,1,301.1,1,35.453,1,16.713,1,301.1,1,16.713,1,35.453,1
5905611,2025-12-18T13:43:20Z,1,-26.76789,158.57778,1,303.4,1,35.447,1,16.639,1,303.4,1,16.639,1,35.447,1
5905611,2025-12-18T13:43:20Z,1,-26.76789,158.57778,1,305.6,1,35.443,1,16.594,1,305.6,1,16.594,1,35.443,1
5905611,2025-12-18T13:43:20Z,1,-26.76789,158.57778,1,307.4,1,35.438,1,16.543,1,307.4,1,16.543,1,35.438,1
5905611,2025-12-18T13:43:20Z,1,-26.76789,158.57778,1,309.2,1,35.435,1,16.499,1,309.2,1,16.499,1,35.435,1
5905611,2025-12-18T13:43:20Z,1,-26.76789,158.57778,1,311.0,1,35.431,1,16.462,1,311.0,1,16.462,1,35.431,1
5905611,2025-12-18T13:43:20Z,1,-26.76789,158.57778,1,313.4,1,35.423,1,16.357,1,313.4,1,16.357,1,35.423,1
5905611,2025-12-18T13:43:20Z,1,-26.76789,158.57778,1,315.6,1,35.411,1,16.193,1,315.6,1,16.193,1,35.411,1
5905611,2025-12-18T13:43:20Z,1,-26.76789,158.57778,1,317.5,1,35.405,1,16.148,1,317.5,1,16.148,1,35.405,1
5905611,2025-12-18T13:43:20Z,1,-26.76789,158.57778,1,319.5,1,35.401,1,16.103,1,319.5,1,16.103,1,35.401,1
5905611,2025-12-18T13:43:20Z,1,-26.76789,158.57778,1,321.4,1,35.399,1,16.09,1,321.4,1,16.09,1,35.399,1
5905611,2025-12-18T13:43:20Z,1,-26.76789,158.57778,1,323.3,1,35.396,1,16.025,1,323.3,1,16.025,1,35.396,1
5905611,2025-12-18T13:43:20Z,1,-26.76789,158.57778,1,325.3,1,35.389,1,15.973,1,325.3,1,15.973,1,35.389,1
5905611,2025-12-18T13:43:20Z,1,-26.76789,158.57778,1,327.2,1,35.383,1,15.9,1,327.2,1,15.9,1,35.383,1
5905611,2025-12-18T13:43:20Z,1,-26.76789,158.57778,1,329.3,1,35.374,1,15.792,1,329.3,1,15.792,1,35.374,1
5905611,2025-12-18T13:43:20Z,1,-26.76789,158.57778,1,331.3,1,35.37,1,15.749,1,331.3,1,15.749,1,35.37,1
5905611,2025-12-18T13:43:20Z,1,-26.76789,158.57778,1,333.3,1,35.366,1,15.746,1,333.3,1,15.746,1,35.366,1
5905611,2025-12-18T13:43:20Z,1,-26.76789,158.57778,1,335.3,1,35.36,1,15.613,1,335.3,1,15.613,1,35.36,1
5905611,2025-12-18T13:43:20Z,1,-26.76789,158.57778,1,337.3,1,35.351,1,15.504,1,337.3,1,15.504,1,35.351,1
5905611,2025-12-18T13:43:20Z,1,-26.76789,158.57778,1,339.5,1,35.344,1,15.451,1,339.5,1,15.451,1,35.344,1
5905611,2025-12-18T13:43:20Z,1,-26.76789,158.57778,1,341.7,1,35.342,1,15.423,1,341.7,1,15.423,1,35.342,1
5905611,2025-12-18T13:43:20Z,1,-26.76789,158.57778,1,343.9,1,35.336,1,15.391,1,343.9,1,15.391,1,35.336,1
5905611,2025-12-18T13:43:20Z,1,-26.76789,158.57778,1,345.5,1,35.335,1,15.38,1,345.5,1,15.38,1,35.335,1
5905611,2025-12-18T13:43:20Z,1,-26.76789,158.57778,1,347.0,1,35.338,1,15.328,1,347.0,1,15.328,1,35.338,1
5905611,2025-12-18T13:43:20Z,1,-26.76789,158.57778,1,349.2,1,35.321,1,15.193,1,349.2,1,15.193,1,35.321,1
5905611,2025-12-18T13:43:20Z,1,-26.76789,158.57778,1,351.4,1,35.313,1,15.155,1,351.4,1,15.155,1,35.313,1
5905611,2025-12-18T13:43:20Z,1,-26.76789,158.57778,1,353.5,1,35.309,1,15.09,1,353.5,1,15.09,1,35.309,1
5905611,2025-12-18T13:43:20Z,1,-26.76789,158.57778,1,355.7,1,35.292,1,14.91,1,355.7,1,14.91,1,35.292,1
5905611,2025-12-18T13:43:20Z,1,-26.76789,158.57778,1,357.5,1,35.283,1,14.846,1,357.5,1,14.846,1,35.283,1
5905611,2025-12-18T13:43:20Z,1,-26.76789,158.57778,1,359.2,1,35.279,1,14.814,1,359.2,1,14.814,1,35.279,1
5905611,2025-12-18T13:43:20Z,1,-26.76789,158.57778,1,361.5,1,35.275,1,14.767,1,361.5,1,14.767,1,35.275,1
5905611,2025-12-18T13:43:20Z,1,-26.76789,158.57778,1,363.3,1,35.275,1,14.761,1,363.3,1,14.761,1,35.275,1
5905611,2025-12-18T13:43:20Z,1,-26.76789,158.57778,1,365.1,1,35.275,1,14.759,1,365.1,1,14.759,1,35.275,1
5905611,2025-12-18T13:43:20Z,1,-26.76789,158.57778,1,367.4,1,35.274,1,14.745,1,367.4,1,14.745,1,35.274,1
5905611,2025-12-18T13:43:20Z,1,-26.76789,158.57778,1,369.6,1,35.269,1,14.697,1,369.6,1,14.697,1,35.269,1
5905611,2025-12-18T13:43:20Z,1,-26.76789,158.57778,1,371.4,1,35.265,1,14.621,1,371.4,1,14.621,1,35.265,1
5905611,2025-12-18T13:43:20Z,1,-26.76789,158.57778,1,373.1,1,35.262,1,14.602,1,373.1,1,14.602,1,35.262,1
5905611,2025-12-18T13:43:20Z,1,-26.76789,158.57778,1,375.5,1,35.26,1,14.595,1,375.5,1,14.595,1,35.26,1
5905611,2025-12-18T13:43:20Z,1,-26.76789,158.57778,1,377.3,1,35.258,1,14.577,1,377.3,1,14.577,1,35.258,1
5905611,2025-12-18T13:43:20Z,1,-26.76789,158.57778,1,379.0,1,35.254,1,14.507,1,379.0,1,14.507,1,35.254,1
5905611,2025-12-18T13:43:20Z,1,-26.76789,158.57778,1,381.3,1,35.249,1,14.45,1,381.3,1,14.45,1,35.249,1
5905611,2025-12-18T13:43:20Z,1,-26.76789,158.57778,1,383.6,1,35.237,1,14.374,1,383.6,1,14.374,1,35.237,1
5905611,2025-12-18T13:43:20Z,1,-26.76789,158.57778,1,385.4,1,35.219,1,14.242,1,385.4,1,14.242,1,35.219,1
5905611,2025-12-18T13:43:20Z,1,-26.76789,158.57778,1,387.2,1,35.211,1,14.176,1,387.2,1,14.176,1,35.211,1
5905611,2025-12-18T13:43:20Z,1,-26.76789,158.57778,1,389.5,1,35.202,1,14.138,1,389.5,1,14.138,1,35.202,1
5905611,2025-12-18T13:43:20Z,1,-26.76789,158.57778,1,391.8,1,35.199,1,14.115,1,391.8,1,14.115,1,35.199,1
5905611,2025-12-18T13:43:20Z,1,-26.76789,158.57778,1,393.5,1,35.197,1,14.099,1,393.5,1,14.099,1,35.197,1
5905611,2025-12-18T13:43:20Z,1,-26.76789,158.57778,1,395.2,1,35.189,1,13.991,1,395.2,1,13.991,1,35.189,1
5905611,2025-12-18T13:43:20Z,1,-26.76789,158.57778,1,397.5,1,35.182,1,13.925,1,397.5,1,13.925,1,35.182,1
5905611,2025-12-18T13:43:20Z,1,-26.76789,158.57778,1,399.8,1,35.181,1,13.936,1,399.8,1,13.936,1,35.181,1
5905611,2025-12-18T13:43:20Z,1,-26.76789,158.57778,1,401.5,1,35.185,1,13.897,1,401.5,1,13.897,1,35.185,1
5905611,2025-12-18T13:43:20Z,1,-26.76789,158.57778,1,403.1,1,35.177,1,13.862,1,403.1,1,13.862,1,35.177,1
5905611,2025-12-18T13:43:20Z,1,-26.76789,158.57778,1,405.3,1,35.166,1,13.735,1,405.3,1,13.735,1,35.166,1
5905611,2025-12-18T13:43:20Z,1,-26.76789,158.57778,1,407.6,1,35.169,1,13.704,1,407.6,1,13.704,1,35.169,1
5905611,2025-12-18T13:43:20Z,1,-26.76789,158.57778,1,409.8,1,35.167,1,13.656,1,409.8,1,13.656,1,35.167,1
5905611,2025-12-18T13:43:20Z,1,-26.76789,158.57778,1,411.5,1,35.166,1,13.642,1,411.5,1,13.642,1,35.166,1
5905611,2025-12-18T13:43:20Z,1,-26.76789,158.57778,1,413.1,1,35.17,1,13.626,1,413.1,1,13.626,1,35.17,1
5905611,2025-12-18T13:43:20Z,1,-26.76789,158.57778,1,415.2,1,35.166,1,13.581,1,415.2,1,13.581,1,35.166,1
5905611,2025-12-18T13:43:20Z,1,-26.76789,158.57778,1,417.4,1,35.16,1,13.521,1,417.4,1,13.521,1,35.16,1
5905611,2025-12-18T13:43:20Z,1,-26.76789,158.57778,1,419.5,1,35.149,1,13.46,1,419.5,1,13.46,1,35.149,1
5905611,2025-12-18T13:43:20Z,1,-26.76789,158.57778,1,421.5,1,35.147,1,13.432,1,421.5,1,13.432,1,35.147,1
5905611,2025-12-18T13:43:20Z,1,-26.76789,158.57778,1,423.4,1,35.14,1,13.396,1,423.4,1,13.396,1,35.14,1
5905611,2025-12-18T13:43:20Z,1,-26.76789,158.57778,1,425.3,1,35.133,1,13.342,1,425.3,1,13.342,1,35.133,1
5905611,2025-12-18T13:43:20Z,1,-26.76789,158.57778,1,427.3,1,35.122,1,13.259,1,427.3,1,13.259,1,35.122,1
5905611,2025-12-18T13:43:20Z,1,-26.76789,158.57778,1,429.3,1,35.113,1,13.191,1,429.3,1,13.191,1,35.113,1
5905611,2025-12-18T13:43:20Z,1,-26.76789,158.57778,1,431.6,1,35.11,1,13.144,1,431.6,1,13.144,1,35.11,1
5905611,2025-12-18T13:43:20Z,1,-26.76789,158.57778,1,433.6,1,35.106,1,13.113,1,433.6,1,13.113,1,35.106,1
5905611,2025-12-18T13:43:20Z,1,-26.76789,158.57778,1,435.3,1,35.104,1,13.102,1,435.3,1,13.102,1,35.104,1
5905611,2025-12-18T13:43:20Z,1,-26.76789,158.57778,1,437.3,1,35.097,1,13.032,1,437.3,1,13.032,1,35.097,1
5905611,2025-12-18T13:43:20Z,1,-26.76789,158.57778,1,439.6,1,35.103,1,12.989,1,439.6,1,12.989,1,35.103,1
5905611,2025-12-18T13:43:20Z,1,-26.76789,158.57778,1,441.6,1,35.098,1,12.927,1,441.6,1,12.927,1,35.098,1
5905611,2025-12-18T13:43:20Z,1,-26.76789,158.57778,1,443.3,1,35.1,1,12.908,1,443.3,1,12.908,1,35.1,1
5905611,2025-12-18T13:43:20Z,1,-26.76789,158.57778,1,445.4,1,35.097,1,12.9,1,445.4,1,12.9,1,35.097,1
5905611,2025-12-18T13:43:20Z,1,-26.76789,158.57778,1,447.6,1,35.097,1,12.882,1,447.6,1,12.882,1,35.097,1
5905611,2025-12-18T13:43:20Z,1,-26.76789,158.57778,1,449.3,1,35.093,1,12.861,1,449.3,1,12.861,1,35.093,1
5905611,2025-12-18T13:43:20Z,1,-26.76789,158.57778,1,451.1,1,35.089,1,12.822,1,451.1,1,12.822,1,35.089,1
5905611,2025-12-18T13:43:20Z,1,-26.76789,158.57778,1,453.3,1,35.082,1,12.747,1,453.3,1,12.747,1,35.082,1
5905611,2025-12-18T13:43:20Z,1,-26.76789,158.57778,1,455.5,1,35.074,1,12.699,1,455.5,1,12.699,1,35.074,1
5905611,2025-12-18T13:43:20Z,1,-26.76789,158.57778,1,457.3,1,35.072,1,12.671,1,457.3,1,12.671,1,35.072,1
5905611,2025-12-18T13:43:20Z,1,-26.76789,158.57778,1,459.5,1,35.067,1,12.621,1,459.5,1,12.621,1,35.067,1
5905611,2025-12-18T13:43:20Z,1,-26.76789,158.57778,1,461.7,1,35.063,1,12.589,1,461.7,1,12.589,1,35.063,1
5905611,2025-12-18T13:43:20Z,1,-26.76789,158.57778,1,463.5,1,35.06,1,12.579,1,463.5,1,12.579,1,35.06,1
5905611,2025-12-18T13:43:20Z,1,-26.76789,158.57778,1,465.4,1,35.055,1,12.53,1,465.4,1,12.53,1,35.055,1
5905611,2025-12-18T13:43:20Z,1,-26.76789,158.57778,1,467.2,1,35.048,1,12.452,1,467.2,1,12.452,1,35.048,1
5905611,2025-12-18T13:43:20Z,1,-26.76789,158.57778,1,469.1,1,35.044,1,12.428,1,469.1,1,12.428,1,35.044,1
5905611,2025-12-18T13:43:20Z,1,-26.76789,158.57778,1,471.4,1,35.041,1,12.401,1,471.4,1,12.401,1,35.041,1
5905611,2025-12-18T13:43:20Z,1,-26.76789,158.57778,1,473.8,1,35.037,1,12.37,1,473.8,1,12.37,1,35.037,1
5905611,2025-12-18T13:43:20Z,1,-26.76789,158.57778,1,475.7,1,35.034,1,12.332,1,475.7,1,12.332,1,35.034,1
5905611,2025-12-18T13:43:20Z,1,-26.76789,158.57778,1,477.6,1,35.03,1,12.312,1,477.6,1,12.312,1,35.03,1
5905611,2025-12-18T13:43:20Z,1,-26.76789,158.57778,1,479.6,1,35.028,1,12.296,1,479.6,1,12.296,1,35.028,1
5905611,2025-12-18T13:43:20Z,1,-26.76789,158.57778,1,481.5,1,35.023,1,12.267,1,481.5,1,12.267,1,35.023,1
5905611,2025-12-18T13:43:20Z,1,-26.76789,158.57778,1,483.4,1,35.016,1,12.18,1,483.4,1,12.18,1,35.016,1
5905611,2025-12-18T13:43:20Z,1,-26.76789,158.57778,1,485.3,1,35.005,1,12.092,1,485.3,1,12.092,1,35.005,1
5905611,2025-12-18T13:43:20Z,1,-26.76789,158.57778,1,487.3,1,34.987,1,12.008,1,487.3,1,12.008,1,34.987,1
5905611,2025-12-18T13:43:20Z,1,-26.76789,158.57778,1,489.2,1,34.977,1,11.945,1,489.2,1,11.945,1,34.977,1
5905611,2025-12-18T13:43:20Z,1,-26.76789,158.57778,1,491.1,1,34.976,1,11.897,1,491.1,1,11.897,1,34.976,1
5905611,2025-12-18T13:43:20Z,1,-26.76789,158.57778,1,493.4,1,34.975,1,11.865,1,493.4,1,11.865,1,34.975,1
5905611,2025-12-18T13:43:20Z,1,-26.76789,158.57778,1,495.7,1,34.973,1,11.85,1,495.7,1,11.85,1,34.973,1
5905611,2025-12-18T13:43:20Z,1,-26.76789,158.57778,1,497.6,1,34.969,1,11.816,1,497.6,1,11.816,1,34.969,1
5905611,2025-12-18T13:43:20Z,1,-26.76789,158.57778,1,499.4,1,34.963,1,11.779,1,499.4,1,11.779,1,34.963,1
5905611,2025-12-18T13:43:20Z,1,-26.76789,158.57778,1,501.3,1,34.956,1,11.733,1,501.3,1,11.733,1,34.956,1
5905611,2025-12-18T13:43:20Z,1,-26.76789,158.57778,1,503.2,1,34.949,1,11.659,1,503.2,1,11.659,1,34.949,1
5905611,2025-12-18T13:43:20Z,1,-26.76789,158.57778,1,505.1,1,34.94,1,11.582,1,505.1,1,11.582,1,34.94,1
5905611,2025-12-18T13:43:20Z,1,-26.76789,158.57778,1,507.1,1,34.933,1,11.538,1,507.1,1,11.538,1,34.933,1
5905611,2025-12-18T13:43:20Z,1,-26.76789,158.57778,1,509.4,1,34.926,1,11.502,1,509.4,1,11.502,1,34.926,1
5905611,2025-12-18T13:43:20Z,1,-26.76789,158.57778,1,511.7,1,34.918,1,11.413,1,511.7,1,11.413,1,34.918,1
5905611,2025-12-18T13:43:20Z,1,-26.76789,158.57778,1,513.6,1,34.908,1,11.35,1,513.6,1,11.35,1,34.908,1
5905611,2025-12-18T13:43:20Z,1,-26.76789,158.57778,1,515.5,1,34.91,1,11.352,1,515.5,1,11.352,1,34.91,1
5905611,2025-12-18T13:43:20Z,1,-26.76789,158.57778,1,517.3,1,34.91,1,11.354,1,517.3,1,11.354,1,34.91,1
5905611,2025-12-18T13:43:20Z,1,-26.76789,158.57778,1,519.1,1,34.91,1,11.326,1,519.1,1,11.326,1,34.91,1
5905611,2025-12-18T13:43:20Z,1,-26.76789,158.57778,1,521.4,1,34.899,1,11.265,1,521.4,1,11.265,1,34.899,1
5905611,2025-12-18T13:43:20Z,1,-26.76789,158.57778,1,523.7,1,34.89,1,11.18,1,523.7,1,11.18,1,34.89,1
5905611,2025-12-18T13:43:20Z,1,-26.76789,158.57778,1,525.5,1,34.889,1,11.155,1,525.5,1,11.155,1,34.889,1
5905611,2025-12-18T13:43:20Z,1,-26.76789,158.57778,1,527.2,1,34.882,1,11.131,1,527.2,1,11.131,1,34.882,1
5905611,2025-12-18T13:43:20Z,1,-26.76789,158.57778,1,529.5,1,34.88,1,11.112,1,529.5,1,11.112,1,34.88,1
5905611,2025-12-18T13:43:20Z,1,-26.76789,158.57778,1,531.7,1,34.876,1,11.084,1,531.7,1,11.084,1,34.876,1
5905611,2025-12-18T13:43:20Z,1,-26.76789,158.57778,1,533.4,1,34.873,1,11.048,1,533.4,1,11.048,1,34.873,1
5905611,2025-12-18T13:43:20Z,1,-26.76789,158.57778,1,535.2,1,34.867,1,10.989,1,535.2,1,10.989,1,34.867,1
5905611,2025-12-18T13:43:20Z,1,-26.76789,158.57778,1,537.3,1,34.859,1,10.938,1,537.3,1,10.938,1,34.859,1
5905611,2025-12-18T13:43:20Z,1,-26.76789,158.57778,1,539.5,1,34.851,1,10.867,1,539.5,1,10.867,1,34.851,1
5905611,2025-12-18T13:43:20Z,1,-26.76789,158.57778,1,541.2,1,34.845,1,10.829,1,541.2,1,10.829,1,34.845,1
5905611,2025-12-18T13:43:20Z,1,-26.76789,158.57778,1,543.3,1,34.838,1,10.765,1,543.3,1,10.765,1,34.838,1
5905611,2025-12-18T13:43:20Z,1,-26.76789,158.57778,1,545.4,1,34.833,1,10.72,1,545.4,1,10.72,1,34.833,1
5905611,2025-12-18T13:43:20Z,1,-26.76789,158.57778,1,547.4,1,34.829,1,10.691,1,547.4,1,10.691,1,34.829,1
5905611,2025-12-18T13:43:20Z,1,-26.76789,158.57778,1,549.6,1,34.824,1,10.654,1,549.6,1,10.654,1,34.824,1
5905611,2025-12-18T13:43:20Z,1,-26.76789,158.57778,1,551.3,1,34.822,1,10.638,1,551.3,1,10.638,1,34.822,1
5905611,2025-12-18T13:43:20Z,1,-26.76789,158.57778,1,553.4,1,34.817,1,10.587,1,553.4,1,10.587,1,34.817,1
5905611,2025-12-18T13:43:20Z,1,-26.76789,158.57778,1,555.5,1,34.803,1,10.498,1,555.5,1,10.498,1,34.803,1
5905611,2025-12-18T13:43:20Z,1,-26.76789,158.57778,1,557.5,1,34.792,1,10.401,1,557.5,1,10.401,1,34.792,1
5905611,2025-12-18T13:43:20Z,1,-26.76789,158.57778,1,559.5,1,34.776,1,10.297,1,559.5,1,10.297,1,34.776,1
5905611,2025-12-18T13:43:20Z,1,-26.76789,158.57778,1,561.2,1,34.773,1,10.258,1,561.2,1,10.258,1,34.773,1
5905611,2025-12-18T13:43:20Z,1,-26.76789,158.57778,1,563.3,1,34.769,1,10.247,1,563.3,1,10.247,1,34.769,1
5905611,2025-12-18T13:43:20Z,1,-26.76789,158.57778,1,565.5,1,34.766,1,10.222,1,565.5,1,10.222,1,34.766,1
5905611,2025-12-18T13:43:20Z,1,-26.76789,158.57778,1,567.2,1,34.753,1,10.116,1,567.2,1,10.116,1,34.753,1
5905611,2025-12-18T13:43:20Z,1,-26.76789,158.57778,1,569.3,1,34.744,1,10.054,1,569.3,1,10.054,1,34.744,1
5905611,2025-12-18T13:43:20Z,1,-26.76789,158.57778,1,571.5,1,34.735,1,9.959,1,571.5,1,9.959,1,34.735,1
5905611,2025-12-18T13:43:20Z,1,-26.76789,158.57778,1,573.2,1,34.729,1,9.921,1,573.2,1,9.921,1,34.729,1
5905611,2025-12-18T13:43:20Z,1,-26.76789,158.57778,1,575.4,1,34.721,1,9.869,1,575.4,1,9.869,1,34.721,1
5905611,2025-12-18T13:43:20Z,1,-26.76789,158.57778,1,577.6,1,34.722,1,9.82,1,577.6,1,9.82,1,34.722,1
5905611,2025-12-18T13:43:20Z,1,-26.76789,158.57778,1,579.4,1,34.719,1,9.799,1,579.4,1,9.799,1,34.719,1
5905611,2025-12-18T13:43:20Z,1,-26.76789,158.57778,1,581.5,1,34.723,1,9.788,1,581.5,1,9.788,1,34.723,1
5905611,2025-12-18T13:43:20Z,1,-26.76789,158.57778,1,583.7,1,34.718,1,9.727,1,583.7,1,9.727,1,34.718,1
5905611,2025-12-18T13:43:20Z,1,-26.76789,158.57778,1,585.5,1,34.713,1,9.694,1,585.5,1,9.694,1,34.713,1
5905611,2025-12-18T13:43:20Z,1,-26.76789,158.57778,1,587.5,1,34.711,1,9.682,1,587.5,1,9.682,1,34.711,1
5905611,2025-12-18T13:43:20Z,1,-26.76789,158.57778,1,589.3,1,34.709,1,9.667,1,589.3,1,9.667,1,34.709,1
5905611,2025-12-18T13:43:20Z,1,-26.76789,158.57778,1,591.1,1,34.707,1,9.633,1,591.1,1,9.633,1,34.707,1
5905611,2025-12-18T13:43:20Z,1,-26.76789,158.57778,1,593.4,1,34.703,1,9.594,1,593.4,1,9.594,1,34.703,1
5905611,2025-12-18T13:43:20Z,1,-26.76789,158.57778,1,595.6,1,34.7,1,9.568,1,595.6,1,9.568,1,34.7,1
5905611,2025-12-18T13:43:20Z,1,-26.76789,158.57778,1,597.5,1,34.697,1,9.543,1,597.5,1,9.543,1,34.697,1
5905611,2025-12-18T13:43:20Z,1,-26.76789,158.57778,1,599.4,1,34.696,1,9.521,1,599.4,1,9.521,1,34.696,1
5905611,2025-12-18T13:43:20Z,1,-26.76789,158.57778,1,601.4,1,34.691,1,9.488,1,601.4,1,9.488,1,34.691,1
5905611,2025-12-18T13:43:20Z,1,-26.76789,158.57778,1,603.3,1,34.686,1,9.452,1,603.3,1,9.452,1,34.686,1
5905611,2025-12-18T13:43:20Z,1,-26.76789,158.57778,1,605.2,1,34.68,1,9.391,1,605.2,1,9.391,1,34.68,1
5905611,2025-12-18T13:43:20Z,1,-26.76789,158.57778,1,607.0,1,34.676,1,9.36,1,607.0,1,9.36,1,34.676,1
5905611,2025-12-18T13:43:20Z,1,-26.76789,158.57778,1,609.4,1,34.672,1,9.296,1,609.4,1,9.296,1,34.672,1
5905611,2025-12-18T13:43:20Z,1,-26.76789,158.57778,1,611.8,1,34.669,1,9.273,1,611.8,1,9.273,1,34.669,1
5905611,2025-12-18T13:43:20Z,1,-26.76789,158.57778,1,613.8,1,34.666,1,9.238,1,613.8,1,9.238,1,34.666,1
5905611,2025-12-18T13:43:20Z,1,-26.76789,158.57778,1,615.7,1,34.662,1,9.205,1,615.7,1,9.205,1,34.662,1
5905611,2025-12-18T13:43:20Z,1,-26.76789,158.57778,1,617.7,1,34.659,1,9.171,1,617.7,1,9.171,1,34.659,1
5905611,2025-12-18T13:43:20Z,1,-26.76789,158.57778,1,619.6,1,34.658,1,9.141,1,619.6,1,9.141,1,34.658,1
5905611,2025-12-18T13:43:20Z,1,-26.76789,158.57778,1,621.6,1,34.65,1,9.091,1,621.6,1,9.091,1,34.65,1
5905611,2025-12-18T13:43:20Z,1,-26.76789,158.57778,1,623.6,1,34.649,1,9.075,1,623.6,1,9.075,1,34.649,1
5905611,2025-12-18T13:43:20Z,1,-26.76789,158.57778,1,625.6,1,34.645,1,9.047,1,625.6,1,9.047,1,34.645,1
5905611,2025-12-18T13:43:20Z,1,-26.76789,158.57778,1,627.6,1,34.642,1,9.014,1,627.6,1,9.014,1,34.642,1
5905611,2025-12-18T13:43:20Z,1,-26.76789,158.57778,1,629.5,1,34.637,1,8.957,1,629.5,1,8.957,1,34.637,1
5905611,2025-12-18T13:43:20Z,1,-26.76789,158.57778,1,631.6,1,34.63,1,8.892,1,631.6,1,8.892,1,34.63,1
5905611,2025-12-18T13:43:20Z,1,-26.76789,158.57778,1,633.6,1,34.622,1,8.841,1,633.6,1,8.841,1,34.622,1
5905611,2025-12-18T13:43:20Z,1,-26.76789,158.57778,1,635.7,1,34.618,1,8.801,1,635.7,1,8.801,1,34.618,1
5905611,2025-12-18T13:43:20Z,1,-26.76789,158.57778,1,637.7,1,34.615,1,8.767,1,637.7,1,8.767,1,34.615,1
5905611,2025-12-18T13:43:20Z,1,-26.76789,158.57778,1,639.8,1,34.61,1,8.727,1,639.8,1,8.727,1,34.61,1
5905611,2025-12-18T13:43:20Z,1,-26.76789,158.57778,1,641.8,1,34.602,1,8.679,1,641.8,1,8.679,1,34.602,1
5905611,2025-12-18T13:43:20Z,1,-26.76789,158.57778,1,643.8,1,34.597,1,8.631,1,643.8,1,8.631,1,34.597,1
5905611,2025-12-18T13:43:20Z,1,-26.76789,158.57778,1,645.9,1,34.59,1,8.59,1,645.9,1,8.59,1,34.59,1
5905611,2025-12-18T13:43:20Z,1,-26.76789,158.57778,1,647.9,1,34.586,1,8.54,1,647.9,1,8.54,1,34.586,1
5905611,2025-12-18T13:43:20Z,1,-26.76789,158.57778,1,649.9,1,34.574,1,8.469,1,649.9,1,8.469,1,34.574,1
5905611,2025-12-18T13:43:20Z,1,-26.76789,158.57778,1,651.9,1,34.564,1,8.37,1,651.9,1,8.37,1,34.564,1
5905611,2025-12-18T13:43:20Z,1,-26.76789,158.57778,1,653.9,1,34.561,1,8.356,1,653.9,1,8.356,1,34.561,1
5905611,2025-12-18T13:43:20Z,1,-26.76789,158.57778,1,655.9,1,34.556,1,8.278,1,655.9,1,8.278,1,34.556,1
5905611,2025-12-18T13:43:20Z,1,-26.76789,158.57778,1,657.9,1,34.549,1,8.229,1,657.9,1,8.229,1,34.549,1
5905611,2025-12-18T13:43:20Z,1,-26.76789,158.57778,1,659.5,1,34.547,1,8.202,1,659.5,1,8.202,1,34.547,1
5905611,2025-12-18T13:43:20Z,1,-26.76789,158.57778,1,661.0,1,34.545,1,8.182,1,661.0,1,8.182,1,34.545,1
5905611,2025-12-18T13:43:20Z,1,-26.76789,158.57778,1,663.0,1,34.542,1,8.156,1,663.0,1,8.156,1,34.542,1
5905611,2025-12-18T13:43:20Z,1,-26.76789,158.57778,1,665.1,1,34.535,1,8.09,1,665.1,1,8.09,1,34.535,1
5905611,2025-12-18T13:43:20Z,1,-26.76789,158.57778,1,667.1,1,34.531,1,8.049,1,667.1,1,8.049,1,34.531,1
5905611,2025-12-18T13:43:20Z,1,-26.76789,158.57778,1,669.2,1,34.53,1,8.019,1,669.2,1,8.019,1,34.53,1
5905611,2025-12-18T13:43:20Z,1,-26.76789,158.57778,1,671.2,1,34.526,1,7.97,1,671.2,1,7.97,1,34.526,1
5905611,2025-12-18T13:43:20Z,1,-26.76789,158.57778,1,673.3,1,34.523,1,7.936,1,673.3,1,7.936,1,34.523,1
5905611,2025-12-18T13:43:20Z,1,-26.76789,158.57778,1,675.4,1,34.524,1,7.937,1,675.4,1,7.937,1,34.524,1
5905611,2025-12-18T13:43:20Z,1,-26.76789,158.57778,1,677.6,1,34.526,1,7.945,1,677.6,1,7.945,1,34.526,1
5905611,2025-12-18T13:43:20Z,1,-26.76789,158.57778,1,679.7,1,34.537,1,7.973,1,679.7,1,7.973,1,34.537,1
5905611,2025-12-18T13:43:20Z,1,-26.76789,158.57778,1,681.8,1,34.535,1,7.973,1,681.8,1,7.973,1,34.535,1
5905611,2025-12-18T13:43:20Z,1,-26.76789,158.57778,1,683.9,1,34.536,1,7.948,1,683.9,1,7.948,1,34.536,1
5905611,2025-12-18T13:43:20Z,1,-26.76789,158.57778,1,685.5,1,34.536,1,7.95,1,685.5,1,7.95,1,34.536,1
5905611,2025-12-18T13:43:20Z,1,-26.76789,158.57778,1,687.0,1,34.538,1,7.944,1,687.0,1,7.944,1,34.538,1
5905611,2025-12-18T13:43:20Z,1,-26.76789,158.57778,1,689.2,1,34.537,1,7.921,1,689.2,1,7.921,1,34.537,1
5905611,2025-12-18T13:43:20Z,1,-26.76789,158.57778,1,691.3,1,34.537,1,7.916,1,691.3,1,7.916,1,34.537,1
5905611,2025-12-18T13:43:20Z,1,-26.76789,158.57778,1,693.4,1,34.536,1,7.909,1,693.4,1,7.909,1,34.536,1
5905611,2025-12-18T13:43:20Z,1,-26.76789,158.57778,1,695.5,1,34.533,1,7.894,1,695.5,1,7.894,1,34.533,1
5905611,2025-12-18T13:43:20Z,1,-26.76789,158.57778,1,697.6,1,34.532,1,7.869,1,697.6,1,7.869,1,34.532,1
5905611,2025-12-18T13:43:20Z,1,-26.76789,158.57778,1,699.7,1,34.533,1,7.852,1,699.7,1,7.852,1,34.533,1
5905611,2025-12-18T13:43:20Z,1,-26.76789,158.57778,1,701.9,1,34.532,1,7.842,1,701.9,1,7.842,1,34.532,1
5905611,2025-12-18T13:43:20Z,1,-26.76789,158.57778,1,703.5,1,34.53,1,7.83,1,703.5,1,7.83,1,34.53,1
5905611,2025-12-18T13:43:20Z,1,-26.76789,158.57778,1,705.1,1,34.531,1,7.822,1,705.1,1,7.822,1,34.531,1
5905611,2025-12-18T13:43:20Z,1,-26.76789,158.57778,1,707.2,1,34.531,1,7.813,1,707.2,1,7.813,1,34.531,1
5905611,2025-12-18T13:43:20Z,1,-26.76789,158.57778,1,709.3,1,34.53,1,7.805,1,709.3,1,7.805,1,34.53,1
5905611,2025-12-18T13:43:20Z,1,-26.76789,158.57778,1,711.4,1,34.53,1,7.796,1,711.4,1,7.796,1,34.53,1
5905611,2025-12-18T13:43:20Z,1,-26.76789,158.57778,1,713.5,1,34.529,1,7.782,1,713.5,1,7.782,1,34.529,1
5905611,2025-12-18T13:43:20Z,1,-26.76789,158.57778,1,715.5,1,34.528,1,7.745,1,715.5,1,7.745,1,34.528,1
5905611,2025-12-18T13:43:20Z,1,-26.76789,158.57778,1,717.6,1,34.527,1,7.727,1,717.6,1,7.727,1,34.527,1
5905611,2025-12-18T13:43:20Z,1,-26.76789,158.57778,1,719.7,1,34.528,1,7.722,1,719.7,1,7.722,1,34.528,1
5905611,2025-12-18T13:43:20Z,1,-26.76789,158.57778,1,721.8,1,34.526,1,7.676,1,721.8,1,7.676,1,34.526,1
5905611,2025-12-18T13:43:20Z,1,-26.76789,158.57778,1,723.9,1,34.523,1,7.66,1,723.9,1,7.66,1,34.523,1
5905611,2025-12-18T13:43:20Z,1,-26.76789,158.57778,1,725.5,1,34.524,1,7.655,1,725.5,1,7.655,1,34.524,1
5905611,2025-12-18T13:43:20Z,1,-26.76789,158.57778,1,727.0,1,34.522,1,7.641,1,727.0,1,7.641,1,34.522,1
5905611,2025-12-18T13:43:20Z,1,-26.76789,158.57778,1,729.2,1,34.521,1,7.63,1,729.2,1,7.63,1,34.521,1
5905611,2025-12-18T13:43:20Z,1,-26.76789,158.57778,1,731.3,1,34.518,1,7.608,1,731.3,1,7.608,1,34.518,1
5905611,2025-12-18T13:43:20Z,1,-26.76789,158.57778,1,733.4,1,34.516,1,7.579,1,733.4,1,7.579,1,34.516,1
5905611,2025-12-18T13:43:20Z,1,-26.76789,158.57778,1,735.5,1,34.513,1,7.543,1,735.5,1,7.543,1,34.513,1
5905611,2025-12-18T13:43:20Z,1,-26.76789,158.57778,1,737.7,1,34.512,1,7.516,1,737.7,1,7.516,1,34.512,1
5905611,2025-12-18T13:43:20Z,1,-26.76789,158.57778,1,739.8,1,34.509,1,7.48,1,739.8,1,7.48,1,34.509,1
5905611,2025-12-18T13:43:20Z,1,-26.76789,158.57778,1,741.9,1,34.508,1,7.452,1,741.9,1,7.452,1,34.508,1
5905611,2025-12-18T13:43:20Z,1,-26.76789,158.57778,1,743.5,1,34.507,1,7.449,1,743.5,1,7.449,1,34.507,1
5905611,2025-12-18T13:43:20Z,1,-26.76789,158.57778,1,745.1,1,34.505,1,7.427,1,745.1,1,7.427,1,34.505,1
5905611,2025-12-18T13:43:20Z,1,-26.76789,158.57778,1,747.2,1,34.504,1,7.404,1,747.2,1,7.404,1,34.504,1
5905611,2025-12-18T13:43:20Z,1,-26.76789,158.57778,1,749.3,1,34.504,1,7.38,1,749.3,1,7.38,1,34.504,1
5905611,2025-12-18T13:43:20Z,1,-26.76789,158.57778,1,751.5,1,34.499,1,7.354,1,751.5,1,7.354,1,34.499,1
5905611,2025-12-18T13:43:20Z,1,-26.76789,158.57778,1,753.6,1,34.498,1,7.336,1,753.6,1,7.336,1,34.498,1
5905611,2025-12-18T13:43:20Z,1,-26.76789,158.57778,1,755.6,1,34.497,1,7.301,1,755.6,1,7.301,1,34.497,1
5905611,2025-12-18T13:43:20Z,1,-26.76789,158.57778,1,757.7,1,34.493,1,7.255,1,757.7,1,7.255,1,34.493,1
5905611,2025-12-18T13:43:20Z,1,-26.76789,158.57778,1,759.9,1,34.489,1,7.233,1,759.9,1,7.233,1,34.489,1
5905611,2025-12-18T13:43:20Z,1,-26.76789,158.57778,1,761.5,1,34.485,1,7.194,1,761.5,1,7.194,1,34.485,1
5905611,2025-12-18T13:43:20Z,1,-26.76789,158.57778,1,763.0,1,34.48,1,7.161,1,763.0,1,7.161,1,34.48,1
5905611,2025-12-18T13:43:20Z,1,-26.76789,158.57778,1,765.4,1,34.479,1,7.14,1,765.4,1,7.14,1,34.479,1
5905611,2025-12-18T13:43:20Z,1,-26.76789,158.57778,1,767.4,1,34.485,1,7.144,1,767.4,1,7.144,1,34.485,1
5905611,2025-12-18T13:43:20Z,1,-26.76789,158.57778,1,769.5,1,34.484,1,7.138,1,769.5,1,7.138,1,34.484,1
5905611,2025-12-18T13:43:20Z,1,-26.76789,158.57778,1,771.5,1,34.483,1,7.13,1,771.5,1,7.13,1,34.483,1
5905611,2025-12-18T13:43:20Z,1,-26.76789,158.57778,1,773.5,1,34.483,1,7.129,1,773.5,1,7.129,1,34.483,1
5905611,2025-12-18T13:43:20Z,1,-26.76789,158.57778,1,775.6,1,34.485,1,7.123,1,775.6,1,7.123,1,34.485,1
5905611,2025-12-18T13:43:20Z,1,-26.76789,158.57778,1,777.2,1,34.484,1,7.1,1,777.2,1,7.1,1,34.484,1
5905611,2025-12-18T13:43:20Z,1,-26.76789,158.57778,1,779.3,1,34.478,1,7.04,1,779.3,1,7.04,1,34.478,1
5905611,2025-12-18T13:43:20Z,1,-26.76789,158.57778,1,781.6,1,34.474,1,7.0,1,781.6,1,7.0,1,34.474,1
5905611,2025-12-18T13:43:20Z,1,-26.76789,158.57778,1,783.6,1,34.471,1,6.976,1,783.6,1,6.976,1,34.471,1
5905611,2025-12-18T13:43:20Z,1,-26.76789,158.57778,1,785.2,1,34.468,1,6.955,1,785.2,1,6.955,1,34.468,1
5905611,2025-12-18T13:43:20Z,1,-26.76789,158.57778,1,787.3,1,34.469,1,6.921,1,787.3,1,6.921,1,34.469,1
5905611,2025-12-18T13:43:20Z,1,-26.76789,158.57778,1,789.3,1,34.472,1,6.918,1,789.3,1,6.918,1,34.472,1
5905611,2025-12-18T13:43:20Z,1,-26.76789,158.57778,1,791.3,1,34.471,1,6.899,1,791.3,1,6.899,1,34.471,1
5905611,2025-12-18T13:43:20Z,1,-26.76789,158.57778,1,793.3,1,34.471,1,6.886,1,793.3,1,6.886,1,34.471,1
5905611,2025-12-18T13:43:20Z,1,-26.76789,158.57778,1,795.4,1,34.47,1,6.876,1,795.4,1,6.876,1,34.47,1
5905611,2025-12-18T13:43:20Z,1,-26.76789,158.57778,1,797.4,1,34.468,1,6.859,1,797.4,1,6.859,1,34.468,1
5905611,2025-12-18T13:43:20Z,1,-26.76789,158.57778,1,799.5,1,34.467,1,6.824,1,799.5,1,6.824,1,34.467,1
5905611,2025-12-18T13:43:20Z,1,-26.76789,158.57778,1,801.6,1,34.464,1,6.791,1,801.6,1,6.791,1,34.464,1
5905611,2025-12-18T13:43:20Z,1,-26.76789,158.57778,1,803.3,1,34.469,1,6.789,1,803.3,1,6.789,1,34.469,1
5905611,2025-12-18T13:43:20Z,1,-26.76789,158.57778,1,805.4,1,34.468,1,6.771,1,805.4,1,6.771,1,34.468,1
5905611,2025-12-18T13:43:20Z,1,-26.76789,158.57778,1,807.6,1,34.468,1,6.759,1,807.6,1,6.759,1,34.468,1
5905611,2025-12-18T13:43:20Z,1,-26.76789,158.57778,1,809.3,1,34.467,1,6.748,1,809.3,1,6.748,1,34.467,1
5905611,2025-12-18T13:43:20Z,1,-26.76789,158.57778,1,811.4,1,34.466,1,6.731,1,811.4,1,6.731,1,34.466,1
5905611,2025-12-18T13:43:20Z,1,-26.76789,158.57778,1,813.5,1,34.466,1,6.725,1,813.5,1,6.725,1,34.466,1
5905611,2025-12-18T13:43:20Z,1,-26.76789,158.57778,1,815.2,1,34.465,1,6.726,1,815.2,1,6.726,1,34.465,1
5905611,2025-12-18T13:43:20Z,1,-26.76789,158.57778,1,817.3,1,34.464,1,6.71,1,817.3,1,6.71,1,34.464,1
5905611,2025-12-18T13:43:20Z,1,-26.76789,158.57778,1,819.4,1,34.464,1,6.679,1,819.4,1,6.679,1,34.464,1
5905611,2025-12-18T13:43:20Z,1,-26.76789,158.57778,1,821.5,1,34.462,1,6.664,1,821.5,1,6.664,1,34.462,1
5905611,2025-12-18T13:43:20Z,1,-26.76789,158.57778,1,823.6,1,34.463,1,6.649,1,823.6,1,6.649,1,34.463,1
5905611,2025-12-18T13:43:20Z,1,-26.76789,158.57778,1,825.2,1,34.462,1,6.64,1,825.2,1,6.64,1,34.462,1
5905611,2025-12-18T13:43:20Z,1,-26.76789,158.57778,1,827.2,1,34.46,1,6.632,1,827.2,1,6.632,1,34.46,1
5905611,2025-12-18T13:43:20Z,1,-26.76789,158.57778,1,829.3,1,34.461,1,6.613,1,829.3,1,6.613,1,34.461,1
5905611,2025-12-18T13:43:20Z,1,-26.76789,158.57778,1,831.3,1,34.459,1,6.597,1,831.3,1,6.597,1,34.459,1
5905611,2025-12-18T13:43:20Z,1,-26.76789,158.57778,1,833.4,1,34.456,1,6.575,1,833.4,1,6.575,1,34.456,1
5905611,2025-12-18T13:43:20Z,1,-26.76789,158.57778,1,835.4,1,34.455,1,6.552,1,835.4,1,6.552,1,34.455,1
5905611,2025-12-18T13:43:20Z,1,-26.76789,158.57778,1,837.5,1,34.455,1,6.514,1,837.5,1,6.514,1,34.455,1
5905611,2025-12-18T13:43:20Z,1,-26.76789,158.57778,1,839.2,1,34.454,1,6.484,1,839.2,1,6.484,1,34.454,1
5905611,2025-12-18T13:43:20Z,1,-26.76789,158.57778,1,841.3,1,34.454,1,6.476,1,841.3,1,6.476,1,34.454,1
5905611,2025-12-18T13:43:20Z,1,-26.76789,158.57778,1,843.5,1,34.453,1,6.463,1,843.5,1,6.463,1,34.453,1
5905611,2025-12-18T13:43:20Z,1,-26.76789,158.57778,1,845.5,1,34.449,1,6.424,1,845.5,1,6.424,1,34.449,1
5905611,2025-12-18T13:43:20Z,1,-26.76789,158.57778,1,847.6,1,34.446,1,6.356,1,847.6,1,6.356,1,34.446,1
5905611,2025-12-18T13:43:20Z,1,-26.76789,158.57778,1,849.4,1,34.441,1,6.308,1,849.4,1,6.308,1,34.441,1
5905611,2025-12-18T13:43:20Z,1,-26.76789,158.57778,1,851.5,1,34.439,1,6.298,1,851.5,1,6.298,1,34.439,1
5905611,2025-12-18T13:43:20Z,1,-26.76789,158.57778,1,853.7,1,34.437,1,6.29,1,853.7,1,6.29,1,34.437,1
5905611,2025-12-18T13:43:20Z,1,-26.76789,158.57778,1,855.4,1,34.437,1,6.269,1,855.4,1,6.269,1,34.437,1
5905611,2025-12-18T13:43:20Z,1,-26.76789,158.57778,1,857.5,1,34.433,1,6.243,1,857.5,1,6.243,1,34.433,1
5905611,2025-12-18T13:43:20Z,1,-26.76789,158.57778,1,859.6,1,34.431,1,6.217,1,859.6,1,6.217,1,34.431,1
5905611,2025-12-18T13:43:20Z,1,-26.76789,158.57778,1,861.4,1,34.429,1,6.161,1,861.4,1,6.161,1,34.429,1
5905611,2025-12-18T13:43:20Z,1,-26.76789,158.57778,1,863.5,1,34.428,1,6.146,1,863.5,1,6.146,1,34.428,1
5905611,2025-12-18T13:43:20Z,1,-26.76789,158.57778,1,865.7,1,34.428,1,6.147,1,865.7,1,6.147,1,34.428,1
5905611,2025-12-18T13:43:20Z,1,-26.76789,158.57778,1,867.5,1,34.429,1,6.148,1,867.5,1,6.148,1,34.429,1
5905611,2025-12-18T13:43:20Z,1,-26.76789,158.57778,1,869.2,1,34.431,1,6.144,1,869.2,1,6.144,1,34.431,1
5905611,2025-12-18T13:43:20Z,1,-26.76789,158.57778,1,871.4,1,34.431,1,6.112,1,871.4,1,6.112,1,34.431,1
5905611,2025-12-18T13:43:20Z,1,-26.76789,158.57778,1,873.6,1,34.441,1,6.124,1,873.6,1,6.124,1,34.441,1
5905611,2025-12-18T13:43:20Z,1,-26.76789,158.57778,1,875.3,1,34.439,1,6.123,1,875.3,1,6.123,1,34.439,1
5905611,2025-12-18T13:43:20Z,1,-26.76789,158.57778,1,877.4,1,34.441,1,6.112,1,877.4,1,6.112,1,34.441,1
5905611,2025-12-18T13:43:20Z,1,-26.76789,158.57778,1,879.6,1,34.444,1,6.065,1,879.6,1,6.065,1,34.444,1
5905611,2025-12-18T13:43:20Z,1,-26.76789,158.57778,1,881.4,1,34.443,1,6.062,1,881.4,1,6.062,1,34.443,1
5905611,2025-12-18T13:43:20Z,1,-26.76789,158.57778,1,883.2,1,34.443,1,6.052,1,883.2,1,6.052,1,34.443,1
5905611,2025-12-18T13:43:20Z,1,-26.76789,158.57778,1,885.5,1,34.441,1,6.045,1,885.5,1,6.045,1,34.441,1
5905611,2025-12-18T13:43:20Z,1,-26.76789,158.57778,1,887.7,1,34.442,1,6.047,1,887.7,1,6.047,1,34.442,1
5905611,2025-12-18T13:43:20Z,1,-26.76789,158.57778,1,889.5,1,34.442,1,6.045,1,889.5,1,6.045,1,34.442,1
5905611,2025-12-18T13:43:20Z,1,-26.76789,158.57778,1,891.3,1,34.439,1,6.019,1,891.3,1,6.019,1,34.439,1
5905611,2025-12-18T13:43:20Z,1,-26.76789,158.57778,1,893.5,1,34.434,1,5.998,1,893.5,1,5.998,1,34.434,1
5905611,2025-12-18T13:43:20Z,1,-26.76789,158.57778,1,895.7,1,34.434,1,5.969,1,895.7,1,5.969,1,34.434,1
5905611,2025-12-18T13:43:20Z,1,-26.76789,158.57778,1,897.4,1,34.431,1,5.952,1,897.4,1,5.952,1,34.431,1
5905611,2025-12-18T13:43:20Z,1,-26.76789,158.57778,1,899.2,1,34.429,1,5.95,1,899.2,1,5.95,1,34.429,1
5905611,2025-12-18T13:43:20Z,1,-26.76789,158.57778,1,901.5,1,34.429,1,5.942,1,901.5,1,5.942,1,34.429,1
5905611,2025-12-18T13:43:20Z,1,-26.76789,158.57778,1,903.8,1,34.425,1,5.907,1,903.8,1,5.907,1,34.425,1
5905611,2025-12-18T13:43:20Z,1,-26.76789,158.57778,1,905.6,1,34.423,1,5.903,1,905.6,1,5.903,1,34.423,1
5905611,2025-12-18T13:43:20Z,1,-26.76789,158.57778,1,907.4,1,34.423,1,5.895,1,907.4,1,5.895,1,34.423,1
5905611,2025-12-18T13:43:20Z,1,-26.76789,158.57778,1,909.2,1,34.422,1,5.888,1,909.2,1,5.888,1,34.422,1
5905611,2025-12-18T13:43:20Z,1,-26.76789,158.57778,1,911.5,1,34.421,1,5.881,1,911.5,1,5.881,1,34.421,1
5905611,2025-12-18T13:43:20Z,1,-26.76789,158.57778,1,913.7,1,34.428,1,5.899,1,913.7,1,5.899,1,34.428,1
5905611,2025-12-18T13:43:20Z,1,-26.76789,158.57778,1,915.5,1,34.429,1,5.907,1,915.5,1,5.907,1,34.429,1
5905611,2025-12-18T13:43:20Z,1,-26.76789,158.57778,1,917.3,1,34.427,1,5.865,1,917.3,1,5.865,1,34.427,1
5905611,2025-12-18T13:43:20Z,1,-26.76789,158.57778,1,919.1,1,34.423,1,5.819,1,919.1,1,5.819,1,34.423,1
5905611,2025-12-18T13:43:20Z,1,-26.76789,158.57778,1,921.4,1,34.419,1,5.775,1,921.4,1,5.775,1,34.419,1
5905611,2025-12-18T13:43:20Z,1,-26.76789,158.57778,1,923.7,1,34.419,1,5.761,1,923.7,1,5.761,1,34.419,1
5905611,2025-12-18T13:43:20Z,1,-26.76789,158.57778,1,925.5,1,34.422,1,5.756,1,925.5,1,5.756,1,34.422,1
5905611,2025-12-18T13:43:20Z,1,-26.76789,158.57778,1,927.4,1,34.419,1,5.731,1,927.4,1,5.731,1,34.419,1
5905611,2025-12-18T13:43:20Z,1,-26.76789,158.57778,1,929.3,1,34.42,1,5.715,1,929.3,1,5.715,1,34.42,1
5905611,2025-12-18T13:43:20Z,1,-26.76789,158.57778,1,931.1,1,34.42,1,5.693,1,931.1,1,5.693,1,34.42,1
5905611,2025-12-18T13:43:20Z,1,-26.76789,158.57778,1,933.4,1,34.421,1,5.668,1,933.4,1,5.668,1,34.421,1
5905611,2025-12-18T13:43:20Z,1,-26.76789,158.57778,1,935.8,1,34.42,1,5.659,1,935.8,1,5.659,1,34.42,1
5905611,2025-12-18T13:43:20Z,1,-26.76789,158.57778,1,937.6,1,34.42,1,5.655,1,937.6,1,5.655,1,34.42,1
5905611,2025-12-18T13:43:20Z,1,-26.76789,158.57778,1,939.5,1,34.42,1,5.653,1,939.5,1,5.653,1,34.42,1
5905611,2025-12-18T13:43:20Z,1,-26.76789,158.57778,1,941.4,1,34.42,1,5.651,1,941.4,1,5.651,1,34.42,1
5905611,2025-12-18T13:43:20Z,1,-26.76789,158.57778,1,943.3,1,34.42,1,5.642,1,943.3,1,5.642,1,34.42,1
5905611,2025-12-18T13:43:20Z,1,-26.76789,158.57778,1,945.2,1,34.418,1,5.598,1,945.2,1,5.598,1,34.418,1
5905611,2025-12-18T13:43:20Z,1,-26.76789,158.57778,1,947.1,1,34.417,1,5.573,1,947.1,1,5.573,1,34.417,1
5905611,2025-12-18T13:43:20Z,1,-26.76789,158.57778,1,949.4,1,34.418,1,5.554,1,949.4,1,5.554,1,34.418,1
5905611,2025-12-18T13:43:20Z,1,-26.76789,158.57778,1,951.9,1,34.417,1,5.544,1,951.9,1,5.544,1,34.417,1
5905611,2025-12-18T13:43:20Z,1,-26.76789,158.57778,1,953.8,1,34.418,1,5.526,1,953.8,1,5.526,1,34.418,1
5905611,2025-12-18T13:43:20Z,1,-26.76789,158.57778,1,955.6,1,34.418,1,5.52,1,955.6,1,5.52,1,34.418,1
5905611,2025-12-18T13:43:20Z,1,-26.76789,158.57778,1,957.5,1,34.42,1,5.498,1,957.5,1,5.498,1,34.42,1
5905611,2025-12-18T13:43:20Z,1,-26.76789,158.57778,1,959.4,1,34.421,1,5.482,1,959.4,1,5.482,1,34.421,1
5905611,2025-12-18T13:43:20Z,1,-26.76789,158.57778,1,961.3,1,34.421,1,5.467,1,961.3,1,5.467,1,34.421,1
5905611,2025-12-18T13:43:20Z,1,-26.76789,158.57778,1,963.3,1,34.421,1,5.447,1,963.3,1,5.447,1,34.421,1
5905611,2025-12-18T13:43:20Z,1,-26.76789,158.57778,1,965.2,1,34.424,1,5.404,1,965.2,1,5.404,1,34.424,1
5905611,2025-12-18T13:43:20Z,1,-26.76789,158.57778,1,967.2,1,34.424,1,5.391,1,967.2,1,5.391,1,34.424,1
5905611,2025-12-18T13:43:20Z,1,-26.76789,158.57778,1,969.1,1,34.425,1,5.387,1,969.1,1,5.387,1,34.425,1
5905611,2025-12-18T13:43:20Z,1,-26.76789,158.57778,1,971.0,1,34.425,1,5.383,1,971.0,1,5.383,1,34.425,1
5905611,2025-12-18T13:43:20Z,1,-26.76789,158.57778,1,973.0,1,34.425,1,5.378,1,973.0,1,5.378,1,34.425,1
5905611,2025-12-18T13:43:20Z,1,-26.76789,158.57778,1,975.4,1,34.425,1,5.372,1,975.4,1,5.372,1,34.425,1
5905611,2025-12-18T13:43:20Z,1,-26.76789,158.57778,1,977.7,1,34.426,1,5.367,1,977.7,1,5.367,1,34.426,1
5905611,2025-12-18T13:43:20Z,1,-26.76789,158.57778,1,979.5,1,34.426,1,5.355,1,979.5,1,5.355,1,34.426,1
5905611,2025-12-18T13:43:20Z,1,-26.76789,158.57778,1,981.5,1,34.431,1,5.323,1,981.5,1,5.323,1,34.431,1
5905611,2025-12-18T13:43:20Z,1,-26.76789,158.57778,1,983.4,1,34.432,1,5.325,1,983.4,1,5.325,1,34.432,1
5905611,2025-12-18T13:43:20Z,1,-26.76789,158.57778,1,985.3,1,34.438,1,5.332,1,985.3,1,5.332,1,34.438,1
5905611,2025-12-18T13:43:20Z,1,-26.76789,158.57778,1,987.3,1,34.439,1,5.334,1,987.3,1,5.334,1,34.439,1
5905611,2025-12-18T13:43:20Z,1,-26.76789,158.57778,1,989.3,1,34.44,1,5.334,1,989.3,1,5.334,1,34.44,1
5905611,2025-12-18T13:43:20Z,1,-26.76789,158.57778,1,991.3,1,34.44,1,5.333,1,991.3,1,5.333,1,34.44,1
5905611,2025-12-18T13:43:20Z,1,-26.76789,158.57778,1,993.3,1,34.44,1,5.333,1,993.3,1,5.333,1,34.44,1
5905611,2025-12-18T13:43:20Z,1,-26.76789,158.57778,1,995.3,1,34.441,1,5.331,1,995.3,1,5.331,1,34.441,1
5905611,2025-12-18T13:43:20Z,1,-26.76789,158.57778,1,997.3,1,34.439,1,5.322,1,997.3,1,5.322,1,34.439,1
5905611,2025-12-18T13:43:20Z,1,-26.76789,158.57778,1,999.3,1,34.441,1,5.309,1,999.3,1,5.309,1,34.441,1
5905611,2025-12-18T13:43:20Z,1,-26.76789,158.57778,1,1001.3,1,34.441,1,5.308,1,1001.3,1,5.308,1,34.441,1
5905611,2025-12-18T13:43:20Z,1,-26.76789,158.57778,1,1003.3,1,34.445,1,5.296,1,1003.3,1,5.296,1,34.445,1
5905611,2025-12-18T13:43:20Z,1,-26.76789,158.57778,1,1005.3,1,34.446,1,5.291,1,1005.3,1,5.291,1,34.446,1
5905611,2025-12-18T13:43:20Z,1,-26.76789,158.57778,1,1007.3,1,34.444,1,5.292,1,1007.3,1,5.292,1,34.444,1
5905611,2025-12-18T13:43:20Z,1,-26.76789,158.57778,1,1009.3,1,34.445,1,5.276,1,1009.3,1,5.276,1,34.445,1
5905611,2025-12-18T13:43:20Z,1,-26.76789,158.57778,1,1011.3,1,34.444,1,5.253,1,1011.3,1,5.253,1,34.444,1
5905611,2025-12-18T13:43:20Z,1,-26.76789,158.57778,1,1013.4,1,34.446,1,5.22,1,1013.4,1,5.22,1,34.446,1
5905611,2025-12-18T13:43:20Z,1,-26.76789,158.57778,1,1015.4,1,34.446,1,5.207,1,1015.4,1,5.207,1,34.446,1
5905611,2025-12-18T13:43:20Z,1,-26.76789,158.57778,1,1017.4,1,34.445,1,5.206,1,1017.4,1,5.206,1,34.445,1
5905611,2025-12-18T13:43:20Z,1,-26.76789,158.57778,1,1019.5,1,34.445,1,5.202,1,1019.5,1,5.202,1,34.445,1
5905611,2025-12-18T13:43:20Z,1,-26.76789,158.57778,1,1021.5,1,34.444,1,5.199,1,1021.5,1,5.199,1,34.444,1
5905611,2025-12-18T13:43:20Z,1,-26.76789,158.57778,1,1023.5,1,34.447,1,5.18,1,1023.5,1,5.18,1,34.447,1
5905611,2025-12-18T13:43:20Z,1,-26.76789,158.57778,1,1025.5,1,34.448,1,5.173,1,1025.5,1,5.173,1,34.448,1
5905611,2025-12-18T13:43:20Z,1,-26.76789,158.57778,1,1027.5,1,34.451,1,5.161,1,1027.5,1,5.161,1,34.451,1
5905611,2025-12-18T13:43:20Z,1,-26.76789,158.57778,1,1029.6,1,34.451,1,5.144,1,1029.6,1,5.144,1,34.451,1
5905611,2025-12-18T13:43:20Z,1,-26.76789,158.57778,1,1031.6,1,34.452,1,5.123,1,1031.6,1,5.123,1,34.452,1
5905611,2025-12-18T13:43:20Z,1,-26.76789,158.57778,1,1033.7,1,34.453,1,5.12,1,1033.7,1,5.12,1,34.453,1
5905611,2025-12-18T13:43:20Z,1,-26.76789,158.57778,1,1035.7,1,34.452,1,5.115,1,1035.7,1,5.115,1,34.452,1
5905611,2025-12-18T13:43:20Z,1,-26.76789,158.57778,1,1037.8,1,34.453,1,5.103,1,1037.8,1,5.103,1,34.453,1
5905611,2025-12-18T13:43:20Z,1,-26.76789,158.57778,1,1039.8,1,34.453,1,5.092,1,1039.8,1,5.092,1,34.453,1
5905611,2025-12-18T13:43:20Z,1,-26.76789,158.57778,1,1041.8,1,34.454,1,5.076,1,1041.8,1,5.076,1,34.454,1
5905611,2025-12-18T13:43:20Z,1,-26.76789,158.57778,1,1043.9,1,34.457,1,5.037,1,1043.9,1,5.037,1,34.457,1
5905611,2025-12-18T13:43:20Z,1,-26.76789,158.57778,1,1045.8,1,34.454,1,5.034,1,1045.8,1,5.034,1,34.454,1
5905611,2025-12-18T13:43:20Z,1,-26.76789,158.57778,1,1047.8,1,34.455,1,5.019,1,1047.8,1,5.019,1,34.455,1
5905611,2025-12-18T13:43:20Z,1,-26.76789,158.57778,1,1049.8,1,34.456,1,5.017,1,1049.8,1,5.017,1,34.456,1
5905611,2025-12-18T13:43:20Z,1,-26.76789,158.57778,1,1051.8,1,34.454,1,5.016,1,1051.8,1,5.016,1,34.454,1
5905611,2025-12-18T13:43:20Z,1,-26.76789,158.57778,1,1053.8,1,34.455,1,5.004,1,1053.8,1,5.004,1,34.455,1
5905611,2025-12-18T13:43:20Z,1,-26.76789,158.57778,1,1055.8,1,34.458,1,4.966,1,1055.8,1,4.966,1,34.458,1
5905611,2025-12-18T13:43:20Z,1,-26.76789,158.57778,1,1057.4,1,34.458,1,4.942,1,1057.4,1,4.942,1,34.458,1
5905611,2025-12-18T13:43:20Z,1,-26.76789,158.57778,1,1059.0,1,34.457,1,4.929,1,1059.0,1,4.929,1,34.457,1
5905611,2025-12-18T13:43:20Z,1,-26.76789,158.57778,1,1061.1,1,34.459,1,4.921,1,1061.1,1,4.921,1,34.459,1
5905611,2025-12-18T13:43:20Z,1,-26.76789,158.57778,1,1063.1,1,34.459,1,4.919,1,1063.1,1,4.919,1,34.459,1
5905611,2025-12-18T13:43:20Z,1,-26.76789,158.57778,1,1065.2,1,34.459,1,4.915,1,1065.2,1,4.915,1,34.459,1
5905611,2025-12-18T13:43:20Z,1,-26.76789,158.57778,1,1067.3,1,34.458,1,4.905,1,1067.3,1,4.905,1,34.458,1
5905611,2025-12-18T13:43:20Z,1,-26.76789,158.57778,1,1069.3,1,34.459,1,4.899,1,1069.3,1,4.899,1,34.459,1
5905611,2025-12-18T13:43:20Z,1,-26.76789,158.57778,1,1071.3,1,34.46,1,4.888,1,1071.3,1,4.888,1,34.46,1
5905611,2025-12-18T13:43:20Z,1,-26.76789,158.57778,1,1073.3,1,34.46,1,4.876,1,1073.3,1,4.876,1,34.46,1
5905611,2025-12-18T13:43:20Z,1,-26.76789,158.57778,1,1075.4,1,34.461,1,4.867,1,1075.4,1,4.867,1,34.461,1
5905611,2025-12-18T13:43:20Z,1,-26.76789,158.57778,1,1077.4,1,34.461,1,4.855,1,1077.4,1,4.855,1,34.461,1
5905611,2025-12-18T13:43:20Z,1,-26.76789,158.57778,1,1079.5,1,34.462,1,4.838,1,1079.5,1,4.838,1,34.462,1
5905611,2025-12-18T13:43:20Z,1,-26.76789,158.57778,1,1081.4,1,34.464,1,4.808,1,1081.4,1,4.808,1,34.464,1
5905611,2025-12-18T13:43:20Z,1,-26.76789,158.57778,1,1083.3,1,34.464,1,4.804,1,1083.3,1,4.804,1,34.464,1
5905611,2025-12-18T13:43:20Z,1,-26.76789,158.57778,1,1085.3,1,34.463,1,4.798,1,1085.3,1,4.798,1,34.463,1
5905611,2025-12-18T13:43:20Z,1,-26.76789,158.57778,1,1087.6,1,34.464,1,4.794,1,1087.6,1,4.794,1,34.464,1
5905611,2025-12-18T13:43:20Z,1,-26.76789,158.57778,1,1089.5,1,34.464,1,4.791,1,1089.5,1,4.791,1,34.464,1
5905611,2025-12-18T13:43:20Z,1,-26.76789,158.57778,1,1091.4,1,34.464,1,4.763,1,1091.4,1,4.763,1,34.464,1
5905611,2025-12-18T13:43:20Z,1,-26.76789,158.57778,1,1093.4,1,34.467,1,4.73,1,1093.4,1,4.73,1,34.467,1
5905611,2025-12-18T13:43:20Z,1,-26.76789,158.57778,1,1095.3,1,34.468,1,4.717,1,1095.3,1,4.717,1,34.468,1
5905611,2025-12-18T13:43:20Z,1,-26.76789,158.57778,1,1097.3,1,34.468,1,4.711,1,1097.3,1,4.711,1,34.468,1
5905611,2025-12-18T13:43:20Z,1,-26.76789,158.57778,1,1099.4,1,34.468,1,4.701,1,1099.4,1,4.701,1,34.468,1
5905611,2025-12-18T13:43:20Z,1,-26.76789,158.57778,1,1101.4,1,34.469,1,4.689,1,1101.4,1,4.689,1,34.469,1
5905611,2025-12-18T13:43:20Z,1,-26.76789,158.57778,1,1103.4,1,34.469,1,4.682,1,1103.4,1,4.682,1,34.469,1
5905611,2025-12-18T13:43:20Z,1,-26.76789,158.57778,1,1105.4,1,34.469,1,4.671,1,1105.4,1,4.671,1,34.469,1
5905611,2025-12-18T13:43:20Z,1,-26.76789,158.57778,1,1107.4,1,34.47,1,4.647,1,1107.4,1,4.647,1,34.47,1
5905611,2025-12-18T13:43:20Z,1,-26.76789,158.57778,1,1109.5,1,34.472,1,4.631,1,1109.5,1,4.631,1,34.472,1
5905611,2025-12-18T13:43:20Z,1,-26.76789,158.57778,1,1111.5,1,34.472,1,4.611,1,1111.5,1,4.611,1,34.472,1
5905611,2025-12-18T13:43:20Z,1,-26.76789,158.57778,1,1113.6,1,34.473,1,4.588,1,1113.6,1,4.588,1,34.473,1
5905611,2025-12-18T13:43:20Z,1,-26.76789,158.57778,1,1115.3,1,34.474,1,4.583,1,1115.3,1,4.583,1,34.474,1
5905611,2025-12-18T13:43:20Z,1,-26.76789,158.57778,1,1117.4,1,34.474,1,4.578,1,1117.4,1,4.578,1,34.474,1
5905611,2025-12-18T13:43:20Z,1,-26.76789,158.57778,1,1119.5,1,34.476,1,4.572,1,1119.5,1,4.572,1,34.476,1
5905611,2025-12-18T13:43:20Z,1,-26.76789,158.57778,1,1121.2,1,34.475,1,4.571,1,1121.2,1,4.571,1,34.475,1
5905611,2025-12-18T13:43:20Z,1,-26.76789,158.57778,1,1123.4,1,34.475,1,4.57,1,1123.4,1,4.57,1,34.475,1
5905611,2025-12-18T13:43:20Z,1,-26.76789,158.57778,1,1125.5,1,34.475,1,4.569,1,1125.5,1,4.569,1,34.475,1
5905611,2025-12-18T13:43:20Z,1,-26.76789,158.57778,1,1127.2,1,34.475,1,4.567,1,1127.2,1,4.567,1,34.475,1
5905611,2025-12-18T13:43:20Z,1,-26.76789,158.57778,1,1129.4,1,34.475,1,4.564,1,1129.4,1,4.564,1,34.475,1
5905611,2025-12-18T13:43:20Z,1,-26.76789,158.57778,1,1131.6,1,34.478,1,4.559,1,1131.6,1,4.559,1,34.478,1
5905611,2025-12-18T13:43:20Z,1,-26.76789,158.57778,1,1133.3,1,34.476,1,4.55,1,1133.3,1,4.55,1,34.476,1
5905611,2025-12-18T13:43:20Z,1,-26.76789,158.57778,1,1135.5,1,34.476,1,4.536,1,1135.5,1,4.536,1,34.476,1
5905611,2025-12-18T13:43:20Z,1,-26.76789,158.57778,1,1137.8,1,34.477,1,4.524,1,1137.8,1,4.524,1,34.477,1
5905611,2025-12-18T13:43:20Z,1,-26.76789,158.57778,1,1139.6,1,34.478,1,4.513,1,1139.6,1,4.513,1,34.478,1
5905611,2025-12-18T13:43:20Z,1,-26.76789,158.57778,1,1141.5,1,34.478,1,4.511,1,1141.5,1,4.511,1,34.478,1
5905611,2025-12-18T13:43:20Z,1,-26.76789,158.57778,1,1143.3,1,34.477,1,4.509,1,1143.3,1,4.509,1,34.477,1
5905611,2025-12-18T13:43:20Z,1,-26.76789,158.57778,1,1145.2,1,34.478,1,4.506,1,1145.2,1,4.506,1,34.478,1
5905611,2025-12-18T13:43:20Z,1,-26.76789,158.57778,1,1147.0,1,34.478,1,4.501,1,1147.0,1,4.501,1,34.478,1
5905611,2025-12-18T13:43:20Z,1,-26.76789,158.57778,1,1149.4,1,34.479,1,4.492,1,1149.4,1,4.492,1,34.479,1
5905611,2025-12-18T13:43:20Z,1,-26.76789,158.57778,1,1151.9,1,34.479,1,4.483,1,1151.9,1,4.483,1,34.479,1
5905611,2025-12-18T13:43:20Z,1,-26.76789,158.57778,1,1153.8,1,34.479,1,4.48,1,1153.8,1,4.48,1,34.479,1
5905611,2025-12-18T13:43:20Z,1,-26.76789,158.57778,1,1155.8,1,34.479,1,4.477,1,1155.8,1,4.477,1,34.479,1
5905611,2025-12-18T13:43:20Z,1,-26.76789,158.57778,1,1157.8,1,34.48,1,4.472,1,1157.8,1,4.472,1,34.48,1
5905611,2025-12-18T13:43:20Z,1,-26.76789,158.57778,1,1159.7,1,34.481,1,4.451,1,1159.7,1,4.451,1,34.481,1
5905611,2025-12-18T13:43:20Z,1,-26.76789,158.57778,1,1161.7,1,34.481,1,4.436,1,1161.7,1,4.436,1,34.481,1
5905611,2025-12-18T13:43:20Z,1,-26.76789,158.57778,1,1163.7,1,34.482,1,4.42,1,1163.7,1,4.42,1,34.482,1
5905611,2025-12-18T13:43:20Z,1,-26.76789,158.57778,1,1165.6,1,34.483,1,4.402,1,1165.6,1,4.402,1,34.483,1
5905611,2025-12-18T13:43:20Z,1,-26.76789,158.57778,1,1167.6,1,34.484,1,4.378,1,1167.6,1,4.378,1,34.484,1
5905611,2025-12-18T13:43:20Z,1,-26.76789,158.57778,1,1169.5,1,34.484,1,4.367,1,1169.5,1,4.367,1,34.484,1
5905611,2025-12-18T13:43:20Z,1,-26.76789,158.57778,1,1171.4,1,34.485,1,4.353,1,1171.4,1,4.353,1,34.485,1
5905611,2025-12-18T13:43:20Z,1,-26.76789,158.57778,1,1173.3,1,34.487,1,4.332,1,1173.3,1,4.332,1,34.487,1
5905611,2025-12-18T13:43:20Z,1,-26.76789,158.57778,1,1175.3,1,34.488,1,4.321,1,1175.3,1,4.321,1,34.488,1
5905611,2025-12-18T13:43:20Z,1,-26.76789,158.57778,1,1177.3,1,34.488,1,4.316,1,1177.3,1,4.316,1,34.488,1
5905611,2025-12-18T13:43:20Z,1,-26.76789,158.57778,1,1179.4,1,34.489,1,4.314,1,1179.4,1,4.314,1,34.489,1
5905611,2025-12-18T13:43:20Z,1,-26.76789,158.57778,1,1181.4,1,34.488,1,4.312,1,1181.4,1,4.312,1,34.488,1
5905611,2025-12-18T13:43:20Z,1,-26.76789,158.57778,1,1183.4,1,34.488,1,4.306,1,1183.4,1,4.306,1,34.488,1
5905611,2025-12-18T13:43:20Z,1,-26.76789,158.57778,1,1185.4,1,34.489,1,4.297,1,1185.4,1,4.297,1,34.489,1
5905611,2025-12-18T13:43:20Z,1,-26.76789,158.57778,1,1187.3,1,34.49,1,4.289,1,1187.3,1,4.289,1,34.49,1
5905611,2025-12-18T13:43:20Z,1,-26.76789,158.57778,1,1189.2,1,34.491,1,4.278,1,1189.2,1,4.278,1,34.491,1
5905611,2025-12-18T13:43:20Z,1,-26.76789,158.57778,1,1191.3,1,34.492,1,4.259,1,1191.3,1,4.259,1,34.492,1
5905611,2025-12-18T13:43:20Z,1,-26.76789,158.57778,1,1193.4,1,34.492,1,4.25,1,1193.4,1,4.25,1,34.492,1
5905611,2025-12-18T13:43:20Z,1,-26.76789,158.57778,1,1195.4,1,34.493,1,4.243,1,1195.4,1,4.243,1,34.493,1
5905611,2025-12-18T13:43:20Z,1,-26.76789,158.57778,1,1197.4,1,34.493,1,4.238,1,1197.4,1,4.238,1,34.493,1
5905611,2025-12-18T13:43:20Z,1,-26.76789,158.57778,1,1199.4,1,34.493,1,4.232,1,1199.4,1,4.232,1,34.493,1
5905611,2025-12-18T13:43:20Z,1,-26.76789,158.57778,1,1201.4,1,34.493,1,4.227,1,1201.4,1,4.227,1,34.493,1
5905611,2025-12-18T13:43:20Z,1,-26.76789,158.57778,1,1203.5,1,34.495,1,4.204,1,1203.5,1,4.204,1,34.495,1
5905611,2025-12-18T13:43:20Z,1,-26.76789,158.57778,1,1205.5,1,34.497,1,4.189,1,1205.5,1,4.189,1,34.497,1
5905611,2025-12-18T13:43:20Z,1,-26.76789,158.57778,1,1207.5,1,34.497,1,4.185,1,1207.5,1,4.185,1,34.497,1
5905611,2025-12-18T13:43:20Z,1,-26.76789,158.57778,1,1209.5,1,34.497,1,4.183,1,1209.5,1,4.183,1,34.497,1
5905611,2025-12-18T13:43:20Z,1,-26.76789,158.57778,1,1211.5,1,34.497,1,4.179,1,1211.5,1,4.179,1,34.497,1
5905611,2025-12-18T13:43:20Z,1,-26.76789,158.57778,1,1213.6,1,34.497,1,4.174,1,1213.6,1,4.174,1,34.497,1
5905611,2025-12-18T13:43:20Z,1,-26.76789,158.57778,1,1215.6,1,34.498,1,4.163,1,1215.6,1,4.163,1,34.498,1
5905611,2025-12-18T13:43:20Z,1,-26.76789,158.57778,1,1217.6,1,34.499,1,4.157,1,1217.6,1,4.157,1,34.499,1
5905611,2025-12-18T13:43:20Z,1,-26.76789,158.57778,1,1219.6,1,34.499,1,4.154,1,1219.6,1,4.154,1,34.499,1
5905611,2025-12-18T13:43:20Z,1,-26.76789,158.57778,1,1221.6,1,34.5,1,4.149,1,1221.6,1,4.149,1,34.5,1
5905611,2025-12-18T13:43:20Z,1,-26.76789,158.57778,1,1223.6,1,34.5,1,4.139,1,1223.6,1,4.139,1,34.5,1
5905611,2025-12-18T13:43:20Z,1,-26.76789,158.57778,1,1225.6,1,34.501,1,4.13,1,1225.6,1,4.13,1,34.501,1
5905611,2025-12-18T13:43:20Z,1,-26.76789,158.57778,1,1227.6,1,34.501,1,4.121,1,1227.6,1,4.121,1,34.501,1
5905611,2025-12-18T13:43:20Z,1,-26.76789,158.57778,1,1229.6,1,34.502,1,4.114,1,1229.6,1,4.114,1,34.502,1
5905611,2025-12-18T13:43:20Z,1,-26.76789,158.57778,1,1231.7,1,34.502,1,4.11,1,1231.7,1,4.11,1,34.502,1
5905611,2025-12-18T13:43:20Z,1,-26.76789,158.57778,1,1233.7,1,34.502,1,4.106,1,1233.7,1,4.106,1,34.502,1
5905611,2025-12-18T13:43:20Z,1,-26.76789,158.57778,1,1235.7,1,34.503,1,4.091,1,1235.7,1,4.091,1,34.503,1
5905611,2025-12-18T13:43:20Z,1,-26.76789,158.57778,1,1237.7,1,34.505,1,4.081,1,1237.7,1,4.081,1,34.505,1
5905611,2025-12-18T13:43:20Z,1,-26.76789,158.57778,1,1239.8,1,34.504,1,4.08,1,1239.8,1,4.08,1,34.504,1
5905611,2025-12-18T13:43:20Z,1,-26.76789,158.57778,1,1241.8,1,34.505,1,4.077,1,1241.8,1,4.077,1,34.505,1
5905611,2025-12-18T13:43:20Z,1,-26.76789,158.57778,1,1243.8,1,34.504,1,4.074,1,1243.8,1,4.074,1,34.504,1
5905611,2025-12-18T13:43:20Z,1,-26.76789,158.57778,1,1245.9,1,34.507,1,4.054,1,1245.9,1,4.054,1,34.507,1
5905611,2025-12-18T13:43:20Z,1,-26.76789,158.57778,1,1247.5,1,34.508,1,4.041,1,1247.5,1,4.041,1,34.508,1
5905611,2025-12-18T13:43:20Z,1,-26.76789,158.57778,1,1249.0,1,34.508,1,4.037,1,1249.0,1,4.037,1,34.508,1
5905611,2025-12-18T13:43:20Z,1,-26.76789,158.57778,1,1251.1,1,34.508,1,4.03,1,1251.1,1,4.03,1,34.508,1
5905611,2025-12-18T13:43:20Z,1,-26.76789,158.57778,1,1253.1,1,34.51,1,4.014,1,1253.1,1,4.014,1,34.51,1
5905611,2025-12-18T13:43:20Z,1,-26.76789,158.57778,1,1255.1,1,34.51,1,3.997,1,1255.1,1,3.997,1,34.51,1
5905611,2025-12-18T13:43:20Z,1,-26.76789,158.57778,1,1257.1,1,34.511,1,3.986,1,1257.1,1,3.986,1,34.511,1
5905611,2025-12-18T13:43:20Z,1,-26.76789,158.57778,1,1259.1,1,34.511,1,3.981,1,1259.1,1,3.981,1,34.511,1
5905611,2025-12-18T13:43:20Z,1,-26.76789,158.57778,1,1261.1,1,34.512,1,3.981,1,1261.1,1,3.981,1,34.512,1
5905611,2025-12-18T13:43:20Z,1,-26.76789,158.57778,1,1263.1,1,34.511,1,3.981,1,1263.1,1,3.981,1,34.511,1
5905611,2025-12-18T13:43:20Z,1,-26.76789,158.57778,1,1265.1,1,34.511,1,3.978,1,1265.1,1,3.978,1,34.511,1
5905611,2025-12-18T13:43:20Z,1,-26.76789,158.57778,1,1267.2,1,34.511,1,3.974,1,1267.2,1,3.974,1,34.511,1
5905611,2025-12-18T13:43:20Z,1,-26.76789,158.57778,1,1269.3,1,34.513,1,3.957,1,1269.3,1,3.957,1,34.513,1
5905611,2025-12-18T13:43:20Z,1,-26.76789,158.57778,1,1271.4,1,34.514,1,3.947,1,1271.4,1,3.947,1,34.514,1
5905611,2025-12-18T13:43:20Z,1,-26.76789,158.57778,1,1273.3,1,34.515,1,3.932,1,1273.3,1,3.932,1,34.515,1
5905611,2025-12-18T13:43:20Z,1,-26.76789,158.57778,1,1275.4,1,34.516,1,3.921,1,1275.4,1,3.921,1,34.516,1
5905611,2025-12-18T13:43:20Z,1,-26.76789,158.57778,1,1277.4,1,34.516,1,3.914,1,1277.4,1,3.914,1,34.516,1
5905611,2025-12-18T13:43:20Z,1,-26.76789,158.57778,1,1279.5,1,34.517,1,3.903,1,1279.5,1,3.903,1,34.517,1
5905611,2025-12-18T13:43:20Z,1,-26.76789,158.57778,1,1281.5,1,34.518,1,3.89,1,1281.5,1,3.89,1,34.518,1
5905611,2025-12-18T13:43:20Z,1,-26.76789,158.57778,1,1283.5,1,34.518,1,3.881,1,1283.5,1,3.881,1,34.518,1
5905611,2025-12-18T13:43:20Z,1,-26.76789,158.57778,1,1285.5,1,34.519,1,3.875,1,1285.5,1,3.875,1,34.519,1
5905611,2025-12-18T13:43:20Z,1,-26.76789,158.57778,1,1287.5,1,34.52,1,3.87,1,1287.5,1,3.87,1,34.52,1
5905611,2025-12-18T13:43:20Z,1,-26.76789,158.57778,1,1289.5,1,34.52,1,3.865,1,1289.5,1,3.865,1,34.52,1
5905611,2025-12-18T13:43:20Z,1,-26.76789,158.57778,1,1291.5,1,34.521,1,3.858,1,1291.5,1,3.858,1,34.521,1
5905611,2025-12-18T13:43:20Z,1,-26.76789,158.57778,1,1293.6,1,34.521,1,3.855,1,1293.6,1,3.855,1,34.521,1
5905611,2025-12-18T13:43:20Z,1,-26.76789,158.57778,1,1295.6,1,34.521,1,3.854,1,1295.6,1,3.854,1,34.521,1
5905611,2025-12-18T13:43:20Z,1,-26.76789,158.57778,1,1297.6,1,34.52,1,3.843,1,1297.6,1,3.843,1,34.52,1
5905611,2025-12-18T13:43:20Z,1,-26.76789,158.57778,1,1299.6,1,34.524,1,3.811,1,1299.6,1,3.811,1,34.524,1
5905611,2025-12-18T13:43:20Z,1,-26.76789,158.57778,1,1301.6,1,34.525,1,3.806,1,1301.6,1,3.806,1,34.525,1
5905611,2025-12-18T13:43:20Z,1,-26.76789,158.57778,1,1303.6,1,34.525,1,3.802,1,1303.6,1,3.802,1,34.525,1
5905611,2025-12-18T13:43:20Z,1,-26.76789,158.57778,1,1305.7,1,34.525,1,3.799,1,1305.7,1,3.799,1,34.525,1
5905611,2025-12-18T13:43:20Z,1,-26.76789,158.57778,1,1307.7,1,34.526,1,3.792,1,1307.7,1,3.792,1,34.526,1
5905611,2025-12-18T13:43:20Z,1,-26.76789,158.57778,1,1309.8,1,34.526,1,3.79,1,1309.8,1,3.79,1,34.526,1
5905611,2025-12-18T13:43:20Z,1,-26.76789,158.57778,1,1311.8,1,34.527,1,3.785,1,1311.8,1,3.785,1,34.527,1
5905611,2025-12-18T13:43:20Z,1,-26.76789,158.57778,1,1313.8,1,34.527,1,3.773,1,1313.8,1,3.773,1,34.527,1
5905611,2025-12-18T13:43:20Z,1,-26.76789,158.57778,1,1315.8,1,34.527,1,3.765,1,1315.8,1,3.765,1,34.527,1
5905611,2025-12-18T13:43:20Z,1,-26.76789,158.57778,1,1317.9,1,34.528,1,3.759,1,1317.9,1,3.759,1,34.528,1
5905611,2025-12-18T13:43:20Z,1,-26.76789,158.57778,1,1319.5,1,34.528,1,3.757,1,1319.5,1,3.757,1,34.528,1
5905611,2025-12-18T13:43:20Z,1,-26.76789,158.57778,1,1321.0,1,34.53,1,3.74,1,1321.0,1,3.74,1,34.53,1
5905611,2025-12-18T13:43:20Z,1,-26.76789,158.57778,1,1323.1,1,34.53,1,3.733,1,1323.1,1,3.733,1,34.53,1
5905611,2025-12-18T13:43:20Z,1,-26.76789,158.57778,1,1325.1,1,34.53,1,3.731,1,1325.1,1,3.731,1,34.53,1
5905611,2025-12-18T13:43:20Z,1,-26.76789,158.57778,1,1327.2,1,34.532,1,3.725,1,1327.2,1,3.725,1,34.532,1
5905611,2025-12-18T13:43:20Z,1,-26.76789,158.57778,1,1329.3,1,34.534,1,3.701,1,1329.3,1,3.701,1,34.534,1
5905611,2025-12-18T13:43:20Z,1,-26.76789,158.57778,1,1331.4,1,34.533,1,3.696,1,1331.4,1,3.696,1,34.533,1
5905611,2025-12-18T13:43:20Z,1,-26.76789,158.57778,1,1333.5,1,34.533,1,3.694,1,1333.5,1,3.694,1,34.533,1
5905611,2025-12-18T13:43:20Z,1,-26.76789,158.57778,1,1335.5,1,34.534,1,3.69,1,1335.5,1,3.69,1,34.534,1
5905611,2025-12-18T13:43:20Z,1,-26.76789,158.57778,1,1337.6,1,34.534,1,3.686,1,1337.6,1,3.686,1,34.534,1
5905611,2025-12-18T13:43:20Z,1,-26.76789,158.57778,1,1339.7,1,34.534,1,3.679,1,1339.7,1,3.679,1,34.534,1
5905611,2025-12-18T13:43:20Z,1,-26.76789,158.57778,1,1341.7,1,34.535,1,3.672,1,1341.7,1,3.672,1,34.535,1
5905611,2025-12-18T13:43:20Z,1,-26.76789,158.57778,1,1343.8,1,34.536,1,3.665,1,1343.8,1,3.665,1,34.536,1
5905611,2025-12-18T13:43:20Z,1,-26.76789,158.57778,1,1345.9,1,34.536,1,3.66,1,1345.9,1,3.66,1,34.536,1
5905611,2025-12-18T13:43:20Z,1,-26.76789,158.57778,1,1347.5,1,34.537,1,3.654,1,1347.5,1,3.654,1,34.537,1
5905611,2025-12-18T13:43:20Z,1,-26.76789,158.57778,1,1349.0,1,34.537,1,3.652,1,1349.0,1,3.652,1,34.537,1
5905611,2025-12-18T13:43:20Z,1,-26.76789,158.57778,1,1351.1,1,34.538,1,3.648,1,1351.1,1,3.648,1,34.538,1
5905611,2025-12-18T13:43:20Z,1,-26.76789,158.57778,1,1353.1,1,34.537,1,3.643,1,1353.1,1,3.643,1,34.537,1
5905611,2025-12-18T13:43:20Z,1,-26.76789,158.57778,1,1355.2,1,34.538,1,3.637,1,1355.2,1,3.637,1,34.538,1
5905611,2025-12-18T13:43:20Z,1,-26.76789,158.57778,1,1357.2,1,34.538,1,3.634,1,1357.2,1,3.634,1,34.538,1
5905611,2025-12-18T13:43:20Z,1,-26.76789,158.57778,1,1359.2,1,34.539,1,3.628,1,1359.2,1,3.628,1,34.539,1
5905611,2025-12-18T13:43:20Z,1,-26.76789,158.57778,1,1361.4,1,34.54,1,3.615,1,1361.4,1,3.615,1,34.54,1
5905611,2025-12-18T13:43:20Z,1,-26.76789,158.57778,1,1363.4,1,34.54,1,3.611,1,1363.4,1,3.611,1,34.54,1
5905611,2025-12-18T13:43:20Z,1,-26.76789,158.57778,1,1365.3,1,34.541,1,3.602,1,1365.3,1,3.602,1,34.541,1
5905611,2025-12-18T13:43:20Z,1,-26.76789,158.57778,1,1367.4,1,34.541,1,3.597,1,1367.4,1,3.597,1,34.541,1
5905611,2025-12-18T13:43:20Z,1,-26.76789,158.57778,1,1369.3,1,34.542,1,3.592,1,1369.3,1,3.592,1,34.542,1
5905611,2025-12-18T13:43:20Z,1,-26.76789,158.57778,1,1371.4,1,34.542,1,3.586,1,1371.4,1,3.586,1,34.542,1
5905611,2025-12-18T13:43:20Z,1,-26.76789,158.57778,1,1373.4,1,34.543,1,3.582,1,1373.4,1,3.582,1,34.543,1
5905611,2025-12-18T13:43:20Z,1,-26.76789,158.57778,1,1375.4,1,34.542,1,3.579,1,1375.4,1,3.579,1,34.542,1
5905611,2025-12-18T13:43:20Z,1,-26.76789,158.57778,1,1377.4,1,34.544,1,3.562,1,1377.4,1,3.562,1,34.544,1
5905611,2025-12-18T13:43:20Z,1,-26.76789,158.57778,1,1379.5,1,34.545,1,3.557,1,1379.5,1,3.557,1,34.545,1
5905611,2025-12-18T13:43:20Z,1,-26.76789,158.57778,1,1381.5,1,34.545,1,3.55,1,1381.5,1,3.55,1,34.545,1
5905611,2025-12-18T13:43:20Z,1,-26.76789,158.57778,1,1383.6,1,34.546,1,3.546,1,1383.6,1,3.546,1,34.546,1
5905611,2025-12-18T13:43:20Z,1,-26.76789,158.57778,1,1385.2,1,34.546,1,3.542,1,1385.2,1,3.542,1,34.546,1
5905611,2025-12-18T13:43:20Z,1,-26.76789,158.57778,1,1387.3,1,34.546,1,3.539,1,1387.3,1,3.539,1,34.546,1
5905611,2025-12-18T13:43:20Z,1,-26.76789,158.57778,1,1389.4,1,34.546,1,3.535,1,1389.4,1,3.535,1,34.546,1
5905611,2025-12-18T13:43:20Z,1,-26.76789,158.57778,1,1391.4,1,34.547,1,3.52,1,1391.4,1,3.52,1,34.547,1
5905611,2025-12-18T13:43:20Z,1,-26.76789,158.57778,1,1393.5,1,34.549,1,3.512,1,1393.5,1,3.512,1,34.549,1
5905611,2025-12-18T13:43:20Z,1,-26.76789,158.57778,1,1395.2,1,34.548,1,3.51,1,1395.2,1,3.51,1,34.548,1
5905611,2025-12-18T13:43:20Z,1,-26.76789,158.57778,1,1397.3,1,34.551,1,3.491,1,1397.3,1,3.491,1,34.551,1
5905611,2025-12-18T13:43:20Z,1,-26.76789,158.57778,1,1399.4,1,34.551,1,3.476,1,1399.4,1,3.476,1,34.551,1
5905611,2025-12-18T13:43:20Z,1,-26.76789,158.57778,1,1401.4,1,34.552,1,3.468,1,1401.4,1,3.468,1,34.552,1
5905611,2025-12-18T13:43:20Z,1,-26.76789,158.57778,1,1403.6,1,34.553,1,3.462,1,1403.6,1,3.462,1,34.553,1
5905611,2025-12-18T13:43:20Z,1,-26.76789,158.57778,1,1405.3,1,34.552,1,3.459,1,1405.3,1,3.459,1,34.552,1
5905611,2025-12-18T13:43:20Z,1,-26.76789,158.57778,1,1407.5,1,34.553,1,3.456,1,1407.5,1,3.456,1,34.553,1
5905611,2025-12-18T13:43:20Z,1,-26.76789,158.57778,1,1409.6,1,34.553,1,3.454,1,1409.6,1,3.454,1,34.553,1
5905611,2025-12-18T13:43:20Z,1,-26.76789,158.57778,1,1411.4,1,34.554,1,3.452,1,1411.4,1,3.452,1,34.554,1
5905611,2025-12-18T13:43:20Z,1,-26.76789,158.57778,1,1413.2,1,34.553,1,3.453,1,1413.2,1,3.453,1,34.553,1
5905611,2025-12-18T13:43:20Z,1,-26.76789,158.57778,1,1415.3,1,34.553,1,3.451,1,1415.3,1,3.451,1,34.553,1
5905611,2025-12-18T13:43:20Z,1,-26.76789,158.57778,1,1417.5,1,34.554,1,3.448,1,1417.5,1,3.448,1,34.554,1
5905611,2025-12-18T13:43:20Z,1,-26.76789,158.57778,1,1419.3,1,34.554,1,3.447,1,1419.3,1,3.447,1,34.554,1
5905611,2025-12-18T13:43:20Z,1,-26.76789,158.57778,1,1421.1,1,34.555,1,3.444,1,1421.1,1,3.444,1,34.555,1
5905611,2025-12-18T13:43:20Z,1,-26.76789,158.57778,1,1423.3,1,34.554,1,3.443,1,1423.3,1,3.443,1,34.554,1
5905611,2025-12-18T13:43:20Z,1,-26.76789,158.57778,1,1425.5,1,34.555,1,3.441,1,1425.5,1,3.441,1,34.555,1
5905611,2025-12-18T13:43:20Z,1,-26.76789,158.57778,1,1427.3,1,34.554,1,3.44,1,1427.3,1,3.44,1,34.554,1
5905611,2025-12-18T13:43:20Z,1,-26.76789,158.57778,1,1429.5,1,34.554,1,3.438,1,1429.5,1,3.438,1,34.554,1
5905611,2025-12-18T13:43:20Z,1,-26.76789,158.57778,1,1431.7,1,34.555,1,3.434,1,1431.7,1,3.434,1,34.555,1
5905611,2025-12-18T13:43:20Z,1,-26.76789,158.57778,1,1433.5,1,34.555,1,3.429,1,1433.5,1,3.429,1,34.555,1
5905611,2025-12-18T13:43:20Z,1,-26.76789,158.57778,1,1435.3,1,34.556,1,3.416,1,1435.3,1,3.416,1,34.556,1
5905611,2025-12-18T13:43:20Z,1,-26.76789,158.57778,1,1437.1,1,34.557,1,3.41,1,1437.1,1,3.41,1,34.557,1
5905611,2025-12-18T13:43:20Z,1,-26.76789,158.57778,1,1439.4,1,34.557,1,3.407,1,1439.4,1,3.407,1,34.557,1
5905611,2025-12-18T13:43:20Z,1,-26.76789,158.57778,1,1441.5,1,34.557,1,3.406,1,1441.5,1,3.406,1,34.557,1
5905611,2025-12-18T13:43:20Z,1,-26.76789,158.57778,1,1443.3,1,34.557,1,3.405,1,1443.3,1,3.405,1,34.557,1
5905611,2025-12-18T13:43:20Z,1,-26.76789,158.57778,1,1445.5,1,34.557,1,3.401,1,1445.5,1,3.401,1,34.557,1
5905611,2025-12-18T13:43:20Z,1,-26.76789,158.57778,1,1447.7,1,34.558,1,3.398,1,1447.7,1,3.398,1,34.558,1
5905611,2025-12-18T13:43:20Z,1,-26.76789,158.57778,1,1449.4,1,34.558,1,3.395,1,1449.4,1,3.395,1,34.558,1
5905611,2025-12-18T13:43:20Z,1,-26.76789,158.57778,1,1451.2,1,34.559,1,3.39,1,1451.2,1,3.39,1,34.559,1
5905611,2025-12-18T13:43:20Z,1,-26.76789,158.57778,1,1453.4,1,34.559,1,3.381,1,1453.4,1,3.381,1,34.559,1
5905611,2025-12-18T13:43:20Z,1,-26.76789,158.57778,1,1455.6,1,34.559,1,3.379,1,1455.6,1,3.379,1,34.559,1
5905611,2025-12-18T13:43:20Z,1,-26.76789,158.57778,1,1457.4,1,34.56,1,3.377,1,1457.4,1,3.377,1,34.56,1
5905611,2025-12-18T13:43:20Z,1,-26.76789,158.57778,1,1459.1,1,34.559,1,3.374,1,1459.1,1,3.374,1,34.559,1
5905611,2025-12-18T13:43:20Z,1,-26.76789,158.57778,1,1461.3,1,34.561,1,3.366,1,1461.3,1,3.366,1,34.561,1
5905611,2025-12-18T13:43:20Z,1,-26.76789,158.57778,1,1463.5,1,34.561,1,3.36,1,1463.5,1,3.36,1,34.561,1
5905611,2025-12-18T13:43:20Z,1,-26.76789,158.57778,1,1465.1,1,34.561,1,3.361,1,1465.1,1,3.361,1,34.561,1
5905611,2025-12-18T13:43:20Z,1,-26.76789,158.57778,1,1467.4,1,34.561,1,3.358,1,1467.4,1,3.358,1,34.561,1
5905611,2025-12-18T13:43:20Z,1,-26.76789,158.57778,1,1469.6,1,34.562,1,3.353,1,1469.6,1,3.353,1,34.562,1
5905611,2025-12-18T13:43:20Z,1,-26.76789,158.57778,1,1471.4,1,34.562,1,3.346,1,1471.4,1,3.346,1,34.562,1
5905611,2025-12-18T13:43:20Z,1,-26.76789,158.57778,1,1473.2,1,34.563,1,3.342,1,1473.2,1,3.342,1,34.563,1
5905611,2025-12-18T13:43:20Z,1,-26.76789,158.57778,1,1475.4,1,34.563,1,3.335,1,1475.4,1,3.335,1,34.563,1
5905611,2025-12-18T13:43:20Z,1,-26.76789,158.57778,1,1477.6,1,34.564,1,3.325,1,1477.6,1,3.325,1,34.564,1
5905611,2025-12-18T13:43:20Z,1,-26.76789,158.57778,1,1479.4,1,34.566,1,3.316,1,1479.4,1,3.316,1,34.566,1
5905611,2025-12-18T13:43:20Z,1,-26.76789,158.57778,1,1481.3,1,34.566,1,3.305,1,1481.3,1,3.305,1,34.566,1
5905611,2025-12-18T13:43:20Z,1,-26.76789,158.57778,1,1483.1,1,34.566,1,3.303,1,1483.1,1,3.303,1,34.566,1
5905611,2025-12-18T13:43:20Z,1,-26.76789,158.57778,1,1485.4,1,34.566,1,3.302,1,1485.4,1,3.302,1,34.566,1
5905611,2025-12-18T13:43:20Z,1,-26.76789,158.57778,1,1487.7,1,34.566,1,3.3,1,1487.7,1,3.3,1,34.566,1
5905611,2025-12-18T13:43:20Z,1,-26.76789,158.57778,1,1489.5,1,34.566,1,3.297,1,1489.5,1,3.297,1,34.566,1
5905611,2025-12-18T13:43:20Z,1,-26.76789,158.57778,1,1491.4,1,34.567,1,3.293,1,1491.4,1,3.293,1,34.567,1
5905611,2025-12-18T13:43:20Z,1,-26.76789,158.57778,1,1493.2,1,34.567,1,3.288,1,1493.2,1,3.288,1,34.567,1
5905611,2025-12-18T13:43:20Z,1,-26.76789,158.57778,1,1495.1,1,34.569,1,3.277,1,1495.1,1,3.277,1,34.569,1
5905611,2025-12-18T13:43:20Z,1,-26.76789,158.57778,1,1497.4,1,34.568,1,3.273,1,1497.4,1,3.273,1,34.568,1
5905611,2025-12-18T13:43:20Z,1,-26.76789,158.57778,1,1499.7,1,34.568,1,3.273,1,1499.7,1,3.273,1,34.568,1
5905611,2025-12-18T13:43:20Z,1,-26.76789,158.57778,1,1501.5,1,34.568,1,3.269,1,1501.5,1,3.269,1,34.568,1
5905611,2025-12-18T13:43:20Z,1,-26.76789,158.57778,1,1503.3,1,34.569,1,3.262,1,1503.3,1,3.262,1,34.569,1
5905611,2025-12-18T13:43:20Z,1,-26.76789,158.57778,1,1505.2,1,34.571,1,3.251,1,1505.2,1,3.251,1,34.571,1
5905611,2025-12-18T13:43:20Z,1,-26.76789,158.57778,1,1507.1,1,34.571,1,3.242,1,1507.1,1,3.242,1,34.571,1
5905611,2025-12-18T13:43:20Z,1,-26.76789,158.57778,1,1509.0,1,34.571,1,3.237,1,1509.0,1,3.237,1,34.571,1
5905611,2025-12-18T13:43:20Z,1,-26.76789,158.57778,1,1511.4,1,34.572,1,3.23,1,1511.4,1,3.23,1,34.572,1
5905611,2025-12-18T13:43:20Z,1,-26.76789,158.57778,1,1513.7,1,34.573,1,3.223,1,1513.7,1,3.223,1,34.573,1
5905611,2025-12-18T13:43:20Z,1,-26.76789,158.57778,1,1515.6,1,34.573,1,3.219,1,1515.6,1,3.219,1,34.573,1
5905611,2025-12-18T13:43:20Z,1,-26.76789,158.57778,1,1517.5,1,34.574,1,3.213,1,1517.5,1,3.213,1,34.574,1
5905611,2025-12-18T13:43:20Z,1,-26.76789,158.57778,1,1519.5,1,34.574,1,3.205,1,1519.5,1,3.205,1,34.574,1
5905611,2025-12-18T13:43:20Z,1,-26.76789,158.57778,1,1521.4,1,34.576,1,3.198,1,1521.4,1,3.198,1,34.576,1
5905611,2025-12-18T13:43:20Z,1,-26.76789,158.57778,1,1523.3,1,34.575,1,3.198,1,1523.3,1,3.198,1,34.575,1
5905611,2025-12-18T13:43:20Z,1,-26.76789,158.57778,1,1525.2,1,34.575,1,3.197,1,1525.2,1,3.197,1,34.575,1
5905611,2025-12-18T13:43:20Z,1,-26.76789,158.57778,1,1527.2,1,34.575,1,3.194,1,1527.2,1,3.194,1,34.575,1
5905611,2025-12-18T13:43:20Z,1,-26.76789,158.57778,1,1529.1,1,34.576,1,3.185,1,1529.1,1,3.185,1,34.576,1
5905611,2025-12-18T13:43:20Z,1,-26.76789,158.57778,1,1531.1,1,34.577,1,3.176,1,1531.1,1,3.176,1,34.577,1
5905611,2025-12-18T13:43:20Z,1,-26.76789,158.57778,1,1533.0,1,34.577,1,3.169,1,1533.0,1,3.169,1,34.577,1
5905611,2025-12-18T13:43:20Z,1,-26.76789,158.57778,1,1535.4,1,34.578,1,3.161,1,1535.4,1,3.161,1,34.578,1
5905611,2025-12-18T13:43:20Z,1,-26.76789,158.57778,1,1537.9,1,34.579,1,3.149,1,1537.9,1,3.149,1,34.579,1
5905611,2025-12-18T13:43:20Z,1,-26.76789,158.57778,1,1539.8,1,34.58,1,3.144,1,1539.8,1,3.144,1,34.58,1
5905611,2025-12-18T13:43:20Z,1,-26.76789,158.57778,1,1541.8,1,34.58,1,3.135,1,1541.8,1,3.135,1,34.58,1
5905611,2025-12-18T13:43:20Z,1,-26.76789,158.57778,1,1543.7,1,34.582,1,3.121,1,1543.7,1,3.121,1,34.582,1
5905611,2025-12-18T13:43:20Z,1,-26.76789,158.57778,1,1545.7,1,34.582,1,3.113,1,1545.7,1,3.113,1,34.582,1
5905611,2025-12-18T13:43:20Z,1,-26.76789,158.57778,1,1547.7,1,34.583,1,3.105,1,1547.7,1,3.105,1,34.583,1
5905611,2025-12-18T13:43:20Z,1,-26.76789,158.57778,1,1549.7,1,34.584,1,3.101,1,1549.7,1,3.101,1,34.584,1
5905611,2025-12-18T13:43:20Z,1,-26.76789,158.57778,1,1551.8,1,34.583,1,3.098,1,1551.8,1,3.098,1,34.583,1
5905611,2025-12-18T13:43:20Z,1,-26.76789,158.57778,1,1553.8,1,34.584,1,3.088,1,1553.8,1,3.088,1,34.584,1
5905611,2025-12-18T13:43:20Z,1,-26.76789,158.57778,1,1555.8,1,34.586,1,3.077,1,1555.8,1,3.077,1,34.586,1
5905611,2025-12-18T13:43:20Z,1,-26.76789,158.57778,1,1557.9,1,34.586,1,3.07,1,1557.9,1,3.07,1,34.586,1
5905611,2025-12-18T13:43:20Z,1,-26.76789,158.57778,1,1559.8,1,34.587,1,3.067,1,1559.8,1,3.067,1,34.587,1
5905611,2025-12-18T13:43:20Z,1,-26.76789,158.57778,1,1561.9,1,34.587,1,3.064,1,1561.9,1,3.064,1,34.587,1
5905611,2025-12-18T13:43:20Z,1,-26.76789,158.57778,1,1563.4,1,34.587,1,3.059,1,1563.4,1,3.059,1,34.587,1
5905611,2025-12-18T13:43:20Z,1,-26.76789,158.57778,1,1565.0,1,34.588,1,3.051,1,1565.0,1,3.051,1,34.588,1
5905611,2025-12-18T13:43:20Z,1,-26.76789,158.57778,1,1567.0,1,34.588,1,3.044,1,1567.0,1,3.044,1,34.588,1
5905611,2025-12-18T13:43:20Z,1,-26.76789,158.57778,1,1569.1,1,34.59,1,3.038,1,1569.1,1,3.038,1,34.59,1
5905611,2025-12-18T13:43:20Z,1,-26.76789,158.57778,1,1571.2,1,34.589,1,3.037,1,1571.2,1,3.037,1,34.589,1
5905611,2025-12-18T13:43:20Z,1,-26.76789,158.57778,1,1573.2,1,34.59,1,3.033,1,1573.2,1,3.033,1,34.59,1
5905611,2025-12-18T13:43:20Z,1,-26.76789,158.57778,1,1575.3,1,34.59,1,3.026,1,1575.3,1,3.026,1,34.59,1
5905611,2025-12-18T13:43:20Z,1,-26.76789,158.57778,1,1577.3,1,34.591,1,3.019,1,1577.3,1,3.019,1,34.591,1
5905611,2025-12-18T13:43:20Z,1,-26.76789,158.57778,1,1579.4,1,34.592,1,3.012,1,1579.4,1,3.012,1,34.592,1
5905611,2025-12-18T13:43:20Z,1,-26.76789,158.57778,1,1581.4,1,34.593,1,3.005,1,1581.4,1,3.005,1,34.593,1
5905611,2025-12-18T13:43:20Z,1,-26.76789,158.57778,1,1583.4,1,34.592,1,3.004,1,1583.4,1,3.004,1,34.592,1
5905611,2025-12-18T13:43:20Z,1,-26.76789,158.57778,1,1585.4,1,34.592,1,3.003,1,1585.4,1,3.003,1,34.592,1
5905611,2025-12-18T13:43:20Z,1,-26.76789,158.57778,1,1587.4,1,34.592,1,3.001,1,1587.4,1,3.001,1,34.592,1
5905611,2025-12-18T13:43:20Z,1,-26.76789,158.57778,1,1589.4,1,34.593,1,2.99,1,1589.4,1,2.99,1,34.593,1
5905611,2025-12-18T13:43:20Z,1,-26.76789,158.57778,1,1591.4,1,34.594,1,2.983,1,1591.4,1,2.983,1,34.594,1
5905611,2025-12-18T13:43:20Z,1,-26.76789,158.57778,1,1593.5,1,34.595,1,2.98,1,1593.5,1,2.98,1,34.595,1
5905611,2025-12-18T13:43:20Z,1,-26.76789,158.57778,1,1595.5,1,34.595,1,2.976,1,1595.5,1,2.976,1,34.595,1
5905611,2025-12-18T13:43:20Z,1,-26.76789,158.57778,1,1597.6,1,34.596,1,2.968,1,1597.6,1,2.968,1,34.596,1
5905611,2025-12-18T13:43:20Z,1,-26.76789,158.57778,1,1599.2,1,34.596,1,2.963,1,1599.2,1,2.963,1,34.596,1
5905611,2025-12-18T13:43:20Z,1,-26.76789,158.57778,1,1601.3,1,34.596,1,2.959,1,1601.3,1,2.959,1,34.596,1
5905611,2025-12-18T13:43:20Z,1,-26.76789,158.57778,1,1603.4,1,34.597,1,2.952,1,1603.4,1,2.952,1,34.597,1
5905611,2025-12-18T13:43:20Z,1,-26.76789,158.57778,1,1605.5,1,34.598,1,2.944,1,1605.5,1,2.944,1,34.598,1
5905611,2025-12-18T13:43:20Z,1,-26.76789,158.57778,1,1607.5,1,34.598,1,2.94,1,1607.5,1,2.94,1,34.598,1
5905611,2025-12-18T13:43:20Z,1,-26.76789,158.57778,1,1609.2,1,34.599,1,2.939,1,1609.2,1,2.939,1,34.599,1
5905611,2025-12-18T13:43:20Z,1,-26.76789,158.57778,1,1611.3,1,34.598,1,2.934,1,1611.3,1,2.934,1,34.598,1
5905611,2025-12-18T13:43:20Z,1,-26.76789,158.57778,1,1613.5,1,34.599,1,2.931,1,1613.5,1,2.931,1,34.599,1
5905611,2025-12-18T13:43:20Z,1,-26.76789,158.57778,1,1615.2,1,34.599,1,2.93,1,1615.2,1,2.93,1,34.599,1
5905611,2025-12-18T13:43:20Z,1,-26.76789,158.57778,1,1617.3,1,34.6,1,2.921,1,1617.3,1,2.921,1,34.6,1
5905611,2025-12-18T13:43:20Z,1,-26.76789,158.57778,1,1619.4,1,34.601,1,2.914,1,1619.4,1,2.914,1,34.601,1
5905611,2025-12-18T13:43:20Z,1,-26.76789,158.57778,1,1621.5,1,34.601,1,2.911,1,1621.5,1,2.911,1,34.601,1
5905611,2025-12-18T13:43:20Z,1,-26.76789,158.57778,1,1623.6,1,34.602,1,2.905,1,1623.6,1,2.905,1,34.602,1
5905611,2025-12-18T13:43:20Z,1,-26.76789,158.57778,1,1625.4,1,34.602,1,2.897,1,1625.4,1,2.897,1,34.602,1
5905611,2025-12-18T13:43:20Z,1,-26.76789,158.57778,1,1627.5,1,34.603,1,2.893,1,1627.5,1,2.893,1,34.603,1
5905611,2025-12-18T13:43:20Z,1,-26.76789,158.57778,1,1629.6,1,34.603,1,2.889,1,1629.6,1,2.889,1,34.603,1
5905611,2025-12-18T13:43:20Z,1,-26.76789,158.57778,1,1631.4,1,34.603,1,2.887,1,1631.4,1,2.887,1,34.603,1
5905611,2025-12-18T13:43:20Z,1,-26.76789,158.57778,1,1633.5,1,34.603,1,2.884,1,1633.5,1,2.884,1,34.603,1
5905611,2025-12-18T13:43:20Z,1,-26.76789,158.57778,1,1635.7,1,34.603,1,2.884,1,1635.7,1,2.884,1,34.603,1
5905611,2025-12-18T13:43:20Z,1,-26.76789,158.57778,1,1637.4,1,34.604,1,2.881,1,1637.4,1,2.881,1,34.604,1
5905611,2025-12-18T13:43:20Z,1,-26.76789,158.57778,1,1639.2,1,34.604,1,2.877,1,1639.2,1,2.877,1,34.604,1
5905611,2025-12-18T13:43:20Z,1,-26.76789,158.57778,1,1641.4,1,34.604,1,2.876,1,1641.4,1,2.876,1,34.604,1
5905611,2025-12-18T13:43:20Z,1,-26.76789,158.57778,1,1643.6,1,34.605,1,2.869,1,1643.6,1,2.869,1,34.605,1
5905611,2025-12-18T13:43:20Z,1,-26.76789,158.57778,1,1645.3,1,34.606,1,2.864,1,1645.3,1,2.864,1,34.606,1
5905611,2025-12-18T13:43:20Z,1,-26.76789,158.57778,1,1647.5,1,34.605,1,2.863,1,1647.5,1,2.863,1,34.605,1
5905611,2025-12-18T13:43:20Z,1,-26.76789,158.57778,1,1649.7,1,34.606,1,2.861,1,1649.7,1,2.861,1,34.606,1
5905611,2025-12-18T13:43:20Z,1,-26.76789,158.57778,1,1651.4,1,34.606,1,2.859,1,1651.4,1,2.859,1,34.606,1
5905611,2025-12-18T13:43:20Z,1,-26.76789,158.57778,1,1653.5,1,34.607,1,2.851,1,1653.5,1,2.851,1,34.607,1
5905611,2025-12-18T13:43:20Z,1,-26.76789,158.57778,1,1655.7,1,34.607,1,2.847,1,1655.7,1,2.847,1,34.607,1
5905611,2025-12-18T13:43:20Z,1,-26.76789,158.57778,1,1657.4,1,34.607,1,2.846,1,1657.4,1,2.846,1,34.607,1
5905611,2025-12-18T13:43:20Z,1,-26.76789,158.57778,1,1659.2,1,34.608,1,2.838,1,1659.2,1,2.838,1,34.608,1
5905611,2025-12-18T13:43:20Z,1,-26.76789,158.57778,1,1661.4,1,34.608,1,2.836,1,1661.4,1,2.836,1,34.608,1
5905611,2025-12-18T13:43:20Z,1,-26.76789,158.57778,1,1663.5,1,34.608,1,2.835,1,1663.5,1,2.835,1,34.608,1
5905611,2025-12-18T13:43:20Z,1,-26.76789,158.57778,1,1665.3,1,34.608,1,2.834,1,1665.3,1,2.834,1,34.608,1
5905611,2025-12-18T13:43:20Z,1,-26.76789,158.57778,1,1667.4,1,34.609,1,2.828,1,1667.4,1,2.828,1,34.609,1
5905611,2025-12-18T13:43:20Z,1,-26.76789,158.57778,1,1669.6,1,34.609,1,2.823,1,1669.6,1,2.823,1,34.609,1
5905611,2025-12-18T13:43:20Z,1,-26.76789,158.57778,1,1671.3,1,34.609,1,2.821,1,1671.3,1,2.821,1,34.609,1
5905611,2025-12-18T13:43:20Z,1,-26.76789,158.57778,1,1673.5,1,34.61,1,2.819,1,1673.5,1,2.819,1,34.61,1
5905611,2025-12-18T13:43:20Z,1,-26.76789,158.57778,1,1675.7,1,34.61,1,2.817,1,1675.7,1,2.817,1,34.61,1
5905611,2025-12-18T13:43:20Z,1,-26.76789,158.57778,1,1677.4,1,34.611,1,2.811,1,1677.4,1,2.811,1,34.611,1
5905611,2025-12-18T13:43:20Z,1,-26.76789,158.57778,1,1679.2,1,34.611,1,2.805,1,1679.2,1,2.805,1,34.611,1
5905611,2025-12-18T13:43:20Z,1,-26.76789,158.57778,1,1681.4,1,34.612,1,2.798,1,1681.4,1,2.798,1,34.612,1
5905611,2025-12-18T13:43:20Z,1,-26.76789,158.57778,1,1683.6,1,34.612,1,2.794,1,1683.6,1,2.794,1,34.612,1
5905611,2025-12-18T13:43:20Z,1,-26.76789,158.57778,1,1685.3,1,34.612,1,2.791,1,1685.3,1,2.791,1,34.612,1
5905611,2025-12-18T13:43:20Z,1,-26.76789,158.57778,1,1687.1,1,34.613,1,2.789,1,1687.1,1,2.789,1,34.613,1
5905611,2025-12-18T13:43:20Z,1,-26.76789,158.57778,1,1689.4,1,34.613,1,2.786,1,1689.4,1,2.786,1,34.613,1
5905611,2025-12-18T13:43:20Z,1,-26.76789,158.57778,1,1691.6,1,34.614,1,2.78,1,1691.6,1,2.78,1,34.614,1
5905611,2025-12-18T13:43:20Z,1,-26.76789,158.57778,1,1693.3,1,34.615,1,2.771,1,1693.3,1,2.771,1,34.615,1
5905611,2025-12-18T13:43:20Z,1,-26.76789,158.57778,1,1695.5,1,34.615,1,2.766,1,1695.5,1,2.766,1,34.615,1
5905611,2025-12-18T13:43:20Z,1,-26.76789,158.57778,1,1697.7,1,34.616,1,2.759,1,1697.7,1,2.759,1,34.616,1
5905611,2025-12-18T13:43:20Z,1,-26.76789,158.57778,1,1699.4,1,34.616,1,2.758,1,1699.4,1,2.758,1,34.616,1
5905611,2025-12-18T13:43:20Z,1,-26.76789,158.57778,1,1701.2,1,34.616,1,2.753,1,1701.2,1,2.753,1,34.616,1
5905611,2025-12-18T13:43:20Z,1,-26.76789,158.57778,1,1703.4,1,34.617,1,2.742,1,1703.4,1,2.742,1,34.617,1
5905611,2025-12-18T13:43:20Z,1,-26.76789,158.57778,1,1705.6,1,34.618,1,2.74,1,1705.6,1,2.74,1,34.618,1
5905611,2025-12-18T13:43:20Z,1,-26.76789,158.57778,1,1707.4,1,34.617,1,2.739,1,1707.4,1,2.739,1,34.617,1
5905611,2025-12-18T13:43:20Z,1,-26.76789,158.57778,1,1709.2,1,34.618,1,2.736,1,1709.2,1,2.736,1,34.618,1
5905611,2025-12-18T13:43:20Z,1,-26.76789,158.57778,1,1711.4,1,34.618,1,2.734,1,1711.4,1,2.734,1,34.618,1
5905611,2025-12-18T13:43:20Z,1,-26.76789,158.57778,1,1713.6,1,34.618,1,2.732,1,1713.6,1,2.732,1,34.618,1
5905611,2025-12-18T13:43:20Z,1,-26.76789,158.57778,1,1715.4,1,34.618,1,2.732,1,1715.4,1,2.732,1,34.618,1
5905611,2025-12-18T13:43:20Z,1,-26.76789,158.57778,1,1717.1,1,34.619,1,2.731,1,1717.1,1,2.731,1,34.619,1
5905611,2025-12-18T13:43:20Z,1,-26.76789,158.57778,1,1719.4,1,34.618,1,2.729,1,1719.4,1,2.729,1,34.618,1
5905611,2025-12-18T13:43:20Z,1,-26.76789,158.57778,1,1721.6,1,34.619,1,2.728,1,1721.6,1,2.728,1,34.619,1
5905611,2025-12-18T13:43:20Z,1,-26.76789,158.57778,1,1723.4,1,34.619,1,2.726,1,1723.4,1,2.726,1,34.619,1
5905611,2025-12-18T13:43:20Z,1,-26.76789,158.57778,1,1725.1,1,34.619,1,2.724,1,1725.1,1,2.724,1,34.619,1
5905611,2025-12-18T13:43:20Z,1,-26.76789,158.57778,1,1727.4,1,34.619,1,2.722,1,1727.4,1,2.722,1,34.619,1
5905611,2025-12-18T13:43:20Z,1,-26.76789,158.57778,1,1729.6,1,34.619,1,2.72,1,1729.6,1,2.72,1,34.619,1
5905611,2025-12-18T13:43:20Z,1,-26.76789,158.57778,1,1731.3,1,34.62,1,2.715,1,1731.3,1,2.715,1,34.62,1
5905611,2025-12-18T13:43:20Z,1,-26.76789,158.57778,1,1733.1,1,34.62,1,2.715,1,1733.1,1,2.715,1,34.62,1
5905611,2025-12-18T13:43:20Z,1,-26.76789,158.57778,1,1735.4,1,34.62,1,2.714,1,1735.4,1,2.714,1,34.62,1
5905611,2025-12-18T13:43:20Z,1,-26.76789,158.57778,1,1737.6,1,34.62,1,2.712,1,1737.6,1,2.712,1,34.62,1
5905611,2025-12-18T13:43:20Z,1,-26.76789,158.57778,1,1739.5,1,34.621,1,2.707,1,1739.5,1,2.707,1,34.621,1
5905611,2025-12-18T13:43:20Z,1,-26.76789,158.57778,1,1741.3,1,34.621,1,2.702,1,1741.3,1,2.702,1,34.621,1
5905611,2025-12-18T13:43:20Z,1,-26.76789,158.57778,1,1743.1,1,34.621,1,2.701,1,1743.1,1,2.701,1,34.621,1
5905611,2025-12-18T13:43:20Z,1,-26.76789,158.57778,1,1745.4,1,34.621,1,2.699,1,1745.4,1,2.699,1,34.621,1
5905611,2025-12-18T13:43:20Z,1,-26.76789,158.57778,1,1747.8,1,34.622,1,2.697,1,1747.8,1,2.697,1,34.622,1
5905611,2025-12-18T13:43:20Z,1,-26.76789,158.57778,1,1749.6,1,34.623,1,2.692,1,1749.6,1,2.692,1,34.623,1
5905611,2025-12-18T13:43:20Z,1,-26.76789,158.57778,1,1751.5,1,34.623,1,2.688,1,1751.5,1,2.688,1,34.623,1
5905611,2025-12-18T13:43:20Z,1,-26.76789,158.57778,1,1753.3,1,34.623,1,2.686,1,1753.3,1,2.686,1,34.623,1
5905611,2025-12-18T13:43:20Z,1,-26.76789,158.57778,1,1755.2,1,34.623,1,2.683,1,1755.2,1,2.683,1,34.623,1
5905611,2025-12-18T13:43:20Z,1,-26.76789,158.57778,1,1757.0,1,34.623,1,2.681,1,1757.0,1,2.681,1,34.623,1
5905611,2025-12-18T13:43:20Z,1,-26.76789,158.57778,1,1759.4,1,34.624,1,2.68,1,1759.4,1,2.68,1,34.624,1
5905611,2025-12-18T13:43:20Z,1,-26.76789,158.57778,1,1761.7,1,34.624,1,2.677,1,1761.7,1,2.677,1,34.624,1
5905611,2025-12-18T13:43:20Z,1,-26.76789,158.57778,1,1763.6,1,34.625,1,2.673,1,1763.6,1,2.673,1,34.625,1
5905611,2025-12-18T13:43:20Z,1,-26.76789,158.57778,1,1765.5,1,34.625,1,2.67,1,1765.5,1,2.67,1,34.625,1
5905611,2025-12-18T13:43:20Z,1,-26.76789,158.57778,1,1767.4,1,34.625,1,2.668,1,1767.4,1,2.668,1,34.625,1
5905611,2025-12-18T13:43:20Z,1,-26.76789,158.57778,1,1769.3,1,34.626,1,2.661,1,1769.3,1,2.661,1,34.626,1
5905611,2025-12-18T13:43:20Z,1,-26.76789,158.57778,1,1771.2,1,34.626,1,2.656,1,1771.2,1,2.656,1,34.626,1
5905611,2025-12-18T13:43:20Z,1,-26.76789,158.57778,1,1773.1,1,34.627,1,2.652,1,1773.1,1,2.652,1,34.627,1
5905611,2025-12-18T13:43:20Z,1,-26.76789,158.57778,1,1775.0,1,34.627,1,2.649,1,1775.0,1,2.649,1,34.627,1
5905611,2025-12-18T13:43:20Z,1,-26.76789,158.57778,1,1777.4,1,34.627,1,2.645,1,1777.4,1,2.645,1,34.627,1
5905611,2025-12-18T13:43:20Z,1,-26.76789,158.57778,1,1779.8,1,34.628,1,2.642,1,1779.8,1,2.642,1,34.628,1
5905611,2025-12-18T13:43:20Z,1,-26.76789,158.57778,1,1781.7,1,34.628,1,2.639,1,1781.7,1,2.639,1,34.628,1
5905611,2025-12-18T13:43:20Z,1,-26.76789,158.57778,1,1783.7,1,34.629,1,2.635,1,1783.7,1,2.635,1,34.629,1
5905611,2025-12-18T13:43:20Z,1,-26.76789,158.57778,1,1785.6,1,34.629,1,2.631,1,1785.6,1,2.631,1,34.629,1
5905611,2025-12-18T13:43:20Z,1,-26.76789,158.57778,1,1787.5,1,34.629,1,2.63,1,1787.5,1,2.63,1,34.629,1
5905611,2025-12-18T13:43:20Z,1,-26.76789,158.57778,1,1789.5,1,34.63,1,2.626,1,1789.5,1,2.626,1,34.63,1
5905611,2025-12-18T13:43:20Z,1,-26.76789,158.57778,1,1791.4,1,34.63,1,2.622,1,1791.4,1,2.622,1,34.63,1
5905611,2025-12-18T13:43:20Z,1,-26.76789,158.57778,1,1793.3,1,34.63,1,2.621,1,1793.3,1,2.621,1,34.63,1
5905611,2025-12-18T13:43:20Z,1,-26.76789,158.57778,1,1795.3,1,34.63,1,2.619,1,1795.3,1,2.619,1,34.63,1
5905611,2025-12-18T13:43:20Z,1,-26.76789,158.57778,1,1797.3,1,34.63,1,2.618,1,1797.3,1,2.618,1,34.63,1
5905611,2025-12-18T13:43:20Z,1,-26.76789,158.57778,1,1799.2,1,34.631,1,2.613,1,1799.2,1,2.613,1,34.631,1
5905611,2025-12-18T13:43:20Z,1,-26.76789,158.57778,1,1801.2,1,34.631,1,2.611,1,1801.2,1,2.611,1,34.631,1
5905611,2025-12-18T13:43:20Z,1,-26.76789,158.57778,1,1803.2,1,34.631,1,2.61,1,1803.2,1,2.61,1,34.631,1
5905611,2025-12-18T13:43:20Z,1,-26.76789,158.57778,1,1805.2,1,34.631,1,2.61,1,1805.2,1,2.61,1,34.631,1
5905611,2025-12-18T13:43:20Z,1,-26.76789,158.57778,1,1807.2,1,34.631,1,2.609,1,1807.2,1,2.609,1,34.631,1
5905611,2025-12-18T13:43:20Z,1,-26.76789,158.57778,1,1809.2,1,34.631,1,2.609,1,1809.2,1,2.609,1,34.631,1
5905611,2025-12-18T13:43:20Z,1,-26.76789,158.57778,1,1811.2,1,34.632,1,2.608,1,1811.2,1,2.608,1,34.632,1
5905611,2025-12-18T13:43:20Z,1,-26.76789,158.57778,1,1813.2,1,34.631,1,2.607,1,1813.2,1,2.607,1,34.631,1
5905611,2025-12-18T13:43:20Z,1,-26.76789,158.57778,1,1815.1,1,34.632,1,2.599,1,1815.1,1,2.599,1,34.632,1
5905611,2025-12-18T13:43:20Z,1,-26.76789,158.57778,1,1817.2,1,34.633,1,2.597,1,1817.2,1,2.597,1,34.633,1
5905611,2025-12-18T13:43:20Z,1,-26.76789,158.57778,1,1819.2,1,34.633,1,2.595,1,1819.2,1,2.595,1,34.633,1
5905611,2025-12-18T13:43:20Z,1,-26.76789,158.57778,1,1821.2,1,34.633,1,2.594,1,1821.2,1,2.594,1,34.633,1
5905611,2025-12-18T13:43:20Z,1,-26.76789,158.57778,1,1823.3,1,34.633,1,2.594,1,1823.3,1,2.594,1,34.633,1
5905611,2025-12-18T13:43:20Z,1,-26.76789,158.57778,1,1825.3,1,34.633,1,2.592,1,1825.3,1,2.592,1,34.633,1
5905611,2025-12-18T13:43:20Z,1,-26.76789,158.57778,1,1827.4,1,34.634,1,2.589,1,1827.4,1,2.589,1,34.634,1
5905611,2025-12-18T13:43:20Z,1,-26.76789,158.57778,1,1829.4,1,34.633,1,2.586,1,1829.4,1,2.586,1,34.633,1
5905611,2025-12-18T13:43:20Z,1,-26.76789,158.57778,1,1831.5,1,34.635,1,2.575,1,1831.5,1,2.575,1,34.635,1
5905611,2025-12-18T13:43:20Z,1,-26.76789,158.57778,1,1833.5,1,34.635,1,2.57,1,1833.5,1,2.57,1,34.635,1
5905611,2025-12-18T13:43:20Z,1,-26.76789,158.57778,1,1835.6,1,34.636,1,2.567,1,1835.6,1,2.567,1,34.636,1
5905611,2025-12-18T13:43:20Z,1,-26.76789,158.57778,1,1837.7,1,34.636,1,2.562,1,1837.7,1,2.562,1,34.636,1
5905611,2025-12-18T13:43:20Z,1,-26.76789,158.57778,1,1839.8,1,34.636,1,2.561,1,1839.8,1,2.561,1,34.636,1
5905611,2025-12-18T13:43:20Z,1,-26.76789,158.57778,1,1841.8,1,34.636,1,2.56,1,1841.8,1,2.56,1,34.636,1
5905611,2025-12-18T13:43:20Z,1,-26.76789,158.57778,1,1843.8,1,34.637,1,2.557,1,1843.8,1,2.557,1,34.637,1
5905611,2025-12-18T13:43:20Z,1,-26.76789,158.57778,1,1845.9,1,34.637,1,2.555,1,1845.9,1,2.555,1,34.637,1
5905611,2025-12-18T13:43:20Z,1,-26.76789,158.57778,1,1847.5,1,34.637,1,2.555,1,1847.5,1,2.555,1,34.637,1
5905611,2025-12-18T13:43:20Z,1,-26.76789,158.57778,1,1849.0,1,34.637,1,2.554,1,1849.0,1,2.554,1,34.637,1
5905611,2025-12-18T13:43:20Z,1,-26.76789,158.57778,1,1851.1,1,34.638,1,2.551,1,1851.1,1,2.551,1,34.638,1
5905611,2025-12-18T13:43:20Z,1,-26.76789,158.57778,1,1853.2,1,34.638,1,2.547,1,1853.2,1,2.547,1,34.638,1
5905611,2025-12-18T13:43:20Z,1,-26.76789,158.57778,1,1855.3,1,34.639,1,2.544,1,1855.3,1,2.544,1,34.639,1
5905611,2025-12-18T13:43:20Z,1,-26.76789,158.57778,1,1857.4,1,34.64,1,2.538,1,1857.4,1,2.538,1,34.64,1
5905611,2025-12-18T13:43:20Z,1,-26.76789,158.57778,1,1859.5,1,34.639,1,2.537,1,1859.5,1,2.537,1,34.639,1
5905611,2025-12-18T13:43:20Z,1,-26.76789,158.57778,1,1861.7,1,34.64,1,2.536,1,1861.7,1,2.536,1,34.64,1
5905611,2025-12-18T13:43:20Z,1,-26.76789,158.57778,1,1863.4,1,34.641,1,2.535,1,1863.4,1,2.535,1,34.641,1
5905611,2025-12-18T13:43:20Z,1,-26.76789,158.57778,1,1865.0,1,34.64,1,2.535,1,1865.0,1,2.535,1,34.64,1
5905611,2025-12-18T13:43:20Z,1,-26.76789,158.57778,1,1867.1,1,34.64,1,2.535,1,1867.1,1,2.535,1,34.64,1
5905611,2025-12-18T13:43:20Z,1,-26.76789,158.57778,1,1869.2,1,34.64,1,2.534,1,1869.2,1,2.534,1,34.64,1
5905611,2025-12-18T13:43:20Z,1,-26.76789,158.57778,1,1871.4,1,34.64,1,2.532,1,1871.4,1,2.532,1,34.64,1
5905611,2025-12-18T13:43:20Z,1,-26.76789,158.57778,1,1873.5,1,34.64,1,2.531,1,1873.5,1,2.531,1,34.64,1
5905611,2025-12-18T13:43:20Z,1,-26.76789,158.57778,1,1875.7,1,34.64,1,2.531,1,1875.7,1,2.531,1,34.64,1
5905611,2025-12-18T13:43:20Z,1,-26.76789,158.57778,1,1877.4,1,34.641,1,2.53,1,1877.4,1,2.53,1,34.641,1
5905611,2025-12-18T13:43:20Z,1,-26.76789,158.57778,1,1879.0,1,34.64,1,2.53,1,1879.0,1,2.53,1,34.64,1
5905611,2025-12-18T13:43:20Z,1,-26.76789,158.57778,1,1881.2,1,34.641,1,2.528,1,1881.2,1,2.528,1,34.641,1
5905611,2025-12-18T13:43:20Z,1,-26.76789,158.57778,1,1883.4,1,34.64,1,2.527,1,1883.4,1,2.527,1,34.64,1
5905611,2025-12-18T13:43:20Z,1,-26.76789,158.57778,1,1885.6,1,34.64,1,2.526,1,1885.6,1,2.526,1,34.64,1
5905611,2025-12-18T13:43:20Z,1,-26.76789,158.57778,1,1887.8,1,34.641,1,2.522,1,1887.8,1,2.522,1,34.641,1
5905611,2025-12-18T13:43:20Z,1,-26.76789,158.57778,1,1889.5,1,34.642,1,2.52,1,1889.5,1,2.52,1,34.642,1
5905611,2025-12-18T13:43:20Z,1,-26.76789,158.57778,1,1891.1,1,34.641,1,2.518,1,1891.1,1,2.518,1,34.641,1
5905611,2025-12-18T13:43:20Z,1,-26.76789,158.57778,1,1893.2,1,34.642,1,2.517,1,1893.2,1,2.517,1,34.642,1
5905611,2025-12-18T13:43:20Z,1,-26.76789,158.57778,1,1895.4,1,34.642,1,2.515,1,1895.4,1,2.515,1,34.642,1
5905611,2025-12-18T13:43:20Z,1,-26.76789,158.57778,1,1897.6,1,34.643,1,2.511,1,1897.6,1,2.511,1,34.643,1
5905611,2025-12-18T13:43:20Z,1,-26.76789,158.57778,1,1899.8,1,34.644,1,2.507,1,1899.8,1,2.507,1,34.644,1
5905611,2025-12-18T13:43:20Z,1,-26.76789,158.57778,1,1901.4,1,34.644,1,2.505,1,1901.4,1,2.505,1,34.644,1
5905611,2025-12-18T13:43:20Z,1,-26.76789,158.57778,1,1903.0,1,34.643,1,2.504,1,1903.0,1,2.504,1,34.643,1
5905611,2025-12-18T13:43:20Z,1,-26.76789,158.57778,1,1905.2,1,34.645,1,2.502,1,1905.2,1,2.502,1,34.645,1
5905611,2025-12-18T13:43:20Z,1,-26.76789,158.57778,1,1907.4,1,34.644,1,2.501,1,1907.4,1,2.501,1,34.644,1
5905611,2025-12-18T13:43:20Z,1,-26.76789,158.57778,1,1909.6,1,34.645,1,2.499,1,1909.6,1,2.499,1,34.645,1
5905611,2025-12-18T13:43:20Z,1,-26.76789,158.57778,1,1911.8,1,34.644,1,2.498,1,1911.8,1,2.498,1,34.644,1
5905611,2025-12-18T13:43:20Z,1,-26.76789,158.57778,1,1913.5,1,34.645,1,2.496,1,1913.5,1,2.496,1,34.645,1
5905611,2025-12-18T13:43:20Z,1,-26.76789,158.57778,1,1915.1,1,34.645,1,2.494,1,1915.1,1,2.494,1,34.645,1
5905611,2025-12-18T13:43:20Z,1,-26.76789,158.57778,1,1917.3,1,34.646,1,2.491,1,1917.3,1,2.491,1,34.646,1
5905611,2025-12-18T13:43:20Z,1,-26.76789,158.57778,1,1919.5,1,34.646,1,2.489,1,1919.5,1,2.489,1,34.646,1
5905611,2025-12-18T13:43:20Z,1,-26.76789,158.57778,1,1921.6,1,34.645,1,2.488,1,1921.6,1,2.488,1,34.645,1
5905611,2025-12-18T13:43:20Z,1,-26.76789,158.57778,1,1923.8,1,34.646,1,2.483,1,1923.8,1,2.483,1,34.646,1
5905611,2025-12-18T13:43:20Z,1,-26.76789,158.57778,1,1925.4,1,34.646,1,2.481,1,1925.4,1,2.481,1,34.646,1
5905611,2025-12-18T13:43:20Z,1,-26.76789,158.57778,1,1927.0,1,34.646,1,2.479,1,1927.0,1,2.479,1,34.646,1
5905611,2025-12-18T13:43:20Z,1,-26.76789,158.57778,1,1929.3,1,34.646,1,2.479,1,1929.3,1,2.479,1,34.646,1
5905611,2025-12-18T13:43:20Z,1,-26.76789,158.57778,1,1931.4,1,34.646,1,2.477,1,1931.4,1,2.477,1,34.646,1
5905611,2025-12-18T13:43:20Z,1,-26.76789,158.57778,1,1933.6,1,34.647,1,2.474,1,1933.6,1,2.474,1,34.647,1
5905611,2025-12-18T13:43:20Z,1,-26.76789,158.57778,1,1935.8,1,34.647,1,2.472,1,1935.8,1,2.472,1,34.647,1
5905611,2025-12-18T13:43:20Z,1,-26.76789,158.57778,1,1937.4,1,34.648,1,2.469,1,1937.4,1,2.469,1,34.648,1
5905611,2025-12-18T13:43:20Z,1,-26.76789,158.57778,1,1939.0,1,34.648,1,2.467,1,1939.0,1,2.467,1,34.648,1
5905611,2025-12-18T13:43:20Z,1,-26.76789,158.57778,1,1941.2,1,34.648,1,2.465,1,1941.2,1,2.465,1,34.648,1
5905611,2025-12-18T13:43:20Z,1,-26.76789,158.57778,1,1943.4,1,34.649,1,2.462,1,1943.4,1,2.462,1,34.649,1
5905611,2025-12-18T13:43:20Z,1,-26.76789,158.57778,1,1945.5,1,34.648,1,2.461,1,1945.5,1,2.461,1,34.648,1
5905611,2025-12-18T13:43:20Z,1,-26.76789,158.57778,1,1947.7,1,34.649,1,2.458,1,1947.7,1,2.458,1,34.649,1
5905611,2025-12-18T13:43:20Z,1,-26.76789,158.57778,1,1949.8,1,34.65,1,2.451,1,1949.8,1,2.451,1,34.65,1
5905611,2025-12-18T13:43:20Z,1,-26.76789,158.57778,1,1951.5,1,34.651,1,2.45,1,1951.5,1,2.45,1,34.651,1
5905611,2025-12-18T13:43:20Z,1,-26.76789,158.57778,1,1953.0,1,34.65,1,2.45,1,1953.0,1,2.45,1,34.65,1
5905611,2025-12-18T13:43:20Z,1,-26.76789,158.57778,1,1955.1,1,34.651,1,2.448,1,1955.1,1,2.448,1,34.651,1
5905611,2025-12-18T13:43:20Z,1,-26.76789,158.57778,1,1957.2,1,34.651,1,2.445,1,1957.2,1,2.445,1,34.651,1
5905611,2025-12-18T13:43:20Z,1,-26.76789,158.57778,1,1959.4,1,34.651,1,2.446,1,1959.4,1,2.446,1,34.651,1
5905611,2025-12-18T13:43:20Z,1,-26.76789,158.57778,1,1961.5,1,34.651,1,2.445,1,1961.5,1,2.445,1,34.651,1
5905611,2025-12-18T13:43:20Z,1,-26.76789,158.57778,1,1963.6,1,34.652,1,2.444,1,1963.6,1,2.444,1,34.652,1
5905611,2025-12-18T13:43:20Z,1,-26.76789,158.57778,1,1965.7,1,34.652,1,2.44,1,1965.7,1,2.44,1,34.652,1
5905611,2025-12-18T13:43:20Z,1,-26.76789,158.57778,1,1967.8,1,34.652,1,2.44,1,1967.8,1,2.44,1,34.652,1
5905611,2025-12-18T13:43:20Z,1,-26.76789,158.57778,1,1969.8,1,34.652,1,2.436,1,1969.8,1,2.436,1,34.652,1
5905611,2025-12-18T13:43:20Z,1,-26.76789,158.57778,1,1971.4,1,34.653,1,2.434,1,1971.4,1,2.434,1,34.653,1
5905611,2025-12-18T13:43:20Z,1,-26.76789,158.57778,1,1973.0,1,34.653,1,2.433,1,1973.0,1,2.433,1,34.653,1
5905611,2025-12-18T13:43:20Z,1,-26.76789,158.57778,1,1975.0,1,34.653,1,2.433,1,1975.0,1,2.433,1,34.653,1
5905611,2025-12-18T13:43:20Z,1,-26.76789,158.57778,1,1977.1,1,34.653,1,2.433,1,1977.1,1,2.433,1,34.653,1
5905611,2025-12-18T13:43:20Z,1,-26.76789,158.57778,1,1979.2,1,34.653,1,2.432,1,1979.2,1,2.432,1,34.653,1
5905611,2025-12-18T13:43:20Z,1,-26.76789,158.57778,1,1981.2,1,34.654,1,2.431,1,1981.2,1,2.431,1,34.654,1
5905611,2025-12-18T13:43:20Z,1,-26.76789,158.57778,1,1983.3,1,34.653,1,2.43,1,1983.3,1,2.43,1,34.653,1
5905611,2025-12-18T13:43:20Z,1,-26.76789,158.57778,1,1985.3,1,34.653,1,2.429,1,1985.3,1,2.429,1,34.653,1
5905611,2025-12-18T13:43:20Z,1,-26.76789,158.57778,1,1987.4,1,34.654,1,2.423,1,1987.4,1,2.423,1,34.654,1
5905611,2025-12-18T13:43:20Z,1,-26.76789,158.57778,1,1989.3,1,34.655,1,2.418,1,1989.3,1,2.418,1,34.655,1
5905611,2025-12-18T13:43:20Z,1,-26.76789,158.57778,1,1991.3,1,34.655,1,2.415,1,1991.3,1,2.415,1,34.655,1
5905611,2025-12-18T13:43:20Z,1,-26.76789,158.57778,1,1993.3,1,34.656,1,2.412,1,1993.3,1,2.412,1,34.656,1
5905611,2025-12-18T13:43:20Z,1,-26.76789,158.57778,1,1995.3,1,34.656,1,2.411,1,1995.3,1,2.411,1,34.656,1
5905611,2025-12-18T13:43:20Z,1,-26.76789,158.57778,1,1997.3,1,34.655,1,2.411,1,1997.3,1,2.411,1,34.655,1
5905611,2025-12-18T13:43:20Z,1,-26.76789,158.57778,1,1999.5,1,34.656,1,2.409,1,1999.5,1,2.409,1,34.656,1
5905611,2025-12-18T13:43:20Z,1,-26.76789,158.57778,1,2001.5,1,34.656,1,2.407,1,2001.5,1,2.407,1,34.656,1
5905611,2025-12-18T13:43:20Z,1,-26.76789,158.57778,1,2003.6,1,34.657,1,2.402,1,2003.6,1,2.402,1,34.657,1
5905611,2025-12-18T13:43:20Z,1,-26.76789,158.57778,1,2004.7,1,34.657,1,2.402,1,2004.7,1,2.402,1,34.657,1
