PLATFORM_CODE,DATE (YYYY-MM-DDTHH:MI:SSZ),DATE_QC,LATITUDE (degree_north),LONGITUDE (degree_east),POSITION_QC,PRES (decibar),PRES_QC,PSAL (psu),PSAL_QC,TEMP (degree_Celsius),TEMP_QC,PRES_ADJUSTED (decibar),PRES_ADJUSTED_QC,TEMP_ADJUSTED (degree_Celsius),TEMP_ADJUSTED_QC,PSAL_ADJUSTED (psu),PSAL_ADJUSTED_QC
5905620,2025-12-06T05:36:20Z,1,-47.4087,142.65128,1,0.4,1,34.622,1,9.468,1,0.4,1,9.468,1,34.622,1
5905620,2025-12-06T05:36:20Z,1,-47.4087,142.65128,1,1.6,1,34.626,1,9.462,1,1.6,1,9.462,1,34.626,1
5905620,2025-12-06T05:36:20Z,1,-47.4087,142.65128,1,3.4,1,34.622,1,9.462,1,3.4,1,9.462,1,34.622,1
5905620,2025-12-06T05:36:20Z,1,-47.4087,142.65128,1,4.7,1,34.628,1,9.453,1,4.7,1,9.453,1,34.628,1
5905620,2025-12-06T05:36:20Z,1,-47.4087,142.65128,1,5.9,1,34.627,1,9.456,1,5.9,1,9.456,1,34.627,1
5905620,2025-12-06T05:36:20Z,1,-47.4087,142.65128,1,7.6,1,34.627,1,9.461,1,7.6,1,9.461,1,34.627,1
5905620,2025-12-06T05:36:20Z,1,-47.4087,142.65128,1,9.5,1,34.628,1,9.46,1,9.5,1,9.46,1,34.628,1
5905620,2025-12-06T05:36:20Z,1,-47.4087,142.65128,1,11.4,1,34.627,1,9.464,1,11.4,1,9.464,1,34.627,1
5905620,2025-12-06T05:36:20Z,1,-47.4087,142.65128,1,13.3,1,34.625,1,9.451,1,13.3,1,9.451,1,34.625,1
5905620,2025-12-06T05:36:20Z,1,-47.4087,142.65128,1,15.5,1,34.62,1,9.445,1,15.5,1,9.445,1,34.62,1
5905620,2025-12-06T05:36:20Z,1,-47.4087,142.65128,1,17.7,1,34.628,1,9.43,1,17.7,1,9.43,1,34.628,1
5905620,2025-12-06T05:36:20Z,1,-47.4087,142.65128,1,19.7,1,34.627,1,9.404,1,19.7,1,9.404,1,34.627,1
5905620,2025-12-06T05:36:20Z,1,-47.4087,142.65128,1,21.7,1,34.623,1,9.396,1,21.7,1,9.396,1,34.623,1
5905620,2025-12-06T05:36:20Z,1,-47.4087,142.65128,1,23.6,1,34.624,1,9.396,1,23.6,1,9.396,1,34.624,1
5905620,2025-12-06T05:36:20Z,1,-47.4087,142.65128,1,25.5,1,34.627,1,9.387,1,25.5,1,9.387,1,34.627,1
5905620,2025-12-06T05:36:20Z,1,-47.4087,142.65128,1,27.5,1,34.618,1,9.391,1,27.5,1,9.391,1,34.618,1
5905620,2025-12-06T05:36:20Z,1,-47.4087,142.65128,1,29.5,1,34.624,1,9.374,1,29.5,1,9.374,1,34.624,1
5905620,2025-12-06T05:36:20Z,1,-47.4087,142.65128,1,31.6,1,34.624,1,9.329,1,31.6,1,9.329,1,34.624,1
5905620,2025-12-06T05:36:20Z,1,-47.4087,142.65128,1,33.3,1,34.624,1,9.311,1,33.3,1,9.311,1,34.624,1
5905620,2025-12-06T05:36:20Z,1,-47.4087,142.65128,1,35.0,1,34.622,1,9.306,1,35.0,1,9.306,1,34.622,1
5905620,2025-12-06T05:36:20Z,1,-47.4087,142.65128,1,37.2,1,34.621,1,9.303,1,37.2,1,9.303,1,34.621,1
5905620,2025-12-06T05:36:20Z,1,-47.4087,142.65128,1,39.3,1,34.62,1,9.3,1,39.3,1,9.3,1,34.62,1
5905620,2025-12-06T05:36:20Z,1,-47.4087,142.65128,1,41.5,1,34.62,1,9.297,1,41.5,1,9.297,1,34.62,1
5905620,2025-12-06T05:36:20Z,1,-47.4087,142.65128,1,43.6,1,34.62,1,9.295,1,43.6,1,9.295,1,34.62,1
5905620,2025-12-06T05:36:20Z,1,-47.4087,142.65128,1,45.7,1,34.62,1,9.294,1,45.7,1,9.294,1,34.62,1
5905620,2025-12-06T05:36:20Z,1,-47.4087,142.65128,1,47.4,1,34.62,1,9.294,1,47.4,1,9.294,1,34.62,1
5905620,2025-12-06T05:36:20Z,1,-47.4087,142.65128,1,49.0,1,34.62,1,9.292,1,49.0,1,9.292,1,34.62,1
5905620,2025-12-06T05:36:20Z,1,-47.4087,142.65128,1,51.1,1,34.62,1,9.291,1,51.1,1,9.291,1,34.62,1
5905620,2025-12-06T05:36:20Z,1,-47.4087,142.65128,1,53.2,1,34.62,1,9.29,1,53.2,1,9.29,1,34.62,1
5905620,2025-12-06T05:36:20Z,1,-47.4087,142.65128,1,55.5,1,34.62,1,9.287,1,55.5,1,9.287,1,34.62,1
5905620,2025-12-06T05:36:20Z,1,-47.4087,142.65128,1,57.4,1,34.62,1,9.285,1,57.4,1,9.285,1,34.62,1
5905620,2025-12-06T05:36:20Z,1,-47.4087,142.65128,1,59.4,1,34.619,1,9.285,1,59.4,1,9.285,1,34.619,1
5905620,2025-12-06T05:36:20Z,1,-47.4087,142.65128,1,61.3,1,34.618,1,9.281,1,61.3,1,9.281,1,34.618,1
5905620,2025-12-06T05:36:20Z,1,-47.4087,142.65128,1,63.3,1,34.619,1,9.26,1,63.3,1,9.26,1,34.619,1
5905620,2025-12-06T05:36:20Z,1,-47.4087,142.65128,1,65.3,1,34.617,1,9.243,1,65.3,1,9.243,1,34.617,1
5905620,2025-12-06T05:36:20Z,1,-47.4087,142.65128,1,67.2,1,34.615,1,9.218,1,67.2,1,9.218,1,34.615,1
5905620,2025-12-06T05:36:20Z,1,-47.4087,142.65128,1,69.3,1,34.614,1,9.189,1,69.3,1,9.189,1,34.614,1
5905620,2025-12-06T05:36:20Z,1,-47.4087,142.65128,1,71.3,1,34.612,1,9.136,1,71.3,1,9.136,1,34.612,1
5905620,2025-12-06T05:36:20Z,1,-47.4087,142.65128,1,73.4,1,34.61,1,9.109,1,73.4,1,9.109,1,34.61,1
5905620,2025-12-06T05:36:20Z,1,-47.4087,142.65128,1,75.4,1,34.611,1,9.064,1,75.4,1,9.064,1,34.611,1
5905620,2025-12-06T05:36:20Z,1,-47.4087,142.65128,1,77.5,1,34.607,1,9.035,1,77.5,1,9.035,1,34.607,1
5905620,2025-12-06T05:36:20Z,1,-47.4087,142.65128,1,79.5,1,34.607,1,9.024,1,79.5,1,9.024,1,34.607,1
5905620,2025-12-06T05:36:20Z,1,-47.4087,142.65128,1,81.6,1,34.607,1,9.014,1,81.6,1,9.014,1,34.607,1
5905620,2025-12-06T05:36:20Z,1,-47.4087,142.65128,1,83.2,1,34.607,1,9.012,1,83.2,1,9.012,1,34.607,1
5905620,2025-12-06T05:36:20Z,1,-47.4087,142.65128,1,85.3,1,34.606,1,9.012,1,85.3,1,9.012,1,34.606,1
5905620,2025-12-06T05:36:20Z,1,-47.4087,142.65128,1,87.3,1,34.607,1,9.011,1,87.3,1,9.011,1,34.607,1
5905620,2025-12-06T05:36:20Z,1,-47.4087,142.65128,1,89.4,1,34.606,1,9.011,1,89.4,1,9.011,1,34.606,1
5905620,2025-12-06T05:36:20Z,1,-47.4087,142.65128,1,91.5,1,34.606,1,9.011,1,91.5,1,9.011,1,34.606,1
5905620,2025-12-06T05:36:20Z,1,-47.4087,142.65128,1,93.5,1,34.606,1,9.009,1,93.5,1,9.009,1,34.606,1
5905620,2025-12-06T05:36:20Z,1,-47.4087,142.65128,1,95.6,1,34.606,1,9.009,1,95.6,1,9.009,1,34.606,1
5905620,2025-12-06T05:36:20Z,1,-47.4087,142.65128,1,97.2,1,34.606,1,9.008,1,97.2,1,9.008,1,34.606,1
5905620,2025-12-06T05:36:20Z,1,-47.4087,142.65128,1,99.3,1,34.605,1,9.007,1,99.3,1,9.007,1,34.605,1
5905620,2025-12-06T05:36:20Z,1,-47.4087,142.65128,1,101.4,1,34.606,1,9.007,1,101.4,1,9.007,1,34.606,1
5905620,2025-12-06T05:36:20Z,1,-47.4087,142.65128,1,103.5,1,34.605,1,9.006,1,103.5,1,9.006,1,34.605,1
5905620,2025-12-06T05:36:20Z,1,-47.4087,142.65128,1,105.6,1,34.605,1,9.007,1,105.6,1,9.007,1,34.605,1
5905620,2025-12-06T05:36:20Z,1,-47.4087,142.65128,1,107.3,1,34.605,1,9.007,1,107.3,1,9.007,1,34.605,1
5905620,2025-12-06T05:36:20Z,1,-47.4087,142.65128,1,109.4,1,34.605,1,9.007,1,109.4,1,9.007,1,34.605,1
5905620,2025-12-06T05:36:20Z,1,-47.4087,142.65128,1,111.5,1,34.605,1,9.007,1,111.5,1,9.007,1,34.605,1
5905620,2025-12-06T05:36:20Z,1,-47.4087,142.65128,1,113.2,1,34.606,1,9.007,1,113.2,1,9.007,1,34.606,1
5905620,2025-12-06T05:36:20Z,1,-47.4087,142.65128,1,115.3,1,34.605,1,9.007,1,115.3,1,9.007,1,34.605,1
5905620,2025-12-06T05:36:20Z,1,-47.4087,142.65128,1,117.4,1,34.605,1,9.008,1,117.4,1,9.008,1,34.605,1
5905620,2025-12-06T05:36:20Z,1,-47.4087,142.65128,1,119.5,1,34.606,1,9.008,1,119.5,1,9.008,1,34.606,1
5905620,2025-12-06T05:36:20Z,1,-47.4087,142.65128,1,121.7,1,34.606,1,9.008,1,121.7,1,9.008,1,34.606,1
5905620,2025-12-06T05:36:20Z,1,-47.4087,142.65128,1,123.4,1,34.606,1,9.008,1,123.4,1,9.008,1,34.606,1
5905620,2025-12-06T05:36:20Z,1,-47.4087,142.65128,1,125.5,1,34.606,1,9.009,1,125.5,1,9.009,1,34.606,1
5905620,2025-12-06T05:36:20Z,1,-47.4087,142.65128,1,127.6,1,34.606,1,9.01,1,127.6,1,9.01,1,34.606,1
5905620,2025-12-06T05:36:20Z,1,-47.4087,142.65128,1,129.4,1,34.606,1,9.01,1,129.4,1,9.01,1,34.606,1
5905620,2025-12-06T05:36:20Z,1,-47.4087,142.65128,1,131.1,1,34.606,1,9.011,1,131.1,1,9.011,1,34.606,1
5905620,2025-12-06T05:36:20Z,1,-47.4087,142.65128,1,133.3,1,34.606,1,9.011,1,133.3,1,9.011,1,34.606,1
5905620,2025-12-06T05:36:20Z,1,-47.4087,142.65128,1,135.5,1,34.606,1,9.011,1,135.5,1,9.011,1,34.606,1
5905620,2025-12-06T05:36:20Z,1,-47.4087,142.65128,1,137.3,1,34.605,1,9.01,1,137.3,1,9.01,1,34.605,1
5905620,2025-12-06T05:36:20Z,1,-47.4087,142.65128,1,139.1,1,34.606,1,9.007,1,139.1,1,9.007,1,34.606,1
5905620,2025-12-06T05:36:20Z,1,-47.4087,142.65128,1,141.3,1,34.604,1,9.003,1,141.3,1,9.003,1,34.604,1
5905620,2025-12-06T05:36:20Z,1,-47.4087,142.65128,1,143.5,1,34.604,1,9.0,1,143.5,1,9.0,1,34.604,1
5905620,2025-12-06T05:36:20Z,1,-47.4087,142.65128,1,145.3,1,34.604,1,8.998,1,145.3,1,8.998,1,34.604,1
5905620,2025-12-06T05:36:20Z,1,-47.4087,142.65128,1,147.5,1,34.604,1,8.999,1,147.5,1,8.999,1,34.604,1
5905620,2025-12-06T05:36:20Z,1,-47.4087,142.65128,1,149.7,1,34.604,1,9.004,1,149.7,1,9.004,1,34.604,1
5905620,2025-12-06T05:36:20Z,1,-47.4087,142.65128,1,151.5,1,34.606,1,9.008,1,151.5,1,9.008,1,34.606,1
5905620,2025-12-06T05:36:20Z,1,-47.4087,142.65128,1,153.3,1,34.606,1,9.01,1,153.3,1,9.01,1,34.606,1
5905620,2025-12-06T05:36:20Z,1,-47.4087,142.65128,1,155.1,1,34.606,1,9.01,1,155.1,1,9.01,1,34.606,1
5905620,2025-12-06T05:36:20Z,1,-47.4087,142.65128,1,157.4,1,34.606,1,9.01,1,157.4,1,9.01,1,34.606,1
5905620,2025-12-06T05:36:20Z,1,-47.4087,142.65128,1,159.6,1,34.606,1,9.011,1,159.6,1,9.011,1,34.606,1
5905620,2025-12-06T05:36:20Z,1,-47.4087,142.65128,1,161.4,1,34.607,1,9.011,1,161.4,1,9.011,1,34.607,1
5905620,2025-12-06T05:36:20Z,1,-47.4087,142.65128,1,163.2,1,34.607,1,9.011,1,163.2,1,9.011,1,34.607,1
5905620,2025-12-06T05:36:20Z,1,-47.4087,142.65128,1,165.5,1,34.606,1,9.011,1,165.5,1,9.011,1,34.606,1
5905620,2025-12-06T05:36:20Z,1,-47.4087,142.65128,1,167.7,1,34.606,1,9.012,1,167.7,1,9.012,1,34.606,1
5905620,2025-12-06T05:36:20Z,1,-47.4087,142.65128,1,169.6,1,34.606,1,9.011,1,169.6,1,9.011,1,34.606,1
5905620,2025-12-06T05:36:20Z,1,-47.4087,142.65128,1,171.4,1,34.606,1,9.012,1,171.4,1,9.012,1,34.606,1
5905620,2025-12-06T05:36:20Z,1,-47.4087,142.65128,1,173.2,1,34.607,1,9.012,1,173.2,1,9.012,1,34.607,1
5905620,2025-12-06T05:36:20Z,1,-47.4087,142.65128,1,175.5,1,34.606,1,9.011,1,175.5,1,9.011,1,34.606,1
5905620,2025-12-06T05:36:20Z,1,-47.4087,142.65128,1,177.7,1,34.606,1,9.008,1,177.7,1,9.008,1,34.606,1
5905620,2025-12-06T05:36:20Z,1,-47.4087,142.65128,1,179.6,1,34.605,1,9.006,1,179.6,1,9.006,1,34.605,1
5905620,2025-12-06T05:36:20Z,1,-47.4087,142.65128,1,181.4,1,34.606,1,9.005,1,181.4,1,9.005,1,34.606,1
5905620,2025-12-06T05:36:20Z,1,-47.4087,142.65128,1,183.2,1,34.605,1,9.006,1,183.2,1,9.006,1,34.605,1
5905620,2025-12-06T05:36:20Z,1,-47.4087,142.65128,1,185.1,1,34.605,1,9.005,1,185.1,1,9.005,1,34.605,1
5905620,2025-12-06T05:36:20Z,1,-47.4087,142.65128,1,187.4,1,34.605,1,9.005,1,187.4,1,9.005,1,34.605,1
5905620,2025-12-06T05:36:20Z,1,-47.4087,142.65128,1,189.7,1,34.605,1,9.004,1,189.7,1,9.004,1,34.605,1
5905620,2025-12-06T05:36:20Z,1,-47.4087,142.65128,1,191.5,1,34.605,1,9.004,1,191.5,1,9.004,1,34.605,1
5905620,2025-12-06T05:36:20Z,1,-47.4087,142.65128,1,193.3,1,34.605,1,9.004,1,193.3,1,9.004,1,34.605,1
5905620,2025-12-06T05:36:20Z,1,-47.4087,142.65128,1,195.1,1,34.605,1,9.004,1,195.1,1,9.004,1,34.605,1
5905620,2025-12-06T05:36:20Z,1,-47.4087,142.65128,1,197.5,1,34.605,1,9.006,1,197.5,1,9.006,1,34.605,1
5905620,2025-12-06T05:36:20Z,1,-47.4087,142.65128,1,199.8,1,34.604,1,9.0,1,199.8,1,9.0,1,34.604,1
5905620,2025-12-06T05:36:20Z,1,-47.4087,142.65128,1,201.7,1,34.605,1,9.001,1,201.7,1,9.001,1,34.605,1
5905620,2025-12-06T05:36:20Z,1,-47.4087,142.65128,1,203.6,1,34.605,1,9.002,1,203.6,1,9.002,1,34.605,1
5905620,2025-12-06T05:36:20Z,1,-47.4087,142.65128,1,205.4,1,34.605,1,9.004,1,205.4,1,9.004,1,34.605,1
5905620,2025-12-06T05:36:20Z,1,-47.4087,142.65128,1,207.3,1,34.606,1,9.005,1,207.3,1,9.005,1,34.606,1
5905620,2025-12-06T05:36:20Z,1,-47.4087,142.65128,1,209.2,1,34.606,1,9.004,1,209.2,1,9.004,1,34.606,1
5905620,2025-12-06T05:36:20Z,1,-47.4087,142.65128,1,211.1,1,34.605,1,9.004,1,211.1,1,9.004,1,34.605,1
5905620,2025-12-06T05:36:20Z,1,-47.4087,142.65128,1,213.0,1,34.605,1,9.001,1,213.0,1,9.001,1,34.605,1
5905620,2025-12-06T05:36:20Z,1,-47.4087,142.65128,1,215.4,1,34.605,1,9.001,1,215.4,1,9.001,1,34.605,1
5905620,2025-12-06T05:36:20Z,1,-47.4087,142.65128,1,217.8,1,34.605,1,9.001,1,217.8,1,9.001,1,34.605,1
5905620,2025-12-06T05:36:20Z,1,-47.4087,142.65128,1,219.7,1,34.606,1,9.003,1,219.7,1,9.003,1,34.606,1
5905620,2025-12-06T05:36:20Z,1,-47.4087,142.65128,1,221.7,1,34.606,1,9.006,1,221.7,1,9.006,1,34.606,1
5905620,2025-12-06T05:36:20Z,1,-47.4087,142.65128,1,223.6,1,34.607,1,9.008,1,223.6,1,9.008,1,34.607,1
5905620,2025-12-06T05:36:20Z,1,-47.4087,142.65128,1,225.5,1,34.607,1,9.008,1,225.5,1,9.008,1,34.607,1
5905620,2025-12-06T05:36:20Z,1,-47.4087,142.65128,1,227.3,1,34.607,1,9.008,1,227.3,1,9.008,1,34.607,1
5905620,2025-12-06T05:36:20Z,1,-47.4087,142.65128,1,229.2,1,34.607,1,9.009,1,229.2,1,9.009,1,34.607,1
5905620,2025-12-06T05:36:20Z,1,-47.4087,142.65128,1,231.1,1,34.607,1,9.008,1,231.1,1,9.008,1,34.607,1
5905620,2025-12-06T05:36:20Z,1,-47.4087,142.65128,1,233.0,1,34.607,1,9.008,1,233.0,1,9.008,1,34.607,1
5905620,2025-12-06T05:36:20Z,1,-47.4087,142.65128,1,235.4,1,34.607,1,9.009,1,235.4,1,9.009,1,34.607,1
5905620,2025-12-06T05:36:20Z,1,-47.4087,142.65128,1,237.8,1,34.607,1,9.008,1,237.8,1,9.008,1,34.607,1
5905620,2025-12-06T05:36:20Z,1,-47.4087,142.65128,1,239.6,1,34.607,1,9.009,1,239.6,1,9.009,1,34.607,1
5905620,2025-12-06T05:36:20Z,1,-47.4087,142.65128,1,241.5,1,34.607,1,9.009,1,241.5,1,9.009,1,34.607,1
5905620,2025-12-06T05:36:20Z,1,-47.4087,142.65128,1,243.4,1,34.607,1,9.009,1,243.4,1,9.009,1,34.607,1
5905620,2025-12-06T05:36:20Z,1,-47.4087,142.65128,1,245.2,1,34.607,1,9.008,1,245.2,1,9.008,1,34.607,1
5905620,2025-12-06T05:36:20Z,1,-47.4087,142.65128,1,247.1,1,34.607,1,9.009,1,247.1,1,9.009,1,34.607,1
5905620,2025-12-06T05:36:20Z,1,-47.4087,142.65128,1,249.4,1,34.607,1,9.01,1,249.4,1,9.01,1,34.607,1
5905620,2025-12-06T05:36:20Z,1,-47.4087,142.65128,1,251.7,1,34.607,1,9.01,1,251.7,1,9.01,1,34.607,1
5905620,2025-12-06T05:36:20Z,1,-47.4087,142.65128,1,253.6,1,34.607,1,9.011,1,253.6,1,9.011,1,34.607,1
5905620,2025-12-06T05:36:20Z,1,-47.4087,142.65128,1,255.5,1,34.607,1,9.011,1,255.5,1,9.011,1,34.607,1
5905620,2025-12-06T05:36:20Z,1,-47.4087,142.65128,1,257.4,1,34.607,1,9.012,1,257.4,1,9.012,1,34.607,1
5905620,2025-12-06T05:36:20Z,1,-47.4087,142.65128,1,259.2,1,34.609,1,9.016,1,259.2,1,9.016,1,34.609,1
5905620,2025-12-06T05:36:20Z,1,-47.4087,142.65128,1,261.1,1,34.609,1,9.016,1,261.1,1,9.016,1,34.609,1
5905620,2025-12-06T05:36:20Z,1,-47.4087,142.65128,1,263.5,1,34.608,1,9.016,1,263.5,1,9.016,1,34.608,1
5905620,2025-12-06T05:36:20Z,1,-47.4087,142.65128,1,265.8,1,34.608,1,9.014,1,265.8,1,9.014,1,34.608,1
5905620,2025-12-06T05:36:20Z,1,-47.4087,142.65128,1,267.6,1,34.608,1,9.014,1,267.6,1,9.014,1,34.608,1
5905620,2025-12-06T05:36:20Z,1,-47.4087,142.65128,1,269.5,1,34.608,1,9.013,1,269.5,1,9.013,1,34.608,1
5905620,2025-12-06T05:36:20Z,1,-47.4087,142.65128,1,271.4,1,34.608,1,9.012,1,271.4,1,9.012,1,34.608,1
5905620,2025-12-06T05:36:20Z,1,-47.4087,142.65128,1,273.3,1,34.607,1,9.009,1,273.3,1,9.009,1,34.607,1
5905620,2025-12-06T05:36:20Z,1,-47.4087,142.65128,1,275.1,1,34.607,1,9.01,1,275.1,1,9.01,1,34.607,1
5905620,2025-12-06T05:36:20Z,1,-47.4087,142.65128,1,277.4,1,34.607,1,9.01,1,277.4,1,9.01,1,34.607,1
5905620,2025-12-06T05:36:20Z,1,-47.4087,142.65128,1,279.7,1,34.608,1,9.01,1,279.7,1,9.01,1,34.608,1
5905620,2025-12-06T05:36:20Z,1,-47.4087,142.65128,1,281.6,1,34.607,1,9.011,1,281.6,1,9.011,1,34.607,1
5905620,2025-12-06T05:36:20Z,1,-47.4087,142.65128,1,283.4,1,34.607,1,9.01,1,283.4,1,9.01,1,34.607,1
5905620,2025-12-06T05:36:20Z,1,-47.4087,142.65128,1,285.3,1,34.608,1,9.01,1,285.3,1,9.01,1,34.608,1
5905620,2025-12-06T05:36:20Z,1,-47.4087,142.65128,1,287.2,1,34.607,1,9.01,1,287.2,1,9.01,1,34.607,1
5905620,2025-12-06T05:36:20Z,1,-47.4087,142.65128,1,289.0,1,34.607,1,9.01,1,289.0,1,9.01,1,34.607,1
5905620,2025-12-06T05:36:20Z,1,-47.4087,142.65128,1,291.4,1,34.606,1,9.007,1,291.4,1,9.007,1,34.606,1
5905620,2025-12-06T05:36:20Z,1,-47.4087,142.65128,1,293.8,1,34.606,1,9.003,1,293.8,1,9.003,1,34.606,1
5905620,2025-12-06T05:36:20Z,1,-47.4087,142.65128,1,295.7,1,34.605,1,9.001,1,295.7,1,9.001,1,34.605,1
5905620,2025-12-06T05:36:20Z,1,-47.4087,142.65128,1,297.6,1,34.606,1,9.002,1,297.6,1,9.002,1,34.606,1
5905620,2025-12-06T05:36:20Z,1,-47.4087,142.65128,1,299.5,1,34.605,1,9.002,1,299.5,1,9.002,1,34.605,1
5905620,2025-12-06T05:36:20Z,1,-47.4087,142.65128,1,301.5,1,34.605,1,9.002,1,301.5,1,9.002,1,34.605,1
5905620,2025-12-06T05:36:20Z,1,-47.4087,142.65128,1,303.4,1,34.606,1,9.003,1,303.4,1,9.003,1,34.606,1
5905620,2025-12-06T05:36:20Z,1,-47.4087,142.65128,1,305.3,1,34.605,1,9.003,1,305.3,1,9.003,1,34.605,1
5905620,2025-12-06T05:36:20Z,1,-47.4087,142.65128,1,307.2,1,34.606,1,9.004,1,307.2,1,9.004,1,34.606,1
5905620,2025-12-06T05:36:20Z,1,-47.4087,142.65128,1,309.2,1,34.606,1,9.004,1,309.2,1,9.004,1,34.606,1
5905620,2025-12-06T05:36:20Z,1,-47.4087,142.65128,1,311.1,1,34.606,1,9.004,1,311.1,1,9.004,1,34.606,1
5905620,2025-12-06T05:36:20Z,1,-47.4087,142.65128,1,313.1,1,34.604,1,9.0,1,313.1,1,9.0,1,34.604,1
5905620,2025-12-06T05:36:20Z,1,-47.4087,142.65128,1,315.0,1,34.604,1,9.0,1,315.0,1,9.0,1,34.604,1
5905620,2025-12-06T05:36:20Z,1,-47.4087,142.65128,1,317.4,1,34.604,1,8.997,1,317.4,1,8.997,1,34.604,1
5905620,2025-12-06T05:36:20Z,1,-47.4087,142.65128,1,319.9,1,34.605,1,8.996,1,319.9,1,8.996,1,34.605,1
5905620,2025-12-06T05:36:20Z,1,-47.4087,142.65128,1,321.8,1,34.604,1,8.996,1,321.8,1,8.996,1,34.604,1
5905620,2025-12-06T05:36:20Z,1,-47.4087,142.65128,1,323.8,1,34.604,1,8.996,1,323.8,1,8.996,1,34.604,1
5905620,2025-12-06T05:36:20Z,1,-47.4087,142.65128,1,325.7,1,34.604,1,8.994,1,325.7,1,8.994,1,34.604,1
5905620,2025-12-06T05:36:20Z,1,-47.4087,142.65128,1,327.6,1,34.604,1,8.993,1,327.6,1,8.993,1,34.604,1
5905620,2025-12-06T05:36:20Z,1,-47.4087,142.65128,1,329.6,1,34.603,1,8.992,1,329.6,1,8.992,1,34.603,1
5905620,2025-12-06T05:36:20Z,1,-47.4087,142.65128,1,331.6,1,34.603,1,8.994,1,331.6,1,8.994,1,34.603,1
5905620,2025-12-06T05:36:20Z,1,-47.4087,142.65128,1,333.6,1,34.604,1,8.997,1,333.6,1,8.997,1,34.604,1
5905620,2025-12-06T05:36:20Z,1,-47.4087,142.65128,1,335.6,1,34.605,1,8.997,1,335.6,1,8.997,1,34.605,1
5905620,2025-12-06T05:36:20Z,1,-47.4087,142.65128,1,337.6,1,34.605,1,8.999,1,337.6,1,8.999,1,34.605,1
5905620,2025-12-06T05:36:20Z,1,-47.4087,142.65128,1,339.7,1,34.605,1,8.999,1,339.7,1,8.999,1,34.605,1
5905620,2025-12-06T05:36:20Z,1,-47.4087,142.65128,1,341.7,1,34.605,1,9.0,1,341.7,1,9.0,1,34.605,1
5905620,2025-12-06T05:36:20Z,1,-47.4087,142.65128,1,343.8,1,34.605,1,8.999,1,343.8,1,8.999,1,34.605,1
5905620,2025-12-06T05:36:20Z,1,-47.4087,142.65128,1,345.9,1,34.605,1,8.999,1,345.9,1,8.999,1,34.605,1
5905620,2025-12-06T05:36:20Z,1,-47.4087,142.65128,1,347.5,1,34.604,1,8.999,1,347.5,1,8.999,1,34.604,1
5905620,2025-12-06T05:36:20Z,1,-47.4087,142.65128,1,349.0,1,34.604,1,8.996,1,349.0,1,8.996,1,34.604,1
5905620,2025-12-06T05:36:20Z,1,-47.4087,142.65128,1,351.1,1,34.604,1,8.995,1,351.1,1,8.995,1,34.604,1
5905620,2025-12-06T05:36:20Z,1,-47.4087,142.65128,1,353.1,1,34.603,1,8.991,1,353.1,1,8.991,1,34.603,1
5905620,2025-12-06T05:36:20Z,1,-47.4087,142.65128,1,355.2,1,34.603,1,8.991,1,355.2,1,8.991,1,34.603,1
5905620,2025-12-06T05:36:20Z,1,-47.4087,142.65128,1,357.3,1,34.604,1,8.986,1,357.3,1,8.986,1,34.604,1
5905620,2025-12-06T05:36:20Z,1,-47.4087,142.65128,1,359.3,1,34.602,1,8.985,1,359.3,1,8.985,1,34.602,1
5905620,2025-12-06T05:36:20Z,1,-47.4087,142.65128,1,361.5,1,34.601,1,8.983,1,361.5,1,8.983,1,34.601,1
5905620,2025-12-06T05:36:20Z,1,-47.4087,142.65128,1,363.6,1,34.602,1,8.985,1,363.6,1,8.985,1,34.602,1
5905620,2025-12-06T05:36:20Z,1,-47.4087,142.65128,1,365.7,1,34.602,1,8.985,1,365.7,1,8.985,1,34.602,1
5905620,2025-12-06T05:36:20Z,1,-47.4087,142.65128,1,367.8,1,34.601,1,8.985,1,367.8,1,8.985,1,34.601,1
5905620,2025-12-06T05:36:20Z,1,-47.4087,142.65128,1,369.4,1,34.602,1,8.985,1,369.4,1,8.985,1,34.602,1
5905620,2025-12-06T05:36:20Z,1,-47.4087,142.65128,1,371.0,1,34.602,1,8.985,1,371.0,1,8.985,1,34.602,1
5905620,2025-12-06T05:36:20Z,1,-47.4087,142.65128,1,373.1,1,34.601,1,8.981,1,373.1,1,8.981,1,34.601,1
5905620,2025-12-06T05:36:20Z,1,-47.4087,142.65128,1,375.2,1,34.6,1,8.979,1,375.2,1,8.979,1,34.6,1
5905620,2025-12-06T05:36:20Z,1,-47.4087,142.65128,1,377.3,1,34.601,1,8.977,1,377.3,1,8.977,1,34.601,1
5905620,2025-12-06T05:36:20Z,1,-47.4087,142.65128,1,379.4,1,34.6,1,8.977,1,379.4,1,8.977,1,34.6,1
5905620,2025-12-06T05:36:20Z,1,-47.4087,142.65128,1,381.5,1,34.601,1,8.977,1,381.5,1,8.977,1,34.601,1
5905620,2025-12-06T05:36:20Z,1,-47.4087,142.65128,1,383.5,1,34.6,1,8.978,1,383.5,1,8.978,1,34.6,1
5905620,2025-12-06T05:36:20Z,1,-47.4087,142.65128,1,385.2,1,34.6,1,8.98,1,385.2,1,8.98,1,34.6,1
5905620,2025-12-06T05:36:20Z,1,-47.4087,142.65128,1,387.4,1,34.6,1,8.98,1,387.4,1,8.98,1,34.6,1
5905620,2025-12-06T05:36:20Z,1,-47.4087,142.65128,1,389.6,1,34.6,1,8.98,1,389.6,1,8.98,1,34.6,1
5905620,2025-12-06T05:36:20Z,1,-47.4087,142.65128,1,391.8,1,34.601,1,8.98,1,391.8,1,8.98,1,34.601,1
5905620,2025-12-06T05:36:20Z,1,-47.4087,142.65128,1,393.5,1,34.6,1,8.98,1,393.5,1,8.98,1,34.6,1
5905620,2025-12-06T05:36:20Z,1,-47.4087,142.65128,1,395.1,1,34.6,1,8.979,1,395.1,1,8.979,1,34.6,1
5905620,2025-12-06T05:36:20Z,1,-47.4087,142.65128,1,397.3,1,34.6,1,8.978,1,397.3,1,8.978,1,34.6,1
5905620,2025-12-06T05:36:20Z,1,-47.4087,142.65128,1,399.5,1,34.6,1,8.977,1,399.5,1,8.977,1,34.6,1
5905620,2025-12-06T05:36:20Z,1,-47.4087,142.65128,1,401.7,1,34.6,1,8.977,1,401.7,1,8.977,1,34.6,1
5905620,2025-12-06T05:36:20Z,1,-47.4087,142.65128,1,403.4,1,34.6,1,8.977,1,403.4,1,8.977,1,34.6,1
5905620,2025-12-06T05:36:20Z,1,-47.4087,142.65128,1,405.1,1,34.6,1,8.976,1,405.1,1,8.976,1,34.6,1
5905620,2025-12-06T05:36:20Z,1,-47.4087,142.65128,1,407.3,1,34.599,1,8.972,1,407.3,1,8.972,1,34.599,1
5905620,2025-12-06T05:36:20Z,1,-47.4087,142.65128,1,409.5,1,34.598,1,8.97,1,409.5,1,8.97,1,34.598,1
5905620,2025-12-06T05:36:20Z,1,-47.4087,142.65128,1,411.7,1,34.599,1,8.969,1,411.7,1,8.969,1,34.599,1
5905620,2025-12-06T05:36:20Z,1,-47.4087,142.65128,1,413.9,1,34.598,1,8.968,1,413.9,1,8.968,1,34.598,1
5905620,2025-12-06T05:36:20Z,1,-47.4087,142.65128,1,415.5,1,34.598,1,8.966,1,415.5,1,8.966,1,34.598,1
5905620,2025-12-06T05:36:20Z,1,-47.4087,142.65128,1,417.0,1,34.598,1,8.966,1,417.0,1,8.966,1,34.598,1
5905620,2025-12-06T05:36:20Z,1,-47.4087,142.65128,1,419.1,1,34.598,1,8.963,1,419.1,1,8.963,1,34.598,1
5905620,2025-12-06T05:36:20Z,1,-47.4087,142.65128,1,421.3,1,34.597,1,8.962,1,421.3,1,8.962,1,34.597,1
5905620,2025-12-06T05:36:20Z,1,-47.4087,142.65128,1,423.5,1,34.595,1,8.956,1,423.5,1,8.956,1,34.595,1
5905620,2025-12-06T05:36:20Z,1,-47.4087,142.65128,1,425.7,1,34.595,1,8.953,1,425.7,1,8.953,1,34.595,1
5905620,2025-12-06T05:36:20Z,1,-47.4087,142.65128,1,427.4,1,34.595,1,8.952,1,427.4,1,8.952,1,34.595,1
5905620,2025-12-06T05:36:20Z,1,-47.4087,142.65128,1,429.1,1,34.595,1,8.951,1,429.1,1,8.951,1,34.595,1
5905620,2025-12-06T05:36:20Z,1,-47.4087,142.65128,1,431.3,1,34.596,1,8.951,1,431.3,1,8.951,1,34.596,1
5905620,2025-12-06T05:36:20Z,1,-47.4087,142.65128,1,433.5,1,34.594,1,8.95,1,433.5,1,8.95,1,34.594,1
5905620,2025-12-06T05:36:20Z,1,-47.4087,142.65128,1,435.8,1,34.594,1,8.948,1,435.8,1,8.948,1,34.594,1
5905620,2025-12-06T05:36:20Z,1,-47.4087,142.65128,1,437.5,1,34.595,1,8.951,1,437.5,1,8.951,1,34.595,1
5905620,2025-12-06T05:36:20Z,1,-47.4087,142.65128,1,439.1,1,34.595,1,8.949,1,439.1,1,8.949,1,34.595,1
5905620,2025-12-06T05:36:20Z,1,-47.4087,142.65128,1,441.4,1,34.594,1,8.947,1,441.4,1,8.947,1,34.594,1
5905620,2025-12-06T05:36:20Z,1,-47.4087,142.65128,1,443.7,1,34.593,1,8.943,1,443.7,1,8.943,1,34.593,1
5905620,2025-12-06T05:36:20Z,1,-47.4087,142.65128,1,445.4,1,34.593,1,8.943,1,445.4,1,8.943,1,34.593,1
5905620,2025-12-06T05:36:20Z,1,-47.4087,142.65128,1,447.0,1,34.593,1,8.944,1,447.0,1,8.944,1,34.593,1
5905620,2025-12-06T05:36:20Z,1,-47.4087,142.65128,1,449.3,1,34.595,1,8.948,1,449.3,1,8.948,1,34.595,1
5905620,2025-12-06T05:36:20Z,1,-47.4087,142.65128,1,451.6,1,34.596,1,8.955,1,451.6,1,8.955,1,34.596,1
5905620,2025-12-06T05:36:20Z,1,-47.4087,142.65128,1,453.3,1,34.596,1,8.955,1,453.3,1,8.955,1,34.596,1
5905620,2025-12-06T05:36:20Z,1,-47.4087,142.65128,1,455.0,1,34.596,1,8.955,1,455.0,1,8.955,1,34.596,1
5905620,2025-12-06T05:36:20Z,1,-47.4087,142.65128,1,457.3,1,34.596,1,8.954,1,457.3,1,8.954,1,34.596,1
5905620,2025-12-06T05:36:20Z,1,-47.4087,142.65128,1,459.6,1,34.595,1,8.953,1,459.6,1,8.953,1,34.595,1
5905620,2025-12-06T05:36:20Z,1,-47.4087,142.65128,1,461.8,1,34.595,1,8.953,1,461.8,1,8.953,1,34.595,1
5905620,2025-12-06T05:36:20Z,1,-47.4087,142.65128,1,463.6,1,34.595,1,8.954,1,463.6,1,8.954,1,34.595,1
5905620,2025-12-06T05:36:20Z,1,-47.4087,142.65128,1,465.2,1,34.595,1,8.952,1,465.2,1,8.952,1,34.595,1
5905620,2025-12-06T05:36:20Z,1,-47.4087,142.65128,1,467.4,1,34.592,1,8.946,1,467.4,1,8.946,1,34.592,1
5905620,2025-12-06T05:36:20Z,1,-47.4087,142.65128,1,469.7,1,34.592,1,8.939,1,469.7,1,8.939,1,34.592,1
5905620,2025-12-06T05:36:20Z,1,-47.4087,142.65128,1,471.5,1,34.592,1,8.94,1,471.5,1,8.94,1,34.592,1
5905620,2025-12-06T05:36:20Z,1,-47.4087,142.65128,1,473.1,1,34.592,1,8.935,1,473.1,1,8.935,1,34.592,1
5905620,2025-12-06T05:36:20Z,1,-47.4087,142.65128,1,475.4,1,34.585,1,8.909,1,475.4,1,8.909,1,34.585,1
5905620,2025-12-06T05:36:20Z,1,-47.4087,142.65128,1,477.6,1,34.579,1,8.881,1,477.6,1,8.881,1,34.579,1
5905620,2025-12-06T05:36:20Z,1,-47.4087,142.65128,1,479.4,1,34.58,1,8.862,1,479.4,1,8.862,1,34.58,1
5905620,2025-12-06T05:36:20Z,1,-47.4087,142.65128,1,481.1,1,34.576,1,8.849,1,481.1,1,8.849,1,34.576,1
5905620,2025-12-06T05:36:20Z,1,-47.4087,142.65128,1,483.4,1,34.576,1,8.835,1,483.4,1,8.835,1,34.576,1
5905620,2025-12-06T05:36:20Z,1,-47.4087,142.65128,1,485.7,1,34.571,1,8.827,1,485.7,1,8.827,1,34.571,1
5905620,2025-12-06T05:36:20Z,1,-47.4087,142.65128,1,487.4,1,34.57,1,8.824,1,487.4,1,8.824,1,34.57,1
5905620,2025-12-06T05:36:20Z,1,-47.4087,142.65128,1,489.1,1,34.569,1,8.823,1,489.1,1,8.823,1,34.569,1
5905620,2025-12-06T05:36:20Z,1,-47.4087,142.65128,1,491.3,1,34.569,1,8.814,1,491.3,1,8.814,1,34.569,1
5905620,2025-12-06T05:36:20Z,1,-47.4087,142.65128,1,493.6,1,34.562,1,8.785,1,493.6,1,8.785,1,34.562,1
5905620,2025-12-06T05:36:20Z,1,-47.4087,142.65128,1,495.8,1,34.559,1,8.768,1,495.8,1,8.768,1,34.559,1
5905620,2025-12-06T05:36:20Z,1,-47.4087,142.65128,1,497.9,1,34.557,1,8.764,1,497.9,1,8.764,1,34.557,1
5905620,2025-12-06T05:36:20Z,1,-47.4087,142.65128,1,499.9,1,34.557,1,8.748,1,499.9,1,8.748,1,34.557,1
5905620,2025-12-06T05:36:20Z,1,-47.4087,142.65128,1,501.4,1,34.544,1,8.695,1,501.4,1,8.695,1,34.544,1
5905620,2025-12-06T05:36:20Z,1,-47.4087,142.65128,1,503.1,1,34.539,1,8.673,1,503.1,1,8.673,1,34.539,1
5905620,2025-12-06T05:36:20Z,1,-47.4087,142.65128,1,505.4,1,34.534,1,8.612,1,505.4,1,8.612,1,34.534,1
5905620,2025-12-06T05:36:20Z,1,-47.4087,142.65128,1,507.6,1,34.522,1,8.55,1,507.6,1,8.55,1,34.522,1
5905620,2025-12-06T05:36:20Z,1,-47.4087,142.65128,1,509.8,1,34.515,1,8.523,1,509.8,1,8.523,1,34.515,1
5905620,2025-12-06T05:36:20Z,1,-47.4087,142.65128,1,511.6,1,34.514,1,8.515,1,511.6,1,8.515,1,34.514,1
5905620,2025-12-06T05:36:20Z,1,-47.4087,142.65128,1,513.3,1,34.513,1,8.511,1,513.3,1,8.511,1,34.513,1
5905620,2025-12-06T05:36:20Z,1,-47.4087,142.65128,1,515.5,1,34.511,1,8.502,1,515.5,1,8.502,1,34.511,1
5905620,2025-12-06T05:36:20Z,1,-47.4087,142.65128,1,517.7,1,34.509,1,8.487,1,517.7,1,8.487,1,34.509,1
5905620,2025-12-06T05:36:20Z,1,-47.4087,142.65128,1,519.7,1,34.508,1,8.477,1,519.7,1,8.477,1,34.508,1
5905620,2025-12-06T05:36:20Z,1,-47.4087,142.65128,1,521.4,1,34.51,1,8.476,1,521.4,1,8.476,1,34.51,1
5905620,2025-12-06T05:36:20Z,1,-47.4087,142.65128,1,523.1,1,34.506,1,8.466,1,523.1,1,8.466,1,34.506,1
5905620,2025-12-06T05:36:20Z,1,-47.4087,142.65128,1,525.4,1,34.504,1,8.459,1,525.4,1,8.459,1,34.504,1
5905620,2025-12-06T05:36:20Z,1,-47.4087,142.65128,1,527.6,1,34.505,1,8.459,1,527.6,1,8.459,1,34.505,1
5905620,2025-12-06T05:36:20Z,1,-47.4087,142.65128,1,529.8,1,34.508,1,8.476,1,529.8,1,8.476,1,34.508,1
5905620,2025-12-06T05:36:20Z,1,-47.4087,142.65128,1,531.5,1,34.509,1,8.484,1,531.5,1,8.484,1,34.509,1
5905620,2025-12-06T05:36:20Z,1,-47.4087,142.65128,1,533.2,1,34.52,1,8.512,1,533.2,1,8.512,1,34.52,1
5905620,2025-12-06T05:36:20Z,1,-47.4087,142.65128,1,535.4,1,34.52,1,8.508,1,535.4,1,8.508,1,34.52,1
5905620,2025-12-06T05:36:20Z,1,-47.4087,142.65128,1,537.7,1,34.52,1,8.508,1,537.7,1,8.508,1,34.52,1
5905620,2025-12-06T05:36:20Z,1,-47.4087,142.65128,1,539.8,1,34.521,1,8.508,1,539.8,1,8.508,1,34.521,1
5905620,2025-12-06T05:36:20Z,1,-47.4087,142.65128,1,541.6,1,34.52,1,8.501,1,541.6,1,8.501,1,34.52,1
5905620,2025-12-06T05:36:20Z,1,-47.4087,142.65128,1,543.2,1,34.519,1,8.487,1,543.2,1,8.487,1,34.519,1
5905620,2025-12-06T05:36:20Z,1,-47.4087,142.65128,1,545.4,1,34.517,1,8.471,1,545.4,1,8.471,1,34.517,1
5905620,2025-12-06T05:36:20Z,1,-47.4087,142.65128,1,547.6,1,34.52,1,8.481,1,547.6,1,8.481,1,34.52,1
5905620,2025-12-06T05:36:20Z,1,-47.4087,142.65128,1,549.8,1,34.521,1,8.483,1,549.8,1,8.483,1,34.521,1
5905620,2025-12-06T05:36:20Z,1,-47.4087,142.65128,1,551.5,1,34.522,1,8.478,1,551.5,1,8.478,1,34.522,1
5905620,2025-12-06T05:36:20Z,1,-47.4087,142.65128,1,553.2,1,34.519,1,8.472,1,553.2,1,8.472,1,34.519,1
5905620,2025-12-06T05:36:20Z,1,-47.4087,142.65128,1,555.4,1,34.512,1,8.427,1,555.4,1,8.427,1,34.512,1
5905620,2025-12-06T05:36:20Z,1,-47.4087,142.65128,1,557.6,1,34.502,1,8.372,1,557.6,1,8.372,1,34.502,1
5905620,2025-12-06T05:36:20Z,1,-47.4087,142.65128,1,559.3,1,34.495,1,8.275,1,559.3,1,8.275,1,34.495,1
5905620,2025-12-06T05:36:20Z,1,-47.4087,142.65128,1,561.0,1,34.473,1,8.229,1,561.0,1,8.229,1,34.473,1
5905620,2025-12-06T05:36:20Z,1,-47.4087,142.65128,1,563.3,1,34.47,1,8.194,1,563.3,1,8.194,1,34.47,1
5905620,2025-12-06T05:36:20Z,1,-47.4087,142.65128,1,565.5,1,34.46,1,8.119,1,565.5,1,8.119,1,34.46,1
5905620,2025-12-06T05:36:20Z,1,-47.4087,142.65128,1,567.8,1,34.449,1,8.06,1,567.8,1,8.06,1,34.449,1
5905620,2025-12-06T05:36:20Z,1,-47.4087,142.65128,1,569.5,1,34.445,1,8.036,1,569.5,1,8.036,1,34.445,1
5905620,2025-12-06T05:36:20Z,1,-47.4087,142.65128,1,571.1,1,34.461,1,8.093,1,571.1,1,8.093,1,34.461,1
5905620,2025-12-06T05:36:20Z,1,-47.4087,142.65128,1,573.1,1,34.462,1,8.118,1,573.1,1,8.118,1,34.462,1
5905620,2025-12-06T05:36:20Z,1,-47.4087,142.65128,1,575.0,1,34.461,1,8.107,1,575.0,1,8.107,1,34.461,1
5905620,2025-12-06T05:36:20Z,1,-47.4087,142.65128,1,577.0,1,34.455,1,8.07,1,577.0,1,8.07,1,34.455,1
5905620,2025-12-06T05:36:20Z,1,-47.4087,142.65128,1,579.1,1,34.44,1,7.976,1,579.1,1,7.976,1,34.44,1
5905620,2025-12-06T05:36:20Z,1,-47.4087,142.65128,1,581.1,1,34.435,1,7.946,1,581.1,1,7.946,1,34.435,1
5905620,2025-12-06T05:36:20Z,1,-47.4087,142.65128,1,583.2,1,34.436,1,7.876,1,583.2,1,7.876,1,34.436,1
5905620,2025-12-06T05:36:20Z,1,-47.4087,142.65128,1,585.4,1,34.401,1,7.724,1,585.4,1,7.724,1,34.401,1
5905620,2025-12-06T05:36:20Z,1,-47.4087,142.65128,1,587.6,1,34.397,1,7.706,1,587.6,1,7.706,1,34.397,1
5905620,2025-12-06T05:36:20Z,1,-47.4087,142.65128,1,589.8,1,34.395,1,7.693,1,589.8,1,7.693,1,34.395,1
5905620,2025-12-06T05:36:20Z,1,-47.4087,142.65128,1,591.5,1,34.393,1,7.686,1,591.5,1,7.686,1,34.393,1
5905620,2025-12-06T05:36:20Z,1,-47.4087,142.65128,1,593.1,1,34.39,1,7.668,1,593.1,1,7.668,1,34.39,1
5905620,2025-12-06T05:36:20Z,1,-47.4087,142.65128,1,595.3,1,34.386,1,7.638,1,595.3,1,7.638,1,34.386,1
5905620,2025-12-06T05:36:20Z,1,-47.4087,142.65128,1,597.5,1,34.379,1,7.579,1,597.5,1,7.579,1,34.379,1
5905620,2025-12-06T05:36:20Z,1,-47.4087,142.65128,1,599.7,1,34.369,1,7.534,1,599.7,1,7.534,1,34.369,1
5905620,2025-12-06T05:36:20Z,1,-47.4087,142.65128,1,601.5,1,34.366,1,7.523,1,601.5,1,7.523,1,34.366,1
5905620,2025-12-06T05:36:20Z,1,-47.4087,142.65128,1,603.1,1,34.364,1,7.494,1,603.1,1,7.494,1,34.364,1
5905620,2025-12-06T05:36:20Z,1,-47.4087,142.65128,1,605.3,1,34.356,1,7.452,1,605.3,1,7.452,1,34.356,1
5905620,2025-12-06T05:36:20Z,1,-47.4087,142.65128,1,607.4,1,34.354,1,7.437,1,607.4,1,7.437,1,34.354,1
5905620,2025-12-06T05:36:20Z,1,-47.4087,142.65128,1,609.6,1,34.35,1,7.424,1,609.6,1,7.424,1,34.35,1
5905620,2025-12-06T05:36:20Z,1,-47.4087,142.65128,1,611.7,1,34.348,1,7.408,1,611.7,1,7.408,1,34.348,1
5905620,2025-12-06T05:36:20Z,1,-47.4087,142.65128,1,613.8,1,34.345,1,7.393,1,613.8,1,7.393,1,34.345,1
5905620,2025-12-06T05:36:20Z,1,-47.4087,142.65128,1,615.5,1,34.345,1,7.386,1,615.5,1,7.386,1,34.345,1
5905620,2025-12-06T05:36:20Z,1,-47.4087,142.65128,1,617.0,1,34.345,1,7.385,1,617.0,1,7.385,1,34.345,1
5905620,2025-12-06T05:36:20Z,1,-47.4087,142.65128,1,619.1,1,34.343,1,7.381,1,619.1,1,7.381,1,34.343,1
5905620,2025-12-06T05:36:20Z,1,-47.4087,142.65128,1,621.3,1,34.341,1,7.368,1,621.3,1,7.368,1,34.341,1
5905620,2025-12-06T05:36:20Z,1,-47.4087,142.65128,1,623.5,1,34.338,1,7.35,1,623.5,1,7.35,1,34.338,1
5905620,2025-12-06T05:36:20Z,1,-47.4087,142.65128,1,625.6,1,34.337,1,7.336,1,625.6,1,7.336,1,34.337,1
5905620,2025-12-06T05:36:20Z,1,-47.4087,142.65128,1,627.8,1,34.333,1,7.316,1,627.8,1,7.316,1,34.333,1
5905620,2025-12-06T05:36:20Z,1,-47.4087,142.65128,1,629.4,1,34.331,1,7.306,1,629.4,1,7.306,1,34.331,1
5905620,2025-12-06T05:36:20Z,1,-47.4087,142.65128,1,631.0,1,34.33,1,7.299,1,631.0,1,7.299,1,34.33,1
5905620,2025-12-06T05:36:20Z,1,-47.4087,142.65128,1,633.1,1,34.329,1,7.297,1,633.1,1,7.297,1,34.329,1
5905620,2025-12-06T05:36:20Z,1,-47.4087,142.65128,1,635.3,1,34.325,1,7.283,1,635.3,1,7.283,1,34.325,1
5905620,2025-12-06T05:36:20Z,1,-47.4087,142.65128,1,637.5,1,34.326,1,7.268,1,637.5,1,7.268,1,34.326,1
5905620,2025-12-06T05:36:20Z,1,-47.4087,142.65128,1,639.7,1,34.322,1,7.251,1,639.7,1,7.251,1,34.322,1
5905620,2025-12-06T05:36:20Z,1,-47.4087,142.65128,1,641.8,1,34.321,1,7.246,1,641.8,1,7.246,1,34.321,1
5905620,2025-12-06T05:36:20Z,1,-47.4087,142.65128,1,643.5,1,34.319,1,7.238,1,643.5,1,7.238,1,34.319,1
5905620,2025-12-06T05:36:20Z,1,-47.4087,142.65128,1,645.4,1,34.316,1,7.203,1,645.4,1,7.203,1,34.316,1
5905620,2025-12-06T05:36:20Z,1,-47.4087,142.65128,1,647.6,1,34.312,1,7.19,1,647.6,1,7.19,1,34.312,1
5905620,2025-12-06T05:36:20Z,1,-47.4087,142.65128,1,649.2,1,34.311,1,7.189,1,649.2,1,7.189,1,34.311,1
5905620,2025-12-06T05:36:20Z,1,-47.4087,142.65128,1,651.3,1,34.308,1,7.155,1,651.3,1,7.155,1,34.308,1
5905620,2025-12-06T05:36:20Z,1,-47.4087,142.65128,1,653.3,1,34.299,1,7.098,1,653.3,1,7.098,1,34.299,1
5905620,2025-12-06T05:36:20Z,1,-47.4087,142.65128,1,655.3,1,34.294,1,7.078,1,655.3,1,7.078,1,34.294,1
5905620,2025-12-06T05:36:20Z,1,-47.4087,142.65128,1,657.4,1,34.294,1,7.074,1,657.4,1,7.074,1,34.294,1
5905620,2025-12-06T05:36:20Z,1,-47.4087,142.65128,1,659.4,1,34.291,1,7.057,1,659.4,1,7.057,1,34.291,1
5905620,2025-12-06T05:36:20Z,1,-47.4087,142.65128,1,661.5,1,34.289,1,7.045,1,661.5,1,7.045,1,34.289,1
5905620,2025-12-06T05:36:20Z,1,-47.4087,142.65128,1,663.5,1,34.288,1,7.036,1,663.5,1,7.036,1,34.288,1
5905620,2025-12-06T05:36:20Z,1,-47.4087,142.65128,1,665.6,1,34.287,1,7.016,1,665.6,1,7.016,1,34.287,1
5905620,2025-12-06T05:36:20Z,1,-47.4087,142.65128,1,667.3,1,34.284,1,7.007,1,667.3,1,7.007,1,34.284,1
5905620,2025-12-06T05:36:20Z,1,-47.4087,142.65128,1,669.3,1,34.283,1,7.001,1,669.3,1,7.001,1,34.283,1
5905620,2025-12-06T05:36:20Z,1,-47.4087,142.65128,1,671.5,1,34.283,1,6.993,1,671.5,1,6.993,1,34.283,1
5905620,2025-12-06T05:36:20Z,1,-47.4087,142.65128,1,673.5,1,34.281,1,6.985,1,673.5,1,6.985,1,34.281,1
5905620,2025-12-06T05:36:20Z,1,-47.4087,142.65128,1,675.6,1,34.279,1,6.977,1,675.6,1,6.977,1,34.279,1
5905620,2025-12-06T05:36:20Z,1,-47.4087,142.65128,1,677.3,1,34.277,1,6.963,1,677.3,1,6.963,1,34.277,1
5905620,2025-12-06T05:36:20Z,1,-47.4087,142.65128,1,679.3,1,34.274,1,6.945,1,679.3,1,6.945,1,34.274,1
5905620,2025-12-06T05:36:20Z,1,-47.4087,142.65128,1,681.4,1,34.273,1,6.938,1,681.4,1,6.938,1,34.273,1
5905620,2025-12-06T05:36:20Z,1,-47.4087,142.65128,1,683.5,1,34.273,1,6.931,1,683.5,1,6.931,1,34.273,1
5905620,2025-12-06T05:36:20Z,1,-47.4087,142.65128,1,685.6,1,34.272,1,6.923,1,685.6,1,6.923,1,34.272,1
5905620,2025-12-06T05:36:20Z,1,-47.4087,142.65128,1,687.3,1,34.271,1,6.92,1,687.3,1,6.92,1,34.271,1
5905620,2025-12-06T05:36:20Z,1,-47.4087,142.65128,1,689.4,1,34.27,1,6.917,1,689.4,1,6.917,1,34.27,1
5905620,2025-12-06T05:36:20Z,1,-47.4087,142.65128,1,691.5,1,34.27,1,6.912,1,691.5,1,6.912,1,34.27,1
5905620,2025-12-06T05:36:20Z,1,-47.4087,142.65128,1,693.2,1,34.269,1,6.906,1,693.2,1,6.906,1,34.269,1
5905620,2025-12-06T05:36:20Z,1,-47.4087,142.65128,1,695.4,1,34.268,1,6.903,1,695.4,1,6.903,1,34.268,1
5905620,2025-12-06T05:36:20Z,1,-47.4087,142.65128,1,697.6,1,34.267,1,6.9,1,697.6,1,6.9,1,34.267,1
5905620,2025-12-06T05:36:20Z,1,-47.4087,142.65128,1,699.3,1,34.267,1,6.899,1,699.3,1,6.899,1,34.267,1
5905620,2025-12-06T05:36:20Z,1,-47.4087,142.65128,1,701.5,1,34.267,1,6.898,1,701.5,1,6.898,1,34.267,1
5905620,2025-12-06T05:36:20Z,1,-47.4087,142.65128,1,703.7,1,34.268,1,6.899,1,703.7,1,6.899,1,34.268,1
5905620,2025-12-06T05:36:20Z,1,-47.4087,142.65128,1,705.5,1,34.268,1,6.899,1,705.5,1,6.899,1,34.268,1
5905620,2025-12-06T05:36:20Z,1,-47.4087,142.65128,1,707.2,1,34.268,1,6.9,1,707.2,1,6.9,1,34.268,1
5905620,2025-12-06T05:36:20Z,1,-47.4087,142.65128,1,709.5,1,34.268,1,6.9,1,709.5,1,6.9,1,34.268,1
5905620,2025-12-06T05:36:20Z,1,-47.4087,142.65128,1,711.7,1,34.269,1,6.9,1,711.7,1,6.9,1,34.269,1
5905620,2025-12-06T05:36:20Z,1,-47.4087,142.65128,1,713.6,1,34.269,1,6.902,1,713.6,1,6.902,1,34.269,1
5905620,2025-12-06T05:36:20Z,1,-47.4087,142.65128,1,715.4,1,34.269,1,6.904,1,715.4,1,6.904,1,34.269,1
5905620,2025-12-06T05:36:20Z,1,-47.4087,142.65128,1,717.2,1,34.27,1,6.903,1,717.2,1,6.903,1,34.27,1
5905620,2025-12-06T05:36:20Z,1,-47.4087,142.65128,1,719.0,1,34.269,1,6.902,1,719.0,1,6.902,1,34.269,1
5905620,2025-12-06T05:36:20Z,1,-47.4087,142.65128,1,721.0,1,34.269,1,6.9,1,721.0,1,6.9,1,34.269,1
5905620,2025-12-06T05:36:20Z,1,-47.4087,142.65128,1,723.4,1,34.267,1,6.881,1,723.4,1,6.881,1,34.267,1
5905620,2025-12-06T05:36:20Z,1,-47.4087,142.65128,1,725.7,1,34.265,1,6.862,1,725.7,1,6.862,1,34.265,1
5905620,2025-12-06T05:36:20Z,1,-47.4087,142.65128,1,727.6,1,34.265,1,6.86,1,727.6,1,6.86,1,34.265,1
5905620,2025-12-06T05:36:20Z,1,-47.4087,142.65128,1,729.5,1,34.264,1,6.854,1,729.5,1,6.854,1,34.264,1
5905620,2025-12-06T05:36:20Z,1,-47.4087,142.65128,1,731.4,1,34.262,1,6.824,1,731.4,1,6.824,1,34.262,1
5905620,2025-12-06T05:36:20Z,1,-47.4087,142.65128,1,733.3,1,34.259,1,6.81,1,733.3,1,6.81,1,34.259,1
5905620,2025-12-06T05:36:20Z,1,-47.4087,142.65128,1,735.2,1,34.259,1,6.806,1,735.2,1,6.806,1,34.259,1
5905620,2025-12-06T05:36:20Z,1,-47.4087,142.65128,1,737.2,1,34.261,1,6.809,1,737.2,1,6.809,1,34.261,1
5905620,2025-12-06T05:36:20Z,1,-47.4087,142.65128,1,739.1,1,34.266,1,6.827,1,739.1,1,6.827,1,34.266,1
5905620,2025-12-06T05:36:20Z,1,-47.4087,142.65128,1,741.0,1,34.269,1,6.844,1,741.0,1,6.844,1,34.269,1
5905620,2025-12-06T05:36:20Z,1,-47.4087,142.65128,1,743.4,1,34.27,1,6.85,1,743.4,1,6.85,1,34.27,1
5905620,2025-12-06T05:36:20Z,1,-47.4087,142.65128,1,745.9,1,34.269,1,6.84,1,745.9,1,6.84,1,34.269,1
5905620,2025-12-06T05:36:20Z,1,-47.4087,142.65128,1,747.9,1,34.261,1,6.781,1,747.9,1,6.781,1,34.261,1
5905620,2025-12-06T05:36:20Z,1,-47.4087,142.65128,1,749.9,1,34.249,1,6.699,1,749.9,1,6.699,1,34.249,1
5905620,2025-12-06T05:36:20Z,1,-47.4087,142.65128,1,751.9,1,34.247,1,6.686,1,751.9,1,6.686,1,34.247,1
5905620,2025-12-06T05:36:20Z,1,-47.4087,142.65128,1,753.9,1,34.248,1,6.684,1,753.9,1,6.684,1,34.248,1
5905620,2025-12-06T05:36:20Z,1,-47.4087,142.65128,1,755.9,1,34.249,1,6.678,1,755.9,1,6.678,1,34.249,1
5905620,2025-12-06T05:36:20Z,1,-47.4087,142.65128,1,757.9,1,34.248,1,6.651,1,757.9,1,6.651,1,34.248,1
5905620,2025-12-06T05:36:20Z,1,-47.4087,142.65128,1,759.4,1,34.252,1,6.653,1,759.4,1,6.653,1,34.252,1
5905620,2025-12-06T05:36:20Z,1,-47.4087,142.65128,1,761.4,1,34.265,1,6.706,1,761.4,1,6.706,1,34.265,1
5905620,2025-12-06T05:36:20Z,1,-47.4087,142.65128,1,763.9,1,34.279,1,6.766,1,763.9,1,6.766,1,34.279,1
5905620,2025-12-06T05:36:20Z,1,-47.4087,142.65128,1,765.8,1,34.288,1,6.786,1,765.8,1,6.786,1,34.288,1
5905620,2025-12-06T05:36:20Z,1,-47.4087,142.65128,1,767.8,1,34.295,1,6.785,1,767.8,1,6.785,1,34.295,1
5905620,2025-12-06T05:36:20Z,1,-47.4087,142.65128,1,769.9,1,34.293,1,6.765,1,769.9,1,6.765,1,34.293,1
5905620,2025-12-06T05:36:20Z,1,-47.4087,142.65128,1,771.5,1,34.296,1,6.749,1,771.5,1,6.749,1,34.296,1
5905620,2025-12-06T05:36:20Z,1,-47.4087,142.65128,1,773.1,1,34.294,1,6.746,1,773.1,1,6.746,1,34.294,1
5905620,2025-12-06T05:36:20Z,1,-47.4087,142.65128,1,775.2,1,34.314,1,6.783,1,775.2,1,6.783,1,34.314,1
5905620,2025-12-06T05:36:20Z,1,-47.4087,142.65128,1,777.3,1,34.329,1,6.925,1,777.3,1,6.925,1,34.329,1
5905620,2025-12-06T05:36:20Z,1,-47.4087,142.65128,1,779.5,1,34.33,1,6.93,1,779.5,1,6.93,1,34.33,1
5905620,2025-12-06T05:36:20Z,1,-47.4087,142.65128,1,781.6,1,34.336,1,6.995,1,781.6,1,6.995,1,34.336,1
5905620,2025-12-06T05:36:20Z,1,-47.4087,142.65128,1,783.7,1,34.369,1,7.096,1,783.7,1,7.096,1,34.369,1
5905620,2025-12-06T05:36:20Z,1,-47.4087,142.65128,1,785.8,1,34.37,1,7.108,1,785.8,1,7.108,1,34.37,1
5905620,2025-12-06T05:36:20Z,1,-47.4087,142.65128,1,787.5,1,34.383,1,7.164,1,787.5,1,7.164,1,34.383,1
5905620,2025-12-06T05:36:20Z,1,-47.4087,142.65128,1,789.0,1,34.393,1,7.209,1,789.0,1,7.209,1,34.393,1
5905620,2025-12-06T05:36:20Z,1,-47.4087,142.65128,1,791.1,1,34.406,1,7.252,1,791.1,1,7.252,1,34.406,1
5905620,2025-12-06T05:36:20Z,1,-47.4087,142.65128,1,793.3,1,34.408,1,7.25,1,793.3,1,7.25,1,34.408,1
5905620,2025-12-06T05:36:20Z,1,-47.4087,142.65128,1,795.4,1,34.41,1,7.262,1,795.4,1,7.262,1,34.41,1
5905620,2025-12-06T05:36:20Z,1,-47.4087,142.65128,1,797.5,1,34.412,1,7.271,1,797.5,1,7.271,1,34.412,1
5905620,2025-12-06T05:36:20Z,1,-47.4087,142.65128,1,799.6,1,34.413,1,7.274,1,799.6,1,7.274,1,34.413,1
5905620,2025-12-06T05:36:20Z,1,-47.4087,142.65128,1,801.8,1,34.414,1,7.285,1,801.8,1,7.285,1,34.414,1
5905620,2025-12-06T05:36:20Z,1,-47.4087,142.65128,1,803.4,1,34.423,1,7.315,1,803.4,1,7.315,1,34.423,1
5905620,2025-12-06T05:36:20Z,1,-47.4087,142.65128,1,805.0,1,34.417,1,7.269,1,805.0,1,7.269,1,34.417,1
5905620,2025-12-06T05:36:20Z,1,-47.4087,142.65128,1,807.1,1,34.399,1,7.174,1,807.1,1,7.174,1,34.399,1
5905620,2025-12-06T05:36:20Z,1,-47.4087,142.65128,1,809.3,1,34.399,1,7.164,1,809.3,1,7.164,1,34.399,1
5905620,2025-12-06T05:36:20Z,1,-47.4087,142.65128,1,811.4,1,34.398,1,7.144,1,811.4,1,7.144,1,34.398,1
5905620,2025-12-06T05:36:20Z,1,-47.4087,142.65128,1,813.5,1,34.398,1,7.092,1,813.5,1,7.092,1,34.398,1
5905620,2025-12-06T05:36:20Z,1,-47.4087,142.65128,1,815.7,1,34.398,1,7.098,1,815.7,1,7.098,1,34.398,1
5905620,2025-12-06T05:36:20Z,1,-47.4087,142.65128,1,817.8,1,34.403,1,7.107,1,817.8,1,7.107,1,34.403,1
5905620,2025-12-06T05:36:20Z,1,-47.4087,142.65128,1,819.4,1,34.403,1,7.102,1,819.4,1,7.102,1,34.403,1
5905620,2025-12-06T05:36:20Z,1,-47.4087,142.65128,1,821.0,1,34.402,1,7.099,1,821.0,1,7.099,1,34.402,1
5905620,2025-12-06T05:36:20Z,1,-47.4087,142.65128,1,823.1,1,34.397,1,7.046,1,823.1,1,7.046,1,34.397,1
5905620,2025-12-06T05:36:20Z,1,-47.4087,142.65128,1,825.2,1,34.395,1,7.024,1,825.2,1,7.024,1,34.395,1
5905620,2025-12-06T05:36:20Z,1,-47.4087,142.65128,1,827.3,1,34.391,1,6.941,1,827.3,1,6.941,1,34.391,1
5905620,2025-12-06T05:36:20Z,1,-47.4087,142.65128,1,829.5,1,34.389,1,6.912,1,829.5,1,6.912,1,34.389,1
5905620,2025-12-06T05:36:20Z,1,-47.4087,142.65128,1,831.7,1,34.385,1,6.901,1,831.7,1,6.901,1,34.385,1
5905620,2025-12-06T05:36:20Z,1,-47.4087,142.65128,1,833.9,1,34.388,1,6.908,1,833.9,1,6.908,1,34.388,1
5905620,2025-12-06T05:36:20Z,1,-47.4087,142.65128,1,835.5,1,34.39,1,6.903,1,835.5,1,6.903,1,34.39,1
5905620,2025-12-06T05:36:20Z,1,-47.4087,142.65128,1,837.1,1,34.388,1,6.883,1,837.1,1,6.883,1,34.388,1
5905620,2025-12-06T05:36:20Z,1,-47.4087,142.65128,1,839.1,1,34.397,1,6.891,1,839.1,1,6.891,1,34.397,1
5905620,2025-12-06T05:36:20Z,1,-47.4087,142.65128,1,841.3,1,34.402,1,6.895,1,841.3,1,6.895,1,34.402,1
5905620,2025-12-06T05:36:20Z,1,-47.4087,142.65128,1,843.4,1,34.401,1,6.884,1,843.4,1,6.884,1,34.401,1
5905620,2025-12-06T05:36:20Z,1,-47.4087,142.65128,1,845.6,1,34.401,1,6.867,1,845.6,1,6.867,1,34.401,1
5905620,2025-12-06T05:36:20Z,1,-47.4087,142.65128,1,847.7,1,34.398,1,6.838,1,847.7,1,6.838,1,34.398,1
5905620,2025-12-06T05:36:20Z,1,-47.4087,142.65128,1,849.8,1,34.399,1,6.817,1,849.8,1,6.817,1,34.399,1
5905620,2025-12-06T05:36:20Z,1,-47.4087,142.65128,1,851.5,1,34.409,1,6.834,1,851.5,1,6.834,1,34.409,1
5905620,2025-12-06T05:36:20Z,1,-47.4087,142.65128,1,853.0,1,34.409,1,6.828,1,853.0,1,6.828,1,34.409,1
5905620,2025-12-06T05:36:20Z,1,-47.4087,142.65128,1,855.1,1,34.41,1,6.829,1,855.1,1,6.829,1,34.41,1
5905620,2025-12-06T05:36:20Z,1,-47.4087,142.65128,1,857.2,1,34.413,1,6.826,1,857.2,1,6.826,1,34.413,1
5905620,2025-12-06T05:36:20Z,1,-47.4087,142.65128,1,859.3,1,34.413,1,6.816,1,859.3,1,6.816,1,34.413,1
5905620,2025-12-06T05:36:20Z,1,-47.4087,142.65128,1,861.3,1,34.412,1,6.815,1,861.3,1,6.815,1,34.412,1
5905620,2025-12-06T05:36:20Z,1,-47.4087,142.65128,1,863.5,1,34.411,1,6.768,1,863.5,1,6.768,1,34.411,1
5905620,2025-12-06T05:36:20Z,1,-47.4087,142.65128,1,865.6,1,34.409,1,6.745,1,865.6,1,6.745,1,34.409,1
5905620,2025-12-06T05:36:20Z,1,-47.4087,142.65128,1,867.6,1,34.406,1,6.717,1,867.6,1,6.717,1,34.406,1
5905620,2025-12-06T05:36:20Z,1,-47.4087,142.65128,1,869.8,1,34.402,1,6.621,1,869.8,1,6.621,1,34.402,1
5905620,2025-12-06T05:36:20Z,1,-47.4087,142.65128,1,871.9,1,34.377,1,6.477,1,871.9,1,6.477,1,34.377,1
5905620,2025-12-06T05:36:20Z,1,-47.4087,142.65128,1,873.9,1,34.373,1,6.452,1,873.9,1,6.452,1,34.373,1
5905620,2025-12-06T05:36:20Z,1,-47.4087,142.65128,1,875.5,1,34.37,1,6.45,1,875.5,1,6.45,1,34.37,1
5905620,2025-12-06T05:36:20Z,1,-47.4087,142.65128,1,877.0,1,34.37,1,6.428,1,877.0,1,6.428,1,34.37,1
5905620,2025-12-06T05:36:20Z,1,-47.4087,142.65128,1,879.1,1,34.37,1,6.423,1,879.1,1,6.423,1,34.37,1
5905620,2025-12-06T05:36:20Z,1,-47.4087,142.65128,1,881.2,1,34.37,1,6.406,1,881.2,1,6.406,1,34.37,1
5905620,2025-12-06T05:36:20Z,1,-47.4087,142.65128,1,883.2,1,34.357,1,6.305,1,883.2,1,6.305,1,34.357,1
5905620,2025-12-06T05:36:20Z,1,-47.4087,142.65128,1,885.3,1,34.359,1,6.296,1,885.3,1,6.296,1,34.359,1
5905620,2025-12-06T05:36:20Z,1,-47.4087,142.65128,1,887.4,1,34.382,1,6.412,1,887.4,1,6.412,1,34.382,1
5905620,2025-12-06T05:36:20Z,1,-47.4087,142.65128,1,889.5,1,34.382,1,6.416,1,889.5,1,6.416,1,34.382,1
5905620,2025-12-06T05:36:20Z,1,-47.4087,142.65128,1,891.6,1,34.382,1,6.407,1,891.6,1,6.407,1,34.382,1
5905620,2025-12-06T05:36:20Z,1,-47.4087,142.65128,1,893.6,1,34.38,1,6.394,1,893.6,1,6.394,1,34.38,1
5905620,2025-12-06T05:36:20Z,1,-47.4087,142.65128,1,895.7,1,34.383,1,6.379,1,895.7,1,6.379,1,34.383,1
5905620,2025-12-06T05:36:20Z,1,-47.4087,142.65128,1,897.8,1,34.38,1,6.334,1,897.8,1,6.334,1,34.38,1
5905620,2025-12-06T05:36:20Z,1,-47.4087,142.65128,1,899.9,1,34.381,1,6.302,1,899.9,1,6.302,1,34.381,1
5905620,2025-12-06T05:36:20Z,1,-47.4087,142.65128,1,901.5,1,34.381,1,6.296,1,901.5,1,6.296,1,34.381,1
5905620,2025-12-06T05:36:20Z,1,-47.4087,142.65128,1,903.0,1,34.38,1,6.29,1,903.0,1,6.29,1,34.38,1
5905620,2025-12-06T05:36:20Z,1,-47.4087,142.65128,1,905.1,1,34.381,1,6.285,1,905.1,1,6.285,1,34.381,1
5905620,2025-12-06T05:36:20Z,1,-47.4087,142.65128,1,907.2,1,34.38,1,6.284,1,907.2,1,6.284,1,34.38,1
5905620,2025-12-06T05:36:20Z,1,-47.4087,142.65128,1,909.3,1,34.381,1,6.275,1,909.3,1,6.275,1,34.381,1
5905620,2025-12-06T05:36:20Z,1,-47.4087,142.65128,1,911.3,1,34.381,1,6.27,1,911.3,1,6.27,1,34.381,1
5905620,2025-12-06T05:36:20Z,1,-47.4087,142.65128,1,913.3,1,34.381,1,6.264,1,913.3,1,6.264,1,34.381,1
5905620,2025-12-06T05:36:20Z,1,-47.4087,142.65128,1,915.5,1,34.381,1,6.257,1,915.5,1,6.257,1,34.381,1
5905620,2025-12-06T05:36:20Z,1,-47.4087,142.65128,1,917.4,1,34.381,1,6.25,1,917.4,1,6.25,1,34.381,1
5905620,2025-12-06T05:36:20Z,1,-47.4087,142.65128,1,919.3,1,34.382,1,6.209,1,919.3,1,6.209,1,34.382,1
5905620,2025-12-06T05:36:20Z,1,-47.4087,142.65128,1,921.3,1,34.377,1,6.191,1,921.3,1,6.191,1,34.377,1
5905620,2025-12-06T05:36:20Z,1,-47.4087,142.65128,1,923.4,1,34.376,1,6.178,1,923.4,1,6.178,1,34.376,1
5905620,2025-12-06T05:36:20Z,1,-47.4087,142.65128,1,925.4,1,34.375,1,6.152,1,925.4,1,6.152,1,34.375,1
5905620,2025-12-06T05:36:20Z,1,-47.4087,142.65128,1,927.3,1,34.373,1,6.134,1,927.3,1,6.134,1,34.373,1
5905620,2025-12-06T05:36:20Z,1,-47.4087,142.65128,1,929.3,1,34.371,1,6.102,1,929.3,1,6.102,1,34.371,1
5905620,2025-12-06T05:36:20Z,1,-47.4087,142.65128,1,931.4,1,34.37,1,6.074,1,931.4,1,6.074,1,34.37,1
5905620,2025-12-06T05:36:20Z,1,-47.4087,142.65128,1,933.4,1,34.368,1,6.029,1,933.4,1,6.029,1,34.368,1
5905620,2025-12-06T05:36:20Z,1,-47.4087,142.65128,1,935.4,1,34.366,1,6.001,1,935.4,1,6.001,1,34.366,1
5905620,2025-12-06T05:36:20Z,1,-47.4087,142.65128,1,937.6,1,34.366,1,5.973,1,937.6,1,5.973,1,34.366,1
5905620,2025-12-06T05:36:20Z,1,-47.4087,142.65128,1,939.2,1,34.364,1,5.97,1,939.2,1,5.97,1,34.364,1
5905620,2025-12-06T05:36:20Z,1,-47.4087,142.65128,1,941.3,1,34.361,1,5.939,1,941.3,1,5.939,1,34.361,1
5905620,2025-12-06T05:36:20Z,1,-47.4087,142.65128,1,943.4,1,34.36,1,5.917,1,943.4,1,5.917,1,34.36,1
5905620,2025-12-06T05:36:20Z,1,-47.4087,142.65128,1,945.4,1,34.36,1,5.912,1,945.4,1,5.912,1,34.36,1
5905620,2025-12-06T05:36:20Z,1,-47.4087,142.65128,1,947.5,1,34.36,1,5.907,1,947.5,1,5.907,1,34.36,1
5905620,2025-12-06T05:36:20Z,1,-47.4087,142.65128,1,949.6,1,34.36,1,5.904,1,949.6,1,5.904,1,34.36,1
5905620,2025-12-06T05:36:20Z,1,-47.4087,142.65128,1,951.7,1,34.359,1,5.899,1,951.7,1,5.899,1,34.359,1
5905620,2025-12-06T05:36:20Z,1,-47.4087,142.65128,1,953.3,1,34.356,1,5.864,1,953.3,1,5.864,1,34.356,1
5905620,2025-12-06T05:36:20Z,1,-47.4087,142.65128,1,955.3,1,34.356,1,5.832,1,955.3,1,5.832,1,34.356,1
5905620,2025-12-06T05:36:20Z,1,-47.4087,142.65128,1,957.4,1,34.354,1,5.775,1,957.4,1,5.775,1,34.354,1
5905620,2025-12-06T05:36:20Z,1,-47.4087,142.65128,1,959.5,1,34.352,1,5.753,1,959.5,1,5.753,1,34.352,1
5905620,2025-12-06T05:36:20Z,1,-47.4087,142.65128,1,961.6,1,34.352,1,5.73,1,961.6,1,5.73,1,34.352,1
5905620,2025-12-06T05:36:20Z,1,-47.4087,142.65128,1,963.3,1,34.352,1,5.707,1,963.3,1,5.707,1,34.352,1
5905620,2025-12-06T05:36:20Z,1,-47.4087,142.65128,1,965.4,1,34.351,1,5.686,1,965.4,1,5.686,1,34.351,1
5905620,2025-12-06T05:36:20Z,1,-47.4087,142.65128,1,967.5,1,34.349,1,5.675,1,967.5,1,5.675,1,34.349,1
5905620,2025-12-06T05:36:20Z,1,-47.4087,142.65128,1,969.5,1,34.347,1,5.633,1,969.5,1,5.633,1,34.347,1
5905620,2025-12-06T05:36:20Z,1,-47.4087,142.65128,1,971.6,1,34.342,1,5.581,1,971.6,1,5.581,1,34.342,1
5905620,2025-12-06T05:36:20Z,1,-47.4087,142.65128,1,973.3,1,34.343,1,5.576,1,973.3,1,5.576,1,34.343,1
5905620,2025-12-06T05:36:20Z,1,-47.4087,142.65128,1,975.4,1,34.341,1,5.553,1,975.4,1,5.553,1,34.341,1
5905620,2025-12-06T05:36:20Z,1,-47.4087,142.65128,1,977.5,1,34.336,1,5.509,1,977.5,1,5.509,1,34.336,1
5905620,2025-12-06T05:36:20Z,1,-47.4087,142.65128,1,979.2,1,34.334,1,5.485,1,979.2,1,5.485,1,34.334,1
5905620,2025-12-06T05:36:20Z,1,-47.4087,142.65128,1,981.4,1,34.334,1,5.43,1,981.4,1,5.43,1,34.334,1
5905620,2025-12-06T05:36:20Z,1,-47.4087,142.65128,1,983.6,1,34.332,1,5.407,1,983.6,1,5.407,1,34.332,1
5905620,2025-12-06T05:36:20Z,1,-47.4087,142.65128,1,985.3,1,34.332,1,5.405,1,985.3,1,5.405,1,34.332,1
5905620,2025-12-06T05:36:20Z,1,-47.4087,142.65128,1,987.5,1,34.333,1,5.4,1,987.5,1,5.4,1,34.333,1
5905620,2025-12-06T05:36:20Z,1,-47.4087,142.65128,1,989.7,1,34.334,1,5.391,1,989.7,1,5.391,1,34.334,1
5905620,2025-12-06T05:36:20Z,1,-47.4087,142.65128,1,991.4,1,34.334,1,5.376,1,991.4,1,5.376,1,34.334,1
5905620,2025-12-06T05:36:20Z,1,-47.4087,142.65128,1,993.2,1,34.333,1,5.366,1,993.2,1,5.366,1,34.333,1
5905620,2025-12-06T05:36:20Z,1,-47.4087,142.65128,1,995.4,1,34.332,1,5.344,1,995.4,1,5.344,1,34.332,1
5905620,2025-12-06T05:36:20Z,1,-47.4087,142.65128,1,997.6,1,34.331,1,5.305,1,997.6,1,5.305,1,34.331,1
5905620,2025-12-06T05:36:20Z,1,-47.4087,142.65128,1,999.3,1,34.331,1,5.297,1,999.3,1,5.297,1,34.331,1
5905620,2025-12-06T05:36:20Z,1,-47.4087,142.65128,1,1001.1,1,34.33,1,5.29,1,1001.1,1,5.29,1,34.33,1
5905620,2025-12-06T05:36:20Z,1,-47.4087,142.65128,1,1003.4,1,34.332,1,5.263,1,1003.4,1,5.263,1,34.332,1
5905620,2025-12-06T05:36:20Z,1,-47.4087,142.65128,1,1005.6,1,34.331,1,5.244,1,1005.6,1,5.244,1,34.331,1
5905620,2025-12-06T05:36:20Z,1,-47.4087,142.65128,1,1007.4,1,34.33,1,5.233,1,1007.4,1,5.233,1,34.33,1
5905620,2025-12-06T05:36:20Z,1,-47.4087,142.65128,1,1009.2,1,34.33,1,5.225,1,1009.2,1,5.225,1,34.33,1
5905620,2025-12-06T05:36:20Z,1,-47.4087,142.65128,1,1011.5,1,34.33,1,5.208,1,1011.5,1,5.208,1,34.33,1
5905620,2025-12-06T05:36:20Z,1,-47.4087,142.65128,1,1013.7,1,34.332,1,5.192,1,1013.7,1,5.192,1,34.332,1
5905620,2025-12-06T05:36:20Z,1,-47.4087,142.65128,1,1015.5,1,34.333,1,5.183,1,1015.5,1,5.183,1,34.333,1
5905620,2025-12-06T05:36:20Z,1,-47.4087,142.65128,1,1017.4,1,34.334,1,5.174,1,1017.4,1,5.174,1,34.334,1
5905620,2025-12-06T05:36:20Z,1,-47.4087,142.65128,1,1019.3,1,34.335,1,5.171,1,1019.3,1,5.171,1,34.335,1
5905620,2025-12-06T05:36:20Z,1,-47.4087,142.65128,1,1021.1,1,34.337,1,5.156,1,1021.1,1,5.156,1,34.337,1
5905620,2025-12-06T05:36:20Z,1,-47.4087,142.65128,1,1023.5,1,34.337,1,5.146,1,1023.5,1,5.146,1,34.337,1
5905620,2025-12-06T05:36:20Z,1,-47.4087,142.65128,1,1025.8,1,34.337,1,5.14,1,1025.8,1,5.14,1,34.337,1
5905620,2025-12-06T05:36:20Z,1,-47.4087,142.65128,1,1027.7,1,34.337,1,5.133,1,1027.7,1,5.133,1,34.337,1
5905620,2025-12-06T05:36:20Z,1,-47.4087,142.65128,1,1029.6,1,34.336,1,5.106,1,1029.6,1,5.106,1,34.336,1
5905620,2025-12-06T05:36:20Z,1,-47.4087,142.65128,1,1031.5,1,34.331,1,5.034,1,1031.5,1,5.034,1,34.331,1
5905620,2025-12-06T05:36:20Z,1,-47.4087,142.65128,1,1033.4,1,34.331,1,5.015,1,1033.4,1,5.015,1,34.331,1
5905620,2025-12-06T05:36:20Z,1,-47.4087,142.65128,1,1035.3,1,34.331,1,5.009,1,1035.3,1,5.009,1,34.331,1
5905620,2025-12-06T05:36:20Z,1,-47.4087,142.65128,1,1037.2,1,34.333,1,5.011,1,1037.2,1,5.011,1,34.333,1
5905620,2025-12-06T05:36:20Z,1,-47.4087,142.65128,1,1039.1,1,34.337,1,5.012,1,1039.1,1,5.012,1,34.337,1
5905620,2025-12-06T05:36:20Z,1,-47.4087,142.65128,1,1041.0,1,34.337,1,5.007,1,1041.0,1,5.007,1,34.337,1
5905620,2025-12-06T05:36:20Z,1,-47.4087,142.65128,1,1043.0,1,34.334,1,4.997,1,1043.0,1,4.997,1,34.334,1
5905620,2025-12-06T05:36:20Z,1,-47.4087,142.65128,1,1045.4,1,34.333,1,4.977,1,1045.4,1,4.977,1,34.333,1
5905620,2025-12-06T05:36:20Z,1,-47.4087,142.65128,1,1047.9,1,34.332,1,4.947,1,1047.9,1,4.947,1,34.332,1
5905620,2025-12-06T05:36:20Z,1,-47.4087,142.65128,1,1049.8,1,34.336,1,4.952,1,1049.8,1,4.952,1,34.336,1
5905620,2025-12-06T05:36:20Z,1,-47.4087,142.65128,1,1051.7,1,34.339,1,4.967,1,1051.7,1,4.967,1,34.339,1
5905620,2025-12-06T05:36:20Z,1,-47.4087,142.65128,1,1053.6,1,34.34,1,4.971,1,1053.6,1,4.971,1,34.34,1
5905620,2025-12-06T05:36:20Z,1,-47.4087,142.65128,1,1055.6,1,34.34,1,4.962,1,1055.6,1,4.962,1,34.34,1
5905620,2025-12-06T05:36:20Z,1,-47.4087,142.65128,1,1057.6,1,34.336,1,4.933,1,1057.6,1,4.933,1,34.336,1
5905620,2025-12-06T05:36:20Z,1,-47.4087,142.65128,1,1059.6,1,34.333,1,4.896,1,1059.6,1,4.896,1,34.333,1
5905620,2025-12-06T05:36:20Z,1,-47.4087,142.65128,1,1061.6,1,34.328,1,4.846,1,1061.6,1,4.846,1,34.328,1
5905620,2025-12-06T05:36:20Z,1,-47.4087,142.65128,1,1063.6,1,34.322,1,4.823,1,1063.6,1,4.823,1,34.322,1
5905620,2025-12-06T05:36:20Z,1,-47.4087,142.65128,1,1065.6,1,34.327,1,4.786,1,1065.6,1,4.786,1,34.327,1
5905620,2025-12-06T05:36:20Z,1,-47.4087,142.65128,1,1067.7,1,34.32,1,4.77,1,1067.7,1,4.77,1,34.32,1
5905620,2025-12-06T05:36:20Z,1,-47.4087,142.65128,1,1069.7,1,34.318,1,4.727,1,1069.7,1,4.727,1,34.318,1
5905620,2025-12-06T05:36:20Z,1,-47.4087,142.65128,1,1071.7,1,34.318,1,4.72,1,1071.7,1,4.72,1,34.318,1
5905620,2025-12-06T05:36:20Z,1,-47.4087,142.65128,1,1073.7,1,34.316,1,4.707,1,1073.7,1,4.707,1,34.316,1
5905620,2025-12-06T05:36:20Z,1,-47.4087,142.65128,1,1075.7,1,34.316,1,4.7,1,1075.7,1,4.7,1,34.316,1
5905620,2025-12-06T05:36:20Z,1,-47.4087,142.65128,1,1077.7,1,34.316,1,4.688,1,1077.7,1,4.688,1,34.316,1
5905620,2025-12-06T05:36:20Z,1,-47.4087,142.65128,1,1079.7,1,34.317,1,4.696,1,1079.7,1,4.696,1,34.317,1
5905620,2025-12-06T05:36:20Z,1,-47.4087,142.65128,1,1081.7,1,34.317,1,4.677,1,1081.7,1,4.677,1,34.317,1
5905620,2025-12-06T05:36:20Z,1,-47.4087,142.65128,1,1083.7,1,34.313,1,4.64,1,1083.7,1,4.64,1,34.313,1
5905620,2025-12-06T05:36:20Z,1,-47.4087,142.65128,1,1085.6,1,34.313,1,4.636,1,1085.6,1,4.636,1,34.313,1
5905620,2025-12-06T05:36:20Z,1,-47.4087,142.65128,1,1087.6,1,34.313,1,4.617,1,1087.6,1,4.617,1,34.313,1
5905620,2025-12-06T05:36:20Z,1,-47.4087,142.65128,1,1089.6,1,34.312,1,4.607,1,1089.6,1,4.607,1,34.312,1
5905620,2025-12-06T05:36:20Z,1,-47.4087,142.65128,1,1091.6,1,34.316,1,4.59,1,1091.6,1,4.59,1,34.316,1
5905620,2025-12-06T05:36:20Z,1,-47.4087,142.65128,1,1093.6,1,34.314,1,4.576,1,1093.6,1,4.576,1,34.314,1
5905620,2025-12-06T05:36:20Z,1,-47.4087,142.65128,1,1095.7,1,34.311,1,4.561,1,1095.7,1,4.561,1,34.311,1
5905620,2025-12-06T05:36:20Z,1,-47.4087,142.65128,1,1097.7,1,34.315,1,4.56,1,1097.7,1,4.56,1,34.315,1
5905620,2025-12-06T05:36:20Z,1,-47.4087,142.65128,1,1099.7,1,34.315,1,4.559,1,1099.7,1,4.559,1,34.315,1
5905620,2025-12-06T05:36:20Z,1,-47.4087,142.65128,1,1101.8,1,34.315,1,4.557,1,1101.8,1,4.557,1,34.315,1
5905620,2025-12-06T05:36:20Z,1,-47.4087,142.65128,1,1103.8,1,34.316,1,4.544,1,1103.8,1,4.544,1,34.316,1
5905620,2025-12-06T05:36:20Z,1,-47.4087,142.65128,1,1105.8,1,34.317,1,4.543,1,1105.8,1,4.543,1,34.317,1
5905620,2025-12-06T05:36:20Z,1,-47.4087,142.65128,1,1107.8,1,34.318,1,4.534,1,1107.8,1,4.534,1,34.318,1
5905620,2025-12-06T05:36:20Z,1,-47.4087,142.65128,1,1109.9,1,34.318,1,4.528,1,1109.9,1,4.528,1,34.318,1
5905620,2025-12-06T05:36:20Z,1,-47.4087,142.65128,1,1111.9,1,34.319,1,4.516,1,1111.9,1,4.516,1,34.319,1
5905620,2025-12-06T05:36:20Z,1,-47.4087,142.65128,1,1113.9,1,34.313,1,4.476,1,1113.9,1,4.476,1,34.313,1
5905620,2025-12-06T05:36:20Z,1,-47.4087,142.65128,1,1115.4,1,34.313,1,4.46,1,1115.4,1,4.46,1,34.313,1
5905620,2025-12-06T05:36:20Z,1,-47.4087,142.65128,1,1117.0,1,34.311,1,4.438,1,1117.0,1,4.438,1,34.311,1
5905620,2025-12-06T05:36:20Z,1,-47.4087,142.65128,1,1119.0,1,34.312,1,4.434,1,1119.0,1,4.434,1,34.312,1
5905620,2025-12-06T05:36:20Z,1,-47.4087,142.65128,1,1121.1,1,34.314,1,4.436,1,1121.1,1,4.436,1,34.314,1
5905620,2025-12-06T05:36:20Z,1,-47.4087,142.65128,1,1123.2,1,34.316,1,4.434,1,1123.2,1,4.434,1,34.316,1
5905620,2025-12-06T05:36:20Z,1,-47.4087,142.65128,1,1125.3,1,34.317,1,4.434,1,1125.3,1,4.434,1,34.317,1
5905620,2025-12-06T05:36:20Z,1,-47.4087,142.65128,1,1127.4,1,34.319,1,4.436,1,1127.4,1,4.436,1,34.319,1
5905620,2025-12-06T05:36:20Z,1,-47.4087,142.65128,1,1129.5,1,34.319,1,4.424,1,1129.5,1,4.424,1,34.319,1
5905620,2025-12-06T05:36:20Z,1,-47.4087,142.65128,1,1131.6,1,34.318,1,4.413,1,1131.6,1,4.413,1,34.318,1
5905620,2025-12-06T05:36:20Z,1,-47.4087,142.65128,1,1133.6,1,34.316,1,4.404,1,1133.6,1,4.404,1,34.316,1
5905620,2025-12-06T05:36:20Z,1,-47.4087,142.65128,1,1135.6,1,34.316,1,4.393,1,1135.6,1,4.393,1,34.316,1
5905620,2025-12-06T05:36:20Z,1,-47.4087,142.65128,1,1137.7,1,34.317,1,4.383,1,1137.7,1,4.383,1,34.317,1
5905620,2025-12-06T05:36:20Z,1,-47.4087,142.65128,1,1139.8,1,34.317,1,4.379,1,1139.8,1,4.379,1,34.317,1
5905620,2025-12-06T05:36:20Z,1,-47.4087,142.65128,1,1141.9,1,34.315,1,4.327,1,1141.9,1,4.327,1,34.315,1
5905620,2025-12-06T05:36:20Z,1,-47.4087,142.65128,1,1143.5,1,34.313,1,4.321,1,1143.5,1,4.321,1,34.313,1
5905620,2025-12-06T05:36:20Z,1,-47.4087,142.65128,1,1145.0,1,34.313,1,4.312,1,1145.0,1,4.312,1,34.313,1
5905620,2025-12-06T05:36:20Z,1,-47.4087,142.65128,1,1147.1,1,34.314,1,4.304,1,1147.1,1,4.304,1,34.314,1
5905620,2025-12-06T05:36:20Z,1,-47.4087,142.65128,1,1149.2,1,34.314,1,4.299,1,1149.2,1,4.299,1,34.314,1
5905620,2025-12-06T05:36:20Z,1,-47.4087,142.65128,1,1151.3,1,34.314,1,4.291,1,1151.3,1,4.291,1,34.314,1
5905620,2025-12-06T05:36:20Z,1,-47.4087,142.65128,1,1153.4,1,34.315,1,4.28,1,1153.4,1,4.28,1,34.315,1
5905620,2025-12-06T05:36:20Z,1,-47.4087,142.65128,1,1155.5,1,34.315,1,4.263,1,1155.5,1,4.263,1,34.315,1
5905620,2025-12-06T05:36:20Z,1,-47.4087,142.65128,1,1157.6,1,34.315,1,4.256,1,1157.6,1,4.256,1,34.315,1
5905620,2025-12-06T05:36:20Z,1,-47.4087,142.65128,1,1159.6,1,34.317,1,4.251,1,1159.6,1,4.251,1,34.317,1
5905620,2025-12-06T05:36:20Z,1,-47.4087,142.65128,1,1161.7,1,34.318,1,4.241,1,1161.7,1,4.241,1,34.318,1
5905620,2025-12-06T05:36:20Z,1,-47.4087,142.65128,1,1163.8,1,34.319,1,4.238,1,1163.8,1,4.238,1,34.319,1
5905620,2025-12-06T05:36:20Z,1,-47.4087,142.65128,1,1165.9,1,34.32,1,4.23,1,1165.9,1,4.23,1,34.32,1
5905620,2025-12-06T05:36:20Z,1,-47.4087,142.65128,1,1167.5,1,34.321,1,4.225,1,1167.5,1,4.225,1,34.321,1
5905620,2025-12-06T05:36:20Z,1,-47.4087,142.65128,1,1169.0,1,34.32,1,4.216,1,1169.0,1,4.216,1,34.32,1
5905620,2025-12-06T05:36:20Z,1,-47.4087,142.65128,1,1171.1,1,34.32,1,4.199,1,1171.1,1,4.199,1,34.32,1
5905620,2025-12-06T05:36:20Z,1,-47.4087,142.65128,1,1173.1,1,34.323,1,4.18,1,1173.1,1,4.18,1,34.323,1
5905620,2025-12-06T05:36:20Z,1,-47.4087,142.65128,1,1175.2,1,34.326,1,4.183,1,1175.2,1,4.183,1,34.326,1
5905620,2025-12-06T05:36:20Z,1,-47.4087,142.65128,1,1177.2,1,34.326,1,4.168,1,1177.2,1,4.168,1,34.326,1
5905620,2025-12-06T05:36:20Z,1,-47.4087,142.65128,1,1179.2,1,34.325,1,4.148,1,1179.2,1,4.148,1,34.325,1
5905620,2025-12-06T05:36:20Z,1,-47.4087,142.65128,1,1181.2,1,34.327,1,4.115,1,1181.2,1,4.115,1,34.327,1
5905620,2025-12-06T05:36:20Z,1,-47.4087,142.65128,1,1183.3,1,34.328,1,4.091,1,1183.3,1,4.091,1,34.328,1
5905620,2025-12-06T05:36:20Z,1,-47.4087,142.65128,1,1185.3,1,34.326,1,4.077,1,1185.3,1,4.077,1,34.326,1
5905620,2025-12-06T05:36:20Z,1,-47.4087,142.65128,1,1187.3,1,34.325,1,4.073,1,1187.3,1,4.073,1,34.325,1
5905620,2025-12-06T05:36:20Z,1,-47.4087,142.65128,1,1189.3,1,34.326,1,4.057,1,1189.3,1,4.057,1,34.326,1
5905620,2025-12-06T05:36:20Z,1,-47.4087,142.65128,1,1191.3,1,34.328,1,4.044,1,1191.3,1,4.044,1,34.328,1
5905620,2025-12-06T05:36:20Z,1,-47.4087,142.65128,1,1193.3,1,34.332,1,4.047,1,1193.3,1,4.047,1,34.332,1
5905620,2025-12-06T05:36:20Z,1,-47.4087,142.65128,1,1195.2,1,34.328,1,4.017,1,1195.2,1,4.017,1,34.328,1
5905620,2025-12-06T05:36:20Z,1,-47.4087,142.65128,1,1197.4,1,34.325,1,3.967,1,1197.4,1,3.967,1,34.325,1
5905620,2025-12-06T05:36:20Z,1,-47.4087,142.65128,1,1199.4,1,34.325,1,3.96,1,1199.4,1,3.96,1,34.325,1
5905620,2025-12-06T05:36:20Z,1,-47.4087,142.65128,1,1201.3,1,34.326,1,3.96,1,1201.3,1,3.96,1,34.326,1
5905620,2025-12-06T05:36:20Z,1,-47.4087,142.65128,1,1203.3,1,34.329,1,3.972,1,1203.3,1,3.972,1,34.329,1
5905620,2025-12-06T05:36:20Z,1,-47.4087,142.65128,1,1205.2,1,34.331,1,3.976,1,1205.2,1,3.976,1,34.331,1
5905620,2025-12-06T05:36:20Z,1,-47.4087,142.65128,1,1207.6,1,34.33,1,3.932,1,1207.6,1,3.932,1,34.33,1
5905620,2025-12-06T05:36:20Z,1,-47.4087,142.65128,1,1209.6,1,34.332,1,3.932,1,1209.6,1,3.932,1,34.332,1
5905620,2025-12-06T05:36:20Z,1,-47.4087,142.65128,1,1211.6,1,34.334,1,3.938,1,1211.6,1,3.938,1,34.334,1
5905620,2025-12-06T05:36:20Z,1,-47.4087,142.65128,1,1213.7,1,34.332,1,3.909,1,1213.7,1,3.909,1,34.332,1
5905620,2025-12-06T05:36:20Z,1,-47.4087,142.65128,1,1215.3,1,34.33,1,3.89,1,1215.3,1,3.89,1,34.33,1
5905620,2025-12-06T05:36:20Z,1,-47.4087,142.65128,1,1217.3,1,34.333,1,3.896,1,1217.3,1,3.896,1,34.333,1
5905620,2025-12-06T05:36:20Z,1,-47.4087,142.65128,1,1219.3,1,34.334,1,3.886,1,1219.3,1,3.886,1,34.334,1
5905620,2025-12-06T05:36:20Z,1,-47.4087,142.65128,1,1221.4,1,34.334,1,3.877,1,1221.4,1,3.877,1,34.334,1
5905620,2025-12-06T05:36:20Z,1,-47.4087,142.65128,1,1223.5,1,34.335,1,3.864,1,1223.5,1,3.864,1,34.335,1
5905620,2025-12-06T05:36:20Z,1,-47.4087,142.65128,1,1225.5,1,34.338,1,3.878,1,1225.5,1,3.878,1,34.338,1
5905620,2025-12-06T05:36:20Z,1,-47.4087,142.65128,1,1227.7,1,34.341,1,3.873,1,1227.7,1,3.873,1,34.341,1
5905620,2025-12-06T05:36:20Z,1,-47.4087,142.65128,1,1229.3,1,34.338,1,3.829,1,1229.3,1,3.829,1,34.338,1
5905620,2025-12-06T05:36:20Z,1,-47.4087,142.65128,1,1231.4,1,34.338,1,3.821,1,1231.4,1,3.821,1,34.338,1
5905620,2025-12-06T05:36:20Z,1,-47.4087,142.65128,1,1233.6,1,34.341,1,3.823,1,1233.6,1,3.823,1,34.341,1
5905620,2025-12-06T05:36:20Z,1,-47.4087,142.65128,1,1235.3,1,34.341,1,3.824,1,1235.3,1,3.824,1,34.341,1
5905620,2025-12-06T05:36:20Z,1,-47.4087,142.65128,1,1237.5,1,34.34,1,3.819,1,1237.5,1,3.819,1,34.34,1
5905620,2025-12-06T05:36:20Z,1,-47.4087,142.65128,1,1239.7,1,34.339,1,3.814,1,1239.7,1,3.814,1,34.339,1
5905620,2025-12-06T05:36:20Z,1,-47.4087,142.65128,1,1241.5,1,34.343,1,3.813,1,1241.5,1,3.813,1,34.343,1
5905620,2025-12-06T05:36:20Z,1,-47.4087,142.65128,1,1243.3,1,34.343,1,3.799,1,1243.3,1,3.799,1,34.343,1
5905620,2025-12-06T05:36:20Z,1,-47.4087,142.65128,1,1245.1,1,34.344,1,3.786,1,1245.1,1,3.786,1,34.344,1
5905620,2025-12-06T05:36:20Z,1,-47.4087,142.65128,1,1247.4,1,34.345,1,3.786,1,1247.4,1,3.786,1,34.345,1
5905620,2025-12-06T05:36:20Z,1,-47.4087,142.65128,1,1249.7,1,34.347,1,3.791,1,1249.7,1,3.791,1,34.347,1
5905620,2025-12-06T05:36:20Z,1,-47.4087,142.65128,1,1251.5,1,34.35,1,3.801,1,1251.5,1,3.801,1,34.35,1
5905620,2025-12-06T05:36:20Z,1,-47.4087,142.65128,1,1253.3,1,34.351,1,3.804,1,1253.3,1,3.804,1,34.351,1
5905620,2025-12-06T05:36:20Z,1,-47.4087,142.65128,1,1255.1,1,34.351,1,3.804,1,1255.1,1,3.804,1,34.351,1
5905620,2025-12-06T05:36:20Z,1,-47.4087,142.65128,1,1257.4,1,34.352,1,3.795,1,1257.4,1,3.795,1,34.352,1
5905620,2025-12-06T05:36:20Z,1,-47.4087,142.65128,1,1259.6,1,34.354,1,3.794,1,1259.6,1,3.794,1,34.354,1
5905620,2025-12-06T05:36:20Z,1,-47.4087,142.65128,1,1261.5,1,34.355,1,3.791,1,1261.5,1,3.791,1,34.355,1
5905620,2025-12-06T05:36:20Z,1,-47.4087,142.65128,1,1263.3,1,34.357,1,3.789,1,1263.3,1,3.789,1,34.357,1
5905620,2025-12-06T05:36:20Z,1,-47.4087,142.65128,1,1265.5,1,34.357,1,3.78,1,1265.5,1,3.78,1,34.357,1
5905620,2025-12-06T05:36:20Z,1,-47.4087,142.65128,1,1267.8,1,34.359,1,3.774,1,1267.8,1,3.774,1,34.359,1
5905620,2025-12-06T05:36:20Z,1,-47.4087,142.65128,1,1269.6,1,34.36,1,3.772,1,1269.6,1,3.772,1,34.36,1
5905620,2025-12-06T05:36:20Z,1,-47.4087,142.65128,1,1271.4,1,34.36,1,3.766,1,1271.4,1,3.766,1,34.36,1
5905620,2025-12-06T05:36:20Z,1,-47.4087,142.65128,1,1273.3,1,34.361,1,3.765,1,1273.3,1,3.765,1,34.361,1
5905620,2025-12-06T05:36:20Z,1,-47.4087,142.65128,1,1275.1,1,34.361,1,3.758,1,1275.1,1,3.758,1,34.361,1
5905620,2025-12-06T05:36:20Z,1,-47.4087,142.65128,1,1277.4,1,34.361,1,3.754,1,1277.4,1,3.754,1,34.361,1
5905620,2025-12-06T05:36:20Z,1,-47.4087,142.65128,1,1279.7,1,34.362,1,3.743,1,1279.7,1,3.743,1,34.362,1
5905620,2025-12-06T05:36:20Z,1,-47.4087,142.65128,1,1281.5,1,34.363,1,3.734,1,1281.5,1,3.734,1,34.363,1
5905620,2025-12-06T05:36:20Z,1,-47.4087,142.65128,1,1283.4,1,34.364,1,3.723,1,1283.4,1,3.723,1,34.364,1
5905620,2025-12-06T05:36:20Z,1,-47.4087,142.65128,1,1285.3,1,34.365,1,3.72,1,1285.3,1,3.72,1,34.365,1
5905620,2025-12-06T05:36:20Z,1,-47.4087,142.65128,1,1287.2,1,34.365,1,3.717,1,1287.2,1,3.717,1,34.365,1
5905620,2025-12-06T05:36:20Z,1,-47.4087,142.65128,1,1289.1,1,34.365,1,3.714,1,1289.1,1,3.714,1,34.365,1
5905620,2025-12-06T05:36:20Z,1,-47.4087,142.65128,1,1291.4,1,34.365,1,3.712,1,1291.4,1,3.712,1,34.365,1
5905620,2025-12-06T05:36:20Z,1,-47.4087,142.65128,1,1293.8,1,34.365,1,3.711,1,1293.8,1,3.711,1,34.365,1
5905620,2025-12-06T05:36:20Z,1,-47.4087,142.65128,1,1295.7,1,34.366,1,3.701,1,1295.7,1,3.701,1,34.366,1
5905620,2025-12-06T05:36:20Z,1,-47.4087,142.65128,1,1297.7,1,34.366,1,3.697,1,1297.7,1,3.697,1,34.366,1
5905620,2025-12-06T05:36:20Z,1,-47.4087,142.65128,1,1299.6,1,34.366,1,3.694,1,1299.6,1,3.694,1,34.366,1
5905620,2025-12-06T05:36:20Z,1,-47.4087,142.65128,1,1301.5,1,34.367,1,3.692,1,1301.5,1,3.692,1,34.367,1
5905620,2025-12-06T05:36:20Z,1,-47.4087,142.65128,1,1303.3,1,34.367,1,3.685,1,1303.3,1,3.685,1,34.367,1
5905620,2025-12-06T05:36:20Z,1,-47.4087,142.65128,1,1305.2,1,34.369,1,3.674,1,1305.2,1,3.674,1,34.369,1
5905620,2025-12-06T05:36:20Z,1,-47.4087,142.65128,1,1307.1,1,34.369,1,3.668,1,1307.1,1,3.668,1,34.369,1
5905620,2025-12-06T05:36:20Z,1,-47.4087,142.65128,1,1309.1,1,34.37,1,3.66,1,1309.1,1,3.66,1,34.37,1
5905620,2025-12-06T05:36:20Z,1,-47.4087,142.65128,1,1311.0,1,34.372,1,3.649,1,1311.0,1,3.649,1,34.372,1
5905620,2025-12-06T05:36:20Z,1,-47.4087,142.65128,1,1313.4,1,34.372,1,3.647,1,1313.4,1,3.647,1,34.372,1
5905620,2025-12-06T05:36:20Z,1,-47.4087,142.65128,1,1315.8,1,34.372,1,3.644,1,1315.8,1,3.644,1,34.372,1
5905620,2025-12-06T05:36:20Z,1,-47.4087,142.65128,1,1317.8,1,34.372,1,3.638,1,1317.8,1,3.638,1,34.372,1
5905620,2025-12-06T05:36:20Z,1,-47.4087,142.65128,1,1319.7,1,34.373,1,3.633,1,1319.7,1,3.633,1,34.373,1
5905620,2025-12-06T05:36:20Z,1,-47.4087,142.65128,1,1321.7,1,34.373,1,3.628,1,1321.7,1,3.628,1,34.373,1
5905620,2025-12-06T05:36:20Z,1,-47.4087,142.65128,1,1323.6,1,34.374,1,3.618,1,1323.6,1,3.618,1,34.374,1
5905620,2025-12-06T05:36:20Z,1,-47.4087,142.65128,1,1325.5,1,34.375,1,3.612,1,1325.5,1,3.612,1,34.375,1
5905620,2025-12-06T05:36:20Z,1,-47.4087,142.65128,1,1327.4,1,34.375,1,3.607,1,1327.4,1,3.607,1,34.375,1
5905620,2025-12-06T05:36:20Z,1,-47.4087,142.65128,1,1329.3,1,34.375,1,3.602,1,1329.3,1,3.602,1,34.375,1
5905620,2025-12-06T05:36:20Z,1,-47.4087,142.65128,1,1331.3,1,34.377,1,3.59,1,1331.3,1,3.59,1,34.377,1
5905620,2025-12-06T05:36:20Z,1,-47.4087,142.65128,1,1333.2,1,34.377,1,3.583,1,1333.2,1,3.583,1,34.377,1
5905620,2025-12-06T05:36:20Z,1,-47.4087,142.65128,1,1335.2,1,34.377,1,3.584,1,1335.2,1,3.584,1,34.377,1
5905620,2025-12-06T05:36:20Z,1,-47.4087,142.65128,1,1337.1,1,34.377,1,3.582,1,1337.1,1,3.582,1,34.377,1
5905620,2025-12-06T05:36:20Z,1,-47.4087,142.65128,1,1339.1,1,34.378,1,3.572,1,1339.1,1,3.572,1,34.378,1
5905620,2025-12-06T05:36:20Z,1,-47.4087,142.65128,1,1341.0,1,34.379,1,3.554,1,1341.0,1,3.554,1,34.379,1
5905620,2025-12-06T05:36:20Z,1,-47.4087,142.65128,1,1343.4,1,34.38,1,3.543,1,1343.4,1,3.543,1,34.38,1
5905620,2025-12-06T05:36:20Z,1,-47.4087,142.65128,1,1345.9,1,34.381,1,3.534,1,1345.9,1,3.534,1,34.381,1
5905620,2025-12-06T05:36:20Z,1,-47.4087,142.65128,1,1347.9,1,34.383,1,3.524,1,1347.9,1,3.524,1,34.383,1
5905620,2025-12-06T05:36:20Z,1,-47.4087,142.65128,1,1349.8,1,34.385,1,3.511,1,1349.8,1,3.511,1,34.385,1
5905620,2025-12-06T05:36:20Z,1,-47.4087,142.65128,1,1351.8,1,34.385,1,3.506,1,1351.8,1,3.506,1,34.385,1
5905620,2025-12-06T05:36:20Z,1,-47.4087,142.65128,1,1353.7,1,34.386,1,3.495,1,1353.7,1,3.495,1,34.386,1
5905620,2025-12-06T05:36:20Z,1,-47.4087,142.65128,1,1355.7,1,34.387,1,3.491,1,1355.7,1,3.491,1,34.387,1
5905620,2025-12-06T05:36:20Z,1,-47.4087,142.65128,1,1357.7,1,34.387,1,3.489,1,1357.7,1,3.489,1,34.387,1
5905620,2025-12-06T05:36:20Z,1,-47.4087,142.65128,1,1359.7,1,34.388,1,3.483,1,1359.7,1,3.483,1,34.388,1
5905620,2025-12-06T05:36:20Z,1,-47.4087,142.65128,1,1361.7,1,34.39,1,3.466,1,1361.7,1,3.466,1,34.39,1
5905620,2025-12-06T05:36:20Z,1,-47.4087,142.65128,1,1363.7,1,34.391,1,3.459,1,1363.7,1,3.459,1,34.391,1
5905620,2025-12-06T05:36:20Z,1,-47.4087,142.65128,1,1365.7,1,34.393,1,3.447,1,1365.7,1,3.447,1,34.393,1
5905620,2025-12-06T05:36:20Z,1,-47.4087,142.65128,1,1367.7,1,34.396,1,3.441,1,1367.7,1,3.441,1,34.396,1
5905620,2025-12-06T05:36:20Z,1,-47.4087,142.65128,1,1369.8,1,34.395,1,3.426,1,1369.8,1,3.426,1,34.395,1
5905620,2025-12-06T05:36:20Z,1,-47.4087,142.65128,1,1371.8,1,34.396,1,3.418,1,1371.8,1,3.418,1,34.396,1
5905620,2025-12-06T05:36:20Z,1,-47.4087,142.65128,1,1373.8,1,34.397,1,3.414,1,1373.8,1,3.414,1,34.397,1
5905620,2025-12-06T05:36:20Z,1,-47.4087,142.65128,1,1375.8,1,34.397,1,3.408,1,1375.8,1,3.408,1,34.397,1
5905620,2025-12-06T05:36:20Z,1,-47.4087,142.65128,1,1377.8,1,34.398,1,3.404,1,1377.8,1,3.404,1,34.398,1
5905620,2025-12-06T05:36:20Z,1,-47.4087,142.65128,1,1379.9,1,34.399,1,3.401,1,1379.9,1,3.401,1,34.399,1
5905620,2025-12-06T05:36:20Z,1,-47.4087,142.65128,1,1381.9,1,34.4,1,3.393,1,1381.9,1,3.393,1,34.4,1
5905620,2025-12-06T05:36:20Z,1,-47.4087,142.65128,1,1383.9,1,34.4,1,3.384,1,1383.9,1,3.384,1,34.4,1
5905620,2025-12-06T05:36:20Z,1,-47.4087,142.65128,1,1385.9,1,34.402,1,3.375,1,1385.9,1,3.375,1,34.402,1
5905620,2025-12-06T05:36:20Z,1,-47.4087,142.65128,1,1387.9,1,34.403,1,3.371,1,1387.9,1,3.371,1,34.403,1
5905620,2025-12-06T05:36:20Z,1,-47.4087,142.65128,1,1389.8,1,34.404,1,3.37,1,1389.8,1,3.37,1,34.404,1
5905620,2025-12-06T05:36:20Z,1,-47.4087,142.65128,1,1391.8,1,34.405,1,3.367,1,1391.8,1,3.367,1,34.405,1
5905620,2025-12-06T05:36:20Z,1,-47.4087,142.65128,1,1393.8,1,34.405,1,3.364,1,1393.8,1,3.364,1,34.405,1
5905620,2025-12-06T05:36:20Z,1,-47.4087,142.65128,1,1395.8,1,34.406,1,3.356,1,1395.8,1,3.356,1,34.406,1
5905620,2025-12-06T05:36:20Z,1,-47.4087,142.65128,1,1397.9,1,34.408,1,3.346,1,1397.9,1,3.346,1,34.408,1
5905620,2025-12-06T05:36:20Z,1,-47.4087,142.65128,1,1399.9,1,34.408,1,3.343,1,1399.9,1,3.343,1,34.408,1
5905620,2025-12-06T05:36:20Z,1,-47.4087,142.65128,1,1401.9,1,34.408,1,3.34,1,1401.9,1,3.34,1,34.408,1
5905620,2025-12-06T05:36:20Z,1,-47.4087,142.65128,1,1403.9,1,34.409,1,3.335,1,1403.9,1,3.335,1,34.409,1
5905620,2025-12-06T05:36:20Z,1,-47.4087,142.65128,1,1405.4,1,34.412,1,3.325,1,1405.4,1,3.325,1,34.412,1
5905620,2025-12-06T05:36:20Z,1,-47.4087,142.65128,1,1407.0,1,34.412,1,3.323,1,1407.0,1,3.323,1,34.412,1
5905620,2025-12-06T05:36:20Z,1,-47.4087,142.65128,1,1409.4,1,34.412,1,3.321,1,1409.4,1,3.321,1,34.412,1
5905620,2025-12-06T05:36:20Z,1,-47.4087,142.65128,1,1411.9,1,34.413,1,3.317,1,1411.9,1,3.317,1,34.413,1
5905620,2025-12-06T05:36:20Z,1,-47.4087,142.65128,1,1413.9,1,34.413,1,3.313,1,1413.9,1,3.313,1,34.413,1
5905620,2025-12-06T05:36:20Z,1,-47.4087,142.65128,1,1415.8,1,34.417,1,3.299,1,1415.8,1,3.299,1,34.417,1
5905620,2025-12-06T05:36:20Z,1,-47.4087,142.65128,1,1417.8,1,34.415,1,3.295,1,1417.8,1,3.295,1,34.415,1
5905620,2025-12-06T05:36:20Z,1,-47.4087,142.65128,1,1419.8,1,34.417,1,3.294,1,1419.8,1,3.294,1,34.417,1
5905620,2025-12-06T05:36:20Z,1,-47.4087,142.65128,1,1421.8,1,34.418,1,3.29,1,1421.8,1,3.29,1,34.418,1
5905620,2025-12-06T05:36:20Z,1,-47.4087,142.65128,1,1423.8,1,34.42,1,3.288,1,1423.8,1,3.288,1,34.42,1
5905620,2025-12-06T05:36:20Z,1,-47.4087,142.65128,1,1425.8,1,34.421,1,3.286,1,1425.8,1,3.286,1,34.421,1
5905620,2025-12-06T05:36:20Z,1,-47.4087,142.65128,1,1427.8,1,34.423,1,3.28,1,1427.8,1,3.28,1,34.423,1
5905620,2025-12-06T05:36:20Z,1,-47.4087,142.65128,1,1429.8,1,34.424,1,3.272,1,1429.8,1,3.272,1,34.424,1
5905620,2025-12-06T05:36:20Z,1,-47.4087,142.65128,1,1431.8,1,34.423,1,3.269,1,1431.8,1,3.269,1,34.423,1
5905620,2025-12-06T05:36:20Z,1,-47.4087,142.65128,1,1433.9,1,34.424,1,3.265,1,1433.9,1,3.265,1,34.424,1
5905620,2025-12-06T05:36:20Z,1,-47.4087,142.65128,1,1435.9,1,34.425,1,3.264,1,1435.9,1,3.264,1,34.425,1
5905620,2025-12-06T05:36:20Z,1,-47.4087,142.65128,1,1437.9,1,34.425,1,3.258,1,1437.9,1,3.258,1,34.425,1
5905620,2025-12-06T05:36:20Z,1,-47.4087,142.65128,1,1439.5,1,34.426,1,3.258,1,1439.5,1,3.258,1,34.426,1
5905620,2025-12-06T05:36:20Z,1,-47.4087,142.65128,1,1441.0,1,34.427,1,3.254,1,1441.0,1,3.254,1,34.427,1
5905620,2025-12-06T05:36:20Z,1,-47.4087,142.65128,1,1443.0,1,34.43,1,3.239,1,1443.0,1,3.239,1,34.43,1
5905620,2025-12-06T05:36:20Z,1,-47.4087,142.65128,1,1445.3,1,34.431,1,3.232,1,1445.3,1,3.232,1,34.431,1
5905620,2025-12-06T05:36:20Z,1,-47.4087,142.65128,1,1447.2,1,34.434,1,3.219,1,1447.2,1,3.219,1,34.434,1
5905620,2025-12-06T05:36:20Z,1,-47.4087,142.65128,1,1449.3,1,34.434,1,3.209,1,1449.3,1,3.209,1,34.434,1
5905620,2025-12-06T05:36:20Z,1,-47.4087,142.65128,1,1451.3,1,34.437,1,3.198,1,1451.3,1,3.198,1,34.437,1
5905620,2025-12-06T05:36:20Z,1,-47.4087,142.65128,1,1453.3,1,34.438,1,3.188,1,1453.3,1,3.188,1,34.438,1
5905620,2025-12-06T05:36:20Z,1,-47.4087,142.65128,1,1455.4,1,34.44,1,3.176,1,1455.4,1,3.176,1,34.44,1
5905620,2025-12-06T05:36:20Z,1,-47.4087,142.65128,1,1457.4,1,34.44,1,3.171,1,1457.4,1,3.171,1,34.44,1
5905620,2025-12-06T05:36:20Z,1,-47.4087,142.65128,1,1459.4,1,34.441,1,3.168,1,1459.4,1,3.168,1,34.441,1
5905620,2025-12-06T05:36:20Z,1,-47.4087,142.65128,1,1461.4,1,34.441,1,3.158,1,1461.4,1,3.158,1,34.441,1
5905620,2025-12-06T05:36:20Z,1,-47.4087,142.65128,1,1463.5,1,34.443,1,3.149,1,1463.5,1,3.149,1,34.443,1
5905620,2025-12-06T05:36:20Z,1,-47.4087,142.65128,1,1465.5,1,34.444,1,3.145,1,1465.5,1,3.145,1,34.444,1
5905620,2025-12-06T05:36:20Z,1,-47.4087,142.65128,1,1467.6,1,34.444,1,3.142,1,1467.6,1,3.142,1,34.444,1
5905620,2025-12-06T05:36:20Z,1,-47.4087,142.65128,1,1469.3,1,34.444,1,3.138,1,1469.3,1,3.138,1,34.444,1
5905620,2025-12-06T05:36:20Z,1,-47.4087,142.65128,1,1471.4,1,34.444,1,3.137,1,1471.4,1,3.137,1,34.444,1
5905620,2025-12-06T05:36:20Z,1,-47.4087,142.65128,1,1473.5,1,34.445,1,3.133,1,1473.5,1,3.133,1,34.445,1
5905620,2025-12-06T05:36:20Z,1,-47.4087,142.65128,1,1475.3,1,34.445,1,3.131,1,1475.3,1,3.131,1,34.445,1
5905620,2025-12-06T05:36:20Z,1,-47.4087,142.65128,1,1477.5,1,34.446,1,3.125,1,1477.5,1,3.125,1,34.446,1
5905620,2025-12-06T05:36:20Z,1,-47.4087,142.65128,1,1479.6,1,34.446,1,3.112,1,1479.6,1,3.112,1,34.446,1
5905620,2025-12-06T05:36:20Z,1,-47.4087,142.65128,1,1481.4,1,34.447,1,3.106,1,1481.4,1,3.106,1,34.447,1
5905620,2025-12-06T05:36:20Z,1,-47.4087,142.65128,1,1483.2,1,34.448,1,3.097,1,1483.2,1,3.097,1,34.448,1
5905620,2025-12-06T05:36:20Z,1,-47.4087,142.65128,1,1485.5,1,34.449,1,3.093,1,1485.5,1,3.093,1,34.449,1
5905620,2025-12-06T05:36:20Z,1,-47.4087,142.65128,1,1487.7,1,34.449,1,3.09,1,1487.7,1,3.09,1,34.449,1
5905620,2025-12-06T05:36:20Z,1,-47.4087,142.65128,1,1489.5,1,34.451,1,3.082,1,1489.5,1,3.082,1,34.451,1
5905620,2025-12-06T05:36:20Z,1,-47.4087,142.65128,1,1491.3,1,34.452,1,3.081,1,1491.3,1,3.081,1,34.452,1
5905620,2025-12-06T05:36:20Z,1,-47.4087,142.65128,1,1493.1,1,34.454,1,3.072,1,1493.1,1,3.072,1,34.454,1
5905620,2025-12-06T05:36:20Z,1,-47.4087,142.65128,1,1495.5,1,34.455,1,3.066,1,1495.5,1,3.066,1,34.455,1
5905620,2025-12-06T05:36:20Z,1,-47.4087,142.65128,1,1497.8,1,34.455,1,3.064,1,1497.8,1,3.064,1,34.455,1
5905620,2025-12-06T05:36:20Z,1,-47.4087,142.65128,1,1499.7,1,34.457,1,3.054,1,1499.7,1,3.054,1,34.457,1
5905620,2025-12-06T05:36:20Z,1,-47.4087,142.65128,1,1501.5,1,34.459,1,3.047,1,1501.5,1,3.047,1,34.459,1
5905620,2025-12-06T05:36:20Z,1,-47.4087,142.65128,1,1503.5,1,34.46,1,3.044,1,1503.5,1,3.044,1,34.46,1
5905620,2025-12-06T05:36:20Z,1,-47.4087,142.65128,1,1505.4,1,34.461,1,3.038,1,1505.4,1,3.038,1,34.461,1
5905620,2025-12-06T05:36:20Z,1,-47.4087,142.65128,1,1507.3,1,34.462,1,3.034,1,1507.3,1,3.034,1,34.462,1
5905620,2025-12-06T05:36:20Z,1,-47.4087,142.65128,1,1509.2,1,34.463,1,3.032,1,1509.2,1,3.032,1,34.463,1
5905620,2025-12-06T05:36:20Z,1,-47.4087,142.65128,1,1511.2,1,34.464,1,3.03,1,1511.2,1,3.03,1,34.464,1
5905620,2025-12-06T05:36:20Z,1,-47.4087,142.65128,1,1513.1,1,34.464,1,3.029,1,1513.1,1,3.029,1,34.464,1
5905620,2025-12-06T05:36:20Z,1,-47.4087,142.65128,1,1515.1,1,34.464,1,3.029,1,1515.1,1,3.029,1,34.464,1
5905620,2025-12-06T05:36:20Z,1,-47.4087,142.65128,1,1517.0,1,34.464,1,3.028,1,1517.0,1,3.028,1,34.464,1
5905620,2025-12-06T05:36:20Z,1,-47.4087,142.65128,1,1519.4,1,34.465,1,3.025,1,1519.4,1,3.025,1,34.465,1
5905620,2025-12-06T05:36:20Z,1,-47.4087,142.65128,1,1521.9,1,34.466,1,3.023,1,1521.9,1,3.023,1,34.466,1
5905620,2025-12-06T05:36:20Z,1,-47.4087,142.65128,1,1523.8,1,34.466,1,3.021,1,1523.8,1,3.021,1,34.466,1
5905620,2025-12-06T05:36:20Z,1,-47.4087,142.65128,1,1525.8,1,34.467,1,3.02,1,1525.8,1,3.02,1,34.467,1
5905620,2025-12-06T05:36:20Z,1,-47.4087,142.65128,1,1527.7,1,34.467,1,3.02,1,1527.7,1,3.02,1,34.467,1
5905620,2025-12-06T05:36:20Z,1,-47.4087,142.65128,1,1529.7,1,34.467,1,3.02,1,1529.7,1,3.02,1,34.467,1
5905620,2025-12-06T05:36:20Z,1,-47.4087,142.65128,1,1531.7,1,34.467,1,3.018,1,1531.7,1,3.018,1,34.467,1
5905620,2025-12-06T05:36:20Z,1,-47.4087,142.65128,1,1533.7,1,34.469,1,3.014,1,1533.7,1,3.014,1,34.469,1
5905620,2025-12-06T05:36:20Z,1,-47.4087,142.65128,1,1535.6,1,34.469,1,3.012,1,1535.6,1,3.012,1,34.469,1
5905620,2025-12-06T05:36:20Z,1,-47.4087,142.65128,1,1537.6,1,34.471,1,3.008,1,1537.6,1,3.008,1,34.471,1
5905620,2025-12-06T05:36:20Z,1,-47.4087,142.65128,1,1539.7,1,34.472,1,3.004,1,1539.7,1,3.004,1,34.472,1
5905620,2025-12-06T05:36:20Z,1,-47.4087,142.65128,1,1541.7,1,34.474,1,2.999,1,1541.7,1,2.999,1,34.474,1
5905620,2025-12-06T05:36:20Z,1,-47.4087,142.65128,1,1543.7,1,34.477,1,2.991,1,1543.7,1,2.991,1,34.477,1
5905620,2025-12-06T05:36:20Z,1,-47.4087,142.65128,1,1545.7,1,34.477,1,2.99,1,1545.7,1,2.99,1,34.477,1
5905620,2025-12-06T05:36:20Z,1,-47.4087,142.65128,1,1547.7,1,34.477,1,2.99,1,1547.7,1,2.99,1,34.477,1
5905620,2025-12-06T05:36:20Z,1,-47.4087,142.65128,1,1549.7,1,34.477,1,2.989,1,1549.7,1,2.989,1,34.477,1
5905620,2025-12-06T05:36:20Z,1,-47.4087,142.65128,1,1551.7,1,34.479,1,2.985,1,1551.7,1,2.985,1,34.479,1
5905620,2025-12-06T05:36:20Z,1,-47.4087,142.65128,1,1553.7,1,34.479,1,2.982,1,1553.7,1,2.982,1,34.479,1
5905620,2025-12-06T05:36:20Z,1,-47.4087,142.65128,1,1555.7,1,34.48,1,2.977,1,1555.7,1,2.977,1,34.48,1
5905620,2025-12-06T05:36:20Z,1,-47.4087,142.65128,1,1557.8,1,34.48,1,2.976,1,1557.8,1,2.976,1,34.48,1
5905620,2025-12-06T05:36:20Z,1,-47.4087,142.65128,1,1559.8,1,34.48,1,2.97,1,1559.8,1,2.97,1,34.48,1
5905620,2025-12-06T05:36:20Z,1,-47.4087,142.65128,1,1561.8,1,34.483,1,2.956,1,1561.8,1,2.956,1,34.483,1
5905620,2025-12-06T05:36:20Z,1,-47.4087,142.65128,1,1563.8,1,34.484,1,2.95,1,1563.8,1,2.95,1,34.484,1
5905620,2025-12-06T05:36:20Z,1,-47.4087,142.65128,1,1565.8,1,34.484,1,2.951,1,1565.8,1,2.951,1,34.484,1
5905620,2025-12-06T05:36:20Z,1,-47.4087,142.65128,1,1567.8,1,34.485,1,2.945,1,1567.8,1,2.945,1,34.485,1
5905620,2025-12-06T05:36:20Z,1,-47.4087,142.65128,1,1569.8,1,34.488,1,2.937,1,1569.8,1,2.937,1,34.488,1
5905620,2025-12-06T05:36:20Z,1,-47.4087,142.65128,1,1571.8,1,34.488,1,2.936,1,1571.8,1,2.936,1,34.488,1
5905620,2025-12-06T05:36:20Z,1,-47.4087,142.65128,1,1573.8,1,34.488,1,2.934,1,1573.8,1,2.934,1,34.488,1
5905620,2025-12-06T05:36:20Z,1,-47.4087,142.65128,1,1575.8,1,34.49,1,2.93,1,1575.8,1,2.93,1,34.49,1
5905620,2025-12-06T05:36:20Z,1,-47.4087,142.65128,1,1577.8,1,34.491,1,2.929,1,1577.8,1,2.929,1,34.491,1
5905620,2025-12-06T05:36:20Z,1,-47.4087,142.65128,1,1579.9,1,34.491,1,2.926,1,1579.9,1,2.926,1,34.491,1
5905620,2025-12-06T05:36:20Z,1,-47.4087,142.65128,1,1581.9,1,34.492,1,2.921,1,1581.9,1,2.921,1,34.492,1
5905620,2025-12-06T05:36:20Z,1,-47.4087,142.65128,1,1583.4,1,34.492,1,2.916,1,1583.4,1,2.916,1,34.492,1
5905620,2025-12-06T05:36:20Z,1,-47.4087,142.65128,1,1585.0,1,34.493,1,2.907,1,1585.0,1,2.907,1,34.493,1
5905620,2025-12-06T05:36:20Z,1,-47.4087,142.65128,1,1587.0,1,34.493,1,2.891,1,1587.0,1,2.891,1,34.493,1
5905620,2025-12-06T05:36:20Z,1,-47.4087,142.65128,1,1589.1,1,34.493,1,2.878,1,1589.1,1,2.878,1,34.493,1
5905620,2025-12-06T05:36:20Z,1,-47.4087,142.65128,1,1591.1,1,34.494,1,2.871,1,1591.1,1,2.871,1,34.494,1
5905620,2025-12-06T05:36:20Z,1,-47.4087,142.65128,1,1593.2,1,34.494,1,2.865,1,1593.2,1,2.865,1,34.494,1
5905620,2025-12-06T05:36:20Z,1,-47.4087,142.65128,1,1595.2,1,34.496,1,2.859,1,1595.2,1,2.859,1,34.496,1
5905620,2025-12-06T05:36:20Z,1,-47.4087,142.65128,1,1597.2,1,34.496,1,2.856,1,1597.2,1,2.856,1,34.496,1
5905620,2025-12-06T05:36:20Z,1,-47.4087,142.65128,1,1599.2,1,34.498,1,2.856,1,1599.2,1,2.856,1,34.498,1
5905620,2025-12-06T05:36:20Z,1,-47.4087,142.65128,1,1601.2,1,34.5,1,2.867,1,1601.2,1,2.867,1,34.5,1
5905620,2025-12-06T05:36:20Z,1,-47.4087,142.65128,1,1603.3,1,34.507,1,2.889,1,1603.3,1,2.889,1,34.507,1
5905620,2025-12-06T05:36:20Z,1,-47.4087,142.65128,1,1605.4,1,34.508,1,2.889,1,1605.4,1,2.889,1,34.508,1
5905620,2025-12-06T05:36:20Z,1,-47.4087,142.65128,1,1607.4,1,34.509,1,2.882,1,1607.4,1,2.882,1,34.509,1
5905620,2025-12-06T05:36:20Z,1,-47.4087,142.65128,1,1609.5,1,34.509,1,2.876,1,1609.5,1,2.876,1,34.509,1
5905620,2025-12-06T05:36:20Z,1,-47.4087,142.65128,1,1611.5,1,34.508,1,2.867,1,1611.5,1,2.867,1,34.508,1
5905620,2025-12-06T05:36:20Z,1,-47.4087,142.65128,1,1613.5,1,34.51,1,2.865,1,1613.5,1,2.865,1,34.51,1
5905620,2025-12-06T05:36:20Z,1,-47.4087,142.65128,1,1615.5,1,34.51,1,2.867,1,1615.5,1,2.867,1,34.51,1
5905620,2025-12-06T05:36:20Z,1,-47.4087,142.65128,1,1617.5,1,34.511,1,2.862,1,1617.5,1,2.862,1,34.511,1
5905620,2025-12-06T05:36:20Z,1,-47.4087,142.65128,1,1619.5,1,34.513,1,2.859,1,1619.5,1,2.859,1,34.513,1
5905620,2025-12-06T05:36:20Z,1,-47.4087,142.65128,1,1621.5,1,34.514,1,2.857,1,1621.5,1,2.857,1,34.514,1
5905620,2025-12-06T05:36:20Z,1,-47.4087,142.65128,1,1623.6,1,34.513,1,2.858,1,1623.6,1,2.858,1,34.513,1
5905620,2025-12-06T05:36:20Z,1,-47.4087,142.65128,1,1625.7,1,34.514,1,2.856,1,1625.7,1,2.856,1,34.514,1
5905620,2025-12-06T05:36:20Z,1,-47.4087,142.65128,1,1627.7,1,34.515,1,2.856,1,1627.7,1,2.856,1,34.515,1
5905620,2025-12-06T05:36:20Z,1,-47.4087,142.65128,1,1629.8,1,34.517,1,2.853,1,1629.8,1,2.853,1,34.517,1
5905620,2025-12-06T05:36:20Z,1,-47.4087,142.65128,1,1631.8,1,34.517,1,2.846,1,1631.8,1,2.846,1,34.517,1
5905620,2025-12-06T05:36:20Z,1,-47.4087,142.65128,1,1633.9,1,34.518,1,2.841,1,1633.9,1,2.841,1,34.518,1
5905620,2025-12-06T05:36:20Z,1,-47.4087,142.65128,1,1635.5,1,34.518,1,2.836,1,1635.5,1,2.836,1,34.518,1
5905620,2025-12-06T05:36:20Z,1,-47.4087,142.65128,1,1637.0,1,34.52,1,2.831,1,1637.0,1,2.831,1,34.52,1
5905620,2025-12-06T05:36:20Z,1,-47.4087,142.65128,1,1639.5,1,34.522,1,2.826,1,1639.5,1,2.826,1,34.522,1
5905620,2025-12-06T05:36:20Z,1,-47.4087,142.65128,1,1641.6,1,34.521,1,2.815,1,1641.6,1,2.815,1,34.521,1
5905620,2025-12-06T05:36:20Z,1,-47.4087,142.65128,1,1643.6,1,34.523,1,2.805,1,1643.6,1,2.805,1,34.523,1
5905620,2025-12-06T05:36:20Z,1,-47.4087,142.65128,1,1645.6,1,34.523,1,2.801,1,1645.6,1,2.801,1,34.523,1
5905620,2025-12-06T05:36:20Z,1,-47.4087,142.65128,1,1647.3,1,34.522,1,2.798,1,1647.3,1,2.798,1,34.522,1
5905620,2025-12-06T05:36:20Z,1,-47.4087,142.65128,1,1649.3,1,34.522,1,2.793,1,1649.3,1,2.793,1,34.522,1
5905620,2025-12-06T05:36:20Z,1,-47.4087,142.65128,1,1651.4,1,34.523,1,2.785,1,1651.4,1,2.785,1,34.523,1
5905620,2025-12-06T05:36:20Z,1,-47.4087,142.65128,1,1653.4,1,34.523,1,2.784,1,1653.4,1,2.784,1,34.523,1
5905620,2025-12-06T05:36:20Z,1,-47.4087,142.65128,1,1655.6,1,34.526,1,2.786,1,1655.6,1,2.786,1,34.526,1
5905620,2025-12-06T05:36:20Z,1,-47.4087,142.65128,1,1657.3,1,34.527,1,2.786,1,1657.3,1,2.786,1,34.527,1
5905620,2025-12-06T05:36:20Z,1,-47.4087,142.65128,1,1659.5,1,34.527,1,2.782,1,1659.5,1,2.782,1,34.527,1
5905620,2025-12-06T05:36:20Z,1,-47.4087,142.65128,1,1661.6,1,34.529,1,2.777,1,1661.6,1,2.777,1,34.529,1
5905620,2025-12-06T05:36:20Z,1,-47.4087,142.65128,1,1663.4,1,34.53,1,2.773,1,1663.4,1,2.773,1,34.53,1
5905620,2025-12-06T05:36:20Z,1,-47.4087,142.65128,1,1665.5,1,34.53,1,2.773,1,1665.5,1,2.773,1,34.53,1
5905620,2025-12-06T05:36:20Z,1,-47.4087,142.65128,1,1667.7,1,34.53,1,2.773,1,1667.7,1,2.773,1,34.53,1
5905620,2025-12-06T05:36:20Z,1,-47.4087,142.65128,1,1669.4,1,34.53,1,2.773,1,1669.4,1,2.773,1,34.53,1
5905620,2025-12-06T05:36:20Z,1,-47.4087,142.65128,1,1671.2,1,34.53,1,2.774,1,1671.2,1,2.774,1,34.53,1
5905620,2025-12-06T05:36:20Z,1,-47.4087,142.65128,1,1673.3,1,34.531,1,2.774,1,1673.3,1,2.774,1,34.531,1
5905620,2025-12-06T05:36:20Z,1,-47.4087,142.65128,1,1675.5,1,34.535,1,2.779,1,1675.5,1,2.779,1,34.535,1
5905620,2025-12-06T05:36:20Z,1,-47.4087,142.65128,1,1677.3,1,34.537,1,2.781,1,1677.3,1,2.781,1,34.537,1
5905620,2025-12-06T05:36:20Z,1,-47.4087,142.65128,1,1679.5,1,34.537,1,2.778,1,1679.5,1,2.778,1,34.537,1
5905620,2025-12-06T05:36:20Z,1,-47.4087,142.65128,1,1681.7,1,34.539,1,2.778,1,1681.7,1,2.778,1,34.539,1
5905620,2025-12-06T05:36:20Z,1,-47.4087,142.65128,1,1683.5,1,34.539,1,2.776,1,1683.5,1,2.776,1,34.539,1
5905620,2025-12-06T05:36:20Z,1,-47.4087,142.65128,1,1685.3,1,34.54,1,2.773,1,1685.3,1,2.773,1,34.54,1
5905620,2025-12-06T05:36:20Z,1,-47.4087,142.65128,1,1687.1,1,34.541,1,2.768,1,1687.1,1,2.768,1,34.541,1
5905620,2025-12-06T05:36:20Z,1,-47.4087,142.65128,1,1689.5,1,34.543,1,2.766,1,1689.5,1,2.766,1,34.543,1
5905620,2025-12-06T05:36:20Z,1,-47.4087,142.65128,1,1691.8,1,34.544,1,2.765,1,1691.8,1,2.765,1,34.544,1
5905620,2025-12-06T05:36:20Z,1,-47.4087,142.65128,1,1693.6,1,34.545,1,2.764,1,1693.6,1,2.764,1,34.545,1
5905620,2025-12-06T05:36:20Z,1,-47.4087,142.65128,1,1695.4,1,34.546,1,2.763,1,1695.4,1,2.763,1,34.546,1
5905620,2025-12-06T05:36:20Z,1,-47.4087,142.65128,1,1697.3,1,34.547,1,2.762,1,1697.3,1,2.762,1,34.547,1
5905620,2025-12-06T05:36:20Z,1,-47.4087,142.65128,1,1699.1,1,34.55,1,2.763,1,1699.1,1,2.763,1,34.55,1
5905620,2025-12-06T05:36:20Z,1,-47.4087,142.65128,1,1701.4,1,34.55,1,2.763,1,1701.4,1,2.763,1,34.55,1
5905620,2025-12-06T05:36:20Z,1,-47.4087,142.65128,1,1703.6,1,34.553,1,2.758,1,1703.6,1,2.758,1,34.553,1
5905620,2025-12-06T05:36:20Z,1,-47.4087,142.65128,1,1705.5,1,34.554,1,2.756,1,1705.5,1,2.756,1,34.554,1
5905620,2025-12-06T05:36:20Z,1,-47.4087,142.65128,1,1707.3,1,34.555,1,2.755,1,1707.3,1,2.755,1,34.555,1
5905620,2025-12-06T05:36:20Z,1,-47.4087,142.65128,1,1709.1,1,34.556,1,2.754,1,1709.1,1,2.754,1,34.556,1
5905620,2025-12-06T05:36:20Z,1,-47.4087,142.65128,1,1711.5,1,34.556,1,2.753,1,1711.5,1,2.753,1,34.556,1
5905620,2025-12-06T05:36:20Z,1,-47.4087,142.65128,1,1713.8,1,34.557,1,2.748,1,1713.8,1,2.748,1,34.557,1
5905620,2025-12-06T05:36:20Z,1,-47.4087,142.65128,1,1715.7,1,34.56,1,2.748,1,1715.7,1,2.748,1,34.56,1
5905620,2025-12-06T05:36:20Z,1,-47.4087,142.65128,1,1717.6,1,34.561,1,2.742,1,1717.6,1,2.742,1,34.561,1
5905620,2025-12-06T05:36:20Z,1,-47.4087,142.65128,1,1719.4,1,34.562,1,2.739,1,1719.4,1,2.739,1,34.562,1
5905620,2025-12-06T05:36:20Z,1,-47.4087,142.65128,1,1721.3,1,34.562,1,2.736,1,1721.3,1,2.736,1,34.562,1
5905620,2025-12-06T05:36:20Z,1,-47.4087,142.65128,1,1723.2,1,34.562,1,2.734,1,1723.2,1,2.734,1,34.562,1
5905620,2025-12-06T05:36:20Z,1,-47.4087,142.65128,1,1725.1,1,34.563,1,2.732,1,1725.1,1,2.732,1,34.563,1
5905620,2025-12-06T05:36:20Z,1,-47.4087,142.65128,1,1727.4,1,34.564,1,2.728,1,1727.4,1,2.728,1,34.564,1
5905620,2025-12-06T05:36:20Z,1,-47.4087,142.65128,1,1729.9,1,34.564,1,2.726,1,1729.9,1,2.726,1,34.564,1
5905620,2025-12-06T05:36:20Z,1,-47.4087,142.65128,1,1731.8,1,34.564,1,2.726,1,1731.8,1,2.726,1,34.564,1
5905620,2025-12-06T05:36:20Z,1,-47.4087,142.65128,1,1733.7,1,34.565,1,2.724,1,1733.7,1,2.724,1,34.565,1
5905620,2025-12-06T05:36:20Z,1,-47.4087,142.65128,1,1735.6,1,34.567,1,2.722,1,1735.6,1,2.722,1,34.567,1
5905620,2025-12-06T05:36:20Z,1,-47.4087,142.65128,1,1737.5,1,34.567,1,2.721,1,1737.5,1,2.721,1,34.567,1
5905620,2025-12-06T05:36:20Z,1,-47.4087,142.65128,1,1739.4,1,34.568,1,2.719,1,1739.4,1,2.719,1,34.568,1
5905620,2025-12-06T05:36:20Z,1,-47.4087,142.65128,1,1741.3,1,34.568,1,2.718,1,1741.3,1,2.718,1,34.568,1
5905620,2025-12-06T05:36:20Z,1,-47.4087,142.65128,1,1743.2,1,34.568,1,2.718,1,1743.2,1,2.718,1,34.568,1
5905620,2025-12-06T05:36:20Z,1,-47.4087,142.65128,1,1745.1,1,34.569,1,2.717,1,1745.1,1,2.717,1,34.569,1
5905620,2025-12-06T05:36:20Z,1,-47.4087,142.65128,1,1747.4,1,34.57,1,2.716,1,1747.4,1,2.716,1,34.57,1
5905620,2025-12-06T05:36:20Z,1,-47.4087,142.65128,1,1749.8,1,34.572,1,2.712,1,1749.8,1,2.712,1,34.572,1
5905620,2025-12-06T05:36:20Z,1,-47.4087,142.65128,1,1751.7,1,34.574,1,2.708,1,1751.7,1,2.708,1,34.574,1
5905620,2025-12-06T05:36:20Z,1,-47.4087,142.65128,1,1753.6,1,34.575,1,2.705,1,1753.6,1,2.705,1,34.575,1
5905620,2025-12-06T05:36:20Z,1,-47.4087,142.65128,1,1755.6,1,34.575,1,2.705,1,1755.6,1,2.705,1,34.575,1
5905620,2025-12-06T05:36:20Z,1,-47.4087,142.65128,1,1757.5,1,34.576,1,2.706,1,1757.5,1,2.706,1,34.576,1
5905620,2025-12-06T05:36:20Z,1,-47.4087,142.65128,1,1759.4,1,34.577,1,2.704,1,1759.4,1,2.704,1,34.577,1
5905620,2025-12-06T05:36:20Z,1,-47.4087,142.65128,1,1761.4,1,34.579,1,2.698,1,1761.4,1,2.698,1,34.579,1
5905620,2025-12-06T05:36:20Z,1,-47.4087,142.65128,1,1763.4,1,34.579,1,2.695,1,1763.4,1,2.695,1,34.579,1
5905620,2025-12-06T05:36:20Z,1,-47.4087,142.65128,1,1765.3,1,34.58,1,2.695,1,1765.3,1,2.695,1,34.58,1
5905620,2025-12-06T05:36:20Z,1,-47.4087,142.65128,1,1767.3,1,34.579,1,2.694,1,1767.3,1,2.694,1,34.579,1
5905620,2025-12-06T05:36:20Z,1,-47.4087,142.65128,1,1769.2,1,34.579,1,2.694,1,1769.2,1,2.694,1,34.579,1
5905620,2025-12-06T05:36:20Z,1,-47.4087,142.65128,1,1771.1,1,34.579,1,2.692,1,1771.1,1,2.692,1,34.579,1
5905620,2025-12-06T05:36:20Z,1,-47.4087,142.65128,1,1773.1,1,34.581,1,2.689,1,1773.1,1,2.689,1,34.581,1
5905620,2025-12-06T05:36:20Z,1,-47.4087,142.65128,1,1775.0,1,34.582,1,2.687,1,1775.0,1,2.687,1,34.582,1
5905620,2025-12-06T05:36:20Z,1,-47.4087,142.65128,1,1777.0,1,34.582,1,2.687,1,1777.0,1,2.687,1,34.582,1
5905620,2025-12-06T05:36:20Z,1,-47.4087,142.65128,1,1779.0,1,34.583,1,2.686,1,1779.0,1,2.686,1,34.583,1
5905620,2025-12-06T05:36:20Z,1,-47.4087,142.65128,1,1781.4,1,34.584,1,2.685,1,1781.4,1,2.685,1,34.584,1
5905620,2025-12-06T05:36:20Z,1,-47.4087,142.65128,1,1783.9,1,34.586,1,2.685,1,1783.9,1,2.685,1,34.586,1
5905620,2025-12-06T05:36:20Z,1,-47.4087,142.65128,1,1785.8,1,34.587,1,2.684,1,1785.8,1,2.684,1,34.587,1
5905620,2025-12-06T05:36:20Z,1,-47.4087,142.65128,1,1787.8,1,34.588,1,2.682,1,1787.8,1,2.682,1,34.588,1
5905620,2025-12-06T05:36:20Z,1,-47.4087,142.65128,1,1789.7,1,34.588,1,2.681,1,1789.7,1,2.681,1,34.588,1
5905620,2025-12-06T05:36:20Z,1,-47.4087,142.65128,1,1791.7,1,34.59,1,2.679,1,1791.7,1,2.679,1,34.59,1
5905620,2025-12-06T05:36:20Z,1,-47.4087,142.65128,1,1793.7,1,34.592,1,2.677,1,1793.7,1,2.677,1,34.592,1
5905620,2025-12-06T05:36:20Z,1,-47.4087,142.65128,1,1795.7,1,34.593,1,2.674,1,1795.7,1,2.674,1,34.593,1
5905620,2025-12-06T05:36:20Z,1,-47.4087,142.65128,1,1797.6,1,34.594,1,2.671,1,1797.6,1,2.671,1,34.594,1
5905620,2025-12-06T05:36:20Z,1,-47.4087,142.65128,1,1799.6,1,34.596,1,2.669,1,1799.6,1,2.669,1,34.596,1
5905620,2025-12-06T05:36:20Z,1,-47.4087,142.65128,1,1801.6,1,34.597,1,2.667,1,1801.6,1,2.667,1,34.597,1
5905620,2025-12-06T05:36:20Z,1,-47.4087,142.65128,1,1803.6,1,34.597,1,2.666,1,1803.6,1,2.666,1,34.597,1
5905620,2025-12-06T05:36:20Z,1,-47.4087,142.65128,1,1805.6,1,34.597,1,2.666,1,1805.6,1,2.666,1,34.597,1
5905620,2025-12-06T05:36:20Z,1,-47.4087,142.65128,1,1807.6,1,34.598,1,2.664,1,1807.6,1,2.664,1,34.598,1
5905620,2025-12-06T05:36:20Z,1,-47.4087,142.65128,1,1809.7,1,34.599,1,2.662,1,1809.7,1,2.662,1,34.599,1
5905620,2025-12-06T05:36:20Z,1,-47.4087,142.65128,1,1811.7,1,34.599,1,2.661,1,1811.7,1,2.661,1,34.599,1
5905620,2025-12-06T05:36:20Z,1,-47.4087,142.65128,1,1813.7,1,34.6,1,2.66,1,1813.7,1,2.66,1,34.6,1
5905620,2025-12-06T05:36:20Z,1,-47.4087,142.65128,1,1815.7,1,34.601,1,2.658,1,1815.7,1,2.658,1,34.601,1
5905620,2025-12-06T05:36:20Z,1,-47.4087,142.65128,1,1817.7,1,34.603,1,2.652,1,1817.7,1,2.652,1,34.603,1
5905620,2025-12-06T05:36:20Z,1,-47.4087,142.65128,1,1819.7,1,34.604,1,2.65,1,1819.7,1,2.65,1,34.604,1
5905620,2025-12-06T05:36:20Z,1,-47.4087,142.65128,1,1821.8,1,34.606,1,2.647,1,1821.8,1,2.647,1,34.606,1
5905620,2025-12-06T05:36:20Z,1,-47.4087,142.65128,1,1823.8,1,34.606,1,2.645,1,1823.8,1,2.645,1,34.606,1
5905620,2025-12-06T05:36:20Z,1,-47.4087,142.65128,1,1825.8,1,34.608,1,2.643,1,1825.8,1,2.643,1,34.608,1
5905620,2025-12-06T05:36:20Z,1,-47.4087,142.65128,1,1827.9,1,34.608,1,2.642,1,1827.9,1,2.642,1,34.608,1
5905620,2025-12-06T05:36:20Z,1,-47.4087,142.65128,1,1829.9,1,34.609,1,2.641,1,1829.9,1,2.641,1,34.609,1
5905620,2025-12-06T05:36:20Z,1,-47.4087,142.65128,1,1831.9,1,34.61,1,2.639,1,1831.9,1,2.639,1,34.61,1
5905620,2025-12-06T05:36:20Z,1,-47.4087,142.65128,1,1833.5,1,34.61,1,2.637,1,1833.5,1,2.637,1,34.61,1
5905620,2025-12-06T05:36:20Z,1,-47.4087,142.65128,1,1835.0,1,34.61,1,2.637,1,1835.0,1,2.637,1,34.61,1
5905620,2025-12-06T05:36:20Z,1,-47.4087,142.65128,1,1837.0,1,34.611,1,2.637,1,1837.0,1,2.637,1,34.611,1
5905620,2025-12-06T05:36:20Z,1,-47.4087,142.65128,1,1839.1,1,34.612,1,2.634,1,1839.1,1,2.634,1,34.612,1
5905620,2025-12-06T05:36:20Z,1,-47.4087,142.65128,1,1841.1,1,34.612,1,2.634,1,1841.1,1,2.634,1,34.612,1
5905620,2025-12-06T05:36:20Z,1,-47.4087,142.65128,1,1843.2,1,34.613,1,2.632,1,1843.2,1,2.632,1,34.613,1
5905620,2025-12-06T05:36:20Z,1,-47.4087,142.65128,1,1845.2,1,34.615,1,2.63,1,1845.2,1,2.63,1,34.615,1
5905620,2025-12-06T05:36:20Z,1,-47.4087,142.65128,1,1847.2,1,34.615,1,2.629,1,1847.2,1,2.629,1,34.615,1
5905620,2025-12-06T05:36:20Z,1,-47.4087,142.65128,1,1849.3,1,34.616,1,2.628,1,1849.3,1,2.628,1,34.616,1
5905620,2025-12-06T05:36:20Z,1,-47.4087,142.65128,1,1851.3,1,34.616,1,2.628,1,1851.3,1,2.628,1,34.616,1
5905620,2025-12-06T05:36:20Z,1,-47.4087,142.65128,1,1853.4,1,34.616,1,2.627,1,1853.4,1,2.627,1,34.616,1
5905620,2025-12-06T05:36:20Z,1,-47.4087,142.65128,1,1855.4,1,34.616,1,2.626,1,1855.4,1,2.626,1,34.616,1
5905620,2025-12-06T05:36:20Z,1,-47.4087,142.65128,1,1857.5,1,34.617,1,2.625,1,1857.5,1,2.625,1,34.617,1
5905620,2025-12-06T05:36:20Z,1,-47.4087,142.65128,1,1859.5,1,34.617,1,2.624,1,1859.5,1,2.624,1,34.617,1
5905620,2025-12-06T05:36:20Z,1,-47.4087,142.65128,1,1861.6,1,34.619,1,2.621,1,1861.6,1,2.621,1,34.619,1
5905620,2025-12-06T05:36:20Z,1,-47.4087,142.65128,1,1863.6,1,34.619,1,2.619,1,1863.6,1,2.619,1,34.619,1
5905620,2025-12-06T05:36:20Z,1,-47.4087,142.65128,1,1865.6,1,34.62,1,2.617,1,1865.6,1,2.617,1,34.62,1
5905620,2025-12-06T05:36:20Z,1,-47.4087,142.65128,1,1867.7,1,34.62,1,2.615,1,1867.7,1,2.615,1,34.62,1
5905620,2025-12-06T05:36:20Z,1,-47.4087,142.65128,1,1869.7,1,34.621,1,2.613,1,1869.7,1,2.613,1,34.621,1
5905620,2025-12-06T05:36:20Z,1,-47.4087,142.65128,1,1871.8,1,34.623,1,2.609,1,1871.8,1,2.609,1,34.623,1
5905620,2025-12-06T05:36:20Z,1,-47.4087,142.65128,1,1873.8,1,34.624,1,2.607,1,1873.8,1,2.607,1,34.624,1
5905620,2025-12-06T05:36:20Z,1,-47.4087,142.65128,1,1875.9,1,34.624,1,2.605,1,1875.9,1,2.605,1,34.624,1
5905620,2025-12-06T05:36:20Z,1,-47.4087,142.65128,1,1877.9,1,34.624,1,2.604,1,1877.9,1,2.604,1,34.624,1
5905620,2025-12-06T05:36:20Z,1,-47.4087,142.65128,1,1879.5,1,34.625,1,2.604,1,1879.5,1,2.604,1,34.625,1
5905620,2025-12-06T05:36:20Z,1,-47.4087,142.65128,1,1881.0,1,34.625,1,2.602,1,1881.0,1,2.602,1,34.625,1
5905620,2025-12-06T05:36:20Z,1,-47.4087,142.65128,1,1883.0,1,34.626,1,2.6,1,1883.0,1,2.6,1,34.626,1
5905620,2025-12-06T05:36:20Z,1,-47.4087,142.65128,1,1885.1,1,34.627,1,2.599,1,1885.1,1,2.599,1,34.627,1
5905620,2025-12-06T05:36:20Z,1,-47.4087,142.65128,1,1887.2,1,34.627,1,2.597,1,1887.2,1,2.597,1,34.627,1
5905620,2025-12-06T05:36:20Z,1,-47.4087,142.65128,1,1889.2,1,34.628,1,2.596,1,1889.2,1,2.596,1,34.628,1
5905620,2025-12-06T05:36:20Z,1,-47.4087,142.65128,1,1891.3,1,34.629,1,2.596,1,1891.3,1,2.596,1,34.629,1
5905620,2025-12-06T05:36:20Z,1,-47.4087,142.65128,1,1893.4,1,34.629,1,2.596,1,1893.4,1,2.596,1,34.629,1
5905620,2025-12-06T05:36:20Z,1,-47.4087,142.65128,1,1895.5,1,34.63,1,2.595,1,1895.5,1,2.595,1,34.63,1
5905620,2025-12-06T05:36:20Z,1,-47.4087,142.65128,1,1897.5,1,34.63,1,2.594,1,1897.5,1,2.594,1,34.63,1
5905620,2025-12-06T05:36:20Z,1,-47.4087,142.65128,1,1899.6,1,34.631,1,2.593,1,1899.6,1,2.593,1,34.631,1
5905620,2025-12-06T05:36:20Z,1,-47.4087,142.65128,1,1901.6,1,34.631,1,2.592,1,1901.6,1,2.592,1,34.631,1
5905620,2025-12-06T05:36:20Z,1,-47.4087,142.65128,1,1903.7,1,34.632,1,2.591,1,1903.7,1,2.591,1,34.632,1
5905620,2025-12-06T05:36:20Z,1,-47.4087,142.65128,1,1905.7,1,34.632,1,2.589,1,1905.7,1,2.589,1,34.632,1
5905620,2025-12-06T05:36:20Z,1,-47.4087,142.65128,1,1907.7,1,34.633,1,2.587,1,1907.7,1,2.587,1,34.633,1
5905620,2025-12-06T05:36:20Z,1,-47.4087,142.65128,1,1909.7,1,34.633,1,2.586,1,1909.7,1,2.586,1,34.633,1
5905620,2025-12-06T05:36:20Z,1,-47.4087,142.65128,1,1911.8,1,34.634,1,2.584,1,1911.8,1,2.584,1,34.634,1
5905620,2025-12-06T05:36:20Z,1,-47.4087,142.65128,1,1913.8,1,34.634,1,2.581,1,1913.8,1,2.581,1,34.634,1
5905620,2025-12-06T05:36:20Z,1,-47.4087,142.65128,1,1915.8,1,34.635,1,2.575,1,1915.8,1,2.575,1,34.635,1
5905620,2025-12-06T05:36:20Z,1,-47.4087,142.65128,1,1917.8,1,34.635,1,2.574,1,1917.8,1,2.574,1,34.635,1
5905620,2025-12-06T05:36:20Z,1,-47.4087,142.65128,1,1919.8,1,34.636,1,2.573,1,1919.8,1,2.573,1,34.636,1
5905620,2025-12-06T05:36:20Z,1,-47.4087,142.65128,1,1921.9,1,34.636,1,2.573,1,1921.9,1,2.573,1,34.636,1
5905620,2025-12-06T05:36:20Z,1,-47.4087,142.65128,1,1923.5,1,34.637,1,2.572,1,1923.5,1,2.572,1,34.637,1
5905620,2025-12-06T05:36:20Z,1,-47.4087,142.65128,1,1925.0,1,34.637,1,2.572,1,1925.0,1,2.572,1,34.637,1
5905620,2025-12-06T05:36:20Z,1,-47.4087,142.65128,1,1927.0,1,34.637,1,2.573,1,1927.0,1,2.573,1,34.637,1
5905620,2025-12-06T05:36:20Z,1,-47.4087,142.65128,1,1929.3,1,34.638,1,2.571,1,1929.3,1,2.571,1,34.638,1
5905620,2025-12-06T05:36:20Z,1,-47.4087,142.65128,1,1931.3,1,34.64,1,2.567,1,1931.3,1,2.567,1,34.64,1
5905620,2025-12-06T05:36:20Z,1,-47.4087,142.65128,1,1933.3,1,34.64,1,2.567,1,1933.3,1,2.567,1,34.64,1
5905620,2025-12-06T05:36:20Z,1,-47.4087,142.65128,1,1935.3,1,34.64,1,2.565,1,1935.3,1,2.565,1,34.64,1
5905620,2025-12-06T05:36:20Z,1,-47.4087,142.65128,1,1937.3,1,34.641,1,2.564,1,1937.3,1,2.564,1,34.641,1
5905620,2025-12-06T05:36:20Z,1,-47.4087,142.65128,1,1939.4,1,34.641,1,2.563,1,1939.4,1,2.563,1,34.641,1
5905620,2025-12-06T05:36:20Z,1,-47.4087,142.65128,1,1941.5,1,34.642,1,2.561,1,1941.5,1,2.561,1,34.642,1
5905620,2025-12-06T05:36:20Z,1,-47.4087,142.65128,1,1943.5,1,34.643,1,2.561,1,1943.5,1,2.561,1,34.643,1
5905620,2025-12-06T05:36:20Z,1,-47.4087,142.65128,1,1945.6,1,34.642,1,2.561,1,1945.6,1,2.561,1,34.642,1
5905620,2025-12-06T05:36:20Z,1,-47.4087,142.65128,1,1947.7,1,34.644,1,2.558,1,1947.7,1,2.558,1,34.644,1
5905620,2025-12-06T05:36:20Z,1,-47.4087,142.65128,1,1949.3,1,34.645,1,2.556,1,1949.3,1,2.556,1,34.645,1
5905620,2025-12-06T05:36:20Z,1,-47.4087,142.65128,1,1951.4,1,34.645,1,2.553,1,1951.4,1,2.553,1,34.645,1
5905620,2025-12-06T05:36:20Z,1,-47.4087,142.65128,1,1953.5,1,34.645,1,2.552,1,1953.5,1,2.552,1,34.645,1
5905620,2025-12-06T05:36:20Z,1,-47.4087,142.65128,1,1955.3,1,34.646,1,2.551,1,1955.3,1,2.551,1,34.646,1
5905620,2025-12-06T05:36:20Z,1,-47.4087,142.65128,1,1957.3,1,34.646,1,2.551,1,1957.3,1,2.551,1,34.646,1
5905620,2025-12-06T05:36:20Z,1,-47.4087,142.65128,1,1959.5,1,34.647,1,2.55,1,1959.5,1,2.55,1,34.647,1
5905620,2025-12-06T05:36:20Z,1,-47.4087,142.65128,1,1961.1,1,34.647,1,2.549,1,1961.1,1,2.549,1,34.647,1
5905620,2025-12-06T05:36:20Z,1,-47.4087,142.65128,1,1963.3,1,34.647,1,2.548,1,1963.3,1,2.548,1,34.647,1
5905620,2025-12-06T05:36:20Z,1,-47.4087,142.65128,1,1965.4,1,34.648,1,2.546,1,1965.4,1,2.546,1,34.648,1
5905620,2025-12-06T05:36:20Z,1,-47.4087,142.65128,1,1967.5,1,34.649,1,2.545,1,1967.5,1,2.545,1,34.649,1
5905620,2025-12-06T05:36:20Z,1,-47.4087,142.65128,1,1969.7,1,34.649,1,2.543,1,1969.7,1,2.543,1,34.649,1
5905620,2025-12-06T05:36:20Z,1,-47.4087,142.65128,1,1971.4,1,34.65,1,2.541,1,1971.4,1,2.541,1,34.65,1
5905620,2025-12-06T05:36:20Z,1,-47.4087,142.65128,1,1973.1,1,34.65,1,2.539,1,1973.1,1,2.539,1,34.65,1
5905620,2025-12-06T05:36:20Z,1,-47.4087,142.65128,1,1975.3,1,34.651,1,2.537,1,1975.3,1,2.537,1,34.651,1
5905620,2025-12-06T05:36:20Z,1,-47.4087,142.65128,1,1977.5,1,34.651,1,2.537,1,1977.5,1,2.537,1,34.651,1
5905620,2025-12-06T05:36:20Z,1,-47.4087,142.65128,1,1979.3,1,34.652,1,2.535,1,1979.3,1,2.535,1,34.652,1
5905620,2025-12-06T05:36:20Z,1,-47.4087,142.65128,1,1981.5,1,34.653,1,2.534,1,1981.5,1,2.534,1,34.653,1
5905620,2025-12-06T05:36:20Z,1,-47.4087,142.65128,1,1983.8,1,34.653,1,2.535,1,1983.8,1,2.535,1,34.653,1
5905620,2025-12-06T05:36:20Z,1,-47.4087,142.65128,1,1985.6,1,34.654,1,2.534,1,1985.6,1,2.534,1,34.654,1
5905620,2025-12-06T05:36:20Z,1,-47.4087,142.65128,1,1987.4,1,34.654,1,2.534,1,1987.4,1,2.534,1,34.654,1
5905620,2025-12-06T05:36:20Z,1,-47.4087,142.65128,1,1989.2,1,34.655,1,2.534,1,1989.2,1,2.534,1,34.655,1
5905620,2025-12-06T05:36:20Z,1,-47.4087,142.65128,1,1991.5,1,34.656,1,2.533,1,1991.5,1,2.533,1,34.656,1
5905620,2025-12-06T05:36:20Z,1,-47.4087,142.65128,1,1993.8,1,34.656,1,2.53,1,1993.8,1,2.53,1,34.656,1
5905620,2025-12-06T05:36:20Z,1,-47.4087,142.65128,1,1995.6,1,34.656,1,2.529,1,1995.6,1,2.529,1,34.656,1
5905620,2025-12-06T05:36:20Z,1,-47.4087,142.65128,1,1997.4,1,34.656,1,2.528,1,1997.4,1,2.528,1,34.656,1
5905620,2025-12-06T05:36:20Z,1,-47.4087,142.65128,1,1999.2,1,34.657,1,2.526,1,1999.2,1,2.526,1,34.657,1
5905620,2025-12-06T05:36:20Z,1,-47.4087,142.65128,1,2001.4,1,34.657,1,2.524,1,2001.4,1,2.524,1,34.657,1
5905620,2025-12-06T05:36:20Z,1,-47.4087,142.65128,1,2003.7,1,34.658,1,2.522,1,2003.7,1,2.522,1,34.658,1
5905620,2025-12-06T05:36:20Z,1,-47.4087,142.65128,1,2005.6,1,34.657,1,2.518,1,2005.6,1,2.518,1,34.657,1
5905620,2025-12-06T05:36:20Z,1,-47.4087,142.65128,1,2006.6,1,34.656,1,2.524,1,2006.6,1,2.524,1,34.656,1
5905620,2025-12-16T00:30:20Z,1,-47.16612,142.42052,1,0.4,1,34.68,1,9.667,1,0.4,1,9.667,1,34.68,1
5905620,2025-12-16T00:30:20Z,1,-47.16612,142.42052,1,1.5,1,34.667,1,9.659,1,1.5,1,9.659,1,34.667,1
5905620,2025-12-16T00:30:20Z,1,-47.16612,142.42052,1,3.4,1,34.664,1,9.655,1,3.4,1,9.655,1,34.664,1
5905620,2025-12-16T00:30:20Z,1,-47.16612,142.42052,1,4.9,1,34.672,1,9.646,1,4.9,1,9.646,1,34.672,1
5905620,2025-12-16T00:30:20Z,1,-47.16612,142.42052,1,5.9,1,34.672,1,9.643,1,5.9,1,9.643,1,34.672,1
5905620,2025-12-16T00:30:20Z,1,-47.16612,142.42052,1,7.5,1,34.673,1,9.645,1,7.5,1,9.645,1,34.673,1
5905620,2025-12-16T00:30:20Z,1,-47.16612,142.42052,1,9.2,1,34.673,1,9.648,1,9.2,1,9.648,1,34.673,1
5905620,2025-12-16T00:30:20Z,1,-47.16612,142.42052,1,11.0,1,34.671,1,9.647,1,11.0,1,9.647,1,34.671,1
5905620,2025-12-16T00:30:20Z,1,-47.16612,142.42052,1,13.3,1,34.674,1,9.635,1,13.3,1,9.635,1,34.674,1
5905620,2025-12-16T00:30:20Z,1,-47.16612,142.42052,1,15.5,1,34.672,1,9.638,1,15.5,1,9.638,1,34.672,1
5905620,2025-12-16T00:30:20Z,1,-47.16612,142.42052,1,17.7,1,34.674,1,9.644,1,17.7,1,9.644,1,34.674,1
5905620,2025-12-16T00:30:20Z,1,-47.16612,142.42052,1,19.7,1,34.672,1,9.641,1,19.7,1,9.641,1,34.672,1
5905620,2025-12-16T00:30:20Z,1,-47.16612,142.42052,1,21.8,1,34.673,1,9.637,1,21.8,1,9.637,1,34.673,1
5905620,2025-12-16T00:30:20Z,1,-47.16612,142.42052,1,23.5,1,34.673,1,9.637,1,23.5,1,9.637,1,34.673,1
5905620,2025-12-16T00:30:20Z,1,-47.16612,142.42052,1,25.3,1,34.672,1,9.643,1,25.3,1,9.643,1,34.672,1
5905620,2025-12-16T00:30:20Z,1,-47.16612,142.42052,1,27.7,1,34.673,1,9.645,1,27.7,1,9.645,1,34.673,1
5905620,2025-12-16T00:30:20Z,1,-47.16612,142.42052,1,29.6,1,34.674,1,9.644,1,29.6,1,9.644,1,34.674,1
5905620,2025-12-16T00:30:20Z,1,-47.16612,142.42052,1,31.4,1,34.672,1,9.637,1,31.4,1,9.637,1,34.672,1
5905620,2025-12-16T00:30:20Z,1,-47.16612,142.42052,1,33.2,1,34.672,1,9.637,1,33.2,1,9.637,1,34.672,1
5905620,2025-12-16T00:30:20Z,1,-47.16612,142.42052,1,35.2,1,34.671,1,9.635,1,35.2,1,9.635,1,34.671,1
5905620,2025-12-16T00:30:20Z,1,-47.16612,142.42052,1,37.5,1,34.671,1,9.632,1,37.5,1,9.632,1,34.671,1
5905620,2025-12-16T00:30:20Z,1,-47.16612,142.42052,1,39.2,1,34.672,1,9.633,1,39.2,1,9.633,1,34.672,1
5905620,2025-12-16T00:30:20Z,1,-47.16612,142.42052,1,41.1,1,34.671,1,9.632,1,41.1,1,9.632,1,34.671,1
5905620,2025-12-16T00:30:20Z,1,-47.16612,142.42052,1,43.5,1,34.672,1,9.633,1,43.5,1,9.633,1,34.672,1
5905620,2025-12-16T00:30:20Z,1,-47.16612,142.42052,1,45.8,1,34.672,1,9.625,1,45.8,1,9.625,1,34.672,1
5905620,2025-12-16T00:30:20Z,1,-47.16612,142.42052,1,47.6,1,34.671,1,9.633,1,47.6,1,9.633,1,34.671,1
5905620,2025-12-16T00:30:20Z,1,-47.16612,142.42052,1,49.3,1,34.672,1,9.634,1,49.3,1,9.634,1,34.672,1
5905620,2025-12-16T00:30:20Z,1,-47.16612,142.42052,1,51.6,1,34.67,1,9.615,1,51.6,1,9.615,1,34.67,1
5905620,2025-12-16T00:30:20Z,1,-47.16612,142.42052,1,53.4,1,34.668,1,9.61,1,53.4,1,9.61,1,34.668,1
5905620,2025-12-16T00:30:20Z,1,-47.16612,142.42052,1,55.2,1,34.669,1,9.61,1,55.2,1,9.61,1,34.669,1
5905620,2025-12-16T00:30:20Z,1,-47.16612,142.42052,1,57.5,1,34.669,1,9.61,1,57.5,1,9.61,1,34.669,1
5905620,2025-12-16T00:30:20Z,1,-47.16612,142.42052,1,59.3,1,34.668,1,9.609,1,59.3,1,9.609,1,34.668,1
5905620,2025-12-16T00:30:20Z,1,-47.16612,142.42052,1,61.0,1,34.669,1,9.608,1,61.0,1,9.608,1,34.669,1
5905620,2025-12-16T00:30:20Z,1,-47.16612,142.42052,1,63.2,1,34.669,1,9.608,1,63.2,1,9.608,1,34.669,1
5905620,2025-12-16T00:30:20Z,1,-47.16612,142.42052,1,65.4,1,34.668,1,9.607,1,65.4,1,9.607,1,34.668,1
5905620,2025-12-16T00:30:20Z,1,-47.16612,142.42052,1,67.6,1,34.668,1,9.608,1,67.6,1,9.608,1,34.668,1
5905620,2025-12-16T00:30:20Z,1,-47.16612,142.42052,1,69.7,1,34.668,1,9.608,1,69.7,1,9.608,1,34.668,1
5905620,2025-12-16T00:30:20Z,1,-47.16612,142.42052,1,71.8,1,34.668,1,9.608,1,71.8,1,9.608,1,34.668,1
5905620,2025-12-16T00:30:20Z,1,-47.16612,142.42052,1,73.4,1,34.669,1,9.609,1,73.4,1,9.609,1,34.669,1
5905620,2025-12-16T00:30:20Z,1,-47.16612,142.42052,1,75.1,1,34.668,1,9.609,1,75.1,1,9.609,1,34.668,1
5905620,2025-12-16T00:30:20Z,1,-47.16612,142.42052,1,77.4,1,34.669,1,9.596,1,77.4,1,9.596,1,34.669,1
5905620,2025-12-16T00:30:20Z,1,-47.16612,142.42052,1,79.8,1,34.668,1,9.602,1,79.8,1,9.602,1,34.668,1
5905620,2025-12-16T00:30:20Z,1,-47.16612,142.42052,1,81.5,1,34.667,1,9.596,1,81.5,1,9.596,1,34.667,1
5905620,2025-12-16T00:30:20Z,1,-47.16612,142.42052,1,83.1,1,34.669,1,9.601,1,83.1,1,9.601,1,34.669,1
5905620,2025-12-16T00:30:20Z,1,-47.16612,142.42052,1,85.2,1,34.668,1,9.601,1,85.2,1,9.601,1,34.668,1
5905620,2025-12-16T00:30:20Z,1,-47.16612,142.42052,1,87.4,1,34.667,1,9.602,1,87.4,1,9.602,1,34.667,1
5905620,2025-12-16T00:30:20Z,1,-47.16612,142.42052,1,89.6,1,34.667,1,9.603,1,89.6,1,9.603,1,34.667,1
5905620,2025-12-16T00:30:20Z,1,-47.16612,142.42052,1,91.4,1,34.667,1,9.596,1,91.4,1,9.596,1,34.667,1
5905620,2025-12-16T00:30:20Z,1,-47.16612,142.42052,1,93.0,1,34.667,1,9.595,1,93.0,1,9.595,1,34.667,1
5905620,2025-12-16T00:30:20Z,1,-47.16612,142.42052,1,95.3,1,34.667,1,9.595,1,95.3,1,9.595,1,34.667,1
5905620,2025-12-16T00:30:20Z,1,-47.16612,142.42052,1,97.6,1,34.669,1,9.589,1,97.6,1,9.589,1,34.669,1
5905620,2025-12-16T00:30:20Z,1,-47.16612,142.42052,1,99.4,1,34.668,1,9.591,1,99.4,1,9.591,1,34.668,1
5905620,2025-12-16T00:30:20Z,1,-47.16612,142.42052,1,101.2,1,34.668,1,9.59,1,101.2,1,9.59,1,34.668,1
5905620,2025-12-16T00:30:20Z,1,-47.16612,142.42052,1,103.7,1,34.669,1,9.59,1,103.7,1,9.59,1,34.669,1
5905620,2025-12-16T00:30:20Z,1,-47.16612,142.42052,1,105.5,1,34.668,1,9.59,1,105.5,1,9.59,1,34.668,1
5905620,2025-12-16T00:30:20Z,1,-47.16612,142.42052,1,107.4,1,34.669,1,9.591,1,107.4,1,9.591,1,34.669,1
5905620,2025-12-16T00:30:20Z,1,-47.16612,142.42052,1,109.3,1,34.67,1,9.592,1,109.3,1,9.592,1,34.67,1
5905620,2025-12-16T00:30:20Z,1,-47.16612,142.42052,1,111.1,1,34.67,1,9.593,1,111.1,1,9.593,1,34.67,1
5905620,2025-12-16T00:30:20Z,1,-47.16612,142.42052,1,113.4,1,34.67,1,9.591,1,113.4,1,9.591,1,34.67,1
5905620,2025-12-16T00:30:20Z,1,-47.16612,142.42052,1,115.8,1,34.67,1,9.592,1,115.8,1,9.592,1,34.67,1
5905620,2025-12-16T00:30:20Z,1,-47.16612,142.42052,1,117.6,1,34.671,1,9.593,1,117.6,1,9.593,1,34.671,1
5905620,2025-12-16T00:30:20Z,1,-47.16612,142.42052,1,119.4,1,34.671,1,9.595,1,119.4,1,9.595,1,34.671,1
5905620,2025-12-16T00:30:20Z,1,-47.16612,142.42052,1,121.2,1,34.672,1,9.596,1,121.2,1,9.596,1,34.672,1
5905620,2025-12-16T00:30:20Z,1,-47.16612,142.42052,1,123.0,1,34.672,1,9.596,1,123.0,1,9.596,1,34.672,1
5905620,2025-12-16T00:30:20Z,1,-47.16612,142.42052,1,125.4,1,34.672,1,9.597,1,125.4,1,9.597,1,34.672,1
5905620,2025-12-16T00:30:20Z,1,-47.16612,142.42052,1,127.7,1,34.674,1,9.601,1,127.7,1,9.601,1,34.674,1
5905620,2025-12-16T00:30:20Z,1,-47.16612,142.42052,1,129.5,1,34.675,1,9.606,1,129.5,1,9.606,1,34.675,1
5905620,2025-12-16T00:30:20Z,1,-47.16612,142.42052,1,131.2,1,34.674,1,9.605,1,131.2,1,9.605,1,34.674,1
5905620,2025-12-16T00:30:20Z,1,-47.16612,142.42052,1,133.6,1,34.675,1,9.606,1,133.6,1,9.606,1,34.675,1
5905620,2025-12-16T00:30:20Z,1,-47.16612,142.42052,1,135.4,1,34.677,1,9.606,1,135.4,1,9.606,1,34.677,1
5905620,2025-12-16T00:30:20Z,1,-47.16612,142.42052,1,137.1,1,34.677,1,9.609,1,137.1,1,9.609,1,34.677,1
5905620,2025-12-16T00:30:20Z,1,-47.16612,142.42052,1,139.4,1,34.677,1,9.613,1,139.4,1,9.613,1,34.677,1
5905620,2025-12-16T00:30:20Z,1,-47.16612,142.42052,1,141.7,1,34.678,1,9.615,1,141.7,1,9.615,1,34.678,1
5905620,2025-12-16T00:30:20Z,1,-47.16612,142.42052,1,143.4,1,34.679,1,9.619,1,143.4,1,9.619,1,34.679,1
5905620,2025-12-16T00:30:20Z,1,-47.16612,142.42052,1,145.1,1,34.681,1,9.622,1,145.1,1,9.622,1,34.681,1
5905620,2025-12-16T00:30:20Z,1,-47.16612,142.42052,1,147.4,1,34.682,1,9.623,1,147.4,1,9.623,1,34.682,1
5905620,2025-12-16T00:30:20Z,1,-47.16612,142.42052,1,149.8,1,34.683,1,9.625,1,149.8,1,9.625,1,34.683,1
5905620,2025-12-16T00:30:20Z,1,-47.16612,142.42052,1,151.5,1,34.683,1,9.628,1,151.5,1,9.628,1,34.683,1
5905620,2025-12-16T00:30:20Z,1,-47.16612,142.42052,1,153.2,1,34.684,1,9.628,1,153.2,1,9.628,1,34.684,1
5905620,2025-12-16T00:30:20Z,1,-47.16612,142.42052,1,155.5,1,34.683,1,9.629,1,155.5,1,9.629,1,34.683,1
5905620,2025-12-16T00:30:20Z,1,-47.16612,142.42052,1,157.8,1,34.684,1,9.63,1,157.8,1,9.63,1,34.684,1
5905620,2025-12-16T00:30:20Z,1,-47.16612,142.42052,1,159.6,1,34.685,1,9.63,1,159.6,1,9.63,1,34.685,1
5905620,2025-12-16T00:30:20Z,1,-47.16612,142.42052,1,161.2,1,34.686,1,9.628,1,161.2,1,9.628,1,34.686,1
5905620,2025-12-16T00:30:20Z,1,-47.16612,142.42052,1,163.4,1,34.687,1,9.626,1,163.4,1,9.626,1,34.687,1
5905620,2025-12-16T00:30:20Z,1,-47.16612,142.42052,1,165.6,1,34.69,1,9.624,1,165.6,1,9.624,1,34.69,1
5905620,2025-12-16T00:30:20Z,1,-47.16612,142.42052,1,167.8,1,34.691,1,9.618,1,167.8,1,9.618,1,34.691,1
5905620,2025-12-16T00:30:20Z,1,-47.16612,142.42052,1,169.5,1,34.69,1,9.615,1,169.5,1,9.615,1,34.69,1
5905620,2025-12-16T00:30:20Z,1,-47.16612,142.42052,1,171.1,1,34.693,1,9.611,1,171.1,1,9.611,1,34.693,1
5905620,2025-12-16T00:30:20Z,1,-47.16612,142.42052,1,173.3,1,34.694,1,9.608,1,173.3,1,9.608,1,34.694,1
5905620,2025-12-16T00:30:20Z,1,-47.16612,142.42052,1,175.5,1,34.697,1,9.605,1,175.5,1,9.605,1,34.697,1
5905620,2025-12-16T00:30:20Z,1,-47.16612,142.42052,1,177.4,1,34.697,1,9.607,1,177.4,1,9.607,1,34.697,1
5905620,2025-12-16T00:30:20Z,1,-47.16612,142.42052,1,179.3,1,34.7,1,9.596,1,179.3,1,9.596,1,34.7,1
5905620,2025-12-16T00:30:20Z,1,-47.16612,142.42052,1,181.6,1,34.694,1,9.516,1,181.6,1,9.516,1,34.694,1
5905620,2025-12-16T00:30:20Z,1,-47.16612,142.42052,1,183.6,1,34.691,1,9.483,1,183.6,1,9.483,1,34.691,1
5905620,2025-12-16T00:30:20Z,1,-47.16612,142.42052,1,185.5,1,34.689,1,9.47,1,185.5,1,9.47,1,34.689,1
5905620,2025-12-16T00:30:20Z,1,-47.16612,142.42052,1,187.5,1,34.694,1,9.468,1,187.5,1,9.468,1,34.694,1
5905620,2025-12-16T00:30:20Z,1,-47.16612,142.42052,1,189.6,1,34.688,1,9.442,1,189.6,1,9.442,1,34.688,1
5905620,2025-12-16T00:30:20Z,1,-47.16612,142.42052,1,191.6,1,34.695,1,9.466,1,191.6,1,9.466,1,34.695,1
5905620,2025-12-16T00:30:20Z,1,-47.16612,142.42052,1,193.3,1,34.697,1,9.491,1,193.3,1,9.491,1,34.697,1
5905620,2025-12-16T00:30:20Z,1,-47.16612,142.42052,1,195.3,1,34.698,1,9.492,1,195.3,1,9.492,1,34.698,1
5905620,2025-12-16T00:30:20Z,1,-47.16612,142.42052,1,197.4,1,34.697,1,9.491,1,197.4,1,9.491,1,34.697,1
5905620,2025-12-16T00:30:20Z,1,-47.16612,142.42052,1,199.4,1,34.699,1,9.495,1,199.4,1,9.495,1,34.699,1
5905620,2025-12-16T00:30:20Z,1,-47.16612,142.42052,1,201.5,1,34.699,1,9.495,1,201.5,1,9.495,1,34.699,1
5905620,2025-12-16T00:30:20Z,1,-47.16612,142.42052,1,203.5,1,34.697,1,9.484,1,203.5,1,9.484,1,34.697,1
5905620,2025-12-16T00:30:20Z,1,-47.16612,142.42052,1,205.6,1,34.697,1,9.482,1,205.6,1,9.482,1,34.697,1
5905620,2025-12-16T00:30:20Z,1,-47.16612,142.42052,1,207.3,1,34.697,1,9.479,1,207.3,1,9.479,1,34.697,1
5905620,2025-12-16T00:30:20Z,1,-47.16612,142.42052,1,209.3,1,34.691,1,9.465,1,209.3,1,9.465,1,34.691,1
5905620,2025-12-16T00:30:20Z,1,-47.16612,142.42052,1,211.4,1,34.691,1,9.469,1,211.4,1,9.469,1,34.691,1
5905620,2025-12-16T00:30:20Z,1,-47.16612,142.42052,1,213.5,1,34.677,1,9.378,1,213.5,1,9.378,1,34.677,1
5905620,2025-12-16T00:30:20Z,1,-47.16612,142.42052,1,215.5,1,34.661,1,9.315,1,215.5,1,9.315,1,34.661,1
5905620,2025-12-16T00:30:20Z,1,-47.16612,142.42052,1,217.6,1,34.661,1,9.31,1,217.6,1,9.31,1,34.661,1
5905620,2025-12-16T00:30:20Z,1,-47.16612,142.42052,1,219.6,1,34.654,1,9.282,1,219.6,1,9.282,1,34.654,1
5905620,2025-12-16T00:30:20Z,1,-47.16612,142.42052,1,221.6,1,34.647,1,9.225,1,221.6,1,9.225,1,34.647,1
5905620,2025-12-16T00:30:20Z,1,-47.16612,142.42052,1,223.6,1,34.636,1,9.179,1,223.6,1,9.179,1,34.636,1
5905620,2025-12-16T00:30:20Z,1,-47.16612,142.42052,1,225.2,1,34.628,1,9.147,1,225.2,1,9.147,1,34.628,1
5905620,2025-12-16T00:30:20Z,1,-47.16612,142.42052,1,227.3,1,34.624,1,9.133,1,227.3,1,9.133,1,34.624,1
5905620,2025-12-16T00:30:20Z,1,-47.16612,142.42052,1,229.3,1,34.607,1,9.058,1,229.3,1,9.058,1,34.607,1
5905620,2025-12-16T00:30:20Z,1,-47.16612,142.42052,1,231.1,1,34.613,1,9.051,1,231.1,1,9.051,1,34.613,1
5905620,2025-12-16T00:30:20Z,1,-47.16612,142.42052,1,233.4,1,34.606,1,9.053,1,233.4,1,9.053,1,34.606,1
5905620,2025-12-16T00:30:20Z,1,-47.16612,142.42052,1,235.7,1,34.609,1,9.033,1,235.7,1,9.033,1,34.609,1
5905620,2025-12-16T00:30:20Z,1,-47.16612,142.42052,1,237.5,1,34.609,1,9.033,1,237.5,1,9.033,1,34.609,1
5905620,2025-12-16T00:30:20Z,1,-47.16612,142.42052,1,239.2,1,34.609,1,9.03,1,239.2,1,9.03,1,34.609,1
5905620,2025-12-16T00:30:20Z,1,-47.16612,142.42052,1,241.4,1,34.608,1,9.024,1,241.4,1,9.024,1,34.608,1
5905620,2025-12-16T00:30:20Z,1,-47.16612,142.42052,1,243.5,1,34.607,1,9.022,1,243.5,1,9.022,1,34.607,1
5905620,2025-12-16T00:30:20Z,1,-47.16612,142.42052,1,245.3,1,34.607,1,9.02,1,245.3,1,9.02,1,34.607,1
5905620,2025-12-16T00:30:20Z,1,-47.16612,142.42052,1,247.4,1,34.604,1,9.01,1,247.4,1,9.01,1,34.604,1
5905620,2025-12-16T00:30:20Z,1,-47.16612,142.42052,1,249.6,1,34.6,1,8.986,1,249.6,1,8.986,1,34.6,1
5905620,2025-12-16T00:30:20Z,1,-47.16612,142.42052,1,251.3,1,34.6,1,8.977,1,251.3,1,8.977,1,34.6,1
5905620,2025-12-16T00:30:20Z,1,-47.16612,142.42052,1,253.5,1,34.596,1,8.963,1,253.5,1,8.963,1,34.596,1
5905620,2025-12-16T00:30:20Z,1,-47.16612,142.42052,1,255.6,1,34.595,1,8.958,1,255.6,1,8.958,1,34.595,1
5905620,2025-12-16T00:30:20Z,1,-47.16612,142.42052,1,257.3,1,34.598,1,8.965,1,257.3,1,8.965,1,34.598,1
5905620,2025-12-16T00:30:20Z,1,-47.16612,142.42052,1,259.4,1,34.599,1,8.972,1,259.4,1,8.972,1,34.599,1
5905620,2025-12-16T00:30:20Z,1,-47.16612,142.42052,1,261.5,1,34.598,1,8.977,1,261.5,1,8.977,1,34.598,1
5905620,2025-12-16T00:30:20Z,1,-47.16612,142.42052,1,263.5,1,34.597,1,8.973,1,263.5,1,8.973,1,34.597,1
5905620,2025-12-16T00:30:20Z,1,-47.16612,142.42052,1,265.5,1,34.598,1,8.973,1,265.5,1,8.973,1,34.598,1
5905620,2025-12-16T00:30:20Z,1,-47.16612,142.42052,1,267.3,1,34.598,1,8.976,1,267.3,1,8.976,1,34.598,1
5905620,2025-12-16T00:30:20Z,1,-47.16612,142.42052,1,269.1,1,34.598,1,8.976,1,269.1,1,8.976,1,34.598,1
5905620,2025-12-16T00:30:20Z,1,-47.16612,142.42052,1,271.4,1,34.597,1,8.964,1,271.4,1,8.964,1,34.597,1
5905620,2025-12-16T00:30:20Z,1,-47.16612,142.42052,1,273.7,1,34.595,1,8.954,1,273.7,1,8.954,1,34.595,1
5905620,2025-12-16T00:30:20Z,1,-47.16612,142.42052,1,275.5,1,34.595,1,8.95,1,275.5,1,8.95,1,34.595,1
5905620,2025-12-16T00:30:20Z,1,-47.16612,142.42052,1,277.3,1,34.595,1,8.954,1,277.3,1,8.954,1,34.595,1
5905620,2025-12-16T00:30:20Z,1,-47.16612,142.42052,1,279.2,1,34.594,1,8.953,1,279.2,1,8.953,1,34.594,1
5905620,2025-12-16T00:30:20Z,1,-47.16612,142.42052,1,281.5,1,34.595,1,8.954,1,281.5,1,8.954,1,34.595,1
5905620,2025-12-16T00:30:20Z,1,-47.16612,142.42052,1,283.7,1,34.596,1,8.951,1,283.7,1,8.951,1,34.596,1
5905620,2025-12-16T00:30:20Z,1,-47.16612,142.42052,1,285.4,1,34.597,1,8.955,1,285.4,1,8.955,1,34.597,1
5905620,2025-12-16T00:30:20Z,1,-47.16612,142.42052,1,287.3,1,34.597,1,8.96,1,287.3,1,8.96,1,34.597,1
5905620,2025-12-16T00:30:20Z,1,-47.16612,142.42052,1,289.1,1,34.597,1,8.961,1,289.1,1,8.961,1,34.597,1
5905620,2025-12-16T00:30:20Z,1,-47.16612,142.42052,1,291.5,1,34.598,1,8.963,1,291.5,1,8.963,1,34.598,1
5905620,2025-12-16T00:30:20Z,1,-47.16612,142.42052,1,293.8,1,34.597,1,8.963,1,293.8,1,8.963,1,34.597,1
5905620,2025-12-16T00:30:20Z,1,-47.16612,142.42052,1,295.6,1,34.598,1,8.964,1,295.6,1,8.964,1,34.598,1
5905620,2025-12-16T00:30:20Z,1,-47.16612,142.42052,1,297.5,1,34.598,1,8.965,1,297.5,1,8.965,1,34.598,1
5905620,2025-12-16T00:30:20Z,1,-47.16612,142.42052,1,299.4,1,34.598,1,8.964,1,299.4,1,8.964,1,34.598,1
5905620,2025-12-16T00:30:20Z,1,-47.16612,142.42052,1,301.3,1,34.598,1,8.966,1,301.3,1,8.966,1,34.598,1
5905620,2025-12-16T00:30:20Z,1,-47.16612,142.42052,1,303.1,1,34.598,1,8.967,1,303.1,1,8.967,1,34.598,1
5905620,2025-12-16T00:30:20Z,1,-47.16612,142.42052,1,305.5,1,34.597,1,8.959,1,305.5,1,8.959,1,34.597,1
5905620,2025-12-16T00:30:20Z,1,-47.16612,142.42052,1,307.8,1,34.596,1,8.955,1,307.8,1,8.955,1,34.596,1
5905620,2025-12-16T00:30:20Z,1,-47.16612,142.42052,1,309.7,1,34.596,1,8.953,1,309.7,1,8.953,1,34.596,1
5905620,2025-12-16T00:30:20Z,1,-47.16612,142.42052,1,311.6,1,34.592,1,8.954,1,311.6,1,8.954,1,34.592,1
5905620,2025-12-16T00:30:20Z,1,-47.16612,142.42052,1,313.5,1,34.593,1,8.949,1,313.5,1,8.949,1,34.593,1
5905620,2025-12-16T00:30:20Z,1,-47.16612,142.42052,1,315.4,1,34.594,1,8.947,1,315.4,1,8.947,1,34.594,1
5905620,2025-12-16T00:30:20Z,1,-47.16612,142.42052,1,317.3,1,34.595,1,8.946,1,317.3,1,8.946,1,34.595,1
5905620,2025-12-16T00:30:20Z,1,-47.16612,142.42052,1,319.2,1,34.594,1,8.95,1,319.2,1,8.95,1,34.594,1
5905620,2025-12-16T00:30:20Z,1,-47.16612,142.42052,1,321.2,1,34.595,1,8.95,1,321.2,1,8.95,1,34.595,1
5905620,2025-12-16T00:30:20Z,1,-47.16612,142.42052,1,323.1,1,34.595,1,8.951,1,323.1,1,8.951,1,34.595,1
5905620,2025-12-16T00:30:20Z,1,-47.16612,142.42052,1,325.1,1,34.595,1,8.951,1,325.1,1,8.951,1,34.595,1
5905620,2025-12-16T00:30:20Z,1,-47.16612,142.42052,1,327.1,1,34.594,1,8.951,1,327.1,1,8.951,1,34.594,1
5905620,2025-12-16T00:30:20Z,1,-47.16612,142.42052,1,329.0,1,34.594,1,8.953,1,329.0,1,8.953,1,34.594,1
5905620,2025-12-16T00:30:20Z,1,-47.16612,142.42052,1,331.4,1,34.594,1,8.951,1,331.4,1,8.951,1,34.594,1
5905620,2025-12-16T00:30:20Z,1,-47.16612,142.42052,1,333.9,1,34.597,1,8.951,1,333.9,1,8.951,1,34.597,1
5905620,2025-12-16T00:30:20Z,1,-47.16612,142.42052,1,335.9,1,34.595,1,8.954,1,335.9,1,8.954,1,34.595,1
5905620,2025-12-16T00:30:20Z,1,-47.16612,142.42052,1,337.9,1,34.595,1,8.958,1,337.9,1,8.958,1,34.595,1
5905620,2025-12-16T00:30:20Z,1,-47.16612,142.42052,1,339.9,1,34.594,1,8.951,1,339.9,1,8.951,1,34.594,1
5905620,2025-12-16T00:30:20Z,1,-47.16612,142.42052,1,341.8,1,34.596,1,8.957,1,341.8,1,8.957,1,34.596,1
5905620,2025-12-16T00:30:20Z,1,-47.16612,142.42052,1,343.8,1,34.596,1,8.96,1,343.8,1,8.96,1,34.596,1
5905620,2025-12-16T00:30:20Z,1,-47.16612,142.42052,1,345.8,1,34.596,1,8.957,1,345.8,1,8.957,1,34.596,1
5905620,2025-12-16T00:30:20Z,1,-47.16612,142.42052,1,347.8,1,34.596,1,8.957,1,347.8,1,8.957,1,34.596,1
5905620,2025-12-16T00:30:20Z,1,-47.16612,142.42052,1,349.8,1,34.595,1,8.956,1,349.8,1,8.956,1,34.595,1
5905620,2025-12-16T00:30:20Z,1,-47.16612,142.42052,1,351.8,1,34.596,1,8.955,1,351.8,1,8.955,1,34.596,1
5905620,2025-12-16T00:30:20Z,1,-47.16612,142.42052,1,353.8,1,34.595,1,8.962,1,353.8,1,8.962,1,34.595,1
5905620,2025-12-16T00:30:20Z,1,-47.16612,142.42052,1,355.9,1,34.595,1,8.961,1,355.9,1,8.961,1,34.595,1
5905620,2025-12-16T00:30:20Z,1,-47.16612,142.42052,1,357.9,1,34.595,1,8.96,1,357.9,1,8.96,1,34.595,1
5905620,2025-12-16T00:30:20Z,1,-47.16612,142.42052,1,359.4,1,34.595,1,8.956,1,359.4,1,8.956,1,34.595,1
5905620,2025-12-16T00:30:20Z,1,-47.16612,142.42052,1,361.0,1,34.592,1,8.946,1,361.0,1,8.946,1,34.592,1
5905620,2025-12-16T00:30:20Z,1,-47.16612,142.42052,1,363.0,1,34.591,1,8.94,1,363.0,1,8.94,1,34.591,1
5905620,2025-12-16T00:30:20Z,1,-47.16612,142.42052,1,365.1,1,34.591,1,8.936,1,365.1,1,8.936,1,34.591,1
5905620,2025-12-16T00:30:20Z,1,-47.16612,142.42052,1,367.2,1,34.59,1,8.932,1,367.2,1,8.932,1,34.59,1
5905620,2025-12-16T00:30:20Z,1,-47.16612,142.42052,1,369.2,1,34.591,1,8.935,1,369.2,1,8.935,1,34.591,1
5905620,2025-12-16T00:30:20Z,1,-47.16612,142.42052,1,371.3,1,34.59,1,8.933,1,371.3,1,8.933,1,34.59,1
5905620,2025-12-16T00:30:20Z,1,-47.16612,142.42052,1,373.3,1,34.59,1,8.932,1,373.3,1,8.932,1,34.59,1
5905620,2025-12-16T00:30:20Z,1,-47.16612,142.42052,1,375.4,1,34.589,1,8.929,1,375.4,1,8.929,1,34.589,1
5905620,2025-12-16T00:30:20Z,1,-47.16612,142.42052,1,377.5,1,34.589,1,8.927,1,377.5,1,8.927,1,34.589,1
5905620,2025-12-16T00:30:20Z,1,-47.16612,142.42052,1,379.6,1,34.587,1,8.922,1,379.6,1,8.922,1,34.587,1
5905620,2025-12-16T00:30:20Z,1,-47.16612,142.42052,1,381.7,1,34.586,1,8.914,1,381.7,1,8.914,1,34.586,1
5905620,2025-12-16T00:30:20Z,1,-47.16612,142.42052,1,383.8,1,34.585,1,8.911,1,383.8,1,8.911,1,34.585,1
5905620,2025-12-16T00:30:20Z,1,-47.16612,142.42052,1,385.5,1,34.586,1,8.908,1,385.5,1,8.908,1,34.586,1
5905620,2025-12-16T00:30:20Z,1,-47.16612,142.42052,1,387.0,1,34.585,1,8.907,1,387.0,1,8.907,1,34.585,1
5905620,2025-12-16T00:30:20Z,1,-47.16612,142.42052,1,389.2,1,34.584,1,8.905,1,389.2,1,8.905,1,34.584,1
5905620,2025-12-16T00:30:20Z,1,-47.16612,142.42052,1,391.3,1,34.583,1,8.903,1,391.3,1,8.903,1,34.583,1
5905620,2025-12-16T00:30:20Z,1,-47.16612,142.42052,1,393.5,1,34.584,1,8.903,1,393.5,1,8.903,1,34.584,1
5905620,2025-12-16T00:30:20Z,1,-47.16612,142.42052,1,395.7,1,34.584,1,8.903,1,395.7,1,8.903,1,34.584,1
5905620,2025-12-16T00:30:20Z,1,-47.16612,142.42052,1,397.8,1,34.584,1,8.904,1,397.8,1,8.904,1,34.584,1
5905620,2025-12-16T00:30:20Z,1,-47.16612,142.42052,1,399.5,1,34.584,1,8.903,1,399.5,1,8.903,1,34.584,1
5905620,2025-12-16T00:30:20Z,1,-47.16612,142.42052,1,401.1,1,34.585,1,8.901,1,401.1,1,8.901,1,34.585,1
5905620,2025-12-16T00:30:20Z,1,-47.16612,142.42052,1,403.2,1,34.583,1,8.898,1,403.2,1,8.898,1,34.583,1
5905620,2025-12-16T00:30:20Z,1,-47.16612,142.42052,1,405.4,1,34.583,1,8.899,1,405.4,1,8.899,1,34.583,1
5905620,2025-12-16T00:30:20Z,1,-47.16612,142.42052,1,407.6,1,34.583,1,8.903,1,407.6,1,8.903,1,34.583,1
5905620,2025-12-16T00:30:20Z,1,-47.16612,142.42052,1,409.8,1,34.586,1,8.908,1,409.8,1,8.908,1,34.586,1
5905620,2025-12-16T00:30:20Z,1,-47.16612,142.42052,1,411.4,1,34.586,1,8.919,1,411.4,1,8.919,1,34.586,1
5905620,2025-12-16T00:30:20Z,1,-47.16612,142.42052,1,413.0,1,34.585,1,8.917,1,413.0,1,8.917,1,34.585,1
5905620,2025-12-16T00:30:20Z,1,-47.16612,142.42052,1,415.1,1,34.587,1,8.921,1,415.1,1,8.921,1,34.587,1
5905620,2025-12-16T00:30:20Z,1,-47.16612,142.42052,1,417.3,1,34.584,1,8.911,1,417.3,1,8.911,1,34.584,1
5905620,2025-12-16T00:30:20Z,1,-47.16612,142.42052,1,419.5,1,34.581,1,8.891,1,419.5,1,8.891,1,34.581,1
5905620,2025-12-16T00:30:20Z,1,-47.16612,142.42052,1,421.6,1,34.575,1,8.875,1,421.6,1,8.875,1,34.575,1
5905620,2025-12-16T00:30:20Z,1,-47.16612,142.42052,1,423.7,1,34.574,1,8.843,1,423.7,1,8.843,1,34.574,1
5905620,2025-12-16T00:30:20Z,1,-47.16612,142.42052,1,425.8,1,34.568,1,8.83,1,425.8,1,8.83,1,34.568,1
5905620,2025-12-16T00:30:20Z,1,-47.16612,142.42052,1,427.7,1,34.569,1,8.829,1,427.7,1,8.829,1,34.569,1
5905620,2025-12-16T00:30:20Z,1,-47.16612,142.42052,1,429.8,1,34.568,1,8.827,1,429.8,1,8.827,1,34.568,1
5905620,2025-12-16T00:30:20Z,1,-47.16612,142.42052,1,431.5,1,34.57,1,8.827,1,431.5,1,8.827,1,34.57,1
5905620,2025-12-16T00:30:20Z,1,-47.16612,142.42052,1,433.1,1,34.569,1,8.831,1,433.1,1,8.831,1,34.569,1
5905620,2025-12-16T00:30:20Z,1,-47.16612,142.42052,1,435.3,1,34.568,1,8.834,1,435.3,1,8.834,1,34.568,1
5905620,2025-12-16T00:30:20Z,1,-47.16612,142.42052,1,437.5,1,34.563,1,8.826,1,437.5,1,8.826,1,34.563,1
5905620,2025-12-16T00:30:20Z,1,-47.16612,142.42052,1,439.7,1,34.564,1,8.816,1,439.7,1,8.816,1,34.564,1
5905620,2025-12-16T00:30:20Z,1,-47.16612,142.42052,1,441.4,1,34.565,1,8.817,1,441.4,1,8.817,1,34.565,1
5905620,2025-12-16T00:30:20Z,1,-47.16612,142.42052,1,443.1,1,34.564,1,8.79,1,443.1,1,8.79,1,34.564,1
5905620,2025-12-16T00:30:20Z,1,-47.16612,142.42052,1,445.3,1,34.559,1,8.782,1,445.3,1,8.782,1,34.559,1
5905620,2025-12-16T00:30:20Z,1,-47.16612,142.42052,1,447.5,1,34.557,1,8.775,1,447.5,1,8.775,1,34.557,1
5905620,2025-12-16T00:30:20Z,1,-47.16612,142.42052,1,449.7,1,34.557,1,8.768,1,449.7,1,8.768,1,34.557,1
5905620,2025-12-16T00:30:20Z,1,-47.16612,142.42052,1,451.8,1,34.555,1,8.766,1,451.8,1,8.766,1,34.555,1
5905620,2025-12-16T00:30:20Z,1,-47.16612,142.42052,1,453.5,1,34.556,1,8.765,1,453.5,1,8.765,1,34.556,1
5905620,2025-12-16T00:30:20Z,1,-47.16612,142.42052,1,455.1,1,34.554,1,8.761,1,455.1,1,8.761,1,34.554,1
5905620,2025-12-16T00:30:20Z,1,-47.16612,142.42052,1,457.3,1,34.556,1,8.765,1,457.3,1,8.765,1,34.556,1
5905620,2025-12-16T00:30:20Z,1,-47.16612,142.42052,1,459.5,1,34.557,1,8.762,1,459.5,1,8.762,1,34.557,1
5905620,2025-12-16T00:30:20Z,1,-47.16612,142.42052,1,461.7,1,34.553,1,8.764,1,461.7,1,8.764,1,34.553,1
5905620,2025-12-16T00:30:20Z,1,-47.16612,142.42052,1,463.4,1,34.559,1,8.763,1,463.4,1,8.763,1,34.559,1
5905620,2025-12-16T00:30:20Z,1,-47.16612,142.42052,1,465.0,1,34.553,1,8.747,1,465.0,1,8.747,1,34.553,1
5905620,2025-12-16T00:30:20Z,1,-47.16612,142.42052,1,467.2,1,34.552,1,8.745,1,467.2,1,8.745,1,34.552,1
5905620,2025-12-16T00:30:20Z,1,-47.16612,142.42052,1,469.4,1,34.552,1,8.717,1,469.4,1,8.717,1,34.552,1
5905620,2025-12-16T00:30:20Z,1,-47.16612,142.42052,1,471.6,1,34.542,1,8.654,1,471.6,1,8.654,1,34.542,1
5905620,2025-12-16T00:30:20Z,1,-47.16612,142.42052,1,473.8,1,34.534,1,8.657,1,473.8,1,8.657,1,34.534,1
5905620,2025-12-16T00:30:20Z,1,-47.16612,142.42052,1,475.5,1,34.539,1,8.657,1,475.5,1,8.657,1,34.539,1
5905620,2025-12-16T00:30:20Z,1,-47.16612,142.42052,1,477.1,1,34.536,1,8.632,1,477.1,1,8.632,1,34.536,1
5905620,2025-12-16T00:30:20Z,1,-47.16612,142.42052,1,479.2,1,34.524,1,8.626,1,479.2,1,8.626,1,34.524,1
5905620,2025-12-16T00:30:20Z,1,-47.16612,142.42052,1,481.4,1,34.525,1,8.597,1,481.4,1,8.597,1,34.525,1
5905620,2025-12-16T00:30:20Z,1,-47.16612,142.42052,1,483.4,1,34.516,1,8.551,1,483.4,1,8.551,1,34.516,1
5905620,2025-12-16T00:30:20Z,1,-47.16612,142.42052,1,485.0,1,34.516,1,8.555,1,485.0,1,8.555,1,34.516,1
5905620,2025-12-16T00:30:20Z,1,-47.16612,142.42052,1,487.1,1,34.515,1,8.542,1,487.1,1,8.542,1,34.515,1
5905620,2025-12-16T00:30:20Z,1,-47.16612,142.42052,1,489.3,1,34.513,1,8.54,1,489.3,1,8.54,1,34.513,1
5905620,2025-12-16T00:30:20Z,1,-47.16612,142.42052,1,491.5,1,34.519,1,8.555,1,491.5,1,8.555,1,34.519,1
5905620,2025-12-16T00:30:20Z,1,-47.16612,142.42052,1,493.7,1,34.516,1,8.528,1,493.7,1,8.528,1,34.516,1
5905620,2025-12-16T00:30:20Z,1,-47.16612,142.42052,1,495.4,1,34.511,1,8.504,1,495.4,1,8.504,1,34.511,1
5905620,2025-12-16T00:30:20Z,1,-47.16612,142.42052,1,497.0,1,34.509,1,8.501,1,497.0,1,8.501,1,34.509,1
5905620,2025-12-16T00:30:20Z,1,-47.16612,142.42052,1,499.2,1,34.513,1,8.556,1,499.2,1,8.556,1,34.513,1
5905620,2025-12-16T00:30:20Z,1,-47.16612,142.42052,1,501.4,1,34.547,1,8.672,1,501.4,1,8.672,1,34.547,1
5905620,2025-12-16T00:30:20Z,1,-47.16612,142.42052,1,503.7,1,34.548,1,8.694,1,503.7,1,8.694,1,34.548,1
5905620,2025-12-16T00:30:20Z,1,-47.16612,142.42052,1,505.4,1,34.55,1,8.7,1,505.4,1,8.7,1,34.55,1
5905620,2025-12-16T00:30:20Z,1,-47.16612,142.42052,1,507.1,1,34.538,1,8.629,1,507.1,1,8.629,1,34.538,1
5905620,2025-12-16T00:30:20Z,1,-47.16612,142.42052,1,509.4,1,34.532,1,8.606,1,509.4,1,8.606,1,34.532,1
5905620,2025-12-16T00:30:20Z,1,-47.16612,142.42052,1,511.6,1,34.53,1,8.596,1,511.6,1,8.596,1,34.53,1
5905620,2025-12-16T00:30:20Z,1,-47.16612,142.42052,1,513.4,1,34.53,1,8.592,1,513.4,1,8.592,1,34.53,1
5905620,2025-12-16T00:30:20Z,1,-47.16612,142.42052,1,515.0,1,34.528,1,8.575,1,515.0,1,8.575,1,34.528,1
5905620,2025-12-16T00:30:20Z,1,-47.16612,142.42052,1,517.3,1,34.524,1,8.561,1,517.3,1,8.561,1,34.524,1
5905620,2025-12-16T00:30:20Z,1,-47.16612,142.42052,1,519.5,1,34.523,1,8.537,1,519.5,1,8.537,1,34.523,1
5905620,2025-12-16T00:30:20Z,1,-47.16612,142.42052,1,521.8,1,34.516,1,8.5,1,521.8,1,8.5,1,34.516,1
5905620,2025-12-16T00:30:20Z,1,-47.16612,142.42052,1,523.5,1,34.511,1,8.493,1,523.5,1,8.493,1,34.511,1
5905620,2025-12-16T00:30:20Z,1,-47.16612,142.42052,1,525.1,1,34.512,1,8.477,1,525.1,1,8.477,1,34.512,1
5905620,2025-12-16T00:30:20Z,1,-47.16612,142.42052,1,527.4,1,34.505,1,8.465,1,527.4,1,8.465,1,34.505,1
5905620,2025-12-16T00:30:20Z,1,-47.16612,142.42052,1,529.7,1,34.498,1,8.423,1,529.7,1,8.423,1,34.498,1
5905620,2025-12-16T00:30:20Z,1,-47.16612,142.42052,1,531.4,1,34.498,1,8.425,1,531.4,1,8.425,1,34.498,1
5905620,2025-12-16T00:30:20Z,1,-47.16612,142.42052,1,533.1,1,34.494,1,8.408,1,533.1,1,8.408,1,34.494,1
5905620,2025-12-16T00:30:20Z,1,-47.16612,142.42052,1,535.3,1,34.486,1,8.365,1,535.3,1,8.365,1,34.486,1
5905620,2025-12-16T00:30:20Z,1,-47.16612,142.42052,1,537.5,1,34.485,1,8.352,1,537.5,1,8.352,1,34.485,1
5905620,2025-12-16T00:30:20Z,1,-47.16612,142.42052,1,539.7,1,34.482,1,8.326,1,539.7,1,8.326,1,34.482,1
5905620,2025-12-16T00:30:20Z,1,-47.16612,142.42052,1,541.5,1,34.477,1,8.313,1,541.5,1,8.313,1,34.477,1
5905620,2025-12-16T00:30:20Z,1,-47.16612,142.42052,1,543.1,1,34.478,1,8.307,1,543.1,1,8.307,1,34.478,1
5905620,2025-12-16T00:30:20Z,1,-47.16612,142.42052,1,545.3,1,34.477,1,8.306,1,545.3,1,8.306,1,34.477,1
5905620,2025-12-16T00:30:20Z,1,-47.16612,142.42052,1,547.6,1,34.477,1,8.299,1,547.6,1,8.299,1,34.477,1
5905620,2025-12-16T00:30:20Z,1,-47.16612,142.42052,1,549.4,1,34.477,1,8.295,1,549.4,1,8.295,1,34.477,1
5905620,2025-12-16T00:30:20Z,1,-47.16612,142.42052,1,551.0,1,34.476,1,8.291,1,551.0,1,8.291,1,34.476,1
5905620,2025-12-16T00:30:20Z,1,-47.16612,142.42052,1,553.3,1,34.478,1,8.298,1,553.3,1,8.298,1,34.478,1
5905620,2025-12-16T00:30:20Z,1,-47.16612,142.42052,1,555.5,1,34.483,1,8.303,1,555.5,1,8.303,1,34.483,1
5905620,2025-12-16T00:30:20Z,1,-47.16612,142.42052,1,557.8,1,34.484,1,8.295,1,557.8,1,8.295,1,34.484,1
5905620,2025-12-16T00:30:20Z,1,-47.16612,142.42052,1,559.5,1,34.488,1,8.331,1,559.5,1,8.331,1,34.488,1
5905620,2025-12-16T00:30:20Z,1,-47.16612,142.42052,1,561.2,1,34.487,1,8.374,1,561.2,1,8.374,1,34.487,1
5905620,2025-12-16T00:30:20Z,1,-47.16612,142.42052,1,563.3,1,34.493,1,8.359,1,563.3,1,8.359,1,34.493,1
5905620,2025-12-16T00:30:20Z,1,-47.16612,142.42052,1,565.1,1,34.495,1,8.382,1,565.1,1,8.382,1,34.495,1
5905620,2025-12-16T00:30:20Z,1,-47.16612,142.42052,1,567.5,1,34.495,1,8.347,1,567.5,1,8.347,1,34.495,1
5905620,2025-12-16T00:30:20Z,1,-47.16612,142.42052,1,569.7,1,34.486,1,8.285,1,569.7,1,8.285,1,34.486,1
5905620,2025-12-16T00:30:20Z,1,-47.16612,142.42052,1,571.5,1,34.476,1,8.32,1,571.5,1,8.32,1,34.476,1
5905620,2025-12-16T00:30:20Z,1,-47.16612,142.42052,1,573.2,1,34.51,1,8.404,1,573.2,1,8.404,1,34.51,1
5905620,2025-12-16T00:30:20Z,1,-47.16612,142.42052,1,575.5,1,34.512,1,8.405,1,575.5,1,8.405,1,34.512,1
5905620,2025-12-16T00:30:20Z,1,-47.16612,142.42052,1,577.8,1,34.511,1,8.396,1,577.8,1,8.396,1,34.511,1
5905620,2025-12-16T00:30:20Z,1,-47.16612,142.42052,1,579.6,1,34.509,1,8.374,1,579.6,1,8.374,1,34.509,1
5905620,2025-12-16T00:30:20Z,1,-47.16612,142.42052,1,581.4,1,34.506,1,8.361,1,581.4,1,8.361,1,34.506,1
5905620,2025-12-16T00:30:20Z,1,-47.16612,142.42052,1,583.8,1,34.505,1,8.338,1,583.8,1,8.338,1,34.505,1
5905620,2025-12-16T00:30:20Z,1,-47.16612,142.42052,1,585.6,1,34.5,1,8.327,1,585.6,1,8.327,1,34.5,1
5905620,2025-12-16T00:30:20Z,1,-47.16612,142.42052,1,587.3,1,34.503,1,8.325,1,587.3,1,8.325,1,34.503,1
5905620,2025-12-16T00:30:20Z,1,-47.16612,142.42052,1,589.6,1,34.501,1,8.319,1,589.6,1,8.319,1,34.501,1
5905620,2025-12-16T00:30:20Z,1,-47.16612,142.42052,1,591.4,1,34.5,1,8.303,1,591.4,1,8.303,1,34.5,1
5905620,2025-12-16T00:30:20Z,1,-47.16612,142.42052,1,593.1,1,34.498,1,8.293,1,593.1,1,8.293,1,34.498,1
5905620,2025-12-16T00:30:20Z,1,-47.16612,142.42052,1,595.5,1,34.498,1,8.287,1,595.5,1,8.287,1,34.498,1
5905620,2025-12-16T00:30:20Z,1,-47.16612,142.42052,1,597.7,1,34.497,1,8.286,1,597.7,1,8.286,1,34.497,1
5905620,2025-12-16T00:30:20Z,1,-47.16612,142.42052,1,599.5,1,34.494,1,8.263,1,599.5,1,8.263,1,34.494,1
5905620,2025-12-16T00:30:20Z,1,-47.16612,142.42052,1,601.1,1,34.493,1,8.255,1,601.1,1,8.255,1,34.493,1
5905620,2025-12-16T00:30:20Z,1,-47.16612,142.42052,1,603.4,1,34.493,1,8.239,1,603.4,1,8.239,1,34.493,1
5905620,2025-12-16T00:30:20Z,1,-47.16612,142.42052,1,605.8,1,34.488,1,8.215,1,605.8,1,8.215,1,34.488,1
5905620,2025-12-16T00:30:20Z,1,-47.16612,142.42052,1,607.5,1,34.489,1,8.225,1,607.5,1,8.225,1,34.489,1
5905620,2025-12-16T00:30:20Z,1,-47.16612,142.42052,1,609.2,1,34.492,1,8.225,1,609.2,1,8.225,1,34.492,1
5905620,2025-12-16T00:30:20Z,1,-47.16612,142.42052,1,611.5,1,34.497,1,8.231,1,611.5,1,8.231,1,34.497,1
5905620,2025-12-16T00:30:20Z,1,-47.16612,142.42052,1,613.8,1,34.483,1,8.159,1,613.8,1,8.159,1,34.483,1
5905620,2025-12-16T00:30:20Z,1,-47.16612,142.42052,1,615.5,1,34.477,1,8.142,1,615.5,1,8.142,1,34.477,1
5905620,2025-12-16T00:30:20Z,1,-47.16612,142.42052,1,617.3,1,34.477,1,8.13,1,617.3,1,8.13,1,34.477,1
5905620,2025-12-16T00:30:20Z,1,-47.16612,142.42052,1,619.6,1,34.478,1,8.121,1,619.6,1,8.121,1,34.478,1
5905620,2025-12-16T00:30:20Z,1,-47.16612,142.42052,1,621.3,1,34.475,1,8.117,1,621.3,1,8.117,1,34.475,1
5905620,2025-12-16T00:30:20Z,1,-47.16612,142.42052,1,623.0,1,34.476,1,8.113,1,623.0,1,8.113,1,34.476,1
5905620,2025-12-16T00:30:20Z,1,-47.16612,142.42052,1,625.2,1,34.478,1,8.127,1,625.2,1,8.127,1,34.478,1
5905620,2025-12-16T00:30:20Z,1,-47.16612,142.42052,1,627.4,1,34.483,1,8.145,1,627.4,1,8.145,1,34.483,1
5905620,2025-12-16T00:30:20Z,1,-47.16612,142.42052,1,629.4,1,34.485,1,8.154,1,629.4,1,8.154,1,34.485,1
5905620,2025-12-16T00:30:20Z,1,-47.16612,142.42052,1,631.7,1,34.485,1,8.148,1,631.7,1,8.148,1,34.485,1
5905620,2025-12-16T00:30:20Z,1,-47.16612,142.42052,1,633.5,1,34.483,1,8.12,1,633.5,1,8.12,1,34.483,1
5905620,2025-12-16T00:30:20Z,1,-47.16612,142.42052,1,635.7,1,34.475,1,8.098,1,635.7,1,8.098,1,34.475,1
5905620,2025-12-16T00:30:20Z,1,-47.16612,142.42052,1,637.7,1,34.481,1,8.11,1,637.7,1,8.11,1,34.481,1
5905620,2025-12-16T00:30:20Z,1,-47.16612,142.42052,1,639.5,1,34.478,1,8.083,1,639.5,1,8.083,1,34.478,1
5905620,2025-12-16T00:30:20Z,1,-47.16612,142.42052,1,641.5,1,34.472,1,8.04,1,641.5,1,8.04,1,34.472,1
5905620,2025-12-16T00:30:20Z,1,-47.16612,142.42052,1,643.6,1,34.466,1,8.002,1,643.6,1,8.002,1,34.466,1
5905620,2025-12-16T00:30:20Z,1,-47.16612,142.42052,1,645.8,1,34.466,1,7.993,1,645.8,1,7.993,1,34.466,1
5905620,2025-12-16T00:30:20Z,1,-47.16612,142.42052,1,647.6,1,34.461,1,7.98,1,647.6,1,7.98,1,34.461,1
5905620,2025-12-16T00:30:20Z,1,-47.16612,142.42052,1,649.3,1,34.459,1,7.959,1,649.3,1,7.959,1,34.459,1
5905620,2025-12-16T00:30:20Z,1,-47.16612,142.42052,1,651.5,1,34.459,1,7.953,1,651.5,1,7.953,1,34.459,1
5905620,2025-12-16T00:30:20Z,1,-47.16612,142.42052,1,653.8,1,34.457,1,7.93,1,653.8,1,7.93,1,34.457,1
5905620,2025-12-16T00:30:20Z,1,-47.16612,142.42052,1,655.5,1,34.457,1,7.926,1,655.5,1,7.926,1,34.457,1
5905620,2025-12-16T00:30:20Z,1,-47.16612,142.42052,1,657.3,1,34.456,1,7.922,1,657.3,1,7.922,1,34.456,1
5905620,2025-12-16T00:30:20Z,1,-47.16612,142.42052,1,659.6,1,34.455,1,7.915,1,659.6,1,7.915,1,34.455,1
5905620,2025-12-16T00:30:20Z,1,-47.16612,142.42052,1,661.3,1,34.454,1,7.905,1,661.3,1,7.905,1,34.454,1
5905620,2025-12-16T00:30:20Z,1,-47.16612,142.42052,1,663.1,1,34.453,1,7.89,1,663.1,1,7.89,1,34.453,1
5905620,2025-12-16T00:30:20Z,1,-47.16612,142.42052,1,665.4,1,34.452,1,7.883,1,665.4,1,7.883,1,34.452,1
5905620,2025-12-16T00:30:20Z,1,-47.16612,142.42052,1,667.7,1,34.453,1,7.885,1,667.7,1,7.885,1,34.453,1
5905620,2025-12-16T00:30:20Z,1,-47.16612,142.42052,1,669.4,1,34.452,1,7.871,1,669.4,1,7.871,1,34.452,1
5905620,2025-12-16T00:30:20Z,1,-47.16612,142.42052,1,671.2,1,34.45,1,7.845,1,671.2,1,7.845,1,34.45,1
5905620,2025-12-16T00:30:20Z,1,-47.16612,142.42052,1,673.5,1,34.452,1,7.839,1,673.5,1,7.839,1,34.452,1
5905620,2025-12-16T00:30:20Z,1,-47.16612,142.42052,1,675.3,1,34.453,1,7.84,1,675.3,1,7.84,1,34.453,1
5905620,2025-12-16T00:30:20Z,1,-47.16612,142.42052,1,677.1,1,34.454,1,7.838,1,677.1,1,7.838,1,34.454,1
5905620,2025-12-16T00:30:20Z,1,-47.16612,142.42052,1,679.5,1,34.455,1,7.831,1,679.5,1,7.831,1,34.455,1
5905620,2025-12-16T00:30:20Z,1,-47.16612,142.42052,1,681.3,1,34.455,1,7.824,1,681.3,1,7.824,1,34.455,1
5905620,2025-12-16T00:30:20Z,1,-47.16612,142.42052,1,683.1,1,34.451,1,7.814,1,683.1,1,7.814,1,34.451,1
5905620,2025-12-16T00:30:20Z,1,-47.16612,142.42052,1,685.6,1,34.451,1,7.774,1,685.6,1,7.774,1,34.451,1
5905620,2025-12-16T00:30:20Z,1,-47.16612,142.42052,1,687.5,1,34.444,1,7.751,1,687.5,1,7.751,1,34.444,1
5905620,2025-12-16T00:30:20Z,1,-47.16612,142.42052,1,689.3,1,34.443,1,7.741,1,689.3,1,7.741,1,34.443,1
5905620,2025-12-16T00:30:20Z,1,-47.16612,142.42052,1,691.7,1,34.44,1,7.725,1,691.7,1,7.725,1,34.44,1
5905620,2025-12-16T00:30:20Z,1,-47.16612,142.42052,1,693.5,1,34.445,1,7.687,1,693.5,1,7.687,1,34.445,1
5905620,2025-12-16T00:30:20Z,1,-47.16612,142.42052,1,695.3,1,34.431,1,7.66,1,695.3,1,7.66,1,34.431,1
5905620,2025-12-16T00:30:20Z,1,-47.16612,142.42052,1,697.6,1,34.431,1,7.698,1,697.6,1,7.698,1,34.431,1
5905620,2025-12-16T00:30:20Z,1,-47.16612,142.42052,1,699.8,1,34.441,1,7.677,1,699.8,1,7.677,1,34.441,1
5905620,2025-12-16T00:30:20Z,1,-47.16612,142.42052,1,701.4,1,34.433,1,7.598,1,701.4,1,7.598,1,34.433,1
5905620,2025-12-16T00:30:20Z,1,-47.16612,142.42052,1,703.2,1,34.428,1,7.584,1,703.2,1,7.584,1,34.428,1
5905620,2025-12-16T00:30:20Z,1,-47.16612,142.42052,1,705.6,1,34.422,1,7.538,1,705.6,1,7.538,1,34.422,1
5905620,2025-12-16T00:30:20Z,1,-47.16612,142.42052,1,707.7,1,34.417,1,7.506,1,707.7,1,7.506,1,34.417,1
5905620,2025-12-16T00:30:20Z,1,-47.16612,142.42052,1,709.4,1,34.415,1,7.486,1,709.4,1,7.486,1,34.415,1
5905620,2025-12-16T00:30:20Z,1,-47.16612,142.42052,1,711.2,1,34.412,1,7.463,1,711.2,1,7.463,1,34.412,1
5905620,2025-12-16T00:30:20Z,1,-47.16612,142.42052,1,713.7,1,34.41,1,7.455,1,713.7,1,7.455,1,34.41,1
5905620,2025-12-16T00:30:20Z,1,-47.16612,142.42052,1,715.7,1,34.41,1,7.445,1,715.7,1,7.445,1,34.41,1
5905620,2025-12-16T00:30:20Z,1,-47.16612,142.42052,1,717.5,1,34.406,1,7.429,1,717.5,1,7.429,1,34.406,1
5905620,2025-12-16T00:30:20Z,1,-47.16612,142.42052,1,719.4,1,34.405,1,7.407,1,719.4,1,7.407,1,34.405,1
5905620,2025-12-16T00:30:20Z,1,-47.16612,142.42052,1,721.3,1,34.413,1,7.437,1,721.3,1,7.437,1,34.413,1
5905620,2025-12-16T00:30:20Z,1,-47.16612,142.42052,1,723.8,1,34.418,1,7.452,1,723.8,1,7.452,1,34.418,1
5905620,2025-12-16T00:30:20Z,1,-47.16612,142.42052,1,725.6,1,34.417,1,7.432,1,725.6,1,7.432,1,34.417,1
5905620,2025-12-16T00:30:20Z,1,-47.16612,142.42052,1,727.5,1,34.415,1,7.421,1,727.5,1,7.421,1,34.415,1
5905620,2025-12-16T00:30:20Z,1,-47.16612,142.42052,1,729.3,1,34.415,1,7.414,1,729.3,1,7.414,1,34.415,1
5905620,2025-12-16T00:30:20Z,1,-47.16612,142.42052,1,731.2,1,34.415,1,7.406,1,731.2,1,7.406,1,34.415,1
5905620,2025-12-16T00:30:20Z,1,-47.16612,142.42052,1,733.7,1,34.414,1,7.391,1,733.7,1,7.391,1,34.414,1
5905620,2025-12-16T00:30:20Z,1,-47.16612,142.42052,1,735.6,1,34.414,1,7.374,1,735.6,1,7.374,1,34.414,1
5905620,2025-12-16T00:30:20Z,1,-47.16612,142.42052,1,737.5,1,34.412,1,7.362,1,737.5,1,7.362,1,34.412,1
5905620,2025-12-16T00:30:20Z,1,-47.16612,142.42052,1,739.4,1,34.403,1,7.342,1,739.4,1,7.342,1,34.403,1
5905620,2025-12-16T00:30:20Z,1,-47.16612,142.42052,1,741.3,1,34.407,1,7.304,1,741.3,1,7.304,1,34.407,1
5905620,2025-12-16T00:30:20Z,1,-47.16612,142.42052,1,743.3,1,34.403,1,7.282,1,743.3,1,7.282,1,34.403,1
5905620,2025-12-16T00:30:20Z,1,-47.16612,142.42052,1,745.1,1,34.397,1,7.246,1,745.1,1,7.246,1,34.397,1
5905620,2025-12-16T00:30:20Z,1,-47.16612,142.42052,1,747.7,1,34.397,1,7.245,1,747.7,1,7.245,1,34.397,1
5905620,2025-12-16T00:30:20Z,1,-47.16612,142.42052,1,749.7,1,34.397,1,7.245,1,749.7,1,7.245,1,34.397,1
5905620,2025-12-16T00:30:20Z,1,-47.16612,142.42052,1,751.5,1,34.395,1,7.235,1,751.5,1,7.235,1,34.395,1
5905620,2025-12-16T00:30:20Z,1,-47.16612,142.42052,1,753.5,1,34.389,1,7.187,1,753.5,1,7.187,1,34.389,1
5905620,2025-12-16T00:30:20Z,1,-47.16612,142.42052,1,755.3,1,34.385,1,7.141,1,755.3,1,7.141,1,34.385,1
5905620,2025-12-16T00:30:20Z,1,-47.16612,142.42052,1,757.3,1,34.392,1,7.156,1,757.3,1,7.156,1,34.392,1
5905620,2025-12-16T00:30:20Z,1,-47.16612,142.42052,1,759.2,1,34.384,1,7.116,1,759.2,1,7.116,1,34.384,1
5905620,2025-12-16T00:30:20Z,1,-47.16612,142.42052,1,761.2,1,34.379,1,7.072,1,761.2,1,7.072,1,34.379,1
5905620,2025-12-16T00:30:20Z,1,-47.16612,142.42052,1,763.1,1,34.379,1,7.039,1,763.1,1,7.039,1,34.379,1
5905620,2025-12-16T00:30:20Z,1,-47.16612,142.42052,1,765.1,1,34.373,1,6.955,1,765.1,1,6.955,1,34.373,1
5905620,2025-12-16T00:30:20Z,1,-47.16612,142.42052,1,767.1,1,34.366,1,6.949,1,767.1,1,6.949,1,34.366,1
5905620,2025-12-16T00:30:20Z,1,-47.16612,142.42052,1,769.7,1,34.368,1,6.954,1,769.7,1,6.954,1,34.368,1
5905620,2025-12-16T00:30:20Z,1,-47.16612,142.42052,1,771.7,1,34.376,1,6.98,1,771.7,1,6.98,1,34.376,1
5905620,2025-12-16T00:30:20Z,1,-47.16612,142.42052,1,773.6,1,34.384,1,7.013,1,773.6,1,7.013,1,34.384,1
5905620,2025-12-16T00:30:20Z,1,-47.16612,142.42052,1,775.6,1,34.391,1,7.033,1,775.6,1,7.033,1,34.391,1
5905620,2025-12-16T00:30:20Z,1,-47.16612,142.42052,1,777.6,1,34.395,1,7.053,1,777.6,1,7.053,1,34.395,1
5905620,2025-12-16T00:30:20Z,1,-47.16612,142.42052,1,779.6,1,34.403,1,7.063,1,779.6,1,7.063,1,34.403,1
5905620,2025-12-16T00:30:20Z,1,-47.16612,142.42052,1,781.6,1,34.416,1,7.159,1,781.6,1,7.159,1,34.416,1
5905620,2025-12-16T00:30:20Z,1,-47.16612,142.42052,1,783.6,1,34.427,1,7.173,1,783.6,1,7.173,1,34.427,1
5905620,2025-12-16T00:30:20Z,1,-47.16612,142.42052,1,785.6,1,34.427,1,7.165,1,785.6,1,7.165,1,34.427,1
5905620,2025-12-16T00:30:20Z,1,-47.16612,142.42052,1,787.6,1,34.429,1,7.167,1,787.6,1,7.167,1,34.429,1
5905620,2025-12-16T00:30:20Z,1,-47.16612,142.42052,1,789.6,1,34.43,1,7.149,1,789.6,1,7.149,1,34.43,1
5905620,2025-12-16T00:30:20Z,1,-47.16612,142.42052,1,791.6,1,34.429,1,7.115,1,791.6,1,7.115,1,34.429,1
5905620,2025-12-16T00:30:20Z,1,-47.16612,142.42052,1,793.6,1,34.43,1,7.111,1,793.6,1,7.111,1,34.43,1
5905620,2025-12-16T00:30:20Z,1,-47.16612,142.42052,1,795.6,1,34.431,1,7.095,1,795.6,1,7.095,1,34.431,1
5905620,2025-12-16T00:30:20Z,1,-47.16612,142.42052,1,797.5,1,34.427,1,7.083,1,797.5,1,7.083,1,34.427,1
5905620,2025-12-16T00:30:20Z,1,-47.16612,142.42052,1,799.5,1,34.429,1,7.074,1,799.5,1,7.074,1,34.429,1
5905620,2025-12-16T00:30:20Z,1,-47.16612,142.42052,1,801.4,1,34.426,1,7.042,1,801.4,1,7.042,1,34.426,1
5905620,2025-12-16T00:30:20Z,1,-47.16612,142.42052,1,803.4,1,34.425,1,7.031,1,803.4,1,7.031,1,34.425,1
5905620,2025-12-16T00:30:20Z,1,-47.16612,142.42052,1,805.2,1,34.425,1,7.007,1,805.2,1,7.007,1,34.425,1
5905620,2025-12-16T00:30:20Z,1,-47.16612,142.42052,1,807.5,1,34.423,1,6.983,1,807.5,1,6.983,1,34.423,1
5905620,2025-12-16T00:30:20Z,1,-47.16612,142.42052,1,809.6,1,34.422,1,6.972,1,809.6,1,6.972,1,34.422,1
5905620,2025-12-16T00:30:20Z,1,-47.16612,142.42052,1,811.7,1,34.418,1,6.939,1,811.7,1,6.939,1,34.418,1
5905620,2025-12-16T00:30:20Z,1,-47.16612,142.42052,1,813.5,1,34.409,1,6.874,1,813.5,1,6.874,1,34.409,1
5905620,2025-12-16T00:30:20Z,1,-47.16612,142.42052,1,815.2,1,34.404,1,6.83,1,815.2,1,6.83,1,34.404,1
5905620,2025-12-16T00:30:20Z,1,-47.16612,142.42052,1,817.3,1,34.407,1,6.811,1,817.3,1,6.811,1,34.407,1
5905620,2025-12-16T00:30:20Z,1,-47.16612,142.42052,1,819.4,1,34.408,1,6.756,1,819.4,1,6.756,1,34.408,1
5905620,2025-12-16T00:30:20Z,1,-47.16612,142.42052,1,821.4,1,34.398,1,6.733,1,821.4,1,6.733,1,34.398,1
5905620,2025-12-16T00:30:20Z,1,-47.16612,142.42052,1,823.5,1,34.394,1,6.708,1,823.5,1,6.708,1,34.394,1
5905620,2025-12-16T00:30:20Z,1,-47.16612,142.42052,1,825.6,1,34.39,1,6.688,1,825.6,1,6.688,1,34.39,1
5905620,2025-12-16T00:30:20Z,1,-47.16612,142.42052,1,827.7,1,34.391,1,6.679,1,827.7,1,6.679,1,34.391,1
5905620,2025-12-16T00:30:20Z,1,-47.16612,142.42052,1,829.8,1,34.398,1,6.697,1,829.8,1,6.697,1,34.398,1
5905620,2025-12-16T00:30:20Z,1,-47.16612,142.42052,1,831.9,1,34.407,1,6.748,1,831.9,1,6.748,1,34.407,1
5905620,2025-12-16T00:30:20Z,1,-47.16612,142.42052,1,833.5,1,34.418,1,6.78,1,833.5,1,6.78,1,34.418,1
5905620,2025-12-16T00:30:20Z,1,-47.16612,142.42052,1,835.0,1,34.421,1,6.784,1,835.0,1,6.784,1,34.421,1
5905620,2025-12-16T00:30:20Z,1,-47.16612,142.42052,1,837.1,1,34.422,1,6.784,1,837.1,1,6.784,1,34.422,1
5905620,2025-12-16T00:30:20Z,1,-47.16612,142.42052,1,839.2,1,34.424,1,6.78,1,839.2,1,6.78,1,34.424,1
5905620,2025-12-16T00:30:20Z,1,-47.16612,142.42052,1,841.2,1,34.423,1,6.767,1,841.2,1,6.767,1,34.423,1
5905620,2025-12-16T00:30:20Z,1,-47.16612,142.42052,1,843.3,1,34.423,1,6.758,1,843.3,1,6.758,1,34.423,1
5905620,2025-12-16T00:30:20Z,1,-47.16612,142.42052,1,845.4,1,34.422,1,6.751,1,845.4,1,6.751,1,34.422,1
5905620,2025-12-16T00:30:20Z,1,-47.16612,142.42052,1,847.5,1,34.42,1,6.714,1,847.5,1,6.714,1,34.42,1
5905620,2025-12-16T00:30:20Z,1,-47.16612,142.42052,1,849.6,1,34.416,1,6.671,1,849.6,1,6.671,1,34.416,1
5905620,2025-12-16T00:30:20Z,1,-47.16612,142.42052,1,851.7,1,34.412,1,6.638,1,851.7,1,6.638,1,34.412,1
5905620,2025-12-16T00:30:20Z,1,-47.16612,142.42052,1,853.8,1,34.411,1,6.618,1,853.8,1,6.618,1,34.411,1
5905620,2025-12-16T00:30:20Z,1,-47.16612,142.42052,1,855.9,1,34.401,1,6.569,1,855.9,1,6.569,1,34.401,1
5905620,2025-12-16T00:30:20Z,1,-47.16612,142.42052,1,857.5,1,34.397,1,6.519,1,857.5,1,6.519,1,34.397,1
5905620,2025-12-16T00:30:20Z,1,-47.16612,142.42052,1,859.0,1,34.397,1,6.518,1,859.0,1,6.518,1,34.397,1
5905620,2025-12-16T00:30:20Z,1,-47.16612,142.42052,1,861.2,1,34.397,1,6.503,1,861.2,1,6.503,1,34.397,1
5905620,2025-12-16T00:30:20Z,1,-47.16612,142.42052,1,863.2,1,34.388,1,6.447,1,863.2,1,6.447,1,34.388,1
5905620,2025-12-16T00:30:20Z,1,-47.16612,142.42052,1,865.3,1,34.382,1,6.396,1,865.3,1,6.396,1,34.382,1
5905620,2025-12-16T00:30:20Z,1,-47.16612,142.42052,1,867.4,1,34.375,1,6.354,1,867.4,1,6.354,1,34.375,1
5905620,2025-12-16T00:30:20Z,1,-47.16612,142.42052,1,869.5,1,34.373,1,6.326,1,869.5,1,6.326,1,34.373,1
5905620,2025-12-16T00:30:20Z,1,-47.16612,142.42052,1,871.6,1,34.372,1,6.316,1,871.6,1,6.316,1,34.372,1
5905620,2025-12-16T00:30:20Z,1,-47.16612,142.42052,1,873.6,1,34.372,1,6.294,1,873.6,1,6.294,1,34.372,1
5905620,2025-12-16T00:30:20Z,1,-47.16612,142.42052,1,875.7,1,34.373,1,6.285,1,875.7,1,6.285,1,34.373,1
5905620,2025-12-16T00:30:20Z,1,-47.16612,142.42052,1,877.8,1,34.378,1,6.274,1,877.8,1,6.274,1,34.378,1
5905620,2025-12-16T00:30:20Z,1,-47.16612,142.42052,1,879.4,1,34.383,1,6.291,1,879.4,1,6.291,1,34.383,1
5905620,2025-12-16T00:30:20Z,1,-47.16612,142.42052,1,881.0,1,34.385,1,6.291,1,881.0,1,6.291,1,34.385,1
5905620,2025-12-16T00:30:20Z,1,-47.16612,142.42052,1,883.0,1,34.386,1,6.284,1,883.0,1,6.284,1,34.386,1
5905620,2025-12-16T00:30:20Z,1,-47.16612,142.42052,1,885.1,1,34.385,1,6.26,1,885.1,1,6.26,1,34.385,1
5905620,2025-12-16T00:30:20Z,1,-47.16612,142.42052,1,887.1,1,34.386,1,6.249,1,887.1,1,6.249,1,34.386,1
5905620,2025-12-16T00:30:20Z,1,-47.16612,142.42052,1,889.1,1,34.383,1,6.24,1,889.1,1,6.24,1,34.383,1
5905620,2025-12-16T00:30:20Z,1,-47.16612,142.42052,1,891.3,1,34.38,1,6.184,1,891.3,1,6.184,1,34.38,1
5905620,2025-12-16T00:30:20Z,1,-47.16612,142.42052,1,893.3,1,34.378,1,6.159,1,893.3,1,6.159,1,34.378,1
5905620,2025-12-16T00:30:20Z,1,-47.16612,142.42052,1,895.3,1,34.378,1,6.14,1,895.3,1,6.14,1,34.378,1
5905620,2025-12-16T00:30:20Z,1,-47.16612,142.42052,1,897.3,1,34.376,1,6.105,1,897.3,1,6.105,1,34.376,1
5905620,2025-12-16T00:30:20Z,1,-47.16612,142.42052,1,899.2,1,34.372,1,6.081,1,899.2,1,6.081,1,34.372,1
5905620,2025-12-16T00:30:20Z,1,-47.16612,142.42052,1,901.6,1,34.37,1,6.039,1,901.6,1,6.039,1,34.37,1
5905620,2025-12-16T00:30:20Z,1,-47.16612,142.42052,1,903.6,1,34.37,1,5.996,1,903.6,1,5.996,1,34.37,1
5905620,2025-12-16T00:30:20Z,1,-47.16612,142.42052,1,905.3,1,34.365,1,5.981,1,905.3,1,5.981,1,34.365,1
5905620,2025-12-16T00:30:20Z,1,-47.16612,142.42052,1,907.2,1,34.362,1,5.948,1,907.2,1,5.948,1,34.362,1
5905620,2025-12-16T00:30:20Z,1,-47.16612,142.42052,1,909.3,1,34.36,1,5.925,1,909.3,1,5.925,1,34.36,1
5905620,2025-12-16T00:30:20Z,1,-47.16612,142.42052,1,911.3,1,34.361,1,5.908,1,911.3,1,5.908,1,34.361,1
5905620,2025-12-16T00:30:20Z,1,-47.16612,142.42052,1,913.4,1,34.36,1,5.858,1,913.4,1,5.858,1,34.36,1
5905620,2025-12-16T00:30:20Z,1,-47.16612,142.42052,1,915.2,1,34.357,1,5.821,1,915.2,1,5.821,1,34.357,1
5905620,2025-12-16T00:30:20Z,1,-47.16612,142.42052,1,917.3,1,34.356,1,5.809,1,917.3,1,5.809,1,34.356,1
5905620,2025-12-16T00:30:20Z,1,-47.16612,142.42052,1,919.5,1,34.357,1,5.791,1,919.5,1,5.791,1,34.357,1
5905620,2025-12-16T00:30:20Z,1,-47.16612,142.42052,1,921.2,1,34.355,1,5.764,1,921.2,1,5.764,1,34.355,1
5905620,2025-12-16T00:30:20Z,1,-47.16612,142.42052,1,923.5,1,34.354,1,5.753,1,923.5,1,5.753,1,34.354,1
5905620,2025-12-16T00:30:20Z,1,-47.16612,142.42052,1,925.7,1,34.353,1,5.739,1,925.7,1,5.739,1,34.353,1
5905620,2025-12-16T00:30:20Z,1,-47.16612,142.42052,1,927.6,1,34.353,1,5.731,1,927.6,1,5.731,1,34.353,1
5905620,2025-12-16T00:30:20Z,1,-47.16612,142.42052,1,929.4,1,34.352,1,5.711,1,929.4,1,5.711,1,34.352,1
5905620,2025-12-16T00:30:20Z,1,-47.16612,142.42052,1,931.2,1,34.351,1,5.682,1,931.2,1,5.682,1,34.351,1
5905620,2025-12-16T00:30:20Z,1,-47.16612,142.42052,1,933.1,1,34.349,1,5.668,1,933.1,1,5.668,1,34.349,1
5905620,2025-12-16T00:30:20Z,1,-47.16612,142.42052,1,935.4,1,34.346,1,5.644,1,935.4,1,5.644,1,34.346,1
5905620,2025-12-16T00:30:20Z,1,-47.16612,142.42052,1,937.7,1,34.345,1,5.621,1,937.7,1,5.621,1,34.345,1
5905620,2025-12-16T00:30:20Z,1,-47.16612,142.42052,1,939.6,1,34.344,1,5.595,1,939.6,1,5.595,1,34.344,1
5905620,2025-12-16T00:30:20Z,1,-47.16612,142.42052,1,941.4,1,34.342,1,5.572,1,941.4,1,5.572,1,34.342,1
5905620,2025-12-16T00:30:20Z,1,-47.16612,142.42052,1,943.2,1,34.341,1,5.524,1,943.2,1,5.524,1,34.341,1
5905620,2025-12-16T00:30:20Z,1,-47.16612,142.42052,1,945.1,1,34.34,1,5.491,1,945.1,1,5.491,1,34.34,1
5905620,2025-12-16T00:30:20Z,1,-47.16612,142.42052,1,947.4,1,34.339,1,5.456,1,947.4,1,5.456,1,34.339,1
5905620,2025-12-16T00:30:20Z,1,-47.16612,142.42052,1,949.9,1,34.337,1,5.44,1,949.9,1,5.44,1,34.337,1
5905620,2025-12-16T00:30:20Z,1,-47.16612,142.42052,1,951.8,1,34.336,1,5.431,1,951.8,1,5.431,1,34.336,1
5905620,2025-12-16T00:30:20Z,1,-47.16612,142.42052,1,953.8,1,34.336,1,5.421,1,953.8,1,5.421,1,34.336,1
5905620,2025-12-16T00:30:20Z,1,-47.16612,142.42052,1,955.8,1,34.335,1,5.408,1,955.8,1,5.408,1,34.335,1
5905620,2025-12-16T00:30:20Z,1,-47.16612,142.42052,1,957.8,1,34.334,1,5.403,1,957.8,1,5.403,1,34.334,1
5905620,2025-12-16T00:30:20Z,1,-47.16612,142.42052,1,959.8,1,34.335,1,5.385,1,959.8,1,5.385,1,34.335,1
5905620,2025-12-16T00:30:20Z,1,-47.16612,142.42052,1,961.7,1,34.332,1,5.361,1,961.7,1,5.361,1,34.332,1
5905620,2025-12-16T00:30:20Z,1,-47.16612,142.42052,1,963.7,1,34.332,1,5.342,1,963.7,1,5.342,1,34.332,1
5905620,2025-12-16T00:30:20Z,1,-47.16612,142.42052,1,965.7,1,34.331,1,5.331,1,965.7,1,5.331,1,34.331,1
5905620,2025-12-16T00:30:20Z,1,-47.16612,142.42052,1,967.7,1,34.33,1,5.309,1,967.7,1,5.309,1,34.33,1
5905620,2025-12-16T00:30:20Z,1,-47.16612,142.42052,1,969.7,1,34.329,1,5.294,1,969.7,1,5.294,1,34.329,1
5905620,2025-12-16T00:30:20Z,1,-47.16612,142.42052,1,971.6,1,34.328,1,5.265,1,971.6,1,5.265,1,34.328,1
5905620,2025-12-16T00:30:20Z,1,-47.16612,142.42052,1,973.6,1,34.328,1,5.25,1,973.6,1,5.25,1,34.328,1
5905620,2025-12-16T00:30:20Z,1,-47.16612,142.42052,1,975.5,1,34.327,1,5.236,1,975.5,1,5.236,1,34.327,1
5905620,2025-12-16T00:30:20Z,1,-47.16612,142.42052,1,977.5,1,34.327,1,5.227,1,977.5,1,5.227,1,34.327,1
5905620,2025-12-16T00:30:20Z,1,-47.16612,142.42052,1,979.4,1,34.327,1,5.195,1,979.4,1,5.195,1,34.327,1
5905620,2025-12-16T00:30:20Z,1,-47.16612,142.42052,1,981.4,1,34.326,1,5.187,1,981.4,1,5.187,1,34.326,1
5905620,2025-12-16T00:30:20Z,1,-47.16612,142.42052,1,983.5,1,34.325,1,5.183,1,983.5,1,5.183,1,34.325,1
5905620,2025-12-16T00:30:20Z,1,-47.16612,142.42052,1,985.5,1,34.329,1,5.175,1,985.5,1,5.175,1,34.329,1
5905620,2025-12-16T00:30:20Z,1,-47.16612,142.42052,1,987.5,1,34.325,1,5.16,1,987.5,1,5.16,1,34.325,1
5905620,2025-12-16T00:30:20Z,1,-47.16612,142.42052,1,989.5,1,34.325,1,5.153,1,989.5,1,5.153,1,34.325,1
5905620,2025-12-16T00:30:20Z,1,-47.16612,142.42052,1,991.6,1,34.325,1,5.152,1,991.6,1,5.152,1,34.325,1
5905620,2025-12-16T00:30:20Z,1,-47.16612,142.42052,1,993.6,1,34.324,1,5.152,1,993.6,1,5.152,1,34.324,1
5905620,2025-12-16T00:30:20Z,1,-47.16612,142.42052,1,995.6,1,34.325,1,5.152,1,995.6,1,5.152,1,34.325,1
5905620,2025-12-16T00:30:20Z,1,-47.16612,142.42052,1,997.6,1,34.325,1,5.148,1,997.6,1,5.148,1,34.325,1
5905620,2025-12-16T00:30:20Z,1,-47.16612,142.42052,1,999.6,1,34.325,1,5.149,1,999.6,1,5.149,1,34.325,1
5905620,2025-12-16T00:30:20Z,1,-47.16612,142.42052,1,1001.7,1,34.325,1,5.144,1,1001.7,1,5.144,1,34.325,1
5905620,2025-12-16T00:30:20Z,1,-47.16612,142.42052,1,1003.7,1,34.325,1,5.136,1,1003.7,1,5.136,1,34.325,1
5905620,2025-12-16T00:30:20Z,1,-47.16612,142.42052,1,1005.7,1,34.325,1,5.128,1,1005.7,1,5.128,1,34.325,1
5905620,2025-12-16T00:30:20Z,1,-47.16612,142.42052,1,1007.7,1,34.324,1,5.116,1,1007.7,1,5.116,1,34.324,1
5905620,2025-12-16T00:30:20Z,1,-47.16612,142.42052,1,1009.7,1,34.325,1,5.094,1,1009.7,1,5.094,1,34.325,1
5905620,2025-12-16T00:30:20Z,1,-47.16612,142.42052,1,1011.7,1,34.326,1,5.078,1,1011.7,1,5.078,1,34.326,1
5905620,2025-12-16T00:30:20Z,1,-47.16612,142.42052,1,1013.7,1,34.326,1,5.048,1,1013.7,1,5.048,1,34.326,1
5905620,2025-12-16T00:30:20Z,1,-47.16612,142.42052,1,1015.7,1,34.326,1,5.038,1,1015.7,1,5.038,1,34.326,1
5905620,2025-12-16T00:30:20Z,1,-47.16612,142.42052,1,1017.7,1,34.326,1,5.032,1,1017.7,1,5.032,1,34.326,1
5905620,2025-12-16T00:30:20Z,1,-47.16612,142.42052,1,1019.7,1,34.333,1,5.056,1,1019.7,1,5.056,1,34.333,1
5905620,2025-12-16T00:30:20Z,1,-47.16612,142.42052,1,1021.7,1,34.338,1,5.079,1,1021.7,1,5.079,1,34.338,1
5905620,2025-12-16T00:30:20Z,1,-47.16612,142.42052,1,1023.7,1,34.339,1,5.081,1,1023.7,1,5.081,1,34.339,1
5905620,2025-12-16T00:30:20Z,1,-47.16612,142.42052,1,1025.7,1,34.34,1,5.072,1,1025.7,1,5.072,1,34.34,1
5905620,2025-12-16T00:30:20Z,1,-47.16612,142.42052,1,1027.7,1,34.338,1,5.043,1,1027.7,1,5.043,1,34.338,1
5905620,2025-12-16T00:30:20Z,1,-47.16612,142.42052,1,1029.7,1,34.336,1,5.033,1,1029.7,1,5.033,1,34.336,1
5905620,2025-12-16T00:30:20Z,1,-47.16612,142.42052,1,1031.7,1,34.336,1,5.015,1,1031.7,1,5.015,1,34.336,1
5905620,2025-12-16T00:30:20Z,1,-47.16612,142.42052,1,1033.7,1,34.335,1,4.99,1,1033.7,1,4.99,1,34.335,1
5905620,2025-12-16T00:30:20Z,1,-47.16612,142.42052,1,1035.7,1,34.335,1,4.968,1,1035.7,1,4.968,1,34.335,1
5905620,2025-12-16T00:30:20Z,1,-47.16612,142.42052,1,1037.7,1,34.334,1,4.941,1,1037.7,1,4.941,1,34.334,1
5905620,2025-12-16T00:30:20Z,1,-47.16612,142.42052,1,1039.6,1,34.332,1,4.924,1,1039.6,1,4.924,1,34.332,1
5905620,2025-12-16T00:30:20Z,1,-47.16612,142.42052,1,1041.6,1,34.332,1,4.92,1,1041.6,1,4.92,1,34.332,1
5905620,2025-12-16T00:30:20Z,1,-47.16612,142.42052,1,1043.6,1,34.331,1,4.908,1,1043.6,1,4.908,1,34.331,1
5905620,2025-12-16T00:30:20Z,1,-47.16612,142.42052,1,1045.6,1,34.329,1,4.88,1,1045.6,1,4.88,1,34.329,1
5905620,2025-12-16T00:30:20Z,1,-47.16612,142.42052,1,1047.5,1,34.328,1,4.856,1,1047.5,1,4.856,1,34.328,1
5905620,2025-12-16T00:30:20Z,1,-47.16612,142.42052,1,1049.4,1,34.325,1,4.847,1,1049.4,1,4.847,1,34.325,1
5905620,2025-12-16T00:30:20Z,1,-47.16612,142.42052,1,1051.3,1,34.326,1,4.84,1,1051.3,1,4.84,1,34.326,1
5905620,2025-12-16T00:30:20Z,1,-47.16612,142.42052,1,1053.2,1,34.32,1,4.797,1,1053.2,1,4.797,1,34.32,1
5905620,2025-12-16T00:30:20Z,1,-47.16612,142.42052,1,1055.1,1,34.317,1,4.755,1,1055.1,1,4.755,1,34.317,1
5905620,2025-12-16T00:30:20Z,1,-47.16612,142.42052,1,1057.4,1,34.317,1,4.733,1,1057.4,1,4.733,1,34.317,1
5905620,2025-12-16T00:30:20Z,1,-47.16612,142.42052,1,1059.8,1,34.317,1,4.72,1,1059.8,1,4.72,1,34.317,1
5905620,2025-12-16T00:30:20Z,1,-47.16612,142.42052,1,1061.7,1,34.313,1,4.674,1,1061.7,1,4.674,1,34.313,1
5905620,2025-12-16T00:30:20Z,1,-47.16612,142.42052,1,1063.6,1,34.312,1,4.664,1,1063.6,1,4.664,1,34.312,1
5905620,2025-12-16T00:30:20Z,1,-47.16612,142.42052,1,1065.5,1,34.309,1,4.593,1,1065.5,1,4.593,1,34.309,1
5905620,2025-12-16T00:30:20Z,1,-47.16612,142.42052,1,1067.4,1,34.305,1,4.561,1,1067.4,1,4.561,1,34.305,1
5905620,2025-12-16T00:30:20Z,1,-47.16612,142.42052,1,1069.3,1,34.304,1,4.553,1,1069.3,1,4.553,1,34.304,1
5905620,2025-12-16T00:30:20Z,1,-47.16612,142.42052,1,1071.2,1,34.303,1,4.535,1,1071.2,1,4.535,1,34.303,1
5905620,2025-12-16T00:30:20Z,1,-47.16612,142.42052,1,1073.5,1,34.302,1,4.506,1,1073.5,1,4.506,1,34.302,1
5905620,2025-12-16T00:30:20Z,1,-47.16612,142.42052,1,1075.8,1,34.302,1,4.484,1,1075.8,1,4.484,1,34.302,1
5905620,2025-12-16T00:30:20Z,1,-47.16612,142.42052,1,1077.5,1,34.304,1,4.483,1,1077.5,1,4.483,1,34.304,1
5905620,2025-12-16T00:30:20Z,1,-47.16612,142.42052,1,1079.4,1,34.309,1,4.495,1,1079.4,1,4.495,1,34.309,1
5905620,2025-12-16T00:30:20Z,1,-47.16612,142.42052,1,1081.8,1,34.309,1,4.482,1,1081.8,1,4.482,1,34.309,1
5905620,2025-12-16T00:30:20Z,1,-47.16612,142.42052,1,1083.8,1,34.309,1,4.473,1,1083.8,1,4.473,1,34.309,1
5905620,2025-12-16T00:30:20Z,1,-47.16612,142.42052,1,1085.7,1,34.31,1,4.465,1,1085.7,1,4.465,1,34.31,1
5905620,2025-12-16T00:30:20Z,1,-47.16612,142.42052,1,1087.7,1,34.31,1,4.457,1,1087.7,1,4.457,1,34.31,1
5905620,2025-12-16T00:30:20Z,1,-47.16612,142.42052,1,1089.7,1,34.31,1,4.447,1,1089.7,1,4.447,1,34.31,1
5905620,2025-12-16T00:30:20Z,1,-47.16612,142.42052,1,1091.7,1,34.312,1,4.44,1,1091.7,1,4.44,1,34.312,1
5905620,2025-12-16T00:30:20Z,1,-47.16612,142.42052,1,1093.6,1,34.313,1,4.434,1,1093.6,1,4.434,1,34.313,1
5905620,2025-12-16T00:30:20Z,1,-47.16612,142.42052,1,1095.6,1,34.312,1,4.421,1,1095.6,1,4.421,1,34.312,1
5905620,2025-12-16T00:30:20Z,1,-47.16612,142.42052,1,1097.5,1,34.312,1,4.413,1,1097.5,1,4.413,1,34.312,1
5905620,2025-12-16T00:30:20Z,1,-47.16612,142.42052,1,1099.4,1,34.311,1,4.402,1,1099.4,1,4.402,1,34.311,1
5905620,2025-12-16T00:30:20Z,1,-47.16612,142.42052,1,1101.4,1,34.313,1,4.399,1,1101.4,1,4.399,1,34.313,1
5905620,2025-12-16T00:30:20Z,1,-47.16612,142.42052,1,1103.4,1,34.314,1,4.394,1,1103.4,1,4.394,1,34.314,1
5905620,2025-12-16T00:30:20Z,1,-47.16612,142.42052,1,1105.4,1,34.315,1,4.381,1,1105.4,1,4.381,1,34.315,1
5905620,2025-12-16T00:30:20Z,1,-47.16612,142.42052,1,1107.4,1,34.316,1,4.38,1,1107.4,1,4.38,1,34.316,1
5905620,2025-12-16T00:30:20Z,1,-47.16612,142.42052,1,1109.4,1,34.32,1,4.392,1,1109.4,1,4.392,1,34.32,1
5905620,2025-12-16T00:30:20Z,1,-47.16612,142.42052,1,1111.5,1,34.325,1,4.373,1,1111.5,1,4.373,1,34.325,1
5905620,2025-12-16T00:30:20Z,1,-47.16612,142.42052,1,1113.5,1,34.322,1,4.356,1,1113.5,1,4.356,1,34.322,1
5905620,2025-12-16T00:30:20Z,1,-47.16612,142.42052,1,1115.6,1,34.322,1,4.35,1,1115.6,1,4.35,1,34.322,1
5905620,2025-12-16T00:30:20Z,1,-47.16612,142.42052,1,1117.6,1,34.322,1,4.345,1,1117.6,1,4.345,1,34.322,1
5905620,2025-12-16T00:30:20Z,1,-47.16612,142.42052,1,1119.7,1,34.32,1,4.304,1,1119.7,1,4.304,1,34.32,1
5905620,2025-12-16T00:30:20Z,1,-47.16612,142.42052,1,1121.7,1,34.32,1,4.282,1,1121.7,1,4.282,1,34.32,1
5905620,2025-12-16T00:30:20Z,1,-47.16612,142.42052,1,1123.8,1,34.319,1,4.267,1,1123.8,1,4.267,1,34.319,1
5905620,2025-12-16T00:30:20Z,1,-47.16612,142.42052,1,1125.9,1,34.318,1,4.246,1,1125.9,1,4.246,1,34.318,1
5905620,2025-12-16T00:30:20Z,1,-47.16612,142.42052,1,1127.5,1,34.32,1,4.217,1,1127.5,1,4.217,1,34.32,1
5905620,2025-12-16T00:30:20Z,1,-47.16612,142.42052,1,1128.9,1,34.315,1,4.2,1,1128.9,1,4.2,1,34.315,1
5905620,2025-12-16T00:30:20Z,1,-47.16612,142.42052,1,1131.3,1,34.315,1,4.186,1,1131.3,1,4.186,1,34.315,1
5905620,2025-12-16T00:30:20Z,1,-47.16612,142.42052,1,1133.3,1,34.315,1,4.169,1,1133.3,1,4.169,1,34.315,1
5905620,2025-12-16T00:30:20Z,1,-47.16612,142.42052,1,1135.3,1,34.314,1,4.136,1,1135.3,1,4.136,1,34.314,1
5905620,2025-12-16T00:30:20Z,1,-47.16612,142.42052,1,1137.4,1,34.314,1,4.136,1,1137.4,1,4.136,1,34.314,1
5905620,2025-12-16T00:30:20Z,1,-47.16612,142.42052,1,1139.4,1,34.322,1,4.155,1,1139.4,1,4.155,1,34.322,1
5905620,2025-12-16T00:30:20Z,1,-47.16612,142.42052,1,1141.4,1,34.32,1,4.138,1,1141.4,1,4.138,1,34.32,1
5905620,2025-12-16T00:30:20Z,1,-47.16612,142.42052,1,1143.5,1,34.317,1,4.107,1,1143.5,1,4.107,1,34.317,1
5905620,2025-12-16T00:30:20Z,1,-47.16612,142.42052,1,1145.6,1,34.317,1,4.05,1,1145.6,1,4.05,1,34.317,1
5905620,2025-12-16T00:30:20Z,1,-47.16612,142.42052,1,1147.3,1,34.319,1,4.047,1,1147.3,1,4.047,1,34.319,1
5905620,2025-12-16T00:30:20Z,1,-47.16612,142.42052,1,1149.1,1,34.319,1,4.043,1,1149.1,1,4.043,1,34.319,1
5905620,2025-12-16T00:30:20Z,1,-47.16612,142.42052,1,1151.4,1,34.32,1,4.047,1,1151.4,1,4.047,1,34.32,1
5905620,2025-12-16T00:30:20Z,1,-47.16612,142.42052,1,1153.6,1,34.321,1,4.045,1,1153.6,1,4.045,1,34.321,1
5905620,2025-12-16T00:30:20Z,1,-47.16612,142.42052,1,1155.4,1,34.322,1,4.049,1,1155.4,1,4.049,1,34.322,1
5905620,2025-12-16T00:30:20Z,1,-47.16612,142.42052,1,1157.2,1,34.324,1,4.054,1,1157.2,1,4.054,1,34.324,1
5905620,2025-12-16T00:30:20Z,1,-47.16612,142.42052,1,1159.5,1,34.327,1,4.068,1,1159.5,1,4.068,1,34.327,1
5905620,2025-12-16T00:30:20Z,1,-47.16612,142.42052,1,1161.7,1,34.331,1,4.085,1,1161.7,1,4.085,1,34.331,1
5905620,2025-12-16T00:30:20Z,1,-47.16612,142.42052,1,1163.5,1,34.335,1,4.093,1,1163.5,1,4.093,1,34.335,1
5905620,2025-12-16T00:30:20Z,1,-47.16612,142.42052,1,1165.3,1,34.335,1,4.091,1,1165.3,1,4.091,1,34.335,1
5905620,2025-12-16T00:30:20Z,1,-47.16612,142.42052,1,1167.1,1,34.336,1,4.086,1,1167.1,1,4.086,1,34.336,1
5905620,2025-12-16T00:30:20Z,1,-47.16612,142.42052,1,1169.4,1,34.336,1,4.078,1,1169.4,1,4.078,1,34.336,1
5905620,2025-12-16T00:30:20Z,1,-47.16612,142.42052,1,1171.7,1,34.335,1,4.064,1,1171.7,1,4.064,1,34.335,1
5905620,2025-12-16T00:30:20Z,1,-47.16612,142.42052,1,1173.6,1,34.336,1,4.052,1,1173.6,1,4.052,1,34.336,1
5905620,2025-12-16T00:30:20Z,1,-47.16612,142.42052,1,1175.4,1,34.336,1,4.039,1,1175.4,1,4.039,1,34.336,1
5905620,2025-12-16T00:30:20Z,1,-47.16612,142.42052,1,1177.3,1,34.337,1,4.031,1,1177.3,1,4.031,1,34.337,1
5905620,2025-12-16T00:30:20Z,1,-47.16612,142.42052,1,1179.2,1,34.338,1,4.018,1,1179.2,1,4.018,1,34.338,1
5905620,2025-12-16T00:30:20Z,1,-47.16612,142.42052,1,1181.1,1,34.338,1,4.014,1,1181.1,1,4.014,1,34.338,1
5905620,2025-12-16T00:30:20Z,1,-47.16612,142.42052,1,1183.0,1,34.338,1,4.008,1,1183.0,1,4.008,1,34.338,1
5905620,2025-12-16T00:30:20Z,1,-47.16612,142.42052,1,1185.4,1,34.339,1,3.996,1,1185.4,1,3.996,1,34.339,1
5905620,2025-12-16T00:30:20Z,1,-47.16612,142.42052,1,1187.8,1,34.339,1,3.988,1,1187.8,1,3.988,1,34.339,1
5905620,2025-12-16T00:30:20Z,1,-47.16612,142.42052,1,1189.7,1,34.34,1,3.978,1,1189.7,1,3.978,1,34.34,1
5905620,2025-12-16T00:30:20Z,1,-47.16612,142.42052,1,1191.6,1,34.342,1,3.975,1,1191.6,1,3.975,1,34.342,1
5905620,2025-12-16T00:30:20Z,1,-47.16612,142.42052,1,1193.6,1,34.345,1,3.971,1,1193.6,1,3.971,1,34.345,1
5905620,2025-12-16T00:30:20Z,1,-47.16612,142.42052,1,1195.5,1,34.346,1,3.969,1,1195.5,1,3.969,1,34.346,1
5905620,2025-12-16T00:30:20Z,1,-47.16612,142.42052,1,1197.4,1,34.348,1,3.962,1,1197.4,1,3.962,1,34.348,1
5905620,2025-12-16T00:30:20Z,1,-47.16612,142.42052,1,1199.3,1,34.346,1,3.948,1,1199.3,1,3.948,1,34.346,1
5905620,2025-12-16T00:30:20Z,1,-47.16612,142.42052,1,1201.2,1,34.345,1,3.929,1,1201.2,1,3.929,1,34.345,1
5905620,2025-12-16T00:30:20Z,1,-47.16612,142.42052,1,1203.1,1,34.345,1,3.916,1,1203.1,1,3.916,1,34.345,1
5905620,2025-12-16T00:30:20Z,1,-47.16612,142.42052,1,1205.0,1,34.345,1,3.906,1,1205.0,1,3.906,1,34.345,1
5905620,2025-12-16T00:30:20Z,1,-47.16612,142.42052,1,1207.4,1,34.346,1,3.891,1,1207.4,1,3.891,1,34.346,1
5905620,2025-12-16T00:30:20Z,1,-47.16612,142.42052,1,1209.8,1,34.351,1,3.896,1,1209.8,1,3.896,1,34.351,1
5905620,2025-12-16T00:30:20Z,1,-47.16612,142.42052,1,1211.7,1,34.354,1,3.911,1,1211.7,1,3.911,1,34.354,1
5905620,2025-12-16T00:30:20Z,1,-47.16612,142.42052,1,1213.6,1,34.352,1,3.89,1,1213.6,1,3.89,1,34.352,1
5905620,2025-12-16T00:30:20Z,1,-47.16612,142.42052,1,1215.5,1,34.35,1,3.892,1,1215.5,1,3.892,1,34.35,1
5905620,2025-12-16T00:30:20Z,1,-47.16612,142.42052,1,1217.4,1,34.359,1,3.911,1,1217.4,1,3.911,1,34.359,1
5905620,2025-12-16T00:30:20Z,1,-47.16612,142.42052,1,1219.3,1,34.359,1,3.903,1,1219.3,1,3.903,1,34.359,1
5905620,2025-12-16T00:30:20Z,1,-47.16612,142.42052,1,1221.2,1,34.359,1,3.899,1,1221.2,1,3.899,1,34.359,1
5905620,2025-12-16T00:30:20Z,1,-47.16612,142.42052,1,1223.1,1,34.358,1,3.892,1,1223.1,1,3.892,1,34.358,1
5905620,2025-12-16T00:30:20Z,1,-47.16612,142.42052,1,1225.0,1,34.358,1,3.885,1,1225.0,1,3.885,1,34.358,1
5905620,2025-12-16T00:30:20Z,1,-47.16612,142.42052,1,1227.4,1,34.358,1,3.859,1,1227.4,1,3.859,1,34.358,1
5905620,2025-12-16T00:30:20Z,1,-47.16612,142.42052,1,1229.8,1,34.356,1,3.835,1,1229.8,1,3.835,1,34.356,1
5905620,2025-12-16T00:30:20Z,1,-47.16612,142.42052,1,1231.7,1,34.362,1,3.855,1,1231.7,1,3.855,1,34.362,1
5905620,2025-12-16T00:30:20Z,1,-47.16612,142.42052,1,1233.7,1,34.364,1,3.845,1,1233.7,1,3.845,1,34.364,1
5905620,2025-12-16T00:30:20Z,1,-47.16612,142.42052,1,1235.6,1,34.364,1,3.839,1,1235.6,1,3.839,1,34.364,1
5905620,2025-12-16T00:30:20Z,1,-47.16612,142.42052,1,1237.6,1,34.363,1,3.834,1,1237.6,1,3.834,1,34.363,1
5905620,2025-12-16T00:30:20Z,1,-47.16612,142.42052,1,1239.5,1,34.364,1,3.833,1,1239.5,1,3.833,1,34.364,1
5905620,2025-12-16T00:30:20Z,1,-47.16612,142.42052,1,1241.4,1,34.367,1,3.841,1,1241.4,1,3.841,1,34.367,1
5905620,2025-12-16T00:30:20Z,1,-47.16612,142.42052,1,1243.3,1,34.371,1,3.846,1,1243.3,1,3.846,1,34.371,1
5905620,2025-12-16T00:30:20Z,1,-47.16612,142.42052,1,1245.2,1,34.37,1,3.825,1,1245.2,1,3.825,1,34.37,1
5905620,2025-12-16T00:30:20Z,1,-47.16612,142.42052,1,1247.1,1,34.368,1,3.83,1,1247.1,1,3.83,1,34.368,1
5905620,2025-12-16T00:30:20Z,1,-47.16612,142.42052,1,1249.0,1,34.372,1,3.801,1,1249.0,1,3.801,1,34.372,1
5905620,2025-12-16T00:30:20Z,1,-47.16612,142.42052,1,1251.4,1,34.377,1,3.83,1,1251.4,1,3.83,1,34.377,1
5905620,2025-12-16T00:30:20Z,1,-47.16612,142.42052,1,1253.8,1,34.378,1,3.818,1,1253.8,1,3.818,1,34.378,1
5905620,2025-12-16T00:30:20Z,1,-47.16612,142.42052,1,1255.7,1,34.378,1,3.808,1,1255.7,1,3.808,1,34.378,1
5905620,2025-12-16T00:30:20Z,1,-47.16612,142.42052,1,1257.6,1,34.38,1,3.81,1,1257.6,1,3.81,1,34.38,1
5905620,2025-12-16T00:30:20Z,1,-47.16612,142.42052,1,1259.5,1,34.382,1,3.818,1,1259.5,1,3.818,1,34.382,1
5905620,2025-12-16T00:30:20Z,1,-47.16612,142.42052,1,1261.4,1,34.382,1,3.811,1,1261.4,1,3.811,1,34.382,1
5905620,2025-12-16T00:30:20Z,1,-47.16612,142.42052,1,1263.2,1,34.384,1,3.815,1,1263.2,1,3.815,1,34.384,1
5905620,2025-12-16T00:30:20Z,1,-47.16612,142.42052,1,1265.1,1,34.388,1,3.824,1,1265.1,1,3.824,1,34.388,1
5905620,2025-12-16T00:30:20Z,1,-47.16612,142.42052,1,1267.4,1,34.393,1,3.851,1,1267.4,1,3.851,1,34.393,1
5905620,2025-12-16T00:30:20Z,1,-47.16612,142.42052,1,1269.7,1,34.394,1,3.843,1,1269.7,1,3.843,1,34.394,1
5905620,2025-12-16T00:30:20Z,1,-47.16612,142.42052,1,1271.6,1,34.396,1,3.842,1,1271.6,1,3.842,1,34.396,1
5905620,2025-12-16T00:30:20Z,1,-47.16612,142.42052,1,1273.5,1,34.4,1,3.868,1,1273.5,1,3.868,1,34.4,1
5905620,2025-12-16T00:30:20Z,1,-47.16612,142.42052,1,1275.4,1,34.401,1,3.847,1,1275.4,1,3.847,1,34.401,1
5905620,2025-12-16T00:30:20Z,1,-47.16612,142.42052,1,1277.3,1,34.404,1,3.853,1,1277.3,1,3.853,1,34.404,1
5905620,2025-12-16T00:30:20Z,1,-47.16612,142.42052,1,1279.2,1,34.409,1,3.867,1,1279.2,1,3.867,1,34.409,1
5905620,2025-12-16T00:30:20Z,1,-47.16612,142.42052,1,1281.1,1,34.414,1,3.874,1,1281.1,1,3.874,1,34.414,1
5905620,2025-12-16T00:30:20Z,1,-47.16612,142.42052,1,1283.4,1,34.423,1,3.902,1,1283.4,1,3.902,1,34.423,1
5905620,2025-12-16T00:30:20Z,1,-47.16612,142.42052,1,1285.7,1,34.432,1,3.933,1,1285.7,1,3.933,1,34.432,1
5905620,2025-12-16T00:30:20Z,1,-47.16612,142.42052,1,1287.7,1,34.433,1,3.934,1,1287.7,1,3.934,1,34.433,1
5905620,2025-12-16T00:30:20Z,1,-47.16612,142.42052,1,1289.6,1,34.434,1,3.924,1,1289.6,1,3.924,1,34.434,1
5905620,2025-12-16T00:30:20Z,1,-47.16612,142.42052,1,1291.5,1,34.431,1,3.892,1,1291.5,1,3.892,1,34.431,1
5905620,2025-12-16T00:30:20Z,1,-47.16612,142.42052,1,1293.4,1,34.428,1,3.86,1,1293.4,1,3.86,1,34.428,1
5905620,2025-12-16T00:30:20Z,1,-47.16612,142.42052,1,1295.2,1,34.437,1,3.896,1,1295.2,1,3.896,1,34.437,1
5905620,2025-12-16T00:30:20Z,1,-47.16612,142.42052,1,1297.1,1,34.439,1,3.891,1,1297.1,1,3.891,1,34.439,1
5905620,2025-12-16T00:30:20Z,1,-47.16612,142.42052,1,1299.1,1,34.439,1,3.885,1,1299.1,1,3.885,1,34.439,1
5905620,2025-12-16T00:30:20Z,1,-47.16612,142.42052,1,1301.4,1,34.44,1,3.886,1,1301.4,1,3.886,1,34.44,1
5905620,2025-12-16T00:30:20Z,1,-47.16612,142.42052,1,1303.8,1,34.443,1,3.865,1,1303.8,1,3.865,1,34.443,1
5905620,2025-12-16T00:30:20Z,1,-47.16612,142.42052,1,1305.7,1,34.44,1,3.834,1,1305.7,1,3.834,1,34.44,1
5905620,2025-12-16T00:30:20Z,1,-47.16612,142.42052,1,1307.5,1,34.442,1,3.831,1,1307.5,1,3.831,1,34.442,1
5905620,2025-12-16T00:30:20Z,1,-47.16612,142.42052,1,1309.3,1,34.441,1,3.822,1,1309.3,1,3.822,1,34.441,1
5905620,2025-12-16T00:30:20Z,1,-47.16612,142.42052,1,1311.1,1,34.44,1,3.803,1,1311.1,1,3.803,1,34.44,1
5905620,2025-12-16T00:30:20Z,1,-47.16612,142.42052,1,1313.3,1,34.437,1,3.766,1,1313.3,1,3.766,1,34.437,1
5905620,2025-12-16T00:30:20Z,1,-47.16612,142.42052,1,1315.5,1,34.431,1,3.729,1,1315.5,1,3.729,1,34.431,1
5905620,2025-12-16T00:30:20Z,1,-47.16612,142.42052,1,1317.4,1,34.434,1,3.706,1,1317.4,1,3.706,1,34.434,1
5905620,2025-12-16T00:30:20Z,1,-47.16612,142.42052,1,1319.2,1,34.432,1,3.688,1,1319.2,1,3.688,1,34.432,1
5905620,2025-12-16T00:30:20Z,1,-47.16612,142.42052,1,1321.5,1,34.435,1,3.673,1,1321.5,1,3.673,1,34.435,1
5905620,2025-12-16T00:30:20Z,1,-47.16612,142.42052,1,1323.8,1,34.435,1,3.662,1,1323.8,1,3.662,1,34.435,1
5905620,2025-12-16T00:30:20Z,1,-47.16612,142.42052,1,1325.6,1,34.431,1,3.652,1,1325.6,1,3.652,1,34.431,1
5905620,2025-12-16T00:30:20Z,1,-47.16612,142.42052,1,1327.5,1,34.433,1,3.636,1,1327.5,1,3.636,1,34.433,1
5905620,2025-12-16T00:30:20Z,1,-47.16612,142.42052,1,1329.4,1,34.432,1,3.634,1,1329.4,1,3.634,1,34.432,1
5905620,2025-12-16T00:30:20Z,1,-47.16612,142.42052,1,1331.2,1,34.432,1,3.623,1,1331.2,1,3.623,1,34.432,1
5905620,2025-12-16T00:30:20Z,1,-47.16612,142.42052,1,1333.1,1,34.433,1,3.585,1,1333.1,1,3.585,1,34.433,1
5905620,2025-12-16T00:30:20Z,1,-47.16612,142.42052,1,1335.1,1,34.432,1,3.574,1,1335.1,1,3.574,1,34.432,1
5905620,2025-12-16T00:30:20Z,1,-47.16612,142.42052,1,1337.0,1,34.432,1,3.567,1,1337.0,1,3.567,1,34.432,1
5905620,2025-12-16T00:30:20Z,1,-47.16612,142.42052,1,1339.0,1,34.432,1,3.56,1,1339.0,1,3.56,1,34.432,1
5905620,2025-12-16T00:30:20Z,1,-47.16612,142.42052,1,1341.4,1,34.431,1,3.55,1,1341.4,1,3.55,1,34.431,1
5905620,2025-12-16T00:30:20Z,1,-47.16612,142.42052,1,1343.9,1,34.433,1,3.54,1,1343.9,1,3.54,1,34.433,1
5905620,2025-12-16T00:30:20Z,1,-47.16612,142.42052,1,1345.9,1,34.433,1,3.529,1,1345.9,1,3.529,1,34.433,1
5905620,2025-12-16T00:30:20Z,1,-47.16612,142.42052,1,1347.9,1,34.434,1,3.514,1,1347.9,1,3.514,1,34.434,1
5905620,2025-12-16T00:30:20Z,1,-47.16612,142.42052,1,1349.9,1,34.436,1,3.5,1,1349.9,1,3.5,1,34.436,1
5905620,2025-12-16T00:30:20Z,1,-47.16612,142.42052,1,1351.9,1,34.436,1,3.496,1,1351.9,1,3.496,1,34.436,1
5905620,2025-12-16T00:30:20Z,1,-47.16612,142.42052,1,1353.5,1,34.437,1,3.496,1,1353.5,1,3.496,1,34.437,1
5905620,2025-12-16T00:30:20Z,1,-47.16612,142.42052,1,1355.0,1,34.438,1,3.499,1,1355.0,1,3.499,1,34.438,1
5905620,2025-12-16T00:30:20Z,1,-47.16612,142.42052,1,1357.0,1,34.44,1,3.492,1,1357.0,1,3.492,1,34.44,1
5905620,2025-12-16T00:30:20Z,1,-47.16612,142.42052,1,1359.0,1,34.441,1,3.483,1,1359.0,1,3.483,1,34.441,1
5905620,2025-12-16T00:30:20Z,1,-47.16612,142.42052,1,1361.0,1,34.441,1,3.478,1,1361.0,1,3.478,1,34.441,1
5905620,2025-12-16T00:30:20Z,1,-47.16612,142.42052,1,1363.4,1,34.443,1,3.464,1,1363.4,1,3.464,1,34.443,1
5905620,2025-12-16T00:30:20Z,1,-47.16612,142.42052,1,1365.4,1,34.444,1,3.458,1,1365.4,1,3.458,1,34.444,1
5905620,2025-12-16T00:30:20Z,1,-47.16612,142.42052,1,1367.0,1,34.444,1,3.452,1,1367.0,1,3.452,1,34.444,1
5905620,2025-12-16T00:30:20Z,1,-47.16612,142.42052,1,1369.0,1,34.446,1,3.444,1,1369.0,1,3.444,1,34.446,1
5905620,2025-12-16T00:30:20Z,1,-47.16612,142.42052,1,1371.1,1,34.446,1,3.437,1,1371.1,1,3.437,1,34.446,1
5905620,2025-12-16T00:30:20Z,1,-47.16612,142.42052,1,1373.2,1,34.447,1,3.435,1,1373.2,1,3.435,1,34.447,1
5905620,2025-12-16T00:30:20Z,1,-47.16612,142.42052,1,1375.2,1,34.447,1,3.431,1,1375.2,1,3.431,1,34.447,1
5905620,2025-12-16T00:30:20Z,1,-47.16612,142.42052,1,1377.3,1,34.449,1,3.419,1,1377.3,1,3.419,1,34.449,1
5905620,2025-12-16T00:30:20Z,1,-47.16612,142.42052,1,1379.4,1,34.45,1,3.411,1,1379.4,1,3.411,1,34.45,1
5905620,2025-12-16T00:30:20Z,1,-47.16612,142.42052,1,1381.5,1,34.45,1,3.409,1,1381.5,1,3.409,1,34.45,1
5905620,2025-12-16T00:30:20Z,1,-47.16612,142.42052,1,1383.5,1,34.451,1,3.404,1,1383.5,1,3.404,1,34.451,1
5905620,2025-12-16T00:30:20Z,1,-47.16612,142.42052,1,1385.5,1,34.451,1,3.401,1,1385.5,1,3.401,1,34.451,1
5905620,2025-12-16T00:30:20Z,1,-47.16612,142.42052,1,1387.5,1,34.452,1,3.391,1,1387.5,1,3.391,1,34.452,1
5905620,2025-12-16T00:30:20Z,1,-47.16612,142.42052,1,1389.6,1,34.453,1,3.388,1,1389.6,1,3.388,1,34.453,1
5905620,2025-12-16T00:30:20Z,1,-47.16612,142.42052,1,1391.7,1,34.453,1,3.388,1,1391.7,1,3.388,1,34.453,1
5905620,2025-12-16T00:30:20Z,1,-47.16612,142.42052,1,1393.7,1,34.453,1,3.385,1,1393.7,1,3.385,1,34.453,1
5905620,2025-12-16T00:30:20Z,1,-47.16612,142.42052,1,1395.8,1,34.454,1,3.378,1,1395.8,1,3.378,1,34.454,1
5905620,2025-12-16T00:30:20Z,1,-47.16612,142.42052,1,1397.8,1,34.455,1,3.371,1,1397.8,1,3.371,1,34.455,1
5905620,2025-12-16T00:30:20Z,1,-47.16612,142.42052,1,1399.9,1,34.457,1,3.363,1,1399.9,1,3.363,1,34.457,1
5905620,2025-12-16T00:30:20Z,1,-47.16612,142.42052,1,1401.9,1,34.46,1,3.354,1,1401.9,1,3.354,1,34.46,1
5905620,2025-12-16T00:30:20Z,1,-47.16612,142.42052,1,1403.9,1,34.461,1,3.351,1,1403.9,1,3.351,1,34.461,1
5905620,2025-12-16T00:30:20Z,1,-47.16612,142.42052,1,1405.5,1,34.461,1,3.349,1,1405.5,1,3.349,1,34.461,1
5905620,2025-12-16T00:30:20Z,1,-47.16612,142.42052,1,1407.0,1,34.462,1,3.345,1,1407.0,1,3.345,1,34.462,1
5905620,2025-12-16T00:30:20Z,1,-47.16612,142.42052,1,1409.0,1,34.463,1,3.338,1,1409.0,1,3.338,1,34.463,1
5905620,2025-12-16T00:30:20Z,1,-47.16612,142.42052,1,1411.1,1,34.463,1,3.331,1,1411.1,1,3.331,1,34.463,1
5905620,2025-12-16T00:30:20Z,1,-47.16612,142.42052,1,1413.1,1,34.464,1,3.32,1,1413.1,1,3.32,1,34.464,1
5905620,2025-12-16T00:30:20Z,1,-47.16612,142.42052,1,1415.5,1,34.467,1,3.306,1,1415.5,1,3.306,1,34.467,1
5905620,2025-12-16T00:30:20Z,1,-47.16612,142.42052,1,1417.6,1,34.468,1,3.3,1,1417.6,1,3.3,1,34.468,1
5905620,2025-12-16T00:30:20Z,1,-47.16612,142.42052,1,1419.2,1,34.468,1,3.298,1,1419.2,1,3.298,1,34.468,1
5905620,2025-12-16T00:30:20Z,1,-47.16612,142.42052,1,1421.3,1,34.468,1,3.297,1,1421.3,1,3.297,1,34.468,1
5905620,2025-12-16T00:30:20Z,1,-47.16612,142.42052,1,1423.3,1,34.468,1,3.295,1,1423.3,1,3.295,1,34.468,1
5905620,2025-12-16T00:30:20Z,1,-47.16612,142.42052,1,1425.3,1,34.468,1,3.294,1,1425.3,1,3.294,1,34.468,1
5905620,2025-12-16T00:30:20Z,1,-47.16612,142.42052,1,1427.3,1,34.469,1,3.291,1,1427.3,1,3.291,1,34.469,1
5905620,2025-12-16T00:30:20Z,1,-47.16612,142.42052,1,1429.3,1,34.469,1,3.285,1,1429.3,1,3.285,1,34.469,1
5905620,2025-12-16T00:30:20Z,1,-47.16612,142.42052,1,1431.3,1,34.471,1,3.278,1,1431.3,1,3.278,1,34.471,1
5905620,2025-12-16T00:30:20Z,1,-47.16612,142.42052,1,1433.3,1,34.473,1,3.266,1,1433.3,1,3.266,1,34.473,1
5905620,2025-12-16T00:30:20Z,1,-47.16612,142.42052,1,1435.4,1,34.475,1,3.265,1,1435.4,1,3.265,1,34.475,1
5905620,2025-12-16T00:30:20Z,1,-47.16612,142.42052,1,1437.5,1,34.477,1,3.258,1,1437.5,1,3.258,1,34.477,1
5905620,2025-12-16T00:30:20Z,1,-47.16612,142.42052,1,1439.7,1,34.479,1,3.253,1,1439.7,1,3.253,1,34.479,1
5905620,2025-12-16T00:30:20Z,1,-47.16612,142.42052,1,1441.4,1,34.48,1,3.254,1,1441.4,1,3.254,1,34.48,1
5905620,2025-12-16T00:30:20Z,1,-47.16612,142.42052,1,1443.5,1,34.479,1,3.241,1,1443.5,1,3.241,1,34.479,1
5905620,2025-12-16T00:30:20Z,1,-47.16612,142.42052,1,1445.6,1,34.481,1,3.216,1,1445.6,1,3.216,1,34.481,1
5905620,2025-12-16T00:30:20Z,1,-47.16612,142.42052,1,1447.3,1,34.481,1,3.213,1,1447.3,1,3.213,1,34.481,1
5905620,2025-12-16T00:30:20Z,1,-47.16612,142.42052,1,1449.5,1,34.481,1,3.21,1,1449.5,1,3.21,1,34.481,1
5905620,2025-12-16T00:30:20Z,1,-47.16612,142.42052,1,1451.6,1,34.482,1,3.205,1,1451.6,1,3.205,1,34.482,1
5905620,2025-12-16T00:30:20Z,1,-47.16612,142.42052,1,1453.4,1,34.482,1,3.202,1,1453.4,1,3.202,1,34.482,1
5905620,2025-12-16T00:30:20Z,1,-47.16612,142.42052,1,1455.1,1,34.483,1,3.196,1,1455.1,1,3.196,1,34.483,1
5905620,2025-12-16T00:30:20Z,1,-47.16612,142.42052,1,1457.3,1,34.484,1,3.192,1,1457.3,1,3.192,1,34.484,1
5905620,2025-12-16T00:30:20Z,1,-47.16612,142.42052,1,1459.5,1,34.485,1,3.189,1,1459.5,1,3.189,1,34.485,1
5905620,2025-12-16T00:30:20Z,1,-47.16612,142.42052,1,1461.2,1,34.485,1,3.188,1,1461.2,1,3.188,1,34.485,1
5905620,2025-12-16T00:30:20Z,1,-47.16612,142.42052,1,1463.4,1,34.484,1,3.185,1,1463.4,1,3.185,1,34.484,1
5905620,2025-12-16T00:30:20Z,1,-47.16612,142.42052,1,1465.5,1,34.487,1,3.183,1,1465.5,1,3.183,1,34.487,1
5905620,2025-12-16T00:30:20Z,1,-47.16612,142.42052,1,1467.2,1,34.488,1,3.181,1,1467.2,1,3.181,1,34.488,1
5905620,2025-12-16T00:30:20Z,1,-47.16612,142.42052,1,1469.3,1,34.489,1,3.18,1,1469.3,1,3.18,1,34.489,1
5905620,2025-12-16T00:30:20Z,1,-47.16612,142.42052,1,1471.4,1,34.49,1,3.177,1,1471.4,1,3.177,1,34.49,1
5905620,2025-12-16T00:30:20Z,1,-47.16612,142.42052,1,1473.2,1,34.491,1,3.173,1,1473.2,1,3.173,1,34.491,1
5905620,2025-12-16T00:30:20Z,1,-47.16612,142.42052,1,1475.3,1,34.492,1,3.166,1,1475.3,1,3.166,1,34.492,1
5905620,2025-12-16T00:30:20Z,1,-47.16612,142.42052,1,1477.4,1,34.493,1,3.156,1,1477.4,1,3.156,1,34.493,1
5905620,2025-12-16T00:30:20Z,1,-47.16612,142.42052,1,1479.2,1,34.494,1,3.15,1,1479.2,1,3.15,1,34.494,1
5905620,2025-12-16T00:30:20Z,1,-47.16612,142.42052,1,1481.3,1,34.495,1,3.145,1,1481.3,1,3.145,1,34.495,1
5905620,2025-12-16T00:30:20Z,1,-47.16612,142.42052,1,1483.6,1,34.496,1,3.143,1,1483.6,1,3.143,1,34.496,1
5905620,2025-12-16T00:30:20Z,1,-47.16612,142.42052,1,1485.4,1,34.498,1,3.14,1,1485.4,1,3.14,1,34.498,1
5905620,2025-12-16T00:30:20Z,1,-47.16612,142.42052,1,1487.2,1,34.499,1,3.136,1,1487.2,1,3.136,1,34.499,1
5905620,2025-12-16T00:30:20Z,1,-47.16612,142.42052,1,1489.5,1,34.5,1,3.128,1,1489.5,1,3.128,1,34.5,1
5905620,2025-12-16T00:30:20Z,1,-47.16612,142.42052,1,1491.7,1,34.501,1,3.125,1,1491.7,1,3.125,1,34.501,1
5905620,2025-12-16T00:30:20Z,1,-47.16612,142.42052,1,1493.6,1,34.502,1,3.124,1,1493.6,1,3.124,1,34.502,1
5905620,2025-12-16T00:30:20Z,1,-47.16612,142.42052,1,1495.4,1,34.502,1,3.123,1,1495.4,1,3.123,1,34.502,1
5905620,2025-12-16T00:30:20Z,1,-47.16612,142.42052,1,1497.2,1,34.504,1,3.123,1,1497.2,1,3.123,1,34.504,1
5905620,2025-12-16T00:30:20Z,1,-47.16612,142.42052,1,1499.1,1,34.504,1,3.117,1,1499.1,1,3.117,1,34.504,1
5905620,2025-12-16T00:30:20Z,1,-47.16612,142.42052,1,1501.4,1,34.504,1,3.11,1,1501.4,1,3.11,1,34.504,1
5905620,2025-12-16T00:30:20Z,1,-47.16612,142.42052,1,1503.7,1,34.505,1,3.105,1,1503.7,1,3.105,1,34.505,1
5905620,2025-12-16T00:30:20Z,1,-47.16612,142.42052,1,1505.5,1,34.506,1,3.097,1,1505.5,1,3.097,1,34.506,1
5905620,2025-12-16T00:30:20Z,1,-47.16612,142.42052,1,1507.4,1,34.507,1,3.093,1,1507.4,1,3.093,1,34.507,1
5905620,2025-12-16T00:30:20Z,1,-47.16612,142.42052,1,1509.3,1,34.507,1,3.091,1,1509.3,1,3.091,1,34.507,1
5905620,2025-12-16T00:30:20Z,1,-47.16612,142.42052,1,1511.1,1,34.507,1,3.09,1,1511.1,1,3.09,1,34.507,1
5905620,2025-12-16T00:30:20Z,1,-47.16612,142.42052,1,1513.0,1,34.508,1,3.082,1,1513.0,1,3.082,1,34.508,1
5905620,2025-12-16T00:30:20Z,1,-47.16612,142.42052,1,1515.4,1,34.509,1,3.078,1,1515.4,1,3.078,1,34.509,1
5905620,2025-12-16T00:30:20Z,1,-47.16612,142.42052,1,1517.8,1,34.509,1,3.077,1,1517.8,1,3.077,1,34.509,1
5905620,2025-12-16T00:30:20Z,1,-47.16612,142.42052,1,1519.8,1,34.51,1,3.077,1,1519.8,1,3.077,1,34.51,1
5905620,2025-12-16T00:30:20Z,1,-47.16612,142.42052,1,1521.7,1,34.51,1,3.077,1,1521.7,1,3.077,1,34.51,1
5905620,2025-12-16T00:30:20Z,1,-47.16612,142.42052,1,1523.7,1,34.51,1,3.077,1,1523.7,1,3.077,1,34.51,1
5905620,2025-12-16T00:30:20Z,1,-47.16612,142.42052,1,1525.6,1,34.51,1,3.076,1,1525.6,1,3.076,1,34.51,1
5905620,2025-12-16T00:30:20Z,1,-47.16612,142.42052,1,1527.6,1,34.51,1,3.076,1,1527.6,1,3.076,1,34.51,1
5905620,2025-12-16T00:30:20Z,1,-47.16612,142.42052,1,1529.6,1,34.51,1,3.076,1,1529.6,1,3.076,1,34.51,1
5905620,2025-12-16T00:30:20Z,1,-47.16612,142.42052,1,1531.6,1,34.51,1,3.075,1,1531.6,1,3.075,1,34.51,1
5905620,2025-12-16T00:30:20Z,1,-47.16612,142.42052,1,1533.7,1,34.512,1,3.067,1,1533.7,1,3.067,1,34.512,1
5905620,2025-12-16T00:30:20Z,1,-47.16612,142.42052,1,1535.7,1,34.512,1,3.066,1,1535.7,1,3.066,1,34.512,1
5905620,2025-12-16T00:30:20Z,1,-47.16612,142.42052,1,1537.8,1,34.512,1,3.064,1,1537.8,1,3.064,1,34.512,1
5905620,2025-12-16T00:30:20Z,1,-47.16612,142.42052,1,1539.8,1,34.513,1,3.058,1,1539.8,1,3.058,1,34.513,1
5905620,2025-12-16T00:30:20Z,1,-47.16612,142.42052,1,1541.9,1,34.515,1,3.05,1,1541.9,1,3.05,1,34.515,1
5905620,2025-12-16T00:30:20Z,1,-47.16612,142.42052,1,1543.9,1,34.515,1,3.036,1,1543.9,1,3.036,1,34.515,1
5905620,2025-12-16T00:30:20Z,1,-47.16612,142.42052,1,1545.5,1,34.514,1,3.033,1,1545.5,1,3.033,1,34.514,1
5905620,2025-12-16T00:30:20Z,1,-47.16612,142.42052,1,1547.0,1,34.514,1,2.996,1,1547.0,1,2.996,1,34.514,1
5905620,2025-12-16T00:30:20Z,1,-47.16612,142.42052,1,1549.0,1,34.509,1,2.975,1,1549.0,1,2.975,1,34.509,1
5905620,2025-12-16T00:30:20Z,1,-47.16612,142.42052,1,1551.1,1,34.51,1,2.971,1,1551.1,1,2.971,1,34.51,1
5905620,2025-12-16T00:30:20Z,1,-47.16612,142.42052,1,1553.2,1,34.512,1,2.979,1,1553.2,1,2.979,1,34.512,1
5905620,2025-12-16T00:30:20Z,1,-47.16612,142.42052,1,1555.2,1,34.515,1,2.984,1,1555.2,1,2.984,1,34.515,1
5905620,2025-12-16T00:30:20Z,1,-47.16612,142.42052,1,1557.3,1,34.516,1,2.985,1,1557.3,1,2.985,1,34.516,1
5905620,2025-12-16T00:30:20Z,1,-47.16612,142.42052,1,1559.4,1,34.517,1,2.982,1,1559.4,1,2.982,1,34.517,1
5905620,2025-12-16T00:30:20Z,1,-47.16612,142.42052,1,1561.4,1,34.517,1,2.97,1,1561.4,1,2.97,1,34.517,1
5905620,2025-12-16T00:30:20Z,1,-47.16612,142.42052,1,1563.5,1,34.518,1,2.966,1,1563.5,1,2.966,1,34.518,1
5905620,2025-12-16T00:30:20Z,1,-47.16612,142.42052,1,1565.6,1,34.519,1,2.965,1,1565.6,1,2.965,1,34.519,1
5905620,2025-12-16T00:30:20Z,1,-47.16612,142.42052,1,1567.6,1,34.519,1,2.963,1,1567.6,1,2.963,1,34.519,1
5905620,2025-12-16T00:30:20Z,1,-47.16612,142.42052,1,1569.6,1,34.519,1,2.965,1,1569.6,1,2.965,1,34.519,1
5905620,2025-12-16T00:30:20Z,1,-47.16612,142.42052,1,1571.7,1,34.52,1,2.968,1,1571.7,1,2.968,1,34.52,1
5905620,2025-12-16T00:30:20Z,1,-47.16612,142.42052,1,1573.7,1,34.521,1,2.965,1,1573.7,1,2.965,1,34.521,1
5905620,2025-12-16T00:30:20Z,1,-47.16612,142.42052,1,1575.8,1,34.522,1,2.966,1,1575.8,1,2.966,1,34.522,1
5905620,2025-12-16T00:30:20Z,1,-47.16612,142.42052,1,1577.9,1,34.522,1,2.959,1,1577.9,1,2.959,1,34.522,1
5905620,2025-12-16T00:30:20Z,1,-47.16612,142.42052,1,1579.5,1,34.523,1,2.957,1,1579.5,1,2.957,1,34.523,1
5905620,2025-12-16T00:30:20Z,1,-47.16612,142.42052,1,1581.0,1,34.523,1,2.955,1,1581.0,1,2.955,1,34.523,1
5905620,2025-12-16T00:30:20Z,1,-47.16612,142.42052,1,1583.0,1,34.523,1,2.953,1,1583.0,1,2.953,1,34.523,1
5905620,2025-12-16T00:30:20Z,1,-47.16612,142.42052,1,1585.0,1,34.524,1,2.948,1,1585.0,1,2.948,1,34.524,1
5905620,2025-12-16T00:30:20Z,1,-47.16612,142.42052,1,1587.0,1,34.524,1,2.943,1,1587.0,1,2.943,1,34.524,1
5905620,2025-12-16T00:30:20Z,1,-47.16612,142.42052,1,1589.0,1,34.525,1,2.92,1,1589.0,1,2.92,1,34.525,1
5905620,2025-12-16T00:30:20Z,1,-47.16612,142.42052,1,1591.1,1,34.524,1,2.914,1,1591.1,1,2.914,1,34.524,1
5905620,2025-12-16T00:30:20Z,1,-47.16612,142.42052,1,1593.1,1,34.524,1,2.911,1,1593.1,1,2.911,1,34.524,1
5905620,2025-12-16T00:30:20Z,1,-47.16612,142.42052,1,1595.2,1,34.523,1,2.908,1,1595.2,1,2.908,1,34.523,1
5905620,2025-12-16T00:30:20Z,1,-47.16612,142.42052,1,1597.2,1,34.522,1,2.897,1,1597.2,1,2.897,1,34.522,1
5905620,2025-12-16T00:30:20Z,1,-47.16612,142.42052,1,1599.3,1,34.523,1,2.879,1,1599.3,1,2.879,1,34.523,1
5905620,2025-12-16T00:30:20Z,1,-47.16612,142.42052,1,1601.3,1,34.524,1,2.873,1,1601.3,1,2.873,1,34.524,1
5905620,2025-12-16T00:30:20Z,1,-47.16612,142.42052,1,1603.4,1,34.525,1,2.871,1,1603.4,1,2.871,1,34.525,1
5905620,2025-12-16T00:30:20Z,1,-47.16612,142.42052,1,1605.5,1,34.526,1,2.871,1,1605.5,1,2.871,1,34.526,1
5905620,2025-12-16T00:30:20Z,1,-47.16612,142.42052,1,1607.6,1,34.529,1,2.872,1,1607.6,1,2.872,1,34.529,1
5905620,2025-12-16T00:30:20Z,1,-47.16612,142.42052,1,1609.6,1,34.531,1,2.873,1,1609.6,1,2.873,1,34.531,1
5905620,2025-12-16T00:30:20Z,1,-47.16612,142.42052,1,1611.7,1,34.531,1,2.873,1,1611.7,1,2.873,1,34.531,1
5905620,2025-12-16T00:30:20Z,1,-47.16612,142.42052,1,1613.8,1,34.532,1,2.872,1,1613.8,1,2.872,1,34.532,1
5905620,2025-12-16T00:30:20Z,1,-47.16612,142.42052,1,1615.9,1,34.532,1,2.872,1,1615.9,1,2.872,1,34.532,1
5905620,2025-12-16T00:30:20Z,1,-47.16612,142.42052,1,1617.5,1,34.533,1,2.871,1,1617.5,1,2.871,1,34.533,1
5905620,2025-12-16T00:30:20Z,1,-47.16612,142.42052,1,1619.0,1,34.534,1,2.87,1,1619.0,1,2.87,1,34.534,1
5905620,2025-12-16T00:30:20Z,1,-47.16612,142.42052,1,1621.0,1,34.534,1,2.87,1,1621.0,1,2.87,1,34.534,1
5905620,2025-12-16T00:30:20Z,1,-47.16612,142.42052,1,1623.1,1,34.535,1,2.869,1,1623.1,1,2.869,1,34.535,1
5905620,2025-12-16T00:30:20Z,1,-47.16612,142.42052,1,1625.2,1,34.536,1,2.865,1,1625.2,1,2.865,1,34.536,1
5905620,2025-12-16T00:30:20Z,1,-47.16612,142.42052,1,1627.3,1,34.537,1,2.859,1,1627.3,1,2.859,1,34.537,1
5905620,2025-12-16T00:30:20Z,1,-47.16612,142.42052,1,1629.3,1,34.537,1,2.853,1,1629.3,1,2.853,1,34.537,1
5905620,2025-12-16T00:30:20Z,1,-47.16612,142.42052,1,1631.5,1,34.537,1,2.849,1,1631.5,1,2.849,1,34.537,1
5905620,2025-12-16T00:30:20Z,1,-47.16612,142.42052,1,1633.5,1,34.537,1,2.848,1,1633.5,1,2.848,1,34.537,1
5905620,2025-12-16T00:30:20Z,1,-47.16612,142.42052,1,1635.5,1,34.538,1,2.84,1,1635.5,1,2.84,1,34.538,1
5905620,2025-12-16T00:30:20Z,1,-47.16612,142.42052,1,1637.5,1,34.54,1,2.837,1,1637.5,1,2.837,1,34.54,1
5905620,2025-12-16T00:30:20Z,1,-47.16612,142.42052,1,1639.6,1,34.543,1,2.833,1,1639.6,1,2.833,1,34.543,1
5905620,2025-12-16T00:30:20Z,1,-47.16612,142.42052,1,1641.6,1,34.543,1,2.833,1,1641.6,1,2.833,1,34.543,1
5905620,2025-12-16T00:30:20Z,1,-47.16612,142.42052,1,1643.3,1,34.544,1,2.832,1,1643.3,1,2.832,1,34.544,1
5905620,2025-12-16T00:30:20Z,1,-47.16612,142.42052,1,1645.3,1,34.544,1,2.83,1,1645.3,1,2.83,1,34.544,1
5905620,2025-12-16T00:30:20Z,1,-47.16612,142.42052,1,1647.4,1,34.544,1,2.828,1,1647.4,1,2.828,1,34.544,1
5905620,2025-12-16T00:30:20Z,1,-47.16612,142.42052,1,1649.4,1,34.545,1,2.826,1,1649.4,1,2.826,1,34.545,1
5905620,2025-12-16T00:30:20Z,1,-47.16612,142.42052,1,1651.6,1,34.547,1,2.824,1,1651.6,1,2.824,1,34.547,1
5905620,2025-12-16T00:30:20Z,1,-47.16612,142.42052,1,1653.3,1,34.548,1,2.821,1,1653.3,1,2.821,1,34.548,1
5905620,2025-12-16T00:30:20Z,1,-47.16612,142.42052,1,1655.4,1,34.548,1,2.819,1,1655.4,1,2.819,1,34.548,1
5905620,2025-12-16T00:30:20Z,1,-47.16612,142.42052,1,1657.5,1,34.549,1,2.816,1,1657.5,1,2.816,1,34.549,1
5905620,2025-12-16T00:30:20Z,1,-47.16612,142.42052,1,1659.5,1,34.55,1,2.808,1,1659.5,1,2.808,1,34.55,1
5905620,2025-12-16T00:30:20Z,1,-47.16612,142.42052,1,1661.7,1,34.552,1,2.799,1,1661.7,1,2.799,1,34.552,1
5905620,2025-12-16T00:30:20Z,1,-47.16612,142.42052,1,1663.3,1,34.552,1,2.799,1,1663.3,1,2.799,1,34.552,1
5905620,2025-12-16T00:30:20Z,1,-47.16612,142.42052,1,1665.5,1,34.553,1,2.798,1,1665.5,1,2.798,1,34.553,1
5905620,2025-12-16T00:30:20Z,1,-47.16612,142.42052,1,1667.7,1,34.553,1,2.799,1,1667.7,1,2.799,1,34.553,1
5905620,2025-12-16T00:30:20Z,1,-47.16612,142.42052,1,1669.5,1,34.553,1,2.799,1,1669.5,1,2.799,1,34.553,1
5905620,2025-12-16T00:30:20Z,1,-47.16612,142.42052,1,1671.2,1,34.554,1,2.798,1,1671.2,1,2.798,1,34.554,1
5905620,2025-12-16T00:30:20Z,1,-47.16612,142.42052,1,1673.4,1,34.555,1,2.797,1,1673.4,1,2.797,1,34.555,1
5905620,2025-12-16T00:30:20Z,1,-47.16612,142.42052,1,1675.6,1,34.555,1,2.795,1,1675.6,1,2.795,1,34.555,1
5905620,2025-12-16T00:30:20Z,1,-47.16612,142.42052,1,1677.3,1,34.557,1,2.783,1,1677.3,1,2.783,1,34.557,1
5905620,2025-12-16T00:30:20Z,1,-47.16612,142.42052,1,1679.1,1,34.558,1,2.779,1,1679.1,1,2.779,1,34.558,1
5905620,2025-12-16T00:30:20Z,1,-47.16612,142.42052,1,1681.3,1,34.56,1,2.775,1,1681.3,1,2.775,1,34.56,1
5905620,2025-12-16T00:30:20Z,1,-47.16612,142.42052,1,1683.5,1,34.561,1,2.769,1,1683.5,1,2.769,1,34.561,1
5905620,2025-12-16T00:30:20Z,1,-47.16612,142.42052,1,1685.2,1,34.562,1,2.767,1,1685.2,1,2.767,1,34.562,1
5905620,2025-12-16T00:30:20Z,1,-47.16612,142.42052,1,1687.4,1,34.563,1,2.764,1,1687.4,1,2.764,1,34.563,1
5905620,2025-12-16T00:30:20Z,1,-47.16612,142.42052,1,1689.6,1,34.566,1,2.763,1,1689.6,1,2.763,1,34.566,1
5905620,2025-12-16T00:30:20Z,1,-47.16612,142.42052,1,1691.4,1,34.567,1,2.763,1,1691.4,1,2.763,1,34.567,1
5905620,2025-12-16T00:30:20Z,1,-47.16612,142.42052,1,1693.1,1,34.567,1,2.765,1,1693.1,1,2.765,1,34.567,1
5905620,2025-12-16T00:30:20Z,1,-47.16612,142.42052,1,1695.3,1,34.568,1,2.761,1,1695.3,1,2.761,1,34.568,1
5905620,2025-12-16T00:30:20Z,1,-47.16612,142.42052,1,1697.5,1,34.57,1,2.758,1,1697.5,1,2.758,1,34.57,1
5905620,2025-12-16T00:30:20Z,1,-47.16612,142.42052,1,1699.3,1,34.571,1,2.758,1,1699.3,1,2.758,1,34.571,1
5905620,2025-12-16T00:30:20Z,1,-47.16612,142.42052,1,1701.1,1,34.572,1,2.758,1,1701.1,1,2.758,1,34.572,1
5905620,2025-12-16T00:30:20Z,1,-47.16612,142.42052,1,1703.4,1,34.572,1,2.756,1,1703.4,1,2.756,1,34.572,1
5905620,2025-12-16T00:30:20Z,1,-47.16612,142.42052,1,1705.5,1,34.574,1,2.751,1,1705.5,1,2.751,1,34.574,1
5905620,2025-12-16T00:30:20Z,1,-47.16612,142.42052,1,1707.3,1,34.575,1,2.751,1,1707.3,1,2.751,1,34.575,1
5905620,2025-12-16T00:30:20Z,1,-47.16612,142.42052,1,1709.1,1,34.575,1,2.75,1,1709.1,1,2.75,1,34.575,1
5905620,2025-12-16T00:30:20Z,1,-47.16612,142.42052,1,1711.4,1,34.577,1,2.743,1,1711.4,1,2.743,1,34.577,1
5905620,2025-12-16T00:30:20Z,1,-47.16612,142.42052,1,1713.6,1,34.578,1,2.741,1,1713.6,1,2.741,1,34.578,1
5905620,2025-12-16T00:30:20Z,1,-47.16612,142.42052,1,1715.4,1,34.578,1,2.74,1,1715.4,1,2.74,1,34.578,1
5905620,2025-12-16T00:30:20Z,1,-47.16612,142.42052,1,1717.1,1,34.579,1,2.735,1,1717.1,1,2.735,1,34.579,1
5905620,2025-12-16T00:30:20Z,1,-47.16612,142.42052,1,1719.4,1,34.579,1,2.732,1,1719.4,1,2.732,1,34.579,1
5905620,2025-12-16T00:30:20Z,1,-47.16612,142.42052,1,1721.6,1,34.58,1,2.732,1,1721.6,1,2.732,1,34.58,1
5905620,2025-12-16T00:30:20Z,1,-47.16612,142.42052,1,1723.4,1,34.581,1,2.728,1,1723.4,1,2.728,1,34.581,1
5905620,2025-12-16T00:30:20Z,1,-47.16612,142.42052,1,1725.1,1,34.581,1,2.723,1,1725.1,1,2.723,1,34.581,1
5905620,2025-12-16T00:30:20Z,1,-47.16612,142.42052,1,1727.3,1,34.583,1,2.718,1,1727.3,1,2.718,1,34.583,1
5905620,2025-12-16T00:30:20Z,1,-47.16612,142.42052,1,1729.5,1,34.584,1,2.716,1,1729.5,1,2.716,1,34.584,1
5905620,2025-12-16T00:30:20Z,1,-47.16612,142.42052,1,1731.3,1,34.585,1,2.716,1,1731.3,1,2.716,1,34.585,1
5905620,2025-12-16T00:30:20Z,1,-47.16612,142.42052,1,1733.5,1,34.585,1,2.714,1,1733.5,1,2.714,1,34.585,1
5905620,2025-12-16T00:30:20Z,1,-47.16612,142.42052,1,1735.7,1,34.586,1,2.709,1,1735.7,1,2.709,1,34.586,1
5905620,2025-12-16T00:30:20Z,1,-47.16612,142.42052,1,1737.5,1,34.586,1,2.707,1,1737.5,1,2.707,1,34.586,1
5905620,2025-12-16T00:30:20Z,1,-47.16612,142.42052,1,1739.3,1,34.587,1,2.706,1,1739.3,1,2.706,1,34.587,1
5905620,2025-12-16T00:30:20Z,1,-47.16612,142.42052,1,1741.5,1,34.587,1,2.704,1,1741.5,1,2.704,1,34.587,1
5905620,2025-12-16T00:30:20Z,1,-47.16612,142.42052,1,1743.7,1,34.587,1,2.704,1,1743.7,1,2.704,1,34.587,1
5905620,2025-12-16T00:30:20Z,1,-47.16612,142.42052,1,1745.5,1,34.588,1,2.705,1,1745.5,1,2.705,1,34.588,1
5905620,2025-12-16T00:30:20Z,1,-47.16612,142.42052,1,1747.3,1,34.59,1,2.703,1,1747.3,1,2.703,1,34.59,1
5905620,2025-12-16T00:30:20Z,1,-47.16612,142.42052,1,1749.5,1,34.59,1,2.702,1,1749.5,1,2.702,1,34.59,1
5905620,2025-12-16T00:30:20Z,1,-47.16612,142.42052,1,1751.8,1,34.59,1,2.699,1,1751.8,1,2.699,1,34.59,1
5905620,2025-12-16T00:30:20Z,1,-47.16612,142.42052,1,1753.5,1,34.592,1,2.691,1,1753.5,1,2.691,1,34.592,1
5905620,2025-12-16T00:30:20Z,1,-47.16612,142.42052,1,1755.3,1,34.592,1,2.689,1,1755.3,1,2.689,1,34.592,1
5905620,2025-12-16T00:30:20Z,1,-47.16612,142.42052,1,1757.2,1,34.592,1,2.686,1,1757.2,1,2.686,1,34.592,1
5905620,2025-12-16T00:30:20Z,1,-47.16612,142.42052,1,1759.4,1,34.592,1,2.684,1,1759.4,1,2.684,1,34.592,1
5905620,2025-12-16T00:30:20Z,1,-47.16612,142.42052,1,1761.7,1,34.593,1,2.683,1,1761.7,1,2.683,1,34.593,1
5905620,2025-12-16T00:30:20Z,1,-47.16612,142.42052,1,1763.5,1,34.593,1,2.684,1,1763.5,1,2.684,1,34.593,1
5905620,2025-12-16T00:30:20Z,1,-47.16612,142.42052,1,1765.3,1,34.593,1,2.682,1,1765.3,1,2.682,1,34.593,1
5905620,2025-12-16T00:30:20Z,1,-47.16612,142.42052,1,1767.1,1,34.594,1,2.682,1,1767.1,1,2.682,1,34.594,1
5905620,2025-12-16T00:30:20Z,1,-47.16612,142.42052,1,1769.4,1,34.595,1,2.68,1,1769.4,1,2.68,1,34.595,1
5905620,2025-12-16T00:30:20Z,1,-47.16612,142.42052,1,1771.7,1,34.597,1,2.676,1,1771.7,1,2.676,1,34.597,1
5905620,2025-12-16T00:30:20Z,1,-47.16612,142.42052,1,1773.6,1,34.597,1,2.674,1,1773.6,1,2.674,1,34.597,1
5905620,2025-12-16T00:30:20Z,1,-47.16612,142.42052,1,1775.5,1,34.598,1,2.673,1,1775.5,1,2.673,1,34.598,1
5905620,2025-12-16T00:30:20Z,1,-47.16612,142.42052,1,1777.3,1,34.598,1,2.673,1,1777.3,1,2.673,1,34.598,1
5905620,2025-12-16T00:30:20Z,1,-47.16612,142.42052,1,1779.1,1,34.599,1,2.672,1,1779.1,1,2.672,1,34.599,1
5905620,2025-12-16T00:30:20Z,1,-47.16612,142.42052,1,1781.4,1,34.6,1,2.671,1,1781.4,1,2.671,1,34.6,1
5905620,2025-12-16T00:30:20Z,1,-47.16612,142.42052,1,1783.7,1,34.6,1,2.671,1,1783.7,1,2.671,1,34.6,1
5905620,2025-12-16T00:30:20Z,1,-47.16612,142.42052,1,1785.6,1,34.601,1,2.667,1,1785.6,1,2.667,1,34.601,1
5905620,2025-12-16T00:30:20Z,1,-47.16612,142.42052,1,1787.4,1,34.601,1,2.663,1,1787.4,1,2.663,1,34.601,1
5905620,2025-12-16T00:30:20Z,1,-47.16612,142.42052,1,1789.2,1,34.601,1,2.659,1,1789.2,1,2.659,1,34.601,1
5905620,2025-12-16T00:30:20Z,1,-47.16612,142.42052,1,1791.1,1,34.602,1,2.655,1,1791.1,1,2.655,1,34.602,1
5905620,2025-12-16T00:30:20Z,1,-47.16612,142.42052,1,1793.4,1,34.604,1,2.648,1,1793.4,1,2.648,1,34.604,1
5905620,2025-12-16T00:30:20Z,1,-47.16612,142.42052,1,1795.8,1,34.604,1,2.647,1,1795.8,1,2.647,1,34.604,1
5905620,2025-12-16T00:30:20Z,1,-47.16612,142.42052,1,1797.7,1,34.604,1,2.646,1,1797.7,1,2.646,1,34.604,1
5905620,2025-12-16T00:30:20Z,1,-47.16612,142.42052,1,1799.6,1,34.605,1,2.645,1,1799.6,1,2.645,1,34.605,1
5905620,2025-12-16T00:30:20Z,1,-47.16612,142.42052,1,1801.5,1,34.607,1,2.64,1,1801.5,1,2.64,1,34.607,1
5905620,2025-12-16T00:30:20Z,1,-47.16612,142.42052,1,1803.4,1,34.607,1,2.637,1,1803.4,1,2.637,1,34.607,1
5905620,2025-12-16T00:30:20Z,1,-47.16612,142.42052,1,1805.3,1,34.608,1,2.635,1,1805.3,1,2.635,1,34.608,1
5905620,2025-12-16T00:30:20Z,1,-47.16612,142.42052,1,1807.2,1,34.608,1,2.634,1,1807.2,1,2.634,1,34.608,1
5905620,2025-12-16T00:30:20Z,1,-47.16612,142.42052,1,1809.2,1,34.609,1,2.632,1,1809.2,1,2.632,1,34.609,1
5905620,2025-12-16T00:30:20Z,1,-47.16612,142.42052,1,1811.1,1,34.61,1,2.63,1,1811.1,1,2.63,1,34.61,1
5905620,2025-12-16T00:30:20Z,1,-47.16612,142.42052,1,1813.0,1,34.611,1,2.625,1,1813.0,1,2.625,1,34.611,1
5905620,2025-12-16T00:30:20Z,1,-47.16612,142.42052,1,1815.4,1,34.613,1,2.619,1,1815.4,1,2.619,1,34.613,1
5905620,2025-12-16T00:30:20Z,1,-47.16612,142.42052,1,1817.9,1,34.615,1,2.617,1,1817.9,1,2.617,1,34.615,1
5905620,2025-12-16T00:30:20Z,1,-47.16612,142.42052,1,1819.9,1,34.615,1,2.616,1,1819.9,1,2.616,1,34.615,1
5905620,2025-12-16T00:30:20Z,1,-47.16612,142.42052,1,1821.9,1,34.616,1,2.617,1,1821.9,1,2.617,1,34.616,1
5905620,2025-12-16T00:30:20Z,1,-47.16612,142.42052,1,1823.9,1,34.616,1,2.616,1,1823.9,1,2.616,1,34.616,1
5905620,2025-12-16T00:30:20Z,1,-47.16612,142.42052,1,1825.9,1,34.616,1,2.614,1,1825.9,1,2.614,1,34.616,1
5905620,2025-12-16T00:30:20Z,1,-47.16612,142.42052,1,1827.9,1,34.618,1,2.611,1,1827.9,1,2.611,1,34.618,1
5905620,2025-12-16T00:30:20Z,1,-47.16612,142.42052,1,1829.9,1,34.618,1,2.609,1,1829.9,1,2.609,1,34.618,1
5905620,2025-12-16T00:30:20Z,1,-47.16612,142.42052,1,1831.9,1,34.618,1,2.608,1,1831.9,1,2.608,1,34.618,1
5905620,2025-12-16T00:30:20Z,1,-47.16612,142.42052,1,1833.4,1,34.619,1,2.607,1,1833.4,1,2.607,1,34.619,1
5905620,2025-12-16T00:30:20Z,1,-47.16612,142.42052,1,1835.0,1,34.619,1,2.605,1,1835.0,1,2.605,1,34.619,1
5905620,2025-12-16T00:30:20Z,1,-47.16612,142.42052,1,1837.0,1,34.62,1,2.603,1,1837.0,1,2.603,1,34.62,1
5905620,2025-12-16T00:30:20Z,1,-47.16612,142.42052,1,1839.0,1,34.621,1,2.603,1,1839.0,1,2.603,1,34.621,1
5905620,2025-12-16T00:30:20Z,1,-47.16612,142.42052,1,1841.1,1,34.621,1,2.602,1,1841.1,1,2.602,1,34.621,1
5905620,2025-12-16T00:30:20Z,1,-47.16612,142.42052,1,1843.1,1,34.622,1,2.6,1,1843.1,1,2.6,1,34.622,1
5905620,2025-12-16T00:30:20Z,1,-47.16612,142.42052,1,1845.2,1,34.623,1,2.598,1,1845.2,1,2.598,1,34.623,1
5905620,2025-12-16T00:30:20Z,1,-47.16612,142.42052,1,1847.2,1,34.623,1,2.598,1,1847.2,1,2.598,1,34.623,1
5905620,2025-12-16T00:30:20Z,1,-47.16612,142.42052,1,1849.2,1,34.624,1,2.597,1,1849.2,1,2.597,1,34.624,1
5905620,2025-12-16T00:30:20Z,1,-47.16612,142.42052,1,1851.3,1,34.624,1,2.597,1,1851.3,1,2.597,1,34.624,1
5905620,2025-12-16T00:30:20Z,1,-47.16612,142.42052,1,1853.4,1,34.625,1,2.595,1,1853.4,1,2.595,1,34.625,1
5905620,2025-12-16T00:30:20Z,1,-47.16612,142.42052,1,1855.4,1,34.626,1,2.593,1,1855.4,1,2.593,1,34.626,1
5905620,2025-12-16T00:30:20Z,1,-47.16612,142.42052,1,1857.5,1,34.626,1,2.593,1,1857.5,1,2.593,1,34.626,1
5905620,2025-12-16T00:30:20Z,1,-47.16612,142.42052,1,1859.6,1,34.627,1,2.592,1,1859.6,1,2.592,1,34.627,1
5905620,2025-12-16T00:30:20Z,1,-47.16612,142.42052,1,1861.7,1,34.627,1,2.59,1,1861.7,1,2.59,1,34.627,1
5905620,2025-12-16T00:30:20Z,1,-47.16612,142.42052,1,1863.8,1,34.628,1,2.59,1,1863.8,1,2.59,1,34.628,1
5905620,2025-12-16T00:30:20Z,1,-47.16612,142.42052,1,1865.5,1,34.628,1,2.59,1,1865.5,1,2.59,1,34.628,1
5905620,2025-12-16T00:30:20Z,1,-47.16612,142.42052,1,1867.1,1,34.63,1,2.586,1,1867.1,1,2.586,1,34.63,1
5905620,2025-12-16T00:30:20Z,1,-47.16612,142.42052,1,1869.3,1,34.63,1,2.585,1,1869.3,1,2.585,1,34.63,1
5905620,2025-12-16T00:30:20Z,1,-47.16612,142.42052,1,1871.4,1,34.631,1,2.584,1,1871.4,1,2.584,1,34.631,1
5905620,2025-12-16T00:30:20Z,1,-47.16612,142.42052,1,1873.3,1,34.632,1,2.58,1,1873.3,1,2.58,1,34.632,1
5905620,2025-12-16T00:30:20Z,1,-47.16612,142.42052,1,1875.3,1,34.633,1,2.578,1,1875.3,1,2.578,1,34.633,1
5905620,2025-12-16T00:30:20Z,1,-47.16612,142.42052,1,1877.6,1,34.635,1,2.576,1,1877.6,1,2.576,1,34.635,1
5905620,2025-12-16T00:30:20Z,1,-47.16612,142.42052,1,1879.5,1,34.635,1,2.575,1,1879.5,1,2.575,1,34.635,1
5905620,2025-12-16T00:30:20Z,1,-47.16612,142.42052,1,1881.5,1,34.635,1,2.575,1,1881.5,1,2.575,1,34.635,1
5905620,2025-12-16T00:30:20Z,1,-47.16612,142.42052,1,1883.6,1,34.635,1,2.575,1,1883.6,1,2.575,1,34.635,1
5905620,2025-12-16T00:30:20Z,1,-47.16612,142.42052,1,1885.3,1,34.636,1,2.574,1,1885.3,1,2.574,1,34.636,1
5905620,2025-12-16T00:30:20Z,1,-47.16612,142.42052,1,1887.4,1,34.635,1,2.575,1,1887.4,1,2.575,1,34.635,1
5905620,2025-12-16T00:30:20Z,1,-47.16612,142.42052,1,1889.4,1,34.636,1,2.575,1,1889.4,1,2.575,1,34.636,1
5905620,2025-12-16T00:30:20Z,1,-47.16612,142.42052,1,1891.5,1,34.636,1,2.574,1,1891.5,1,2.574,1,34.636,1
5905620,2025-12-16T00:30:20Z,1,-47.16612,142.42052,1,1893.6,1,34.636,1,2.573,1,1893.6,1,2.573,1,34.636,1
5905620,2025-12-16T00:30:20Z,1,-47.16612,142.42052,1,1895.3,1,34.638,1,2.57,1,1895.3,1,2.57,1,34.638,1
5905620,2025-12-16T00:30:20Z,1,-47.16612,142.42052,1,1897.4,1,34.639,1,2.567,1,1897.4,1,2.567,1,34.639,1
5905620,2025-12-16T00:30:20Z,1,-47.16612,142.42052,1,1899.4,1,34.639,1,2.566,1,1899.4,1,2.566,1,34.639,1
5905620,2025-12-16T00:30:20Z,1,-47.16612,142.42052,1,1901.5,1,34.64,1,2.565,1,1901.5,1,2.565,1,34.64,1
5905620,2025-12-16T00:30:20Z,1,-47.16612,142.42052,1,1903.6,1,34.64,1,2.564,1,1903.6,1,2.564,1,34.64,1
5905620,2025-12-16T00:30:20Z,1,-47.16612,142.42052,1,1905.3,1,34.641,1,2.564,1,1905.3,1,2.564,1,34.641,1
5905620,2025-12-16T00:30:20Z,1,-47.16612,142.42052,1,1907.4,1,34.641,1,2.563,1,1907.4,1,2.563,1,34.641,1
5905620,2025-12-16T00:30:20Z,1,-47.16612,142.42052,1,1909.6,1,34.641,1,2.563,1,1909.6,1,2.563,1,34.641,1
5905620,2025-12-16T00:30:20Z,1,-47.16612,142.42052,1,1911.3,1,34.641,1,2.562,1,1911.3,1,2.562,1,34.641,1
5905620,2025-12-16T00:30:20Z,1,-47.16612,142.42052,1,1913.4,1,34.642,1,2.562,1,1913.4,1,2.562,1,34.642,1
5905620,2025-12-16T00:30:20Z,1,-47.16612,142.42052,1,1915.5,1,34.642,1,2.562,1,1915.5,1,2.562,1,34.642,1
5905620,2025-12-16T00:30:20Z,1,-47.16612,142.42052,1,1917.3,1,34.643,1,2.56,1,1917.3,1,2.56,1,34.643,1
5905620,2025-12-16T00:30:20Z,1,-47.16612,142.42052,1,1919.5,1,34.644,1,2.556,1,1919.5,1,2.556,1,34.644,1
5905620,2025-12-16T00:30:20Z,1,-47.16612,142.42052,1,1921.6,1,34.645,1,2.556,1,1921.6,1,2.556,1,34.645,1
5905620,2025-12-16T00:30:20Z,1,-47.16612,142.42052,1,1923.3,1,34.644,1,2.556,1,1923.3,1,2.556,1,34.644,1
5905620,2025-12-16T00:30:20Z,1,-47.16612,142.42052,1,1925.5,1,34.645,1,2.555,1,1925.5,1,2.555,1,34.645,1
5905620,2025-12-16T00:30:20Z,1,-47.16612,142.42052,1,1927.6,1,34.645,1,2.554,1,1927.6,1,2.554,1,34.645,1
5905620,2025-12-16T00:30:20Z,1,-47.16612,142.42052,1,1929.4,1,34.646,1,2.552,1,1929.4,1,2.552,1,34.646,1
5905620,2025-12-16T00:30:20Z,1,-47.16612,142.42052,1,1931.5,1,34.648,1,2.546,1,1931.5,1,2.546,1,34.648,1
5905620,2025-12-16T00:30:20Z,1,-47.16612,142.42052,1,1933.7,1,34.65,1,2.544,1,1933.7,1,2.544,1,34.65,1
5905620,2025-12-16T00:30:20Z,1,-47.16612,142.42052,1,1935.5,1,34.649,1,2.544,1,1935.5,1,2.544,1,34.649,1
5905620,2025-12-16T00:30:20Z,1,-47.16612,142.42052,1,1937.2,1,34.65,1,2.544,1,1937.2,1,2.544,1,34.65,1
5905620,2025-12-16T00:30:20Z,1,-47.16612,142.42052,1,1939.4,1,34.649,1,2.544,1,1939.4,1,2.544,1,34.649,1
5905620,2025-12-16T00:30:20Z,1,-47.16612,142.42052,1,1941.6,1,34.651,1,2.542,1,1941.6,1,2.542,1,34.651,1
5905620,2025-12-16T00:30:20Z,1,-47.16612,142.42052,1,1943.4,1,34.652,1,2.54,1,1943.4,1,2.54,1,34.652,1
5905620,2025-12-16T00:30:20Z,1,-47.16612,142.42052,1,1945.5,1,34.653,1,2.537,1,1945.5,1,2.537,1,34.653,1
5905620,2025-12-16T00:30:20Z,1,-47.16612,142.42052,1,1947.7,1,34.654,1,2.534,1,1947.7,1,2.534,1,34.654,1
5905620,2025-12-16T00:30:20Z,1,-47.16612,142.42052,1,1949.4,1,34.656,1,2.53,1,1949.4,1,2.53,1,34.656,1
5905620,2025-12-16T00:30:20Z,1,-47.16612,142.42052,1,1951.1,1,34.657,1,2.528,1,1951.1,1,2.528,1,34.657,1
5905620,2025-12-16T00:30:20Z,1,-47.16612,142.42052,1,1953.3,1,34.657,1,2.526,1,1953.3,1,2.526,1,34.657,1
5905620,2025-12-16T00:30:20Z,1,-47.16612,142.42052,1,1955.5,1,34.658,1,2.525,1,1955.5,1,2.525,1,34.658,1
5905620,2025-12-16T00:30:20Z,1,-47.16612,142.42052,1,1957.3,1,34.658,1,2.525,1,1957.3,1,2.525,1,34.658,1
5905620,2025-12-16T00:30:20Z,1,-47.16612,142.42052,1,1959.4,1,34.659,1,2.524,1,1959.4,1,2.524,1,34.659,1
5905620,2025-12-16T00:30:20Z,1,-47.16612,142.42052,1,1961.6,1,34.659,1,2.524,1,1961.6,1,2.524,1,34.659,1
5905620,2025-12-16T00:30:20Z,1,-47.16612,142.42052,1,1963.4,1,34.659,1,2.524,1,1963.4,1,2.524,1,34.659,1
5905620,2025-12-16T00:30:20Z,1,-47.16612,142.42052,1,1965.1,1,34.66,1,2.523,1,1965.1,1,2.523,1,34.66,1
5905620,2025-12-16T00:30:20Z,1,-47.16612,142.42052,1,1967.3,1,34.661,1,2.519,1,1967.3,1,2.519,1,34.661,1
5905620,2025-12-16T00:30:20Z,1,-47.16612,142.42052,1,1969.5,1,34.661,1,2.518,1,1969.5,1,2.518,1,34.661,1
5905620,2025-12-16T00:30:20Z,1,-47.16612,142.42052,1,1971.3,1,34.662,1,2.517,1,1971.3,1,2.517,1,34.662,1
5905620,2025-12-16T00:30:20Z,1,-47.16612,142.42052,1,1973.5,1,34.662,1,2.516,1,1973.5,1,2.516,1,34.662,1
5905620,2025-12-16T00:30:20Z,1,-47.16612,142.42052,1,1975.7,1,34.662,1,2.516,1,1975.7,1,2.516,1,34.662,1
5905620,2025-12-16T00:30:20Z,1,-47.16612,142.42052,1,1977.4,1,34.663,1,2.512,1,1977.4,1,2.512,1,34.663,1
5905620,2025-12-16T00:30:20Z,1,-47.16612,142.42052,1,1979.2,1,34.664,1,2.51,1,1979.2,1,2.51,1,34.664,1
5905620,2025-12-16T00:30:20Z,1,-47.16612,142.42052,1,1981.4,1,34.664,1,2.508,1,1981.4,1,2.508,1,34.664,1
5905620,2025-12-16T00:30:20Z,1,-47.16612,142.42052,1,1983.6,1,34.665,1,2.506,1,1983.6,1,2.506,1,34.665,1
5905620,2025-12-16T00:30:20Z,1,-47.16612,142.42052,1,1985.4,1,34.667,1,2.502,1,1985.4,1,2.502,1,34.667,1
5905620,2025-12-16T00:30:20Z,1,-47.16612,142.42052,1,1987.3,1,34.667,1,2.502,1,1987.3,1,2.502,1,34.667,1
5905620,2025-12-16T00:30:20Z,1,-47.16612,142.42052,1,1989.5,1,34.667,1,2.502,1,1989.5,1,2.502,1,34.667,1
5905620,2025-12-16T00:30:20Z,1,-47.16612,142.42052,1,1991.7,1,34.667,1,2.503,1,1991.7,1,2.503,1,34.667,1
5905620,2025-12-16T00:30:20Z,1,-47.16612,142.42052,1,1993.3,1,34.667,1,2.502,1,1993.3,1,2.502,1,34.667,1
5905620,2025-12-16T00:30:20Z,1,-47.16612,142.42052,1,1995.2,1,34.668,1,2.499,1,1995.2,1,2.499,1,34.668,1
5905620,2025-12-16T00:30:20Z,1,-47.16612,142.42052,1,1997.5,1,34.669,1,2.498,1,1997.5,1,2.498,1,34.669,1
5905620,2025-12-16T00:30:20Z,1,-47.16612,142.42052,1,1999.5,1,34.67,1,2.496,1,1999.5,1,2.496,1,34.67,1
5905620,2025-12-16T00:30:20Z,1,-47.16612,142.42052,1,2001.4,1,34.67,1,2.496,1,2001.4,1,2.496,1,34.67,1
