X,Y,Distancia,LabelLinea,Linea,Nodo,Nombre,Package,Ruta,Sublinea,ObjectId
-667375.144237482,4493988.00710261,0,27,27,1,Campana (Sierpes),540,2711,2710,1
-667375.144237482,4493988.00710261,10370,27,27,1,Campana (Sierpes),540,2712,2710,2
-666246.317957971,4493379.77194939,3982,01,1,2,Menéndez Pelayo (Puerta Carmona),540,111,110,3
-666246.317957971,4493379.77194939,4458,21,21,2,Menéndez Pelayo (Puerta Carmona),540,2112,2110,4
-666246.317957971,4493379.77194939,2650,C3,83,2,Menéndez Pelayo (Puerta Carmona),540,8311,8310,5
-666246.317957971,4493379.77194939,8206,A1,101,2,Menéndez Pelayo (Puerta Carmona),540,10112,10110,6
-666246.317957971,4493379.77194939,8206,A1,101,2,Menéndez Pelayo (Puerta Carmona),540,10114,10111,7
-666246.317957971,4493379.77194939,6068,A3,103,2,Menéndez Pelayo (Puerta Carmona),540,10312,10310,8
-666246.317957971,4493379.77194939,6068,A3,103,2,Menéndez Pelayo (Puerta Carmona),540,10314,10311,9
-666246.317957971,4493379.77194939,7190,A8,110,2,Menéndez Pelayo (Puerta Carmona),540,11012,11010,10
-666246.317957971,4493379.77194939,7190,A8,110,2,Menéndez Pelayo (Puerta Carmona),540,11014,11011,11
-666360.655019597,4493069.25422835,4247,01,1,3,Menéndez Pelayo (Puerta de La Carne),540,111,110,12
-666360.655019597,4493069.25422835,4723,21,21,3,Menéndez Pelayo (Puerta de La Carne),540,2112,2110,13
-666360.655019597,4493069.25422835,2915,C3,83,3,Menéndez Pelayo (Puerta de La Carne),540,8311,8310,14
-666360.655019597,4493069.25422835,8471,A1,101,3,Menéndez Pelayo (Puerta de La Carne),540,10112,10110,15
-666360.655019597,4493069.25422835,8471,A1,101,3,Menéndez Pelayo (Puerta de La Carne),540,10114,10111,16
-666360.655019597,4493069.25422835,7455,A8,110,3,Menéndez Pelayo (Puerta de La Carne),540,11012,11010,17
-666360.655019597,4493069.25422835,7455,A8,110,3,Menéndez Pelayo (Puerta de La Carne),540,11014,11011,18
-666550.314388654,4492607.50302776,5075,05,5,4,Menéndez Pelayo (Juzgados) [C][M],540,512,510,19
-666550.314388654,4492607.50302776,5119,21,21,4,Menéndez Pelayo (Juzgados) [C][M],540,2112,2110,20
-666550.314388654,4492607.50302776,8867,A1,101,4,Menéndez Pelayo (Juzgados) [C][M],540,10112,10110,21
-666550.314388654,4492607.50302776,8867,A1,101,4,Menéndez Pelayo (Juzgados) [C][M],540,10114,10111,22
-666550.314388654,4492607.50302776,6729,A3,103,4,Menéndez Pelayo (Juzgados) [C][M],540,10312,10310,23
-666550.314388654,4492607.50302776,6729,A3,103,4,Menéndez Pelayo (Juzgados) [C][M],540,10314,10311,24
-666550.314388654,4492607.50302776,11272,A4,104,4,Menéndez Pelayo (Juzgados) [C][M],540,10412,10410,25
-666550.314388654,4492607.50302776,11272,A4,104,4,Menéndez Pelayo (Juzgados) [C][M],540,10414,10411,26
-666550.314388654,4492607.50302776,7851,A8,110,4,Menéndez Pelayo (Juzgados) [C][M],540,11012,11010,27
-666550.314388654,4492607.50302776,7851,A8,110,4,Menéndez Pelayo (Juzgados) [C][M],540,11014,11011,28
-666816.941612118,4491974.76581297,526,34,34,5,Avda. María Luisa (Teatro Lope de Vega),540,3411,3410,29
-666816.941612118,4491974.76581297,540,C1,81,5,Avda. María Luisa (Teatro Lope de Vega),540,8112,8110,30
-666816.941612118,4491974.76581297,655,A7,107,5,Avda. María Luisa (Teatro Lope de Vega),540,10711,10710,31
-666816.941612118,4491974.76581297,726,A7,107,5,Avda. María Luisa (Teatro Lope de Vega),540,10713,10711,32
-665481.310702558,4486383.85836148,8638,CJ,128,6,Palmas Altas,540,12811,12810,33
-665481.310702558,4486383.85836148,0,CJ,128,6,Palmas Altas,540,12812,12810,34
-667367.925190768,4493989.61058217,0,32,32,7,Plaza del Duque (La Campana),540,3211,3210,35
-667367.925190768,4493989.61058217,6990,32,32,7,Plaza del Duque (La Campana),540,3212,3210,36
-667256.454516974,4495220.61974395,7512,13,13,8,Calatrava (Alameda de Hércules),540,1312,1310,37
-667256.454516974,4495220.61974395,2296,14,14,8,Calatrava (Alameda de Hércules),540,1412,1410,38
-667256.454516974,4495220.61974395,6646,A7,107,8,Calatrava (Alameda de Hércules),540,10711,10710,39
-667256.454516974,4495220.61974395,6717,A7,107,8,Calatrava (Alameda de Hércules),540,10713,10711,40
-666538.37110973,4494033.43909018,675,32,32,9,Plaza Ponce de León,540,3211,3210,41
-667973.210906832,4492371.82533899,1583,C3,83,10,Pagés del Corro (Troya),540,8312,8310,42
-668375.779254931,4492970.91662197,2748,43,43,12,San Jorge (Altozano),540,4312,4310,43
-668577.59424484,4493257.38090398,2443,43,43,13,Castilla (Procurador),540,4312,4310,44
-666303.964221945,4498553.03298917,15595,03,3,14,Navarra (Larache),540,311,310,45
-668134.153320432,4494489.90779388,7400,06,6,15,Torneo (Baños),540,612,610,46
-668134.153320432,4494489.90779388,4040,C3,83,15,Torneo (Baños),540,8312,8310,47
-668134.153320432,4494489.90779388,3198,A2,102,15,Torneo (Baños),540,10211,10210,48
-668134.153320432,4494489.90779388,3571,A2,102,15,Torneo (Baños),540,10213,10211,49
-668134.153320432,4494489.90779388,5425,A7,107,15,Torneo (Baños),540,10711,10710,50
-668134.153320432,4494489.90779388,5496,A7,107,15,Torneo (Baños),540,10713,10711,51
-667705.52206278,4495121.72744133,8010,06,6,16,Torneo (Puerta de San Juan),540,612,610,52
-667705.52206278,4495121.72744133,4650,C3,83,16,Torneo (Puerta de San Juan),540,8312,8310,53
-667705.52206278,4495121.72744133,3808,A2,102,16,Torneo (Puerta de San Juan),540,10211,10210,54
-667705.52206278,4495121.72744133,4181,A2,102,16,Torneo (Puerta de San Juan),540,10213,10211,55
-667705.52206278,4495121.72744133,6035,A7,107,16,Torneo (Puerta de San Juan),540,10711,10710,56
-667705.52206278,4495121.72744133,6106,A7,107,16,Torneo (Puerta de San Juan),540,10713,10711,57
-667389.582342042,4495441.3934903,2086,14,14,17,Puerta de La Barqueta,540,1412,1410,58
-667389.582342042,4495441.3934903,6436,A7,107,17,Puerta de La Barqueta,540,10711,10710,59
-667389.582342042,4495441.3934903,6507,A7,107,17,Puerta de La Barqueta,540,10713,10711,60
-667050.711518644,4495478.81322749,5035,02,2,18,Resolana (Feria),540,211,210,61
-667050.711518644,4495478.81322749,2448,C1,81,18,Resolana (Feria),540,8111,8110,62
-667050.711518644,4495478.81322749,292,C3,83,18,Resolana (Feria),540,8311,8310,63
-659200.097903724,4496575.27076534,11085,A8,110,795,Escritor A. Grosso (Ildefonso Marañon),540,11011,11010,64
-667050.711518644,4495478.81322749,4499,A2,102,18,Resolana (Feria),540,10211,10210,65
-667050.711518644,4495478.81322749,4872,A2,102,18,Resolana (Feria),540,10213,10211,66
-666635.669075762,4495439.25522203,2781,C1,81,19,Parlamento de Andalucía (Macarena) [C],540,8111,8110,67
-666635.669075762,4495439.25522203,625,C3,83,19,Parlamento de Andalucía (Macarena) [C],540,8311,8310,68
-666116.746579127,4494970.98529605,2544,01,1,20,Ronda de Capuchinos (San Julián),540,111,110,69
-666116.746579127,4494970.98529605,3106,10,10,20,Ronda de Capuchinos (San Julián),540,1012,1010,70
-666116.746579127,4494970.98529605,3368,C1,81,20,Ronda de Capuchinos (San Julián),540,8111,8110,71
-666116.746579127,4494970.98529605,1212,C3,83,20,Ronda de Capuchinos (San Julián),540,8311,8310,72
-665857.869229369,4494683.93973016,2877,01,1,21,Ronda de Capuchinos (La Trinidad),540,111,110,73
-665857.869229369,4494683.93973016,3062,11,11,21,Ronda de Capuchinos (La Trinidad),540,1112,1110,74
-665857.869229369,4494683.93973016,3701,C1,81,21,Ronda de Capuchinos (La Trinidad),540,8111,8110,75
-666090.789834973,4494237.61818538,4875,01,1,22,María Auxiliadora (Puerta Osario),540,112,110,76
-666090.789834973,4494237.61818538,1453,C4,84,22,María Auxiliadora (Puerta Osario),540,8412,8410,77
-665893.433680475,4494842.16126503,5417,01,1,23,Ronda de Capuchinos (Avenida Miraflores),540,112,110,78
-665893.433680475,4494842.16126503,1034,10,10,23,Ronda de Capuchinos (Avenida Miraflores),540,1011,1010,79
-665893.433680475,4494842.16126503,931,16,16,23,Ronda de Capuchinos (Avenida Miraflores),540,1611,1610,80
-665893.433680475,4494842.16126503,4235,C2,82,23,Ronda de Capuchinos (Avenida Miraflores),540,8212,8210,81
-665893.433680475,4494842.16126503,1995,C4,84,23,Ronda de Capuchinos (Avenida Miraflores),540,8412,8410,82
-666090.789834973,4494962.96715148,5604,01,1,24,Ronda de Capuchinos (León XIII),540,112,110,83
-666090.789834973,4494962.96715148,1221,10,10,24,Ronda de Capuchinos (León XIII),540,1011,1010,84
-666090.789834973,4494962.96715148,4422,C2,82,24,Ronda de Capuchinos (León XIII),540,8212,8210,85
-666090.789834973,4494962.96715148,2182,C4,84,24,Ronda de Capuchinos (León XIII),540,8412,8410,86
-666301.257076644,4495205.1176488,5869,01,1,25,Muñoz León (Sánchez Perrier),540,112,110,87
-666301.257076644,4495205.1176488,1486,10,10,25,Muñoz León (Sánchez Perrier),540,1011,1010,88
-666301.257076644,4495205.1176488,1383,16,16,25,Muñoz León (Sánchez Perrier),540,1611,1610,89
-666301.257076644,4495205.1176488,4687,C2,82,25,Muñoz León (Sánchez Perrier),540,8212,8210,90
-666301.257076644,4495205.1176488,2447,C4,84,25,Muñoz León (Sánchez Perrier),540,8412,8410,91
-666641.932667286,4495459.56877416,5039,C2,82,26,Parlamento de Andalucía (Macarena) [C],540,8212,8210,92
-666641.932667286,4495459.56877416,2609,A2,102,26,Parlamento de Andalucía (Macarena) [C],540,10212,10210,93
-666641.932667286,4495459.56877416,2609,A2,102,26,Parlamento de Andalucía (Macarena) [C],540,10214,10211,94
-667248.651577267,4495524.25165106,7015,13,13,27,Resolana (Barqueta),540,1312,1310,95
-667248.651577267,4495524.25165106,3288,C4,84,27,Resolana (Barqueta),540,8412,8410,96
-667248.651577267,4495524.25165106,3098,A2,102,27,Resolana (Barqueta),540,10212,10210,97
-667248.651577267,4495524.25165106,3098,A2,102,27,Resolana (Barqueta),540,10214,10211,98
-666608.491468488,4495467.05271548,9055,02,2,28,Parlamento de Andalucía (Macarena) [C],540,212,210,99
-667755.949268908,4495128.14205348,2569,06,6,29,Torneo (Puerta de San Juan),540,611,610,100
-667755.949268908,4495128.14205348,3855,C4,84,29,Torneo (Puerta de San Juan),540,8412,8410,101
-667755.949268908,4495128.14205348,3673,A2,102,29,Torneo (Puerta de San Juan),540,10212,10210,102
-667755.949268908,4495128.14205348,3673,A2,102,29,Torneo (Puerta de San Juan),540,10214,10211,103
-668205.388376911,4494457.83674956,3211,06,6,30,Torneo (Baños),540,611,610,104
-668205.388376911,4494457.83674956,4497,C4,84,30,Torneo (Baños),540,8412,8410,105
-668205.388376911,4494457.83674956,4315,A2,102,30,Torneo (Baños),540,10212,10210,106
-668205.388376911,4494457.83674956,4315,A2,102,30,Torneo (Baños),540,10214,10211,107
-666336.184546492,4493730.38474836,3087,C5,121,31,Santiago (Pza J. de La Redención),540,12112,12110,108
-667492.135356143,4494122.1656408,4258,C5,121,32,Teniente Borges (Plaza Duque),540,12111,12110,109
-667492.135356143,4494122.1656408,0,C5,121,32,Teniente Borges (Plaza Duque),540,12112,12110,110
-668780.630097869,4493208.21111213,2098,43,43,33,Clara de Jesús Montero (Procurador),540,4312,4310,111
-668780.630097869,4493208.21111213,2571,C3,83,33,Clara de Jesús Montero (Procurador),540,8312,8310,112
-668144.13258958,4492542.30367787,1345,40,40,34,Pagés del Corro (Evangelista),540,4012,4010,113
-667744.90836804,4492247.30841785,1363,C3,83,35,Génova (Plaza de Cuba) [M],540,8312,8310,114
-667423.076629105,4491460.69488331,7386,06,6,38,Virgen de Luján (Sebastián Elcano),540,611,610,115
-667423.076629105,4491460.69488331,3209,41,41,38,Virgen de Luján (Sebastián Elcano),540,4112,4110,116
-667423.076629105,4491460.69488331,5183,C2,82,38,Virgen de Luján (Sebastián Elcano),540,8211,8210,117
-666935.153593899,4491611.92104736,5641,C2,82,39,Glorieta Marineros Voluntarios,540,8211,8210,118
-666774.211191431,4492040.49603482,6514,34,34,40,Avenida María Luisa (Teatro Lope de Vega),540,3412,3410,119
-666774.211191431,4492040.49603482,6019,C2,82,40,Avenida María Luisa (Teatro Lope de Vega),540,8211,8210,120
-666774.211191431,4492040.49603482,9811,A6,106,40,Avenida María Luisa (Teatro Lope de Vega),540,10612,10610,121
-666774.211191431,4492040.49603482,9811,A6,106,40,Avenida María Luisa (Teatro Lope de Vega),540,10614,10611,122
-666938.603874724,4493985.33463722,9672,27,27,41,Imagen (Plaza Encarnación),540,2712,2710,123
-666938.603874724,4493985.33463722,6286,32,32,41,Imagen (Plaza Encarnación),540,3212,3210,124
-666308.741531288,4493120.02671657,3964,01,1,42,Menéndez Pelayo (Puerta de La Carne),540,112,110,125
-666308.741531288,4493120.02671657,3250,21,21,42,Menéndez Pelayo (Puerta de La Carne),540,2111,2110,126
-666308.741531288,4493120.02671657,542,C4,84,42,Menéndez Pelayo (Puerta de La Carne),540,8412,8410,127
-666308.741531288,4493120.02671657,786,A1,101,42,Menéndez Pelayo (Puerta de La Carne),540,10111,10110,128
-666308.741531288,4493120.02671657,1191,A1,101,42,Menéndez Pelayo (Puerta de La Carne),540,10113,10111,129
-666308.741531288,4493120.02671657,815,A3,103,42,Menéndez Pelayo (Puerta de La Carne),540,10311,10310,130
-666308.741531288,4493120.02671657,1148,A3,103,42,Menéndez Pelayo (Puerta de La Carne),540,10313,10311,131
-666308.741531288,4493120.02671657,938,A8,110,42,Menéndez Pelayo (Puerta de La Carne),540,11011,11010,132
-666308.741531288,4493120.02671657,952,A8,110,42,Menéndez Pelayo (Puerta de La Carne),540,11013,11011,133
-666165.422106276,4493560.95606984,4332,01,1,43,Recaredo (Puerta Carmona),540,112,110,134
-666165.422106276,4493560.95606984,910,C4,84,43,Recaredo (Puerta Carmona),540,8412,8410,135
-666165.422106276,4493560.95606984,1154,A1,101,43,Recaredo (Puerta Carmona),540,10111,10110,136
-666165.422106276,4493560.95606984,1559,A1,101,43,Recaredo (Puerta Carmona),540,10113,10111,137
-666165.422106276,4493560.95606984,1306,A8,110,43,Recaredo (Puerta Carmona),540,11011,11010,138
-666165.422106276,4493560.95606984,1320,A8,110,43,Recaredo (Puerta Carmona),540,11013,11011,139
-665071.417142347,4496773.6183202,3274,11,11,44,Comunidad Extremeña,540,1111,1110,140
-665071.417142347,4496773.6183202,0,11,11,44,Comunidad Extremeña,540,1112,1110,141
-665284.007625194,4496853.81379987,4683,13,13,45,Avenida La Barzola (Bahía de Cádiz),540,1312,1310,142
-665284.007625194,4496853.81379987,4245,A1,101,45,Avenida La Barzola (Bahía de Cádiz),540,10112,10110,143
-665284.007625194,4496853.81379987,4245,A1,101,45,Avenida La Barzola (Bahía de Cádiz),540,10114,10111,144
-665475.100188167,4496381.73849169,1187,11,11,46,Av. La Barzola (Pza. A. Martín Caro),540,1112,1110,145
-665475.100188167,4496381.73849169,5082,13,13,46,Av. La Barzola (Pza. A. Martín Caro),540,1312,1310,146
-665475.100188167,4496381.73849169,4644,A1,101,46,Av. La Barzola (Pza. A. Martín Caro),540,10112,10110,147
-665475.100188167,4496381.73849169,4644,A1,101,46,Av. La Barzola (Pza. A. Martín Caro),540,10114,10111,148
-665612.633760381,4495986.66572021,1568,11,11,47,Madreselva,540,1112,1110,149
-662143.613545442,4490269.13030511,5014,26,26,50,Carmen Vendrell,540,2611,2610,150
-662143.613545442,4490269.13030511,0,26,26,50,Carmen Vendrell,540,2612,2610,151
-665976.718192409,4487256.08991346,404,34,34,51,Chipre (Avenida Alemania),540,3412,3410,152
-664758.503051972,4496078.61637272,2335,12,12,52,San Juan de La Salle (Alc. M. del Valle),540,1211,1210,153
-664758.503051972,4496078.61637272,3586,16,16,52,San Juan de La Salle (Alc. M. del Valle),540,1611,1610,154
-664758.503051972,4496078.61637272,3556,A1,101,52,San Juan de La Salle (Alc. M. del Valle),540,10111,10110,155
-664758.503051972,4496078.61637272,3961,A1,101,52,San Juan de La Salle (Alc. M. del Valle),540,10113,10111,156
-666163.033446038,4491844.90976913,5624,01,1,53,Avenida La Borbolla (Capitanía),540,111,110,157
-666163.033446038,4491844.90976913,434,30,30,53,Avenida La Borbolla (Capitanía),540,3011,3010,158
-666163.033446038,4491844.90976913,456,31,31,53,Avenida La Borbolla (Capitanía),540,3111,3110,159
-666163.033446038,4491844.90976913,1858,37,37,53,Avenida La Borbolla (Capitanía),540,3711,3710,160
-666163.033446038,4491844.90976913,546,A6,106,53,Avenida La Borbolla (Capitanía),540,10611,10610,161
-666163.033446038,4491844.90976913,715,A6,106,53,Avenida La Borbolla (Capitanía),540,10613,10611,162
-666294.091107063,4491407.7929659,5984,01,1,54,Avenida La Borbolla (Montevideo),540,111,110,163
-666294.091107063,4491407.7929659,794,30,30,54,Avenida La Borbolla (Montevideo),540,3011,3010,164
-666294.091107063,4491407.7929659,816,31,31,54,Avenida La Borbolla (Montevideo),540,3111,3110,165
-666294.091107063,4491407.7929659,2218,37,37,54,Avenida La Borbolla (Montevideo),540,3711,3710,166
-666294.091107063,4491407.7929659,906,A6,106,54,Avenida La Borbolla (Montevideo),540,10611,10610,167
-666294.091107063,4491407.7929659,1075,A6,106,54,Avenida La Borbolla (Montevideo),540,10613,10611,168
-666315.907500869,4491136.34083265,6199,01,1,55,Avenida La Borbolla (Plaza América),540,111,110,169
-666315.907500869,4491136.34083265,1031,31,31,55,Avenida La Borbolla (Plaza América),540,3111,3110,170
-666315.907500869,4491136.34083265,2433,37,37,55,Avenida La Borbolla (Plaza América),540,3711,3710,171
-666315.907500869,4491136.34083265,1121,A6,106,55,Avenida La Borbolla (Plaza América),540,10611,10610,172
-666315.907500869,4491136.34083265,1290,A6,106,55,Avenida La Borbolla (Plaza América),540,10613,10611,173
-666282.466302071,4490470.03038248,6727,01,1,56,Manuel Siurot (Edificio La Estrella),540,111,110,174
-666282.466302071,4490470.03038248,2961,37,37,56,Manuel Siurot (Edificio La Estrella),540,3711,3710,175
-666282.466302071,4490470.03038248,1649,A6,106,56,Manuel Siurot (Edificio La Estrella),540,10611,10610,176
-666282.466302071,4490470.03038248,1818,A6,106,56,Manuel Siurot (Edificio La Estrella),540,10613,10611,177
-666071.04360521,4489996.10471298,7138,01,1,57,Manuel Siurot (Cardenal Ilundain),540,111,110,178
-666071.04360521,4489996.10471298,3372,37,37,57,Manuel Siurot (Cardenal Ilundain),540,3711,3710,179
-666071.04360521,4489996.10471298,2060,A6,106,57,Manuel Siurot (Cardenal Ilundain),540,10611,10610,180
-666071.04360521,4489996.10471298,2229,A6,106,57,Manuel Siurot (Cardenal Ilundain),540,10613,10611,181
-665864.451305957,4489556.92774779,7523,01,1,58,Manuel Siurot (Hospital V.Rocio),540,111,110,182
-665864.451305957,4489556.92774779,3757,37,37,58,Manuel Siurot (Hospital V.Rocio),540,3711,3710,183
-665864.451305957,4489556.92774779,2445,A6,106,58,Manuel Siurot (Hospital V.Rocio),540,10611,10610,184
-665864.451305957,4489556.92774779,2614,A6,106,58,Manuel Siurot (Hospital V.Rocio),540,10613,10611,185
-665643.739387208,4489067.01596511,7949,01,1,59,Manuel Siurot (Carretera Su Eminencia),540,111,110,186
-665643.739387208,4489067.01596511,4183,37,37,59,Manuel Siurot (Carretera Su Eminencia),540,3711,3710,187
-665643.739387208,4489067.01596511,2871,A6,106,59,Manuel Siurot (Carretera Su Eminencia),540,10611,10610,188
-665643.739387208,4489067.01596511,3040,A6,106,59,Manuel Siurot (Carretera Su Eminencia),540,10613,10611,189
-665944.126294533,4489043.50931893,13931,02,2,60,Padre G. Tejero (Est. Benito Villamarín),540,211,210,190
-665944.126294533,4489043.50931893,11657,06,6,60,Padre G. Tejero (Est. Benito Villamarín),540,611,610,191
-665944.126294533,4489043.50931893,0,06,6,60,Padre G. Tejero (Est. Benito Villamarín),540,612,610,192
-666404.287818341,4488898.19668454,6277,03,3,61,Reina Mercedes (Gta. Alc. Parias Merry),540,311,310,193
-666404.287818341,4488898.19668454,3676,34,34,61,Reina Mercedes (Gta. Alc. Parias Merry),540,3412,3410,194
-666404.287818341,4488898.19668454,6973,A6,106,61,Reina Mercedes (Gta. Alc. Parias Merry),540,10612,10610,195
-666404.287818341,4488898.19668454,6973,A6,106,61,Reina Mercedes (Gta. Alc. Parias Merry),540,10614,10611,196
-666389.955879179,4489227.82418832,696,06,6,62,Reina Mercedes (E.S.I. Informática),540,612,610,197
-666389.955879179,4489227.82418832,3937,34,34,62,Reina Mercedes (E.S.I. Informática),540,3412,3410,198
-666389.955879179,4489227.82418832,7234,A6,106,62,Reina Mercedes (E.S.I. Informática),540,10612,10610,199
-666389.955879179,4489227.82418832,7234,A6,106,62,Reina Mercedes (E.S.I. Informática),540,10614,10611,200
-666374.403065766,4489658.97331834,6880,03,3,63,Reina Mercedes (Escuela de Arquitectura),540,311,310,201
-666374.403065766,4489658.97331834,1038,06,6,63,Reina Mercedes (Escuela de Arquitectura),540,612,610,202
-666374.403065766,4489658.97331834,4279,34,34,63,Reina Mercedes (Escuela de Arquitectura),540,3412,3410,203
-666374.403065766,4489658.97331834,7576,A6,106,63,Reina Mercedes (Escuela de Arquitectura),540,10612,10610,204
-666374.403065766,4489658.97331834,7576,A6,106,63,Reina Mercedes (Escuela de Arquitectura),540,10614,10611,205
-666108.094338497,4490138.22674286,1067,01,1,64,Manuel Siurot (Gustavo Gallardo),540,112,110,206
-666108.094338497,4490138.22674286,7584,37,37,64,Manuel Siurot (Gustavo Gallardo),540,3712,3710,207
-666253.218530754,4490455.06960965,1345,01,1,65,Manuel Siurot (Edificio La Estrella),540,112,110,208
-666253.218530754,4490455.06960965,7862,37,37,65,Manuel Siurot (Edificio La Estrella),540,3712,3710,209
-666290.800068769,4491135.27213655,1890,01,1,66,Avenida La Borbolla (Felipe Ii),540,112,110,210
-666290.800068769,4491135.27213655,2796,30,30,66,Avenida La Borbolla (Felipe Ii),540,3012,3010,211
-666290.800068769,4491135.27213655,4989,31,31,66,Avenida La Borbolla (Felipe Ii),540,3112,3110,212
-666290.800068769,4491135.27213655,8407,37,37,66,Avenida La Borbolla (Felipe Ii),540,3712,3710,213
-666290.800068769,4491135.27213655,3154,A5,105,66,Avenida La Borbolla (Felipe Ii),540,10512,10510,214
-666290.800068769,4491135.27213655,3154,A5,105,66,Avenida La Borbolla (Felipe Ii),540,10514,10511,215
-666270.523023146,4491394.43394136,2096,01,1,67,Avenida La Borbolla (Montevideo),540,112,110,216
-666270.523023146,4491394.43394136,3002,30,30,67,Avenida La Borbolla (Montevideo),540,3012,3010,217
-666270.523023146,4491394.43394136,5195,31,31,67,Avenida La Borbolla (Montevideo),540,3112,3110,218
-666270.523023146,4491394.43394136,8613,37,37,67,Avenida La Borbolla (Montevideo),540,3712,3710,219
-666270.523023146,4491394.43394136,3360,A5,105,67,Avenida La Borbolla (Montevideo),540,10512,10510,220
-666270.523023146,4491394.43394136,3360,A5,105,67,Avenida La Borbolla (Montevideo),540,10514,10511,221
-666057.932529167,4492081.11003394,2671,01,1,68,Avda. La Borbolla (Dr. Pedro de Castro),540,112,110,222
-666057.932529167,4492081.11003394,9188,37,37,68,Avda. La Borbolla (Dr. Pedro de Castro),540,3712,3710,223
-666057.932529167,4492081.11003394,3935,A5,105,68,Avda. La Borbolla (Dr. Pedro de Castro),540,10512,10510,224
-666057.932529167,4492081.11003394,3935,A5,105,68,Avda. La Borbolla (Dr. Pedro de Castro),540,10514,10511,225
-666706.214084981,4492249.44603639,0,C5,121,69,El Cid Av. (Rectorado),540,12111,12110,226
-666706.214084981,4492249.44603639,4451,C5,121,69,El Cid Av. (Rectorado),540,12112,12110,227
-666706.214084981,4492249.44603639,1290,CJ,128,69,El Cid Av. (Rectorado),540,12811,12810,228
-667128.847147906,4493993.88652885,197,27,27,70,Laraña (Plaza Encarnación),540,2711,2710,229
-667128.847147906,4493993.88652885,191,32,32,70,Laraña (Plaza Encarnación),540,3211,3210,230
-667128.847147906,4493993.88652885,263,A7,107,70,Laraña (Plaza Encarnación),540,10712,10710,231
-667128.847147906,4493993.88652885,263,A7,107,70,Laraña (Plaza Encarnación),540,10714,10711,232
-665829.205339914,4494853.92107721,1047,11,11,71,Avenida Miraflores (San Juan Bosco),540,1111,1110,233
-665829.205339914,4494853.92107721,1036,12,12,71,Avenida Miraflores (San Juan Bosco),540,1211,1210,234
-665829.205339914,4494853.92107721,2257,A1,101,71,Avenida Miraflores (San Juan Bosco),540,10111,10110,235
-665829.205339914,4494853.92107721,2662,A1,101,71,Avenida Miraflores (San Juan Bosco),540,10113,10111,236
-665519.900784028,4495242.00198702,1443,11,11,72,Avenida Miraflores (Retiro Obrero),540,1111,1110,237
-665519.900784028,4495242.00198702,1432,12,12,72,Avenida Miraflores (Retiro Obrero),540,1211,1210,238
-665519.900784028,4495242.00198702,2653,A1,101,72,Avenida Miraflores (Retiro Obrero),540,10111,10110,239
-665519.900784028,4495242.00198702,3058,A1,101,72,Avenida Miraflores (Retiro Obrero),540,10113,10111,240
-665310.866747405,4495519.97509522,1719,11,11,73,Av. Miraflores (Sta. María de Ordás),540,1111,1110,241
-665310.866747405,4495519.97509522,1708,12,12,73,Av. Miraflores (Sta. María de Ordás),540,1211,1210,242
-665310.866747405,4495519.97509522,2929,A1,101,73,Av. Miraflores (Sta. María de Ordás),540,10111,10110,243
-665310.866747405,4495519.97509522,3334,A1,101,73,Av. Miraflores (Sta. María de Ordás),540,10113,10111,244
-665078.583111928,4495774.96843474,1985,12,12,74,Av. San Juan de La Salle (Av. Llanes),540,1211,1210,245
-665078.583111928,4495774.96843474,3236,16,16,74,Av. San Juan de La Salle (Av. Llanes),540,1611,1610,246
-665078.583111928,4495774.96843474,3206,A1,101,74,Av. San Juan de La Salle (Av. Llanes),540,10111,10110,247
-665078.583111928,4495774.96843474,3611,A1,101,74,Av. San Juan de La Salle (Av. Llanes),540,10113,10111,248
-659256.204808383,4491716.65844888,1124,39,39,75,Parsi 6 (Parsi 2,540,3912,3910,249
-659256.204808383,4491716.65844888,1124,39,39,75,Parsi 6 (Parsi 2,540,3914,3911,250
-666678.664904379,4496059.90541862,2152,14,14,76,Avenida Sánchez Pizjuán (Doctor Marañón),540,1411,1410,251
-666151.674060107,4496028.89877291,6069,02,2,77,Doctor Leal Castaños (Huerta del Carmen),540,211,210,252
-666151.674060107,4496028.89877291,2416,13,13,77,Doctor Leal Castaños (Huerta del Carmen),540,1311,1310,253
-666151.674060107,4496028.89877291,2621,14,14,77,Doctor Leal Castaños (Huerta del Carmen),540,1411,1410,254
-665777.87575573,4496032.6409388,6366,02,2,78,Sor Francisca Dorotea (Bda. La Barzola),540,211,210,255
-665777.87575573,4496032.6409388,2713,13,13,78,Sor Francisca Dorotea (Bda. La Barzola),540,1311,1310,256
-665777.87575573,4496032.6409388,2918,14,14,78,Sor Francisca Dorotea (Bda. La Barzola),540,1411,1410,257
-665777.87575573,4496032.6409388,2597,16,16,78,Sor Francisca Dorotea (Bda. La Barzola),540,1611,1610,258
-665434.493019787,4495943.36365198,6672,02,2,79,Ronda de Pío XII (Madreselva),540,211,210,259
-665434.493019787,4495943.36365198,5143,A1,101,79,Ronda de Pío XII (Madreselva),540,10112,10110,260
-665434.493019787,4495943.36365198,5143,A1,101,79,Ronda de Pío XII (Madreselva),540,10114,10111,261
-666423.503243376,4492296.4737263,9666,37,37,80,Prado San Sebastián (Carlos V) [C][M],540,3712,3710,262
-666423.503243376,4492296.4737263,11220,EA,100,80,Prado San Sebastián (Carlos V) [C][M],540,10012,10010,263
-666423.503243376,4492296.4737263,0,A3,103,80,Prado San Sebastián (Carlos V) [C][M],540,10311,10310,264
-666423.503243376,4492296.4737263,7898,A3,103,80,Prado San Sebastián (Carlos V) [C][M],540,10312,10310,265
-665147.376431036,4487486.84544681,4945,37,37,81,Glta. Letonia (Sta.M. de La Cabeza),540,3712,3710,266
-665147.376431036,4487486.84544681,4210,A6,106,81,Glta. Letonia (Sta.M. de La Cabeza),540,10612,10610,267
-665147.376431036,4487486.84544681,4210,A6,106,81,Glta. Letonia (Sta.M. de La Cabeza),540,10614,10611,268
-668318.663806817,4493896.60924253,9255,03,3,82,Torneo (Plaza de Armas)[C],540,312,310,269
-664659.665726626,4495333.41155693,1860,15,15,83,Carretera Carmona (Rafael Alberti),540,1511,1510,270
-666277.105099734,4492248.37722707,0,28,28,84,Avda. Carlos V (Prado San Sebastián) [C][M],540,2811,2810,271
-666277.105099734,4492248.37722707,8243,28,28,84,Avda. Carlos V (Prado San Sebastián) [C][M],540,2812,2810,272
-666277.105099734,4492248.37722707,0,A8,110,84,Avda. Carlos V (Prado San Sebastián) [C][M],540,11011,11010,273
-666277.105099734,4492248.37722707,8897,A8,110,84,Avda. Carlos V (Prado San Sebastián) [C][M],540,11012,11010,274
-668300.828498565,4493875.76422596,0,EA,100,85,Torneo (Estacion Plz. Armas)[C],540,10011,10010,275
-668300.828498565,4493875.76422596,14205,EA,100,85,Torneo (Estacion Plz. Armas)[C],540,10012,10010,276
-663143.770835296,4495036.19970989,5764,20,20,86,Pedro Romero (Antonio de Lara),540,2011,2010,277
-663143.770835296,4495036.19970989,0,20,20,86,Pedro Romero (Antonio de Lara),540,2012,2010,278
-663143.770835296,4495036.19970989,1783,B3,87,86,Pedro Romero (Antonio de Lara),540,8712,8710,279
-663456.684914539,4494789.77684917,322,20,20,87,Pedro Romero (Frascuelo),540,2012,2010,280
-663456.684914539,4494789.77684917,2105,B3,87,87,Pedro Romero (Frascuelo),540,8712,8710,281
-658942.122932022,4492900.37065114,7744,29,29,88,Avda. Parsi (Las Lumbreras),540,2911,2910,282
-658942.122932022,4492900.37065114,4405,39,39,88,Avda. Parsi (Las Lumbreras),540,3911,3910,283
-658942.122932022,4492900.37065114,5535,39,39,88,Avda. Parsi (Las Lumbreras),540,3913,3911,284
-664020.726492098,4494275.56814115,1381,21,21,89,Solea Av.(Parroquia del Pilar),540,2112,2110,285
-664020.726492098,4494275.56814115,3315,B3,87,89,Solea Av.(Parroquia del Pilar),540,8712,8710,286
-664370.744381762,4493892.86782374,1829,21,21,90,Solea Av. (El Greco),540,2112,2110,287
-664370.744381762,4493892.86782374,3763,B3,87,90,Solea Av. (El Greco),540,8712,8710,288
-665717.416192189,4491825.13758957,0,CJ,128,91,Dr. Ordoñez de La Barrera [R][C][M],540,12811,12810,289
-665717.416192189,4491825.13758957,7583,CJ,128,91,Dr. Ordoñez de La Barrera [R][C][M],540,12812,12810,290
-667817.205056239,4492263.3405535,1698,40,40,92,Génova (Plaza de Cuba),540,4012,4010,291
-666034.36444525,4498442.3454444,15854,03,3,93,Cataluña (Parroquia San Jeronimo),540,311,310,292
-663799.430669223,4492388.92648817,2566,05,5,95,Marqués de Pickman (Mercado),540,512,510,293
-663799.430669223,4492388.92648817,5279,52,52,95,Marqués de Pickman (Mercado),540,5212,5210,294
-663813.178726524,4492376.63502431,7123,05,5,96,Marqués de Pickman (Mercado),540,511,510,295
-663813.178726524,4492376.63502431,2088,52,52,96,Marqués de Pickman (Mercado),540,5211,5210,296
-663813.178726524,4492376.63502431,2909,A4,104,96,Marqués de Pickman (Mercado),540,10411,10410,297
-663813.178726524,4492376.63502431,3173,A4,104,96,Marqués de Pickman (Mercado),540,10413,10411,298
-664525.582446369,4489244.38596984,7323,32,32,98,Orfebre Cay. Gonzale(L.Ortiz Muñoz),540,3211,3210,299
-666154.646602206,4491933.6178363,3472,30,30,99,Avda. Portugal (Ciudad de Ronda),540,3012,3010,300
-666154.646602206,4491933.6178363,5665,31,31,99,Avda. Portugal (Ciudad de Ronda),540,3112,3110,301
-664283.319530611,4493644.86836092,4038,B3,87,100,Avda. El Greco (Ambulatorio),540,8712,8710,302
-664355.08540295,4493880.0401263,6465,21,21,101,Solea Av. (El Greco),540,2111,2110,303
-664355.08540295,4493880.0401263,2101,B3,87,101,Solea Av. (El Greco),540,8711,8710,304
-664001.988794658,4494272.89560259,6918,21,21,102,Solea Av. (Éfeso),540,2111,2110,305
-664001.988794658,4494272.89560259,2554,B3,87,102,Solea Av. (Éfeso),540,8711,8710,306
-663322.920119345,4495385.79869882,5240,20,20,105,Auxiliar Kansas City (Macedonia),540,2011,2010,307
-664686.259440907,4495346.77560606,1780,15,15,107,Carretera Carmona (Avenida Llanes),540,1512,1510,308
-665239.525514396,4495838.58407986,7584,02,2,110,Ronda de Pío XII (Avenida Pino Montano),540,212,210,309
-665239.525514396,4495838.58407986,2079,11,11,110,Ronda de Pío XII (Avenida Pino Montano),540,1111,1110,310
-665805.902663927,4496037.9869124,1067,01,1,111,Sor Francisca Dorotea (Hdad. Trabajo),540,111,110,311
-665805.902663927,4496037.9869124,8102,02,2,111,Sor Francisca Dorotea (Hdad. Trabajo),540,212,210,312
-665805.902663927,4496037.9869124,5546,13,13,111,Sor Francisca Dorotea (Hdad. Trabajo),540,1312,1310,313
-665805.902663927,4496037.9869124,7598,16,16,111,Sor Francisca Dorotea (Hdad. Trabajo),540,1612,1610,314
-666440.117677377,4495784.59093902,1713,01,1,112,San Juan de Ribera (Policlínico),540,111,110,315
-666440.117677377,4495784.59093902,8748,02,2,112,San Juan de Ribera (Policlínico),540,212,210,316
-666440.117677377,4495784.59093902,2275,10,10,112,San Juan de Ribera (Policlínico),540,1012,1010,317
-666440.117677377,4495784.59093902,6192,13,13,112,San Juan de Ribera (Policlínico),540,1312,1310,318
-666440.117677377,4495784.59093902,8239,16,16,112,San Juan de Ribera (Policlínico),540,1612,1610,319
-666440.117677377,4495784.59093902,2275,A2,102,112,San Juan de Ribera (Policlínico),540,10212,10210,320
-666440.117677377,4495784.59093902,2275,A2,102,112,San Juan de Ribera (Policlínico),540,10214,10211,321
-663105.552316023,4495018.0251588,7870,21,21,113,Pedro Romero (Antioquía),540,2111,2110,322
-663105.552316023,4495018.0251588,0,21,21,113,Pedro Romero (Antioquía),540,2112,2110,323
-663105.552316023,4495018.0251588,4088,B3,87,113,Pedro Romero (Antioquía),540,8711,8710,324
-663105.552316023,4495018.0251588,5587,A8,110,113,Pedro Romero (Antioquía),540,11011,11010,325
-663105.552316023,4495018.0251588,5601,A8,110,113,Pedro Romero (Antioquía),540,11013,11011,326
-663055.60283749,4494717.08053943,263,21,21,114,Antioquía (Damasco),540,2112,2110,327
-663202.584874124,4494538.54907916,505,21,21,115,Damasco (Tesalónica),540,2112,2110,328
-663419.634192384,4494362.15870237,879,20,20,116,Jerusalén (Tesalónica),540,2012,2010,329
-663419.634192384,4494362.15870237,728,21,21,116,Jerusalén (Tesalónica),540,2112,2110,330
-663419.634192384,4494362.15870237,2662,B3,87,116,Jerusalén (Tesalónica),540,8712,8710,331
-664055.919369876,4493125.37120771,7161,22,22,117,Avda. Cruz del Campo (Tordesillas),540,2212,2210,332
-664055.919369876,4493125.37120771,5743,29,29,117,Avda. Cruz del Campo (Tordesillas),540,2912,2910,333
-664055.919369876,4493125.37120771,4508,B3,87,117,Avda. Cruz del Campo (Tordesillas),540,8712,8710,334
-664055.919369876,4493125.37120771,11398,B4,119,117,Avda. Cruz del Campo (Tordesillas),540,11912,11910,335
-664083.415462213,4492850.13364581,7381,22,22,118,Av. Cruz del Campo (Alej. Collantes),540,2212,2210,336
-664083.415462213,4492850.13364581,4728,B3,87,118,Av. Cruz del Campo (Alej. Collantes),540,8712,8710,337
-664083.415462213,4492850.13364581,11618,B4,119,118,Av. Cruz del Campo (Alej. Collantes),540,11912,11910,338
-664167.283867139,4491989.72874971,3909,32,32,119,Avenida Ciudad Jardín (Juan de Padilla),540,3211,3210,339
-664225.832509169,4491718.26158177,2664,25,25,120,Avenida Ciudad Jardín (Piscinas Sevilla),540,2512,2510,340
-664225.832509169,4491718.26158177,4130,32,32,120,Avenida Ciudad Jardín (Piscinas Sevilla),540,3211,3210,341
-664382.263010224,4491332.44826679,4463,32,32,121,Alcalde Juan Fernández (El Juncal),540,3211,3210,342
-664558.917479769,4491235.19562184,4645,32,32,122,Alcalde Juan Fernández (Claudio Guerín),540,3211,3210,343
-664920.931736621,4491275.80650821,4939,32,32,123,Alcalde Juan Fernández (El Plantinar),540,3211,3210,344
-665436.297787032,4491130.99735324,2071,30,30,124,Ntra. Sra. Mercedes (Ramón Carande),540,3012,3010,345
-665436.297787032,4491130.99735324,2429,A5,105,124,Ntra. Sra. Mercedes (Ramón Carande),540,10512,10510,346
-665436.297787032,4491130.99735324,2429,A5,105,124,Ntra. Sra. Mercedes (Ramón Carande),540,10514,10511,347
-665782.016094947,4491082.90620285,2349,30,30,125,Felipe Ii (Diego de La Barrera),540,3012,3010,348
-665782.016094947,4491082.90620285,2707,A5,105,125,Felipe Ii (Diego de La Barrera),540,10512,10510,349
-665782.016094947,4491082.90620285,2707,A5,105,125,Felipe Ii (Diego de La Barrera),540,10514,10511,350
-666134.369567715,4491062.60111281,1181,30,30,126,Felipe Ii (Valparaiso),540,3011,3010,351
-665814.130265228,4491055.65463885,1435,30,30,127,Felipe Ii (Bogotá),540,3011,3010,352
-665452.8591439,4491104.81437142,1725,30,30,128,Ntra. Sra. Mercedes (Bueno Monreal),540,3011,3010,353
-664918.543076384,4491254.43233718,1566,32,32,129,Alcalde Juan Fernández (José Saramago),540,3212,3210,354
-664568.578274985,4491223.43986013,1859,32,32,130,Alcalde Juan Fernández (El Plantinar),540,3212,3210,355
-664345.265365202,4491354.89131483,2084,32,32,131,Alcalde Juan Fernández (El Juncal),540,3212,3210,356
-664213.305337252,4491664.82399255,2524,25,25,132,Avenida Ciudad Jardín (Piscinas Sevilla),540,2511,2510,357
-664213.305337252,4491664.82399255,2352,32,32,132,Avenida Ciudad Jardín (Piscinas Sevilla),540,3212,3210,358
-664144.61817241,4491887.66055711,2536,32,32,133,Av. Ciudad Jardín (Card. R. de Castro),540,3212,3210,359
-664144.61817241,4491887.66055711,8527,A4,104,133,Av. Ciudad Jardín (Card. R. de Castro),540,10412,10410,360
-664144.61817241,4491887.66055711,8527,A4,104,133,Av. Ciudad Jardín (Card. R. de Castro),540,10414,10411,361
-664052.628331582,4492862.42566368,3526,22,22,134,Av. Cruz del Campo (Alej. Collantes),540,2211,2210,362
-664052.628331582,4492862.42566368,2604,B4,119,134,Av. Cruz del Campo (Alej. Collantes),540,11911,11910,363
-664029.53797526,4493151.55923961,3755,22,22,135,Av. Cruz del Campo (Av. de Andalucía),540,2211,2210,364
-664029.53797526,4493151.55923961,2833,B4,119,135,Av. Cruz del Campo (Av. de Andalucía),540,11911,11910,365
-664346.43316232,4493622.95489477,2104,21,21,136,Manuel Ramón Alarcón (Ambulatorio),540,2112,2110,366
-664896.142789585,4492735.76520956,3832,32,32,137,Luis de Morales (Est. Sánchez Pizjuán) [M],540,3212,3210,367
-664896.142789585,4492735.76520956,762,B3,87,137,Luis de Morales (Est. Sánchez Pizjuán) [M],540,8711,8710,368
-664896.142789585,4492735.76520956,4728,EA,100,137,Luis de Morales (Est. Sánchez Pizjuán) [M],540,10011,10010,369
-663319.894488981,4494875.83711195,7651,21,21,138,Pedro Romero (San Ignacio de Loyola),540,2111,2110,370
-663319.894488981,4494875.83711195,3869,B3,87,138,Pedro Romero (San Ignacio de Loyola),540,8711,8710,371
-663319.894488981,4494875.83711195,5369,A8,110,138,Pedro Romero (San Ignacio de Loyola),540,11011,11010,372
-663319.894488981,4494875.83711195,5383,A8,110,138,Pedro Romero (San Ignacio de Loyola),540,11013,11011,373
-662626.334609711,4492016.44834361,5150,24,24,140,Avenida Juan XXIII (Parque Amate),540,2411,2410,374
-662626.334609711,4492016.44834361,4088,25,25,140,Avenida Juan XXIII (Parque Amate),540,2511,2510,375
-662626.334609711,4492016.44834361,3159,52,52,140,Avenida Juan XXIII (Parque Amate),540,5211,5210,376
-662626.334609711,4492016.44834361,2104,A4,104,140,Avenida Juan XXIII (Parque Amate),540,10412,10410,377
-662626.334609711,4492016.44834361,2104,A4,104,140,Avenida Juan XXIII (Parque Amate),540,10414,10411,378
-662615.559116774,4491746.04924341,5401,24,24,141,Los Gavilanes (Consultorio Amate) [M],540,2411,2410,379
-662615.559116774,4491746.04924341,4339,25,25,141,Los Gavilanes (Consultorio Amate) [M],540,2511,2510,380
-662615.559116774,4491746.04924341,3410,52,52,141,Los Gavilanes (Consultorio Amate) [M],540,5211,5210,381
-664323.608213928,4493392.59904988,6013,21,21,142,Manuel Ramón Alarcon (Agustín Moreto),540,2111,2110,382
-664323.608213928,4493392.59904988,1649,B3,87,142,Manuel Ramón Alarcon (Agustín Moreto),540,8711,8710,383
-664329.022504529,4493634.71332784,6205,21,21,143,Manuel Ramon Alarco(Ambulatorio),540,2111,2110,384
-664329.022504529,4493634.71332784,1841,B3,87,143,Manuel Ramon Alarco(Ambulatorio),540,8711,8710,385
-663805.428852818,4491800.55600941,2265,25,25,144,Francisco Buendía (Don Gonzalo de Mena),540,2512,2510,386
-663805.428852818,4491800.55600941,8199,A4,104,144,Francisco Buendía (Don Gonzalo de Mena),540,10412,10410,387
-663805.428852818,4491800.55600941,8199,A4,104,144,Francisco Buendía (Don Gonzalo de Mena),540,10414,10411,388
-664646.236165521,4490870.23905586,2476,30,30,145,Avenida de La Paz (Sierra Morena),540,3011,3010,389
-664646.236165521,4490870.23905586,5466,32,32,145,Avenida de La Paz (Sierra Morena),540,3211,3210,390
-664393.993969483,4490562.46707492,2807,30,30,146,Avenida de La Paz (Barriada La Oliva),540,3011,3010,391
-664393.993969483,4490562.46707492,5797,32,32,146,Avenida de La Paz (Barriada La Oliva),540,3211,3210,392
-664271.216998024,4490238.14074786,3154,30,30,147,Ronda La Oliva (Las Letanías),540,3011,3010,393
-664271.216998024,4490238.14074786,6144,32,32,147,Ronda La Oliva (Las Letanías),540,3211,3210,394
-664271.216998024,4490238.14074786,6592,A5,105,147,Ronda La Oliva (Las Letanías),540,10511,10510,395
-664271.216998024,4490238.14074786,6351,A5,105,147,Ronda La Oliva (Las Letanías),540,10513,10511,396
-664389.48206807,4489941.07301864,6441,32,32,148,Madre de Cristo,540,3211,3210,397
-664389.48206807,4489941.07301864,6889,A5,105,148,Madre de Cristo,540,10511,10510,398
-664389.48206807,4489941.07301864,6648,A5,105,148,Madre de Cristo,540,10513,10511,399
-664096.154976059,4489537.69413946,5339,31,31,149,Luis Ortiz Muñoz (Centro Civico Esqueleto),540,3111,3110,400
-664096.154976059,4489537.69413946,0,31,31,149,Luis Ortiz Muñoz (Centro Civico Esqueleto),540,3112,3110,401
-664372.708380406,4489025.8793723,564,31,31,150,Luis Ortiz Muñoz (Orf. Cayet. González),540,3112,3110,402
-663830.483218916,4489531.28293984,3889,30,30,151,Avda. Las Letanías (Estr. de La Mañana),540,3011,3010,403
-669471.854394034,4491666.96149258,3887,43,43,152,San José de Calasanz (Ruben Dario),540,4311,4310,404
-669471.854394034,4491666.96149258,0,43,43,152,San José de Calasanz (Ruben Dario),540,4312,4310,405
-665630.840641962,4489070.7556659,6657,37,37,153,Manuel Siurot (Carretera Su Eminencia),540,3712,3710,406
-665853.091920026,4489560.13335493,566,01,1,154,Manuel Siurot (Hospital V.Rocio),540,112,110,407
-665853.091920026,4489560.13335493,7083,37,37,154,Manuel Siurot (Hospital V.Rocio),540,3712,3710,408
-666399.510508997,4489558.53055124,13178,03,3,156,Reina Mercedes (Escuela Ing. Edificación),540,312,310,409
-666399.510508997,4489558.53055124,9626,06,6,156,Reina Mercedes (Escuela Ing. Edificación),540,611,610,410
-666399.510508997,4489558.53055124,2778,34,34,156,Reina Mercedes (Escuela Ing. Edificación),540,3411,3410,411
-666418.619757502,4489180.27598064,9926,06,6,157,Reina Mercedes (E.S.I. Informática),540,611,610,412
-666418.619757502,4489180.27598064,3078,34,34,157,Reina Mercedes (E.S.I. Informática),540,3411,3410,413
-666424.617941097,4488838.89690117,14377,02,2,158,Glorieta Alcalde Parias Merry,540,211,210,414
-666424.617941097,4488838.89690117,0,02,2,158,Glorieta Alcalde Parias Merry,540,212,210,415
-664894.762672802,4492984.27765126,6327,28,28,159,Luis de Morales (Luis Montoto),540,2812,2810,416
-664894.762672802,4492984.27765126,2592,32,32,159,Luis de Morales (Luis Montoto),540,3211,3210,417
-664894.762672802,4492984.27765126,5650,C1,81,159,Luis de Morales (Luis Montoto),540,8111,8110,418
-664894.762672802,4492984.27765126,2664,A7,107,159,Luis de Morales (Luis Montoto),540,10712,10710,419
-664894.762672802,4492984.27765126,2664,A7,107,159,Luis de Morales (Luis Montoto),540,10714,10711,420
-663551.80655113,4495167.16433375,4987,20,20,160,Avda. Kansas City (Tesalonica),540,2011,2010,421
-663551.80655113,4495167.16433375,5040,28,28,160,Avda. Kansas City (Tesalonica),540,2811,2810,422
-663227.692317356,4495492.71201738,5405,28,28,161,Avda. Kansas City (Edificio Gran Via),540,2811,2810,423
-663700.911840072,4495082.17078106,4061,28,28,164,Avda. Kansas City (Tesalónica),540,2812,2810,424
-663700.911840072,4495082.17078106,4061,A8,110,164,Avda. Kansas City (Tesalónica),540,11012,11010,425
-663700.911840072,4495082.17078106,4061,A8,110,164,Avda. Kansas City (Tesalónica),540,11014,11011,426
-669309.744194448,4491458.55742524,334,43,43,165,San José de Calasanz (Bda. El Carmen),540,4312,4310,427
-666571.17532727,4494025.95615645,2784,C5,121,166,Santiago (Ponce de León),540,12112,12110,428
-664207.89104665,4490447.05491117,807,30,30,167,Avenida de La Paz (Ronda de La Oliva),540,3012,3010,429
-664791.94425077,4491052.98291932,1475,30,30,168,Avda. La Paz (Alc. Juan Fernández),540,3012,3010,430
-664791.94425077,4491052.98291932,1339,32,32,168,Avda. La Paz (Alc. Juan Fernández),540,3212,3210,431
-664085.485637387,4491813.91555031,2719,25,25,169,Francisco Buendía (Ciudad Jardín),540,2511,2510,432
-663757.337229795,4491778.64639013,2981,25,25,170,Francisco Buendía (Rda. del Tamarguillo),540,2511,2510,433
-663457.003399602,4491749.25551841,1931,25,25,171,Paulo Orosio (Ruperto Chapi),540,2512,2510,434
-663457.003399602,4491749.25551841,7865,A4,104,171,Paulo Orosio (Ruperto Chapi),540,10412,10410,435
-663457.003399602,4491749.25551841,7865,A4,104,171,Paulo Orosio (Ruperto Chapi),540,10414,10411,436
-663228.382375747,4491704.90216248,1746,25,25,172,Paulo Orosio (Beatriz de Ahumada),540,2512,2510,437
-663228.382375747,4491704.90216248,7680,A4,104,172,Paulo Orosio (Beatriz de Ahumada),540,10412,10410,438
-663228.382375747,4491704.90216248,7680,A4,104,172,Paulo Orosio (Beatriz de Ahumada),540,10414,10411,439
-662764.133589856,4495928.9296736,5913,28,28,173,Autovía Madrid (Urbanización Huarte),540,2811,2810,440
-662764.133589856,4495928.9296736,8716,EA,100,173,Autovía Madrid (Urbanización Huarte),540,10011,10010,441
-662764.133589856,4495928.9296736,6416,A8,110,173,Autovía Madrid (Urbanización Huarte),540,11011,11010,442
-662764.133589856,4495928.9296736,6430,A8,110,173,Autovía Madrid (Urbanización Huarte),540,11013,11011,443
-662607.490769136,4492021.25788025,1629,24,24,174,Avenida Juan XXIII (Parque Amate),540,2412,2410,444
-662607.490769136,4492021.25788025,4176,52,52,174,Avenida Juan XXIII (Parque Amate),540,5212,5210,445
-668328.006116971,4492058.6654346,2733,40,40,175,Esperanza de Triana (Trabajo),540,4011,4010,446
-669337.346452184,4491796.81533707,3964,40,40,176,Alvar Núñez (Rubén Dario),540,4011,4010,447
-669337.346452184,4491796.81533707,0,40,40,176,Alvar Núñez (Rubén Dario),540,4012,4010,448
-669337.346452184,4491796.81533707,707,43,43,176,Alvar Núñez (Rubén Dario),540,4312,4310,449
-669178.36804836,4492033.01452063,224,40,40,177,Alvar Núñez (Lorenzo Leal),540,4012,4010,450
-669178.36804836,4492033.01452063,931,43,43,177,Alvar Núñez (Lorenzo Leal),540,4312,4310,451
-669005.907006297,4492205.09056882,417,40,40,178,Alvar Núñez (López de Gomara),540,4012,4010,452
-669005.907006297,4492205.09056882,1124,43,43,178,Alvar Núñez (López de Gomara),540,4312,4310,453
-662769.866365521,4498492.60921272,3876,C6B,109,179,Ctra. Pino Montano (Cortijo Las Monjas),540,10911,10910,454
-668763.64409054,4491935.2210023,1738,05,5,180,López de Gomara (Instituto Bécquer),540,511,510,455
-668763.64409054,4491935.2210023,6022,06,6,180,López de Gomara (Instituto Bécquer),540,611,610,456
-668763.64409054,4491935.2210023,3819,C2,82,180,López de Gomara (Instituto Bécquer),540,8211,8210,457
-668392.446777197,4491706.50529358,2218,05,5,181,República Argentina (Virgen de África) [M],540,511,510,458
-668095.934801158,4491937.89294617,2515,05,5,182,Avda. República Argentina (Calle Arcos),540,511,510,459
-667838.649887848,4492088.05717188,2752,05,5,183,República Argentina (Plaza de Cuba) [M],540,511,510,460
-666984.731499104,4492173.02649978,3941,05,5,184,Palos de La Frontera(Teatro Lope de Vega),540,511,510,461
-666984.731499104,4492173.02649978,2120,21,21,184,Palos de La Frontera(Teatro Lope de Vega),540,2111,2110,462
-666984.731499104,4492173.02649978,2068,C4,84,184,Palos de La Frontera(Teatro Lope de Vega),540,8411,8410,463
-666984.731499104,4492173.02649978,6969,A2,102,184,Palos de La Frontera(Teatro Lope de Vega),540,10212,10210,464
-666984.731499104,4492173.02649978,6969,A2,102,184,Palos de La Frontera(Teatro Lope de Vega),540,10214,10211,465
-666458.589955755,4492307.16185936,7718,C1,81,185,Av. Carlos V (Juzgados) [C][M],540,8111,8110,466
-666458.589955755,4492307.16185936,0,C1,81,185,Av. Carlos V (Juzgados) [C][M],540,8112,8110,467
-666458.589955755,4492307.16185936,0,A1,101,185,Av. Carlos V (Juzgados) [C][M],540,10111,10110,468
-666458.589955755,4492307.16185936,10065,A1,101,185,Av. Carlos V (Juzgados) [C][M],540,10112,10110,469
-665070.833249354,4492034.6177018,1916,22,22,187,Av. San Fco. Javier (Espinosa y Carcel),540,2211,2210,470
-665070.833249354,4492034.6177018,1954,29,29,187,Av. San Fco. Javier (Espinosa y Carcel),540,2911,2910,471
-665070.833249354,4492034.6177018,656,52,52,187,Av. San Fco. Javier (Espinosa y Carcel),540,5211,5210,472
-665070.833249354,4492034.6177018,1361,C2,82,187,Av. San Fco. Javier (Espinosa y Carcel),540,8212,8210,473
-665070.833249354,4492034.6177018,994,B4,119,187,Av. San Fco. Javier (Espinosa y Carcel),540,11911,11910,474
-665070.833249354,4492034.6177018,8145,LS,127,187,Av. San Fco. Javier (Espinosa y Carcel),540,12712,12710,475
-665013.027742848,4492256.92770471,2098,22,22,188,Av. San Fco. Javier (Edif. Sevilla 2,540,2211,2210,476
-665013.027742848,4492256.92770471,2115,28,28,188,Av. San Fco. Javier (Edif. Sevilla 2,540,2811,2810,477
-665013.027742848,4492256.92770471,838,52,52,188,Av. San Fco. Javier (Edif. Sevilla 2,540,5211,5210,478
-665013.027742848,4492256.92770471,1543,C2,82,188,Av. San Fco. Javier (Edif. Sevilla 2,540,8212,8210,479
-665013.027742848,4492256.92770471,1176,B4,119,188,Av. San Fco. Javier (Edif. Sevilla 2,540,11911,11910,480
-664835.099321919,4492567.95583535,6243,05,5,189,Eduardo Dato (Estadio Sánchez Pizjuán) [M],540,511,510,481
-664835.099321919,4492567.95583535,2468,22,22,189,Eduardo Dato (Estadio Sánchez Pizjuán) [M],540,2211,2210,482
-664835.099321919,4492567.95583535,2996,32,32,189,Eduardo Dato (Estadio Sánchez Pizjuán) [M],540,3211,3210,483
-664835.099321919,4492567.95583535,1208,52,52,189,Eduardo Dato (Estadio Sánchez Pizjuán) [M],540,5211,5210,484
-664835.099321919,4492567.95583535,1931,LE,71,189,Eduardo Dato (Estadio Sánchez Pizjuán) [M],540,7111,7110,485
-664835.099321919,4492567.95583535,2029,A4,104,189,Eduardo Dato (Estadio Sánchez Pizjuán) [M],540,10411,10410,486
-664835.099321919,4492567.95583535,2293,A4,104,189,Eduardo Dato (Estadio Sánchez Pizjuán) [M],540,10413,10411,487
-664835.099321919,4492567.95583535,1546,B4,119,189,Eduardo Dato (Estadio Sánchez Pizjuán) [M],540,11911,11910,488
-664433.645682673,4492471.76058529,6571,05,5,190,Eduardo Dato (San Juan de Dios),540,511,510,489
-664433.645682673,4492471.76058529,2796,22,22,190,Eduardo Dato (San Juan de Dios),540,2211,2210,490
-664433.645682673,4492471.76058529,3324,32,32,190,Eduardo Dato (San Juan de Dios),540,3211,3210,491
-664433.645682673,4492471.76058529,1536,52,52,190,Eduardo Dato (San Juan de Dios),540,5211,5210,492
-664433.645682673,4492471.76058529,2357,A4,104,190,Eduardo Dato (San Juan de Dios),540,10411,10410,493
-664433.645682673,4492471.76058529,2621,A4,104,190,Eduardo Dato (San Juan de Dios),540,10413,10411,494
-664433.645682673,4492471.76058529,1874,B4,119,190,Eduardo Dato (San Juan de Dios),540,11911,11910,495
-664491.07961585,4492514.51391012,3163,05,5,191,Eduardo Dato (San Juan de Dios),540,512,510,496
-664491.07961585,4492514.51391012,8000,22,22,191,Eduardo Dato (San Juan de Dios),540,2212,2210,497
-664491.07961585,4492514.51391012,3369,32,32,191,Eduardo Dato (San Juan de Dios),540,3212,3210,498
-664491.07961585,4492514.51391012,5876,52,52,191,Eduardo Dato (San Juan de Dios),540,5212,5210,499
-664491.07961585,4492514.51391012,299,B3,87,191,Eduardo Dato (San Juan de Dios),540,8711,8710,500
-664491.07961585,4492514.51391012,9360,A4,104,191,Eduardo Dato (San Juan de Dios),540,10412,10410,501
-664491.07961585,4492514.51391012,9360,A4,104,191,Eduardo Dato (San Juan de Dios),540,10414,10411,502
-664491.07961585,4492514.51391012,12237,B4,119,191,Eduardo Dato (San Juan de Dios),540,11912,11910,503
-664771.614128014,4492572.23118934,3391,05,5,192,Eduardo Dato (Estadio Sánchez Pizjuan) [M],540,512,510,504
-664771.614128014,4492572.23118934,8228,22,22,192,Eduardo Dato (Estadio Sánchez Pizjuan) [M],540,2212,2210,505
-664771.614128014,4492572.23118934,6810,29,29,192,Eduardo Dato (Estadio Sánchez Pizjuan) [M],540,2912,2910,506
-664771.614128014,4492572.23118934,6104,52,52,192,Eduardo Dato (Estadio Sánchez Pizjuan) [M],540,5212,5210,507
-664771.614128014,4492572.23118934,7423,LE,71,192,Eduardo Dato (Estadio Sánchez Pizjuan) [M],540,7112,7110,508
-664771.614128014,4492572.23118934,9588,A4,104,192,Eduardo Dato (Estadio Sánchez Pizjuan) [M],540,10412,10410,509
-664771.614128014,4492572.23118934,9588,A4,104,192,Eduardo Dato (Estadio Sánchez Pizjuan) [M],540,10414,10411,510
-664771.614128014,4492572.23118934,12465,B4,119,192,Eduardo Dato (Estadio Sánchez Pizjuan) [M],540,11912,11910,511
-665053.953396291,4492259.06532521,8678,22,22,193,Av. San Fco. Javier (Camilo José Cela),540,2212,2210,512
-665053.953396291,4492259.06532521,6916,28,28,193,Av. San Fco. Javier (Camilo José Cela),540,2812,2810,513
-665053.953396291,4492259.06532521,6554,52,52,193,Av. San Fco. Javier (Camilo José Cela),540,5212,5210,514
-665053.953396291,4492259.06532521,6239,C1,81,193,Av. San Fco. Javier (Camilo José Cela),540,8111,8110,515
-665053.953396291,4492259.06532521,3253,A7,107,193,Av. San Fco. Javier (Camilo José Cela),540,10712,10710,516
-665053.953396291,4492259.06532521,3253,A7,107,193,Av. San Fco. Javier (Camilo José Cela),540,10714,10711,517
-665053.953396291,4492259.06532521,12915,B4,119,193,Av. San Fco. Javier (Camilo José Cela),540,11912,11910,518
-665119.24335744,4492020.72348718,8874,22,22,194,Av. San Fco. Javier (Av. Ramón y Cajal),540,2212,2210,519
-665119.24335744,4492020.72348718,7456,29,29,194,Av. San Fco. Javier (Av. Ramón y Cajal),540,2912,2910,520
-665119.24335744,4492020.72348718,6750,52,52,194,Av. San Fco. Javier (Av. Ramón y Cajal),540,5212,5210,521
-665119.24335744,4492020.72348718,6435,C1,81,194,Av. San Fco. Javier (Av. Ramón y Cajal),540,8111,8110,522
-665119.24335744,4492020.72348718,3449,A7,107,194,Av. San Fco. Javier (Av. Ramón y Cajal),540,10712,10710,523
-665119.24335744,4492020.72348718,3449,A7,107,194,Av. San Fco. Javier (Av. Ramón y Cajal),540,10714,10711,524
-665119.24335744,4492020.72348718,13111,B4,119,194,Av. San Fco. Javier (Av. Ramón y Cajal),540,11912,11910,525
-665119.24335744,4492020.72348718,1205,LS,127,194,Av. San Fco. Javier (Av. Ramón y Cajal),540,12711,12710,526
-665365.221961953,4491919.72375526,9202,22,22,195,Ramón y Cajal (Facultad Empresariales),540,2212,2210,527
-665365.221961953,4491919.72375526,3748,25,25,195,Ramón y Cajal (Facultad Empresariales),540,2512,2510,528
-665365.221961953,4491919.72375526,2968,26,26,195,Ramón y Cajal (Facultad Empresariales),540,2612,2610,529
-665365.221961953,4491919.72375526,5019,38,38,195,Ramón y Cajal (Facultad Empresariales),540,3812,3810,530
-665365.221961953,4491919.72375526,7078,52,52,195,Ramón y Cajal (Facultad Empresariales),540,5212,5210,531
-665365.221961953,4491919.72375526,13439,B4,119,195,Ramón y Cajal (Facultad Empresariales),540,11912,11910,532
-665365.221961953,4491919.72375526,6925,38A,125,195,Ramón y Cajal (Facultad Empresariales),540,12512,12510,533
-667187.767363264,4492344.03602219,5905,05,5,196,Palos de La Frontera (Puerta Jerez) [M],540,512,510,534
-667187.767363264,4492344.03602219,831,A2,102,196,Palos de La Frontera (Puerta Jerez) [M],540,10211,10210,535
-667187.767363264,4492344.03602219,1204,A2,102,196,Palos de La Frontera (Puerta Jerez) [M],540,10213,10211,536
-667187.767363264,4492344.03602219,518,C5,121,196,Palos de La Frontera (Puerta Jerez) [M],540,12111,12110,537
-667859.563903598,4492090.19475801,6680,05,5,197,República Argentina (Pagés del Corro) [M],540,512,510,538
-667859.563903598,4492090.19475801,2242,40,40,197,República Argentina (Pagés del Corro) [M],540,4011,4010,539
-668083.460706375,4491966.21556496,6883,05,5,198,Rep. Argentina (Virgen de Villadiego),540,512,510,540
-668083.460706375,4491966.21556496,2445,40,40,198,Rep. Argentina (Virgen de Villadiego),540,4011,4010,541
-668411.290628904,4491757.27119618,7191,05,5,199,República Argentina (Virgen de Fátima) [M],540,512,510,542
-668641.981816802,4491816.58746333,7462,05,5,200,López de Gomara (Instituto Bécquer),540,512,510,543
-668641.981816802,4491816.58746333,4543,06,6,200,López de Gomara (Instituto Bécquer),540,612,610,544
-668641.981816802,4491816.58746333,2453,C1,81,200,López de Gomara (Instituto Bécquer),540,8112,8110,545
-668641.981816802,4491816.58746333,2568,A7,107,200,López de Gomara (Instituto Bécquer),540,10711,10710,546
-668641.981816802,4491816.58746333,2639,A7,107,200,López de Gomara (Instituto Bécquer),540,10713,10711,547
-669078.628344957,4491870.56020984,3559,40,40,201,Juan Díaz de Solís,540,4011,4010,548
-669078.628344957,4491870.56020984,3465,43,43,201,Juan Díaz de Solís,540,4311,4310,549
-668176.936818252,4491452.14506765,6785,06,6,202,Virgen de Luján (Virgen del Águila),540,611,610,550
-668176.936818252,4491452.14506765,2608,41,41,202,Virgen de Luján (Virgen del Águila),540,4112,4110,551
-668176.936818252,4491452.14506765,4582,C2,82,202,Virgen de Luján (Virgen del Águila),540,8211,8210,552
-667832.704781387,4491456.95434598,7060,06,6,203,Virgen de Luján (Juan Ramón Jiménez),540,611,610,553
-667832.704781387,4491456.95434598,2883,41,41,203,Virgen de Luján (Juan Ramón Jiménez),540,4112,4110,554
-667832.704781387,4491456.95434598,4857,C2,82,203,Virgen de Luján (Juan Ramón Jiménez),540,8211,8210,555
-666186.920015018,4493668.3852893,3217,C5,121,204,Guadalupe (Recaredo),540,12112,12110,556
-666923.794207968,4491406.18988038,11555,03,3,205,Paseo Las delicias (Pab. de Guatemala),540,312,310,557
-666923.794207968,4491406.18988038,7869,06,6,205,Paseo Las delicias (Pab. de Guatemala),540,611,610,558
-666923.794207968,4491406.18988038,1021,34,34,205,Paseo Las delicias (Pab. de Guatemala),540,3411,3410,559
-666923.794207968,4491406.18988038,2026,CJ,128,205,Paseo Las delicias (Pab. de Guatemala),540,12811,12810,560
-666623.460377776,4490794.36386637,8410,06,6,206,Paseo Las delicias (Glorieta Méjico),540,611,610,561
-666623.460377776,4490794.36386637,1562,34,34,206,Paseo Las delicias (Glorieta Méjico),540,3411,3410,562
-666510.450355799,4490156.92715193,9032,06,6,207,Sor Gregoria Santa Teresa,540,611,610,563
-666510.450355799,4490156.92715193,2184,34,34,207,Sor Gregoria Santa Teresa,540,3411,3410,564
-666490.863368568,4490038.84798,1457,06,6,208,Sor Gregoria Santa Teresa,540,612,610,565
-666490.863368568,4490038.84798,4698,34,34,208,Sor Gregoria Santa Teresa,540,3412,3410,566
-666490.863368568,4490038.84798,7995,A6,106,208,Sor Gregoria Santa Teresa,540,10612,10610,567
-666490.863368568,4490038.84798,7995,A6,106,208,Sor Gregoria Santa Teresa,540,10614,10611,568
-666608.491468488,4490825.8894102,2196,06,6,209,Paseo Las delicias (Glorieta Méjico),540,612,610,569
-666608.491468488,4490825.8894102,5437,34,34,209,Paseo Las delicias (Glorieta Méjico),540,3412,3410,570
-666608.491468488,4490825.8894102,8734,A6,106,209,Paseo Las delicias (Glorieta Méjico),540,10612,10610,571
-666608.491468488,4490825.8894102,8734,A6,106,209,Paseo Las delicias (Glorieta Méjico),540,10614,10611,572
-666876.021058876,4491382.6780015,8532,03,3,210,Paseo Las delicias (Glta. Marineros),540,311,310,573
-666876.021058876,4491382.6780015,2686,06,6,210,Paseo Las delicias (Glta. Marineros),540,612,610,574
-666876.021058876,4491382.6780015,5927,34,34,210,Paseo Las delicias (Glta. Marineros),540,3412,3410,575
-666876.021058876,4491382.6780015,9224,A6,106,210,Paseo Las delicias (Glta. Marineros),540,10612,10610,576
-666876.021058876,4491382.6780015,9224,A6,106,210,Paseo Las delicias (Glta. Marineros),540,10614,10611,577
-666876.021058876,4491382.6780015,5752,CJ,128,210,Paseo Las delicias (Glta. Marineros),540,12812,12810,578
-667409.010086742,4491482.60383959,3313,06,6,211,Virgen de Luján (Sebastián Elcano),540,612,610,579
-667409.010086742,4491482.60383959,2795,41,41,211,Virgen de Luján (Sebastián Elcano),540,4111,4110,580
-667409.010086742,4491482.60383959,1223,C1,81,211,Virgen de Luján (Sebastián Elcano),540,8112,8110,581
-667409.010086742,4491482.60383959,1338,A7,107,211,Virgen de Luján (Sebastián Elcano),540,10711,10710,582
-667409.010086742,4491482.60383959,1409,A7,107,211,Virgen de Luján (Sebastián Elcano),540,10713,10711,583
-664342.876716096,4493327.9292865,2338,21,21,212,Manuel Ramón Alarcón (Luis Montoto),540,2112,2110,584
-667880.212522549,4491473.51964086,3691,06,6,213,Virgen de Luján (Juan Ramón Jiménez),540,612,610,585
-667880.212522549,4491473.51964086,3173,41,41,213,Virgen de Luján (Juan Ramón Jiménez),540,4111,4110,586
-667880.212522549,4491473.51964086,1601,C1,81,213,Virgen de Luján (Juan Ramón Jiménez),540,8112,8110,587
-667880.212522549,4491473.51964086,1716,A7,107,213,Virgen de Luján (Juan Ramón Jiménez),540,10711,10710,588
-667880.212522549,4491473.51964086,1787,A7,107,213,Virgen de Luján (Juan Ramón Jiménez),540,10713,10711,589
-668187.659234057,4491462.29797715,3936,06,6,214,Virgen de Luján (Virgen de África),540,612,610,590
-668187.659234057,4491462.29797715,3418,41,41,214,Virgen de Luján (Virgen de África),540,4111,4110,591
-668187.659234057,4491462.29797715,1846,C1,81,214,Virgen de Luján (Virgen de África),540,8112,8110,592
-668187.659234057,4491462.29797715,1961,A7,107,214,Virgen de Luján (Virgen de África),540,10711,10710,593
-668187.659234057,4491462.29797715,2032,A7,107,214,Virgen de Luján (Virgen de África),540,10713,10711,594
-661813.288808408,4499088.30656934,2976,C6B,109,215,Ctra. Pino Montano (Finca Encarnación),540,10911,10910,595
-661113.412271613,4495519.44052411,6678,27,27,216,Alcalde Luis Uruñuela (Puerta Este),540,2711,2710,596
-661113.412271613,4495519.44052411,6068,A3,103,216,Alcalde Luis Uruñuela (Puerta Este),540,10311,10310,597
-661113.412271613,4495519.44052411,6401,A3,103,216,Alcalde Luis Uruñuela (Puerta Este),540,10313,10311,598
-661113.412271613,4495519.44052411,6186,B4,119,216,Alcalde Luis Uruñuela (Puerta Este),540,11911,11910,599
-666501.001891379,4496364.09622552,742,14,14,217,Avda. Sánchez Pizjuán (Macarena Cinco),540,1412,1410,600
-665791.570724765,4496556.02430221,498,01,1,218,Trabaj. Inmigrantes (Diego Puerta),540,111,110,601
-665945.984138911,4496261.98549873,3507,14,14,219,Los Romeros (Avenida San Lazaro),540,1411,1410,602
-666157.406835772,4496377.99618735,3737,14,14,220,Dr. Jaime Marcos (Dr. Fedriani),540,1411,1410,603
-666157.406835772,4496377.99618735,0,14,14,220,Dr. Jaime Marcos (Dr. Fedriani),540,1412,1410,604
-666368.139474241,4496601.4673879,526,14,14,221,Avda. Sánchez Pizjuán (Las Golondrinas),540,1412,1410,605
-657888.141243479,4496094.11975754,11477,22,22,222,Avenida Emilio Lemos (Centro Comercial),540,2211,2210,606
-665181.720019022,4487428.08776944,15846,03,3,223,Jerez Av.(Glorieta Letonia),540,312,310,607
-665181.720019022,4487428.08776944,5071,A6,106,223,Jerez Av.(Glorieta Letonia),540,10611,10610,608
-665181.720019022,4487428.08776944,5240,A6,106,223,Jerez Av.(Glorieta Letonia),540,10613,10611,609
-665181.720019022,4487428.08776944,5741,LS,127,223,Jerez Av.(Glorieta Letonia),540,12711,12710,610
-669331.879084449,4492572.23118934,2440,43,43,224,San Vicente de Paúl (Ciudad Real),540,4311,4310,611
-665954.795622073,4496735.12470196,301,01,1,225,Trabaj. Inmigrantes(Diego de Almagro),540,111,110,612
-663018.976765795,4490565.67298879,3692,38,38,226,Hytasa (Plg. Ind. Su Eminencia),540,3811,3810,613
-663018.976765795,4490565.67298879,3692,38A,125,226,Hytasa (Plg. Ind. Su Eminencia),540,12511,12510,614
-664553.343946636,4495889.36997232,3187,LN,72,227,Alc. Manuel del Valle (Centro Salud),540,7212,7210,615
-666778.086122718,4496650.65308451,6745,03,3,228,Concej. Jiménez Becerril (Gta. Olimpica),540,312,310,616
-669077.142073908,4492354.72421765,2826,43,43,229,Avenida Coria (San Martín de Porres),540,4311,4310,617
-668823.625926486,4492468.55408979,693,40,40,230,San Jacinto (Peñaflor),540,4012,4010,618
-668591.076883079,4492664.68639205,937,40,40,231,San Jacinto (Pagés del Corro),540,4012,4010,619
-666511.777384317,4498085.15884324,14743,03,3,232,José Galán Merino (Alcalá del Rio),540,311,310,620
-666264.524839552,4496104.81177008,6717,01,1,233,Doctor Fedriani (Doctor Leal Castaños),540,112,110,621
-666264.524839552,4496104.81177008,2334,10,10,233,Doctor Fedriani (Doctor Leal Castaños),540,1011,1010,622
-666264.524839552,4496104.81177008,5473,A2,102,233,Doctor Fedriani (Doctor Leal Castaños),540,10211,10210,623
-666264.524839552,4496104.81177008,5846,A2,102,233,Doctor Fedriani (Doctor Leal Castaños),540,10213,10211,624
-667202.736272552,4494565.80966589,607,13,13,234,Amor de Dios (Plaza Europa),540,1311,1310,625
-667202.736272552,4494565.80966589,582,14,14,234,Amor de Dios (Plaza Europa),540,1411,1410,626
-667202.736272552,4494565.80966589,704,C5,121,234,Amor de Dios (Plaza Europa),540,12112,12110,627
-666979.635704697,4494764.65379751,854,13,13,235,Feria (Cruz Verde),540,1311,1310,628
-666979.635704697,4494764.65379751,829,14,14,235,Feria (Cruz Verde),540,1411,1410,629
-666979.635704697,4494764.65379751,951,C5,121,235,Feria (Cruz Verde),540,12112,12110,630
-666999.063449397,4495013.74880912,1052,13,13,236,Feria (Relator),540,1311,1310,631
-666999.063449397,4495013.74880912,1027,14,14,236,Feria (Relator),540,1411,1410,632
-666999.063449397,4495013.74880912,1149,C5,121,236,Feria (Relator),540,12112,12110,633
-667005.645525985,4495428.02932075,1381,13,13,237,Feria (Resolana),540,1311,1310,634
-667005.645525985,4495428.02932075,1356,14,14,237,Feria (Resolana),540,1411,1410,635
-666496.224582036,4495506.61082566,6208,01,1,238,San Juan de Ribera (Macarena) [C],540,112,110,636
-666496.224582036,4495506.61082566,5491,02,2,238,San Juan de Ribera (Macarena) [C],540,211,210,637
-666496.224582036,4495506.61082566,1825,10,10,238,San Juan de Ribera (Macarena) [C],540,1011,1010,638
-666496.224582036,4495506.61082566,1838,13,13,238,San Juan de Ribera (Macarena) [C],540,1311,1310,639
-666496.224582036,4495506.61082566,4964,A2,102,238,San Juan de Ribera (Macarena) [C],540,10211,10210,640
-666496.224582036,4495506.61082566,5337,A2,102,238,San Juan de Ribera (Macarena) [C],540,10213,10211,641
-666393.512325403,4495770.15717889,6434,01,1,239,San Juan de Ribera (Policlínico),540,112,110,642
-666393.512325403,4495770.15717889,5717,02,2,239,San Juan de Ribera (Policlínico),540,211,210,643
-666393.512325403,4495770.15717889,2051,10,10,239,San Juan de Ribera (Policlínico),540,1011,1010,644
-666393.512325403,4495770.15717889,2064,13,13,239,San Juan de Ribera (Policlínico),540,1311,1310,645
-666393.512325403,4495770.15717889,1948,16,16,239,San Juan de Ribera (Policlínico),540,1611,1610,646
-666393.512325403,4495770.15717889,5190,A2,102,239,San Juan de Ribera (Policlínico),540,10211,10210,647
-666393.512325403,4495770.15717889,5563,A2,102,239,San Juan de Ribera (Policlínico),540,10213,10211,648
-665777.238785604,4499264.77637435,3353,03,3,240,Medina y Galnares (Ambulatorio),540,312,310,649
-665777.238785604,4499264.77637435,5388,10,10,240,Medina y Galnares (Ambulatorio),540,1011,1010,650
-665777.238785604,4499264.77637435,8527,A2,102,240,Medina y Galnares (Ambulatorio),540,10211,10210,651
-665777.238785604,4499264.77637435,8900,A2,102,240,Medina y Galnares (Ambulatorio),540,10213,10211,652
-665882.711264671,4498806.49580048,3726,03,3,241,Medina y Galnares (Carpa),540,312,310,653
-665882.711264671,4498806.49580048,5761,10,10,241,Medina y Galnares (Carpa),540,1011,1010,654
-665882.711264671,4498806.49580048,8900,A2,102,241,Medina y Galnares (Carpa),540,10211,10210,655
-665882.711264671,4498806.49580048,9273,A2,102,241,Medina y Galnares (Carpa),540,10213,10211,656
-665949.912147331,4498518.27589694,5995,10,10,242,Medina y Galnares (Cataluña),540,1011,1010,657
-665949.912147331,4498518.27589694,0,10,10,242,Medina y Galnares (Cataluña),540,1012,1010,658
-665949.912147331,4498518.27589694,9134,A2,102,242,Medina y Galnares (Cataluña),540,10211,10210,659
-665949.912147331,4498518.27589694,0,A2,102,242,Medina y Galnares (Cataluña),540,10212,10210,660
-665949.912147331,4498518.27589694,9507,A2,102,242,Medina y Galnares (Cataluña),540,10213,10211,661
-665949.912147331,4498518.27589694,0,A2,102,242,Medina y Galnares (Cataluña),540,10214,10211,662
-666088.98507886,4497129.6909734,1154,10,10,243,Doctor Fedriani (Cementerio),540,1012,1010,663
-666088.98507886,4497129.6909734,1154,A2,102,243,Doctor Fedriani (Cementerio),540,10212,10210,664
-666088.98507886,4497129.6909734,1154,A2,102,243,Doctor Fedriani (Cementerio),540,10214,10211,665
-666166.112164667,4496645.84142737,391,06,6,244,Doctor Fedriani (Ágata),540,611,610,666
-666166.112164667,4496645.84142737,1555,10,10,244,Doctor Fedriani (Ágata),540,1012,1010,667
-666166.112164667,4496645.84142737,1555,A2,102,244,Doctor Fedriani (Ágata),540,10212,10210,668
-666166.112164667,4496645.84142737,1555,A2,102,244,Doctor Fedriani (Ágata),540,10214,10211,669
-669242.065573061,4490580.63391908,7208,41,41,245,Maestranza Aerea Av.(Barberan y Collar),540,4111,4110,670
-669242.065573061,4490580.63391908,0,41,41,245,Maestranza Aerea Av.(Barberan y Collar),540,4112,4110,671
-666477.115322399,4495366.55441596,2106,01,1,246,Muñoz León (Puerta de Córdoba),540,111,110,672
-666477.115322399,4495366.55441596,2668,10,10,246,Muñoz León (Puerta de Córdoba),540,1012,1010,673
-666477.115322399,4495366.55441596,8632,16,16,246,Muñoz León (Puerta de Córdoba),540,1612,1610,674
-666548.775029339,4494038.7840321,9349,27,27,247,Ponce de León,540,2712,2710,675
-666548.775029339,4494038.7840321,5963,32,32,247,Ponce de León,540,3212,3210,676
-666512.679773505,4494040.92201524,702,27,27,248,Plaza Ponce de Leon (Juan de Mesa),540,2711,2710,677
-666512.679773505,4494040.92201524,768,A7,107,248,Plaza Ponce de Leon (Juan de Mesa),540,10712,10710,678
-666512.679773505,4494040.92201524,768,A7,107,248,Plaza Ponce de Leon (Juan de Mesa),540,10714,10711,679
-666731.215362814,4495501.26513661,1692,14,14,249,Don Fadrique (Macarena) [C],540,1411,1410,680
-658915.900779938,4491804.83106513,1499,39,39,250,Avda. Parsi (Las Melias),540,3912,3910,681
-658915.900779938,4491804.83106513,1499,39,39,250,Avda. Parsi (Las Melias),540,3914,3911,682
-666199.924925662,4496330.41560515,6902,01,1,251,Doctor Fedriani (Plaza Isla Canela),540,112,110,683
-666199.924925662,4496330.41560515,2519,10,10,251,Doctor Fedriani (Plaza Isla Canela),540,1011,1010,684
-666199.924925662,4496330.41560515,5658,A2,102,251,Doctor Fedriani (Plaza Isla Canela),540,10211,10210,685
-666199.924925662,4496330.41560515,6031,A2,102,251,Doctor Fedriani (Plaza Isla Canela),540,10213,10211,686
-666129.273762176,4496571.52839202,0,01,1,252,Doctor Fedriani (Avda. San Lázaro),540,111,110,687
-666129.273762176,4496571.52839202,7102,01,1,252,Doctor Fedriani (Avda. San Lázaro),540,112,110,688
-666129.273762176,4496571.52839202,2719,10,10,252,Doctor Fedriani (Avda. San Lázaro),540,1011,1010,689
-666129.273762176,4496571.52839202,5858,A2,102,252,Doctor Fedriani (Avda. San Lázaro),540,10211,10210,690
-666129.273762176,4496571.52839202,6231,A2,102,252,Doctor Fedriani (Avda. San Lázaro),540,10213,10211,691
-665668.581422509,4496195.69424619,800,01,1,253,Trabaj. Inmigrantes (Los Romeros),540,111,110,692
-669358.47279873,4493248.82962599,1785,43,43,254,Niculoso Pisano (Ronda de Tejares),540,4311,4310,693
-669457.522443741,4492995.50094077,2024,43,43,255,Ronda de Los Tejares (Turruñuelo),540,4311,4310,694
-668004.953503785,4493638.45465468,270,43,43,256,Canalejas (Gravina),540,4311,4310,695
-668004.953503785,4493638.45465468,2693,C5,121,256,Canalejas (Gravina),540,12111,12110,696
-665833.929572124,4495740.75512178,1883,11,11,257,C. Jorge de Montemayor,540,1112,1110,697
-663669.275397386,4498025.27247304,4448,12,12,258,Esparteros (Charolistas),540,1211,1210,698
-663669.275397386,4498025.27247304,2298,13,13,258,Esparteros (Charolistas),540,1312,1310,699
-663669.275397386,4498025.27247304,5669,A1,101,258,Esparteros (Charolistas),540,10111,10110,700
-663669.275397386,4498025.27247304,6074,A1,101,258,Esparteros (Charolistas),540,10113,10111,701
-664160.754878817,4498161.62143139,4899,12,12,259,Sembradores (Parque Bomberos),540,1211,1210,702
-664160.754878817,4498161.62143139,0,12,12,259,Sembradores (Parque Bomberos),540,1212,1210,703
-664160.754878817,4498161.62143139,2749,13,13,259,Sembradores (Parque Bomberos),540,1312,1310,704
-664160.754878817,4498161.62143139,6120,A1,101,259,Sembradores (Parque Bomberos),540,10111,10110,705
-664160.754878817,4498161.62143139,0,A1,101,259,Sembradores (Parque Bomberos),540,10112,10110,706
-664160.754878817,4498161.62143139,6525,A1,101,259,Sembradores (Parque Bomberos),540,10113,10111,707
-664160.754878817,4498161.62143139,0,A1,101,259,Sembradores (Parque Bomberos),540,10114,10111,708
-664355.987781006,4497948.81087818,875,03,3,260,Agricultores (Camino de Los Toros),540,312,310,709
-664355.987781006,4497948.81087818,3033,13,13,260,Agricultores (Camino de Los Toros),540,1312,1310,710
-664355.987781006,4497948.81087818,875,LN,72,260,Agricultores (Camino de Los Toros),540,7212,7210,711
-664355.987781006,4497948.81087818,2595,A1,101,260,Agricultores (Camino de Los Toros),540,10112,10110,712
-664355.987781006,4497948.81087818,2595,A1,101,260,Agricultores (Camino de Los Toros),540,10114,10111,713
-664100.401469542,4497793.75063961,1442,12,12,261,Camino de Los Toros (Mar Adriático),540,1212,1210,714
-664100.401469542,4497793.75063961,3274,C6A,108,261,Camino de Los Toros (Mar Adriático),540,10812,10810,715
-663862.756631729,4497615.70153315,1778,12,12,262,Cortijo Las Casillas (Mar Mediterraneo),540,1212,1210,716
-664204.334600427,4497355.31684823,2157,12,12,263,Avenida Pino Montano (Ronda Norte),540,1212,1210,717
-664204.334600427,4497355.31684823,4963,16,16,263,Avenida Pino Montano (Ronda Norte),540,1612,1610,718
-664456.68295073,4497028.64210971,2497,12,12,264,Avenida Pino Montano (San Diego),540,1212,1210,719
-664666.513211144,4496704.11604801,2804,12,12,265,Avenida Pino Montano (Sebastián Llano),540,1212,1210,720
-664811.053510407,4496436.80393906,3058,12,12,266,Avda. Pino Montano (Sta. Justa y Rufina),540,1212,1210,721
-664811.053510407,4496436.80393906,6434,16,16,266,Avda. Pino Montano (Sta. Justa y Rufina),540,1612,1610,722
-666164.254320289,4496693.95807002,309,14,14,267,Manuel Blasco Garzón,540,1412,1410,723
-665096.471497313,4495894.71587297,3544,12,12,268,Avenida Pino Montano (Ronda de Pío XII),540,1212,1210,724
-665096.471497313,4495894.71587297,6920,16,16,268,Avenida Pino Montano (Ronda de Pío XII),540,1612,1610,725
-664913.765767041,4496241.13578626,3233,12,12,269,Avda. Pino Montano (San Felipe Neri),540,1212,1210,726
-664686.8433339,4496391.36155208,2595,12,12,270,Alcalde Manuel del Valle (San Diego),540,1211,1210,727
-664686.8433339,4496391.36155208,3816,A1,101,270,Alcalde Manuel del Valle (San Diego),540,10111,10110,728
-664686.8433339,4496391.36155208,4221,A1,101,270,Alcalde Manuel del Valle (San Diego),540,10113,10111,729
-664652.181271982,4496688.07713177,2892,12,12,271,Avenida Pino Montano (Los Carteros),540,1211,1210,730
-664652.181271982,4496688.07713177,3107,15,15,271,Avenida Pino Montano (Los Carteros),540,1511,1510,731
-664652.181271982,4496688.07713177,4113,A1,101,271,Avenida Pino Montano (Los Carteros),540,10111,10110,732
-664652.181271982,4496688.07713177,4518,A1,101,271,Avenida Pino Montano (Los Carteros),540,10113,10111,733
-664440.811652254,4496969.2963977,3172,12,12,272,Avenida Pino Montano (San Diego),540,1211,1210,734
-664440.811652254,4496969.2963977,3387,15,15,272,Avenida Pino Montano (San Diego),540,1511,1510,735
-664440.811652254,4496969.2963977,4393,A1,101,272,Avenida Pino Montano (San Diego),540,10111,10110,736
-664440.811652254,4496969.2963977,4798,A1,101,272,Avenida Pino Montano (San Diego),540,10113,10111,737
-664184.163720202,4497345.15822608,3543,12,12,273,Avenida Pino Montano (Las Almenas),540,1211,1210,738
-664184.163720202,4497345.15822608,4908,16,16,273,Avenida Pino Montano (Las Almenas),540,1611,1610,739
-664184.163720202,4497345.15822608,4764,A1,101,273,Avenida Pino Montano (Las Almenas),540,10111,10110,740
-664184.163720202,4497345.15822608,5169,A1,101,273,Avenida Pino Montano (Las Almenas),540,10113,10111,741
-663843.647372092,4497571.32340783,3912,12,12,274,Cortijo Las Casillas (C. de Los Toros),540,1211,1210,742
-663843.647372092,4497571.32340783,5133,A1,101,274,Cortijo Las Casillas (C. de Los Toros),540,10111,10110,743
-663843.647372092,4497571.32340783,5538,A1,101,274,Cortijo Las Casillas (C. de Los Toros),540,10113,10111,744
-666102.096154902,4496039.05610745,1303,01,1,275,Dr. Leal Castaños (Avda. San Lázaro),540,111,110,745
-666102.096154902,4496039.05610745,8338,02,2,275,Dr. Leal Castaños (Avda. San Lázaro),540,212,210,746
-666102.096154902,4496039.05610745,5782,13,13,275,Dr. Leal Castaños (Avda. San Lázaro),540,1312,1310,747
-664916.738320271,4495262.84971559,4525,12,12,276,Carretera Carmona (Pedro de Mena),540,1212,1210,748
-664916.738320271,4495262.84971559,1976,15,15,276,Carretera Carmona (Pedro de Mena),540,1512,1510,749
-664916.738320271,4495262.84971559,6227,A1,101,276,Carretera Carmona (Pedro de Mena),540,10112,10110,750
-664916.738320271,4495262.84971559,6227,A1,101,276,Carretera Carmona (Pedro de Mena),540,10114,10111,751
-665231.138681695,4495120.12378891,4800,12,12,277,Carretera Carmona (Higuera de La Sierra),540,1212,1210,752
-665231.138681695,4495120.12378891,2251,15,15,277,Carretera Carmona (Higuera de La Sierra),540,1512,1510,753
-665231.138681695,4495120.12378891,6502,A1,101,277,Carretera Carmona (Higuera de La Sierra),540,10112,10110,754
-665231.138681695,4495120.12378891,6502,A1,101,277,Carretera Carmona (Higuera de La Sierra),540,10114,10111,755
-651498.483412347,4493216.76237105,12505,53,53,278,Ctra.A-3108 (Centro Insercion Social),540,5311,5310,756
-665342.980917686,4494648.12640543,3649,20,20,279,Arroyo (Pinzones),540,2012,2010,757
-665944.444779596,4494146.2181531,4291,20,20,280,Arroyo (José Laguillo),540,2012,2010,758
-666065.09850988,4494029.1631274,6265,24,24,281,Gonzalo Bilbao (Puerta Osario),540,2412,2410,759
-666065.09850988,4494029.1631274,8931,27,27,281,Gonzalo Bilbao (Puerta Osario),540,2712,2710,760
-666065.09850988,4494029.1631274,5545,32,32,281,Gonzalo Bilbao (Puerta Osario),540,3212,3210,761
-666065.09850988,4494029.1631274,6585,A8,110,281,Gonzalo Bilbao (Puerta Osario),540,11012,11010,762
-666065.09850988,4494029.1631274,6585,A8,110,281,Gonzalo Bilbao (Puerta Osario),540,11014,11011,763
-666005.594401529,4494349.33043174,488,15,15,282,María Auxiliadora (Dr. Relimpio),540,1511,1510,764
-666005.594401529,4494349.33043174,500,16,16,282,María Auxiliadora (Dr. Relimpio),540,1611,1610,765
-665857.869229369,4494249.91182709,704,20,20,283,Arroyo (Urquiza),540,2011,2010,766
-665857.869229369,4494249.91182709,2126,A8,110,283,Arroyo (Urquiza),540,11011,11010,767
-665857.869229369,4494249.91182709,2140,A8,110,283,Arroyo (Urquiza),540,11013,11011,768
-665372.387931534,4494606.96795501,1203,20,20,284,Arroyo (Pinzones),540,2011,2010,769
-665372.387931534,4494606.96795501,2625,A8,110,284,Arroyo (Pinzones),540,11011,11010,770
-665372.387931534,4494606.96795501,2639,A8,110,284,Arroyo (Pinzones),540,11013,11011,771
-666602.546362026,4494792.44951927,1690,C5,121,285,San Luis (Inocentes),540,12112,12110,772
-665259.377909557,4495074.15255159,1336,15,15,286,Carretera Carmona (Higuera de La Sierra),540,1511,1510,773
-664946.623072846,4495239.86375935,1620,15,15,287,Carretera Carmona (Pedro de Mena),540,1511,1510,774
-665621.126769612,4494818.64170821,984,15,15,288,Carretera Carmona (Centro de Salud),540,1511,1510,775
-661226.84694405,4496421.3000482,7208,28,28,289,Aux. Autovia Madrid (Hipermercado),540,2811,2810,776
-661226.84694405,4496421.3000482,7711,A8,110,289,Aux. Autovia Madrid (Hipermercado),540,11011,11010,777
-661226.84694405,4496421.3000482,7725,A8,110,289,Aux. Autovia Madrid (Hipermercado),540,11013,11011,778
-663487.7374531,4498391.01249608,1640,13,13,290,Garrochistas (Talabarteros),540,1312,1310,779
-664295.103567004,4493274.48350884,4302,24,24,291,Luis Montoto (Marqués de Nervión),540,2412,2410,780
-664295.103567004,4493274.48350884,6968,27,27,291,Luis Montoto (Marqués de Nervión),540,2712,2710,781
-664295.103567004,4493274.48350884,4406,A3,103,291,Luis Montoto (Marqués de Nervión),540,10312,10310,782
-664295.103567004,4493274.48350884,4406,A3,103,291,Luis Montoto (Marqués de Nervión),540,10314,10311,783
-664772.251098141,4493250.96744834,2733,21,21,292,Luis Montoto (Kansas City),540,2112,2110,784
-664772.251098141,4493250.96744834,4681,24,24,292,Luis Montoto (Kansas City),540,2412,2410,785
-664772.251098141,4493250.96744834,7347,27,27,292,Luis Montoto (Kansas City),540,2712,2710,786
-664772.251098141,4493250.96744834,4785,A3,103,292,Luis Montoto (Kansas City),540,10312,10310,787
-664772.251098141,4493250.96744834,4785,A3,103,292,Luis Montoto (Kansas City),540,10314,10311,788
-665005.330957408,4493458.33812975,2172,32,32,293,Kansas City (Céfiro),540,3211,3210,789
-665005.330957408,4493458.33812975,5230,C1,81,293,Kansas City (Céfiro),540,8111,8110,790
-665005.330957408,4493458.33812975,8761,EA,100,293,Kansas City (Céfiro),540,10012,10010,791
-665005.330957408,4493458.33812975,2244,A7,107,293,Kansas City (Céfiro),540,10712,10710,792
-665005.330957408,4493458.33812975,2244,A7,107,293,Kansas City (Céfiro),540,10714,10711,793
-665005.330957408,4493458.33812975,0,LS,127,293,Kansas City (Céfiro),540,12711,12710,794
-665005.330957408,4493458.33812975,9755,LS,127,293,Kansas City (Céfiro),540,12712,12710,795
-660783.777581839,4496632.47573866,7598,28,28,294,Aux. Autovia Madrid (Jardines del Edén),540,2811,2810,796
-660783.777581839,4496632.47573866,8101,A8,110,294,Aux. Autovia Madrid (Jardines del Edén),540,11011,11010,797
-660783.777581839,4496632.47573866,8115,A8,110,294,Aux. Autovia Madrid (Jardines del Edén),540,11013,11011,798
-665417.772420388,4492732.55863348,3921,05,5,295,Eduardo Dato (Colegio Porta Coeli),540,512,510,799
-665417.772420388,4492732.55863348,10118,A4,104,295,Eduardo Dato (Colegio Porta Coeli),540,10412,10410,800
-665417.772420388,4492732.55863348,10118,A4,104,295,Eduardo Dato (Colegio Porta Coeli),540,10414,10411,801
-665952.247730435,4492837.84165633,4354,05,5,296,Eduardo Dato (San Bernardo),540,512,510,802
-665952.247730435,4492837.84165633,10551,A4,104,296,Eduardo Dato (San Bernardo),540,10412,10410,803
-665952.247730435,4492837.84165633,10551,A4,104,296,Eduardo Dato (San Bernardo),540,10414,10411,804
-666441.285463363,4492875.25211845,4846,05,5,297,Menéndez Pelayo (Jardines de Murillo),540,512,510,805
-666441.285463363,4492875.25211845,6500,A3,103,297,Menéndez Pelayo (Jardines de Murillo),540,10312,10310,806
-666441.285463363,4492875.25211845,6500,A3,103,297,Menéndez Pelayo (Jardines de Murillo),540,10314,10311,807
-666441.285463363,4492875.25211845,11043,A4,104,297,Menéndez Pelayo (Jardines de Murillo),540,10412,10410,808
-666441.285463363,4492875.25211845,11043,A4,104,297,Menéndez Pelayo (Jardines de Murillo),540,10414,10411,809
-666441.285463363,4492875.25211845,7622,A8,110,297,Menéndez Pelayo (Jardines de Murillo),540,11012,11010,810
-666441.285463363,4492875.25211845,7622,A8,110,297,Menéndez Pelayo (Jardines de Murillo),540,11014,11011,811
-666441.285463363,4492875.25211845,3910,C5,121,297,Menéndez Pelayo (Jardines de Murillo),540,12112,12110,812
-663394.579826285,4498160.01731454,1990,13,13,298,Cortijo de Las Casillas,540,1312,1310,813
-663394.579826285,4498160.01731454,4528,C6B,109,298,Cortijo de Las Casillas,540,10911,10910,814
-658948.121115617,4496241.13578626,10135,28,28,299,Emilia Barral (Plaza Rey Aurelio),540,2811,2810,815
-658948.121115617,4496241.13578626,10638,A8,110,299,Emilia Barral (Plaza Rey Aurelio),540,11011,11010,816
-658948.121115617,4496241.13578626,10652,A8,110,299,Emilia Barral (Plaza Rey Aurelio),540,11013,11011,817
-658948.121115617,4496241.13578626,8878,B4,119,299,Emilia Barral (Plaza Rey Aurelio),540,11911,11910,818
-665698.572340482,4494790.84591713,5254,12,12,300,Carretera Carmona (Centro de Salud),540,1212,1210,819
-665698.572340482,4494790.84591713,2705,15,15,300,Carretera Carmona (Centro de Salud),540,1512,1510,820
-665698.572340482,4494790.84591713,6956,A1,101,300,Carretera Carmona (Centro de Salud),540,10112,10110,821
-665698.572340482,4494790.84591713,6956,A1,101,300,Carretera Carmona (Centro de Salud),540,10114,10111,822
-665928.945054448,4492813.2577065,5350,05,5,301,Eduardo Dato (San Bernardo),540,511,510,823
-665928.945054448,4492813.2577065,1136,A4,104,301,Eduardo Dato (San Bernardo),540,10411,10410,824
-665928.945054448,4492813.2577065,1400,A4,104,301,Eduardo Dato (San Bernardo),540,10413,10411,825
-665323.393930454,4492689.26998018,5842,05,5,302,Eduardo Dato (Colegio Porta Coeli),540,511,510,826
-665323.393930454,4492689.26998018,1628,A4,104,302,Eduardo Dato (Colegio Porta Coeli),540,10411,10410,827
-665323.393930454,4492689.26998018,1892,A4,104,302,Eduardo Dato (Colegio Porta Coeli),540,10413,10411,828
-665625.267108829,4496150.25290279,3202,14,14,303,Trabaj. Inmigrantes (Mar Caspio),540,1411,1410,829
-659941.749406017,4496876.26864957,8328,28,28,304,Acc. Parque Alcosa (Ciudad de Alfafar),540,2811,2810,830
-659941.749406017,4496876.26864957,6159,C6A,108,304,Acc. Parque Alcosa (Ciudad de Alfafar),540,10811,10810,831
-659941.749406017,4496876.26864957,8813,C6B,109,304,Acc. Parque Alcosa (Ciudad de Alfafar),540,10912,10910,832
-659941.749406017,4496876.26864957,8831,A8,110,304,Acc. Parque Alcosa (Ciudad de Alfafar),540,11011,11010,833
-659941.749406017,4496876.26864957,8845,A8,110,304,Acc. Parque Alcosa (Ciudad de Alfafar),540,11013,11011,834
-664745.338898797,4493211.95228705,2177,24,24,305,Luis Montoto (Luis de Morales),540,2411,2410,835
-664745.338898797,4493211.95228705,2831,27,27,305,Luis Montoto (Luis de Morales),540,2711,2710,836
-664745.338898797,4493211.95228705,2978,29,29,305,Luis Montoto (Luis de Morales),540,2911,2910,837
-664745.338898797,4493211.95228705,2221,A3,103,305,Luis Montoto (Luis de Morales),540,10311,10310,838
-664745.338898797,4493211.95228705,2554,A3,103,305,Luis Montoto (Luis de Morales),540,10313,10311,839
-659653.942758874,4496718.55109217,8760,28,28,306,Ciudad de Liria (Elda),540,2811,2810,840
-659653.942758874,4496718.55109217,6591,C6A,108,306,Ciudad de Liria (Elda),540,10811,10810,841
-659653.942758874,4496718.55109217,9245,C6B,109,306,Ciudad de Liria (Elda),540,10912,10910,842
-659653.942758874,4496718.55109217,9263,A8,110,306,Ciudad de Liria (Elda),540,11011,11010,843
-659653.942758874,4496718.55109217,9277,A8,110,306,Ciudad de Liria (Elda),540,11013,11011,844
-659854.589962797,4496157.73735044,9266,28,28,307,Las O.N.G. (Plaza Gomila),540,2811,2810,845
-659854.589962797,4496157.73735044,9769,A8,110,307,Las O.N.G. (Plaza Gomila),540,11011,11010,846
-659854.589962797,4496157.73735044,9783,A8,110,307,Las O.N.G. (Plaza Gomila),540,11013,11011,847
-659885.642501358,4496780.56856292,6821,C6A,108,308,Ciudad de Paterna (Ambulatorio),540,10811,10810,848
-659885.642501358,4496780.56856292,9475,C6B,109,308,Ciudad de Paterna (Ambulatorio),540,10912,10910,849
-664240.164459463,4493243.48507204,2582,24,24,309,Luis Montoto (Marqués de Nervión),540,2411,2410,850
-664240.164459463,4493243.48507204,3236,27,27,309,Luis Montoto (Marqués de Nervión),540,2711,2710,851
-664240.164459463,4493243.48507204,3383,29,29,309,Luis Montoto (Marqués de Nervión),540,2911,2910,852
-664240.164459463,4493243.48507204,2626,A3,103,309,Luis Montoto (Marqués de Nervión),540,10311,10310,853
-664240.164459463,4493243.48507204,2959,A3,103,309,Luis Montoto (Marqués de Nervión),540,10313,10311,854
-658919.404149028,4496445.35781339,10336,28,28,310,Escritor Alfonso Grosso (Carmen Conde),540,2811,2810,855
-658919.404149028,4496445.35781339,10839,A8,110,310,Escritor Alfonso Grosso (Carmen Conde),540,11011,11010,856
-658919.404149028,4496445.35781339,10853,A8,110,310,Escritor Alfonso Grosso (Carmen Conde),540,11013,11011,857
-662262.356343083,4492563.68046908,1275,05,5,311,Amor (Edificios Atlántico),540,512,510,858
-662262.356343083,4492563.68046908,1275,A4,104,311,Amor (Edificios Atlántico),540,10412,10410,859
-662262.356343083,4492563.68046908,1275,A4,104,311,Amor (Edificios Atlántico),540,10414,10411,860
-661668.483101214,4492951.14232309,706,05,5,312,Amor (Santa Isabel),540,512,510,861
-661668.483101214,4492951.14232309,706,A4,104,312,Amor (Santa Isabel),540,10412,10410,862
-661668.483101214,4492951.14232309,706,A4,104,312,Amor (Santa Isabel),540,10414,10411,863
-661890.309728817,4492772.10644555,936,05,5,313,Amor (Satsumas),540,512,510,864
-661890.309728817,4492772.10644555,936,A4,104,313,Amor (Satsumas),540,10412,10410,865
-661890.309728817,4492772.10644555,936,A4,104,313,Amor (Satsumas),540,10414,10411,866
-662594.379693094,4492401.21795239,1569,05,5,314,Carlos Marx (Edificios Cantábrico),540,512,510,867
-662594.379693094,4492401.21795239,1569,A4,104,314,Carlos Marx (Edificios Cantábrico),540,10412,10410,868
-662594.379693094,4492401.21795239,1569,A4,104,314,Carlos Marx (Edificios Cantábrico),540,10414,10411,869
-663012.394689208,4492324.79731178,1937,05,5,315,Federico Mayo Gayarre (La Candelaria) [M],540,512,510,870
-663012.394689208,4492324.79731178,2103,24,24,315,Federico Mayo Gayarre (La Candelaria) [M],540,2412,2410,871
-663012.394689208,4492324.79731178,4650,52,52,315,Federico Mayo Gayarre (La Candelaria) [M],540,5212,5210,872
-663325.733418912,4492352.58657769,2188,05,5,316,Federico Mayo Gayarre (Rda. Tamarguillo),540,512,510,873
-663325.733418912,4492352.58657769,4901,52,52,316,Federico Mayo Gayarre (Rda. Tamarguillo),540,5212,5210,874
-663247.650877916,4492323.72849479,7575,05,5,317,Federico Mayo Gayarre (Gibraltar),540,511,510,875
-663247.650877916,4492323.72849479,2540,52,52,317,Federico Mayo Gayarre (Gibraltar),540,5211,5210,876
-662934.471379611,4492296.4737263,7826,05,5,318,Federico Mayo Gayarre (Pedro de Madrid) [M],540,511,510,877
-662934.471379611,4492296.4737263,4782,24,24,318,Federico Mayo Gayarre (Pedro de Madrid) [M],540,2411,2410,878
-662934.471379611,4492296.4737263,2791,52,52,318,Federico Mayo Gayarre (Pedro de Madrid) [M],540,5211,5210,879
-658230.30310517,4495899.52717187,11802,22,22,319,Avenida Emilio Lemos (Vietnam),540,2211,2210,880
-658230.30310517,4495899.52717187,0,22,22,319,Avenida Emilio Lemos (Vietnam),540,2212,2210,881
-658230.30310517,4495899.52717187,9527,A3,103,319,Avenida Emilio Lemos (Vietnam),540,10311,10310,882
-658230.30310517,4495899.52717187,9860,A3,103,319,Avenida Emilio Lemos (Vietnam),540,10313,10311,883
-658230.30310517,4495899.52717187,3032,B4,119,319,Avenida Emilio Lemos (Vietnam),540,11912,11910,884
-662765.142133311,4490406.44722752,4352,26,26,320,Aguila Perdicera (Centro Salud),540,2611,2610,885
-662778.306286486,4498450.36624683,4688,C6A,108,321,Ctra. Pino Montano (Cortijo Las Monjas),540,10812,10810,886
-662361.830649687,4490229.05761088,189,26,26,323,Águila Perdicera (Bda. La Música) [M],540,2612,2610,887
-662349.515797435,4491446.80142764,5861,24,24,324,Los Claveles (Doña Francisquita),540,2411,2410,888
-662349.515797435,4491446.80142764,4799,25,25,324,Los Claveles (Doña Francisquita),540,2511,2510,889
-662349.515797435,4491446.80142764,3870,52,52,324,Los Claveles (Doña Francisquita),540,5211,5210,890
-662115.427394713,4491510.390878,6083,24,24,325,Doña Francisquita (La Calesera),540,2411,2410,891
-662115.427394713,4491510.390878,5021,25,25,325,Doña Francisquita (La Calesera),540,2511,2510,892
-662115.427394713,4491510.390878,0,25,25,325,Doña Francisquita (La Calesera),540,2512,2510,893
-662115.427394713,4491510.390878,4092,52,52,325,Doña Francisquita (La Calesera),540,5211,5210,894
-662133.368868364,4491813.38116779,3693,52,52,326,La Calesera (La Montería),540,5212,5210,895
-662368.62504594,4491785.05896099,1335,24,24,327,La Montería (Mercado),540,2412,2410,896
-662368.62504594,4491785.05896099,3882,52,52,327,La Montería (Mercado),540,5212,5210,897
-659694.549927253,4496443.7539588,11156,28,28,328,Ciudad de Chiva (Ciudad de Liria),540,2811,2810,898
-659694.549927253,4496443.7539588,0,28,28,328,Ciudad de Chiva (Ciudad de Liria),540,2812,2810,899
-659694.549927253,4496443.7539588,11659,A8,110,328,Ciudad de Chiva (Ciudad de Liria),540,11011,11010,900
-659694.549927253,4496443.7539588,0,A8,110,328,Ciudad de Chiva (Ciudad de Liria),540,11012,11010,901
-659694.549927253,4496443.7539588,11673,A8,110,328,Ciudad de Chiva (Ciudad de Liria),540,11013,11011,902
-659694.549927253,4496443.7539588,0,A8,110,328,Ciudad de Chiva (Ciudad de Liria),540,11014,11011,903
-659694.549927253,4496443.7539588,5290,B4,119,328,Ciudad de Chiva (Ciudad de Liria),540,11912,11910,904
-665227.847643402,4493227.45144049,5047,24,24,330,Luis Montoto (Cefiro),540,2412,2410,905
-665227.847643402,4493227.45144049,7713,27,27,330,Luis Montoto (Cefiro),540,2712,2710,906
-665227.847643402,4493227.45144049,5151,A3,103,330,Luis Montoto (Cefiro),540,10312,10310,907
-665227.847643402,4493227.45144049,5151,A3,103,330,Luis Montoto (Cefiro),540,10314,10311,908
-665703.243495559,4493291.05166985,5421,24,24,331,Luis Montoto (San Benito),540,2412,2410,909
-665703.243495559,4493291.05166985,8087,27,27,331,Luis Montoto (San Benito),540,2712,2710,910
-665703.243495559,4493291.05166985,5525,A3,103,331,Luis Montoto (San Benito),540,10312,10310,911
-665703.243495559,4493291.05166985,5525,A3,103,331,Luis Montoto (San Benito),540,10314,10311,912
-664789.449436267,4496587.5671302,6061,LN,72,332,"Alc.Manuel del Valle,av. (Av.Pino Montano)",540,7211,7210,913
-665989.829268451,4493741.60883509,5955,24,24,333,Amador de Los Ríos (Júpiter),540,2412,2410,914
-665989.829268451,4493741.60883509,8621,27,27,333,Amador de Los Ríos (Júpiter),540,2712,2710,915
-666161.387932457,4493981.05869402,408,24,24,334,Recaredo (Puerta Osario),540,2411,2410,916
-666161.387932457,4493981.05869402,1062,27,27,334,Recaredo (Puerta Osario),540,2711,2710,917
-665693.688865741,4493267.00111579,1417,24,24,336,Luis Montoto (Manuel Halcon),540,2411,2410,918
-665693.688865741,4493267.00111579,2071,27,27,336,Luis Montoto (Manuel Halcon),540,2711,2710,919
-665693.688865741,4493267.00111579,1461,A3,103,336,Luis Montoto (Manuel Halcon),540,10311,10310,920
-665693.688865741,4493267.00111579,1794,A3,103,336,Luis Montoto (Manuel Halcon),540,10313,10311,921
-667829.254500561,4494192.18532858,3982,C5,121,337,Cardenal Cisneros (Abad Gordillo),540,12111,12110,922
-662023.543719283,4491477.79454952,3408,52,52,338,La Calesera (Doña Francisquita),540,5212,5210,923
-662023.543719283,4491477.79454952,6558,A4,104,338,La Calesera (Doña Francisquita),540,10412,10410,924
-662023.543719283,4491477.79454952,6558,A4,104,338,La Calesera (Doña Francisquita),540,10414,10411,925
-660049.238971993,4496717.48182792,428,28,28,339,Ciudad de Alfafar (Ciudad de Oliva),540,2812,2810,926
-660049.238971993,4496717.48182792,428,A8,110,339,Ciudad de Alfafar (Ciudad de Oliva),540,11012,11010,927
-660049.238971993,4496717.48182792,428,A8,110,339,Ciudad de Alfafar (Ciudad de Oliva),540,11014,11011,928
-660479.197258163,4496908.3470956,1061,28,28,340,Aux. Autovía Madrid (Ctra. Aerop. Viejo),540,2812,2810,929
-660479.197258163,4496908.3470956,1061,A8,110,340,Aux. Autovía Madrid (Ctra. Aerop. Viejo),540,11012,11010,930
-660479.197258163,4496908.3470956,1061,A8,110,340,Aux. Autovía Madrid (Ctra. Aerop. Viejo),540,11014,11011,931
-664653.402135101,4491640.24278745,3142,25,25,341,Ramón y Cajal (Marqués de Nervión),540,2512,2510,932
-664653.402135101,4491640.24278745,2362,26,26,341,Ramón y Cajal (Marqués de Nervión),540,2612,2610,933
-664653.402135101,4491640.24278745,4413,38,38,341,Ramón y Cajal (Marqués de Nervión),540,3812,3810,934
-664653.402135101,4491640.24278745,6319,38A,125,341,Ramón y Cajal (Marqués de Nervión),540,12512,12510,935
-665045.141913129,4491782.38705599,3473,25,25,342,Ramón y Cajal (San Francisco Javier),540,2512,2510,936
-665045.141913129,4491782.38705599,2693,26,26,342,Ramón y Cajal (San Francisco Javier),540,2612,2610,937
-665045.141913129,4491782.38705599,4744,38,38,342,Ramón y Cajal (San Francisco Javier),540,3812,3810,938
-665045.141913129,4491782.38705599,6650,38A,125,342,Ramón y Cajal (San Francisco Javier),540,12512,12510,939
-658590.671848442,4495638.650471,10380,22,22,343,Av. Emilio Lemos (Period. E. Chinarro),540,2211,2210,940
-658590.671848442,4495638.650471,8821,A3,103,343,Av. Emilio Lemos (Period. E. Chinarro),540,10311,10310,941
-658590.671848442,4495638.650471,9154,A3,103,343,Av. Emilio Lemos (Period. E. Chinarro),540,10313,10311,942
-664994.820861268,4491741.23983275,1779,25,25,344,Ramón y Cajal (San Francisco Javier),540,2511,2510,943
-664994.820861268,4491741.23983275,1803,26,26,344,Ramón y Cajal (San Francisco Javier),540,2611,2610,944
-664994.820861268,4491741.23983275,1822,38,38,344,Ramón y Cajal (San Francisco Javier),540,3811,3810,945
-664994.820861268,4491741.23983275,1803,A5,105,344,Ramón y Cajal (San Francisco Javier),540,10511,10510,946
-664994.820861268,4491741.23983275,1562,A5,105,344,Ramón y Cajal (San Francisco Javier),540,10513,10511,947
-664994.820861268,4491741.23983275,1822,38A,125,344,Ramón y Cajal (San Francisco Javier),540,12511,12510,948
-664555.467198943,4491584.13374044,2151,25,25,345,Ramón y Cajal (Urbión),540,2511,2510,949
-664555.467198943,4491584.13374044,2175,26,26,345,Ramón y Cajal (Urbión),540,2611,2610,950
-664555.467198943,4491584.13374044,2194,38,38,345,Ramón y Cajal (Urbión),540,3811,3810,951
-664555.467198943,4491584.13374044,2175,A5,105,345,Ramón y Cajal (Urbión),540,10511,10510,952
-664555.467198943,4491584.13374044,1934,A5,105,345,Ramón y Cajal (Urbión),540,10513,10511,953
-664555.467198943,4491584.13374044,2194,38A,125,345,Ramón y Cajal (Urbión),540,12511,12510,954
-662568.104463877,4491546.19350663,5616,24,24,346,Las Leandras,540,2411,2410,955
-662568.104463877,4491546.19350663,4554,25,25,346,Las Leandras,540,2511,2510,956
-662568.104463877,4491546.19350663,3625,52,52,346,Las Leandras,540,5211,5210,957
-663246.48309193,4490715.81760493,1000,26,26,347,Avenida de Hytasa (Galicia),540,2612,2610,958
-663246.48309193,4490715.81760493,3051,38,38,347,Avenida de Hytasa (Galicia),540,3812,3810,959
-663246.48309193,4490715.81760493,4671,A5,105,347,Avenida de Hytasa (Galicia),540,10511,10510,960
-663246.48309193,4490715.81760493,4430,A5,105,347,Avenida de Hytasa (Galicia),540,10513,10511,961
-663246.48309193,4490715.81760493,4957,38A,125,347,Avenida de Hytasa (Galicia),540,12512,12510,962
-663534.289727941,4490949.8551347,1294,26,26,348,Avenida de Hytasa (Hernán Ruiz),540,2612,2610,963
-663534.289727941,4490949.8551347,3345,38,38,348,Avenida de Hytasa (Hernán Ruiz),540,3812,3810,964
-663534.289727941,4490949.8551347,4965,A5,105,348,Avenida de Hytasa (Hernán Ruiz),540,10511,10510,965
-663534.289727941,4490949.8551347,4724,A5,105,348,Avenida de Hytasa (Hernán Ruiz),540,10513,10511,966
-663534.289727941,4490949.8551347,5251,38A,125,348,Avenida de Hytasa (Hernán Ruiz),540,12512,12510,967
-663868.701727058,4491215.4245896,1634,26,26,349,Avenida de Hytasa (Aragón),540,2612,2610,968
-663868.701727058,4491215.4245896,3685,38,38,349,Avenida de Hytasa (Aragón),540,3812,3810,969
-663868.701727058,4491215.4245896,5305,A5,105,349,Avenida de Hytasa (Aragón),540,10511,10510,970
-663868.701727058,4491215.4245896,5064,A5,105,349,Avenida de Hytasa (Aragón),540,10513,10511,971
-663868.701727058,4491215.4245896,5591,38A,125,349,Avenida de Hytasa (Aragón),540,12512,12510,972
-664141.008649054,4491424.35818327,1916,26,26,350,Ramón y Cajal (Antiguo Matadero),540,2612,2610,973
-664141.008649054,4491424.35818327,3967,38,38,350,Ramón y Cajal (Antiguo Matadero),540,3812,3810,974
-664141.008649054,4491424.35818327,5873,38A,125,350,Ramón y Cajal (Antiguo Matadero),540,12512,12510,975
-662728.144488288,4490424.61380196,520,26,26,351,Águila Perdicera (Centro Salud),540,2612,2610,976
-664143.397298159,4491412.06786182,2534,26,26,352,Ramón y Cajal (Antiguo Matadero),540,2611,2610,977
-664143.397298159,4491412.06786182,2553,38,38,352,Ramón y Cajal (Antiguo Matadero),540,3811,3810,978
-664143.397298159,4491412.06786182,2534,A5,105,352,Ramón y Cajal (Antiguo Matadero),540,10511,10510,979
-664143.397298159,4491412.06786182,2293,A5,105,352,Ramón y Cajal (Antiguo Matadero),540,10513,10511,980
-664143.397298159,4491412.06786182,2553,38A,125,352,Ramón y Cajal (Antiguo Matadero),540,12511,12510,981
-663740.935115459,4491487.41313187,2989,26,26,353,Canal (Afán de Ribera),540,2611,2610,982
-663740.935115459,4491487.41313187,2989,A5,105,353,Canal (Afán de Ribera),540,10511,10510,983
-663740.935115459,4491487.41313187,2748,A5,105,353,Canal (Afán de Ribera),540,10513,10511,984
-663331.253874912,4491195.65359456,3422,26,26,354,Afán de Ribera (Maestro Falla),540,2611,2610,985
-663331.253874912,4491195.65359456,3422,A5,105,354,Afán de Ribera (Maestro Falla),540,10511,10510,986
-663331.253874912,4491195.65359456,3181,A5,105,354,Afán de Ribera (Maestro Falla),540,10513,10511,987
-662995.674089808,4490923.67260423,3766,26,26,355,Afán de Ribera (Galicia),540,2611,2610,988
-662995.674089808,4490923.67260423,3766,A5,105,355,Afán de Ribera (Galicia),540,10511,10510,989
-662995.674089808,4490923.67260423,3525,A5,105,355,Afán de Ribera (Galicia),540,10513,10511,990
-662761.585687087,4490736.12202489,4004,26,26,356,Afán de Ribera (Juan Talavera Heredia),540,2611,2610,991
-662761.585687087,4490736.12202489,4004,A5,105,356,Afán de Ribera (Juan Talavera Heredia),540,10511,10510,992
-662761.585687087,4490736.12202489,3763,A5,105,356,Afán de Ribera (Juan Talavera Heredia),540,10513,10511,993
-662998.062750046,4490568.87890363,769,26,26,357,Avenida de Hytasa (Illescas),540,2612,2610,994
-662998.062750046,4490568.87890363,2820,38,38,357,Avenida de Hytasa (Illescas),540,3812,3810,995
-662998.062750046,4490568.87890363,4440,A5,105,357,Avenida de Hytasa (Illescas),540,10511,10510,996
-662998.062750046,4490568.87890363,4199,A5,105,357,Avenida de Hytasa (Illescas),540,10513,10511,997
-662998.062750046,4490568.87890363,4726,38A,125,357,Avenida de Hytasa (Illescas),540,12512,12510,998
-664759.246187497,4496399.3807875,2749,LN,72,359,"Alc.Manuel del Valle,av. (Av.Pino Montano)",540,7212,7210,999
-665074.973577439,4491180.69178861,1780,30,30,360,Ntra. Sra. Mercedes (Diez Mandamientos),540,3012,3010,1000
-664984.204610861,4491149.16518031,2110,30,30,361,Avda. La Paz (Los Diez Mandamientos),540,3011,3010,1001
-659200.097903724,4496575.27076534,11099,A8,110,795,Escritor A. Grosso (Ildefonso Marañon),540,11013,11011,1002
-667015.200155803,4496232.5820643,7075,03,3,796,Concejal Jiménez Becerril (José Díaz),540,312,310,1003
-667015.200155803,4496232.5820643,1513,06,6,796,Concejal Jiménez Becerril (José Díaz),540,611,610,1004
-667015.200155803,4496232.5820643,1318,14,14,796,Concejal Jiménez Becerril (José Díaz),540,1412,1410,1005
-666069.875819223,4488897.12823001,5927,03,3,797,Dr. Fleming (Est. Benito Villamarín),540,311,310,1006
-666069.875819223,4488897.12823001,3326,34,34,797,Dr. Fleming (Est. Benito Villamarín),540,3412,3410,1007
-666069.875819223,4488897.12823001,6623,A6,106,797,Dr. Fleming (Est. Benito Villamarín),540,10612,10610,1008
-666069.875819223,4488897.12823001,6623,A6,106,797,Dr. Fleming (Est. Benito Villamarín),540,10614,10611,1009
-666573.882472571,4494512.89210863,1912,C5,121,798,Socorro,540,12112,12110,1010
-659376.858527535,4495345.7064815,1033,22,22,799,Avda. Emilio Lemos (Kabul),540,2212,2210,1011
-659376.858527535,4495345.7064815,10560,A3,103,799,Avda. Emilio Lemos (Kabul),540,10311,10310,1012
-659376.858527535,4495345.7064815,10893,A3,103,799,Avda. Emilio Lemos (Kabul),540,10313,10311,1013
-659863.932261818,4495375.10741843,7890,27,27,800,Avenida de Las Ciencias (Ciudad Verde),540,2711,2710,1014
-659863.932261818,4495375.10741843,7671,LE,71,800,Avenida de Las Ciencias (Ciudad Verde),540,7111,7110,1015
-659863.932261818,4495375.10741843,7280,A3,103,800,Avenida de Las Ciencias (Ciudad Verde),540,10311,10310,1016
-659863.932261818,4495375.10741843,7613,A3,103,800,Avenida de Las Ciencias (Ciudad Verde),540,10313,10311,1017
-664887.490537823,4492757.14239445,2525,28,28,801,Luis de Morales (Est. Sánchez Pizjuán) [M],540,2811,2810,1018
-664887.490537823,4492757.14239445,2546,29,29,801,Luis de Morales (Est. Sánchez Pizjuán) [M],540,2911,2910,1019
-664887.490537823,4492757.14239445,2398,LN,72,801,Luis de Morales (Est. Sánchez Pizjuán) [M],540,7211,7210,1020
-664887.490537823,4492757.14239445,8737,LS,127,801,Luis de Morales (Est. Sánchez Pizjuán) [M],540,12712,12710,1021
-665905.058474336,4488634.28845214,3978,34,34,802,Avenida Holanda (Paraná),540,3411,3410,1022
-667161.492134047,4495987.20031511,1739,06,6,803,Avda. Jiménez Becerril (F. Odontología),540,611,610,1023
-667161.492134047,4495987.20031511,1544,14,14,803,Avda. Jiménez Becerril (F. Odontología),540,1412,1410,1024
-665859.673996614,4498813.44738941,16280,03,3,804,Medina y Galnares (Pol.Ind. S. Jeronimo),540,311,310,1025
-665859.673996614,4498813.44738941,15158,C6A,108,804,Medina y Galnares (Pol.Ind. S. Jeronimo),540,10811,10810,1026
-665859.673996614,4498813.44738941,8949,C6B,109,804,Medina y Galnares (Pol.Ind. S. Jeronimo),540,10911,10910,1027
-663066.112933629,4494748.08331174,4326,B3,87,805,Antioquía (Antonio Momplet),540,8711,8710,1028
-664272.066298947,4496652.25697072,4186,15,15,806,"Mujer Trabajadora,av (Asoc.Vecinos, Av.)",540,1511,1510,1029
-664272.066298947,4496652.25697072,0,15,15,806,"Mujer Trabajadora,av (Asoc.Vecinos, Av.)",540,1512,1510,1030
-664272.066298947,4496652.25697072,5703,16,16,806,"Mujer Trabajadora,av (Asoc.Vecinos, Av.)",540,1612,1610,1031
-665040.364592654,4487072.34375102,6523,37,37,807,Avda. Jerez (Hospital Fremap),540,3711,3710,1032
-665040.364592654,4487072.34375102,5373,A6,106,807,Avda. Jerez (Hospital Fremap),540,10611,10610,1033
-665040.364592654,4487072.34375102,5542,A6,106,807,Avda. Jerez (Hospital Fremap),540,10613,10611,1034
-667386.344392013,4495513.56024371,0,C3,83,808,Torneo (Barqueta),540,8311,8310,1035
-667386.344392013,4495513.56024371,5049,C3,83,808,Torneo (Barqueta),540,8312,8310,1036
-667397.597612546,4495512.49110217,2151,C1,81,809,Torneo (Barqueta),540,8111,8110,1037
-667397.597612546,4495512.49110217,4202,A2,102,809,Torneo (Barqueta),540,10211,10210,1038
-667397.597612546,4495512.49110217,4575,A2,102,809,Torneo (Barqueta),540,10213,10211,1039
-667529.345331962,4495432.30585315,3554,C4,84,810,Torneo (Barqueta),540,8412,8410,1040
-665879.951042237,4488616.12497185,3018,34,34,811,Avenida Holanda (Paraná),540,3412,3410,1041
-665811.74160499,4488163.11652968,4003,A6,106,812,Avenida Italia (Ciudad deportiva),540,10611,10610,1042
-665811.74160499,4488163.11652968,4172,A6,106,812,Avenida Italia (Ciudad deportiva),540,10613,10611,1043
-664401.372269861,4490645.28677413,1027,30,30,813,Avda. La Paz (Rda. Tamarguillo),540,3012,3010,1044
-665753.352205492,4488187.68960357,2649,34,34,814,Glorieta Doña María García Montero,540,3412,3410,1045
-659673.05201851,4495011.0760827,1462,22,22,815,Av. Las Ciencias (Centro de Salud),540,2212,2210,1046
-659673.05201851,4495011.0760827,8216,27,27,815,Av. Las Ciencias (Centro de Salud),540,2711,2710,1047
-665652.763201166,4488175.40305244,4547,34,34,816,Av. Italia (Fragata),540,3411,3410,1048
-665652.763201166,4488175.40305244,5262,A6,106,816,Av. Italia (Fragata),540,10612,10610,1049
-665652.763201166,4488175.40305244,5262,A6,106,816,Av. Italia (Fragata),540,10614,10611,1050
-665358.958370428,4487865.03907377,5008,34,34,817,Avda. Reino Unido (Nª Sª del Pilar),540,3411,3410,1051
-665358.958370428,4487865.03907377,5468,37,37,817,Avda. Reino Unido (Nª Sª del Pilar),540,3711,3710,1052
-667249.129304862,4495532.27022423,5529,C2,82,818,Resolana (Barqueta),540,8212,8210,1053
-664208.528016777,4494605.89890577,8222,02,2,819,Alcalde Manuel del Valle (Kansas City),540,211,210,1054
-664208.528016777,4494605.89890577,3259,20,20,819,Alcalde Manuel del Valle (Kansas City),540,2011,2010,1055
-664208.528016777,4494605.89890577,3811,A8,110,819,Alcalde Manuel del Valle (Kansas City),540,11011,11010,1056
-664208.528016777,4494605.89890577,3825,A8,110,819,Alcalde Manuel del Valle (Kansas City),540,11013,11011,1057
-659019.727745424,4493386.71996021,8063,22,22,820,"Aeronautica, Av. (Edif.Helios)",540,2211,2210,1058
-659019.727745424,4493386.71996021,564,27,27,820,"Aeronautica, Av. (Edif.Helios)",540,2712,2710,1059
-659019.727745424,4493386.71996021,16994,B4,119,820,"Aeronautica, Av. (Edif.Helios)",540,11911,11910,1060
-659019.727745424,4493386.71996021,0,B4,119,820,"Aeronautica, Av. (Edif.Helios)",540,11912,11910,1061
-666121.842384666,4493384.58211024,3520,21,21,821,La Florida,540,2111,2110,1062
-666121.842384666,4493384.58211024,1041,24,24,821,La Florida,540,2411,2410,1063
-666121.842384666,4493384.58211024,1695,27,27,821,La Florida,540,2711,2710,1064
-666121.842384666,4493384.58211024,1085,A3,103,821,La Florida,540,10311,10310,1065
-666121.842384666,4493384.58211024,1418,A3,103,821,La Florida,540,10313,10311,1066
-665476.267985285,4487459.06904346,4510,03,3,823,Avda. Alemania (Estrasburgo),540,311,310,1067
-665476.267985285,4487459.06904346,4510,A6,106,823,Avda. Alemania (Estrasburgo),540,10612,10610,1068
-665476.267985285,4487459.06904346,4510,A6,106,823,Avda. Alemania (Estrasburgo),540,10614,10611,1069
-663397.393136984,4495373.50372731,3727,28,28,824,Av. Kansas City (Ctra. Carmona),540,2812,2810,1070
-663397.393136984,4495373.50372731,3727,A8,110,824,Av. Kansas City (Ctra. Carmona),540,11012,11010,1071
-663397.393136984,4495373.50372731,3727,A8,110,824,Av. Kansas City (Ctra. Carmona),540,11014,11011,1072
-659202.486563961,4495968.48952392,9825,28,28,825,Avda. Fernando Corral,540,2811,2810,1073
-659202.486563961,4495968.48952392,10328,A8,110,825,Avda. Fernando Corral,540,11011,11010,1074
-659202.486563961,4495968.48952392,10342,A8,110,825,Avda. Fernando Corral,540,11013,11011,1075
-659202.486563961,4495968.48952392,4468,B4,119,825,Avda. Fernando Corral,540,11912,11910,1076
-659769.766091549,4496417.55772977,9016,28,28,826,Avda. Turia (Ciudad de Chiva),540,2811,2810,1077
-659769.766091549,4496417.55772977,9519,A8,110,826,Avda. Turia (Ciudad de Chiva),540,11011,11010,1078
-659769.766091549,4496417.55772977,9533,A8,110,826,Avda. Turia (Ciudad de Chiva),540,11013,11011,1079
-659397.188661423,4496299.40816054,8441,B4,119,827,Av. Ciudad de Chiva (Marañon Lavin),540,11911,11910,1080
-659140.381475708,4496176.44847888,8668,B4,119,828,Av. Ciudad de Chiva (C.P. Arrayanes),540,11911,11910,1081
-668282.993190313,4493770.47079947,0,C4,84,829,Torneo (Estacion Plza de Armas) [C],540,8411,8410,1082
-668282.993190313,4493770.47079947,5083,C4,84,829,Torneo (Estacion Plza de Armas) [C],540,8412,8410,1083
-668282.993190313,4493770.47079947,4901,A2,102,829,Torneo (Estacion Plza de Armas) [C],540,10212,10210,1084
-668282.993190313,4493770.47079947,4901,A2,102,829,Torneo (Estacion Plza de Armas) [C],540,10214,10211,1085
-661921.946171503,4488566.44266109,6138,38,38,830,Autovía Utrera (Ciudad deportiva),540,3811,3810,1086
-661921.946171503,4488566.44266109,6138,38A,125,830,Autovía Utrera (Ciudad deportiva),540,12511,12510,1087
-666703.825424743,4496721.22425327,13617,03,3,831,Concej. Jiménez Becerril (Gta. Olímpica),540,311,310,1088
-666703.825424743,4496721.22425327,9511,06,6,831,Concej. Jiménez Becerril (Gta. Olímpica),540,612,610,1089
-667345.737212502,4495634.90843152,12616,03,3,832,Concejal Jiménez Becerril (Barqueta),540,311,310,1090
-667345.737212502,4495634.90843152,8510,06,6,832,Concejal Jiménez Becerril (Barqueta),540,612,610,1091
-665561.781903792,4487133.23601864,6309,34,34,833,"Finlanda, Av. (Paseo de Europa)",540,3411,3410,1092
-665561.781903792,4487133.23601864,0,34,34,833,"Finlanda, Av. (Paseo de Europa)",540,3412,3410,1093
-667390.325488698,4495636.51216256,7634,03,3,834,Concejal Jiménez Becerril (Barqueta),540,312,310,1094
-667390.325488698,4495636.51216256,2072,06,6,834,Concejal Jiménez Becerril (Barqueta),540,611,610,1095
-663610.779843621,4493239.74388588,3737,27,27,835,Avenida de Andalucia (Los Arcos),540,2711,2710,1096
-663610.779843621,4493239.74388588,3127,A3,103,835,Avenida de Andalucia (Los Arcos),540,10311,10310,1097
-663610.779843621,4493239.74388588,3460,A3,103,835,Avenida de Andalucia (Los Arcos),540,10313,10311,1098
-663610.779843621,4493239.74388588,3245,B4,119,835,Avenida de Andalucia (Los Arcos),540,11911,11910,1099
-665496.014215048,4496011.79169578,7831,02,2,836,Ronda de Pío XII (Begoña),540,212,210,1100
-665496.014215048,4496011.79169578,2326,11,11,836,Ronda de Pío XII (Begoña),540,1111,1110,1101
-662050.933646222,4491353.82259651,230,25,25,837,Ingeniero La Cierva (Marco Polo),540,2512,2510,1102
-662256.676655683,4491153.97431997,458,25,25,838,Ingeniero La Cierva (Gabriela Mistral),540,2512,2510,1103
-662455.837577425,4490960.54191201,678,25,25,839,Ingeniero La Cierva (Los Gavilanes) [M],540,2512,2510,1104
-662584.400412814,4491118.17302775,885,25,25,840,Los Gavilanes (Centro deportivo) [M],540,2512,2510,1105
-662700.807638483,4491421.68636999,1147,25,25,841,Los Gavilanes (Barriada Juan XXIII),540,2512,2510,1106
-665085.749081508,4495708.14567631,7006,02,2,842,Avenida Llanes (Miraflores),540,211,210,1107
-665085.749081508,4495708.14567631,3775,12,12,842,Avenida Llanes (Miraflores),540,1212,1210,1108
-665085.749081508,4495708.14567631,5477,A1,101,842,Avenida Llanes (Miraflores),540,10112,10110,1109
-665085.749081508,4495708.14567631,5477,A1,101,842,Avenida Llanes (Miraflores),540,10114,10111,1110
-665014.673256429,4495687.29706362,7368,02,2,843,Avenida Llanes (Cisneo Alto),540,212,210,1111
-665630.946796228,4491947.51193572,1181,25,25,844,San Bernardo (Estación Cercanías) [R][C][M],540,2511,2510,1112
-665630.946796228,4491947.51193572,1205,26,26,844,San Bernardo (Estación Cercanías) [R][C][M],540,2611,2610,1113
-665630.946796228,4491947.51193572,1205,A5,105,844,San Bernardo (Estación Cercanías) [R][C][M],540,10511,10510,1114
-665630.946796228,4491947.51193572,964,A5,105,844,San Bernardo (Estación Cercanías) [R][C][M],540,10513,10511,1115
-664695.230177732,4495467.05271548,7060,02,2,845,Avenida Llanes (Carretera Carmona),540,212,210,1116
-662752.031057268,4490571.55050008,4180,26,26,846,8 de Marzo (Melchor de Alcázar),540,2611,2610,1117
-662752.031057268,4490571.55050008,4180,A5,105,846,8 de Marzo (Melchor de Alcázar),540,10511,10510,1118
-662752.031057268,4490571.55050008,3939,A5,105,846,8 de Marzo (Melchor de Alcázar),540,10513,10511,1119
-664718.479776586,4495462.77618294,7357,02,2,847,Avenida Llanes (Carretera Carmona),540,211,210,1120
-664718.479776586,4495462.77618294,4126,12,12,847,Avenida Llanes (Carretera Carmona),540,1212,1210,1121
-664718.479776586,4495462.77618294,5828,A1,101,847,Avenida Llanes (Carretera Carmona),540,10112,10110,1122
-664718.479776586,4495462.77618294,5828,A1,101,847,Avenida Llanes (Carretera Carmona),540,10114,10111,1123
-669048.159699389,4494338.64020651,1791,C2,82,848,Inca Garcilaso (Francisco de Montesinos),540,8211,8210,1124
-665657.805918439,4487728.82369706,4844,03,3,849,Paseo de Europa (Lyon),540,311,310,1125
-665657.805918439,4487728.82369706,1079,34,34,849,Paseo de Europa (Lyon),540,3412,3410,1126
-665657.805918439,4487728.82369706,4844,A6,106,849,Paseo de Europa (Lyon),540,10612,10610,1127
-665657.805918439,4487728.82369706,4844,A6,106,849,Paseo de Europa (Lyon),540,10614,10611,1128
-666130.069974834,4487712.79847712,1505,34,34,850,Avenida Francia (Avenida Grecia),540,3412,3410,1129
-664155.340588215,4489859.86171827,3523,30,30,851,Av. Las Letanías (Inst. Dominguez Ortiz),540,3011,3010,1130
-663725.382302045,4489362.99047443,4182,30,30,852,Escultor Sebastián Santos,540,3011,3010,1131
-666480.724845756,4497879.83552987,14579,03,3,853,José Galán Merino (Cantina),540,311,310,1132
-663519.957788779,4489697.44101407,4772,30,30,854,Avda. La Paz (Ctra. Su Eminencia),540,3011,3010,1133
-663519.957788779,4489697.44101407,0,30,30,854,Avda. La Paz (Ctra. Su Eminencia),540,3012,3010,1134
-663730.159611389,4489913.29014358,238,30,30,855,Avenida de La Paz (Torre de David),540,3012,3010,1135
-663958.302918781,4490186.84788405,520,30,30,856,Avenida de La Paz (Reina de Los Ángeles),540,3012,3010,1136
-666287.243622546,4488046.66232609,2145,34,34,857,Avenida Italia (Grecia),540,3412,3410,1137
-665939.402062323,4488117.17572135,2427,34,34,858,Avenida Italia (Siena),540,3412,3410,1138
-663299.033539233,4498264.28533522,4166,C6A,108,859,Cortijo Las Casillas (Rda. Supernorte),540,10812,10810,1139
-665179.649843848,4487191.99204829,6001,34,34,860,Avenida Finlandia (Polonia),540,3411,3410,1140
-665015.257149422,4489890.85017411,12689,02,2,861,Poeta Manuel Benítez (P. González Abato),540,211,210,1141
-665015.257149422,4489890.85017411,4079,31,31,861,Poeta Manuel Benítez (P. González Abato),540,3111,3110,1142
-665335.390286511,4489700.64665006,12996,02,2,862,Marqués Luca de Tena (Virgen del Rocío) [R],540,211,210,1143
-665318.616609979,4489686.75552113,1369,02,2,863,Marqués Luca de Tena (Virgen del Rocío) [R],540,212,210,1144
-665746.186235911,4489508.30952064,13356,02,2,864,Marqués Luca de Tena (Hospital V.Rocio),540,211,210,1145
-666006.54986785,4490575.29073625,1739,31,31,865,Bueno Monreal (Tabladilla),540,3111,3110,1146
-666006.54986785,4490575.29073625,6573,LS,127,865,Bueno Monreal (Tabladilla),540,12712,12710,1147
-665897.892504756,4489441.52662575,11214,06,6,866,Marqués Luca de Tena (La Palmera),540,611,610,1148
-664983.620717868,4489898.33014927,1715,02,2,867,Poeta Benítez Carrasco (Ronda La Oliva),540,212,210,1149
-664983.620717868,4489898.33014927,1884,31,31,867,Poeta Benítez Carrasco (Ronda La Oliva),540,3112,3110,1150
-664983.620717868,4489898.33014927,206,32,32,867,Poeta Benítez Carrasco (Ronda La Oliva),540,3212,3210,1151
-664983.620717868,4489898.33014927,813,A5,105,867,Poeta Benítez Carrasco (Ronda La Oliva),540,10512,10510,1152
-664983.620717868,4489898.33014927,813,A5,105,867,Poeta Benítez Carrasco (Ronda La Oliva),540,10514,10511,1153
-665327.003453811,4487713.3326512,5275,37,37,868,Avda. Reino Unido (Bolonia),540,3712,3710,1154
-661566.036252511,4488620.93295258,7059,38,38,869,Universidad Pablo Olavide,540,3811,3810,1155
-661566.036252511,4488620.93295258,1126,38A,125,869,Universidad Pablo Olavide,540,12512,12510,1156
-661798.956869246,4499054.61722059,5603,C6A,108,870,Ctra. Pino Montano (Finca Encarnación),540,10812,10810,1157
-663442.352975377,4498027.94595291,3943,C6A,108,871,Cortijo de Las Casillas (Alfareros),540,10812,10810,1158
-666416.231108397,4490445.98628517,7704,03,3,872,La Palmera (Bueno Monreal),540,311,310,1159
-666416.231108397,4490445.98628517,1858,06,6,872,La Palmera (Bueno Monreal),540,612,610,1160
-666416.231108397,4490445.98628517,5099,34,34,872,La Palmera (Bueno Monreal),540,3412,3410,1161
-666416.231108397,4490445.98628517,8396,A6,106,872,La Palmera (Bueno Monreal),540,10612,10610,1162
-666416.231108397,4490445.98628517,8396,A6,106,872,La Palmera (Bueno Monreal),540,10614,10611,1163
-666444.89498672,4490427.81967377,12419,03,3,873,La Palmera (Bueno Monreal),540,312,310,1164
-666444.89498672,4490427.81967377,8733,06,6,873,La Palmera (Bueno Monreal),540,611,610,1165
-666444.89498672,4490427.81967377,1885,34,34,873,La Palmera (Bueno Monreal),540,3411,3410,1166
-660523.413949899,4497244.10727425,7696,C6A,108,874,Ulpiano Blanco (Aerop. Viejo),540,10811,10810,1167
-660441.615720147,4496931.8713339,7440,C6A,108,875,Aux. Autovía Madrid (Ulpiano Blanco),540,10811,10810,1168
-661118.932716481,4500586.25520847,1329,C6A,108,876,Ctra. El Gordillo (Control de Vuelo),540,10811,10810,1169
-661118.932716481,4500586.25520847,1329,C6B,109,876,Ctra. El Gordillo (Control de Vuelo),540,10911,10910,1170
-660831.550719799,4501458.0624235,597,C6A,108,877,Ctra. El Gordillo (Hiedra),540,10811,10810,1171
-660831.550719799,4501458.0624235,597,C6B,109,877,Ctra. El Gordillo (Hiedra),540,10911,10910,1172
-664153.270413041,4493447.64882536,4229,B3,87,878,Avda. El Greco (Agustín Moreto),540,8712,8710,1173
-664414.536423036,4484431.34747423,1614,03,3,879,Avda. Bellavista (Asensio y Toledo),540,311,310,1174
-664414.536423036,4484431.34747423,2349,37,37,879,Avda. Bellavista (Asensio y Toledo),540,3712,3710,1175
-664414.536423036,4484431.34747423,1614,A6,106,879,Avda. Bellavista (Asensio y Toledo),540,10612,10610,1176
-664414.536423036,4484431.34747423,1614,A6,106,879,Avda. Bellavista (Asensio y Toledo),540,10614,10611,1177
-664414.536423036,4484431.34747423,1005,LS,127,879,Avda. Bellavista (Asensio y Toledo),540,12712,12710,1178
-664526.803309488,4490605.74696661,2391,02,2,880,Poeta Benítez Carrasco (Avenida La Paz),540,212,210,1179
-664526.803309488,4490605.74696661,882,32,32,880,Poeta Benítez Carrasco (Avenida La Paz),540,3212,3210,1180
-667092.274153345,4492771.57201429,895,C5,121,881,Plaza de La Contratacion,540,12111,12110,1181
-668140.73539702,4492540.70041923,1772,C3,83,882,Pagés del Corro (Victoria),540,8312,8310,1182
-667985.260351155,4493347.16983414,3228,43,43,883,Reyes Catolicos (Pastor y Landero),540,4312,4310,1183
-667985.260351155,4493347.16983414,2147,C5,121,883,Reyes Catolicos (Pastor y Landero),540,12111,12110,1184
-668709.288875992,4492967.70997411,2359,C3,83,884,Pagés del Corro (R. Salas González),540,8312,8310,1185
-668955.904450631,4492816.46430722,1731,43,43,885,San Vicente de Paúl (Ig. Gómez Millán),540,4312,4310,1186
-665269.516432369,4482542.20025983,10611,37,37,886,Fuente del Rey (Romeria de Valme),540,3711,3710,1187
-665269.516432369,4482542.20025983,0,37,37,886,Fuente del Rey (Romeria de Valme),540,3712,3710,1188
-665968.331348576,4493446.04542853,5721,24,24,887,Amador de Los Ríos (Puerta Carmona),540,2412,2410,1189
-665968.331348576,4493446.04542853,8387,27,27,887,Amador de Los Ríos (Puerta Carmona),540,2712,2710,1190
-666149.603884933,4493824.45358573,4540,01,1,888,Recaredo (San Roque),540,112,110,1191
-666149.603884933,4493824.45358573,1118,C4,84,888,Recaredo (San Roque),540,8412,8410,1192
-666149.603884933,4493824.45358573,1362,A1,101,888,Recaredo (San Roque),540,10111,10110,1193
-666149.603884933,4493824.45358573,1767,A1,101,888,Recaredo (San Roque),540,10113,10111,1194
-666149.603884933,4493824.45358573,1514,A8,110,888,Recaredo (San Roque),540,11011,11010,1195
-666149.603884933,4493824.45358573,1528,A8,110,888,Recaredo (San Roque),540,11013,11011,1196
-666162.184145115,4493783.2983771,3654,01,1,889,Recaredo (San Roque),540,111,110,1197
-666162.184145115,4493783.2983771,565,24,24,889,Recaredo (San Roque),540,2411,2410,1198
-666162.184145115,4493783.2983771,1219,27,27,889,Recaredo (San Roque),540,2711,2710,1199
-666162.184145115,4493783.2983771,2322,C3,83,889,Recaredo (San Roque),540,8311,8310,1200
-666162.184145115,4493783.2983771,7878,A1,101,889,Recaredo (San Roque),540,10112,10110,1201
-666162.184145115,4493783.2983771,7878,A1,101,889,Recaredo (San Roque),540,10114,10111,1202
-666162.184145115,4493783.2983771,6862,A8,110,889,Recaredo (San Roque),540,11012,11010,1203
-666162.184145115,4493783.2983771,6862,A8,110,889,Recaredo (San Roque),540,11014,11011,1204
-668466.601309773,4492696.2175343,2061,C3,83,890,Pagés del Corro (San Jacinto),540,8312,8310,1205
-667704.566596459,4495896.31962968,10199,02,2,891,José de Gálvez (Pabellón de Andalucía),540,212,210,1206
-667704.566596459,4495896.31962968,6156,C2,82,891,José de Gálvez (Pabellón de Andalucía),540,8212,8210,1207
-668884.722471285,4491264.05070106,4443,41,41,892,Alfredo Kraus,540,4111,4110,1208
-668520.319554195,4491029.47183076,4809,41,41,893,Alfredo Kraus (Oficina de Lipasam),540,4111,4110,1209
-668801.809521549,4490497.28042781,6772,41,41,895,Avda. Maestranza Aerea (Comisaria Policia),540,4111,4110,1210
-668375.726177798,4490506.36378262,768,41,41,896,Alfonso de Orleans (Maestranza Aérea),540,4112,4110,1211
-668491.018694613,4491042.83040531,1340,41,41,897,Alfredo Kraus (Lipasam),540,4112,4110,1212
-658820.301415752,4492776.38189664,7961,29,29,898,Estaca de Bares (Brunete),540,2911,2910,1213
-658820.301415752,4492776.38189664,3204,39,39,898,Estaca de Bares (Brunete),540,3912,3910,1214
-658820.301415752,4492776.38189664,3204,39,39,898,Estaca de Bares (Brunete),540,3914,3911,1215
-668790.237804821,4493562.5594842,2854,C3,83,899,Plaza Chapina (Castilla) [C],540,8312,8310,1216
-664110.858477417,4495189.61557653,2387,20,20,900,Hespérides (Baltasar de Alcázar),540,2012,2010,1217
-665206.031238464,4487563.76508337,3684,LS,127,901,Glta. Letonia (Sta.M. de La Cabeza),540,12712,12710,1218
-664299.562391284,4495186.40825119,2712,20,20,902,Baltasar de Alcázar (Sánchez Samaniego),540,2012,2010,1219
-666545.218594247,4492539.63158027,4573,05,5,903,Menéndez Pelayo (Juzgados) [C][M],540,511,510,1220
-666545.218594247,4492539.63158027,2752,21,21,903,Menéndez Pelayo (Juzgados) [C][M],540,2111,2110,1221
-664490.973450452,4498887.77629886,6272,13,13,904,Estrella Vega,540,1311,1310,1222
-666374.456142899,4492279.37271361,0,25,25,905,Prado San Sebastián (Carlos V) [C][M],540,2511,2510,1223
-666374.456142899,4492279.37271361,4632,25,25,905,Prado San Sebastián (Carlos V) [C][M],540,2512,2510,1224
-666374.456142899,4492279.37271361,0,A4,104,905,Prado San Sebastián (Carlos V) [C][M],540,10411,10410,1225
-666374.456142899,4492279.37271361,12399,A4,104,905,Prado San Sebastián (Carlos V) [C][M],540,10412,10410,1226
-666344.571390324,4492270.82223171,0,26,26,906,Prado San Sebastián (Carlos V) [C][M],540,2611,2610,1227
-666344.571390324,4492270.82223171,3828,26,26,906,Prado San Sebastián (Carlos V) [C][M],540,2612,2610,1228
-666344.571390324,4492270.82223171,0,A5,105,906,Prado San Sebastián (Carlos V) [C][M],540,10511,10510,1229
-666344.571390324,4492270.82223171,4347,A5,105,906,Prado San Sebastián (Carlos V) [C][M],540,10512,10510,1230
-668944.598141833,4493889.12640628,0,05,5,907,Camino de Los descubrimientos (Torre Sevilla),540,511,510,1231
-668944.598141833,4493889.12640628,10120,05,5,907,Camino de Los descubrimientos (Torre Sevilla),540,512,510,1232
-666396.431790368,4492271.89104331,0,LE,71,908,Avenida Carlos V (Prado San Sebastián) [C][M],540,7111,7110,1233
-666396.431790368,4492271.89104331,9765,LE,71,908,Avenida Carlos V (Prado San Sebastián) [C][M],540,7112,7110,1234
-665670.970082747,4490641.01219015,2010,31,31,909,Bueno Monreal (Gerardo Diego),540,3111,3110,1235
-664201.945940189,4495136.16031016,2687,20,20,910,Hespérides (Alcalde Manuel del Valle),540,2011,2010,1236
-663504.458063631,4489502.43261794,4390,30,30,911,Escultor Seb. Santos (Parque Bomberos),540,3011,3010,1237
-659653.942758874,4491818.19061147,6889,39,39,912,Pino Piñonero (Pino Central),540,3911,3910,1238
-659653.942758874,4491818.19061147,8019,39,39,912,Pino Piñonero (Pino Central),540,3913,3911,1239
-664088.511267751,4495238.79464568,2566,20,20,913,Hespérides (Viviendas de Renfe),540,2011,2010,1240
-660141.228812822,4491606.04295411,8831,39,39,914,Pino Silvestre (S. Jose de Palmete),540,3911,3910,1241
-660141.228812822,4491606.04295411,0,39,39,914,Pino Silvestre (S. Jose de Palmete),540,3912,3910,1242
-660141.228812822,4491606.04295411,9961,39,39,914,Pino Silvestre (S. Jose de Palmete),540,3913,3911,1243
-660141.228812822,4491606.04295411,0,39,39,914,Pino Silvestre (S. Jose de Palmete),540,3914,3911,1244
-665649.896813334,4491958.73411767,670,C2,82,915,Apeadero San Bernardo [R][C][M],540,8212,8210,1245
-665649.896813334,4491958.73411767,3462,EA,100,915,Apeadero San Bernardo [R][C][M],540,10011,10010,1246
-666388.735004928,4492267.08139194,6487,C2,82,916,Avenida Carlos V (Prado San Sebastián) [C][M],540,8211,8210,1247
-666388.735004928,4492267.08139194,0,C2,82,916,Avenida Carlos V (Prado San Sebastián) [C][M],540,8212,8210,1248
-666388.735004928,4492267.08139194,0,A6,106,916,Avenida Carlos V (Prado San Sebastián) [C][M],540,10611,10610,1249
-666388.735004928,4492267.08139194,10279,A6,106,916,Avenida Carlos V (Prado San Sebastián) [C][M],540,10612,10610,1250
-666576.69578327,4492493.13723296,2656,C4,84,917,Menéndez Pelayo (Juzgados) [C][M],540,8411,8410,1251
-666576.69578327,4492493.13723296,0,C4,84,917,Menéndez Pelayo (Juzgados) [C][M],540,8412,8410,1252
-666609.128438614,4492505.42881912,3404,C3,83,918,Menéndez Pelayo (Juzgados) [C][M],540,8311,8310,1253
-666609.128438614,4492505.42881912,0,C3,83,918,Menéndez Pelayo (Juzgados) [C][M],540,8312,8310,1254
-664625.906042764,4498605.43618643,6025,13,13,919,Estrella Vega (Estrella Proción),540,1311,1310,1255
-666518.94336503,4494059.09487544,0,12,12,920,Plaza Ponce de León,540,1211,1210,1256
-666518.94336503,4494059.09487544,6378,12,12,920,Plaza Ponce de León,540,1212,1210,1257
-666543.413827003,4494069.78481614,0,20,20,921,Plaza Ponce de León,540,2011,2010,1258
-666543.413827003,4494069.78481614,4911,20,20,921,Plaza Ponce de León,540,2012,2010,1259
-664155.712150411,4492381.44472585,1795,52,52,922,Gran Plaza [M],540,5211,5210,1260
-664155.712150411,4492381.44472585,2616,A4,104,922,Gran Plaza [M],540,10411,10410,1261
-664155.712150411,4492381.44472585,2880,A4,104,922,Gran Plaza [M],540,10413,10411,1262
-664144.034279417,4492465.88201096,6283,29,29,923,Gran Plaza [M],540,2912,2910,1263
-664144.034279417,4492465.88201096,0,B3,87,923,Gran Plaza [M],540,8711,8710,1264
-664144.034279417,4492465.88201096,5048,B3,87,923,Gran Plaza [M],540,8712,8710,1265
-665679.94080844,4491926.67080049,0,B4,119,924,Dr. Ordoñez de La Barrera [R][C][M],540,11911,11910,1266
-665679.94080844,4491926.67080049,13816,B4,119,924,Dr. Ordoñez de La Barrera [R][C][M],540,11912,11910,1267
-666641.932667286,4495467.05271548,6525,13,13,925,Parlamento de Andalucía (Macarena) [C],540,1312,1310,1268
-666641.932667286,4495467.05271548,2798,C4,84,925,Parlamento de Andalucía (Macarena) [C],540,8412,8410,1269
-659646.776789293,4491797.88410046,803,39,39,926,Pino Piñonero (Pino Central),540,3912,3910,1270
-659646.776789293,4491797.88410046,803,39,39,926,Pino Piñonero (Pino Central),540,3914,3911,1271
-665340.751499979,4491907.43284033,7418,28,28,927,Ramón y Cajal (Facultad Empresariales),540,2812,2810,1272
-665340.751499979,4491907.43284033,6741,C1,81,927,Ramón y Cajal (Facultad Empresariales),540,8111,8110,1273
-665340.751499979,4491907.43284033,3755,A7,107,927,Ramón y Cajal (Facultad Empresariales),540,10712,10710,1274
-665340.751499979,4491907.43284033,3755,A7,107,927,Ramón y Cajal (Facultad Empresariales),540,10714,10711,1275
-659092.608326615,4494099.71667995,8646,22,22,929,Avda. Las Ciencias (Edif. Albéniz),540,2211,2210,1276
-659092.608326615,4494099.71667995,1147,27,27,929,Avda. Las Ciencias (Edif. Albéniz),540,2712,2710,1277
-659092.608326615,4494099.71667995,583,B4,119,929,Avda. Las Ciencias (Edif. Albéniz),540,11912,11910,1278
-667233.151840987,4495540.82337569,9561,02,2,930,Resolana (Barqueta),540,212,210,1279
-667505.405674717,4496295.13127495,6571,C2,82,931,Juan Bautista Muñoz (Teatro Central),540,8212,8210,1280
-669079.424568747,4494005.11088317,9572,05,5,933,Inca Garcilaso (Caixa Forum),540,512,510,1281
-669079.424568747,4494005.11088317,4563,C1,81,933,Inca Garcilaso (Caixa Forum),540,8112,8110,1282
-665640.129863851,4491955.52777875,1234,22,22,934,Apeadero San Bernardo [R][C][M],540,2211,2210,1283
-665640.129863851,4491955.52777875,1272,29,29,934,Apeadero San Bernardo [R][C][M],540,2911,2910,1284
-668127.465078446,4496743.67881936,11248,02,2,935,Juan Bautista Muñoz (Esc. de Ingenieria),540,212,210,1285
-668127.465078446,4496743.67881936,7205,C2,82,935,Juan Bautista Muñoz (Esc. de Ingenieria),540,8212,8210,1286
-668685.40229588,4496479.57342247,0,C2,82,936,Américo Vespucio (F. de Comunicación),540,8211,8210,1287
-668685.40229588,4496479.57342247,7834,C2,82,936,Américo Vespucio (F. de Comunicación),540,8212,8210,1288
-668770.544652191,4496098.39656125,310,C2,82,937,Américo Vespucio (Jacques Cousteau),540,8211,8210,1289
-668840.718099214,4495741.82428656,12475,02,2,938,Américo Vespucio (Fundacion Once),540,212,210,1290
-668840.718099214,4495741.82428656,598,C2,82,938,Américo Vespucio (Fundacion Once),540,8211,8210,1291
-669093.384934581,4494647.057352,13365,02,2,939,Américo Vespucio (Monast. de La Cartuja),540,212,210,1292
-669093.384934581,4494647.057352,1488,C2,82,939,Américo Vespucio (Monast. de La Cartuja),540,8211,8210,1293
-669158.621818597,4493804.67767995,2223,C2,82,940,Inca Garcilaso (Torre Sevilla) [C],540,8211,8210,1294
-668936.264375134,4493921.195714,0,02,2,941,Camino de Los descubrimientos (Torre Sevilla),540,211,210,1295
-668936.264375134,4493921.195714,14124,02,2,941,Camino de Los descubrimientos (Torre Sevilla),540,212,210,1296
-666753.03175662,4494146.2181531,2455,C5,121,943,Dña. María Coronel (San Felipe),540,12112,12110,1297
-667518.675993291,4496288.18133959,1224,C1,81,944,Juan Bautista Muñoz(José Gálvez),540,8111,8110,1298
-665080.069382977,4497084.24560111,4387,13,13,945,Victoria Kent,540,1312,1310,1299
-665080.069382977,4497084.24560111,3949,A1,101,945,Victoria Kent,540,10112,10110,1300
-665080.069382977,4497084.24560111,3949,A1,101,945,Victoria Kent,540,10114,10111,1301
-664676.067840962,4498285.67377842,18523,03,3,946,Estrella Canopus,540,311,310,1302
-664676.067840962,4498285.67377842,694,12,12,946,Estrella Canopus,540,1212,1210,1303
-664676.067840962,4498285.67377842,1800,C6A,108,946,Estrella Canopus,540,10812,10810,1304
-664676.067840962,4498285.67377842,1800,C6B,109,946,Estrella Canopus,540,10912,10910,1305
-663536.147572319,4493241.34725122,4226,22,22,947,Avenida de Andalucía (Los Arcos),540,2211,2210,1306
-663536.147572319,4493241.34725122,3943,29,29,947,Avenida de Andalucía (Los Arcos),540,2911,2910,1307
-663503.449509045,4493245.08843794,3168,24,24,948,Avenida de Andalucía (Los Arcos),540,2411,2410,1308
-665621.92298227,4491946.44315712,1267,28,28,949,Apeadero San Bernardo [R][C][M],540,2811,2810,1309
-665621.92298227,4491946.44315712,1230,38,38,949,Apeadero San Bernardo [R][C][M],540,3811,3810,1310
-665621.92298227,4491946.44315712,1230,38A,125,949,Apeadero San Bernardo [R][C][M],540,12511,12510,1311
-663875.867696639,4498097.99169333,4622,12,12,950,Esparteros (Mercado),540,1211,1210,1312
-663875.867696639,4498097.99169333,2472,13,13,950,Esparteros (Mercado),540,1312,1310,1313
-663875.867696639,4498097.99169333,5843,A1,101,950,Esparteros (Mercado),540,10111,10110,1314
-663875.867696639,4498097.99169333,6248,A1,101,950,Esparteros (Mercado),540,10113,10111,1315
-664136.019008913,4497826.36657808,5334,C6B,109,951,Camino de Los Toros (Enfermeras),540,10911,10910,1316
-664989.141173868,4497533.89621165,3870,13,13,952,Parque de Doñana (Ronda Norte),540,1312,1310,1317
-664989.141173868,4497533.89621165,1712,LN,72,952,Parque de Doñana (Ronda Norte),540,7212,7210,1318
-664989.141173868,4497533.89621165,3432,A1,101,952,Parque de Doñana (Ronda Norte),540,10112,10110,1319
-664989.141173868,4497533.89621165,3432,A1,101,952,Parque de Doñana (Ronda Norte),540,10114,10111,1320
-664989.141173868,4497533.89621165,12545,C6A,108,952,Parque de Doñana (Ronda Norte),540,10811,10810,1321
-664989.141173868,4497533.89621165,6336,C6B,109,952,Parque de Doñana (Ronda Norte),540,10911,10910,1322
-665000.659802331,4497375.09944241,4246,13,13,953,Parque de Doñana (Ronda Norte),540,1311,1310,1323
-665000.659802331,4497375.09944241,6757,LN,72,953,Parque de Doñana (Ronda Norte),540,7211,7210,1324
-665373.290320722,4496556.02430221,3337,13,13,954,"La Barzola, Av. (Pueblo Palestino)",540,1311,1310,1325
-665367.61062219,4496615.90230494,4880,13,13,955,Avda. La Barzola (Cazalla de La Sierra),540,1312,1310,1326
-665367.61062219,4496615.90230494,4442,A1,101,955,Avda. La Barzola (Cazalla de La Sierra),540,10112,10110,1327
-665367.61062219,4496615.90230494,4442,A1,101,955,Avda. La Barzola (Cazalla de La Sierra),540,10114,10111,1328
-668418.722006415,4491479.39764597,4202,06,6,956,Santa Fe (Niebla) [C][M],540,612,610,1329
-668418.722006415,4491479.39764597,3684,41,41,956,Santa Fe (Niebla) [C][M],540,4111,4110,1330
-668418.722006415,4491479.39764597,2112,C1,81,956,Santa Fe (Niebla) [C][M],540,8112,8110,1331
-668418.722006415,4491479.39764597,2227,A7,107,956,Santa Fe (Niebla) [C][M],540,10711,10710,1332
-668418.722006415,4491479.39764597,2298,A7,107,956,Santa Fe (Niebla) [C][M],540,10713,10711,1333
-668500.042508572,4491576.11818076,6398,06,6,957,Santa Fe (Niebla) [C][M],540,611,610,1334
-668500.042508572,4491576.11818076,4195,C2,82,957,Santa Fe (Niebla) [C][M],540,8211,8210,1335
-668890.826809146,4492187.98971889,1514,05,5,958,López de Gomara (San Martín de Porres),540,511,510,1336
-668890.826809146,4492187.98971889,5798,06,6,958,López de Gomara (San Martín de Porres),540,611,610,1337
-668890.826809146,4492187.98971889,3067,43,43,958,López de Gomara (San Martín de Porres),540,4311,4310,1338
-668890.826809146,4492187.98971889,3595,C2,82,958,López de Gomara (San Martín de Porres),540,8211,8210,1339
-668917.155126629,4493694.57467507,4381,06,6,959,Jimenez de Quesada (Torre Sevilla),540,611,610,1340
-668917.155126629,4493694.57467507,1090,43,43,959,Jimenez de Quesada (Torre Sevilla),540,4311,4310,1341
-667438.629442518,4494048.40495964,0,13,13,960,Plaza del Duque,540,1311,1310,1342
-667438.629442518,4494048.40495964,8477,13,13,960,Plaza del Duque,540,1312,1310,1343
-664225.832509169,4498333.26322408,205,12,12,961,Estrella Betelgeuse (Agricultores),540,1212,1210,1344
-664225.832509169,4498333.26322408,5586,13,13,961,Estrella Betelgeuse (Agricultores),540,1311,1310,1345
-664225.832509169,4498333.26322408,205,A1,101,961,Estrella Betelgeuse (Agricultores),540,10112,10110,1346
-664225.832509169,4498333.26322408,205,A1,101,961,Estrella Betelgeuse (Agricultores),540,10114,10111,1347
-665595.753918451,4491913.8454898,747,LE,71,962,Apeadero San Bernardo,540,7111,7110,1348
-665595.753918451,4491913.8454898,1174,LN,72,962,Apeadero San Bernardo,540,7211,7210,1349
-666527.011712667,4494069.25031885,0,10,10,963,Plaza Ponce de León,540,1011,1010,1350
-666527.011712667,4494069.25031885,4432,10,10,963,Plaza Ponce de León,540,1012,1010,1351
-665228.272293863,4490704.06243826,3050,31,31,964,Almirante Topete (Estepa),540,3112,3110,1352
-665228.272293863,4490704.06243826,1979,A5,105,964,Almirante Topete (Estepa),540,10512,10510,1353
-665228.272293863,4490704.06243826,1979,A5,105,964,Almirante Topete (Estepa),540,10514,10511,1354
-665051.564747185,4490635.13465401,3214,31,31,965,Lora del Rio (Marchena),540,3111,3110,1355
-665189.682201261,4490446.52059816,2843,31,31,966,Almirante Topete (Écija),540,3112,3110,1356
-665189.682201261,4490446.52059816,1772,A5,105,966,Almirante Topete (Écija),540,10512,10510,1357
-665189.682201261,4490446.52059816,1772,A5,105,966,Almirante Topete (Écija),540,10514,10511,1358
-664905.378923208,4490293.17399779,3535,31,31,968,Alf. Lasso de La Vega (Instit. Ramón C.),540,3111,3110,1359
-664483.807480871,4498442.3454444,428,12,12,969,Estrella Betelgeuse (Estrella Canopus),540,1212,1210,1360
-664483.807480871,4498442.3454444,5809,13,13,969,Estrella Betelgeuse (Estrella Canopus),540,1311,1310,1361
-664483.807480871,4498442.3454444,428,A1,101,969,Estrella Betelgeuse (Estrella Canopus),540,10112,10110,1362
-664483.807480871,4498442.3454444,428,A1,101,969,Estrella Betelgeuse (Estrella Canopus),540,10114,10111,1363
-664672.511394738,4498026.34185649,951,12,12,970,Camino de Los Toros (Corral del Moro),540,1212,1210,1364
-661772.681640029,4488139.61190466,6837,38A,125,971,Ctra. El Pítamo,540,12511,12510,1365
-664931.654152426,4489436.18400801,1492,31,31,972,Victoria Dominguez (C.P. Alberto Lista),540,3112,3110,1366
-664931.654152426,4489436.18400801,8412,32,32,972,Victoria Dominguez (C.P. Alberto Lista),540,3211,3210,1367
-664991.742153771,4489663.7817621,1678,31,31,973,Victoria Dominguez (Poeta M. Benitez),540,3112,3110,1368
-664991.742153771,4489663.7817621,8598,32,32,973,Victoria Dominguez (Poeta M. Benitez),540,3211,3210,1369
-664991.742153771,4489663.7817621,0,32,32,973,Victoria Dominguez (Poeta M. Benitez),540,3212,3210,1370
-664456.311388534,4497937.04761288,1137,12,12,974,Camino de Los Toros (Mar de Alborán),540,1212,1210,1371
-665159.213555693,4490917.79489599,2972,31,31,975,Nuestro Padre Jesus (Doña Clarines),540,3111,3110,1372
-666425.785738215,4488896.05976158,13703,03,3,976,Reina Mercedes (Glta. Alc. Parias Merry),540,312,310,1373
-666425.785738215,4488896.05976158,10151,06,6,976,Reina Mercedes (Glta. Alc. Parias Merry),540,611,610,1374
-666425.785738215,4488896.05976158,3303,34,34,976,Reina Mercedes (Glta. Alc. Parias Merry),540,3411,3410,1375
-666389.955879179,4488865.0742385,404,06,6,977,Reina Mercedes (Glta. Alc. Parias Merry),540,612,610,1376
-665496.598108041,4490986.19020789,2434,31,31,978,Ramón Carande (Pedro Salinas),540,3111,3110,1377
-665510.930047203,4490931.15331456,3730,31,31,979,Ramón Carande (Pedro Salinas),540,3112,3110,1378
-665811.900847522,4490656.50756537,4146,31,31,980,Cardenal Bueno Monreal (C.D. Porvenir),540,3112,3110,1379
-666037.602406411,4490609.48721495,4329,31,31,981,Bueno Monreal (Tabladilla),540,3112,3110,1380
-666037.602406411,4490609.48721495,2726,LS,127,981,Bueno Monreal (Tabladilla),540,12711,12710,1381
-666406.357993515,4492274.56307281,2776,EA,100,982,Avenida Carlos V (Prado San Sebastián) [C][M],540,10011,10010,1382
-658999.450699801,4493811.62597185,8400,22,22,983,Av. Las Ciencias (Edif. Las Camelias),540,2211,2210,1383
-658999.450699801,4493811.62597185,901,27,27,983,Av. Las Ciencias (Edif. Las Camelias),540,2712,2710,1384
-658999.450699801,4493811.62597185,337,B4,119,983,Av. Las Ciencias (Edif. Las Camelias),540,11912,11910,1385
-665551.537226714,4492020.18909414,3916,25,25,984,Enramadilla (Apeadero San Bernardo) [R][C][M],540,2512,2510,1386
-665551.537226714,4492020.18909414,3136,26,26,984,Enramadilla (Apeadero San Bernardo) [R][C][M],540,2612,2610,1387
-665551.537226714,4492020.18909414,5187,38,38,984,Enramadilla (Apeadero San Bernardo) [R][C][M],540,3812,3810,1388
-665551.537226714,4492020.18909414,6931,C1,81,984,Enramadilla (Apeadero San Bernardo) [R][C][M],540,8111,8110,1389
-665551.537226714,4492020.18909414,3945,A7,107,984,Enramadilla (Apeadero San Bernardo) [R][C][M],540,10712,10710,1390
-665551.537226714,4492020.18909414,3945,A7,107,984,Enramadilla (Apeadero San Bernardo) [R][C][M],540,10714,10711,1391
-665551.537226714,4492020.18909414,7093,38A,125,984,Enramadilla (Apeadero San Bernardo) [R][C][M],540,12512,12510,1392
-662159.644086449,4487505.54113965,7801,38A,125,985,Villanueva del Pítamo,540,12511,12510,1393
-662159.644086449,4487505.54113965,0,38A,125,985,Villanueva del Pítamo,540,12512,12510,1394
-664684.613927326,4483001.90779051,0,03,3,986,Ctra. Isla Menor (Inst. La Grasa),540,311,310,1395
-664684.613927326,4483001.90779051,19627,03,3,986,Ctra. Isla Menor (Inst. La Grasa),540,312,310,1396
-664684.613927326,4483001.90779051,10002,37,37,986,Ctra. Isla Menor (Inst. La Grasa),540,3711,3710,1397
-664684.613927326,4483001.90779051,8852,A6,106,986,Ctra. Isla Menor (Inst. La Grasa),540,10611,10610,1398
-664684.613927326,4483001.90779051,0,A6,106,986,Ctra. Isla Menor (Inst. La Grasa),540,10612,10610,1399
-664684.613927326,4483001.90779051,9021,A6,106,986,Ctra. Isla Menor (Inst. La Grasa),540,10613,10611,1400
-664684.613927326,4483001.90779051,0,A6,106,986,Ctra. Isla Menor (Inst. La Grasa),540,10614,10611,1401
-666317.446860184,4492246.23960875,5137,01,1,987,Avenida Carlos V (Prado San Sebastián) [C][M],540,111,110,1402
-662909.682432575,4493195.3842508,4764,22,22,988,Avda. Andalucia (Los Pajaros),540,2211,2210,1403
-662909.682432575,4493195.3842508,3680,24,24,988,Avda. Andalucia (Los Pajaros),540,2411,2410,1404
-662909.682432575,4493195.3842508,4481,29,29,988,Avda. Andalucia (Los Pajaros),540,2911,2910,1405
-664304.339711759,4495159.68059216,2165,20,20,989,Baltasar de Alcázar (Sánchez Samaniego),540,2011,2010,1406
-666120.037617421,4498247.70932487,4169,10,10,991,Navarra (Extremadura),540,1011,1010,1407
-666120.037617421,4498247.70932487,7308,A2,102,991,Navarra (Extremadura),540,10211,10210,1408
-666120.037617421,4498247.70932487,7681,A2,102,991,Navarra (Extremadura),540,10213,10211,1409
-665995.296636185,4498203.86322112,258,10,10,992,Medina y Galnares (Extremadura),540,1012,1010,1410
-665995.296636185,4498203.86322112,258,A2,102,992,Medina y Galnares (Extremadura),540,10212,10210,1411
-665995.296636185,4498203.86322112,258,A2,102,992,Medina y Galnares (Extremadura),540,10214,10211,1412
-664987.442572022,4490316.68343907,2567,31,31,993,Alf. Lasso de La Vega (Sierra La Grana),540,3112,3110,1413
-664987.442572022,4490316.68343907,1496,A5,105,993,Alf. Lasso de La Vega (Sierra La Grana),540,10512,10510,1414
-664987.442572022,4490316.68343907,1496,A5,105,993,Alf. Lasso de La Vega (Sierra La Grana),540,10514,10511,1415
-665983.884161989,4497870.21109088,3775,10,10,994,Dr. Fedriani (Glta. Los Ferroviarios),540,1011,1010,1416
-665983.884161989,4497870.21109088,6914,A2,102,994,Dr. Fedriani (Glta. Los Ferroviarios),540,10211,10210,1417
-665983.884161989,4497870.21109088,7287,A2,102,994,Dr. Fedriani (Glta. Los Ferroviarios),540,10213,10211,1418
-665983.884161989,4497870.21109088,14365,C6A,108,994,Dr. Fedriani (Glta. Los Ferroviarios),540,10811,10810,1419
-665983.884161989,4497870.21109088,8156,C6B,109,994,Dr. Fedriani (Glta. Los Ferroviarios),540,10911,10910,1420
-666024.172845306,4497892.66811491,547,10,10,995,Dr. Fedriani (Glta. Los Ferroviarios),540,1012,1010,1421
-666024.172845306,4497892.66811491,547,A2,102,995,Dr. Fedriani (Glta. Los Ferroviarios),540,10212,10210,1422
-666024.172845306,4497892.66811491,547,A2,102,995,Dr. Fedriani (Glta. Los Ferroviarios),540,10214,10211,1423
-662873.852573538,4493056.96198246,3882,24,24,996,Alondra (Zorzal),540,2411,2410,1424
-665835.787416502,4499049.8044613,5565,10,10,997,Medina y Galnares (Calamar),540,1011,1010,1425
-665835.787416502,4499049.8044613,8704,A2,102,997,Medina y Galnares (Calamar),540,10211,10210,1426
-665835.787416502,4499049.8044613,9077,A2,102,997,Medina y Galnares (Calamar),540,10213,10211,1427
-663146.159484402,4492748.59150967,4244,24,24,998,Galaxia (Navio Argos),540,2411,2410,1428
-666356.090029919,4492256.92770471,1339,37,37,999,Avenida Carlos V (Prado San Sebastián) [C][M],540,3711,3710,1429
-667292.921357268,4492719.19792435,1198,C5,121,1000,Santander (Tomas de Ibarra),540,12111,12110,1430
-667404.869747525,4494535.34195266,359,C5,121,1001,Jesus del Gran Poder (Sta. Barbara),540,12112,12110,1431
-656749.388760822,4498361.06838167,13951,EA,100,1002,Aeropuerto de Sevilla (Salidas),540,10011,10010,1432
-664666.566299409,4499525.20845133,7045,13,13,1003,Luna (Paseo de Hiperion),540,1311,1310,1433
-664666.566299409,4499525.20845133,0,13,13,1003,Luna (Paseo de Hiperion),540,1312,1310,1434
-661308.114369074,4491007.56383328,4993,52,52,1004,Ronda Padre Pio (Castillo Guardas),540,5211,5210,1435
-665205.606588002,4488937.19583235,8576,01,1,1007,Ctra. Su Eminencia (Castillo de Marchenilla),540,111,110,1436
-667246.634490358,4492309.29949008,0,37,37,1009,Avda.Roma (Palacio de San Telmo) [C][M],540,3711,3710,1437
-667246.634490358,4492309.29949008,10585,37,37,1009,Avda.Roma (Palacio de San Telmo) [C][M],540,3712,3710,1438
-661672.676528696,4491132.0660489,6735,24,24,1010,Estrecho de Magallanes,540,2411,2410,1439
-665281.93745002,4487895.48746604,5476,37,37,1011,Av.Jerez (Ntra. Sra. del Pilar),540,3712,3710,1440
-664506.207778802,4485828.93670463,2782,03,3,1012,Av. Jerez (P.I. Pineda),540,311,310,1441
-664506.207778802,4485828.93670463,3517,37,37,1012,Av. Jerez (P.I. Pineda),540,3712,3710,1442
-665908.88032849,4493433.21826277,4072,21,21,1013,J.A. Cavestany (Juan de Vera),540,2112,2110,1443
-665836.636717425,4493488.26826513,3838,21,21,1014,J.A.Cavestany (Enrique Marco Dorta),540,2111,2110,1444
-658724.383566503,4495862.64052388,3544,B4,119,1015,Japon (Sendai),540,11912,11910,1445
-664004.908270755,4498695.8055825,19763,03,3,1016,Agricultores (Garrochistas),540,311,310,1446
-664004.908270755,4498695.8055825,0,03,3,1016,Agricultores (Garrochistas),540,312,310,1447
-664004.908270755,4498695.8055825,8378,LN,72,1016,Agricultores (Garrochistas),540,7211,7210,1448
-664004.908270755,4498695.8055825,0,LN,72,1016,Agricultores (Garrochistas),540,7212,7210,1449
-664427.753664477,4498801.68315499,773,A1,101,1017,Estrella Canopus (Estrella Altair),540,10112,10110,1450
-664427.753664477,4498801.68315499,773,A1,101,1017,Estrella Canopus (Estrella Altair),540,10114,10111,1451
-664277.852151745,4499149.26853165,1075,A1,101,1018, estrella Canopus (Estrella Albireo),540,10112,10110,1452
-664277.852151745,4499149.26853165,1075,A1,101,1018, estrella Canopus (Estrella Albireo),540,10114,10111,1453
-668246.897934479,4490602.0067196,5344,41,41,1019,"Juan Pablo Ii, Av. (Alfonso de Orleans)",540,4111,4110,1454
-664200.353503741,4498314.01353735,561,03,3,1024,Agricultores (Estrella Betelgeuse),540,312,310,1455
-664200.353503741,4498314.01353735,561,LN,72,1024,Agricultores (Estrella Betelgeuse),540,7212,7210,1456
-664200.353503741,4498314.01353735,2281,A1,101,1024,Agricultores (Estrella Betelgeuse),540,10112,10110,1457
-664200.353503741,4498314.01353735,2281,A1,101,1024,Agricultores (Estrella Betelgeuse),540,10114,10111,1458
-664667.4155892,4498181.40554527,1326,03,3,1026,Estrella Canopus (Estrella Adara),540,312,310,1459
-658946.104028707,4495839.65325461,3782,B4,119,1028,Indonesia (Bangladesh),540,11912,11910,1460
-663032.512492299,4495371.36547286,5890,A8,110,1029,"Las Villas de Cuba, Av. (Macedonia)",540,11011,11010,1461
-663032.512492299,4495371.36547286,5904,A8,110,1029,"Las Villas de Cuba, Av. (Macedonia)",540,11013,11011,1462
-666340.165643178,4492412.97503199,0,A1,101,1036,Estacion Prado A,540,10113,10111,1463
-666340.165643178,4492412.97503199,9594,A1,101,1036,Estacion Prado A,540,10114,10111,1464
-666318.402326505,4492406.56207785,0,A2,102,1037,Estacion Prado A,540,10213,10211,1465
-666318.402326505,4492406.56207785,7917,A2,102,1037,Estacion Prado A,540,10214,10211,1466
-666288.623728197,4492396.94265398,0,A3,103,1038,Estacion Prado A,540,10313,10311,1467
-666288.623728197,4492396.94265398,7499,A3,103,1038,Estacion Prado A,540,10314,10311,1468
-666255.87258779,4492386.25442958,0,A4,104,1039,Estacion Prado A,540,10413,10411,1469
-666255.87258779,4492386.25442958,12069,A4,104,1039,Estacion Prado A,540,10414,10411,1470
-666232.357581006,4492378.23825791,0,A5,105,1040,Estacion Prado A,540,10513,10511,1471
-666232.357581006,4492378.23825791,5118,A5,105,1040,Estacion Prado A,540,10514,10511,1472
-666265.480294741,4492359.53389515,0,A6,106,1041,Estacion Prado A,540,10613,10611,1473
-666265.480294741,4492359.53389515,10767,A6,106,1041,Estacion Prado A,540,10614,10611,1474
-666292.551747749,4492369.15328476,0,A7,107,1042,Estacion Prado A,540,10713,10711,1475
-666292.551747749,4492369.15328476,5537,A7,107,1042,Estacion Prado A,540,10714,10711,1476
-666316.544482127,4492376.10062718,0,A8,110,1043,Estacion Prado A,540,11013,11011,1477
-666316.544482127,4492376.10062718,8817,A8,110,1043,Estacion Prado A,540,11014,11011,1478
-665957.821263568,4498323.1036554,14737,C6A,108,1044,Medina y Galnares (C.D.San Jeronimo),540,10811,10810,1479
-665957.821263568,4498323.1036554,8528,C6B,109,1044,Medina y Galnares (C.D.San Jeronimo),540,10911,10910,1480
-662278.493049489,4493983.73115832,7785,39,39,1045,Rafael Beca Mateos (Asociacion),540,3914,3911,1481
-662642.949054844,4493564.16289881,764,39,39,1046,Av. La Prensa,540,3913,3911,1482
-662175.303065261,4494144.08014853,1530,39,39,1047,Economia,540,3913,3911,1483
-661661.051723703,4493983.73115832,2333,39,39,1048,"Fernandez Murube, Av.",540,3913,3911,1484
-658630.005065437,4495383.66044187,2069,B4,119,1064,Faustino Gutierrez-Al(Periodista Eduardo,540,11912,11910,1485
-658145.532322188,4495660.03356534,2513,B4,119,1065,Faustino Gutierrez-Al(Leonardo del Castil,540,11912,11910,1486
-658424.580552171,4495697.45408171,10347,B4,119,1066,Periodista Juan Tribuna,540,11911,11910,1487
-658638.657317199,4495399.1628006,10746,B4,119,1067,Faustino Gutierrez-Al(Period.E.Chinarro),540,11911,11910,1488
-661199.934733574,4495730.06349398,7299,B4,119,1068,"La Acogida, Plaza",540,11912,11910,1489
-661510.619406243,4495761.06925721,7644,B4,119,1069,Fernando Zobel,540,11912,11910,1490
-661798.426053387,4495593.21153837,8136,B4,119,1070,Luis Fuente Bejarano,540,11912,11910,1491
-659017.922989311,4493456.73473129,9997,LE,71,1071,"La Aeronautica,av.  (Remo)",540,7111,7110,1492
-659017.922989311,4493456.73473129,0,LE,71,1071,"La Aeronautica,av.  (Remo)",540,7112,7110,1493
-661970.674775784,4492020.72348718,2665,A4,104,1073,"La Revoltosa,avda.",540,10412,10410,1494
-661970.674775784,4492020.72348718,2665,A4,104,1073,"La Revoltosa,avda.",540,10414,10411,1495
-661374.200542882,4492029.80815904,3264,A4,104,1074,Chucena (Posadas),540,10412,10410,1496
-661374.200542882,4492029.80815904,3264,A4,104,1074,Chucena (Posadas),540,10414,10411,1497
-661153.700954929,4492329.07258083,3560,A4,104,1075,Chucena (La Negrilla),540,10412,10410,1498
-661153.700954929,4492329.07258083,3560,A4,104,1075,Chucena (La Negrilla),540,10414,10411,1499
-660710.153865122,4491397.10574772,5089,A4,104,1076,Salobreña (Durcal),540,10412,10410,1500
-660710.153865122,4491397.10574772,5089,A4,104,1076,Salobreña (Durcal),540,10414,10411,1501
-661466.9866075,4491036.41828741,5932,A4,104,1077,Ronda Padre Pio,540,10412,10410,1502
-661466.9866075,4491036.41828741,5932,A4,104,1077,Ronda Padre Pio,540,10414,10411,1503
-666441.338540496,4492302.88659923,0,LN,72,1078,Prado de San Sebastian (Carlos V) [C][M] ,540,7211,7210,1504
-666441.338540496,4492302.88659923,8114,LN,72,1078,Prado de San Sebastian (Carlos V) [C][M] ,540,7212,7210,1505
-666441.338540496,4492302.88659923,0,A2,102,1078,Prado de San Sebastian (Carlos V) [C][M] ,540,10211,10210,1506
-666441.338540496,4492302.88659923,8356,A2,102,1078,Prado de San Sebastian (Carlos V) [C][M] ,540,10212,10210,1507
-658396.235158911,4496048.67886778,9962,B4,119,1079,Japon (Hong-Kong),540,11911,11910,1508
-668974.960622003,4494194.32332893,9800,05,5,1080,Lopez Pintado (Caixa Forum),540,512,510,1509
-658433.763608661,4492070.95651244,5471,39,39,1085,Columbretes (Hda. El Rosario),540,3911,3910,1510
-658433.763608661,4492070.95651244,6601,39,39,1085,Columbretes (Hda. El Rosario),540,3913,3911,1511
-658368.898297973,4492143.10011149,2209,39,39,1086,Columbretes (Hda. El Rosario),540,3912,3910,1512
-658368.898297973,4492143.10011149,2209,39,39,1086,Columbretes (Hda. El Rosario),540,3914,3911,1513
-658846.417402438,4492307.16185936,4950,39,39,1088,Arosa (Avda. Parsi),540,3911,3910,1514
-658846.417402438,4492307.16185936,6080,39,39,1088,Arosa (Avda. Parsi),540,3913,3911,1515
-668018.329987757,4493521.93975713,7359,21,21,1101,Marques de Paradas,540,2112,2110,1516
-665564.96678782,4488661.53373843,5980,A6,106,1102,Avda de Jerez,540,10612,10610,1517
-665564.96678782,4488661.53373843,5980,A6,106,1102,Avda de Jerez,540,10614,10611,1518
-665564.96678782,4488661.53373843,4608,LS,127,1102,Avda de Jerez,540,12712,12710,1519
-665667.042063195,4488776.39206921,3191,A6,106,1103,Av Jerez -C Parana,540,10611,10610,1520
-665667.042063195,4488776.39206921,3360,A6,106,1103,Av Jerez -C Parana,540,10613,10611,1521
-665667.042063195,4488776.39206921,4595,LS,127,1103,Av Jerez -C Parana,540,12711,12710,1522
-666489.695582581,4492334.41666959,2117,T1,60,3000,Prado San Sebastián [M],540,6012,6010,1523
-667095.087464044,4492520.92693016,2622,T1,60,3001,Puerta Jerez [M],540,6012,6010,1524
-667237.716830665,4492877.92430141,2953,T1,60,3002,Archivo de Indias,540,6012,6010,1525
-667368.509083761,4493364.80703261,3383,T1,60,3003,Plaza Nueva,540,6012,6010,1526
-667369.092976754,4493361.06580325,0,T1,60,3004,Plaza Nueva,540,6011,6010,1527
-667369.092976754,4493361.06580325,3654,T1,60,3004,Plaza Nueva,540,6012,6010,1528
-667247.430703015,4492862.96009957,437,T1,60,3005,Archivo de Indias,540,6011,6010,1529
-667079.11000017,4492500.61906082,779,T1,60,3006,Puerta Jerez [M],540,6011,6010,1530
-666481.998797141,4492312.50593697,1279,T1,60,3007,Prado San Sebastián [M],540,6011,6010,1531
-665635.034058312,4492016.98273646,1993,T1,60,3008,San Bernardo [M],540,6011,6010,1532
-665617.251838325,4492025.53301177,1380,T1,60,3009,San Bernardo [M],540,6012,6010,1533
-665093.392778684,4491996.67584123,2575,T1,60,3010,San Francisco Javier,540,6011,6010,1534
-664958.088624175,4492509.70416167,2996,T1,60,3011,Eduardo Dato [M],540,6011,6010,1535
-664856.066425934,4493050.01418975,3429,T1,60,3012,Luis de Morales,540,6011,6010,1536
-664856.066425934,4493050.01418975,0,T1,60,3012,Luis de Morales,540,6012,6010,1537
-664973.747602987,4492515.04832831,414,T1,60,3014,Eduardo Dato [M],540,6012,6010,1538
-665108.892514964,4491998.27901684,840,T1,60,3015,San Francisco Javier,540,6012,6010,1539
-658577.82618033,4495702.26529023,318,22,22,362,Avenida Emilio Lemos (Sendai),540,2212,2210,1540
-658577.82618033,4495702.26529023,9845,A3,103,362,Avenida Emilio Lemos (Sendai),540,10311,10310,1541
-658577.82618033,4495702.26529023,10178,A3,103,362,Avenida Emilio Lemos (Sendai),540,10313,10311,1542
-665719.433279098,4499355.15146239,16723,03,3,363,Medina y Galnares (frt. Centro Salud),540,311,310,1543
-665719.433279098,4499355.15146239,15601,C6A,108,363,Medina y Galnares (frt. Centro Salud),540,10811,10810,1544
-665719.433279098,4499355.15146239,0,C6A,108,363,Medina y Galnares (frt. Centro Salud),540,10812,10810,1545
-665719.433279098,4499355.15146239,9392,C6B,109,363,Medina y Galnares (frt. Centro Salud),540,10911,10910,1546
-665719.433279098,4499355.15146239,0,C6B,109,363,Medina y Galnares (frt. Centro Salud),540,10912,10910,1547
-665301.949087713,4487525.83935929,5125,37,37,364,Avda. Reino Unido (Glta. Letonia),540,3712,3710,1548
-661394.477588505,4491843.30661691,302,24,24,365,Puebla del Rio,540,2412,2410,1549
-665241.436447039,4491355.96003327,7564,LS,127,366,"Diego Mtnez Barrio, Av.(Jose Saramago)",540,12712,12710,1550
-664631.320333366,4490613.76178612,12013,02,2,367,Poeta Manuel Benítez (Avda. de La Paz),540,211,210,1551
-664778.780097595,4490255.23842477,12344,02,2,369,Poeta Manuel Benítez (Rda. La Oliva),540,211,210,1552
-664778.780097595,4490255.23842477,3734,31,31,369,Poeta Manuel Benítez (Rda. La Oliva),540,3111,3110,1553
-661263.897666206,4496490.80043409,1768,28,28,370,Aux. Autovia Madrid (Hipermercado),540,2812,2810,1554
-661263.897666206,4496490.80043409,1768,A8,110,370,Aux. Autovia Madrid (Hipermercado),540,11012,11010,1555
-661263.897666206,4496490.80043409,1768,A8,110,370,Aux. Autovia Madrid (Hipermercado),540,11014,11011,1556
-658754.586804141,4495595.88441296,482,22,22,371,Avenida Emilio Lemos (Indonesia),540,2212,2210,1557
-658754.586804141,4495595.88441296,10009,A3,103,371,Avenida Emilio Lemos (Indonesia),540,10311,10310,1558
-658754.586804141,4495595.88441296,10342,A3,103,371,Avenida Emilio Lemos (Indonesia),540,10313,10311,1559
-662796.194671872,4495949.77876608,3066,28,28,372,Autovia Madrid (P.I. Calonge),540,2812,2810,1560
-662796.194671872,4495949.77876608,5920,EA,100,372,Autovia Madrid (P.I. Calonge),540,10012,10010,1561
-662796.194671872,4495949.77876608,3066,A8,110,372,Autovia Madrid (P.I. Calonge),540,11012,11010,1562
-662796.194671872,4495949.77876608,3066,A8,110,372,Autovia Madrid (P.I. Calonge),540,11014,11011,1563
-664628.294703002,4489471.44530728,4719,31,31,373,Orfebre Cayetano González,540,3111,3110,1564
-664720.28454383,4489712.93498412,4471,31,31,374,Rda. La Oliva (Orf. Cayet. González),540,3111,3110,1565
-664541.559899111,4494170.27072048,3925,28,28,375,Avda. Kansas City (El Greco),540,2811,2810,1566
-664096.420372857,4494617.65845338,4426,28,28,376,Avda. Kansas City (Efeso),540,2811,2810,1567
-664096.420372857,4494617.65845338,7229,EA,100,376,Avda. Kansas City (Efeso),540,10011,10010,1568
-664788.97169754,4490196.46527082,1999,02,2,377,Poeta Benítez Carrasco (Pacífico),540,212,210,1569
-664788.97169754,4490196.46527082,2168,31,31,377,Poeta Benítez Carrasco (Pacífico),540,3112,3110,1570
-664788.97169754,4490196.46527082,490,32,32,377,Poeta Benítez Carrasco (Pacífico),540,3212,3210,1571
-664788.97169754,4490196.46527082,1097,A5,105,377,Poeta Benítez Carrasco (Pacífico),540,10512,10510,1572
-664788.97169754,4490196.46527082,1097,A5,105,377,Poeta Benítez Carrasco (Pacífico),540,10514,10511,1573
-665341.653878036,4496283.36986258,2679,11,11,378,Valdelarco (Guadalcanal),540,1111,1110,1574
-662372.234580429,4493149.95588799,8960,05,5,379,Avenida de Andalucía (Tussam),540,511,510,1575
-662372.234580429,4493149.95588799,0,05,5,379,Avenida de Andalucía (Tussam),540,512,510,1576
-662372.234580429,4493149.95588799,5197,22,22,379,Avenida de Andalucía (Tussam),540,2211,2210,1577
-662372.234580429,4493149.95588799,4472,A4,104,379,Avenida de Andalucía (Tussam),540,10411,10410,1578
-662372.234580429,4493149.95588799,0,A4,104,379,Avenida de Andalucía (Tussam),540,10412,10410,1579
-662372.234580429,4493149.95588799,4736,A4,104,379,Avenida de Andalucía (Tussam),540,10413,10411,1580
-662372.234580429,4493149.95588799,0,A4,104,379,Avenida de Andalucía (Tussam),540,10414,10411,1581
-658370.066083959,4495761.06925721,10581,22,22,380,Av. Emilio Lemos (Period. J. Tribuna),540,2211,2210,1582
-658370.066083959,4495761.06925721,9022,A3,103,380,Av. Emilio Lemos (Period. J. Tribuna),540,10311,10310,1583
-658370.066083959,4495761.06925721,9355,A3,103,380,Av. Emilio Lemos (Period. J. Tribuna),540,10313,10311,1584
-662915.627539036,4493231.19262226,6123,22,22,381,Avenida de Andalucía (Los Pájaros),540,2212,2210,1585
-662915.627539036,4493231.19262226,3176,24,24,381,Avenida de Andalucía (Los Pájaros),540,2412,2410,1586
-662915.627539036,4493231.19262226,4705,29,29,381,Avenida de Andalucía (Los Pájaros),540,2912,2910,1587
-662915.627539036,4493231.19262226,7659,39,39,381,Avenida de Andalucía (Los Pájaros),540,3912,3910,1588
-662915.627539036,4493231.19262226,3280,A3,103,381,Avenida de Andalucía (Los Pájaros),540,10312,10310,1589
-662915.627539036,4493231.19262226,3280,A3,103,381,Avenida de Andalucía (Los Pájaros),540,10314,10311,1590
-661496.181301683,4491498.10044191,7230,24,24,382,Puebla del Rio (Las Navas),540,2411,2410,1591
-661496.181301683,4491498.10044191,0,24,24,382,Puebla del Rio (Las Navas),540,2412,2410,1592
-661393.46904505,4491654.67087334,148,24,24,383,Puebla del Rio,540,2412,2410,1593
-661972.426454764,4493124.30230927,321,05,5,384,Avenida de Andalucía (Satsumas),540,512,510,1594
-661972.426454764,4493124.30230927,5518,22,22,384,Avenida de Andalucía (Satsumas),540,2211,2210,1595
-661972.426454764,4493124.30230927,5235,29,29,384,Avenida de Andalucía (Satsumas),540,2911,2910,1596
-661972.426454764,4493124.30230927,1896,39,39,384,Avenida de Andalucía (Satsumas),540,3911,3910,1597
-661972.426454764,4493124.30230927,1003,53,53,384,Avenida de Andalucía (Satsumas),540,5311,5310,1598
-661972.426454764,4493124.30230927,321,A4,104,384,Avenida de Andalucía (Satsumas),540,10412,10410,1599
-661972.426454764,4493124.30230927,321,A4,104,384,Avenida de Andalucía (Satsumas),540,10414,10411,1600
-661069.195568744,4492377.16943549,1226,52,52,385,San José de Palmete (Centro Transportes),540,5212,5210,1601
-661244.788406569,4491776.50886737,2021,52,52,386,Baena,540,5212,5210,1602
-664209.11190977,4489501.36408798,5190,31,31,387,José Sebast. Bandarán (Luis Ortiz Muñoz),540,3111,3110,1603
-662076.041089453,4493172.40281901,5453,22,22,388,Avenida de Andalucía (Tussam),540,2212,2210,1604
-662076.041089453,4493172.40281901,4035,29,29,388,Avenida de Andalucía (Tussam),540,2912,2910,1605
-662076.041089453,4493172.40281901,6989,39,39,388,Avenida de Andalucía (Tussam),540,3912,3910,1606
-662076.041089453,4493172.40281901,9978,53,53,388,Avenida de Andalucía (Tussam),540,5312,5310,1607
-662076.041089453,4493172.40281901,2610,A3,103,388,Avenida de Andalucía (Tussam),540,10312,10310,1608
-662076.041089453,4493172.40281901,2610,A3,103,388,Avenida de Andalucía (Tussam),540,10314,10311,1609
-650961.619453194,4493396.34027647,13105,53,53,389,Centro Penitenciario,540,5311,5310,1610
-650961.619453194,4493396.34027647,0,53,53,389,Centro Penitenciario,540,5312,5310,1611
-661526.968443446,4493094.37322495,5873,22,22,390,Avda. Andalucía (Resid. Sta. Isabel),540,2211,2210,1612
-661526.968443446,4493094.37322495,5590,29,29,390,Avda. Andalucía (Resid. Sta. Isabel),540,2911,2910,1613
-661526.968443446,4493094.37322495,2251,39,39,390,Avda. Andalucía (Resid. Sta. Isabel),540,3911,3910,1614
-661526.968443446,4493094.37322495,3381,39,39,390,Avda. Andalucía (Resid. Sta. Isabel),540,3913,3911,1615
-659123.660876308,4495062.3925068,1583,B4,119,391,Dra. Navarro Rodríguez,540,11912,11910,1616
-669266.748365831,4492500.61906082,2554,43,43,392,Coruña (Avda. Coria),540,4311,4310,1617
-659923.861009499,4498548.2204599,11227,C6B,109,393,Ctra. de Brenes (C/ San Cayetano),540,10912,10910,1618
-668697.610993866,4492166.07929165,3173,40,40,394,Evangelista (Condes de Bustillo),540,4011,4010,1619
-661746.406410811,4488106.4918487,581,38A,125,395,Ctra. El Pítamo,540,12512,12510,1620
-668900.912254825,4492230.2074992,7852,05,5,396,López de Gomara (San Martín de Porres),540,512,510,1621
-668900.912254825,4492230.2074992,4933,06,6,396,López de Gomara (San Martín de Porres),540,612,610,1622
-668900.912254825,4492230.2074992,2843,C1,81,396,López de Gomara (San Martín de Porres),540,8112,8110,1623
-668900.912254825,4492230.2074992,2958,A7,107,396,López de Gomara (San Martín de Porres),540,10711,10710,1624
-668900.912254825,4492230.2074992,3029,A7,107,396,López de Gomara (San Martín de Porres),540,10713,10711,1625
-663857.979311253,4491195.11924348,2856,38,38,397,Hytasa (Plaza Alegre),540,3811,3810,1626
-663857.979311253,4491195.11924348,2856,38A,125,397,Hytasa (Plaza Alegre),540,12511,12510,1627
-663500.901617407,4490903.90215813,3222,38,38,398,Hytasa  (Salvador Távora),540,3811,3810,1628
-663500.901617407,4490903.90215813,3222,38A,125,398,Hytasa  (Salvador Távora),540,12511,12510,1629
-665851.871045775,4495573.96687538,2037,11,11,399,Manuel Villalobos,540,1112,1110,1630
-666100.662960986,4495213.13596425,2514,11,11,400,Leon XIII,540,1112,1110,1631
-664907.714506313,4492667.89294742,1881,C2,82,401,Luis de Morales (Est.Sanchez Pizjuan),540,8212,8210,1632
-665288.572614872,4491411.53349973,1716,LS,127,402,"Diego Mtnez Barrio, Av.(Jose Saramago)",540,12711,12710,1633
-662757.97616373,4495416.80344549,1231,B3,87,403,Carabela Santa María,540,8712,8710,1634
-662448.193869117,4495065.59979425,5052,B3,87,404,Juan Ponce de León,540,8711,8710,1635
-662093.929474839,4494945.32726899,5406,B3,87,405,Rodrigo de Escobedo,540,8711,8710,1636
-662041.379027535,4495126.53840008,5618,B3,87,406,Ópera Carmen,540,8711,8710,1637
-662041.379027535,4495126.53840008,0,B3,87,406,Ópera Carmen,540,8712,8710,1638
-662330.406537798,4495774.96843474,628,B3,87,407,Fidelio (Carabela La Niña),540,8712,8710,1639
-658175.363997629,4492850.13364581,4053,53,53,408,Aux. A-92 (Virgen de Las Aguas),540,5311,5310,1640
-661526.649947251,4493133.38794953,5014,22,22,409,Avda. Andalucía (Resid. Sta. Isabel),540,2212,2210,1641
-661526.649947251,4493133.38794953,3596,29,29,409,Avda. Andalucía (Resid. Sta. Isabel),540,2912,2910,1642
-661526.649947251,4493133.38794953,6550,39,39,409,Avda. Andalucía (Resid. Sta. Isabel),540,3912,3910,1643
-661526.649947251,4493133.38794953,6550,39,39,409,Avda. Andalucía (Resid. Sta. Isabel),540,3914,3911,1644
-661526.649947251,4493133.38794953,2171,A3,103,409,Avda. Andalucía (Resid. Sta. Isabel),540,10312,10310,1645
-661526.649947251,4493133.38794953,2171,A3,103,409,Avda. Andalucía (Resid. Sta. Isabel),540,10314,10311,1646
-658688.925280795,4496552.81655945,9285,B4,119,410,Avda. Seneca (Rodriguez Castillejo),540,11911,11910,1647
-664674.900054976,4494123.2346408,5147,28,28,411,Auxiliar Kansas City (El Greco),540,2812,2810,1648
-664674.900054976,4494123.2346408,5147,A8,110,411,Auxiliar Kansas City (El Greco),540,11012,11010,1649
-664674.900054976,4494123.2346408,5147,A8,110,411,Auxiliar Kansas City (El Greco),540,11014,11011,1650
-661841.952697863,4491139.01257337,6496,24,24,412,Avenida de La Plata,540,2411,2410,1651
-661841.952697863,4491139.01257337,4505,52,52,412,Avenida de La Plata,540,5211,5210,1652
-661464.544870129,4491003.82344324,4868,52,52,413,Ronda Padre Pío,540,5211,5210,1653
-660730.006260284,4491364.50977067,5738,52,52,414,Salobreña,540,5211,5210,1654
-661023.81107989,4491048.17382588,5342,52,52,415,Ronda Doctora Este --> Cercanías,540,5211,5210,1655
-660446.976922484,4491182.82919016,6039,52,52,416,Afecto (Franqueza),540,5211,5210,1656
-660331.737493933,4490901.23047718,6280,52,52,417,Afecto (Comprensión),540,5211,5210,1657
-660122.43804938,4490920.46658115,6475,52,52,418,Indulgencia,540,5211,5210,1658
-660143.989035256,4491553.14030489,7116,52,52,419,San Jose de Palmete (Pino Siberia),540,5211,5210,1659
-660143.989035256,4491553.14030489,0,52,52,419,San Jose de Palmete (Pino Siberia),540,5212,5210,1660
-661194.626608371,4492341.36397503,1382,52,52,420,Chucena (La Negrilla),540,5212,5210,1661
-661404.828442113,4492044.23677991,1671,52,52,421,Chucena (Posadas),540,5212,5210,1662
-661479.619944816,4491060.99807995,2779,52,52,422,Ronda Doctora Oeste (Mairena del Alcor),540,5212,5210,1663
-661830.009407807,4491160.38650961,3113,52,52,423,Avenida de La Plata,540,5212,5210,1664
-661830.009407807,4491160.38650961,6263,A4,104,423,Avenida de La Plata,540,10412,10410,1665
-661830.009407807,4491160.38650961,6263,A4,104,423,Avenida de La Plata,540,10414,10411,1666
-665417.188527395,4488537.59498724,6196,37,37,424,Guadalbullon (Pedro Salvador),540,3712,3710,1667
-665548.352342687,4488808.98000604,6439,37,37,425,Guadalbullon (Instituto Heliópolis),540,3712,3710,1668
-659956.081345178,4491027.86881696,6671,52,52,426,Honestidad (Comprensión),540,5211,5210,1669
-665950.655282856,4489438.32105478,5296,LS,127,427,"La Palmera,av.(Marques Luca de Tena)",540,12712,12710,1670
-661249.247230849,4491296.64636646,2494,52,52,428,Ronda Doctora Oeste (Instituto Leonardo Da Vinci),540,5212,5210,1671
-660607.600851021,4491746.58362251,480,52,52,429,Torbizcón (Polideportivo La Ranilla),540,5212,5210,1672
-665725.909190288,4488984.20870179,9003,01,1,430,Glorieta Plus Ultra,540,111,110,1673
-665725.909190288,4488984.20870179,0,01,1,430,Glorieta Plus Ultra,540,112,110,1674
-660052.84849535,4491298.7837916,6899,52,52,431,Honestidad (Solidaridad),540,5211,5210,1675
-665555.146750071,4488785.47393689,4419,37,37,432,Guadalbullon (Instituto Heliópolis),540,3711,3710,1676
-660353.819295669,4495769.08801123,7336,27,27,433,Alc. Luis Uruñuela (Palacio Congresos),540,2711,2710,1677
-660353.819295669,4495769.08801123,7117,LE,71,433,Alc. Luis Uruñuela (Palacio Congresos),540,7111,7110,1678
-660353.819295669,4495769.08801123,6726,A3,103,433,Alc. Luis Uruñuela (Palacio Congresos),540,10311,10310,1679
-660353.819295669,4495769.08801123,7059,A3,103,433,Alc. Luis Uruñuela (Palacio Congresos),540,10313,10311,1680
-667872.038009514,4490406.44722752,6026,41,41,434,Avda. Maestranza Aerea (Airbus),540,4111,4110,1681
-660425.266682944,4491694.21462808,271,52,52,435,Afán (Residencia Tercera Edad),540,5212,5210,1682
-660425.266682944,4491694.21462808,4509,A4,104,435,Afán (Residencia Tercera Edad),540,10412,10410,1683
-660425.266682944,4491694.21462808,4509,A4,104,435,Afán (Residencia Tercera Edad),540,10414,10411,1684
-665433.4313992,4488540.26606742,4638,37,37,436,Guadalbullon (Pedro Salvador),540,3711,3710,1685
-669208.730539661,4490586.51143875,7103,41,41,437,Av. Maestranza Aerea (Barberán y Collar),540,4111,4110,1686
-668795.864426219,4490486.05980659,363,41,41,438,Avda. Maestranza Aerea(Comisaria Policia),540,4112,4110,1687
-665228.909263989,4488288.65347575,4896,37,37,439,Ali Al-Gomari (Barriada Pineda),540,3711,3710,1688
-663263.787584322,4490713.68031238,3464,38,38,440,Hytasa  (Herramientas),540,3811,3810,1689
-663263.787584322,4490713.68031238,3464,38A,125,440,Hytasa  (Herramientas),540,12511,12510,1690
-660038.516556189,4495640.25420262,7633,27,27,441,Alcalde Luis Uruñuela (Parque Alcosa),540,2711,2710,1691
-660038.516556189,4495640.25420262,7023,A3,103,441,Alcalde Luis Uruñuela (Parque Alcosa),540,10311,10310,1692
-660038.516556189,4495640.25420262,7356,A3,103,441,Alcalde Luis Uruñuela (Parque Alcosa),540,10313,10311,1693
-664953.205149434,4498627.36005425,18022,03,3,442,Gta. Oceanografica (Parque Emp. Torneo),540,311,310,1694
-664953.205149434,4498627.36005425,1299,C6A,108,442,Gta. Oceanografica (Parque Emp. Torneo),540,10812,10810,1695
-664953.205149434,4498627.36005425,1299,C6B,109,442,Gta. Oceanografica (Parque Emp. Torneo),540,10912,10910,1696
-668370.63037226,4490414.46189502,6424,41,41,443,Avda. Maestranza Aerea (Ctra La Esclusa),540,4111,4110,1697
-664428.86837333,4496431.45776238,3970,16,16,444,Avda. Mujer Trabajadora (Casa Cuna),540,1611,1610,1698
-664279.603841856,4496579.01313999,4136,16,16,445,Avda. Mujer Trabajadora (Ajimez),540,1611,1610,1699
-659139.213689721,4495052.77066431,11250,B4,119,446,Dra. Navarro Rodriguez,540,11911,11910,1700
-659035.280558837,4494738.46175723,11569,B4,119,447,Flor de Gitanilla,540,11911,11910,1701
-664473.031987933,4496437.87317472,5938,16,16,448,Avda. Mujer Trabajadora (Casa Cuna),540,1612,1610,1702
-663222.596511817,4493215.69346331,893,39,39,449,Avda. Andalucia (Los Pajaritos),540,3911,3910,1703
-663222.596511817,4493215.69346331,0,53,53,449,Avda. Andalucia (Los Pajaritos),540,5311,5310,1704
-663222.596511817,4493215.69346331,11269,53,53,449,Avda. Andalucia (Los Pajaritos),540,5312,5310,1705
-664789.555601665,4493207.14220525,5540,21,21,450,Luis Montoto (Luis de Morales),540,2111,2110,1706
-664789.555601665,4493207.14220525,1176,B3,87,450,Luis Montoto (Luis de Morales),540,8711,8710,1707
-662517.889577414,4492403.35560225,8283,05,5,451,Carlos Marx (Parque Amate),540,511,510,1708
-663309.75596617,4493307.61985699,4859,02,2,452,José M. Javierre (Los Arcos),540,212,210,1709
-663309.75596617,4493307.61985699,4081,27,27,452,José M. Javierre (Los Arcos),540,2711,2710,1710
-663309.75596617,4493307.61985699,0,39,39,452,José M. Javierre (Los Arcos),540,3911,3910,1711
-663309.75596617,4493307.61985699,8034,39,39,452,José M. Javierre (Los Arcos),540,3912,3910,1712
-663309.75596617,4493307.61985699,0,39,39,452,José M. Javierre (Los Arcos),540,3913,3911,1713
-663309.75596617,4493307.61985699,9291,39,39,452,José M. Javierre (Los Arcos),540,3914,3911,1714
-663309.75596617,4493307.61985699,3862,LE,71,452,José M. Javierre (Los Arcos),540,7111,7110,1715
-663309.75596617,4493307.61985699,3471,A3,103,452,José M. Javierre (Los Arcos),540,10311,10310,1716
-663309.75596617,4493307.61985699,3804,A3,103,452,José M. Javierre (Los Arcos),540,10313,10311,1717
-663309.75596617,4493307.61985699,3589,B4,119,452,José M. Javierre (Los Arcos),540,11911,11910,1718
-662998.062750046,4493861.33308919,4662,27,27,453,Montes Sierra (Rafael Beca Mateos),540,2711,2710,1719
-662998.062750046,4493861.33308919,4052,A3,103,453,Montes Sierra (Rafael Beca Mateos),540,10311,10310,1720
-662998.062750046,4493861.33308919,4385,A3,103,453,Montes Sierra (Rafael Beca Mateos),540,10313,10311,1721
-662998.062750046,4493861.33308919,4170,B4,119,453,Montes Sierra (Rafael Beca Mateos),540,11911,11910,1722
-662070.042905858,4494676.45634693,5647,27,27,454,Montes Sierra (SE-30),540,2711,2710,1723
-662070.042905858,4494676.45634693,5037,A3,103,454,Montes Sierra (SE-30),540,10311,10310,1724
-662070.042905858,4494676.45634693,5370,A3,103,454,Montes Sierra (SE-30),540,10313,10311,1725
-662070.042905858,4494676.45634693,5155,B4,119,454,Montes Sierra (SE-30),540,11911,11910,1726
-661613.809390471,4495185.33914297,6192,27,27,455,Alcalde Luis Uruñuela (Las Góndolas),540,2711,2710,1727
-661613.809390471,4495185.33914297,5973,LE,71,455,Alcalde Luis Uruñuela (Las Góndolas),540,7111,7110,1728
-661613.809390471,4495185.33914297,5582,A3,103,455,Alcalde Luis Uruñuela (Las Góndolas),540,10311,10310,1729
-661613.809390471,4495185.33914297,5915,A3,103,455,Alcalde Luis Uruñuela (Las Góndolas),540,10313,10311,1730
-661613.809390471,4495185.33914297,5700,B4,119,455,Alcalde Luis Uruñuela (Las Góndolas),540,11911,11910,1731
-661630.530001002,4495237.72553212,4022,27,27,456,Alcalde Luis Uruñuela (Las Góndolas),540,2712,2710,1732
-661630.530001002,4495237.72553212,3403,LE,71,456,Alcalde Luis Uruñuela (Las Góndolas),540,7112,7110,1733
-661630.530001002,4495237.72553212,8540,B4,119,456,Alcalde Luis Uruñuela (Las Góndolas),540,11912,11910,1734
-661450.212919836,4495355.86315516,6379,27,27,457,Alcalde Luis Uruñuela (Los Azores),540,2711,2710,1735
-661450.212919836,4495355.86315516,5769,A3,103,457,Alcalde Luis Uruñuela (Los Azores),540,10311,10310,1736
-661450.212919836,4495355.86315516,6102,A3,103,457,Alcalde Luis Uruñuela (Los Azores),540,10313,10311,1737
-661450.212919836,4495355.86315516,5887,B4,119,457,Alcalde Luis Uruñuela (Los Azores),540,11911,11910,1738
-662053.322306459,4494722.96035983,4553,27,27,458,Montes Sierra (SE-30),540,2712,2710,1739
-662053.322306459,4494722.96035983,9071,B4,119,458,Montes Sierra (SE-30),540,11912,11910,1740
-662946.99856266,4493924.93714289,5510,27,27,459,Montes Sierra (Rafael Beca Mateos),540,2712,2710,1741
-662946.99856266,4493924.93714289,10028,B4,119,459,Montes Sierra (Rafael Beca Mateos),540,11912,11910,1742
-663397.552379516,4493434.28719265,9425,02,2,460,José M. Javierre (Los Arcos),540,211,210,1743
-663397.552379516,4493434.28719265,549,39,39,460,José M. Javierre (Los Arcos),540,3911,3910,1744
-663397.552379516,4493434.28719265,8951,39,39,460,José M. Javierre (Los Arcos),540,3914,3911,1745
-663397.552379516,4493434.28719265,5500,LE,71,460,José M. Javierre (Los Arcos),540,7112,7110,1746
-666042.538969418,4494342.91629529,3376,11,11,461,María Auxiliadora (Puerta Osario),540,1112,1110,1747
-666042.538969418,4494342.91629529,5713,12,12,461,María Auxiliadora (Puerta Osario),540,1212,1210,1748
-666042.538969418,4494342.91629529,9717,16,16,461,María Auxiliadora (Puerta Osario),540,1612,1610,1749
-665037.445127688,4493533.16360711,3083,21,21,462,Kansas City (Huerta Santa Teresa),540,2112,2110,1750
-665037.445127688,4493533.16360711,4521,32,32,462,Kansas City (Huerta Santa Teresa),540,3212,3210,1751
-665037.445127688,4493533.16360711,2625,C2,82,462,Kansas City (Huerta Santa Teresa),540,8212,8210,1752
-665037.445127688,4493533.16360711,5417,EA,100,462,Kansas City (Huerta Santa Teresa),540,10011,10010,1753
-665037.445127688,4493533.16360711,9409,LS,127,462,Kansas City (Huerta Santa Teresa),540,12712,12710,1754
-661970.940172582,4492030.87694613,862,24,24,463,Avenida La Revoltosa,540,2412,2410,1755
-659074.666864097,4493443.90756648,2843,22,22,464,Av. La Aeronáutica (Andal. Residencial),540,2212,2210,1756
-659074.666864097,4493443.90756648,9597,27,27,464,Av. La Aeronáutica (Andal. Residencial),540,2711,2710,1757
-659074.666864097,4493443.90756648,0,27,27,464,Av. La Aeronáutica (Andal. Residencial),540,2712,2710,1758
-659074.666864097,4493443.90756648,9378,LE,71,464,Av. La Aeronáutica (Andal. Residencial),540,7111,7110,1759
-659074.666864097,4493443.90756648,12370,A3,103,464,Av. La Aeronáutica (Andal. Residencial),540,10311,10310,1760
-659074.666864097,4493443.90756648,0,A3,103,464,Av. La Aeronáutica (Andal. Residencial),540,10312,10310,1761
-659074.666864097,4493443.90756648,12703,A3,103,464,Av. La Aeronáutica (Andal. Residencial),540,10313,10311,1762
-659074.666864097,4493443.90756648,0,A3,103,464,Av. La Aeronáutica (Andal. Residencial),540,10314,10311,1763
-659074.666864097,4493443.90756648,12879,B4,119,464,Av. La Aeronáutica (Andal. Residencial),540,11911,11910,1764
-659352.971958555,4493205.00439183,3232,22,22,465,Andalucía Residencial,540,2212,2210,1765
-659352.971958555,4493205.00439183,1814,29,29,465,Andalucía Residencial,540,2912,2910,1766
-659352.971958555,4493205.00439183,4768,39,39,465,Andalucía Residencial,540,3912,3910,1767
-659352.971958555,4493205.00439183,4768,39,39,465,Andalucía Residencial,540,3914,3911,1768
-659352.971958555,4493205.00439183,389,A3,103,465,Andalucía Residencial,540,10312,10310,1769
-659352.971958555,4493205.00439183,389,A3,103,465,Andalucía Residencial,540,10314,10311,1770
-662148.868593512,4491855.59744281,1106,24,24,466,La Calesera,540,2412,2410,1771
-662426.112067382,4492820.73977636,8682,05,5,467,Av. Parque Amate (Rosaleda),540,511,510,1772
-660551.0692959,4491342.06670207,4865,A4,104,468,Loja (Dilar),540,10412,10410,1773
-660551.0692959,4491342.06670207,4865,A4,104,468,Loja (Dilar),540,10414,10411,1774
-659079.44417344,4495470.79469514,768,22,22,469,Avda. Emilio Lemos (San Ildefonso),540,2212,2210,1775
-659079.44417344,4495470.79469514,10295,A3,103,469,Avda. Emilio Lemos (San Ildefonso),540,10311,10310,1776
-659079.44417344,4495470.79469514,10628,A3,103,469,Avda. Emilio Lemos (San Ildefonso),540,10313,10311,1777
-666035.213746174,4494314.58725353,562,11,11,470,María Auxiliadora (Puerta Osario),540,1111,1110,1778
-666035.213746174,4494314.58725353,551,12,12,470,María Auxiliadora (Puerta Osario),540,1211,1210,1779
-666035.213746174,4494314.58725353,1772,A1,101,470,María Auxiliadora (Puerta Osario),540,10111,10110,1780
-666035.213746174,4494314.58725353,2177,A1,101,470,María Auxiliadora (Puerta Osario),540,10113,10111,1781
-659818.282365034,4495386.86781344,2319,27,27,471,Avenida de Las Ciencias (Osaka),540,2712,2710,1782
-659818.282365034,4495386.86781344,1700,LE,71,471,Avenida de Las Ciencias (Osaka),540,7112,7110,1783
-666577.014268333,4492470.15733742,3406,01,1,472,Menendez Pelayo (Juzgados),540,112,110,1784
-660033.739246845,4495686.76248399,2616,27,27,473,Alcalde Luis Uruñuela (Parque Alcosa),540,2712,2710,1785
-660473.570647897,4495787.79844707,2997,27,27,474,Alcalde Luis Uruñuela (Pal. Congresos),540,2712,2710,1786
-660473.570647897,4495787.79844707,2378,LE,71,474,Alcalde Luis Uruñuela (Pal. Congresos),540,7112,7110,1787
-661122.382997306,4495564.3445501,3542,27,27,475,Alcalde Luis Uruñuela (Resid. Al Alba),540,2712,2710,1788
-661122.382997306,4495564.3445501,7071,B4,119,475,Alcalde Luis Uruñuela (Resid. Al Alba),540,11912,11910,1789
-657407.384177854,4492500.08464336,4726,53,53,476,Aux. A-92 (Pas.Peatonal Torreblanca),540,5311,5310,1790
-665733.977549057,4487721.34526552,15170,03,3,477,Paseo de Europa (Bolonia),540,312,310,1791
-665733.977549057,4487721.34526552,4393,A6,106,477,Paseo de Europa (Bolonia),540,10611,10610,1792
-665733.977549057,4487721.34526552,4562,A6,106,477,Paseo de Europa (Bolonia),540,10613,10611,1793
-665628.398904591,4487398.7090469,4689,A6,106,478,Av. Alemania (Paseo de Europa),540,10611,10610,1794
-665628.398904591,4487398.7090469,4858,A6,106,478,Av. Alemania (Paseo de Europa),540,10613,10611,1795
-666013.556594899,4494390.48785845,3709,10,10,479,María Auxiliadora (Jardines del Valle),540,1012,1010,1796
-666013.556594899,4494390.48785845,3120,15,15,479,María Auxiliadora (Jardines del Valle),540,1512,1510,1797
-666017.325360788,4494154.2356741,3581,C2,82,480,José Laguillo (Puerta Osario),540,8212,8210,1798
-667406.037544643,4492419.92238938,10668,03,3,481,Paseo Colon (Torre del Oro) [C][M],540,312,310,1799
-660189.001950782,4493016.3442105,6940,22,22,482,Autovía de Málaga (La Negrilla),540,2211,2210,1800
-660189.001950782,4493016.3442105,6657,29,29,482,Autovía de Málaga (La Negrilla),540,2911,2910,1801
-660189.001950782,4493016.3442105,3318,39,39,482,Autovía de Málaga (La Negrilla),540,3911,3910,1802
-660189.001950782,4493016.3442105,4448,39,39,482,Autovía de Málaga (La Negrilla),540,3913,3911,1803
-659705.272343058,4492997.10426882,7326,22,22,484,Autovía de Málaga (C. de Automovilismo),540,2211,2210,1804
-659705.272343058,4492997.10426882,7043,29,29,484,Autovía de Málaga (C. de Automovilismo),540,2911,2910,1805
-659705.272343058,4492997.10426882,3704,39,39,484,Autovía de Málaga (C. de Automovilismo),540,3911,3910,1806
-659705.272343058,4492997.10426882,4834,39,39,484,Autovía de Málaga (C. de Automovilismo),540,3913,3911,1807
-659822.316549984,4493062.84087356,3654,22,22,485,Autovía de Málaga (C. de Automovilismo),540,2212,2210,1808
-659822.316549984,4493062.84087356,2236,29,29,485,Autovía de Málaga (C. de Automovilismo),540,2912,2910,1809
-659822.316549984,4493062.84087356,5190,39,39,485,Autovía de Málaga (C. de Automovilismo),540,3912,3910,1810
-659822.316549984,4493062.84087356,5190,39,39,485,Autovía de Málaga (C. de Automovilismo),540,3914,3911,1811
-659822.316549984,4493062.84087356,811,A3,103,485,Autovía de Málaga (C. de Automovilismo),540,10312,10310,1812
-659822.316549984,4493062.84087356,811,A3,103,485,Autovía de Málaga (C. de Automovilismo),540,10314,10311,1813
-659124.828662295,4492992.2942854,7531,29,29,486,Aux. Autovía Málaga (Plgo. Ind. El Pino),540,2911,2910,1814
-659124.828662295,4492992.2942854,4192,39,39,486,Aux. Autovía Málaga (Plgo. Ind. El Pino),540,3911,3910,1815
-659124.828662295,4492992.2942854,5322,39,39,486,Aux. Autovía Málaga (Plgo. Ind. El Pino),540,3913,3911,1816
-658421.714164338,4493045.20418211,924,29,29,487,Glorieta Torreblanca,540,2912,2910,1817
-658421.714164338,4493045.20418211,3878,39,39,487,Glorieta Torreblanca,540,3912,3910,1818
-658421.714164338,4493045.20418211,3878,39,39,487,Glorieta Torreblanca,540,3914,3911,1819
-658421.714164338,4493045.20418211,16250,B4,119,487,Glorieta Torreblanca,540,11911,11910,1820
-658614.876902486,4492763.02113177,8124,29,29,488,Estaca de Bares (Creus),540,2911,2910,1821
-658614.876902486,4492763.02113177,3367,39,39,488,Estaca de Bares (Creus),540,3912,3910,1822
-658614.876902486,4492763.02113177,3367,39,39,488,Estaca de Bares (Creus),540,3914,3911,1823
-658286.41000983,4492943.66016035,779,29,29,489,Aux. Autovia Málaga (Alanís),540,2912,2910,1824
-658286.41000983,4492943.66016035,6915,53,53,489,Aux. Autovia Málaga (Alanís),540,5312,5310,1825
-658286.41000983,4492943.66016035,16105,B4,119,489,Aux. Autovia Málaga (Alanís),540,11911,11910,1826
-657759.737650622,4492720.26678157,325,29,29,490,Aux. Autovia Málaga (Torrebermeja),540,2912,2910,1827
-657759.737650622,4492720.26678157,15651,B4,119,490,Aux. Autovia Málaga (Torrebermeja),540,11911,11910,1828
-657384.718483125,4492558.87068412,10794,29,29,491,Aux. Autovia Málaga (Torrecilla),540,2911,2910,1829
-657384.718483125,4492558.87068412,0,29,29,491,Aux. Autovia Málaga (Torrecilla),540,2912,2910,1830
-657384.718483125,4492558.87068412,6136,53,53,491,Aux. Autovia Málaga (Torrecilla),540,5312,5310,1831
-657384.718483125,4492558.87068412,15326,B4,119,491,Aux. Autovia Málaga (Torrecilla),540,11911,11910,1832
-659578.089624451,4495222.7579677,1220,22,22,492,Av. Emilio Lemos (Av. de Las Ciencias),540,2212,2210,1833
-659578.089624451,4495222.7579677,10747,A3,103,492,Av. Emilio Lemos (Av. de Las Ciencias),540,10311,10310,1834
-659578.089624451,4495222.7579677,11080,A3,103,492,Av. Emilio Lemos (Av. de Las Ciencias),540,10313,10311,1835
-656762.446759731,4492676.97817892,10053,29,29,493,Plaza Las Acacias (Iglesia San Antonio),540,2911,2910,1836
-656975.037242578,4492378.77266917,10437,29,29,494,Aux. Autovia Málaga (Drago),540,2911,2910,1837
-666251.732248573,4492239.29236621,0,29,29,495,Prado de San Sebastián [C][M],540,2911,2910,1838
-666251.732248573,4492239.29236621,8566,29,29,495,Prado de San Sebastián [C][M],540,2912,2910,1839
-657072.972189868,4492908.92164546,9549,29,29,496,Torrelaguna (Torremejia),540,2911,2910,1840
-658911.601198189,4491914.91426509,6029,39,39,497,"Parsi, Avda. (Ibiza)",540,3911,3910,1841
-658911.601198189,4491914.91426509,7159,39,39,497,"Parsi, Avda. (Ibiza)",540,3913,3911,1842
-657410.993712343,4492923.3514878,9281,29,29,498,Torrelaguna (Torrellana),540,2911,2910,1843
-657410.993712343,4492923.3514878,14624,B4,119,498,Torrelaguna (Torrellana),540,11911,11910,1844
-657817.0654184,4492979.46768773,8956,29,29,499,Pero Mingo (Canal Bj. Guadalquivir),540,2911,2910,1845
-657817.0654184,4492979.46768773,14299,B4,119,499,Pero Mingo (Canal Bj. Guadalquivir),540,11911,11910,1846
-658258.966994626,4492999.77648278,8597,29,29,500,Pero Mingo (Isla Mayor),540,2911,2910,1847
-658258.966994626,4492999.77648278,13940,B4,119,500,Pero Mingo (Isla Mayor),540,11911,11910,1848
-666656.264606448,4492218.45063815,0,34,34,501,Avenida del Cid (Consulado de Portugal) [C][M],540,3411,3410,1849
-666656.264606448,4492218.45063815,6702,34,34,501,Avenida del Cid (Consulado de Portugal) [C][M],540,3412,3410,1850
-666656.264606448,4492218.45063815,6527,CJ,128,501,Avenida del Cid (Consulado de Portugal) [C][M],540,12812,12810,1851
-660458.92021254,4496933.47526307,8363,C6B,109,502,Ulpiano Blanco (Auxiliar N-IV),540,10912,10910,1852
-665417.772420388,4488105.42346063,5273,37,37,503,Avda. Jerez (Rotonda Bda. Elcano),540,3711,3710,1853
-665317.448823993,4487524.77103023,5280,34,34,504,Av. Reino Unido (Glta. Av. Jerez),540,3411,3410,1854
-665317.448823993,4487524.77103023,5740,37,37,504,Av. Reino Unido (Glta. Av. Jerez),540,3711,3710,1855
-665063.454948976,4487263.56801409,4742,37,37,505,Avda. Jerez (Hospital Fremap),540,3712,3710,1856
-665063.454948976,4487263.56801409,4007,A6,106,505,Avda. Jerez (Hospital Fremap),540,10612,10610,1857
-665063.454948976,4487263.56801409,4007,A6,106,505,Avda. Jerez (Hospital Fremap),540,10614,10611,1858
-664536.357939306,4485792.61945244,17247,03,3,506,Avda. Jerez (Uralita),540,312,310,1859
-664536.357939306,4485792.61945244,7622,37,37,506,Avda. Jerez (Uralita),540,3711,3710,1860
-664536.357939306,4485792.61945244,6472,A6,106,506,Avda. Jerez (Uralita),540,10611,10610,1861
-664536.357939306,4485792.61945244,6641,A6,106,506,Avda. Jerez (Uralita),540,10613,10611,1862
-664438.422992016,4485457.22499665,17524,03,3,507,Avda. Jerez (Italica Isabelina),540,312,310,1863
-664438.422992016,4485457.22499665,7899,37,37,507,Avda. Jerez (Italica Isabelina),540,3711,3710,1864
-664438.422992016,4485457.22499665,6749,A6,106,507,Avda. Jerez (Italica Isabelina),540,10611,10610,1865
-664438.422992016,4485457.22499665,6918,A6,106,507,Avda. Jerez (Italica Isabelina),540,10613,10611,1866
-664438.422992016,4485457.22499665,7419,LS,127,507,Avda. Jerez (Italica Isabelina),540,12711,12710,1867
-664514.860030564,4484754.96071569,8485,37,37,508,Avda. Bellavista (Eduardo Miura),540,3711,3710,1868
-664514.860030564,4484754.96071569,7335,A6,106,508,Avda. Bellavista (Eduardo Miura),540,10611,10610,1869
-664514.860030564,4484754.96071569,7504,A6,106,508,Avda. Bellavista (Eduardo Miura),540,10613,10611,1870
-668948.20766519,4495213.67051977,1025,C2,82,510,Américo Vespucio (Helipuerto),540,8211,8210,1871
-664475.155240241,4484767.24325704,2621,37,37,511,Avda. Bellavista (Venta Antequera),540,3712,3710,1872
-664475.155240241,4484767.24325704,1886,A6,106,511,Avda. Bellavista (Venta Antequera),540,10612,10610,1873
-664475.155240241,4484767.24325704,1886,A6,106,511,Avda. Bellavista (Venta Antequera),540,10614,10611,1874
-664441.97943824,4484387.02498096,18410,03,3,512,Avda. Bellavista (Asensio y Toledo),540,312,310,1875
-664441.97943824,4484387.02498096,8785,37,37,512,Avda. Bellavista (Asensio y Toledo),540,3711,3710,1876
-664441.97943824,4484387.02498096,7635,A6,106,512,Avda. Bellavista (Asensio y Toledo),540,10611,10610,1877
-664441.97943824,4484387.02498096,7804,A6,106,512,Avda. Bellavista (Asensio y Toledo),540,10613,10611,1878
-664441.97943824,4484387.02498096,8305,LS,127,512,Avda. Bellavista (Asensio y Toledo),540,12711,12710,1879
-664446.756758715,4483961.96577298,9126,37,37,513,Avda. Bellavista (Colegio Lora Tamayo),540,3711,3710,1880
-664446.756758715,4483961.96577298,7976,A6,106,513,Avda. Bellavista (Colegio Lora Tamayo),540,10611,10610,1881
-664446.756758715,4483961.96577298,8145,A6,106,513,Avda. Bellavista (Colegio Lora Tamayo),540,10613,10611,1882
-664486.780034102,4483351.64068021,9663,37,37,514,Avda. Bellavista (Nueva Bellavista),540,3711,3710,1883
-664486.780034102,4483351.64068021,8513,A6,106,514,Avda. Bellavista (Nueva Bellavista),540,10611,10610,1884
-664486.780034102,4483351.64068021,8682,A6,106,514,Avda. Bellavista (Nueva Bellavista),540,10613,10611,1885
-664461.088697877,4483241.64710314,1398,37,37,515,Avda. Bellavista (Nueva Bellavista),540,3712,3710,1886
-664461.088697877,4483241.64710314,663,A6,106,515,Avda. Bellavista (Nueva Bellavista),540,10612,10610,1887
-664461.088697877,4483241.64710314,663,A6,106,515,Avda. Bellavista (Nueva Bellavista),540,10614,10611,1888
-664409.759113693,4483955.02400274,1971,37,37,516,Avenida Bellavista (Miguel Ángel),540,3712,3710,1889
-664409.759113693,4483955.02400274,1236,A6,106,516,Avenida Bellavista (Miguel Ángel),540,10612,10610,1890
-664409.759113693,4483955.02400274,1236,A6,106,516,Avenida Bellavista (Miguel Ángel),540,10614,10611,1891
-664473.031987933,4485714.11055275,3422,37,37,517,Avda. Jerez (Uralita),540,3712,3710,1892
-664473.031987933,4485714.11055275,2687,A6,106,517,Avda. Jerez (Uralita),540,10612,10610,1893
-664473.031987933,4485714.11055275,2687,A6,106,517,Avda. Jerez (Uralita),540,10614,10611,1894
-668929.629221413,4495212.60140876,5606,C1,81,519,Américo Vespucio (Helipuerto),540,8112,8110,1895
-664988.981931337,4487265.70461924,5758,34,34,520,María Galiana (Hospital Militar),540,3411,3410,1896
-664988.981931337,4487265.70461924,6218,37,37,520,María Galiana (Hospital Militar),540,3711,3710,1897
-665323.447007587,4488193.56578527,5720,37,37,521,Av. Jerez (Rotonda Pineda),540,3712,3710,1898
-664068.181144995,4492470.15733742,3192,22,22,522,Gran Plaza [M],540,2211,2210,1899
-664068.181144995,4492470.15733742,2270,B4,119,522,Gran Plaza [M],540,11911,11910,1900
-659489.125413987,4495973.30085663,9590,28,28,523,Las O.N.G. (Plaza Bib-Rambla),540,2811,2810,1901
-659489.125413987,4495973.30085663,10093,A8,110,523,Las O.N.G. (Plaza Bib-Rambla),540,11011,11010,1902
-659489.125413987,4495973.30085663,10107,A8,110,523,Las O.N.G. (Plaza Bib-Rambla),540,11013,11011,1903
-659136.771952351,4496193.02121889,4804,B4,119,524,Ciudad de Chiva (Plaza Encina del Rey),540,11912,11910,1904
-659393.579126934,4496311.70420231,10895,28,28,525,Ciudad de Chiva (Marañón Lavín),540,2811,2810,1905
-659393.579126934,4496311.70420231,11398,A8,110,525,Ciudad de Chiva (Marañón Lavín),540,11011,11010,1906
-659393.579126934,4496311.70420231,11412,A8,110,525,Ciudad de Chiva (Marañón Lavín),540,11013,11011,1907
-659393.579126934,4496311.70420231,5029,B4,119,525,Ciudad de Chiva (Marañón Lavín),540,11912,11910,1908
-664045.462362001,4492387.85766465,6915,05,5,526,Gran Plaza [M],540,511,510,1909
-664045.462362001,4492387.85766465,2603,LE,71,526,Gran Plaza [M],540,7111,7110,1910
-664241.597653379,4492452.52164098,3164,32,32,527,Eduardo Dato (Gran Plaza) [M],540,3212,3210,1911
-664241.597653379,4492452.52164098,6990,LE,71,527,Eduardo Dato (Gran Plaza) [M],540,7112,7110,1912
-664369.151945314,4485360.56074308,2395,03,3,528,Avda. Jerez (Jardines de Hércules),540,311,310,1913
-664369.151945314,4485360.56074308,3130,37,37,528,Avda. Jerez (Jardines de Hércules),540,3712,3710,1914
-664369.151945314,4485360.56074308,2395,A6,106,528,Avda. Jerez (Jardines de Hércules),540,10612,10610,1915
-664369.151945314,4485360.56074308,2395,A6,106,528,Avda. Jerez (Jardines de Hércules),540,10614,10611,1916
-664369.151945314,4485360.56074308,1786,LS,127,528,Avda. Jerez (Jardines de Hércules),540,12712,12710,1917
-664439.696943401,4483663.47339704,1002,03,3,529,Avenida Bellavista (Hospital de Valme),540,311,310,1918
-664439.696943401,4483663.47339704,1737,37,37,529,Avenida Bellavista (Hospital de Valme),540,3712,3710,1919
-664439.696943401,4483663.47339704,1002,A6,106,529,Avenida Bellavista (Hospital de Valme),540,10612,10610,1920
-664439.696943401,4483663.47339704,1002,A6,106,529,Avenida Bellavista (Hospital de Valme),540,10614,10611,1921
-664439.696943401,4483663.47339704,393,LS,127,529,Avenida Bellavista (Hospital de Valme),540,12712,12710,1922
-666254.38631674,4492224.32906003,0,30,30,530,Avda. Carlos V (Prado San Sebastián) [C][M],540,3011,3010,1923
-666254.38631674,4492224.32906003,4412,30,30,530,Avda. Carlos V (Prado San Sebastián) [C][M],540,3012,3010,1924
-665281.300479893,4493204.46993854,5149,21,21,531,Luis Montoto (Dr. Felipe Martinez),540,2111,2110,1925
-665281.300479893,4493204.46993854,1751,24,24,531,Luis Montoto (Dr. Felipe Martinez),540,2411,2410,1926
-665281.300479893,4493204.46993854,2405,27,27,531,Luis Montoto (Dr. Felipe Martinez),540,2711,2710,1927
-665281.300479893,4493204.46993854,1795,A3,103,531,Luis Montoto (Dr. Felipe Martinez),540,10311,10310,1928
-665281.300479893,4493204.46993854,2128,A3,103,531,Luis Montoto (Dr. Felipe Martinez),540,10313,10311,1929
-667824.63643375,4492973.58882927,6820,21,21,532,Paseo de Colón (Plaza de Toros),540,2112,2110,1930
-667824.63643375,4492973.58882927,2722,40,40,532,Paseo de Colón (Plaza de Toros),540,4012,4010,1931
-667824.63643375,4492973.58882927,4936,41,41,532,Paseo de Colón (Plaza de Toros),540,4112,4110,1932
-667824.63643375,4492973.58882927,1702,A2,102,532,Paseo de Colón (Plaza de Toros),540,10211,10210,1933
-667824.63643375,4492973.58882927,2075,A2,102,532,Paseo de Colón (Plaza de Toros),540,10213,10211,1934
-667824.63643375,4492973.58882927,1753,C5,121,532,Paseo de Colón (Plaza de Toros),540,12111,12110,1935
-664422.923266868,4494358.95162974,4873,28,28,533,Auxiliar Kansas City (Pol. San Pablo),540,2812,2810,1936
-664422.923266868,4494358.95162974,4873,A8,110,533,Auxiliar Kansas City (Pol. San Pablo),540,11012,11010,1937
-664422.923266868,4494358.95162974,4873,A8,110,533,Auxiliar Kansas City (Pol. San Pablo),540,11014,11011,1938
-664434.813468659,4485025.18005065,8261,37,37,534,Avda. Bellavista (Edif. Vistabella),540,3711,3710,1939
-664434.813468659,4485025.18005065,7111,A6,106,534,Avda. Bellavista (Edif. Vistabella),540,10611,10610,1940
-664434.813468659,4485025.18005065,7280,A6,106,534,Avda. Bellavista (Edif. Vistabella),540,10613,10611,1941
-664474.252851053,4483638.37693884,19035,03,3,535,Avenida Bellavista (Hospital de Valme),540,312,310,1942
-664474.252851053,4483638.37693884,9410,37,37,535,Avenida Bellavista (Hospital de Valme),540,3711,3710,1943
-664474.252851053,4483638.37693884,8260,A6,106,535,Avenida Bellavista (Hospital de Valme),540,10611,10610,1944
-664474.252851053,4483638.37693884,8429,A6,106,535,Avenida Bellavista (Hospital de Valme),540,10613,10611,1945
-664474.252851053,4483638.37693884,8930,LS,127,535,Avenida Bellavista (Hospital de Valme),540,12711,12710,1946
-664474.252851053,4483638.37693884,0,LS,127,535,Avenida Bellavista (Hospital de Valme),540,12712,12710,1947
-667467.240243709,4492574.90329523,6395,21,21,536,Paseo de Las delicias (Almirante Lobo) [M],540,2112,2110,1948
-667467.240243709,4492574.90329523,2297,40,40,536,Paseo de Las delicias (Almirante Lobo) [M],540,4012,4010,1949
-667467.240243709,4492574.90329523,4511,41,41,536,Paseo de Las delicias (Almirante Lobo) [M],540,4112,4110,1950
-667467.240243709,4492574.90329523,12512,EA,100,536,Paseo de Las delicias (Almirante Lobo) [M],540,10012,10010,1951
-663854.475953295,4495512.49110217,1076,15,15,537,Polígono Store,540,1512,1510,1952
-666319.463947093,4497860.58667473,5604,03,3,538,Traviesa (Tren Changai),540,312,310,1953
-657146.436664053,4492841.04826455,14951,B4,119,542,Torremejía,540,11911,11910,1954
-665343.936372875,4499251.4073503,2702,03,3,543,Biología (El Higuerón),540,312,310,1955
-668009.571570596,4493491.4750579,13450,EA,100,544,Marques de Paradas,540,10012,10010,1956
-668300.244605572,4493833.00534637,0,21,21,545,Torneo (Estación Plaza de Armas) [C],540,2111,2110,1957
-668300.244605572,4493833.00534637,8147,21,21,545,Torneo (Estación Plaza de Armas) [C],540,2112,2110,1958
-666125.982723883,4498451.43568761,4148,03,3,546,Cataluña (Gta. Manuel Rivas),540,312,310,1959
-663303.810859708,4489591.12091305,1824,38,38,547,Carretera Su Eminencia (Avenida La Paz),540,3812,3810,1960
-663303.810859708,4489591.12091305,3730,38A,125,547,Carretera Su Eminencia (Avenida La Paz),540,12512,12510,1961
-663330.086088926,4489644.54795823,4634,38,38,548,Carretera Su Eminencia (Avenida La Paz),540,3811,3810,1962
-663330.086088926,4489644.54795823,4634,38A,125,548,Carretera Su Eminencia (Avenida La Paz),540,12511,12510,1963
-664147.537637376,4492467.48525818,7702,22,22,549,Gran Plaza [M],540,2212,2210,1964
-664147.537637376,4492467.48525818,9062,A4,104,549,Gran Plaza [M],540,10412,10410,1965
-664147.537637376,4492467.48525818,9062,A4,104,549,Gran Plaza [M],540,10414,10411,1966
-664147.537637376,4492467.48525818,11939,B4,119,549,Gran Plaza [M],540,11912,11910,1967
-666280.661545958,4492232.34511426,0,31,31,550,Avenida Carlos V (Prado San Sebastián) [C][M],540,3111,3110,1968
-666280.661545958,4492232.34511426,6583,31,31,550,Avenida Carlos V (Prado San Sebastián) [C][M],540,3112,3110,1969
-666354.126020143,4498055.21561543,5420,03,3,551,Alcalá del Río (Marruecos),540,312,310,1970
-666657.644723231,4495080.03258593,1457,C5,121,553,Relator (Plaza Pumarejo),540,12112,12110,1971
-667457.738691023,4492555.66416203,9568,03,3,554,Paseo Colon (Jardines Cristina) [C][M],540,311,310,1972
-667457.738691023,4492555.66416203,1260,A2,102,554,Paseo Colon (Jardines Cristina) [C][M],540,10211,10210,1973
-667457.738691023,4492555.66416203,1633,A2,102,554,Paseo Colon (Jardines Cristina) [C][M],540,10213,10211,1974
-667914.025294676,4493434.82165763,0,40,40,555,Reyes Catolicos,540,4011,4010,1975
-667914.025294676,4493434.82165763,3206,40,40,555,Reyes Catolicos,540,4012,4010,1976
-667999.910786511,4493458.87259595,10496,03,3,556,Marques de Paradas,540,311,310,1977
-667999.910786511,4493458.87259595,2188,A2,102,556,Marques de Paradas,540,10211,10210,1978
-667999.910786511,4493458.87259595,2561,A2,102,556,Marques de Paradas,540,10213,10211,1979
-668950.755567959,4493701.52289414,4208,C1,81,557,Jiménez de Quesada (Torre Sevilla) [C],540,8112,8110,1980
-667132.828244591,4492328.53817211,5903,21,21,558,Palos de La Frontera (Puerta Jerez) [C][M],540,2112,2110,1981
-667132.828244591,4492328.53817211,691,C3,83,558,Palos de La Frontera (Puerta Jerez) [C][M],540,8312,8310,1982
-667889.979472032,4493460.47599473,0,41,41,559,Reyes Catolicos,540,4111,4110,1983
-667889.979472032,4493460.47599473,5448,41,41,559,Reyes Catolicos,540,4112,4110,1984
-664930.48636644,4498647.67977649,1907,03,3,560,Gta. Oceanográfica (Parque Emp. Torneo),540,312,310,1985
-665216.38208094,4488295.06390352,5945,37,37,561,Ali Al-Gomari (Barriada Pineda),540,3712,3710,1986
-667292.974434402,4494592.00128958,8025,13,13,562,Alameda de Hércules (Trajano),540,1312,1310,1987
-667292.974434402,4494592.00128958,2809,14,14,562,Alameda de Hércules (Trajano),540,1412,1410,1988
-667292.974434402,4494592.00128958,7159,A7,107,562,Alameda de Hércules (Trajano),540,10711,10710,1989
-667292.974434402,4494592.00128958,7230,A7,107,562,Alameda de Hércules (Trajano),540,10713,10711,1990
-667439.74414024,4494016.86975809,0,14,14,563,Plaza del Duque,540,1411,1410,1991
-667439.74414024,4494016.86975809,3286,14,14,563,Plaza del Duque,540,1412,1410,1992
-667439.74414024,4494016.86975809,7636,A7,107,563,Plaza del Duque,540,10711,10710,1993
-667439.74414024,4494016.86975809,0,A7,107,563,Plaza del Duque,540,10712,10710,1994
-667439.74414024,4494016.86975809,7707,A7,107,563,Plaza del Duque,540,10713,10711,1995
-667439.74414024,4494016.86975809,0,A7,107,563,Plaza del Duque,540,10714,10711,1996
-660423.090353504,4497652.5943553,8079,C6A,108,564,Ulpiano Blanco (Bda. Aerop. Viejo),540,10811,10810,1997
-666297.116737427,4492254.79008465,0,22,22,565,Prado San Sebastián (Carlos V) [C][M],540,2211,2210,1998
-666297.116737427,4492254.79008465,10022,22,22,565,Prado San Sebastián (Carlos V) [C][M],540,2212,2210,1999
-665734.614519183,4489302.61954509,341,01,1,566,Manuel Siurot (Rafael Salgado),540,112,110,2000
-665734.614519183,4489302.61954509,10985,06,6,566,Manuel Siurot (Rafael Salgado),540,611,610,2001
-665734.614519183,4489302.61954509,6858,37,37,566,Manuel Siurot (Rafael Salgado),540,3712,3710,2002
-663891.420510052,4494289.46535261,8598,02,2,567,Éfeso (Avenida Soleá),540,211,210,2003
-663891.420510052,4494289.46535261,3635,20,20,567,Éfeso (Avenida Soleá),540,2011,2010,2004
-663891.420510052,4494289.46535261,4187,A8,110,567,Éfeso (Avenida Soleá),540,11011,11010,2005
-663891.420510052,4494289.46535261,4201,A8,110,567,Éfeso (Avenida Soleá),540,11013,11011,2006
-663436.991761909,4493776.35010394,9145,02,2,568,Ada (Avenida Montes Sierra),540,211,210,2007
-660583.130377915,4497301.31590635,8055,C6B,109,569,Ulpiano Blanco (Barrio Bajo),540,10912,10910,2008
-663439.96431514,4493837.81571478,5330,02,2,570,Ada (Avenida Montes Sierra),540,212,210,2009
-665963.819447163,4489427.63582527,4030,LS,127,571,"La Palmera, Av.(Marques Luca de Tena)",540,12711,12710,2010
-664149.395481754,4492370.22210637,3590,32,32,572,Gran Plaza [M],540,3211,3210,2011
-664049.071885358,4492440.76451713,2786,05,5,573,Gran Plaza [M],540,512,510,2012
-664049.071885358,4492440.76451713,5499,52,52,573,Gran Plaza [M],540,5212,5210,2013
-665747.991003155,4489298.87976181,7748,01,1,574,Manuel Siurot (Francisco Murillo),540,111,110,2014
-665747.991003155,4489298.87976181,3982,37,37,574,Manuel Siurot (Francisco Murillo),540,3711,3710,2015
-665747.991003155,4489298.87976181,2670,A6,106,574,Manuel Siurot (Francisco Murillo),540,10611,10610,2016
-665747.991003155,4489298.87976181,2839,A6,106,574,Manuel Siurot (Francisco Murillo),540,10613,10611,2017
-666296.798252364,4496131.00721878,812,06,6,575,Doctor Fedriani (Doctor Marañón),540,611,610,2018
-666296.798252364,4496131.00721878,1976,10,10,575,Doctor Fedriani (Doctor Marañón),540,1012,1010,2019
-666296.798252364,4496131.00721878,1976,A2,102,575,Doctor Fedriani (Doctor Marañón),540,10212,10210,2020
-666296.798252364,4496131.00721878,1976,A2,102,575,Doctor Fedriani (Doctor Marañón),540,10214,10211,2021
-666533.593789255,4494058.56037869,0,11,11,576,Plaza Ponce de Léon,540,1111,1110,2022
-666533.593789255,4494058.56037869,4030,11,11,576,Plaza Ponce de Léon,540,1112,1110,2023
-666536.247857422,4494083.1472433,0,24,24,577,Plaza Ponce de León,540,2411,2410,2024
-666536.247857422,4494083.1472433,6768,24,24,577,Plaza Ponce de León,540,2412,2410,2025
-665298.976545614,4497001.90976055,275,11,11,578,Camino Cantalobos,540,1112,1110,2026
-665549.148566477,4496507.37367032,1026,11,11,579,Fray Serafín Madrid,540,1112,1110,2027
-663497.875975912,4494557.79184469,633,20,20,580,Tesalónica (Gitanillo de Triana),540,2012,2010,2028
-663497.875975912,4494557.79184469,2416,B3,87,580,Tesalónica (Gitanillo de Triana),540,8712,8710,2029
-665678.613779922,4496907.27781202,690,11,11,581,Fray Serafín Madrid (Carmen Díaz),540,1112,1110,2030
-663576.117770572,4497852.566323,4220,12,12,582,Cortijo de Las Casillas (Esparteros),540,1211,1210,2031
-663576.117770572,4497852.566323,5441,A1,101,582,Cortijo de Las Casillas (Esparteros),540,10111,10110,2032
-663576.117770572,4497852.566323,5846,A1,101,582,Cortijo de Las Casillas (Esparteros),540,10113,10111,2033
-662139.313963693,4491521.07821142,6680,A4,104,583,Doña Francisquita (Avda. La Calesera),540,10412,10410,2034
-662139.313963693,4491521.07821142,6680,A4,104,583,Doña Francisquita (Avda. La Calesera),540,10414,10411,2035
-664205.555463546,4497054.30521437,3789,15,15,584,Profesor Tierno Galvan,540,1511,1510,2036
-664205.555463546,4497054.30521437,5306,16,16,584,Profesor Tierno Galvan,540,1612,1610,2037
-664194.779970608,4497094.93860807,4628,16,16,585,San Diego (Avda. Pino Montano),540,1611,1610,2038
-662323.240568217,4491443.59524493,6882,A4,104,586,Los Claveles (La Rosaleda).,540,10412,10410,2039
-662323.240568217,4491443.59524493,6882,A4,104,586,Los Claveles (La Rosaleda).,540,10414,10411,2040
-659370.807266807,4495807.57808774,4208,B4,119,587,"Republica de China,av(Birmania)",540,11912,11910,2041
-664612.37031626,4499151.40755577,6596,13,13,588,Termodinamica (Glorieta Miranda),540,1311,1310,2042
-663617.892736069,4494174.54674071,1096,20,20,590,Jerusalén (Junta Municipal de Distrito),540,2012,2010,2043
-663617.892736069,4494174.54674071,945,21,21,590,Jerusalén (Junta Municipal de Distrito),540,2112,2110,2044
-663617.892736069,4494174.54674071,2879,B3,87,590,Jerusalén (Junta Municipal de Distrito),540,8712,8710,2045
-666432.951707796,4492835.70391806,4825,05,5,591,Menéndez Pelayo (Diputación),540,511,510,2046
-666432.951707796,4492835.70391806,611,A4,104,591,Menéndez Pelayo (Diputación),540,10411,10410,2047
-666432.951707796,4492835.70391806,875,A4,104,591,Menéndez Pelayo (Diputación),540,10413,10411,2048
-663678.246134212,4494614.45130273,7291,21,21,592,Doctor Laffón Soto (Tesalónica),540,2111,2110,2049
-662544.217894896,4491563.82768179,7125,A4,104,593,Las Leandras (Los Gavilanes),540,10412,10410,2050
-662544.217894896,4491563.82768179,7125,A4,104,593,Las Leandras (Los Gavilanes),540,10414,10411,2051
-664563.80095451,4489420.15618509,177,A5,105,594,Cayetano González (Sebastián Bandarán),540,10512,10510,2052
-664563.80095451,4489420.15618509,177,A5,105,594,Cayetano González (Sebastián Bandarán),540,10514,10511,2053
-664591.297057979,4489751.93715503,436,A5,105,595,Rda. de La Oliva (Orf. Cayet. Gonzalez),540,10512,10510,2054
-664591.297057979,4489751.93715503,436,A5,105,595,Rda. de La Oliva (Orf. Cayet. Gonzalez),540,10514,10511,2055
-666688.644184658,4486831.98298216,7093,CJ,128,596,Palmas Altas (C. Comercial),540,12811,12810,2056
-665368.831496442,4499261.56780366,17133,03,3,597,Biologia (frente El Higueron),540,311,310,2057
-665368.831496442,4499261.56780366,410,C6A,108,597,Biologia (frente El Higueron),540,10812,10810,2058
-665368.831496442,4499261.56780366,410,C6B,109,597,Biologia (frente El Higueron),540,10912,10910,2059
-663217.819202474,4493251.50190399,6364,22,22,598,Av. Andalucía (Rda. del Tamarguillo),540,2212,2210,2060
-663217.819202474,4493251.50190399,3417,24,24,598,Av. Andalucía (Rda. del Tamarguillo),540,2412,2410,2061
-663217.819202474,4493251.50190399,4946,29,29,598,Av. Andalucía (Rda. del Tamarguillo),540,2912,2910,2062
-663217.819202474,4493251.50190399,3521,A3,103,598,Av. Andalucía (Rda. del Tamarguillo),540,10312,10310,2063
-663217.819202474,4493251.50190399,3521,A3,103,598,Av. Andalucía (Rda. del Tamarguillo),540,10314,10311,2064
-662894.448104225,4492191.19612876,3801,25,25,599,San Juan de La Cruz (Avenida Juan XXIII) [M],540,2511,2510,2065
-663200.780118012,4491982.24728568,3506,25,25,600,San Juan de La Cruz (Plaza Las Moradas),540,2511,2510,2066
-663445.325528608,4491812.31240282,3269,25,25,601,San Juan de La Cruz (Ruperto Chapí),540,2511,2510,2067
-663836.215994581,4491371.99080885,2870,26,26,602,Canal (Parroco Antonio Gomez Villalobos),540,2611,2610,2068
-663836.215994581,4491371.99080885,2870,A5,105,602,Canal (Parroco Antonio Gomez Villalobos),540,10511,10510,2069
-663836.215994581,4491371.99080885,2629,A5,105,602,Canal (Parroco Antonio Gomez Villalobos),540,10513,10511,2070
-660671.510695387,4495962.60899204,6957,B4,119,603,Secoya (Palacio de Congresos),540,11911,11910,2071
-660153.172102878,4496631.40648318,7785,B4,119,605,Ciudad de Chiva (Ciudad de Gandía),540,11911,11910,2072
-658881.76953388,4492457.33136325,2878,39,39,606,Vía Flavia (Avda. Parsi),540,3912,3910,2073
-658881.76953388,4492457.33136325,2878,39,39,606,Vía Flavia (Avda. Parsi),540,3914,3911,2074
-660716.895184242,4492050.11511831,844,52,52,607,San José de Palmete (Correos),540,5212,5210,2075
-666081.978351811,4494149.95966214,466,20,20,608,José Laguillo (Puerta Osario),540,2011,2010,2076
-666081.978351811,4494149.95966214,1810,A8,110,608,José Laguillo (Puerta Osario),540,11011,11010,2077
-666081.978351811,4494149.95966214,1824,A8,110,608,José Laguillo (Puerta Osario),540,11013,11011,2078
-664181.615817433,4489145.549905,385,31,31,609,Luis Ortiz Muñoz (Factoria Cultural),540,3112,3110,2079
-659314.753450413,4495113.70918166,9653,22,22,610,Médicos Sin Fronteras (Dra. Navarro R.),540,2211,2210,2080
-659314.753450413,4495113.70918166,8094,A3,103,610,Médicos Sin Fronteras (Dra. Navarro R.),540,10311,10310,2081
-659314.753450413,4495113.70918166,8427,A3,103,610,Médicos Sin Fronteras (Dra. Navarro R.),540,10313,10311,2082
-668658.649339068,4496569.38989358,11803,02,2,611,Américo Vespucio (F. de Comunicación),540,212,210,2083
-665274.877645837,4490977.10642431,3269,31,31,612,Almirante Topete (Ntra.Sra.Mercedes),540,3112,3110,2084
-665274.877645837,4490977.10642431,2198,A5,105,612,Almirante Topete (Ntra.Sra.Mercedes),540,10512,10510,2085
-665274.877645837,4490977.10642431,2198,A5,105,612,Almirante Topete (Ntra.Sra.Mercedes),540,10514,10511,2086
-661457.378889416,4488967.6473302,7839,38,38,613,Universidad Pablo Olavide (Biblioteca),540,3811,3810,2087
-661457.378889416,4488967.6473302,0,38,38,613,Universidad Pablo Olavide (Biblioteca),540,3812,3810,2088
-661457.378889416,4488967.6473302,1906,38A,125,613,Universidad Pablo Olavide (Biblioteca),540,12512,12510,2089
-664379.874361118,4489362.99047443,5017,31,31,614,José Sebas. Bandarán (Cayetano González),540,3111,3110,2090
-663322.920119345,4492472.82941734,3356,A4,104,615,Navio Argos,540,10411,10410,2091
-663322.920119345,4492472.82941734,3620,A4,104,615,Navio Argos,540,10413,10411,2092
-662557.328959807,4493163.31714501,4763,29,29,616,Avda. Andalucía (Rosaleda),540,2911,2910,2093
-662557.328959807,4493163.31714501,1424,39,39,616,Avda. Andalucía (Rosaleda),540,3911,3910,2094
-665710.356376875,4487360.78391819,717,34,34,617,Avenida Alemania (Suecia),540,3412,3410,2095
-665710.356376875,4487360.78391819,1908,CJ,128,617,Avenida Alemania (Suecia),540,12812,12810,2096
-666447.283646957,4487885.33798748,1844,34,34,618,Avda. Dinamarca (Sadus),540,3412,3410,2097
-669174.705447869,4492969.84773924,835,05,5,619,Ronda de Triana (Manuel Arellano),540,511,510,2098
-669174.705447869,4492969.84773924,5119,06,6,619,Ronda de Triana (Manuel Arellano),540,611,610,2099
-669174.705447869,4492969.84773924,2916,C2,82,619,Ronda de Triana (Manuel Arellano),540,8211,8210,2100
-658983.950974653,4494750.22143928,1290,B4,119,620,Flor de Gitanilla (Flor de Retama),540,11912,11910,2101
-665813.280964305,4487402.98231256,5884,CJ,128,621,"Alemania, Av. (Berlin)",540,12811,12810,2102
-663099.872617491,4492715.45692491,2516,24,24,622,Galaxia,540,2412,2410,2103
-663099.872617491,4492715.45692491,3624,A4,104,622,Galaxia,540,10411,10410,2104
-663099.872617491,4492715.45692491,3888,A4,104,622,Galaxia,540,10413,10411,2105
-656235.774400523,4492631.55205793,5046,53,53,623,Ctra.Mairena (Pol.Indust.Torreblanca),540,5312,5310,2106
-668818.264713018,4491491.15369405,4161,41,41,624,Blas Infante (Rubén Darío) [M],540,4111,4110,2107
-668858.500319201,4491277.40957384,1710,41,41,625,Alfredo Kraus,540,4112,4110,2108
-668816.40686864,4491456.41998162,1909,41,41,626,Blas Infante (Alfredo Kraus) [M],540,4112,4110,2109
-668623.45646129,4491582.53062802,2092,41,41,627,Blas Infante (Santa Fé) [C],540,4112,4110,2110
-659277.755805391,4491730.01789711,6576,39,39,628,Parsi 6 (Parsi2),540,3911,3910,2111
-659277.755805391,4491730.01789711,7706,39,39,628,Parsi 6 (Parsi2),540,3913,3911,2112
-668664.806765194,4491588.94307919,4016,41,41,629,Blas Infante (Jefatura de Policía) [C],540,4111,4110,2113
-667759.505715132,4493607.45515773,0,43,43,630,San Pablo (Zaragoza),540,4311,4310,2114
-667759.505715132,4493607.45515773,3483,43,43,630,San Pablo (Zaragoza),540,4312,4310,2115
-667759.505715132,4493607.45515773,2423,C5,121,630,San Pablo (Zaragoza),540,12111,12110,2116
-668464.478057466,4496777.89538671,333,C1,81,631,Juan Bautista Muñoz (Leonardo Da Vinci),540,8111,8110,2117
-668638.42538171,4496606.27902471,2678,02,2,632,Américo Vespucio (F. de Comunicación),540,211,210,2118
-662528.665081483,4495593.74611323,999,B3,87,633,Carabela La Niña (Conde de Osborne),540,8712,8710,2119
-663066.112933629,4495249.48578729,5538,20,20,634,Avda. Villas de Cuba (Elisa Ruiz Romero),540,2011,2010,2120
-663066.112933629,4495249.48578729,1557,B3,87,634,Avda. Villas de Cuba (Elisa Ruiz Romero),540,8712,8710,2121
-663652.554797987,4494837.88498697,4662,20,20,635,Tesalónica (Plaza Curro Cuchares),540,2011,2010,2122
-664117.015914675,4494664.69673348,4530,28,28,636,Auxiliar Kansas City (Efeso),540,2812,2810,2123
-664117.015914675,4494664.69673348,7384,EA,100,636,Auxiliar Kansas City (Efeso),540,10012,10010,2124
-664117.015914675,4494664.69673348,4530,A8,110,636,Auxiliar Kansas City (Efeso),540,11012,11010,2125
-664117.015914675,4494664.69673348,4530,A8,110,636,Auxiliar Kansas City (Efeso),540,11014,11011,2126
-658997.062050695,4495323.78946611,9954,22,22,637,Médicos Sin Fronteras (Mercado Sv. Este),540,2211,2210,2127
-658997.062050695,4495323.78946611,8395,A3,103,637,Médicos Sin Fronteras (Mercado Sv. Este),540,10311,10310,2128
-658997.062050695,4495323.78946611,8728,A3,103,637,Médicos Sin Fronteras (Mercado Sv. Este),540,10313,10311,2129
-662654.680014104,4494915.39299499,4732,B3,87,638,Alvar Núñez Cab. Vaca (Fray M. de Niza),540,8711,8710,2130
-656273.992908665,4492550.31997473,7913,53,53,639,Ctra.Mairena (Pol.Indust.Torreblanca),540,5311,5310,2131
-662142.711167385,4495495.38486639,362,B3,87,640,Fidelio (Ópera Carmen),540,8712,8710,2132
-663211.237125886,4493723.97100391,4460,27,27,641,Montes Sierra (Avenida La Prensa),540,2711,2710,2133
-663211.237125886,4493723.97100391,3850,A3,103,641,Montes Sierra (Avenida La Prensa),540,10311,10310,2134
-663211.237125886,4493723.97100391,4183,A3,103,641,Montes Sierra (Avenida La Prensa),540,10313,10311,2135
-663211.237125886,4493723.97100391,3968,B4,119,641,Montes Sierra (Avenida La Prensa),540,11911,11910,2136
-662560.938494296,4494168.66721334,5086,27,27,642,Montes Sierra (Santa Clara de Cuba),540,2711,2710,2137
-662560.938494296,4494168.66721334,4476,A3,103,642,Montes Sierra (Santa Clara de Cuba),540,10311,10310,2138
-662560.938494296,4494168.66721334,4809,A3,103,642,Montes Sierra (Santa Clara de Cuba),540,10313,10311,2139
-662560.938494296,4494168.66721334,4594,B4,119,642,Montes Sierra (Santa Clara de Cuba),540,11911,11910,2140
-662547.774329988,4494201.27187861,5124,27,27,643,Montes Sierra (Santa Clara de Cuba),540,2712,2710,2141
-662547.774329988,4494201.27187861,9642,B4,119,643,Montes Sierra (Santa Clara de Cuba),540,11912,11910,2142
-663201.417088138,4493761.91910376,5751,27,27,644,Montes Sierra (Tesalónica),540,2712,2710,2143
-663201.417088138,4493761.91910376,8583,39,39,644,Montes Sierra (Tesalónica),540,3914,3911,2144
-663201.417088138,4493761.91910376,10269,B4,119,644,Montes Sierra (Tesalónica),540,11912,11910,2145
-664389.48206807,4498954.61930127,684,13,13,645,Estrella Canopus(Estrella Haris),540,1312,1310,2146
-664389.48206807,4498954.61930127,1531,A1,101,645,Estrella Canopus(Estrella Haris),540,10112,10110,2147
-664389.48206807,4498954.61930127,1531,A1,101,645,Estrella Canopus(Estrella Haris),540,10114,10111,2148
-664075.347114576,4498731.09798331,1045,13,13,646,Estrella Haris (Agricultores),540,1312,1310,2149
-664075.347114576,4498731.09798331,1892,A1,101,646,Estrella Haris (Agricultores),540,10112,10110,2150
-664075.347114576,4498731.09798331,1892,A1,101,646,Estrella Haris (Agricultores),540,10114,10111,2151
-660523.413949899,4497678.79366647,7656,C6B,109,647,Ulpiano Blanco (Aerop. Viejo),540,10912,10910,2152
-663687.694598632,4498509.18560986,1459,13,13,648,Garrochistas (Salineros),540,1312,1310,2153
-662944.026009429,4494706.92446957,4433,B3,87,649,Alvar Núñez Cabeza de Vaca (Antioquía),540,8711,8710,2154
-656793.286978627,4498296.90273591,16218,EA,100,650,Aeropuerto de Sevilla (Llegadas),540,10011,10010,2155
-656793.286978627,4498296.90273591,0,EA,100,650,Aeropuerto de Sevilla (Llegadas),540,10012,10010,2156
-664193.559096357,4489581.50408021,6830,32,32,651,Padre Sebastián Bandarán (Centro Cívico),540,3211,3210,2157
-664193.559096357,4489581.50408021,7037,A5,105,651,Padre Sebastián Bandarán (Centro Cívico),540,10513,10511,2158
-664363.153761719,4489422.82748954,7021,32,32,652,José Sebas. Bandarán (Cayetano González),540,3211,3210,2159
-664363.153761719,4489422.82748954,7469,A5,105,652,José Sebas. Bandarán (Cayetano González),540,10511,10510,2160
-664363.153761719,4489422.82748954,0,A5,105,652,José Sebas. Bandarán (Cayetano González),540,10512,10510,2161
-664363.153761719,4489422.82748954,7228,A5,105,652,José Sebas. Bandarán (Cayetano González),540,10513,10511,2162
-664363.153761719,4489422.82748954,0,A5,105,652,José Sebas. Bandarán (Cayetano González),540,10514,10511,2163
-664263.254804653,4499301.14021604,377,13,13,653,Estrella deneb (Estrella Vega),540,1312,1310,2164
-665750.963556386,4489485.8704158,991,02,2,654,Marqués Luca de Tena (Hospital V.Rocio),540,212,210,2165
-660132.84196899,4496643.70291379,5676,B4,119,655,Ciudad de Chiva (Ciudad de Alfafar),540,11912,11910,2166
-665983.35334613,4494389.95334484,639,10,10,656,María Auxiliadora (Laborat. Municipal),540,1011,1010,2167
-660549.689179117,4496294.06205383,6251,B4,119,657,Secoya (Parque Alcosa),540,11912,11910,2168
-660696.565061485,4495965.28196067,6536,B4,119,658,Secoya (Palacio de Congresos),540,11912,11910,2169
-665055.864328934,4496508.44291317,3053,11,11,659,Real de La Jara (Ambulatorio Plg. Norte),540,1111,1110,2170
-667099.387045793,4491832.08455825,3855,41,41,660,Paseo de delicias (Pabellón de Uruguay),540,4112,4110,2171
-662764.770571114,4491609.78355853,1369,25,25,661,Puerto del Escudo (Puerto de Zegri),540,2512,2510,2172
-662764.770571114,4491609.78355853,7303,A4,104,661,Puerto del Escudo (Puerto de Zegri),540,10412,10410,2173
-662764.770571114,4491609.78355853,7303,A4,104,661,Puerto del Escudo (Puerto de Zegri),540,10414,10411,2174
-663117.495606079,4492462.14110173,2315,24,24,662,Candelilla (Candelario),540,2412,2410,2175
-662847.577344321,4493065.51310425,2905,24,24,663,Zorzal (Tórtola),540,2412,2410,2176
-662847.577344321,4493065.51310425,4013,A4,104,663,Zorzal (Tórtola),540,10411,10410,2177
-662847.577344321,4493065.51310425,4277,A4,104,663,Zorzal (Tórtola),540,10413,10411,2178
-663138.993514821,4492483.51772982,4481,24,24,664,Candelilla (Celestino Lopez),540,2411,2410,2179
-663434.603101672,4492812.18883981,4434,02,2,665,Rda. Tamarguillo (Alejandro Collantes),540,212,210,2180
-660794.499997643,4495618.87114856,6943,27,27,667,Alcalde Luis Uruñuela (Jardines Edén) [R],540,2711,2710,2181
-660794.499997643,4495618.87114856,6333,A3,103,667,Alcalde Luis Uruñuela (Jardines Edén) [R],540,10311,10310,2182
-660794.499997643,4495618.87114856,6666,A3,103,667,Alcalde Luis Uruñuela (Jardines Edén) [R],540,10313,10311,2183
-660794.499997643,4495618.87114856,6451,B4,119,667,Alcalde Luis Uruñuela (Jardines Edén) [R],540,11911,11910,2184
-660863.771055478,4495645.06538492,3326,27,27,668,Alcalde Luis Uruñuela (Jardines Edén) [R],540,2712,2710,2185
-660863.771055478,4495645.06538492,6855,B4,119,668,Alcalde Luis Uruñuela (Jardines Edén) [R],540,11912,11910,2186
-659962.079528773,4498577.09564057,4396,C6A,108,669,Ctra. de Brenes (San Cayetano),540,10811,10810,2187
-664117.918292731,4495451.55025651,1314,15,15,670,Carretera Carmona (Parque Atlántico),540,1512,1510,2188
-668334.74743609,4496780.56856292,7373,C2,82,671,Juan Bautista Muñoz (Estadio Olimpico),540,8212,8210,2189
-666433.004784929,4494044.12899076,0,16,16,672,Jerónimo de Córdoba (Supermercado),540,1611,1610,2190
-666433.004784929,4494044.12899076,10272,16,16,672,Jerónimo de Córdoba (Supermercado),540,1612,1610,2191
-662977.785704423,4497363.87147102,6070,16,16,673,Ctra. Valdezorras (Centro Miraflores),540,1611,1610,2192
-662977.785704423,4497363.87147102,5013,C6B,109,673,Ctra. Valdezorras (Centro Miraflores),540,10912,10910,2193
-661242.399757463,4498557.84550662,7810,16,16,674,Ctra. Valdezorras (Aerop. Viejo),540,1611,1610,2194
-660753.308936271,4497922.61089303,8418,C6A,108,675,Ulpiano Blanco (Bda. Aerop. Viejo),540,10811,10810,2195
-660172.281351383,4499104.88390742,8776,16,16,676,Vereda Poco Aceite (Venta Vargas),540,1611,1610,2196
-660172.281351383,4499104.88390742,2976,C6A,108,676,Vereda Poco Aceite (Venta Vargas),540,10811,10810,2197
-660172.281351383,4499104.88390742,11800,C6B,109,676,Vereda Poco Aceite (Venta Vargas),540,10912,10910,2198
-659725.602476946,4499329.48271728,9206,16,16,677,Halcón (Mofeta),540,1611,1610,2199
-659725.602476946,4499329.48271728,0,16,16,677,Halcón (Mofeta),540,1612,1610,2200
-659725.602476946,4499329.48271728,3406,C6A,108,677,Halcón (Mofeta),540,10811,10810,2201
-659725.602476946,4499329.48271728,12230,C6B,109,677,Halcón (Mofeta),540,10912,10910,2202
-660205.881803845,4499146.5947521,443,16,16,678,Vereda Poco Aceite (Venta Vargas),540,1612,1610,2203
-660205.881803845,4499146.5947521,3849,C6A,108,678,Vereda Poco Aceite (Venta Vargas),540,10811,10810,2204
-660205.881803845,4499146.5947521,12673,C6B,109,678,Vereda Poco Aceite (Venta Vargas),540,10912,10910,2205
-660941.428957145,4502179.09638399,0,C6A,108,679,Barriada El Gordillo,540,10811,10810,2206
-660941.428957145,4502179.09638399,8764,C6A,108,679,Barriada El Gordillo,540,10812,10810,2207
-660941.428957145,4502179.09638399,0,C6B,109,679,Barriada El Gordillo,540,10911,10910,2208
-660941.428957145,4502179.09638399,15782,C6B,109,679,Barriada El Gordillo,540,10912,10910,2209
-661115.800920718,4500096.3634336,1740,C6A,108,680,Ctra. El Gordillo (Cortijo Cordobés),540,10811,10810,2210
-661115.800920718,4500096.3634336,1740,C6B,109,680,Ctra. El Gordillo (Cortijo Cordobés),540,10911,10910,2211
-661328.391403566,4498562.6580403,1467,16,16,681,Ctra. Valdezorras (Aerop. Viejo),540,1612,1610,2212
-661328.391403566,4498562.6580403,9127,C6A,108,681,Ctra. Valdezorras (Aerop. Viejo),540,10811,10810,2213
-662909.682432575,4497852.566323,3437,16,16,682,Centro Miraflores,540,1612,1610,2214
-662971.787520828,4497384.18874735,3862,16,16,683,Ctra. Valdezorras (Centro Miraflores),540,1612,1610,2215
-662971.787520828,4497384.18874735,10790,C6A,108,683,Ctra. Valdezorras (Centro Miraflores),540,10811,10810,2216
-666042.379726886,4497055.37451292,3128,10,10,684,Doctor Fedriani (Cementerio),540,1011,1010,2217
-666042.379726886,4497055.37451292,6267,A2,102,684,Doctor Fedriani (Cementerio),540,10211,10210,2218
-666042.379726886,4497055.37451292,6640,A2,102,684,Doctor Fedriani (Cementerio),540,10213,10211,2219
-666042.379726886,4497055.37451292,13718,C6A,108,684,Doctor Fedriani (Cementerio),540,10811,10810,2220
-666042.379726886,4497055.37451292,7509,C6B,109,684,Doctor Fedriani (Cementerio),540,10911,10910,2221
-664223.443860064,4497444.60614317,11837,C6A,108,685,Aux. Ronda Norte (Av. Pino Montano),540,10811,10810,2222
-665952.831623429,4489016.26304259,412,02,2,687,Padre G. Tejero (Est. Benito Villamarín),540,212,210,2223
-665952.831623429,4489016.26304259,10613,06,6,687,Padre G. Tejero (Est. Benito Villamarín),540,611,610,2224
-668244.509274241,4493775.28113924,6778,06,6,688,Torneo (Estacion Plaza de Armas) [C],540,612,610,2225
-668244.509274241,4493775.28113924,2576,A2,102,688,Torneo (Estacion Plaza de Armas) [C],540,10211,10210,2226
-668244.509274241,4493775.28113924,2949,A2,102,688,Torneo (Estacion Plaza de Armas) [C],540,10213,10211,2227
-668244.509274241,4493775.28113924,4803,A7,107,688,Torneo (Estacion Plaza de Armas) [C],540,10711,10710,2228
-668244.509274241,4493775.28113924,4874,A7,107,688,Torneo (Estacion Plaza de Armas) [C],540,10713,10711,2229
-663448.351158972,4492819.13647523,9917,02,2,689,Rda. Tamarguillo (Alejandro Collantes),540,211,210,2230
-663469.795990581,4492416.7159097,4118,02,2,690,Rda. Tamarguillo (Federico Mayo Gayarre),540,212,210,2231
-663498.459880037,4492392.66737133,10257,02,2,691,Rda. Tamarguillo (Marqués de Pickman),540,211,210,2232
-663527.12375836,4491857.2005969,3674,02,2,692,Rda. Tamarguillo (Plaza Ruperto Chapí),540,212,210,2233
-663652.554797987,4491696.35213409,10838,02,2,693,Rda. Tamarguillo (Francisco Buendía),540,211,210,2234
-663886.643200709,4491362.37233216,3189,02,2,694,Ronda del Tamarguillo (Cerro del Águila),540,212,210,2235
-664038.29639242,4491215.95894171,11333,02,2,695,Ronda del Tamarguillo (Ramón y Cajal),540,211,210,2236
-664038.29639242,4491215.95894171,5509,A5,105,695,Ronda del Tamarguillo (Ramón y Cajal),540,10511,10510,2237
-664038.29639242,4491215.95894171,5268,A5,105,695,Ronda del Tamarguillo (Ramón y Cajal),540,10513,10511,2238
-664297.492227242,4490911.91719103,2702,02,2,696,Ronda del Tamarguillo (Hytasa),540,212,210,2239
-664379.290468125,4490856.88070072,11726,02,2,697,Rda. Tamarguillo (Av. de La Paz),540,211,210,2240
-664379.290468125,4490856.88070072,5902,A5,105,697,Rda. Tamarguillo (Av. de La Paz),540,10511,10510,2241
-664379.290468125,4490856.88070072,5661,A5,105,697,Rda. Tamarguillo (Av. de La Paz),540,10513,10511,2242
-664378.865817664,4495447.80828371,1522,15,15,698,Ctra. Carmona (Alc. Manuel del Valle),540,1512,1510,2243
-664430.036159316,4495595.88441296,2164,15,15,699,"Alc. Manuel del Valle, Av (Arq. José Granados)",540,1511,1510,2244
-663967.432887006,4495716.16438991,798,15,15,700,Av. Asoc. de Vecinos (Parque Atlántico),540,1512,1510,2245
-664449.782389079,4495812.92394675,2340,15,15,701,Av. Manuel del Valle (C.E. Pino Montano),540,1511,1510,2246
-664449.782389079,4495812.92394675,5392,LN,72,701,Av. Manuel del Valle (C.E. Pino Montano),540,7211,7210,2247
-664032.457451357,4495992.54626558,573,15,15,702,Av. Asoc. de Vecinos (C. Alfonso Grosso),540,1512,1510,2248
-664606.212890134,4496198.36727416,2670,15,15,703,Av. Manuel del Valle (Av. Mujer Trabaj.),540,1511,1510,2249
-663593.156855034,4494158.5116738,3935,20,20,704,Jerusalén (Junta Municipal de Distrito),540,2011,2010,2250
-663593.156855034,4494158.5116738,2987,B3,87,704,Jerusalén (Junta Municipal de Distrito),540,8711,8710,2251
-663593.156855034,4494158.5116738,4487,A8,110,704,Jerusalén (Junta Municipal de Distrito),540,11011,11010,2252
-663593.156855034,4494158.5116738,4501,A8,110,704,Jerusalén (Junta Municipal de Distrito),540,11013,11011,2253
-663410.079562565,4494341.84727293,4136,20,20,705,Jerusalén (Tesalónica),540,2011,2010,2254
-663410.079562565,4494341.84727293,3188,B3,87,705,Jerusalén (Tesalónica),540,8711,8710,2255
-663410.079562565,4494341.84727293,4688,A8,110,705,Jerusalén (Tesalónica),540,11011,11010,2256
-663410.079562565,4494341.84727293,4702,A8,110,705,Jerusalén (Tesalónica),540,11013,11011,2257
-664087.2903935,4496194.62503519,407,15,15,706,Avda. Asociación de Vecinos (Ojiva),540,1512,1510,2258
-665076.778344683,4494745.94518464,1463,20,20,707,Arroyo (Guanahaní),540,2011,2010,2259
-665076.778344683,4494745.94518464,2885,A8,110,707,Arroyo (Guanahaní),540,11011,11010,2260
-665076.778344683,4494745.94518464,2899,A8,110,707,Arroyo (Guanahaní),540,11013,11011,2261
-665068.126104053,4494773.20632376,3408,20,20,708,Arroyo (Vicente Alanís),540,2012,2010,2262
-664715.507223355,4494900.42587598,1778,20,20,709,Tharsis (Andrés Segovia),540,2011,2010,2263
-664715.507223355,4494900.42587598,3200,A8,110,709,Tharsis (Andrés Segovia),540,11011,11010,2264
-664715.507223355,4494900.42587598,3214,A8,110,709,Tharsis (Andrés Segovia),540,11013,11011,2265
-664642.626642163,4494968.84712356,3036,20,20,710,Tharsis (Andrés Segovia),540,2012,2010,2266
-669007.605608143,4494318.32882255,4818,C1,81,711,Inca Garcilaso (Francisco de Montesinos),540,8112,8110,2267
-660381.793126733,4492243.56758646,7823,39,39,712,C. Ilustración (Fundación de Psicopediatría),540,3911,3910,2268
-660381.793126733,4492243.56758646,8953,39,39,712,C. Ilustración (Fundación de Psicopediatría),540,3913,3911,2269
-664476.64151129,4494925.01471161,7888,02,2,713,Alcalde Manuel del Valle (Hespérides),540,211,210,2270
-664476.64151129,4494925.01471161,3982,LN,72,713,Alcalde Manuel del Valle (Hespérides),540,7212,7210,2271
-664476.64151129,4494925.01471161,3477,A8,110,713,Alcalde Manuel del Valle (Hespérides),540,11011,11010,2272
-664476.64151129,4494925.01471161,3491,A8,110,713,Alcalde Manuel del Valle (Hespérides),540,11013,11011,2273
-664477.809297276,4494975.26164232,6575,02,2,714,Alc. M.  del Valle (Baltasar de Alcázar),540,212,210,2274
-664477.809297276,4494975.26164232,4712,LN,72,714,Alc. M.  del Valle (Baltasar de Alcázar),540,7211,7210,2275
-664178.059371209,4494636.90136387,6212,02,2,715,Alcalde Manuel del Valle (Kansas City),540,212,210,2276
-664178.059371209,4494636.90136387,1752,20,20,715,Alcalde Manuel del Valle (Kansas City),540,2012,2010,2277
-659276.534931139,4494423.09322639,8941,22,22,716,Avda. Las Ciencias (Edif. Entreflores),540,2211,2210,2278
-659276.534931139,4494423.09322639,1442,27,27,716,Avda. Las Ciencias (Edif. Entreflores),540,2712,2710,2279
-659276.534931139,4494423.09322639,823,LE,71,716,Avda. Las Ciencias (Edif. Entreflores),540,7112,7110,2280
-659276.534931139,4494423.09322639,878,B4,119,716,Avda. Las Ciencias (Edif. Entreflores),540,11912,11910,2281
-663979.800827523,4494416.14452995,5957,02,2,717,Éfeso (Palacio de deportes),540,212,210,2282
-663979.800827523,4494416.14452995,1497,20,20,717,Éfeso (Palacio de deportes),540,2012,2010,2283
-669048.478184453,4494637.43589005,1084,02,2,718,Américo Vespucio (Monasterio),540,211,210,2284
-669048.478184453,4494637.43589005,5141,C1,81,718,Américo Vespucio (Monasterio),540,8112,8110,2285
-663466.239544358,4494570.08584718,4392,20,20,719,Tesalónica (Gitanillo de Triana),540,2011,2010,2286
-663466.239544358,4494570.08584718,3444,B3,87,719,Tesalónica (Gitanillo de Triana),540,8711,8710,2287
-663466.239544358,4494570.08584718,4944,A8,110,719,Tesalónica (Gitanillo de Triana),540,11011,11010,2288
-663466.239544358,4494570.08584718,4958,A8,110,719,Tesalónica (Gitanillo de Triana),540,11013,11011,2289
-666422.176203726,4494033.97358566,0,15,15,720,Plaza P. Jerónimo de Córdoba,540,1511,1510,2290
-666422.176203726,4494033.97358566,3986,15,15,720,Plaza P. Jerónimo de Córdoba,540,1512,1510,2291
-659534.509902841,4494862.47366215,9346,22,22,721,Av. Las Ciencias (Doctor Madrazo),540,2211,2210,2292
-659534.509902841,4494862.47366215,1847,27,27,721,Av. Las Ciencias (Doctor Madrazo),540,2712,2710,2293
-665244.674397067,4493842.62607139,5739,EA,100,722,José Laguillo (Estación Santa.Justa),540,10011,10010,2294
-657998.603362686,4492827.68740342,533,29,29,723,Aux. Autovía Málaga (Canal Bajo Guadal.),540,2912,2910,2295
-657998.603362686,4492827.68740342,15859,B4,119,723,Aux. Autovía Málaga (Canal Bajo Guadal.),540,11911,11910,2296
-663606.586416139,4494004.57638917,5515,02,2,724,Ada (Jerusalén),540,212,210,2297
-663718.853302591,4494070.31931346,8819,02,2,725,Ada (Tarso),540,211,210,2298
-665009.312054093,4493693.5057187,3393,28,28,726,Avda. Kansas City (Estación Santa Justa) [R],540,2811,2810,2299
-665009.312054093,4493693.5057187,3266,LN,72,726,Avda. Kansas City (Estación Santa Justa) [R],540,7211,7210,2300
-665084.528207257,4493703.12632996,5614,28,28,727,Auxiliar Kansas City (Est. Santa Justa) [R],540,2812,2810,2301
-665084.528207257,4493703.12632996,5347,LN,72,727,Auxiliar Kansas City (Est. Santa Justa) [R],540,7212,7210,2302
-665084.528207257,4493703.12632996,8468,EA,100,727,Auxiliar Kansas City (Est. Santa Justa) [R],540,10012,10010,2303
-665084.528207257,4493703.12632996,5614,A8,110,727,Auxiliar Kansas City (Est. Santa Justa) [R],540,11012,11010,2304
-665084.528207257,4493703.12632996,5614,A8,110,727,Auxiliar Kansas City (Est. Santa Justa) [R],540,11014,11011,2305
-663234.539801873,4493211.95228705,4506,22,22,728,Avda. Andalucía (Rda. Tamarguillo),540,2211,2210,2306
-663234.539801873,4493211.95228705,3422,24,24,728,Avda. Andalucía (Rda. Tamarguillo),540,2411,2410,2307
-663234.539801873,4493211.95228705,4223,29,29,728,Avda. Andalucía (Rda. Tamarguillo),540,2911,2910,2308
-668835.569216542,4495666.98307092,1917,02,2,729,Américo Vespucio (Fundacion Once),540,211,210,2309
-668835.569216542,4495666.98307092,5974,C1,81,729,Américo Vespucio (Fundacion Once),540,8112,8110,2310
-668744.853327098,4496080.7547712,6310,C1,81,730,Américo Vespucio (Jacques Cousteau),540,8112,8110,2311
-659697.310160819,4496440.01164637,8178,B4,119,731,Ciudad de Chiva Av. (Avda. Turia),540,11911,11910,2312
-661935.110324678,4498261.61178113,7197,16,16,732,Ctra. Valdezorras (Rda. Super Norte),540,1611,1610,2313
-661935.110324678,4498261.61178113,6140,C6B,109,732,Ctra. Valdezorras (Rda. Super Norte),540,10912,10910,2314
-661992.438092457,4498266.42417898,2048,16,16,733,Ctra. Valdezorras (Rda. Super Norte),540,1612,1610,2315
-661992.438092457,4498266.42417898,9709,C6A,108,733,Ctra. Valdezorras (Rda. Super Norte),540,10811,10810,2316
-659526.176147274,4494748.08331174,1700,22,22,734,Avda. Las Ciencias (Edif. Estrella Este),540,2212,2210,2317
-659526.176147274,4494748.08331174,8454,27,27,734,Avda. Las Ciencias (Edif. Estrella Este),540,2711,2710,2318
-659526.176147274,4494748.08331174,11227,A3,103,734,Avda. Las Ciencias (Edif. Estrella Este),540,10311,10310,2319
-659526.176147274,4494748.08331174,11560,A3,103,734,Avda. Las Ciencias (Edif. Estrella Este),540,10313,10311,2320
-659333.862698918,4494408.66133755,2010,22,22,735,Avenida de Las Ciencias (Ulises),540,2212,2210,2321
-659333.862698918,4494408.66133755,8764,27,27,735,Avenida de Las Ciencias (Ulises),540,2711,2710,2322
-659333.862698918,4494408.66133755,8545,LE,71,735,Avenida de Las Ciencias (Ulises),540,7111,7110,2323
-659333.862698918,4494408.66133755,11537,A3,103,735,Avenida de Las Ciencias (Ulises),540,10311,10310,2324
-659333.862698918,4494408.66133755,11870,A3,103,735,Avenida de Las Ciencias (Ulises),540,10313,10311,2325
-659333.862698918,4494408.66133755,12046,B4,119,735,Avenida de Las Ciencias (Ulises),540,11911,11910,2326
-659053.222032487,4493812.69494024,2550,22,22,736,Avda. Las Ciencias (Edif. Las Camelias),540,2212,2210,2327
-659053.222032487,4493812.69494024,9304,27,27,736,Avda. Las Ciencias (Edif. Las Camelias),540,2711,2710,2328
-659053.222032487,4493812.69494024,12077,A3,103,736,Avda. Las Ciencias (Edif. Las Camelias),540,10311,10310,2329
-659053.222032487,4493812.69494024,12586,B4,119,736,Avda. Las Ciencias (Edif. Las Camelias),540,11911,11910,2330
-668655.942193767,4496492.93891652,0,C1,81,737,Américo Vespucio (F. de Comunicación),540,8111,8110,2331
-668655.942193767,4496492.93891652,6644,C1,81,737,Américo Vespucio (F. de Comunicación),540,8112,8110,2332
-667851.230148031,4496616.97155884,3440,02,2,738,Juan Bautista Muñoz (Esc. de Ingenieria),540,211,210,2333
-667851.230148031,4496616.97155884,853,C1,81,738,Juan Bautista Muñoz (Esc. de Ingenieria),540,8111,8110,2334
-658908.681733223,4493175.07507757,1431,29,29,739,Andalucía Residencial (Edificio Málaga),540,2912,2910,2335
-658908.681733223,4493175.07507757,4385,39,39,739,Andalucía Residencial (Edificio Málaga),540,3912,3910,2336
-658908.681733223,4493175.07507757,4385,39,39,739,Andalucía Residencial (Edificio Málaga),540,3914,3911,2337
-658908.681733223,4493175.07507757,16757,B4,119,739,Andalucía Residencial (Edificio Málaga),540,11911,11910,2338
-660767.056982439,4497916.7292664,7392,C6B,109,740,Ulpiano Blanco (Bda. Aeropuerto Viejo),540,10912,10910,2339
-667785.51553642,4495727.92516692,4356,02,2,741,Puente La Barqueta,540,211,210,2340
-667785.51553642,4495727.92516692,1769,C1,81,741,Puente La Barqueta,540,8111,8110,2341
-665057.616007913,4487485.77712171,5542,34,34,742,Maria Galiana (Sta.M. de La Cabeza),540,3411,3410,2342
-665057.616007913,4487485.77712171,6002,37,37,742,Maria Galiana (Sta.M. de La Cabeza),540,3711,3710,2343
-659148.715231275,4494079.40575806,2309,22,22,743,Avda. Las Ciencias (Edif. Albéniz),540,2212,2210,2344
-659148.715231275,4494079.40575806,9063,27,27,743,Avda. Las Ciencias (Edif. Albéniz),540,2711,2710,2345
-659148.715231275,4494079.40575806,11836,A3,103,743,Avda. Las Ciencias (Edif. Albéniz),540,10311,10310,2346
-659148.715231275,4494079.40575806,12169,A3,103,743,Avda. Las Ciencias (Edif. Albéniz),540,10313,10311,2347
-659148.715231275,4494079.40575806,12345,B4,119,743,Avda. Las Ciencias (Edif. Albéniz),540,11911,11910,2348
-664388.261193819,4494920.20384519,2079,20,20,744,Hespérides (Alcalde Manuel del Valle),540,2012,2010,2349
-668365.056839127,4494094.90620559,3528,06,6,745,Torneo (San Laureano),540,611,610,2350
-668365.056839127,4494094.90620559,4814,C4,84,745,Torneo (San Laureano),540,8412,8410,2351
-668365.056839127,4494094.90620559,4632,A2,102,745,Torneo (San Laureano),540,10212,10210,2352
-668365.056839127,4494094.90620559,4632,A2,102,745,Torneo (San Laureano),540,10214,10211,2353
-668389.102650638,4493698.31602323,3950,06,6,746,Cristo de La Expiración (Plaza de Armas) [C],540,611,610,2354
-668389.102650638,4493698.31602323,659,43,43,746,Cristo de La Expiración (Plaza de Armas) [C],540,4311,4310,2355
-668320.627816593,4494169.73621807,7104,06,6,747,Torneo (San Laureano),540,612,610,2356
-668320.627816593,4494169.73621807,3744,C3,83,747,Torneo (San Laureano),540,8312,8310,2357
-668320.627816593,4494169.73621807,2902,A2,102,747,Torneo (San Laureano),540,10211,10210,2358
-668320.627816593,4494169.73621807,3275,A2,102,747,Torneo (San Laureano),540,10213,10211,2359
-668320.627816593,4494169.73621807,5129,A7,107,747,Torneo (San Laureano),540,10711,10710,2360
-668320.627816593,4494169.73621807,5200,A7,107,747,Torneo (San Laureano),540,10713,10711,2361
-668320.627816593,4494169.73621807,3316,C5,121,747,Torneo (San Laureano),540,12111,12110,2362
-668257.248776955,4493821.78117597,10923,03,3,748,Torneo (Plaza de Armas) [C],540,311,310,2363
-668257.248776955,4493821.78117597,3457,C3,83,748,Torneo (Plaza de Armas) [C],540,8312,8310,2364
-668257.248776955,4493821.78117597,3029,C5,121,748,Torneo (Plaza de Armas) [C],540,12111,12110,2365
-667420.634891735,4492445.57424802,1337,21,21,749,Paseo Cristóbal Colón (Torre del Oro) [C][M],540,2111,2110,2366
-667420.634891735,4492445.57424802,1724,40,40,749,Paseo Cristóbal Colón (Torre del Oro) [C][M],540,4011,4010,2367
-667420.634891735,4492445.57424802,1696,41,41,749,Paseo Cristóbal Colón (Torre del Oro) [C][M],540,4111,4110,2368
-667420.634891735,4492445.57424802,1285,C4,84,749,Paseo Cristóbal Colón (Torre del Oro) [C][M],540,8411,8410,2369
-667420.634891735,4492445.57424802,1371,EA,100,749,Paseo Cristóbal Colón (Torre del Oro) [C][M],540,10011,10010,2370
-667420.634891735,4492445.57424802,6186,A2,102,749,Paseo Cristóbal Colón (Torre del Oro) [C][M],540,10212,10210,2371
-667420.634891735,4492445.57424802,6186,A2,102,749,Paseo Cristóbal Colón (Torre del Oro) [C][M],540,10214,10211,2372
-665791.305316835,4494027.02514666,5270,32,32,750,José Laguillo (Esperanza Trinidad),540,3212,3210,2373
-665791.305316835,4494027.02514666,3374,C2,82,750,José Laguillo (Esperanza Trinidad),540,8212,8210,2374
-665791.305316835,4494027.02514666,6310,A8,110,750,José Laguillo (Esperanza Trinidad),540,11012,11010,2375
-665791.305316835,4494027.02514666,6310,A8,110,750,José Laguillo (Esperanza Trinidad),540,11014,11011,2376
-665606.157849192,4493914.78185303,1547,32,32,751,José Laguillo (Juan Antonio Cavestany),540,3211,3210,2377
-665606.157849192,4493914.78185303,4605,C1,81,751,José Laguillo (Juan Antonio Cavestany),540,8111,8110,2378
-665606.157849192,4493914.78185303,1619,A7,107,751,José Laguillo (Juan Antonio Cavestany),540,10712,10710,2379
-665606.157849192,4493914.78185303,1619,A7,107,751,José Laguillo (Juan Antonio Cavestany),540,10714,10711,2380
-664836.744846632,4493143.54248393,2834,28,28,752,Luis de Morales (Luis Montoto),540,2811,2810,2381
-664836.744846632,4493143.54248393,4158,32,32,752,Luis de Morales (Luis Montoto),540,3212,3210,2382
-664836.744846632,4493143.54248393,2262,C2,82,752,Luis de Morales (Luis Montoto),540,8212,8210,2383
-666096.151048441,4488906.74443672,14067,03,3,753,Dr. Fleming (Est. Benito Villamarín),540,312,310,2384
-666096.151048441,4488906.74443672,3667,34,34,753,Dr. Fleming (Est. Benito Villamarín),540,3411,3410,2385
-665309.698961419,4493731.98818859,3370,21,21,754,José Laguillo (Estación de Santa Justa) [R],540,2112,2110,2386
-665309.698961419,4493731.98818859,4808,32,32,754,José Laguillo (Estación de Santa Justa) [R],540,3212,3210,2387
-665309.698961419,4493731.98818859,2912,C2,82,754,José Laguillo (Estación de Santa Justa) [R],540,8212,8210,2388
-665309.698961419,4493731.98818859,5848,A8,110,754,José Laguillo (Estación de Santa Justa) [R],540,11012,11010,2389
-665309.698961419,4493731.98818859,5848,A8,110,754,José Laguillo (Estación de Santa Justa) [R],540,11014,11011,2390
-665321.32375528,4493712.21245689,4401,21,21,755,José Laguillo (Estación de Santa Justa) [R],540,2111,2110,2391
-665321.32375528,4493712.21245689,1839,32,32,755,José Laguillo (Estación de Santa Justa) [R],540,3211,3210,2392
-665321.32375528,4493712.21245689,4897,C1,81,755,José Laguillo (Estación de Santa Justa) [R],540,8111,8110,2393
-665321.32375528,4493712.21245689,1911,A7,107,755,José Laguillo (Estación de Santa Justa) [R],540,10712,10710,2394
-665321.32375528,4493712.21245689,1911,A7,107,755,José Laguillo (Estación de Santa Justa) [R],540,10714,10711,2395
-664535.137076187,4488919.56606402,718,31,31,756,Luis Ortiz Muñoz (Ctra. Su Eminencia),540,3112,3110,2396
-664535.137076187,4488919.56606402,7638,32,32,756,Luis Ortiz Muñoz (Ctra. Su Eminencia),540,3211,3210,2397
-664942.907384091,4492735.76520956,6261,LN,72,757,Luis de Morales (Est. Sánchez Pizjuán) [M],540,7212,7210,2398
-664942.907384091,4492735.76520956,5851,C1,81,757,Luis de Morales (Est. Sánchez Pizjuán) [M],540,8111,8110,2399
-664942.907384091,4492735.76520956,9382,EA,100,757,Luis de Morales (Est. Sánchez Pizjuán) [M],540,10012,10010,2400
-664942.907384091,4492735.76520956,2865,A7,107,757,Luis de Morales (Est. Sánchez Pizjuán) [M],540,10712,10710,2401
-664942.907384091,4492735.76520956,2865,A7,107,757,Luis de Morales (Est. Sánchez Pizjuán) [M],540,10714,10711,2402
-664942.907384091,4492735.76520956,621,LS,127,757,Luis de Morales (Est. Sánchez Pizjuán) [M],540,12711,12710,2403
-665612.049867388,4491942.70244685,0,52,52,758,Apeadero San Bernardo [R][C][M],540,5211,5210,2404
-665612.049867388,4491942.70244685,7465,52,52,758,Apeadero San Bernardo [R][C][M],540,5212,5210,2405
-665531.260181091,4492010.57002404,9352,22,22,759,Enramadilla (Apeadero San Bernardo) [R][C][M],540,2212,2210,2406
-665531.260181091,4492010.57002404,7590,28,28,759,Enramadilla (Apeadero San Bernardo) [R][C][M],540,2812,2810,2407
-665531.260181091,4492010.57002404,7934,29,29,759,Enramadilla (Apeadero San Bernardo) [R][C][M],540,2912,2910,2408
-665531.260181091,4492010.57002404,8547,LE,71,759,Enramadilla (Apeadero San Bernardo) [R][C][M],540,7112,7110,2409
-665531.260181091,4492010.57002404,7323,LN,72,759,Enramadilla (Apeadero San Bernardo) [R][C][M],540,7212,7210,2410
-665531.260181091,4492010.57002404,10444,EA,100,759,Enramadilla (Apeadero San Bernardo) [R][C][M],540,10012,10010,2411
-664812.221296394,4488987.94837311,1123,31,31,760,Victoria Dominguez(El Mago de Oz),540,3112,3110,2412
-664812.221296394,4488987.94837311,8043,32,32,760,Victoria Dominguez(El Mago de Oz),540,3211,3210,2413
-666452.060956301,4494295.34493361,2151,C5,121,761,Plaza San Román (Peñuelas),540,12112,12110,2414
-664228.221169407,4498102.80401615,19260,03,3,762,Agricultores (Sembradores),540,311,310,2415
-664228.221169407,4498102.80401615,5364,13,13,762,Agricultores (Sembradores),540,1311,1310,2416
-664228.221169407,4498102.80401615,7875,LN,72,762,Agricultores (Sembradores),540,7211,7210,2417
-663490.550763799,4493269.13894183,6609,22,22,763,Avenida de Andalucía (Los Arcos),540,2212,2210,2418
-663490.550763799,4493269.13894183,3662,24,24,763,Avenida de Andalucía (Los Arcos),540,2412,2410,2419
-663490.550763799,4493269.13894183,6328,27,27,763,Avenida de Andalucía (Los Arcos),540,2712,2710,2420
-663490.550763799,4493269.13894183,5191,29,29,763,Avenida de Andalucía (Los Arcos),540,2912,2910,2421
-663490.550763799,4493269.13894183,3766,A3,103,763,Avenida de Andalucía (Los Arcos),540,10312,10310,2422
-663490.550763799,4493269.13894183,3766,A3,103,763,Avenida de Andalucía (Los Arcos),540,10314,10311,2423
-663490.550763799,4493269.13894183,10846,B4,119,763,Avenida de Andalucía (Los Arcos),540,11912,11910,2424
-664414.16486084,4484996.34207631,2810,37,37,764,Glorieta Presos de Los Merinales,540,3712,3710,2425
-664414.16486084,4484996.34207631,2075,A6,106,764,Glorieta Presos de Los Merinales,540,10612,10610,2426
-664414.16486084,4484996.34207631,2075,A6,106,764,Glorieta Presos de Los Merinales,540,10614,10611,2427
-666320.684821344,4492262.80614811,0,38,38,765,Prado San Sebastián (Carlos V) [C][M],540,3811,3810,2428
-666320.684821344,4492262.80614811,5859,38,38,765,Prado San Sebastián (Carlos V) [C][M],540,3812,3810,2429
-666320.684821344,4492262.80614811,0,A7,107,765,Prado San Sebastián (Carlos V) [C][M],540,10711,10710,2430
-666320.684821344,4492262.80614811,4617,A7,107,765,Prado San Sebastián (Carlos V) [C][M],540,10712,10710,2431
-666320.684821344,4492262.80614811,0,38A,125,765,Prado San Sebastián (Carlos V) [C][M],540,12511,12510,2432
-666320.684821344,4492262.80614811,7765,38A,125,765,Prado San Sebastián (Carlos V) [C][M],540,12512,12510,2433
-667116.532295654,4496018.74143418,8865,06,6,766,Avda. Jiménez Becerril (F. Odontología),540,612,610,2434
-666306.352871051,4498619.87384554,4370,03,3,767,Navarra (Corvina),540,312,310,2435
-666306.352871051,4498619.87384554,4526,10,10,767,Navarra (Corvina),540,1011,1010,2436
-666306.352871051,4498619.87384554,7665,A2,102,767,Navarra (Corvina),540,10211,10210,2437
-666306.352871051,4498619.87384554,8038,A2,102,767,Navarra (Corvina),540,10213,10211,2438
-669103.258049462,4492629.41437565,8216,05,5,768,Ronda de Triana (San Vicente de Paúl),540,512,510,2439
-669103.258049462,4492629.41437565,5297,06,6,768,Ronda de Triana (San Vicente de Paúl),540,612,610,2440
-669103.258049462,4492629.41437565,1523,43,43,768,Ronda de Triana (San Vicente de Paúl),540,4312,4310,2441
-669103.258049462,4492629.41437565,3207,C1,81,768,Ronda de Triana (San Vicente de Paúl),540,8112,8110,2442
-669103.258049462,4492629.41437565,3322,A7,107,768,Ronda de Triana (San Vicente de Paúl),540,10711,10710,2443
-669103.258049462,4492629.41437565,3393,A7,107,768,Ronda de Triana (San Vicente de Paúl),540,10713,10711,2444
-669123.110444624,4492587.19499106,1137,05,5,769,Ronda de Triana (San Vicente de Paúl),540,511,510,2445
-669123.110444624,4492587.19499106,5421,06,6,769,Ronda de Triana (San Vicente de Paúl),540,611,610,2446
-669123.110444624,4492587.19499106,3218,C2,82,769,Ronda de Triana (San Vicente de Paúl),540,8211,8210,2447
-669203.157006528,4492959.15893194,8485,05,5,770,Ronda de Triana (Manuel Arellano),540,512,510,2448
-669203.157006528,4492959.15893194,5566,06,6,770,Ronda de Triana (Manuel Arellano),540,612,610,2449
-669203.157006528,4492959.15893194,3476,C1,81,770,Ronda de Triana (Manuel Arellano),540,8112,8110,2450
-669203.157006528,4492959.15893194,3591,A7,107,770,Ronda de Triana (Manuel Arellano),540,10711,10710,2451
-669203.157006528,4492959.15893194,3662,A7,107,770,Ronda de Triana (Manuel Arellano),540,10713,10711,2452
-669105.434390035,4493388.32334798,498,05,5,771,Ronda Triana (C.D. Álvarez Gordón),540,511,510,2453
-669105.434390035,4493388.32334798,4782,06,6,771,Ronda Triana (C.D. Álvarez Gordón),540,611,610,2454
-669105.434390035,4493388.32334798,1491,43,43,771,Ronda Triana (C.D. Álvarez Gordón),540,4311,4310,2455
-669105.434390035,4493388.32334798,2579,C2,82,771,Ronda Triana (C.D. Álvarez Gordón),540,8211,8210,2456
-669157.772517674,4493279.29360747,8735,05,5,772,Ronda Triana (C.D. Álvarez Gordón),540,512,510,2457
-669157.772517674,4493279.29360747,5816,06,6,772,Ronda Triana (C.D. Álvarez Gordón),540,612,610,2458
-669157.772517674,4493279.29360747,3726,C1,81,772,Ronda Triana (C.D. Álvarez Gordón),540,8112,8110,2459
-669157.772517674,4493279.29360747,3841,A7,107,772,Ronda Triana (C.D. Álvarez Gordón),540,10711,10710,2460
-669157.772517674,4493279.29360747,3912,A7,107,772,Ronda Triana (C.D. Álvarez Gordón),540,10713,10711,2461
-668949.428539442,4493587.6796605,6145,06,6,773,Cristo de La Expiración (Patrocinio),540,612,610,2462
-668949.428539442,4493587.6796605,4170,A7,107,773,Cristo de La Expiración (Patrocinio),540,10711,10710,2463
-668949.428539442,4493587.6796605,4241,A7,107,773,Cristo de La Expiración (Patrocinio),540,10713,10711,2464
-666147.480632625,4498822.53795406,4797,10,10,774,Corvina (Instituto San Jerónimo),540,1011,1010,2465
-666147.480632625,4498822.53795406,7936,A2,102,774,Corvina (Instituto San Jerónimo),540,10211,10210,2466
-666147.480632625,4498822.53795406,8309,A2,102,774,Corvina (Instituto San Jerónimo),540,10213,10211,2467
-667604.561485127,4492721.33563891,1073,21,21,775,Paseo Cristóbal Colón (Dos de Mayo),540,2111,2110,2468
-667604.561485127,4492721.33563891,1460,40,40,775,Paseo Cristóbal Colón (Dos de Mayo),540,4011,4010,2469
-667604.561485127,4492721.33563891,1432,41,41,775,Paseo Cristóbal Colón (Dos de Mayo),540,4111,4110,2470
-667604.561485127,4492721.33563891,1021,C4,84,775,Paseo Cristóbal Colón (Dos de Mayo),540,8411,8410,2471
-667604.561485127,4492721.33563891,5922,A2,102,775,Paseo Cristóbal Colón (Dos de Mayo),540,10212,10210,2472
-667604.561485127,4492721.33563891,5922,A2,102,775,Paseo Cristóbal Colón (Dos de Mayo),540,10214,10211,2473
-665979.690745639,4499076.5420268,5046,10,10,776,Corvina (Colegio Federico García Lorca),540,1011,1010,2474
-665979.690745639,4499076.5420268,8185,A2,102,776,Corvina (Colegio Federico García Lorca),540,10211,10210,2475
-665979.690745639,4499076.5420268,8558,A2,102,776,Corvina (Colegio Federico García Lorca),540,10213,10211,2476
-667805.527174113,4492910.5249603,854,21,21,777,Paseo Cristóbal Colón (Plaza de Toros),540,2111,2110,2477
-667805.527174113,4492910.5249603,1241,40,40,777,Paseo Cristóbal Colón (Plaza de Toros),540,4011,4010,2478
-667805.527174113,4492910.5249603,1213,41,41,777,Paseo Cristóbal Colón (Plaza de Toros),540,4111,4110,2479
-667805.527174113,4492910.5249603,802,C4,84,777,Paseo Cristóbal Colón (Plaza de Toros),540,8411,8410,2480
-667805.527174113,4492910.5249603,5703,A2,102,777,Paseo Cristóbal Colón (Plaza de Toros),540,10212,10210,2481
-667805.527174113,4492910.5249603,5703,A2,102,777,Paseo Cristóbal Colón (Plaza de Toros),540,10214,10211,2482
-666861.795285112,4496428.25005768,13354,03,3,778,Concejal Jiménez Becerril (José Díaz),540,311,310,2483
-666861.795285112,4496428.25005768,9248,06,6,778,Concejal Jiménez Becerril (José Díaz),540,612,610,2484
-668161.702489902,4493272.88013845,9763,03,3,779,Arjona (Puente de Triana),540,312,310,2485
-668161.702489902,4493272.88013845,456,21,21,779,Arjona (Puente de Triana),540,2111,2110,2486
-668161.702489902,4493272.88013845,843,40,40,779,Arjona (Puente de Triana),540,4011,4010,2487
-668161.702489902,4493272.88013845,815,41,41,779,Arjona (Puente de Triana),540,4111,4110,2488
-668161.702489902,4493272.88013845,404,C4,84,779,Arjona (Puente de Triana),540,8411,8410,2489
-668161.702489902,4493272.88013845,5305,A2,102,779,Arjona (Puente de Triana),540,10212,10210,2490
-668161.702489902,4493272.88013845,5305,A2,102,779,Arjona (Puente de Triana),540,10214,10211,2491
-667986.268894609,4494729.90925928,11729,03,3,780,Torneo (San Lorenzo),540,311,310,2492
-667986.268894609,4494729.90925928,7623,06,6,780,Torneo (San Lorenzo),540,612,610,2493
-667986.268894609,4494729.90925928,4263,C3,83,780,Torneo (San Lorenzo),540,8312,8310,2494
-667986.268894609,4494729.90925928,3421,A2,102,780,Torneo (San Lorenzo),540,10211,10210,2495
-667986.268894609,4494729.90925928,3794,A2,102,780,Torneo (San Lorenzo),540,10213,10211,2496
-667986.268894609,4494729.90925928,5648,A7,107,780,Torneo (San Lorenzo),540,10711,10710,2497
-667986.268894609,4494729.90925928,5719,A7,107,780,Torneo (San Lorenzo),540,10713,10711,2498
-668080.488153144,4494738.46175723,8530,03,3,781,Torneo (San Lorenzo),540,312,310,2499
-668080.488153144,4494738.46175723,2968,06,6,781,Torneo (San Lorenzo),540,611,610,2500
-668080.488153144,4494738.46175723,4254,C4,84,781,Torneo (San Lorenzo),540,8412,8410,2501
-668080.488153144,4494738.46175723,4072,A2,102,781,Torneo (San Lorenzo),540,10212,10210,2502
-668080.488153144,4494738.46175723,4072,A2,102,781,Torneo (San Lorenzo),540,10214,10211,2503
-666368.404882171,4496865.57586535,0,06,6,782,Juventudes Musicales (Romanticismo),540,611,610,2504
-666368.404882171,4496865.57586535,9823,06,6,782,Juventudes Musicales (Romanticismo),540,612,610,2505
-661278.229605368,4498503.30365452,6772,C6B,109,783,Ulpiano Blanco (Ctra. Miraflores),540,10912,10910,2506
-666019.714021026,4494140.33864158,1172,32,32,784,José Laguillo (Puerta Osario),540,3211,3210,2507
-666019.714021026,4494140.33864158,4230,C1,81,784,José Laguillo (Puerta Osario),540,8111,8110,2508
-666019.714021026,4494140.33864158,1244,A7,107,784,José Laguillo (Puerta Osario),540,10712,10710,2509
-666019.714021026,4494140.33864158,1244,A7,107,784,José Laguillo (Puerta Osario),540,10714,10711,2510
-666120.356102484,4494190.04731465,3327,01,1,785,María Auxiliadora (Puerta Osario),540,111,110,2511
-666120.356102484,4494190.04731465,1995,C3,83,785,María Auxiliadora (Puerta Osario),540,8311,8310,2512
-666120.356102484,4494190.04731465,7551,A1,101,785,María Auxiliadora (Puerta Osario),540,10112,10110,2513
-666120.356102484,4494190.04731465,7551,A1,101,785,María Auxiliadora (Puerta Osario),540,10114,10111,2514
-665861.478752726,4494710.13164846,3418,10,10,786,Ronda de Capuchinos (La Trinidad),540,1012,1010,2515
-665861.478752726,4494710.13164846,9382,16,16,786,Ronda de Capuchinos (La Trinidad),540,1612,1610,2516
-665861.478752726,4494710.13164846,1524,C3,83,786,Ronda de Capuchinos (La Trinidad),540,8311,8310,2517
-666646.763053763,4496172.70624772,1161,06,6,787,José Díaz (Macarena Tres Huertas),540,611,610,2518
-666646.763053763,4496172.70624772,966,14,14,787,José Díaz (Macarena Tres Huertas),540,1412,1410,2519
-665502.065475776,4496217.07847502,3048,13,13,788,Avenida La Barzola (Constantina),540,1311,1310,2520
-665256.511521725,4496863.97194655,3598,13,13,789,Avenida La Barzola (Camino Cantalobos),540,1311,1310,2521
-664709.50903976,4497566.51132867,3571,13,13,790,Corral de Los Olmos (Corral del Moro),540,1312,1310,2522
-664709.50903976,4497566.51132867,3133,A1,101,790,Corral de Los Olmos (Corral del Moro),540,10112,10110,2523
-664709.50903976,4497566.51132867,3133,A1,101,790,Corral de Los Olmos (Corral del Moro),540,10114,10111,2524
-664709.50903976,4497566.51132867,12246,C6A,108,790,Corral de Los Olmos (Corral del Moro),540,10811,10810,2525
-664709.50903976,4497566.51132867,6037,C6B,109,790,Corral de Los Olmos (Corral del Moro),540,10911,10910,2526
-664732.227822754,4497551.00576929,4626,13,13,791,Corral de Los Olmos (P. Sierra Nevada),540,1311,1310,2527
-664732.227822754,4497551.00576929,2525,C6A,108,791,Corral de Los Olmos (P. Sierra Nevada),540,10812,10810,2528
-664732.227822754,4497551.00576929,2525,C6B,109,791,Corral de Los Olmos (P. Sierra Nevada),540,10912,10910,2529
-664505.305400745,4497588.43302648,3342,13,13,792,Mar de Alborán (Corral de Los Olmos),540,1312,1310,2530
-664505.305400745,4497588.43302648,1184,LN,72,792,Mar de Alborán (Corral de Los Olmos),540,7212,7210,2531
-664505.305400745,4497588.43302648,2904,A1,101,792,Mar de Alborán (Corral de Los Olmos),540,10112,10110,2532
-664505.305400745,4497588.43302648,2904,A1,101,792,Mar de Alborán (Corral de Los Olmos),540,10114,10111,2533
-664505.305400745,4497588.43302648,5808,C6B,109,792,Mar de Alborán (Corral de Los Olmos),540,10911,10910,2534
-664416.341190281,4497652.05967559,4978,13,13,793,Mar de Alborán (Corral de La Caridad),540,1311,1310,2535
-664416.341190281,4497652.05967559,7489,LN,72,793,Mar de Alborán (Corral de La Caridad),540,7211,7210,2536
-664416.341190281,4497652.05967559,2877,C6A,108,793,Mar de Alborán (Corral de La Caridad),540,10812,10810,2537
-651504.428507677,4493269.13894183,504,53,53,794,Ctra. A-3108 (Centro Insercion Social),540,5312,5310,2538
-659200.097903724,4496575.27076534,10582,28,28,795,Escritor A. Grosso (Ildefonso Marañon),540,2811,2810,2539
